ticker,as_of,sector,industry,market_cap,pe,forward_pe,peg,ps,pb,pfcf,roe,roa,roi,gross_margin,oper_margin,net_margin,eps_growth,eps_growth_next_y,eps_growth_5y,eps_growth_past5y,sales_growth,debt_equity,lt_debt_equity,current_ratio,quick_ratio,dividend_yield,insider_own,inst_own,short_float,promoter_holding,pledged_pct
AA,2026-08-15,Basic Materials,Aluminum,13190000000.0,10.25,8.06,0.41,0.95,1.79,37.47,19.1,8.1,13.45,14.2,11.66,9.33,73.83,-5.38,19.58,,7.07,0.3,0.3,1.53,0.92,0.8,,83.94,3.56,,
AAL,2026-08-15,Industrials,Airlines,9820000000.0,,5.78,0.05,0.17,,34.45,,-0.51,-1.18,17.86,1.83,-0.56,-48.54,1284.1,109.51,,25.8,,,0.53,0.42,,1.58,71.23,9.84,,
AAMI,2026-08-15,Financial,Asset Management,3280000000.0,32.64,14.17,,4.72,35.69,13.54,200.4,13.26,29.42,96.56,26.6,14.59,65.38,21.49,,-8.76,3.76,2.8,2.75,1.06,1.06,0.44,0.51,95.78,2.72,,
AAON,2026-08-15,Financial,Insurance Brokers,75480000000.0,19.62,16.68,1.42,4.29,7.86,23.24,44.88,7.290000000000001,16.82,89.58,28.470000000000002,22.27,11.79,11.76,11.74,15.04,9.34,1.65,1.42,1.03,1.03,0.9000000000000001,1.02,92.85,2.34,,
AAP,2026-08-15,Consumer Cyclical,Auto Parts,3410000000.0,78.11,14.1,0.48,0.39,1.53,,3.08,0.61,0.59,44.4,3.2,0.51,29.81,36.68,29.1,-36.7,-3.17,2.36,2.36,1.78,0.85,1.87,1.81,125.11000000000001,18.63,,
AAPL,2026-08-15,Technology,Consumer Electronics,4464800000000.0,35.07,32.13,2.6,9.56,41.57,32.67,148.75,36.08,72.08,48.65,33.17,27.62,18.29,7.9,12.35,17.91,8.71,0.78,0.66,1.0,0.93,0.35,0.13,67.14,0.97,,
AAT,2026-08-15,Real Estate,REIT - Diversified,1400000000.0,81.82,61.54,,3.18,1.25,15.77,1.6399999999999997,0.65,0.67,31.269999999999996,22.77,4.09,-57.61,-5.13,-23.0,14.72,6.88,1.53,1.53,2.46,2.46,6.04,26.009999999999998,80.78,2.47,,
ABBV,2026-08-15,Healthcare,Drug Manufacturers - General,440830000000.0,70.53,15.25,0.7,6.85,,24.21,15221.82,4.6,11.08,71.42,34.18,9.74,40.34,16.56,21.65,-2.81,5.95,,,0.81,0.69,2.75,0.12,76.32,1.28,,
ABCB,2026-08-15,Financial,Banks - Regional,6020000000.0,16.24,12.77,,3.54,1.47,11.54,9.4,1.36,8.87,,33.34,22.11,10.78,5.92,,9.71,7.93,0.34,0.04,0.16,,0.9000000000000001,5.78,100.90999999999998,3.82,,
ABG,2026-08-15,Consumer Cyclical,Auto & Truck Dealerships,3780000000.0,7.88,6.94,1.21,0.21,0.96,7.74,13.23,4.73,7.13,16.61,5.08,2.83,-6.05,14.93,5.76,13.75,20.34,1.41,0.82,0.91,0.29,,0.91,103.99000000000001,5.88,,
ABM,2026-08-15,Industrials,Specialty Business Services,2820000000.0,18.54,11.05,1.14,0.31,1.61,8.44,8.87,2.89,4.34,11.35,4.13,1.7500000000000002,15.62,9.49,9.66,256.47,7.87,1.13,1.09,1.46,1.46,2.4,1.59,101.8,3.37,,
ABNB,2026-08-15,Consumer Cyclical,Travel Services,110210000000.0,41.84,29.71,1.33,8.33,13.92,22.69,34.54,9.65,26.19,72.56,21.21,20.35,30.96,17.38,22.31,,29.5,0.32,0.32,1.41,1.41,,31.39,59.4,3.19,,
ABR,2026-08-15,Real Estate,REIT - Mortgage,949580000.0,79.28,8.74,,0.79,0.45,2.89,2.01,0.4099999999999999,0.48,94.25,70.95,1.36,-74.53,113.76,,-16.98,12.27,3.99,3.35,0.55,0.24,15.909999999999998,4.38,65.47,24.79,,
ABT,2026-08-15,Healthcare,Medical Devices,192510000000.0,35.96,18.35,1.97,4.13,3.77,24.6,10.63,5.59,6.7,52.81,16.44,11.6,7.11,9.93,9.29,8.23,5.08,0.64,0.58,1.38,0.97,2.32,0.68,80.55,1.32,,
ACA,2026-08-15,Industrials,Engineering & Construction,7140000000.0,54.4,29.87,7.32,2.6,2.39,52.85,7.24,3.8599999999999994,2.93,23.04,11.18,4.78,-4.25,13.73,4.08,14.24,8.3,0.51,0.5,3.12,2.31,0.14,1.82,88.69,1.7,,
ACAD,2026-08-15,Healthcare,Biotechnology,4870000000.0,12.72,31.09,,4.27,3.72,33.42,35.74,25.64,27.85,91.13,7.59,33.42,-73.22,47.47,-12.11,,19.39,0.06,0.05,3.39,3.3,,1.29,96.53,6.36,,
ACGL,2026-08-15,Financial,Insurance - Diversified,33680000000.0,7.71,10.1,4.37,1.81,1.45,5.56,19.94,6.800000000000001,17.02,,25.11,25.03,-4.81,4.07,2.31,28.39,18.36,0.18,0.15,0.5,,0.17,2.71,92.92,2.43,,
ACHC,2026-08-15,Healthcare,Medical Care Facilities,2870000000.0,,16.92,7.66,0.85,1.42,,-44.54,-19.0,-25.08,16.26,10.06,-33.44,-23.64,19.31,2.21,,9.65,1.3,1.27,1.57,1.56,,6.419999999999999,146.59,25.02,,
ACI,2026-08-15,Consumer Defensive,Grocery Stores,6030000000.0,166.04,,,0.07,3.76,10.68,2.72,0.25,0.42,24.96,1.96,0.08,-16.44,,-3.41,-24.7,3.6,9.74,8.81,0.84,0.21,4.38,33.03,64.28,14.87,,
ACIW,2026-08-15,Technology,Software - Infrastructure,5400000000.0,24.45,18.24,,2.96,3.61,17.32,15.620000000000001,7.24,9.83,43.7,19.02,12.4,19.68,13.35,,28.58,6.34,0.58,0.53,1.58,1.58,,1.91,104.47,5.79,,
ACLS,2026-08-15,Technology,Semiconductor Equipment & Materials,4330000000.0,47.13,26.6,1.4,5.0,4.06,66.03,8.89,6.849999999999999,8.22,43.01,10.33,10.71,-15.86,28.3,19.03,20.99,12.07,0.07,0.06,4.9,3.21,,1.33,106.07,5.29,,
ACM,2026-08-15,Industrials,Engineering & Construction,8119999999.999999,23.04,10.14,0.88,0.53,3.7,39.92,15.909999999999998,3.07,6.77,5.68,4.65,2.35,-24.35,56.4,11.48,,4.04,1.52,1.43,1.06,1.06,1.36,0.65,91.92,5.58,,
ACMR,2026-08-15,Technology,Semiconductor Equipment & Materials,5600000000.0,38.2,25.13,0.63,5.4,3.01,,10.55,5.52,7.3,43.84,13.29,14.48,33.93,48.4,39.86,35.88,41.91,0.19,0.11,3.65,2.66,0.22999999999999998,16.55,71.81,6.2,,
ACN,2026-08-15,Technology,Information Technology Services,108250000000.0,14.13,12.05,1.77,1.48,3.39,8.6,24.95,11.79,19.76,31.730000000000004,15.47,10.66,7.2,5.9,6.8,9.01,9.47,0.26,0.24,1.34,1.34,3.6699999999999995,0.22999999999999998,82.11,5.4,,
ACT,2026-08-15,Financial,Insurance - Specialty,6870000000.0,10.53,9.93,2.0,5.48,1.28,9.53,12.869999999999997,9.95,11.13,,73.11,54.510000000000005,6.2,4.81,4.97,14.7,2.24,0.14,0.14,1.62,,1.86,80.15,22.27,10.73,,
ADAM,2026-08-15,Real Estate,REIT - Mortgage,909580000.0,6.02,7.87,0.3,1.09,0.98,5.92,14.17,1.72,3.53,85.74,82.71,18.6,35.82,-13.9,26.24,,35.33,7.69,2.89,0.06,0.06,9.96,7.449999999999999,58.09000000000001,3.54,,
ADBE,2026-08-15,Technology,Software - Application,104950000000.0,15.1,9.6,0.66,4.16,9.15,10.21,62.95,24.91,43.42,88.82,36.74,28.689999999999998,16.54,12.73,14.49,9.04,13.06,0.61,0.45,0.75,0.75,,0.21,84.63,4.88,,
ADC,2026-08-15,Real Estate,REIT - Retail,9300000000.0,40.26,37.41,6.47,11.92,1.47,17.52,3.6900000000000004,2.29,2.38,54.25,48.43,27.83,8.05,4.45,5.78,0.32,23.65,0.6,0.45,0.16,0.16,4.27,2.1,115.42000000000002,11.78,,
ADEA,2026-08-15,Technology,Software - Application,3290000000.0,27.57,18.52,5.92,6.99,6.89,17.45,27.88,11.7,14.42,86.76,46.81,26.05,-13.71,13.13,3.13,-10.86,-13.05,0.83,0.78,3.25,3.25,0.67,2.76,102.41,7.13,,
ADI,2026-08-15,Technology,Semiconductors,189670000000.0,57.87,25.81,0.84,14.89,5.62,41.55,9.64,6.950000000000001,8.09,58.62,32.97,26.009999999999998,59.28,21.59,30.6,6.82,14.49,0.26,0.21,1.75,1.34,1.09,0.27,90.26,2.01,,
ADM,2026-08-15,Consumer Defensive,Farm Products,38770000000.0,22.02,13.93,0.77,0.47,1.64,23.12,7.7,3.35,5.7,7.02,2.49,2.15,52.57,10.38,18.05,-6.68,4.52,0.4,0.32,1.39,0.86,2.64,0.7,87.39,3.41,,
ADMA,2026-08-15,Healthcare,Biotechnology,2120000000.0,13.44,10.04,0.45,4.14,5.23,18.21,41.9,27.190000000000005,27.83,64.67,42.26,32.98,21.3,18.41,22.25,,64.6,0.5,0.49,6.97,3.81,,3.63,93.0,10.15,,
ADNT,2026-08-15,Consumer Cyclical,Auto Parts,1570000000.0,34.08,6.82,0.27,0.1,0.91,5.33,2.73,0.54,1.12,6.15,2.58,0.32,5.18,47.17,25.45,10.31,2.78,1.53,1.48,1.1,0.91,1.8399999999999999,2.12,101.54,7.86,,
ADP,2026-08-15,Technology,Software - Application,108440000000.0,24.94,20.39,2.16,4.94,18.0,20.68,72.24,7.57,39.05,50.67,26.41,20.11,10.23,9.22,9.44,12.51,7.9,0.91,0.87,1.05,1.05,2.56,0.22999999999999998,89.68,3.32,,
ADSK,2026-08-15,Technology,Software - Application,53100000000.0,36.77,17.76,1.11,7.06,16.65,19.46,50.4,12.990000000000002,24.97,85.68,22.48,19.46,20.66,12.59,16.02,-0.79,13.69,0.85,0.84,0.83,0.83,,0.37,95.28,4.23,,
ADT,2026-08-15,Industrials,Security & Protection Services,5470000000.0,10.37,7.56,1.21,1.06,1.58,3.39,17.2,3.8699999999999997,5.57,48.75,25.19,11.86,3.92,7.07,6.25,,-0.71,2.24,2.16,0.69,0.52,2.94,9.15,97.72,4.93,,
ADUS,2026-08-15,Healthcare,Medical Care Facilities,2170000000.0,20.36,15.44,1.78,1.47,1.89,14.0,9.71,7.35,8.47,31.230000000000004,10.85,7.13,13.08,6.73,8.65,20.22,13.22,0.09,0.08,1.69,1.69,,2.87,104.34,6.65,,
AEE,2026-08-15,Utilities,Utilities - Regulated Electric,30380000000.0,19.32,18.88,2.39,3.47,2.22,,12.02,3.19,4.77,31.72,24.87,17.86,7.13,7.87,7.9,8.84,8.72,1.59,1.39,0.53,0.37,2.75,0.38,87.42,4.93,,
AEIS,2026-08-15,Industrials,Electrical Equipment & Parts,13230000000.0,61.58,21.74,0.51,6.49,9.07,149.29,16.27,7.6,8.18,38.9,14.62,10.77,75.42,35.09,42.46,1.93,4.9,0.95,0.84,3.79,2.94,0.09,1.06,96.79,4.74,,
AEO,2026-08-15,Consumer Cyclical,Apparel Retail,2710000000.0,10.0,8.31,0.56,0.48,1.65,14.64,17.98,7.15,8.74,34.76,7.57,5.01,17.2,10.66,14.83,,8.09,1.14,0.95,1.55,0.53,2.52,6.98,103.05,11.67,,
AEP,2026-08-15,Utilities,Utilities - Regulated Electric,68379999999.99999,21.77,18.32,2.19,3.01,2.13,,10.14,2.74,3.9,30.870000000000005,23.33,13.819999999999999,6.69,7.66,8.38,8.53,7.88,1.67,1.51,0.5,0.38,3.07,0.32,87.28,5.79,,
AES,2026-08-15,Utilities,Utilities - Diversified,10510000000.0,5.5,6.09,1.66,0.81,2.13,,28.22,3.72,5.21,20.26,18.69,14.679999999999998,-2.18,5.75,3.67,82.82,4.83,4.02,3.58,0.75,0.67,4.82,0.6,87.96,2.9,,
AESI,2026-08-15,Energy,Oil & Gas Equipment & Services,1560000000.0,,,,1.46,1.4,,-9.93,-4.93,-5.65,4.16,-9.39,-11.08,-105.01,96.56,,-3.59,57.85,0.94,0.88,1.82,1.58,2.01,36.23,78.2,29.03,,
AFG,2026-08-15,Financial,Insurance - Property & Casualty,12130000000.0,12.78,11.95,1.65,1.49,2.52,8.48,20.41,3.73,13.91,,14.31,11.69,19.75,-0.62,7.25,4.21,7.53,0.42,0.42,0.5,,4.88,17.39,69.51,2.5,,
AFL,2026-08-15,Financial,Insurance - Life,60890000000.0,13.02,16.04,9.06,3.37,2.01,23.0,16.91,4.05,12.69,,33.36,26.91,-6.23,7.78,1.77,0.43,-4.97,0.29,0.26,1.0,,2.01,10.9,59.47,2.76,,
AGCO,2026-08-15,Industrials,Farm & Heavy Construction Machinery,7100000000.0,14.02,13.77,0.6,0.69,1.74,21.48,12.93,4.41,8.37,24.56,6.59,5.15,7.08,30.13,22.79,11.57,1.96,0.7,0.56,1.32,0.58,1.19,16.58,94.66,5.54,,
AGNT,2026-08-15,Real Estate,Real Estate Services,726960000.0,,76.76,,0.15,2.59,7.83,-6.890000000000001,-3.37,-6.12,6.83,-0.22999999999999998,-0.35,192.86,-56.41,,,21.56,0.02,0.0,1.52,1.52,4.6,40.73,38.19,12.52,,
AGO,2026-08-15,Financial,Insurance - Specialty,3380000000.0,10.28,11.15,,3.65,0.61,10.42,6.27,2.84,4.72,,55.94,37.47,-21.78,-3.03,-2.92,19.7,-1.19,0.34,0.34,5.8,,1.9799999999999998,6.2,92.2,4.6,,
AGX,2026-08-15,Industrials,Engineering & Construction,8109999999.999999,50.8,36.99,1.41,7.78,17.12,16.65,38.52,15.52,34.06,20.72,14.95,15.479999999999999,24.11,29.3,26.23,45.23,19.22,0.02,0.0,1.53,1.51,0.32,3.4099999999999997,113.25,7.69,,
AGYS,2026-08-15,Technology,Software - Application,3220000000.0,75.53,35.61,0.99,9.73,9.5,39.97,13.8,9.54,12.2,60.199999999999996,12.0,12.990000000000002,37.22,30.33,36.11,,18.41,0.05,0.04,1.74,1.67,,7.91,103.67,6.16,,
AHCO,2026-08-15,Healthcare,Medical Devices,792160000.0,,,,0.25,0.57,8.11,-16.12,-5.5,-6.73,15.939999999999998,4.54,-7.049999999999999,-132.73,86.75,-9.87,29.83,25.16,1.5,1.45,1.12,0.98,,36.59,78.7,9.33,,
AHR,2026-08-15,Real Estate,REIT - Healthcare Facilities,11920000000.0,80.55,68.67,2.26,4.76,2.86,60.97,3.9599999999999995,2.37,2.33,9.45,6.819999999999999,4.84,37.79,36.67,30.43,103.46,12.68,0.42,0.41,1.19,1.19,1.8799999999999997,0.8,94.45,10.26,,
AIG,2026-08-15,Financial,Insurance - Diversified,40070000000.0,14.04,8.71,0.86,1.5,0.99,10.41,7.22,2.36,5.97,,16.86,11.13,13.31,9.54,10.11,,-9.35,0.22,0.22,0.91,,2.53,0.29,96.76,1.42,,
AIN,2026-08-15,Consumer Cyclical,Textile Manufacturing,1840000000.0,,20.46,,1.51,2.47,31.5,-6.260000000000001,-2.98,-4.28,21.06,-0.9000000000000001,-4.18,342.37,10.84,,,5.6,0.6,0.6,2.24,1.89,1.71,0.79,106.18,2.58,,
AIR,2026-08-15,Industrials,Aerospace & Defense,5850000000.0,29.84,22.14,1.63,1.77,3.4,98.11,12.879999999999999,5.95,6.95,18.8,8.44,5.67,13.66,14.29,13.62,37.27,14.89,0.59,0.58,2.84,1.24,,2.5,104.14000000000001,3.37,,
AIT,2026-08-15,Industrials,Industrial Distribution,13280000000.0,33.03,27.36,4.83,2.67,7.16,28.84,22.37,13.4,18.08,29.01,11.69,8.35,9.89,9.93,5.66,24.34,8.95,0.26,0.23,2.58,1.75,0.58,0.8699999999999999,97.27,2.03,,
AIZ,2026-08-15,Financial,Insurance - Property & Casualty,13930000000.0,13.4,12.24,1.58,1.04,2.29,8.41,18.34,3.6699999999999995,13.28,,10.71,7.9,9.68,6.36,7.75,20.6,5.96,0.36,0.31,3.28,,1.23,0.78,100.66,2.46,,
AJG,2026-08-15,Financial,Insurance Brokers,64390000000.0,41.56,16.83,1.03,4.09,2.71,28.15,6.72,1.94,4.34,90.43,17.08,9.96,23.98,12.59,16.34,6.47,15.25,0.59,0.53,1.05,1.05,1.11,1.95,91.21,2.48,,
AKAM,2026-08-15,Technology,Software - Infrastructure,17960000000.0,45.09,17.54,3.92,4.16,3.78,28.52,8.92,3.2099999999999995,3.42,53.37,11.92,9.51,-5.71,6.12,4.47,-1.83,5.64,1.97,1.53,1.61,1.61,,2.25,113.60999999999999,14.07,,
AKR,2026-08-15,Real Estate,REIT - Retail,2910000000.0,61.65,64.66,4.81,7.2,1.23,93.24,1.9299999999999997,0.9399999999999998,1.13,31.69,19.41,11.01,109.16,-27.39,13.44,,10.36,0.76,0.69,1.29,1.29,3.8599999999999994,0.53,120.61,12.37,,
ALB,2026-08-15,Basic Materials,Specialty Chemicals,16070000000.0,,13.25,,2.72,2.0,11.97,2.19,1.35,1.84,23.84,14.12,0.97,1586.78,-12.52,,,10.45,0.19,0.18,2.09,1.35,1.19,0.28,98.54,9.51,,
ALG,2026-08-15,Industrials,Farm & Heavy Construction Machinery,2009999999.9999998,19.76,13.56,,1.21,1.66,14.84,8.77,6.16,6.94,23.11,8.91,6.08,19.82,18.21,,11.99,6.63,0.23,0.23,4.39,2.48,0.8199999999999998,4.15,99.05,4.39,,
ALGM,2026-08-15,Technology,Semiconductors,8270000000.0,591.08,29.59,0.52,8.75,8.58,94.19,1.51,1.01,1.13,47.2,6.22,1.5,90.32,45.97,56.91,,8.53,0.32,0.31,3.7,2.33,,32.92,77.61,8.85,,
ALGN,2026-08-15,Healthcare,Medical Instruments & Supplies,12880000000.0,31.45,14.46,1.52,3.11,3.05,20.33,10.16,6.550000000000001,9.58,70.65,18.38,9.99,7.44,11.05,9.51,-24.08,10.3,0.03,0.02,1.4,1.28,,0.76,102.66,5.96,,
ALGT,2026-08-15,Industrials,Airlines,2340000000.0,60.95,7.05,0.12,0.81,1.32,,1.76,0.45999999999999996,0.58,12.710000000000003,8.64,0.86,83.13,74.78,57.99,26.48,21.36,1.6,1.42,0.83,0.8,,10.55,92.12,5.83,,
ALHC,2026-08-15,Healthcare,Healthcare Plans,2900000000.0,74.77,32.32,,0.63,10.91,16.31,20.04,3.5699999999999994,6.83,,1.2,0.89,,139.06,,50.33,32.71,1.25,1.25,1.7,,,5.29,113.79000000000002,11.22,,
ALK,2026-08-15,Industrials,Airlines,5130000000.0,,7.74,0.15,0.35,1.4,,-4.6,-0.8500000000000001,-1.65,10.78,-0.32,-1.19,-146.63,621.81,52.93,,31.9,2.08,1.89,0.55,0.51,,0.8199999999999998,93.23,9.7,,
ALKS,2026-08-15,Healthcare,Drug Manufacturers - Specialty & Generic,8230000000.0,127.43,75.6,,4.94,4.54,37.13,3.85,1.9900000000000002,1.98,82.13,8.62,3.9699999999999998,-133.72,234.61,-6.72,,7.28,0.87,0.85,2.3,1.85,,2.21,103.34,8.78,,
ALL,2026-08-15,Financial,Insurance - Property & Casualty,66099999999.99999,5.22,9.54,,0.94,2.09,5.4,46.11,11.93,32.3,,23.82,18.8,0.0,-21.32,-8.99,17.07,10.06,0.22,0.22,0.43,,1.6500000000000001,0.51,87.83,2.71,,
ALLE,2026-08-15,Industrials,Security & Protection Services,14010000000.0,21.62,16.89,1.74,3.27,6.62,20.57,33.73,12.82,15.34,44.8,20.83,15.36,9.96,9.0,9.71,16.9,8.38,1.05,1.03,1.93,1.23,1.32,0.38,103.29000000000002,5.64,,
ALLY,2026-08-15,Financial,Credit Services,13660000000.0,10.58,7.0,0.3,0.86,1.01,17.23,9.68,0.75,4.93,,11.32,8.41,37.36,22.64,23.33,-3.8,7.13,1.49,0.9,0.98,,2.68,0.8100000000000002,97.12,4.37,,
ALRM,2026-08-15,Technology,Software - Application,2730000000.0,24.56,18.18,2.3,2.57,3.15,14.53,14.19,6.280000000000001,8.28,62.57,13.01,11.11,9.64,6.42,7.89,9.96,10.35,0.66,0.65,4.96,4.38,,5.9,99.7,5.62,,
ALSN,2026-08-15,Consumer Cyclical,Auto Parts,10390000000.0,19.98,11.5,0.56,2.36,5.26,14.62,28.35,7.490000000000001,8.57,35.35,21.4,12.02,11.08,34.43,20.46,22.82,7.66,2.14,2.12,1.81,1.17,0.8699999999999999,0.8199999999999998,104.68000000000002,4.43,,
ALV,2026-08-15,Consumer Cyclical,Auto Parts,8940000000.0,14.38,10.21,0.9,0.81,3.59,11.81,25.929999999999996,7.580000000000001,15.0,19.22,9.97,5.79,2.76,18.11,11.36,34.94,7.75,0.88,0.72,1.03,0.79,2.81,0.36,69.77,5.42,,
AM,2026-08-15,Energy,Oil & Gas Midstream,10700000000.0,27.06,17.35,0.89,8.15,5.5,13.8,19.82,6.61,7.21,62.92,56.10000000000001,30.409999999999997,27.73,18.29,19.56,,5.33,1.86,1.85,0.84,0.84,4.0,30.630000000000003,60.22,3.01,,
AMAT,2026-08-15,Technology,Semiconductor Equipment & Materials,402680000000.0,43.74,27.68,0.78,13.06,16.84,71.61,41.07,23.84,30.02,49.4,31.09,30.049999999999997,35.16,43.94,35.43,17.18,10.52,0.26,0.2,2.42,1.79,0.38,0.5,82.97,1.8,,
AMCR,2026-08-15,Consumer Cyclical,Packaging & Containers,21280000000.0,19.31,,,0.91,1.8,16.54,9.41,2.98,4.17,17.54,8.61,4.71,,,,-4.62,12.82,1.28,1.25,1.25,0.76,5.62,0.26,79.46,5.37,,
AMD,2026-08-15,Technology,Semiconductors,839730000000.0,132.01,32.92,0.44,20.33,12.49,99.93,10.2,8.12,9.11,50.36999999999999,15.71,15.58,83.28,104.46,75.07,5.13,28.82,0.06,0.05,2.61,1.91,,0.48,70.55,2.32,,
AME,2026-08-15,Industrials,Specialty Industrial Machinery,58410000000.0,37.24,27.95,2.78,7.43,5.19,32.39,14.56,9.89,12.58,40.94,26.450000000000003,20.04,11.85,9.67,10.06,11.14,10.27,0.21,0.11,1.21,0.76,0.53,0.42,90.41,1.38,,
AMG,2026-08-15,Financial,Asset Management,9680000000.0,13.07,8.74,0.33,4.25,3.2,8.68,27.29,9.4,14.17,93.99,21.7,37.63,41.85,15.93,26.34,39.32,0.54,0.99,0.99,1.29,1.29,0.01,4.29,95.76,3.16,,
AMGN,2026-08-15,Healthcare,Drug Manufacturers - General,224480000000.0,25.79,17.09,3.21,5.88,19.2,22.06,91.47,9.53,13.76,72.71,33.31,22.89,5.24,5.68,5.32,2.93,7.79,4.9,4.44,1.37,1.13,2.43,0.22999999999999998,80.37,2.46,,
AMH,2026-08-15,Real Estate,REIT - Residential,12260000000.0,26.96,43.63,,6.48,1.8,15.66,6.83,3.5699999999999994,4.0,31.240000000000002,24.78,24.5,-15.43,-21.73,-16.05,33.63,9.55,0.76,0.75,1.0,1.0,3.8599999999999994,8.54,91.01,2.98,,
AMKR,2026-08-15,Technology,Semiconductor Equipment & Materials,14660000000.0,26.47,21.47,0.7,1.97,3.15,,12.560000000000002,6.38,7.81,15.509999999999998,8.92,7.449999999999999,68.29,8.84,30.51,1.52,5.84,0.58,0.53,2.17,1.91,0.59,75.75,49.92,14.81,,
AMN,2026-08-15,Healthcare,Medical Care Facilities,1340000000.0,12.87,36.84,,0.39,1.8,3.04,15.560000000000002,4.59,6.94,23.8,4.68,3.05,141.72,-71.51,-3.77,,2.67,1.05,1.04,1.13,1.13,,0.98,119.04999999999998,8.86,,
AMP,2026-08-15,Financial,Asset Management,50310000000.0,13.74,11.05,0.83,2.54,7.91,6.12,63.43,2.06,31.09,51.56,27.140000000000004,19.91,18.07,11.11,13.31,24.35,9.49,1.03,0.99,8.47,8.47,1.19,0.24,90.77,3.27,,
AMPH,2026-08-15,Healthcare,Drug Manufacturers - Specialty & Generic,889470000.0,12.25,6.86,4.9,1.22,1.16,5.82,10.3,4.68,5.44,45.61,15.659999999999998,10.76,-11.89,6.47,1.4,134.65,15.53,0.9,0.88,2.4,1.71,,26.02,68.47,15.66,,
AMR,2026-08-15,Basic Materials,Coking Coal,2109999999.9999998,,10.04,,1.02,1.41,,-2.96,-1.9900000000000002,-3.06,0.93,-2.17,-2.23,36.26,698.93,,27.94,8.5,0.01,0.01,3.41,2.37,,19.49,89.51,16.42,,
AMRX,2026-08-15,Healthcare,Drug Manufacturers - Specialty & Generic,5800000000.0,37.88,15.35,0.76,1.86,175.5,71.45,,4.37,5.82,39.32,15.299999999999999,5.05,21.11,17.65,20.21,-18.36,8.66,84.55,80.87,2.2,1.44,,48.77,48.91,5.09,,
AMSF,2026-08-15,Financial,Insurance - Specialty,512520000.0,11.12,13.74,,1.53,2.05,26.54,18.23,4.56,18.79,,17.45,14.000000000000002,-9.82,1.9,-6.33,-11.19,-1.35,0.0,0.0,0.64,,5.93,2.07,102.42,4.44,,
AMT,2026-08-15,Real Estate,REIT - Specialty,81810000000.0,24.14,25.04,1.96,7.48,21.99,20.66,91.52,5.35,7.94,54.84,45.16,31.08,28.51,1.02,12.81,7.32,5.77,12.09,10.51,0.35,0.35,4.09,0.19,94.25,1.63,,
AMTM,2026-08-15,Industrials,Specialty Business Services,5250000000.0,25.72,8.01,0.75,0.37,1.12,11.08,4.46,1.77,2.41,7.400000000000001,3.93,1.44,10.38,9.32,10.65,192.57,25.04,0.81,0.8,1.52,1.52,,19.33,68.59,6.28,,
AMZN,2026-08-15,Consumer Cyclical,Internet Retail,2833030000000.0,21.13,24.72,1.0,3.65,5.13,,30.56,15.22,17.46,50.77,12.68,17.44,76.2,-15.91,24.68,27.96,13.18,0.44,0.4,1.03,0.87,,9.01,67.32,1.0,,
AN,2026-08-15,Consumer Cyclical,Auto & Truck Dealerships,6920000000.0,9.7,8.49,0.73,0.25,3.07,,32.77,5.33,8.87,16.92,4.69,2.82,7.77,13.22,11.67,31.69,6.27,5.02,2.87,0.78,0.18,,28.000000000000004,72.47,8.43,,
ANDE,2026-08-15,Consumer Defensive,Food Distribution,2240000000.0,12.72,10.5,,0.2,1.71,39.34,13.22,5.12,9.42,7.01,1.24,1.6200000000000003,95.94,14.76,,64.37,6.42,0.68,0.43,1.51,0.81,1.21,4.21,91.57,2.84,,
ANET,2026-08-15,Technology,Computer Hardware,250760000000.0,62.68,38.05,1.31,23.79,16.95,48.64,31.480000000000004,20.1,27.33,63.0,43.14,38.37,37.81,27.24,29.03,40.7,31.19,0.0,0.0,2.96,2.59,,16.95,72.94,1.22,,
ANF,2026-08-15,Consumer Cyclical,Apparel Retail,4800000000.0,10.38,9.19,0.98,0.91,3.59,11.55,39.04,15.079999999999998,20.83,58.82999999999999,13.209999999999999,9.34,8.54,9.99,9.38,,11.0,0.96,0.77,1.45,0.9,,2.27,110.86,8.29,,
ANIP,2026-08-15,Healthcare,Drug Manufacturers - Specialty & Generic,1760000000.0,16.52,7.27,0.49,1.8,2.94,10.16,19.33,7.049999999999999,8.42,51.629999999999995,13.34,10.18,17.79,13.36,14.81,,33.48,1.02,0.99,2.91,2.4,,12.32,107.87,11.59,,
AORT,2026-08-15,Healthcare,Medical Devices,1420000000.0,,101.36,3.37,3.01,3.18,,-0.73,-0.33,-0.37,61.17,6.63,-0.67,-210.71,223.66,30.11,,11.75,0.92,0.9,2.97,2.01,,5.1,92.26,5.85,,
AOS,2026-08-15,Industrials,Specialty Industrial Machinery,8449999999.999999,17.33,15.24,3.18,2.22,4.61,13.21,27.13,14.52,20.18,38.51,18.09,13.15,-3.01,9.23,4.79,12.66,5.76,0.37,0.35,1.59,1.04,2.32,20.18,92.24,9.78,,
AOSL,2026-08-15,Technology,Semiconductors,920930000.0,,97.68,,1.36,1.17,,-5.22,-4.23,-5.18,22.32,-6.36,-6.23,-67.44,143.75,,,0.66,0.04,0.02,3.44,1.86,,19.35,78.14,13.72,,
APA,2026-08-15,Energy,Oil & Gas E&P,14180000000.0,8.56,10.36,3.65,1.61,2.02,6.75,25.95,9.3,15.58,48.0,41.32,19.04,51.32,-31.52,2.84,,15.0,0.55,0.53,0.95,0.79,2.48,0.49,101.21,8.63,,
APAM,2026-08-15,Financial,Asset Management,3420000000.0,10.48,10.49,131.08,2.59,7.13,7.36,67.84,18.73,37.01,,36.65,20.63,-1.72,4.14,0.08,3.56,6.88,0.75,0.75,2.89,2.89,8.39,2.3,97.45,4.52,,
APD,2026-08-15,Basic Materials,Specialty Chemicals,68800000000.0,,21.4,2.31,5.46,4.96,,-0.32,-0.12,-0.15,32.11,24.29,-0.38,11.57,7.58,9.25,,6.33,1.31,1.24,1.08,0.92,2.34,0.06,93.75,1.76,,
APG,2026-08-15,Industrials,Engineering & Construction,19170000000.0,,22.08,1.45,2.27,5.45,28.36,10.35,3.74,4.98,28.470000000000002,6.41,-3.19,16.42,15.52,15.2,14.03,17.14,1.09,0.98,1.39,1.32,,11.5,88.11,2.83,,
APH,2026-08-15,Technology,Electronic Components,206040000000.0,41.84,26.07,0.88,7.1,13.3,43.71,38.08,14.6,15.74,38.95,28.13,17.73,57.59,21.79,29.56,27.85,21.85,1.21,1.11,1.89,1.41,0.59,0.5,96.33,1.26,,
APLE,2026-08-15,Real Estate,REIT - Hotel & Motel,3790000000.0,21.68,22.1,5.12,2.63,1.21,13.07,5.53,3.58,3.87,20.52,17.81,12.17,-3.67,1.99,4.32,,18.6,0.51,0.44,0.39,0.39,6.0,7.41,86.88,8.06,,
APO,2026-08-15,Financial,Asset Management,83120000000.0,53.24,13.12,0.94,2.31,4.13,8.28,8.63,0.38,5.01,60.370000000000005,21.34,4.57,4.61,22.39,13.96,65.65,68.23,0.65,0.65,0.11,0.11,1.58,28.49,65.44,5.55,,
APOG,2026-08-15,Industrials,Building Products & Equipment,888570000.0,13.4,,,0.63,1.75,7.21,13.76,6.05,8.71,23.84,9.02,4.88,-15.85,,,33.79,2.68,0.56,0.53,1.76,1.34,2.51,3.12,94.48,3.23,,
APP,2026-08-15,Communication Services,Advertising Agencies,105560000000.0,24.25,15.21,0.37,15.46,33.44,23.32,203.68,61.99,66.03,87.65,77.74,64.57,62.79,30.64,40.62,,30.45,1.11,1.11,4.3,4.3,,20.24,67.01,4.46,,
APPF,2026-08-15,Technology,Software - Application,7230000000.0,46.55,24.25,0.95,6.95,13.75,26.79,32.09,25.91,28.29,61.56,17.52,15.130000000000003,30.36,22.11,25.6,-2.64,25.12,0.07,0.06,3.69,3.69,,35.75,62.8,11.08,,
APTV,2026-08-15,Consumer Cyclical,Auto Parts,10290000000.0,29.3,7.59,1.93,0.5,1.14,9.43,4.01,1.51,1.93,17.11,9.49,1.77,-13.22,13.57,3.93,-35.19,9.32,1.07,1.04,2.11,1.57,,1.41,102.32999999999998,5.41,,
AR,2026-08-15,Energy,Oil & Gas E&P,11490000000.0,10.73,8.68,0.18,1.94,1.39,,13.87,7.739999999999999,8.87,25.75,21.8,18.32,143.9,2.9,47.72,,15.05,0.55,0.47,0.4,0.4,,4.58,87.5,4.5,,
ARCB,2026-08-15,Industrials,Trucking,3190000000.0,205.32,15.06,0.32,0.76,2.52,18.61,1.27,0.66,1.02,7.16,3.07,0.39,83.51,39.71,47.39,-0.53,6.4,0.36,0.26,0.97,0.97,0.35,1.8799999999999997,100.70000000000002,5.69,,
ARE,2026-08-15,Real Estate,REIT - Office,8390000000.000001,,,,2.95,0.53,6.56,-6.3,-2.86,-3.62,23.41,27.279999999999998,-36.32,123.93,-121.62,69.69,,9.93,0.85,0.83,1.57,1.57,5.98,2.18,95.1,4.04,,
ARES,2026-08-15,Financial,Asset Management,47570000000.0,65.67,19.78,0.91,6.79,13.06,,14.13,2.07,3.13,78.9,30.39,6.959999999999999,23.21,24.12,21.77,15.13,30.19,3.75,3.74,0.53,0.53,3.7599999999999993,8.22,94.07,6.58,,
ARLO,2026-08-15,Industrials,Building Products & Equipment,1540000000.0,51.75,13.98,0.79,2.63,9.72,23.06,22.07,8.8,18.6,45.97,3.17,5.2,35.22,8.33,17.65,,8.18,0.05,0.04,1.4,1.15,,2.93,105.61,11.21,,
ARMK,2026-08-15,Industrials,Specialty Business Services,16450000000.0,43.51,22.36,1.03,0.83,4.84,38.0,11.82,2.81,3.92,5.9,4.39,1.9299999999999997,23.51,22.8,21.62,,7.6,1.91,1.88,1.28,1.14,0.77,0.8500000000000001,98.35,3.58,,
AROC,2026-08-15,Energy,Oil & Gas Equipment & Services,6080000000.0,18.63,16.92,1.86,4.04,3.92,20.88,21.95,7.32,8.31,48.91,38.33,21.59,-6.01,19.19,9.08,,11.23,1.52,1.52,1.39,0.94,2.64,2.72,100.59,4.43,,
ARR,2026-08-15,Real Estate,REIT - Mortgage,2370000000.0,4.49,5.71,,2.35,0.89,7.42,20.33,2.21,16.71,95.53,114.36999999999999,41.46,-4.4,0.28,-1.83,,,7.54,0.0,1.12,1.12,17.2,0.24,54.55,9.08,,
ARW,2026-08-15,Technology,Electronics & Computer Distribution,10890000000.0,13.67,8.72,0.25,0.3,1.56,13.2,12.17,2.59,8.96,10.92,3.7599999999999993,2.26,97.88,12.53,35.14,8.02,1.48,0.31,0.29,1.22,1.01,,0.59,99.41,2.63,,
ARWR,2026-08-15,Healthcare,Biotechnology,12240000000.0,,,,18.28,26.27,,-64.78,-18.32,-17.81,96.15,-33.82,-47.79,-35033.33,-34.23,,57.1,56.63,2.96,2.86,5.9,5.9,,5.95,82.49,7.27,,
ASB,2026-08-15,Financial,Banks - Regional,6110000000.0,11.3,9.71,1.2,2.38,1.12,10.49,9.66,1.05,7.78,,24.31,19.17,5.29,12.57,8.09,8.22,15.79,1.02,0.15,0.05,,2.99,14.610000000000001,81.52,3.06,,
ASH,2026-08-15,Basic Materials,Specialty Chemicals,3380000000.0,65.21,17.09,1.28,1.83,1.81,13.61,3.9900000000000007,1.63,1.56,26.590000000000003,8.57,2.82,4.89,21.68,13.39,-15.51,-1.98,0.79,0.78,3.05,1.89,1.82,7.6499999999999995,114.71000000000001,10.59,,
ASO,2026-08-15,Consumer Cyclical,Specialty Retail,2980000000.0,8.44,6.88,0.8,0.48,1.44,12.55,18.85,7.180000000000001,9.79,34.6,8.42,6.24,11.98,7.79,8.61,10.32,1.25,0.92,0.85,1.68,0.36,0.91,1.54,117.23000000000002,12.79,,
ASTE,2026-08-15,Industrials,Farm & Heavy Construction Machinery,996540000.0,51.49,11.1,0.97,0.64,1.44,30.48,2.87,1.58,1.86,25.96,5.38,1.26,-0.08,17.13,11.49,-3.91,6.6,0.57,0.53,2.51,1.09,1.2,1.52,96.36,2.38,,
ASTH,2026-08-15,Healthcare,Medical Care Facilities,2020000000.0,49.8,21.22,0.27,0.53,2.42,21.45,5.08,2.18,2.32,8.82,2.61,1.05,195.91,41.26,77.5,-14.74,35.87,1.18,1.1,1.23,1.23,,20.86,65.66,7.2,,
ATEN,2026-08-15,Technology,Software - Infrastructure,1990000000.0,46.84,23.03,1.53,6.41,8.34,32.65,19.45,6.68,17.99,78.51,16.56,13.849999999999998,15.76,14.21,15.03,20.8,5.2,0.95,0.0,1.27,1.18,0.88,4.57,107.59,10.99,,
ATI,2026-08-15,Industrials,Metal Fabrication,31110000000.0,66.8,37.64,1.22,6.6,16.58,59.11,26.289999999999996,8.84,12.91,23.52,16.01,10.09,51.89,23.35,30.8,,9.0,1.17,0.96,2.33,1.14,,1.01,94.88,2.73,,
ATMU,2026-08-15,Consumer Cyclical,Auto Parts,4160000000.0,19.51,15.56,1.61,2.19,9.15,21.86,55.78999999999999,13.43,14.49,28.65,16.85,11.32,8.42,10.75,9.66,7.88,7.44,2.32,2.26,2.65,1.83,0.43,0.88,111.07000000000001,3.59,,
ATO,2026-08-15,Utilities,Utilities - Regulated Gas,28710000000.0,20.23,18.8,1.97,5.83,1.88,,9.79,4.73,5.59,46.41,36.97,28.49,13.35,6.91,9.55,8.82,10.76,0.68,0.64,0.81,0.73,2.35,0.45999999999999996,96.54,2.02,,
ATR,2026-08-15,Healthcare,Medical Instruments & Supplies,8400000000.0,23.87,20.91,2.8,2.14,3.2,27.06,13.61,7.249999999999999,9.56,28.26,12.37,9.22,-3.88,14.5,7.47,12.87,5.22,0.54,0.44,1.61,1.1,1.48,1.38,97.07,2.93,,
AUB,2026-08-15,Financial,Banks - Regional,6120000000.0,12.83,10.63,0.83,2.76,1.18,,9.76,1.29,8.06,,31.55,21.44,9.48,7.1,12.82,0.94,21.54,0.39,0.17,0.07,,3.47,1.0,88.09,5.29,,
AVA,2026-08-15,Utilities,Utilities - Diversified,3280000000.0,14.15,14.0,1.9,1.71,1.16,,8.31,2.73,3.82,24.96,18.76,11.83,9.37,7.46,7.35,4.6,8.24,1.19,1.11,1.1,0.69,5.07,1.0,88.19,5.29,,
AVAV,2026-08-15,Industrials,Aerospace & Defense,9760000000.0,,43.19,2.11,4.94,2.22,,-10.03,-7.46,-5.08,18.93,-1.12,-13.41,-2.0,37.62,20.46,,38.0,0.19,0.19,4.3,3.59,,25.08,59.709999999999994,11.41,,
AVB,2026-08-15,Real Estate,REIT - Residential,26280000000.0,25.29,35.57,,8.52,2.17,19.09,8.56,4.65,5.13,32.57,29.549999999999997,33.25,-20.28,-12.28,-9.56,4.7,6.16,0.76,0.66,0.17,0.17,3.8699999999999997,0.44,94.56,2.64,,
AVGO,2026-08-15,Technology,Semiconductors,1869680000000.0,65.42,20.07,0.35,24.78,21.32,57.07,37.28,17.06,19.5,65.66,44.14,38.85,69.94,68.97,56.9,49.76,21.74,0.74,0.71,2.24,2.01,0.67,1.92,78.94,1.31,,
AVNT,2026-08-15,Basic Materials,Specialty Chemicals,4250000000.0,25.07,13.12,1.14,1.28,1.74,22.74,7.090000000000001,2.8,3.94,32.15,10.79,5.1,13.4,10.46,11.53,-9.29,0.11,0.77,0.77,1.9,1.35,2.4,1.13,102.99000000000001,4.49,,
AVT,2026-08-15,Technology,Electronics & Computer Distribution,7850000000.0,23.99,7.39,0.21,0.28,1.56,,6.67,2.42,4.34,10.43,3.11,1.21,104.8,11.61,35.06,15.77,7.18,0.69,0.53,1.78,0.97,1.46,1.01,106.81,9.54,,
AVTR,2026-08-15,Healthcare,Medical Instruments & Supplies,9240000000.0,,15.46,7.29,1.41,1.64,20.32,-9.7,-4.74,-6.22,30.67,8.2,-8.81,-9.79,8.81,2.12,,0.49,0.66,0.65,1.78,1.18,,3.06,105.3,8.11,,
AVY,2026-08-15,Consumer Cyclical,Packaging & Containers,13560000000.0,19.58,16.0,1.67,1.47,5.85,12.76,31.16,7.93,12.82,28.98,13.320000000000002,7.62,6.74,9.96,9.58,5.86,4.9,1.58,1.37,1.13,0.79,2.22,0.68,98.23,3.49,,
AWI,2026-08-15,Industrials,Building Products & Equipment,7700000000.0,24.96,19.1,1.57,4.54,8.72,31.21,36.62,16.3,21.97,40.3,19.31,18.6,13.86,13.05,12.2,,11.59,0.66,0.62,1.52,1.06,0.77,1.56,103.77000000000001,4.49,,
AWK,2026-08-15,Utilities,Utilities - Regulated Water,27070000000.0,23.58,20.68,2.64,5.12,2.32,,10.1,3.2099999999999995,4.38,43.79,37.11,21.35,6.88,8.29,7.84,7.9,6.36,1.38,1.21,0.52,0.49,2.59,0.24,103.03,6.09,,
AWR,2026-08-15,Utilities,Utilities - Regulated Water,3530000000.0,24.35,23.4,3.54,5.06,3.14,169.95,13.62,5.3,7.26,50.92,31.85,20.45,8.38,4.11,6.61,7.62,6.15,0.82,0.75,0.98,0.9,2.35,1.04,83.43,2.45,,
AX,2026-08-15,Financial,Banks - Regional,5810000000.0,12.05,9.46,,2.65,1.83,22.1,16.77,1.79,13.39,,29.520000000000003,22.39,13.9,11.82,,18.95,24.64,0.22,0.16,0.91,,,4.49,86.8,5.73,,
AXON,2026-08-15,Industrials,Aerospace & Defense,49780000000.0,253.8,57.65,2.15,15.47,13.55,373.79,6.22,2.91,3.62,59.41,1.15,6.19,12.61,37.8,26.81,,32.48,0.5,0.5,2.15,1.8,,5.91,85.42,4.66,,
AXP,2026-08-15,Financial,Credit Services,231280000000.0,20.78,17.02,1.19,2.75,6.74,15.22,34.15,3.7699999999999996,12.45,59.74,20.94,13.449999999999998,14.71,14.04,14.29,32.49,16.08,1.72,1.66,2.59,2.59,1.11,0.13,87.05,1.8,,
AXTA,2026-08-15,Basic Materials,Specialty Chemicals,7990000000.0,22.99,13.04,1.78,1.55,3.17,16.16,14.580000000000002,4.51,6.88,32.16,14.12,6.78,6.47,7.89,7.31,27.59,6.48,1.22,1.01,1.53,1.12,,0.48,109.06,4.91,,
AYI,2026-08-15,Industrials,Electrical Equipment & Parts,10730000000.0,23.78,16.47,1.65,2.33,3.78,16.78,17.38,10.18,13.02,47.11,14.67,10.25,9.99,9.88,9.96,14.86,5.49,0.28,0.27,2.05,1.47,0.2,0.45999999999999996,102.41,4.57,,
AZO,2026-08-15,Consumer Cyclical,Auto Parts,49380000000.0,20.8,17.26,1.62,2.47,,30.24,,12.54,26.06,51.74999999999999,18.02,12.4,4.3,16.01,10.67,15.03,8.44,,,0.89,0.14,,0.34,97.44,2.66,,
AZTA,2026-08-15,Healthcare,Medical Instruments & Supplies,1460000000.0,,56.58,3.98,2.38,0.97,148.01,-7.04,-5.75,-7.86,44.05,-2.57,-20.02,-25.49,55.26,14.22,,8.85,0.04,0.04,2.5,2.21,,1.05,114.75,12.32,,
AZZ,2026-08-15,Industrials,Specialty Business Services,4550000000.0,23.05,,,2.71,3.3,26.88,15.32,8.99,10.39,24.04,16.23,11.83,14.22,,10.59,47.17,14.49,0.39,0.39,1.92,1.39,0.61,1.7500000000000002,94.66,3.14,,
BA,2026-08-15,Industrials,Aerospace & Defense,183110000000.0,105.51,57.47,0.64,1.95,30.02,,173.55,1.52,5.13,4.71,-5.38,2.22,-183.16,507.38,89.46,,8.99,7.52,6.78,1.14,0.33,0.02,0.12,76.19,1.96,,
BAC,2026-08-15,Financial,Banks - Diversified,450960000000.0,14.84,12.26,0.79,2.31,1.64,5.49,11.25,0.97,5.34,,21.32,16.53,21.91,13.27,15.6,15.28,15.4,2.47,1.1,1.03,,1.8500000000000003,0.3,78.31,1.44,,
BAH,2026-08-15,Industrials,Consulting Services,9320000000.0,12.16,11.52,2.63,0.84,7.75,8.35,68.11,10.45,14.53,20.91,9.74,6.959999999999999,-1.55,4.91,4.38,9.61,7.37,3.46,3.42,1.59,1.59,3.11,1.3,95.89,7.03,,
BALL,2026-08-15,Consumer Cyclical,Packaging & Containers,16360000000.0,17.58,13.68,1.13,1.13,2.85,19.79,17.26,4.88,7.54,15.160000000000002,11.48,6.550000000000001,12.68,12.37,12.13,13.53,2.31,1.32,1.18,1.07,0.66,1.3,0.28,98.43,2.51,,
BANC,2026-08-15,Financial,Banks - Regional,3130000000.0,,9.31,0.31,2.02,1.07,8.18,-0.66,-0.06,-0.49,,-3.06,-4.02,-124.6,836.46,30.04,,42.45,0.89,0.35,0.11,,2.27,3.3300000000000005,96.74,4.55,,
BANF,2026-08-15,Financial,Banks - Regional,3890000000.0,15.61,14.74,,4.05,1.99,16.08,13.669999999999998,1.73,12.32,,33.28,26.229999999999997,8.25,2.04,,18.85,15.06,0.05,0.04,0.47,,1.72,36.68,50.72,4.16,,
BANR,2026-08-15,Financial,Banks - Regional,2520000000.0,12.21,11.17,,2.84,1.26,8.82,10.78,1.26,9.87,,28.78,23.54,5.47,11.41,,11.56,7.38,0.27,0.06,0.06,,2.79,2.78,93.03,4.78,,
BAX,2026-08-15,Healthcare,Medical Instruments & Supplies,13820000000.0,,13.1,,1.2,2.23,16.96,-14.31,-4.74,-6.96,31.85,5.62,-8.63,-7.07,-0.61,-0.67,,-0.75,1.43,1.29,1.95,1.32,0.15,0.95,106.64,6.38,,
BBT,2026-08-15,Financial,Banks - Regional,2690000000.0,23.23,9.65,,2.24,1.07,13.62,6.05,0.66,3.24,,19.14,9.49,87.86,9.22,,,13.11,0.39,0.38,0.13,,4.02,1.52,94.16,4.26,,
BBWI,2026-08-15,Consumer Cyclical,Specialty Retail,3910000000.0,5.44,6.84,,0.54,,4.3,,14.77,21.55,43.23,14.96,10.03,-17.5,7.22,-1.03,-8.66,-1.55,,,1.38,0.81,4.18,1.33,106.58000000000001,7.87,,
BBY,2026-08-15,Consumer Cyclical,Specialty Retail,18210000000.0,15.99,12.23,2.02,0.44,5.91,11.35,39.1,7.88,17.36,22.49,4.26,2.73,2.59,7.1,6.07,-5.91,-2.48,1.34,1.14,1.12,0.4,4.5,6.08,95.6,8.04,,
BC,2026-08-15,Consumer Cyclical,Recreational Vehicles,5360000000.0,,15.24,0.7,0.95,3.19,15.7,-4.83,-1.53,-2.34,24.73,5.88,-1.53,39.77,18.7,21.81,,4.29,1.36,1.19,1.45,0.65,2.13,1.29,104.47999999999999,8.32,,
BCC,2026-08-15,Basic Materials,Lumber & Wood Production,2900000000.0,28.32,16.08,0.56,0.45,1.44,28.62,5.06,3.09,4.12,13.95,2.54,1.6399999999999997,11.01,32.08,28.7,-4.47,3.19,0.27,0.26,2.71,1.31,1.07,1.45,96.49,4.14,,
BCO,2026-08-15,Industrials,Security & Protection Services,4710000000.0,26.44,11.04,0.8,0.86,15.16,11.96,64.13,2.51,4.0,26.43,10.38,3.3000000000000003,14.24,12.58,13.82,71.69,7.35,14.67,13.55,1.62,1.62,0.93,1.24,106.69999999999999,11.44,,
BCPC,2026-08-15,Basic Materials,Specialty Chemicals,5690000000.0,35.12,31.71,,5.24,4.38,33.21,12.79,9.77,11.22,36.29,21.25,15.14,13.75,4.19,,12.78,8.07,0.13,0.13,2.66,1.56,0.66,0.54,91.32,1.74,,
BDC,2026-08-15,Technology,Communication Equipment,5310000000.0,22.08,13.64,1.02,1.85,3.83,25.04,18.64,7.01,9.01,35.82,12.67,8.52,14.39,15.56,13.33,,7.83,0.97,0.96,2.14,1.49,0.15,1.6399999999999997,108.19000000000001,9.09,,
BDX,2026-08-15,Healthcare,Medical Instruments & Supplies,49960000000.0,55.32,13.78,1.75,2.4,2.05,19.72,5.17,2.44,2.48,46.44,14.540000000000001,4.52,11.97,5.04,7.87,16.45,6.32,0.69,0.55,0.87,0.51,2.18,0.22,102.25999999999999,3.69,,
BEN,2026-08-15,Financial,Asset Management,17200000000.0,23.08,10.66,0.65,1.84,1.46,71.56,6.34,2.21,2.67,73.05,15.21,8.11,30.22,9.83,16.51,-10.54,9.49,1.42,1.42,1.48,1.48,4.28,47.32,50.94,7.65,,
BF-B,2026-08-15,Consumer Defensive,Beverages - Wineries & Distilleries,13120000000.0,18.6,16.61,3.37,3.33,3.24,14.69,17.85,8.95,11.57,60.699999999999996,28.52,18.13,11.26,0.5,4.93,-4.0,2.71,0.64,0.54,3.24,1.18,3.34,39.06,44.46,10.13,,
BFAM,2026-08-15,Consumer Cyclical,Personal Services,3470000000.0,22.56,12.11,0.82,1.15,3.72,14.7,14.940000000000001,4.54,6.55,23.74,10.91,5.78,12.32,15.23,14.7,49.81,14.13,2.18,1.83,0.48,0.48,,1.09,117.79000000000002,5.1,,
BFH,2026-08-15,Financial,Credit Services,4360000000.0,8.87,8.33,0.87,0.92,1.3,2.01,17.39,2.57,8.54,,14.37,11.86,0.56,11.3,9.53,19.49,4.34,0.98,0.98,1.44,,0.8199999999999998,3.01,108.96999999999998,7.4,,
BFS,2026-08-15,Real Estate,REIT - Retail,860160000.0,35.83,,,2.83,7.77,8.36,11.28,1.6200000000000003,1.88,49.98,40.29,7.79,,,,-2.77,4.81,5.42,5.25,0.91,0.91,6.78,46.37,47.71,2.71,,
BG,2026-08-15,Consumer Defensive,Farm Products,21840000000.0,22.05,10.18,0.6,0.24,1.37,,7.53,2.59,3.81,4.87,2.19,1.1,25.72,17.4,17.02,-8.06,11.17,1.06,0.66,1.57,0.63,2.53,17.3,78.55,3.68,,
BGC,2026-08-15,Financial,Capital Markets,5330000000.0,28.08,7.11,,1.62,4.79,13.53,19.54,3.74,6.44,93.25,8.81,5.8,19.07,12.1,,21.14,7.43,1.81,1.79,1.94,1.94,0.71,24.16,66.46,2.83,,
BHE,2026-08-15,Technology,Electronic Components,2940000000.0,55.82,24.46,,1.04,2.63,23.13,4.78,2.5,3.82,10.23,4.29,1.8900000000000001,23.23,13.02,,12.39,5.31,0.26,0.25,1.99,1.31,0.83,3.06,100.95,4.09,,
BHF,2026-08-15,Financial,Insurance - Life,3370000000.0,4.68,2.79,,0.51,0.52,,13.600000000000001,0.34,8.56,,16.94,10.96,-28.09,4.76,-12.15,,-4.47,0.48,0.48,5.24,,,1.39,94.31,10.93,,
BIIB,2026-08-15,Healthcare,Drug Manufacturers - General,31000000000.0,37.16,12.69,1.83,3.21,1.64,11.5,4.58,2.76,3.16,64.29,19.5,8.64,-18.47,32.75,6.92,-18.74,-5.06,0.44,0.4,1.87,1.26,,0.89,98.8,3.72,,
BILL,2026-08-15,Technology,Software - Application,4960000000.0,,14.78,0.66,3.1,1.3,15.18,0.0,0.0,0.0,76.86,-2.94,0.01,19.75,27.23,22.47,,56.14,0.5,0.5,1.66,1.66,,12.13,94.92,11.71,,
BIO,2026-08-15,Healthcare,Medical Devices,9580000000.0,43.16,34.43,8.14,3.7,1.33,27.12,3.11,2.17,2.74,51.85999999999999,9.08,8.59,-2.81,7.32,4.23,-26.08,0.29,0.19,0.13,3.14,2.33,,33.21,71.72,7.91,,
BJ,2026-08-15,Consumer Defensive,Discount Stores,11930000000.0,21.46,19.03,3.22,0.54,5.61,54.62,27.88,7.57,12.89,18.47,3.92,2.6,2.93,8.39,5.91,7.63,6.82,1.35,1.08,0.73,0.18,,0.68,105.78,7.53,,
BJRI,2026-08-15,Consumer Cyclical,Restaurants,1450000000.0,36.27,24.85,1.87,1.01,3.62,31.43,10.44,4.06,5.19,9.72,3.03,2.86,4.85,15.41,13.27,,12.44,1.09,0.99,0.29,0.22,,8.38,99.13,7.75,,
BKE,2026-08-15,Consumer Cyclical,Apparel Retail,2270000000.0,10.13,10.62,8.43,1.73,4.95,10.29,48.98,21.86,28.23,48.87,22.55,16.85,2.22,-1.86,1.26,9.27,7.57,0.9,0.71,2.04,1.39,10.81,38.37,63.16,11.49,,
BKH,2026-08-15,Utilities,Utilities - Regulated Gas,5660000000.0,18.72,16.23,2.76,2.46,1.44,,7.89,2.83,3.77,26.87,23.86,13.0,5.93,5.41,5.87,1.79,6.36,1.21,1.01,0.52,0.41,3.7800000000000002,0.53,103.49999999999999,12.19,,
BKNG,2026-08-15,Consumer Cyclical,Travel Services,159340000000.0,23.45,17.12,1.05,5.64,,16.7,,23.88,91.13,97.47,35.17,25.53,14.58,18.53,16.24,158.57,31.69,,,1.09,1.09,0.72,0.24,95.67,3.16,,
BKR,2026-08-15,Energy,Oil & Gas Equipment & Services,64349999999.99999,20.83,22.06,2.25,2.32,3.23,20.57,16.47,6.78,8.75,23.57,12.960000000000003,11.17,-0.5,13.58,9.79,,6.02,0.82,0.78,2.09,1.76,1.44,0.24,96.87,2.48,,
BKU,2026-08-15,Financial,Banks - Regional,3440000000.0,13.28,10.84,1.14,1.86,1.16,8.38,9.01,0.76,7.48,,19.63,14.469999999999999,10.9,13.95,9.54,11.36,9.67,0.74,0.19,0.03,,2.73,0.9199999999999999,105.54,3.79,,
BL,2026-08-15,Technology,Software - Application,1770000000.0,54.51,10.98,0.72,2.42,5.64,10.05,9.53,2.13,3.47,75.53,6.72,4.75,16.65,11.9,15.24,,14.77,2.18,2.17,1.72,1.72,,20.02,93.73,12.04,,
BLDR,2026-08-15,Industrials,Building Products & Equipment,7800000000.0,78.86,16.15,,0.54,1.95,12.2,2.51,0.9000000000000001,1.12,29.189999999999998,3.01,0.71,-54.86,44.32,-6.57,7.92,12.16,1.31,1.28,1.79,1.09,,3.35,98.01,7.71,,
BLFS,2026-08-15,Healthcare,Medical Instruments & Supplies,1720000000.0,36.27,104.91,,16.68,4.08,211.49,13.15,12.09,11.0,64.76,2.9,46.35,299.0,-32.81,,-55.02,14.88,0.04,0.03,9.69,7.14,,4.1,100.77000000000001,9.69,,
BLK,2026-08-15,Financial,Asset Management,190700000000.0,29.2,18.19,1.17,6.9,3.31,55.24,12.32,4.08,9.06,76.8,33.95,23.8,17.31,14.4,15.57,2.08,8.04,0.26,0.26,4.46,4.46,2.01,11.51,73.85,1.51,,
BLKB,2026-08-15,Technology,Software - Application,2049999999.9999998,14.12,7.58,,1.79,30.73,6.24,194.45,5.77,12.61,59.41,20.18,13.13,17.87,13.82,,71.8,4.31,17.16,16.82,0.81,0.81,,23.4,85.88,12.02,,
BMI,2026-08-15,Technology,Scientific & Technical Instruments,3790000000.0,30.62,27.01,5.05,4.3,5.55,25.23,18.48,13.0,18.41,41.31,18.58,14.27,-7.81,9.67,5.35,23.19,16.59,0.0,0.0,2.42,1.39,1.07,0.69,116.42000000000002,14.32,,
BMRN,2026-08-15,Healthcare,Biotechnology,13040000000.0,181.61,10.13,0.16,3.77,2.06,17.66,1.18,0.76,0.74,73.93,18.5,2.11,179.44,32.19,62.9,-16.79,11.97,0.67,0.56,2.39,1.32,,1.6099999999999999,103.68000000000002,6.57,,
BMY,2026-08-15,Healthcare,Drug Manufacturers - General,130389999999.99998,14.06,9.74,,2.65,5.84,11.4,46.7,10.18,14.03,66.64,32.35,18.87,12.67,-5.44,-2.89,,2.54,2.02,1.96,1.53,1.38,3.66,0.32,82.42,2.57,,
BNL,2026-08-15,Real Estate,REIT - Diversified,4099999999.9999995,28.54,25.86,1.3,8.59,1.42,15.96,4.91,2.54,2.53,58.71999999999999,49.66,29.460000000000004,59.81,3.53,19.95,2.92,7.24,0.95,0.95,2.83,2.83,5.45,1.14,102.37,6.1,,
BNY,2026-08-15,Financial,Banks - Diversified,110760000000.0,19.0,15.92,1.04,2.73,2.78,69.57,14.219999999999999,1.25,8.4,,19.32,14.87,24.74,11.07,15.26,14.1,19.27,1.96,0.68,1.59,,1.42,0.27,84.96,1.23,,
BOH,2026-08-15,Financial,Banks - Regional,3170000000.0,14.95,12.01,,2.97,2.07,15.58,13.019999999999998,0.9899999999999999,9.51,,25.97,20.09,29.13,11.86,,3.72,8.97,0.35,0.32,0.04,,3.49,1.38,86.06,8.9,,
BOOT,2026-08-15,Consumer Cyclical,Apparel Retail,4950000000.0,20.66,16.2,0.96,2.11,3.65,42.38,19.18,10.41,11.68,38.45,13.61,10.35,24.9,9.83,16.82,29.54,20.33,0.59,0.53,2.53,0.44,,0.78,118.16,7.78,,
BOX,2026-08-15,Technology,Software - Infrastructure,4520000000.0,50.04,18.13,1.21,3.75,,12.47,66.96,8.16,18.12,79.56,8.66,7.9,9.44,14.29,14.98,,8.84,3.35,3.35,1.01,1.01,0.11,3.82,99.97,11.51,,
BR,2026-08-15,Technology,Information Technology Services,19500000000.0,17.77,14.79,1.53,2.61,6.86,15.25,40.92,12.86,17.79,31.78,17.63,15.039999999999997,9.98,9.52,9.65,15.62,7.84,1.24,1.22,1.24,1.21,2.42,0.44,95.78,3.47,,
BRC,2026-08-15,Industrials,Security & Protection Services,4440000000.0,21.45,15.96,1.3,2.73,3.31,24.46,16.7,11.88,14.81,51.13999999999999,16.22,12.93,14.67,11.85,12.27,13.27,6.96,0.07,0.05,2.01,1.36,1.04,10.26,78.58,1.65,,
BRK-B,2026-08-15,Financial,Insurance - Diversified,970020000000.0,12.67,22.86,6.99,2.52,1.45,40.06,12.11,7.07,9.82,23.52,16.25,22.3,6.77,0.17,3.27,11.79,8.63,0.17,0.17,7.29,6.88,,34.48,43.56,0.89,,
BRKR,2026-08-15,Healthcare,Medical Devices,8790000000.0,,23.93,1.56,2.51,3.69,93.62,-3.4000000000000004,-1.15,-1.7,47.29,8.54,-3.05,16.02,13.58,15.33,,11.57,0.77,0.76,1.85,0.92,0.35,27.01,92.6,11.41,,
BRO,2026-08-15,Financial,Insurance Brokers,23600000000.0,22.31,14.58,1.98,3.48,1.85,16.32,9.85,4.29,5.9,92.59,29.5,17.54,5.41,7.74,7.38,13.38,17.72,0.64,0.6,1.13,1.13,0.96,14.7,84.63,5.81,,
BROS,2026-08-15,Consumer Cyclical,Restaurants,9090000000.0,73.33,41.14,1.46,4.83,8.99,120.81,12.879999999999999,2.99,4.71,24.82,9.66,4.91,25.93,32.11,28.21,,37.99,1.51,1.46,1.35,1.19,,3.8699999999999997,98.48,10.39,,
BRX,2026-08-15,Real Estate,REIT - Retail,9200000000.0,21.39,28.84,,6.55,3.04,22.27,14.46,4.9,5.05,44.76,36.82,30.740000000000002,-12.95,-4.48,-3.93,25.3,5.42,1.83,1.83,65.19,65.19,4.14,1.26,103.45,5.93,,
BSX,2026-08-15,Healthcare,Medical Devices,75110000000.0,21.02,15.12,2.1,3.58,3.01,20.72,15.52,8.47,10.25,66.36,21.8,17.5,7.95,3.74,7.19,,15.16,0.51,0.44,1.24,0.74,,0.53,91.42,1.55,,
BSY,2026-08-15,Technology,Software - Application,10950000000.0,39.94,23.15,1.59,6.83,9.1,21.96,24.53,8.28,11.83,79.78,24.37,18.1,15.45,12.08,14.52,15.16,13.38,1.05,1.04,0.59,0.59,0.76,48.86,52.7,12.35,,
BTSG,2026-08-15,Healthcare,Health Information Services,12210000000.0,46.09,26.76,0.65,0.85,5.95,30.6,13.11,4.17,6.77,12.38,3.6799999999999997,2.05,81.81,26.86,41.1,-20.78,18.27,1.17,1.12,1.59,1.22,,23.14,93.88,5.53,,
BTU,2026-08-15,Energy,Thermal Coal,3110000000.0,,9.27,,0.77,0.96,,-5.32,-3.26,-4.99,-0.76,-3.71,-4.56,101.16,55031.89,,53.1,5.85,0.13,0.13,2.01,1.46,1.19,6.4399999999999995,89.67,11.36,,
BURL,2026-08-15,Consumer Cyclical,Apparel Retail,21880000000.0,35.71,24.94,1.35,1.84,11.92,57.15,39.14,6.81,8.61,40.37,7.400000000000001,5.24,22.54,16.58,18.48,,14.95,3.2,2.95,1.16,0.49,,0.67,103.2,4.34,,
BWA,2026-08-15,Consumer Cyclical,Auto Parts,13980000000.0,34.87,11.55,0.97,0.97,2.49,11.53,7.19,2.93,4.3,19.52,10.19,2.89,6.37,13.79,11.94,-11.34,7.09,0.72,0.72,2.13,1.76,0.97,0.71,104.4,4.37,,
BWXT,2026-08-15,Industrials,Aerospace & Defense,15870000000.0,44.84,32.88,2.4,4.52,11.89,50.1,28.199999999999996,8.75,10.59,22.07,9.67,10.1,18.25,11.11,13.71,4.23,8.54,1.51,1.51,2.4,2.33,0.63,0.4099999999999999,93.06,3.17,,
BX,2026-08-15,Financial,Asset Management,178740000000.0,32.29,19.33,1.39,11.25,19.86,91.03,40.53,7.39,15.83,99.43,53.86,22.15,7.16,24.78,13.92,20.88,16.1,1.56,1.47,0.7,0.7,3.64,40.21,43.79,3.57,,
BXMT,2026-08-15,Real Estate,REIT - Mortgage,2440000000.0,167.79,9.51,,1.61,0.75,7.44,0.45000000000000007,0.08,0.1,77.13,61.14000000000001,1.02,174.44,43.03,,-7.97,14.41,4.85,3.64,0.14,0.14,12.5,6.819999999999999,62.69,6.14,,
BXP,2026-08-15,Real Estate,REIT - Office,11950000000.0,36.78,34.89,5.57,3.4,2.11,15.61,5.69,1.17,1.51,33.53,28.27,8.44,20.81,-6.67,6.26,-20.65,4.72,3.17,2.81,0.91,0.91,4.09,0.48,111.92,6.68,,
BYD,2026-08-15,Consumer Cyclical,Resorts & Casinos,6110000000.0,3.7,10.86,1.82,1.49,2.46,174.34,93.33,27.440000000000005,32.22,40.45,18.71,44.34,-1.77,6.55,5.96,,13.44,1.3,1.26,0.77,0.74,0.9199999999999999,31.370000000000005,68.46,8.24,,
CC,2026-08-15,Basic Materials,Specialty Chemicals,2390000000.0,,8.02,0.23,0.41,,10.94,-323.4,-4.15,-7.64,15.21,3.26,-5.24,13.99,82.42,34.96,,3.17,,,1.66,0.88,2.2,0.9899999999999999,91.42,8.59,,
CACC,2026-08-15,Financial,Credit Services,6100000000.0,12.91,10.26,0.46,2.62,3.84,4.99,31.929999999999996,5.79,7.69,97.69,48.56,21.54,22.74,17.94,22.15,9.16,6.78,3.96,3.11,0.29,0.29,,50.8,75.65,20.39,,
CACI,2026-08-15,Technology,Information Technology Services,14820000000.0,27.76,17.76,1.5,1.55,3.32,19.0,12.82,5.24,5.5,30.630000000000003,9.61,5.6,9.63,15.45,11.84,5.71,9.62,1.21,1.18,1.48,1.37,,1.06,99.38,6.3,,
CAG,2026-08-15,Consumer Defensive,Packaged Foods,7480000000.0,,10.4,,0.66,1.18,7.64,-25.06,-10.03,-14.76,23.97,11.49,-16.99,-15.86,3.75,-2.99,,0.17,1.18,1.04,0.9,0.31,4.63,0.77,87.44,9.07,,
CAH,2026-08-15,Healthcare,Medical Distribution,54690000000.0,32.49,16.76,1.45,0.22,,12.09,,3.1,34.4,3.7000000000000006,1.29,0.67,11.28,12.01,11.59,28.33,9.37,,,0.88,0.49,0.89,0.43,87.18,2.84,,
CAKE,2026-08-15,Consumer Cyclical,Restaurants,5640000000.0,30.77,23.0,1.66,1.46,10.87,27.53,38.83,5.54,7.36,13.58,6.98,4.61,18.18,10.62,13.85,,13.6,4.01,3.68,0.59,0.52,1.08,7.84,99.97,20.81,,
CALM,2026-08-15,Consumer Defensive,Farm Products,3800000000.0,12.38,21.34,,1.31,1.45,11.47,12.2,10.16,12.03,23.08,11.79,10.88,-75.68,135.66,-10.46,174.79,16.63,0.0,0.0,7.7,5.87,0.54,10.06,96.11,12.09,,
CALX,2026-08-15,Technology,Software - Infrastructure,2490000000.0,52.61,17.17,0.48,2.24,3.51,29.15,6.909999999999999,5.46,7.1,56.58,5.51,4.61,28.46,33.78,35.62,-13.74,13.06,0.02,0.02,2.83,1.97,,9.42,96.07,8.75,,
CALY,2026-08-15,Consumer Cyclical,Leisure,2940000000.0,,18.61,0.28,1.13,1.36,6.31,3.01,1.35,-9.94,56.25,8.61,-9.03,248.43,21.03,66.81,-1.46,5.32,0.13,0.09,3.04,1.78,,16.36,80.76,4.29,,
CAR,2026-08-15,Industrials,Rental & Leasing Services,4870000000.0,,21.44,0.61,0.42,,,,-1.97,-2.53,25.61,11.22,-5.43,-13.21,84.71,35.0,-21.09,16.62,,,0.81,0.81,,1.6,121.54,15.94,,
CARG,2026-08-15,Consumer Cyclical,Auto & Truck Dealerships,3330000000.0,20.32,12.46,0.76,3.42,12.65,11.45,51.41,28.08,40.02,89.85,25.71,18.06,14.34,15.3,16.42,17.91,10.46,0.7,0.66,1.71,1.71,,20.23,91.89,9.81,,
CARR,2026-08-15,Industrials,Building Products & Equipment,51750000000.0,44.24,19.1,1.49,2.34,3.94,26.84,8.44,3.1,5.02,24.69,8.21,5.43,11.52,13.82,12.79,-4.96,4.49,0.94,0.82,1.02,0.72,1.51,4.74,88.35,2.3,,
CART,2026-08-15,Consumer Cyclical,Internet Retail,11320000000.0,26.91,16.4,0.55,2.83,4.9,9.62,15.960000000000003,12.09,18.79,71.98,16.68,11.8,46.75,26.91,29.78,,20.43,0.01,0.01,2.28,2.28,,21.77,72.81,8.62,,
CASH,2026-08-15,Financial,Banks - Regional,1800000000.0,10.86,9.03,,2.15,2.14,3.76,21.03,2.41,19.37,,25.590000000000003,21.0,0.8,20.97,,21.8,10.26,0.26,0.07,0.03,,0.22999999999999998,1.5,100.70000000000002,10.73,,
CASY,2026-08-15,Consumer Cyclical,Specialty Retail,31320000000.0,44.16,35.82,3.25,1.78,7.9,43.41,19.15,8.11,10.6,22.04,5.89,4.07,11.36,10.74,11.04,18.0,18.07,0.74,0.71,1.01,0.6,0.3,0.62,86.2,4.59,,
CAT,2026-08-15,Industrials,Farm & Heavy Construction Machinery,393740000000.0,36.85,26.55,1.02,5.27,20.3,43.78,56.99000000000001,11.24,21.08,32.83,18.32,14.510000000000002,42.31,18.94,26.11,28.05,10.12,2.33,1.65,1.37,0.85,0.72,0.22999999999999998,73.24,1.49,,
CATY,2026-08-15,Financial,Banks - Regional,4330000000.0,12.69,10.95,,3.14,1.42,8.11,11.71,1.44,10.85,,32.74,25.17,22.07,7.0,,9.6,12.53,0.05,0.05,0.07,,2.34,4.04,77.79,3.55,,
CAVA,2026-08-15,Consumer Cyclical,Restaurants,8690000000.0,132.89,100.06,4.15,6.33,10.33,58.33,8.32,4.75,5.07,18.63,7.32,4.82,1.02,36.34,24.1,,23.93,0.62,0.55,2.48,2.43,,11.72,84.23,12.48,,
CB,2026-08-15,Financial,Insurance - Property & Casualty,132580000000.00002,12.16,11.79,1.4,2.13,1.76,7.76,15.45,4.53,11.84,,23.22,18.0,11.62,5.32,8.44,26.94,10.65,0.31,0.25,0.46,,1.17,0.45000000000000007,91.87,1.09,,
CBOE,2026-08-15,Financial,Financial Data & Stock Exchanges,30930000000.0,23.07,19.83,1.3,6.11,5.5,32.27,26.19,13.71,20.63,51.71,35.28,26.619999999999997,31.59,6.39,15.24,19.51,6.59,0.28,0.16,1.57,1.57,1.05,0.27,92.48,3.1,,
CBRE,2026-08-15,Real Estate,Real Estate Services,44260000000.0,35.05,17.02,1.01,1.01,5.28,47.19,15.629999999999999,4.47,7.91,16.74,2.83,2.98,22.41,14.99,16.89,11.6,11.22,1.29,0.96,1.14,1.14,,0.69,97.87,1.68,,
CBRL,2026-08-15,Consumer Cyclical,Restaurants,1290000000.0,50.17,52.6,,0.39,2.78,21.88,5.61,1.24,1.86,5.81,-0.05,0.79,-101.41,2569.97,-20.88,,6.67,2.35,2.03,0.5,0.19,1.73,1.92,101.63,23.97,,
CBSH,2026-08-15,Financial,Banks - Regional,8640000000.0,14.77,13.13,1.8,3.84,1.99,12.33,14.46,1.71,13.19,,33.74,25.69,5.68,7.49,7.31,12.13,8.75,0.56,0.01,0.4,,1.82,3.1,72.38,4.75,,
CBT,2026-08-15,Basic Materials,Specialty Chemicals,4540000000.0,24.78,12.59,8.4,1.25,2.83,14.73,11.89,4.79,7.69,24.16,15.130000000000003,5.15,-12.55,10.06,1.5,,7.27,0.79,0.52,1.47,0.97,2.12,1.76,105.13,7.41,,
CBU,2026-08-15,Financial,Banks - Regional,3460000000.0,15.31,12.69,,3.31,1.67,14.04,11.49,1.32,9.07,,29.12,21.7,8.39,13.12,,5.2,10.36,0.37,0.21,0.08,,2.89,0.93,79.03,3.27,,
CCI,2026-08-15,Healthcare,Healthcare Plans,74660000000.0,11.69,8.44,1.12,0.26,1.75,8.19,15.49,4.27,8.95,,3.8599999999999994,2.27,2.21,9.74,7.52,-0.69,11.35,0.75,0.68,0.85,,2.19,1.5,91.62,1.83,,
CCK,2026-08-15,Consumer Cyclical,Packaging & Containers,12940000000.0,17.13,13.18,1.67,0.97,4.64,10.8,27.229999999999997,5.4,9.19,17.59,12.75,5.89,7.91,7.46,7.88,8.18,5.7,2.19,1.97,1.05,0.65,1.18,0.9199999999999999,104.56999999999998,3.01,,
CCL,2026-08-15,Consumer Defensive,Household & Personal Products,73300000000.0,36.37,22.42,3.75,3.48,310.59,19.0,434.33000000000004,11.89,25.28,60.42000000000001,21.84,9.68,4.77,6.08,5.98,-3.47,4.35,33.29,33.15,1.03,0.67,2.3,0.2,86.42,2.23,,
CCOI,2026-08-15,Communication Services,Telecom Services,579250000.0,,,,0.61,,,-721.5,-1.42,-2.54,22.68,-6.58,-4.73,61.25,-93.18,16.45,,11.43,,,0.63,0.63,0.73,5.54,95.99,14.37,,
CCS,2026-08-15,Real Estate,Real Estate - Development,2009999999.9999998,15.5,12.83,,0.52,0.78,49.6,5.22,2.89,3.33,16.19,3.17,3.46,-18.03,12.12,,-4.54,5.14,0.66,0.57,5.63,0.29,1.73,12.560000000000002,93.27,7.09,,
CDE,2026-08-15,Basic Materials,Gold,19340000000.0,15.45,11.97,0.45,6.11,1.86,16.72,12.85,8.79,7.65,37.69,35.41,26.88,33.66,46.98,26.6,55.25,21.64,0.07,0.07,3.65,2.43,0.21,0.7,81.57,5.32,,
CDNS,2026-08-15,Technology,Software - Application,89450000000.0,64.63,34.1,2.26,15.32,13.04,53.29,23.23,12.770000000000001,14.75,84.56,31.4,23.61,14.02,17.02,15.11,13.95,14.57,0.36,0.36,1.74,1.53,,0.44,88.51,2.22,,
CDP,2026-08-15,Real Estate,REIT - Office,8350000000.0,25.75,25.14,4.08,10.65,2.74,29.81,10.85,3.73,3.95,36.65,30.320000000000004,20.85,6.17,3.3,6.17,9.15,5.58,1.75,1.72,1.72,1.72,3.45,0.32,114.16,6.25,,
CDW,2026-08-15,Technology,Information Technology Services,17430000000.0,16.76,11.68,1.29,0.74,7.15,20.26,44.01,6.64,14.6,21.36,7.17,4.6,9.08,9.22,9.08,8.2,3.96,2.63,2.03,1.17,1.05,1.83,0.51,105.82000000000001,6.59,,
CE,2026-08-15,Basic Materials,Chemicals,5010000000.0,,7.24,0.31,0.52,1.2,7.08,-24.57,-5.14,-7.7,19.56,8.74,-12.04,50.72,5.11,23.52,,11.03,2.98,2.64,1.45,0.87,0.28,0.39,109.71,7.83,,
CEG,2026-08-15,Utilities,Utilities - Independent Power Producers,100090000000.0,27.51,21.3,0.97,3.25,3.14,323.92,15.259999999999998,4.58,6.78,17.37,14.93,11.25,27.31,10.96,21.94,32.58,8.81,0.77,0.6,1.46,1.2,0.6,6.52,77.14,3.15,,
CELH,2026-08-15,Consumer Defensive,Beverages - Non-Alcoholic,7360000000.0,125.82,16.67,1.19,2.42,6.14,15.91,7.48,2.75,3.39,47.53,19.2,1.97,8.23,20.3,14.02,45.65,80.65,2.03,2.02,1.75,1.38,,26.22,69.91,18.43,,
CENT,2026-08-15,Consumer Defensive,Packaged Foods,2440000000.0,16.28,14.01,2.08,0.79,1.57,7.09,9.98,4.47,5.36,31.72,8.81,5.39,8.94,4.98,6.75,7.67,3.03,0.81,0.78,3.79,2.67,,87.58,15.130000000000003,3.55,,
CENTA,2026-08-15,Consumer Defensive,Packaged Foods,2440000000.0,14.09,12.12,1.8,0.79,1.36,7.09,9.98,4.47,5.36,31.72,8.81,5.39,8.94,4.98,6.75,7.67,3.03,0.81,0.78,3.79,2.67,,20.81,78.02,2.32,,
CENX,2026-08-15,Basic Materials,Aluminum,4620000000.0,8.08,4.02,0.04,1.73,3.3,30.59,56.72999999999999,25.019999999999996,32.05,19.27,14.87,22.6,317.48,13.08,90.34,,9.51,0.34,0.34,2.75,1.61,,31.010000000000005,77.44,14.52,,
CERT,2026-08-15,Healthcare,Health Information Services,1220000000.0,,20.48,,2.99,1.26,15.18,-1.8900000000000001,-1.31,-0.23,48.49,4.63,-0.72,-22.31,14.26,-0.21,50.19,11.45,0.31,0.31,2.55,2.55,,31.06,82.4,27.42,,
CF,2026-08-15,Basic Materials,Agricultural Inputs,17900000000.0,8.77,11.2,,2.31,3.12,9.37,39.19,14.550000000000002,22.67,45.69,41.45,27.12,60.75,-31.3,-3.0,43.52,11.43,0.63,0.61,4.86,4.32,1.81,0.54,105.63,5.32,,
CFFN,2026-08-15,Financial,Banks - Regional,1100000000.0,13.42,11.26,0.59,2.48,1.08,15.34,8.0,0.8500000000000001,3.27,,23.15,18.67,31.73,13.14,19.17,2.25,5.3,1.6,1.48,0.03,,4.35,8.12,81.76,5.79,,
CFG,2026-08-15,Financial,Banks - Regional,31470000000.0,16.24,11.5,0.47,2.57,1.31,13.38,8.27,0.9399999999999998,5.2,,22.14,16.2,37.5,22.46,24.61,11.73,9.35,0.62,0.56,0.1,,2.53,0.9199999999999999,100.98,4.59,,
CFR,2026-08-15,Financial,Banks - Regional,10570000000.0,16.09,14.54,2.12,3.62,2.36,19.49,15.329999999999998,1.28,13.17,,27.82,22.91,10.57,6.63,6.87,14.28,14.57,1.17,0.11,0.21,,2.4,6.370000000000001,93.14,6.85,,
CG,2026-08-15,Financial,Asset Management,17560000000.0,51.05,9.61,0.71,5.03,3.32,26.2,6.559999999999999,1.37,1.89,75.09,14.38,10.43,-9.56,41.05,13.52,17.55,10.93,2.72,2.67,0.52,0.52,2.85,27.800000000000004,62.97999999999999,6.51,,
CGNX,2026-08-15,Technology,Scientific & Technical Instruments,11040000000.0,63.55,32.89,1.09,10.14,6.77,41.15,11.15,8.36,10.34,68.87,21.9,16.05,63.6,19.58,30.05,-7.5,4.16,0.04,0.04,3.84,3.18,0.52,0.37,100.51,5.2,,
CHCO,2026-08-15,Financial,Banks - Regional,2069999999.9999998,16.11,15.37,,5.15,2.56,14.94,16.61,1.95,13.62,,40.83,32.53,3.71,3.45,,10.0,8.83,0.65,0.19,0.09,,2.38,1.9799999999999998,75.71,6.72,,
CHD,2026-08-15,Consumer Defensive,Household & Personal Products,24030000000.0,32.59,25.02,3.46,3.86,5.53,21.54,17.04,8.32,11.11,43.49,17.47,11.96,7.01,7.19,7.23,-0.65,4.85,0.56,0.54,1.15,0.69,1.22,0.24,92.34,4.38,,
CHDN,2026-08-15,Consumer Cyclical,Gambling,6330000000.0,15.58,12.25,1.18,2.12,4.74,11.13,34.31,5.49,7.5,34.19,25.81,13.66,13.49,6.55,10.36,,22.65,3.57,3.06,0.36,0.35,0.51,6.59,84.55,5.64,,
CHE,2026-08-15,Healthcare,Medical Care Facilities,6960000000.0,26.77,19.36,1.79,2.68,8.35,21.52,27.11,16.68,25.37,30.44,13.47,10.6,18.43,7.85,10.82,-1.2,4.0,0.4,0.31,0.91,0.89,0.45999999999999996,1.7000000000000002,109.56000000000002,3.59,,
CHEF,2026-08-15,Consumer Defensive,Food Distribution,4450000000.0,51.86,35.78,1.59,1.01,6.86,35.38,15.25,4.68,5.97,24.46,4.14,2.09,32.25,21.33,22.49,,30.14,1.46,1.38,2.15,1.31,,9.83,100.07,14.8,,
CHH,2026-08-15,Consumer Cyclical,Lodging,4700000000.0,14.74,14.08,2.79,2.9,33.19,25.65,563.79,11.56,14.53,47.87,25.52,20.19,1.4,5.43,5.04,42.4,15.58,14.82,14.82,0.93,0.93,1.11,44.86,74.06,24.93,,
CHRD,2026-08-15,Energy,Oil & Gas E&P,7510000000.0,9.21,10.26,0.62,1.19,0.91,6.32,10.24,6.41,8.55,20.84,18.93,13.320000000000002,98.63,-29.33,16.47,,38.63,0.18,0.18,1.22,1.15,3.8599999999999994,6.13,98.79,7.26,,
CHRW,2026-08-15,Industrials,Integrated Freight & Logistics,17360000000.0,28.35,19.79,1.12,1.02,10.69,25.96,37.12,11.34,17.94,8.14,4.91,3.73,22.43,20.44,17.6,5.38,0.03,1.21,1.17,1.58,1.58,1.69,0.51,109.42,4.72,,
CHTR,2026-08-15,Communication Services,Telecom Services,20640000000.0,4.01,3.42,0.27,0.38,1.09,4.74,29.7,3.2099999999999995,4.48,45.98,23.98,9.05,13.56,9.59,12.62,18.65,2.63,5.61,5.48,0.36,0.36,0.04,29.849999999999998,79.53,26.85,,
CHWY,2026-08-15,Consumer Cyclical,Internet Retail,9180000000.0,37.21,20.68,0.61,0.71,21.66,15.7,63.82,8.02,28.1,28.87,2.58,1.9900000000000002,50.0,38.98,33.78,,12.01,1.23,1.14,0.78,0.35,,43.99,54.11,12.07,,
CIEN,2026-08-15,Technology,Communication Equipment,60690000000.0,142.72,44.45,0.59,10.9,20.99,72.89,15.46,7.490000000000001,9.86,40.49,11.2,7.870000000000001,147.49,47.63,75.55,-18.19,6.19,0.55,0.54,2.73,2.11,,1.02,96.91,2.65,,
CINF,2026-08-15,Financial,Insurance - Property & Casualty,26580000000.0,8.17,19.3,3.61,1.9,1.59,7.82,21.48,8.27,18.98,,30.159999999999997,23.84,5.28,7.2,5.35,15.17,10.88,0.05,0.05,0.56,,2.17,2.01,73.6,2.46,,
CLF,2026-08-15,Basic Materials,Steel,6790000000.0,,18.88,,0.35,1.21,,-15.160000000000002,-4.27,-6.58,-0.91,-4.01,-4.56,92.08,420.88,,-55.32,28.89,1.37,1.37,1.89,0.63,,1.45,81.39,14.27,,
CLH,2026-08-15,Industrials,Waste Management,17000000000.0,39.05,32.52,2.15,2.72,5.8,36.87,15.560000000000002,5.75,7.48,24.74,11.84,7.03,34.63,1.01,15.16,24.62,13.91,1.04,1.0,2.13,1.8,,5.09,97.84,2.62,,
CLSK,2026-08-15,Financial,Capital Markets,3100000000.0,,,,4.57,4.08,,-68.62,-34.38,-39.26,-36.91,-51.83,-151.38,-420.43,58.52,,,138.03,2.34,2.34,5.91,5.91,,3.9900000000000007,95.41,30.0,,
CLX,2026-08-15,Consumer Defensive,Household & Personal Products,12780000000.0,21.97,16.77,2.63,1.9,142.02,31.56,285.64,8.79,13.05,41.95,13.209999999999999,8.74,5.77,7.74,6.37,-2.93,-1.75,62.02,48.99,0.66,0.38,4.82,0.75,85.92,11.27,,
CMC,2026-08-15,Industrials,Metal Fabrication,7920000000.0,13.5,9.96,0.34,0.9,1.75,19.56,13.79,7.090000000000001,7.42,18.24,9.08,6.72,104.11,12.63,29.63,-20.41,7.33,0.8,0.77,2.33,1.54,1.06,0.8500000000000001,92.77,3.9,,
CMCSA,2026-08-15,Communication Services,Telecom Services,92900000000.0,8.48,7.24,,0.74,1.03,4.55,12.0,4.21,6.44,56.769999999999996,14.85,8.97,-18.63,3.17,-3.25,18.8,3.62,1.01,0.94,0.8,0.8,5.08,1.05,88.73,2.07,,
CME,2026-08-15,Financial,Financial Data & Stock Exchanges,97010000000.0,22.88,20.86,2.8,14.32,3.66,23.03,15.8,2.29,14.13,82.65,65.1,63.11,9.53,5.43,7.46,13.7,5.95,0.15,0.14,1.02,1.02,4.27,1.4,87.14,1.75,,
CMG,2026-08-15,Consumer Cyclical,Restaurants,42390000000.0,30.9,24.44,2.31,3.41,19.31,27.02,49.56,15.659999999999998,19.44,21.09,15.410000000000002,11.42,-1.78,19.25,10.6,35.5,14.79,2.46,2.32,0.72,0.68,,0.79,93.42,3.11,,
CMI,2026-08-15,Industrials,Specialty Industrial Machinery,86900000000.0,32.26,18.21,0.93,2.5,6.76,25.81,22.04,7.77,13.55,25.129999999999995,11.44,7.82,24.51,16.95,19.53,11.29,11.19,0.64,0.56,1.73,1.13,1.43,0.33,87.91,1.86,,
CMS,2026-08-15,Utilities,Utilities - Regulated Electric,22300000000.0,21.37,17.11,2.29,2.53,2.34,,11.29,2.61,3.64,25.0,18.95,11.53,7.28,7.35,7.47,5.98,5.88,1.97,1.89,0.94,0.67,3.2099999999999995,0.65,99.43,5.33,,
CNC,2026-08-15,Healthcare,Healthcare Plans,33330000000.0,,12.81,0.28,0.16,1.48,3.72,-20.41,-6.02,-13.22,,0.8100000000000002,-2.51,130.87,9.71,46.07,,11.88,0.71,0.71,1.15,,,2.17,99.45,2.81,,
CNH,2026-08-15,Industrials,Farm & Heavy Construction Machinery,12920000000.0,41.83,15.98,0.81,0.71,1.67,21.15,4.02,0.72,0.91,30.130000000000003,13.320000000000002,1.71,-19.68,47.87,19.67,,-7.02,3.39,3.39,7.29,6.06,1.41,29.9,72.08,7.81,,
CNK,2026-08-15,Communication Services,Entertainment,4330000000.0,20.79,14.42,0.37,1.29,8.74,13.84,45.43,4.53,6.64,20.77,13.44,6.370000000000001,125.09,10.74,39.01,,35.33,5.99,5.51,0.84,0.81,0.83,10.74,105.47,7.69,,
CNM,2026-08-15,Industrials,Industrial Distribution,8900000000.0,19.51,13.15,0.68,1.16,4.23,14.68,23.73,7.13,10.24,24.69,9.59,5.87,35.75,11.46,19.34,58.46,15.99,1.2,1.15,2.31,1.31,,0.49,111.08,6.05,,
CNMD,2026-08-15,Healthcare,Medical Devices,1510000000.0,27.26,10.54,1.91,1.1,1.45,11.23,5.53,2.44,3.33,53.67999999999999,10.95,4.11,-1.18,5.42,5.53,36.14,9.82,0.8,0.63,1.48,0.69,0.4,0.44,117.34,7.49,,
CNO,2026-08-15,Financial,Insurance - Life,5110000000.0,19.01,10.9,1.32,1.1,1.98,7.32,10.93,0.8,3.91,,14.45,6.0,7.87,6.83,8.24,1.73,3.32,1.76,1.76,,,1.28,3.17,97.28,1.74,,
CNP,2026-08-15,Utilities,Utilities - Regulated Electric,26900000000.0,24.07,19.56,2.18,2.8,2.29,,9.82,2.42,3.23,29.37,23.24,11.61,8.68,9.12,8.99,,4.75,2.14,1.95,1.12,0.97,2.27,0.28,108.02000000000001,7.08,,
CNR,2026-08-15,Energy,Thermal Coal,4760000000.0,48.43,15.6,,1.12,1.29,18.35,2.67,1.6200000000000003,2.43,2.27,-1.32,2.34,246.08,41.28,,-51.45,32.88,0.12,0.11,1.83,1.32,0.42,2.35,91.87,3.13,,
CNS,2026-08-15,Financial,Asset Management,4360000000.0,26.02,21.48,,7.11,7.39,22.62,30.11,20.38,23.25,86.06,33.56,27.449999999999996,12.78,13.2,,13.58,6.24,0.23,0.23,5.22,5.22,3.16,46.09,54.86,3.92,,
CNX,2026-08-15,Energy,Oil & Gas E&P,5280000000.0,5.97,8.57,0.33,2.38,1.1,10.05,21.25,10.48,13.24,48.44,39.77,42.85,23.33,33.13,25.79,,14.56,0.49,0.48,0.72,0.67,,4.03,93.74,10.69,,
CNXC,2026-08-15,Technology,Information Technology Services,1490000000.0,,2.12,,0.15,0.55,2.91,-37.73,-11.5,-18.03,27.97,7.37,-13.170000000000002,-2.23,5.52,,,15.8,2.04,1.7,1.18,1.18,5.89,22.51,107.28999999999999,21.8,,
CNXN,2026-08-15,Technology,Electronics & Computer Distribution,2049999999.9999998,21.46,18.16,,0.68,2.15,60.1,10.43,7.109999999999999,9.99,18.51,4.12,3.2099999999999995,21.37,6.95,,9.06,2.09,0.01,0.01,2.88,2.42,0.93,56.06,42.63,4.36,,
COCO,2026-08-15,Consumer Defensive,Beverages - Non-Alcoholic,3740000000.0,35.99,29.45,1.07,5.3,9.34,30.08,31.370000000000005,22.02,26.48,40.9,19.1,15.5,65.16,12.67,27.53,15.11,14.44,0.04,0.03,3.36,2.83,,10.21,84.82,10.36,,
COF,2026-08-15,Financial,Credit Services,139470000000.0,80.14,9.52,0.77,1.86,1.25,5.11,3.17,0.4699999999999999,1.94,,4.34,3.85,4.21,16.86,12.29,-4.88,16.93,0.46,0.45,2.72,,1.42,0.8500000000000001,86.88,1.77,,
COHR,2026-08-15,Technology,Scientific & Technical Instruments,63750000000.0,79.23,23.12,0.47,8.96,5.85,,8.46,4.85,5.6,38.38,13.79,10.82,67.56,49.92,48.77,11.7,18.04,0.33,0.32,2.43,1.52,0.01,4.48,85.92,4.84,,
COHU,2026-08-15,Technology,Semiconductor Equipment & Materials,2810000000.0,,32.12,,5.37,3.85,80.39,-4.84,-3.42,-3.56,37.81,-6.38,-7.429999999999999,531.82,94.34,,-36.97,-6.56,0.43,0.41,5.74,4.72,,3.7900000000000005,108.95000000000002,17.81,,
COIN,2026-08-15,Financial,Financial Data & Stock Exchanges,39170000000.0,,50.04,9.28,8.17,2.99,22.86,-7.85,-3.9599999999999995,-5.14,60.309999999999995,-37.56,-20.6,-153.4,224.86,5.39,52.26,41.24,0.51,0.47,2.42,2.42,,18.6,54.18999999999999,10.15,,
COKE,2026-08-15,Consumer Defensive,Beverages - Non-Alcoholic,12590000000.0,25.88,,,1.64,,19.49,97.33,11.03,27.51,37.65,13.019999999999998,7.15,,,,30.04,7.62,,,1.21,0.92,0.53,15.109999999999998,61.04999999999999,5.64,,
COLB,2026-08-15,Financial,Banks - Regional,9250000000.0,13.04,9.96,3.11,2.6,1.22,7.32,11.01,1.21,8.89,,30.620000000000005,19.94,-2.89,8.28,3.2,1.17,38.87,0.65,0.06,0.04,,4.53,0.78,97.3,3.07,,
COLL,2026-08-15,Healthcare,Drug Manufacturers - Specialty & Generic,919040000.0,22.87,4.05,,1.14,2.94,2.8,17.61,2.57,3.25,60.02000000000001,20.12,5.93,1.51,-7.4,-7.75,17.92,20.28,3.9,3.72,1.03,0.84,,2.19,123.38,15.96,,
COLM,2026-08-15,Consumer Cyclical,Apparel Manufacturing,2940000000.0,14.89,13.7,2.4,0.86,1.84,9.15,12.659999999999998,7.24,10.41,52.019999999999996,7.64,6.05,23.49,-8.03,5.71,14.88,6.31,0.29,0.24,2.49,1.32,2.04,58.45,51.04,15.98,,
CON,2026-08-15,Healthcare,Medical Care Facilities,4520000000.0,23.29,19.36,1.48,1.98,9.47,16.89,47.89,6.709999999999999,7.79,25.83,16.71,8.53,19.69,11.6,13.1,-6.16,5.72,4.49,4.28,1.38,1.38,0.37,10.4,88.69,2.74,,
COO,2026-08-15,Healthcare,Medical Instruments & Supplies,14860000000.0,64.33,15.21,1.58,3.51,1.8,26.09,2.85,1.8900000000000001,2.33,60.92999999999999,18.19,5.57,12.41,8.11,9.64,9.3,10.98,0.3,0.23,1.27,0.78,,0.6,100.81,4.3,,
COP,2026-08-15,Energy,Oil & Gas E&P,152310000000.0,16.8,14.2,0.85,2.41,2.33,15.13,14.13,7.5,10.49,27.18,22.14,14.66,62.84,-10.97,16.7,,25.63,0.36,0.35,1.54,1.39,2.66,0.1,85.52,1.54,,
COR,2026-08-15,Healthcare,Medical Distribution,59890000000.0,23.33,15.82,1.41,0.18,19.63,14.75,104.34,3.3300000000000005,18.11,3.62,1.32,0.79,11.7,10.97,11.25,,11.09,3.84,3.75,0.93,0.58,0.76,0.49,98.16,2.72,,
CORT,2026-08-15,Healthcare,Biotechnology,12370000000.0,273.39,26.32,0.25,14.89,17.5,115.73,8.08,6.41,7.6,98.3,0.77,6.52,147.07,114.63,107.06,-0.84,16.56,0.01,0.01,2.83,2.74,,11.78,75.42,10.3,,
COST,2026-08-15,Consumer Defensive,Discount Stores,426230000000.0,48.34,42.35,3.81,1.45,12.72,48.4,29.15,10.92,21.22,12.879999999999999,3.82,3.01,12.75,10.52,11.13,15.09,10.54,0.25,0.24,1.07,0.61,0.54,0.12,71.35,1.73,,
COTY,2026-08-15,Consumer Defensive,Household & Personal Products,2510000000.0,,8.21,0.42,0.43,0.81,8.08,-16.17,-4.91,-8.08,59.31000000000001,6.4399999999999995,-9.43,-2.05,61.08,19.52,19.99,4.55,1.15,1.13,0.82,0.49,,57.21000000000001,42.21,13.13,,
CPAY,2026-08-15,Technology,Software - Infrastructure,27420000000.0,25.38,13.37,0.69,5.46,7.74,16.74,30.39,4.67,11.77,73.16,45.75,22.61,27.94,14.19,19.5,13.14,13.65,3.0,1.72,0.97,0.97,,3.9699999999999998,99.28,4.1,,
CPB,2026-08-15,Consumer Defensive,Packaged Foods,6910000000.0,11.39,12.21,,0.7,1.71,10.12,15.4,4.06,5.85,28.48,11.95,6.12,-26.89,-12.63,-12.05,0.7,3.36,1.82,1.58,0.87,0.38,6.76,35.49,63.54,25.07,,
CPF,2026-08-15,Financial,Banks - Regional,996430000.0,12.4,10.83,,2.72,1.67,10.14,14.249999999999998,1.12,12.0,,27.91,22.63,14.42,9.24,,16.71,7.4,0.17,0.16,0.12,,3.04,2.56,96.42,2.3,,
CPK,2026-08-15,Utilities,Utilities - Regulated Gas,3260000000.0,21.55,18.4,1.96,3.28,1.93,,9.47,3.8,5.01,31.09,27.310000000000002,15.109999999999998,6.75,14.47,9.38,7.03,13.76,1.01,0.79,0.32,0.27,3.02,1.51,92.52,4.47,,
CPRI,2026-08-15,Consumer Cyclical,Luxury Goods,1740000000.0,16.75,6.1,0.29,0.51,12.63,21.01,152.07,2.12,8.38,59.34,2.35,3.1300000000000003,41.64,18.37,21.4,,-3.07,10.09,8.34,1.19,0.54,,2.52,105.2,7.13,,
CPRT,2026-08-15,Industrials,Specialty Business Services,29260000000.0,19.69,18.93,3.65,6.31,3.34,21.85,17.69,16.08,17.55,44.95,36.57,33.48,-0.61,5.69,5.18,16.72,16.07,0.01,0.01,7.44,7.37,,8.99,81.32,5.0,,
CPT,2026-08-15,Real Estate,REIT - Residential,14930000000.0,36.52,95.16,,9.44,2.98,46.3,7.76,3.5000000000000004,4.7,22.55,17.71,20.6,-69.2,6.36,-25.53,23.26,8.46,1.28,0.82,0.31,0.31,3.84,2.7,105.93,4.02,,
CR,2026-08-15,Industrials,Specialty Industrial Machinery,12620000000.0,38.1,27.98,2.08,4.87,5.8,33.18,16.54,10.27,10.29,41.74,17.93,12.97,15.56,11.61,13.47,15.24,-3.55,0.51,0.5,2.8,1.84,0.45999999999999996,1.06,80.15,1.78,,
CRBG,2026-08-15,Financial,Asset Management,15370000000.0,19.6,5.99,0.42,0.81,1.51,8.3,7.9,0.24,4.21,,8.49,4.7,2.36,27.13,14.32,,3.75,1.02,1.02,0.48,,2.93,14.279999999999998,95.33,5.1,,
CRC,2026-08-15,Energy,Oil & Gas E&P,4730000000.0,,13.73,0.77,1.27,1.39,11.99,-3.55,-1.7500000000000002,-2.55,39.73,21.58,-3.2400000000000007,4.06,-9.23,17.84,-28.73,16.16,0.4,0.39,0.66,0.56,3.09,8.53,95.52,3.87,,
CRGY,2026-08-15,Energy,Oil & Gas E&P,4030000000.0000005,,5.98,1.43,0.94,0.78,4.83,1.14,0.5,0.53,31.59,24.67,1.27,27.49,-11.13,4.19,,36.54,1.0,1.0,0.94,0.94,3.93,16.07,77.66,13.0,,
CRH,2026-08-15,Basic Materials,Building Materials,64629999999.99999,17.13,14.62,1.38,1.67,2.55,22.14,16.45,6.78,9.31,36.25,14.05,9.87,6.37,12.19,10.61,30.98,6.3,0.82,0.7,1.58,1.07,1.6099999999999999,0.28,86.82,2.15,,
CRI,2026-08-15,Consumer Cyclical,Apparel Retail,1420000000.0,7.25,10.65,2.31,0.48,1.38,4.85,20.18,7.32,9.13,48.6,8.92,6.370000000000001,-6.03,11.49,4.61,0.2,-0.85,1.15,1.02,2.47,1.5,2.59,5.42,111.18,8.95,,
CRK,2026-08-15,Energy,Oil & Gas E&P,4130000000.0,8.17,20.55,0.64,2.19,1.6,,20.92,7.1,8.83,22.5,19.28,26.77,-24.51,67.87,32.16,,17.58,1.23,1.21,0.48,0.48,,73.24,30.06,31.71,,
CRL,2026-08-15,Healthcare,Diagnostics & Research,13370000000.0,,21.99,1.96,3.34,4.71,36.07,-7.7,-3.16,-4.06,32.63,13.51,-5.96,10.11,12.48,11.25,,6.55,1.07,1.07,1.35,1.04,,1.12,123.51,7.24,,
CRM,2026-08-15,Technology,Software - Application,160700000000.0,22.71,12.55,0.97,3.75,4.69,10.96,16.91,7.82,10.56,75.12,21.87,18.73,13.06,10.45,12.98,12.24,14.34,1.24,1.22,0.71,0.71,0.51,3.18,86.26,3.71,,
CROX,2026-08-15,Consumer Cyclical,Footwear & Accessories,6320000000.0,11.38,8.81,1.31,1.56,4.58,8.96,42.3,13.48,19.89,57.47,20.81,14.63,11.51,7.17,6.75,,23.86,1.22,1.15,1.49,0.96,,4.43,101.23,9.64,,
CRS,2026-08-15,Industrials,Metal Fabrication,26990000000.0,51.73,34.22,1.62,8.64,12.13,74.49,25.739999999999995,14.46,17.97,30.659999999999997,22.54,16.95,23.96,19.32,21.06,,16.19,0.33,0.32,3.81,2.23,0.15,3.2,97.53,5.08,,
CRSR,2026-08-15,Technology,Computer Hardware,1410000000.0,42.34,15.59,1.38,0.97,2.11,15.66,5.25,2.73,4.03,31.55,2.94,2.29,43.8,-6.54,11.26,,-2.86,0.28,0.24,1.75,1.04,,57.10000000000001,39.38,25.33,,
CRUS,2026-08-15,Technology,Semiconductors,6070000000.0,14.82,13.61,3.7,2.96,2.79,10.61,20.9,17.74,18.73,52.78,23.05,21.0,-8.95,5.56,3.68,16.74,7.84,0.06,0.05,7.58,6.23,,0.62,105.28,6.96,,
CRVL,2026-08-15,Financial,Insurance Brokers,3320000000.0,29.27,,,3.38,8.13,29.17,30.7,17.92,26.84,21.44,15.370000000000001,11.72,,,,20.24,11.64,0.07,0.05,1.94,1.94,,38.99,56.24,3.91,,
CRWD,2026-08-15,Technology,Software - Infrastructure,220910000000.0,,139.38,4.78,43.37,47.67,154.34,-1.12,-0.45000000000000007,-0.83,74.89,-2.15,-0.89,32.01,26.45,29.13,-8.78,40.64,0.18,0.17,1.45,1.45,,2.12,74.3,2.56,,
CSCO,2026-08-15,Technology,Communication Equipment,440180000000.0,33.54,19.9,1.71,6.95,9.01,34.48,27.32,10.53,19.05,63.24999999999999,25.230000000000004,20.95,18.2,9.64,11.64,5.9,4.92,0.59,0.39,0.93,0.79,1.53,0.24,80.91,1.68,,
CSGP,2026-08-15,Real Estate,Real Estate Services,13120000000.0,178.21,18.98,0.53,3.69,1.65,29.52,0.9000000000000001,0.72,0.82,74.55,2.43,2.08,56.34,25.41,35.52,-51.08,14.37,0.15,0.14,2.21,2.21,,0.88,101.03999999999999,4.06,,
CSL,2026-08-15,Industrials,Building Products & Equipment,14700000000.0,21.09,15.38,1.24,2.88,9.11,16.99,39.4,12.53,16.18,35.21,20.55,14.29,8.45,14.36,12.36,24.22,4.79,1.78,1.78,2.6,2.04,1.23,1.41,102.60000000000001,5.25,,
CSR,2026-08-15,Real Estate,REIT - Residential,987040000.0,70.79,,,2.83,1.38,16.57,3.09,1.13,1.3,36.16,29.410000000000004,6.15,-155.58,71.55,,,14.68,1.44,1.44,3.11,3.11,9.5,0.67,95.17,3.24,,
CSW,2026-08-15,Industrials,Specialty Industrial Machinery,5620000000.0,47.31,25.26,1.97,4.81,5.24,38.98,11.07,6.25,6.17,42.38,18.17,10.34,21.29,8.54,12.85,20.39,20.89,0.86,0.82,2.7,1.36,0.33,1.35,101.05,8.03,,
CSX,2026-08-15,Industrials,Railroads,92920000000.0,28.97,22.04,1.38,6.4,6.6,33.23,24.37,7.35,10.16,35.27,35.27,22.21,24.74,13.34,15.98,5.15,5.89,1.37,1.25,0.82,0.72,1.11,0.16,80.45,1.97,,
CTAS,2026-08-15,Industrials,Specialty Business Services,79840000000.0,40.65,32.58,2.87,7.09,15.53,42.61,40.58,18.94,29.36,48.95,23.26,17.7,11.3,11.39,11.34,13.89,9.62,0.53,0.32,0.92,0.76,0.9399999999999998,14.44,67.36,3.32,,
CTRE,2026-08-15,Real Estate,REIT - Healthcare Facilities,9160000000.0,24.44,23.67,5.86,16.03,2.04,21.24,9.11,6.7,6.23,78.63,64.87,62.07,-3.75,8.39,4.04,13.11,21.73,0.27,0.27,6.76,6.76,4.02,0.78,104.71999999999998,10.36,,
CTS,2026-08-15,Technology,Electronic Components,1810000000.0,26.53,21.3,,3.21,3.17,19.83,12.43,8.85,10.6,39.01,15.909999999999998,12.35,21.97,9.56,,15.54,5.03,0.16,0.15,2.61,2.07,0.25,1.67,98.56,2.92,,
CTSH,2026-08-15,Technology,Information Technology Services,26480000000.0,12.62,9.31,0.96,1.22,1.84,10.19,14.92,10.83,13.55,30.659999999999997,16.11,10.26,8.94,9.74,9.68,12.13,4.86,0.14,0.13,2.18,2.18,2.24,0.49,112.53999999999999,10.0,,
CTVA,2026-08-15,Basic Materials,Agricultural Inputs,51160000000.0,50.69,18.47,1.63,2.87,2.03,81.34,4.25,2.6,3.76,45.41,16.67,5.66,12.33,10.69,11.35,12.11,4.12,0.19,0.07,1.52,1.1,0.97,0.15,89.63,2.65,,
CUBE,2026-08-15,Real Estate,REIT - Industrial,9380000000.0,28.36,26.86,13.1,8.26,3.63,16.83,12.39,5.03,5.78,45.84,39.85,29.410000000000004,5.06,0.68,2.05,11.38,10.58,1.37,1.24,0.06,0.06,5.14,0.88,103.01,4.55,,
CUBI,2026-08-15,Financial,Banks - Regional,2820000000.0,10.19,8.63,0.41,1.85,1.28,7.7,14.32,1.19,6.52,,24.76,18.7,34.94,14.62,20.93,9.0,19.25,1.07,1.03,0.33,,0.12,7.13,93.66,7.69,,
CURB,2026-08-15,Real Estate,REIT - Retail,3480000000.0,111.26,230.84,,15.42,1.53,32.08,1.44,1.16,1.05,33.66,17.17,12.8,-52.81,-24.97,,,,0.32,0.32,9.72,9.72,2.25,7.77,111.05000000000001,17.28,,
CUZ,2026-08-15,Real Estate,REIT - Office,4890000000.0,759.59,71.12,2.26,4.72,1.09,31.07,0.14,0.07,0.08,26.899999999999995,22.66,0.62,-56.42,299.3,31.49,-24.7,6.07,0.87,0.87,1.73,1.73,4.33,1.36,107.57,6.24,,
CVBF,2026-08-15,Financial,Banks - Regional,4090000000.0,16.08,11.77,,5.74,1.29,7.15,7.6,1.12,5.44,,43.64,28.84,-1.21,31.52,,3.19,6.49,0.37,0.19,0.1,,3.44,5.68,81.16,4.79,,
CVCO,2026-08-15,Consumer Cyclical,Residential Construction,4650000000.0,26.33,21.71,1.85,2.02,4.2,19.83,16.66,12.24,15.74,23.15,9.62,7.89,-5.95,23.59,11.74,23.8,15.25,0.04,0.04,2.23,1.41,,1.6500000000000001,103.64,4.96,,
CVI,2026-08-15,Energy,Oil & Gas Refining & Marketing,3540000000.0,51.35,16.47,,0.42,6.75,10.1,13.930000000000001,1.71,3.01,8.55,6.800000000000001,0.8100000000000002,128.05,525.66,,,12.75,3.43,3.37,1.42,0.92,1.02,70.83,31.869999999999997,18.57,,
CVLT,2026-08-15,Technology,Software - Application,6100000000.0,93.8,23.65,1.16,5.01,117.07,23.42,32.77,4.45,7.1,80.26,9.01,5.62,25.37,14.02,20.34,,10.35,17.63,17.49,2.04,2.04,,1.35,103.84,7.84,,
CVNA,2026-08-15,Consumer Cyclical,Auto & Truck Dealerships,83180000000.0,35.06,34.34,1.94,3.32,13.49,89.54,54.459999999999994,13.11,16.92,18.68,8.93,6.260000000000001,-4.48,36.35,17.67,,29.47,1.44,1.3,3.93,2.33,,7.3,98.53,10.68,,
CVS,2026-08-15,Healthcare,Healthcare Plans,124260000000.0,25.65,11.45,0.89,0.3,1.56,10.57,6.23,1.91,3.21,14.16,3.54,1.18,17.56,6.95,12.89,-23.94,8.4,0.96,0.91,0.87,0.66,2.81,0.16,88.79,1.46,,
CVSA,2026-08-15,Consumer Defensive,Education & Training Services,4490000000.0,20.14,13.19,1.27,2.3,3.11,11.44,18.57,9.09,11.57,60.28,19.94,13.68,9.64,10.61,10.43,38.12,16.59,0.63,0.6,1.09,1.09,,2.71,104.03999999999999,4.99,,
CVX,2026-08-15,Energy,Oil & Gas Integrated,395150000000.0,19.17,15.42,0.76,1.87,2.08,14.49,12.25,7.090000000000001,9.09,18.48,13.33,9.74,114.21,-16.96,20.4,,14.35,0.2,0.19,1.25,0.98,3.5699999999999994,0.35,74.0,1.03,,
CW,2026-08-15,Industrials,Aerospace & Defense,25830000000.0,48.12,40.86,3.05,7.07,9.32,41.31,19.75,10.16,14.55,37.73,18.89,14.81,15.46,12.04,13.39,21.83,7.91,0.41,0.34,1.6,1.12,0.14,0.45000000000000007,87.47,1.95,,
CWEN,2026-08-15,Utilities,Utilities - Renewable,7010000000.0,43.18,62.15,,4.55,2.23,10.44,4.92,0.55,0.81,16.16,13.170000000000002,5.91,-150.7,175.76,-15.1,45.81,2.44,5.34,5.04,1.21,1.11,5.52,0.8100000000000002,85.64,6.17,,
CWK,2026-08-15,Real Estate,Real Estate Services,3380000000.0,49.64,8.34,0.11,0.31,1.67,80.28,3.52,0.91,1.44,16.8,3.81,0.64,325.19,17.34,78.89,,5.58,1.5,1.38,1.08,1.13,,0.84,97.72,5.7,,
CWST,2026-08-15,Industrials,Waste Management,5770000000.0,1013.63,56.43,3.82,2.95,3.65,54.64,0.36,0.17,0.19,16.81,4.82,0.29,5.28,20.24,14.76,-41.82,18.85,0.91,0.89,0.99,0.99,,2.24,120.82,7.53,,
CWT,2026-08-15,Utilities,Utilities - Regulated Water,3120000000.0,22.7,18.38,1.94,2.96,1.72,,7.7,2.35,4.06,37.26,19.2,12.629999999999999,20.35,5.99,9.46,1.81,4.72,0.93,0.81,0.7,0.67,2.66,0.8100000000000002,86.76,2.91,,
CXM,2026-08-15,Technology,Software - Application,1610000000.0,61.46,12.66,1.64,1.85,3.3,12.71,5.08,2.55,5.46,66.34,6.24,3.29,-0.06,11.1,7.72,,17.24,0.09,0.07,1.31,1.31,,55.7,53.349999999999994,12.79,,
CXT,2026-08-15,Industrials,Specialty Industrial Machinery,2970000000.0,21.37,10.99,1.44,1.65,2.35,13.28,11.49,4.31,5.55,42.12,16.32,7.780000000000001,5.94,9.25,7.62,-4.06,-9.71,1.16,1.0,1.42,1.07,1.39,13.77,105.76,14.81,,
CXW,2026-08-15,Industrials,Security & Protection Services,3250000000.0,26.15,13.89,,1.31,2.26,56.63,8.77,3.92,4.79,17.09,9.94,5.15,1406.94,-85.48,,19.27,3.02,0.94,0.86,1.32,1.32,,3.4799999999999995,84.01,3.74,,
CYTK,2026-08-15,Healthcare,Biotechnology,10310000000.0,,,,152.3,,,,-56.76,-85.25,69.42,-1046.12,-1321.12,7.13,26.07,32.67,-27.07,9.54,,,6.66,6.66,,4.17,107.91,11.49,,
CZR,2026-08-15,Consumer Cyclical,Resorts & Casinos,6060000000.0,,138.26,,0.52,1.8,11.84,-12.79,-1.45,-1.65,37.69,17.69,-3.9900000000000007,63.86,124.6,,29.15,25.92,7.36,7.33,0.85,0.83,,6.370000000000001,86.57,9.27,,
DD,2026-08-15,Basic Materials,Specialty Chemicals,19750000000.0,347.41,18.43,0.93,2.39,1.43,18.83,2.78,1.78,0.33,32.74,15.32,0.67,43.79,9.53,19.73,14.2,-13.74,0.23,0.23,2.43,1.82,2.03,0.38,81.66,3.87,,
DAL,2026-08-15,Industrials,Airlines,58760000000.0,14.84,10.09,0.48,0.86,2.69,17.23,20.13,4.8,10.54,15.960000000000003,8.08,5.79,14.21,33.17,20.87,,29.96,0.92,0.72,0.42,0.35,0.8,0.5,87.84,3.92,,
DAN,2026-08-15,Consumer Cyclical,Auto Parts,3260000000.0,,7.72,0.06,0.43,1.7,27.91,-2.88,-0.63,-2.26,9.1,4.02,-0.9899999999999999,419.33,104.58,133.71,,1.08,0.78,0.75,1.49,1.03,1.53,1.54,102.73999999999998,3.63,,
DAR,2026-08-15,Consumer Defensive,Packaged Foods,10580000000.0,18.01,11.33,0.08,1.62,2.02,12.0,12.13,5.63,6.46,18.29,8.9,9.13,1534.97,-7.17,134.85,-26.07,11.37,0.8,0.76,1.56,1.03,,1.32,105.27,4.32,,
DASH,2026-08-15,Consumer Cyclical,Internet Retail,94040000000.0,113.96,47.41,0.97,5.92,9.48,43.96,8.93,4.61,6.41,45.12,5.46,5.29,22.07,76.05,49.11,,36.58,0.33,0.32,1.36,1.36,,14.48,80.06,4.88,,
DAVE,2026-08-15,Technology,Software - Application,4269999999.9999995,21.7,17.07,0.64,6.63,20.53,13.07,104.81,47.67,55.52,71.73,35.31,34.6,1.84,42.27,26.77,,37.95,1.29,0.93,4.22,4.22,,23.16,101.05999999999999,23.62,,
DBD,2026-08-15,Technology,Software - Application,2480000000.0,23.9,10.41,,0.64,2.56,10.42,10.76,2.97,5.5,26.280000000000005,9.0,2.87,-3.88,30.65,,,-0.49,1.14,1.09,1.27,0.83,,1.91,136.83,8.0,,
DBX,2026-08-15,Technology,Software - Infrastructure,7490000000.0,19.11,10.36,0.9,2.96,,7.77,,15.8,28.1,79.59,26.5,17.49,7.97,8.34,11.46,,5.66,,,1.06,1.06,,38.36,80.93,19.28,,
DCH,2026-08-15,Consumer Cyclical,Auto Parts,1600000000.0,,5.71,0.15,0.19,1.06,,-14.99,-2.0,-2.45,9.54,3.44,-1.9900000000000002,70.17,30.6,39.31,49.29,4.38,3.44,3.42,1.4,1.02,,4.04,102.85,10.03,,
DCI,2026-08-15,Industrials,Specialty Industrial Machinery,11120000000.0,25.8,21.93,1.99,2.92,6.56,28.61,27.779999999999998,14.42,19.19,34.31,15.439999999999998,11.52,11.04,10.66,11.01,8.76,7.41,0.36,0.35,2.35,1.55,1.25,0.58,89.47,2.93,,
DCOM,2026-08-15,Financial,Banks - Regional,1810000000.0,14.87,9.44,,2.41,1.35,9.15,8.58,0.8699999999999999,6.87,,24.15,15.93,29.19,29.65,,6.33,24.2,0.43,0.21,0.47,,2.44,3.93,90.09,8.46,,
DDOG,2026-08-15,Technology,Software - Application,91730000000.0,521.88,86.35,4.15,23.12,21.0,77.6,4.7,2.66,3.17,79.48,0.48,4.48,23.38,16.97,20.82,,41.53,0.29,0.28,3.16,3.16,,8.72,83.22,3.58,,
DE,2026-08-15,Industrials,Farm & Heavy Construction Machinery,164350000000.0,34.5,27.34,2.05,3.47,6.0,43.62,18.51,4.48,6.87,36.85,20.45,10.09,-2.32,23.25,13.35,16.32,5.13,2.34,1.54,0.79,0.55,1.1,7.449999999999999,76.39,2.52,,
DEA,2026-08-15,Real Estate,REIT - Office,1170000000.0,119.7,81.28,8.99,3.28,0.89,4.36,0.71,0.28,0.31,32.79,23.65,2.63,-14.81,32.61,9.04,-5.89,6.52,1.31,1.3,5.82,5.82,7.26,6.36,79.07,3.78,,
DECK,2026-08-15,Consumer Cyclical,Footwear & Accessories,12680000000.0,13.21,11.14,1.06,2.3,5.53,11.34,42.56,26.33,37.58,56.28999999999999,22.43,18.42,7.33,10.92,10.51,25.63,16.45,0.21,0.17,2.75,1.99,,0.8699999999999999,99.88,4.71,,
DEI,2026-08-15,Real Estate,REIT - Office,1960000000.0,,,,1.94,1.06,10.92,-1.28,-0.26,-0.36,23.86,19.0,-2.43,-239.44,16.05,,-20.75,2.4,3.12,2.72,0.47,0.47,6.550000000000001,3.5000000000000004,103.25,17.5,,
DELL,2026-08-15,Technology,Computer Hardware,318180000000.0,39.0,21.63,0.58,2.37,,33.7,,8.33,37.04,19.09,8.57,6.27,81.62,21.28,37.22,15.51,5.56,,,0.95,0.74,0.51,53.53,40.29,4.37,,
DFH,2026-08-15,Consumer Cyclical,Residential Construction,1420000000.0,10.98,13.16,,0.34,0.99,,9.58,3.8599999999999994,4.32,15.68,4.37,3.2199999999999998,-47.2,4.87,,20.19,30.69,1.15,1.15,4.92,0.53,,69.97,33.35,23.58,,
DFIN,2026-08-15,Technology,Software - Application,1200000000.0,33.8,8.97,0.67,1.55,3.12,7.91,8.59,4.12,5.97,56.48,19.92,4.53,12.09,13.28,13.34,,-3.03,0.55,0.52,1.33,1.33,,5.96,102.95,4.68,,
DG,2026-08-15,Consumer Defensive,Discount Stores,27190000000.0,17.43,15.34,1.73,0.63,3.08,12.35,18.91,4.99,6.78,28.360000000000003,5.26,3.63,7.87,8.74,8.88,-8.39,4.83,1.79,1.61,1.17,0.25,1.8900000000000001,0.78,98.7,3.44,,
DGII,2026-08-15,Technology,Communication Equipment,3230000000.0,67.16,27.18,1.56,6.38,4.71,23.75,7.46,5.62,6.08,61.69,15.1,9.63,28.19,16.34,17.37,30.59,9.03,0.17,0.17,1.13,0.78,,3.18,103.99000000000001,5.0,,
DGX,2026-08-15,Healthcare,Diagnostics & Research,25870000000.0,24.86,19.44,1.95,2.24,3.43,19.18,14.35,6.43,7.72,31.869999999999997,14.56,9.15,13.62,7.74,9.96,-3.64,3.18,0.85,0.82,1.59,1.46,1.42,0.48,98.36,3.35,,
DHI,2026-08-15,Consumer Cyclical,Residential Construction,41620000000.0,14.16,12.66,2.23,1.25,1.75,13.0,12.75,8.37,9.85,22.61,12.08,9.15,-9.45,12.19,5.67,12.53,11.02,0.3,0.3,10.45,0.96,1.2,11.03,86.39,4.23,,
DHR,2026-08-15,Healthcare,Diagnostics & Research,142320000000.0,35.95,21.8,2.33,5.67,2.71,26.04,7.61,4.59,5.15,58.97,21.19,15.950000000000001,9.02,9.23,9.34,0.65,1.97,0.53,0.48,1.65,1.25,0.71,9.11,83.65,1.89,,
DINO,2026-08-15,Energy,Oil & Gas Refining & Marketing,16649999999.999998,8.94,9.6,0.79,0.53,1.62,7.21,19.41,10.6,14.15,10.13,8.58,6.08,181.29,-31.48,12.15,,19.15,0.32,0.31,1.97,1.1,2.18,5.57,85.62,5.27,,
DIOD,2026-08-15,Technology,Semiconductors,4770000000.0,55.73,17.94,0.16,2.92,2.43,33.44,4.5,3.4099999999999997,4.28,30.61,4.8,5.27,166.12,77.62,114.26,-5.41,3.81,0.05,0.03,3.17,1.99,,2.35,100.82,3.85,,
DIS,2026-08-15,Communication Services,Entertainment,184500000000.0,22.04,14.35,1.21,1.86,1.68,22.25,7.85,4.29,5.83,32.19,15.43,8.68,15.79,8.47,11.85,,7.66,0.42,0.34,0.65,0.59,1.29,0.17,77.97,1.13,,
DKS,2026-08-15,Consumer Cyclical,Specialty Retail,18080000000.0,19.2,12.3,0.99,0.94,3.19,45.01,20.9,6.4,7.27,32.43,6.959999999999999,4.71,8.55,14.59,12.42,11.75,12.43,1.39,1.22,1.5,0.38,2.44,29.580000000000002,80.74,11.86,,
DLB,2026-08-15,Industrials,Specialty Business Services,5840000000.0,26.46,13.62,2.15,4.31,2.26,14.88,8.72,7.12,8.63,87.61,19.33,16.7,1.95,5.96,6.35,3.08,3.04,0.02,0.01,3.19,3.11,2.31,37.45,66.69,10.76,,
DLR,2026-08-15,Real Estate,REIT - Specialty,74060000000.0,97.36,78.43,,10.81,2.77,,3.17,1.55,1.72,28.410000000000004,19.14,11.07,-24.73,-5.3,-3.65,28.98,9.38,0.72,0.69,2.66,2.66,2.45,0.03,97.76,2.28,,
DLTR,2026-08-15,Consumer Defensive,Discount Stores,24870000000.0,20.22,16.76,1.2,1.26,7.14,15.96,33.98,7.84,12.74,36.71,8.44,6.509999999999999,22.0,10.05,13.96,1.91,-5.32,2.17,1.88,1.16,0.39,,0.17,106.54,5.18,,
DLX,2026-08-15,Industrials,Conglomerates,1100000000.0,11.01,5.89,,0.52,1.56,5.27,14.95,3.95,4.63,52.54,12.55,4.76,3.0,8.02,,75.48,3.56,2.08,2.07,1.2,1.08,4.99,3.1300000000000003,91.41,8.15,,
DMC,2026-08-15,Consumer Defensive,Farm Products,1430000000.0,42.7,9.65,,0.33,0.71,11.06,1.67,1.04,1.33,9.27,3.7699999999999996,0.79,-38.86,40.0,,12.78,0.59,0.3,0.27,2.23,1.04,3.95,18.58,71.92,5.6,,
DNOW,2026-08-15,Industrials,Industrial Distribution,2970000000.0,,19.87,2.75,0.73,1.42,21.84,-11.57,-6.87,-7.03,15.9,-2.55,-4.6,-59.69,138.46,7.22,28.0,11.74,0.3,0.28,2.14,1.06,,1.7000000000000002,108.0,8.76,,
DOC,2026-08-15,Real Estate,REIT - Healthcare Facilities,14690000000.0,59.43,154.27,17.55,4.98,1.83,13.25,3.08,1.17,1.39,20.87,17.95,8.23,281.33,-64.66,8.79,,11.4,1.32,1.22,3.4,3.4,5.89,0.32,97.48,3.55,,
DOCN,2026-08-15,Technology,Software - Infrastructure,15280000000.0,59.23,72.57,6.82,15.11,14.66,85.15,62.27,9.71,10.05,57.220000000000006,14.800000000000002,23.27,-31.46,23.21,10.64,,23.14,2.13,1.52,1.31,1.31,,17.93,84.79,8.96,,
DOCS,2026-08-15,Healthcare,Health Information Services,4420000000.0,29.41,15.94,2.53,6.74,4.87,14.88,17.21,14.6,18.09,87.41,30.570000000000004,25.480000000000004,-11.1,15.16,6.3,52.71,25.53,0.01,0.01,6.04,6.04,,31.129999999999995,64.13,20.02,,
DOCU,2026-08-15,Technology,Software - Application,11850000000.0,40.28,12.18,0.94,3.6,6.58,10.58,16.44,7.95,15.86,79.06,10.64,9.59,17.83,12.57,13.02,,17.25,0.1,0.09,0.66,0.66,,0.64,96.22,7.97,,
DORM,2026-08-15,Consumer Cyclical,Auto Parts,4050000000.0,18.9,14.69,3.85,1.88,2.67,57.23,15.049999999999999,8.82,10.73,41.83,17.15,10.18,-2.31,7.18,3.81,15.0,14.28,0.35,0.35,3.6,1.73,,13.5,96.41,6.67,,
DOV,2026-08-15,Industrials,Specialty Industrial Machinery,27890000000.0,24.93,17.63,1.82,3.31,3.63,23.8,14.91,8.41,11.04,40.09,18.09,13.48,11.28,9.86,9.7,11.05,3.9,0.42,0.33,1.98,1.41,1.04,0.7,92.3,2.93,,
DOW,2026-08-15,Basic Materials,Chemicals,22440000000.0,,17.37,,0.54,1.42,14.04,-7.89,-2.16,-3.83,9.44,3.64,-3.16,366.82,-28.69,,,0.73,1.22,1.15,1.75,1.14,4.48,0.26,74.39,4.9,,
DPZ,2026-08-15,Consumer Cyclical,Restaurants,11460000000.0,19.63,16.64,1.94,2.28,,17.53,,33.38,54.88,40.02,19.3,11.86,7.83,9.82,8.56,7.23,3.71,,,1.54,1.41,2.3,0.62,115.23999999999998,9.66,,
DRH,2026-08-15,Real Estate,REIT - Hotel & Motel,2540000000.0,17.14,20.04,2.22,2.23,1.66,15.52,9.92,5.02,5.65,19.38,16.26,13.089999999999998,56.07,-10.19,9.01,,30.2,0.79,0.79,1.32,1.32,3.2300000000000004,1.31,114.91,6.11,,
DRI,2026-08-15,Consumer Cyclical,Restaurants,25580000000.0,21.68,18.15,2.16,1.94,11.64,23.41,53.72,8.36,12.99,17.43,12.17,9.13,6.09,9.95,8.4,16.79,12.92,3.63,3.21,0.31,0.21,2.9,0.31,101.69,5.4,,
DT,2026-08-15,Technology,Software - Application,14200000000.0,97.66,21.61,1.29,6.78,5.82,24.89,5.88,3.7000000000000006,5.85,81.35,13.03,7.22,16.61,14.69,16.76,15.17,23.47,0.06,0.06,1.12,1.12,,0.86,102.53000000000002,4.02,,
DTE,2026-08-15,Utilities,Utilities - Regulated Electric,29310000000.0,22.25,16.88,2.41,1.8,2.41,,11.01,2.47,3.43,16.03,12.64,8.05,4.81,8.19,7.01,-0.08,5.8,2.29,2.15,0.8,0.53,3.38,0.45000000000000007,80.94,2.59,,
DTM,2026-08-15,Energy,Oil & Gas Midstream,13970000000.0,30.03,27.11,2.9,10.66,2.92,26.3,9.9,4.64,5.75,53.05,49.69,35.73,10.44,6.33,9.36,5.96,10.51,0.71,0.7,1.37,1.37,2.56,0.55,89.55,4.03,,
DUK,2026-08-15,Utilities,Utilities - Regulated Electric,96620000000.0,18.59,17.29,2.57,2.91,1.8,,9.91,2.68,3.8,31.370000000000005,26.619999999999997,15.61,6.24,6.93,6.74,29.7,6.2,1.68,1.52,0.66,0.43,3.53,0.14,70.41,2.11,,
DUOL,2026-08-15,Technology,Software - Application,6210000000.0,15.93,39.08,,5.43,4.4,15.23,34.42,22.72,27.46,72.22,14.21,35.87,-67.44,22.23,-21.72,,45.03,0.06,0.06,2.72,2.72,,15.21,86.92,18.31,,
DV,2026-08-15,Communication Services,Advertising Agencies,2060000000.0,36.89,23.17,0.82,2.68,1.88,12.83,5.39,4.52,4.96,74.44,12.689999999999998,7.66,49.03,28.27,28.33,18.42,25.13,0.1,0.08,4.5,4.5,,13.16,91.82,7.81,,
DVA,2026-08-15,Healthcare,Medical Care Facilities,11490000000.0,15.19,10.56,0.47,0.82,,7.14,635.3,4.67,6.81,27.29,14.93,5.87,37.71,14.9,22.62,8.29,3.39,,,1.47,1.41,,2.07,94.91,6.86,,
DVN,2026-08-15,Energy,Oil & Gas E&P,50440000000.0,10.86,9.18,0.68,2.55,1.26,33.25,11.55,6.41,6.31,27.089999999999996,24.36,16.55,29.53,-1.64,13.54,,31.53,0.28,0.25,0.72,0.67,2.51,1.6500000000000001,76.11,2.79,,
DXC,2026-08-15,Technology,Information Technology Services,1720000000.0,15.29,3.65,2.92,0.14,0.57,1.38,3.9800000000000004,0.9399999999999998,1.91,14.000000000000002,1.59,0.9899999999999999,-19.74,14.07,1.25,,-6.54,1.37,1.12,1.41,1.41,,2.24,116.19999999999999,18.18,,
DXCM,2026-08-15,Healthcare,Medical Devices,33869999999.999996,35.43,28.76,1.36,6.82,12.92,24.11,38.49,14.510000000000002,25.0,63.57000000000001,22.92,20.12,27.64,16.98,21.18,10.55,19.33,0.53,0.53,1.73,1.43,,1.7399999999999998,100.93,4.73,,
DXPE,2026-08-15,Industrials,Industrial Distribution,3120000000.0,35.39,26.22,1.5,1.46,5.76,26.26,18.47,5.86,6.6,31.759999999999998,8.93,4.35,19.19,18.58,17.44,,14.94,1.66,1.61,2.99,2.58,,17.43,76.59,3.06,,
DY,2026-08-15,Industrials,Engineering & Construction,12590000000.0,39.87,20.98,0.8,2.01,6.64,28.58,19.7,6.709999999999999,6.43,15.299999999999999,8.03,4.98,38.63,20.35,26.3,54.95,11.63,1.58,1.56,2.58,2.46,,1.3,92.47,4.86,,
EA,2026-08-15,Communication Services,Electronic Gaming & Multimedia,52930000000.0,49.12,,,6.69,7.46,25.69,16.46,8.92,12.64,79.38,18.56,13.69,,,,4.11,6.0,0.22,0.21,1.21,1.21,0.36,0.12,78.74,5.05,,
EAT,2026-08-15,Consumer Cyclical,Restaurants,10170000000.0,21.76,16.31,1.1,1.75,25.06,18.24,119.57,16.19,23.67,14.88,10.82,8.39,23.06,10.04,14.84,30.94,11.71,3.64,3.64,0.45,0.26,,1.27,114.41,12.77,,
EBAY,2026-08-15,Consumer Cyclical,Internet Retail,45900000000.0,21.35,15.29,1.34,3.79,9.84,17.49,46.44,12.18,22.03,72.59,21.44,18.36,11.16,9.91,11.38,11.61,4.64,1.53,1.16,1.02,1.02,1.19,10.07,91.9,4.34,,
EBC,2026-08-15,Financial,Banks - Regional,5400000000.0,13.39,11.09,,3.62,1.26,13.52,9.44,1.33,7.87,,26.919999999999998,25.21,19.98,13.86,,26.68,12.2,0.12,0.12,0.03,,2.47,7.7,86.02,7.88,,
ECG,2026-08-15,Industrials,Engineering & Construction,7200000000.0,28.37,23.64,1.26,1.69,9.31,28.77,39.52,14.38,23.4,12.94,7.829999999999999,5.96,34.18,12.57,18.76,16.45,16.25,0.47,0.41,1.59,1.53,,0.4,84.82,3.68,,
ECL,2026-08-15,Basic Materials,Specialty Chemicals,77400000000.0,37.04,29.35,2.32,4.6,7.7,41.29,21.85,7.89,9.39,44.24,18.22,12.57,8.38,15.29,12.66,,6.4,1.38,1.24,1.84,1.57,1.06,10.54,81.75,1.23,,
ECPG,2026-08-15,Financial,Credit Services,2200000000.0,7.85,7.1,,1.16,2.04,17.58,30.54,5.61,5.73,70.81,37.77,15.920000000000002,23.9,8.16,,10.31,3.27,3.87,3.87,1.29,1.29,,4.36,107.89999999999999,5.06,,
ED,2026-08-15,Utilities,Utilities - Regulated Electric,40100000000.0,17.87,16.78,2.54,2.27,1.42,,8.96,3.0,4.19,61.56,17.98,12.53,7.06,6.26,6.61,11.45,6.69,1.11,1.06,1.27,1.17,3.2799999999999994,0.19,76.64,3.53,,
EEFT,2026-08-15,Technology,Software - Infrastructure,2740000000.0,11.49,6.07,0.49,0.63,2.23,11.16,22.34,4.42,9.14,20.52,11.55,6.59,11.63,12.41,12.42,,11.32,2.28,1.56,1.37,1.37,,7.02,103.93,11.63,,
EFC,2026-08-15,Real Estate,REIT - Mortgage,1760000000.0,8.33,7.02,,2.8,1.0,1.85,12.35,1.18,1.48,82.52,81.18,31.120000000000005,9.85,-4.66,-0.9,24.76,32.4,9.4,6.73,0.21,0.2,11.49,2.29,53.77000000000001,5.42,,
EFOR,2026-08-15,Technology,Information Technology Services,1300000000.0,16.3,7.39,1.26,0.33,0.72,5.87,4.57,2.15,2.53,26.88,5.7,2.09,-20.41,18.28,5.88,-7.08,2.59,0.83,0.82,2.13,2.13,,4.07,107.02000000000001,11.67,,
EFX,2026-08-15,Industrials,Consulting Services,21250000000.0,31.78,17.78,1.05,3.3,4.86,19.23,14.580000000000002,5.79,8.19,44.05,18.53,10.73,11.99,18.7,17.01,4.67,8.04,1.25,0.93,0.6,0.6,1.24,0.78,104.47,5.98,,
EG,2026-08-15,Financial,Insurance - Reinsurance,14190000000.0,7.83,6.16,0.4,0.85,0.93,6.36,12.57,3.4000000000000004,10.06,,14.23,11.27,19.38,12.96,15.23,24.23,12.76,0.23,0.23,0.4,,2.22,25.45,104.15,5.49,,
EGBN,2026-08-15,Financial,Banks - Regional,877940000.0,,12.16,,1.48,0.76,16.61,-3.2799999999999994,-0.38,-3.05,,-9.38,-6.45,135.96,56.41,,,7.99,0.18,0.09,0.17,,0.14,8.01,81.39,9.57,,
EGP,2026-08-15,Real Estate,REIT - Industrial,10920000000.0,35.64,34.81,4.01,14.5,3.05,24.55,8.73,5.69,5.97,44.05,40.54,40.47,22.11,-1.91,8.68,12.06,14.49,0.47,0.43,0.43,0.43,3.15,1.04,103.08,4.4,,
EHC,2026-08-15,Healthcare,Medical Care Facilities,12190000000.0,20.12,18.51,1.84,1.96,4.7,29.49,24.75,8.48,11.52,21.95,18.0,9.98,12.17,9.24,10.08,14.24,5.03,1.09,1.07,1.19,1.19,0.48,1.22,99.95,3.75,,
EIG,2026-08-15,Financial,Insurance - Specialty,875220000.0,69.94,19.5,0.41,1.04,1.02,44.43,0.78,0.25,0.77,,1.12,0.91,147.32,8.66,47.81,-35.03,3.84,0.15,0.15,0.38,,2.75,2.89,83.66,5.47,,
EIX,2026-08-15,Utilities,Utilities - Regulated Electric,27480000000.0,7.36,10.97,6.61,1.41,1.58,,22.58,4.18,6.94,34.12,29.880000000000003,19.28,-6.35,6.16,1.66,42.36,7.31,2.48,2.17,0.66,0.61,4.9,0.18,95.57,3.84,,
EL,2026-08-15,Consumer Defensive,Household & Personal Products,31150000000.0,,27.01,0.75,2.1,7.8,24.24,-5.95,-1.25,-2.0,74.73,10.38,-1.67,61.41,30.8,36.23,,0.04,2.33,2.1,1.27,0.94,1.67,31.869999999999997,63.44,3.23,,
ELAN,2026-08-15,Healthcare,Drug Manufacturers - Specialty & Generic,11830000000.0,,18.83,1.23,2.36,1.79,31.2,-2.98,-1.46,-1.91,44.28,6.63,-3.9599999999999995,19.33,12.07,15.3,18.11,7.57,0.59,0.58,2.05,1.1,,1.01,111.96,7.28,,
ELF,2026-08-15,Consumer Defensive,Household & Personal Products,5400000000.0,92.96,23.8,2.09,3.06,4.61,19.26,6.04,3.16,2.89,69.2,12.0,3.38,15.39,6.39,11.36,29.9,38.76,0.8,0.76,2.55,1.82,,3.49,90.97,14.08,,
ELS,2026-08-15,Real Estate,REIT - Residential,13160000000.0,31.88,29.8,5.02,8.41,7.24,37.12,23.03,6.98,7.92,38.2,34.27,25.69,2.75,6.61,5.93,9.89,7.09,1.88,1.88,0.25,0.25,3.3099999999999996,1.17,108.37999999999998,3.91,,
ELV,2026-08-15,Healthcare,Healthcare Plans,86820000000.0,17.79,13.51,3.45,0.43,1.93,13.8,11.2,4.0,6.57,,3.63,2.47,-10.41,9.22,3.92,6.99,10.32,0.69,0.68,1.52,,1.72,0.29,94.39,2.58,,
EME,2026-08-15,Industrials,Engineering & Construction,36890000000.0,25.95,22.76,1.36,1.98,9.07,31.49,40.37,15.509999999999998,31.85,19.43,9.6,7.739999999999999,25.65,13.04,16.79,63.69,14.07,0.13,0.11,1.28,1.25,0.18,0.74,94.86,2.28,,
EMN,2026-08-15,Basic Materials,Specialty Chemicals,8470000000.000001,19.3,10.76,0.88,0.95,1.39,15.72,7.41,2.88,4.19,19.97,9.52,4.98,17.48,8.15,12.18,3.21,0.7,0.86,0.73,1.5,0.76,4.56,1.0,93.66,4.65,,
EMR,2026-08-15,Industrials,Specialty Industrial Machinery,91020000000.0,35.66,22.47,2.19,4.88,4.47,26.31,12.809999999999999,6.08,9.06,48.67,20.6,13.84,9.21,10.83,10.26,4.55,1.41,0.68,0.4,0.9,0.66,1.36,0.29,83.63,2.23,,
ENOV,2026-08-15,Healthcare,Medical Devices,1500000000.0,,6.5,0.63,0.65,1.02,23.61,-54.25,-25.03,-39.52,53.339999999999996,3.4099999999999997,-47.9,10.1,10.34,10.4,,-6.05,0.93,0.88,1.98,1.0,,2.44,120.61,15.18,,
ENPH,2026-08-15,Technology,Solar,5350000000.0,40.11,18.45,,4.03,4.53,35.05,13.0,4.4,7.5,62.84,25.629999999999995,10.09,-32.96,10.59,-4.01,6.42,13.72,0.52,0.51,3.45,2.95,,3.06,101.08,17.98,,
ENR,2026-08-15,Industrials,Electrical Equipment & Parts,1560000000.0,19.37,6.74,,0.52,7.67,10.45,42.18,1.81,2.28,38.37,15.689999999999998,2.73,-6.38,2.54,-0.05,48.05,1.47,16.88,16.62,2.07,1.1,5.49,12.98,99.98,12.4,,
ENS,2026-08-15,Industrials,Electrical Equipment & Parts,7340000000.0,21.76,14.16,1.25,1.93,3.75,10.23,18.4,8.74,11.83,30.65,14.540000000000001,9.29,24.84,8.99,11.31,18.33,4.73,0.53,0.51,2.8,1.83,0.54,1.37,101.31000000000002,5.89,,
ENSG,2026-08-15,Healthcare,Medical Care Facilities,10590000000.0,28.46,21.24,1.7,1.93,4.34,25.26,16.98,7.090000000000001,8.29,13.96,8.78,6.9,18.63,9.73,12.53,13.84,16.5,0.92,0.87,1.21,1.21,0.15,3.6000000000000005,90.3,3.0,,
ENTG,2026-08-15,Technology,Semiconductor Equipment & Materials,24720000000.0,81.01,31.96,1.02,7.43,5.94,42.97,7.670000000000001,3.62,3.96,39.92,17.09,9.18,42.47,29.19,31.32,-6.49,11.45,0.86,0.86,3.05,1.85,0.2,0.51,110.98000000000002,5.79,,
ENVA,2026-08-15,Financial,Credit Services,6610000000.0,19.68,12.31,0.45,1.92,4.41,3.38,26.08,5.49,5.43,,24.14,10.31,33.8,24.32,27.43,-0.31,23.8,3.37,3.37,20.2,20.2,,5.18,97.17,8.78,,
EOG,2026-08-15,Energy,Oil & Gas E&P,74800000000.0,11.09,9.92,0.73,2.8,2.35,11.3,22.51,13.61,17.29,43.24,35.12,25.75,62.6,-13.01,13.56,,17.92,0.26,0.25,1.85,1.68,2.9,0.24,96.88,3.1,,
EPAC,2026-08-15,Industrials,Specialty Industrial Machinery,1890000000.0,20.88,17.93,2.38,2.98,4.45,16.82,21.64,11.38,15.58,49.05,21.76,14.719999999999999,3.04,10.46,7.52,169.38,4.57,0.44,0.41,2.67,2.04,0.11,1.6399999999999997,99.01,3.28,,
EPAM,2026-08-15,Technology,Information Technology Services,5180000000.0,13.61,7.13,0.74,0.92,1.47,10.74,11.18,8.65,11.06,26.94,9.8,7.15,14.29,7.3,9.68,3.71,15.46,0.04,0.03,2.75,2.75,,3.47,115.33,16.38,,
EPC,2026-08-15,Consumer Defensive,Household & Personal Products,1310000000.0,,14.12,,0.64,0.9,25.0,-2.87,-1.19,-3.45,41.7,6.460000000000001,-4.55,-23.6,4.53,-6.09,-15.49,2.66,0.88,0.85,1.84,1.12,3.46,1.41,118.71000000000001,10.22,,
EPR,2026-08-15,Real Estate,REIT - Specialty,4690000000.0,19.65,19.92,,6.32,2.03,10.64,11.35,4.53,4.51,51.22,36.64,32.18,-7.02,0.83,-0.23,,11.87,1.53,1.53,7.95,7.95,6.02,2.45,84.16,9.68,,
EPRT,2026-08-15,Real Estate,REIT - Retail,6770000000.0,24.14,21.79,4.75,10.86,1.52,,6.5,3.8900000000000006,3.65,71.46,64.81,42.74,3.5,7.61,4.59,402.11,28.08,0.66,0.66,3.19,3.19,4.1,0.58,118.22,8.34,,
EQH,2026-08-15,Financial,Asset Management,14500000000.0,,5.91,0.25,1.23,,13.6,-508.79,-0.3,-30.32,,-3.26,-8.34,27.07,25.4,23.23,-25.44,-0.54,,,11.62,,2.16,0.61,96.42,2.41,,
EQIX,2026-08-15,Real Estate,REIT - Specialty,108750000000.0,70.93,58.46,3.96,11.09,7.56,,10.77,3.84,4.23,31.69,9.22,15.629999999999999,24.99,9.62,14.77,26.89,8.96,1.62,1.52,1.13,1.13,1.8799999999999997,0.31,100.55000000000001,1.94,,
EQR,2026-08-15,Real Estate,REIT - Residential,24740000000.0,28.95,41.59,,7.83,2.36,20.48,8.13,4.24,4.66,30.79,28.82,27.68,-55.07,20.08,-14.42,5.27,3.91,0.79,0.79,0.07,0.07,4.26,1.08,98.61,2.81,,
EQT,2026-08-15,Energy,Oil & Gas E&P,34040000000.0,12.62,13.55,0.67,3.59,1.35,9.04,11.62,6.7,8.8,48.14,42.38,28.610000000000003,38.16,-4.7,20.27,,25.73,0.22,0.22,0.67,0.67,1.21,1.09,93.72,2.94,,
ERIE,2026-08-15,Financial,Insurance Brokers,11920000000.0,23.37,,,2.89,4.83,21.55,24.81,17.26,23.39,17.9,17.93,14.01,18.62,,,13.78,9.9,0.0,0.0,1.25,1.25,2.29,46.53,44.95,11.43,,
ES,2026-08-15,Utilities,Utilities - Regulated Electric,27260000000.0,18.74,14.7,4.31,1.95,1.67,91.55,9.06,2.33,3.35,30.409999999999997,22.34,10.35,-2.28,5.84,3.41,5.15,8.75,1.82,1.64,0.8,0.74,4.34,0.15,86.4,2.87,,
ESAB,2026-08-15,Industrials,Metal Fabrication,5270000000.0,30.55,13.19,1.14,1.76,2.23,26.82,8.58,3.6000000000000005,3.39,33.46,14.150000000000002,5.66,3.96,17.14,11.54,7.02,7.83,1.0,0.99,1.96,1.22,0.3,6.660000000000001,102.37,8.94,,
ESE,2026-08-15,Technology,Scientific & Technical Instruments,7920000000.0,55.79,32.83,1.58,6.14,4.9,38.23,9.5,5.65,8.17,35.68,15.659999999999998,11.01,38.52,11.55,20.76,41.77,8.44,0.09,0.08,1.38,0.94,0.1,0.54,98.99,2.11,,
ESI,2026-08-15,Basic Materials,Specialty Chemicals,9460000000.0,52.88,18.63,1.12,3.0,3.36,68.68,6.570000000000001,3.3099999999999996,3.67,38.42,14.77,5.67,21.76,14.84,16.59,21.04,6.6,0.75,0.73,2.91,2.11,0.55,6.41,101.44999999999999,3.98,,
ESNT,2026-08-15,Financial,Insurance - Specialty,6250000000.0,9.71,9.02,1.86,4.82,1.1,7.57,12.01,9.19,11.05,,65.77,52.459999999999994,7.99,3.55,4.84,12.18,5.73,0.09,0.09,3.22,,2.01,3.63,100.79,3.02,,
ESS,2026-08-15,Real Estate,REIT - Residential,19110000000.0,44.75,46.22,,9.92,3.47,16.08,7.55,3.17,3.56,36.84,29.26,21.48,-44.96,8.67,-13.51,3.69,4.76,1.27,1.18,0.09,0.09,3.61,0.8100000000000002,104.01,3.49,,
ETN,2026-08-15,Industrials,Specialty Industrial Machinery,175370000000.0,45.94,28.24,1.81,5.84,8.66,44.58,19.71,7.919999999999999,9.7,35.9,19.44,12.75,11.88,18.41,15.57,24.52,8.98,1.05,0.95,1.24,0.79,0.9199999999999999,0.21,86.3,1.76,,
ETR,2026-08-15,Utilities,Utilities - Regulated Electric,50320000000.0,27.57,21.14,1.51,3.73,2.76,,10.42,2.47,3.64,28.57,22.23,13.33,12.47,15.99,13.98,2.5,5.38,1.88,1.71,0.88,0.66,2.39,0.25,96.73,4.36,,
ETSY,2026-08-15,Consumer Cyclical,Internet Retail,7330000000.0,47.01,17.46,0.31,2.56,,11.69,,16.22,20.29,72.3,16.1,7.32,144.76,34.55,56.1,-12.32,10.81,,,1.48,1.48,,1.18,123.76,10.76,,
EVR,2026-08-15,Financial,Capital Markets,11820000000.0,17.38,13.61,0.69,2.49,6.36,7.36,42.41,17.76,25.81,98.79,22.57,15.71,34.25,15.58,19.7,11.3,11.12,0.59,0.55,2.47,2.47,1.15,6.849999999999999,93.13,3.75,,
EVRG,2026-08-15,Utilities,Utilities - Regulated Electric,19370000000.0,21.29,18.42,2.03,3.21,1.9,,9.17,2.71,4.11,32.48,25.55,15.329999999999998,11.25,7.05,9.07,6.15,3.8,1.61,1.2,0.36,0.21,3.29,1.35,93.49,8.17,,
EVTC,2026-08-15,Technology,Software - Infrastructure,1890000000.0,20.61,7.21,0.7,1.89,2.94,9.05,15.57,4.39,5.15,36.81,19.93,9.8,10.45,9.5,10.37,8.98,12.79,2.06,1.95,1.7,1.7,0.48,2.42,105.52,4.11,,
EW,2026-08-15,Healthcare,Medical Devices,52800000000.0,54.36,27.07,1.93,8.11,4.97,36.83,9.26,7.16,8.67,78.28,28.53,15.049999999999999,17.18,12.79,14.03,6.79,6.7,0.07,0.06,4.52,3.77,,1.29,89.26,1.77,,
EWBC,2026-08-15,Financial,Banks - Regional,18720000000.0,13.12,12.06,1.46,4.0,2.02,10.05,16.58,1.78,12.11,,39.68,30.9,11.7,6.52,8.25,19.12,21.14,0.45,0.29,0.13,,2.34,0.78,94.04,3.22,,
EXC,2026-08-15,Utilities,Utilities - Regulated Electric,47340000000.0,16.8,15.11,2.72,1.87,1.59,,9.71,2.4,3.46,27.529999999999998,20.79,10.99,3.21,6.19,5.55,6.36,-6.24,1.78,1.71,1.09,0.99,3.6699999999999995,0.08,91.61,3.28,,
EXE,2026-08-15,Energy,Oil & Gas E&P,21940000000.0,8.18,10.9,0.6,1.74,1.14,8.86,14.89,9.97,12.04,48.69,21.53,22.08,49.35,-4.59,18.19,,20.35,0.19,0.19,0.96,0.96,2.43,0.4699999999999999,94.77,3.74,,
EXEL,2026-08-15,Healthcare,Biotechnology,12700000000.0,16.09,12.79,0.87,5.21,6.92,10.83,44.39,33.28,42.82,96.48,40.72,35.33,13.68,14.41,14.75,51.19,18.63,0.09,0.09,3.46,3.38,,3.19,103.76,11.99,,
EXLS,2026-08-15,Technology,Information Technology Services,5280000000.0,21.94,13.41,0.88,2.36,6.1,19.19,25.94,14.469999999999999,26.2,35.44,14.42,11.17,17.37,13.48,15.25,24.43,16.85,0.56,0.1,1.23,1.23,,3.34,101.15,7.36,,
EXP,2026-08-15,Basic Materials,Building Materials,6400000000.0,16.49,14.53,1.65,2.75,4.32,37.51,27.029999999999998,11.02,12.34,27.02,23.21,17.32,-8.32,13.26,8.81,10.77,7.31,1.21,1.19,3.23,1.91,0.45999999999999996,1.25,106.07,6.34,,
EXPD,2026-08-15,Industrials,Integrated Freight & Logistics,24190000000.0,27.08,23.32,2.21,2.01,11.42,26.19,42.6,18.52,35.75,15.2,9.9,7.629999999999999,29.46,3.63,10.55,7.86,2.92,0.27,0.21,1.46,1.46,0.8699999999999999,0.63,98.74,3.86,,
EXPE,2026-08-15,Consumer Cyclical,Travel Services,39930000000.0,20.75,13.84,0.68,2.54,33.02,8.95,199.12,7.2700000000000005,29.53,84.69,16.64,12.97,30.73,15.92,20.49,,23.16,4.7,4.7,0.8,0.8,0.45000000000000007,5.22,100.27,6.89,,
EXPO,2026-08-15,Industrials,Engineering & Construction,3190000000.0,30.12,25.66,2.38,5.04,11.05,29.39,31.2,15.83,30.83,24.6,20.17,17.67,11.42,13.39,10.8,5.97,7.79,0.28,0.26,1.98,1.98,1.8500000000000003,1.2,98.43,6.34,,
EXR,2026-08-15,Real Estate,REIT - Industrial,32630000000.000004,33.11,30.62,8.39,9.47,2.36,18.56,7.07,3.2400000000000007,3.75,34.6,26.06,27.74,0.36,4.86,3.65,4.33,20.02,1.09,0.92,0.8,0.8,4.42,1.11,99.34,2.23,,
EXTR,2026-08-15,Technology,Communication Equipment,3190000000.0,77.74,16.06,0.92,2.49,36.15,29.79,54.64,3.61,16.68,63.09,5.05,3.2799999999999994,23.12,16.49,17.44,83.02,4.92,2.2,1.85,0.93,0.81,,3.01,96.2,6.04,,
EYE,2026-08-15,Consumer Cyclical,Specialty Retail,1530000000.0,31.19,16.0,0.7,0.75,1.7,31.09,5.75,2.54,3.39,54.08,4.25,2.47,25.67,20.01,22.73,-3.46,3.03,0.78,0.65,0.59,0.27,,2.84,125.87000000000002,18.36,,
EZPW,2026-08-15,Financial,Credit Services,1810000000.0,14.99,13.63,0.71,1.14,1.56,12.74,14.69,7.82,8.31,56.269999999999996,13.970000000000002,9.99,41.76,6.69,19.24,,9.14,0.7,0.64,4.81,3.45,,11.8,116.58,22.57,,
F,2026-08-15,Consumer Cyclical,Auto Manufacturers,57300000000.0,,7.34,0.29,0.3,1.7,7.87,-18.31,-2.56,-5.03,8.0,1.9799999999999998,-3.93,69.73,5.83,25.6,-44.9,8.05,4.57,3.12,1.09,0.93,4.17,2.17,65.82,2.2,,
FA,2026-08-15,Industrials,Specialty Business Services,3710000000.0,149.24,14.32,0.74,2.23,2.86,18.96,1.94,0.66,0.75,28.809999999999995,10.89,1.51,22.84,17.98,19.31,18.22,25.33,1.58,1.57,2.53,2.53,,54.75,65.01,15.14,,
FAF,2026-08-15,Financial,Insurance - Specialty,7540000000.0,10.22,10.23,,0.94,1.34,9.06,13.87,4.23,10.11,,14.42,9.33,16.03,3.68,,-0.54,1.01,0.31,0.31,1.97,,2.98,3.7900000000000005,99.22,6.07,,
FANG,2026-08-15,Energy,Oil & Gas E&P,56700000000.0,39.23,11.36,0.9,3.32,1.5,8.73,3.7900000000000005,2.05,2.97,37.37,35.05,8.51,51.09,-11.78,12.59,,39.81,0.33,0.29,0.47,0.45,2.15,26.979999999999997,68.9,4.04,,
FAST,2026-08-15,Industrials,Industrial Distribution,58550000000.0,43.42,36.43,3.08,6.69,14.39,50.65,34.34,26.229999999999997,31.2,42.77,20.29,15.45,16.1,10.68,11.81,7.95,7.75,0.11,0.07,4.18,2.21,1.9299999999999997,0.11,84.78,3.13,,
FBIN,2026-08-15,Industrials,Building Products & Equipment,5710000000.0,38.74,14.13,5.1,1.3,2.48,14.26,6.41,2.3,2.91,44.88,15.160000000000002,3.39,-7.53,1.44,2.77,-8.97,-6.03,1.21,1.21,2.01,1.05,2.18,2.17,100.49999999999999,6.32,,
FBK,2026-08-15,Financial,Banks - Regional,3090000000.0,16.51,12.03,,3.0,1.59,15.45,11.08,1.3,8.56,,26.150000000000002,19.1,17.36,9.68,,7.96,8.87,0.19,0.19,0.11,,1.28,2.41,81.57,3.75,,
FBNC,2026-08-15,Financial,Banks - Regional,2740000000.0,20.63,13.46,,4.78,1.6,13.53,8.1,1.03,7.35,,28.77,23.09,69.7,8.4,,-0.96,11.5,0.05,0.05,0.06,,1.45,1.67,81.76,4.93,,
FBP,2026-08-15,Financial,Banks - Regional,4530000000.0,12.52,11.66,1.36,3.55,2.29,10.3,19.49,1.95,17.11,,35.12,29.21,11.54,6.25,8.6,36.21,9.46,0.1,0.1,0.05,,2.68,2.47,99.25,4.14,,
FBRT,2026-08-15,Real Estate,REIT - Mortgage,670180000.0,18.35,6.92,,1.15,0.55,4.24,4.0,1.01,1.19,93.73,57.66,6.08,77.14,34.33,,-6.74,25.37,2.85,2.5,0.88,0.61,9.91,2.52,62.25000000000001,7.12,,
FCF,2026-08-15,Financial,Banks - Regional,2180000000.0,13.24,10.99,,2.94,1.39,12.25,10.91,1.38,9.73,,29.04,22.65,17.91,13.46,,14.39,12.85,0.19,0.1,0.04,,2.59,1.91,80.26,3.12,,
FCFS,2026-08-15,Financial,Credit Services,9310000000.0,24.49,16.35,0.78,2.26,4.02,17.51,17.4,7.76,7.9,51.519999999999996,16.11,9.42,29.24,15.99,21.04,23.7,17.55,1.16,1.12,4.89,3.51,0.8,9.2,97.61,5.68,,
FCN,2026-08-15,Industrials,Consulting Services,4190000000.0000005,18.36,13.89,1.22,1.07,3.15,11.69,15.629999999999999,7.19,9.87,31.759999999999998,9.69,6.4399999999999995,5.32,17.56,11.38,7.75,9.01,0.95,0.92,2.03,2.03,,2.21,111.35,8.8,,
FCPT,2026-08-15,Real Estate,REIT - Retail,2770000000.0,22.86,21.18,7.16,9.03,1.71,14.2,7.6499999999999995,4.12,4.34,64.68,55.7,38.7,5.49,3.5,2.96,0.21,11.46,0.78,0.68,0.44,0.44,5.85,1.38,102.08,3.99,,
FCX,2026-08-15,Basic Materials,Copper,95480000000.0,32.83,16.62,0.47,3.8,4.75,54.19,15.259999999999998,5.03,9.99,24.55,22.11,11.62,65.63,36.42,35.24,30.14,12.62,0.52,0.45,2.07,0.92,0.9000000000000001,0.56,88.53,1.95,,
FDS,2026-08-15,Financial,Financial Data & Stock Exchanges,10080000000.0,18.68,14.46,1.64,4.13,4.99,14.23,27.029999999999998,13.269999999999998,18.44,51.38,30.79,23.21,4.76,10.24,8.79,10.02,9.22,0.77,0.51,0.68,0.68,1.59,0.31,109.4,11.16,,
FDX,2026-08-15,Industrials,Integrated Freight & Logistics,79170000000.0,18.05,,,0.84,2.54,15.47,14.829999999999998,4.75,6.37,21.77,6.99,4.67,,,,-1.01,2.48,1.36,1.2,1.48,1.44,1.41,8.66,81.11,2.35,,
FDXF,2026-08-15,Industrials,Integrated Freight & Logistics,22470000000.0,,,,,,,,,,,,,,,,,,,,167.41,167.41,,20.16,42.03,3.51,,
FE,2026-08-15,Utilities,Utilities - Regulated Electric,27430000000.0,25.3,16.05,2.08,1.73,2.12,,8.42,1.9299999999999997,2.71,27.339999999999996,18.57,6.860000000000001,7.26,7.97,7.7,-0.91,6.94,2.24,2.1,0.54,0.45,3.9,0.18,96.17,4.32,,
FELE,2026-08-15,Industrials,Specialty Industrial Machinery,4680000000.0,30.49,20.24,,2.11,3.32,21.42,11.63,7.449999999999999,9.78,35.52,13.100000000000001,7.02,12.62,12.06,,8.55,11.31,0.22,0.13,2.41,1.1,3.75,7.3,90.06,1.54,,
FFBC,2026-08-15,Financial,Banks - Regional,3610000000.0,12.15,10.17,0.84,2.63,1.21,4.77,10.29,1.39,8.32,,26.06,20.77,13.88,11.57,12.13,10.85,12.3,0.35,0.15,0.11,,2.97,1.15,85.77,5.28,,
FFIN,2026-08-15,Financial,Banks - Regional,5060000000.0,18.83,16.33,,5.83,2.52,16.01,14.41,1.81,13.33,,37.86,31.019999999999996,15.59,5.57,,4.52,10.65,0.04,0.01,0.16,,2.4,3.65,64.98,6.09,,
FFIV,2026-08-15,Technology,Software - Infrastructure,22830000000.0,32.12,22.37,2.67,6.9,5.94,23.55,19.83,11.23,17.83,80.6,24.96,21.95,9.63,3.99,8.38,18.69,5.61,0.07,0.06,1.64,1.57,,0.55,100.44,2.5,,
FG,2026-08-15,Financial,Insurance - Life,3590000000.0,9.64,5.52,0.35,0.59,0.78,0.69,9.24,0.53,6.44,,11.16,6.619999999999999,-5.15,43.87,15.72,-30.9,9.96,0.49,0.41,0.08,,3.54,2.68,97.15,2.53,,
FHB,2026-08-15,Financial,Banks - Regional,3370000000.0,12.01,11.03,1.62,2.87,1.19,10.77,10.32,1.2,10.08,,31.730000000000004,24.31,6.38,7.12,6.8,9.06,8.61,0.0,0.0,0.08,,3.7599999999999993,0.88,108.56000000000002,9.5,,
FHI,2026-08-15,Financial,Asset Management,4790000000.0,11.92,10.77,0.94,2.46,3.84,13.05,33.23,17.55,23.34,73.88,27.98,20.22,7.06,8.39,11.4,9.71,4.59,0.36,0.34,2.59,2.59,2.35,4.74,88.77,5.2,,
FHN,2026-08-15,Financial,Banks - Regional,12420000000.0,12.59,11.4,1.15,2.48,1.46,17.23,11.65,1.27,10.07,,27.37,20.56,13.22,7.52,9.92,-0.25,8.88,0.47,0.14,0.23,,2.53,1.33,87.96,3.06,,
FIBK,2026-08-15,Financial,Banks - Regional,3730000000.0,12.09,13.73,4.8,2.76,1.13,15.34,9.62,1.21,8.96,,29.410000000000004,23.97,-2.38,-0.58,2.86,3.04,16.01,0.23,0.09,0.11,,4.8,14.800000000000002,96.35,11.06,,
FICO,2026-08-15,Technology,Software - Application,23450000000.0,31.37,20.54,0.71,9.8,,24.97,,41.8,67.87,85.1,52.11,34.05,43.72,23.12,29.1,27.43,8.99,,,1.18,1.18,,3.09,101.34999999999998,8.85,,
FIS,2026-08-15,Technology,Information Technology Services,22130000000.0,6.59,6.39,0.72,1.81,1.38,7.54,22.33,8.7,10.71,35.95,22.98,27.639999999999997,7.98,8.14,8.85,23.62,-3.18,1.33,0.96,0.53,0.53,4.24,0.14,99.58,3.66,,
FISV,2026-08-15,Technology,Information Technology Services,28920000000.0,10.43,6.71,3.29,1.39,1.07,7.3,10.75,3.45,5.23,56.38000000000001,21.57,13.419999999999998,-14.67,9.97,2.04,35.23,7.37,1.04,0.99,1.04,1.04,,0.42,90.86,3.97,,
FITB,2026-08-15,Financial,Banks - Regional,52650000000.0,19.76,11.77,0.77,3.46,1.63,15.89,8.44,0.9199999999999999,4.5,,19.7,14.44,-13.31,61.18,15.31,14.06,10.29,0.65,0.51,0.13,,2.81,0.45999999999999996,92.53,4.73,,
FIVE,2026-08-15,Consumer Cyclical,Specialty Retail,13520000000.0,30.85,24.85,1.28,2.66,5.85,26.76,21.13,9.27,10.98,32.93,11.04,8.67,37.06,7.65,19.39,24.07,19.41,0.86,0.73,2.1,1.27,,1.77,98.96,3.43,,
FIX,2026-08-15,Industrials,Engineering & Construction,62440000000.0,43.65,29.55,0.78,5.56,19.41,28.96,55.28999999999999,21.17,40.46,25.08,16.45,12.78,69.57,22.61,37.73,47.85,26.08,0.11,0.1,1.21,1.19,0.18,1.23,94.45,2.0,,
FIZZ,2026-08-15,Consumer Defensive,Beverages - Non-Alcoholic,2930000000.0,15.97,15.25,4.27,2.48,4.61,18.78,34.02,23.95,27.0,37.86,20.31,15.560000000000002,-0.68,5.48,3.57,1.06,1.94,0.09,0.07,4.39,3.68,10.38,74.66,26.63,18.26,,
FLEX,2026-08-15,Technology,Electronic Components,46600000000.0,48.71,17.72,0.41,1.59,8.47,56.42,18.38,4.39,8.51,9.29,5.58,3.32,42.38,51.51,43.05,13.64,2.96,1.08,1.08,1.38,0.89,,0.65,94.8,2.54,,
FLG,2026-08-15,Financial,Banks - Regional,5920000000.0,705.45,10.74,,1.33,0.78,,0.59,0.05,0.33,,2.66,0.34,168.83,285.45,,,22.25,1.39,0.81,0.33,,0.28,27.810000000000002,60.68,10.99,,
FLO,2026-08-15,Consumer Defensive,Packaged Foods,1590000000.0,21.99,9.16,,0.3,1.22,5.23,5.36,1.71,2.53,45.51,6.7,1.38,-23.99,-0.87,-8.8,-11.24,3.68,1.57,1.21,0.77,0.47,8.24,7.53,99.23,22.45,,
FLR,2026-08-15,Industrials,Engineering & Construction,7000000000.0,,15.79,0.74,0.45,2.64,,-46.23,-20.66,-53.11,-0.8,-2.15,-12.85,23.22,22.89,21.28,36.81,1.83,0.4,0.4,1.8,1.8,,1.72,93.97,7.17,,
FLS,2026-08-15,Industrials,Specialty Industrial Machinery,10280000000.0,28.36,17.35,1.41,2.22,4.55,24.98,16.56,6.19,8.2,35.8,13.019999999999998,8.01,12.99,13.3,12.33,21.58,4.87,1.03,1.0,2.15,1.58,1.08,0.63,109.59999999999998,6.39,,
FMC,2026-08-15,Basic Materials,Agricultural Inputs,1270000000.0,,6.11,,0.39,0.78,14.99,-89.27,-25.120000000000005,-48.54,33.06,-1.8900000000000001,-84.88,-55.01,24.79,-12.05,,-5.67,2.69,2.47,1.99,1.48,3.54,1.12,101.9,21.58,,
FN,2026-08-15,Technology,Electronic Components,20430000000.0,49.03,33.1,1.18,4.82,8.86,445.99,19.99,13.74,18.24,11.95,9.77,9.94,35.8,24.74,28.08,24.42,15.8,0.0,0.0,2.55,1.79,,0.31,99.87,4.65,,
FNB,2026-08-15,Financial,Banks - Regional,6880000000.0,11.6,10.42,1.13,2.55,1.01,10.5,9.05,1.2,6.65,,26.38,22.39,6.11,10.85,9.21,12.82,13.09,0.73,0.33,0.08,,2.63,1.6200000000000003,93.14,7.6,,
FND,2026-08-15,Consumer Cyclical,Home Improvement Retail,6240000000.0,27.33,26.58,2.32,1.32,2.51,29.5,9.69,4.17,5.34,39.75,6.559999999999999,4.93,2.63,11.85,11.47,0.93,14.07,0.81,0.74,1.33,0.45,,2.31,116.75999999999999,13.96,,
FNF,2026-08-15,Financial,Insurance - Specialty,13270000000.0,17.22,8.61,1.12,0.86,1.78,2.11,10.05,0.86,6.33,,12.93,5.03,2.89,12.39,7.72,-15.01,6.05,0.64,0.64,,,4.13,5.69,83.16,3.61,,
FORM,2026-08-15,Technology,Semiconductor Equipment & Materials,10280000000.0,90.22,35.11,0.7,11.39,9.25,75.53,10.99,9.15,10.2,43.97,15.06,12.8,134.48,22.96,49.91,-6.93,2.51,0.03,0.02,4.08,3.34,,0.75,93.99,3.2,,
FOUR,2026-08-15,Technology,Software - Infrastructure,3580000000.0,72.99,7.09,0.5,0.75,5.84,8.27,6.54,1.34,1.71,28.29,9.66,0.9199999999999999,1.42,22.07,14.13,,40.37,2.82,2.81,1.21,1.21,,29.630000000000003,86.29,27.36,,
FOX,2026-08-15,Communication Services,Entertainment,27290000000.0,16.02,10.48,1.34,1.59,2.22,18.59,14.29,7.380000000000001,8.8,34.23,20.41,9.84,9.39,-1.19,7.81,1.21,5.82,0.65,0.65,3.17,2.99,0.9399999999999998,68.35,33.59,8.38,,
FOXA,2026-08-15,Communication Services,Entertainment,27290000000.0,18.0,11.82,1.51,1.59,2.49,18.59,14.29,7.380000000000001,8.8,34.23,20.41,9.84,9.35,-1.47,7.81,1.21,5.82,0.65,0.65,3.17,2.99,0.84,53.010000000000005,59.709999999999994,22.45,,
FOXF,2026-08-15,Consumer Cyclical,Auto Parts,883490000.0,,11.43,,0.6,1.32,70.29,-36.73,-16.58,-22.83,27.500000000000004,4.75,-20.39,44.03,20.41,,,10.5,1.02,0.96,3.1,1.55,,1.15,101.05999999999999,8.64,,
FR,2026-08-15,Real Estate,REIT - Industrial,8620000000.0,22.89,32.8,15.26,11.34,3.0,36.06,13.44,6.480000000000001,6.79,48.09,41.59,47.94,33.85,-23.42,2.15,4.05,10.07,0.93,0.93,4.45,4.45,3.17,0.95,102.88999999999999,2.93,,
FRPT,2026-08-15,Consumer Defensive,Packaged Foods,3500000000.0,19.17,39.17,,2.97,2.86,57.28,17.62,11.76,11.78,39.41,8.26,17.28,-26.94,-3.7,-1.19,,28.16,0.4,0.4,6.05,5.03,,1.9799999999999998,131.58,17.02,,
FRT,2026-08-15,Real Estate,REIT - Retail,10350000000.0,23.9,38.8,,7.75,3.21,30.9,13.140000000000002,4.92,5.46,38.21,34.5,31.95,-12.1,-25.83,-8.89,23.55,9.55,1.44,1.37,0.61,0.61,3.8599999999999994,1.01,99.13,3.56,,
FSLR,2026-08-15,Technology,Solar,24240000000.0,13.91,9.6,0.35,4.51,2.35,16.16,18.51,13.3,16.69,44.0,34.98,32.47,22.49,34.97,27.65,30.65,14.0,0.02,0.01,2.52,2.0,,5.54,95.39,10.08,,
FSS,2026-08-15,Industrials,Farm & Heavy Construction Machinery,7680000000.0,27.11,21.82,1.43,3.14,5.1,22.65,20.61,13.100000000000001,14.42,28.559999999999995,16.84,11.66,23.78,10.18,15.28,20.79,14.03,0.32,0.31,2.74,1.21,0.48,2.47,103.47,6.91,,
FTDR,2026-08-15,Consumer Cyclical,Personal Services,5960000000.0,22.88,16.54,1.32,2.77,21.1,15.43,101.86,12.57,19.15,51.61,20.12,12.76,15.34,10.81,12.54,21.18,7.26,4.15,4.04,1.59,1.59,,0.78,105.06,4.45,,
FTI,2026-08-15,Energy,Oil & Gas Equipment & Services,30830000000.0,27.39,21.93,1.17,2.98,9.44,19.61,36.04,11.5,27.83,22.7,14.71,11.37,25.41,16.68,18.67,,8.49,0.38,0.29,1.08,0.83,0.25,1.56,105.98999999999998,3.46,,
FTNT,2026-08-15,Technology,Software - Infrastructure,117400000000.0,56.38,42.49,2.7,15.6,75.68,37.66,117.43999999999998,19.73,103.55,80.2,32.37,28.17,24.71,9.42,15.72,32.99,21.25,0.32,0.32,1.28,1.19,,17.23,68.34,2.37,,
FTRE,2026-08-15,Healthcare,Biotechnology,1660000000.0,,16.37,0.36,0.62,3.16,8.45,-15.299999999999999,-3.07,-5.27,16.38,0.97,-3.18,95.44,26.59,45.77,-21.68,1.09,2.13,2.08,0.96,0.96,,1.0,108.33,11.86,,
FTV,2026-08-15,Technology,Scientific & Technical Instruments,18610000000.0,36.38,18.97,2.15,4.31,3.08,19.49,7.32,4.03,5.58,61.11,18.23,12.38,11.21,7.8,8.81,-16.65,-2.14,0.58,0.58,1.18,0.94,0.42,0.39,110.15000000000002,4.23,,
FUL,2026-08-15,Basic Materials,Specialty Chemicals,3380000000.0,18.64,11.79,0.94,0.96,1.62,23.98,9.39,3.55,4.47,32.39,11.35,5.29,14.83,9.35,12.5,3.11,4.48,1.0,1.0,1.8,1.12,1.29,0.37,103.86,5.17,,
FULT,2026-08-15,Financial,Banks - Regional,4700000000.0,11.8,10.69,18.44,2.45,1.3,11.41,11.1,1.19,7.17,,26.539999999999996,20.1,0.62,10.09,0.58,13.77,14.37,0.45,0.45,0.1,,3.08,1.14,81.46,4.36,,
FUN,2026-08-15,Consumer Cyclical,Leisure,1680000000.0,,,,0.55,14.63,11.18,-185.33,-20.74,-33.31,23.01,10.76,-57.25,83.32,96.87,,-8.74,76.39,44.95,44.82,0.42,0.36,,2.97,111.79999999999998,19.44,,
G,2026-08-15,Technology,Information Technology Services,5690000000.0,10.09,7.5,0.66,1.08,2.18,9.95,22.45,10.87,14.86,36.9,16.07,11.06,12.88,9.56,11.42,14.71,6.51,0.54,0.51,2.0,2.0,1.47,9.09,96.17,7.29,,
GAP,2026-08-15,Consumer Cyclical,Apparel Retail,7420000000.0,8.13,8.07,0.85,0.48,2.03,6.6,27.58,8.12,11.1,40.45,8.36,6.25,9.41,9.47,9.48,,2.17,1.54,1.37,1.81,1.08,3.3300000000000005,36.69,66.12,12.62,,
GATX,2026-08-15,Industrials,Rental & Leasing Services,6380000000.0,17.9,16.03,1.39,3.11,2.29,,13.269999999999998,2.34,2.48,46.48,29.049999999999997,17.64,16.89,10.19,11.49,16.91,7.55,4.48,4.23,1.12,1.12,1.46,1.19,103.28,4.86,,
GBCI,2026-08-15,Financial,Banks - Regional,6500000000.0,20.43,13.85,,4.12,1.51,15.96,7.95,1.03,6.74,,25.96,19.73,52.68,18.65,,-6.61,12.45,0.53,0.07,0.06,,2.65,0.48,86.89,6.67,,
GBX,2026-08-15,Industrials,Railroads,1410000000.0,13.36,11.65,,0.54,0.89,,6.959999999999999,2.46,3.11,14.93,5.66,4.08,-53.97,28.57,-8.49,34.1,2.98,1.19,1.19,2.82,1.59,2.94,3.56,104.34,9.57,,
GD,2026-08-15,Industrials,Aerospace & Defense,107080000000.0,24.13,21.32,2.35,1.95,3.99,16.61,17.8,7.629999999999999,12.92,15.380000000000003,10.32,8.18,9.74,9.49,9.07,7.04,6.74,0.35,0.29,1.44,0.96,1.59,0.65,87.22,0.91,,
GDDY,2026-08-15,Technology,Software - Infrastructure,12020000000.0,14.07,10.28,0.54,2.35,1796.86,7.06,442.86,11.19,23.75,60.58,25.22,17.83,19.11,24.67,18.99,,8.35,573.34,571.1,0.63,0.63,,0.98,105.08,4.11,,
GE,2026-08-15,Industrials,Aerospace & Defense,382220000000.0,43.42,40.45,2.29,7.55,21.67,45.52,48.75,7.08,25.18,35.23,18.52,17.69,24.31,15.02,17.65,69.37,-9.57,1.15,1.02,0.98,0.67,0.48,0.3,81.43,1.38,,
GEF,2026-08-15,Consumer Cyclical,Packaging & Containers,4530000000.0,22.58,18.32,0.5,1.15,1.65,,8.65,3.61,5.85,22.41,6.819999999999999,5.71,115.58,10.59,36.4,,-1.01,0.41,0.28,1.29,0.99,2.63,57.71000000000001,41.79,4.55,,
GEHC,2026-08-15,Healthcare,Medical Devices,33280000000.0,16.93,13.55,1.42,1.57,3.03,21.08,19.19,5.46,9.28,39.37,13.73,9.33,7.3,10.4,9.54,0.61,3.74,0.96,0.95,1.21,0.91,0.14,0.35,88.95,4.31,,
GEN,2026-08-15,Technology,Software - Infrastructure,17050000000.0,16.53,8.62,0.71,3.36,6.42,11.01,41.94,6.58,9.9,73.68,42.8,20.73,14.41,12.82,12.18,11.23,14.41,3.08,3.0,0.47,0.47,1.8000000000000003,9.94,92.75,5.57,,
GEO,2026-08-15,Industrials,Security & Protection Services,4110000000.0000005,14.73,17.44,,1.45,2.72,155.41,20.11,7.88,9.38,21.26,12.49,10.31,47.29,41.32,,14.08,2.29,1.08,1.05,1.65,1.65,,4.88,92.27,7.64,,
GEV,2026-08-15,Industrials,Specialty Industrial Machinery,283180000000.0,30.44,42.65,1.68,6.85,23.68,22.77,91.48,14.24,64.6,20.16,5.32,23.05,73.99,-19.0,25.4,,,0.24,0.23,0.84,0.62,0.19,0.15,80.73,3.21,,
GFF,2026-08-15,Industrials,Building Products & Equipment,4720000000.0,23.12,16.99,2.17,2.13,36.68,18.39,229.23,11.28,14.26,42.85,19.69,9.28,-4.45,13.58,7.82,17.86,4.05,10.35,10.16,2.41,1.79,0.8100000000000002,16.84,82.15,4.29,,
GGG,2026-08-15,Industrials,Specialty Industrial Machinery,13270000000.0,25.74,23.4,2.64,5.85,5.26,21.08,21.24,17.28,21.02,52.64,27.440000000000005,23.53,11.64,6.31,8.87,9.93,6.27,0.02,0.01,2.99,2.14,1.43,0.8100000000000002,91.91,4.28,,
GHC,2026-08-15,Industrials,Conglomerates,5040000000.0,9.6,17.78,1.36,1.0,1.06,25.19,11.82,6.84,9.21,27.860000000000003,5.8,10.63,3.81,-2.9,13.04,2.72,11.2,0.28,0.23,1.86,1.59,0.62,26.839999999999996,67.13,4.38,,
GIII,2026-08-15,Consumer Cyclical,Apparel Manufacturing,1430000000.0,12.0,13.72,,0.49,0.78,8.53,7.19,5.04,6.15,42.47,8.02,4.34,-14.86,11.22,,25.68,7.55,0.16,0.13,3.18,2.26,0.88,15.72,106.35,22.09,,
GILD,2026-08-15,Healthcare,Drug Manufacturers - General,171560000000.0,,13.99,1.49,5.62,14.52,13.26,-20.57,-6.17,-9.09,79.66,39.05,-10.61,-105.86,2171.78,9.39,133.64,3.63,2.22,2.01,1.27,1.09,2.35,0.14,88.2,1.97,,
GIS,2026-08-15,Consumer Defensive,Packaged Foods,20960000000.0,,12.2,,1.14,2.84,12.89,-1.06,-0.28,-0.44,33.59,15.329999999999998,-0.48,-13.15,4.24,-1.5,,0.33,1.89,1.73,0.68,0.4,6.260000000000001,0.53,89.85,9.25,,
GKOS,2026-08-15,Healthcare,Medical Devices,10880000000.0,,365.75,,17.76,15.91,,-25.980000000000004,-19.72,-23.95,79.12,-12.89,-30.680000000000003,65.91,264.42,,-3.95,17.67,0.15,0.15,5.04,4.46,,4.0,102.73999999999998,6.4,,
GL,2026-08-15,Financial,Insurance - Life,13910000000.0,12.02,10.97,1.52,2.25,2.27,11.29,20.95,3.95,13.74,,26.86,19.58,8.35,4.88,7.23,15.57,4.82,0.48,0.43,1.02,,0.68,0.8,87.4,2.15,,
GLPI,2026-08-15,Real Estate,REIT - Specialty,12680000000.0,12.78,13.14,2.35,7.66,2.54,20.19,20.3,7.2700000000000005,7.25,80.72,82.62,58.489999999999995,8.87,3.27,5.58,5.05,6.7,1.68,1.68,2.4,2.4,7.41,4.13,98.59,3.36,,
GLW,2026-08-15,Technology,Electronic Components,142980000000.0,76.14,38.45,1.17,8.43,11.97,59.7,16.05,6.16,8.97,35.54,16.48,11.2,30.03,31.77,32.99,27.86,6.68,0.75,0.69,1.81,1.24,0.7,8.43,74.23,2.28,,
GM,2026-08-15,Consumer Cyclical,Auto Manufacturers,76140000000.0,43.77,5.78,0.38,0.41,1.26,125.64,3.04,0.68,1.28,5.74,0.98,1.01,26.34,12.06,15.22,-5.48,8.6,2.06,1.46,1.14,0.97,0.83,0.15,89.99,2.29,,
GME,2026-08-15,Consumer Cyclical,Specialty Retail,8369999999.999999,14.22,13.62,,2.24,1.43,11.31,14.09,8.26,7.56,34.39,10.71,20.45,10.17,5.38,,,-6.54,0.74,0.73,12.4,11.91,,8.81,36.4,13.13,,
GMED,2026-08-15,Healthcare,Medical Devices,11530000000.0,21.96,16.05,1.17,3.67,2.42,15.26,11.81,10.25,11.0,64.9,21.53,17.03,25.15,7.47,13.74,31.11,30.08,0.02,0.02,4.62,2.93,,17.32,90.77,6.2,,
GNL,2026-08-15,Real Estate,REIT - Diversified,2029999999.9999998,,,,4.41,1.22,10.64,-0.96,-0.35,-0.39,51.300000000000004,34.88,-13.26,91.94,71.79,52.46,-60.6,8.57,1.63,1.63,5.06,5.06,8.68,9.8,69.99,5.39,,
GNRC,2026-08-15,Industrials,Specialty Industrial Machinery,12940000000.0,50.55,18.65,0.61,2.92,4.5,34.12,9.48,4.63,6.26,37.38,13.22,5.82,53.36,20.92,30.65,-13.26,11.11,0.47,0.43,2.04,1.0,,1.72,92.72,3.53,,
GNTX,2026-08-15,Consumer Cyclical,Auto Parts,5030000000.0,12.67,10.76,0.98,1.91,1.98,10.13,16.13,13.780000000000001,15.76,35.0,19.55,15.259999999999998,15.54,6.1,10.97,4.36,8.46,0.0,0.0,3.04,1.76,2.01,0.36,100.42,7.27,,
GNW,2026-08-15,Financial,Insurance - Life,3840000000.0,19.29,9.03,,0.55,0.44,8.93,2.31,0.29,2.07,,7.23,3.04,214.29,2.27,,9.13,-3.35,0.17,0.17,,,,2.46,87.49,2.09,,
GO,2026-08-15,Consumer Defensive,Grocery Stores,1100000000.0,,16.78,,0.23,1.35,91.07,-38.06,-12.07,-14.89,29.99,4.47,-8.04,-28.78,22.53,-1.01,,8.39,2.27,2.14,1.29,0.3,,8.68,106.25,26.12,,
GOLF,2026-08-15,Consumer Cyclical,Leisure,5260000000.0,24.59,21.69,1.71,1.94,5.69,28.63,25.370000000000005,8.84,11.81,48.89,13.79,8.12,28.72,3.71,12.69,19.47,9.68,1.04,1.01,2.55,1.48,1.05,53.63,54.620000000000005,10.39,,
GOOG,2026-08-15,Communication Services,Internet Content & Information,4217310000000.0005,17.26,22.84,1.27,9.45,6.75,79.16,48.68,34.3,32.33,60.94,33.96,54.7,90.19,-26.85,18.05,29.82,17.18,0.18,0.18,2.72,2.64,0.22999999999999998,57.99999999999999,27.449999999999996,0.91,,
GOOGL,2026-08-15,Communication Services,Internet Content & Information,4217310000000.0005,17.38,22.98,1.27,9.45,6.8,79.16,48.68,34.3,32.33,60.94,33.96,54.7,90.21,-26.8,18.13,29.82,17.18,0.18,0.18,2.72,2.64,0.22999999999999998,52.2,38.67,1.21,,
GPC,2026-08-15,Consumer Cyclical,Auto Parts,18620000000.0,540.99,16.26,2.34,0.74,4.11,24.51,0.71,0.16,0.32,34.65,4.85,0.13,5.01,7.3,6.94,-18.81,8.0,1.47,1.25,1.16,0.5,3.1400000000000006,0.65,93.75,6.35,,
GPI,2026-08-15,Consumer Cyclical,Auto & Truck Dealerships,3150000000.0,11.01,6.0,0.84,0.14,1.07,22.79,9.4,2.79,4.61,15.380000000000003,4.23,1.29,-3.17,11.61,7.14,10.13,16.32,1.96,1.1,1.02,0.25,0.84,3.46,104.4,8.38,,
GPK,2026-08-15,Consumer Cyclical,Packaging & Containers,3380000000.0,17.48,10.18,,0.39,1.04,17.86,6.01,1.6500000000000001,2.32,15.53,6.94,2.25,-60.41,57.08,-11.65,19.87,5.61,1.75,1.58,1.38,0.6,3.8599999999999994,1.5700000000000003,120.37,7.36,,
GPN,2026-08-15,Technology,Software - Infrastructure,24620000000.0,29.19,5.8,0.38,2.42,1.07,29.93,2.18,0.89,1.69,63.89,20.57,7.400000000000001,11.89,17.36,15.34,24.36,0.75,1.02,0.93,0.82,0.82,1.29,16.77,89.44,7.97,,
GPOR,2026-08-15,Energy,Oil & Gas E&P,3010000000.0,6.8,6.15,0.29,2.05,1.65,12.03,27.41,16.21,18.07,45.11,42.18,31.879999999999995,14.8,18.11,21.23,,10.56,0.5,0.5,0.58,0.58,,1.5,117.75,5.89,,
GRBK,2026-08-15,Consumer Cyclical,Residential Construction,3030000000.0,10.61,10.99,,1.55,1.57,27.15,15.740000000000002,11.83,12.85,30.709999999999997,19.5,14.77,-13.0,4.22,,25.85,15.89,0.15,0.15,8.99,0.67,,8.2,81.4,4.19,,
GRMN,2026-08-15,Technology,Scientific & Technical Instruments,59820000000.0,31.99,27.84,1.94,7.8,6.63,37.39,21.89,17.26,20.39,60.08,27.61,24.47,17.67,10.64,14.34,10.69,11.59,0.02,0.02,3.02,2.08,1.34,14.529999999999998,58.08,2.19,,
GS,2026-08-15,Financial,Capital Markets,302650000000.0,16.04,14.19,0.97,2.22,2.76,2.63,16.99,1.07,4.33,,19.52,14.719999999999999,36.82,4.34,14.58,15.71,18.7,6.5,2.94,1.19,,1.83,0.69,74.79,2.15,,
GSHD,2026-08-15,Financial,Insurance Brokers,2350000000.0,48.3,24.7,1.1,5.85,,35.38,,8.37,14.22,,23.31,8.78,15.34,25.13,22.46,15.53,25.57,,,1.54,1.54,,9.35,116.18000000000002,7.85,,
GT,2026-08-15,Consumer Cyclical,Auto Parts,1760000000.0,,13.97,0.42,0.1,0.62,9.16,-63.93,-12.43,-26.93,18.34,2.81,-14.37,-186.42,207.66,33.27,-2.2,8.21,2.89,2.33,1.09,0.55,,4.14,90.96,12.54,,
GTES,2026-08-15,Industrials,Specialty Industrial Machinery,7030000000.0,19.66,14.35,1.15,2.01,2.0,17.34,10.72,4.98,6.23,40.55,15.07,10.39,10.13,15.53,12.49,28.83,4.27,0.67,0.66,3.24,2.36,,1.9799999999999998,89.46,4.65,,
GTM,2026-08-15,Technology,Software - Application,1180000000.0,,3.58,1.37,0.94,1.43,3.29,-45.45,-8.92,-23.17,82.24,22.52,-43.02,3.27,0.5,2.61,,21.28,1.83,1.82,0.65,0.65,,22.07,100.12,19.34,,
GTY,2026-08-15,Real Estate,REIT - Retail,2049999999.9999998,20.27,20.51,2.69,8.95,1.83,14.83,9.46,4.63,4.53,69.99,61.64000000000001,41.93,18.01,1.53,7.62,-3.59,8.24,0.96,0.96,1.48,1.48,5.9,3.82,92.58,13.08,,
GVA,2026-08-15,Industrials,Engineering & Construction,5560000000.0,,17.01,0.59,1.12,7.39,11.79,-18.17,-4.18,-7.97,15.64,6.16,-3.32,-201.73,290.34,28.63,,7.17,2.3,1.75,1.01,0.94,0.4099999999999999,0.93,116.92,9.06,,
GWRE,2026-08-15,Technology,Software - Application,14620000000.0,94.61,42.88,1.75,10.29,11.1,45.74,11.93,6.36,7.91,63.96999999999999,8.33,11.25,30.78,18.15,24.56,,10.13,0.53,0.53,2.39,2.39,,0.66,104.0,6.13,,
GWW,2026-08-15,Industrials,Industrial Distribution,62300000000.0,33.57,25.9,2.11,3.31,15.08,41.26,47.92,20.16,27.28,39.4,15.55,9.92,17.73,9.89,12.27,22.39,8.75,0.68,0.66,2.81,1.7,0.74,6.23,76.62,2.41,,
GXO,2026-08-15,Industrials,Integrated Freight & Logistics,5570000000.0,42.84,13.72,0.71,0.41,1.87,30.95,4.42,1.08,1.73,11.81,3.2799999999999994,0.96,20.84,16.71,19.3,,16.3,2.05,1.54,0.79,0.79,,2.17,102.99000000000001,5.42,,
H,2026-08-15,Consumer Cyclical,Lodging,17079999999.999998,224.46,37.62,0.96,2.36,5.16,56.55,2.3,0.53,1.1,15.76,7.470000000000001,1.09,61.21,36.25,39.18,39.89,27.72,1.36,1.18,0.62,0.62,0.35,60.79,54.48,12.28,,
HAE,2026-08-15,Healthcare,Medical Devices,4130000000.0,44.29,15.82,1.83,3.06,4.93,14.19,11.2,3.9900000000000007,4.8,55.91,18.37,7.12,6.79,8.35,8.66,5.81,8.91,1.4,1.4,3.08,1.91,1.1,1.8799999999999997,111.55,6.55,,
HAFC,2026-08-15,Financial,Banks - Regional,961820000.0,10.91,9.68,,2.13,1.18,4.5,11.26,1.12,9.09,,27.51,19.67,26.39,5.59,,12.8,10.87,0.21,0.2,0.13,,3.45,2.17,94.95,3.33,,
HAL,2026-08-15,Energy,Oil & Gas Equipment & Services,28680000000.0,18.03,11.89,1.03,1.28,2.61,16.62,14.89,6.260000000000001,8.51,15.079999999999998,13.140000000000002,7.16,-3.08,23.42,11.55,,8.96,0.74,0.71,2.02,1.5,1.9900000000000002,0.45999999999999996,85.2,4.26,,
HALO,2026-08-15,Healthcare,Biotechnology,11200000000.0,29.48,9.57,0.23,6.73,78.38,13.89,173.67,17.86,19.87,76.4,56.769999999999996,24.86,101.27,23.43,41.35,22.89,39.16,14.96,13.5,2.71,2.31,,1.05,110.13,12.49,,
HAS,2026-08-15,Consumer Cyclical,Leisure,13640000000.0,17.38,14.86,1.67,2.74,19.37,11.24,167.83,14.17,19.58,62.69,28.13,15.97,10.98,5.86,8.88,,-2.96,5.5,4.75,1.66,1.46,2.89,0.73,96.46,5.28,,
HASI,2026-08-15,Financial,Asset Management,5390000000.0,82.04,12.69,1.23,11.64,2.12,20.14,3.3099999999999996,1.01,1.0,100.0,69.4,18.09,11.08,10.66,10.33,5.15,16.47,2.29,2.29,8.65,8.65,4.06,1.41,107.1,9.38,,
HAYW,2026-08-15,Industrials,Electrical Equipment & Parts,3220000000.0,20.85,15.64,1.32,2.75,2.03,16.12,10.41,5.25,6.22,44.1,21.29,13.83,12.32,12.08,11.88,139.8,5.09,0.63,0.62,3.33,2.49,,2.82,108.88,5.33,,
HBAN,2026-08-15,Financial,Banks - Regional,36190000000.0,13.81,9.54,0.65,2.54,1.22,15.88,8.96,0.98,4.67,,20.51,15.73,-0.57,35.81,14.72,14.84,20.03,0.67,0.57,0.1,,3.54,0.91,89.23,2.56,,
HCA,2026-08-15,Healthcare,Medical Care Facilities,87610000000.0,13.55,12.56,1.59,1.12,,14.61,,11.14,17.7,15.479999999999999,15.479999999999999,8.77,4.71,9.07,7.92,20.99,7.97,,,0.99,0.9,0.69,32.38,61.04999999999999,4.14,,
HCC,2026-08-15,Basic Materials,Coking Coal,5190000000.0,23.62,12.14,0.12,3.09,2.26,,10.04,7.91,8.71,17.97,13.61,13.05,454.63,33.37,101.96,,10.85,0.12,0.1,3.93,2.79,0.33,2.06,100.87000000000002,8.79,,
HCI,2026-08-15,Financial,Insurance - Property & Casualty,2290000000.0,7.94,9.64,,2.41,2.13,5.57,33.76,14.41,27.05,,51.04,31.28,-17.56,2.14,-5.83,45.46,26.87,0.06,0.06,2.27,,0.8699999999999999,14.279999999999998,81.26,4.29,,
HCSG,2026-08-15,Healthcare,Medical Care Facilities,1480000000.0,12.58,17.52,1.77,0.79,2.83,9.98,24.69,15.15,23.19,18.07,6.47,6.59,9.31,2.52,9.91,-9.33,0.86,0.03,0.02,3.02,2.94,,1.32,109.78000000000002,3.82,,
HD,2026-08-15,Consumer Cyclical,Home Improvement Retail,337880000000.0,24.06,21.08,3.53,2.03,24.35,23.6,128.38,13.530000000000001,20.96,31.14,12.45,8.41,1.74,7.56,5.97,3.58,4.51,4.55,3.82,1.04,0.28,2.74,0.09,76.09,1.23,,
HE,2026-08-15,Utilities,Utilities - Regulated Electric,2029999999.9999998,9.07,10.74,1.49,0.62,1.15,,13.58,2.71,4.96,11.48,11.48,6.819999999999999,-2.5,30.29,7.22,-17.02,3.65,1.59,1.59,0.99,0.99,,0.35,91.98,9.05,,
HFWA,2026-08-15,Financial,Banks - Regional,1220000000.0,14.09,11.22,,3.19,1.1,15.13,7.8,1.01,6.88,,23.91,20.45,0.85,34.06,,8.77,6.0,0.17,0.02,0.04,,3.26,1.48,84.18,6.74,,
HGV,2026-08-15,Consumer Cyclical,Resorts & Casinos,3570000000.0,25.97,8.05,0.16,0.68,3.25,8.64,11.66,1.26,1.69,56.46,12.17,2.86,135.41,16.52,51.06,,41.36,7.12,7.12,5.02,3.2,,18.15,91.82,9.14,,
HIG,2026-08-15,Financial,Insurance - Diversified,37390000000.0,8.92,10.07,3.45,1.29,1.94,6.46,21.79,5.14,18.18,,17.96,14.95,-5.08,7.56,2.92,22.85,6.69,0.22,0.22,0.32,,1.77,0.38,94.27,1.75,,
HII,2026-08-15,Industrials,Aerospace & Defense,12910000000.0,19.54,15.67,0.95,0.98,2.43,,12.97,5.33,8.02,12.4,4.89,5.01,19.92,13.29,16.56,-2.13,5.93,0.55,0.55,1.23,1.14,1.71,0.86,88.96,2.91,,
HIMS,2026-08-15,Healthcare,Drug Manufacturers - Specialty & Generic,6570000000.0,,70.93,4.16,2.55,20.27,101.56,-32.03,-5.16,-7.64,54.18999999999999,-0.03,-5.51,-187.96,188.46,17.07,,73.63,4.77,4.74,0.93,0.87,,9.76,68.4,29.55,,
HIW,2026-08-15,Real Estate,REIT - Office,3480000000.0,21.08,45.97,,4.13,1.47,16.09,7.08,2.69,2.85,30.44,25.590000000000003,19.78,-7.53,-48.88,-21.93,-15.59,2.03,1.48,1.48,,,6.35,1.33,115.31,10.19,,
HL,2026-08-15,Basic Materials,Other Precious Metals & Mining,12340000000.0,23.55,17.41,0.67,7.7,4.61,23.93,20.76,15.939999999999998,19.53,51.080000000000005,47.2,32.83,75.81,37.54,26.04,,14.97,0.01,0.01,5.2,4.55,0.1,0.83,72.13,7.11,,
HLI,2026-08-15,Financial,Capital Markets,8990000000.0,21.61,14.67,1.7,3.56,3.99,18.56,18.33,11.23,14.78,,20.42,16.1,-7.77,25.77,8.61,6.43,11.43,0.22,0.22,1.63,1.63,2.14,22.64,78.19,4.05,,
HLIT,2026-08-15,Technology,Communication Equipment,1510000000.0,,17.31,0.86,3.05,4.21,28.01,7.339999999999999,4.18,-9.79,51.800000000000004,11.94,-9.51,52.13,12.47,20.06,-4.77,-0.99,0.36,0.34,3.05,2.56,,1.78,85.39,5.47,,
HLNE,2026-08-15,Financial,Asset Management,5750000000.0,15.88,14.3,1.17,6.7,4.81,13.58,32.49,12.710000000000003,21.16,,54.620000000000005,32.14,20.15,2.87,12.17,16.1,16.82,0.39,0.39,4.24,4.24,2.31,26.590000000000003,98.36,12.12,,
HLT,2026-08-15,Consumer Cyclical,Lodging,73640000000.0,48.08,31.49,2.29,5.9,,36.3,,9.65,22.32,27.79,23.35,12.689999999999998,11.45,14.95,13.76,,22.71,,,0.65,0.65,0.19,2.19,95.42,2.07,,
HLX,2026-08-15,Energy,Oil & Gas Equipment & Services,1540000000.0,65.6,18.73,0.49,1.18,0.97,6.94,2.04,1.23,1.11,13.94,7.670000000000001,1.8000000000000003,-15.07,97.59,38.04,9.64,11.98,0.39,0.34,3.39,3.39,,6.800000000000001,92.43,5.37,,
HMN,2026-08-15,Financial,Insurance - Property & Casualty,2130000000.0,12.26,9.74,1.41,1.22,1.41,3.75,12.38,1.39,8.45,,14.57,10.15,2.23,11.89,6.92,4.21,5.36,0.4,0.4,,,2.71,0.57,106.32,2.34,,
HNI,2026-08-15,Consumer Cyclical,"Furnishings, Fixtures & Appliances",3530000000.0,443.78,10.04,0.58,0.8,1.95,34.34,0.33,0.13,0.13,40.01,5.59,0.1,22.25,15.08,17.41,2.58,7.74,0.91,0.86,1.36,0.88,2.98,1.78,86.83,6.09,,
HOG,2026-08-15,Consumer Cyclical,Recreational Vehicles,2890000000.0,17.18,14.55,33.84,0.68,0.94,,6.32,2.1,4.72,26.289999999999996,6.24,4.78,-76.87,196.84,0.43,219.23,1.99,0.74,0.39,1.9,1.7,2.67,1.13,107.25,17.73,,
HOMB,2026-08-15,Financial,Banks - Regional,6280000000.0,12.98,12.08,2.59,4.21,1.38,12.69,11.11,2.01,9.12,,42.44,32.14,6.92,3.39,4.67,13.15,13.31,0.2,0.16,0.26,,2.72,6.36,76.12,4.77,,
HON,2026-08-15,Industrials,Conglomerates,74150000000.0,8.65,23.31,5.86,1.9,4.0,17.88,49.9,11.09,18.93,37.84,19.17,22.09,-18.84,20.61,3.98,1.83,2.78,1.89,1.46,1.21,0.93,1.83,0.11,81.32,2.66,,
HOOD,2026-08-15,Financial,Capital Markets,85920000000.0,42.32,34.21,1.91,17.21,9.06,,23.56,4.5,17.45,94.99,44.22,41.43,1.76,33.91,17.92,259.78,36.27,2.92,0.25,1.22,1.22,,15.45,65.32,4.36,,
HOPE,2026-08-15,Financial,Banks - Regional,1850000000.0,14.53,9.6,,1.81,0.8,9.8,5.66,0.68,4.37,,16.82,12.560000000000002,119.9,39.68,,-11.6,8.33,0.28,0.27,0.05,,3.88,2.9,94.16,4.49,,
HP,2026-08-15,Energy,Oil & Gas Drilling,4420000000.0,,30.9,1.21,1.11,1.72,14.01,-5.23,-2.12,-3.15,10.49,2.68,-3.49,-140.58,475.06,25.49,18.42,16.13,0.72,0.72,1.96,1.55,2.31,3.9900000000000007,104.23,8.73,,
HPE,2026-08-15,Technology,Communication Equipment,77740000000.0,55.21,14.52,0.46,2.0,3.07,19.49,6.329999999999999,2.11,3.57,31.379999999999995,6.15,3.7000000000000006,76.43,18.15,31.71,29.09,4.96,0.84,0.72,1.08,0.75,0.97,0.42,92.33,4.94,,
HPQ,2026-08-15,Technology,Computer Hardware,27540000000.0,11.11,9.96,4.93,0.48,,7.29,,6.25,26.88,20.27,7.24,4.42,-3.05,-0.09,2.02,5.79,-0.43,,,0.79,0.49,3.9800000000000004,0.26,92.65,8.55,,
HQY,2026-08-15,Healthcare,Health Information Services,8760000000.0,39.23,19.23,1.33,6.55,4.29,17.96,11.06,6.860000000000001,7.63,62.63999999999999,25.95,17.25,17.99,15.42,14.5,83.98,12.36,0.48,0.48,3.44,3.44,,2.58,110.72,5.12,,
HR,2026-08-15,Real Estate,REIT - Healthcare Facilities,6600000000.0,,349.49,,5.76,1.56,14.66,-1.9799999999999998,-0.93,-1.04,17.41,11.54,-7.8,95.48,271.51,,,9.94,1.04,1.04,0.91,0.91,4.99,0.8500000000000001,111.55999999999999,5.5,,
HRB,2026-08-15,Consumer Cyclical,Personal Services,6830000000.0,9.4,7.81,0.52,1.73,,9.04,708.9,22.44,36.6,57.47,23.65,18.47,15.74,12.37,14.92,-43.6,2.94,17.89,15.95,1.13,1.0,3.44,1.39,106.88,13.85,,
HRL,2026-08-15,Consumer Defensive,Packaged Foods,13500000000.0,28.95,15.61,2.24,1.11,1.7,19.49,5.84,3.49,4.53,15.46,7.719999999999999,3.82,8.84,5.43,6.97,-12.16,4.73,0.36,0.3,1.94,0.97,4.77,47.62,45.01,6.67,,
HRMY,2026-08-15,Healthcare,Biotechnology,2220000000.0,12.35,9.13,0.43,2.31,2.22,6.26,20.46,14.610000000000001,15.93,72.94,24.03,18.88,41.94,8.56,21.06,,40.3,0.22,0.14,3.48,3.45,,12.990000000000002,99.59,8.87,,
HSIC,2026-08-15,Healthcare,Medical Distribution,10000000000.0,26.16,14.93,1.48,0.74,3.18,17.58,12.21,3.62,7.03,29.299999999999997,5.98,2.96,8.34,11.63,10.09,3.12,5.43,1.21,0.82,1.32,0.73,,15.22,98.24,6.67,,
HST,2026-08-15,Real Estate,REIT - Hotel & Motel,15690000000.0,15.36,21.47,,2.52,2.46,15.49,15.770000000000001,7.84,8.53,16.37,14.360000000000001,16.51,25.02,-22.46,-2.49,,30.43,0.88,0.88,3.13,3.13,6.7299999999999995,1.63,104.74,6.45,,
HSTM,2026-08-15,Healthcare,Health Information Services,846200000.0,40.32,34.95,,2.64,2.37,20.46,6.0,4.15,5.73,51.22,8.04,6.6000000000000005,20.98,12.2,,6.68,4.43,0.04,0.04,1.06,1.06,0.45999999999999996,20.7,78.27,6.42,,
HSY,2026-08-15,Consumer Defensive,Confectioners,37010000000.0,26.91,18.63,1.0,3.04,8.11,17.18,32.81,10.78,15.66,37.93,17.71,12.24,34.6,16.45,18.63,-6.59,7.49,1.3,1.08,1.18,0.66,3.1300000000000003,28.059999999999995,67.3,5.75,,
HTH,2026-08-15,Financial,Financial Conglomerates,2270000000.0,14.7,15.9,,1.42,1.07,,7.48,1.03,6.83,,13.36,10.12,30.72,-2.06,,-10.52,-5.77,0.71,0.11,0.25,,2.07,32.61,57.43000000000001,5.51,,
HTLD,2026-08-15,Industrials,Trucking,989080000.0,,24.71,,1.34,1.31,,-2.85,-1.78,-2.44,-0.21,-6.67,-2.98,127.67,179.14,,,4.54,0.19,0.19,1.58,1.58,0.63,39.62,51.080000000000005,6.09,,
HTO,2026-08-15,Utilities,Utilities - Regulated Water,2670000000.0,22.56,22.9,3.36,3.23,1.45,,6.460000000000001,2.08,2.87,45.51,21.53,12.91,-6.53,-0.25,6.82,6.39,7.24,1.03,1.02,1.67,1.67,2.76,6.74,115.66000000000001,13.02,,
HTZ,2026-08-15,Industrials,Rental & Leasing Services,798450000.0,,,,0.09,,,-567.03,-1.19,-1.62,14.63,3.73,-3.1300000000000003,60.18,89.0,,26.75,10.09,,,0.64,0.64,,3.55,100.44,30.02,,
HUBB,2026-08-15,Industrials,Electrical Equipment & Parts,27020000000.0,30.28,22.55,1.97,4.34,6.91,29.97,24.34,9.48,10.17,35.34,20.87,14.469999999999999,11.75,11.46,11.44,20.85,9.68,1.42,1.26,1.61,0.93,1.13,0.38,99.89,5.17,,
HUBG,2026-08-15,Industrials,Integrated Freight & Logistics,2460000000.0,23.19,21.61,2.43,0.66,1.45,41.08,6.309999999999999,3.66,5.1,7.91,3.81,2.82,-29.81,45.99,8.88,1.24,1.47,0.29,0.21,1.47,1.47,1.24,3.5900000000000003,100.54,6.45,,
HUM,2026-08-15,Healthcare,Healthcare Plans,46720000000.0,36.84,23.27,1.32,0.32,2.43,23.97,6.83,2.38,4.1,,1.86,0.88,-46.59,82.63,17.59,-17.23,10.94,0.74,0.62,1.74,,0.95,0.27,97.61,3.06,,
HWC,2026-08-15,Financial,Banks - Regional,6400000000.0,15.62,10.96,1.02,3.29,1.44,11.0,9.67,1.19,8.95,,27.36,21.88,14.43,12.25,10.72,,8.1,0.42,0.07,0.11,,2.47,0.98,97.07,6.38,,
HWKN,2026-08-15,Basic Materials,Specialty Chemicals,2740000000.0,33.89,28.21,,2.47,4.96,29.84,15.61,8.08,10.0,22.3,10.36,7.290000000000001,4.34,13.85,,15.19,12.67,0.47,0.47,2.27,1.54,0.61,3.9599999999999995,79.21,5.24,,
HWM,2026-08-15,Industrials,Aerospace & Defense,115330000000.0,62.37,45.27,1.75,12.65,20.18,64.39,34.73,15.4,18.9,32.71,27.310000000000002,20.51,40.06,20.96,25.92,50.77,9.43,0.81,0.73,1.82,0.87,0.18,1.1,92.29,1.75,,
HXL,2026-08-15,Industrials,Aerospace & Defense,7870000000.0,52.46,33.24,1.13,4.02,6.05,30.66,10.76,5.51,6.8,23.51,10.54,7.84,36.59,30.22,29.54,29.37,4.52,0.74,0.74,2.43,1.37,0.7,0.97,117.24,5.85,,
HZO,2026-08-15,Consumer Cyclical,Specialty Retail,1150000000.0,360.25,33.03,0.54,0.52,1.21,6.55,0.42,0.16,0.28,34.21,2.9,0.18,16.63,121.36,61.57,,8.87,1.17,0.49,1.23,0.34,,11.45,90.74,14.96,,
IART,2026-08-15,Healthcare,Medical Devices,1430000000.0,,7.04,0.83,0.87,1.37,55.28,-0.7,-0.2,-0.24,55.25,10.71,-0.44,10.17,6.04,8.53,,3.57,1.96,1.91,3.6,2.11,,14.429999999999998,96.11,9.73,,
IBKR,2026-08-15,Financial,Capital Markets,41710000000.0,36.65,28.97,1.58,3.69,7.03,1.91,20.99,0.53,18.68,95.31,86.66,9.97,23.91,17.09,18.35,29.67,33.08,7.72,0.02,1.05,1.05,0.37,3.2400000000000007,84.44,2.11,,
IBM,2026-08-15,Technology,Information Technology Services,220760000000.0,20.8,17.82,2.47,3.19,6.41,16.01,34.55,7.12,11.51,57.56,20.91,15.52,6.22,6.79,7.23,12.36,4.12,1.89,1.7,0.76,0.71,2.88,0.1,65.22,2.37,,
IBOC,2026-08-15,Financial,Banks - Regional,4560000000.0,11.07,10.87,3.53,4.29,1.35,9.33,12.920000000000002,2.47,11.83,,49.28,38.88,-3.47,5.63,3.08,20.37,12.78,0.22,0.04,0.1,,1.9900000000000002,13.059999999999999,72.69,3.16,,
IBP,2026-08-15,Consumer Cyclical,Residential Construction,6390000000.0,25.86,20.95,4.24,2.15,9.98,21.89,38.45,11.74,14.28,32.22,12.509999999999998,8.46,-8.71,9.8,4.94,24.31,12.44,1.87,1.75,2.98,2.41,1.4,13.780000000000001,100.8,7.46,,
ICE,2026-08-15,Financial,Financial Data & Stock Exchanges,86860000000.0,21.85,17.55,1.42,6.61,2.94,17.11,13.930000000000001,2.54,8.26,68.57,46.06,30.740000000000002,16.83,8.56,12.39,8.9,9.86,0.69,0.65,1.01,1.01,1.35,0.61,93.23,1.42,,
ICHR,2026-08-15,Technology,Semiconductor Equipment & Materials,2660000000.0,,21.74,0.14,2.63,3.07,,-5.17,-3.71,-4.02,9.55,1.06,-3.9699999999999998,582.6,108.2,152.16,,0.72,0.18,0.16,3.7,2.07,,2.34,93.0,4.62,,
ICUI,2026-08-15,Healthcare,Medical Instruments & Supplies,4580000000.0,154.57,18.93,1.85,2.12,2.13,29.94,1.41,0.74,0.88,34.5,6.68,1.39,12.63,10.61,10.24,-62.61,11.9,0.6,0.58,2.39,1.17,,1.92,103.21000000000001,5.66,,
IDA,2026-08-15,Utilities,Utilities - Regulated Electric,8250000000.0,23.59,20.53,2.32,4.58,2.12,,9.44,3.26,4.42,21.93,21.62,18.8,8.1,8.92,8.85,4.68,6.09,1.06,1.03,0.99,0.75,2.52,0.34,104.91,7.9,,
IDCC,2026-08-15,Technology,Software - Application,8870000000.0,39.65,37.14,35.04,11.25,7.38,15.99,26.400000000000002,14.469999999999999,24.66,78.66,43.77,38.32,-23.11,1.98,1.06,52.24,18.36,0.33,0.02,1.74,1.74,0.8100000000000002,2.01,110.23,10.57,,
IDXX,2026-08-15,Healthcare,Diagnostics & Research,43410000000.0,38.72,32.86,2.48,9.53,26.95,34.71,74.21,33.65,56.62,62.529999999999994,32.12,25.03,12.93,13.51,13.25,14.28,9.72,0.68,0.25,1.11,0.81,,0.38,93.93,2.45,,
IEX,2026-08-15,Industrials,Specialty Industrial Machinery,17610000000.0,34.33,24.82,2.73,4.91,4.41,27.46,12.960000000000003,7.53,8.86,42.83,21.05,14.49,10.76,9.34,9.09,5.35,8.01,0.47,0.46,3.05,2.15,1.22,0.59,105.52,2.59,,
IFF,2026-08-15,Basic Materials,Specialty Chemicals,21480000000.0,78.1,21.13,7.85,2.15,1.54,39.92,1.83,1.01,1.44,32.44,10.48,2.78,-18.43,16.31,2.69,,16.46,0.45,0.37,2.06,1.71,1.94,1.8399999999999999,104.4,6.55,,
IIPR,2026-08-15,Real Estate,REIT - Industrial,1540000000.0,12.69,12.75,,5.86,0.9,8.3,7.19,5.49,5.45,60.08,46.91,47.87,12.47,-0.68,,3.76,17.87,0.33,0.33,2.03,2.03,13.570000000000002,2.04,78.15,13.71,,
ILMN,2026-08-15,Healthcare,Diagnostics & Research,28820000000.0,35.57,31.44,2.38,6.41,10.16,30.96,32.38,12.950000000000001,17.25,66.81,19.87,18.35,10.5,13.53,13.2,4.22,6.02,0.89,0.69,1.8,1.4,,0.27,107.13,5.35,,
INCY,2026-08-15,Healthcare,Biotechnology,24360000000.0,15.31,14.02,1.4,4.19,3.81,12.68,30.67,23.55,25.3,91.42,31.61,27.71,-42.02,117.42,10.01,,14.03,0.01,0.0,4.59,4.51,,0.9399999999999998,101.61,5.1,,
INDB,2026-08-15,Financial,Banks - Regional,4059999999.9999995,15.51,10.34,,3.06,1.17,13.38,8.24,1.21,6.44,,30.28,20.41,27.11,15.93,,4.05,18.59,0.2,0.2,0.1,,2.96,1.44,89.65,4.05,,
INDV,2026-08-15,Healthcare,Drug Manufacturers - Specialty & Generic,4600000000.0,13.86,8.44,0.34,3.46,,,,26.44,121.58,83.78,39.94,26.649999999999995,68.86,9.44,24.63,,13.88,,,0.84,0.66,,10.15,97.27,9.7,,
INGR,2026-08-15,Consumer Defensive,Packaged Foods,6630000000.0,11.46,9.34,4.49,0.92,1.47,18.69,13.58,7.470000000000001,9.45,23.62,12.24,8.21,-5.29,6.8,2.08,16.78,3.81,0.39,0.39,2.8,1.92,3.32,2.38,98.58,7.63,,
INSP,2026-08-15,Healthcare,Medical Devices,1650000000.0,12.4,38.84,,1.84,2.0,14.1,17.96,15.629999999999999,15.8,86.13,6.02,15.03,-50.67,23.15,-7.02,,51.21,0.04,0.04,8.55,6.16,,5.73,129.59,14.38,,
INSW,2026-08-15,Energy,Oil & Gas Midstream,4810000000.0,6.2,13.79,6.86,3.82,2.12,17.85,37.41,28.12,27.08,59.53000000000001,55.65,61.86000000000001,183.05,-54.13,2.01,,14.87,0.29,0.27,5.94,5.76,15.18,16.24,82.1,5.17,,
INTC,2026-08-15,Technology,Semiconductors,517010000000.0,,50.19,0.54,9.07,5.9,1502.94,-12.18,-5.72,-8.3,39.05,8.03,-19.79,256.7,36.32,93.21,,-7.46,0.58,0.55,1.6,1.25,0.04,14.719999999999999,61.47,2.91,,
INTU,2026-08-15,Technology,Software - Application,94550000000.0,20.93,12.63,0.83,4.52,4.6,12.26,22.5,12.08,17.17,77.64,27.47,21.91,18.25,14.83,15.23,14.6,19.65,0.33,0.29,1.45,1.45,1.36,2.19,86.07,4.54,,
INVA,2026-08-15,Healthcare,Biotechnology,1530000000.0,5.16,9.19,,3.37,1.25,8.08,36.68,23.53,23.78,69.98,35.83,78.72,-29.39,-1.07,-15.8,10.35,3.93,0.22,0.22,16.01,15.18,,1.25,105.72,9.66,,
INVH,2026-08-15,Real Estate,REIT - Residential,17890000000.0,54.11,40.53,,6.23,1.98,21.72,7.04,3.55,3.74,30.94,25.900000000000002,11.82,-1.28,-21.13,-6.31,18.79,10.09,0.95,0.95,0.69,0.69,3.9699999999999998,0.79,98.91,2.08,,
INVX,2026-08-15,Energy,Oil & Gas Equipment & Services,2180000000.0,35.3,16.15,0.64,2.19,2.03,17.59,5.99,4.82,5.52,26.06,11.18,6.17,43.49,17.33,25.32,,21.8,0.07,0.05,5.01,3.32,,34.73,75.61,6.28,,
IOSP,2026-08-15,Basic Materials,Specialty Chemicals,2310000000.0,19.17,15.26,,1.25,1.72,33.02,9.21,6.65,8.82,27.46,8.13,6.6000000000000005,-6.33,24.58,,32.14,8.31,0.04,0.03,2.78,1.87,2.01,1.63,102.61,1.88,,
IP,2026-08-15,Consumer Cyclical,Packaging & Containers,21570000000.0,,13.57,,0.89,1.49,43.85,-16.48,-6.909999999999999,-13.54,18.92,0.86,-14.14,1813.47,119.06,,,6.12,0.83,0.75,1.1,0.84,4.61,1.66,96.88,9.18,,
IPAR,2026-08-15,Consumer Defensive,Household & Personal Products,3670000000.0,21.92,22.03,4.49,2.44,4.22,14.93,19.62,10.99,17.12,63.82,17.26,11.17,-6.68,6.42,4.91,34.12,22.53,0.19,0.13,3.31,2.0,2.79,43.62,67.13,9.91,,
IPGP,2026-08-15,Technology,Semiconductor Equipment & Materials,3650000000.0,132.84,37.84,0.62,3.41,1.72,175.43,1.3,1.15,1.29,39.87,3.9599999999999995,2.58,50.8,105.93,61.27,-24.47,-3.52,0.01,0.01,6.18,4.8,,39.9,69.84,13.63,,
IQV,2026-08-15,Healthcare,Diagnostics & Research,38950000000.0,29.36,16.43,1.54,2.29,6.31,17.84,23.01,4.7,6.83,26.02,13.900000000000002,8.09,8.77,11.1,10.65,40.52,7.5,2.63,2.26,0.71,0.71,,0.98,100.54,2.8,,
IR,2026-08-15,Industrials,Specialty Industrial Machinery,32340000000.000004,34.34,21.35,2.53,4.07,3.18,26.52,9.47,5.29,6.73,37.6,18.62,12.08,6.12,10.15,8.44,,14.0,0.47,0.4,1.62,1.15,0.06,0.21,101.6,3.82,,
IRDM,2026-08-15,Communication Services,Telecom Services,5320000000.0,57.2,37.24,2.35,6.02,11.26,18.45,19.72,3.63,4.2,47.73,23.76,10.55,-10.27,41.72,15.84,,8.36,3.73,3.7,2.78,2.31,1.24,13.58,88.99,3.78,,
IRM,2026-08-15,Real Estate,REIT - Specialty,38530000000.0,92.38,48.84,3.71,5.1,,,,1.9900000000000002,2.31,39.81,20.65,5.54,13.72,9.93,13.16,-16.38,10.72,,,0.73,0.73,2.62,0.93,88.38,2.84,,
IRT,2026-08-15,Real Estate,REIT - Residential,4120000000.0,93.06,116.46,,6.17,1.2,24.15,1.29,0.72,0.76,20.61,17.04,6.54,-43.57,7.97,-14.06,9.08,25.67,0.73,0.7,0.53,0.53,4.09,0.77,102.17,4.54,,
ISRG,2026-08-15,Healthcare,Medical Instruments & Supplies,139370000000.0,45.22,32.66,2.17,12.63,7.68,43.25,17.43,15.299999999999999,17.28,66.66,31.28,28.449999999999996,20.92,11.88,15.06,21.79,18.22,0.0,0.0,4.96,3.91,,0.7,86.34,1.89,,
IT,2026-08-15,Technology,Information Technology Services,11440000000.0,16.25,10.88,0.83,1.77,,8.88,113.57,9.99,25.29,66.7,18.79,11.99,10.38,14.46,13.15,26.62,9.65,,,0.78,0.78,,2.53,114.84999999999998,15.68,,
ITGR,2026-08-15,Healthcare,Medical Devices,4260000000.0,34.15,18.26,4.03,2.32,2.48,38.02,7.5,3.7800000000000002,4.18,22.8,10.03,6.98,-3.85,11.5,4.53,4.37,11.47,0.79,0.79,3.73,2.41,,1.29,116.31,11.01,,
ITRI,2026-08-15,Technology,Scientific & Technical Instruments,4450000000.0,16.98,14.82,3.65,1.93,2.75,12.29,16.97,7.19,8.51,38.75,13.87,11.9,-10.45,7.35,4.06,,1.72,0.99,0.99,2.75,2.29,,1.69,117.86000000000001,13.85,,
ITT,2026-08-15,Industrials,Specialty Industrial Machinery,19610000000.0,43.08,22.98,1.38,4.14,4.09,38.5,11.46,5.25,5.44,33.32,17.45,8.9,22.57,15.93,16.59,49.04,9.71,0.8,0.61,1.26,0.85,0.68,0.6,100.79,8.28,,
ITW,2026-08-15,Industrials,Specialty Industrial Machinery,82820000000.0,26.36,23.61,3.15,5.03,28.62,28.35,104.65,19.63,33.82,43.72,26.5,19.39,8.96,7.77,7.5,9.62,4.99,3.35,2.26,1.11,0.81,2.23,0.38,86.77,3.14,,
IVT,2026-08-15,Real Estate,REIT - Retail,2620000000.0,173.17,336.3,,8.23,1.48,21.8,0.8500000000000001,0.53,0.53,28.03,16.35,4.78,-92.25,-9.09,,,7.52,0.62,0.62,1.72,1.72,2.95,0.97,88.11,6.21,,
IVZ,2026-08-15,Financial,Asset Management,14370000000.0,,9.99,0.44,2.02,1.44,7.35,-0.49,-0.22999999999999998,-0.46,65.11,22.63,-4.34,38.48,15.86,22.51,,0.83,0.13,0.13,0.99,0.99,2.64,0.77,96.6,3.73,,
J,2026-08-15,Industrials,Engineering & Construction,16930000000.0,50.78,17.45,1.08,1.19,5.19,26.27,10.14,3.1,4.72,22.01,4.87,2.4,18.56,14.24,16.11,-3.7,-2.27,1.24,1.21,1.29,1.29,0.9000000000000001,0.73,93.54,4.54,,
JAZZ,2026-08-15,Healthcare,Biotechnology,15900000000.0,16.89,9.46,0.18,3.46,3.31,9.99,22.11,8.54,11.5,73.63,20.76,20.45,198.88,3.38,52.81,,12.54,0.92,0.7,1.78,1.58,,4.51,106.98999999999998,5.41,,
JBGS,2026-08-15,Real Estate,REIT - Diversified,856620000.0,,,,1.68,0.63,,-12.89,-3.49,-4.23,25.46,0.36,-30.28,,,,-33.66,-3.72,2.41,2.41,4.89,4.89,6.1,0.5,95.95,18.89,,
JBHT,2026-08-15,Industrials,Integrated Freight & Logistics,26270000000.0,39.65,27.54,1.08,2.07,7.18,23.89,18.45,8.33,14.05,10.5,7.59,5.31,28.04,29.59,25.55,5.26,4.48,0.31,0.31,1.26,1.26,0.64,21.86,78.95,3.71,,
JBL,2026-08-15,Technology,Electronic Components,38050000000.0,45.32,21.62,0.77,1.13,28.77,29.13,66.1,4.07,18.67,8.98,5.03,2.57,30.86,31.65,27.96,76.36,1.79,2.94,2.49,0.98,0.66,0.09,2.0,100.12,3.37,,
JBLU,2026-08-15,Industrials,Airlines,2130000000.0,,,,0.22,1.34,,-44.36,-5.33,-8.52,12.73,-5.88,-9.32,-36.2,79.12,,19.37,25.1,5.91,5.55,0.7,0.63,,16.13,77.47,30.18,,
JBSS,2026-08-15,Consumer Defensive,Packaged Foods,1010000000.0,15.21,15.15,2.74,0.87,2.62,20.75,18.27,10.81,14.89,18.44,8.32,5.76,,,5.53,1.4,4.7,0.27,0.16,2.3,0.65,1.0,24.23,74.19,4.22,,
JBTM,2026-08-15,Industrials,Specialty Industrial Machinery,6230000000.0,32.73,13.0,,1.59,1.39,20.11,4.36,2.37,3.13,35.82,10.24,4.9,25.85,14.63,,,17.05,0.38,0.37,1.24,0.7,0.34,1.5,104.1,6.7,,
JCI,2026-08-15,Industrials,Building Products & Equipment,93070000000.0,26.71,25.55,1.1,3.72,6.9,56.1,14.87,5.31,16.43,36.61,14.39,14.32,34.28,19.1,23.29,26.74,1.12,0.7,0.62,0.97,0.8,1.01,0.32,91.37,1.82,,
JEF,2026-08-15,Financial,Capital Markets,12710000000.0,15.37,11.6,0.48,1.09,1.06,1.6,7.960000000000001,1.13,2.83,91.24,39.13,6.819999999999999,25.29,34.05,23.92,1.32,5.32,3.49,1.76,1.51,1.51,2.98,33.67,60.64000000000001,3.33,,
JJSF,2026-08-15,Consumer Defensive,Packaged Foods,1670000000.0,34.4,20.71,8.78,1.1,1.87,18.17,5.29,3.56,4.65,30.69,6.04,3.2300000000000004,-6.64,8.36,2.36,28.39,9.15,0.22,0.19,2.34,1.47,3.58,22.36,80.58,7.3,,
JKHY,2026-08-15,Technology,Information Technology Services,10890000000.0,21.44,21.16,2.62,4.33,5.11,14.97,24.89,17.36,22.95,44.06,26.0,20.64,9.63,5.89,8.08,10.1,6.96,0.06,0.06,1.51,1.51,1.54,0.59,100.44,6.42,,
JLL,2026-08-15,Real Estate,Real Estate Services,17250000000.0,17.97,13.45,0.72,0.63,2.31,13.91,13.780000000000001,5.74,10.72,99.17,4.89,3.64,31.79,12.57,18.59,16.32,9.5,0.46,0.25,1.13,1.13,,1.02,96.89,2.13,,
JNJ,2026-08-15,Healthcare,Drug Manufacturers - General,627420000000.0,30.18,20.42,2.1,6.41,7.38,28.21,25.739999999999995,10.67,17.2,68.03,26.99,21.48,7.37,10.04,9.72,14.9,2.67,0.58,0.44,1.09,0.81,2.06,0.15,75.75,1.06,,
JOE,2026-08-15,Real Estate,Real Estate - Diversified,3890000000.0,31.99,,,7.11,5.1,18.34,16.37,8.05,10.88,35.63,30.18,22.46,,,,21.1,26.17,0.49,0.48,29.92,29.92,0.91,3.6799999999999997,83.95,1.78,,
JPM,2026-08-15,Financial,Banks - Diversified,964500000000.0,15.54,14.44,1.34,3.24,2.73,6.27,17.71,1.35,7.41,,28.360000000000003,21.39,24.01,1.19,10.76,17.66,17.27,3.41,1.33,1.15,,1.76,0.45999999999999996,75.25,1.07,,
JXN,2026-08-15,Financial,Insurance - Life,9170000000.0,185.9,4.27,0.25,1.42,0.98,1.56,1.01,0.03,0.85,,1.25,0.91,19.43,17.08,16.78,57.53,15.82,0.28,0.21,,,2.66,9.04,86.36,5.53,,
KAI,2026-08-15,Industrials,Specialty Industrial Machinery,3950000000.0,35.97,23.81,,3.43,3.86,24.67,11.26,6.5,7.17,44.44,15.54,9.52,35.64,11.76,,12.62,10.63,0.5,0.5,2.59,1.63,0.42,1.17,111.3,9.23,,
KALU,2026-08-15,Basic Materials,Aluminum,2970000000.0,13.47,16.1,0.53,0.72,3.15,34.15,26.400000000000002,8.37,11.33,11.55,8.24,5.49,114.75,-12.83,30.25,30.19,23.53,1.13,1.12,2.5,1.17,1.73,2.4,103.13,4.6,,
KBH,2026-08-15,Consumer Cyclical,Residential Construction,3440000000.0,13.61,12.41,,0.62,0.91,9.54,6.950000000000001,3.92,4.67,17.02,5.96,4.92,-45.9,35.77,-2.15,14.45,8.31,0.53,0.53,6.8,0.64,1.69,4.61,106.51000000000002,12.93,,
KBR,2026-08-15,Industrials,Engineering & Construction,4840000000.0,11.57,9.49,,0.63,2.96,13.94,27.089999999999996,6.29,9.62,14.48,9.97,5.46,1.47,1.35,-0.27,,6.19,1.71,1.68,1.15,1.15,1.7399999999999998,1.55,103.64999999999999,7.22,,
KD,2026-08-15,Technology,Information Technology Services,2870000000.0,36.72,5.29,0.28,0.19,2.7,19.38,7.55,0.74,2.2,21.85,3.9699999999999998,0.58,27.05,34.32,18.73,,-4.85,4.61,2.7,0.66,0.66,,2.74,85.8,13.85,,
KDP,2026-08-15,Consumer Defensive,Beverages - Non-Alcoholic,42780000000.0,31.86,12.42,1.26,2.13,1.71,23.3,5.71,2.01,2.7,46.56,16.95,6.69,11.75,10.53,9.87,10.36,7.4,1.5,1.11,0.48,0.28,3.0,4.7,102.23,4.92,,
KEX,2026-08-15,Industrials,Marine Shipping,7320000000.0,21.3,16.59,1.08,2.1,2.14,15.43,10.4,5.78,7.68,25.36,13.86,10.18,12.52,17.3,15.38,,9.15,0.36,0.34,1.68,1.12,,0.8199999999999998,105.19000000000001,2.82,,
KEY,2026-08-15,Financial,Banks - Regional,24870000000.0,13.56,10.85,0.63,2.25,1.44,32.69,10.33,1.08,6.6,,23.0,17.04,20.21,17.52,17.3,3.7,9.03,0.74,0.55,0.45,,3.54,0.4,89.97,3.11,,
KEYS,2026-08-15,Technology,Scientific & Technical Instruments,61150000000.0,58.95,30.16,1.3,10.04,9.65,45.1,18.17,9.63,12.59,63.9,22.16,17.25,42.05,16.65,23.14,8.17,4.95,0.44,0.32,1.9,1.45,,0.79,92.78,1.89,,
KFY,2026-08-15,Industrials,Staffing & Employment Services,4320000000.0,16.07,13.32,1.31,1.47,2.14,13.33,14.279999999999998,6.909999999999999,10.79,21.18,13.100000000000001,9.33,9.49,9.34,10.19,20.06,10.06,0.3,0.29,1.94,1.94,2.61,1.03,101.62,4.32,,
KGS,2026-08-15,Energy,Oil & Gas Equipment & Services,6610000000.0,77.98,21.9,0.34,4.74,3.05,1318.79,4.6,1.63,1.62,43.25,32.65,5.63,138.79,40.43,64.65,,19.7,1.31,1.3,1.45,1.15,3.06,0.9899999999999999,100.78,7.56,,
KHC,2026-08-15,Consumer Defensive,Packaged Foods,30250000000.0,,12.33,,1.21,0.84,7.93,-8.78,-4.39,-6.33,33.22,17.12,-13.639999999999999,-21.05,0.82,-6.48,,-0.97,0.53,0.49,1.06,0.68,6.280000000000001,0.4,88.91,7.29,,
KIM,2026-08-15,Real Estate,REIT - Retail,16370000000.000002,28.62,27.98,6.71,7.45,1.59,20.57,5.82,3.04,3.25,40.98,34.51,26.13,1.51,4.81,4.17,-18.36,15.28,0.89,0.81,0.97,0.97,4.36,2.71,100.88999999999999,4.86,,
KKR,2026-08-15,Consumer Defensive,Grocery Stores,34730000000.0,33.16,10.25,1.53,0.23,5.37,12.07,13.489999999999998,2.01,3.61,20.98,3.18,0.7,7.29,6.32,6.69,-13.99,2.19,3.74,3.44,0.79,0.39,2.55,0.32,88.93,4.24,,
KLAC,2026-08-15,Technology,Semiconductor Equipment & Materials,266170000000.00003,55.54,30.59,1.15,19.61,41.93,70.66,87.5,28.4,38.81,60.13,41.68,35.59,45.82,21.47,26.66,22.32,14.43,0.97,0.96,2.82,1.97,0.45999999999999996,0.11,90.5,2.07,,
KLIC,2026-08-15,Technology,Semiconductor Equipment & Materials,5190000000.0,45.5,17.45,0.09,5.46,5.69,129.73,13.23,9.47,12.26,48.15,13.059999999999999,12.18,1739.81,49.87,196.32,-65.56,0.97,0.04,0.04,3.44,2.74,0.83,3.2,95.13,4.02,,
KMB,2026-08-15,Consumer Defensive,Household & Personal Products,36710000000.0,18.81,14.78,6.6,2.21,20.98,20.17,111.55,9.54,23.77,36.76,14.24,11.79,-1.0,0.17,2.24,-2.45,-2.99,3.72,3.7,0.91,0.69,4.67,0.22,100.25,13.24,,
KMI,2026-08-15,Energy,Oil & Gas Midstream,73080000000.0,21.17,21.47,2.53,4.08,2.31,20.09,11.05,4.71,5.61,36.32,29.609999999999996,19.27,16.87,0.63,8.49,96.4,7.93,1.02,0.94,0.46,0.36,3.63,12.809999999999999,70.36,2.34,,
KMPR,2026-08-15,Financial,Insurance - Property & Casualty,1620000000.0,,6.49,0.49,0.35,0.74,4.35,-19.26,-4.04,-15.79,,1.14,-10.76,-45.17,114.04,13.13,-17.9,-1.33,0.43,0.43,0.25,,4.73,1.6500000000000001,100.61,8.87,,
KMT,2026-08-15,Industrials,Tools & Accessories,2380000000.0,7.09,12.67,,1.01,1.52,,24.0,11.99,14.95,40.77,20.44,14.529999999999998,5.28,-48.79,-16.3,46.94,5.06,0.49,0.46,2.62,0.87,4.14,1.11,108.47,6.58,,
KMX,2026-08-15,Consumer Cyclical,Auto & Truck Dealerships,8500000000.0,39.44,,,0.3,1.39,8.55,3.5900000000000003,0.8199999999999998,0.92,10.68,2.06,0.79,-6.95,,1.03,-18.02,6.67,3.08,2.97,2.7,0.82,,3.56,99.76,10.08,,
KN,2026-08-15,Technology,Electronic Components,3290000000.0,49.68,23.81,1.28,5.18,4.13,51.8,9.5,6.76,7.21,42.19,14.63,10.69,20.27,21.16,18.56,50.23,-4.94,0.19,0.18,3.2,1.75,,2.31,103.78,5.77,,
KNF,2026-08-15,Basic Materials,Building Materials,3770000000.0,27.05,18.58,1.58,1.14,2.35,87.53,9.12,3.58,4.32,17.83,8.96,4.23,5.44,22.83,11.75,1.17,7.63,1.04,1.02,2.66,1.6,,0.45000000000000007,96.36,5.84,,
KNSL,2026-08-15,Financial,Insurance - Property & Casualty,8640000000.0,15.37,17.5,3.28,4.33,4.24,8.63,30.269999999999996,10.26,25.17,,36.33,28.49,8.81,2.06,5.33,41.12,32.44,0.11,0.11,0.15,,0.26,5.58,95.09,11.66,,
KNTK,2026-08-15,Energy,Oil & Gas Midstream,8760000000.0,19.35,29.74,,4.8,,71.14,,2.74,7.76,15.2,9.01,10.15,-53.15,45.86,-4.55,71.44,63.58,,,0.68,0.68,6.15,35.82,79.98,11.91,,
KNX,2026-08-15,Industrials,Trucking,11790000000.0,275.47,17.96,0.29,1.52,1.69,21.6,0.61,0.35,0.46,11.03,2.96,0.56,83.68,74.22,61.53,-29.95,9.83,0.38,0.34,0.88,0.88,1.01,2.94,101.41,5.86,,
KO,2026-08-15,Consumer Defensive,Beverages - Non-Alcoholic,377380000000.0,26.43,24.83,3.02,7.46,10.44,26.4,44.23,13.489999999999998,19.57,61.95,31.929999999999996,28.309999999999995,10.18,6.85,8.21,11.14,7.94,1.2,1.02,1.3,1.12,2.5,0.71,76.43,1.05,,
KOP,2026-08-15,Basic Materials,Specialty Chemicals,891490000.0,,9.64,1.33,0.47,2.3,6.43,-19.02,-4.76,-6.41,18.41,10.12,-4.59,-0.61,20.89,7.24,-7.41,2.4,2.59,2.5,2.33,1.01,0.72,5.77,105.58000000000001,4.0,,
KRC,2026-08-15,Real Estate,REIT - Office,4260000000.0,25.56,75.79,,3.9,0.81,8.29,3.19,1.5700000000000003,1.77,31.75,24.68,15.42,-88.57,80.71,-28.04,7.33,4.37,0.89,0.83,1.41,1.41,5.96,1.14,119.48,8.24,,
KRG,2026-08-15,Real Estate,REIT - Retail,5300000000.0,16.91,61.24,,6.5,1.85,20.22,10.9,5.14,6.17,31.59,23.42,39.93,-45.36,-42.3,-26.68,,24.97,1.05,0.9,0.77,0.77,4.55,1.8900000000000001,103.71,6.56,,
KRYS,2026-08-15,Healthcare,Biotechnology,9830000000.0,41.64,35.24,1.18,22.33,7.24,38.15,20.12,18.3,17.67,93.31,44.89,54.82,11.37,23.77,29.93,,,0.01,0.01,8.32,7.96,,12.560000000000002,99.26,12.37,,
KSS,2026-08-15,Consumer Cyclical,Department Stores,2180000000.0,8.16,12.83,,0.14,0.54,2.07,6.97,2.03,2.62,36.0,3.2099999999999995,1.76,-10.96,3.79,-2.01,,-0.54,1.62,1.58,1.48,0.31,2.94,4.48,109.59,28.49,,
KTB,2026-08-15,Consumer Cyclical,Apparel Manufacturing,4640000000.0,17.74,12.92,1.25,1.51,7.5,10.96,40.96,8.5,14.53,48.89,13.140000000000002,8.74,-5.44,24.34,10.33,28.13,8.49,2.06,1.98,1.83,0.99,2.49,1.8000000000000003,100.85,9.7,,
KTOS,2026-08-15,Industrials,Aerospace & Defense,12120000000.0,371.36,58.39,1.53,7.96,3.53,,1.15,0.93,0.86,21.65,1.6,2.03,50.06,34.0,38.16,-27.62,12.49,0.06,0.05,5.54,4.99,,1.45,83.5,5.16,,
KVUE,2026-08-15,Consumer Defensive,Household & Personal Products,36880000000.0,22.26,15.46,2.21,2.39,3.49,19.27,15.58,6.16,9.36,58.36,19.24,10.76,8.55,5.94,7.01,,0.89,0.82,0.68,1.01,0.71,4.4,0.14,96.46,3.3,,
KWR,2026-08-15,Basic Materials,Specialty Chemicals,2940000000.0,30.4,18.14,1.14,1.49,2.13,39.38,7.17,3.42,4.29,32.78,9.08,4.93,10.64,21.17,15.9,,5.9,0.67,0.65,2.46,1.7,0.8,21.98,93.26,13.24,,
L,2026-08-15,Financial,Insurance - Property & Casualty,23110000000.0,13.84,,,1.24,1.21,8.39,9.21,1.96,6.02,,14.04,9.02,,,,,5.99,0.47,0.47,0.7,,0.22,18.77,61.3,2.63,,
LAD,2026-08-15,Consumer Cyclical,Auto & Truck Dealerships,8300000000.000001,12.51,8.96,0.73,0.22,1.3,,10.67,2.83,4.35,14.45,3.8,1.8799999999999997,7.76,16.85,12.26,10.58,23.45,2.59,1.57,1.0,0.21,0.6,1.59,111.66,9.99,,
LAMR,2026-08-15,Real Estate,REIT - Specialty,15790000000.0,28.38,24.6,3.22,6.79,16.08,21.99,58.93000000000001,8.14,10.1,53.55,31.64,23.89,2.56,6.78,7.65,19.11,7.63,5.07,4.6,0.63,0.63,4.23,14.93,85.7,4.05,,
LAUR,2026-08-15,Consumer Defensive,Education & Training Services,5180000000.0,16.89,15.53,0.89,2.83,4.54,18.08,29.350000000000005,14.429999999999998,18.15,27.26,24.42,17.57,22.58,14.88,17.36,,10.68,0.64,0.55,0.71,0.71,2.11,7.5,95.4,2.3,,
LAZ,2026-08-15,Financial,Capital Markets,4350000000.0,21.88,11.6,0.45,1.31,4.76,7.05,26.450000000000003,4.95,7.14,94.91,12.04,6.59,-8.61,72.57,25.77,-8.51,3.45,2.35,2.35,2.63,2.63,4.48,0.89,104.97000000000001,9.66,,
LBRT,2026-08-15,Energy,Oil & Gas Equipment & Services,3590000000.0,29.9,132.7,2.02,0.86,1.83,,6.12,3.09,3.54,7.290000000000001,1.33,2.92,84.01,-39.91,65.73,,32.91,0.82,0.76,1.99,1.75,1.6,2.17,110.2,8.96,,
LCII,2026-08-15,Consumer Cyclical,Recreational Vehicles,2580000000.0,12.34,11.09,0.66,0.64,1.8,8.99,15.0,6.559999999999999,8.35,25.650000000000002,7.490000000000001,5.24,14.81,11.74,16.78,3.84,8.07,0.8,0.77,2.49,1.2,4.34,3.85,104.29000000000002,10.01,,
LDOS,2026-08-15,Technology,Information Technology Services,18050000000.0,13.4,11.25,2.22,1.02,3.42,8.34,27.67,9.43,11.62,17.8,11.8,7.8,3.29,3.22,5.06,20.63,6.91,1.24,1.24,1.63,1.6,1.21,0.84,79.42,4.18,,
LEA,2026-08-15,Consumer Cyclical,Auto Parts,6160000000.0,11.65,7.35,0.53,0.26,1.19,7.26,10.84,3.5900000000000003,6.55,7.049999999999999,4.06,2.35,17.64,12.84,13.87,25.45,6.41,0.68,0.64,1.31,1.04,2.55,0.38,106.23,4.04,,
LECO,2026-08-15,Industrials,Tools & Accessories,15640000000.0,28.68,22.89,1.95,3.49,10.06,28.83,37.74,14.679999999999998,20.19,35.95,17.58,12.37,13.68,11.71,11.74,22.18,9.75,0.8,0.76,1.98,1.2,1.11,1.63,81.15,2.18,,
LEG,2026-08-15,Consumer Cyclical,"Furnishings, Fixtures & Appliances",1320000000.0,6.19,8.76,2.21,0.34,1.22,8.41,22.66,6.01,8.19,18.67,6.15,5.64,-0.24,5.25,3.97,-1.81,-1.07,1.52,1.48,2.35,1.53,2.59,2.44,107.35999999999999,16.88,,
LEN,2026-08-15,Consumer Cyclical,Residential Construction,20870000000.0,13.58,13.5,,0.64,0.97,21.82,7.24,4.7,5.83,16.36,5.98,4.88,-31.02,16.86,-0.14,0.35,8.73,0.29,0.27,4.59,1.03,2.3,14.26,86.89,8.11,,
LFST,2026-08-15,Healthcare,Medical Care Facilities,4750000000.0,95.54,56.18,0.33,2.99,3.21,27.28,3.4300000000000006,2.34,2.68,30.12,5.07,3.19,736.0,32.23,172.49,,30.44,0.32,0.28,1.38,1.38,,39.78,63.0,4.16,,
LFUS,2026-08-15,Technology,Electronic Components,11620000000.0,,23.73,0.85,4.45,4.44,26.28,-0.31,-0.2,-0.25,36.68,16.25,-0.31,55.34,16.21,27.89,,10.54,0.27,0.23,2.76,2.0,0.42,1.4,102.73999999999998,6.13,,
LGIH,2026-08-15,Consumer Cyclical,Residential Construction,1390000000.0,20.98,15.78,,0.81,0.65,10.61,3.16,1.67,1.78,19.39,4.01,3.88,-2.49,16.38,,-24.55,-6.35,0.74,0.74,17.97,0.47,,15.42,84.62,15.41,,
LGND,2026-08-15,Healthcare,Biotechnology,5870000000.0,31.5,24.68,1.2,20.21,6.07,44.66,21.96,12.58,9.4,84.28,34.45,67.88,13.93,28.85,20.53,,7.54,1.17,1.17,31.18,30.96,,2.46,111.35,11.16,,
LH,2026-08-15,Healthcare,Diagnostics & Research,25800000000.0,26.31,16.02,1.69,1.8,2.99,22.33,11.74,5.48,6.6,26.82,11.35,6.99,11.49,8.37,9.48,-8.01,-0.04,0.79,0.76,1.8,1.53,0.9199999999999999,0.4,101.61,2.59,,
LHX,2026-08-15,Industrials,Aerospace & Defense,54340000000.0,29.47,21.35,1.58,2.37,2.73,19.35,9.57,4.45,6.24,22.54,11.11,8.11,10.78,15.0,13.55,10.46,3.74,0.6,0.51,1.18,1.03,1.71,0.4,87.12,2.08,,
LIF,2026-08-15,Technology,Software - Application,4170000000.0,29.89,28.94,16.63,7.29,6.78,40.42,30.06,16.32,15.92,77.59,1.14,25.72,-49.48,44.16,1.74,,43.42,0.51,0.51,5.59,5.45,,3.74,75.56,10.76,,
LII,2026-08-15,Industrials,Building Products & Equipment,14580000000.0,19.08,16.09,2.2,2.75,11.24,19.74,70.48,18.9,27.64,32.98,19.68,14.610000000000001,2.39,10.64,7.32,19.78,7.41,1.56,1.16,1.57,0.77,1.23,9.43,78.62,6.12,,
LIN,2026-08-15,Basic Materials,Specialty Chemicals,222530000000.0,31.17,24.65,2.62,6.28,5.69,44.73,18.67,8.31,12.12,37.56,27.1,20.43,8.69,9.51,9.39,25.41,4.52,0.72,0.53,0.88,0.75,1.33,0.55,84.25,1.22,,
LITE,2026-08-15,Technology,Communication Equipment,72050000000.0,,27.99,0.38,23.91,17.67,632.05,-240.03,-120.34,-147.41,39.74,17.82,-230.14999999999998,145.44,55.48,74.07,,11.58,0.36,0.01,1.68,1.4,,2.51,104.56,11.28,,
LIVN,2026-08-15,Healthcare,Medical Devices,4530000000.0,24.4,17.56,1.71,3.08,3.42,30.54,15.4,7.33,11.32,68.24,15.010000000000002,12.809999999999999,11.34,7.83,10.25,9.06,8.24,0.27,0.26,1.45,1.21,,0.42,112.26,7.55,,
LKFN,2026-08-15,Financial,Banks - Regional,1550000000.0,14.37,13.86,,3.64,2.01,13.91,15.0,1.5700000000000003,14.25,,31.77,26.039999999999996,9.28,2.88,,3.97,12.38,0.1,0.01,0.16,,3.3300000000000005,3.46,84.11,9.06,,
LKQ,2026-08-15,Consumer Cyclical,Auto Parts,6430000000.0,14.0,8.22,2.55,0.47,1.0,10.29,7.16,3.0,4.24,35.66,7.24,3.4000000000000004,-10.82,15.2,3.22,2.38,3.26,0.82,0.7,1.58,0.61,4.72,0.7,111.03,5.33,,
LLY,2026-08-15,Healthcare,Drug Manufacturers - General,1110950000000.0,40.1,25.28,0.83,13.95,32.8,61.07,102.42999999999999,21.96,32.68,83.4,49.72,33.53,50.34,28.28,30.3,27.59,21.58,1.62,1.41,1.35,1.0,0.58,9.88,75.17,1.07,,
LMAT,2026-08-15,Healthcare,Medical Instruments & Supplies,1880000000.0,29.35,25.92,2.44,7.18,4.48,25.52,16.77,10.78,10.82,71.27,29.460000000000004,25.019999999999996,13.99,10.66,10.63,19.43,14.05,0.45,0.44,15.89,13.96,1.21,6.9,98.75,6.79,,
LMT,2026-08-15,Industrials,Aerospace & Defense,140480000000.0,22.43,18.63,1.05,1.82,15.97,16.09,89.16,10.36,21.45,12.659999999999998,11.8,8.16,41.59,7.38,17.74,-2.43,2.79,2.34,2.34,1.19,1.01,2.31,0.1,76.21,1.18,,
LNC,2026-08-15,Financial,Insurance - Life,8700000000.0,3.93,5.24,0.99,0.42,0.84,,22.58,0.61,13.24,,15.340000000000002,10.97,-4.2,10.13,5.28,17.86,1.55,0.6,0.57,,,3.9699999999999998,0.98,84.63,5.55,,
LNN,2026-08-15,Industrials,Farm & Heavy Construction Machinery,1170000000.0,22.08,19.13,,1.86,2.34,26.06,10.74,6.64,8.72,29.460000000000004,9.95,8.79,-22.47,14.43,-2.21,13.78,7.34,0.28,0.27,2.93,2.04,1.28,1.17,108.88,6.8,,
LNT,2026-08-15,Utilities,Utilities - Regulated Electric,18310000000.0,22.37,19.19,2.5,4.13,2.43,,11.14,3.3300000000000005,4.5,24.9,22.1,18.45,6.24,7.53,7.69,4.94,5.01,1.61,1.41,0.47,0.35,3.04,0.17,95.43,10.53,,
LNTH,2026-08-15,Healthcare,Drug Manufacturers - Specialty & Generic,6590000000.0,24.4,15.96,2.04,4.23,5.02,16.99,22.21,12.15,14.22,60.14000000000001,19.45,17.69,-11.55,17.59,7.81,,35.35,0.48,0.48,3.06,2.89,,3.52,112.79,10.02,,
LOPE,2026-08-15,Consumer Defensive,Education & Training Services,3760000000.0,17.42,12.73,1.17,3.29,5.65,15.5,30.98,23.11,29.56,52.53,27.77,19.63,12.63,10.72,10.89,7.18,5.55,0.16,0.13,2.82,2.82,,2.25,100.59,7.03,,
LOW,2026-08-15,Consumer Cyclical,Home Improvement Retail,122500000000.0,18.48,16.33,2.65,1.39,,16.08,,13.200000000000001,21.08,30.959999999999997,11.55,7.490000000000001,1.16,7.59,6.17,8.87,-0.75,,,1.09,0.18,2.26,0.67,80.41,2.03,,
LPG,2026-08-15,Energy,Oil & Gas Midstream,2029999999.9999998,6.29,13.01,,3.46,1.64,13.85,28.34,17.63,19.16,60.5,52.019999999999996,55.00000000000001,72.92,-53.92,-15.42,19.59,8.79,0.52,0.36,3.26,3.24,8.35,14.08,73.37,6.32,,
LPX,2026-08-15,Industrials,Building Products & Equipment,5170000000.0,95.79,23.65,1.48,2.09,2.97,,3.1,2.05,2.56,17.99,4.54,2.19,-59.4,190.34,16.01,-14.08,-0.58,0.22,0.21,3.22,1.66,1.59,1.4,100.76,9.63,,
LQDA,2026-08-15,Healthcare,Drug Manufacturers - Specialty & Generic,6660000000.0,54.56,13.37,,14.78,33.99,44.22,131.82,35.57,42.89,92.3,37.39,30.740000000000002,483.93,81.23,,14.6,192.49,0.94,0.66,2.31,2.12,,14.550000000000002,80.14,15.64,,
LQDT,2026-08-15,Consumer Cyclical,Internet Retail,1360000000.0,42.5,23.63,,2.78,5.77,15.13,14.96,8.39,13.57,45.47,9.0,6.79,28.91,11.52,,,18.28,0.06,0.04,1.57,1.48,,27.66,80.3,4.47,,
LRCX,2026-08-15,Technology,Semiconductor Equipment & Materials,415890000000.0,57.66,28.3,0.87,17.9,33.35,85.03,65.07,32.38,44.04,50.470000000000006,35.29,31.269999999999996,62.9,23.86,32.64,16.46,9.7,0.33,0.32,2.63,1.91,0.36,0.33,84.11,2.16,,
LRN,2026-08-15,Consumer Defensive,Education & Training Services,3460000000.0,11.57,10.51,,1.38,2.12,8.0,21.74,14.3,15.99,37.03,18.12,13.43,3.97,6.87,,33.16,10.38,0.33,0.3,5.94,5.81,,2.94,118.46,16.47,,
LSCC,2026-08-15,Technology,Semiconductors,18530000000.0,503.9,40.65,0.69,28.46,22.73,122.49,4.93,4.07,4.43,63.35000000000001,8.47,5.58,102.78,50.72,59.28,-41.85,5.1,0.05,0.04,3.02,2.33,,1.12,97.43,3.46,,
LSTR,2026-08-15,Industrials,Integrated Freight & Logistics,6450000000.0,49.25,24.82,0.65,1.3,7.71,36.75,14.980000000000002,7.6499999999999995,14.98,13.34,3.92,2.64,79.18,29.21,38.46,-7.82,2.79,0.17,0.05,1.82,1.82,1.32,0.74,100.98,4.48,,
LTC,2026-08-15,Real Estate,REIT - Healthcare Facilities,2170000000.0,14.74,21.62,,6.2,1.71,17.8,12.11,6.78,6.58,58.63,36.17,38.53,-15.16,-13.0,-11.9,0.84,7.7,0.61,0.61,63.27,63.27,5.68,2.25,80.74,4.34,,
LTH,2026-08-15,Consumer Cyclical,Leisure,10110000000.0,24.75,24.86,3.78,3.18,3.06,,13.449999999999998,5.2,5.57,36.36,17.2,13.04,-4.91,15.32,6.57,,25.86,1.29,1.26,0.66,0.56,,22.02,79.77,5.45,,
LULU,2026-08-15,Consumer Cyclical,Apparel Retail,14190000000.0,9.65,10.59,,1.27,2.83,11.08,32.03,18.29,22.1,55.63,18.47,13.03,-17.56,3.28,-2.56,24.13,20.33,0.44,0.37,2.23,1.29,,8.79,74.13,9.51,,
LUMN,2026-08-15,Communication Services,Telecom Services,6930000000.0,,,,0.59,,8.28,,-3.2099999999999995,-8.78,25.14,-3.1,-8.65,-575.73,64.07,-19.22,-8.9,-9.75,,,0.91,0.88,,8.17,73.06,6.59,,
LUV,2026-08-15,Industrials,Airlines,21650000000.0,26.85,9.05,0.11,0.72,3.06,,11.11,2.85,7.27,18.89,4.33,2.79,268.01,42.93,79.76,,25.41,0.97,0.63,0.49,0.42,1.7399999999999998,1.07,92.26,6.8,,
LVS,2026-08-15,Consumer Cyclical,Resorts & Casinos,29940000000.0,18.01,13.08,1.71,2.18,51.56,11.11,134.29,8.27,12.1,37.43,23.4,12.590000000000002,4.1,12.81,7.63,,34.66,26.27,23.57,1.0,0.99,2.46,58.540000000000006,42.21,5.49,,
LW,2026-08-15,Consumer Defensive,Packaged Foods,7300000000.0,25.43,15.64,2.15,1.1,4.0,13.51,16.28,3.93,5.26,19.47,10.2,4.39,1.1,11.52,7.26,-0.71,12.49,2.21,2.02,1.42,0.71,3.2,1.2,95.52,4.8,,
LXP,2026-08-15,Real Estate,REIT - Industrial,3570000000.0,61.1,138.2,,10.27,1.83,20.1,3.2099999999999995,1.8000000000000003,1.94,26.35,14.85,16.73,-96.81,655.32,,-11.22,1.17,0.71,0.71,2.25,2.25,4.66,2.95,94.27,2.33,,
LYB,2026-08-15,Basic Materials,Specialty Chemicals,20600000000.0,,9.66,0.16,0.66,1.93,13.05,-2.29,-0.74,-1.52,13.3,7.82,-1.15,445.91,-28.85,60.67,,1.68,1.33,1.17,1.64,1.07,4.92,20.33,72.83,4.79,,
LYFT,2026-08-15,Technology,Software - Application,6620000000.0,2.44,17.31,,0.98,2.19,5.95,152.58,39.59,68.21,38.02,-1.67,42.32,-91.49,74.2,,,21.71,0.43,0.39,0.59,0.59,,4.8,111.40999999999998,21.29,,
LYV,2026-08-15,Communication Services,Entertainment,44410000000.0,,99.72,,1.69,533.25,32.12,-116.65,-1.01,-3.07,23.16,5.6,-0.98,-42.17,653.9,,50.7,68.39,137.04,100.99,0.85,0.85,,32.56,85.71,15.47,,
LZ,2026-08-15,Industrials,Specialty Business Services,962510000.0,59.91,6.8,0.56,1.21,7.4,6.47,10.49,3.34,12.28,63.44,4.41,2.13,17.45,13.49,12.16,17.74,9.94,0.12,0.08,0.65,0.65,,34.36,69.01,11.9,,
LZB,2026-08-15,Consumer Cyclical,"Furnishings, Fixtures & Appliances",1670000000.0,16.93,12.67,2.12,0.79,1.61,13.18,9.85,5.14,6.69,44.32,7.290000000000001,4.8,-3.18,12.23,5.99,1.45,4.16,0.54,0.45,1.8,1.29,2.41,2.11,103.86,3.29,,
M,2026-08-15,Consumer Cyclical,Department Stores,6160000000.0,9.63,10.26,13.32,0.27,1.27,4.32,14.38,4.12,6.72,39.38,3.8699999999999997,2.94,-5.24,3.81,0.77,,4.56,1.06,1.06,1.48,0.44,3.11,0.38,95.33,12.38,,
MA,2026-08-15,Financial,Credit Services,498700000000.0,31.32,24.66,1.5,14.19,89.08,30.24,241.49000000000004,29.799999999999997,58.49,96.6,59.19,46.27,17.22,15.79,16.48,20.99,16.5,4.39,3.95,1.06,1.06,0.62,7.88,81.79,1.11,,
MAA,2026-08-15,Real Estate,REIT - Residential,15880000000.0,39.0,42.99,,7.16,2.84,24.62,7.090000000000001,3.38,4.14,29.51,27.779999999999998,18.0,-4.87,-13.64,-2.53,11.53,5.65,1.05,0.79,0.09,0.09,4.59,0.83,96.15,3.91,,
MAC,2026-08-15,Real Estate,REIT - Retail,7290000000.0,,218.71,,7.2,2.48,38.89,-14.469999999999999,-4.54,-5.6,-1.8000000000000003,-5.66,-30.25,79.54,170.8,,,5.32,1.76,1.48,0.25,0.25,2.78,0.69,107.79,8.01,,
MAN,2026-08-15,Industrials,Staffing & Employment Services,2710000000.0,26.29,11.96,0.4,0.14,1.29,39.35,5.08,1.23,3.53,16.24,1.8399999999999999,0.56,22.12,34.45,30.17,,-0.05,0.67,0.4,1.04,1.04,2.72,1.77,121.29,10.52,,
MANH,2026-08-15,Technology,Software - Application,11510000000.0,56.51,32.21,2.7,10.22,73.06,28.83,96.38,29.13,99.45,55.22,25.06,18.67,8.63,11.5,11.91,21.58,13.02,0.34,0.34,0.95,0.95,,1.46,112.00000000000001,4.22,,
MAR,2026-08-15,Consumer Cyclical,Lodging,93020000000.0,36.97,27.26,2.02,3.46,,29.7,,9.33,20.23,19.13,15.73,9.62,16.78,11.83,13.49,,19.89,,,0.53,0.53,0.8,20.45,62.57,2.22,,
MARA,2026-08-15,Financial,Capital Markets,3550000000.0,,,,4.42,2.12,,-107.12000000000002,-57.26,-95.0,-75.61,-122.8,-429.7099999999999,-24.41,81.47,26.04,-95.8,190.86,1.49,1.19,0.89,0.89,,2.22,69.68,28.18,,
MAS,2026-08-15,Industrials,Building Products & Equipment,14660000000.0,17.13,15.96,1.78,1.92,,13.02,,16.54,28.28,36.93,17.7,11.6,14.39,2.81,8.98,10.68,1.02,,,1.86,1.22,1.72,0.31,103.77000000000001,4.75,,
MAT,2026-08-15,Consumer Cyclical,Leisure,4290000000.0,11.07,9.45,1.14,0.78,2.15,9.88,20.5,6.78,9.16,47.13,8.68,7.79,-7.03,21.31,8.31,28.4,3.11,1.37,1.34,1.9,1.26,,1.04,107.84,9.58,,
MATW,2026-08-15,Industrials,Conglomerates,725710000.0,,29.62,,0.65,1.49,,-5.87,-1.83,-2.69,36.25,-1.47,-2.65,-57.94,48.11,-7.41,22.39,-0.01,1.29,1.25,1.76,1.02,4.39,8.59,96.07,9.3,,
MATX,2026-08-15,Industrials,Marine Shipping,6500000000.0,14.53,13.03,1.47,1.88,2.34,59.89,17.21,10.09,15.13,23.02,14.360000000000001,13.41,16.24,3.86,8.84,25.49,7.01,0.12,0.11,0.89,0.82,0.67,2.48,88.98,3.34,,
MBC,2026-08-15,Consumer Cyclical,"Furnishings, Fixtures & Appliances",1860000000.0,,35.88,,0.67,0.95,25.37,-5.82,-2.61,-2.7,25.590000000000003,-0.59,-3.49,-89.01,155.0,,-28.91,2.06,0.86,0.82,1.76,1.04,,3.63,97.82,8.33,,
MBGL,2026-08-15,Technology,Software - Infrastructure,6000000000.0,,,,,0.61,,,,,,,,,,,,,0.2,0.2,1.88,1.88,,0.45000000000000007,1.47,1.72,,
MBIN,2026-08-15,Financial,Banks - Regional,2520000000.0,11.03,9.16,0.54,1.87,1.37,,11.73,1.33,10.8,,23.98,17.01,47.62,7.35,17.1,-0.36,26.93,1.8,0.04,0.06,,0.83,58.11999999999999,97.9,8.58,,
MC,2026-08-15,Financial,Capital Markets,5550000000.0,23.82,17.38,1.36,3.53,10.02,12.8,44.68,16.6,30.3,,18.42,14.499999999999998,4.15,26.44,12.76,-0.03,10.24,0.52,0.49,0.63,0.63,3.8,1.0,106.28,6.05,,
MCD,2026-08-15,Consumer Cyclical,Restaurants,193070000000.0,22.16,19.53,2.76,6.97,,24.88,,14.71,16.62,57.379999999999995,45.72,31.72,5.98,8.06,7.07,13.64,6.96,,,1.08,1.07,2.75,0.07,76.09,1.73,,
MCHP,2026-08-15,Technology,Semiconductors,42990000000.0,118.36,17.29,0.37,8.39,6.66,38.7,7.19,3.26,4.05,47.42,16.23,7.17,122.24,25.67,47.2,-19.53,-2.82,0.84,0.83,1.92,1.11,2.3,1.82,97.93,6.8,,
MCK,2026-08-15,Healthcare,Medical Distribution,101320000000.0,23.25,17.2,1.24,0.25,,15.79,,5.41,78.2,3.4300000000000006,1.63,1.12,14.04,13.26,13.89,,11.11,,,0.89,0.52,0.38,0.05,92.72,3.1,,
MCO,2026-08-15,Financial,Financial Data & Stock Exchanges,84000000000.0,30.75,25.62,2.09,10.29,27.76,28.31,80.15,18.53,28.28,68.82,46.0,34.25,13.4,11.74,12.26,7.79,7.52,2.49,2.27,1.15,1.15,0.78,0.13,93.04,1.77,,
MCRI,2026-08-15,Consumer Cyclical,Resorts & Casinos,2220000000.0,19.92,17.5,1.39,3.96,3.86,14.41,20.54,15.85,19.48,46.89,26.479999999999997,20.4,26.0,3.61,12.55,34.07,24.21,0.02,0.02,1.21,1.15,0.97,32.92,63.99,4.05,,
MCY,2026-08-15,Financial,Insurance - Property & Casualty,5840000000.0,6.23,9.47,0.81,0.92,2.06,4.62,38.99,9.76,24.67,,18.78,14.77,50.3,-6.3,11.67,7.62,9.63,0.34,0.34,0.84,,1.21,52.07000000000001,49.54,5.5,,
MD,2026-08-15,Healthcare,Medical Care Facilities,2160000000.0,12.78,11.04,1.84,1.11,2.45,9.46,20.39,8.26,13.42,25.05,12.34,8.96,14.9,2.8,5.99,,1.99,0.7,0.48,1.32,1.32,,1.6,105.03,5.18,,
MDLZ,2026-08-15,Consumer Defensive,Confectioners,81190000000.0,23.33,18.93,2.58,2.05,3.06,26.32,13.309999999999999,4.94,8.04,35.01,15.839999999999998,8.86,4.3,10.33,7.35,-5.21,7.71,0.83,0.64,0.6,0.4,3.2400000000000007,0.22999999999999998,85.48,2.59,,
MDT,2026-08-15,Healthcare,Medical Devices,116830000000.0,24.49,14.27,1.8,3.21,2.36,21.53,9.85,5.2,6.27,60.27,19.32,13.200000000000001,7.66,7.45,7.92,6.95,3.84,0.59,0.55,2.13,1.62,3.17,0.1,85.47,1.42,,
MDU,2026-08-15,Utilities,Utilities - Regulated Gas,4340000000.0,21.72,19.56,2.6,2.37,1.48,,6.890000000000001,2.66,3.58,23.12,16.98,10.75,5.14,8.0,7.51,-13.77,-19.46,0.88,0.88,0.99,0.95,2.82,3.09,92.38,6.73,,
MEDP,2026-08-15,Healthcare,Diagnostics & Research,16149999999.999998,33.93,29.9,2.48,5.8,37.12,22.85,162.15,27.089999999999996,88.72,27.76,20.97,17.67,15.2,9.92,12.05,31.79,22.27,0.33,0.28,0.73,0.73,,19.4,85.8,7.76,,
MET,2026-08-15,Financial,Insurance - Life,62060000000.0,18.69,8.81,0.74,0.78,2.27,3.75,13.16,0.5,7.46,,7.690000000000001,4.33,12.77,11.27,11.92,-3.68,2.59,0.79,0.77,4.83,,2.4,16.15,79.3,2.12,,
META,2026-08-15,Communication Services,Internet Content & Information,1502650000000.0,22.22,17.37,0.93,6.58,5.75,36.67,29.849999999999998,18.29,18.35,81.75,38.08,29.84,35.01,7.1,18.72,18.41,18.51,0.43,0.42,2.23,2.23,0.33,13.69,66.98,1.43,,
MFP,2026-08-15,Industrials,Specialty Industrial Machinery,,,17.48,0.92,,,,,,,,,,29.52,21.24,18.9,,,0.04,0.03,1.8,1.11,,,,,,
MGEE,2026-08-15,Utilities,Utilities - Regulated Electric,3090000000.0,20.09,19.71,3.41,4.02,2.14,,11.04,4.86,6.45,25.2,21.99,19.45,5.82,5.33,5.78,7.44,6.66,0.65,0.61,1.14,0.79,2.39,0.33,63.41,4.3,,
MGM,2026-08-15,Consumer Cyclical,Resorts & Casinos,11100000000.0,26.69,22.1,,0.62,4.41,6.35,15.439999999999998,1.04,1.3,38.05,6.49,2.38,-44.74,9.07,-10.69,,27.71,12.0,11.93,1.33,1.3,,31.08,65.94,11.53,,
MGY,2026-08-15,Energy,Oil & Gas E&P,6220000000.0,11.5,8.72,0.41,4.2,2.25,17.66,20.54,13.99,16.53,50.85000000000001,38.25,28.37,63.31,4.92,21.47,,19.37,0.19,0.18,1.58,1.58,2.5,0.9399999999999998,88.44,9.17,,
MHK,2026-08-15,Consumer Cyclical,"Furnishings, Fixtures & Appliances",9490000000.0,18.57,14.0,1.7,0.85,0.99,11.69,5.51,3.36,4.63,25.6,6.5,4.15,9.16,2.31,8.25,-3.87,2.46,0.28,0.17,1.92,1.13,,17.76,80.91,7.6,,
MHO,2026-08-15,Consumer Cyclical,Residential Construction,3850000000.0,12.81,10.62,,0.9,1.19,20.34,10.06,6.61,7.94,21.64,9.29,7.449999999999999,-25.69,17.55,-2.4,12.37,7.69,0.32,0.24,7.71,1.71,,3.2300000000000004,96.96,5.07,,
MIDD,2026-08-15,Industrials,Specialty Industrial Machinery,5330000000.0,,15.27,1.3,1.5,2.41,10.76,-9.85,-4.53,-9.08,36.48,17.1,-10.56,2.44,11.72,11.77,,4.96,0.91,0.88,1.99,1.1,,1.63,109.85000000000001,3.65,,
MIR,2026-08-15,Industrials,Specialty Industrial Machinery,3960000000.0,180.16,24.32,1.24,3.86,2.17,28.93,1.49,0.78,0.8,38.52,6.819999999999999,2.39,17.41,20.97,19.58,,,0.68,0.67,3.2,2.63,,5.8,105.59,14.58,,
MKC,2026-08-15,Consumer Defensive,Packaged Foods,14690000000.0,9.1,16.59,2.5,1.99,2.1,14.41,25.7,10.91,15.28,38.92,16.72,21.91,2.9,6.75,6.63,1.08,4.08,0.71,0.51,0.78,0.39,3.53,6.24,89.67,5.43,,
MKSI,2026-08-15,Technology,Scientific & Technical Instruments,21010000000.0,49.55,17.75,0.49,4.83,7.03,48.52,15.920000000000002,4.96,7.64,41.25,16.72,10.14,66.67,33.27,36.23,-7.2,11.03,1.4,0.93,1.14,0.72,0.32,3.65,100.41,8.83,,
MKTX,2026-08-15,Financial,Capital Markets,5720000000.0,19.16,18.79,2.06,6.56,4.62,39.99,23.34,13.94,22.62,79.67,40.28,35.15,7.34,9.05,9.13,-3.29,4.27,0.14,0.09,1.71,1.71,1.92,0.9399999999999998,108.03,4.4,,
MLI,2026-08-15,Industrials,Metal Fabrication,14580000000.0,17.18,14.93,1.17,3.13,4.11,21.87,26.31,21.96,23.86,26.75,21.33,18.25,21.43,6.0,12.78,40.88,11.75,0.01,0.0,4.78,3.76,0.91,3.85,96.36,2.16,,
MLKN,2026-08-15,Consumer Cyclical,"Furnishings, Fixtures & Appliances",1620000000.0,18.01,10.05,,0.42,1.21,20.92,6.99,2.3,3.01,38.78,5.5,2.38,8.6,17.33,,-14.8,9.28,1.34,1.26,1.58,0.9,3.15,2.08,97.13,6.35,,
MLM,2026-08-15,Basic Materials,Building Materials,32909999999.999996,13.47,25.3,1.59,4.92,2.85,40.63,8.89,4.72,14.49,28.17,21.3,36.73,11.73,18.63,15.9,10.2,5.39,0.55,0.47,1.41,0.73,0.62,0.77,97.51,3.99,,
MMI,2026-08-15,Real Estate,Real Estate Services,1200000000.0,85.56,33.96,,1.47,2.07,14.15,2.42,1.8399999999999999,2.26,36.39,1.34,1.77,1120.0,82.35,,,1.05,0.13,0.1,2.92,2.92,1.58,41.27,60.3,4.44,,
MMM,2026-08-15,Industrials,Conglomerates,94200000000.0,32.43,18.57,1.95,3.74,31.91,23.64,82.77,8.22,20.95,39.44,20.87,11.9,10.95,9.99,9.54,-8.5,-4.97,4.46,3.85,1.24,0.91,1.71,0.09,75.69,1.93,,
MMS,2026-08-15,Financial,Capital Markets,341380000000.0,17.56,15.91,1.22,2.65,3.21,7.97,17.95,1.33,3.97,,20.1,15.17,26.31,5.91,13.09,9.56,17.76,4.69,3.37,1.4,,1.9799999999999998,24.12,63.32,1.12,,
MMSI,2026-08-15,Technology,Communication Equipment,77200000000.0,36.74,24.4,2.21,6.31,28.89,28.84,91.98,11.97,18.51,49.31,25.290000000000003,17.44,15.12,7.96,11.03,18.67,9.52,3.6,3.32,1.08,0.84,0.9899999999999999,0.4099999999999999,90.16,2.36,,
MNST,2026-08-15,Consumer Defensive,Beverages - Non-Alcoholic,91720000000.0,43.45,35.77,2.85,9.95,9.79,43.72,25.7,21.16,22.72,55.55,29.160000000000004,23.08,12.38,13.07,12.57,7.99,12.52,0.0,0.0,3.73,3.22,,29.109999999999996,66.92,2.64,,
MO,2026-08-15,Consumer Defensive,Tobacco,109700000000.0,13.84,11.16,2.79,5.36,,12.04,,24.21,39.32,83.0,71.58,38.87,4.9,3.52,4.0,11.4,-0.71,,,0.52,0.38,6.59,0.15,64.93,3.05,,
MOG-A,2026-08-15,Industrials,Aerospace & Defense,13980000000.0,37.53,37.31,2.66,3.24,6.45,39.92,18.11,8.23,11.33,28.24,12.11,8.73,32.06,3.05,14.03,92.76,6.0,0.52,0.5,2.09,1.34,0.27,11.95,91.3,2.65,,
MOH,2026-08-15,Healthcare,Healthcare Plans,11090000000.0,,21.86,3.08,0.25,2.65,40.92,-0.16,-0.04,-0.09,,0.66,-0.02,-52.56,85.7,7.1,-4.51,18.68,0.95,0.95,1.68,,,1.44,112.06,5.71,,
MORN,2026-08-15,Financial,Financial Data & Stock Exchanges,7780000000.0,19.66,14.88,0.8,3.03,7.6,15.64,31.96,11.13,14.7,54.47,23.29,16.43,24.91,13.17,18.58,11.37,11.97,1.86,1.8,1.02,1.02,0.97,48.69,60.43999999999999,7.58,,
MOS,2026-08-15,Basic Materials,Agricultural Inputs,6870000000.0,,14.1,,0.56,0.6,,-5.34,-2.61,-3.9,10.97,6.79,-5.21,-73.91,158.82,-5.34,-0.6,6.78,0.53,0.43,1.34,0.43,4.06,0.31,93.43,10.04,,
MP,2026-08-15,Basic Materials,Other Industrial Metals & Mining,10460000000.0,,68.41,,25.13,5.34,,-3.5900000000000003,-2.0,-1.83,14.510000000000002,-16.71,-14.56,128.44,1158.06,,-13.01,15.45,0.4,0.4,9.51,8.56,,18.64,74.73,19.54,,
MPC,2026-08-15,Energy,Oil & Gas Refining & Marketing,99810000000.0,12.24,10.78,0.42,0.65,5.27,7.74,47.88,9.89,16.84,10.7,8.44,5.58,353.22,-32.0,25.68,,13.89,1.8,1.66,1.25,0.89,1.14,0.31,80.49,2.42,,
MPT,2026-08-15,Real Estate,REIT - Healthcare Facilities,2500000000.0,,45.64,,2.45,0.55,11.01,-0.68,-0.21,-0.24,69.3,57.35,-3.1,124.55,-18.92,,,-4.89,2.16,1.87,0.78,0.78,8.61,17.94,59.69,29.44,,
MPWR,2026-08-15,Technology,Semiconductors,68900000000.0,85.92,39.9,1.3,21.05,17.69,117.67,21.9,18.45,20.41,55.2,28.720000000000002,24.41,54.06,28.36,30.8,29.77,27.0,0.0,0.0,4.98,3.62,0.54,3.55,95.56,4.48,,
MRCY,2026-08-15,Industrials,Aerospace & Defense,6670000000.0,,73.56,1.48,6.9,4.47,94.85,-0.96,-0.58,-0.67,24.57,2.98,-1.46,67.83,40.64,49.74,,2.74,0.43,0.43,3.19,2.15,,1.5700000000000003,111.04,8.38,,
MRK,2026-08-15,Healthcare,Drug Manufacturers - General,335140000000.0,108.58,14.21,2.54,5.06,8.0,20.86,6.98,2.57,3.41,72.43,18.81,4.79,-69.38,247.66,5.59,21.23,9.34,1.29,1.22,1.32,1.1,2.51,0.18,81.89,1.15,,
MRNA,2026-08-15,Healthcare,Biotechnology,25280000000.0,,,,11.35,3.74,,-39.0,-27.43,-39.41,12.57,-149.01,-141.43,-17.04,42.55,27.26,-29.93,19.33,0.19,0.18,2.29,2.18,,8.51,78.69,13.62,,
MRP,2026-08-15,Real Estate,REIT - Residential,4680000000.0,10.58,9.31,,6.15,0.86,0.9,8.12,5.39,5.71,,85.11,62.6,27.32,4.83,,,,0.43,0.42,0.09,0.09,10.41,8.23,87.12,4.61,,
MRSH,2026-08-15,Financial,Insurance Brokers,89630000000.0,22.98,16.48,1.92,3.2,5.91,18.8,25.72,6.7299999999999995,11.19,,24.29,14.23,7.14,9.12,8.58,16.42,9.45,1.47,1.34,1.14,1.14,2.01,0.11,91.73,1.57,,
MRTN,2026-08-15,Industrials,Trucking,1240000000.0,98.13,23.16,,1.45,1.62,1150.06,1.6500000000000001,1.3,1.65,5.18,0.88,1.47,42.86,118.89,,-23.85,0.21,0.0,0.0,2.5,2.5,1.58,29.39,74.42,6.1,,
MRVL,2026-08-15,Technology,Semiconductors,194440000000.0,75.87,35.51,0.74,22.31,10.67,116.75,16.03,10.76,10.71,50.63999999999999,16.41,28.99,42.72,54.27,47.76,,22.51,0.3,0.29,3.28,2.66,0.11,0.77,80.79,4.12,,
MSA,2026-08-15,Industrials,Security & Protection Services,7300000000.0,23.52,18.89,1.81,3.75,5.22,20.59,23.66,12.19,15.41,48.33,22.3,16.13,15.78,9.06,10.42,17.57,6.82,0.46,0.45,3.24,2.02,1.14,6.43,89.06,3.62,,
MSCI,2026-08-15,Financial,Financial Data & Stock Exchanges,41380000000.0,31.13,25.32,1.82,12.41,,26.22,,24.75,35.46,77.19,55.66,40.74,14.13,13.98,13.94,17.11,13.08,,,0.89,0.89,1.45,3.63,89.88,1.7,,
MSEX,2026-08-15,Utilities,Utilities - Regulated Water,1110000000.0,22.67,21.13,2.87,5.37,2.12,,9.77,3.5000000000000004,5.21,40.23,29.220000000000002,23.22,12.99,4.25,7.36,1.54,6.58,0.84,0.76,0.5,0.41,2.42,2.62,83.8,4.5,,
MSFT,2026-08-15,Technology,Software - Infrastructure,3678620000000.0,27.61,21.08,1.15,11.09,8.32,54.92,34.04,19.42,24.22,67.94,46.78,40.31,14.03,19.29,18.35,17.38,14.57,0.29,0.25,1.23,1.22,0.79,1.5700000000000003,74.96,1.11,,
MSGS,2026-08-15,Communication Services,Entertainment,9800000000.0,1309.65,,,8.5,,169.64,,0.48,0.94,27.47,2.68,0.67,-368.65,-74.01,27.02,,22.65,,,0.5,0.5,0.0,34.37,67.78,8.02,,
MSM,2026-08-15,Industrials,Industrial Distribution,6910000000.0,29.96,22.82,1.24,1.77,4.87,31.44,16.59,9.3,15.06,40.81,8.8,5.91,22.7,17.59,18.36,-4.6,3.38,0.39,0.08,1.55,0.72,2.82,18.38,84.71,4.69,,
MTB,2026-08-15,Financial,Banks - Regional,36690000000.0,13.42,12.06,1.1,2.77,1.44,10.13,10.72,1.4,7.29,,28.809999999999995,21.69,13.57,9.13,10.93,11.33,16.66,0.65,0.49,0.33,,2.43,0.36,92.46,3.7,,
MTCH,2026-08-15,Communication Services,Internet Content & Information,8710000000.0,13.4,11.67,0.8,2.48,,7.63,,17.91,21.35,71.47,28.15,20.17,16.96,16.78,14.6,2.63,7.84,,,1.72,1.72,1.66,0.83,108.31,4.81,,
MTD,2026-08-15,Healthcare,Diagnostics & Research,28430000000.0,31.94,27.49,2.71,6.88,2217.29,32.91,,25.61,44.02,58.35,28.410000000000004,21.91,10.76,9.08,10.14,11.04,5.47,164.74,159.49,1.12,0.78,,0.74,105.98999999999998,3.96,,
MTDR,2026-08-15,Energy,Oil & Gas E&P,6640000000.0,9.22,6.72,0.54,1.73,1.12,,12.809999999999999,5.84,7.13,45.69,35.62,18.85,28.25,8.13,12.41,,33.72,0.71,0.71,0.65,0.62,2.83,7.290000000000001,96.7,12.86,,
MTG,2026-08-15,Financial,Insurance - Specialty,6390000000.0,9.74,9.18,4.48,5.35,1.28,9.05,13.919999999999998,10.95,12.51,,76.96,59.20000000000001,2.14,5.82,2.05,19.5,0.24,0.13,0.13,3.02,,2.21,1.48,101.61,4.24,,
MTH,2026-08-15,Consumer Cyclical,Residential Construction,4760000000.0,15.27,12.1,1.79,0.88,0.94,11.47,6.38,4.3,4.77,18.03,7.139999999999999,6.11,-21.81,21.64,6.76,2.91,5.41,0.38,0.37,11.04,1.71,2.63,3.12,105.06,6.52,,
MTN,2026-08-15,Consumer Cyclical,Resorts & Casinos,5280000000.0,33.69,23.62,,1.87,9.58,30.45,21.04,2.66,4.11,30.98,16.14,5.38,-42.63,45.33,-1.71,25.47,8.59,5.9,5.71,0.91,0.79,5.99,1.63,125.36,16.65,,
MTRN,2026-08-15,Basic Materials,Other Industrial Metals & Mining,5900000000.0,65.97,34.54,,2.81,5.93,182.29,9.46,4.99,6.05,15.5,6.19,4.3,25.95,19.63,,36.67,8.72,0.51,0.5,2.94,1.29,0.2,1.91,94.53,2.8,,
MTSI,2026-08-15,Technology,Semiconductors,24170000000.0,101.78,37.31,0.89,20.76,15.68,118.42,17.18,11.61,14.99,55.02,18.11,20.7,58.85,53.86,42.12,-1.16,12.78,0.27,0.04,2.34,1.78,,9.45,100.98,3.63,,
MTUS,2026-08-15,Basic Materials,Steel,904010000.0,123.29,16.46,,0.74,1.31,,1.17,0.72,1.15,8.2,0.61,0.66,131.76,54.52,,53.91,6.87,0.02,0.01,1.75,0.88,,15.289999999999997,86.62,5.17,,
MTX,2026-08-15,Basic Materials,Specialty Chemicals,2270000000.0,,10.42,,1.06,1.47,18.88,-4.21,-1.94,-2.69,24.52,13.37,-3.1300000000000003,9.51,15.84,,,5.38,0.62,0.62,1.43,1.0,0.73,1.45,102.63,2.55,,
MTZ,2026-08-15,Industrials,Engineering & Construction,23900000000.0,47.41,23.72,0.67,1.48,6.77,97.62,15.39,4.93,7.77,10.05,5.21,3.07,42.63,34.31,35.55,2.97,17.73,0.93,0.83,1.4,1.37,,21.98,76.71,7.07,,
MU,2026-08-15,Technology,Semiconductors,1097390000000.0001,22.0,6.29,0.04,12.16,10.89,41.93,66.64,47.5,47.38,72.6,65.75,55.91,783.11,111.06,172.75,26.19,11.76,0.06,0.06,3.42,2.98,0.06,0.43,76.72,2.66,,
MUR,2026-08-15,Energy,Oil & Gas E&P,4960000000.0,17.14,11.48,0.31,1.66,0.94,16.18,5.65,2.94,4.06,28.87,21.61,9.82,119.48,0.17,36.73,,8.96,0.43,0.38,0.85,0.8,4.03,5.91,87.22,7.32,,
MUSA,2026-08-15,Consumer Cyclical,Specialty Retail,10460000000.0,17.33,18.41,1.85,0.49,13.36,19.32,86.39,12.72,17.64,5.49,4.39,2.87,40.24,-11.45,9.95,13.01,11.47,3.53,3.47,0.92,0.54,0.45000000000000007,8.91,81.86,5.23,,
MWA,2026-08-15,Industrials,Specialty Industrial Machinery,3990000000.0,18.09,15.88,2.06,2.7,3.56,22.2,21.68,12.06,14.14,37.86,20.95,15.02,19.77,2.5,7.7,21.8,8.2,0.4,0.4,4.64,3.08,1.11,0.9000000000000001,99.5,3.12,,
MXL,2026-08-15,Technology,Semiconductors,7690000000.0,,31.47,0.26,13.52,15.87,2324.6,-21.32,-12.31,-16.62,55.74,-11.6,-18.24,464.52,54.03,120.2,-3.21,-0.46,0.31,0.29,1.78,1.15,,6.76,80.61,4.93,,
MYRG,2026-08-15,Industrials,Engineering & Construction,5210000000.0,31.72,23.15,0.71,1.3,6.9,26.92,24.71,10.14,20.58,12.37,5.52,4.13,61.99,18.44,32.83,16.7,10.23,0.09,0.06,1.4,1.4,,1.86,104.41,4.34,,
MZTI,2026-08-15,Consumer Defensive,Packaged Foods,3180000000.0,18.15,16.12,4.93,1.64,3.05,12.83,17.19,13.33,16.22,24.19,11.7,9.04,0.37,6.75,3.27,4.08,7.43,0.04,0.04,2.58,1.7,3.4000000000000004,30.23,69.06,11.14,,
NABL,2026-08-15,Technology,Information Technology Services,649840000.0,,7.96,1.08,1.22,0.81,9.18,-0.66,-0.38,-0.43,76.28,2.57,-1.0,-0.32,11.18,7.4,-34.58,10.93,0.54,0.53,1.28,1.28,,64.37,38.34,6.17,,
NATL,2026-08-15,Technology,Software - Application,3470000000.0,18.2,8.76,0.52,0.78,7.46,22.09,48.16,3.42,5.91,25.46,12.45,4.44,16.14,11.74,16.68,,,6.33,6.15,1.03,0.83,,1.6099999999999999,92.6,5.36,,
NAVI,2026-08-15,Financial,Credit Services,860000000.0,,9.65,,0.29,0.36,2.53,-1.9799999999999998,-0.1,-0.12,92.41,78.94,-1.6399999999999997,311.52,28.39,,,-2.83,18.49,16.73,0.9,0.9,6.98,1.7500000000000002,103.34999999999998,11.21,,
NBHC,2026-08-15,Financial,Banks - Regional,1940000000.0,18.31,11.08,,3.01,1.16,13.35,6.45,0.86,4.88,,18.73,15.1,7.84,19.09,,0.05,10.67,0.21,0.2,0.04,,2.95,7.829999999999999,94.14,4.0,,
NBIX,2026-08-15,Healthcare,Drug Manufacturers - Specialty & Generic,15520000000.0,22.37,15.66,0.4,4.6,4.2,19.12,22.09,15.259999999999998,17.23,97.48,23.9,20.91,50.66,38.64,38.86,2.31,22.29,0.11,0.11,1.87,1.75,,1.7399999999999998,103.66,4.4,,
NBTB,2026-08-15,Financial,Banks - Regional,2780000000.0,13.12,11.79,,2.94,1.43,11.33,11.42,1.33,10.2,,29.359999999999996,22.59,9.14,8.96,,6.99,12.86,0.24,0.08,0.08,,2.86,1.41,69.48,3.82,,
NCLH,2026-08-15,Consumer Cyclical,Travel Services,8730000000.0,12.01,11.1,158.5,0.86,3.39,,36.73,3.34,4.38,31.819999999999997,15.810000000000002,7.490000000000001,-26.5,10.47,0.07,,50.33,6.21,5.75,0.2,0.17,,1.12,94.82,18.52,,
NDAQ,2026-08-15,Financial,Financial Data & Stock Exchanges,54230000000.0,28.27,20.78,1.37,6.23,4.55,27.8,16.54,6.819999999999999,9.39,57.02,30.78,22.6,18.75,13.0,15.17,10.65,7.98,0.78,0.75,1.01,1.01,1.23,21.59,75.0,1.93,,
NDSN,2026-08-15,Industrials,Specialty Industrial Machinery,17200000000.0,32.94,24.5,2.59,5.92,5.37,24.1,17.14,8.78,10.35,55.11000000000001,26.82,18.19,13.3,8.62,9.46,14.81,5.65,0.62,0.59,2.6,1.65,1.09,5.77,76.88,3.2,,
NE,2026-08-15,Energy,Oil & Gas Drilling,7200000000.0,48.76,18.82,0.25,2.35,1.61,32.52,3.2799999999999994,2.01,2.35,16.55,12.64,4.88,8.26,230.31,74.45,,27.79,0.42,0.42,1.91,1.91,4.44,20.1,86.82,11.78,,
NEE,2026-08-15,Utilities,Utilities - Regulated Electric,179790000000.0,19.34,19.57,2.25,6.4,3.15,58.99,17.23,4.31,5.96,35.8,26.76,33.12,8.62,9.27,8.7,17.36,9.21,1.93,1.73,0.53,0.44,2.87,0.25,85.71,3.03,,
NEM,2026-08-15,Basic Materials,Gold,124080000000.0,14.87,11.06,0.56,4.9,3.54,12.75,25.53,15.24,21.12,56.39999999999999,53.98,33.98,37.46,12.41,19.68,12.75,14.12,0.16,0.16,2.55,2.01,0.88,0.13,79.99,1.76,,
NEO,2026-08-15,Healthcare,Diagnostics & Research,2049999999.9999998,,47.13,0.82,2.67,2.6,,-6.329999999999999,-3.7800000000000002,-4.22,41.74,-7.03,-6.77,52.27,85.08,57.44,,10.35,0.57,0.56,3.6,3.34,,9.62,114.79000000000002,13.28,,
NEOG,2026-08-15,Healthcare,Medical Devices,2540000000.0,,28.41,2.21,2.92,1.21,79.63,-0.38,-0.22999999999999998,-0.27,36.38,-1.73,-0.91,-3.13,32.26,12.86,,13.19,0.39,0.39,3.82,2.91,,0.8699999999999999,110.57,4.36,,
NEU,2026-08-15,Basic Materials,Specialty Chemicals,8850000000.0,20.71,,,3.23,4.81,18.68,25.019999999999996,12.67,15.64,31.489999999999995,20.04,15.740000000000002,,,,12.52,6.27,0.51,0.5,2.25,1.23,1.22,17.14,63.97999999999999,7.64,,
NFG,2026-08-15,Energy,Oil & Gas Integrated,7790000000.0,11.4,10.89,3.4,3.3,1.98,35.03,19.58,7.15,9.01,40.86,36.82,28.6,5.99,2.7,3.2,,9.09,0.91,0.91,3.2,3.07,2.66,1.39,82.39,5.67,,
NFLX,2026-08-15,Communication Services,Entertainment,325450000000.0,24.62,20.49,0.94,6.67,10.79,29.18,49.54,24.47,31.11,49.53,30.25,27.99,42.21,6.04,21.8,32.98,12.61,0.55,0.46,1.14,1.14,,0.64,81.59,2.23,,
NGVT,2026-08-15,Basic Materials,Specialty Chemicals,2640000000.0,50.91,12.7,0.88,2.27,56.45,17.01,30.070000000000004,1.48,4.92,39.04,24.59,4.77,17.8,12.81,14.42,,-0.8,26.36,23.03,1.61,1.15,,1.38,105.04,3.64,,
NHC,2026-08-15,Healthcare,Medical Care Facilities,3500000000.0,25.13,,,2.26,3.12,23.9,13.08,9.05,12.35,53.410000000000004,-7.51,9.04,,,,23.0,9.68,0.03,0.01,1.86,1.83,1.16,18.98,65.77,5.89,,
NHI,2026-08-15,Real Estate,REIT - Healthcare Facilities,3580000000.0,21.11,22.71,5.26,8.23,2.24,15.99,10.92,5.89,5.85,52.55,45.3,38.27,29.39,-17.8,4.32,-6.14,3.07,0.81,0.81,3.93,3.93,5.1,2.42,82.67,3.12,,
NI,2026-08-15,Utilities,Utilities - Regulated Gas,20380000000.0,22.51,18.89,2.04,2.96,2.13,,9.78,2.52,3.58,59.160000000000004,27.02,13.170000000000002,8.25,9.41,9.25,,7.25,1.82,1.63,0.5,0.41,2.86,0.38,99.07,2.79,,
NIC,2026-08-15,Financial,Banks - Regional,3750000000.0,20.33,13.24,,5.3,1.66,21.65,8.91,1.27,6.52,,34.41,21.77,19.37,15.34,,11.39,21.3,0.04,0.04,0.11,,0.79,8.77,64.03,5.2,,
NJR,2026-08-15,Utilities,Utilities - Regulated Gas,5640000000.0,15.39,16.26,4.26,2.52,2.13,,14.45,4.79,6.09,24.49,24.49,16.37,8.56,-4.29,3.82,14.21,0.81,1.47,1.28,0.66,0.45,3.45,0.57,80.27,3.64,,
NKE,2026-08-15,Consumer Cyclical,Footwear & Accessories,60420000000.0,19.41,18.68,4.41,1.3,4.06,27.67,22.14,8.29,13.27,43.14,8.77,6.7,-17.58,25.96,4.24,-10.02,0.84,0.74,0.58,1.96,1.36,4.01,20.66,65.94,4.87,,
NLY,2026-08-15,Real Estate,REIT - Mortgage,17580000000.0,5.85,7.47,6.79,2.27,1.16,19.84,19.48,2.31,5.43,99.87,105.32,36.02,5.98,0.94,1.1,,35.16,7.38,2.21,0.04,0.04,12.619999999999997,0.21,61.56,2.78,,
NMIH,2026-08-15,Financial,Insurance - Specialty,3440000000.0,8.99,8.38,1.55,4.7,1.27,8.03,15.43,10.52,12.66,,73.24,54.1,7.09,3.49,5.42,18.26,10.27,0.15,0.15,3.39,,,2.23,100.24,2.49,,
NNN,2026-08-15,Real Estate,REIT - Retail,8830000000.0,22.66,21.91,11.78,9.26,1.98,13.12,8.72,4.1,4.22,67.0,61.44,40.28,-1.24,2.72,1.86,11.14,6.99,1.12,1.04,0.11,0.11,5.29,0.8699999999999999,96.37,3.91,,
NOC,2026-08-15,Industrials,Aerospace & Defense,83230000000.0,18.58,19.24,2.5,1.94,4.65,22.83,26.96,8.97,13.16,20.06,10.72,10.48,9.87,5.23,7.71,8.86,2.66,0.95,0.91,1.15,1.05,1.66,0.22999999999999998,81.85,1.63,,
NOG,2026-08-15,Energy,Oil & Gas E&P,2610000000.0,,6.66,,1.21,1.31,,-22.05,-8.43,-10.3,33.57,29.64,-22.54,-13.59,-6.87,-4.78,,45.25,1.37,1.37,0.8,0.8,7.35,3.17,102.55000000000001,19.85,,
NOV,2026-08-15,Energy,Oil & Gas Equipment & Services,7540000000.0,81.15,16.47,0.3,0.87,1.22,13.41,1.5,0.84,1.13,21.42,6.909999999999999,1.1,129.31,43.52,55.48,,7.56,0.37,0.36,2.42,1.61,2.09,0.7,100.18,7.55,,
NOVT,2026-08-15,Technology,Scientific & Technical Instruments,6300000000.0,106.47,38.15,,6.12,3.9,55.64,5.11,3.38,3.34,41.9,11.65,6.0,12.26,18.23,,2.97,10.67,0.18,0.14,4.57,3.79,,0.75,113.03,13.75,,
NOW,2026-08-15,Technology,Software - Application,128220000000.0,77.48,24.71,1.23,8.7,10.24,27.99,14.24,6.22,8.9,74.77,13.58,11.34,16.01,23.24,20.17,70.18,24.05,0.68,0.5,0.65,0.65,,0.91,85.03,3.59,,
NPK,2026-08-15,Industrials,Aerospace & Defense,1000000000.0,23.35,,,1.84,2.43,37.92,10.9,8.82,10.19,16.17,9.33,7.86,,,,-7.05,7.38,0.02,0.02,5.22,0.97,0.72,26.47,64.03,5.82,,
NPO,2026-08-15,Industrials,Specialty Industrial Machinery,7270000000.0,167.47,31.54,1.95,5.94,4.58,43.52,2.86,1.7500000000000002,2.04,42.78,15.47,3.6000000000000005,21.21,13.53,16.2,,1.26,0.37,0.36,2.28,1.43,0.38,0.67,100.05999999999999,2.13,,
NRG,2026-08-15,Utilities,Utilities - Independent Power Producers,26540000000.0,33.39,11.78,0.74,0.8,6.31,76.26,23.77,2.65,3.17,12.97,5.47,2.36,9.18,21.59,15.95,14.08,27.88,4.83,4.51,0.97,0.89,1.53,4.63,95.87,3.06,,
NSC,2026-08-15,Industrials,Railroads,75110000000.0,28.55,23.34,2.94,5.99,4.62,46.05,16.97,5.9,8.17,32.11,32.11,21.0,3.72,10.59,7.93,10.22,4.47,1.02,0.98,0.83,0.73,1.6200000000000003,0.1,76.23,3.4,,
NSIT,2026-08-15,Technology,Electronics & Computer Distribution,4530000000.0,22.58,11.64,0.72,0.53,2.84,11.42,13.11,2.09,6.83,22.1,5.74,2.45,26.67,6.0,16.11,32.83,30.33,1.09,0.92,1.18,1.15,,1.36,99.18,4.84,,
NSP,2026-08-15,Industrials,Staffing & Employment Services,1990000000.0,,19.35,0.43,0.29,31.69,10.28,-18.5,-0.75,-2.97,12.25,-0.04,-0.22999999999999998,105.24,27.63,45.23,,9.7,7.84,7.84,1.11,1.11,4.6,6.860000000000001,116.58999999999999,9.56,,
NSSC,2026-08-15,Industrials,Security & Protection Services,1370000000.0,37.24,23.44,,6.94,7.7,24.29,21.74,17.87,20.16,56.97,28.04,18.7,25.71,9.29,,38.85,12.37,0.03,0.03,4.95,4.09,1.51,3.72,100.82,8.82,,
NTAP,2026-08-15,Technology,Software - Infrastructure,40640000000.0,32.57,20.8,1.98,5.87,30.04,21.74,106.73000000000002,11.83,31.57,70.59,24.45,18.43,10.31,11.0,10.49,14.47,3.84,2.02,1.99,1.41,1.36,1.03,0.37,100.61,6.75,,
NTCT,2026-08-15,Technology,Software - Infrastructure,2880000000.0,24.19,13.7,,3.27,1.73,11.05,7.539999999999999,5.42,7.15,74.01,14.88,13.71,10.22,5.98,,37.8,0.67,0.02,0.02,1.81,1.76,,4.77,94.26,4.79,,
NTNX,2026-08-15,Technology,Software - Infrastructure,18000000000.0,69.79,30.42,2.4,6.55,,23.36,,8.47,35.95,87.08,8.74,10.03,8.25,13.62,12.67,,14.18,,,1.68,1.68,,2.45,90.78,5.71,,
NTRS,2026-08-15,Financial,Asset Management,35020000000.0,16.43,15.27,0.92,2.3,2.8,78.64,16.93,1.27,11.82,,13.390000000000002,14.34,27.45,9.29,16.63,9.85,17.81,1.18,0.4,1.55,,1.76,1.78,86.3,1.89,,
NTST,2026-08-15,Real Estate,REIT - Retail,2109999999.9999998,147.19,49.9,0.69,9.6,1.34,21.02,0.96,0.52,0.47,47.22,36.89,6.32,273.05,39.08,72.02,59.27,42.16,0.9,0.9,236.55,236.55,4.3,0.8699999999999999,,31.24,,
NUE,2026-08-15,Basic Materials,Steel,61010000000.0,21.45,14.38,0.42,1.69,2.76,38.54,13.52,8.07,10.08,15.439999999999998,11.52,7.960000000000001,132.74,4.24,33.98,26.03,10.04,0.32,0.29,2.51,1.36,0.83,0.62,82.29,1.64,,
NVDA,2026-08-15,Technology,Semiconductors,5448870000000.0,34.48,17.68,0.37,21.5,27.9,45.76,114.29,82.97,77.17,74.15,64.02,62.970000000000006,88.68,41.48,47.62,95.27,66.9,0.07,0.06,3.44,2.85,0.29,3.85,69.8,1.26,,
NVR,2026-08-15,Consumer Cyclical,Residential Construction,16809999999.999998,16.36,15.32,3.83,1.8,4.78,16.06,31.540000000000003,20.01,25.69,20.4,13.01,12.22,-17.28,13.99,4.0,13.67,6.51,0.31,0.31,3.38,1.21,,5.09,89.67,4.52,,
NVST,2026-08-15,Healthcare,Medical Instruments & Supplies,4510000000.0,48.77,16.9,1.11,1.58,1.47,18.17,3.06,1.69,2.05,55.86,10.61,3.3300000000000005,28.33,8.77,15.21,6.49,7.11,0.52,0.5,2.43,2.07,,2.25,116.31,7.57,,
NVT,2026-08-15,Industrials,Electrical Equipment & Parts,27740000000.0,47.35,26.6,0.83,5.74,6.96,48.02,15.75,8.51,10.65,36.97,17.4,12.28,50.98,27.4,31.91,,14.27,0.41,0.4,1.8,1.33,0.4099999999999999,0.97,93.24,1.7,,
NWBI,2026-08-15,Financial,Banks - Regional,2310000000.0,15.1,10.87,,2.45,1.2,16.46,8.57,0.97,6.21,,25.03,16.25,11.7,2.93,,8.22,9.42,0.44,0.28,0.03,,5.08,4.98,72.62,5.31,,
NWE,2026-08-15,Utilities,Utilities - Regulated Electric,4420000000.0,25.83,18.13,3.12,2.61,1.53,,5.94,2.04,2.7,59.19,18.84,10.13,4.91,5.44,5.82,-0.79,6.09,1.24,1.19,0.83,0.58,3.73,0.71,98.77,2.36,,
NWL,2026-08-15,Consumer Defensive,Household & Personal Products,2660000000.0,,9.1,0.76,0.37,1.08,22.52,-8.59,-1.96,-2.98,35.47,8.36,-3.05,33.35,-9.81,11.93,17.8,-5.15,2.26,2.02,1.11,0.59,4.64,1.49,102.64999999999999,12.44,,
NWN,2026-08-15,Utilities,Utilities - Regulated Gas,2140000000.0000002,16.91,15.78,3.04,1.66,1.37,,8.35,2.06,3.14,43.75,35.65,9.75,5.2,4.54,5.19,3.63,10.72,1.73,1.57,0.77,0.55,3.88,0.95,81.74,5.01,,
NWS,2026-08-15,Communication Services,Entertainment,16500000000.0,32.29,21.85,1.62,1.83,2.11,20.5,6.619999999999999,3.6900000000000004,5.05,51.5,12.64,6.35,10.75,16.15,13.48,13.03,-0.72,0.34,0.33,1.62,1.51,0.61,79.99,14.74,6.48,,
NWSA,2026-08-15,Communication Services,Entertainment,16500000000.0,28.39,19.21,1.43,1.83,1.86,20.5,6.619999999999999,3.6900000000000004,5.05,51.5,12.64,6.35,10.75,16.15,13.48,13.03,-0.72,0.34,0.33,1.62,1.51,0.69,33.41,73.61,3.33,,
NX,2026-08-15,Industrials,Building Products & Equipment,962190000.0,,9.96,,0.52,1.32,10.79,-29.75,-11.96,-16.37,20.65,5.24,-13.849999999999998,-28.26,27.42,,,16.63,1.22,1.16,2.28,1.23,1.53,7.61,110.35,7.84,,
NXPI,2026-08-15,Technology,Semiconductors,59190000000.0,20.03,12.91,0.61,4.49,5.19,20.87,28.38,11.46,13.92,55.15,28.7,22.56,27.72,20.53,21.06,112.19,7.33,0.96,0.88,2.04,1.36,1.79,0.14,95.4,3.52,,
NXRT,2026-08-15,Real Estate,REIT - Residential,628490000.0,,,,2.48,2.53,7.56,-9.78,-1.7000000000000002,-1.73,56.06,11.11,-12.6,-18.25,-41.61,-10.5,,4.18,5.83,5.83,2.6,2.6,8.65,19.04,79.65,7.0,,
NXST,2026-08-15,Communication Services,Broadcasting,5840000000.0,36.18,9.77,0.07,0.99,2.58,7.86,7.339999999999999,1.14,1.19,40.64,18.01,2.83,952.69,-38.56,137.13,-29.63,1.91,5.34,5.17,1.56,1.56,3.9,7.000000000000001,97.87,7.8,,
NXT,2026-08-15,Technology,Solar,15400000000.0,26.3,17.86,1.19,4.24,6.02,28.16,27.22,15.53,22.89,32.99,19.7,16.36,3.52,21.97,14.99,7.19,24.38,0.02,0.02,2.69,2.43,,1.51,101.70000000000002,5.59,,
NYT,2026-08-15,Communication Services,Publishing,10450000000.0,27.04,20.59,1.75,3.51,5.11,16.77,19.72,13.570000000000002,19.19,48.59,16.82,13.19,17.0,9.32,11.76,28.48,9.63,0.0,0.0,1.58,1.58,1.38,2.15,102.08,8.61,,
O,2026-08-15,Real Estate,REIT - Retail,59370000000.0,45.89,36.06,2.53,9.78,1.5,14.84,3.2199999999999998,1.71,1.82,50.82,45.61,20.88,30.44,14.02,14.23,0.3,27.82,0.83,0.76,0.5,0.5,5.2,0.19,78.91,4.79,,
OC,2026-08-15,Industrials,Building Products & Equipment,12230000000.0,,12.83,2.04,1.24,3.24,13.63,-9.6,-3.15,-7.97,26.51,14.92,-6.81,-16.64,20.03,6.28,-11.88,7.45,1.52,1.23,1.16,0.67,2.0,1.42,105.14000000000001,3.48,,
ODFL,2026-08-15,Industrials,Trucking,43750000000.0,40.6,31.75,1.92,7.81,9.63,39.24,24.82,19.3,23.95,32.3,25.989999999999995,19.44,20.21,14.21,16.55,11.25,6.48,0.0,0.0,1.89,1.89,0.55,11.69,80.19,4.22,,
OFG,2026-08-15,Financial,Banks - Regional,2280000000.0,10.63,10.53,1.67,2.48,1.62,11.25,16.08,1.81,15.47,,27.43,23.99,10.83,0.91,6.29,28.35,8.68,0.41,0.01,0.11,,2.59,0.97,96.87,3.93,,
OGE,2026-08-15,Utilities,Utilities - Regulated Electric,9810000000.0,20.8,18.24,2.73,3.03,1.97,35.79,9.7,3.25,4.41,44.81,24.24,14.429999999999998,4.53,7.38,6.67,,8.96,1.17,1.12,0.77,0.47,3.6000000000000005,0.4699999999999999,79.76,4.64,,
OGN,2026-08-15,Healthcare,Drug Manufacturers - General,3600000000.0,17.58,3.64,0.9,0.59,3.58,6.35,24.04,1.5700000000000003,2.2,53.09,19.41,3.4099999999999997,-3.83,7.1,4.03,-39.04,-1.0,8.5,8.43,1.95,1.44,0.58,0.36,72.47,6.42,,
OGS,2026-08-15,Utilities,Utilities - Regulated Gas,5090000000.0,17.47,16.01,2.32,2.2,1.44,,8.58,3.36,4.9,24.72,20.65,12.47,9.14,3.45,6.89,3.48,9.67,0.96,0.66,0.48,0.3,3.36,1.1,95.12,5.5,,
OHI,2026-08-15,Real Estate,REIT - Healthcare Facilities,14100000000.0,16.62,22.95,8.93,10.92,2.58,16.9,16.24,8.2,8.95,72.24,63.3,65.26,19.67,-12.67,2.57,23.4,6.42,0.75,0.75,2.46,2.46,5.81,0.33,79.63,4.26,,
OI,2026-08-15,Consumer Cyclical,Packaging & Containers,1040000000.0,,4.53,0.65,0.16,2.72,,-142.43,-13.350000000000001,-22.28,14.37,9.79,-18.13,-64.84,166.75,7.0,,1.08,13.02,12.51,1.26,0.77,,1.76,107.37,7.85,,
OII,2026-08-15,Energy,Oil & Gas Equipment & Services,5200000000.0,15.03,22.33,2.1,1.81,4.46,21.88,34.9,13.96,18.7,19.82,10.37,12.19,4.14,16.33,10.63,,8.78,0.71,0.61,2.18,1.9,,1.69,106.1,6.17,,
OKE,2026-08-15,Energy,Oil & Gas Midstream,59880000000.0,16.41,15.35,1.84,1.51,2.61,20.61,16.33,5.49,6.81,17.16,16.12,9.22,5.45,8.31,8.35,30.79,31.75,1.44,1.34,0.74,0.59,4.52,0.18,83.32,4.72,,
OKTA,2026-08-15,Technology,Software - Infrastructure,25620000000.0,107.08,34.59,3.04,8.55,3.75,28.13,3.6699999999999995,2.64,3.55,77.44,5.67,8.24,9.89,10.81,11.37,,28.43,0.06,0.01,1.36,1.36,,4.96,97.08,4.05,,
OLED,2026-08-15,Technology,Electronic Components,4090000000.0,21.52,18.71,4.43,6.73,2.44,18.58,11.51,10.24,11.5,71.89,34.4,32.24,-17.11,12.86,4.22,12.62,8.69,0.01,0.01,8.5,6.25,2.29,8.13,91.61,10.17,,
OLLI,2026-08-15,Consumer Defensive,Discount Stores,4620000000.0,18.89,15.14,1.09,1.69,2.45,21.74,13.780000000000001,8.75,10.03,39.14,12.31,9.13,15.4,13.39,13.9,1.12,7.93,0.38,0.32,2.32,0.66,,0.35,121.06000000000002,10.96,,
OLN,2026-08-15,Basic Materials,Chemicals,2180000000.0,,24.01,,0.32,1.27,21.64,-7.59,-1.8399999999999999,-2.76,7.02,0.62,-2.08,-242.08,396.08,,32.25,3.32,1.99,1.95,1.42,0.87,4.19,0.63,102.83,10.88,,
OMC,2026-08-15,Communication Services,Advertising Agencies,24020000000.0,75.06,7.39,0.47,1.07,2.75,10.06,5.52,0.9899999999999999,1.86,17.0,14.3,1.7399999999999998,20.7,13.58,15.65,,5.57,1.18,1.18,0.92,0.92,3.9800000000000004,0.8199999999999998,109.45,9.93,,
OMCL,2026-08-15,Healthcare,Health Information Services,1700000000.0,44.11,17.85,1.19,1.36,1.32,12.14,3.06,1.8900000000000001,2.64,44.77,4.73,3.1300000000000003,40.05,-7.88,14.94,-43.0,5.84,0.15,0.15,1.61,1.4,,3.46,106.93,7.88,,
ON,2026-08-15,Technology,Semiconductors,32180000000.0,53.23,18.38,0.52,5.19,4.46,21.45,8.31,4.74,5.68,37.13,18.16,10.17,36.12,40.6,35.5,-12.08,2.67,0.65,0.54,3.46,2.49,,0.58,101.85,7.99,,
ONB,2026-08-15,Financial,Banks - Regional,10390000000.0,12.1,9.4,0.71,2.53,1.24,11.06,10.61,1.22,6.84,,30.14,21.2,17.93,10.92,13.26,5.58,32.85,1.01,0.51,0.04,,2.13,11.44,89.96,5.4,,
ONTO,2026-08-15,Technology,Semiconductor Equipment & Materials,16280000000.000002,124.14,29.53,0.73,14.53,8.46,64.48,6.819999999999999,4.54,3.91,49.36,19.84,11.84,63.72,38.88,40.63,34.65,12.55,0.77,0.77,9.73,8.33,,0.63,100.59,5.43,,
OPCH,2026-08-15,Healthcare,Medical Care Facilities,3590000000.0,18.12,11.49,1.09,0.63,2.85,11.8,16.0,6.2,8.39,17.87,5.86,3.6799999999999997,9.29,10.83,10.51,,13.25,1.01,0.98,1.47,0.98,,2.87,111.20999999999998,8.95,,
OPLN,2026-08-15,Consumer Cyclical,Auto & Truck Dealerships,4360000000.0,,20.56,0.96,2.1,2.78,12.55,10.11,3.7699999999999996,8.46,41.45,16.96,-4.11,16.16,19.86,21.43,-42.66,-2.43,1.57,0.37,1.17,1.17,,16.63,88.35,1.82,,
ORA,2026-08-15,Utilities,Utilities - Renewable,7060000000.0,56.22,45.68,3.58,5.94,2.72,,4.98,1.9799999999999998,2.42,27.93,19.35,10.66,12.37,-0.2,12.76,4.18,7.01,1.31,1.01,1.05,1.0,0.42,0.34,100.54,7.98,,
ORCL,2026-08-15,Technology,Software - Infrastructure,433570000000.0,25.84,13.76,0.52,6.44,11.54,,54.28000000000001,7.95,8.6,63.34000000000001,33.32,25.21,5.61,35.74,26.5,5.08,10.72,3.94,3.67,1.12,1.12,1.3,40.48,44.29,2.92,,
ORI,2026-08-15,Financial,Insurance - Property & Casualty,10350000000.0,9.38,13.03,6.26,1.06,1.7,8.08,18.57,5.09,13.62,,15.629999999999999,11.71,-5.29,10.23,2.08,14.77,4.98,0.38,0.38,0.68,,2.94,7.919999999999999,78.01,4.14,,
ORLY,2026-08-15,Consumer Cyclical,Auto Parts,73660000000.0,28.96,24.91,2.28,3.97,,34.16,,15.960000000000003,36.31,51.64,19.56,14.27,10.58,11.31,10.92,13.58,8.91,,,0.75,0.13,,0.52,86.83,3.11,,
OSIS,2026-08-15,Technology,Electronic Components,3760000000.0,26.1,19.95,1.7,2.08,4.21,59.89,17.16,6.570000000000001,7.92,30.61,12.9,8.42,11.3,9.81,11.74,16.58,8.0,1.17,1.15,3.25,2.42,,5.64,116.89,13.45,,
OSK,2026-08-15,Industrials,Farm & Heavy Construction Machinery,9440000000.0,17.5,10.94,0.7,0.89,2.09,8.54,12.39,5.54,10.85,15.370000000000001,7.519999999999999,5.24,-0.81,30.59,15.71,16.27,8.73,0.24,0.13,1.72,0.96,1.48,0.86,99.17,4.28,,
OSW,2026-08-15,Consumer Cyclical,Leisure,2730000000.0,34.17,20.87,1.46,2.71,4.69,34.93,14.32,11.08,12.05,11.76,9.5,8.02,14.81,13.49,14.34,,51.37,0.16,0.15,2.91,1.93,0.74,3.75,105.27,5.25,,
OTIS,2026-08-15,Industrials,Specialty Industrial Machinery,27650000000.0,18.65,15.88,2.01,1.85,,16.15,,14.000000000000002,88.76,30.240000000000002,15.629999999999999,10.17,0.54,12.31,7.92,10.95,2.5,,,0.83,0.75,2.41,0.11,95.66,3.78,,
OTTR,2026-08-15,Industrials,Conglomerates,3900000000.0,20.05,17.79,,2.97,2.08,,10.68,4.84,6.48,26.02,24.64,14.829999999999998,-7.25,-14.07,-15.02,22.83,7.94,0.67,0.6,1.71,1.36,2.47,9.04,72.52,13.33,,
OUT,2026-08-15,Real Estate,REIT - Specialty,5330000000.0,22.07,20.53,0.79,2.76,7.68,17.56,36.19,4.7,5.38,43.32,20.21,12.48,69.54,5.95,26.05,,8.18,5.96,5.56,0.67,0.67,4.15,3.72,100.48000000000002,3.85,,
OVV,2026-08-15,Energy,Oil & Gas E&P,17360000000.0,17.62,9.25,0.53,1.81,1.52,7.72,8.41,4.72,5.6,32.82,26.16,9.59,42.03,-4.16,17.42,,9.38,0.44,0.43,1.01,1.01,1.92,0.49,96.33,5.04,,
OXY,2026-08-15,Energy,Oil & Gas E&P,58340000000.0,17.29,15.54,0.73,2.4,1.74,10.98,10.87,5.11,7.33,38.08,23.09,14.029999999999998,167.12,-36.36,21.38,,4.7,0.35,0.34,1.41,1.13,1.7399999999999998,0.39,81.34,2.28,,
OZK,2026-08-15,Financial,Banks - Regional,5950000000.0,8.67,8.65,2.05,2.15,0.96,7.81,11.33,1.66,9.95,,32.35,24.37,-6.19,4.66,4.21,22.32,18.77,0.11,0.11,0.07,,3.62,0.0,90.82,15.01,,
P,2026-08-15,Technology,Computer Hardware,39280000000.0,179.63,38.54,1.75,9.98,27.21,76.44,16.85,5.29,13.9,70.23,4.21,5.75,18.44,25.57,22.01,,16.81,0.16,0.13,1.54,1.5,,5.34,83.15,3.18,,
PAG,2026-08-15,Consumer Cyclical,Auto & Truck Dealerships,14440000000.0,16.19,15.21,2.85,0.45,2.48,29.03,15.64,4.98,8.66,15.61,3.39,2.81,1.44,6.89,5.34,15.94,9.24,1.61,0.78,0.98,0.21,2.02,73.14,28.01,10.91,,
PAHC,2026-08-15,Healthcare,Drug Manufacturers - Specialty & Generic,1390000000.0,14.76,10.28,0.49,0.93,3.85,109.15,30.34,6.9,8.53,32.29,12.25,6.35,47.04,8.8,20.8,7.45,10.12,2.18,2.09,3.17,1.26,1.39,48.66,53.14,5.73,,
PANW,2026-08-15,Technology,Software - Infrastructure,313180000000.0,316.09,93.62,7.19,29.53,11.29,82.56,4.83,2.47,2.85,71.05,7.39,7.95,12.99,8.76,13.02,,22.03,0.07,0.07,0.81,0.81,,1.02,81.12,2.6,,
PARR,2026-08-15,Energy,Oil & Gas Refining & Marketing,4019999999.9999995,4.69,6.57,5.09,0.47,2.0,9.18,54.74,20.33,28.53,14.510000000000002,13.309999999999999,9.94,152.41,-35.93,1.29,,19.02,0.66,0.51,1.84,0.76,,3.05,103.78,9.42,,
PATH,2026-08-15,Technology,Software - Infrastructure,8300000000.000001,26.41,17.76,1.32,4.96,4.38,22.11,18.18,11.8,16.58,82.71,6.280000000000001,19.58,8.71,15.17,13.43,,21.53,0.04,0.04,2.2,2.2,,24.57,65.5,31.1,,
PATK,2026-08-15,Consumer Cyclical,Recreational Vehicles,2760000000.0,20.46,16.1,,0.7,2.44,21.62,12.950000000000001,4.68,5.42,20.62,7.02,3.74,-3.57,24.84,,6.83,9.7,1.46,1.4,2.67,0.96,2.15,4.23,115.26,13.88,,
PAYC,2026-08-15,Technology,Software - Application,9660000000.0,23.18,15.75,0.87,4.51,16.91,17.04,41.09,10.56,31.96,74.35,30.3,22.78,30.14,15.2,18.08,26.84,19.51,1.72,1.67,1.02,1.02,0.69,14.719999999999999,100.18,8.67,,
PAYO,2026-08-15,Technology,Software - Infrastructure,2420000000.0,51.52,22.35,0.67,2.23,3.7,13.32,7.06,0.6,6.89,78.58,12.47,4.65,22.13,37.47,33.41,,24.96,0.13,0.12,1.0,1.0,,24.43,62.480000000000004,6.16,,
PAYX,2026-08-15,Technology,Software - Application,43400000000.0,24.95,19.04,2.6,6.66,11.62,18.69,44.77,10.75,21.1,72.43,45.08,27.029999999999998,8.28,7.4,7.33,10.04,9.93,1.24,1.23,1.26,1.26,4.09,10.25,82.41,6.31,,
PB,2026-08-15,Financial,Banks - Regional,9020000000.0,13.0,10.31,,4.81,0.91,15.28,7.07,1.37,6.69,,40.72,29.98,1.61,25.29,,0.12,6.28,0.33,0.01,0.14,,3.2199999999999998,4.36,75.23,3.9,,
PBF,2026-08-15,Energy,Oil & Gas Refining & Marketing,8520000000.0,6.35,6.31,,0.25,1.33,10.89,23.55,9.77,15.49,4.39,3.17,3.94,498.91,-30.89,,34.6,14.18,0.39,0.36,1.33,0.67,1.53,14.92,90.65,10.95,,
PBH,2026-08-15,Healthcare,Drug Manufacturers - Specialty & Generic,2430000000.0,14.39,10.01,1.46,2.2,1.27,10.34,9.12,4.3,4.34,51.59,26.26,15.57,4.66,11.97,6.86,3.72,2.91,1.08,1.07,3.23,1.99,,1.47,115.97,8.18,,
PBI,2026-08-15,Industrials,Integrated Freight & Logistics,2250000000.0,13.38,9.01,0.62,1.21,,5.45,,5.99,15.09,54.08,24.0,10.04,24.07,8.76,14.63,,-11.84,,,0.73,0.69,2.21,1.7399999999999998,82.47,13.3,,
PCAR,2026-08-15,Industrials,Farm & Heavy Construction Machinery,68840000000.0,27.53,18.38,1.14,2.48,3.39,23.23,12.76,5.69,7.15,15.2,10.37,9.0,18.29,20.1,16.11,12.6,8.73,0.72,0.72,2.39,2.0,2.5,1.87,73.0,2.36,,
PCG,2026-08-15,Utilities,Utilities - Regulated Electric,39290000000.0,13.01,9.91,1.05,1.52,1.22,,9.73,2.25,3.3,20.13,20.13,11.83,10.18,8.97,9.45,,6.19,1.91,1.83,1.22,1.15,1.11,0.4699999999999999,98.33,1.51,,
PCRX,2026-08-15,Healthcare,Drug Manufacturers - Specialty & Generic,916820000.0,66.28,6.64,0.27,1.23,1.36,5.11,2.05,1.05,1.36,71.53,3.7000000000000006,1.96,9.73,19.2,24.22,-45.77,11.07,0.61,0.6,5.04,3.94,,4.21,113.1,18.89,,
PCTY,2026-08-15,Technology,Software - Application,7870000000.0,30.0,15.31,1.48,4.44,6.47,15.83,21.97,5.82,20.06,68.3,22.14,15.229999999999999,6.26,9.69,10.32,31.39,22.75,0.11,0.1,1.05,1.05,,20.23,89.65,7.03,,
PDFS,2026-08-15,Technology,Software - Application,2150000000.0,201.66,31.26,1.08,8.91,5.72,,3.27,2.26,2.35,69.7,8.15,4.27,37.19,26.26,29.06,57.47,19.99,0.19,0.18,3.41,3.41,,11.02,89.73,6.33,,
PEB,2026-08-15,Real Estate,REIT - Hotel & Motel,2060000000.0,,,,1.37,0.85,9.95,-1.8399999999999999,-0.8500000000000001,-1.03,10.9,7.449999999999999,-5.25,66.44,27.15,24.98,22.58,27.21,1.02,0.87,0.12,0.12,0.22,2.63,128.78,11.85,,
PECO,2026-08-15,Real Estate,REIT - Retail,5710000000.0,37.35,47.69,21.29,7.56,2.19,23.9,6.16,2.68,2.9,36.53,28.910000000000004,19.0,-9.46,5.38,2.24,,6.9,1.09,1.09,182.15,182.15,3.25,42.48,53.26,3.09,,
PEG,2026-08-15,Utilities,Utilities - Regulated Electric,37900000000.0,18.91,16.27,2.17,2.88,2.19,137.32,11.84,3.5000000000000004,5.0,26.85,26.85,15.259999999999998,7.86,7.0,7.49,2.32,5.71,1.42,1.32,0.88,0.67,3.51,0.18,77.34,2.07,,
PEGA,2026-08-15,Technology,Software - Application,5310000000.0,18.26,12.23,1.2,3.06,9.48,10.79,54.69,23.93,52.49,75.48,11.32,18.66,16.74,7.83,10.17,,11.4,0.13,0.1,1.06,1.06,0.35,45.94,59.57,14.94,,
PEN,2026-08-15,Healthcare,Medical Devices,12880000000.0,80.31,54.6,2.47,8.56,8.41,59.66,11.37,8.8,9.3,66.72,12.45,10.67,22.6,27.22,22.07,,20.16,0.14,0.13,5.75,3.86,,2.82,85.65,4.8,,
PENG,2026-08-15,Technology,Information Technology Services,3270000000.0,45571.43,19.01,0.68,2.18,7.45,,17.17,4.4,8.83,27.92,8.13,5.04,37.62,28.33,28.14,,4.05,1.61,1.27,1.54,1.1,,4.41,124.65000000000002,13.8,,
PENN,2026-08-15,Consumer Cyclical,Resorts & Casinos,2520000000.0,,12.82,,0.35,1.35,26.21,-37.4,-6.19,-7.33,28.689999999999998,6.03,-12.659999999999998,114.64,71.69,,-3.14,14.23,5.94,5.65,0.89,0.89,,2.64,110.87,10.06,,
PEP,2026-08-15,Consumer Defensive,Beverages - Non-Alcoholic,192160000000.0,18.46,15.7,3.04,1.98,8.7,20.7,51.59,9.61,16.15,53.98,15.55,10.78,5.08,4.82,5.16,3.25,5.94,2.41,1.93,0.93,0.74,4.15,0.39,77.97,2.16,,
PFBC,2026-08-15,Financial,Banks - Regional,1450000000.0,9.85,9.83,,2.86,1.61,8.75,17.58,1.8000000000000003,11.55,,38.25,26.77,2.96,2.43,,17.47,17.76,0.48,0.48,0.28,,2.98,0.0,77.84,9.3,,
PFE,2026-08-15,Healthcare,Drug Manufacturers - General,152690000000.0,35.47,9.26,,2.4,1.79,13.9,4.99,2.13,2.97,64.83,26.57,6.800000000000001,-7.63,-2.73,-8.26,-3.57,8.48,0.74,0.71,1.27,0.96,6.4399999999999995,0.12,68.86,2.84,,
PFG,2026-08-15,Financial,Asset Management,24400000000.0,16.18,10.93,0.98,1.56,2.01,5.03,13.23,0.49,9.47,,11.87,9.93,15.88,8.8,11.18,0.8,1.17,0.36,0.36,0.4,,2.9,0.77,81.21,3.93,,
PFGC,2026-08-15,Consumer Defensive,Food Distribution,16899999999.999998,46.87,15.76,0.77,0.25,3.42,16.41,7.670000000000001,1.9299999999999997,2.92,10.73,1.37,0.53,24.89,19.72,20.6,49.63,17.42,1.59,1.51,1.51,0.67,,1.76,100.59,2.29,,
PFS,2026-08-15,Financial,Banks - Regional,3210000000.0,10.29,9.48,,2.28,1.11,9.17,11.14,1.25,8.2,,30.47,22.15,10.45,5.57,,9.89,25.93,0.99,0.31,0.02,,3.9,5.91,76.5,4.86,,
PPG,2026-08-15,Basic Materials,Specialty Chemicals,25370000000.0,16.38,13.19,1.72,1.54,3.0,18.03,19.56,7.02,10.39,37.46,13.22,9.54,4.3,9.43,7.65,9.22,2.79,0.88,0.79,1.58,1.15,2.54,0.11,92.09,2.77,,
PGNY,2026-08-15,Healthcare,Healthcare Plans,2020000000.0,28.55,17.34,0.46,1.54,4.49,11.3,16.24,10.65,16.53,24.57,8.55,6.0,97.46,18.11,37.89,6.78,30.17,0.06,0.05,2.14,2.14,,2.82,102.4,6.02,,
PGR,2026-08-15,Financial,Insurance - Property & Casualty,121860000000.0,10.51,12.95,,1.34,3.55,7.64,34.94,10.09,28.03,,16.56,12.85,-2.66,-7.93,-4.26,14.75,15.5,0.24,0.22,0.74,,4.48,0.28,89.6,1.39,,
PH,2026-08-15,Industrials,Specialty Industrial Machinery,133130000000.0,37.06,27.45,2.9,6.19,9.11,34.09,25.08,12.09,16.45,41.79,21.92,16.97,8.46,9.78,9.47,16.37,8.42,0.55,0.44,1.26,0.74,0.75,0.21,90.25,1.23,,
PHIN,2026-08-15,Consumer Cyclical,Auto Parts,2730000000.0,21.36,10.79,0.68,0.75,1.77,10.92,8.52,3.49,5.33,21.16,8.82,3.73,20.27,15.71,15.82,,27.49,0.69,0.64,1.81,1.34,1.58,2.36,104.18,9.13,,
PHM,2026-08-15,Consumer Cyclical,Residential Construction,24400000000.0,13.3,11.57,1.81,1.49,1.88,15.82,14.899999999999999,10.64,12.76,25.040000000000003,15.57,11.62,-8.47,10.57,6.38,16.53,9.42,0.19,0.15,5.28,0.48,0.75,0.66,96.48,4.93,,
PI,2026-08-15,Technology,Semiconductors,5280000000.0,,61.47,2.84,14.2,22.78,83.75,-12.869999999999997,-5.17,-6.14,52.28,-1.8000000000000003,-7.26,-0.82,34.21,21.68,30.45,21.05,1.15,0.9,3.28,2.29,,2.97,107.1,10.12,,
PII,2026-08-15,Consumer Cyclical,Recreational Vehicles,3950000000.0,,20.17,,0.53,4.73,30.8,-25.759999999999998,-4.92,-9.18,19.56,1.76,-3.5000000000000004,30357.51,13.87,,,0.35,2.46,2.39,1.2,0.47,3.88,6.509999999999999,92.34,6.78,,
PINS,2026-08-15,Communication Services,Internet Content & Information,13630000000.0,70.13,9.95,0.51,2.99,4.7,10.64,6.460000000000001,4.9,6.09,79.47,6.27,5.46,26.12,19.85,19.56,,20.06,0.41,0.41,3.81,3.81,,14.78,88.27,10.46,,
PIPR,2026-08-15,Financial,Capital Markets,5410000000.0,17.73,13.92,,2.55,3.76,9.29,23.62,14.34,22.39,93.74,23.06,14.49,4.28,18.86,,42.22,8.74,0.13,0.0,0.82,0.82,2.86,3.47,87.9,3.67,,
PJT,2026-08-15,Financial,Capital Markets,4460000000.0,36.19,19.23,1.5,2.36,14.3,6.74,83.23,12.21,27.83,,21.02,10.58,14.52,13.44,12.78,8.69,10.24,1.34,1.3,2.28,2.28,0.57,2.54,87.19,8.43,,
PK,2026-08-15,Real Estate,REIT - Hotel & Motel,3050000000.0,,25.43,,1.2,0.99,36.7,-5.02,-1.9799999999999998,-2.87,18.34,11.92,-6.45,131.49,32.16,,25.27,24.43,1.33,0.85,0.28,0.28,6.67,9.04,107.57,18.07,,
PKG,2026-08-15,Consumer Cyclical,Packaging & Containers,22760000000.0,33.21,19.08,1.47,2.39,4.88,30.66,14.790000000000001,6.849999999999999,7.67,20.11,12.629999999999999,7.21,6.7,27.57,13.02,12.11,6.19,0.94,0.92,2.94,1.86,2.07,3.2799999999999994,98.75,3.81,,
PLAB,2026-08-15,Technology,Semiconductor Equipment & Materials,1960000000.0,12.2,16.5,5.69,2.28,1.56,20.39,13.58,8.75,12.77,33.77,22.93,18.47,-7.46,8.6,2.9,34.53,6.85,0.0,0.0,5.05,4.69,,4.06,93.86,7.95,,
PLD,2026-08-15,Real Estate,REIT - Industrial,136380000000.0,31.4,38.64,10.95,14.84,2.45,31.17,7.91,4.24,4.69,44.51,38.58,45.73,2.34,0.18,3.53,12.73,14.64,0.69,0.67,0.89,0.89,3.03,0.25,100.07,1.92,,
PLMR,2026-08-15,Financial,Insurance - Property & Casualty,3370000000.0,17.22,11.4,0.73,3.09,3.42,7.94,22.23,8.13,15.91,,24.87,18.61,27.92,11.87,15.61,96.55,39.05,0.3,0.3,1.2,,,2.68,95.66,3.38,,
PLNT,2026-08-15,Consumer Cyclical,Leisure,3800000000.0,17.09,13.85,1.26,2.7,,14.54,,7.77,10.56,39.32,30.95,16.88,5.75,12.03,11.0,,26.63,,,1.56,1.54,,0.55,108.37999999999998,9.75,,
PLTR,2026-08-15,Technology,Software - Infrastructure,418230000000.0,148.74,76.27,1.15,67.94,42.79,124.54,38.42,31.679999999999996,30.21,84.8,42.8,49.0,113.3,42.63,66.12,,32.58,0.02,0.02,7.23,6.91,,8.54,59.01,3.1,,
PLUS,2026-08-15,Technology,Software - Application,2310000000.0,18.48,14.87,,0.94,2.16,42.17,12.16,6.94,11.73,24.2,6.88,5.12,1.58,8.77,,11.99,9.47,0.0,0.0,2.02,1.81,1.15,2.15,96.33,5.1,,
PLXS,2026-08-15,Technology,Electronic Components,7130000000.0,39.45,26.46,1.83,1.55,4.67,115.19,12.58,5.5,11.28,9.58,4.53,4.03,16.98,16.28,14.48,9.78,3.53,0.2,0.08,1.49,0.72,,1.42,99.67,2.81,,
PM,2026-08-15,Consumer Defensive,Tobacco,296740000000.0,27.37,20.84,2.12,6.99,,23.33,,15.86,32.1,65.33,37.32,25.55,10.97,9.16,9.85,7.09,7.15,,,0.98,0.55,3.15,0.22,84.35,1.04,,
PMT,2026-08-15,Real Estate,REIT - Mortgage,824060000.0,6.62,6.71,0.45,0.44,0.63,,8.94,0.79,1.2,92.54,81.85,6.619999999999999,6.84,33.15,15.0,29.31,3.52,12.37,6.5,0.04,0.04,16.93,1.22,71.68,7.57,,
PNC,2026-08-15,Financial,Banks - Regional,102520000000.0,14.13,11.94,0.92,2.87,1.77,10.5,12.47,1.29,5.89,,26.27,20.32,14.49,13.33,12.91,-0.44,13.2,1.36,1.01,0.11,,2.84,0.35,84.84,1.81,,
PNFP,2026-08-15,Financial,Banks - Regional,16320000000.0,14.83,9.45,0.6,3.14,1.16,11.3,7.6499999999999995,0.89,3.27,,23.36,15.06,21.67,12.27,15.64,14.9,20.59,0.75,0.69,0.09,,1.8500000000000003,1.47,89.26,3.52,,
PNR,2026-08-15,Industrials,Specialty Industrial Machinery,10560000000.0,16.65,12.74,2.94,2.63,2.82,15.69,17.13,9.63,11.87,41.35,21.83,16.24,-5.49,11.66,4.34,13.02,6.71,0.47,0.46,1.45,0.76,1.63,0.58,99.8,4.21,,
PNW,2026-08-15,Utilities,Utilities - Regulated Electric,12300000000.0,19.46,18.27,2.73,2.21,1.75,,9.3,2.07,2.94,27.690000000000005,23.19,11.52,-6.64,17.83,6.7,0.73,8.28,2.35,2.09,0.59,0.41,3.66,0.18,106.59999999999998,8.52,,
PODD,2026-08-15,Healthcare,Medical Devices,9940000000.0,28.42,18.58,0.8,3.26,6.99,33.84,26.02,11.31,15.96,72.16,16.88,12.29,30.84,18.65,23.16,102.14,24.53,0.67,0.65,2.45,1.8,,0.43,96.83,5.55,,
POOL,2026-08-15,Industrials,Industrial Distribution,7080000000.0,17.92,16.48,2.61,1.31,5.62,23.51,31.08,10.7,14.05,29.580000000000002,10.76,7.37,2.31,7.69,6.32,3.86,6.09,1.35,1.25,2.67,0.91,1.91,3.5000000000000004,110.03,10.15,,
POR,2026-08-15,Utilities,Utilities - Regulated Electric,5970000000.0,22.47,14.2,1.91,1.78,1.43,,6.45,1.95,2.76,35.09,17.28,7.670000000000001,11.23,5.35,7.43,9.83,10.15,1.26,1.26,0.98,0.86,4.29,0.54,107.46,5.34,,
POST,2026-08-15,Consumer Defensive,Packaged Foods,3560000000.0,14.87,11.25,1.81,0.42,1.16,6.43,8.29,2.24,2.74,26.33,10.29,3.4799999999999995,5.84,-5.93,6.22,244.23,7.44,2.48,2.48,1.85,0.99,,15.7,106.18,19.06,,
POWI,2026-08-15,Technology,Semiconductors,3510000000.0,140.44,33.48,1.16,7.8,5.14,44.36,3.62,3.18,3.68,53.64,7.93,5.58,11.2,34.82,28.95,-19.63,-1.91,0.0,0.0,7.07,4.7,1.37,1.71,112.96,10.13,,
POWL,2026-08-15,Industrials,Electrical Equipment & Parts,7780000000.0,40.89,31.78,1.47,6.72,10.29,31.88,28.249999999999996,15.590000000000002,25.19,30.010000000000005,19.79,16.49,9.32,24.06,21.63,59.82,16.32,0.0,0.0,1.97,1.82,0.5,21.31,77.69,9.53,,
PPC,2026-08-15,Consumer Defensive,Packaged Foods,6640000000.0,12.2,9.18,,0.36,1.77,21.82,14.57,5.42,8.02,9.51,6.419999999999999,2.96,-49.49,16.34,-13.13,63.8,8.88,0.83,0.81,1.36,0.62,,82.23,19.84,17.75,,
PPL,2026-08-15,Utilities,Utilities - Regulated Electric,27100000000.0,21.39,17.01,2.07,2.88,1.8,,8.63,2.85,3.63,28.720000000000002,24.09,13.459999999999999,7.94,8.41,8.22,-3.63,10.56,1.35,1.32,0.91,0.73,3.18,0.2,84.93,5.2,,
PPLI,2026-08-15,Communication Services,Internet Content & Information,3010000000.0,7.36,35.44,,1.44,0.59,36.46,8.24,5.53,6.41,60.13,0.9199999999999999,19.79,522.26,-79.23,,,-2.84,0.28,0.27,3.69,3.69,,17.54,97.96,12.48,,
PR,2026-08-15,Energy,Oil & Gas E&P,18010000000.0,14.27,10.27,0.59,3.14,1.5,16.88,11.51,6.860000000000001,8.19,39.18,35.95,21.52,50.2,8.91,17.38,,54.23,0.26,0.26,0.62,0.62,2.98,10.85,84.54,2.96,,
PRDO,2026-08-15,Consumer Defensive,Education & Training Services,2000000000.0,11.63,10.29,,2.33,1.94,9.19,17.55,13.47,16.46,72.62,24.56,20.63,21.49,5.78,,6.75,4.24,0.05,0.04,4.69,4.68,1.87,2.69,103.07,5.91,,
PRG,2026-08-15,Industrials,Rental & Leasing Services,1700000000.0,11.81,7.56,0.3,0.64,2.11,5.33,17.18,7.23,8.67,35.65,8.5,5.57,40.67,14.18,25.51,,-0.61,1.1,1.1,7.48,3.91,1.31,3.6699999999999995,110.40999999999998,6.63,,
PRGO,2026-08-15,Healthcare,Drug Manufacturers - Specialty & Generic,1810000000.0,,5.43,,0.44,0.72,15.17,-48.75,-19.24,-29.22,33.32,6.419999999999999,-41.85,-20.0,9.09,-0.67,-53.83,0.8,1.37,1.36,2.32,1.32,8.86,0.43,118.78,16.75,,
PRGS,2026-08-15,Technology,Software - Infrastructure,1790000000.0,21.12,6.97,2.1,1.79,3.57,6.0,18.57,3.74,4.88,71.41,18.54,8.87,7.68,1.83,3.32,-1.14,17.2,2.62,2.61,0.81,0.81,,2.29,110.35999999999999,11.43,,
PRI,2026-08-15,Financial,Insurance - Life,9650000000.0,12.59,11.61,1.34,2.77,3.84,11.18,32.86,6.49,18.72,,31.69,22.76,9.35,7.78,8.67,19.08,8.05,0.68,0.68,2.43,,1.53,0.66,95.48,3.75,,
PRIM,2026-08-15,Industrials,Engineering & Construction,4480000000.0,32.78,15.77,3.51,0.62,2.79,50.97,8.89,3.04,5.22,8.62,3.03,1.92,-60.65,138.76,4.49,18.37,16.75,0.8,0.66,1.18,1.15,0.38,1.09,93.37,8.43,,
PRK,2026-08-15,Financial,Banks - Regional,3750000000.0,18.6,15.71,,4.96,2.17,20.93,12.590000000000002,1.68,10.82,,33.59,25.129999999999995,15.32,1.87,,7.35,6.57,0.09,0.02,0.13,,2.42,2.31,53.949999999999996,3.98,,
PRKS,2026-08-15,Consumer Cyclical,Leisure,2040000000.0,17.67,12.02,1.37,1.24,,12.36,,4.97,7.54,34.87,20.67,8.11,0.39,21.7,8.74,,30.95,,,0.48,0.36,0.4699999999999999,2.78,139.37,13.21,,
PRLB,2026-08-15,Industrials,Metal Fabrication,2200000000.0,73.19,38.48,,3.92,3.18,38.79,4.49,3.9699999999999998,4.4,45.42,7.33,5.44,33.37,7.84,,-14.26,4.18,0.0,0.0,3.64,3.43,,1.52,97.06,2.87,,
PRSU,2026-08-15,Consumer Cyclical,Travel Services,1310000000.0,33.52,25.21,0.64,2.71,2.05,,7.88,4.38,5.31,34.17,16.12,8.54,127.19,4.68,39.68,,1.72,0.45,0.45,1.61,1.47,,25.94,85.84,6.13,,
PRU,2026-08-15,Financial,Insurance - Life,43170000000.0,11.33,8.5,2.55,0.67,1.37,3.94,12.61,0.51,7.09,,7.580000000000001,5.98,-2.26,4.35,3.33,,1.28,1.1,0.75,2.28,,4.48,0.21,63.94,3.51,,
PRVA,2026-08-15,Healthcare,Health Information Services,2810000000.0,102.09,53.07,1.13,1.19,3.55,21.64,3.84,2.04,3.56,9.52,1.9,1.19,44.15,59.75,46.98,-9.67,21.04,0.01,0.01,1.62,1.62,,6.69,92.68,3.22,,
PSA,2026-08-15,Real Estate,REIT - Industrial,60780000000.0,31.08,33.41,7.95,12.43,11.83,21.24,22.03,10.06,10.92,48.63,45.75,37.74,11.61,-2.99,4.2,7.46,10.6,1.11,1.04,0.21,0.21,3.6900000000000004,10.28,82.65,3.32,,
PSKY,2026-08-15,Communication Services,Entertainment,11380000000.0,,12.3,0.33,0.39,0.97,24.21,-4.36,-1.39,-2.27,28.57,7.85,-2.13,24.18,58.1,37.42,,2.7,1.38,1.32,1.04,0.88,2.2,22.7,28.63,10.02,,
PSMT,2026-08-15,Consumer Defensive,Discount Stores,5560000000.0,34.64,28.58,1.83,0.98,3.99,75.43,12.06,6.74,9.58,17.63,4.56,2.76,14.73,14.01,15.6,13.55,9.62,0.23,0.18,1.28,0.53,0.77,16.52,90.76,7.06,,
PSN,2026-08-15,Technology,Information Technology Services,5120000000.0,33.13,14.13,2.06,0.81,1.94,16.6,6.12,2.66,3.72,21.96,5.4,2.5,-23.3,39.46,6.86,17.69,10.18,0.63,0.61,1.66,1.66,,1.54,99.45,6.09,,
PSX,2026-08-15,Energy,Oil & Gas Refining & Marketing,93220000000.0,13.3,10.87,0.26,0.61,2.96,14.58,24.01,8.98,14.09,7.919999999999999,5.9,4.62,286.73,-13.72,41.14,,15.72,0.65,0.6,1.32,1.0,2.18,0.12,81.46,1.85,,
PTC,2026-08-15,Technology,Software - Application,16250000000.0,14.48,16.85,2.42,5.5,4.78,17.39,35.25,19.32,24.48,82.89,39.78,41.67,2.22,8.67,6.96,40.15,13.44,0.46,0.45,1.02,1.02,,0.34,109.59,6.05,,
PTCT,2026-08-15,Healthcare,Biotechnology,5980000000.0,,26.79,,5.93,,,,-1.3,-8.39,89.0,11.57,-3.8,-83.98,114.77,-14.29,,35.37,,,3.39,3.28,,3.44,122.0,13.11,,
PTEN,2026-08-15,Energy,Oil & Gas Drilling,4340000000.0,,43.03,,0.93,1.4,24.4,-2.79,-1.6399999999999997,-2.06,4.86,-0.71,-1.92,77.38,623.79,,43.59,33.83,0.41,0.41,1.75,1.57,3.52,3.9800000000000004,112.83000000000001,8.24,,
PTGX,2026-08-15,Healthcare,Biotechnology,10040000000.0,149.55,,,35.59,11.92,76.86,10.98,10.34,9.77,99.45,20.69,29.4,323.58,-109.88,,-1.26,9.96,0.01,0.01,21.71,21.71,,5.34,118.19999999999999,12.32,,
PTON,2026-08-15,Consumer Cyclical,Leisure,2470000000.0,51.18,17.49,0.61,1.01,,6.54,,3.02,4.21,51.34000000000001,8.71,2.58,120.15,4.43,28.56,,-9.47,,,2.84,2.58,,7.449999999999999,96.11,15.03,,
PVH,2026-08-15,Consumer Cyclical,Apparel Manufacturing,3800000000.0,26.18,6.54,0.95,0.42,0.78,6.91,3.32,1.44,1.8,57.54,7.53,1.76,5.44,4.83,6.88,,4.64,0.86,0.79,1.68,0.93,0.2,1.79,112.27000000000001,10.48,,
PWR,2026-08-15,Industrials,Engineering & Construction,103100000000.0,78.54,34.81,1.21,3.13,10.69,43.12,15.17,5.51,8.6,13.68,6.41,4.03,55.6,17.8,28.85,17.25,20.52,0.69,0.6,1.1,1.05,0.06,0.9399999999999998,90.57,2.08,,
PYPL,2026-08-15,Financial,Credit Services,52750000000.0,11.65,10.68,1.91,1.54,2.68,8.01,24.5,6.03,15.62,40.86,18.94,14.27,1.16,7.51,5.59,8.84,9.24,0.72,0.58,1.29,1.29,0.51,0.12,76.83,4.68,,
PZZA,2026-08-15,Consumer Cyclical,Restaurants,798680000.0,30.46,17.98,7.37,0.41,,32.41,,3.2199999999999998,6.24,15.689999999999998,4.69,1.34,-16.58,13.1,2.44,-6.79,2.52,,,0.83,0.71,3.92,1.87,109.89999999999999,18.44,,
Q,2026-08-15,Technology,Semiconductor Equipment & Materials,29770000000.0,50.96,26.46,1.19,5.71,4.1,36.09,6.4399999999999995,4.36,5.0,42.3,21.71,11.25,35.9,18.12,22.26,,,0.62,0.61,2.01,1.5,0.17,0.2,77.7,2.34,,
QCOM,2026-08-15,Technology,Semiconductors,174120000000.0,19.19,16.24,5.16,3.95,6.34,16.72,33.75,16.5,22.9,54.230000000000004,23.5,21.01,-12.17,-3.39,3.15,2.08,13.48,0.55,0.46,2.02,1.26,2.19,0.1,79.05,3.3,,
QDEL,2026-08-15,Healthcare,Medical Devices,980630000.0,,9.74,,0.37,0.55,,-45.91,-17.34,-23.49,37.68,-1.16,-39.21,-63.24,88.42,-3.27,,10.42,1.73,1.51,1.39,0.76,,1.18,130.28,19.19,,
QLYS,2026-08-15,Technology,Software - Infrastructure,6440000000.0,32.23,21.95,2.7,9.12,11.47,20.5,38.59,19.92,34.02,83.56,35.04,29.28,10.75,8.23,8.12,19.39,13.07,0.09,0.08,1.38,1.38,,1.08,107.19000000000001,10.9,,
QNST,2026-08-15,Communication Services,Advertising Agencies,1180000000.0,14.63,10.96,0.52,0.91,3.79,9.23,28.65,14.099999999999998,20.41,11.27,3.2,6.280000000000001,25.2,17.61,21.18,27.15,17.47,0.23,0.23,1.22,1.18,,9.36,92.19,8.58,,
QRVO,2026-08-15,Technology,Semiconductors,8660000000.0,22.76,12.21,1.38,2.37,2.49,13.33,11.56,6.69,7.95,48.47,18.17,10.95,9.26,5.04,8.86,-10.54,-1.74,0.45,0.45,3.54,2.68,,1.21,97.45,7.52,,
QTWO,2026-08-15,Technology,Software - Application,4040000000.0,46.42,18.38,0.72,4.77,6.27,18.93,14.980000000000002,7.82,13.61,56.99000000000001,10.44,10.87,14.24,20.73,25.55,,14.56,0.06,0.05,0.8,0.8,,3.34,106.89,7.51,,
R,2026-08-15,Industrials,Rental & Leasing Services,10120000000.0,21.69,14.9,0.85,0.79,3.52,14.73,16.6,3.03,5.4,19.35,8.18,3.82,13.57,20.75,17.59,,8.51,2.94,2.15,0.65,0.65,1.36,3.6000000000000005,91.63,2.76,,
RAL,2026-08-15,Technology,Electronic Components,8000000000.0,,22.23,1.9,3.66,5.21,24.41,-53.900000000000006,-27.750000000000004,-45.95,46.87,12.61,-56.38000000000001,4.89,15.24,11.72,,,0.75,0.75,1.52,1.0,0.22,0.34,106.49,5.19,,
RAMP,2026-08-15,Technology,Software - Infrastructure,2300000000.0,15.64,10.06,,2.77,2.35,11.5,16.05,12.31,15.46,70.82,12.920000000000002,18.57,29.3,28.22,,,12.91,0.03,0.02,2.66,2.66,,4.4,91.73,6.68,,
RBA,2026-08-15,Industrials,Specialty Business Services,15600000000.0,36.14,17.52,2.11,3.22,2.8,25.76,8.08,3.93,4.68,35.06,17.81,9.0,9.15,10.12,8.3,5.57,27.23,0.75,0.71,1.31,1.22,1.5700000000000003,0.22,100.25,7.13,,
RBC,2026-08-15,Industrials,Tools & Accessories,17740000000.0,55.38,33.58,2.48,9.08,5.13,46.07,9.75,6.419999999999999,7.58,41.96,25.180000000000003,16.4,20.67,11.62,13.52,20.5,25.17,0.25,0.22,2.53,0.98,,1.63,99.91,1.56,,
RCL,2026-08-15,Consumer Cyclical,Travel Services,81800000000.0,18.84,15.02,1.06,4.38,7.97,,45.34,10.58,13.7,39.09,27.089999999999996,23.54,13.56,14.36,14.17,,52.02,2.3,2.14,0.18,0.16,1.77,6.509999999999999,86.18,4.67,,
RCUS,2026-08-15,Healthcare,Biotechnology,3750000000.0,,,,32.08,8.07,,-90.82,-46.02,-81.42,92.31,-415.38000000000005,-393.16,-9.48,3.33,10.33,-7.95,26.08,0.25,0.22,3.82,3.82,,33.59,68.35,15.51,,
RDN,2026-08-15,Financial,Insurance - Specialty,4930000000.0,9.57,7.22,1.16,3.0,1.03,3.54,12.03,5.65,9.68,,51.11,32.6,6.41,9.0,6.24,15.63,-3.64,0.26,0.15,1.13,,2.74,1.9,97.93,3.9,,
RDNT,2026-08-15,Healthcare,Diagnostics & Research,6010000000.0,,86.11,1.91,2.65,5.48,83.03,-2.08,-0.55,-0.66,4.63,4.63,-0.93,31.87,72.41,45.04,3.18,13.74,1.99,1.9,1.48,1.48,,10.52,103.18,14.8,,
REG,2026-08-15,Real Estate,REIT - Retail,14050000000.0,25.89,30.07,,8.66,2.11,33.76,8.21,4.3,4.56,44.3,37.27,33.46,-12.11,2.94,-0.48,60.48,7.48,0.8,0.77,1.91,1.91,3.9599999999999995,0.53,101.51999999999998,2.94,,
REGN,2026-08-15,Healthcare,Biotechnology,82720000000.0,19.86,13.3,0.89,5.32,2.62,22.0,14.04,10.83,12.85,81.46,26.87,27.860000000000003,21.62,12.13,15.01,6.33,11.04,0.09,0.06,3.34,2.78,0.43,3.75,89.41,3.42,,
RELY,2026-08-15,Technology,Software - Infrastructure,5570000000.0,18.93,24.66,0.4,3.08,4.94,16.16,32.25,22.32,26.42,60.03000000000001,10.36,16.85,348.79,-23.35,61.55,,44.79,0.03,0.02,3.18,3.18,,15.58,85.63,7.86,,
RES,2026-08-15,Energy,Oil & Gas Equipment & Services,1410000000.0,63.47,25.04,2.25,0.79,1.27,36.08,1.95,1.47,1.87,13.8,3.1,1.2,-2.4,4.1,11.15,,22.14,0.05,0.03,3.34,2.76,2.52,50.74999999999999,43.86,10.06,,
REX,2026-08-15,Basic Materials,Chemicals,1470000000.0,15.89,,,2.23,2.33,31.9,15.909999999999998,12.35,14.46,16.96,11.43,14.09,,,,98.48,11.72,0.03,0.02,6.76,6.35,,13.54,81.57,2.64,,
REXR,2026-08-15,Real Estate,REIT - Industrial,8080000000.0,,25.67,1.99,8.17,1.09,35.57,-4.78,-3.17,-3.6,45.94,39.41,-40.53,-146.12,455.82,12.92,11.2,24.39,0.45,0.44,1.49,1.49,4.83,0.38,108.76999999999998,3.69,,
REYN,2026-08-15,Consumer Cyclical,Packaging & Containers,5530000000.0,16.06,15.63,6.38,1.46,2.4,17.29,15.479999999999999,6.94,8.78,25.120000000000005,14.13,9.11,-1.72,4.22,2.45,-4.22,2.66,0.71,0.7,1.8,0.71,3.49,74.15,31.739999999999995,13.34,,
REZI,2026-08-15,Industrials,Industrial Distribution,3110000000.0,9.07,9.97,0.88,0.41,1.23,,15.2,4.94,6.25,27.940000000000005,8.34,4.56,10.38,-0.04,11.39,,8.06,1.3,1.27,2.22,1.41,,12.560000000000002,89.86,4.45,,
RF,2026-08-15,Financial,Banks - Regional,27180000000.0,12.97,11.19,1.09,2.86,1.56,15.28,11.9,1.39,9.51,,30.03,22.6,13.16,8.09,10.3,17.43,8.44,0.4,0.25,0.1,,3.55,0.3,88.15,6.14,,
RGA,2026-08-15,Financial,Insurance - Reinsurance,16290000000.0,10.97,8.44,0.7,0.63,1.19,3.13,11.71,1.05,7.77,,8.8,5.8,24.6,4.42,12.09,22.91,10.18,0.42,0.42,,,1.54,0.32,101.15,1.23,,
RGEN,2026-08-15,Healthcare,Medical Instruments & Supplies,9420000000.0,227.38,63.59,2.44,11.99,4.46,85.48,1.9900000000000002,1.42,1.49,48.79,9.03,5.29,20.54,27.28,26.02,-4.91,15.05,0.33,0.32,9.05,7.64,,5.44,117.86000000000001,11.49,,
RGLD,2026-08-15,Basic Materials,Gold,19550000000.0,25.15,17.82,0.83,12.63,2.57,33698.31,13.55,11.33,9.24,66.77,62.970000000000006,47.7,43.52,23.03,21.57,17.16,15.62,0.05,0.05,2.92,2.68,0.84,0.27,84.86,3.62,,
RH,2026-08-15,Consumer Cyclical,Specialty Retail,3440000000.0,35.06,19.46,0.68,1.0,60.35,15.36,,2.15,2.63,43.59,11.67,3.01,-24.81,97.46,28.65,-8.73,3.84,70.6,67.84,1.11,0.28,,18.17,109.42,33.45,,
RHI,2026-08-15,Industrials,Staffing & Employment Services,4420000000.0,37.62,21.92,0.95,0.84,3.66,20.57,9.11,4.03,8.31,35.39,0.2,2.17,-4.65,55.48,23.17,-13.28,1.03,0.2,0.14,1.46,1.46,4.91,3.7900000000000005,122.67000000000002,23.76,,
RHP,2026-08-15,Real Estate,REIT - Hotel & Motel,7920000000.0,30.83,25.53,1.97,2.89,10.46,11.45,35.12,4.42,5.57,21.59,19.87,9.91,11.86,16.61,12.97,,37.49,5.52,5.52,0.98,0.98,3.85,3.1400000000000006,101.46,3.17,,
RITM,2026-08-15,Real Estate,REIT - Mortgage,5790000000.0,17.25,4.41,2.96,0.99,0.84,,5.44,0.95,1.04,87.93,42.32,5.72,-2.41,2.49,1.49,,31.34,4.53,4.04,0.66,0.66,9.65,0.51,62.23,7.01,,
RJF,2026-08-15,Financial,Asset Management,34780000000.0,15.76,12.62,0.78,2.05,2.74,17.7,18.46,2.57,12.98,88.12,18.58,13.55,14.12,17.74,16.26,21.52,14.17,0.46,0.4,1.98,1.98,1.19,10.43,79.48,5.2,,
RL,2026-08-15,Consumer Cyclical,Apparel Manufacturing,23150000000.0,24.52,18.55,1.5,2.77,8.52,22.2,37.54,12.76,17.95,67.69,16.67,11.76,13.88,11.0,12.35,,13.02,1.1,1.01,2.04,1.42,0.9899999999999999,38.23,68.21,7.93,,
RLI,2026-08-15,Financial,Insurance - Property & Casualty,5850000000.0,13.4,23.22,,2.96,3.34,11.32,25.16,8.22,21.21,,28.660000000000004,22.17,-17.55,-4.01,-6.9,20.32,13.86,0.18,0.18,0.31,,5.79,1.41,93.87,8.78,,
RMBS,2026-08-15,Technology,Semiconductors,10940000000.0,46.16,26.88,1.15,14.46,7.46,36.52,17.79,15.560000000000002,16.17,74.46,35.95,31.69,21.43,23.63,23.44,,23.5,0.01,0.01,9.75,9.08,,0.79,95.82,3.8,,
RMD,2026-08-15,Healthcare,Medical Instruments & Supplies,32380000000.000004,21.51,16.85,1.85,5.73,4.92,19.63,24.27,17.77,21.39,60.25,34.01,26.94,8.39,10.03,9.13,26.34,12.08,0.13,0.08,3.1,2.42,1.18,0.93,70.02,10.91,,
RNG,2026-08-15,Technology,Software - Application,5390000000.0,51.36,11.55,0.94,2.08,,9.45,,7.380000000000001,16.05,72.02,7.429999999999999,4.27,15.3,11.03,12.25,,16.27,,,0.87,0.87,0.35,13.34,107.49,10.57,,
RNR,2026-08-15,Financial,Insurance - Reinsurance,13440000000.0,5.56,7.86,2.02,1.21,1.22,3.73,22.9,5.24,18.3,,40.36,23.09,10.3,-4.66,3.89,29.62,19.9,0.2,0.2,0.72,,0.51,2.3,101.12,3.05,,
RNST,2026-08-15,Financial,Banks - Regional,3980000000.0,13.05,11.09,,2.54,1.03,10.1,8.21,1.17,6.73,,26.75,20.04,82.75,3.85,,6.93,14.91,0.29,0.21,0.18,,2.19,2.0,90.06,4.43,,
ROCK,2026-08-15,Industrials,Building Products & Equipment,1420000000.0,,9.95,0.79,0.98,1.6,33.3,6.24,2.82,-6.67,25.45,10.94,-10.43,-1.66,24.77,12.62,,1.92,1.54,1.54,1.46,0.91,,1.43,104.08,4.83,,
ROG,2026-08-15,Technology,Electronic Components,2550000000.0,82.24,32.11,0.95,3.06,2.12,30.84,2.6,2.16,2.55,32.44,9.01,3.75,56.9,18.67,33.8,,0.2,0.02,0.02,3.99,3.03,,1.21,98.76,2.98,,
ROIV,2026-08-15,Healthcare,Biotechnology,26150000000.0,,,,3472.52,6.18,,-6.21,-5.15,-6.15,43.37,-18146.12,-3534.96,-149.13,5.84,10.62,34.68,-19.07,0.03,0.02,16.72,16.72,,28.02,72.44,6.78,,
ROK,2026-08-15,Industrials,Specialty Industrial Machinery,49900000000.0,42.12,30.4,1.87,5.56,14.29,33.18,34.47,10.76,18.94,49.18,14.45,13.36,25.3,12.05,16.23,-2.65,5.68,1.03,0.81,1.08,0.74,1.2,0.22999999999999998,92.09,3.47,,
ROKU,2026-08-15,Communication Services,Entertainment,23400000000.0,67.36,41.16,0.37,4.49,8.29,46.28,13.119999999999997,8.02,11.07,45.5,5.25,6.819999999999999,369.18,38.38,111.55,,21.65,0.17,0.14,2.86,2.77,,12.21,72.16,8.16,,
ROL,2026-08-15,Consumer Cyclical,Personal Services,17420000000.0,32.86,28.49,3.18,4.44,12.18,28.13,37.01,16.27,24.28,49.06,18.91,13.55,5.09,10.94,8.97,15.44,11.72,0.78,0.53,0.59,0.54,2.06,35.05,57.830000000000005,6.12,,
ROP,2026-08-15,Technology,Software - Application,39500000000.0,16.55,16.43,1.65,4.77,2.11,15.06,13.07,7.32,8.55,69.53,27.97,30.240000000000002,11.01,9.48,9.97,9.58,10.24,0.61,0.57,0.55,0.51,0.9000000000000001,0.39,103.76,5.46,,
ROST,2026-08-15,Consumer Cyclical,Apparel Retail,78710000000.0,34.2,28.32,2.23,3.31,12.49,29.9,38.98,15.509999999999998,23.04,28.09,12.22,9.74,19.1,10.05,12.7,93.97,12.67,0.75,0.59,1.54,0.94,0.74,2.17,95.25,3.1,,
RPM,2026-08-15,Basic Materials,Specialty Chemicals,14540000000.0,22.04,16.9,1.65,1.85,4.39,21.53,21.26,8.17,11.4,41.44,12.48,8.38,8.63,12.14,10.27,5.96,5.19,0.89,0.74,1.68,1.16,2.0,1.31,85.79,3.07,,
RRC,2026-08-15,Energy,Oil & Gas E&P,9420000000.0,11.13,10.2,0.64,2.88,2.0,13.85,19.45,11.72,15.16,38.0,32.08,26.280000000000005,37.07,-3.9,15.99,,10.95,0.22,0.2,0.65,0.65,0.96,1.53,100.66999999999999,9.26,,
RRR,2026-08-15,Consumer Cyclical,Resorts & Casinos,6690000000.0,22.52,21.52,0.99,3.33,22.0,34.64,90.22,4.02,4.48,51.35999999999999,28.58,8.43,54.94,4.13,21.83,,11.21,21.25,21.04,0.68,0.63,2.81,21.06,93.23,6.62,,
RRX,2026-08-15,Industrials,Specialty Industrial Machinery,11690000000.0,36.15,13.39,0.91,1.93,1.69,25.35,4.76,2.34,2.79,37.99,12.12,5.35,10.23,23.2,14.76,-1.99,15.34,0.69,0.68,2.28,1.16,0.72,0.56,107.30999999999999,4.29,,
RS,2026-08-15,Basic Materials,Steel,21780000000.0,24.81,18.48,1.17,1.38,2.94,40.36,12.21,8.25,9.58,26.450000000000003,7.88,5.65,61.67,0.11,15.78,19.85,10.16,0.27,0.26,4.3,2.27,1.17,0.45999999999999996,81.79,1.94,,
RSG,2026-08-15,Industrials,Waste Management,65750000000.0,30.41,26.59,3.24,3.89,5.46,24.78,18.15,6.38,8.5,30.260000000000005,20.02,12.94,3.65,10.98,8.2,17.78,10.32,1.19,1.14,0.64,0.62,1.19,36.16,59.73,1.97,,
RSI,2026-08-15,Consumer Cyclical,Gambling,5930000000.0,86.27,30.21,0.7,4.34,15.96,32.63,20.72,4.78,16.29,31.86,10.09,2.33,67.55,36.6,43.11,,32.43,0.08,0.06,2.12,2.12,,3.34,102.86999999999999,7.36,,
RTX,2026-08-15,Industrials,Aerospace & Defense,300510000000.0,39.26,28.2,2.41,3.21,4.53,26.34,12.02,4.54,7.76,20.35,10.68,8.28,15.2,9.09,11.72,,9.35,0.59,0.5,1.01,0.78,1.28,0.08,80.56,1.34,,
RUN,2026-08-15,Technology,Solar,2450000000.0,6.85,20.91,,0.71,0.7,,12.619999999999997,1.82,2.23,32.12,2.46,11.65,-27.39,-60.74,,,26.24,4.36,4.2,1.42,1.0,,3.51,107.54999999999998,27.84,,
RUSHA,2026-08-15,Consumer Cyclical,Auto & Truck Dealerships,6370000000.0,24.81,17.18,0.63,0.88,2.74,12.32,11.83,5.66,9.46,18.72,5.13,3.6699999999999995,14.17,28.21,27.33,19.13,9.44,0.64,0.2,1.45,0.38,0.9399999999999998,22.53,82.67,7.74,,
RVTY,2026-08-15,Healthcare,Diagnostics & Research,13040000000.0,55.49,19.86,2.32,4.48,1.8,23.36,3.2099999999999995,1.94,2.38,48.19,15.45,8.18,5.84,9.87,8.57,-20.4,-5.47,0.46,0.38,1.8,1.5,0.25,0.48,107.66,6.35,,
RXO,2026-08-15,Industrials,Trucking,3880000000.0,,38.56,,0.64,2.58,,-6.79,-3.15,-4.92,16.42,-0.22999999999999998,-1.72,401.61,405.65,,,11.33,0.48,0.42,1.27,1.27,,0.78,107.89,8.85,,
RYAN,2026-08-15,Financial,Insurance - Specialty,10700000000.0,61.38,17.29,1.53,3.32,9.97,21.71,17.69,0.88,2.34,,20.48,3.07,10.26,11.9,11.3,-6.16,24.67,7.47,7.3,1.0,1.0,1.22,12.65,94.17,12.37,,
RYN,2026-08-15,Real Estate,REIT - Specialty,6450000000.0,47.88,34.46,5.41,6.66,1.24,26.59,2.02,1.38,1.07,24.22,14.940000000000001,7.829999999999999,-24.26,44.99,6.37,10.22,,0.36,0.36,3.56,2.18,5.0,1.2,95.89,4.03,,
SABR,2026-08-15,Technology,Software - Infrastructure,899990000.0,1.35,14.54,,0.32,,,,-1.76,23.97,56.18,13.63,25.14,-8.33,453.85,,,15.74,,,1.02,1.02,,20.47,86.19,9.28,,
SAFE,2026-08-15,Real Estate,REIT - Diversified,1080000000.0,9.43,9.0,42.86,2.61,0.44,29.23,4.83,1.59,1.62,90.61,75.76,28.07,-1.45,4.21,0.21,,3.63,1.94,1.94,,,4.7,31.04,65.1,6.81,,
SAFT,2026-08-15,Financial,Insurance - Property & Casualty,1520000000.0,22.23,15.31,,1.19,1.73,8.63,7.84,3.09,7.34,,6.49,5.33,-17.96,42.11,,-6.11,8.6,0.07,0.07,0.65,,3.56,2.22,75.87,2.42,,
SAH,2026-08-15,Consumer Cyclical,Auto & Truck Dealerships,2560000000.0,12.89,10.64,1.33,0.17,2.49,,20.62,3.44,6.61,14.66,3.29,1.37,4.56,10.06,8.02,,9.18,4.56,2.12,1.01,0.25,1.96,65.94,48.37,19.25,,
SAIA,2026-08-15,Industrials,Trucking,10250000000.0,37.07,27.23,1.2,3.02,3.75,40.17,10.77,7.739999999999999,9.37,10.75,10.75,8.19,24.57,24.37,22.75,12.85,12.16,0.1,0.09,1.58,1.58,,0.33,108.2,4.73,,
SAIC,2026-08-15,Technology,Information Technology Services,5360000000.0,14.25,11.52,2.26,0.73,3.83,8.88,27.66,7.68,9.95,12.509999999999998,7.76,5.55,-5.32,8.08,5.09,16.68,0.58,1.88,1.86,1.16,1.16,1.18,1.0,86.39,5.66,,
SAM,2026-08-15,Consumer Defensive,Beverages - Brewers,1910000000.0,,18.03,4.54,0.99,2.68,9.28,-8.61,-5.55,-9.51,48.88,5.41,-3.64,-8.85,14.28,3.97,-8.62,2.47,0.04,0.03,1.05,0.81,,27.63,85.47,18.71,,
SANM,2026-08-15,Technology,Electronic Components,11300000000.0,37.73,15.13,0.4,0.89,4.41,19.02,12.7,4.12,6.51,8.98,5.49,2.41,100.3,15.15,37.5,17.69,3.15,0.95,0.85,1.78,1.06,,5.55,85.31,2.99,,
SARO,2026-08-15,Industrials,Aerospace & Defense,9230000000.0,28.72,18.55,0.59,1.46,3.35,42.2,12.3,4.86,6.15,13.489999999999998,9.75,5.12,43.22,26.5,31.25,,14.89,0.93,0.91,2.13,1.59,,25.71,89.69,6.75,,
SBAC,2026-08-15,Real Estate,REIT - Specialty,19650000000.0,19.94,22.06,,6.84,,41.61,,8.8,21.91,63.74999999999999,53.7,34.51,-21.66,9.36,-1.53,115.18,6.21,,,0.17,0.17,2.7,0.75,101.53000000000002,2.65,,
SBCF,2026-08-15,Financial,Banks - Regional,3500000000.0,22.99,13.04,0.74,3.39,1.28,16.74,5.85,0.84,3.89,,24.52,14.429999999999998,38.58,8.7,17.7,1.78,21.99,0.43,0.31,0.04,,2.12,1.86,90.68,5.54,,
SBH,2026-08-15,Consumer Cyclical,Specialty Retail,1540000000.0,8.54,7.33,0.83,0.41,1.77,6.37,23.53,6.83,8.66,52.06000000000001,8.55,5.16,8.77,8.35,8.84,13.82,1.04,1.74,1.55,2.37,0.57,,1.38,123.77,21.48,,
SBRA,2026-08-15,Real Estate,REIT - Healthcare Facilities,5190000000.0,78.12,26.4,2.92,6.05,1.89,13.72,2.4,1.21,1.21,37.4,18.8,7.62,-9.11,32.32,9.03,-0.96,5.48,0.96,0.96,2.05,2.05,5.92,1.92,104.88,9.79,,
SBSI,2026-08-15,Financial,Banks - Regional,986050000.0,13.02,10.2,,2.29,1.12,7.79,8.99,0.89,6.87,,21.26,17.64,42.29,-1.34,,-1.5,8.27,1.86,0.25,0.16,,4.37,5.01,57.69,2.61,,
SBUX,2026-08-15,Consumer Cyclical,Restaurants,122770000000.0,62.09,34.18,1.65,3.2,,33.71,,6.4,16.54,16.53,10.01,5.17,22.69,20.57,20.77,15.7,9.59,,,0.76,0.54,2.34,0.21,84.2,3.45,,
SCHL,2026-08-15,Communication Services,Publishing,781480000.0,17.67,17.16,,0.49,1.03,312.59,6.68,3.01,5.07,52.68000000000001,1.52,3.58,-14.44,50.94,,,4.0,0.56,0.49,1.23,0.78,2.41,25.94,96.56,11.0,,
SCHW,2026-08-15,Financial,Capital Markets,192110000000.0,20.2,14.09,0.6,6.54,4.37,,20.27,2.07,13.96,85.03,49.7,33.1,33.49,21.27,23.36,17.02,17.98,0.74,0.44,1.16,1.16,1.14,5.82,83.64,1.26,,
SCI,2026-08-15,Consumer Cyclical,Personal Services,11480000000.0,21.97,18.32,1.88,2.63,7.49,21.45,34.71,2.89,8.09,26.030000000000005,22.42,12.3,8.86,9.71,9.76,5.7,4.18,3.45,3.32,0.53,0.49,1.66,2.17,96.5,4.93,,
SCL,2026-08-15,Basic Materials,Specialty Chemicals,1480000000.0,,17.66,,0.61,1.22,40.5,-0.22,-0.11,-0.18,11.81,3.32,-0.11,47.8,37.17,,-17.78,4.52,0.58,0.24,1.15,0.77,2.41,5.0,90.58,2.74,,
SCSC,2026-08-15,Technology,Electronics & Computer Distribution,1080000000.0,16.14,12.05,0.86,0.35,1.22,8.74,8.11,4.15,7.25,12.920000000000002,3.09,2.38,10.43,11.92,14.03,,-0.05,0.12,0.12,1.86,1.2,,2.58,109.31,4.92,,
SDGR,2026-08-15,Healthcare,Health Information Services,1320000000.0,,,,5.08,4.0,,-16.18,-8.18,-12.92,56.87,-59.24,-20.98,-13.66,11.6,13.73,-28.1,18.81,0.33,0.28,2.71,2.71,,15.4,82.27,17.42,,
SEDG,2026-08-15,Technology,Solar,1990000000.0,,32.94,,1.5,4.84,22.16,-58.42,-11.28,-33.54,22.08,-9.97,-20.29,86.24,400.47,,,-4.09,0.99,0.96,2.03,1.38,,1.7500000000000002,103.71999999999998,18.3,,
SEIC,2026-08-15,Financial,Asset Management,12770000000.0,18.78,15.17,0.99,5.2,5.11,18.8,29.220000000000002,23.76,27.68,85.33,29.48,28.809999999999995,23.66,10.57,15.26,13.4,6.44,0.03,0.02,5.06,5.06,1.01,18.35,75.86,2.11,,
SEZL,2026-08-15,Financial,Credit Services,4340000000.0,28.04,19.32,0.64,8.16,18.63,13.26,88.84,40.0,45.5,74.65,40.39,30.349999999999998,46.12,27.26,30.32,,50.26,0.52,0.52,4.02,4.02,,50.05,41.5,23.84,,
SF,2026-08-15,Financial,Capital Markets,12930000000.0,15.32,11.41,0.77,1.93,2.44,17.6,16.43,2.25,12.04,87.47,21.25,13.699999999999998,23.58,15.07,14.85,7.16,10.65,0.51,0.32,1.49,1.49,1.59,3.5000000000000004,91.71,3.19,,
SFBS,2026-08-15,Financial,Banks - Regional,4990000000.0,15.58,12.57,,4.82,2.52,10.76,17.34,1.8000000000000003,15.74,,38.08,30.95,22.47,13.04,,10.1,19.54,0.83,0.03,0.1,,1.66,6.54,74.28,5.0,,
SFM,2026-08-15,Consumer Defensive,Grocery Stores,7690000000.0,15.81,13.87,1.97,0.85,5.15,21.66,35.2,12.39,14.68,36.89,7.490000000000001,5.58,4.6,7.05,7.03,16.89,6.36,1.4,1.28,0.99,0.43,,0.73,107.67,11.6,,
SFNC,2026-08-15,Financial,Banks - Regional,3480000000.0,,10.94,0.86,5.64,1.0,7.01,-9.94,-1.36,-9.09,,-74.6,-56.67,18.0,7.77,12.75,,-8.92,0.38,0.1,0.13,,3.5699999999999994,1.31,82.8,4.05,,
SGI,2026-08-15,Consumer Cyclical,"Furnishings, Fixtures & Appliances",13900000000.0,26.34,18.23,0.97,1.82,4.3,18.07,17.57,4.64,5.85,44.65,13.52,7.000000000000001,12.76,19.0,18.88,-9.69,8.68,1.99,1.82,0.75,0.37,1.03,3.73,102.2,6.3,,
SHAK,2026-08-15,Consumer Cyclical,Restaurants,3210000000.0,78.89,53.67,5.07,2.07,5.55,,7.6499999999999995,2.13,2.79,17.85,5.45,2.56,-14.49,23.54,10.58,,22.55,1.75,1.61,1.67,1.64,,4.79,109.59,9.67,,
SHC,2026-08-15,Healthcare,Diagnostics & Research,5390000000.0,33.22,17.57,1.55,4.43,8.1,49.1,27.779999999999998,5.01,5.62,53.97,36.9,13.44,14.49,9.16,11.33,,7.3,3.41,3.37,2.8,2.53,0.05,2.56,93.86,5.17,,
SHEN,2026-08-15,Communication Services,Telecom Services,734690000.0,,,,2.0,0.85,,-5.09,-2.37,-2.83,28.71,-4.49,-12.23,-24.08,26.28,17.41,,10.14,0.85,0.84,0.81,0.81,0.83,11.31,68.54,5.6,,
SHO,2026-08-15,Real Estate,REIT - Hotel & Motel,2029999999.9999998,48.75,48.16,0.51,2.03,1.24,20.74,2.74,1.7500000000000002,1.85,19.63,9.72,4.18,641.35,-23.39,93.54,,29.08,0.52,0.52,6.54,6.54,3.29,1.49,108.65,7.05,,
SHOO,2026-08-15,Consumer Cyclical,Footwear & Accessories,3450000000.0,23.63,16.99,0.62,1.26,3.67,15.38,16.16,7.68,11.39,44.75,9.03,5.23,28.9,26.6,27.28,,16.09,0.4,0.34,1.91,1.13,1.2,2.32,103.16000000000001,4.03,,
SHW,2026-08-15,Basic Materials,Specialty Chemicals,87170000000.0,33.11,26.5,2.76,3.57,22.62,27.13,65.12,10.28,18.41,48.26,16.53,11.01,5.64,12.22,9.61,6.86,5.12,3.9,2.79,0.73,0.46,0.83,6.370000000000001,83.78,2.77,,
SIG,2026-08-15,Consumer Cyclical,Luxury Goods,3560000000.0,12.7,7.35,0.65,0.52,1.9,6.27,15.93,5.23,10.34,38.79,7.19,4.29,12.51,14.05,11.39,,5.45,0.64,0.49,1.6,0.46,1.52,2.05,110.76000000000002,14.39,,
SIGI,2026-08-15,Financial,Insurance - Property & Casualty,5620000000.0,11.71,10.81,1.5,1.02,1.62,4.57,14.150000000000002,3.5900000000000003,10.9,,12.710000000000003,8.9,9.85,7.66,7.21,12.88,12.77,0.25,0.25,0.39,,1.8900000000000001,0.9000000000000001,91.11,2.53,,
SIRI,2026-08-15,Communication Services,Entertainment,9590000000.0,11.21,8.81,0.55,1.12,0.81,6.19,7.57,3.2300000000000004,4.12,40.4,22.53,10.23,33.1,8.81,15.93,50.12,1.26,0.79,0.79,0.46,0.46,3.8,7.690000000000001,84.16,11.16,,
SITM,2026-08-15,Technology,Semiconductors,21410000000.0,1442.87,47.75,0.56,45.76,18.41,253.38,1.33,0.75,0.6,58.709999999999994,0.19,3.01,251.16,32.67,85.93,-24.12,22.97,1.29,1.29,19.45,18.5,,28.73,75.31,5.17,,
SJM,2026-08-15,Consumer Defensive,Packaged Foods,12970000000.0,,11.26,1.41,1.43,2.34,11.22,-2.39,-0.8100000000000002,-1.15,33.19,16.77,-1.53,9.92,7.21,8.0,,2.49,1.29,1.18,0.78,0.33,3.66,2.24,89.9,5.39,,
SKT,2026-08-15,Real Estate,REIT - Retail,4420000000.0,35.22,33.33,2.93,7.21,6.55,22.46,19.26,4.75,5.54,43.48,30.2,20.59,7.41,8.5,11.37,,8.15,2.9,2.38,0.62,0.62,3.2099999999999995,2.47,95.07,4.9,,
SKY,2026-08-15,Consumer Cyclical,Residential Construction,5130000000.0,27.66,22.17,2.04,1.92,3.26,19.37,12.18,8.91,12.06,25.47,8.93,7.16,-9.66,22.59,10.89,19.72,13.39,0.08,0.01,2.74,1.97,,0.8100000000000002,110.17000000000002,5.08,,
SKYW,2026-08-15,Industrials,Airlines,4179999999.9999995,10.69,8.89,0.44,1.0,1.52,14.7,15.340000000000002,5.62,9.17,22.12,14.029999999999998,9.78,5.08,11.24,20.03,,13.79,0.86,0.62,0.57,0.46,,1.9,97.29,4.1,,
SLAB,2026-08-15,Technology,Semiconductors,7290000000.0,,48.41,,8.51,6.66,,-3.63,-3.16,-3.57,59.099999999999994,-2.63,-4.57,217.21,54.6,,,8.96,0.0,0.0,5.41,4.41,,2.27,89.08,8.78,,
SLB,2026-08-15,Energy,Oil & Gas Equipment & Services,79800000000.0,26.1,16.73,2.01,2.2,3.06,16.6,13.37,5.95,8.33,16.81,13.98,8.54,-15.28,29.48,8.33,,8.62,0.49,0.43,1.44,1.05,2.19,0.39,92.79,3.78,,
SLG,2026-08-15,Real Estate,REIT - Office,4290000000.0,,,,4.07,1.34,52.0,-4.43,-1.46,-1.78,33.59,11.15,-18.25,-43.79,24.68,-6.05,,-0.4,1.75,1.62,1.0,1.0,4.4,7.519999999999999,98.78,16.62,,
SLGN,2026-08-15,Consumer Cyclical,Packaging & Containers,4490000000.0,16.7,10.38,1.74,0.67,1.89,13.1,11.75,2.84,4.48,17.07,9.59,4.05,2.72,7.14,5.95,-0.52,5.66,2.03,1.54,1.27,0.8,1.9799999999999998,10.55,90.85,8.76,,
SLM,2026-08-15,Financial,Credit Services,5270000000.0,7.85,8.35,2.75,1.71,2.37,,30.329999999999995,2.53,8.84,73.55,42.43,23.39,-9.87,7.63,3.04,8.97,6.5,2.36,2.36,14.47,14.47,1.6399999999999997,2.18,111.91,11.02,,
SLVM,2026-08-15,Basic Materials,Paper & Paper Products,1530000000.0,20.34,7.48,0.38,0.46,1.6,,7.9399999999999995,2.74,4.12,15.2,5.82,2.31,-58.9,252.75,19.66,-3.39,2.18,1.08,0.93,1.47,0.8,4.69,17.28,83.92,6.97,,
SM,2026-08-15,Energy,Oil & Gas E&P,8029999999.999999,6.65,4.7,0.41,1.46,1.03,10.59,16.13,7.180000000000001,6.93,42.41,37.43,18.2,25.94,5.18,11.54,,22.86,0.9,0.85,0.62,0.62,2.87,0.97,96.57,5.37,,
SMCI,2026-08-15,Technology,Computer Hardware,25770000000.0,12.44,7.45,0.41,0.66,3.16,,21.47,10.13,10.54,10.82,7.090000000000001,5.68,19.52,23.27,18.32,73.21,61.48,0.6,0.46,3.87,2.07,,12.91,70.68,16.23,,
SMG,2026-08-15,Basic Materials,Agricultural Inputs,3550000000.0,53.33,12.62,1.08,1.05,,13.47,,5.35,3.81,32.31,15.03,2.19,18.41,9.01,11.72,-18.33,-3.75,,,1.21,0.78,4.38,23.53,85.59,10.99,,
SMP,2026-08-15,Consumer Cyclical,Auto Parts,869930000.0,17.45,7.97,0.97,0.47,1.21,9.97,12.67,4.38,3.81,31.480000000000004,11.02,2.78,5.47,15.17,8.18,-6.07,9.68,0.97,0.87,2.0,0.8,3.34,5.44,82.87,4.36,,
SMPL,2026-08-15,Consumer Defensive,Packaged Foods,1000000000.0,,6.65,,0.72,0.71,8.38,-12.2,-8.85,-10.69,31.46,13.79,-14.279999999999998,-14.26,3.29,-1.98,8.87,12.18,0.32,0.31,4.8,3.1,,9.37,95.59,9.21,,
SMTC,2026-08-15,Technology,Semiconductors,13070000000.0,,36.45,0.7,11.99,22.8,80.67,-5.81,-2.31,-3.06,51.46999999999999,10.72,-3.04,55.5,44.81,51.73,,12.03,0.9,0.89,2.37,1.62,,0.53,105.19000000000001,7.89,,
SN,2026-08-15,Consumer Cyclical,"Furnishings, Fixtures & Appliances",26080000000.0,37.82,24.53,1.45,3.77,9.17,32.41,27.529999999999998,13.720000000000002,18.7,48.56,13.88,10.06,23.72,15.5,16.96,15.96,18.37,0.32,0.31,2.08,1.45,,38.84,66.27,9.35,,
SNA,2026-08-15,Industrials,Tools & Accessories,20880000000.0,20.59,18.91,3.36,3.96,3.45,18.83,17.58,12.27,14.76,51.82,25.45,19.6,3.2,7.77,5.63,10.89,5.52,0.22,0.16,3.43,2.64,2.49,2.36,99.4,6.01,,
SNDK,2026-08-15,Technology,Computer Hardware,243030000000.0,22.51,6.41,0.12,12.0,15.23,21.16,91.64,64.43,72.66,71.47,61.58,56.46,197.18,21.59,54.03,,,0.0,0.0,2.29,1.81,,1.41,80.15,4.67,,
SNDR,2026-08-15,Industrials,Trucking,6330000000.0,56.91,21.06,0.38,1.09,2.07,30.45,3.6799999999999997,2.24,3.24,5.22,3.06,1.92,69.29,60.73,55.0,-13.15,4.5,0.13,0.13,2.03,1.94,1.1,70.31,38.27,11.87,,
SNEX,2026-08-15,Financial,Capital Markets,8090000000.0,17.39,15.16,0.72,0.05,4.25,1.1,21.15,1.16,10.43,2.95,1.6500000000000001,0.32,66.74,1.37,20.98,8.97,19.58,7.05,0.72,0.78,0.76,,12.24,84.89,4.15,,
SNPS,2026-08-15,Technology,Software - Infrastructure,80710000000.0,97.51,24.34,1.45,9.3,2.65,30.64,3.83,2.19,1.88,64.88,12.02,8.91,14.52,17.11,16.74,13.58,13.86,0.36,0.35,1.43,1.31,,4.67,84.18,2.87,,
SNX,2026-08-15,Technology,Electronics & Computer Distribution,20690000000.0,18.51,12.08,0.52,0.3,2.29,55.23,13.019999999999998,3.26,8.98,6.4399999999999995,2.57,1.6099999999999999,43.85,12.86,23.44,-0.52,25.63,0.53,0.4,1.2,0.64,0.74,7.85,92.45,2.2,,
SO,2026-08-15,Utilities,Utilities - Regulated Electric,106750000000.0,22.39,18.84,2.44,3.54,2.7,,12.659999999999998,3.0,4.25,29.220000000000002,24.18,15.43,6.68,7.4,7.73,6.75,7.86,1.95,1.77,0.79,0.58,3.27,0.13,71.46,3.17,,
SOLS,2026-08-15,Basic Materials,Specialty Chemicals,9950000000.0,47.54,18.67,0.51,2.43,6.27,,,,5.73,30.620000000000005,16.9,5.13,93.78,16.23,36.74,,,1.53,1.31,1.46,1.08,0.48,0.16,87.14,8.01,,
SOLV,2026-08-15,Healthcare,Medical Instruments & Supplies,15080000000.0,10.83,12.18,1.24,1.81,3.14,,33.96,9.78,14.97,55.21,8.48,17.26,16.89,1.87,9.8,1.23,0.47,1.1,1.0,1.02,0.74,,15.07,74.88,2.43,,
SON,2026-08-15,Consumer Cyclical,Packaging & Containers,5760000000.0,8.98,9.18,1.31,0.77,1.61,16.24,18.93,5.62,8.83,20.87,9.96,8.67,1.84,9.17,6.99,14.2,7.46,1.33,1.05,0.99,0.55,3.6799999999999997,1.25,99.02,11.82,,
SONO,2026-08-15,Technology,Consumer Electronics,1930000000.0,36.65,62.73,,1.29,4.91,15.51,14.180000000000001,6.63,12.54,46.52,6.280000000000001,3.82,225.49,-59.38,,-22.55,1.7,0.14,0.12,1.61,1.18,,1.79,103.06,8.35,,
SPG,2026-08-15,Real Estate,REIT - Retail,71210000000.0,41.67,31.62,,10.26,16.17,19.64,135.38,12.770000000000001,15.48,57.24,47.39,25.290000000000003,-53.75,5.95,-18.42,6.99,6.7,6.64,5.79,0.51,0.51,4.11,0.9899999999999999,96.0,3.05,,
SPGI,2026-08-15,Financial,Financial Data & Stock Exchanges,123460000000.0,25.5,20.56,1.79,7.66,3.92,22.15,15.17,7.980000000000001,11.05,63.43,44.58,30.53,6.62,13.27,11.48,8.69,15.56,0.5,0.41,0.95,0.95,0.93,0.27,88.66,3.0,,
SPHR,2026-08-15,Communication Services,Entertainment,6030000000.0,,,,4.45,2.71,16.8,-3.38,-1.87,-2.5,29.4,-1.52,-5.66,-415.92,9.53,,-1.7,9.84,0.41,0.38,1.21,1.18,,24.53,107.32,23.97,,
SPNT,2026-08-15,Financial,Insurance - Reinsurance,2760000000.0,5.8,8.51,1.64,0.85,1.21,11.41,23.08,5.15,17.0,,21.03,15.229999999999999,0.55,8.73,5.19,19.84,29.83,0.31,0.31,0.7,,,12.58,81.64,4.56,,
SPSC,2026-08-15,Technology,Software - Application,2860000000.0,38.32,14.91,1.22,3.7,3.06,14.39,8.26,6.94,8.27,64.93,15.83,10.1,14.85,8.58,12.23,14.36,19.17,0.01,0.01,1.82,1.82,,1.9900000000000002,102.37,8.15,,
SPXC,2026-08-15,Industrials,Building Products & Equipment,10880000000.0,38.09,22.36,1.3,4.4,4.63,35.88,14.679999999999998,7.870000000000001,9.96,36.5,17.42,11.58,24.0,15.94,17.17,17.66,14.96,0.26,0.23,1.82,1.21,,3.2400000000000007,89.64,2.79,,
SR,2026-08-15,Utilities,Utilities - Regulated Gas,4900000000.0,9.23,15.06,1.31,1.93,1.37,,6.5,1.8000000000000003,5.87,28.689999999999998,19.71,20.93,-9.41,36.77,11.53,24.93,5.94,2.03,1.61,0.37,0.27,3.9800000000000004,2.38,91.13,4.39,,
SRE,2026-08-15,Utilities,Utilities - Diversified,56500000000.0,25.04,15.66,1.84,4.24,1.73,,7.08,2.12,3.58,31.22,25.31,16.99,8.87,8.08,8.5,-15.67,3.85,1.12,0.95,1.64,1.62,2.79,0.11,93.39,1.8,,
SRPT,2026-08-15,Healthcare,Biotechnology,1910000000.0,,24.16,,0.97,1.25,29.51,-18.45,-7.75,-10.34,56.58,-3.15,-13.48,145.46,-76.88,,-0.05,32.41,0.68,0.68,4.42,2.62,,4.41,110.01,27.3,,
SSB,2026-08-15,Financial,Banks - Regional,10820000000.0,11.72,10.83,0.79,2.85,1.19,82.46,10.6,1.41,8.94,,33.04,25.06,20.42,8.73,13.72,29.14,26.55,0.23,0.16,0.09,,2.22,1.28,88.11,3.03,,
SSD,2026-08-15,Basic Materials,Lumber & Wood Production,7940000000.0,21.16,19.9,2.28,3.28,3.73,17.03,18.72,12.41,15.0,45.2,19.79,15.65,11.29,6.17,8.74,14.09,12.97,0.21,0.19,3.29,2.14,0.61,0.38,102.42999999999999,2.94,,
ST,2026-08-15,Technology,Scientific & Technical Instruments,6730000000.0,76.35,11.29,1.24,1.79,2.27,11.48,3.08,1.3,1.66,27.38,14.24,2.39,9.93,8.9,9.11,-27.19,4.05,0.83,0.83,2.29,1.58,1.1,1.07,109.76000000000002,5.27,,
STAA,2026-08-15,Healthcare,Medical Instruments & Supplies,1310000000.0,393.68,46.42,,3.87,3.59,,1.09,0.84,0.97,74.76,18.0,1.13,132.61,72.95,,,7.93,0.1,0.08,4.66,4.03,,39.81,73.93,16.49,,
STAG,2026-08-15,Real Estate,REIT - Industrial,7090000000.0,28.18,33.32,,8.05,1.95,73.54,6.98,3.45,3.46,43.86,37.58,28.03,-24.84,0.51,-9.16,2.07,11.82,0.96,0.96,1.78,1.78,4.2,0.14,94.54,3.81,,
STBA,2026-08-15,Financial,Banks - Regional,1800000000.0,13.61,12.81,,3.14,1.28,12.51,9.87,1.42,9.51,,30.65,24.53,12.98,1.27,,45.61,8.41,0.2,0.05,0.05,,2.87,1.48,74.08,6.05,,
STC,2026-08-15,Financial,Insurance - Property & Casualty,2080000000.0,14.96,9.71,0.84,0.64,1.25,13.88,8.69,4.44,5.53,,6.65,4.12,11.62,28.65,11.55,-8.24,5.01,0.46,0.46,1.15,,3.08,2.06,98.37,3.76,,
STE,2026-08-15,Healthcare,Medical Devices,22740000000.0,28.51,19.09,1.97,3.77,3.16,24.57,11.37,7.62,8.97,45.0,19.61,13.34,10.11,9.14,9.68,11.37,13.82,0.28,0.24,1.91,1.35,1.15,0.34,95.66,3.25,,
STEP,2026-08-15,Financial,Asset Management,6080000000.0,,14.81,0.74,2.96,,13.19,-750.11,-9.77,-60.35,63.96000000000001,-53.39,-29.880000000000003,14.76,37.32,20.07,,20.01,,,0.2,0.2,3.55,5.96,95.17,8.92,,
STLD,2026-08-15,Basic Materials,Steel,36660000000.0,23.2,13.14,0.41,1.78,3.9,38.36,17.58,9.84,11.82,14.510000000000002,10.01,7.829999999999999,109.96,16.04,32.42,25.23,13.61,0.44,0.44,3.18,1.45,0.83,6.76,86.34,3.04,,
STRA,2026-08-15,Consumer Defensive,Education & Training Services,1830000000.0,13.73,9.75,0.57,1.42,1.12,10.84,8.15,6.47,7.79,49.06,15.7,10.46,16.61,17.21,17.17,7.47,4.3,0.07,0.06,1.07,1.07,2.99,3.81,103.53000000000002,5.7,,
STRL,2026-08-15,Industrials,Engineering & Construction,17630000000.0,41.54,22.83,0.59,5.13,13.04,36.58,38.54,16.11,25.92,23.0,18.2,12.55,81.76,27.69,38.51,44.26,11.77,0.25,0.23,1.11,1.1,,2.44,81.98,3.91,,
STT,2026-08-15,Financial,Asset Management,52670000000.0,16.91,12.58,0.69,2.42,2.13,,12.43,0.8699999999999999,6.4,,20.24,14.78,32.19,11.74,18.12,8.26,14.1,1.08,0.91,4.29,,1.8399999999999999,0.48,94.55,1.78,,
STWD,2026-08-15,Real Estate,REIT - Mortgage,6030000000.0,27.38,8.57,1.85,2.98,0.93,8.28,3.38,0.35,0.76,82.98,73.33,10.77,-5.3,18.89,4.62,-0.11,10.58,3.65,3.44,0.39,0.39,11.78,5.8,52.7,5.18,,
STX,2026-08-15,Technology,Computer Hardware,220620000000.0,70.16,17.09,0.23,18.09,101.88,71.05,371.53,35.39,54.52,45.58,34.65,26.11,131.67,57.77,74.13,20.99,2.69,1.8,1.69,1.67,1.17,0.31,0.28,80.92,3.56,,
STZ,2026-08-15,Consumer Defensive,Beverages - Brewers,18030000000.0,13.28,,,1.99,2.9,9.83,23.51,8.22,10.51,50.97999999999999,30.64,20.15,-0.15,,3.81,0.84,1.19,1.28,1.1,0.91,0.48,2.97,12.39,85.38,6.14,,
SUPN,2026-08-15,Healthcare,Drug Manufacturers - Specialty & Generic,2810000000.0,,10.82,0.58,3.38,2.72,149.32,-10.49,-7.82,-10.36,75.83,-7.73,-13.23,-20.71,73.88,18.63,,6.68,0.04,0.03,2.08,1.84,,6.2,102.73,8.84,,
SW,2026-08-15,Consumer Cyclical,Packaging & Containers,25750000000.0,52.37,14.38,0.59,0.82,1.43,24.51,2.74,1.09,1.59,17.93,5.76,1.59,11.29,50.14,24.42,-12.44,26.24,0.79,0.73,1.45,0.96,3.72,0.48,98.93,4.83,,
SWK,2026-08-15,Industrials,Tools & Accessories,15410000000.0,24.89,15.99,1.03,1.01,1.72,11.96,6.890000000000001,2.91,4.54,31.47,9.15,4.07,19.83,14.09,15.46,-18.72,2.99,0.53,0.53,1.43,0.55,3.2799999999999994,0.29,99.24,5.44,,
SWKS,2026-08-15,Technology,Semiconductors,10480000000.0,36.06,14.03,,2.61,1.83,24.19,5.09,3.83,4.54,40.71,8.7,7.23,-14.97,-1.62,-0.69,-8.5,4.02,0.12,0.11,3.1,1.94,3.5699999999999994,0.44,116.87,20.91,,
SWX,2026-08-15,Utilities,Utilities - Regulated Gas,6710000000.0,12.93,18.84,1.1,3.85,1.63,,6.59,2.27,6.89,34.19,28.68,29.830000000000002,16.51,15.61,17.16,7.97,-10.07,0.85,0.83,1.12,0.99,2.76,0.66,94.07,2.66,,
SXI,2026-08-15,Industrials,Specialty Industrial Machinery,4010000000.0,38.21,27.92,,4.5,5.29,62.34,14.29,6.65,7.99,41.65,17.13,11.74,13.96,19.1,,23.85,6.32,0.75,0.73,2.4,1.84,0.4099999999999999,1.82,104.53000000000002,5.65,,
SXT,2026-08-15,Basic Materials,Specialty Chemicals,5680000000.0,36.07,26.91,1.23,3.33,4.51,1268.05,13.07,6.9,7.81,34.65,14.05,9.27,20.17,18.58,21.86,4.08,3.89,0.61,0.61,4.39,1.72,1.26,1.3,96.27,3.65,,
SYF,2026-08-15,Financial,Credit Services,26360000000.0,8.31,7.76,0.83,1.39,1.73,2.72,20.79,2.9,12.14,81.4,28.54,18.12,0.78,11.64,9.35,32.48,8.31,0.97,0.72,3.72,3.72,1.59,0.52,107.33,5.85,,
SYK,2026-08-15,Healthcare,Medical Devices,130110000000.00002,35.15,20.23,1.83,5.04,5.42,27.67,16.51,7.91,9.68,62.970000000000006,24.27,14.429999999999998,10.19,11.65,11.05,14.84,11.84,0.64,0.61,2.16,1.33,1.04,6.09,80.87,2.31,,
SYNA,2026-08-15,Technology,Semiconductors,4250000000.0,,16.52,1.22,3.55,4.57,41.9,-42.23,-20.95,-36.15,45.52,-2.93,-41.0,14.41,25.53,13.53,,-2.22,0.94,0.46,1.12,0.9,,2.56,106.01,7.56,,
SYY,2026-08-15,Consumer Defensive,Food Distribution,39680000000.0,22.69,15.46,2.0,0.47,14.9,18.43,78.11,6.370000000000001,10.8,18.37,4.15,2.08,9.75,6.09,7.75,29.09,10.51,5.61,5.1,1.28,0.77,2.67,0.22,87.57,3.17,,
TT,2026-08-15,Industrials,Building Products & Equipment,105660000000.0,36.37,27.47,1.77,4.76,12.27,29.38,36.45,13.36,23.5,35.39,18.14,13.28,16.52,14.89,15.51,29.52,11.35,0.54,0.46,1.07,0.76,0.86,0.27,87.62,1.42,,
TALO,2026-08-15,Energy,Oil & Gas E&P,2630000000.0,,27.0,,1.33,1.3,8.14,-17.8,-7.13,-12.09,15.839999999999998,6.280000000000001,-20.46,209.61,-36.56,,16.33,25.32,0.66,0.65,1.61,1.61,,25.52,74.52,7.34,,
TAP,2026-08-15,Consumer Defensive,Beverages - Brewers,7990000000.0,,8.77,,0.72,0.75,6.02,-19.58,-9.01,-14.46,33.76,12.02,-20.81,-12.92,3.36,-1.46,-19.68,2.91,0.78,0.58,0.88,0.72,4.51,14.16,105.0,18.39,,
TBBK,2026-08-15,Financial,Banks - Regional,2840000000.0,13.1,8.6,,3.4,4.05,17.77,29.630000000000003,2.57,25.22,,37.46,27.72,21.68,35.3,,29.1,23.92,1.36,0.3,0.02,,,6.13,101.76,8.16,,
TCBI,2026-08-15,Financial,Banks - Regional,4390000000.0,13.14,12.2,1.1,2.16,1.31,9.33,10.19,1.11,8.79,,23.39,17.05,8.32,12.55,11.08,43.43,10.06,0.23,0.14,0.48,,0.59,2.41,105.63,9.75,,
TDC,2026-08-15,Technology,Software - Infrastructure,2570000000.0,5.83,9.51,1.21,1.52,4.36,3.5,119.12,26.979999999999997,71.12,61.21,7.919999999999999,27.08,4.99,7.5,7.87,3.09,-1.96,0.17,0.09,0.91,0.91,,3.2799999999999994,132.46,22.3,,
TDG,2026-08-15,Industrials,Aerospace & Defense,69480000000.0,38.11,26.03,1.82,6.94,,36.05,,7.73,8.38,57.38999999999999,46.67,19.09,9.71,17.89,14.27,31.12,11.58,,,3.02,2.01,0.02,1.26,94.91,1.76,,
TDS,2026-08-15,Communication Services,Telecom Services,3790000000.0,12.94,180.5,,3.01,0.99,,10.56,4.9,6.06,31.03,-2.69,25.230000000000004,553.7,-93.39,,,-25.14,0.24,0.23,3.82,3.81,0.4699999999999999,14.13,92.23,5.15,,
TDW,2026-08-15,Energy,Oil & Gas Equipment & Services,4690000000.0,19.06,15.65,3.97,3.48,3.37,18.49,19.49,11.12,12.1,28.360000000000003,17.77,18.34,-56.95,110.75,3.94,,27.78,0.47,0.46,3.58,3.47,0.2,5.97,111.40999999999998,13.81,,
TDY,2026-08-15,Technology,Scientific & Technical Instruments,31510000000.0,32.84,25.43,2.75,4.94,2.89,27.59,9.16,6.41,7.53,39.82,19.43,15.299999999999999,12.41,8.12,9.26,12.23,14.84,0.19,0.19,2.18,1.39,,0.8699999999999999,98.6,2.72,,
TECH,2026-08-15,Healthcare,Biotechnology,11340000000.0,62.51,30.94,2.68,9.33,5.43,42.1,9.03,7.07,7.63,66.19,22.05,14.97,6.95,13.36,11.56,6.01,5.47,0.14,0.13,4.55,3.35,0.44,0.34,111.20999999999998,5.95,,
TEL,2026-08-15,Technology,Electronic Components,62600000000.0,21.2,16.68,0.94,3.24,4.73,18.88,23.55,11.85,16.06,36.85,21.23,15.61,30.55,13.34,17.79,,7.24,0.43,0.42,1.88,1.23,1.32,0.12,95.91,3.22,,
TER,2026-08-15,Technology,Semiconductor Equipment & Materials,65470000000.0,57.46,35.64,0.62,14.67,19.05,81.85,36.66,26.479999999999997,32.68,59.06,30.879999999999995,25.77,132.49,27.62,57.45,-4.13,0.43,0.03,0.02,2.12,1.39,0.13,0.56,98.68,5.16,,
TEX,2026-08-15,Industrials,Farm & Heavy Construction Machinery,7760000000.0,35.24,11.36,0.99,1.16,1.57,22.9,4.21,1.76,1.91,16.25,7.04,2.17,2.27,18.57,11.52,93.56,12.0,0.55,0.54,1.82,0.93,0.96,1.81,100.73,5.75,,
TFC,2026-08-15,Financial,Banks - Regional,64870000000.00001,12.19,10.58,0.78,2.12,1.11,12.66,9.06,1.06,5.39,,22.31,18.07,21.22,8.34,13.53,4.39,4.64,1.11,0.69,0.47,,3.9599999999999995,0.18,77.91,2.27,,
TFIN,2026-08-15,Financial,Banks - Regional,1870000000.0,53.03,24.74,,3.46,2.04,19.23,4.12,0.56,3.59,,9.29,6.559999999999999,111.61,60.67,,-18.17,6.22,0.12,0.12,0.17,,,5.97,98.21,10.39,,
TFX,2026-08-15,Healthcare,Medical Instruments & Supplies,5810000000.0,,12.52,0.62,2.23,2.0,17.11,-10.51,-5.3,-18.13,60.89,11.02,-39.67,3.22,52.02,20.16,,-4.72,0.99,0.96,2.6,2.12,0.83,0.8199999999999998,113.14999999999999,7.2,,
TGT,2026-08-15,Consumer Defensive,Discount Stores,70160000000.0,20.39,16.95,2.08,0.66,4.28,23.15,22.02,6.04,10.12,25.650000000000002,4.64,3.2400000000000007,12.68,6.87,8.14,-1.21,2.29,1.17,1.08,0.93,0.3,2.83,0.22,89.09,3.7,,
TGTX,2026-08-15,Healthcare,Biotechnology,7460000000.0,17.75,17.03,1.73,9.33,12.35,429.02,100.27999999999999,37.7,32.54,82.37,17.05,55.22,-63.78,185.24,9.85,,426.73,1.25,1.25,4.27,3.72,,7.470000000000001,69.34,20.7,,
THC,2026-08-15,Healthcare,Medical Care Facilities,21570000000.0,10.33,12.86,1.2,0.99,4.63,7.14,53.31,7.55,12.63,16.47,16.47,10.27,25.19,-0.85,10.74,32.77,3.85,2.84,2.81,1.41,1.35,,1.07,100.33000000000001,4.02,,
THG,2026-08-15,Financial,Insurance - Property & Casualty,7840000000.0,10.75,11.6,18.41,1.16,2.14,6.26,21.88,5.28,16.92,,14.980000000000002,11.17,6.19,-4.17,0.63,14.03,6.44,0.23,0.22,0.37,,1.71,1.13,93.26,2.23,,
THO,2026-08-15,Consumer Cyclical,Recreational Vehicles,4110000000.0000005,15.92,17.61,10.74,0.42,0.95,20.6,6.15,3.66,5.03,12.06,2.54,2.67,-27.31,27.49,1.64,3.76,3.24,0.23,0.21,1.71,0.8,2.63,4.86,104.44,10.51,,
THRM,2026-08-15,Consumer Cyclical,Auto Parts,1350000000.0,51.03,13.17,0.5,0.86,1.87,32.78,3.74,1.86,2.56,23.7,5.01,1.68,28.62,14.4,26.14,-20.03,10.42,0.45,0.44,2.06,1.49,,2.19,106.64,5.73,,
TILE,2026-08-15,Consumer Cyclical,"Furnishings, Fixtures & Appliances",2190000000.0,15.34,15.62,1.27,1.52,3.23,17.69,23.23,11.42,15.45,39.4,12.32,10.1,22.55,2.21,12.33,,4.68,0.43,0.39,2.53,1.35,0.32,2.7,107.93000000000002,7.64,,
TJX,2026-08-15,Consumer Cyclical,Apparel Retail,168040000000.0,29.55,26.42,2.56,2.73,16.16,30.68,61.25000000000001,17.03,26.47,31.290000000000003,12.1,9.4,10.61,10.06,10.3,130.72,13.44,1.36,1.1,1.14,0.54,1.21,0.19,93.07,1.76,,
TKO,2026-08-15,Communication Services,Entertainment,38100000000.0,69.63,36.8,0.78,7.19,4.41,22.78,5.99,1.45,2.78,49.51,21.93,4.33,105.27,17.91,47.27,7.62,37.19,1.46,1.43,1.22,1.2,0.78,17.69,100.01,13.34,,
TKR,2026-08-15,Industrials,Tools & Accessories,9250000000.0,36.21,18.23,1.09,1.94,2.9,24.0,8.23,3.7900000000000005,4.86,31.14,15.03,5.43,17.85,16.59,16.7,1.98,5.45,0.69,0.67,3.1,1.74,1.08,8.96,99.6,4.86,,
TLN,2026-08-15,Utilities,Utilities - Independent Power Producers,17380000000.0,,11.33,,3.71,10.75,47.75,-12.93,-1.77,-1.66,61.65999999999999,31.09,-3.95,540.45,51.75,,,,5.92,5.91,0.78,0.55,,7.13,100.18,5.11,,
TMDX,2026-08-15,Healthcare,Medical Devices,3070000000.0,23.04,38.2,,4.59,5.92,38.86,36.28,12.879999999999999,11.14,57.75,12.21,22.69,-69.18,54.47,-12.78,,88.21,1.67,1.63,6.62,6.07,,3.91,106.13999999999999,23.03,,
TMO,2026-08-15,Healthcare,Diagnostics & Research,217520000000.0,31.65,21.45,2.2,4.69,4.13,29.72,13.51,6.5,7.59,40.19,19.09,15.039999999999997,9.78,9.25,9.74,2.11,6.7,0.81,0.74,1.55,1.18,0.31,0.29,93.47,1.35,,
TMP,2026-08-15,Financial,Banks - Regional,1460000000.0,8.28,12.16,,3.7,1.51,31.12,20.36,2.04,11.64,,14.12,44.53,-30.47,6.46,,16.64,3.65,0.76,0.57,0.09,,2.71,6.69,71.3,2.13,,
TMUS,2026-08-15,Communication Services,Telecom Services,195880000000.0,19.11,13.14,0.67,2.12,3.49,12.37,17.99,4.96,6.41,46.59,21.17,11.45,12.18,27.43,19.7,29.65,5.24,2.12,1.93,0.92,0.83,2.26,55.1,42.56,3.75,,
TNC,2026-08-15,Industrials,Specialty Industrial Machinery,1170000000.0,67.78,12.2,,0.96,2.19,,3.09,1.46,1.98,38.77,3.81,1.5,-15.75,45.97,,5.45,3.73,0.73,0.73,2.04,1.37,1.83,2.37,103.88999999999999,6.41,,
TNDM,2026-08-15,Healthcare,Medical Devices,1580000000.0,,143.82,,1.52,12.12,,-48.03,-6.24,-7.45,55.99000000000001,-4.17,-6.08,54.17,123.61,,-40.1,15.27,5.67,5.51,3.18,2.65,,1.21,110.07000000000001,16.36,,
TNL,2026-08-15,Consumer Cyclical,Travel Services,4620000000.0,20.55,8.52,0.5,1.13,,10.45,,3.47,5.74,30.14,17.59,5.81,19.84,16.57,17.18,,11.2,,,6.47,4.83,3.2099999999999995,4.26,98.77,11.96,,
TOL,2026-08-15,Consumer Cyclical,Residential Construction,13860000000.0,11.22,10.47,1.89,1.25,1.64,11.4,15.68,8.97,11.44,24.5,14.96,11.66,-4.96,10.45,5.55,31.72,9.15,0.34,0.33,3.83,0.35,0.69,0.83,93.67,4.64,,
TPL,2026-08-15,Energy,Oil & Gas E&P,24730000000.0,45.71,37.42,,27.55,14.79,47.41,36.57,33.17,32.08,85.81,74.92,60.31999999999999,24.54,10.36,,22.56,21.41,0.01,0.01,4.55,4.55,0.67,0.49,74.16,6.27,,
TPR,2026-08-15,Consumer Cyclical,Luxury Goods,25720000000.0,17.72,14.5,1.07,3.21,37.35,14.19,197.14,23.02,35.22,74.91,23.98,19.09,12.64,11.98,13.52,19.78,6.85,5.71,5.27,1.75,1.25,1.38,0.5,99.96,8.22,,
TR,2026-08-15,Consumer Defensive,Confectioners,3010000000.0,32.17,,,4.1,3.22,37.56,10.35,7.79,9.98,34.73,12.12,12.990000000000002,,,,12.4,9.23,0.01,0.0,2.89,1.86,0.8500000000000001,76.91,15.4,13.56,,
TREX,2026-08-15,Industrials,Building Products & Equipment,5060000000.0,29.33,24.61,2.9,4.19,5.01,24.59,17.74,11.21,16.92,38.2,20.17,14.679999999999998,-5.94,14.06,8.5,3.31,5.92,0.3,0.04,1.06,0.64,,0.86,116.85,10.49,,
TRGP,2026-08-15,Energy,Oil & Gas Midstream,59140000000.0,26.33,22.26,1.12,3.45,16.17,79.82,72.23,8.67,9.95,26.97,24.78,13.15,29.55,11.98,19.85,,15.75,5.35,5.2,0.77,0.68,1.81,1.5700000000000003,97.44,2.18,,
TRIP,2026-08-15,Consumer Cyclical,Travel Services,1260000000.0,1063.37,9.99,1.79,0.7,1.9,8.86,0.84,0.2,0.33,58.64,4.95,0.28,-33.04,26.41,5.59,,25.64,1.35,1.32,1.56,1.56,,3.47,109.50999999999999,25.89,,
TRMB,2026-08-15,Technology,Scientific & Technical Instruments,13430000000.0,,13.99,0.93,3.55,2.63,17.37,-1.94,-1.19,-1.6,66.92,18.67,-2.77,17.09,12.33,15.0,2.58,2.65,0.29,0.28,0.95,0.82,,0.45999999999999996,97.69,4.9,,
TRMK,2026-08-15,Financial,Banks - Regional,2800000000.0,12.27,11.75,,2.48,1.31,13.52,11.12,1.24,9.19,,24.51,20.71,5.95,4.85,,8.05,11.03,0.36,0.19,0.06,,2.07,7.5,82.46,5.74,,
TRN,2026-08-15,Industrials,Railroads,2360000000.0,7.13,13.3,,1.15,2.06,,32.39,4.09,5.33,25.8,15.190000000000001,16.62,-29.14,0.0,-8.57,,4.27,4.57,4.57,2.09,1.12,4.22,1.52,95.15,4.69,,
TRNO,2026-08-15,Real Estate,REIT - Industrial,7430000000.0,18.38,36.68,,14.78,1.66,32.58,9.24,7.23,7.11,51.25999999999999,41.39,76.92,-47.53,-9.56,-20.23,27.38,21.29,0.24,0.23,0.35,0.35,3.17,2.08,107.56000000000002,5.86,,
TROW,2026-08-15,Financial,Asset Management,23580000000.0,11.09,10.83,54.14,3.11,2.14,8.35,20.1,14.59,18.6,79.54,36.93,28.550000000000004,4.82,0.22,0.2,-1.52,3.34,0.06,0.06,2.41,2.41,4.67,1.82,90.95,12.17,,
TRST,2026-08-15,Financial,Banks - Regional,976540000.0,15.93,,,3.42,1.49,16.34,9.65,1.01,9.45,,28.38,22.78,,,,3.67,7.23,0.22,0.05,0.16,,2.65,3.38,79.67,4.83,,
TRU,2026-08-15,Financial,Financial Data & Stock Exchanges,15420000000.0,21.23,14.34,0.98,3.15,3.18,19.59,15.770000000000001,6.329999999999999,7.19,46.35,14.92,15.079999999999998,12.56,15.95,14.7,5.34,12.58,1.17,1.12,1.9,1.9,0.63,0.8,114.86000000000001,4.5,,
TRUP,2026-08-15,Financial,Insurance - Property & Casualty,1340000000.0,57.56,45.7,,0.88,3.28,16.34,6.07,2.61,4.58,,1.66,1.53,36.77,8.78,-0.99,,23.45,0.26,0.24,1.77,,,30.2,68.9,12.14,,
TRV,2026-08-15,Financial,Insurance - Property & Casualty,77250000000.0,9.92,12.25,3.59,1.58,2.33,7.01,26.51,6.309999999999999,19.73,,22.03,16.83,23.51,-11.24,3.41,21.13,8.83,0.27,0.27,0.34,,1.31,0.51,90.66,3.59,,
TSCO,2026-08-15,Consumer Cyclical,Specialty Retail,18670000000.0,18.71,17.48,6.09,1.19,7.11,60.81,39.51,8.91,11.63,33.23,8.91,6.419999999999999,-6.15,6.03,2.87,10.06,7.89,2.49,2.31,1.33,0.23,2.7,0.33,94.2,5.58,,
TSLA,2026-08-15,Consumer Cyclical,Auto Manufacturers,1351810000000.0,318.01,152.74,6.45,13.05,15.56,234.61,4.64,2.75,3.79,18.85,4.61,3.6699999999999995,1.47,33.04,23.67,38.32,24.63,0.19,0.16,1.94,1.55,,28.559999999999995,42.25,2.43,,
TSN,2026-08-15,Consumer Defensive,Farm Products,20060000000.0,35.14,12.87,1.46,0.36,1.11,17.28,3.15,1.59,2.33,6.21,2.55,1.03,-5.55,16.16,8.81,-25.04,4.74,0.44,0.36,1.43,0.55,3.61,20.4,75.8,3.11,,
TTC,2026-08-15,Industrials,Tools & Accessories,9370000000.0,28.35,19.4,1.93,2.01,6.86,12.34,23.89,9.07,13.67,33.31,11.32,7.290000000000001,9.63,10.13,10.07,0.86,5.99,0.83,0.82,1.56,0.74,1.6,0.37,95.49,4.28,,
TTD,2026-08-15,Communication Services,Advertising Agencies,6640000000.0,16.78,44.27,,2.22,2.58,7.7,15.439999999999998,6.94,13.9,76.87,19.61,13.61,-52.98,-24.52,-17.04,12.67,28.21,0.17,0.14,1.72,1.72,,11.21,76.27,18.07,,
TTEK,2026-08-15,Industrials,Engineering & Construction,9350000000.0,21.96,21.01,2.82,1.84,5.05,17.05,24.26,9.97,15.57,18.78,11.73,8.6,1.09,10.19,7.46,7.97,12.69,0.55,0.51,1.18,1.18,0.7,0.51,98.69,4.64,,
TTMI,2026-08-15,Technology,Electronic Components,14750000000.0,63.19,20.25,0.43,4.37,7.62,,13.26,5.92,7.83,20.26,9.96,7.01,96.75,42.85,47.35,,6.66,0.57,0.56,1.78,1.54,,2.28,88.68,2.35,,
TTWO,2026-08-15,Real Estate,REIT - Mortgage,1270000000.0,,10.72,,1.57,1.11,9.95,-1.21,-0.2,-0.81,99.49,71.79,-9.2,-0.76,-1.68,,27.83,,3.79,0.56,0.18,0.18,8.99,1.14,86.77,4.18,,
TWLO,2026-08-15,Technology,Software - Infrastructure,36580000000.0,33.15,35.09,2.12,6.56,4.07,37.0,13.5,11.11,11.47,47.9,5.93,20.62,21.2,14.52,16.59,,23.53,0.12,0.12,4.62,4.62,,0.48,91.91,2.82,,
TXN,2026-08-15,Technology,Semiconductors,255330000000.0,42.53,27.35,0.9,13.13,14.18,47.68,34.97,16.99,19.47,58.32999999999999,38.07,30.930000000000003,55.59,20.54,30.46,-1.81,4.1,0.78,0.72,4.86,3.44,2.05,0.32,88.57,1.84,,
TXNM,2026-08-15,Utilities,Utilities - Regulated Electric,5920000000.0,31.89,17.67,1.2,2.65,1.79,,5.82,1.6200000000000003,2.23,39.56,22.21,8.77,24.64,11.87,14.71,-7.23,7.3,1.67,1.47,0.56,0.39,2.96,0.9899999999999999,107.62,5.7,,
TXRH,2026-08-15,Consumer Cyclical,Restaurants,13590000000.0,33.16,26.52,1.7,2.18,8.71,33.45,27.46,11.93,15.81,12.12,8.24,6.63,8.19,18.34,15.63,68.63,19.64,0.7,0.68,0.46,0.39,1.45,0.45000000000000007,100.70000000000002,3.19,,
TXT,2026-08-15,Industrials,Aerospace & Defense,15310000000.0,16.8,12.28,1.29,1.0,1.9,20.19,12.13,5.33,7.9,17.77,6.709999999999999,6.12,6.0,12.11,9.53,30.51,4.9,0.52,0.47,1.75,0.74,0.09,0.75,100.36,3.96,,
TYL,2026-08-15,Technology,Software - Application,13460000000.0,43.55,21.38,1.35,5.54,4.43,18.84,9.73,5.78,7.24,44.81,15.14,13.36,15.66,17.52,15.83,8.96,15.87,0.48,0.48,1.55,1.55,,0.53,105.89,8.59,,
UA,2026-08-15,Consumer Cyclical,Apparel Manufacturing,2280000000.0,,27.02,0.66,0.46,1.58,,-29.82,-10.99,-18.57,46.37,0.67,-9.94,-9.2,78.31,40.78,0.8,2.22,0.96,0.86,1.81,0.96,,73.61,27.699999999999996,22.28,,
UAA,2026-08-15,Consumer Cyclical,Apparel Manufacturing,2280000000.0,,27.44,0.68,0.46,1.61,,-29.82,-10.99,-18.57,46.37,0.67,-9.94,-8.8,78.46,40.62,0.8,2.22,0.96,0.86,1.81,0.96,,56.18,51.54,23.98,,
UAL,2026-08-15,Industrials,Airlines,40680000000.0,11.71,8.1,0.41,0.65,2.44,15.99,23.26,4.32,7.38,26.87,6.77,5.56,-1.78,48.3,19.68,,30.93,2.02,1.84,0.78,0.72,,0.73,90.31,7.3,,
UBER,2026-08-15,Technology,Software - Application,155130000000.0,16.69,17.09,3.22,2.81,5.67,15.34,38.38,15.73,24.02,35.42,13.320000000000002,17.34,-29.25,32.8,5.3,,36.1,0.54,0.46,0.84,0.84,,4.2,79.99,2.42,,
UBSI,2026-08-15,Financial,Banks - Regional,6710000000.0,13.45,12.77,,3.64,1.22,12.57,9.46,1.55,8.74,,35.0,27.93,13.4,4.04,,6.37,16.0,0.15,0.07,0.1,,3.11,2.48,76.77,4.1,,
UCB,2026-08-15,Financial,Banks - Regional,4430000000.0,12.02,11.4,,2.87,1.17,9.74,10.21,1.31,8.22,,32.26,24.04,7.19,10.91,,6.49,16.39,0.32,0.22,0.05,,2.75,0.67,87.71,3.23,,
UCTT,2026-08-15,Technology,Semiconductor Equipment & Materials,3850000000.0,,12.97,0.14,1.75,6.01,,-3.44,-1.28,-1.68,15.83,2.84,-1.07,201.39,106.91,94.43,,7.99,1.21,1.18,2.73,1.25,,3.02,105.25,7.61,,
UDR,2026-08-15,Real Estate,REIT - Residential,19810000000.0,24.18,64.21,,11.54,4.21,22.61,16.67,4.99,6.84,23.84,18.96,30.14,-5.45,-44.7,-15.85,40.79,6.65,2.04,1.6,0.16,0.16,4.58,0.73,104.15,2.56,,
UE,2026-08-15,Real Estate,REIT - Retail,2920000000.0,40.92,43.51,2.96,5.89,2.14,39.99,5.24,2.03,2.21,39.79,30.06,13.71,43.92,0.3,14.7,-1.32,7.41,1.48,1.39,1.44,1.44,3.84,0.09,100.64999999999999,2.63,,
UFCS,2026-08-15,Financial,Insurance - Property & Casualty,1400000000.0,10.0,11.21,,0.95,1.43,5.2,15.46,3.9599999999999995,12.54,,12.8,9.58,4.93,0.35,,,5.34,0.15,0.15,0.41,,1.47,17.04,69.32,2.05,,
UFPI,2026-08-15,Basic Materials,Lumber & Wood Production,4960000000.0,20.72,16.27,1.24,0.8,1.63,18.56,7.739999999999999,5.83,7.01,16.13,5.09,3.84,-9.74,22.1,13.14,4.53,4.16,0.13,0.12,3.98,2.64,1.58,2.06,88.32,3.68,,
UFPT,2026-08-15,Healthcare,Medical Devices,2490000000.0,34.68,29.66,2.21,3.95,5.39,40.58,17.05,10.98,12.43,28.499999999999996,15.229999999999999,11.45,11.34,11.37,13.43,37.73,27.43,0.29,0.26,3.0,1.72,,4.01,123.85,15.84,,
UGI,2026-08-15,Utilities,Utilities - Regulated Gas,7590000000.0,11.8,10.86,5.51,1.04,1.46,40.57,13.3,4.33,5.63,42.65,14.46,9.2,-15.76,16.45,1.97,4.06,2.16,1.35,1.28,1.44,1.22,4.24,0.12,92.73,5.91,,
UHS,2026-08-15,Healthcare,Medical Care Facilities,10020000000.0,6.92,7.02,0.99,0.55,1.33,11.85,20.99,9.87,12.79,11.36,11.36,8.42,4.1,6.97,7.11,15.93,8.48,0.7,0.59,1.12,1.04,0.48,16.76,86.76,5.95,,
ULS,2026-08-15,Industrials,Specialty Business Services,15640000000.0,31.32,29.82,2.31,4.97,9.8,35.87,37.5,16.69,24.8,50.06,19.04,16.02,16.41,12.13,12.93,6.75,5.82,0.3,0.27,1.42,1.42,0.74,61.79,45.28,6.41,,
ULTA,2026-08-15,Consumer Cyclical,Specialty Retail,21960000000.0,19.14,15.99,1.43,1.73,8.56,19.43,47.45,18.46,26.84,39.33,12.58,9.36,12.34,10.92,11.16,52.49,15.04,0.89,0.72,1.31,0.28,,1.9799999999999998,101.16000000000001,5.48,,
UMBF,2026-08-15,Financial,Banks - Regional,11550000000.0,12.66,10.88,1.0,2.65,1.49,10.46,12.31,1.31,11.08,,27.29,21.06,16.49,5.65,10.86,9.41,26.89,0.44,0.06,0.37,,1.19,3.9699999999999998,95.99,4.7,,
UNF,2026-08-15,Industrials,Specialty Business Services,4980000000.0,45.25,35.46,23.8,2.0,2.27,57.21,5.3,4.15,5.12,30.91,5.77,4.65,-9.9,8.65,1.49,2.28,6.16,0.04,0.03,3.04,1.73,0.51,17.35,86.87,5.28,,
UNFI,2026-08-15,Consumer Defensive,Food Distribution,2930000000.0,,14.64,0.2,0.09,1.84,8.91,-2.36,-0.51,-0.83,12.54,0.9399999999999998,-0.12,260.56,29.24,74.81,17.38,3.66,1.97,1.87,1.33,0.51,,2.55,99.51,4.26,,
UNH,2026-08-15,Healthcare,Healthcare Plans,360590000000.0,25.83,17.92,1.05,0.8,3.69,15.27,14.62,4.57,8.41,,4.82,3.1400000000000006,20.58,13.7,17.05,-3.76,11.72,0.74,0.71,0.78,,2.25,0.22999999999999998,89.03,1.68,,
UNIT,2026-08-15,Real Estate,REIT - Specialty,2430000000.0,3.75,,,0.69,14.58,,,11.36,9.46,27.9,9.74,28.15,-140.57,-6.92,,,15.93,68.69,67.9,1.22,1.19,,6.17,91.22,8.64,,
UNM,2026-08-15,Financial,Insurance - Life,14770000000.0,21.78,9.85,1.07,1.11,1.37,21.32,6.35,1.31,4.82,,8.68,5.27,6.67,9.3,9.18,1.87,-0.16,0.35,0.35,,,2.08,0.9399999999999998,89.54,1.89,,
UNP,2026-08-15,Industrials,Railroads,174470000000.0,23.78,20.72,1.99,6.87,8.44,26.82,39.7,10.49,14.57,45.47,39.87,28.850000000000005,12.1,8.41,10.4,8.75,4.64,1.51,1.43,0.99,0.82,1.87,0.21,90.33,4.43,,
UPBD,2026-08-15,Technology,Software - Application,1140000000.0,12.76,4.28,0.58,0.24,1.56,2.98,12.73,2.91,3.7,33.44,7.48,1.9,0.35,10.58,7.43,-19.66,10.78,2.33,2.33,3.13,0.87,7.99,4.19,96.92,12.01,,
UPS,2026-08-15,Industrials,Integrated Freight & Logistics,88910000000.0,19.45,13.0,2.0,0.99,5.9,16.29,29.659999999999997,6.43,10.78,18.3,9.31,5.08,0.36,11.86,6.49,33.57,0.98,1.9,1.81,1.18,1.18,6.280000000000001,11.94,63.23,3.18,,
UPWK,2026-08-15,Communication Services,Internet Content & Information,1060000000.0,11.09,6.08,2.91,1.35,1.73,6.08,16.7,8.03,16.28,77.24,16.84,12.93,-0.47,-0.54,2.09,,16.09,0.62,0.02,1.42,1.42,,5.19,97.94,19.33,,
URBN,2026-08-15,Consumer Cyclical,Apparel Retail,6660000000.0,14.93,11.47,1.09,1.05,2.55,44.31,18.73,10.24,13.15,35.98,9.8,7.48,13.63,9.7,10.57,231.76,12.31,0.46,0.38,1.48,0.78,,43.51,73.76,13.62,,
URI,2026-08-15,Industrials,Rental & Leasing Services,71820000000.0,27.72,20.18,1.29,4.27,7.8,113.63,28.9,8.72,11.44,35.71,25.17,15.67,17.51,15.68,15.66,25.9,13.55,1.67,1.5,0.76,0.7,0.68,0.45999999999999996,93.64,2.25,,
USB,2026-08-15,Financial,Banks - Regional,101930000000.0,13.05,11.24,0.96,2.34,1.68,8.23,12.6,1.15,6.44,,24.76,17.92,12.99,11.54,11.66,8.57,13.15,1.42,0.87,0.56,,3.2400000000000007,0.22999999999999998,82.25,1.72,,
USFD,2026-08-15,Consumer Defensive,Food Distribution,23560000000.0,33.5,19.63,1.1,0.59,5.51,24.91,16.35,5.18,7.77,17.55,3.4300000000000006,1.81,20.31,15.9,17.87,,11.49,1.26,1.19,1.14,0.7,,0.77,108.42,4.99,,
USLM,2026-08-15,Basic Materials,Building Materials,3370000000.0,25.12,20.6,2.1,8.94,4.84,36.69,21.35,19.84,19.27,48.42,42.11,35.66,7.92,13.1,9.79,36.1,18.32,0.0,0.0,27.54,25.78,0.2,62.57,34.26,8.12,,
USPH,2026-08-15,Healthcare,Medical Care Facilities,1210000000.0,479.86,23.63,2.14,1.49,2.7,18.61,0.54,0.21,0.33,17.45,9.85,0.32,5.33,24.13,11.03,-10.5,13.05,0.86,0.75,1.27,1.27,2.24,2.46,111.67,7.6,,
UTHR,2026-08-15,Healthcare,Drug Manufacturers - Specialty & Generic,21430000000.0,17.87,17.24,2.24,6.79,3.33,19.67,19.32,17.33,20.48,86.14,44.49,41.56,-6.09,10.76,7.7,19.27,16.5,0.0,0.0,5.73,5.41,,3.46,97.15,5.61,,
UTI,2026-08-15,Consumer Defensive,Education & Training Services,1390000000.0,40.88,33.86,8.73,1.57,4.02,,10.53,4.19,5.0,47.93,5.13,3.88,-46.52,22.93,3.88,84.22,22.68,1.04,0.99,1.3,1.3,,2.91,110.18,8.22,,
UTL,2026-08-15,Utilities,Utilities - Diversified,994990000.0,17.35,15.71,2.89,1.67,1.55,,9.62,2.75,4.26,25.2,19.38,9.44,3.76,5.95,5.44,6.66,5.07,1.5,1.06,0.49,0.45,3.4799999999999995,2.24,85.47,3.79,,
UVV,2026-08-15,Consumer Defensive,Tobacco,1110000000.0,59.69,11.33,,0.39,0.8,6.78,1.34,0.61,0.94,16.73,6.22,0.67,20.45,24.21,,-18.13,8.08,0.88,0.46,2.57,0.88,7.35,2.54,83.27,7.04,,
V,2026-08-15,Financial,Credit Services,679890000000.0,31.25,24.27,1.72,15.28,19.63,32.36,60.67,23.02,39.97,77.16,67.04,50.35000000000001,15.21,13.54,14.14,16.47,12.86,0.68,0.59,0.99,0.99,0.75,9.09,80.92,1.22,,
VAC,2026-08-15,Consumer Cyclical,Resorts & Casinos,4160000000.0,,13.18,1.73,0.81,2.02,42.04,-14.71,-3.45,-4.47,17.37,10.4,-6.47,15.06,11.43,7.64,-5.8,11.76,2.69,2.63,1.22,0.75,2.42,8.69,95.77,6.86,,
VAL,2026-08-15,Energy,Oil & Gas Drilling,5950000000.0,6.39,12.04,,2.78,1.84,,33.86,18.88,21.57,17.07,12.09,43.95,-79.66,149.9,-16.9,,10.67,0.36,0.35,1.48,1.48,,30.3,88.84,12.03,,
VC,2026-08-15,Consumer Cyclical,Auto Parts,2890000000.0,19.73,10.33,0.55,0.76,1.79,18.06,9.96,4.54,7.53,12.809999999999999,7.33,4.0,10.16,22.69,18.64,,8.14,0.27,0.25,1.78,1.45,0.91,1.77,118.04,11.79,,
VCEL,2026-08-15,Healthcare,Biotechnology,2260000000.0,95.63,50.23,0.82,7.39,6.11,36.71,7.16,5.16,5.38,74.56,5.95,7.91,72.66,59.28,61.01,39.2,17.34,0.26,0.22,5.04,4.69,,1.2,107.5,8.76,,
VCTR,2026-08-15,Financial,Asset Management,7270000000.0,21.67,13.78,1.02,4.63,3.06,12.9,19.04,10.94,13.61,77.38,45.87,22.38,24.59,7.97,13.45,7.17,11.3,0.43,0.43,2.07,2.07,1.69,13.86,76.27,5.24,,
VCYT,2026-08-15,Healthcare,Diagnostics & Research,3320000000.0,29.27,21.14,4.15,5.9,2.39,19.98,8.77,8.09,8.05,71.08,17.22,20.37,7.3,2.14,5.1,,34.5,0.03,0.02,9.16,8.8,,2.7,111.53,8.77,,
VECO,2026-08-15,Technology,Semiconductor Equipment & Materials,3200000000.0,143.88,16.54,,4.69,3.55,37.61,2.64,1.73,2.0,37.51,4.26,3.4000000000000004,12.76,111.2,,,7.9,0.29,0.28,3.93,2.63,,1.82,115.13,9.87,,
VEEV,2026-08-15,Healthcare,Health Information Services,39600000000.0,43.4,24.3,2.05,11.93,5.44,24.14,13.930000000000001,11.15,12.73,74.79,29.719999999999995,28.37,11.87,10.69,11.85,18.15,16.88,0.01,0.01,4.74,4.74,,9.04,90.9,4.94,,
VFC,2026-08-15,Consumer Cyclical,Apparel Manufacturing,5850000000.0,21.66,11.01,0.47,0.61,3.31,9.44,17.94,2.8,4.66,55.63,7.13,2.88,29.59,24.09,23.54,-9.15,0.78,2.81,2.33,1.43,0.78,2.44,6.45,92.76,8.86,,
VGNT,2026-08-15,Consumer Cyclical,Auto Parts,3270000000.0,,5.88,,,38.49,,,,,,,,-18.42,6.56,-0.51,,,28.51,26.06,1.4,1.09,0.6,1.08,64.42,4.73,,
VIAV,2026-08-15,Technology,Communication Equipment,10740000000.0,,22.32,0.62,7.08,7.42,129.75,-2.73,-1.29,-1.61,56.169999999999995,10.97,-2.0,64.37,18.68,35.88,,4.84,0.48,0.3,1.85,1.59,,0.91,89.61,4.77,,
VICI,2026-08-15,Real Estate,REIT - Diversified,29020000000.0,10.22,8.89,1.65,7.08,0.99,11.01,9.84,5.86,6.12,99.23,88.72,67.5,7.6,5.6,5.38,8.4,26.73,0.61,0.55,0.14,0.14,6.9,0.4699999999999999,96.8,2.29,,
VICR,2026-08-15,Technology,Electronic Components,10820000000.0,75.35,39.44,0.88,22.83,12.97,211.1,20.13,18.3,17.29,60.0,18.64,30.65,31.65,73.22,44.74,44.9,6.57,0.01,0.01,13.25,11.18,,44.23,46.04,5.87,,
VIR,2026-08-15,Healthcare,Biotechnology,1560000000.0,,,,5.16,1.59,,-26.08,-20.91,-23.6,96.2,-92.16,-83.0,44.55,-41.77,13.51,-4.76,-2.14,0.09,0.09,6.04,6.04,,20.97,69.44,14.24,,
VIRT,2026-08-15,Financial,Capital Markets,9320000000.0,9.96,8.66,1.45,2.49,2.84,20.27,31.65,2.22,12.56,50.39,37.84,13.84,25.07,-3.26,5.96,-0.13,2.26,2.83,1.21,0.94,0.94,1.6,5.27,93.75,5.53,,
VLO,2026-08-15,Energy,Oil & Gas Refining & Marketing,98380000000.0,14.17,11.67,0.47,0.7,3.93,9.72,29.299999999999997,11.59,20.3,8.41,7.6,5.15,293.34,-29.85,24.57,,13.6,0.45,0.42,1.64,1.23,1.42,0.4,88.22,3.17,,
VLTO,2026-08-15,Industrials,Pollution & Treatment Controls,23810000000.0,24.62,20.48,1.98,4.18,7.7,22.74,34.37,12.560000000000002,17.11,59.34,22.74,17.35,11.88,9.3,10.37,5.0,4.82,1.09,0.87,1.78,1.61,0.44,0.22,96.35,2.45,,
VLY,2026-08-15,Financial,Banks - Regional,8289999999.999999,12.67,9.71,0.47,2.33,1.1,14.18,8.95,1.08,6.34,,24.2,18.66,29.26,20.86,20.64,1.58,17.53,0.44,0.38,0.06,,2.93,14.31,77.48,9.29,,
VMC,2026-08-15,Basic Materials,Building Materials,36540000000.0,33.29,26.26,1.6,4.5,4.31,35.57,13.239999999999998,6.69,8.61,27.51,20.74,13.750000000000002,14.25,17.51,16.45,13.09,10.33,0.58,0.53,1.76,1.2,0.74,0.21,96.82,4.74,,
VMI,2026-08-15,Industrials,Conglomerates,9560000000.0,19.28,19.15,1.28,2.26,5.43,29.68,31.069999999999997,14.85,19.46,30.320000000000004,13.8,11.95,21.03,11.92,14.96,20.66,7.24,0.5,0.5,2.35,1.55,0.62,1.4,97.38,2.42,,
VNO,2026-08-15,Real Estate,REIT - Office,7930000000.0,1572.58,131.21,,4.34,1.58,17.94,1.14,0.43,0.49,19.82,10.43,0.32,-104.19,268.74,,,3.45,1.41,1.41,4.77,4.77,2.19,7.33,99.02,5.83,,
VNOM,2026-08-15,Energy,Oil & Gas Midstream,15190000000.0,331.17,18.05,1.15,7.71,1.61,10.16,1.35,0.52,0.85,51.7,48.86,2.89,56.12,-9.58,15.63,29.81,40.37,0.33,0.33,6.37,6.37,6.9,6.94,98.33,4.92,,
VNT,2026-08-15,Technology,Scientific & Technical Instruments,4440000000.0,13.64,8.65,0.96,1.45,3.76,11.54,29.07,8.28,12.4,44.96,19.15,11.34,9.05,8.74,8.98,6.42,2.6,1.62,1.35,1.25,0.94,0.19,0.7,107.80000000000001,8.2,,
VOYA,2026-08-15,Financial,Financial Conglomerates,9200000000.0,17.12,8.9,0.68,1.13,1.96,7.72,13.059999999999999,0.36,7.17,,12.07,6.94,3.49,24.48,13.09,61.06,1.37,0.84,0.81,,,1.8900000000000001,0.36,102.07,2.96,,
VRRM,2026-08-15,Technology,Information Technology Services,717360000.0,17.84,4.97,,0.71,3.21,7.64,15.380000000000003,2.67,3.42,79.29,24.19,4.4,-13.51,-16.87,-5.91,,19.99,4.86,4.79,2.05,1.95,,0.97,100.27999999999999,8.13,,
VRSK,2026-08-15,Industrials,Consulting Services,23650000000.0,27.91,20.9,1.92,7.54,,19.12,444.05,19.06,28.15,59.78,44.81,28.24,7.72,12.68,10.87,8.51,1.99,,,1.01,1.01,1.1,0.29,96.07,3.32,,
VRSN,2026-08-15,Technology,Software - Infrastructure,25670000000.0,30.85,25.63,2.02,15.03,,24.08,,52.95000000000001,,88.47,67.86,49.77,11.12,13.27,12.68,4.49,5.54,,,0.59,0.59,0.9899999999999999,0.8199999999999998,98.46,2.12,,
VRT,2026-08-15,Industrials,Electrical Equipment & Parts,113120000000.0,66.49,32.05,0.79,9.85,23.77,38.61,43.94,13.170000000000002,21.61,35.73,19.81,15.09,60.09,36.35,40.52,,18.54,0.7,0.68,1.38,1.03,0.08,0.36,83.61,3.22,,
VRTS,2026-08-15,Financial,Asset Management,1120000000.0,9.63,6.88,12.99,1.34,1.18,5.0,13.01,2.91,8.22,81.61,14.91,14.39,-6.13,4.4,0.53,14.78,6.4,0.54,0.54,1.72,1.72,5.84,6.39,92.36,7.15,,
VRTX,2026-08-15,Healthcare,Biotechnology,128190000000.0,29.42,23.72,2.11,10.09,6.33,33.77,23.54,17.12,19.82,86.12,39.54,34.69,1.92,13.69,11.25,8.28,14.23,0.1,0.1,3.19,2.74,,0.22,95.06,1.56,,
VSAT,2026-08-15,Technology,Communication Equipment,11420000000.0,,,,2.47,2.46,19.74,-0.64,-0.2,-0.27,27.6,2.35,-0.64,-490.86,0.31,,,15.51,1.49,1.34,1.68,1.52,,5.08,97.57,8.98,,
VSEC,2026-08-15,Industrials,Aerospace & Defense,6790000000.0,89.12,31.31,1.04,5.0,2.31,,4.27,2.78,1.91,12.61,11.75,5.52,59.74,23.34,30.18,,10.95,0.35,0.34,3.77,1.3,0.17,1.79,125.31000000000002,8.01,,
VSH,2026-08-15,Technology,Semiconductors,5380000000.0,183.28,19.69,,1.62,1.85,,1.13,0.61,0.88,20.93,3.3000000000000003,0.86,1796.67,110.02,,,4.17,0.38,0.11,1.8,1.27,1.12,8.81,94.23,9.9,,
VSNT,2026-08-15,Communication Services,Entertainment,5500000000.0,7.46,5.95,0.63,0.83,0.68,3.21,8.15,6.22,6.91,40.85,19.29,11.46,-28.24,63.27,9.47,,,0.36,0.35,2.38,2.38,3.16,0.96,87.98,3.48,,
VST,2026-08-15,Utilities,Utilities - Independent Power Producers,49720000000.0,25.0,13.75,0.17,2.83,16.56,22.05,43.07,5.5,9.56,20.18,10.73,11.52,318.55,18.07,79.62,10.93,8.94,3.63,3.23,0.97,0.87,0.67,0.95,91.88,2.61,,
VSTS,2026-08-15,Industrials,Rental & Leasing Services,1760000000.0,,17.33,0.3,0.65,2.01,12.91,-0.6,-0.18,-0.25,21.2,4.18,-0.2,144.27,25.98,57.32,,1.31,1.53,1.46,2.17,0.73,,1.83,98.0,5.45,,
VSXY,2026-08-15,Consumer Cyclical,Apparel Retail,7080000000.0,36.45,16.14,0.58,1.05,8.9,22.54,29.359999999999996,4.51,6.24,36.76,6.800000000000001,3.12,54.09,19.3,27.62,,3.9,3.61,3.27,1.26,0.41,,10.42,101.56,15.39,,
VTOL,2026-08-15,Energy,Oil & Gas Equipment & Services,1380000000.0,13.38,8.91,0.72,0.88,1.27,,10.05,4.46,5.31,19.92,8.79,6.660000000000001,-17.71,46.91,12.34,13.24,4.82,0.89,0.8,2.26,1.85,1.07,3.3000000000000003,102.24,3.57,,
VTR,2026-08-15,Real Estate,REIT - Healthcare Facilities,47990000000.0,167.86,93.58,2.95,7.45,3.2,33.29,2.01,0.9399999999999998,0.98,18.38,14.829999999999998,4.08,11.85,61.92,31.69,-14.17,8.99,0.89,0.84,0.71,0.71,2.27,0.57,104.86999999999999,4.64,,
VTRS,2026-08-15,Healthcare,Drug Manufacturers - Specialty & Generic,18640000000.0,,6.08,0.83,1.26,1.31,9.54,-2.75,-1.12,-1.58,39.58,9.69,-2.78,5.93,7.17,7.32,-21.93,3.66,0.96,0.83,1.49,0.87,3.19,2.02,91.7,4.06,,
VVV,2026-08-15,Consumer Cyclical,Auto & Truck Dealerships,4360000000.0,43.33,17.12,1.09,2.22,10.47,32.24,28.4,3.4300000000000006,4.29,38.28,17.72,5.17,10.6,13.55,15.78,-0.57,-6.18,4.75,4.68,0.7,0.58,,0.33,113.36,9.18,,
VYX,2026-08-15,Technology,Information Technology Services,1130000000.0,20.02,7.95,1.73,0.44,1.21,,5.1,1.48,3.11,24.83,6.67,2.29,1.78,12.01,4.6,,-15.42,1.16,1.16,1.07,0.95,1.1,1.1,115.78,20.9,,
VZ,2026-08-15,Communication Services,Telecom Services,201420000000.0,12.62,9.24,1.51,1.45,1.94,9.36,15.629999999999999,4.08,6.09,45.71,22.73,11.64,6.0,5.06,6.11,-1.14,1.5,1.81,1.56,0.55,0.52,5.83,0.06,70.63,2.01,,
WAB,2026-08-15,Industrials,Railroads,50510000000.0,40.27,24.03,1.48,4.22,4.51,29.47,11.5,5.82,7.69,32.24,16.74,10.57,21.1,14.54,16.21,25.74,8.13,0.62,0.47,1.12,0.59,0.4,0.73,95.95,2.29,,
WABC,2026-08-15,Financial,Banks - Regional,1380000000.0,13.21,12.81,,5.21,1.61,12.77,12.49,1.91,12.71,,56.09,41.71,2.54,0.86,,8.69,5.5,0.18,0.02,0.15,,3.17,5.22,81.24,3.95,,
WAFD,2026-08-15,Financial,Banks - Regional,2810000000.0,11.96,11.28,1.19,2.02,1.03,12.37,8.5,0.9399999999999998,4.05,,23.63,17.42,25.19,2.13,9.47,3.11,14.32,1.1,1.1,0.07,,2.85,1.71,83.62,5.12,,
WAL,2026-08-15,Financial,Banks - Regional,8980000000.0,9.27,7.41,0.56,1.58,1.19,,13.11,1.06,9.3,,20.86,16.98,3.94,22.46,13.13,11.62,32.53,0.95,0.34,0.11,,2.03,6.39,87.08,6.17,,
WAT,2026-08-15,Healthcare,Diagnostics & Research,40490000000.0,52.47,25.2,2.22,10.74,2.65,168.25,5.21,3.09,2.2,50.21,19.72,11.91,11.01,12.2,11.34,5.19,6.0,0.36,0.34,1.79,1.13,,0.14,98.48,4.25,,
WAY,2026-08-15,Healthcare,Health Information Services,4750000000.0,35.28,13.2,0.87,3.94,1.19,19.29,3.7699999999999996,2.56,2.47,56.11000000000001,25.36,11.18,17.58,12.48,15.23,,17.41,0.37,0.37,1.85,1.85,,29.56,87.26,10.8,,
WBD,2026-08-15,Communication Services,Entertainment,70270000000.0,,,,1.94,2.14,32.24,-9.19,-3.18,-5.0,33.28,7.000000000000001,-8.75,-513.32,99.53,,-30.7,28.53,0.98,0.93,0.78,0.78,,4.57,73.71,3.01,,
WBS,2026-08-15,Financial,Banks - Regional,12800000000.0,12.85,11.11,1.48,2.87,1.35,9.74,10.56,1.2,9.59,,28.67,22.22,9.34,9.51,7.53,20.26,28.17,0.46,0.08,0.05,,2.03,0.76,94.22,7.19,,
WCC,2026-08-15,Industrials,Industrial Distribution,17620000000.0,24.99,18.06,0.81,0.7,3.38,113.6,14.34,4.21,6.01,20.31,5.71,2.86,30.31,19.0,22.4,53.91,13.79,1.28,1.28,2.09,1.23,0.55,2.1,99.68,3.57,,
WWD,2026-08-15,Industrials,Aerospace & Defense,21880000000.0,41.21,34.5,1.52,5.22,8.87,58.11,22.34,11.14,17.75,29.469999999999995,15.839999999999998,13.170000000000002,37.3,13.55,22.64,13.95,7.41,0.55,0.26,1.65,1.14,0.33,0.8699999999999999,93.45,2.0,,
WDAY,2026-08-15,Technology,Software - Application,49070000000.0,61.98,15.72,0.93,4.98,7.4,16.51,10.86,5.09,9.05,75.76,12.34,8.6,16.71,17.31,16.87,,17.27,0.57,0.4,0.96,0.96,,19.47,84.08,12.74,,
WDC,2026-08-15,Technology,Computer Hardware,175370000000.0,21.02,15.67,0.24,13.57,18.13,49.95,131.57,66.93,105.2,48.83,35.58,72.09,97.39,60.98,64.81,55.65,-5.26,0.12,0.0,1.33,0.97,0.12,0.9399999999999998,95.36,7.2,,
WDFC,2026-08-15,Basic Materials,Specialty Chemicals,3080000000.0,34.83,35.56,14.06,4.56,11.05,38.7,33.22,18.62,23.77,54.75,17.48,13.19,-8.28,5.05,2.53,8.72,8.7,0.41,0.34,2.65,1.95,1.7399999999999998,0.52,88.68,3.76,,
WEC,2026-08-15,Utilities,Utilities - Regulated Electric,36010000000.0,21.4,18.42,2.56,3.55,2.55,,12.35,3.34,5.01,38.58,23.91,16.69,6.25,7.14,7.19,4.88,6.24,1.62,1.39,0.53,0.39,3.45,0.17,87.58,4.34,,
WELL,2026-08-15,Real Estate,REIT - Healthcare Facilities,169750000000.0,,74.31,1.78,13.32,3.65,67.58,3.7699999999999996,2.47,2.35,20.26,5.3,-2.75,103.24,12.19,41.64,-22.65,18.69,0.42,0.42,13.31,13.31,1.33,0.04,100.26000000000002,2.46,,
WEN,2026-08-15,Consumer Cyclical,Restaurants,1650000000.0,13.09,15.71,,0.75,13.67,6.24,108.04,2.58,3.09,25.08,13.100000000000001,5.72,-40.6,5.19,-11.34,-0.96,2.79,33.81,32.9,1.9,1.88,5.03,9.08,98.71,33.93,,
WERN,2026-08-15,Industrials,Trucking,2330000000.0,,17.82,,0.72,1.72,43.69,-3.3300000000000005,-1.52,-2.08,4.07,0.7,-1.42,5822.66,90.64,,,4.63,0.7,0.64,1.45,1.42,1.46,1.96,110.52,6.89,,
WEX,2026-08-15,Technology,Software - Infrastructure,6540000000.0,19.1,9.08,0.67,2.34,4.89,60.24,30.19,2.25,7.2,57.37,25.96,12.560000000000002,24.64,5.29,13.58,,11.27,3.98,2.62,1.04,1.04,,1.28,117.84000000000002,7.7,,
WFC,2026-08-15,Financial,Banks - Diversified,268589999999.99997,12.9,11.14,0.82,2.09,1.63,39.17,12.520000000000001,1.06,6.39,,21.92,16.83,16.44,9.43,13.54,70.67,8.6,2.57,0.96,0.96,,2.15,0.21,78.25,0.94,,
WFRD,2026-08-15,Energy,Oil & Gas Equipment & Services,6790000000.0,18.73,13.11,1.5,1.42,3.81,12.92,22.2,7.15,10.96,29.24,14.42,7.66,-19.08,36.68,8.75,,5.94,0.91,0.87,2.34,1.77,1.16,2.1,106.61,8.33,,
WGO,2026-08-15,Consumer Cyclical,Recreational Vehicles,891880000.0,23.21,13.33,0.64,0.31,0.72,4.94,3.1400000000000006,1.8500000000000003,2.25,12.24,2.42,1.36,8.24,30.93,20.85,-13.14,3.5,0.39,0.39,2.37,0.92,4.35,4.15,107.06,10.65,,
WH,2026-08-15,Consumer Cyclical,Lodging,5460000000.0,26.93,13.8,1.4,3.85,11.43,16.97,39.62,4.82,6.64,45.2,38.15,14.67,4.59,11.42,9.87,,1.77,5.57,5.53,0.99,0.99,2.34,2.46,109.94,9.64,,
WHD,2026-08-15,Energy,Oil & Gas Equipment & Services,5880000000.0,62.73,20.58,1.22,4.31,4.11,18.27,6.849999999999999,3.71,6.4,30.659999999999997,19.17,6.01,9.22,21.18,16.84,27.27,25.36,0.05,0.03,2.59,1.81,0.78,0.68,115.64000000000001,4.7,,
WHR,2026-08-15,Consumer Cyclical,"Furnishings, Fixtures & Appliances",2700000000.0,13.91,11.27,,0.18,0.68,,5.98,1.1,1.59,13.530000000000001,3.08,1.17,-68.83,89.07,-4.9,-19.73,-4.41,2.05,1.99,1.15,0.71,2.33,4.51,98.08,22.03,,
WINA,2026-08-15,Consumer Cyclical,Specialty Retail,1260000000.0,31.87,28.1,,14.57,,29.16,,94.36,166.98,96.66,62.33,47.09,0.62,9.85,,7.92,5.43,,,3.75,3.67,1.13,17.07,93.51,10.97,,
WING,2026-08-15,Consumer Cyclical,Restaurants,3440000000.0,29.94,23.54,1.33,4.77,,26.74,,17.04,23.48,82.62,28.77,16.15,8.72,20.78,17.66,51.34,22.87,,,2.97,2.97,1.0,0.71,130.71,15.68,,
WKC,2026-08-15,Energy,Oil & Gas Refining & Marketing,1850000000.0,,14.11,,0.04,1.47,,-12.560000000000002,-2.83,-8.99,1.6200000000000003,0.8100000000000002,-0.43,88.48,-28.89,-6.13,,12.95,0.59,0.59,1.06,0.91,2.46,4.01,113.74,13.66,,
WLK,2026-08-15,Basic Materials,Specialty Chemicals,10170000000.0,,23.84,,0.9,1.17,,-12.950000000000001,-6.11,-8.5,8.52,0.19,-10.88,443.7,7.88,,,8.28,0.68,0.66,2.45,1.7,2.75,74.05,33.56,14.57,,
WLY,2026-08-15,Communication Services,Publishing,2610000000.0,12.16,9.7,,1.56,3.08,12.47,27.690000000000005,8.39,13.95,71.1,17.66,13.22,14.56,10.42,,9.65,-2.89,0.91,0.87,0.54,0.51,2.77,22.91,88.8,10.64,,
WM,2026-08-15,Industrials,Waste Management,89760000000.0,31.79,24.76,2.57,3.5,9.05,25.12,29.830000000000002,6.19,8.86,29.15,18.51,11.12,8.2,11.77,9.62,13.74,10.62,2.35,2.24,0.91,0.87,1.68,0.24,84.96,1.55,,
WMB,2026-08-15,Energy,Oil & Gas Midstream,91980000000.0,30.02,29.24,2.31,7.46,6.99,,23.98,5.26,7.44,43.93,37.99,24.91,16.06,5.53,12.65,65.64,8.91,2.33,2.13,0.48,0.43,2.8,0.5,89.48,2.18,,
WMG,2026-08-15,Communication Services,Entertainment,13420000000.0,20.28,14.14,0.32,1.84,15.71,16.05,92.17,6.49,11.61,40.06,18.77,9.1,115.78,21.8,44.68,,8.49,5.76,5.71,0.73,0.72,3.02,72.23,30.510000000000005,6.61,,
WMS,2026-08-15,Industrials,Building Products & Equipment,11380000000.0,26.05,20.03,1.63,3.53,6.01,20.68,25.27,10.87,12.59,35.33,21.5,14.000000000000002,1.56,18.33,12.31,16.0,9.0,0.95,0.92,2.12,1.18,0.52,7.109999999999999,95.25,3.29,,
WMT,2026-08-15,Consumer Defensive,Discount Stores,917330000000.0,40.61,35.2,3.08,1.26,9.73,73.08,25.53,8.24,15.01,24.98,4.16,3.1300000000000003,9.72,13.04,11.44,11.53,4.99,0.79,0.61,0.77,0.23,0.86,44.22,36.37,1.62,,
WOR,2026-08-15,Industrials,Metal Fabrication,2870000000.0,18.67,14.2,1.6,2.08,2.78,16.86,15.89,8.63,11.4,27.26,5.9,11.3,10.8,10.64,8.88,-25.22,-15.32,0.34,0.33,2.37,1.43,1.41,37.91,51.82,3.09,,
WPC,2026-08-15,Real Estate,REIT - Diversified,16320000000.0,24.53,22.88,2.03,9.11,1.88,16.13,7.71,3.55,3.77,59.97,53.17000000000001,36.34,21.17,6.41,11.28,-4.13,7.26,1.03,0.99,0.3,0.3,5.22,1.09,80.51,3.63,,
WRB,2026-08-15,Financial,Insurance - Property & Casualty,26180000000.0,14.5,14.61,2.69,1.76,2.66,7.24,20.16,4.86,14.94,,16.89,12.94,12.02,-0.48,5.43,28.92,12.67,0.32,0.31,0.42,,1.9799999999999998,40.53,58.62,7.07,,
WRBY,2026-08-15,Healthcare,Medical Instruments & Supplies,3200000000.0,426.85,43.34,1.12,3.51,8.16,147.25,2.06,1.05,1.27,52.61,0.25,0.8500000000000001,21.52,36.83,38.77,,17.23,0.64,0.55,2.18,1.93,,17.5,100.27999999999999,16.96,,
WRLD,2026-08-15,Financial,Credit Services,908150000.0,23.03,12.86,,1.53,2.51,3.47,10.07,3.7800000000000002,4.01,98.51,17.39,6.709999999999999,89.1,14.87,,-12.26,2.17,1.79,1.74,0.43,0.43,,18.97,93.76,13.43,,
WS,2026-08-15,Basic Materials,Steel,1930000000.0,270.61,7.79,0.2,0.56,1.78,24.16,0.75,0.38,0.67,11.32,3.1400000000000006,0.22999999999999998,53.36,42.4,39.57,-53.75,-4.08,0.33,0.12,1.46,0.92,1.69,36.29,54.669999999999995,4.4,,
WSBC,2026-08-15,Financial,Banks - Regional,4090000000.0,12.39,11.03,,2.69,1.05,10.35,8.98,1.29,6.17,,30.67,21.83,5.31,8.05,,4.64,16.27,0.43,0.4,0.06,,3.58,2.22,86.51,6.98,,
WSC,2026-08-15,Industrials,Rental & Leasing Services,4310000000.0,,18.2,1.33,1.88,4.72,14.46,-7.08,-1.15,-1.5,46.38,20.55,-3.0,-7.05,17.06,13.64,,10.78,4.17,4.05,0.81,0.74,1.01,2.52,121.19,9.57,,
WSFS,2026-08-15,Financial,Banks - Regional,4170000000.0,13.69,11.86,0.92,3.04,1.54,14.15,11.85,1.48,10.21,,31.2,23.34,26.26,4.69,12.91,17.51,14.21,0.16,0.15,0.17,,0.9399999999999998,1.1,94.19,4.3,,
WSM,2026-08-15,Consumer Cyclical,Specialty Retail,28450000000.0,27.04,23.43,2.38,3.61,15.21,26.04,54.010000000000005,21.31,34.58,46.06,18.0,13.81,10.11,9.41,9.86,15.47,2.85,0.8,0.68,1.33,0.5,1.22,2.02,96.11,4.87,,
WSO,2026-08-15,Industrials,Industrial Distribution,12930000000.0,27.23,23.82,4.63,1.77,4.31,18.54,15.35,9.0,12.95,26.91,9.02,6.06,-1.41,8.81,5.15,11.8,7.45,0.18,0.14,3.2,1.45,3.7599999999999993,14.069999999999999,94.01,9.97,,
WST,2026-08-15,Healthcare,Medical Instruments & Supplies,24590000000.0,44.67,35.01,2.2,7.39,8.23,56.28,19.09,14.069999999999999,17.2,36.82,21.97,16.98,23.0,11.3,15.91,8.26,7.45,0.11,0.1,2.82,2.12,0.22,0.64,104.10999999999999,3.59,,
WT,2026-08-15,Financial,Asset Management,3460000000.0,43.78,17.58,0.96,5.67,8.27,17.64,18.56,5.87,5.43,78.31,39.75,13.15,36.71,10.33,18.38,,14.59,2.58,2.53,3.0,3.0,0.53,12.83,107.84,11.08,,
WTFC,2026-08-15,Financial,Banks - Regional,10960000000.0,13.05,11.79,1.21,2.53,1.53,6.8,12.21,1.25,7.57,,27.98,19.53,15.21,4.96,9.78,19.49,17.97,0.58,0.58,0.09,,1.35,1.53,97.03,3.13,,
WTRG,2026-08-15,Utilities,Utilities - Regulated Water,11460000000.0,20.63,17.1,4.06,4.46,1.63,,8.08,2.88,3.59,38.94,35.06,21.6,1.78,5.46,4.21,14.45,11.09,1.21,1.2,0.78,0.62,3.49,0.26,81.26,1.97,,
WTS,2026-08-15,Industrials,Specialty Industrial Machinery,12830000000.0,33.55,27.29,2.09,4.79,5.86,36.73,18.81,13.720000000000002,16.71,48.79,19.46,14.34,21.31,9.77,13.03,24.79,10.08,0.05,0.05,2.66,1.6,0.51,18.77,81.53,2.73,,
WTW,2026-08-15,Financial,Insurance Brokers,30800000000.0,20.46,14.49,0.87,3.05,4.01,18.23,19.83,5.3,11.24,81.24,23.4,15.49,16.03,15.45,16.61,16.17,2.43,0.92,0.81,1.1,1.1,1.14,0.4699999999999999,100.29999999999998,3.83,,
WU,2026-08-15,Financial,Credit Services,2320000000.0,6.01,4.9,,0.58,2.54,4.11,43.97,4.96,11.74,30.510000000000005,16.77,9.81,-26.02,17.45,-1.42,-3.18,-3.48,2.95,2.68,0.22,0.22,12.28,1.52,99.4,16.68,,
WWW,2026-08-15,Consumer Cyclical,Footwear & Accessories,1730000000.0,16.31,11.5,0.7,0.88,3.84,10.09,26.6,6.0,9.56,46.9,8.69,5.41,21.13,12.63,16.34,,0.91,1.66,1.46,1.55,0.98,1.91,1.94,105.05,7.22,,
WY,2026-08-15,Real Estate,REIT - Specialty,17700000000.0,37.56,33.69,0.46,2.58,1.87,,4.97,2.86,3.2,14.510000000000002,6.16,6.890000000000001,62.48,124.35,73.32,-15.92,-1.72,0.58,0.56,1.82,1.15,3.4300000000000006,0.45999999999999996,92.53,3.49,,
WYNN,2026-08-15,Consumer Cyclical,Resorts & Casinos,10560000000.0,24.56,20.5,1.61,1.42,,13.33,,3.47,4.18,32.09,16.3,6.06,11.32,7.26,12.75,,27.77,,,0.91,0.88,0.98,27.779999999999998,70.04,11.17,,
XEL,2026-08-15,Utilities,Utilities - Regulated Electric,49450000000.0,21.67,17.41,1.78,3.39,2.05,,9.92,2.75,3.6,25.980000000000004,21.16,15.289999999999997,8.31,10.48,9.78,4.2,4.94,1.73,1.58,0.7,0.62,3.03,0.19,93.92,6.81,,
XHR,2026-08-15,Real Estate,REIT - Hotel & Motel,1770000000.0,,30.17,,1.62,1.59,15.3,-0.62,-0.26,-0.29,14.360000000000001,6.64,-0.7,-71.09,243.24,,,23.87,1.25,1.24,2.18,2.18,2.97,0.73,101.63,4.39,,
XNCR,2026-08-15,Healthcare,Biotechnology,1740000000.0,,,,16.53,3.45,,-29.07,-20.36,-25.44,90.3,-205.84000000000003,-155.59,-145.19,-7.31,,-0.43,0.47,0.34,0.28,6.39,6.39,,5.89,109.46000000000001,16.21,,
XOM,2026-08-15,Energy,Oil & Gas Integrated,658320000000.0,20.6,15.0,1.03,1.81,2.54,21.55,12.55,7.180000000000001,11.23,20.88,11.3,9.01,63.87,-6.81,14.51,,12.7,0.16,0.12,1.13,0.85,2.6,0.22999999999999998,66.18,1.03,,
XPEL,2026-08-15,Consumer Cyclical,Auto Parts,1380000000.0,25.28,17.59,0.58,2.71,4.5,,19.48,13.84,15.08,42.9,13.41,10.77,18.92,29.24,30.32,22.82,24.54,0.21,0.19,2.61,1.14,,9.44,87.71,9.77,,
XPO,2026-08-15,Industrials,Trucking,24710000000.0,62.06,32.57,1.16,2.88,12.59,41.81,21.59,4.91,7.19,12.75,9.82,4.71,46.97,18.22,28.09,,-4.37,2.03,1.86,1.01,1.01,,3.1300000000000003,103.85,5.56,,
XRAY,2026-08-15,Healthcare,Medical Instruments & Supplies,2310000000.0,,7.59,4.52,0.63,1.71,16.16,-32.98,-9.69,-15.9,49.52,5.08,-14.99,-4.31,-0.32,1.68,-51.27,1.95,1.71,1.54,1.63,1.07,0.55,0.84,114.14,11.94,,
XYL,2026-08-15,Industrials,Specialty Industrial Machinery,27940000000.0,28.43,19.34,1.87,3.07,2.68,30.27,9.47,5.9,7.94,39.09,15.370000000000001,11.17,11.51,9.25,10.36,22.83,13.14,0.29,0.23,1.61,1.24,1.33,0.35,96.22,3.32,,
XYZ,2026-08-15,Technology,Software - Infrastructure,49790000000.0,147.55,15.86,0.4,1.99,2.26,12.83,1.6200000000000003,0.9399999999999998,1.25,45.81,17.59,1.43,70.79,29.08,39.78,36.61,20.56,0.33,0.3,2.21,2.19,,12.25,72.43,2.75,,
YELP,2026-08-15,Communication Services,Internet Content & Information,1340000000.0,11.83,9.62,1.04,0.91,2.11,4.52,18.19,12.839999999999998,16.64,85.59,12.689999999999998,8.59,-19.42,42.32,9.27,,10.91,0.19,0.18,1.75,1.75,,4.44,111.55999999999999,16.47,,
YETI,2026-08-15,Consumer Cyclical,Leisure,3250000000.0,19.39,13.21,0.97,1.68,5.34,12.73,25.319999999999997,13.73,21.22,59.209999999999994,12.18,9.24,19.83,13.5,13.6,2.71,11.35,0.42,0.38,1.75,0.87,0.5,1.33,120.92,11.17,,
YOU,2026-08-15,Technology,Software - Application,6150000000.0,31.02,20.69,0.56,6.14,22.5,12.09,90.29,10.72,47.7,63.18,25.129999999999995,14.78,63.39,20.04,37.16,,31.3,0.53,0.5,1.04,1.04,1.54,7.35,99.7,12.44,,
YUM,2026-08-15,Consumer Cyclical,Restaurants,40420000000.0,18.63,20.34,2.03,4.63,,24.07,,28.42,63.45,45.33,32.42,25.420000000000005,8.86,10.54,10.03,13.51,7.76,,,0.59,0.59,2.01,0.15,89.11,2.78,,
ZBH,2026-08-15,Healthcare,Medical Devices,19200000000.0,24.49,11.1,1.9,2.26,1.52,16.0,6.419999999999999,3.53,4.27,61.42999999999999,16.33,9.48,4.03,6.29,5.85,,3.22,0.59,0.5,1.69,0.94,1.03,0.19,102.32,5.87,,
ZBRA,2026-08-15,Technology,Communication Equipment,17790000000.0,34.41,16.94,1.15,3.02,5.19,19.68,15.289999999999997,6.5,13.2,47.56,17.16,9.16,33.36,5.09,14.77,-2.63,4.06,0.86,0.19,0.52,0.33,,1.05,100.21,5.71,,
ZD,2026-08-15,Communication Services,Advertising Agencies,1900000000.0,,9.85,8.01,1.43,0.87,6.0,-2.75,-1.49,-1.12,69.25,10.2,-2.5,-24.01,11.55,1.23,-18.45,4.6,0.39,0.32,2.16,2.16,,11.03,114.28,16.62,,
ZION,2026-08-15,Financial,Banks - Regional,10540000000.0,9.2,10.52,1.46,2.04,1.38,5.79,16.19,1.3,11.71,,29.059999999999995,22.3,33.17,-14.23,7.2,14.71,10.9,0.45,0.29,0.15,,2.53,1.55,84.26,3.81,,
ZTS,2026-08-15,Healthcare,Drug Manufacturers - Specialty & Generic,30490000000.0,12.14,11.22,3.33,3.2,9.71,12.89,64.39,17.7,21.12,70.22,37.65,27.49,-1.25,3.88,3.37,11.96,7.24,2.93,2.93,3.08,1.84,2.91,0.57,100.32,5.2,,
ZWS,2026-08-15,Industrials,Pollution & Treatment Controls,8449999999.999999,31.3,25.09,1.9,4.73,5.1,22.51,16.92,10.03,12.59,45.72,21.33,15.45,20.57,10.86,13.19,-2.0,-2.36,0.33,0.32,3.05,2.13,0.88,11.65,92.6,3.22,,
