ticker,as_of,sector,industry,market_cap,pe,forward_pe,peg,ps,pb,pfcf,roe,roa,roi,gross_margin,oper_margin,net_margin,eps_growth,eps_growth_next_y,eps_growth_5y,eps_growth_past5y,sales_growth,debt_equity,lt_debt_equity,current_ratio,quick_ratio,dividend_yield,insider_own,inst_own,short_float,promoter_holding,pledged_pct
A,2026-08-29,Healthcare,Diagnostics & Research,43450000000.0,30.29,22.84,2.28,5.89,5.89,34.29,20.97,11.0,13.08,56.779999999999994,23.3,19.53,10.76,8.79,10.01,14.68,5.41,0.54,0.5,2.05,1.56,0.66,0.34,95.34,1.84,,
AA,2026-08-29,Basic Materials,Aluminum,13280000000.0,10.32,8.12,0.41,0.96,1.8,37.73,19.1,8.1,13.45,14.2,11.66,9.33,74.24,-5.61,19.58,,7.07,0.3,0.3,1.53,0.92,0.79,0.55,83.71,4.17,,
AAL,2026-08-29,Industrials,Airlines,9030000000.0,,5.7,0.05,0.15,,31.68,,-0.51,-1.18,17.86,1.83,-0.56,-89.53,6248.73,108.99,,25.8,,,0.53,0.42,,1.58,78.36,9.94,,
AAMI,2026-08-29,Financial,Asset Management,3400000000.0,33.79,14.66,,4.89,36.94,14.02,200.4,13.26,29.42,96.56,26.6,14.59,65.38,21.49,,-8.76,3.76,2.8,2.75,1.06,1.06,0.43,0.51,103.2,2.51,,
AAON,2026-08-29,Industrials,Building Products & Equipment,6260000000.0,39.69,21.26,0.42,3.24,6.19,,17.28,9.76,10.76,24.05,11.05,8.24,74.9,51.17,50.11,5.45,22.89,0.48,0.47,3.01,2.01,0.53,16.68,79.94,6.19,,
AAP,2026-08-29,Consumer Cyclical,Auto Parts,2590000000.0,31.14,10.91,0.43,0.3,1.14,112.66,4.84,0.96,1.12,45.03,3.91,0.97,32.65,31.18,25.34,-36.7,-3.17,2.31,2.31,1.75,0.85,2.34,1.9799999999999998,126.05999999999999,16.89,,
AAPL,2026-08-29,Technology,Consumer Electronics,4665760000000.0,36.65,33.57,2.69,9.99,43.44,34.14,148.75,36.08,72.08,48.65,33.17,27.62,18.42,7.81,12.49,17.91,8.71,0.78,0.66,1.0,0.93,0.34,0.12,68.91,0.8,,
AAT,2026-08-29,Real Estate,REIT - Diversified,1380000000.0,75.73,60.62,,3.13,1.23,15.54,1.6399999999999997,0.65,0.67,31.269999999999996,22.77,4.09,-57.61,-5.13,-23.0,14.72,6.88,1.53,1.53,2.46,2.46,6.06,26.619999999999997,79.65,2.77,,
ABBV,2026-08-29,Healthcare,Drug Manufacturers - General,451460000000.0,72.23,15.65,0.73,7.01,,24.79,15221.82,4.6,11.08,71.42,34.18,9.74,40.31,16.33,21.47,-2.81,5.95,,,0.81,0.69,2.69,0.12,78.2,1.04,,
ABCB,2026-08-29,Financial,Banks - Regional,5740000000.0,15.49,12.18,,3.37,1.4,11.0,9.4,1.36,8.87,,33.34,22.11,10.78,5.92,,9.71,7.93,0.34,0.04,0.16,,0.95,5.8,99.99,4.09,,
ABG,2026-08-29,Consumer Cyclical,Auto & Truck Dealerships,3800000000.0,7.91,6.97,1.21,0.21,0.97,7.78,13.23,4.73,7.13,16.61,5.08,2.83,-5.99,14.92,5.76,13.75,20.34,1.41,0.82,0.91,0.29,,0.91,106.67,5.98,,
ABM,2026-08-29,Industrials,Specialty Business Services,2770000000.0,18.19,10.84,1.12,0.31,1.58,8.28,8.87,2.89,4.34,11.35,4.13,1.7500000000000002,15.62,9.49,9.66,256.47,7.87,1.13,1.09,1.46,1.46,2.45,1.59,102.47999999999999,3.27,,
ABNB,2026-08-29,Consumer Cyclical,Travel Services,113430000000.0,43.06,30.55,1.37,8.58,14.33,23.35,34.54,9.65,26.19,72.56,21.21,20.35,31.01,17.45,22.31,,29.5,0.32,0.32,1.41,1.41,,31.35,62.74000000000001,3.18,,
ABR,2026-08-29,Real Estate,REIT - Mortgage,943980000.0,78.82,8.69,,0.79,0.45,2.87,2.01,0.4099999999999999,0.48,94.25,70.95,1.36,-74.53,113.76,,-16.98,12.27,3.99,3.35,0.55,0.24,16.01,4.38,65.62,24.92,,
ABT,2026-08-29,Healthcare,Medical Devices,194620000000.0,36.35,18.54,1.99,4.18,3.81,24.87,10.63,5.59,6.7,52.81,16.44,11.6,7.13,9.93,9.3,8.23,5.08,0.64,0.58,1.38,0.97,2.29,0.69,82.09,1.19,,
ACA,2026-08-29,Industrials,Engineering & Construction,7130000000.0,54.36,29.85,7.32,2.6,2.39,52.81,7.24,3.8599999999999994,2.93,23.04,11.18,4.78,-4.25,13.73,4.08,14.24,8.3,0.51,0.5,3.12,2.31,0.14,1.8799999999999997,92.28,1.81,,
ACAD,2026-08-29,Healthcare,Biotechnology,5020000000.0,13.11,32.03,,4.41,3.83,34.44,35.74,25.64,27.85,91.13,7.59,33.42,-73.34,48.25,-12.33,,19.39,0.06,0.05,3.39,3.3,,1.32,97.73,5.57,,
ACGL,2026-08-29,Financial,Insurance - Diversified,33729999999.999996,7.72,10.1,4.37,1.81,1.45,5.57,19.94,6.800000000000001,17.02,,25.11,25.03,-4.85,4.16,2.31,28.39,18.36,0.18,0.15,0.5,,0.17,2.72,94.07,2.2,,
ACHC,2026-08-29,Healthcare,Medical Care Facilities,2660000000.0,,15.67,7.09,0.79,1.31,,-44.54,-19.0,-25.08,16.26,10.06,-33.44,-23.69,19.39,2.21,,9.65,1.3,1.27,1.57,1.56,,6.43,138.41,24.05,,
ACI,2026-08-29,Consumer Defensive,Grocery Stores,6080000000.0,167.51,,,0.07,3.8,10.78,2.72,0.25,0.42,24.96,1.96,0.08,-17.69,,-5.08,-24.7,3.6,9.74,8.81,0.84,0.21,4.34,33.03,64.53,15.91,,
ACIW,2026-08-29,Technology,Software - Infrastructure,5430000000.0,24.63,18.31,,2.99,3.64,17.44,15.620000000000001,7.24,9.83,43.7,19.02,12.4,19.91,13.51,,28.58,6.34,0.58,0.53,1.58,1.58,,1.91,103.95,6.09,,
ACLS,2026-08-29,Technology,Semiconductor Equipment & Materials,3570000000.0,38.86,21.94,1.15,4.12,3.35,54.45,8.89,6.849999999999999,8.22,43.01,10.33,10.71,-15.86,28.3,19.03,20.99,12.07,0.07,0.06,4.9,3.21,,1.33,101.88999999999999,5.52,,
ACM,2026-08-29,Industrials,Engineering & Construction,8900000000.0,25.25,10.84,0.94,0.58,4.06,43.75,15.909999999999998,3.07,6.77,5.68,4.65,2.35,-24.35,60.41,11.48,,4.04,1.52,1.43,1.06,1.06,1.24,0.66,94.91,4.0,,
ACMR,2026-08-29,Technology,Semiconductor Equipment & Materials,5180000000.0,35.35,23.04,0.58,4.99,2.79,,10.55,5.52,7.3,43.84,13.29,14.48,39.26,44.07,40.01,35.88,41.91,0.19,0.11,3.65,2.66,0.2,16.55,70.36,5.65,,
ACN,2026-08-29,Technology,Information Technology Services,116030000000.0,15.14,12.92,1.91,1.59,3.64,9.22,24.95,11.79,19.76,31.730000000000004,15.47,10.66,7.2,5.88,6.78,9.01,9.47,0.26,0.24,1.34,1.34,3.42,0.22999999999999998,82.79,3.82,,
ACT,2026-08-29,Financial,Insurance - Specialty,6750000000.0,10.34,9.75,1.96,5.38,1.26,9.36,12.869999999999997,9.95,11.13,,73.11,54.510000000000005,6.2,4.81,4.97,14.7,2.24,0.14,0.14,1.62,,1.9,80.14,22.32,8.81,,
ADAM,2026-08-29,Real Estate,REIT - Mortgage,880820000.0,5.83,9.48,,1.06,0.95,5.74,14.17,1.72,3.53,85.74,82.71,18.6,19.73,-21.48,-4.19,,35.33,7.69,2.89,0.06,0.06,10.65,6.63,57.989999999999995,3.44,,
ADBE,2026-08-29,Technology,Software - Application,115880000000.0,16.67,10.6,0.73,4.6,10.1,11.27,62.95,24.91,43.42,88.82,36.74,28.689999999999998,16.54,12.73,14.49,9.04,13.06,0.61,0.45,0.75,0.75,,0.21,87.18,4.53,,
ADC,2026-08-29,Real Estate,REIT - Retail,9100000000.0,39.43,37.3,7.97,11.68,1.43,17.16,3.6900000000000004,2.29,2.38,54.25,48.43,27.83,7.52,3.11,4.68,0.32,23.65,0.6,0.45,0.16,0.16,4.37,2.1,115.53,11.6,,
ADEA,2026-08-29,Technology,Software - Application,2840000000.0,23.77,15.97,5.1,6.02,5.94,15.04,27.88,11.7,14.42,86.76,46.81,26.05,-13.71,13.13,3.13,-10.86,-13.05,0.83,0.78,3.25,3.25,0.78,2.76,104.07,7.1,,
ADI,2026-08-29,Technology,Semiconductors,175310000000.0,42.93,21.72,0.6,12.63,5.23,35.51,12.23,8.56,10.25,60.39,35.72,29.79,65.19,29.45,36.14,6.82,14.49,0.27,0.2,1.25,0.91,1.18,0.26,94.17,1.74,,
ADM,2026-08-29,Consumer Defensive,Farm Products,39300000000.0,22.32,14.02,0.78,0.48,1.67,23.43,7.7,3.35,5.7,7.02,2.49,2.15,54.61,9.67,18.09,-6.68,4.52,0.4,0.32,1.39,0.86,2.61,0.7,89.65,2.56,,
ADMA,2026-08-29,Healthcare,Biotechnology,2089999999.9999998,13.26,9.9,0.44,4.08,5.16,17.96,41.9,27.190000000000005,27.83,64.67,42.26,32.98,21.3,18.41,22.25,,64.6,0.5,0.49,6.97,3.81,,4.16,90.12,10.57,,
ADNT,2026-08-29,Consumer Cyclical,Auto Parts,1470000000.0,31.87,6.39,0.25,0.1,0.85,4.98,2.73,0.54,1.12,6.15,2.58,0.32,4.99,47.31,25.53,10.31,2.78,1.53,1.48,1.1,0.91,1.43,2.12,98.82,8.2,,
ADP,2026-08-29,Technology,Software - Application,114210000000.0,26.27,21.47,2.27,5.2,18.96,21.78,72.24,7.57,39.05,50.67,26.41,20.11,10.23,9.22,9.44,12.51,7.9,0.91,0.87,1.05,1.05,2.43,0.22,92.07,2.81,,
ADSK,2026-08-29,Technology,Software - Application,55000000000.0,33.77,18.44,1.18,7.04,16.1,19.37,53.849999999999994,13.780000000000001,29.62,85.81,23.39,21.01,20.51,12.46,15.64,-0.79,13.69,1.1,0.64,0.86,0.86,,0.37,99.53,3.53,,
ADT,2026-08-29,Industrials,Security & Protection Services,5510000000.0,10.44,7.65,1.22,1.07,1.59,3.41,17.2,3.8699999999999997,5.57,48.75,25.19,11.86,3.64,6.81,6.25,,-0.71,2.24,2.16,0.69,0.52,2.92,9.28,99.05,3.99,,
ADUS,2026-08-29,Healthcare,Medical Care Facilities,2160000000.0,20.27,15.37,1.78,1.46,1.88,13.94,9.71,7.35,8.47,31.230000000000004,10.85,7.13,13.08,6.74,8.65,20.22,13.22,0.09,0.08,1.69,1.69,,2.89,105.04,5.59,,
AEE,2026-08-29,Utilities,Utilities - Regulated Electric,29380000000.0,18.68,18.26,2.32,3.36,2.15,,12.02,3.19,4.77,31.72,24.87,17.86,7.15,7.82,7.87,8.84,8.72,1.59,1.39,0.53,0.37,2.85,0.38,90.35,4.54,,
AEIS,2026-08-29,Industrials,Electrical Equipment & Parts,10930000000.0,50.87,17.96,0.42,5.36,7.49,123.32,16.27,7.6,8.18,38.9,14.62,10.77,75.42,35.09,42.46,1.93,4.9,0.95,0.84,3.79,2.94,0.11,0.98,101.1,4.36,,
AEO,2026-08-29,Consumer Cyclical,Apparel Retail,2830000000.0,10.43,8.67,0.59,0.5,1.72,15.28,17.98,7.15,8.74,34.76,7.57,5.01,17.22,10.66,14.81,,8.09,1.14,0.95,1.55,0.53,2.41,7.000000000000001,100.86,10.92,,
AEP,2026-08-29,Utilities,Utilities - Regulated Electric,66590000000.0,21.2,17.83,2.13,2.93,2.08,,10.14,2.74,3.9,30.870000000000005,23.33,13.819999999999999,6.84,7.57,8.35,8.53,7.88,1.67,1.51,0.5,0.38,3.1400000000000006,0.18,94.51,4.29,,
AES,2026-08-29,Utilities,Utilities - Diversified,10510000000.0,5.5,6.09,1.66,0.81,2.13,,28.22,3.72,5.21,20.26,18.69,14.679999999999998,-2.18,5.75,3.67,82.82,4.83,4.02,3.58,0.75,0.67,4.82,0.6,92.9,2.43,,
AESI,2026-08-29,Energy,Oil & Gas Equipment & Services,1610000000.0,,,,1.5,1.44,,-9.93,-4.93,-5.65,4.16,-9.39,-11.08,-123.9,85.99,,-3.59,57.85,0.94,0.88,1.82,1.58,,36.23,84.96,29.94,,
AFG,2026-08-29,Financial,Insurance - Property & Casualty,11910000000.0,12.55,11.79,1.68,1.46,2.47,8.32,20.41,3.73,13.91,,14.31,11.69,19.91,-1.25,7.0,4.21,7.53,0.42,0.42,0.5,,4.94,17.39,70.28,2.47,,
AFL,2026-08-29,Financial,Insurance - Life,58420000000.0,12.49,15.44,9.53,3.23,1.93,22.07,16.91,4.05,12.69,,33.36,26.91,-6.41,7.65,1.62,0.43,-4.97,0.29,0.26,1.0,,2.1,10.88,60.69,2.46,,
AGCO,2026-08-29,Industrials,Farm & Heavy Construction Machinery,7940000000.0,15.69,15.49,0.69,0.77,1.95,24.04,12.93,4.41,8.37,24.56,6.59,5.15,7.08,29.5,22.39,11.57,1.96,0.7,0.56,1.32,0.58,1.06,15.920000000000002,95.81,6.11,,
AGNT,2026-08-29,Real Estate,Real Estate Services,708580000.0,,74.82,,0.14,2.52,7.63,-6.890000000000001,-3.37,-6.12,6.83,-0.22999999999999998,-0.35,192.86,-56.41,,,21.56,0.02,0.0,1.52,1.52,4.72,40.73,39.18,13.26,,
AGO,2026-08-29,Financial,Insurance - Specialty,3320000000.0,10.11,10.97,,3.59,0.6,10.25,6.27,2.84,4.72,,55.94,37.47,-21.78,-3.03,-2.92,19.7,-1.19,0.34,0.34,5.8,,2.01,6.2,94.01,5.24,,
AGX,2026-08-29,Industrials,Engineering & Construction,5860000000.0,36.7,27.08,1.04,5.62,12.37,12.03,38.52,15.52,34.06,20.72,14.95,15.479999999999999,22.92,28.83,26.08,45.23,19.22,0.02,0.0,1.53,1.51,0.45000000000000007,3.4099999999999997,111.45,7.5,,
AGYS,2026-08-29,Technology,Software - Application,3320000000.0,78.1,36.82,1.02,10.07,9.82,41.33,13.8,9.54,12.2,60.199999999999996,12.0,12.990000000000002,37.22,30.33,36.11,,18.41,0.05,0.04,1.74,1.67,,7.86,106.04,5.73,,
AHCO,2026-08-29,Healthcare,Medical Devices,789430000.0,,,,0.24,0.57,8.08,-16.12,-5.5,-6.73,15.939999999999998,4.54,-7.049999999999999,-132.73,86.57,-9.93,29.83,25.16,1.5,1.45,1.12,0.98,,36.64,77.43,8.8,,
AHR,2026-08-29,Real Estate,REIT - Healthcare Facilities,12190000000.0,82.36,70.74,2.55,4.87,2.93,62.34,3.9599999999999995,2.37,2.33,9.45,6.819999999999999,4.84,42.19,31.44,27.7,103.46,12.68,0.42,0.41,1.19,1.19,1.82,0.8,104.36000000000001,13.67,,
AIG,2026-08-29,Financial,Insurance - Diversified,40230000000.0,14.09,8.75,0.87,1.51,0.99,10.45,7.22,2.36,5.97,,16.86,11.13,13.38,9.43,10.11,,-9.35,0.22,0.22,0.91,,2.53,0.24,98.12,1.52,,
AIN,2026-08-29,Consumer Cyclical,Textile Manufacturing,1660000000.0,,18.41,,1.35,2.22,28.34,-6.260000000000001,-2.98,-4.28,21.06,-0.9000000000000001,-4.18,342.37,10.84,,,5.6,0.6,0.6,2.24,1.89,1.9,0.8100000000000002,105.15999999999998,3.08,,
AIR,2026-08-29,Industrials,Aerospace & Defense,5360000000.0,27.36,20.3,1.49,1.62,3.12,89.97,12.879999999999999,5.95,6.95,18.8,8.44,5.67,13.66,14.29,13.62,37.27,14.89,0.59,0.58,2.84,1.24,,2.49,101.31000000000002,3.44,,
AIT,2026-08-29,Industrials,Industrial Distribution,11830000000.0,29.41,24.36,2.79,2.38,6.37,25.68,22.37,13.4,18.08,29.01,11.69,8.35,9.89,9.93,8.73,24.34,8.95,0.26,0.23,2.58,1.75,0.65,0.9399999999999998,97.38,1.78,,
AIZ,2026-08-29,Financial,Insurance - Property & Casualty,14090000000.0,13.56,12.28,1.48,1.05,2.31,8.51,18.34,3.6699999999999995,13.28,,10.71,7.9,11.82,5.19,8.3,20.6,5.96,0.36,0.31,3.28,,1.22,0.78,101.42,2.35,,
AJG,2026-08-29,Financial,Insurance Brokers,68580000000.0,44.27,17.92,1.1,4.35,2.89,29.99,6.72,1.94,4.34,90.43,17.08,9.96,23.96,12.65,16.36,6.47,15.25,0.59,0.53,1.05,1.05,1.05,1.92,94.43,2.33,,
AKAM,2026-08-29,Technology,Software - Infrastructure,15450000000.0,38.77,15.07,3.35,3.57,3.25,24.52,8.92,3.2099999999999995,3.42,53.37,11.92,9.51,-5.62,6.14,4.5,-1.83,5.64,1.97,1.53,1.61,1.61,,2.21,114.67,14.02,,
AKR,2026-08-29,Real Estate,REIT - Retail,2890000000.0,61.27,64.25,4.78,7.16,1.22,92.66,1.9299999999999997,0.9399999999999998,1.13,31.69,19.41,11.01,109.16,-27.39,13.44,,10.36,0.76,0.69,1.29,1.29,3.8699999999999997,0.53,121.22,12.22,,
ALB,2026-08-29,Basic Materials,Specialty Chemicals,16210000000.0,,13.65,,2.74,2.02,12.08,2.19,1.35,1.84,23.84,14.12,0.97,1555.56,-12.51,,,10.45,0.19,0.18,2.09,1.35,1.18,0.28,101.02,8.7,,
ALG,2026-08-29,Industrials,Farm & Heavy Construction Machinery,2009999999.9999998,19.8,13.58,,1.21,1.66,14.87,8.77,6.16,6.94,23.11,8.91,6.08,19.94,18.09,,11.99,6.63,0.23,0.23,4.39,2.48,0.8199999999999998,4.13,98.87,4.27,,
ALGM,2026-08-29,Technology,Semiconductors,6670000000.0,476.3,23.84,0.42,7.05,6.91,75.9,1.51,1.01,1.13,47.2,6.22,1.5,90.32,45.97,56.91,,8.53,0.32,0.31,3.7,2.33,,32.92,79.92,7.91,,
ALGN,2026-08-29,Healthcare,Medical Instruments & Supplies,11190000000.0,27.34,12.57,1.32,2.7,2.65,17.67,10.16,6.550000000000001,9.58,70.65,18.38,9.99,7.44,11.05,9.51,-24.08,10.3,0.03,0.02,1.4,1.28,,3.29,105.27,4.99,,
ALGT,2026-08-29,Industrials,Airlines,2160000000.0,56.11,6.7,0.12,0.75,1.21,,1.76,0.45999999999999996,0.58,12.710000000000003,8.64,0.86,72.7,79.54,57.95,26.48,21.36,1.6,1.42,0.83,0.8,,10.55,98.17,6.59,,
ALHC,2026-08-29,Healthcare,Healthcare Plans,2830000000.0,72.95,31.54,,0.62,10.64,15.92,20.04,3.5699999999999994,6.83,,1.2,0.89,,139.06,,50.33,32.71,1.25,1.25,1.7,,,4.75,114.16999999999999,11.91,,
ALK,2026-08-29,Industrials,Airlines,4720000000.0,,7.54,0.15,0.32,1.29,,-4.6,-0.8500000000000001,-1.65,10.78,-0.32,-1.19,-164.35,457.71,51.44,,31.9,2.08,1.89,0.55,0.51,,0.73,92.61,9.77,,
ALKS,2026-08-29,Healthcare,Drug Manufacturers - Specialty & Generic,7950000000.0,123.14,73.05,,4.77,4.39,35.88,3.85,1.9900000000000002,1.98,82.13,8.62,3.9699999999999998,-133.72,234.61,-6.72,,7.28,0.87,0.85,2.3,1.85,,2.98,105.32999999999998,9.07,,
ALL,2026-08-29,Financial,Insurance - Property & Casualty,65890000000.0,5.2,9.47,,0.94,2.09,5.38,46.11,11.93,32.3,,23.82,18.8,1.45,-22.15,-8.94,17.07,10.06,0.22,0.22,0.43,,1.6500000000000001,0.5,86.57,2.09,,
ALLE,2026-08-29,Industrials,Security & Protection Services,13390000000.0,20.66,16.1,1.7,3.12,6.32,19.66,33.73,12.82,15.34,44.8,20.83,15.36,9.95,9.31,9.49,16.9,8.38,1.05,1.03,1.93,1.23,1.38,0.45000000000000007,105.04,4.61,,
ALLY,2026-08-29,Financial,Credit Services,12830000000.0,9.93,6.58,0.28,0.81,0.95,16.18,9.68,0.75,4.93,,11.32,8.41,37.22,22.66,23.28,-3.8,7.13,1.49,0.9,0.98,,2.85,0.79,96.18,4.28,,
ALRM,2026-08-29,Technology,Software - Application,2820000000.0,25.4,18.8,2.38,2.66,3.26,15.03,14.19,6.280000000000001,8.28,62.57,13.01,11.11,9.64,6.42,7.89,9.96,10.35,0.66,0.65,4.96,4.38,,5.79,99.87,5.9,,
ALSN,2026-08-29,Consumer Cyclical,Auto Parts,10430000000.0,20.05,11.54,0.56,2.37,5.28,14.67,28.35,7.490000000000001,8.57,35.35,21.4,12.02,11.08,34.43,20.46,22.82,7.66,2.14,2.12,1.81,1.17,0.88,0.8199999999999998,103.85,3.82,,
ALV,2026-08-29,Consumer Cyclical,Auto Parts,8940000000.0,14.37,10.2,0.89,0.81,3.59,11.81,25.929999999999996,7.580000000000001,15.0,19.22,9.97,5.79,2.81,18.18,11.42,34.94,7.75,0.88,0.72,1.03,0.79,2.82,0.36,69.63,5.79,,
AM,2026-08-29,Energy,Oil & Gas Midstream,10580000000.0,26.75,17.12,0.87,8.06,5.44,13.64,19.82,6.61,7.21,62.92,56.10000000000001,30.409999999999997,26.86,19.36,19.66,,5.33,1.86,1.85,0.84,0.84,4.05,30.65,60.47,3.19,,
AMAT,2026-08-29,Technology,Semiconductor Equipment & Materials,366380000000.0,39.81,24.72,0.66,11.88,14.3,65.16,41.07,23.84,29.37,49.4,31.09,30.049999999999997,36.03,45.72,37.36,17.18,10.52,0.29,0.23,2.42,1.79,0.42,0.52,86.95,1.5,,
AMCR,2026-08-29,Consumer Cyclical,Packaging & Containers,21580000000.0,19.57,,,0.92,1.83,16.77,9.41,2.98,4.17,17.54,8.61,4.71,,,,-4.62,12.82,1.28,1.25,1.25,0.76,5.55,0.26,82.68,4.64,,
AMD,2026-08-29,Technology,Semiconductors,760050000000.0,119.49,29.6,0.39,18.4,11.3,90.45,10.2,8.12,9.11,50.36999999999999,15.71,15.58,82.98,106.17,75.71,5.13,28.82,0.06,0.05,2.61,1.91,,0.54,75.18,2.47,,
AME,2026-08-29,Industrials,Specialty Industrial Machinery,54160000000.0,34.53,25.8,2.53,6.89,4.81,30.04,14.56,9.89,12.58,40.94,26.450000000000003,20.04,12.03,10.01,10.2,11.14,10.27,0.21,0.11,1.21,0.76,0.58,0.42,92.67,1.29,,
AMG,2026-08-29,Financial,Asset Management,9590000000.0,12.94,8.6,0.32,4.21,3.17,8.6,27.29,9.4,14.17,93.99,21.7,37.63,41.85,16.76,27.09,39.32,0.54,0.99,0.99,1.29,1.29,0.01,4.3,98.58,2.73,,
AMGN,2026-08-29,Healthcare,Drug Manufacturers - General,233780000000.0,26.86,17.71,3.19,6.12,20.0,22.98,91.47,9.53,13.76,72.71,33.31,22.89,5.66,5.8,5.56,2.93,7.79,4.9,4.44,1.37,1.13,2.34,0.24,85.59,2.23,,
AMH,2026-08-29,Real Estate,REIT - Residential,12070000000.0,26.53,41.33,,6.38,1.77,15.41,6.83,3.5699999999999994,4.0,31.240000000000002,24.78,24.5,-5.97,-26.87,-15.74,33.63,9.55,0.76,0.75,1.0,1.0,3.93,8.54,92.19,2.99,,
AMKR,2026-08-29,Technology,Semiconductor Equipment & Materials,11900000000.0,21.49,17.43,0.57,1.6,2.55,,12.560000000000002,6.38,7.81,15.509999999999998,8.92,7.449999999999999,68.29,8.84,30.51,1.52,5.84,0.58,0.53,2.17,1.91,0.72,75.7,47.31,15.96,,
AMN,2026-08-29,Healthcare,Medical Care Facilities,1340000000.0,12.92,36.95,,0.39,1.81,3.05,15.560000000000002,4.59,6.94,23.8,4.68,3.05,141.75,-71.5,-3.75,,2.67,1.05,1.04,1.13,1.13,,0.98,120.63999999999999,8.25,,
AMP,2026-08-29,Financial,Asset Management,49410000000.0,13.49,10.82,0.81,2.49,7.77,6.01,63.43,2.06,31.09,51.56,27.140000000000004,19.91,18.28,11.18,13.43,24.35,9.49,1.03,0.99,8.47,8.47,1.21,0.24,91.65,2.8,,
AMPH,2026-08-29,Healthcare,Drug Manufacturers - Specialty & Generic,936260000.0,12.9,6.92,5.16,1.28,1.22,6.12,10.3,4.68,5.44,45.61,15.659999999999998,10.76,-8.59,7.09,1.34,134.65,15.53,0.9,0.88,2.4,1.71,,26.229999999999997,68.2,17.16,,
AMR,2026-08-29,Basic Materials,Coking Coal,2870000000.0,,14.86,,1.39,1.91,,-2.96,-1.9900000000000002,-3.06,0.93,-2.17,-2.23,17.74,527.22,,27.94,8.5,0.01,0.01,3.41,2.37,,19.61,89.51,16.42,,
AMRX,2026-08-29,Healthcare,Drug Manufacturers - Specialty & Generic,5600000000.0,36.6,15.12,0.75,1.8,169.6,69.05,,4.37,5.82,39.32,15.299999999999999,5.05,21.38,15.16,20.04,-18.36,8.66,84.55,80.87,2.2,1.44,,55.09,48.03,6.63,,
AMSF,2026-08-29,Financial,Insurance - Specialty,486570000.0,10.56,13.04,,1.45,1.95,25.2,18.23,4.56,18.79,,17.45,14.000000000000002,-9.82,1.9,-6.33,-11.19,-1.35,0.0,0.0,0.64,,6.25,2.09,108.23,3.78,,
AMT,2026-08-29,Real Estate,REIT - Specialty,82120000000.0,24.23,25.11,1.96,7.51,22.08,20.74,91.52,5.35,7.94,54.84,45.16,31.08,29.07,0.68,12.81,7.32,5.77,12.09,10.51,0.35,0.35,4.07,0.19,97.97,1.51,,
AMTM,2026-08-29,Industrials,Specialty Business Services,4970000000.0,24.33,7.69,0.77,0.35,1.06,10.48,4.46,1.77,2.41,7.400000000000001,3.93,1.44,10.53,7.58,9.96,192.57,25.04,0.81,0.8,1.52,1.52,,19.33,71.54,5.4,,
AMZN,2026-08-29,Consumer Cyclical,Internet Retail,2873800000000.0,21.43,25.11,1.03,3.7,5.21,,30.56,15.22,17.46,50.77,12.68,17.44,76.34,-16.06,24.47,27.96,13.18,0.44,0.4,1.03,0.87,,9.03,69.4,0.97,,
AN,2026-08-29,Consumer Cyclical,Auto & Truck Dealerships,6620000000.0,9.27,8.09,0.69,0.24,2.93,,32.77,5.33,8.87,16.92,4.69,2.82,7.79,13.45,11.67,31.69,6.27,5.02,2.87,0.78,0.18,,28.02,73.43,8.41,,
ANDE,2026-08-29,Consumer Defensive,Food Distribution,2190000000.0,12.46,10.29,,0.2,1.67,38.54,13.22,5.12,9.42,7.01,1.24,1.6200000000000003,95.94,14.76,,64.37,6.42,0.68,0.43,1.51,0.81,1.24,4.21,90.63,2.95,,
ANET,2026-08-29,Technology,Computer Hardware,246420000000.0,61.6,37.39,1.29,23.38,16.65,47.8,31.480000000000004,20.1,27.33,63.0,43.14,38.37,37.81,27.24,29.03,40.7,31.19,0.0,0.0,2.96,2.59,,16.81,74.0,1.23,,
ANF,2026-08-29,Consumer Cyclical,Apparel Retail,6590000000.0,12.71,11.71,0.98,1.23,4.92,11.64,40.5,15.54,22.52,60.72,13.88,10.04,27.8,0.57,11.94,,11.0,0.95,0.76,1.41,0.87,,2.25,108.94,9.3,,
ANIP,2026-08-29,Healthcare,Drug Manufacturers - Specialty & Generic,1670000000.0,15.72,6.98,0.47,1.71,2.8,9.67,19.33,7.049999999999999,8.42,51.629999999999995,13.34,10.18,17.67,12.46,14.81,,33.48,1.02,0.99,2.91,2.4,,12.3,101.51,16.99,,
AON,2026-08-29,Financial,Insurance Brokers,75390000000.0,19.6,16.65,1.41,4.29,7.85,23.21,44.88,7.290000000000001,16.82,89.58,28.470000000000002,22.27,11.82,11.84,11.77,15.04,9.34,1.65,1.42,1.03,1.03,0.9000000000000001,1.01,93.87,1.6,,
AORT,2026-08-29,Healthcare,Medical Devices,1310000000.0,,92.71,3.08,2.77,2.93,,-0.73,-0.33,-0.37,61.17,6.63,-0.67,-228.57,206.94,30.11,,11.75,0.92,0.9,2.97,2.01,,5.39,94.35,5.95,,
AOS,2026-08-29,Industrials,Specialty Industrial Machinery,8210000000.000001,16.83,14.82,3.09,2.16,4.48,12.83,27.13,14.52,20.18,38.51,18.09,13.15,-3.0,9.09,4.8,12.66,5.76,0.37,0.35,1.59,1.04,2.38,20.18,95.17,9.88,,
AOSL,2026-08-29,Technology,Semiconductors,745290000.0,,78.19,,1.1,0.93,,-5.22,-4.23,-5.18,22.32,-6.36,-6.23,-67.44,143.75,,,0.66,0.04,0.02,3.44,1.85,,19.35,76.71,12.66,,
APA,2026-08-29,Energy,Oil & Gas E&P,14900000000.0,9.0,10.32,3.43,1.69,2.12,7.09,25.95,9.3,15.58,48.0,41.32,19.04,53.74,-28.9,3.01,,15.0,0.55,0.53,0.95,0.79,2.36,0.5,104.02,7.49,,
APAM,2026-08-29,Financial,Asset Management,3520000000.0,10.8,10.81,135.08,2.67,7.35,7.58,67.84,18.73,37.01,,36.65,20.63,-1.72,4.14,0.08,3.56,6.88,0.75,0.75,2.89,2.89,8.14,2.29,98.49,4.99,,
APD,2026-08-29,Basic Materials,Specialty Chemicals,68610000000.0,,21.34,2.31,5.44,4.94,,-0.32,-0.12,-0.15,32.11,24.29,-0.38,11.59,7.55,9.24,,6.33,1.31,1.24,1.08,0.92,2.35,0.06,93.79,1.74,,
APG,2026-08-29,Industrials,Engineering & Construction,17310000000.0,,19.97,1.32,2.05,4.92,25.61,10.35,3.74,4.98,28.470000000000002,6.41,-3.19,16.43,15.34,15.14,14.03,17.14,1.09,0.98,1.39,1.32,,11.5,84.6,2.76,,
APH,2026-08-29,Technology,Electronic Components,194490000000.0,39.49,24.61,0.83,6.7,12.55,41.26,38.08,14.6,15.74,38.95,28.13,17.73,57.59,21.79,29.56,27.85,21.85,1.21,1.11,1.89,1.41,0.63,0.48,97.85,1.2,,
APLE,2026-08-29,Real Estate,REIT - Hotel & Motel,3910000000.0,22.33,22.76,5.27,2.71,1.24,13.46,5.53,3.58,3.87,20.52,17.81,12.17,-3.67,1.99,4.32,,18.6,0.51,0.44,0.39,0.39,5.83,7.41,88.81,8.16,,
APO,2026-08-29,Financial,Asset Management,79750000000.0,51.08,12.58,0.9,2.21,3.97,7.94,8.63,0.38,5.01,60.370000000000005,21.34,4.57,4.63,22.41,13.97,65.65,68.23,0.65,0.65,0.11,0.11,1.6500000000000001,28.48,67.85,4.92,,
APOG,2026-08-29,Industrials,Building Products & Equipment,841620000.0,12.69,,,0.6,1.66,6.83,13.76,6.05,8.71,23.84,9.02,4.88,-15.85,,,33.79,2.68,0.56,0.53,1.76,1.34,2.65,3.12,94.42,2.69,,
APP,2026-08-29,Communication Services,Advertising Agencies,106340000000.0,24.42,15.53,0.4,15.57,33.68,23.49,203.68,61.99,66.03,87.65,77.74,64.57,62.33,29.24,39.24,,30.45,1.11,1.11,4.3,4.3,,20.3,69.62,4.26,,
APPF,2026-08-29,Technology,Software - Application,8310000000.000001,53.46,27.79,1.09,7.98,15.78,30.76,32.09,25.91,28.29,61.56,17.52,15.130000000000003,30.43,22.28,25.6,-2.64,25.12,0.07,0.06,3.69,3.69,,35.96,65.71,10.4,,
APTV,2026-08-29,Consumer Cyclical,Auto Parts,9500000000.0,43.4,7.01,1.78,0.51,1.09,3.54,2.93,1.29,1.54,17.56,9.65,1.17,-13.22,13.57,3.93,-35.19,9.32,0.65,0.64,2.02,1.33,,1.52,105.25,4.56,,
AR,2026-08-29,Energy,Oil & Gas E&P,11820000000.0,11.04,8.95,0.19,2.0,1.43,,13.87,7.739999999999999,8.87,25.75,21.8,18.32,146.32,1.64,47.72,,15.05,0.55,0.47,0.4,0.4,,4.63,90.46,4.46,,
ARCB,2026-08-29,Industrials,Trucking,3050000000.0,196.21,14.39,0.3,0.73,2.41,17.79,1.27,0.66,1.02,7.16,3.07,0.39,83.51,39.71,47.39,-0.53,6.4,0.36,0.26,0.97,0.97,0.37,1.8399999999999999,103.76,5.87,,
ARE,2026-08-29,Real Estate,REIT - Office,8990000000.0,,,,3.16,0.57,7.02,-6.3,-2.86,-3.62,23.41,27.279999999999998,-36.32,117.96,-160.58,51.99,,9.93,0.85,0.83,1.57,1.57,5.59,2.4,99.09,4.0,,
ARES,2026-08-29,Financial,Asset Management,47070000000.0,64.99,19.57,0.9,6.72,12.92,,14.13,2.07,3.13,78.9,30.39,6.959999999999999,23.24,24.17,21.83,15.13,31.69,3.75,3.74,0.53,0.53,3.8,8.07,98.6,6.83,,
ARLO,2026-08-29,Industrials,Building Products & Equipment,1390000000.0,46.55,12.57,0.71,2.36,8.75,20.74,22.07,8.8,18.6,45.97,3.17,5.2,35.22,8.33,17.65,,8.18,0.05,0.04,1.4,1.15,,2.92,102.86,11.09,,
ARMK,2026-08-29,Industrials,Specialty Business Services,15340000000.0,40.58,20.76,0.94,0.77,4.52,35.44,11.82,2.81,3.92,5.9,4.39,1.9299999999999997,23.65,23.19,21.97,,7.6,1.91,1.88,1.28,1.14,0.83,0.84,100.02,3.33,,
AROC,2026-08-29,Energy,Oil & Gas Equipment & Services,5480000000.0,16.78,15.24,1.68,3.64,3.53,18.8,21.95,7.32,8.31,48.91,38.33,21.59,-6.01,19.19,9.08,,11.23,1.52,1.52,1.39,0.94,2.94,2.72,100.99000000000001,4.07,,
ARR,2026-08-29,Real Estate,REIT - Mortgage,2310000000.0,4.38,5.56,,2.29,0.86,7.23,20.33,2.21,16.71,95.53,114.36999999999999,41.46,-4.4,0.28,-1.83,,,7.54,0.0,1.12,1.12,17.65,0.22999999999999998,56.169999999999995,9.33,,
ARW,2026-08-29,Technology,Electronics & Computer Distribution,10380000000.0,13.03,8.31,0.24,0.29,1.48,12.58,12.17,2.59,8.96,10.92,3.7599999999999993,2.26,97.88,12.53,35.14,8.02,1.48,0.31,0.29,1.22,1.01,,0.7,103.53000000000002,2.49,,
ARWR,2026-08-29,Healthcare,Biotechnology,11990000000.0,,,,17.91,25.74,,-64.78,-18.32,-17.81,96.15,-33.82,-47.79,-35033.33,-34.23,,57.1,56.63,2.96,2.86,5.9,5.9,,5.88,83.09,6.93,,
ASB,2026-08-29,Financial,Banks - Regional,5840000000.0,10.81,9.27,1.14,2.28,1.07,10.03,9.66,1.05,7.78,,24.31,19.17,5.42,12.58,8.1,8.22,15.79,1.02,0.15,0.05,,3.1300000000000003,12.83,80.92,3.24,,
ASH,2026-08-29,Basic Materials,Specialty Chemicals,3410000000.0,65.79,17.27,1.29,1.85,1.82,13.73,3.9900000000000007,1.63,1.56,26.590000000000003,8.57,2.82,4.4,22.02,13.39,-15.51,-1.98,0.79,0.78,3.05,1.89,1.8000000000000003,1.28,117.45999999999998,9.43,,
ASO,2026-08-29,Consumer Cyclical,Specialty Retail,2700000000.0,7.65,6.25,0.73,0.44,1.3,11.37,18.85,7.180000000000001,9.79,34.6,8.42,6.24,11.77,7.77,8.61,10.32,1.25,0.92,0.85,1.68,0.36,1.01,1.54,118.26,12.46,,
ASTE,2026-08-29,Industrials,Farm & Heavy Construction Machinery,999070000.0,51.62,11.13,0.97,0.64,1.45,30.55,2.87,1.58,1.86,25.96,5.38,1.26,-0.08,17.13,11.49,-3.91,6.6,0.57,0.53,2.51,1.09,1.2,1.52,96.87,2.3,,
ASTH,2026-08-29,Healthcare,Medical Care Facilities,1880000000.0,46.32,19.52,0.25,0.49,2.25,19.95,5.08,2.18,2.32,8.82,2.61,1.05,202.74,39.64,77.5,-14.74,35.87,1.18,1.1,1.23,1.23,,20.91,65.17,8.12,,
ATEN,2026-08-29,Technology,Software - Infrastructure,1870000000.0,43.93,21.6,1.44,6.02,7.82,30.62,19.45,6.68,17.99,78.51,16.56,13.849999999999998,15.76,14.21,15.03,20.8,5.2,0.95,0.0,1.27,1.18,0.93,4.54,107.13999999999999,10.88,,
ATI,2026-08-29,Industrials,Metal Fabrication,28700000000.0,61.62,33.8,1.08,6.09,15.29,54.53,26.289999999999996,8.84,12.91,23.52,16.01,10.09,55.87,23.48,31.4,,9.0,1.17,0.96,2.33,1.14,,0.9899999999999999,94.46,2.56,,
ATMU,2026-08-29,Consumer Cyclical,Auto Parts,3890000000.0,18.25,14.56,1.51,2.05,8.56,20.45,55.78999999999999,13.43,14.49,28.65,16.85,11.32,8.42,10.75,9.66,7.88,7.44,2.32,2.26,2.65,1.83,0.45999999999999996,0.8699999999999999,108.37999999999998,3.77,,
ATO,2026-08-29,Utilities,Utilities - Regulated Gas,28160000000.0,19.84,18.45,1.95,5.72,1.85,,9.79,4.73,5.59,46.41,36.97,28.49,13.32,6.83,9.48,8.82,10.76,0.68,0.64,0.81,0.73,2.4,0.45999999999999996,98.91,2.07,,
ATR,2026-08-29,Healthcare,Medical Instruments & Supplies,8460000000.000001,24.03,21.05,2.82,2.15,3.22,27.24,13.61,7.249999999999999,9.56,28.26,12.37,9.22,-3.88,14.5,7.47,12.87,5.22,0.54,0.44,1.61,1.1,1.47,1.8799999999999997,96.89,2.56,,
AUB,2026-08-29,Financial,Banks - Regional,5810000000.0,12.16,10.08,0.79,2.62,1.12,,9.76,1.29,8.06,,31.55,21.44,9.48,7.1,12.82,0.94,21.54,0.39,0.17,0.07,,3.66,1.0,87.08,4.95,,
AVA,2026-08-29,Utilities,Utilities - Diversified,3150000000.0,13.61,13.46,1.83,1.64,1.12,,8.31,2.73,3.82,24.96,18.76,11.83,9.37,7.46,7.35,4.6,8.24,1.19,1.11,1.1,0.69,5.28,1.0,90.29,5.34,,
AVAV,2026-08-29,Industrials,Aerospace & Defense,7520000000.0,,33.2,1.62,3.8,1.7,,-10.03,-7.46,-5.08,18.93,-1.12,-13.41,-2.04,37.44,20.46,,38.0,0.19,0.19,4.3,3.59,,25.05,61.89,9.62,,
AVB,2026-08-29,Real Estate,REIT - Residential,26280000000.0,25.29,35.38,,8.52,2.17,19.09,8.56,4.65,5.13,32.57,29.549999999999997,33.25,-19.22,-12.98,-10.42,4.7,6.16,0.76,0.66,0.17,0.17,3.8599999999999994,0.44,95.67,1.93,,
AVGO,2026-08-29,Technology,Semiconductors,1754550000000.0,61.39,18.85,0.33,23.25,20.01,53.55,37.28,17.06,19.5,65.66,44.14,38.85,70.02,68.69,56.98,49.76,21.74,0.74,0.71,2.24,2.01,0.71,1.96,80.8,1.21,,
AVNT,2026-08-29,Basic Materials,Specialty Chemicals,4099999999.9999995,24.17,12.65,1.1,1.23,1.68,21.92,7.090000000000001,2.8,3.94,32.15,10.79,5.1,13.4,10.46,11.53,-9.29,0.11,0.77,0.77,1.9,1.35,2.48,0.9199999999999999,105.93,4.32,,
AVT,2026-08-29,Technology,Electronics & Computer Distribution,7270000000.0,22.21,6.84,0.2,0.26,1.45,,6.67,2.42,4.34,10.43,3.11,1.21,104.8,11.61,35.06,15.77,7.18,0.69,0.53,1.78,0.97,1.58,1.33,108.07,9.86,,
AVTR,2026-08-29,Healthcare,Medical Instruments & Supplies,9860000000.0,,16.5,7.82,1.5,1.75,21.69,-9.7,-4.74,-6.22,30.67,8.2,-8.81,-9.79,8.82,2.11,,0.49,0.66,0.65,1.78,1.18,,3.06,102.39,7.96,,
AVY,2026-08-29,Consumer Cyclical,Packaging & Containers,13470000000.0,19.45,15.89,1.66,1.46,5.81,12.67,31.16,7.93,12.82,28.98,13.320000000000002,7.62,6.74,9.96,9.58,5.86,4.9,1.58,1.37,1.13,0.79,2.23,0.67,100.21,3.58,,
AWI,2026-08-29,Industrials,Building Products & Equipment,7400000000.0,23.99,18.27,1.5,4.36,8.38,30.0,36.62,16.3,21.97,40.3,19.31,18.6,13.85,13.59,12.21,,11.59,0.66,0.62,1.52,1.06,0.8,1.56,103.45,3.56,,
AWK,2026-08-29,Utilities,Utilities - Regulated Water,27480000000.0,23.94,21.0,2.68,5.2,2.36,,10.1,3.2099999999999995,4.38,43.79,37.11,21.35,6.89,8.29,7.84,7.9,6.36,1.38,1.21,0.52,0.49,2.55,0.21,105.58000000000001,5.37,,
AWR,2026-08-29,Utilities,Utilities - Regulated Water,3560000000.0,24.6,23.64,3.58,5.11,3.18,171.68,13.62,5.3,7.26,50.92,31.85,20.45,8.38,4.11,6.61,7.62,6.15,0.82,0.75,0.98,0.9,2.33,1.04,84.23,2.56,,
AX,2026-08-29,Financial,Banks - Regional,5550000000.0,11.54,9.06,,2.53,1.75,21.35,16.77,1.78,12.34,,29.520000000000003,22.39,13.9,11.82,,18.94,24.64,0.42,0.26,0.37,,,4.49,86.79,5.47,,
AXON,2026-08-29,Industrials,Aerospace & Defense,48800000000.0,248.79,56.32,2.1,15.16,13.28,366.41,6.22,2.91,3.62,59.41,1.15,6.19,12.45,38.48,26.81,,32.48,0.5,0.5,2.15,1.8,,6.16,90.94,4.54,,
AXP,2026-08-29,Financial,Credit Services,225010000000.0,20.22,16.56,1.16,2.68,6.56,14.81,34.15,3.7699999999999996,12.45,59.74,20.94,13.449999999999998,14.71,14.05,14.31,32.49,16.08,1.72,1.66,2.59,2.59,1.14,0.13,87.91,1.61,,
AXTA,2026-08-29,Basic Materials,Specialty Chemicals,7920000000.0,22.81,12.93,1.75,1.54,3.14,16.04,14.580000000000002,4.51,6.88,32.16,14.12,6.78,6.47,7.97,7.37,27.59,6.48,1.22,1.01,1.53,1.12,,0.49,106.95000000000002,4.83,,
AYI,2026-08-29,Industrials,Electrical Equipment & Parts,10030000000.0,22.23,15.4,1.55,2.18,3.54,15.69,17.38,10.18,13.02,47.11,14.67,10.25,9.99,9.88,9.96,14.86,5.49,0.28,0.27,2.05,1.47,0.21,0.45000000000000007,101.29000000000002,3.51,,
AZO,2026-08-29,Consumer Cyclical,Auto Parts,48360000000.0,20.36,16.91,1.59,2.42,,29.61,,12.54,26.06,51.74999999999999,18.02,12.4,4.3,15.89,10.61,15.03,8.44,,,0.89,0.14,,0.27,99.26,2.52,,
AZTA,2026-08-29,Healthcare,Medical Instruments & Supplies,1440000000.0,,55.85,3.93,2.35,0.95,146.1,-7.04,-5.75,-7.86,44.05,-2.57,-20.02,-25.49,55.26,14.22,,8.85,0.04,0.04,2.5,2.21,,1.11,115.48,12.12,,
AZZ,2026-08-29,Industrials,Specialty Business Services,4160000000.0,21.06,,,2.48,3.02,24.57,15.32,8.99,10.39,24.04,16.23,11.83,14.22,,10.59,47.17,14.49,0.39,0.39,1.92,1.39,0.67,1.73,95.24,3.17,,
BA,2026-08-29,Industrials,Aerospace & Defense,165840000000.0,95.56,52.05,0.58,1.76,27.19,,173.55,1.52,5.13,4.71,-5.38,2.22,-183.17,507.33,89.46,,8.99,7.52,6.78,1.14,0.33,0.02,0.12,77.57,1.9,,
BAC,2026-08-29,Financial,Banks - Diversified,435790000000.0,14.34,11.85,0.76,2.23,1.58,5.3,11.25,0.97,5.34,,21.32,16.53,21.91,13.27,15.6,15.28,15.4,2.47,1.1,1.03,,1.91,0.28,79.17,1.2,,
BAH,2026-08-29,Industrials,Consulting Services,9050000000.0,11.82,11.18,2.55,0.82,7.53,8.11,68.11,10.45,14.53,20.91,9.74,6.959999999999999,-1.48,4.92,4.38,9.61,7.37,3.46,3.42,1.59,1.59,3.2,1.29,97.28,6.52,,
BALL,2026-08-29,Consumer Cyclical,Packaging & Containers,16879999999.999998,18.14,14.11,1.16,1.17,2.94,20.41,17.26,4.88,7.54,15.160000000000002,11.48,6.550000000000001,12.68,12.37,12.13,13.53,2.31,1.32,1.18,1.07,0.66,1.26,0.28,95.87,2.53,,
BANC,2026-08-29,Financial,Banks - Regional,2950000000.0,,8.77,0.29,1.9,1.01,7.71,-0.66,-0.06,-0.49,,-3.06,-4.02,-124.6,836.46,30.04,,42.45,0.89,0.35,0.11,,2.41,1.6200000000000003,99.32,5.93,,
BANF,2026-08-29,Financial,Banks - Regional,3710000000.0,14.91,14.08,,3.87,1.9,15.36,13.669999999999998,1.73,12.32,,33.28,26.229999999999997,8.25,2.04,,18.85,15.06,0.05,0.04,0.47,,1.8000000000000003,36.64,51.28,4.03,,
BANR,2026-08-29,Financial,Banks - Regional,2400000000.0,11.63,10.64,,2.71,1.2,8.4,10.78,1.26,9.87,,28.78,23.54,5.47,11.41,,11.56,7.38,0.27,0.06,0.06,,2.93,2.78,92.89,5.49,,
BAX,2026-08-29,Healthcare,Medical Instruments & Supplies,13510000000.0,,12.8,,1.18,2.18,16.58,-14.31,-4.74,-6.96,31.85,5.62,-8.63,-7.07,-0.61,-0.67,,-0.75,1.43,1.29,1.95,1.32,0.15,0.64,109.59999999999998,4.66,,
BBT,2026-08-29,Financial,Banks - Regional,2630000000.0,22.74,9.44,,2.19,1.04,13.34,6.05,0.66,3.24,,19.14,9.49,87.86,9.22,,,13.11,0.39,0.38,0.13,,4.11,1.52,92.34,4.64,,
BBWI,2026-08-29,Consumer Cyclical,Specialty Retail,3880000000.0,4.99,6.91,,0.54,,3.76,,15.67,24.1,43.05,14.87,10.83,-16.56,3.78,-2.83,-8.66,-1.55,,,1.2,0.68,4.2,1.41,103.47999999999999,7.05,,
BBY,2026-08-29,Consumer Cyclical,Specialty Retail,17380000000.0,13.72,11.47,1.72,0.41,5.63,9.83,43.13,8.11,19.01,24.09,4.34,3.01,5.2,6.28,6.65,-5.91,-2.48,1.3,1.1,1.12,0.41,4.71,6.09,96.27,7.1,,
BC,2026-08-29,Consumer Cyclical,Recreational Vehicles,4970000000.0,,14.19,0.65,0.88,2.96,14.55,-4.83,-1.53,-2.34,24.73,5.88,-1.53,39.39,18.52,21.81,,4.29,1.36,1.19,1.45,0.65,2.3,1.34,105.42,7.39,,
BCC,2026-08-29,Basic Materials,Lumber & Wood Production,2750000000.0,26.79,15.22,0.53,0.43,1.36,27.07,5.06,3.09,4.12,13.95,2.54,1.6399999999999997,11.01,32.08,28.7,-4.47,3.19,0.27,0.26,2.71,1.31,1.13,2.59,96.36,4.31,,
BCO,2026-08-29,Industrials,Security & Protection Services,4570000000.0,25.67,10.72,0.78,0.83,14.72,11.61,64.13,2.51,4.0,26.43,10.38,3.3000000000000003,14.24,12.58,13.82,71.69,7.35,14.67,13.55,1.62,1.62,0.96,1.25,111.09,11.7,,
BCPC,2026-08-29,Basic Materials,Specialty Chemicals,5690000000.0,35.1,31.69,,5.24,4.38,33.2,12.79,9.77,11.22,36.29,21.25,15.14,13.75,4.19,,12.78,8.07,0.13,0.13,2.66,1.56,0.66,0.54,91.51,1.91,,
BDC,2026-08-29,Technology,Communication Equipment,4500000000.0,18.72,11.56,0.83,1.57,3.24,21.23,18.64,7.01,9.01,35.82,12.67,8.52,14.39,15.56,13.99,,7.83,0.97,0.96,2.14,1.49,0.17,2.09,106.57,8.55,,
BDX,2026-08-29,Healthcare,Medical Instruments & Supplies,51620000000.0,57.16,14.26,1.83,2.48,2.11,20.38,5.17,2.44,2.48,46.44,14.540000000000001,4.52,11.97,4.9,7.8,16.45,6.32,0.69,0.55,0.87,0.51,2.11,0.22,99.85,3.45,,
BEN,2026-08-29,Financial,Asset Management,17600000000.0,23.62,10.89,0.65,1.88,1.5,73.23,6.34,2.21,2.67,73.05,15.21,8.11,30.26,10.02,16.88,-10.54,9.49,1.42,1.42,1.48,1.48,4.18,46.12,49.95,5.58,,
BF-B,2026-08-29,Consumer Defensive,Beverages - Wineries & Distilleries,12580000000.0,17.82,15.93,3.24,3.19,3.11,14.09,17.85,8.95,11.57,60.699999999999996,28.52,18.13,11.19,0.48,4.91,-4.0,2.71,0.64,0.54,3.24,1.18,3.49,39.06,44.66,9.31,,
BFAM,2026-08-29,Consumer Cyclical,Personal Services,3640000000.0,23.66,12.7,0.86,1.2,3.9,15.42,14.940000000000001,4.54,6.55,23.74,10.91,5.78,12.32,15.23,14.7,49.81,14.13,2.18,1.83,0.48,0.48,,1.09,114.92,4.67,,
BFH,2026-08-29,Financial,Credit Services,4059999999.9999995,8.27,7.77,0.78,0.85,1.22,1.87,17.39,2.57,8.54,,14.37,11.86,0.56,11.31,10.02,19.49,4.34,0.98,0.98,1.44,,0.88,3.01,103.21000000000001,7.24,,
BFS,2026-08-29,Real Estate,REIT - Retail,822340000.0,34.25,,,2.71,7.43,7.99,11.28,1.6200000000000003,1.88,49.98,40.29,7.79,,,,-2.77,4.81,5.42,5.25,0.91,0.91,7.090000000000001,46.37,48.11,3.51,,
BG,2026-08-29,Consumer Defensive,Farm Products,22190000000.0,22.39,10.34,0.61,0.24,1.39,,7.53,2.59,3.81,4.87,2.19,1.1,25.72,17.4,17.02,-8.06,11.17,1.06,0.66,1.57,0.63,2.49,17.3,80.23,3.94,,
BGC,2026-08-29,Financial,Capital Markets,5760000000.0,30.39,7.7,,1.75,5.18,14.64,19.54,3.74,6.44,93.25,9.03,5.8,19.07,12.1,,21.14,7.43,1.81,1.79,1.94,1.94,0.66,24.16,65.59,3.3,,
BHE,2026-08-29,Technology,Electronic Components,2560000000.0,48.69,21.33,,0.91,2.29,20.17,4.78,2.5,3.82,10.23,4.29,1.8900000000000001,23.23,13.02,,12.39,5.31,0.26,0.25,1.99,1.31,0.95,3.04,102.98,3.68,,
BHF,2026-08-29,Financial,Insurance - Life,3050000000.0,4.23,2.52,,0.46,0.47,,13.600000000000001,0.34,8.56,,16.94,10.96,-29.9,7.43,-12.15,,-4.47,0.48,0.48,5.24,,,1.39,92.3,10.62,,
BIIB,2026-08-29,Healthcare,Drug Manufacturers - General,32280000000.0,38.7,13.21,1.91,3.34,1.71,11.97,4.58,2.76,3.16,64.29,19.5,8.64,-18.47,32.75,6.93,-18.74,-5.06,0.44,0.4,1.87,1.26,,0.75,98.56,3.54,,
BILL,2026-08-29,Technology,Software - Application,4290000000.0,,11.43,0.46,2.6,1.31,12.1,-0.3,-0.11,-0.21,76.87,1.06,-0.68,35.16,17.6,24.82,37.63,47.32,0.54,0.5,1.51,1.51,,12.31,105.15,14.11,,
BIO,2026-08-29,Healthcare,Medical Devices,10420000000.0,46.97,37.47,8.86,4.02,1.45,29.5,3.11,2.17,2.74,51.85999999999999,9.08,8.59,-2.81,7.32,4.23,-26.08,0.29,0.19,0.13,3.14,2.33,,33.21,72.33,7.43,,
BJ,2026-08-29,Consumer Defensive,Discount Stores,11440000000.0,19.79,18.02,2.73,0.5,5.21,41.24,27.67,7.8100000000000005,13.06,18.24,3.94,2.61,6.99,6.82,6.6,7.63,6.82,1.26,1.07,0.73,0.19,,0.66,110.09,7.45,,
BJRI,2026-08-29,Consumer Cyclical,Restaurants,1390000000.0,34.76,23.81,1.79,0.97,3.47,30.12,10.44,4.06,5.19,9.72,3.03,2.86,4.85,15.41,13.27,,12.44,1.09,0.99,0.29,0.22,,8.17,100.05999999999999,8.82,,
BKE,2026-08-29,Consumer Cyclical,Apparel Retail,2240000000.0,10.01,10.47,8.38,1.68,4.58,10.13,45.76,20.8,26.65,50.45,22.27,16.62,3.86,-3.55,1.25,9.27,7.57,0.86,0.69,2.08,1.39,10.98,38.37,61.980000000000004,11.42,,
BKH,2026-08-29,Utilities,Utilities - Regulated Gas,5550000000.0,18.35,15.9,2.71,2.41,1.41,,7.89,2.83,3.77,26.87,23.86,13.0,5.93,5.41,5.87,1.79,6.36,1.21,1.01,0.52,0.41,3.8599999999999994,0.53,103.56999999999998,12.51,,
BKNG,2026-08-29,Consumer Cyclical,Travel Services,154510000000.0,22.74,16.6,1.02,5.47,,16.2,,23.88,91.13,97.47,35.17,25.53,14.58,18.53,16.24,158.57,31.69,,,1.09,1.09,0.75,0.43,98.57,2.84,,
BKR,2026-08-29,Energy,Oil & Gas Equipment & Services,61950000000.0,20.05,20.72,1.79,2.23,3.11,19.81,16.47,6.78,8.75,23.57,12.960000000000003,11.17,1.09,14.58,11.61,,6.02,0.82,0.78,2.09,1.76,1.49,0.28,100.64,2.41,,
BKU,2026-08-29,Financial,Banks - Regional,3300000000.0,12.74,10.4,1.09,1.78,1.12,8.04,9.01,0.76,7.48,,19.63,14.469999999999999,10.9,13.95,9.54,11.36,9.67,0.74,0.19,0.03,,2.84,0.9199999999999999,103.32,3.93,,
BL,2026-08-29,Technology,Software - Application,1920000000.0,58.88,11.86,0.78,2.62,6.09,10.86,9.53,2.13,3.47,75.53,6.72,4.75,16.65,11.9,15.24,,14.77,2.18,2.17,1.72,1.72,,20.02,94.85,10.63,,
BLDR,2026-08-29,Industrials,Building Products & Equipment,7290000000.0,73.65,15.09,,0.5,1.82,11.4,2.51,0.9000000000000001,1.12,29.189999999999998,3.01,0.71,-54.86,44.32,-6.57,7.92,12.16,1.31,1.28,1.79,1.09,,3.6000000000000005,101.59,7.0,,
BLFS,2026-08-29,Healthcare,Medical Instruments & Supplies,1780000000.0,37.62,116.6,,17.3,4.23,219.39,13.15,12.09,11.0,64.76,2.9,46.35,340.0,-48.0,,-55.02,14.88,0.04,0.03,9.69,7.14,,4.1,101.64999999999999,8.57,,
BLK,2026-08-29,Financial,Asset Management,189200000000.0,28.97,18.03,1.15,6.85,3.29,54.81,12.32,4.08,9.06,76.8,33.95,23.8,17.32,14.5,15.66,2.08,8.04,0.26,0.26,4.46,4.46,1.97,11.52,76.25,1.26,,
BLKB,2026-08-29,Technology,Software - Application,2210000000.0,15.18,8.14,,1.92,33.01,6.7,194.45,5.77,12.61,59.41,20.18,13.13,17.87,13.82,,71.8,4.31,17.16,16.82,0.81,0.81,,24.02,88.52,10.42,,
BMI,2026-08-29,Technology,Scientific & Technical Instruments,3930000000.0,31.74,27.91,5.57,4.46,5.76,26.15,18.48,13.0,18.41,41.31,18.58,14.27,-7.06,9.12,5.01,23.19,16.59,0.0,0.0,2.42,1.39,1.24,0.7,115.27000000000001,14.64,,
BMRN,2026-08-29,Healthcare,Biotechnology,12520000000.0,174.35,9.77,0.16,3.62,1.98,16.96,1.18,0.76,0.74,73.93,18.5,2.11,179.4,31.56,62.7,-16.79,11.97,0.67,0.56,2.39,1.32,,1.3,102.34999999999998,5.34,,
BMY,2026-08-29,Healthcare,Drug Manufacturers - General,136000000000.0,14.67,10.16,,2.76,6.09,11.89,46.7,10.18,14.03,66.64,32.35,18.87,12.67,-5.44,-2.89,,2.54,2.02,1.96,1.53,1.38,3.51,0.32,84.87,2.25,,
BNL,2026-08-29,Real Estate,REIT - Diversified,6340000000.0,28.14,25.98,1.37,13.27,1.4,24.65,4.91,2.54,2.53,58.71999999999999,49.66,29.460000000000004,57.08,3.35,19.02,2.92,7.24,0.95,0.95,2.83,2.83,5.52,36.87,63.68000000000001,10.57,,
BNY,2026-08-29,Financial,Banks - Diversified,110260000000.0,18.92,15.85,1.04,2.72,2.76,69.26,14.219999999999999,1.25,8.4,,19.32,14.87,24.74,11.07,15.26,14.1,19.27,1.96,0.68,1.59,,1.43,0.28,87.71,1.34,,
BOH,2026-08-29,Financial,Banks - Regional,3050000000.0,14.39,11.56,,2.86,1.99,15.0,13.019999999999998,0.9899999999999999,9.51,,25.97,20.09,29.13,11.86,,3.72,8.97,0.35,0.32,0.04,,3.62,1.38,84.5,8.9,,
BOOT,2026-08-29,Consumer Cyclical,Apparel Retail,4690000000.0,19.59,15.36,0.91,2.0,3.46,40.18,19.18,10.41,11.68,38.45,13.61,10.35,24.9,9.83,16.82,29.54,20.33,0.59,0.53,2.53,0.44,,0.78,115.35,8.85,,
BOX,2026-08-29,Technology,Software - Infrastructure,4800000000.0,50.48,20.05,1.56,3.89,,12.32,70.23,8.63,19.46,79.55,9.44,8.14,7.25,12.95,12.82,,8.84,3.59,3.59,1.0,1.0,0.1,3.81,103.01,11.81,,
BR,2026-08-29,Technology,Information Technology Services,20940000000.0,19.08,15.89,1.63,2.8,7.37,16.38,40.92,12.86,17.79,31.78,17.63,15.039999999999997,9.95,9.52,9.73,15.62,7.84,1.24,1.22,1.24,1.21,2.34,0.5,97.44,2.93,,
BRC,2026-08-29,Industrials,Security & Protection Services,4390000000.0,21.24,14.23,0.89,2.71,3.27,24.23,16.7,11.88,14.81,51.13999999999999,16.22,12.93,14.57,24.38,16.0,13.27,6.96,0.07,0.05,2.01,1.36,1.05,10.26,79.69,1.66,,
BRK-B,2026-08-29,Financial,Insurance - Diversified,972350000000.0,12.7,22.76,6.96,2.53,1.45,40.15,12.11,7.07,9.82,23.52,16.25,22.3,7.55,0.04,3.27,11.79,8.63,0.17,0.17,7.29,6.88,,34.47,44.83,0.79,,
BRKR,2026-08-29,Healthcare,Medical Devices,8700000000.0,,23.67,1.54,2.49,3.65,92.62,-3.4000000000000004,-1.15,-1.7,47.29,8.54,-3.05,16.02,13.58,15.33,,11.57,0.77,0.76,1.85,0.92,0.35,27.149999999999995,93.95,10.62,,
BRO,2026-08-29,Financial,Insurance Brokers,24530000000.0,23.18,15.14,2.05,3.61,1.92,16.96,9.85,4.29,5.9,92.59,29.5,17.54,5.41,7.8,7.4,13.38,17.72,0.64,0.6,1.13,1.13,0.93,14.7,86.25,4.98,,
BROS,2026-08-29,Consumer Cyclical,Restaurants,8720000000.0,70.36,39.46,1.39,4.63,8.63,115.91,12.879999999999999,2.99,4.71,24.82,9.66,4.91,25.93,32.15,28.33,,37.99,1.51,1.46,1.35,1.19,,34.57,93.66,15.81,,
BRX,2026-08-29,Real Estate,REIT - Retail,8950000000.0,20.81,28.24,,6.38,2.96,21.67,14.46,4.9,5.05,44.76,36.82,30.740000000000002,-13.2,-4.79,-4.35,25.3,5.42,1.83,1.83,65.19,65.19,4.26,1.25,104.39,5.72,,
BSX,2026-08-29,Healthcare,Medical Devices,67879999999.99999,18.99,13.69,1.9,3.23,2.72,18.73,15.52,8.47,10.25,66.36,21.8,17.5,7.95,3.59,7.19,,15.16,0.51,0.44,1.24,0.74,,0.65,95.12,1.92,,
BSY,2026-08-29,Technology,Software - Application,11270000000.0,41.11,23.82,1.64,7.03,9.36,22.6,24.53,8.28,11.83,79.78,24.37,18.1,15.45,12.08,14.52,15.16,13.38,1.05,1.04,0.59,0.59,0.74,48.86,52.56000000000001,11.28,,
BTSG,2026-08-29,Healthcare,Health Information Services,11700000000.0,44.16,25.64,0.62,0.81,5.7,29.32,13.11,4.17,6.77,12.38,3.6799999999999997,2.05,81.81,26.86,41.1,-20.78,18.27,1.17,1.12,1.59,1.22,,15.15,92.27,5.26,,
BTU,2026-08-29,Energy,Thermal Coal,3530000000.0,,11.13,,0.88,1.09,,-5.32,-3.26,-4.99,-0.76,-3.71,-4.56,59.22,1581.43,,53.1,5.85,0.13,0.13,2.01,1.46,1.05,0.88,99.57,9.45,,
BURL,2026-08-29,Consumer Cyclical,Apparel Retail,17149999999.999998,24.49,19.91,1.05,1.4,8.56,41.58,41.41,7.380000000000001,9.6,40.89,8.15,5.85,21.92,15.2,19.02,,14.95,2.95,2.72,1.17,0.47,,0.67,103.86999999999999,3.48,,
BWA,2026-08-29,Consumer Cyclical,Auto Parts,13050000000.0,32.55,10.78,0.9,0.91,2.32,10.76,7.19,2.93,4.3,19.52,10.19,2.89,6.37,13.79,11.94,-11.34,7.09,0.72,0.72,2.13,1.76,1.04,0.68,106.95000000000002,3.31,,
BWXT,2026-08-29,Industrials,Aerospace & Defense,14000000000.0,39.57,28.94,2.11,3.98,10.49,44.21,28.199999999999996,8.75,10.59,22.07,9.67,10.1,18.24,11.41,13.72,4.23,8.54,1.51,1.51,2.4,2.33,0.71,0.4,93.89,3.02,,
BX,2026-08-29,Financial,Asset Management,176830000000.0,31.94,19.17,1.37,11.13,19.65,90.06,40.53,7.39,15.83,99.43,53.86,22.15,6.71,24.95,13.97,20.88,16.1,1.56,1.47,0.7,0.7,3.6699999999999995,40.21,44.75,2.95,,
BXMT,2026-08-29,Real Estate,REIT - Mortgage,2310000000.0,159.1,9.24,,1.52,0.71,7.05,0.45000000000000007,0.08,0.1,77.13,61.14000000000001,1.02,175.34,37.99,,-7.97,14.41,4.85,3.64,0.14,0.14,13.26,6.75,60.89,7.48,,
BXP,2026-08-29,Real Estate,REIT - Office,12100000000.0,37.24,34.47,4.05,3.44,2.14,15.81,5.69,1.17,1.51,33.53,28.27,8.44,22.03,-5.29,8.52,-20.65,4.72,3.17,2.81,0.91,0.91,4.04,0.48,113.99,6.58,,
BYD,2026-08-29,Consumer Cyclical,Resorts & Casinos,5770000000.0,3.5,10.27,1.73,1.41,2.32,164.69,93.33,27.440000000000005,32.22,40.45,18.71,44.34,-1.76,6.42,5.95,,13.44,1.3,1.26,0.77,0.74,0.97,32.09,75.21,8.17,,
C,2026-08-29,Financial,Banks - Diversified,222930000000.0,14.35,10.39,0.37,1.27,1.16,5.66,8.31,0.64,3.22,,14.3,9.35,60.19,14.28,28.34,8.24,13.72,3.85,1.59,1.51,,1.9299999999999997,0.35,82.71,1.79,,
CACC,2026-08-29,Financial,Credit Services,6180000000.0,13.08,10.39,0.47,2.65,3.88,5.06,31.929999999999996,5.79,7.69,97.69,48.56,21.54,22.74,17.94,22.15,9.16,6.78,3.96,3.11,0.29,0.29,,48.89,75.53,17.79,,
CACI,2026-08-29,Technology,Information Technology Services,13880000000.0,26.0,16.57,1.4,1.45,3.11,17.8,12.82,5.24,5.5,30.630000000000003,9.61,5.6,10.19,15.37,11.84,5.71,9.62,1.21,1.18,1.48,1.37,,1.06,101.54,5.04,,
CAG,2026-08-29,Consumer Defensive,Packaged Foods,7700000000.0,,10.72,,0.68,1.21,7.87,-25.06,-10.03,-14.76,23.97,11.49,-16.99,-15.86,3.75,-2.99,,0.17,1.18,1.04,0.9,0.31,4.49,0.7,89.52,8.52,,
CAH,2026-08-29,Healthcare,Medical Distribution,54550000000.0,32.41,16.64,1.44,0.21,,12.06,,3.1,34.4,3.7000000000000006,1.29,0.67,11.41,12.35,11.59,28.33,9.37,,,0.88,0.49,0.89,0.25,91.55,2.76,,
CAKE,2026-08-29,Consumer Cyclical,Restaurants,5580000000.0,30.42,22.61,1.58,1.44,10.75,27.21,38.83,5.54,7.36,13.58,6.98,4.61,18.75,10.71,14.27,,13.6,4.01,3.68,0.59,0.52,1.09,7.8,98.01,20.15,,
CALM,2026-08-29,Consumer Defensive,Farm Products,3760000000.0,12.24,21.11,,1.29,1.43,11.34,12.2,10.16,12.03,23.08,11.79,10.88,-75.68,135.66,-10.46,174.79,16.63,0.0,0.0,7.7,5.87,0.54,9.59,95.77,11.83,,
CALX,2026-08-29,Technology,Software - Infrastructure,2360000000.0,49.89,16.28,0.46,2.12,3.32,27.63,6.909999999999999,5.46,7.1,56.58,5.51,4.61,28.46,33.78,35.62,-13.74,13.06,0.02,0.02,2.83,1.97,,9.54,95.93,6.95,,
CALY,2026-08-29,Consumer Cyclical,Leisure,2800000000.0,,17.72,0.27,1.08,1.3,6.01,3.01,1.35,-9.94,56.25,8.61,-9.03,248.43,21.03,66.81,-1.46,5.32,0.13,0.09,3.04,1.78,,13.239999999999998,87.66,3.92,,
CAR,2026-08-29,Industrials,Rental & Leasing Services,4880000000.0,,21.48,0.61,0.42,,,,-1.97,-2.53,25.61,11.22,-5.43,-13.21,84.71,35.0,-21.09,16.62,,,0.81,0.81,,1.59,118.12,15.67,,
CARG,2026-08-29,Consumer Cyclical,Auto & Truck Dealerships,3260000000.0,19.85,12.09,0.72,3.34,12.35,11.18,51.41,28.08,40.02,89.85,25.71,18.06,15.1,15.2,16.74,17.91,10.46,0.7,0.66,1.71,1.71,,20.48,90.62,7.89,,
CARR,2026-08-29,Industrials,Building Products & Equipment,48460000000.0,41.43,17.8,1.38,2.19,3.69,25.14,8.44,3.1,5.02,24.69,8.21,5.43,11.8,14.04,12.92,-4.96,4.49,0.94,0.82,1.02,0.72,1.6099999999999999,4.77,90.43,1.89,,
CART,2026-08-29,Consumer Cyclical,Internet Retail,11700000000.0,27.83,16.97,0.57,2.93,5.07,9.95,15.960000000000003,12.09,18.79,71.98,16.68,11.8,46.76,26.81,29.78,,20.43,0.01,0.01,2.28,2.28,,17.83,71.8,8.3,,
CASH,2026-08-29,Financial,Banks - Regional,1690000000.0,10.21,8.49,,2.03,2.01,3.53,21.03,2.41,19.37,,25.590000000000003,21.0,0.8,20.97,,21.8,10.26,0.26,0.07,0.03,,0.25,1.5,100.63,10.78,,
CASY,2026-08-29,Consumer Cyclical,Specialty Retail,27960000000.0,39.42,31.96,2.87,1.59,7.06,38.74,19.15,8.11,10.6,22.04,5.89,4.07,11.62,10.52,11.15,18.0,18.07,0.74,0.71,1.01,0.6,0.34,0.6,91.91,3.11,,
CAT,2026-08-29,Industrials,Farm & Heavy Construction Machinery,367850000000.0,34.42,24.72,0.93,4.92,18.97,40.9,56.99000000000001,11.24,21.08,32.83,18.32,14.510000000000002,42.99,18.78,26.65,28.05,10.12,2.33,1.65,1.37,0.85,0.78,0.22999999999999998,74.42,1.41,,
CATY,2026-08-29,Financial,Banks - Regional,4130000000.0,12.09,10.43,,2.99,1.36,7.73,11.71,1.44,10.85,,32.74,25.17,22.07,7.0,,9.6,12.53,0.05,0.05,0.07,,2.46,4.04,77.8,3.91,,
CAVA,2026-08-29,Consumer Cyclical,Restaurants,7820000000.0,119.54,90.11,3.74,5.69,9.29,52.47,8.32,4.75,5.07,18.63,7.32,4.82,0.99,36.22,24.11,,23.93,0.62,0.55,2.48,2.43,,11.73,84.74,12.35,,
CB,2026-08-29,Financial,Insurance - Property & Casualty,131139999999.99998,12.03,11.66,1.38,2.11,1.74,7.68,15.45,4.53,11.84,,23.22,18.0,11.71,5.24,8.44,26.94,10.65,0.31,0.25,0.46,,1.18,0.36,92.96,0.99,,
CBOE,2026-08-29,Financial,Financial Data & Stock Exchanges,32420000000.0,24.18,20.79,1.37,6.41,5.77,33.83,26.19,13.71,20.63,51.71,35.28,26.619999999999997,31.62,6.33,15.12,19.51,6.59,0.28,0.16,1.57,1.57,1.0,0.27,93.41,2.91,,
CBRE,2026-08-29,Real Estate,Real Estate Services,43670000000.0,34.58,16.77,1.0,1.0,5.21,46.56,15.629999999999999,4.47,7.91,16.74,2.83,2.98,22.8,14.77,16.77,11.6,11.22,1.29,0.96,1.14,1.14,,0.7,100.8,1.5,,
CBRL,2026-08-29,Consumer Cyclical,Restaurants,1240000000.0,48.21,50.54,,0.37,2.67,21.02,5.61,1.24,1.86,5.81,-0.05,0.79,-101.41,2569.97,-20.88,,6.67,2.35,2.03,0.5,0.19,1.8000000000000003,1.94,100.83,23.31,,
CBSH,2026-08-29,Financial,Banks - Regional,8320000000.0,14.23,12.68,1.75,3.7,1.92,11.87,14.46,1.71,13.19,,33.74,25.69,5.21,7.65,7.24,12.13,8.75,0.56,0.01,0.4,,1.8900000000000001,3.11,76.48,4.53,,
CBT,2026-08-29,Basic Materials,Specialty Chemicals,4320000000.0,23.59,11.97,7.98,1.19,2.69,14.02,11.89,4.79,7.69,24.16,15.130000000000003,5.15,-12.27,9.83,1.5,,7.27,0.79,0.52,1.47,0.97,2.22,1.76,104.19,8.11,,
CBU,2026-08-29,Financial,Banks - Regional,3320000000.0,14.68,12.18,,3.17,1.6,13.47,11.49,1.32,9.07,,29.12,21.7,8.39,13.12,,5.2,10.36,0.37,0.21,0.08,,3.01,0.93,78.28,3.59,,
CC,2026-08-29,Basic Materials,Specialty Chemicals,2350000000.0,,7.97,0.23,0.41,,10.78,-323.4,-4.15,-7.64,15.21,3.26,-5.24,11.36,85.32,34.96,,3.17,,,1.66,0.88,2.23,0.9899999999999999,90.62,9.09,,
CCI,2026-08-29,Real Estate,REIT - Specialty,32390000000.0,16.78,26.93,0.62,7.78,,13.46,-276.36,-0.17,4.89,57.52,48.27,47.57,90.05,47.28,43.17,13.21,-6.1,,,0.52,0.52,5.59,0.1,102.75000000000001,2.3,,
CCK,2026-08-29,Consumer Cyclical,Packaging & Containers,12880000000.0,17.04,13.11,1.66,0.97,4.62,10.74,27.229999999999997,5.4,9.19,17.59,12.75,5.89,7.91,7.46,7.88,8.18,5.7,2.19,1.97,1.05,0.65,1.18,0.9399999999999998,100.76,2.62,,
CCL,2026-08-29,Consumer Cyclical,Travel Services,33909999999.999996,11.15,9.38,0.84,1.24,2.62,10.69,26.72,5.94,8.18,29.220000000000002,16.34,11.24,-0.48,17.91,11.23,,36.61,2.02,1.89,0.3,0.26,2.27,0.28,79.6,2.98,,
CCOI,2026-08-29,Communication Services,Telecom Services,485530000.0,,,,0.51,,,-721.5,-1.42,-2.54,22.68,-6.58,-4.73,68.96,-140.07,16.47,,11.43,,,0.63,0.63,0.8699999999999999,5.54,94.78,13.95,,
CCS,2026-08-29,Real Estate,Real Estate - Development,1970000000.0,15.18,12.56,,0.51,0.77,48.57,5.22,2.89,3.33,16.19,3.17,3.46,-18.03,12.12,,-4.54,5.14,0.66,0.57,5.63,0.29,1.81,12.710000000000003,94.0,7.26,,
CDE,2026-08-29,Basic Materials,Gold,21720000000.0,17.35,13.44,0.51,6.87,2.09,18.79,12.85,8.79,7.65,37.69,35.41,26.88,33.53,47.12,26.6,55.25,21.64,0.07,0.07,3.65,2.43,0.19,0.7,78.46,4.55,,
CDNS,2026-08-29,Technology,Software - Application,93740000000.0,67.72,35.73,2.36,16.06,13.67,55.84,23.23,12.770000000000001,14.75,84.56,31.4,23.61,14.02,17.02,15.11,13.95,14.57,0.36,0.36,1.74,1.53,,0.42,91.72,1.64,,
CDP,2026-08-29,Real Estate,REIT - Office,8270000000.0,25.5,24.78,4.02,10.55,2.72,29.52,10.85,3.73,3.95,36.65,30.320000000000004,20.85,7.87,2.15,6.16,9.15,5.58,1.75,1.72,1.72,1.72,3.4799999999999995,0.32,115.49000000000001,6.26,,
CDW,2026-08-29,Technology,Information Technology Services,18460000000.0,17.75,12.37,1.36,0.79,7.58,21.46,44.01,6.64,14.6,21.36,7.17,4.6,9.08,9.22,9.08,8.2,3.96,2.63,2.03,1.17,1.05,1.73,1.09,109.64,6.69,,
CE,2026-08-29,Basic Materials,Chemicals,4940000000.0,,7.16,0.3,0.51,1.19,6.98,-24.57,-5.14,-7.7,19.56,8.74,-12.04,50.5,4.97,23.52,,11.03,2.98,2.64,1.45,0.87,0.28,0.39,111.46000000000001,6.25,,
CEG,2026-08-29,Utilities,Utilities - Independent Power Producers,98050000000.0,26.95,20.86,0.98,3.18,3.07,317.33,15.259999999999998,4.58,6.78,17.37,14.93,11.25,28.27,10.15,21.3,32.58,8.81,0.77,0.6,1.46,1.2,0.61,4.38,79.69,2.78,,
CELH,2026-08-29,Consumer Defensive,Beverages - Non-Alcoholic,8350000000.0,142.65,18.85,1.32,2.74,6.97,18.03,7.48,2.75,3.39,47.53,19.2,1.97,8.26,20.58,14.31,45.65,80.65,2.03,2.02,1.75,1.38,,26.22,74.8,16.07,,
CENT,2026-08-29,Consumer Defensive,Packaged Foods,2430000000.0,16.31,14.03,2.08,0.79,1.57,7.09,9.98,4.47,5.36,31.72,8.81,5.39,8.94,4.98,6.75,7.67,3.03,0.81,0.78,3.79,2.67,,87.53,14.899999999999999,4.86,,
CENTA,2026-08-29,Consumer Defensive,Packaged Foods,2430000000.0,14.08,12.11,1.79,0.79,1.35,7.09,9.98,4.47,5.36,31.72,8.81,5.39,8.94,4.98,6.75,7.67,3.03,0.81,0.78,3.79,2.67,,20.81,78.09,2.37,,
CENX,2026-08-29,Basic Materials,Aluminum,4610000000.0,8.06,4.13,0.05,1.73,3.29,30.5,56.72999999999999,25.019999999999996,32.05,19.27,14.87,22.6,309.49,11.95,90.34,,9.51,0.34,0.34,2.75,1.61,,31.019999999999996,76.3,13.45,,
CERT,2026-08-29,Healthcare,Health Information Services,1270000000.0,,21.38,,3.12,1.32,15.84,-1.8900000000000001,-1.31,-0.23,48.49,4.63,-0.72,-22.31,14.26,-0.21,50.19,11.45,0.31,0.31,2.55,2.55,,35.62,79.17,25.69,,
CF,2026-08-29,Basic Materials,Agricultural Inputs,19040000000.0,9.33,11.96,,2.46,3.32,9.97,39.19,14.550000000000002,22.67,45.69,41.45,27.12,58.57,-30.67,-3.27,43.52,11.43,0.63,0.61,4.86,4.32,1.71,0.57,107.65,6.14,,
CFFN,2026-08-29,Financial,Banks - Regional,1090000000.0,13.31,11.17,0.58,2.46,1.07,15.22,8.0,0.8500000000000001,3.27,,23.15,18.67,31.73,13.14,19.17,2.25,5.3,1.6,1.48,0.03,,4.39,8.12,81.81,5.45,,
CFG,2026-08-29,Financial,Banks - Regional,29360000000.0,15.15,10.73,0.44,2.4,1.22,12.48,8.27,0.9399999999999998,5.2,,22.14,16.2,37.6,22.37,24.61,11.73,9.35,0.62,0.56,0.1,,2.71,0.9199999999999999,100.16000000000001,3.77,,
CFR,2026-08-29,Financial,Banks - Regional,10050000000.0,15.29,13.82,2.01,3.44,2.24,18.53,15.329999999999998,1.28,13.17,,27.82,22.91,10.57,6.63,6.87,14.28,14.57,1.17,0.11,0.21,,2.52,6.43,92.89,5.67,,
CG,2026-08-29,Financial,Asset Management,17490000000.0,50.85,9.55,0.65,5.01,3.31,26.1,6.559999999999999,1.37,1.89,75.09,14.38,10.43,-9.27,41.01,14.59,17.55,10.93,2.72,2.67,0.52,0.52,2.86,27.800000000000004,62.6,7.75,,
CGNX,2026-08-29,Technology,Scientific & Technical Instruments,10170000000.0,58.54,30.12,0.98,9.34,6.24,37.91,11.15,8.36,10.34,68.87,21.9,16.05,64.75,19.45,30.75,-7.5,4.16,0.04,0.04,3.84,3.18,0.57,0.37,107.35,4.48,,
CHCO,2026-08-29,Financial,Banks - Regional,2009999999.9999998,15.69,14.97,,5.02,2.49,14.55,16.61,1.95,13.62,,40.83,32.53,3.71,3.45,,10.0,8.83,0.65,0.19,0.09,,2.45,1.9799999999999998,74.02,6.84,,
CHD,2026-08-29,Consumer Defensive,Household & Personal Products,24020000000.0,32.58,25.01,3.49,3.86,5.52,21.54,17.04,8.32,11.11,43.49,17.47,11.96,7.08,7.12,7.16,-0.65,4.85,0.56,0.54,1.15,0.69,1.22,0.24,95.24,4.57,,
CHDN,2026-08-29,Consumer Cyclical,Gambling,6270000000.0,15.43,12.18,1.21,2.09,4.69,11.02,34.31,5.49,7.5,34.19,25.81,13.66,13.3,6.27,10.05,,22.65,3.57,3.06,0.36,0.35,0.52,6.63,86.01,5.56,,
CHE,2026-08-29,Healthcare,Medical Care Facilities,6840000000.0,26.29,19.01,1.76,2.64,8.2,21.14,27.11,16.68,25.37,30.44,13.47,10.6,18.43,7.85,10.82,-1.2,4.0,0.4,0.31,0.91,0.89,0.4699999999999999,1.9299999999999997,105.52,4.98,,
CHEF,2026-08-29,Consumer Defensive,Food Distribution,4690000000.0,54.68,37.41,1.66,1.07,7.24,37.3,15.25,4.68,5.97,24.46,4.14,2.09,33.72,21.01,22.49,,30.14,1.46,1.38,2.15,1.31,,9.39,98.61,14.96,,
CHH,2026-08-29,Consumer Cyclical,Lodging,4900000000.0,15.37,14.55,2.92,3.03,34.59,26.74,563.79,11.56,14.53,47.87,25.52,20.19,1.31,6.43,4.99,42.4,15.58,14.82,14.82,0.93,0.93,1.06,44.84,76.93,24.51,,
CHRD,2026-08-29,Energy,Oil & Gas E&P,7990000000.0,9.79,10.82,0.69,1.26,0.96,6.72,10.24,6.41,8.55,20.84,18.93,13.320000000000002,102.54,-30.07,15.62,,38.63,0.18,0.18,1.22,1.15,3.63,4.16,98.16,6.24,,
CHRW,2026-08-29,Industrials,Integrated Freight & Logistics,17570000000.0,28.7,20.04,1.14,1.03,10.82,26.28,37.12,11.34,17.94,8.14,4.91,3.73,22.43,20.44,17.6,5.38,0.03,1.21,1.17,1.58,1.58,1.67,0.51,106.04,3.95,,
CHTR,2026-08-29,Communication Services,Telecom Services,17600000000.0,3.99,3.41,0.27,0.32,1.08,4.04,29.7,3.2099999999999995,4.48,45.98,23.98,9.05,13.56,9.59,12.62,18.65,2.63,5.61,5.48,0.36,0.36,0.04,29.9,89.04,28.62,,
CHWY,2026-08-29,Consumer Cyclical,Internet Retail,9520000000.0,38.61,21.59,0.64,0.74,22.47,16.29,63.82,8.02,28.1,28.87,2.58,1.9900000000000002,49.9,38.22,33.78,,12.01,1.23,1.14,0.78,0.35,,43.99,54.77000000000001,8.98,,
CI,2026-08-29,Healthcare,Healthcare Plans,73690000000.0,11.53,8.33,1.11,0.26,1.73,8.09,15.49,4.27,8.95,,3.8599999999999994,2.27,2.21,9.78,7.52,-0.69,11.35,0.75,0.68,0.85,,2.22,1.52,92.82,2.01,,
CIEN,2026-08-29,Technology,Communication Equipment,53570000000.0,125.97,39.09,0.52,9.62,18.53,64.34,15.46,7.490000000000001,9.86,40.49,11.2,7.870000000000001,148.06,47.82,75.45,-18.19,6.19,0.55,0.54,2.73,2.11,,1.01,95.88,2.08,,
CINF,2026-08-29,Financial,Insurance - Property & Casualty,26390000000.0,8.11,19.17,3.58,1.89,1.58,7.76,21.48,8.27,18.98,,30.159999999999997,23.84,5.28,7.2,5.35,15.17,10.88,0.05,0.05,0.56,,2.19,2.02,74.92,2.32,,
CL,2026-08-29,Consumer Defensive,Household & Personal Products,72340000000.0,35.9,22.09,3.64,3.44,306.54,18.75,434.33000000000004,11.89,25.28,60.42000000000001,21.84,9.68,4.8,6.24,6.07,-3.47,4.35,33.29,33.15,1.03,0.67,2.33,0.2,87.11,2.21,,
CLF,2026-08-29,Basic Materials,Steel,6630000000.0,,18.44,,0.34,1.18,,-15.160000000000002,-4.27,-6.58,-0.8,-3.9,-4.56,92.08,420.88,,-55.32,28.89,1.37,1.37,1.89,0.63,,1.78,82.98,14.48,,
CLH,2026-08-29,Industrials,Waste Management,16399999999.999998,37.68,31.38,2.07,2.63,5.6,35.58,15.560000000000002,5.75,7.48,24.74,11.84,7.03,34.63,1.01,15.16,24.62,13.91,1.04,1.0,2.13,1.8,,5.13,95.14,2.22,,
CLSK,2026-08-29,Financial,Capital Markets,2990000000.0,,,,4.41,3.93,,-68.62,-34.38,-39.26,-36.91,-51.83,-151.38,-420.43,58.52,,,138.03,2.34,2.34,5.91,5.91,,3.9900000000000007,97.33,29.88,,
CLX,2026-08-29,Consumer Defensive,Household & Personal Products,12400000000.0,21.31,16.35,2.59,1.85,137.76,30.61,285.64,8.79,13.05,41.95,13.209999999999999,8.74,4.99,8.03,6.3,-2.93,-1.75,62.02,48.99,0.66,0.38,4.97,0.61,88.38,9.97,,
CMC,2026-08-29,Industrials,Metal Fabrication,7480000000.0,12.75,9.4,0.32,0.85,1.65,18.47,13.79,7.090000000000001,7.42,18.24,9.08,6.72,104.11,12.63,29.63,-20.41,7.33,0.8,0.77,2.33,1.54,1.12,0.8100000000000002,94.7,4.46,,
CMCSA,2026-08-29,Communication Services,Telecom Services,96030000000.0,8.76,7.48,,0.77,1.07,4.7,12.0,4.21,6.44,56.769999999999996,14.85,8.97,-18.63,3.17,-3.25,18.8,3.62,1.01,0.94,0.8,0.8,4.91,0.9899999999999999,91.21,2.15,,
CME,2026-08-29,Financial,Financial Data & Stock Exchanges,102770000000.0,24.24,22.11,2.98,15.17,3.87,24.39,15.8,2.29,14.13,82.65,65.1,63.11,9.51,5.41,7.42,13.7,5.95,0.15,0.14,1.02,1.02,4.03,1.38,91.5,1.47,,
CMG,2026-08-29,Consumer Cyclical,Restaurants,48120000000.0,35.08,27.74,2.61,3.87,21.92,30.67,49.56,15.659999999999998,19.44,21.09,15.410000000000002,11.42,-1.81,19.32,10.61,35.5,14.79,2.46,2.32,0.72,0.68,,0.79,93.02,3.05,,
CMI,2026-08-29,Industrials,Specialty Industrial Machinery,77760000000.0,28.86,16.35,0.85,2.24,6.05,23.09,22.04,7.77,13.55,25.129999999999995,11.44,7.82,24.12,16.93,19.28,11.29,11.19,0.64,0.56,1.73,1.13,1.55,0.32,88.05,1.61,,
CMS,2026-08-29,Utilities,Utilities - Regulated Electric,21390000000.0,20.5,16.4,2.18,2.43,2.24,,11.29,2.61,3.64,25.0,18.95,11.53,7.26,7.42,7.51,5.98,5.88,1.97,1.89,0.94,0.67,3.35,0.63,103.60000000000001,5.25,,
CNC,2026-08-29,Healthcare,Healthcare Plans,31990000000.0,,12.3,0.27,0.16,1.42,3.57,-20.41,-6.02,-13.22,,0.83,-2.51,130.86,9.63,46.05,,11.88,0.71,0.71,1.15,,,1.79,99.82,2.74,,
CNH,2026-08-29,Industrials,Farm & Heavy Construction Machinery,14460000000.0,46.79,17.97,0.91,0.79,1.86,23.66,4.02,0.72,0.91,30.130000000000003,13.320000000000002,1.71,-19.37,46.58,19.67,,-7.02,3.39,3.39,7.29,6.06,1.26,29.9,74.32,6.58,,
CNK,2026-08-29,Communication Services,Entertainment,4170000000.0,20.01,13.88,0.36,1.24,8.42,13.33,45.43,4.53,6.64,20.77,13.44,6.370000000000001,125.09,10.74,39.01,,35.33,5.99,5.51,0.84,0.81,0.86,10.9,107.49,7.52,,
CNM,2026-08-29,Industrials,Industrial Distribution,8330000000.0,18.25,12.31,0.64,1.09,3.96,13.74,23.73,7.13,10.24,24.69,9.59,5.87,35.75,11.46,19.34,58.46,15.99,1.2,1.15,2.31,1.31,,0.49,109.13,5.78,,
CNMD,2026-08-29,Healthcare,Medical Devices,1500000000.0,27.03,10.45,1.89,1.09,1.44,11.13,5.53,2.44,3.33,53.67999999999999,10.95,4.11,-1.18,5.42,5.53,36.14,9.82,0.8,0.63,1.48,0.69,0.4,0.44,114.48,7.78,,
CNO,2026-08-29,Financial,Insurance - Life,5120000000.0,19.04,10.88,1.33,1.1,1.98,7.33,10.93,0.8,3.91,,14.45,6.0,7.72,7.37,8.2,1.73,3.32,1.76,1.76,,,1.28,3.17,96.72,1.89,,
CNP,2026-08-29,Utilities,Utilities - Regulated Electric,25850000000.0,23.13,18.82,2.1,2.69,2.21,,9.82,2.42,3.23,29.37,23.24,11.61,8.65,9.06,8.97,,4.75,2.14,1.95,1.12,0.97,2.35,0.27,108.18,6.41,,
CNR,2026-08-29,Energy,Thermal Coal,5010000000.0,50.97,16.03,,1.17,1.35,19.31,2.67,1.6200000000000003,2.43,2.27,-1.32,2.34,268.4,25.52,,-51.45,32.88,0.12,0.11,1.83,1.32,0.4,2.35,94.91,3.25,,
CNS,2026-08-29,Financial,Asset Management,4250000000.0,25.4,20.97,,6.94,7.22,22.08,30.11,20.38,23.25,86.06,33.56,27.449999999999996,12.78,13.2,,13.58,6.24,0.23,0.23,5.22,5.22,3.2400000000000007,46.1,56.7,4.19,,
CNX,2026-08-29,Energy,Oil & Gas E&P,5360000000.0,6.05,8.7,0.34,2.42,1.11,10.18,21.25,10.48,13.24,48.44,39.77,42.85,23.86,32.24,25.82,,14.56,0.49,0.48,0.72,0.67,,3.94,92.9,10.43,,
CNXC,2026-08-29,Technology,Information Technology Services,1790000000.0,,2.54,,0.18,0.66,3.49,-37.73,-11.5,-18.03,27.97,7.37,-13.170000000000002,-2.23,5.52,,,15.8,2.04,1.7,1.18,1.18,4.91,22.51,109.28,22.36,,
CNXN,2026-08-29,Technology,Electronics & Computer Distribution,2009999999.9999998,21.09,17.84,,0.67,2.11,59.05,10.43,7.109999999999999,9.99,18.51,4.12,3.2099999999999995,21.37,6.95,,9.06,2.09,0.01,0.01,2.88,2.42,0.9399999999999998,55.97,41.59,4.42,,
COCO,2026-08-29,Consumer Defensive,Beverages - Non-Alcoholic,3540000000.0,34.06,27.87,1.01,5.02,8.83,28.46,31.370000000000005,22.02,26.48,40.9,19.1,15.5,65.16,12.67,27.53,15.11,14.44,0.04,0.03,3.36,2.83,,15.7,87.03,11.34,,
COF,2026-08-29,Financial,Credit Services,132310000000.0,76.03,9.04,0.74,1.76,1.18,4.85,3.17,0.4699999999999999,1.94,,4.34,3.85,4.21,16.7,12.28,-4.88,16.93,0.46,0.45,2.72,,1.5,1.13,89.53,1.77,,
COHR,2026-08-29,Technology,Scientific & Technical Instruments,54680000000.0,67.89,19.87,0.41,7.68,5.01,,8.46,4.85,5.6,38.38,13.79,10.82,68.21,48.92,48.92,11.7,18.04,0.33,0.32,2.43,1.52,0.01,4.46,85.95,5.36,,
COHU,2026-08-29,Technology,Semiconductor Equipment & Materials,2270000000.0,,26.0,,4.35,3.12,65.07,-4.84,-3.42,-3.56,37.81,-6.38,-7.429999999999999,531.82,94.34,,-36.97,-6.56,0.43,0.41,5.74,4.72,,3.7599999999999993,115.3,19.64,,
COIN,2026-08-29,Financial,Financial Data & Stock Exchanges,47130000000.0,,68.97,22.84,9.83,3.6,27.5,-7.85,-3.9599999999999995,-5.14,60.309999999999995,-37.56,-20.6,-164.86,189.75,3.02,52.26,41.24,0.51,0.47,2.42,2.42,,18.39,56.44,10.64,,
COKE,2026-08-29,Consumer Defensive,Beverages - Non-Alcoholic,13210000000.0,27.16,,,1.72,,20.46,97.33,11.03,27.51,37.65,13.019999999999998,7.15,,,,30.04,7.62,,,1.21,0.92,0.5,15.109999999999998,61.75999999999999,5.15,,
COLB,2026-08-29,Financial,Banks - Regional,8510000000.0,12.0,9.17,2.86,2.39,1.13,6.73,11.01,1.21,8.89,,30.620000000000005,19.94,-2.89,8.28,3.2,1.17,38.87,0.65,0.06,0.04,,4.92,0.79,96.47,3.5,,
COLL,2026-08-29,Healthcare,Drug Manufacturers - Specialty & Generic,825280000.0,20.54,3.75,,1.02,2.64,2.51,17.61,2.57,3.25,60.02000000000001,20.12,5.93,0.61,-9.38,-7.75,17.92,20.28,3.9,3.72,1.03,0.84,,2.19,125.83,20.49,,
COLM,2026-08-29,Consumer Cyclical,Apparel Manufacturing,2970000000.0,15.04,13.84,2.42,0.87,1.85,9.24,12.659999999999998,7.24,10.41,52.019999999999996,7.64,6.05,23.49,-8.03,5.71,14.88,6.31,0.29,0.24,2.49,1.32,2.02,57.53,51.739999999999995,15.78,,
CON,2026-08-29,Healthcare,Medical Care Facilities,4370000000.0,22.52,18.68,1.43,1.91,9.16,16.34,47.89,6.709999999999999,7.79,25.83,16.71,8.53,19.69,11.83,13.1,-6.16,5.72,4.49,4.28,1.38,1.38,0.38,9.62,87.92,1.92,,
COO,2026-08-29,Healthcare,Medical Instruments & Supplies,13880000000.0,60.11,14.22,1.47,3.28,1.68,24.37,2.85,1.8900000000000001,2.33,60.92999999999999,18.19,5.57,12.39,8.11,9.64,9.3,10.98,0.3,0.23,1.27,0.78,,0.6,109.81,3.94,,
COP,2026-08-29,Energy,Oil & Gas E&P,156590000000.0,17.27,14.24,0.85,2.48,2.4,15.56,14.13,7.5,10.49,27.18,22.14,14.66,66.25,-10.62,16.73,,25.63,0.36,0.35,1.54,1.39,2.59,0.1,87.09,1.41,,
COR,2026-08-29,Healthcare,Medical Distribution,61450000000.0,23.94,16.26,1.46,0.18,20.14,15.14,104.34,3.3300000000000005,18.11,3.62,1.32,0.79,11.72,10.8,11.14,,11.09,3.84,3.75,0.93,0.58,0.74,0.49,100.03999999999999,2.45,,
CORT,2026-08-29,Healthcare,Biotechnology,12310000000.0,271.98,26.54,0.25,14.82,17.41,115.14,8.08,6.41,7.6,98.3,0.77,6.52,151.31,108.21,105.49,-0.84,16.56,0.01,0.01,2.83,2.74,,11.38,75.8,10.12,,
COST,2026-08-29,Consumer Defensive,Discount Stores,419300000000.0,47.55,41.66,3.74,1.43,12.51,47.61,29.15,10.92,21.22,12.879999999999999,3.82,3.01,12.76,10.53,11.13,15.09,10.54,0.25,0.24,1.07,0.61,0.55,0.12,75.27,1.66,,
COTY,2026-08-29,Consumer Defensive,Household & Personal Products,2510000000.0,,11.03,0.61,0.43,0.84,7.21,-18.52,-5.47,-9.53,58.540000000000006,5.47,-10.64,56.03,-21.11,18.0,-56.6,4.64,1.15,1.12,0.75,0.42,,57.21000000000001,43.89,12.93,,
CPAY,2026-08-29,Technology,Software - Infrastructure,26780000000.0,24.79,13.06,0.67,5.33,7.56,16.35,30.39,4.67,11.77,73.16,45.75,22.61,27.94,14.19,19.55,13.14,13.65,3.0,1.72,0.97,0.97,,3.94,100.84,3.99,,
CPB,2026-08-29,Consumer Defensive,Packaged Foods,6980000000.0,11.5,12.71,,0.7,1.73,10.21,15.4,4.06,5.85,28.48,11.95,6.12,-27.14,-14.95,-12.98,0.7,3.36,1.82,1.58,0.87,0.38,6.69,35.49,62.91,21.73,,
CPF,2026-08-29,Financial,Banks - Regional,974030000.0,12.12,10.58,,2.66,1.64,9.91,14.249999999999998,1.12,12.0,,27.91,22.63,14.42,9.24,,16.71,7.4,0.17,0.16,0.12,,3.11,2.65,95.6,2.41,,
CPK,2026-08-29,Utilities,Utilities - Regulated Gas,3200000000.0,21.17,18.07,1.93,3.22,1.9,,9.47,3.8,5.01,31.09,27.310000000000002,15.109999999999998,6.75,14.47,9.38,7.03,13.76,1.01,0.79,0.32,0.27,3.08,1.51,93.11,4.66,,
CPRI,2026-08-29,Consumer Cyclical,Luxury Goods,1530000000.0,14.74,5.37,0.25,0.45,11.11,18.49,152.07,2.12,8.38,59.34,2.35,3.1300000000000003,41.64,18.35,21.41,,-3.07,10.09,8.34,1.19,0.54,,2.52,96.28,8.4,,
CPRT,2026-08-29,Industrials,Specialty Business Services,30540000000.0,20.55,19.75,3.81,6.58,3.48,22.81,17.69,16.08,17.55,44.95,36.57,33.48,-0.49,5.59,5.18,16.72,16.07,0.01,0.01,7.44,7.37,,8.99,87.77,5.35,,
CPT,2026-08-29,Real Estate,REIT - Residential,14380000000.0,35.2,92.17,,9.1,2.87,44.62,7.76,3.5000000000000004,4.7,22.55,17.71,20.6,-69.21,5.87,-25.59,23.26,8.46,1.28,0.82,0.31,0.31,3.9900000000000007,2.69,104.51000000000002,4.68,,
CR,2026-08-29,Industrials,Specialty Industrial Machinery,11960000000.0,36.12,26.53,1.97,4.62,5.49,31.46,16.54,10.27,10.29,41.74,17.93,12.97,15.56,11.61,13.47,15.24,-3.55,0.51,0.5,2.8,1.84,0.49,1.06,79.02,1.77,,
CRBG,2026-08-29,Financial,Asset Management,14540000000.0,18.54,5.65,0.39,0.77,1.43,7.85,7.9,0.24,4.21,,8.49,4.7,3.09,26.68,14.42,,3.75,1.02,1.02,0.48,,3.08,11.04,96.01,3.44,,
CRC,2026-08-29,Energy,Oil & Gas E&P,4640000000.0,,13.07,0.7,1.24,1.36,11.74,-3.55,-1.7500000000000002,-2.55,39.73,21.58,-3.2400000000000007,1.09,-3.79,18.68,-28.73,16.16,0.4,0.39,0.66,0.56,3.15,8.35,97.25,4.2,,
CRGY,2026-08-29,Energy,Oil & Gas E&P,4470000000.0,,6.69,1.7,1.04,0.87,5.37,1.14,0.5,0.53,31.59,24.67,1.27,28.28,-12.37,3.94,,36.54,1.0,1.0,0.94,0.94,3.55,15.950000000000001,82.91,11.77,,
CRH,2026-08-29,Basic Materials,Building Materials,63770000000.0,16.9,14.41,1.37,1.65,2.51,21.84,16.45,6.78,9.31,36.25,14.05,9.87,6.13,12.52,10.54,30.98,6.3,0.82,0.7,1.58,1.07,1.63,0.31,88.82,1.94,,
CRI,2026-08-29,Consumer Cyclical,Apparel Retail,1230000000.0,6.28,9.23,2.0,0.41,1.2,4.2,20.18,7.32,9.13,48.6,8.92,6.370000000000001,-6.04,11.51,4.62,0.2,-0.85,1.15,1.02,2.47,1.5,2.99,5.37,107.72,9.1,,
CRK,2026-08-29,Energy,Oil & Gas E&P,4200000000.0,8.3,22.02,0.68,2.23,1.63,,20.92,7.1,8.83,22.5,19.28,26.77,-28.02,66.95,32.24,,17.58,1.23,1.21,0.48,0.48,,73.24,30.73,31.27,,
CRL,2026-08-29,Healthcare,Diagnostics & Research,13920000000.0,,22.89,2.03,3.48,4.9,37.55,-7.7,-3.16,-4.06,32.63,13.51,-5.96,10.11,12.48,11.25,,6.55,1.07,1.07,1.35,1.04,,1.11,121.22,5.0,,
CRM,2026-08-29,Technology,Software - Application,210690000000.0,23.33,16.06,1.18,4.8,5.49,13.9,19.38,9.33,12.07,74.69,21.52,21.99,29.43,-1.63,13.66,12.24,14.34,1.1,1.09,0.76,0.76,0.44,3.17,88.3,3.34,,
CROX,2026-08-29,Consumer Cyclical,Footwear & Accessories,5860000000.0,10.56,8.18,1.21,1.45,4.25,8.32,42.3,13.48,19.89,57.47,20.81,14.63,11.51,7.17,6.75,,23.86,1.22,1.15,1.49,0.96,,4.44,101.19,9.5,,
CRS,2026-08-29,Industrials,Metal Fabrication,23610000000.0,45.25,29.93,1.42,7.56,10.61,65.17,25.739999999999995,14.46,17.97,30.659999999999997,22.54,16.95,23.95,19.33,21.06,,16.19,0.33,0.32,3.81,2.23,0.17,2.96,95.02,3.11,,
CRSR,2026-08-29,Technology,Computer Hardware,1300000000.0,39.11,14.48,1.17,0.89,1.95,14.47,5.25,2.73,4.03,31.55,2.94,2.29,45.05,-7.85,12.38,,-2.86,0.28,0.24,1.75,1.04,,56.99000000000001,38.57,23.38,,
CRUS,2026-08-29,Technology,Semiconductors,5440000000.0,13.27,12.19,3.31,2.65,2.5,9.5,20.9,17.74,18.73,52.78,23.05,21.0,-8.95,5.56,3.68,16.74,7.84,0.06,0.05,7.58,6.23,,0.64,106.56000000000002,7.51,,
CRVL,2026-08-29,Financial,Insurance Brokers,3500000000.0,30.83,,,3.56,8.57,30.73,30.7,17.92,26.84,22.28,15.370000000000001,11.72,,,,20.24,11.64,0.07,0.05,1.94,1.94,,38.99,56.05,4.54,,
CRWD,2026-08-29,Technology,Software - Infrastructure,223630000000.0,6117.65,137.9,4.66,41.44,43.83,146.58,0.8500000000000001,0.35,0.64,75.12,-1.23,0.7,34.34,26.43,29.61,-8.78,40.64,0.16,0.16,1.48,1.48,,2.14,77.75,2.43,,
CSCO,2026-08-29,Technology,Communication Equipment,433280000000.0,33.01,19.66,1.71,6.84,8.86,33.94,27.32,10.53,19.05,63.24999999999999,25.230000000000004,20.95,18.24,9.2,11.47,5.9,4.92,0.59,0.39,0.93,0.79,1.55,0.24,83.7,1.5,,
CSGP,2026-08-29,Real Estate,Real Estate Services,13060000000.0,177.33,18.81,0.53,3.67,1.64,29.37,0.9000000000000001,0.72,0.82,74.55,2.43,2.08,56.75,25.63,35.75,-51.08,14.37,0.15,0.14,2.21,2.21,,0.91,104.71999999999998,4.16,,
CSL,2026-08-29,Industrials,Building Products & Equipment,14160000000.0,20.32,14.82,1.2,2.78,8.77,16.37,39.4,12.53,16.18,35.21,20.55,14.29,8.52,14.27,12.32,24.22,4.79,1.78,1.78,2.6,2.04,1.28,1.44,102.41,5.47,,
CSR,2026-08-29,Real Estate,REIT - Residential,927640000.0,66.53,,,2.66,1.3,15.58,3.09,1.13,1.3,36.16,29.410000000000004,6.15,-155.58,71.55,,,14.68,1.44,1.44,3.11,3.11,9.26,0.67,94.38,3.44,,
CSW,2026-08-29,Industrials,Specialty Industrial Machinery,5190000000.0,43.66,23.31,1.81,4.44,4.84,35.97,11.07,6.25,6.17,42.38,18.17,10.34,21.29,8.54,12.85,20.39,20.89,0.86,0.82,2.7,1.36,0.36,1.34,101.22,6.36,,
CSX,2026-08-29,Industrials,Railroads,94990000000.0,29.61,22.53,1.41,6.55,6.75,33.98,24.37,7.35,10.16,35.27,35.27,22.21,24.74,13.34,15.98,5.15,5.89,1.37,1.25,0.82,0.72,1.09,0.16,82.12,1.86,,
CTAS,2026-08-29,Industrials,Specialty Business Services,81710000000.0,41.6,33.31,2.94,7.25,15.9,43.6,40.58,18.94,29.36,48.95,23.26,17.7,11.35,11.45,11.34,13.89,9.62,0.53,0.32,0.92,0.76,0.9199999999999999,14.429999999999998,70.46,3.03,,
CTRE,2026-08-29,Real Estate,REIT - Healthcare Facilities,9220000000.0,24.6,23.45,4.77,16.13,2.05,21.38,9.11,6.7,6.23,78.63,64.87,62.07,-3.07,9.36,4.92,13.11,21.73,0.27,0.27,6.76,6.76,4.0,0.78,106.4,10.56,,
CTS,2026-08-29,Technology,Electronic Components,1620000000.0,23.64,18.98,,2.86,2.82,17.67,12.43,8.85,10.6,39.01,15.909999999999998,12.35,21.97,9.56,,15.54,5.03,0.16,0.15,2.61,2.07,0.28,1.67,99.32,2.99,,
CTSH,2026-08-29,Technology,Information Technology Services,28850000000.0,13.74,10.14,1.04,1.33,2.0,11.1,14.92,10.83,13.55,30.659999999999997,16.11,10.26,8.94,9.76,9.72,12.13,4.86,0.14,0.13,2.18,2.18,2.06,0.52,115.36,7.94,,
CTVA,2026-08-29,Basic Materials,Agricultural Inputs,55980000000.0,55.47,20.23,1.78,3.14,2.22,88.99,4.25,2.6,3.76,45.41,16.67,5.66,12.42,10.45,11.38,12.11,4.12,0.19,0.07,1.52,1.1,0.88,0.15,91.12,2.17,,
CUBE,2026-08-29,Real Estate,REIT - Industrial,9050000000.0,27.36,25.81,11.32,7.97,3.5,16.23,12.39,5.03,5.78,45.84,39.85,29.410000000000004,5.57,0.59,2.28,11.38,10.58,1.37,1.24,0.06,0.06,5.33,0.88,104.08,3.36,,
CUBI,2026-08-29,Financial,Banks - Regional,2650000000.0,9.58,8.12,0.39,1.74,1.2,7.24,14.32,1.19,6.52,,24.76,18.7,34.94,14.62,20.93,9.0,19.25,1.07,1.03,0.33,,0.13,7.1,100.88,7.34,,
CURB,2026-08-29,Real Estate,REIT - Retail,3450000000.0,110.34,101.75,,15.29,1.51,31.81,1.44,1.16,1.05,33.66,17.17,12.8,-37.93,28.34,-1.29,,,0.32,0.32,9.72,9.72,2.27,7.41,120.9,17.88,,
CUZ,2026-08-29,Real Estate,REIT - Office,4850000000.0,752.94,63.51,1.84,4.68,1.08,30.8,0.14,0.07,0.08,26.899999999999995,22.66,0.62,-31.98,183.95,34.49,-24.7,6.07,0.87,0.87,1.73,1.73,4.37,1.36,106.45,6.54,,
CVBF,2026-08-29,Financial,Banks - Regional,3910000000.0,15.35,11.19,1.0,5.48,1.23,6.82,7.6,1.12,5.44,,43.64,28.84,-1.1,31.93,11.2,3.19,6.49,0.37,0.19,0.1,,3.62,5.68,83.64,5.1,,
CVCO,2026-08-29,Consumer Cyclical,Residential Construction,4370000000.0,24.73,20.39,1.74,1.9,3.95,18.63,16.66,12.24,15.74,23.15,9.62,7.89,-5.95,23.59,11.74,23.8,15.25,0.04,0.04,2.23,1.41,,2.16,100.25,4.88,,
CVI,2026-08-29,Energy,Oil & Gas Refining & Marketing,4200000000.0,60.82,19.07,,0.5,8.0,11.96,13.930000000000001,1.71,3.01,8.55,6.800000000000001,0.8100000000000002,131.06,477.86,,,12.75,3.43,3.37,1.42,0.92,0.86,70.83,32.53,20.13,,
CVLT,2026-08-29,Technology,Software - Application,5650000000.0,86.99,21.94,1.08,4.65,108.57,21.72,32.77,4.45,7.1,80.26,9.01,5.62,25.37,14.02,20.34,,10.35,17.63,17.49,2.04,2.04,,1.28,109.57999999999998,7.84,,
CVNA,2026-08-29,Consumer Cyclical,Auto & Truck Dealerships,81480000000.0,34.34,33.53,1.95,3.25,13.22,87.71,54.459999999999994,13.11,16.92,18.68,8.93,6.260000000000001,-4.18,36.36,17.21,,29.47,1.44,1.3,3.93,2.33,,6.6000000000000005,100.41,9.7,,
CVS,2026-08-29,Healthcare,Healthcare Plans,119020000000.0,24.57,10.96,0.85,0.29,1.49,10.12,6.23,1.91,3.21,14.16,3.54,1.18,18.2,6.44,12.9,-23.94,8.4,0.96,0.91,0.87,0.66,2.93,0.16,91.65,1.32,,
CVSA,2026-08-29,Consumer Defensive,Education & Training Services,4580000000.0,20.52,13.44,1.29,2.34,3.16,11.65,18.57,9.09,11.57,60.28,19.94,13.68,9.64,10.61,10.43,38.12,16.59,0.63,0.6,1.09,1.09,,2.92,102.08,4.93,,
CVX,2026-08-29,Energy,Oil & Gas Integrated,398830000000.0,19.35,15.48,0.76,1.89,2.1,14.63,12.25,7.090000000000001,9.09,18.48,13.33,9.74,117.96,-17.94,20.35,,14.35,0.2,0.19,1.25,0.98,3.54,0.36,76.33,0.8,,
CW,2026-08-29,Industrials,Aerospace & Defense,22030000000.0,41.04,34.82,2.59,6.03,7.95,35.23,19.75,10.16,14.55,37.73,18.89,14.81,15.65,11.94,13.43,21.83,7.91,0.41,0.34,1.6,1.12,0.17,0.45000000000000007,87.17,2.05,,
CWEN,2026-08-29,Utilities,Utilities - Renewable,6520000000.0,40.17,98.96,,4.23,2.08,9.72,4.92,0.55,0.81,16.16,13.170000000000002,5.91,-142.77,152.47,-19.47,45.81,2.44,5.34,5.04,1.21,1.11,5.93,0.8100000000000002,88.2,6.0,,
CWK,2026-08-29,Real Estate,Real Estate Services,3310000000.0,48.67,8.19,0.1,0.31,1.64,78.72,3.52,0.91,1.44,16.8,3.81,0.64,324.41,17.41,79.17,,5.58,1.5,1.38,1.08,1.13,,0.83,96.49,6.15,,
CWST,2026-08-29,Industrials,Waste Management,5960000000.0,1046.7,58.27,3.95,3.05,3.77,56.42,0.36,0.17,0.19,16.81,4.82,0.29,5.27,20.26,14.75,-41.82,18.85,0.91,0.89,0.99,0.99,,2.21,122.07999999999998,7.72,,
CWT,2026-08-29,Utilities,Utilities - Regulated Water,3120000000.0,22.73,18.41,1.95,2.96,1.73,,7.7,2.35,4.06,37.26,19.2,12.629999999999999,20.23,6.09,9.46,1.81,4.72,0.93,0.81,0.7,0.67,2.65,0.77,91.09,2.32,,
CXM,2026-08-29,Technology,Software - Application,1910000000.0,72.79,15.0,1.94,2.19,3.91,15.05,5.08,2.55,5.46,66.34,6.24,3.29,-0.06,11.1,7.72,,17.24,0.09,0.07,1.31,1.31,,56.03,50.41,8.86,,
CXT,2026-08-29,Industrials,Specialty Industrial Machinery,2890000000.0,20.74,10.67,1.4,1.6,2.28,12.88,11.49,4.31,5.55,42.12,16.32,7.780000000000001,5.94,9.25,7.62,-4.06,-9.71,1.16,1.0,1.42,1.07,1.44,13.77,107.67999999999999,14.58,,
CXW,2026-08-29,Industrials,Security & Protection Services,3340000000.0,26.94,14.31,,1.35,2.32,58.34,8.77,3.92,4.79,17.09,9.94,5.15,1406.94,-85.48,,19.27,3.02,0.94,0.86,1.32,1.32,,3.16,88.22,16.11,,
CYTK,2026-08-29,Healthcare,Biotechnology,10020000000.0,,,,148.1,,,,-56.76,-85.25,69.42,-1046.12,-1321.12,7.32,26.03,32.66,-27.07,9.54,,,6.66,6.66,,4.0,113.16999999999999,12.23,,
CZR,2026-08-29,Consumer Cyclical,Resorts & Casinos,6060000000.0,,138.17,,0.52,1.8,11.83,-12.79,-1.45,-1.65,37.69,17.69,-3.9900000000000007,63.86,124.6,,29.15,25.92,7.36,7.33,0.85,0.83,,6.34,95.82,9.73,,
D,2026-08-29,Utilities,Utilities - Regulated Electric,57650000000.0,22.8,17.19,2.84,3.11,2.07,,9.08,2.22,3.35,51.99,27.47,13.44,4.87,6.32,6.05,,3.41,1.85,1.62,0.81,0.64,4.07,0.14,82.93,2.59,,
DAL,2026-08-29,Industrials,Airlines,52660000000.0,13.3,9.21,0.45,0.77,2.41,15.44,20.13,4.8,10.54,15.960000000000003,8.08,5.79,11.68,33.77,20.42,,29.96,0.92,0.72,0.42,0.35,0.91,0.59,90.06,3.45,,
DAN,2026-08-29,Consumer Cyclical,Auto Parts,3260000000.0,,7.72,0.06,0.43,1.7,27.91,-2.88,-0.63,-2.11,9.1,4.02,-0.93,419.33,104.58,133.71,,1.08,0.78,0.75,1.49,1.03,1.53,1.54,100.72000000000001,4.49,,
DAR,2026-08-29,Consumer Defensive,Packaged Foods,10150000000.0,17.28,10.89,0.08,1.55,1.93,11.52,12.13,5.63,6.46,18.29,8.9,9.13,1534.54,-7.37,134.35,-26.07,11.37,0.8,0.76,1.56,1.03,,1.41,106.06,3.97,,
DASH,2026-08-29,Consumer Cyclical,Internet Retail,102590000000.0,124.31,50.41,1.0,6.46,10.34,47.96,8.93,4.61,6.41,45.12,5.46,5.29,22.8,79.56,50.64,,36.58,0.33,0.32,1.36,1.36,,12.7,82.58,4.27,,
DAVE,2026-08-29,Technology,Software - Application,4830000000.0,24.55,19.06,0.71,7.5,23.23,14.79,104.78,47.66,55.5,88.15,33.54,34.59,0.18,46.49,26.77,,37.95,1.29,0.93,4.22,4.22,,23.16,97.73,24.82,,
DBD,2026-08-29,Technology,Software - Application,2290000000.0,22.04,9.59,,0.59,2.36,9.6,10.76,2.97,5.5,26.280000000000005,9.0,2.87,-3.88,30.65,,,-0.49,1.14,1.09,1.27,0.83,,1.96,135.72,8.79,,
DBX,2026-08-29,Technology,Software - Infrastructure,7760000000.0,19.83,10.75,0.94,3.07,,8.06,,15.8,28.1,79.59,26.5,17.49,7.97,8.34,11.46,,5.66,,,1.06,1.06,,39.35,84.22,18.65,,
DCH,2026-08-29,Consumer Cyclical,Auto Parts,1500000000.0,,5.31,0.13,0.18,0.99,,-14.99,-2.0,-2.45,9.54,3.44,-1.9900000000000002,72.63,30.1,39.67,49.29,4.38,3.44,3.42,1.4,1.02,,4.04,103.73000000000002,8.49,,
DCI,2026-08-29,Industrials,Specialty Industrial Machinery,10650000000.0,23.86,18.95,1.9,2.74,6.28,24.98,28.199999999999996,13.03,14.91,34.9,15.7,11.68,9.94,10.8,9.95,11.46,6.37,0.75,0.73,2.08,1.41,1.4,0.58,91.3,2.73,,
DCOM,2026-08-29,Financial,Banks - Regional,1790000000.0,14.69,9.33,,2.39,1.33,9.04,8.58,0.8699999999999999,6.87,,24.15,15.93,29.19,29.65,,6.33,24.2,0.43,0.21,0.47,,2.47,3.93,89.62,8.17,,
DD,2026-08-29,Basic Materials,Specialty Chemicals,18500000000.0,325.37,17.24,0.87,2.24,1.34,17.63,2.78,1.78,0.33,32.74,15.32,0.67,43.98,9.46,19.77,14.2,-13.74,0.23,0.23,2.43,1.82,2.17,0.38,81.48,2.84,,
DDOG,2026-08-29,Technology,Software - Application,85090000000.0,484.13,80.11,3.85,21.45,19.48,71.98,4.7,2.66,3.17,79.48,0.48,4.48,23.38,16.96,20.82,,41.53,0.29,0.28,3.16,3.16,,8.35,86.26,2.81,,
DE,2026-08-29,Industrials,Farm & Heavy Construction Machinery,169950000000.0,35.03,28.36,2.26,3.54,6.07,52.63,18.33,4.52,7.1,36.78,19.98,10.16,-2.06,22.67,12.52,16.32,5.13,2.29,1.45,0.77,0.55,1.05,7.44,77.68,2.03,,
DEA,2026-08-29,Real Estate,REIT - Office,1170000000.0,118.93,80.75,8.93,3.26,0.89,4.34,0.71,0.28,0.31,32.79,23.65,2.63,-14.81,32.61,9.04,-5.89,6.52,1.31,1.3,5.82,5.82,7.31,6.36,79.63,4.29,,
DECK,2026-08-29,Consumer Cyclical,Footwear & Accessories,11950000000.0,12.45,10.5,1.0,2.17,5.21,10.69,42.56,26.33,37.58,56.28999999999999,22.43,18.42,7.33,10.92,10.51,25.63,16.45,0.21,0.17,2.75,1.99,,1.3,101.17,5.84,,
DEI,2026-08-29,Real Estate,REIT - Office,1970000000.0,,,,1.95,1.07,11.0,-1.28,-0.26,-0.36,23.86,19.0,-2.43,-239.44,16.05,,-20.75,2.4,3.12,2.72,0.47,0.47,6.509999999999999,3.5000000000000004,105.80000000000001,17.84,,
DELL,2026-08-29,Technology,Computer Hardware,295770000000.0,36.26,19.81,0.52,2.2,,31.33,,8.33,37.04,19.09,8.57,6.27,83.94,21.54,38.42,15.51,5.56,,,0.95,0.74,0.55,53.56999999999999,37.99,4.66,,
DFH,2026-08-29,Consumer Cyclical,Residential Construction,1340000000.0,10.39,12.46,,0.32,0.94,,9.58,3.8599999999999994,4.32,15.68,4.37,3.2199999999999998,-47.2,4.87,,20.19,30.69,1.15,1.15,4.92,0.53,,70.18,34.43,23.79,,
DFIN,2026-08-29,Technology,Software - Application,1190000000.0,33.34,8.85,0.66,1.53,3.08,7.8,8.59,4.12,5.97,56.48,19.92,4.53,12.09,13.28,13.34,,-3.03,0.55,0.52,1.33,1.33,,6.370000000000001,94.95,4.67,,
DG,2026-08-29,Consumer Defensive,Discount Stores,27110000000.0,15.97,14.81,1.44,0.62,2.92,13.48,19.69,5.34,7.26,28.67,5.59,3.9,13.57,6.65,10.32,-8.39,4.83,1.7,1.53,1.21,0.31,1.9,0.74,101.07,2.97,,
DGII,2026-08-29,Technology,Communication Equipment,2880000000.0,59.78,24.19,1.39,5.68,4.2,21.15,7.46,5.62,6.08,61.69,15.1,9.63,28.19,16.34,17.37,30.59,9.03,0.17,0.17,1.13,0.78,,3.18,104.97000000000001,5.14,,
DGX,2026-08-29,Healthcare,Diagnostics & Research,26790000000.0,25.75,20.13,2.02,2.32,3.55,19.86,14.35,6.43,7.72,31.869999999999997,14.56,9.15,13.62,7.74,9.96,-3.64,3.18,0.85,0.82,1.59,1.46,1.37,0.49,97.92,3.02,,
DHI,2026-08-29,Consumer Cyclical,Residential Construction,41230000000.0,14.02,12.55,2.35,1.24,1.74,12.87,12.75,8.37,9.85,22.61,12.08,9.15,-9.46,12.08,5.35,12.53,11.02,0.3,0.3,10.45,0.96,1.21,10.42,88.54,3.89,,
DHR,2026-08-29,Healthcare,Diagnostics & Research,151890000000.0,38.36,23.26,2.49,6.05,2.89,27.79,7.61,4.59,5.15,58.97,21.19,15.950000000000001,9.02,9.23,9.36,0.65,1.97,0.53,0.48,1.65,1.25,0.66,9.12,84.55,1.37,,
DINO,2026-08-29,Energy,Oil & Gas Refining & Marketing,17730000000.0,9.52,10.22,0.84,0.57,1.72,7.67,19.41,10.6,14.15,10.13,8.58,6.08,181.29,-31.48,12.15,,19.15,0.32,0.31,1.97,1.1,2.05,5.58,88.24,5.02,,
DIOD,2026-08-29,Technology,Semiconductors,4050000000.0,47.4,15.26,0.13,2.48,2.07,28.44,4.5,3.4099999999999997,4.28,30.61,4.8,5.27,166.12,77.62,114.26,-5.41,3.81,0.05,0.03,3.17,1.99,,2.38,100.05,4.05,,
DIS,2026-08-29,Communication Services,Entertainment,186650000000.0,22.3,14.47,1.21,1.88,1.7,22.51,7.85,4.29,5.83,32.19,15.43,8.68,16.44,8.19,11.93,,7.66,0.42,0.34,0.65,0.59,1.28,0.17,79.14,1.1,,
DKS,2026-08-29,Consumer Cyclical,Specialty Retail,12090000000.0,14.51,9.96,1.42,0.57,2.14,37.37,18.47,5.8,6.6,34.3,6.43,3.9699999999999998,-10.62,14.92,7.02,11.75,12.43,1.39,1.22,1.48,0.36,3.71,29.580000000000002,78.13,9.87,,
DLB,2026-08-29,Industrials,Specialty Business Services,5760000000.0,26.08,13.43,2.11,4.25,2.23,14.67,8.72,7.12,8.63,87.61,19.33,16.7,1.95,5.96,6.35,3.08,3.04,0.02,0.01,3.19,3.11,2.34,37.47,66.6,10.05,,
DLR,2026-08-29,Real Estate,REIT - Specialty,68810000000.0,90.22,71.79,,10.05,2.57,,3.17,1.55,1.72,28.410000000000004,19.14,11.07,-24.35,-4.6,-3.65,28.98,9.38,0.72,0.69,2.66,2.66,2.64,0.66,104.80000000000001,2.08,,
DLTR,2026-08-29,Consumer Defensive,Discount Stores,24070000000.0,15.66,16.22,1.08,1.2,7.03,12.16,46.03,11.8,15.99,38.74,10.54,8.03,35.24,1.66,15.04,1.91,-5.32,2.24,1.94,1.13,0.39,,0.17,104.97000000000001,4.05,,
DLX,2026-08-29,Industrials,Conglomerates,1080000000.0,10.83,5.79,,0.51,1.53,5.18,14.95,3.95,4.63,52.54,12.55,4.76,3.0,8.02,,75.48,3.56,2.08,2.07,1.2,1.08,5.08,3.15,91.18,8.11,,
DMC,2026-08-29,Consumer Defensive,Farm Products,1500000000.0,44.76,10.12,,0.35,0.75,11.59,1.67,1.04,1.33,9.27,3.7699999999999996,0.79,-38.86,40.0,,12.78,0.59,0.3,0.27,2.23,1.04,3.7699999999999996,18.58,73.32,5.97,,
DNOW,2026-08-29,Industrials,Industrial Distribution,2880000000.0,,19.27,2.67,0.71,1.38,21.18,-11.57,-6.87,-7.03,15.9,-2.55,-4.6,-59.69,138.46,7.22,28.0,11.74,0.3,0.28,2.14,1.06,,1.68,108.25,7.24,,
DOC,2026-08-29,Real Estate,REIT - Healthcare Facilities,14810000000.0,59.92,124.02,5.07,5.02,1.84,13.36,3.08,1.17,1.39,20.87,17.95,8.23,313.26,-59.1,24.45,,11.4,1.32,1.22,3.4,3.4,5.85,0.32,99.0,3.27,,
DOCN,2026-08-29,Technology,Software - Infrastructure,13080000000.0,50.7,62.17,5.84,12.93,12.55,72.89,62.27,9.71,10.05,57.220000000000006,14.800000000000002,23.27,-31.08,22.44,10.64,,23.14,2.13,1.52,1.31,1.31,,17.92,82.29,8.56,,
DOCS,2026-08-29,Healthcare,Health Information Services,4760000000.0,31.7,17.2,2.73,7.27,5.25,16.04,17.21,14.6,18.09,87.41,30.570000000000004,25.480000000000004,-11.46,15.51,6.3,52.71,25.53,0.01,0.01,6.04,6.04,,31.11,72.93,15.01,,
DOCU,2026-08-29,Technology,Software - Application,12220000000.0,41.56,12.56,0.97,3.72,6.79,10.91,16.44,7.95,15.86,79.06,10.64,9.59,17.91,12.5,13.02,,17.25,0.1,0.09,0.66,0.66,,0.63,93.23,8.13,,
DORM,2026-08-29,Consumer Cyclical,Auto Parts,3840000000.0,17.92,13.93,3.66,1.78,2.53,54.28,15.049999999999999,8.82,10.73,41.83,17.15,10.18,-2.31,7.18,3.81,15.0,14.28,0.35,0.35,3.6,1.73,,13.5,96.93,6.11,,
DOV,2026-08-29,Industrials,Specialty Industrial Machinery,26760000000.0,23.92,16.91,1.74,3.18,3.48,22.84,14.91,8.41,11.04,40.09,18.09,13.48,11.28,9.85,9.7,11.05,3.9,0.42,0.33,1.98,1.41,1.09,0.75,93.5,2.81,,
DOW,2026-08-29,Basic Materials,Chemicals,22040000000.0,,17.27,,0.53,1.39,13.78,-7.89,-2.16,-3.83,9.44,3.64,-3.16,363.52,-28.7,,,0.73,1.22,1.15,1.75,1.14,4.57,0.26,80.17,5.21,,
DPZ,2026-08-29,Consumer Cyclical,Restaurants,11580000000.0,19.84,16.82,1.97,2.3,,17.72,,33.38,54.88,40.02,19.3,11.86,7.84,9.81,8.55,7.23,3.71,,,1.54,1.41,2.28,0.62,113.84,8.82,,
DRH,2026-08-29,Real Estate,REIT - Hotel & Motel,2610000000.0,17.61,19.52,1.0,2.29,1.7,15.95,9.92,5.02,5.65,19.38,16.26,13.089999999999998,67.44,-11.67,19.45,,30.2,0.79,0.79,1.32,1.32,3.18,1.31,114.7,7.01,,
DRI,2026-08-29,Consumer Cyclical,Restaurants,24480000000.0,20.76,17.38,2.07,1.85,11.14,22.41,53.72,8.36,12.99,17.43,12.17,9.13,6.01,9.99,8.4,16.79,12.92,3.63,3.21,0.31,0.21,3.03,0.29,101.44,5.75,,
DT,2026-08-29,Technology,Software - Application,15510000000.0,106.66,23.6,1.4,7.4,6.36,27.19,5.88,3.7000000000000006,5.85,81.35,13.03,7.22,16.74,14.6,16.83,15.17,23.47,0.06,0.06,1.12,1.12,,0.78,105.28,3.21,,
DTE,2026-08-29,Utilities,Utilities - Regulated Electric,28270000000.0,21.47,16.27,2.33,1.73,2.33,,11.01,2.47,3.43,16.03,12.64,8.05,4.81,8.22,6.98,-0.08,5.8,2.29,2.15,0.8,0.53,3.5000000000000004,0.44,83.25,2.08,,
DTM,2026-08-29,Energy,Oil & Gas Midstream,13210000000.0,28.41,25.84,2.82,10.09,2.77,24.89,9.9,4.64,5.75,53.05,49.69,35.73,9.98,5.98,9.17,5.96,10.51,0.71,0.7,1.37,1.37,2.7,0.55,88.19,4.69,,
DUK,2026-08-29,Utilities,Utilities - Regulated Electric,93760000000.0,18.04,16.76,2.48,2.82,1.74,,9.91,2.68,3.8,31.370000000000005,26.619999999999997,15.61,6.36,6.88,6.76,29.7,6.2,1.68,1.52,0.66,0.43,3.63,0.13,71.69,2.29,,
DUOL,2026-08-29,Technology,Software - Application,6880000000.0,17.63,43.96,,6.01,4.87,16.86,34.42,22.72,27.46,72.22,14.21,35.87,-67.66,21.07,-21.69,,45.03,0.06,0.06,2.72,2.72,,15.1,85.63,17.85,,
DV,2026-08-29,Communication Services,Advertising Agencies,2069999999.9999998,37.14,23.55,0.9,2.7,1.89,12.92,5.39,4.52,4.96,74.44,12.689999999999998,7.66,45.13,30.5,26.13,18.42,25.13,0.1,0.08,4.5,4.5,,13.08,94.37,5.82,,
DVA,2026-08-29,Healthcare,Medical Care Facilities,11530000000.0,15.24,10.59,0.47,0.82,,7.16,635.3,4.67,6.81,27.29,14.93,5.87,37.71,14.9,22.62,8.29,3.39,,,1.47,1.41,,2.07,93.73,6.41,,
DVN,2026-08-29,Energy,Oil & Gas E&P,52090000000.0,11.21,9.37,0.66,2.63,1.3,34.33,11.55,6.41,6.31,27.089999999999996,24.36,16.55,30.23,-1.03,14.14,,31.53,0.28,0.25,0.72,0.67,2.48,1.58,93.6,2.26,,
DXC,2026-08-29,Technology,Information Technology Services,1790000000.0,15.88,3.79,3.03,0.14,0.59,1.43,3.9800000000000004,0.9399999999999998,1.91,14.000000000000002,1.59,0.9899999999999999,-19.74,14.07,1.25,,-6.54,1.37,1.12,1.41,1.41,,2.3,113.87,17.72,,
DXCM,2026-08-29,Healthcare,Medical Devices,34270000000.000004,35.85,29.1,1.37,6.9,13.08,24.39,38.49,14.510000000000002,25.0,63.57000000000001,22.92,20.12,27.63,16.98,21.18,10.55,19.33,0.53,0.53,1.73,1.43,,1.8000000000000003,105.13,4.46,,
DXPE,2026-08-29,Industrials,Industrial Distribution,2880000000.0,32.76,24.27,1.39,1.35,5.33,24.31,18.47,5.86,6.6,31.759999999999998,8.93,4.35,19.19,18.58,17.44,,14.94,1.66,1.61,2.99,2.58,,17.11,76.06,2.83,,
DY,2026-08-29,Industrials,Engineering & Construction,8880000000.0,26.79,14.44,0.53,1.29,4.3,18.94,19.2,6.75,6.54,15.039999999999997,8.06,4.79,41.99,19.89,27.32,54.95,11.63,1.48,1.44,2.35,2.24,,1.28,93.85,4.34,,
EAT,2026-08-29,Consumer Cyclical,Restaurants,9610000000.0,21.13,15.85,1.07,1.66,21.89,17.24,119.57,14.800000000000002,23.67,14.88,10.82,8.39,23.1,9.82,14.84,30.94,11.71,3.96,3.64,0.45,0.32,,1.28,113.19,14.55,,
EBAY,2026-08-29,Consumer Cyclical,Internet Retail,47000000000.0,21.87,15.65,1.38,3.88,10.08,17.91,46.44,12.18,22.03,72.59,21.44,18.36,11.22,9.91,11.36,11.61,4.64,1.53,1.16,1.02,1.02,1.16,10.06,96.33,3.94,,
EBC,2026-08-29,Financial,Banks - Regional,5090000000.0,12.64,10.46,,3.41,1.19,12.76,9.44,1.33,7.87,,26.919999999999998,25.21,19.98,13.86,,26.68,12.2,0.12,0.12,0.03,,2.62,7.690000000000001,84.96,7.4,,
ECG,2026-08-29,Industrials,Engineering & Construction,5910000000.0,23.28,19.36,1.03,1.39,7.64,23.6,39.52,14.38,23.4,12.94,7.829999999999999,5.96,34.18,12.77,18.81,16.45,16.25,0.47,0.41,1.59,1.53,,0.43,86.46,3.31,,
ECL,2026-08-29,Basic Materials,Specialty Chemicals,80380000000.0,38.47,30.5,2.43,4.77,7.99,42.88,21.85,7.89,9.39,44.24,18.22,12.57,8.3,15.27,12.55,,6.4,1.38,1.24,1.84,1.57,1.02,10.52,83.4,1.39,,
ECPG,2026-08-29,Financial,Credit Services,2100000000.0,7.49,6.77,,1.11,1.95,16.77,30.54,5.61,5.73,70.81,37.77,15.920000000000002,23.9,8.16,,10.31,3.27,3.87,3.87,1.29,1.29,,4.36,106.88,5.51,,
ED,2026-08-29,Utilities,Utilities - Regulated Electric,39610000000.0,17.65,16.58,2.51,2.24,1.4,,8.96,3.0,4.19,61.56,17.98,12.53,7.09,6.24,6.61,11.45,6.69,1.11,1.06,1.27,1.17,3.3099999999999996,0.18,79.15,2.7,,
EEFT,2026-08-29,Technology,Software - Infrastructure,2620000000.0,10.98,5.83,0.52,0.6,2.13,10.66,22.34,4.42,9.14,20.52,11.55,6.59,11.64,11.88,11.13,,11.32,2.28,1.56,1.37,1.37,,7.02,103.88999999999999,12.26,,
EFC,2026-08-29,Real Estate,REIT - Mortgage,1750000000.0,8.27,6.86,3.9,2.78,0.99,1.84,12.35,1.18,1.48,82.52,81.18,31.120000000000005,12.06,-5.13,1.76,24.76,32.4,9.4,6.73,0.21,0.2,11.5,2.29,53.05,5.4,,
EFOR,2026-08-29,Technology,Information Technology Services,1310000000.0,16.45,7.46,1.27,0.33,0.72,5.92,4.57,2.15,2.53,26.88,5.7,2.09,-20.4,18.29,5.88,-7.08,2.59,0.83,0.82,2.13,2.13,,4.07,107.61,10.6,,
EFX,2026-08-29,Industrials,Consulting Services,22830000000.0,34.15,19.13,1.13,3.54,5.22,20.66,14.580000000000002,5.79,8.19,44.05,18.53,10.73,11.92,18.67,16.98,4.67,8.04,1.25,0.93,0.6,0.6,1.15,0.8,104.2,5.5,,
EG,2026-08-29,Financial,Insurance - Reinsurance,14480000000.0,7.99,6.29,0.42,0.86,0.95,6.49,12.57,3.4000000000000004,10.06,,14.23,11.27,20.21,12.1,15.08,24.23,12.76,0.23,0.23,0.4,,2.16,25.45,105.04,5.04,,
EGBN,2026-08-29,Financial,Banks - Regional,840440000.0,,11.64,,1.41,0.73,15.9,-3.2799999999999994,-0.38,-3.05,,-9.38,-6.45,135.96,56.41,,,7.99,0.18,0.09,0.17,,0.15,8.18,79.1,9.94,,
EGP,2026-08-29,Real Estate,REIT - Industrial,10750000000.0,35.11,34.29,3.95,14.28,3.01,24.18,8.73,5.69,5.97,44.05,40.54,40.47,22.11,-1.91,8.68,12.06,14.49,0.47,0.43,0.43,0.43,3.2,1.04,103.32,3.99,,
EHC,2026-08-29,Healthcare,Medical Care Facilities,11920000000.0,19.68,18.1,1.8,1.92,4.6,28.84,24.75,8.48,11.52,21.95,18.0,9.98,12.17,9.24,10.08,14.24,5.03,1.09,1.07,1.19,1.19,0.49,1.01,98.18,3.35,,
EIG,2026-08-29,Financial,Insurance - Specialty,883120000.0,70.58,19.67,0.41,1.05,1.03,44.83,0.78,0.25,0.77,,1.12,0.91,147.32,8.66,47.81,-35.03,3.84,0.15,0.15,0.38,,2.73,2.94,83.29,5.0,,
EIX,2026-08-29,Utilities,Utilities - Regulated Electric,27000000000.0,7.23,10.77,6.53,1.39,1.55,,22.58,4.18,6.94,34.12,29.880000000000003,19.28,-6.36,6.18,1.65,42.36,7.31,2.48,2.17,0.66,0.61,4.98,0.18,97.37,3.44,,
EL,2026-08-29,Consumer Defensive,Household & Personal Products,37410000000.0,207.78,26.23,1.17,2.48,9.83,28.42,4.75,0.9199999999999999,1.5,75.55,11.21,1.21,34.49,18.64,22.47,-42.29,-1.49,2.43,2.19,1.22,0.9,1.43,31.86,65.79,3.09,,
ELAN,2026-08-29,Healthcare,Drug Manufacturers - Specialty & Generic,12050000000.0,,18.94,1.22,2.4,1.83,31.78,-2.98,-1.46,-1.91,44.28,6.63,-3.9599999999999995,20.62,12.25,15.54,18.11,7.57,0.59,0.58,2.05,1.1,,1.02,113.84999999999998,6.01,,
ELF,2026-08-29,Consumer Defensive,Household & Personal Products,6140000000.0,105.82,27.23,2.4,3.49,5.25,21.93,6.04,3.16,2.89,69.2,12.0,3.38,15.39,5.87,11.36,29.9,38.76,0.8,0.76,2.55,1.82,,3.55,97.12,7.36,,
ELS,2026-08-29,Real Estate,REIT - Residential,12780000000.0,30.97,28.95,4.88,8.17,7.03,36.06,23.03,6.98,7.92,38.2,34.27,25.69,2.75,6.61,5.93,9.89,7.09,1.88,1.88,0.25,0.25,3.4099999999999997,1.18,109.38,4.39,,
ELV,2026-08-29,Healthcare,Healthcare Plans,85540000000.0,17.53,13.31,3.4,0.43,1.91,13.6,11.2,4.0,6.57,,3.63,2.47,-10.37,9.16,3.92,6.99,10.32,0.69,0.68,1.52,,1.7500000000000002,0.24,94.73,2.5,,
EME,2026-08-29,Industrials,Engineering & Construction,32650000000.0,22.97,19.87,1.12,1.76,8.03,27.87,40.37,15.509999999999998,31.85,19.43,9.6,7.739999999999999,27.36,13.04,17.69,63.69,14.07,0.13,0.11,1.28,1.25,0.21,0.73,96.99,2.15,,
EMN,2026-08-29,Basic Materials,Specialty Chemicals,8350000000.0,19.02,10.61,0.87,0.94,1.37,15.5,7.41,2.88,4.19,19.97,9.52,4.98,17.48,8.15,12.18,3.21,0.7,0.86,0.73,1.5,0.76,4.63,0.93,95.02,4.96,,
EMR,2026-08-29,Industrials,Specialty Industrial Machinery,86560000000.0,33.91,21.33,2.06,4.65,4.25,25.02,12.809999999999999,6.08,9.06,48.67,20.6,13.84,9.33,10.89,10.36,4.55,1.41,0.68,0.4,0.9,0.66,1.43,0.31,85.14,2.15,,
ENOV,2026-08-29,Healthcare,Medical Devices,1440000000.0,,6.2,0.59,0.63,0.97,22.56,-54.25,-25.03,-39.52,53.339999999999996,3.4099999999999997,-47.9,10.32,10.27,10.43,,-6.05,0.93,0.88,1.98,1.0,,2.44,122.81,15.49,,
ENPH,2026-08-29,Technology,Solar,4920000000.0,36.91,16.72,,3.71,4.16,32.25,13.0,4.4,7.5,62.84,25.629999999999995,10.09,-32.5,11.54,-4.27,6.42,13.72,0.52,0.51,3.45,2.95,,3.05,95.04,16.83,,
ENR,2026-08-29,Industrials,Electrical Equipment & Parts,1530000000.0,18.95,6.59,,0.51,7.51,10.23,42.18,1.81,2.28,38.37,15.689999999999998,2.73,-6.38,2.54,-0.05,48.05,1.47,16.88,16.62,2.07,1.1,5.61,12.97,103.05,11.52,,
ENS,2026-08-29,Industrials,Electrical Equipment & Parts,6690000000.0,19.84,12.9,1.14,1.76,3.42,9.32,18.4,8.74,11.83,30.65,14.540000000000001,9.29,26.59,7.51,11.31,18.33,4.73,0.53,0.51,2.8,1.83,0.61,1.49,103.45,6.13,,
ENSG,2026-08-29,Healthcare,Medical Care Facilities,10080000000.0,27.1,20.23,1.61,1.84,4.13,24.06,16.98,7.090000000000001,8.29,13.96,8.78,6.9,18.63,9.73,12.53,13.84,16.5,0.92,0.87,1.21,1.21,0.16,3.6000000000000005,91.46,2.68,,
ENTG,2026-08-29,Technology,Semiconductor Equipment & Materials,20620000000.0,67.57,26.66,0.85,6.2,4.96,35.84,7.670000000000001,3.62,3.96,39.92,17.09,9.18,42.47,29.19,31.32,-6.49,11.45,0.86,0.86,3.05,1.85,0.24,0.61,109.00000000000001,5.25,,
ENVA,2026-08-29,Financial,Credit Services,5790000000.0,17.26,10.8,0.39,1.68,3.87,2.97,26.08,5.49,5.43,,24.14,10.31,33.8,24.32,27.43,-0.31,23.8,3.37,3.37,20.2,20.2,,5.18,96.08,8.97,,
EOG,2026-08-29,Energy,Oil & Gas E&P,75190000000.0,11.15,10.01,0.74,2.82,2.36,11.36,22.51,13.61,17.29,43.24,35.12,25.75,62.96,-13.5,13.52,,17.92,0.26,0.25,1.85,1.68,2.88,0.22999999999999998,98.36,2.79,,
EPAC,2026-08-29,Industrials,Specialty Industrial Machinery,1920000000.0,21.26,18.26,2.43,3.03,4.53,17.13,21.64,11.38,15.58,49.05,21.76,14.719999999999999,3.04,10.46,7.52,169.38,4.57,0.44,0.41,2.67,2.04,0.11,1.6399999999999997,100.27999999999999,2.92,,
EPAM,2026-08-29,Technology,Information Technology Services,5920000000.0,15.55,8.14,0.84,1.05,1.68,12.27,11.18,8.65,11.06,26.94,9.8,7.15,14.29,7.33,9.68,3.71,15.46,0.04,0.03,2.75,2.75,,3.47,116.49000000000001,14.52,,
EPC,2026-08-29,Consumer Defensive,Household & Personal Products,1340000000.0,,14.43,,0.65,0.92,25.55,-2.87,-1.19,-3.45,41.7,6.460000000000001,-4.55,-23.6,4.53,-6.09,-15.49,2.66,0.88,0.85,1.84,1.12,3.39,1.41,117.97999999999999,10.62,,
EPR,2026-08-29,Real Estate,REIT - Specialty,4560000000.0,19.11,19.48,,6.14,1.97,10.35,11.35,4.53,4.51,51.22,36.64,32.18,-6.74,-0.07,-0.74,,11.87,1.53,1.53,7.95,7.95,6.19,2.45,83.37,9.48,,
EPRT,2026-08-29,Real Estate,REIT - Retail,6620000000.0,23.6,22.5,11.42,10.62,1.49,,6.5,3.8900000000000006,3.65,71.46,64.81,42.74,2.86,2.52,1.97,402.11,28.08,0.66,0.66,3.19,3.19,4.19,0.58,117.82,8.78,,
EQH,2026-08-29,Financial,Asset Management,13710000000.0,,5.61,0.24,1.16,,12.86,-508.79,-0.3,-30.32,,-3.26,-8.34,27.17,24.69,23.35,-25.44,-0.54,,,11.62,,2.28,0.6,98.71,2.01,,
EQIX,2026-08-29,Real Estate,REIT - Specialty,103050000000.0,67.21,55.42,3.75,10.51,7.17,,10.77,3.84,4.23,31.69,9.22,15.629999999999999,25.27,9.32,14.77,26.89,8.96,1.62,1.52,1.13,1.13,1.9799999999999998,0.32,101.39,1.68,,
EQT,2026-08-29,Energy,Oil & Gas E&P,34130000000.000004,12.66,13.9,0.68,3.6,1.35,9.07,11.62,6.7,8.8,48.14,42.38,28.610000000000003,35.75,-5.21,20.52,,25.73,0.22,0.22,0.67,0.67,1.21,1.08,96.91,3.1,,
ERIE,2026-08-29,Financial,Insurance Brokers,12130000000.0,23.78,,,2.94,4.92,21.93,24.81,17.26,23.39,17.9,17.93,14.01,18.62,,,13.78,9.9,0.0,0.0,1.25,1.25,2.25,46.53,46.17,10.8,,
ES,2026-08-29,Utilities,Utilities - Regulated Electric,26680000000.0,18.35,14.39,4.26,1.91,1.63,89.63,9.06,2.33,3.35,30.409999999999997,22.34,10.35,-2.38,5.91,3.38,5.15,8.75,1.82,1.64,0.8,0.74,4.43,0.15,88.96,2.7,,
ESAB,2026-08-29,Industrials,Metal Fabrication,4750000000.0,27.53,11.84,1.03,1.58,2.01,24.17,8.58,3.6000000000000005,3.39,33.46,14.150000000000002,5.66,3.3,18.35,11.54,7.02,7.83,1.0,0.99,1.96,1.22,0.26,6.660000000000001,104.95999999999998,8.7,,
ESE,2026-08-29,Technology,Scientific & Technical Instruments,7180000000.0,50.52,30.02,1.45,5.56,4.44,34.61,9.5,5.65,8.17,35.68,15.659999999999998,11.01,38.6,10.38,20.77,41.77,8.44,0.09,0.08,1.38,0.94,0.12,0.75,100.66,2.48,,
ESI,2026-08-29,Basic Materials,Specialty Chemicals,8510000000.0,47.6,16.76,1.01,2.7,3.03,61.82,6.570000000000001,3.3099999999999996,3.67,38.42,14.77,5.67,21.75,14.86,16.58,21.04,6.6,0.75,0.73,2.91,2.11,0.61,6.4,104.79,2.85,,
ESNT,2026-08-29,Financial,Insurance - Specialty,6190000000.0,9.62,8.93,1.84,4.77,1.09,7.5,12.01,9.19,11.05,,65.77,52.459999999999994,7.99,3.55,4.84,12.18,5.73,0.09,0.09,3.22,,2.03,3.5699999999999994,97.95,2.85,,
ESS,2026-08-29,Real Estate,REIT - Residential,18870000000.0,44.21,45.56,,9.8,3.43,15.88,7.55,3.17,3.56,36.84,29.26,21.48,-45.39,9.77,-13.21,3.69,4.76,1.27,1.18,0.09,0.09,3.65,0.8100000000000002,104.51000000000002,3.09,,
ETN,2026-08-29,Industrials,Specialty Industrial Machinery,156440000000.0,40.98,25.15,1.61,5.21,7.72,39.77,19.71,7.919999999999999,9.7,35.9,19.44,12.75,12.22,18.24,15.61,24.52,8.98,1.05,0.95,1.24,0.79,1.05,0.2,88.13,1.65,,
ETR,2026-08-29,Utilities,Utilities - Regulated Electric,49350000000.0,27.04,20.74,1.48,3.66,2.71,,10.42,2.47,3.64,28.57,22.23,13.33,12.47,15.94,13.97,2.5,5.38,1.88,1.71,0.88,0.66,2.44,0.25,100.39,4.47,,
ETSY,2026-08-29,Consumer Cyclical,Internet Retail,7670000000.0,49.18,18.14,0.32,2.68,,12.23,,16.22,20.29,72.3,16.1,7.32,137.07,39.83,55.89,-12.32,10.81,,,1.48,1.48,,1.17,123.59,10.72,,
EVR,2026-08-29,Financial,Capital Markets,11160000000.0,16.41,12.84,0.65,2.35,6.0,6.94,42.41,17.76,25.81,98.79,22.57,15.71,34.25,15.58,19.7,11.3,11.12,0.59,0.55,2.47,2.47,1.22,6.849999999999999,94.29,3.1,,
EVRG,2026-08-29,Utilities,Utilities - Regulated Electric,18590000000.0,20.43,17.68,1.96,3.08,1.82,,9.17,2.71,4.11,32.48,25.55,15.329999999999998,11.11,7.16,9.04,6.15,3.8,1.61,1.2,0.36,0.21,3.44,1.36,95.62,7.65,,
EVTC,2026-08-29,Technology,Software - Infrastructure,1790000000.0,19.57,6.85,0.66,1.8,2.79,8.6,15.57,4.39,5.15,36.81,19.93,9.8,10.45,9.5,10.37,8.98,12.79,2.06,1.95,1.7,1.7,0.5,2.35,103.12,4.44,,
EW,2026-08-29,Healthcare,Medical Devices,52000000000.0,53.53,26.65,1.9,7.98,4.9,36.27,9.26,7.16,8.67,78.28,28.53,15.049999999999999,17.22,12.81,14.03,6.79,6.7,0.07,0.06,4.52,3.77,,1.22,94.56,1.8,,
EWBC,2026-08-29,Financial,Banks - Regional,17730000000.0,12.43,11.43,1.39,3.79,1.92,9.52,16.58,1.78,12.11,,39.68,30.9,11.7,6.52,8.25,19.12,21.14,0.45,0.29,0.13,,2.47,0.78,93.59,2.86,,
EXC,2026-08-29,Utilities,Utilities - Regulated Electric,45350000000.0,16.09,14.46,2.6,1.79,1.53,,9.71,2.4,3.46,27.529999999999998,20.79,10.99,3.15,6.32,5.56,6.36,-6.24,1.78,1.71,1.09,0.99,3.82,0.08,96.05,3.12,,
EXE,2026-08-29,Energy,Oil & Gas E&P,22720000000.0,8.47,11.33,0.56,1.8,1.19,9.18,14.89,9.97,12.04,48.69,21.53,22.08,49.22,-4.79,20.36,,20.35,0.19,0.19,0.96,0.96,2.35,0.57,96.58,3.65,,
EXEL,2026-08-29,Healthcare,Biotechnology,13490000000.0,17.1,13.13,0.82,5.54,7.35,11.51,44.39,33.28,42.82,96.48,40.72,35.33,14.05,18.04,16.11,51.19,18.63,0.09,0.09,3.46,3.38,,3.18,105.86,11.68,,
EXLS,2026-08-29,Technology,Information Technology Services,5820000000.0,24.2,14.79,0.97,2.6,6.73,21.17,25.94,14.469999999999999,26.2,35.44,14.42,11.17,17.37,13.47,15.26,24.43,16.85,0.56,0.1,1.23,1.23,,3.36,103.53000000000002,7.23,,
EXP,2026-08-29,Basic Materials,Building Materials,6060000000.0,15.63,13.81,1.57,2.61,4.09,35.54,27.029999999999998,11.02,12.34,27.02,23.21,17.32,-8.59,13.21,8.81,10.77,7.31,1.21,1.19,3.23,1.91,0.48,1.26,108.96999999999998,6.21,,
EXPD,2026-08-29,Industrials,Integrated Freight & Logistics,24820000000.0,27.79,23.92,2.27,2.06,11.72,26.87,42.6,18.52,35.75,15.2,9.9,7.629999999999999,29.46,3.63,10.55,7.86,2.92,0.27,0.21,1.46,1.46,0.8500000000000001,0.63,99.93,3.29,,
EXPE,2026-08-29,Consumer Cyclical,Travel Services,39540000000.0,20.55,13.63,0.65,2.52,32.7,8.87,199.12,7.2700000000000005,29.53,84.69,16.64,12.97,30.92,16.37,20.91,,23.16,4.7,4.7,0.8,0.8,0.45999999999999996,5.22,103.90000000000002,4.89,,
EXPO,2026-08-29,Industrials,Engineering & Construction,3400000000.0,32.11,27.19,2.38,5.38,11.78,31.33,31.2,15.83,30.83,24.6,20.17,17.67,11.38,14.12,11.4,5.97,7.79,0.28,0.26,1.98,1.98,1.73,1.2,98.7,6.37,,
EXR,2026-08-29,Real Estate,REIT - Industrial,31530000000.0,32.0,29.58,7.99,9.15,2.28,17.93,7.07,3.2400000000000007,3.75,34.6,26.06,27.74,0.56,4.67,3.7,4.33,20.02,1.09,0.92,0.8,0.8,4.57,1.11,100.36,2.33,,
EXTR,2026-08-29,Technology,Communication Equipment,2950000000.0,71.91,14.85,0.85,2.3,33.44,30.94,54.64,3.61,16.68,60.24,5.05,3.2799999999999994,23.12,16.49,17.44,83.02,4.92,2.2,1.85,0.93,0.81,,3.2300000000000004,99.27,5.85,,
EYE,2026-08-29,Consumer Cyclical,Specialty Retail,1370000000.0,28.09,14.4,0.63,0.68,1.53,28.0,5.75,2.54,3.39,54.08,4.25,2.47,25.67,20.01,22.73,-3.46,3.03,0.78,0.65,0.59,0.27,,2.88,129.57,18.35,,
EZPW,2026-08-29,Financial,Credit Services,2029999999.9999998,16.77,15.26,0.79,1.28,1.74,14.25,14.69,7.82,8.31,56.269999999999996,13.970000000000002,9.99,41.76,6.69,19.24,,9.14,0.7,0.64,4.81,3.45,,11.75,113.88000000000001,23.49,,
F,2026-08-29,Consumer Cyclical,Auto Manufacturers,55350000000.0,,7.09,0.28,0.29,1.64,7.6,-18.31,-2.56,-5.03,8.0,1.9799999999999998,-3.93,69.73,5.83,25.6,-44.9,8.05,4.57,3.12,1.09,0.93,4.32,2.48,67.32,2.64,,
FA,2026-08-29,Industrials,Specialty Business Services,3610000000.0,145.5,13.99,0.73,2.17,2.79,18.49,1.94,0.66,0.75,28.809999999999995,10.89,1.51,22.62,17.96,19.17,18.22,25.33,1.58,1.57,2.53,2.53,,54.75,64.02,13.89,,
FAF,2026-08-29,Financial,Insurance - Specialty,7600000000.0,10.31,10.32,,0.95,1.35,9.14,13.87,4.23,10.11,,14.42,9.33,16.03,3.68,,-0.54,1.01,0.31,0.31,1.97,,2.95,3.83,97.26,5.67,,
FANG,2026-08-29,Energy,Oil & Gas E&P,55350000000.0,38.3,10.85,0.83,3.24,1.46,8.52,3.7900000000000005,2.05,2.97,37.37,35.05,8.51,53.25,-11.11,13.0,,39.81,0.33,0.29,0.47,0.45,2.21,26.94,73.63,3.72,,
FAST,2026-08-29,Industrials,Industrial Distribution,57120000000.0,42.36,35.5,2.98,6.53,14.04,49.42,34.34,26.229999999999997,31.2,42.77,20.29,15.45,16.08,10.82,11.9,7.95,7.75,0.11,0.07,4.18,2.21,1.9799999999999998,0.11,88.45,2.72,,
FBIN,2026-08-29,Industrials,Building Products & Equipment,5430000000.0,36.85,13.52,5.52,1.24,2.36,13.56,6.41,2.3,2.91,44.88,15.160000000000002,3.39,-7.27,0.56,2.45,-8.97,-6.03,1.21,1.21,2.01,1.05,2.27,1.9,104.25999999999999,5.43,,
FBK,2026-08-29,Financial,Banks - Regional,2890000000.0,15.45,11.25,,2.81,1.49,14.47,11.08,1.3,8.56,,26.150000000000002,19.1,17.33,9.81,,7.96,8.87,0.19,0.19,0.11,,1.37,2.41,81.47,3.92,,
FBNC,2026-08-29,Financial,Banks - Regional,2650000000.0,19.9,12.98,,4.61,1.54,13.05,8.1,1.03,7.35,,28.77,23.09,69.7,8.4,,-0.96,11.5,0.05,0.05,0.06,,1.51,1.67,82.96,5.11,,
FBP,2026-08-29,Financial,Banks - Regional,4280000000.0000005,11.81,10.99,1.28,3.35,2.16,9.71,19.49,1.95,17.11,,35.12,29.21,11.54,6.25,8.6,36.21,9.46,0.1,0.1,0.05,,2.84,2.5,97.14,4.4,,
FBRT,2026-08-29,Real Estate,REIT - Mortgage,702560000.0,19.24,7.26,,1.2,0.57,4.44,4.0,1.01,1.19,93.73,57.66,6.08,77.14,34.33,,-6.74,25.37,2.85,2.5,0.88,0.61,9.46,2.34,59.82999999999999,7.65,,
FCF,2026-08-29,Financial,Banks - Regional,2109999999.9999998,12.77,10.6,,2.84,1.34,11.82,10.91,1.38,9.73,,29.04,22.65,17.91,13.46,,14.39,12.85,0.19,0.1,0.04,,2.69,1.87,79.51,3.05,,
FCFS,2026-08-29,Financial,Credit Services,9510000000.0,24.99,16.69,0.79,2.31,4.11,17.87,17.4,7.76,7.9,51.519999999999996,16.11,9.42,29.24,15.99,21.04,23.7,17.55,1.16,1.12,4.89,3.51,0.78,9.27,99.56,5.98,,
FCN,2026-08-29,Industrials,Consulting Services,4250000000.0,18.59,14.06,1.24,1.08,3.19,11.83,15.629999999999999,7.19,9.87,31.759999999999998,9.69,6.4399999999999995,5.32,17.56,11.38,7.75,9.01,0.95,0.92,2.03,2.03,,2.2,112.52,8.55,,
FCPT,2026-08-29,Real Estate,REIT - Retail,2770000000.0,22.87,21.55,8.26,9.04,1.71,14.22,7.6499999999999995,4.12,4.34,64.68,55.7,38.7,4.68,2.6,2.61,0.21,11.46,0.78,0.68,0.44,0.44,5.84,1.38,103.54,3.69,,
FCX,2026-08-29,Basic Materials,Copper,109780000000.0,37.75,19.06,0.53,4.36,5.46,62.31,15.259999999999998,5.03,9.99,24.55,22.11,11.62,66.48,36.08,36.05,30.14,12.62,0.52,0.45,2.07,0.92,0.78,0.62,90.1,1.82,,
FDS,2026-08-29,Financial,Financial Data & Stock Exchanges,10990000000.0,20.36,15.68,1.79,4.51,5.44,15.51,27.029999999999998,13.269999999999998,18.44,51.38,30.79,23.21,5.05,10.43,8.77,10.02,9.22,0.77,0.51,0.68,0.68,1.46,0.31,115.18000000000002,10.14,,
FDX,2026-08-29,Industrials,Integrated Freight & Logistics,78310000000.0,17.85,,,0.83,2.51,15.31,14.829999999999998,4.75,6.37,21.77,6.99,4.67,,,,-1.01,2.48,1.36,1.2,1.48,1.44,1.43,6.83,82.6,2.28,,
FDXF,2026-08-29,Industrials,Integrated Freight & Logistics,19950000000.0,,,,,,,,,,,,,,,,,,,,167.41,167.41,,20.23,61.980000000000004,3.29,,
FE,2026-08-29,Utilities,Utilities - Regulated Electric,26550000000.0,24.48,15.56,2.03,1.68,2.05,,8.42,1.9299999999999997,2.71,27.339999999999996,18.57,6.860000000000001,7.08,7.96,7.67,-0.91,6.94,2.24,2.1,0.54,0.45,4.04,0.18,96.23,4.43,,
FELE,2026-08-29,Industrials,Specialty Industrial Machinery,4450000000.0,28.98,19.25,,2.01,3.16,20.37,11.63,7.449999999999999,9.78,35.52,13.100000000000001,7.02,12.62,12.06,,8.55,11.31,0.22,0.13,2.41,1.1,3.95,7.32,90.84,1.55,,
FFBC,2026-08-29,Financial,Banks - Regional,3450000000.0,11.59,9.71,0.8,2.51,1.15,4.55,10.29,1.39,8.32,,26.06,20.77,13.88,11.57,12.13,10.85,12.3,0.35,0.15,0.11,,3.11,1.15,85.78,5.12,,
FFIN,2026-08-29,Financial,Banks - Regional,4790000000.0,17.82,15.53,,5.52,2.38,15.15,14.41,1.81,13.33,,37.86,31.019999999999996,15.63,5.05,,4.52,10.65,0.04,0.01,0.16,,2.54,3.47,66.33,6.06,,
FFIV,2026-08-29,Technology,Software - Infrastructure,22320000000.0,31.41,21.87,2.61,6.75,5.81,23.02,19.83,11.23,17.83,80.6,24.96,21.95,9.63,3.99,8.38,18.69,5.61,0.07,0.06,1.64,1.57,,0.59,100.26000000000002,2.2,,
FG,2026-08-29,Financial,Insurance - Life,3140000000.0,8.43,4.83,0.31,0.52,0.68,0.61,9.24,0.53,6.44,,11.16,6.619999999999999,-5.15,43.87,15.72,-30.9,9.96,0.49,0.41,0.08,,4.04,2.68,97.52,2.36,,
FHB,2026-08-29,Financial,Banks - Regional,3140000000.0,11.2,10.29,1.51,2.68,1.11,10.04,10.32,1.2,10.08,,31.730000000000004,24.31,6.38,7.12,6.8,9.06,8.61,0.0,0.0,0.08,,4.03,0.88,111.88,8.98,,
FHI,2026-08-29,Financial,Asset Management,4810000000.0,11.98,10.8,0.92,2.47,3.85,13.11,33.23,17.55,23.34,73.88,27.98,20.22,7.06,8.57,11.79,9.71,4.59,0.36,0.34,2.59,2.59,2.34,4.66,89.83,6.18,,
FHN,2026-08-29,Financial,Banks - Regional,11680000000.0,11.84,10.71,1.08,2.34,1.38,16.2,11.65,1.27,10.07,,27.37,20.56,13.22,7.52,9.92,-0.25,7.93,0.47,0.14,0.23,,2.69,1.33,87.6,2.26,,
FIBK,2026-08-29,Financial,Banks - Regional,3530000000.0,11.43,12.98,4.54,2.61,1.07,14.51,9.62,1.21,8.96,,29.410000000000004,23.97,-2.38,-0.58,2.86,3.04,16.01,0.23,0.09,0.11,,5.08,14.800000000000002,96.65,10.96,,
FICO,2026-08-29,Technology,Software - Application,24910000000.0,33.33,21.82,0.75,10.41,,26.53,,41.8,67.87,85.1,52.11,34.05,43.72,23.12,29.1,27.43,8.99,,,1.18,1.18,,3.34,102.14000000000001,8.6,,
FIS,2026-08-29,Technology,Information Technology Services,21370000000.0,6.36,6.18,0.7,1.75,1.33,7.28,22.33,8.7,10.71,35.95,22.98,27.639999999999997,7.86,8.04,8.78,23.62,-3.18,1.33,0.96,0.53,0.53,4.39,0.15,101.12999999999998,3.14,,
FISV,2026-08-29,Technology,Information Technology Services,28280000000.0,10.2,6.65,4.49,1.36,1.05,7.14,10.75,3.45,5.23,56.38000000000001,21.57,13.419999999999998,-15.67,9.83,1.48,35.23,7.37,1.04,0.99,1.04,1.04,,0.43,92.33,5.65,,
FITB,2026-08-29,Financial,Banks - Regional,49460000000.0,18.56,11.06,0.72,3.25,1.53,14.93,8.44,0.9199999999999999,4.5,,19.7,14.44,-13.31,61.18,15.31,14.06,10.29,0.65,0.51,0.13,,2.99,0.45999999999999996,93.51,3.75,,
FIVE,2026-08-29,Consumer Cyclical,Specialty Retail,13380000000.0,30.52,24.3,1.25,2.63,5.78,26.47,21.13,9.27,10.98,32.93,11.04,8.67,38.92,7.45,19.39,24.07,19.41,0.86,0.73,2.1,1.27,,1.78,100.79,3.19,,
FIX,2026-08-29,Industrials,Engineering & Construction,53450000000.0,37.37,25.24,0.68,4.76,16.62,24.79,55.28999999999999,21.17,40.46,25.08,16.45,12.78,69.69,22.79,36.99,47.85,26.08,0.11,0.1,1.21,1.19,0.22,1.17,95.49,2.63,,
FIZZ,2026-08-29,Consumer Defensive,Beverages - Non-Alcoholic,3050000000.0,16.62,15.87,4.44,2.58,4.8,19.54,34.02,23.95,27.0,37.86,20.31,15.560000000000002,-0.68,5.48,3.57,1.06,1.94,0.09,0.07,4.39,3.68,9.98,74.68,26.75,18.16,,
FLEX,2026-08-29,Technology,Electronic Components,40820000000.0,42.67,15.52,0.36,1.39,7.42,49.42,18.38,4.39,8.51,9.29,5.58,3.32,42.38,51.51,43.05,13.64,2.96,1.08,1.08,1.38,0.89,,0.71,96.73,2.56,,
FLG,2026-08-29,Financial,Banks - Regional,5580000000.0,665.84,10.24,,1.26,0.73,,0.59,0.05,0.33,,2.66,0.34,166.98,292.32,,,22.25,1.39,0.81,0.33,,0.3,27.810000000000002,61.9,11.17,,
FLO,2026-08-29,Consumer Defensive,Packaged Foods,1510000000.0,27.53,9.7,,0.29,1.14,4.79,4.01,1.29,1.93,45.43,6.29,1.06,-27.52,-7.38,-11.59,-11.24,3.68,1.52,1.15,0.77,0.47,8.73,7.53,105.25999999999999,23.52,,
FLR,2026-08-29,Industrials,Engineering & Construction,7120000000.0,,15.73,0.74,0.46,2.69,,-46.23,-20.66,-53.11,-0.8,-2.15,-12.85,23.21,25.52,21.28,36.81,1.83,0.4,0.4,1.8,1.8,,2.48,97.03,7.29,,
FLS,2026-08-29,Industrials,Specialty Industrial Machinery,10210000000.0,28.17,17.24,1.4,2.2,4.52,24.82,16.56,6.19,8.2,35.8,13.019999999999998,8.01,12.99,13.3,12.33,21.58,4.87,1.03,1.0,2.15,1.58,1.09,0.63,114.95,6.07,,
FMC,2026-08-29,Basic Materials,Agricultural Inputs,1420000000.0,,6.78,,0.44,0.87,16.73,-89.27,-25.120000000000005,-48.54,33.06,-1.8900000000000001,-84.88,-55.09,25.8,-12.05,,-5.67,2.69,2.47,1.99,1.48,3.1400000000000006,1.12,103.15,23.97,,
FN,2026-08-29,Technology,Electronic Components,14850000000.0,31.77,19.07,0.69,3.2,6.05,3518.61,21.33,14.029999999999998,19.25,12.06,10.06,10.19,29.18,19.37,27.61,26.53,19.82,0.0,0.0,2.25,1.52,,0.4699999999999999,102.73999999999998,3.29,,
FNB,2026-08-29,Financial,Banks - Regional,6500000000.0,10.96,9.84,1.07,2.41,0.95,9.92,9.05,1.2,6.65,,26.38,22.39,6.11,10.85,9.21,12.82,13.09,0.73,0.33,0.08,,2.78,1.6200000000000003,93.63,6.39,,
FND,2026-08-29,Consumer Cyclical,Home Improvement Retail,5640000000.0,24.73,24.05,2.12,1.2,2.27,26.7,9.69,4.17,5.34,39.75,6.559999999999999,4.93,2.86,11.59,11.34,0.93,14.07,0.81,0.74,1.33,0.45,,3.19,117.39,13.87,,
FNF,2026-08-29,Financial,Insurance - Specialty,12750000000.0,16.55,8.27,1.07,0.83,1.71,2.03,10.05,0.86,6.33,,12.93,5.03,3.27,11.96,7.72,-15.01,6.05,0.64,0.64,,,4.3,5.69,84.38,3.3,,
FORM,2026-08-29,Technology,Semiconductor Equipment & Materials,7940000000.0,69.72,27.13,0.54,8.81,7.15,58.36,10.99,9.15,10.2,43.97,15.06,12.8,134.48,22.96,49.91,-6.93,2.51,0.03,0.02,4.08,3.34,,0.8100000000000002,93.15,3.51,,
FOUR,2026-08-29,Technology,Software - Infrastructure,3470000000.0,70.72,6.91,0.5,0.73,5.66,8.01,6.54,1.34,1.71,28.29,9.66,0.9199999999999999,0.96,21.83,13.71,,40.37,2.82,2.81,1.21,1.21,,29.630000000000003,88.64,25.3,,
FOX,2026-08-29,Communication Services,Entertainment,27150000000.0,15.99,10.43,1.38,1.59,2.21,18.49,14.29,7.380000000000001,8.8,34.23,20.41,9.84,9.95,-1.34,7.54,1.21,5.82,0.65,0.65,3.17,2.99,0.9399999999999998,68.55,33.93,8.25,,
FOXA,2026-08-29,Communication Services,Entertainment,27150000000.0,17.84,11.67,1.55,1.59,2.47,18.49,14.29,7.380000000000001,8.8,34.23,20.41,9.84,9.88,-1.59,7.54,1.21,5.82,0.65,0.65,3.17,2.99,0.8500000000000001,53.59,62.84,23.28,,
FOXF,2026-08-29,Consumer Cyclical,Auto Parts,864160000.0,,11.18,,0.59,1.3,68.75,-36.73,-16.58,-22.83,27.500000000000004,4.75,-20.39,44.03,20.41,,,10.5,1.02,0.96,3.1,1.55,,1.15,101.88999999999999,8.24,,
FR,2026-08-29,Real Estate,REIT - Industrial,8490000000.0,22.55,32.31,15.03,11.17,2.96,35.53,13.44,6.480000000000001,6.79,48.09,41.59,47.94,33.85,-23.42,2.15,4.05,10.07,0.93,0.93,4.45,4.45,3.2199999999999998,0.95,100.68,2.87,,
FRPT,2026-08-29,Consumer Defensive,Packaged Foods,3400000000.0,18.66,38.11,,2.89,2.78,55.75,17.62,11.76,11.78,39.41,8.26,17.28,-26.75,-3.91,-1.13,,28.16,0.4,0.4,6.05,5.03,,2.14,132.99,15.91,,
FRT,2026-08-29,Real Estate,REIT - Retail,10210000000.0,23.57,36.87,,7.64,3.17,30.47,13.140000000000002,4.92,5.46,38.21,34.5,31.95,-10.61,-24.3,-8.89,23.55,9.55,1.44,1.37,0.61,0.61,3.91,1.01,100.72000000000001,4.06,,
FSLR,2026-08-29,Technology,Solar,21970000000.0,12.6,8.73,0.32,4.09,2.13,14.65,18.51,13.3,16.69,44.0,34.98,32.47,22.61,34.36,27.47,30.65,14.0,0.02,0.01,2.52,2.0,,5.53,96.89,9.6,,
FSS,2026-08-29,Industrials,Farm & Heavy Construction Machinery,7210000000.0,25.45,20.44,1.33,2.95,4.79,21.26,20.61,13.100000000000001,14.42,28.559999999999995,16.84,11.66,23.66,10.48,15.42,20.79,14.03,0.32,0.31,2.74,1.21,0.51,2.47,102.47999999999999,7.12,,
FTDR,2026-08-29,Consumer Cyclical,Personal Services,5710000000.0,21.93,15.96,1.34,2.66,20.22,14.79,101.86,12.57,19.15,51.61,20.12,12.76,15.2,10.24,11.94,21.18,7.26,4.15,4.04,1.59,1.59,,0.74,106.22,4.61,,
FTI,2026-08-29,Energy,Oil & Gas Equipment & Services,29740000000.0,26.43,21.01,1.11,2.88,9.11,18.92,36.04,11.5,27.83,22.7,14.71,11.37,26.47,16.5,18.9,,8.49,0.38,0.29,1.08,0.83,0.26,1.55,99.47,3.37,,
FTNT,2026-08-29,Technology,Software - Infrastructure,121800000000.0,58.49,43.97,2.81,16.18,78.51,39.07,117.43999999999998,19.73,103.55,80.2,32.37,28.17,24.99,9.44,15.64,32.99,21.25,0.32,0.32,1.28,1.19,,17.22,72.23,2.34,,
FTRE,2026-08-29,Healthcare,Biotechnology,1790000000.0,,17.68,0.39,0.67,3.41,9.13,-15.299999999999999,-3.07,-5.27,16.38,0.97,-3.18,95.44,26.59,45.77,-21.68,1.09,2.13,2.08,0.96,0.96,,1.01,105.82000000000001,12.22,,
FTV,2026-08-29,Technology,Scientific & Technical Instruments,18030000000.0,35.24,18.37,2.11,4.18,2.98,18.88,7.32,4.03,5.58,61.11,18.23,12.38,11.34,7.68,8.72,-16.65,-2.14,0.58,0.58,1.24,1.0,0.4099999999999999,0.39,112.09,4.52,,
FUL,2026-08-29,Basic Materials,Specialty Chemicals,3030000000.0,16.74,10.58,0.85,0.86,1.46,21.53,9.39,3.55,4.47,32.39,11.35,5.29,14.83,9.35,12.5,3.11,4.48,1.0,1.0,1.8,1.12,1.43,0.37,104.43,5.42,,
FULT,2026-08-29,Financial,Banks - Regional,4520000000.0,11.34,10.28,17.72,2.35,1.25,10.97,11.1,1.19,7.17,,26.539999999999996,20.1,0.62,10.09,0.58,13.77,14.37,0.45,0.45,0.1,,3.2,1.14,83.67,4.49,,
FUN,2026-08-29,Consumer Cyclical,Leisure,1660000000.0,,,,0.54,14.46,11.05,-185.33,-20.74,-33.31,23.01,10.76,-57.25,83.32,96.87,,-8.74,76.39,44.95,44.82,0.42,0.36,,2.98,106.89999999999999,18.62,,
G,2026-08-29,Technology,Information Technology Services,6390000000.0,11.33,8.42,0.74,1.21,2.45,11.17,22.45,10.87,14.86,36.9,16.07,11.06,12.88,9.56,11.42,14.71,6.51,0.54,0.51,2.0,2.0,1.31,9.06,100.64,6.45,,
GAP,2026-08-29,Consumer Cyclical,Apparel Retail,8449999999.999999,7.01,8.86,0.81,0.55,2.09,8.83,33.78,9.98,13.77,43.18,10.79,8.14,13.78,9.35,10.93,,2.17,1.45,1.29,1.82,1.11,2.94,36.81,62.25999999999999,13.14,,
GATX,2026-08-29,Industrials,Rental & Leasing Services,6270000000.0,17.6,15.76,1.37,3.06,2.25,,13.269999999999998,2.34,2.48,46.48,29.049999999999997,17.64,16.89,10.19,11.49,16.91,7.55,4.48,4.23,1.12,1.12,1.49,1.21,103.23,5.31,,
GBCI,2026-08-29,Financial,Banks - Regional,6100000000.0,19.18,13.0,,3.86,1.42,14.99,7.95,1.03,6.74,,25.96,19.73,52.68,18.65,,-6.61,12.45,0.53,0.07,0.06,,2.82,0.48,87.29,6.39,,
GBX,2026-08-29,Industrials,Railroads,1420000000.0,13.49,11.77,,0.54,0.9,,6.959999999999999,2.46,3.11,14.93,5.66,4.08,-53.97,28.57,-8.49,34.1,2.98,1.19,1.19,2.82,1.59,2.91,5.3,102.99000000000001,9.68,,
GD,2026-08-29,Industrials,Aerospace & Defense,102630000000.0,23.13,20.41,2.24,1.87,3.83,15.92,17.8,7.629999999999999,12.92,15.380000000000003,10.32,8.18,9.82,9.54,9.13,7.04,6.74,0.35,0.29,1.44,0.96,1.66,0.66,88.41,1.0,,
GDDY,2026-08-29,Technology,Software - Infrastructure,12370000000.0,14.49,10.63,0.57,2.42,1849.68,7.27,442.86,11.19,23.75,60.58,25.22,17.83,19.0,24.19,18.53,,8.35,573.34,571.1,0.63,0.63,,1.07,109.22,4.32,,
GE,2026-08-29,Industrials,Aerospace & Defense,355450000000.0,40.38,37.62,2.13,7.02,20.15,42.34,48.75,7.08,25.18,35.23,18.52,17.69,24.31,15.02,17.65,69.37,-9.57,1.15,1.02,0.98,0.67,0.52,0.31,82.01,1.3,,
GEF,2026-08-29,Consumer Cyclical,Packaging & Containers,4380000000.0,21.73,17.63,0.48,1.11,1.59,,8.65,3.61,5.85,22.41,6.819999999999999,5.71,115.58,10.59,36.4,,-1.01,0.41,0.28,1.29,0.99,2.74,57.43000000000001,41.97,4.04,,
GEHC,2026-08-29,Healthcare,Medical Devices,32400000000.0,16.48,13.19,1.38,1.52,2.95,20.52,19.19,5.46,9.28,39.37,13.73,9.33,7.3,10.4,9.54,0.61,3.74,0.96,0.95,1.21,0.91,0.14,0.3,92.12,3.87,,
GEN,2026-08-29,Technology,Software - Infrastructure,18570000000.0,18.01,9.39,0.77,3.66,7.0,11.99,41.94,6.58,9.9,73.68,42.8,20.73,14.41,12.82,12.18,11.23,14.41,3.08,3.0,0.47,0.47,1.6500000000000001,10.01,93.7,5.45,,
GEO,2026-08-29,Industrials,Security & Protection Services,4250000000.0,15.23,18.03,,1.5,2.82,160.69,20.11,7.88,9.38,21.26,12.49,10.31,47.29,41.32,,14.08,2.29,1.08,1.05,1.65,1.65,,4.85,95.3,8.16,,
GEV,2026-08-29,Industrials,Specialty Industrial Machinery,242880000000.0,26.1,36.92,1.46,5.88,20.31,19.53,91.48,14.24,64.6,20.16,5.32,23.05,73.46,-19.51,25.25,,,0.24,0.23,0.84,0.62,0.22,0.21,82.4,2.99,,
GFF,2026-08-29,Industrials,Building Products & Equipment,4480000000.0,21.97,16.08,2.02,2.02,34.85,17.47,229.23,11.28,14.26,42.85,19.69,9.28,-4.45,14.0,7.98,17.86,4.05,10.35,10.16,2.41,1.79,0.8500000000000001,15.46,80.41,3.98,,
GGG,2026-08-29,Industrials,Specialty Industrial Machinery,12840000000.0,24.91,22.73,2.56,5.66,5.09,20.4,21.24,17.28,21.02,52.64,27.440000000000005,23.53,11.19,6.37,8.87,9.93,6.27,0.02,0.01,2.99,2.14,1.48,0.83,94.03,4.17,,
GHC,2026-08-29,Industrials,Conglomerates,4920000000.0,9.36,17.33,1.33,0.97,1.03,24.55,11.82,6.84,9.21,27.860000000000003,5.8,10.63,3.81,-2.9,13.04,2.72,11.2,0.28,0.23,1.86,1.59,0.64,26.700000000000003,66.22,4.94,,
GIII,2026-08-29,Consumer Cyclical,Apparel Manufacturing,1410000000.0,11.84,13.54,,0.49,0.77,8.41,7.19,5.04,6.15,42.47,8.02,4.34,-14.86,11.22,,25.68,7.55,0.16,0.13,3.18,2.26,0.9000000000000001,16.61,105.21000000000001,21.57,,
GILD,2026-08-29,Healthcare,Drug Manufacturers - General,180640000000.0,,14.72,1.57,5.91,15.28,13.96,-20.57,-6.17,-9.09,79.66,39.05,-10.61,-105.73,2217.45,9.39,133.64,3.63,2.22,2.01,1.27,1.09,2.23,0.17,92.63,1.87,,
GIS,2026-08-29,Consumer Defensive,Packaged Foods,22210000000.0,,12.93,,1.21,3.01,13.66,-1.06,-0.28,-0.44,33.59,15.329999999999998,-0.48,-13.18,4.25,-1.51,,0.33,1.89,1.73,0.68,0.4,5.91,0.44,91.57,8.4,,
GKOS,2026-08-29,Healthcare,Medical Devices,10610000000.0,,356.46,,17.31,15.51,,-25.980000000000004,-19.72,-23.95,79.12,-12.89,-30.680000000000003,65.91,264.45,,-3.95,17.67,0.15,0.15,5.04,4.46,,4.0,103.78,6.98,,
GL,2026-08-29,Financial,Insurance - Life,13280000000.0,11.47,10.47,1.45,2.14,2.16,10.77,20.95,3.95,13.74,,26.86,19.58,8.35,4.88,7.23,15.57,4.82,0.48,0.43,1.02,,0.71,0.9199999999999999,88.28,2.36,,
GLPI,2026-08-29,Real Estate,REIT - Specialty,12380000000.0,12.48,12.83,2.3,7.48,2.48,19.72,20.3,7.2700000000000005,7.25,80.72,82.62,58.489999999999995,8.87,3.27,5.58,5.05,6.7,1.68,1.68,2.4,2.4,7.59,4.13,96.37,3.27,,
GLW,2026-08-29,Technology,Electronic Components,128330000000.00002,68.33,34.51,1.05,7.56,10.75,53.58,16.05,6.16,8.97,35.54,16.48,11.2,30.03,31.77,32.99,27.86,6.68,0.75,0.69,1.81,1.24,0.79,8.3,75.26,2.13,,
GM,2026-08-29,Consumer Cyclical,Auto Manufacturers,75700000000.0,43.51,5.75,0.38,0.41,1.25,124.91,3.04,0.68,1.28,5.74,0.98,1.01,26.34,12.06,15.22,-5.48,8.6,2.06,1.46,1.14,0.97,0.83,0.15,90.29,2.5,,
GME,2026-08-29,Consumer Cyclical,Specialty Retail,8020000000.0,13.61,13.04,,2.15,1.37,10.83,14.09,8.26,7.56,34.39,10.71,20.45,10.17,5.38,,,-6.54,0.74,0.73,12.4,11.91,,8.81,35.79,13.21,,
GMED,2026-08-29,Healthcare,Medical Devices,11140000000.0,21.22,15.41,1.12,3.54,2.34,14.74,11.81,10.25,11.0,64.9,21.53,17.03,25.64,7.69,13.74,31.11,30.08,0.02,0.02,4.62,2.93,,17.32,89.64,6.13,,
GNL,2026-08-29,Real Estate,REIT - Diversified,2120000000.0,,,,4.61,1.28,11.12,-0.96,-0.35,-0.39,51.300000000000004,34.88,-13.26,91.94,71.79,52.46,-60.6,8.57,1.63,1.63,5.06,5.06,8.3,9.8,72.23,5.96,,
GNRC,2026-08-29,Industrials,Specialty Industrial Machinery,10850000000.0,42.37,15.63,0.51,2.44,3.77,28.6,9.48,4.63,6.26,37.38,13.22,5.82,53.36,20.92,30.65,-13.26,11.11,0.47,0.43,2.04,1.0,,1.77,91.65,3.94,,
GNTX,2026-08-29,Consumer Cyclical,Auto Parts,4780000000.0,12.03,10.24,0.94,1.82,1.88,9.62,16.13,13.780000000000001,15.76,35.0,19.55,15.259999999999998,15.92,5.49,10.85,4.36,8.46,0.0,0.0,3.04,1.76,2.12,0.36,101.15,7.52,,
GNW,2026-08-29,Financial,Insurance - Life,3770000000.0,18.94,8.87,,0.54,0.43,8.77,2.31,0.29,2.07,,7.23,3.04,214.29,2.27,,9.13,-3.35,0.17,0.17,,,,2.45,86.88,2.3,,
GO,2026-08-29,Consumer Defensive,Grocery Stores,1210000000.0,,18.19,,0.25,1.48,99.58,-38.06,-12.07,-14.89,29.99,4.47,-8.04,-28.17,22.55,-0.92,,8.39,2.27,2.14,1.29,0.3,,8.76,118.58999999999999,27.08,,
GOLF,2026-08-29,Consumer Cyclical,Leisure,5080000000.0,23.73,20.95,1.65,1.87,5.49,27.63,25.370000000000005,8.84,11.81,48.89,13.79,8.12,30.1,2.52,12.69,19.47,9.68,1.04,1.01,2.55,1.48,1.05,53.63,55.32,10.18,,
GOOG,2026-08-29,Communication Services,Internet Content & Information,4218290000000.0,17.23,22.72,1.26,9.45,6.74,79.18,48.68,34.3,32.33,60.94,33.96,54.7,90.26,-26.63,18.08,29.82,17.18,0.18,0.18,2.72,2.64,0.22999999999999998,57.99999999999999,28.689999999999998,0.83,,
GOOGL,2026-08-29,Communication Services,Internet Content & Information,4218290000000.0,17.41,22.95,1.26,9.45,6.81,79.18,48.68,34.3,32.33,60.94,33.96,54.7,90.28,-26.59,18.16,29.82,17.18,0.18,0.18,2.72,2.64,0.22999999999999998,52.2,39.84,1.24,,
GPC,2026-08-29,Consumer Cyclical,Auto Parts,18960000000.0,550.92,16.56,2.39,0.76,4.19,24.96,0.71,0.16,0.32,34.65,4.85,0.13,5.01,7.3,6.94,-18.81,8.0,1.47,1.25,1.16,0.5,3.08,1.21,96.04,5.39,,
GPI,2026-08-29,Consumer Cyclical,Auto & Truck Dealerships,3150000000.0,11.01,6.01,0.84,0.14,1.07,22.79,9.4,2.79,4.61,15.380000000000003,4.23,1.29,-3.78,12.16,7.14,10.13,16.32,1.96,1.1,1.02,0.25,0.84,2.91,101.99000000000001,10.02,,
GPK,2026-08-29,Consumer Cyclical,Packaging & Containers,3420000000.0,17.72,10.33,,0.4,1.06,18.11,6.01,1.6500000000000001,2.32,15.53,6.94,2.25,-60.41,57.08,-11.65,19.87,5.61,1.75,1.58,1.38,0.6,3.81,1.5700000000000003,119.57,6.73,,
GPN,2026-08-29,Technology,Software - Infrastructure,24300000000.0,28.81,5.73,0.38,2.38,1.06,29.53,2.18,0.89,1.69,63.89,20.57,7.400000000000001,11.71,17.37,15.26,24.36,0.75,1.02,0.93,0.82,0.82,1.27,16.77,93.11,6.67,,
GPOR,2026-08-29,Energy,Oil & Gas E&P,3120000000.0,7.05,6.51,0.31,2.13,1.71,12.48,27.41,16.21,18.07,45.11,42.18,31.879999999999995,14.48,16.17,20.75,,10.56,0.5,0.5,0.58,0.58,,2.77,118.86000000000001,6.74,,
GRBK,2026-08-29,Consumer Cyclical,Residential Construction,3150000000.0,11.04,11.44,,1.61,1.64,28.25,15.740000000000002,11.83,12.85,30.709999999999997,19.5,14.77,-13.0,4.22,,25.85,15.89,0.15,0.15,8.99,0.67,,8.2,82.04,4.46,,
GRMN,2026-08-29,Technology,Scientific & Technical Instruments,55000000000.0,29.41,25.55,1.78,7.17,6.09,34.38,21.89,17.26,20.39,60.08,27.61,24.47,18.55,10.01,14.34,10.69,11.59,0.02,0.02,3.02,2.08,1.46,14.41,59.13,2.04,,
GS,2026-08-29,Financial,Capital Markets,301070000000.0,15.96,14.1,0.97,2.21,2.75,2.62,16.99,1.07,4.33,,19.52,14.719999999999999,36.85,4.42,14.58,15.71,18.7,6.5,2.94,1.19,,1.8399999999999999,0.68,76.6,2.15,,
GSHD,2026-08-29,Financial,Insurance Brokers,2530000000.0,51.92,26.56,1.19,6.29,,38.03,,8.37,14.22,,23.31,8.78,15.32,25.1,22.36,15.53,25.57,,,1.54,1.54,,9.29,112.53,8.18,,
GT,2026-08-29,Consumer Cyclical,Auto Parts,1830000000.0,,16.07,0.52,0.1,0.64,9.52,-63.93,-12.43,-26.93,18.34,2.81,-14.37,-209.57,176.74,31.1,-2.2,8.21,2.89,2.33,1.09,0.55,,4.14,95.2,14.77,,
GTES,2026-08-29,Industrials,Specialty Industrial Machinery,6550000000.0,18.32,13.41,1.09,1.87,1.86,16.16,10.72,4.98,6.23,40.55,15.07,10.39,10.09,15.32,12.35,28.83,4.27,0.67,0.66,3.24,2.36,,1.9799999999999998,90.74,4.06,,
GTM,2026-08-29,Technology,Software - Application,1220000000.0,,3.71,1.42,0.97,1.48,3.41,-45.45,-8.92,-23.17,82.24,22.52,-43.02,3.26,0.51,2.61,,21.28,1.83,1.82,0.65,0.65,,18.99,90.88,16.5,,
GTY,2026-08-29,Real Estate,REIT - Retail,2040000000.0,20.08,22.73,5.8,8.87,1.81,14.7,9.46,4.63,4.53,69.99,61.64000000000001,41.93,11.8,-4.18,3.92,-3.59,8.24,0.96,0.96,1.48,1.48,5.94,3.73,93.13,13.75,,
GVA,2026-08-29,Industrials,Engineering & Construction,5360000000.0,,16.39,0.57,1.08,7.12,11.36,-18.17,-4.18,-7.97,15.64,6.16,-3.32,-201.73,290.34,28.63,,7.17,2.3,1.75,1.01,0.94,0.42,0.8,113.1,8.77,,
GWRE,2026-08-29,Technology,Software - Application,17140000000.0,110.91,50.29,2.05,12.06,13.01,53.62,11.93,6.36,7.91,63.96999999999999,8.33,11.25,30.78,18.11,24.55,,10.13,0.53,0.53,2.39,2.39,,0.64,102.59,5.62,,
GWW,2026-08-29,Industrials,Industrial Distribution,61530000000.0,33.16,25.57,2.08,3.26,14.89,40.75,47.92,20.16,27.28,39.4,15.55,9.92,17.81,9.83,12.29,22.39,8.75,0.68,0.66,2.81,1.7,0.74,6.23,77.31,2.13,,
GXO,2026-08-29,Industrials,Integrated Freight & Logistics,5460000000.0,41.97,13.45,0.7,0.4,1.83,30.33,4.42,1.08,1.73,11.81,3.2799999999999994,0.96,20.84,16.71,19.3,,16.3,2.05,1.54,0.79,0.79,,2.17,107.11,5.92,,
H,2026-08-29,Consumer Cyclical,Lodging,16250000000.0,213.63,36.29,0.93,2.25,4.91,53.82,2.3,0.53,1.1,15.76,7.470000000000001,1.09,60.76,34.81,39.05,39.89,27.72,1.36,1.18,0.62,0.62,0.37,58.60999999999999,53.37,12.32,,
HAE,2026-08-29,Healthcare,Medical Devices,4730000000.0,50.71,18.11,2.09,3.5,5.65,16.24,11.2,3.9900000000000007,4.8,55.91,18.37,7.12,6.79,8.35,8.66,5.81,8.91,1.4,1.4,3.08,1.91,0.96,1.8799999999999997,115.06999999999998,6.19,,
HAFC,2026-08-29,Financial,Banks - Regional,923280000.0,10.47,9.3,,2.05,1.14,4.32,11.26,1.12,9.09,,27.51,19.67,26.39,5.59,,12.8,10.87,0.21,0.2,0.13,,3.6000000000000005,2.17,94.23,3.51,,
HAL,2026-08-29,Energy,Oil & Gas Equipment & Services,30140000000.0,18.95,12.54,1.1,1.35,2.74,17.47,14.89,6.260000000000001,8.51,15.079999999999998,13.140000000000002,7.16,-3.22,23.2,11.44,,8.96,0.74,0.71,2.02,1.5,1.8900000000000001,0.43,90.81,3.73,,
HALO,2026-08-29,Healthcare,Biotechnology,11960000000.0,31.48,10.22,0.25,7.19,83.7,14.83,173.67,17.86,19.87,76.4,56.769999999999996,24.86,101.27,23.43,41.35,22.89,39.16,14.96,13.5,2.71,2.31,,1.05,109.88,13.03,,
HAS,2026-08-29,Consumer Cyclical,Leisure,13290000000.0,16.94,14.48,1.63,2.67,18.88,10.95,167.83,14.17,19.58,62.69,28.13,15.97,10.98,5.86,8.87,,-2.96,5.5,4.75,1.66,1.46,2.96,0.68,100.34999999999998,4.7,,
HASI,2026-08-29,Financial,Asset Management,5140000000.0,77.91,12.0,1.14,11.1,2.01,19.21,3.3099999999999996,1.01,1.0,100.0,69.4,18.09,11.95,10.32,10.54,5.15,16.47,2.29,2.29,8.65,8.65,4.28,1.41,105.60000000000001,10.16,,
HAYW,2026-08-29,Industrials,Electrical Equipment & Parts,3000000000.0,19.46,14.6,1.23,2.57,1.89,15.05,10.41,5.25,6.22,44.1,21.29,13.83,12.32,12.08,11.88,139.8,5.09,0.63,0.62,3.33,2.49,,2.83,107.34000000000002,4.18,,
HBAN,2026-08-29,Financial,Banks - Regional,34189999999.999996,13.04,9.04,0.61,2.39,1.15,15.01,8.96,0.98,4.67,,20.51,15.73,-0.68,35.57,14.72,14.84,20.03,0.67,0.57,0.1,,3.74,0.9199999999999999,91.43,2.54,,
HCA,2026-08-29,Healthcare,Medical Care Facilities,90460000000.0,13.99,13.0,1.67,1.16,,15.08,,11.14,17.7,15.479999999999999,15.479999999999999,8.77,4.47,9.03,7.8,20.99,7.97,,,0.99,0.9,0.67,32.38,62.96000000000001,4.19,,
HCC,2026-08-29,Basic Materials,Coking Coal,5650000000.0,25.75,13.05,0.13,3.36,2.47,,10.04,7.91,8.71,17.97,13.61,13.05,456.9,34.73,104.11,,10.85,0.12,0.1,3.93,2.79,0.3,1.95,97.91,8.37,,
HCI,2026-08-29,Financial,Insurance - Property & Casualty,2320000000.0,8.03,9.74,,2.43,2.15,5.63,33.76,14.41,27.05,,51.04,31.28,-17.56,2.14,-5.83,45.46,26.87,0.06,0.06,2.27,,0.86,14.279999999999998,76.39,4.67,,
HCSG,2026-08-29,Healthcare,Medical Care Facilities,1540000000.0,13.07,18.23,2.03,0.83,2.94,10.37,24.69,15.15,23.19,18.07,6.47,6.59,9.02,2.64,8.98,-9.33,0.86,0.03,0.02,3.02,2.94,,1.32,106.52,3.84,,
HD,2026-08-29,Consumer Cyclical,Home Improvement Retail,329430000000.0,23.11,20.67,3.66,1.95,19.83,21.82,104.3,13.59,20.7,31.22,12.43,8.41,2.08,6.53,5.65,3.58,4.51,3.77,3.14,1.08,0.31,2.79,0.09,77.72,1.04,,
HE,2026-08-29,Utilities,Utilities - Regulated Electric,1970000000.0,8.81,10.43,1.45,0.6,1.12,,13.58,2.71,4.96,11.48,11.48,6.819999999999999,-2.5,30.29,7.22,-17.02,3.65,1.59,1.59,0.99,0.99,,0.35,91.51,9.95,,
HFWA,2026-08-29,Financial,Banks - Regional,1170000000.0,13.59,10.82,,3.08,1.06,14.58,7.8,1.01,6.88,,23.91,20.45,0.85,34.06,,8.77,6.0,0.17,0.02,0.04,,3.38,1.47,82.71,6.58,,
HGV,2026-08-29,Consumer Cyclical,Resorts & Casinos,3410000000.0,24.77,7.84,0.16,0.65,3.1,8.24,11.66,1.26,1.69,56.46,12.17,2.86,130.18,16.75,49.4,,41.36,7.12,7.12,5.02,3.2,,18.3,91.22,9.7,,
HIG,2026-08-29,Financial,Insurance - Diversified,37530000000.0,8.95,10.11,3.46,1.29,1.95,6.48,21.79,5.14,18.18,,17.96,14.95,-5.08,7.56,2.92,22.85,6.69,0.22,0.22,0.32,,1.76,0.37,96.59,1.36,,
HII,2026-08-29,Industrials,Aerospace & Defense,11590000000.0,17.54,14.1,0.86,0.88,2.18,,12.97,5.33,8.02,12.4,4.89,5.01,20.33,12.64,16.43,-2.13,5.93,0.55,0.55,1.23,1.14,1.9,0.83,91.16,2.6,,
HIMS,2026-08-29,Healthcare,Drug Manufacturers - Specialty & Generic,6730000000.0,,80.61,6.74,2.61,20.76,104.05,-32.03,-5.16,-7.64,54.18999999999999,-0.03,-5.51,-198.86,170.96,11.96,,73.63,4.77,4.74,0.93,0.87,,9.85,67.38,27.9,,
HIW,2026-08-29,Real Estate,REIT - Office,3440000000.0,20.84,45.45,,4.08,1.45,15.9,7.08,2.69,2.85,30.44,25.590000000000003,19.78,-7.53,-48.88,-21.93,-15.59,2.03,1.48,1.48,,,6.419999999999999,1.33,119.35,11.11,,
HL,2026-08-29,Basic Materials,Other Precious Metals & Mining,13690000000.0,26.13,19.55,0.74,8.54,5.11,26.55,20.76,15.939999999999998,19.53,51.080000000000005,47.2,32.83,69.69,40.77,26.57,,14.97,0.01,0.01,5.2,4.55,0.09,0.83,73.72,5.69,,
HLI,2026-08-29,Financial,Capital Markets,9300000000.0,22.34,15.32,1.78,3.68,4.12,19.19,18.33,11.23,14.78,,20.42,16.1,-8.25,25.22,8.61,6.43,11.43,0.22,0.22,1.63,1.63,2.07,22.64,79.88,4.29,,
HLIT,2026-08-29,Technology,Communication Equipment,1310000000.0,,14.95,0.75,2.64,3.64,24.32,7.339999999999999,4.18,-9.79,49.66,11.94,-9.51,52.13,12.47,20.06,-4.77,-0.99,0.36,0.34,3.05,2.56,,1.82,85.82,5.48,,
HLNE,2026-08-29,Financial,Asset Management,5850000000.0,16.16,14.54,1.19,6.82,4.89,13.82,32.49,12.710000000000003,21.16,,54.620000000000005,32.14,20.15,2.87,12.17,16.1,16.82,0.39,0.39,4.24,4.24,2.26,26.810000000000002,107.94,11.3,,
HLT,2026-08-29,Consumer Cyclical,Lodging,72440000000.0,47.29,30.98,2.25,5.8,,35.7,,9.65,22.32,27.79,23.35,12.689999999999998,11.42,14.96,13.75,,22.71,,,0.65,0.65,0.19,2.22,97.45,2.25,,
HLX,2026-08-29,Energy,Oil & Gas Equipment & Services,1490000000.0,63.77,18.22,0.49,1.15,0.94,6.74,2.04,1.23,1.11,13.94,7.670000000000001,1.8000000000000003,-26.59,128.46,37.42,9.64,11.98,0.39,0.34,3.39,3.39,,6.800000000000001,93.16,5.25,,
HMN,2026-08-29,Financial,Insurance - Property & Casualty,2080000000.0,11.99,9.64,1.39,1.19,1.38,3.67,12.38,1.39,8.45,,14.57,10.15,2.18,10.65,6.92,4.21,5.36,0.4,0.4,,,2.77,0.56,105.07,2.6,,
HNI,2026-08-29,Consumer Cyclical,"Furnishings, Fixtures & Appliances",3550000000.0,446.23,10.16,0.58,0.81,1.96,34.53,0.33,0.13,0.13,40.01,5.59,0.1,22.98,13.63,17.41,2.58,7.74,0.91,0.86,1.36,0.88,3.03,1.78,88.75,5.51,,
HOG,2026-08-29,Consumer Cyclical,Recreational Vehicles,2920000000.0,17.38,14.75,8.99,0.69,0.95,,6.32,2.1,4.72,26.289999999999996,6.24,4.78,-75.5,179.82,1.64,219.23,1.99,0.74,0.39,1.9,1.7,2.62,1.14,108.81,18.19,,
HOMB,2026-08-29,Financial,Banks - Regional,5930000000.0,12.25,11.4,2.44,3.97,1.31,11.98,11.11,2.01,9.12,,42.44,32.14,6.92,3.39,4.67,13.15,13.31,0.2,0.16,0.26,,2.88,6.41,77.36,4.52,,
HON,2026-08-29,Industrials,Conglomerates,68910000000.0,8.04,21.73,6.33,1.77,3.72,16.61,49.9,11.09,18.93,37.84,19.17,22.09,-18.79,20.21,3.43,1.83,2.78,1.89,1.46,1.21,0.93,1.9799999999999998,0.11,85.07,1.66,,
HOOD,2026-08-29,Financial,Capital Markets,93740000000.0,46.17,37.15,2.01,18.78,9.89,,23.56,4.5,17.45,94.99,44.22,41.43,2.13,34.07,18.47,259.78,36.27,2.92,0.25,1.22,1.22,,15.36,67.6,4.35,,
HOPE,2026-08-29,Financial,Banks - Regional,1780000000.0,14.0,9.25,,1.75,0.77,9.44,5.66,0.68,4.37,,16.82,12.560000000000002,119.9,39.68,,-11.6,8.33,0.28,0.27,0.05,,4.02,2.9,94.58,4.84,,
HP,2026-08-29,Energy,Oil & Gas Drilling,4250000000.0,,29.77,0.96,1.06,1.65,13.49,-5.23,-2.12,-3.15,10.49,2.68,-3.49,-142.33,459.27,31.16,18.42,16.13,0.72,0.72,1.96,1.55,2.4,4.26,102.77000000000001,8.62,,
HPE,2026-08-29,Technology,Communication Equipment,69270000000.0,49.2,12.81,0.4,1.78,2.74,17.37,6.329999999999999,2.11,3.57,31.379999999999995,6.15,3.7000000000000006,77.21,18.75,32.32,29.09,4.96,0.84,0.72,1.08,0.75,1.09,0.43,91.86,4.52,,
HPQ,2026-08-29,Technology,Computer Hardware,27520000000.0,11.64,9.56,3.37,0.46,,7.09,,5.73,28.68,19.73,6.93,4.13,4.34,-1.94,2.84,5.79,-0.43,,,0.79,0.48,3.93,0.26,94.45,8.9,,
HQY,2026-08-29,Healthcare,Health Information Services,7970000000.0,34.81,17.54,1.23,5.85,4.01,16.34,11.43,7.07,8.01,63.41,26.119999999999997,17.36,18.09,16.31,14.28,83.98,12.36,0.49,0.48,2.99,2.99,,2.62,108.5,5.06,,
HR,2026-08-29,Real Estate,REIT - Healthcare Facilities,6510000000.0,,268.52,,5.68,1.54,14.47,-1.9799999999999998,-0.93,-1.04,17.41,11.54,-7.8,91.18,212.93,,,9.94,1.04,1.04,0.91,0.91,5.06,0.8500000000000001,111.06,5.0,,
HRB,2026-08-29,Consumer Cyclical,Personal Services,6470000000.0,9.17,7.6,0.51,1.64,55.47,8.56,707.45,22.39,36.53,44.33,23.95,18.43,15.74,12.37,14.92,12.96,2.94,17.89,15.95,1.13,1.13,3.53,1.49,105.04,14.69,,
HRL,2026-08-29,Consumer Defensive,Packaged Foods,11870000000.0,34.66,13.74,2.03,0.98,1.51,15.2,4.3,2.56,3.36,15.43,7.37,2.82,8.61,5.53,6.77,-12.16,4.73,0.36,0.3,1.88,0.92,5.42,47.12,45.06,5.89,,
HRMY,2026-08-29,Healthcare,Biotechnology,2280000000.0,12.71,9.17,0.43,2.38,2.28,6.43,20.46,14.610000000000001,15.93,72.94,24.03,18.88,45.48,8.52,21.26,,40.3,0.22,0.14,3.48,3.45,,13.91,95.59,8.25,,
HSIC,2026-08-29,Healthcare,Medical Distribution,9980000000.0,26.09,14.89,1.48,0.73,3.17,17.53,12.21,3.62,7.03,29.299999999999997,5.98,2.96,8.34,11.63,10.09,3.12,5.43,1.21,0.82,1.32,0.73,,15.22,98.64,7.32,,
HST,2026-08-29,Real Estate,REIT - Hotel & Motel,15260000000.0,14.95,20.88,,2.45,2.39,15.07,15.770000000000001,7.84,8.53,16.37,14.360000000000001,16.51,25.48,-22.68,-2.17,,30.43,0.88,0.88,3.13,3.13,6.98,1.6200000000000003,105.67,6.51,,
HSTM,2026-08-29,Healthcare,Health Information Services,859070000.0,40.93,35.48,,2.68,2.41,20.78,6.0,4.15,5.73,51.22,8.04,6.6000000000000005,20.98,12.2,,6.68,4.43,0.04,0.04,1.06,1.06,0.45999999999999996,20.7,77.19,6.72,,
HSY,2026-08-29,Consumer Defensive,Confectioners,35980000000.0,26.16,18.11,0.97,2.96,7.88,16.7,32.81,10.78,15.66,37.93,17.71,12.24,34.61,16.41,18.63,-6.59,7.49,1.3,1.08,1.18,0.66,3.2199999999999998,28.000000000000004,66.2,7.14,,
HTH,2026-08-29,Financial,Financial Conglomerates,2210000000.0,14.29,15.46,,1.38,1.04,,7.48,1.03,6.83,,13.36,10.12,30.72,-2.06,,-10.52,-5.77,0.71,0.11,0.25,,2.13,33.28,56.13,5.59,,
HTLD,2026-08-29,Industrials,Trucking,941910000.0,,23.54,,1.28,1.25,,-2.85,-1.78,-2.44,-0.21,-6.67,-2.98,127.67,179.14,,,4.54,0.19,0.19,1.58,1.58,0.66,39.62,50.23,6.18,,
HTO,2026-08-29,Utilities,Utilities - Regulated Water,2660000000.0,22.46,22.47,3.3,3.21,1.44,,6.460000000000001,2.08,2.87,45.51,21.53,12.91,-5.57,0.16,6.82,6.39,7.24,1.03,1.02,1.67,1.67,2.78,6.74,112.31,12.47,,
HTZ,2026-08-29,Industrials,Rental & Leasing Services,762810000.0,,,,0.09,,,-567.03,-1.19,-1.62,14.63,3.73,-3.1300000000000003,61.89,92.61,,26.75,10.09,,,0.64,0.64,,4.3,104.22,32.26,,
HUBB,2026-08-29,Industrials,Electrical Equipment & Parts,24290000000.0,27.22,20.16,1.75,3.9,6.21,26.94,24.34,9.48,10.17,35.34,20.87,14.469999999999999,12.05,11.75,11.51,20.85,9.68,1.42,1.26,1.61,0.93,1.26,0.38,99.37,5.08,,
HUBG,2026-08-29,Industrials,Integrated Freight & Logistics,2420000000.0,22.79,20.85,2.35,0.65,1.42,40.38,6.309999999999999,3.66,5.1,7.91,3.81,2.82,-26.37,41.79,8.88,1.24,1.47,0.29,0.21,1.47,1.47,1.26,3.5900000000000003,103.83,6.15,,
HUM,2026-08-29,Healthcare,Healthcare Plans,46300000000.0,36.51,23.06,1.33,0.32,2.41,23.75,6.83,2.38,4.1,,1.86,0.88,-46.59,82.63,17.36,-17.23,10.94,0.74,0.62,1.74,,0.96,0.29,100.69,2.81,,
HWC,2026-08-29,Financial,Banks - Regional,6020000000.0,14.7,10.29,0.96,3.09,1.36,10.35,9.67,1.19,8.95,,27.36,21.88,14.5,12.39,10.72,,8.1,0.42,0.07,0.11,,2.65,0.97,97.54,6.44,,
HWKN,2026-08-29,Basic Materials,Specialty Chemicals,2510000000.0,31.13,25.28,,2.27,4.55,27.4,15.61,8.08,10.0,22.3,10.36,7.290000000000001,5.62,15.29,,15.19,12.67,0.47,0.47,2.27,1.54,0.66,3.9699999999999998,78.81,6.65,,
HWM,2026-08-29,Industrials,Aerospace & Defense,105620000000.0,57.12,40.98,1.56,11.59,18.48,58.97,34.73,15.4,18.9,32.71,27.310000000000002,20.51,41.19,21.43,26.32,50.77,9.43,0.81,0.73,1.82,0.87,0.19,1.11,93.97,1.87,,
HXL,2026-08-29,Industrials,Aerospace & Defense,7170000000.0,47.82,30.31,1.03,3.67,5.52,27.95,10.76,5.51,6.8,23.51,10.54,7.84,36.56,30.25,29.54,29.37,4.52,0.74,0.74,2.43,1.37,0.76,0.97,114.84999999999998,6.03,,
HZO,2026-08-29,Consumer Cyclical,Specialty Retail,1150000000.0,361.36,33.13,0.54,0.52,1.21,6.58,0.42,0.16,0.28,34.21,2.9,0.18,16.63,121.35,61.57,,8.87,1.17,0.49,1.23,0.34,,11.31,88.77,13.06,,
IART,2026-08-29,Healthcare,Medical Devices,1310000000.0,,6.47,0.76,0.8,1.26,50.91,-0.7,-0.2,-0.24,55.25,10.71,-0.44,10.17,6.18,8.53,,3.57,1.96,1.91,3.6,2.11,,14.429999999999998,95.12,10.13,,
IBKR,2026-08-29,Financial,Capital Markets,43420000000.0,38.16,30.16,1.64,3.84,7.31,1.99,20.99,0.53,18.68,95.31,86.66,9.97,23.91,17.09,18.35,29.67,33.08,7.72,0.02,1.05,1.05,0.36,3.25,88.26,1.85,,
IBM,2026-08-29,Technology,Information Technology Services,221960000000.0,20.91,17.92,2.48,3.21,6.44,16.1,34.55,7.12,11.51,57.56,20.91,15.52,6.22,6.79,7.23,12.36,4.12,1.89,1.7,0.76,0.71,2.87,0.12,67.51,2.34,,
IBOC,2026-08-29,Financial,Banks - Regional,4410000000.0,10.7,10.51,3.41,4.15,1.31,9.02,12.920000000000002,2.47,11.83,,49.28,38.88,-3.47,5.63,3.08,20.37,12.78,0.22,0.04,0.1,,2.06,13.059999999999999,72.06,3.38,,
IBP,2026-08-29,Consumer Cyclical,Residential Construction,6530000000.0,26.43,21.42,4.34,2.2,10.21,22.37,38.45,11.74,14.28,32.22,12.509999999999998,8.46,-8.71,9.8,4.94,24.31,12.44,1.87,1.75,2.98,2.41,1.37,13.780000000000001,98.86,8.09,,
ICE,2026-08-29,Financial,Financial Data & Stock Exchanges,91130000000.0,22.93,18.4,1.48,6.94,3.08,17.95,13.930000000000001,2.54,8.26,68.57,46.06,30.740000000000002,16.8,8.66,12.44,8.9,9.86,0.69,0.65,1.01,1.01,1.29,0.61,96.19,1.37,,
ICHR,2026-08-29,Technology,Semiconductor Equipment & Materials,2080000000.0,,16.96,0.11,2.05,2.39,,-5.17,-3.71,-4.02,9.55,1.06,-3.9699999999999998,582.6,108.2,152.16,,0.72,0.18,0.16,3.7,2.07,,2.32,90.61,5.67,,
ICUI,2026-08-29,Healthcare,Medical Instruments & Supplies,4380000000.0,147.91,18.11,1.77,2.03,2.03,28.65,1.41,0.74,0.88,34.5,6.68,1.39,12.63,10.61,10.24,-62.61,11.9,0.6,0.58,2.39,1.17,,1.8500000000000003,104.53000000000002,5.64,,
IDA,2026-08-29,Utilities,Utilities - Regulated Electric,7850000000.0,22.46,19.54,2.19,4.36,2.02,,9.44,3.26,4.42,21.93,21.62,18.8,8.11,8.92,8.91,4.68,6.09,1.06,1.03,0.99,0.75,2.63,0.34,106.28,7.81,,
IDCC,2026-08-29,Technology,Software - Application,8650000000.0,38.67,36.22,34.17,10.97,7.19,15.6,26.400000000000002,14.469999999999999,24.66,78.66,43.77,38.32,-23.11,1.98,1.06,52.24,18.36,0.33,0.02,1.74,1.74,0.84,2.01,106.67,10.3,,
IDXX,2026-08-29,Healthcare,Diagnostics & Research,43720000000.0,39.01,33.1,2.5,9.6,27.15,34.96,74.21,33.65,56.62,62.529999999999994,32.12,25.03,12.93,13.51,13.25,14.28,9.72,0.68,0.25,1.11,0.81,,0.38,97.65,2.47,,
IEX,2026-08-29,Industrials,Specialty Industrial Machinery,16980000000.0,33.09,23.92,2.63,4.73,4.25,26.46,12.960000000000003,7.53,8.86,42.83,21.05,14.49,10.77,9.34,9.09,5.35,8.01,0.47,0.46,3.05,2.15,1.28,0.25,105.05,2.37,,
IFF,2026-08-29,Basic Materials,Specialty Chemicals,22440000000.0,81.6,22.07,8.21,2.25,1.61,41.71,1.83,1.01,1.44,32.44,10.48,2.78,-18.43,16.31,2.69,,16.46,0.45,0.37,2.06,1.71,1.86,1.83,107.59,6.13,,
IIPR,2026-08-29,Real Estate,REIT - Industrial,1550000000.0,12.76,12.63,,5.89,0.9,8.35,7.19,5.49,5.45,60.08,46.91,47.87,8.14,4.94,,3.76,17.87,0.33,0.33,2.03,2.03,13.5,2.04,77.59,13.0,,
ILMN,2026-08-29,Healthcare,Diagnostics & Research,32549999999.999996,40.18,35.51,2.69,7.24,11.47,34.97,32.38,12.950000000000001,17.25,66.81,19.87,18.35,10.5,13.53,13.2,4.22,6.02,0.89,0.69,1.8,1.4,,0.27,104.22,6.29,,
INCY,2026-08-29,Healthcare,Biotechnology,25210000000.0,15.85,14.56,1.43,4.33,3.94,13.13,30.67,23.55,25.3,91.42,31.61,27.71,-44.67,127.05,10.16,,14.03,0.01,0.0,4.59,4.51,,0.91,102.95999999999998,4.67,,
INDB,2026-08-29,Financial,Banks - Regional,3880000000.0,14.81,9.87,,2.92,1.11,12.77,8.24,1.21,6.44,,30.28,20.41,27.11,15.93,,4.05,18.59,0.2,0.2,0.1,,3.1,1.44,86.47,4.12,,
INDV,2026-08-29,Healthcare,Drug Manufacturers - Specialty & Generic,4120000000.0,12.39,7.55,0.31,3.09,,,,26.44,121.58,83.78,39.94,26.649999999999995,68.86,9.44,24.63,,13.88,,,0.84,0.66,,3.12,91.66,8.64,,
INGR,2026-08-29,Consumer Defensive,Packaged Foods,6600000000.0,11.4,9.33,4.49,0.91,1.46,18.59,13.58,7.470000000000001,9.45,23.62,12.24,8.21,-5.36,6.44,2.08,16.78,3.81,0.39,0.39,2.8,1.92,3.34,2.38,99.84,6.7,,
INSP,2026-08-29,Healthcare,Medical Devices,1780000000.0,13.34,41.79,,1.98,2.15,15.17,17.96,15.629999999999999,15.8,86.13,6.02,15.03,-50.67,23.15,-7.02,,51.21,0.04,0.04,8.55,6.16,,5.72,124.04000000000002,16.04,,
INSW,2026-08-29,Energy,Oil & Gas Midstream,4890000000.0,6.31,13.89,6.91,3.89,2.16,18.17,37.41,28.12,27.08,59.53000000000001,55.65,61.86000000000001,187.0,-54.26,2.01,,14.87,0.29,0.27,5.94,5.76,14.91,16.23,82.98,6.51,,
INTC,2026-08-29,Technology,Semiconductors,470120000000.0,,43.24,0.46,8.24,5.15,1366.64,-12.18,-5.72,-8.3,39.05,8.03,-19.79,256.65,38.13,93.94,,-7.46,0.58,0.55,1.6,1.25,0.04,14.730000000000002,63.21,3.03,,
INTU,2026-08-29,Technology,Software - Application,97940000000.0,21.7,13.11,1.58,4.57,4.76,11.24,23.6,12.38,17.51,81.6,28.800000000000004,21.29,-0.37,12.94,8.32,16.86,17.36,0.44,0.37,1.51,1.45,1.48,2.16,91.77,3.42,,
INVA,2026-08-29,Healthcare,Biotechnology,1510000000.0,5.11,9.1,,3.34,1.24,8.0,36.68,23.53,23.78,69.98,35.83,78.72,-25.15,-6.68,-15.8,10.35,3.93,0.22,0.22,16.01,15.18,,1.25,104.80000000000001,9.62,,
INVH,2026-08-29,Real Estate,REIT - Residential,17270000000.0,52.23,38.97,,6.02,1.91,20.97,7.04,3.55,3.74,30.94,25.900000000000002,11.82,5.49,-25.91,-6.71,18.79,10.09,0.95,0.95,0.69,0.69,4.11,0.89,102.71,2.2,,
INVX,2026-08-29,Energy,Oil & Gas Equipment & Services,2109999999.9999998,34.02,16.25,0.69,2.11,1.96,16.95,5.99,4.82,5.52,26.06,11.18,6.17,39.67,15.53,23.6,,21.8,0.07,0.05,5.01,3.32,,27.04,74.29,3.99,,
IOSP,2026-08-29,Basic Materials,Specialty Chemicals,2350000000.0,19.48,15.51,,1.28,1.75,33.56,9.21,6.65,8.82,27.46,8.13,6.6000000000000005,-6.33,24.58,,32.14,8.31,0.04,0.03,2.78,1.87,1.9799999999999998,1.63,101.12999999999998,1.91,,
IP,2026-08-29,Consumer Cyclical,Packaging & Containers,20820000000.0,,13.09,,0.86,1.44,42.31,-16.48,-6.909999999999999,-13.54,18.92,0.86,-14.14,1813.47,119.06,,,6.12,0.83,0.75,1.1,0.84,4.77,2.07,101.25,8.9,,
IPAR,2026-08-29,Consumer Defensive,Household & Personal Products,3770000000.0,22.52,23.06,4.7,2.51,4.33,15.34,19.62,10.99,17.12,63.82,17.26,11.17,-6.81,4.61,4.91,34.12,22.53,0.19,0.13,3.31,2.0,2.72,43.62,67.52,10.35,,
IPGP,2026-08-29,Technology,Semiconductor Equipment & Materials,3260000000.0,118.5,33.76,0.55,3.04,1.53,156.5,1.3,1.15,1.29,39.87,3.9599999999999995,2.58,50.8,105.93,61.27,-24.47,-3.52,0.01,0.01,6.18,4.8,,39.9,72.08,13.7,,
IQV,2026-08-29,Healthcare,Diagnostics & Research,43080000000.0,32.47,18.15,1.7,2.54,6.98,19.73,23.01,4.7,6.83,26.02,13.900000000000002,8.09,8.79,11.22,10.65,40.52,7.5,2.63,2.26,0.71,0.71,,1.0,101.95999999999998,2.61,,
IR,2026-08-29,Industrials,Specialty Industrial Machinery,30490000000.0,32.38,20.13,2.39,3.84,3.0,25.01,9.47,5.29,6.73,37.6,18.62,12.08,6.12,10.13,8.44,,14.0,0.47,0.4,1.62,1.15,0.07,0.21,105.69,4.1,,
IRDM,2026-08-29,Communication Services,Telecom Services,4940000000.0,53.1,34.57,2.18,5.59,10.45,17.13,19.72,3.63,4.2,47.73,23.76,10.55,-10.27,41.72,15.84,,8.36,3.73,3.7,2.78,2.31,1.33,13.13,86.32,3.12,,
IRM,2026-08-29,Real Estate,REIT - Specialty,34950000000.0,83.79,43.02,3.39,4.62,,,,1.9900000000000002,2.31,39.81,20.65,5.54,17.03,9.98,12.69,-16.38,10.72,,,0.73,0.73,2.89,0.93,88.95,2.41,,
IRT,2026-08-29,Real Estate,REIT - Residential,3940000000.0,89.13,111.54,,5.91,1.14,23.13,1.29,0.72,0.76,20.61,17.04,6.54,-43.57,7.97,-14.06,9.08,25.67,0.73,0.7,0.53,0.53,4.27,0.77,99.86,5.79,,
ISRG,2026-08-29,Healthcare,Medical Instruments & Supplies,131630000000.0,42.7,30.84,2.05,11.93,7.26,40.85,17.43,15.299999999999999,17.28,66.66,31.28,28.449999999999996,20.93,11.87,15.06,21.79,18.22,0.0,0.0,4.96,3.91,,0.71,89.57,2.02,,
IT,2026-08-29,Technology,Information Technology Services,12530000000.0,17.8,11.99,0.93,1.94,,9.73,113.57,9.99,25.29,66.7,18.79,11.99,10.21,14.01,12.91,26.62,9.65,,,0.78,0.78,,2.54,120.9,11.9,,
ITGR,2026-08-29,Healthcare,Medical Devices,4260000000.0,34.17,18.27,4.03,2.32,2.48,38.04,7.5,3.7800000000000002,4.18,22.8,10.03,6.98,-3.85,11.5,4.53,4.37,11.47,0.79,0.79,3.73,2.41,,1.29,120.33,8.5,,
ITRI,2026-08-29,Technology,Scientific & Technical Instruments,4269999999.9999995,16.31,14.06,3.46,1.85,2.64,11.8,16.97,7.19,8.51,38.75,13.87,11.9,-9.92,8.03,4.06,,1.72,0.99,0.99,2.75,2.29,,1.69,119.13,13.87,,
ITT,2026-08-29,Industrials,Specialty Industrial Machinery,18150000000.0,39.86,21.16,1.25,3.83,3.78,35.62,11.46,5.25,5.44,33.32,17.45,8.9,22.97,16.07,16.93,49.04,9.71,0.8,0.61,1.26,0.85,0.73,0.6,100.18,7.47,,
ITW,2026-08-29,Industrials,Specialty Industrial Machinery,79770000000.0,25.39,22.74,3.03,4.84,27.56,27.31,104.65,19.63,33.82,43.72,26.5,19.39,8.96,7.77,7.5,9.62,4.99,3.35,2.26,1.11,0.81,2.31,0.38,87.88,3.09,,
IVT,2026-08-29,Real Estate,REIT - Retail,2540000000.0,167.61,,,7.97,1.44,21.1,0.8500000000000001,0.53,0.53,28.03,16.35,4.78,-115.37,5.58,,,7.52,0.62,0.62,1.72,1.72,3.04,0.97,89.8,6.27,,
IVZ,2026-08-29,Financial,Asset Management,14510000000.0,,10.04,0.43,2.04,1.46,7.42,-0.49,-0.22999999999999998,-0.46,65.11,22.63,-4.34,38.5,16.39,23.38,,0.83,0.13,0.13,0.99,0.99,2.62,0.73,98.45,2.53,,
J,2026-08-29,Industrials,Engineering & Construction,17790000000.0,53.35,18.33,1.14,1.25,5.45,27.6,10.14,3.1,4.72,22.01,4.87,2.4,18.56,14.24,16.11,-3.7,-2.27,1.24,1.21,1.29,1.29,0.86,0.72,95.15,3.41,,
JAZZ,2026-08-29,Healthcare,Biotechnology,15870000000.0,16.86,9.44,0.18,3.45,3.3,9.98,22.11,8.54,11.5,73.63,20.76,20.45,198.61,3.48,52.91,,12.54,0.92,0.7,1.78,1.58,,4.17,100.0,5.81,,
JBGS,2026-08-29,Real Estate,REIT - Diversified,901390000.0,,,,1.77,0.66,,-12.89,-3.49,-4.23,25.46,0.36,-30.28,,,,-33.66,-3.72,2.41,2.41,4.89,4.89,5.79,0.5,98.46,20.42,,
JBHT,2026-08-29,Industrials,Integrated Freight & Logistics,24510000000.0,37.01,25.7,1.01,1.93,6.7,22.29,18.45,8.33,14.05,10.5,7.59,5.31,28.04,29.59,25.55,5.26,4.48,0.31,0.31,1.26,1.26,0.69,21.95,80.01,3.84,,
JBL,2026-08-29,Technology,Electronic Components,31590000000.0,37.62,17.95,0.64,0.94,23.88,24.19,66.1,4.07,18.67,8.98,5.03,2.57,30.86,31.65,27.96,76.36,1.79,2.94,2.49,0.98,0.66,0.11,1.9299999999999997,100.2,3.01,,
JBLU,2026-08-29,Industrials,Airlines,1810000000.0,,,,0.19,1.14,,-44.36,-5.33,-8.52,12.73,-5.88,-9.32,-39.58,77.63,,19.37,25.1,5.91,5.55,0.7,0.63,,13.750000000000002,82.22,29.55,,
JBSS,2026-08-29,Consumer Defensive,Packaged Foods,873040000.0,14.19,13.8,7.67,0.74,2.3,24.42,16.72,9.86,13.94,17.87,7.59,5.27,10.06,-6.55,1.8,0.35,6.49,0.29,0.17,2.08,0.62,1.27,24.32,73.73,5.09,,
JBTM,2026-08-29,Industrials,Specialty Industrial Machinery,6140000000.0,32.21,12.77,,1.56,1.37,19.8,4.36,2.37,3.13,35.82,10.24,4.9,25.65,15.02,,,17.05,0.38,0.37,1.24,0.7,0.34,1.5,105.17,7.96,,
JCI,2026-08-29,Industrials,Building Products & Equipment,84560000000.0,24.27,23.18,0.99,3.38,6.27,50.97,14.87,5.31,16.43,36.61,14.39,14.32,34.52,19.05,23.33,26.74,1.12,0.7,0.62,0.97,0.8,1.12,0.32,92.75,1.65,,
JEF,2026-08-29,Financial,Capital Markets,12240000000.0,14.79,11.17,0.47,1.05,1.02,1.54,7.960000000000001,1.13,2.83,91.24,39.13,6.819999999999999,25.29,34.05,23.92,1.32,5.32,3.49,1.76,1.51,1.51,3.1,33.67,60.870000000000005,3.48,,
JJSF,2026-08-29,Consumer Defensive,Packaged Foods,1670000000.0,34.32,20.66,8.76,1.09,1.86,18.13,5.29,3.56,4.65,30.69,6.04,3.2300000000000004,-6.64,8.36,2.36,28.39,9.15,0.22,0.19,2.34,1.47,3.5900000000000003,22.36,80.66,7.31,,
JKHY,2026-08-29,Technology,Information Technology Services,12060000000.0,24.34,21.14,2.42,4.76,5.66,17.36,24.04,16.06,24.03,43.6,24.91,19.85,5.24,9.32,8.74,11.13,7.26,0.02,0.02,1.51,1.51,1.46,0.59,102.18,6.1,,
JLL,2026-08-29,Real Estate,Real Estate Services,17390000000.0,18.11,13.36,0.69,0.63,2.33,14.02,13.780000000000001,5.74,10.72,99.17,4.89,3.64,34.01,12.31,19.38,16.32,9.5,0.46,0.25,1.13,1.13,,1.03,94.71,1.81,,
JNJ,2026-08-29,Healthcare,Drug Manufacturers - General,645950000000.0,31.07,21.03,2.16,6.6,7.6,29.04,25.739999999999995,10.67,17.2,68.03,26.99,21.48,7.37,10.03,9.72,14.9,2.67,0.58,0.44,1.09,0.81,2.01,0.14,77.51,0.9,,
JOE,2026-08-29,Real Estate,Real Estate - Diversified,3830000000.0,31.48,,,7.0,5.02,18.05,16.37,8.05,10.88,35.63,30.18,22.46,,,,21.1,26.17,0.49,0.48,29.92,29.92,0.95,3.71,88.17,1.96,,
JPM,2026-08-29,Financial,Banks - Diversified,950620000000.0,15.32,14.23,1.32,3.2,2.69,6.18,17.71,1.35,7.41,,28.360000000000003,21.39,24.01,1.2,10.76,17.66,17.27,3.41,1.33,1.15,,1.79,0.4699999999999999,76.76,0.96,,
JXN,2026-08-29,Financial,Insurance - Life,9090000000.0,184.31,4.23,0.25,1.4,0.97,1.54,1.01,0.03,0.85,,1.25,0.91,19.43,17.08,16.78,57.53,15.82,0.28,0.21,,,2.68,9.03,87.1,5.47,,
KAI,2026-08-29,Industrials,Specialty Industrial Machinery,3570000000.0,32.52,21.53,,3.1,3.49,22.31,11.26,6.5,7.17,44.44,15.54,9.52,35.64,11.76,,12.62,10.63,0.5,0.5,2.59,1.63,0.45999999999999996,1.17,112.47,9.06,,
KALU,2026-08-29,Basic Materials,Aluminum,2560000000.0,11.59,13.85,0.46,0.62,2.71,29.39,26.400000000000002,8.37,11.33,11.55,8.24,5.49,114.75,-12.83,30.25,30.19,23.53,1.13,1.12,2.5,1.17,2.01,2.4,101.36,5.41,,
KBH,2026-08-29,Consumer Cyclical,Residential Construction,3360000000.0,13.32,12.15,,0.61,0.89,9.34,6.950000000000001,3.92,4.67,17.02,5.96,4.92,-45.9,35.77,-2.15,14.45,8.31,0.53,0.53,6.8,0.64,1.73,4.61,104.62,12.75,,
KBR,2026-08-29,Industrials,Engineering & Construction,4790000000.0,11.47,9.41,,0.62,2.93,13.82,27.089999999999996,6.29,9.62,14.48,9.97,5.46,1.47,1.35,-0.27,,6.19,1.71,1.68,1.15,1.15,1.7500000000000002,1.55,104.01,6.81,,
KD,2026-08-29,Technology,Information Technology Services,2880000000.0,36.8,5.3,0.28,0.19,2.71,19.43,7.55,0.74,2.2,21.85,3.9699999999999998,0.58,27.05,34.32,18.73,,-4.85,4.61,2.7,0.66,0.66,,2.93,88.78,13.86,,
KDP,2026-08-29,Consumer Defensive,Beverages - Non-Alcoholic,43790000000.0,32.61,12.71,1.29,2.18,1.75,23.85,5.71,2.01,2.7,46.56,16.95,6.69,11.78,10.48,9.88,10.36,7.4,1.5,1.11,0.48,0.28,2.92,4.71,108.83,5.18,,
KEX,2026-08-29,Industrials,Marine Shipping,7340000000.0,21.36,16.65,1.08,2.1,2.14,15.48,10.4,5.78,7.68,25.36,13.86,10.18,12.52,17.3,15.38,,9.15,0.36,0.34,1.68,1.12,,0.8199999999999998,103.01,2.85,,
KEY,2026-08-29,Financial,Banks - Regional,23380000000.0,12.74,10.2,0.59,2.11,1.36,30.72,10.33,1.08,6.6,,23.0,17.04,20.21,17.52,17.3,3.7,9.03,0.74,0.55,0.45,,3.7699999999999996,0.35,90.18,2.69,,
KEYS,2026-08-29,Technology,Scientific & Technical Instruments,54680000000.0,44.04,23.33,0.81,8.31,8.29,37.22,20.52,11.13,14.67,69.22,22.8,19.08,60.41,19.39,28.72,8.17,4.95,0.42,0.3,2.02,1.62,,0.79,92.48,1.74,,
KFY,2026-08-29,Industrials,Staffing & Employment Services,4430000000.0,16.46,13.63,1.34,1.51,2.2,13.66,14.279999999999998,6.909999999999999,10.79,21.18,13.100000000000001,9.33,9.64,9.36,10.19,20.06,10.06,0.3,0.29,1.94,1.94,2.55,1.03,100.61,4.36,,
KGS,2026-08-29,Energy,Oil & Gas Equipment & Services,5830000000.0,68.82,18.89,0.28,4.19,2.69,1163.81,4.6,1.63,1.62,43.25,32.65,5.63,136.77,44.86,66.3,,19.7,1.31,1.3,1.45,1.15,3.46,0.9899999999999999,104.2,8.67,,
KHC,2026-08-29,Consumer Defensive,Packaged Foods,30480000000.0,,12.42,,1.22,0.85,7.99,-8.78,-4.39,-6.33,33.22,17.12,-13.639999999999999,-21.05,0.82,-6.48,,-0.97,0.53,0.49,1.06,0.68,6.23,0.4099999999999999,92.98,7.28,,
KIM,2026-08-29,Real Estate,REIT - Retail,15950000000.0,27.88,26.83,6.78,7.26,1.55,20.04,5.82,3.04,3.25,40.98,34.51,26.13,2.57,5.36,3.96,-18.36,15.28,0.89,0.81,0.97,0.97,4.5,2.71,102.09000000000002,4.43,,
KKR,2026-08-29,Financial,Asset Management,97560000000.0,34.65,14.69,0.71,4.15,3.42,10.75,10.64,0.79,3.69,46.05,23.46,12.710000000000003,30.0,16.88,20.67,-7.04,35.39,1.78,1.75,5.25,5.25,0.72,22.98,62.91,1.81,,
KLAC,2026-08-29,Technology,Semiconductor Equipment & Materials,229350000000.0,47.86,26.36,0.95,16.9,36.13,60.88,87.5,28.4,38.81,60.13,41.68,35.59,45.82,21.46,27.77,22.32,14.43,0.97,0.96,2.82,1.97,0.53,0.12,93.95,1.94,,
KLIC,2026-08-29,Technology,Semiconductor Equipment & Materials,4240000000.0,37.21,13.73,0.07,4.46,4.65,106.09,13.23,9.47,12.26,48.15,13.059999999999999,12.18,1775.4,52.8,196.32,-65.56,0.97,0.04,0.04,3.44,2.74,1.01,3.2199999999999998,93.35,4.01,,
KMB,2026-08-29,Consumer Defensive,Household & Personal Products,36430000000.0,18.67,14.68,6.3,2.2,20.82,20.02,111.55,9.54,23.77,36.76,14.24,11.79,-1.03,0.13,2.33,-2.45,-2.99,3.72,3.7,0.91,0.69,4.7,0.22,99.93,13.41,,
KMI,2026-08-29,Energy,Oil & Gas Midstream,70280000000.0,20.36,20.62,2.42,3.93,2.22,19.32,11.05,4.71,5.61,36.32,29.609999999999996,19.27,16.97,0.66,8.51,96.4,7.93,1.02,0.94,0.46,0.36,3.7800000000000002,12.809999999999999,71.81,2.37,,
KMPR,2026-08-29,Financial,Insurance - Property & Casualty,1650000000.0,,6.73,0.5,0.36,0.75,4.43,-19.26,-4.04,-15.79,,1.14,-10.76,-44.26,106.8,13.49,-17.9,-1.33,0.43,0.43,0.25,,4.64,1.63,97.29,9.03,,
KMT,2026-08-29,Industrials,Tools & Accessories,2250000000.0,6.71,11.99,,0.96,1.43,,24.0,11.99,14.95,40.77,20.44,14.529999999999998,5.28,-48.79,-16.3,46.94,5.06,0.49,0.46,2.62,0.87,4.37,1.13,106.28999999999999,7.1,,
KMX,2026-08-29,Consumer Cyclical,Auto & Truck Dealerships,8810000000.0,40.88,,,0.31,1.44,8.86,3.5900000000000003,0.8199999999999998,0.92,10.68,2.06,0.79,-6.95,,1.03,-18.02,6.67,3.08,2.97,2.7,0.82,,2.04,103.0,9.07,,
KN,2026-08-29,Technology,Electronic Components,2920000000.0,44.16,21.16,1.14,4.6,3.68,46.04,9.5,6.76,7.21,42.19,14.63,10.69,20.27,21.16,18.56,50.23,-4.94,0.19,0.18,3.2,1.75,,2.1,103.69,6.35,,
KNF,2026-08-29,Basic Materials,Building Materials,3650000000.0,26.17,18.16,1.55,1.1,2.27,84.68,9.12,3.58,4.32,17.83,8.96,4.23,5.44,21.57,11.75,1.17,7.63,1.04,1.02,2.66,1.6,,0.45000000000000007,97.47,6.38,,
KNSL,2026-08-29,Financial,Insurance - Property & Casualty,8670000000.0,15.43,17.57,3.3,4.34,4.26,8.66,30.269999999999996,10.26,25.17,,36.33,28.49,8.81,2.06,5.33,41.12,32.44,0.11,0.11,0.15,,0.26,5.64,96.11,10.61,,
KNTK,2026-08-29,Energy,Oil & Gas Midstream,4330000000.0,19.49,28.69,,2.37,,35.16,,2.74,7.76,15.2,9.01,10.15,-47.93,36.98,-3.24,71.44,63.58,,,0.68,0.68,6.05,30.09,74.71,10.85,,
KNX,2026-08-29,Industrials,Trucking,10940000000.0,255.76,16.65,0.27,1.42,1.57,20.06,0.61,0.35,0.46,11.03,2.96,0.56,83.68,74.45,61.53,-29.95,9.83,0.38,0.34,0.88,0.88,1.09,2.88,101.03999999999999,6.38,,
KO,2026-08-29,Consumer Defensive,Beverages - Non-Alcoholic,385770000000.0,27.01,25.38,3.09,7.63,10.67,26.98,44.23,13.489999999999998,19.57,61.95,31.929999999999996,28.309999999999995,10.18,6.85,8.21,11.14,7.94,1.2,1.02,1.3,1.12,2.45,0.68,77.87,0.92,,
KOP,2026-08-29,Basic Materials,Specialty Chemicals,880520000.0,,9.52,1.32,0.47,2.27,6.35,-19.02,-4.76,-6.41,18.41,10.12,-4.59,-0.61,20.89,7.24,-7.41,2.4,2.59,2.5,2.33,1.01,0.75,5.29,103.12,4.36,,
KR,2026-08-29,Consumer Defensive,Grocery Stores,35360000000.0,33.76,10.44,1.57,0.24,5.47,12.29,13.489999999999998,2.01,3.61,20.98,3.18,0.7,7.29,6.25,6.66,-13.99,2.19,3.74,3.44,0.79,0.39,2.51,0.33,89.02,4.54,,
KRC,2026-08-29,Real Estate,REIT - Office,4250000000.0,25.49,79.06,,3.89,0.81,8.26,3.19,1.5700000000000003,1.77,31.75,24.68,15.42,-89.13,81.59,-29.3,7.33,4.37,0.89,0.83,1.41,1.41,5.97,1.14,118.75,7.37,,
KRG,2026-08-29,Real Estate,REIT - Retail,5210000000.0,16.62,59.76,,6.39,1.82,19.87,10.9,5.14,6.17,31.59,23.42,39.93,-36.34,-50.11,-24.62,,24.97,1.05,0.9,0.77,0.77,4.63,1.36,103.46,6.4,,
KRYS,2026-08-29,Healthcare,Biotechnology,10400000000.0,44.05,37.28,1.25,23.62,7.65,40.36,20.12,18.3,17.67,93.31,44.89,54.82,11.37,23.77,29.93,,,0.01,0.01,8.32,7.96,,12.48,99.19,12.37,,
KSS,2026-08-29,Consumer Cyclical,Department Stores,1980000000.0,7.63,10.93,5.81,0.13,0.49,1.84,6.67,2.01,2.6,36.65,3.8599999999999994,1.7500000000000002,27.81,-22.64,1.88,,-0.54,1.54,1.5,1.49,0.41,2.86,4.5,106.17000000000002,27.55,,
KTB,2026-08-29,Consumer Cyclical,Apparel Manufacturing,4210000000.0,16.08,11.7,1.12,1.37,6.8,9.94,40.96,8.5,14.53,48.89,13.140000000000002,8.74,-5.44,24.5,10.41,28.13,8.49,2.06,1.98,1.83,0.99,2.74,1.79,104.36000000000001,10.31,,
KTOS,2026-08-29,Industrials,Aerospace & Defense,9760000000.0,299.02,46.13,1.21,6.41,2.85,,1.15,0.93,0.86,21.65,1.6,2.03,52.5,34.4,38.16,-27.62,12.49,0.06,0.05,5.54,4.99,,1.27,82.11,4.49,,
KVUE,2026-08-29,Consumer Defensive,Household & Personal Products,36820000000.0,22.22,15.36,2.07,2.39,3.49,19.24,15.58,6.16,9.36,58.36,19.24,10.76,8.93,6.1,7.41,,0.89,0.82,0.68,1.01,0.71,4.41,0.29,96.33,2.76,,
KWR,2026-08-29,Basic Materials,Specialty Chemicals,2850000000.0,29.55,17.45,1.08,1.45,2.07,38.27,7.17,3.42,4.29,32.78,9.08,4.93,11.9,21.02,16.15,,5.9,0.67,0.65,2.46,1.7,0.83,21.98,91.38,13.26,,
L,2026-08-29,Financial,Insurance - Property & Casualty,22430000000.0,13.44,,,1.2,1.17,8.15,9.21,1.96,6.02,,14.04,9.02,,,,,5.99,0.47,0.47,0.7,,0.22999999999999998,19.95,62.36000000000001,2.52,,
LAD,2026-08-29,Consumer Cyclical,Auto & Truck Dealerships,8140000000.000001,12.27,8.78,0.72,0.21,1.27,,10.67,2.83,4.35,14.45,3.8,1.8799999999999997,8.02,16.68,12.26,10.58,23.45,2.59,1.57,1.0,0.21,0.61,1.22,112.42000000000002,9.36,,
LAMR,2026-08-29,Real Estate,REIT - Specialty,15270000000.0,27.45,23.8,3.11,6.56,15.55,21.27,58.93000000000001,8.14,10.1,53.55,31.64,23.89,2.56,6.78,7.65,19.11,7.63,5.07,4.6,0.63,0.63,4.38,14.92,85.33,3.71,,
LAUR,2026-08-29,Consumer Defensive,Education & Training Services,5340000000.0,17.42,16.02,0.92,2.92,4.68,18.65,29.350000000000005,14.429999999999998,18.15,27.26,24.42,17.57,22.58,14.88,17.36,,10.68,0.64,0.55,0.71,0.71,2.04,14.34,93.81,2.8,,
LAZ,2026-08-29,Financial,Capital Markets,4250000000.0,21.39,11.34,0.44,1.28,4.65,6.89,26.450000000000003,4.95,7.14,94.91,12.04,6.59,-8.61,72.57,25.77,-8.51,3.45,2.35,2.35,2.63,2.63,4.58,0.89,104.71999999999998,9.58,,
LBRT,2026-08-29,Energy,Oil & Gas Equipment & Services,3100000000.0,25.84,114.68,1.74,0.74,1.58,,6.12,3.09,3.54,7.290000000000001,1.33,2.92,84.01,-39.91,65.73,,32.91,0.82,0.76,1.99,1.75,1.8500000000000003,2.17,111.91,9.98,,
LCII,2026-08-29,Consumer Cyclical,Recreational Vehicles,2500000000.0,11.97,10.76,0.64,0.62,1.75,8.72,15.0,6.559999999999999,8.35,25.650000000000002,7.490000000000001,5.24,14.81,11.74,16.78,3.84,8.07,0.8,0.77,2.49,1.2,4.47,3.75,106.47,9.93,,
LDOS,2026-08-29,Technology,Information Technology Services,17650000000.0,13.11,11.0,2.17,1.0,3.34,8.16,27.67,9.43,11.62,17.8,11.8,7.8,3.29,3.21,5.06,20.63,6.91,1.24,1.24,1.63,1.6,1.24,0.83,81.78,3.37,,
LEA,2026-08-29,Consumer Cyclical,Auto Parts,6120000000.0,11.56,7.33,0.52,0.26,1.19,7.2,10.84,3.5900000000000003,6.55,7.049999999999999,4.06,2.35,17.61,12.46,13.99,25.45,6.41,0.68,0.64,1.31,1.04,2.56,0.55,108.2,4.32,,
LECO,2026-08-29,Industrials,Tools & Accessories,15530000000.0,28.48,22.73,1.94,3.47,9.99,28.63,37.74,14.679999999999998,20.19,35.95,17.58,12.37,13.68,11.71,11.74,22.18,9.75,0.8,0.76,1.98,1.2,1.12,1.63,82.4,2.27,,
LEG,2026-08-29,Consumer Cyclical,"Furnishings, Fixtures & Appliances",1260000000.0,5.9,9.11,2.0,0.32,1.16,8.01,22.66,6.01,8.19,18.67,6.15,5.64,-5.24,1.51,4.55,-1.81,-1.07,1.52,1.48,2.35,1.53,2.17,2.43,106.84,16.56,,
LEN,2026-08-29,Consumer Cyclical,Residential Construction,20750000000.0,13.5,13.42,,0.63,0.96,21.7,7.24,4.7,5.83,16.36,5.98,4.88,-31.02,16.85,-0.14,0.35,8.73,0.29,0.27,4.59,1.03,2.32,14.24,90.35,8.35,,
LFST,2026-08-29,Healthcare,Medical Care Facilities,4700000000.0,94.69,56.1,0.33,2.97,3.18,27.04,3.4300000000000006,2.34,2.68,30.12,5.07,3.19,702.67,36.68,172.49,,30.44,0.32,0.28,1.38,1.38,,36.22,63.09,4.69,,
LFUS,2026-08-29,Technology,Electronic Components,10300000000.0,,21.03,0.75,3.94,3.93,23.29,-0.31,-0.2,-0.25,36.68,16.25,-0.31,55.34,16.21,27.89,,10.54,0.27,0.23,2.76,2.0,0.4699999999999999,1.4,101.66999999999999,5.14,,
LGIH,2026-08-29,Consumer Cyclical,Residential Construction,1340000000.0,20.17,15.17,,0.78,0.63,10.2,3.16,1.67,1.78,19.39,4.01,3.88,-2.49,16.4,,-24.55,-6.35,0.74,0.74,17.97,0.47,,16.83,89.99,15.68,,
LGND,2026-08-29,Healthcare,Biotechnology,5590000000.0,29.99,23.16,1.08,19.25,5.77,42.52,21.96,12.58,9.4,84.28,34.45,67.88,14.58,30.04,21.39,,7.54,1.17,1.17,31.18,30.96,,2.46,114.65,12.59,,
LH,2026-08-29,Healthcare,Diagnostics & Research,27180000000.0,27.71,16.87,1.78,1.89,3.15,23.53,11.74,5.48,6.6,26.82,11.35,6.99,11.49,8.35,9.5,-8.01,-0.04,0.79,0.76,1.8,1.53,0.88,0.4,101.33000000000001,2.4,,
LHX,2026-08-29,Industrials,Aerospace & Defense,48940000000.0,26.55,19.35,1.46,2.13,2.46,17.43,9.57,4.45,6.24,22.54,11.11,8.11,11.29,13.71,13.29,10.46,3.74,0.6,0.51,1.18,1.03,1.9,0.42,89.8,1.89,,
LIF,2026-08-29,Technology,Software - Application,3540000000.0,25.39,24.68,12.99,6.19,5.76,34.32,30.06,16.32,15.92,77.59,1.14,25.72,-50.06,45.24,1.9,,43.42,0.51,0.51,5.59,5.45,,3.7000000000000006,74.98,11.49,,
LII,2026-08-29,Industrials,Building Products & Equipment,13600000000.0,17.78,15.02,2.05,2.56,10.48,18.41,70.48,18.9,27.64,32.98,19.68,14.610000000000001,2.19,10.67,7.32,19.78,7.41,1.56,1.16,1.57,0.77,1.32,9.43,79.5,5.56,,
LIN,2026-08-29,Basic Materials,Specialty Chemicals,225650000000.0,31.61,24.99,2.66,6.37,5.77,45.36,18.67,8.31,12.12,37.56,27.1,20.43,8.66,9.56,9.39,25.41,4.52,0.72,0.53,0.88,0.75,1.32,0.67,88.58,1.07,,
LITE,2026-08-29,Technology,Communication Equipment,80280000000.0,,26.93,0.36,26.64,17.08,267.52,-240.03,-120.34,-147.41,39.74,17.89,-230.14999999999998,147.9,54.63,74.39,,11.58,0.36,0.01,1.68,1.4,,2.52,94.74,8.31,,
LIVN,2026-08-29,Healthcare,Medical Devices,4430000000.0,23.83,17.17,1.68,3.01,3.34,29.84,15.4,7.33,11.32,68.24,15.010000000000002,12.809999999999999,11.68,7.37,10.25,9.06,8.24,0.27,0.26,1.45,1.21,,0.42,111.1,8.61,,
LKFN,2026-08-29,Financial,Banks - Regional,1480000000.0,13.71,13.22,,3.47,1.92,13.27,15.0,1.5700000000000003,14.25,,31.77,26.039999999999996,9.28,2.88,,3.97,12.38,0.1,0.01,0.16,,3.49,3.46,84.94,9.49,,
LKQ,2026-08-29,Consumer Cyclical,Auto Parts,6460000000.0,14.06,8.26,2.56,0.47,1.0,10.33,7.16,3.0,4.24,35.66,7.24,3.4000000000000004,-10.82,15.2,3.22,2.38,3.26,0.82,0.7,1.58,0.61,4.7,0.69,110.9,5.91,,
LLY,2026-08-29,Healthcare,Drug Manufacturers - General,1105730000000.0,39.91,25.2,0.83,13.88,32.64,60.79,102.42999999999999,21.96,32.68,83.4,49.72,33.53,50.33,28.09,30.24,27.59,21.58,1.62,1.41,1.35,1.0,0.59,9.89,76.25,0.77,,
LMAT,2026-08-29,Healthcare,Medical Instruments & Supplies,1840000000.0,28.66,25.31,2.38,7.01,4.38,24.92,16.77,10.78,10.82,71.27,29.460000000000004,25.019999999999996,13.99,10.66,10.63,19.43,14.05,0.45,0.44,15.89,13.96,1.24,6.9,100.83,7.56,,
LMT,2026-08-29,Industrials,Aerospace & Defense,130130000000.0,20.78,17.26,0.96,1.69,14.79,14.91,89.16,10.36,21.45,12.659999999999998,11.8,8.16,41.59,7.38,17.95,-2.43,2.79,2.34,2.34,1.19,1.01,2.49,0.11,77.06,1.04,,
LNC,2026-08-29,Financial,Insurance - Life,8289999999.999999,3.74,4.96,0.89,0.4,0.8,,22.58,0.61,13.24,,15.340000000000002,10.97,-3.58,10.06,5.58,17.86,1.55,0.6,0.57,,,4.16,1.0,86.18,5.46,,
LNN,2026-08-29,Industrials,Farm & Heavy Construction Machinery,1160000000.0,21.85,19.58,,1.84,2.32,25.79,10.74,6.64,8.72,29.460000000000004,9.95,8.79,-23.26,11.76,-2.21,13.78,7.34,0.28,0.27,2.93,2.04,1.29,1.17,109.33,7.99,,
LNT,2026-08-29,Utilities,Utilities - Regulated Electric,17640000000.0,21.56,18.5,2.42,3.98,2.34,,11.14,3.3300000000000005,4.5,24.9,22.1,18.45,6.36,7.4,7.65,4.94,5.01,1.61,1.41,0.47,0.35,3.16,0.17,100.03999999999999,9.11,,
LNTH,2026-08-29,Healthcare,Drug Manufacturers - Specialty & Generic,6580000000.0,24.35,15.89,1.97,4.23,5.01,16.96,22.21,12.15,14.22,60.14000000000001,19.45,17.69,-11.68,18.12,8.05,,35.35,0.48,0.48,3.06,2.89,,3.4000000000000004,116.64000000000001,8.13,,
LOPE,2026-08-29,Consumer Defensive,Education & Training Services,3940000000.0,18.26,13.35,1.23,3.45,5.92,16.25,30.98,23.11,29.56,52.53,27.77,19.63,12.62,10.74,10.89,7.18,5.55,0.16,0.13,2.82,2.82,,2.29,103.90000000000002,6.67,,
LOW,2026-08-29,Consumer Cyclical,Home Improvement Retail,116730000000.0,17.59,16.02,3.29,1.29,,16.68,,12.93,21.03,30.59,11.29,7.32,-0.19,5.86,4.87,8.87,-0.75,,,1.1,0.27,2.38,0.68,81.34,1.65,,
LPG,2026-08-29,Energy,Oil & Gas Midstream,2130000000.0,6.61,12.36,,3.64,1.72,14.56,28.34,17.63,19.16,60.5,52.019999999999996,55.00000000000001,77.19,-50.26,-12.7,19.59,8.79,0.52,0.36,3.26,3.24,7.95,14.26,73.27,5.45,,
LPX,2026-08-29,Industrials,Building Products & Equipment,4980000000.0,92.38,22.81,1.42,2.02,2.86,,3.1,2.05,2.56,17.99,4.54,2.19,-59.4,190.34,16.01,-14.08,-0.58,0.22,0.21,3.22,1.66,1.6399999999999997,1.4,105.32999999999998,10.1,,
LQDA,2026-08-29,Healthcare,Drug Manufacturers - Specialty & Generic,6060000000.0,49.62,12.16,,13.44,30.91,40.21,131.82,35.57,42.89,92.3,37.39,30.740000000000002,483.5,81.46,,14.6,192.49,0.94,0.66,2.31,2.12,,13.56,79.86,15.32,,
LQDT,2026-08-29,Consumer Cyclical,Internet Retail,1300000000.0,40.55,22.54,,2.65,5.51,14.44,14.96,8.39,13.57,45.47,9.0,6.79,28.91,11.52,,,18.28,0.06,0.04,1.57,1.48,,25.920000000000005,80.63,4.33,,
LRCX,2026-08-29,Technology,Semiconductor Equipment & Materials,377770000000.0,52.38,25.71,0.79,16.26,30.29,77.23,65.07,32.38,44.04,50.470000000000006,35.29,31.269999999999996,62.9,23.86,32.64,16.46,9.7,0.33,0.32,2.63,1.91,0.4,0.34,89.08,2.28,,
LRN,2026-08-29,Consumer Defensive,Education & Training Services,3610000000.0,12.05,10.95,,1.43,2.21,8.33,21.74,14.3,15.99,37.03,18.12,13.43,3.97,6.87,,33.16,10.38,0.33,0.3,5.94,5.81,,3.32,114.23999999999998,18.73,,
LSCC,2026-08-29,Technology,Semiconductors,16250000000.0,441.87,35.6,0.6,24.95,19.93,107.41,4.93,4.07,4.43,63.35000000000001,8.47,5.58,103.08,50.69,59.28,-41.85,5.1,0.05,0.04,3.02,2.33,,0.8699999999999999,101.48000000000002,3.68,,
LSTR,2026-08-29,Industrials,Integrated Freight & Logistics,6110000000.0,46.62,23.49,0.61,1.23,7.3,34.78,14.980000000000002,7.6499999999999995,14.98,13.34,3.92,2.64,79.18,29.21,38.46,-7.82,2.79,0.17,0.05,1.82,1.82,1.39,0.74,102.2,3.98,,
LTC,2026-08-29,Real Estate,REIT - Healthcare Facilities,2190000000.0,14.89,22.11,,6.26,1.73,17.97,12.11,6.78,6.58,58.63,36.17,38.53,-16.19,-13.0,-11.27,0.84,7.7,0.61,0.61,63.27,63.27,5.62,2.26,81.77,4.42,,
LTH,2026-08-29,Consumer Cyclical,Leisure,9720000000.0,23.79,23.9,3.69,3.06,2.94,,13.449999999999998,5.2,5.57,36.36,17.2,13.04,-4.49,14.81,6.47,,25.86,1.29,1.26,0.66,0.56,,18.98,85.2,5.28,,
LULU,2026-08-29,Consumer Cyclical,Apparel Retail,14340000000.0,9.76,10.8,,1.28,2.86,11.2,32.03,18.29,22.1,55.63,18.47,13.03,-18.21,3.13,-3.33,24.13,20.33,0.44,0.37,2.23,1.29,,8.77,75.23,10.43,,
LUMN,2026-08-29,Communication Services,Telecom Services,6230000000.0,,,,0.53,,7.44,,-3.2099999999999995,-8.78,25.14,-3.1,-8.65,-575.73,64.07,-19.22,-8.9,-9.75,,,0.91,0.88,,8.18,71.44,6.67,,
LUV,2026-08-29,Industrials,Airlines,19390000000.0,24.05,8.25,0.1,0.64,2.74,,11.11,2.85,7.27,18.89,4.33,2.79,263.96,41.89,80.19,,25.41,0.97,0.63,0.49,0.42,1.96,1.08,94.63,5.18,,
LVS,2026-08-29,Consumer Cyclical,Resorts & Casinos,29170000000.0,17.55,12.78,1.75,2.13,50.23,10.83,134.29,8.27,12.1,37.43,23.4,12.590000000000002,3.34,13.29,7.3,,34.66,26.27,23.57,1.0,0.99,2.55,59.89,42.5,6.31,,
LW,2026-08-29,Consumer Defensive,Packaged Foods,7560000000.0,26.35,16.2,2.23,1.14,4.14,13.99,16.28,3.93,5.26,19.47,10.2,4.39,1.1,11.52,7.26,-0.71,12.49,2.21,2.02,1.42,0.71,3.08,1.19,95.34,4.32,,
LXP,2026-08-29,Real Estate,REIT - Industrial,3580000000.0,61.22,138.48,,10.29,1.84,20.14,3.2099999999999995,1.8000000000000003,1.94,26.35,14.85,16.73,-96.81,655.32,,-11.22,1.17,0.71,0.71,2.25,2.25,4.65,2.95,95.9,2.46,,
LYB,2026-08-29,Basic Materials,Specialty Chemicals,20570000000.0,,9.7,0.16,0.66,1.93,13.03,-2.29,-0.74,-1.52,13.3,7.82,-1.15,451.84,-30.02,60.87,,1.68,1.33,1.17,1.64,1.07,4.92,20.29,76.46,4.9,,
LYFT,2026-08-29,Technology,Software - Application,6700000000.0,2.48,17.24,,0.99,2.22,6.02,152.58,39.59,68.21,38.02,-1.67,42.32,-91.57,78.92,,,21.71,0.43,0.39,0.59,0.59,,4.8,111.20000000000002,17.68,,
LYV,2026-08-29,Communication Services,Entertainment,42800000000.0,,96.12,,1.63,513.98,30.96,-116.65,-1.01,-3.07,23.16,5.6,-0.98,-42.17,653.9,,50.7,68.39,137.04,100.99,0.85,0.85,,32.54,84.86,15.43,,
LZ,2026-08-29,Industrials,Specialty Business Services,1050000000.0,65.57,7.44,0.61,1.33,8.1,7.08,10.49,3.34,12.28,63.44,4.41,2.13,17.45,13.49,12.16,17.74,9.94,0.12,0.08,0.65,0.65,,34.18,69.17,10.98,,
LZB,2026-08-29,Consumer Cyclical,"Furnishings, Fixtures & Appliances",1300000000.0,16.49,11.58,52.62,0.62,1.29,12.75,8.03,4.16,5.56,44.64,6.65,3.8599999999999994,-17.21,11.79,0.22,1.45,4.16,0.53,0.45,1.66,1.14,3.1,2.11,102.81,3.89,,
M,2026-08-29,Consumer Cyclical,Department Stores,5790000000.0,9.06,9.45,4.75,0.25,1.2,4.06,14.38,4.12,6.72,39.38,3.8699999999999997,2.94,-3.59,4.19,1.99,,4.56,1.06,1.06,1.48,0.44,3.3099999999999996,0.38,98.66,11.58,,
MA,2026-08-29,Financial,Credit Services,521490000000.0,32.75,25.78,1.56,14.84,93.15,31.62,241.49000000000004,29.799999999999997,58.49,96.6,59.19,46.27,17.29,15.73,16.5,20.99,16.5,4.39,3.95,1.06,1.06,0.6,7.91,83.84,0.89,,
MAA,2026-08-29,Real Estate,REIT - Residential,15420000000.0,37.87,41.81,,6.95,2.76,23.9,7.090000000000001,3.38,4.14,29.51,27.779999999999998,18.0,-3.94,-14.62,-2.54,11.53,5.65,1.05,0.79,0.09,0.09,4.73,0.8199999999999998,99.74,3.72,,
MAC,2026-08-29,Real Estate,REIT - Retail,7000000000.0,,210.21,,6.92,2.39,37.38,-14.469999999999999,-4.54,-5.6,-1.8000000000000003,-5.66,-30.25,79.54,170.8,,,5.32,1.76,1.48,0.25,0.25,2.9,0.69,110.67,9.84,,
MAN,2026-08-29,Industrials,Staffing & Employment Services,2900000000.0,28.13,12.8,0.42,0.16,1.38,42.11,5.08,1.23,3.53,16.24,1.8399999999999999,0.56,22.11,34.44,30.17,,-0.05,0.67,0.4,1.04,1.04,2.54,1.76,120.7,10.63,,
MANH,2026-08-29,Technology,Software - Application,13020000000.0,63.92,36.39,3.06,11.56,82.65,32.61,96.38,29.13,99.45,55.22,25.06,18.67,8.74,11.52,11.91,21.58,13.02,0.34,0.34,0.95,0.95,,1.44,110.98000000000002,3.8,,
MAR,2026-08-29,Consumer Cyclical,Lodging,91550000000.0,36.39,26.77,1.97,3.4,,29.23,,9.33,20.23,19.13,15.73,9.62,16.86,12.01,13.56,,19.89,,,0.53,0.53,0.8199999999999998,20.45,63.99,2.67,,
MARA,2026-08-29,Financial,Capital Markets,4120000000.0,,,,5.13,2.45,,-107.12000000000002,-57.26,-95.0,-75.61,-122.8,-429.7099999999999,-23.37,83.79,29.22,-95.8,190.86,1.49,1.19,0.89,0.89,,2.21,73.53,29.2,,
MAS,2026-08-29,Industrials,Building Products & Equipment,14440000000.0,16.88,15.73,1.75,1.9,,12.83,,16.54,28.28,36.93,17.7,11.6,14.39,2.8,8.98,10.68,1.02,,,1.86,1.22,1.7500000000000002,0.34,104.93,3.75,,
MAT,2026-08-29,Consumer Cyclical,Leisure,4330000000.0,11.15,9.56,1.14,0.79,2.16,9.95,20.5,6.78,9.16,47.13,8.68,7.79,-7.37,21.29,8.4,28.4,3.11,1.37,1.34,1.9,1.26,,1.04,108.13999999999999,9.16,,
MATW,2026-08-29,Industrials,Conglomerates,653290000.0,,26.72,,0.59,1.34,,-5.87,-1.83,-2.69,36.25,-1.47,-2.65,-59.26,52.6,-5.45,22.39,-0.01,1.29,1.25,1.76,1.02,4.87,8.73,93.52,12.31,,
MATX,2026-08-29,Industrials,Marine Shipping,6710000000.0,15.0,13.43,1.49,1.94,2.42,61.82,17.21,10.09,15.13,23.02,14.360000000000001,13.41,16.24,4.03,9.0,25.49,7.01,0.12,0.11,0.89,0.82,0.65,2.42,87.6,3.66,,
MBC,2026-08-29,Consumer Cyclical,"Furnishings, Fixtures & Appliances",1760000000.0,,35.96,,0.63,0.89,23.93,-5.82,-2.61,-2.7,25.590000000000003,-0.59,-3.49,-88.64,132.26,,-28.91,2.06,0.86,0.82,1.76,1.04,,3.9599999999999995,106.94,8.29,,
MBGL,2026-08-29,Technology,Software - Infrastructure,5970000000.0,,,,,0.61,,,,,,,,,,,,,0.2,0.2,1.88,1.88,0.3,0.4699999999999999,2.47,1.99,,
MBIN,2026-08-29,Financial,Banks - Regional,2450000000.0,10.74,8.92,0.52,1.82,1.33,,11.73,1.33,10.8,,23.98,17.01,47.62,7.35,17.1,-0.36,26.93,1.8,0.04,0.06,,0.8500000000000001,58.11999999999999,97.95,8.76,,
MC,2026-08-29,Financial,Capital Markets,5550000000.0,23.82,17.35,1.36,3.53,10.02,12.8,44.68,16.6,30.3,,18.42,14.499999999999998,3.12,27.88,12.76,-0.03,10.24,0.52,0.49,0.63,0.63,3.8,1.0,108.87,6.69,,
MCD,2026-08-29,Consumer Cyclical,Restaurants,187520000000.0,21.52,19.0,2.73,6.77,,24.16,,14.71,16.62,57.379999999999995,45.72,31.72,5.92,7.94,6.95,13.64,6.96,,,1.08,1.07,2.83,0.07,76.95,1.56,,
MCHP,2026-08-29,Technology,Semiconductors,39600000000.0,109.03,15.95,0.34,7.73,6.14,35.65,7.19,3.26,4.05,47.42,16.23,7.17,122.01,25.62,47.2,-19.53,-2.82,0.84,0.83,1.92,1.11,2.58,1.79,102.61,6.18,,
MCK,2026-08-29,Healthcare,Medical Distribution,104160000000.0,23.91,17.68,1.27,0.25,,16.23,,5.41,78.2,3.4300000000000006,1.63,1.12,14.07,13.29,13.89,,11.11,,,0.89,0.52,0.37,0.07,94.45,2.08,,
MCO,2026-08-29,Financial,Financial Data & Stock Exchanges,89190000000.0,32.65,27.2,2.22,10.93,29.48,30.06,80.15,18.53,28.28,68.82,46.0,34.25,13.4,11.74,12.26,7.79,7.52,2.49,2.27,1.15,1.15,0.73,0.13,94.03,1.48,,
MCRI,2026-08-29,Consumer Cyclical,Resorts & Casinos,2200000000.0,19.67,17.27,1.37,3.91,3.81,14.24,20.54,15.85,19.48,46.89,26.479999999999997,20.4,26.0,3.74,12.63,34.07,24.21,0.02,0.02,1.21,1.15,0.98,32.6,65.63,4.49,,
MCY,2026-08-29,Financial,Insurance - Property & Casualty,5700000000.0,6.09,9.15,0.78,0.9,2.01,4.51,38.99,9.76,24.67,,18.78,14.77,61.37,-11.75,11.67,7.62,9.63,0.34,0.34,0.84,,1.24,52.07000000000001,47.11,5.06,,
MD,2026-08-29,Healthcare,Medical Care Facilities,2160000000.0,12.78,10.91,1.82,1.11,2.45,9.46,20.39,8.26,13.42,25.05,12.34,8.96,15.09,3.91,5.99,,1.99,0.7,0.48,1.32,1.32,,1.58,104.32999999999998,6.18,,
MDLZ,2026-08-29,Consumer Defensive,Confectioners,79590000000.0,22.87,18.55,2.52,2.01,3.0,25.8,13.309999999999999,4.94,8.04,35.01,15.839999999999998,8.86,4.41,10.27,7.36,-5.21,7.71,0.83,0.64,0.6,0.4,3.3000000000000003,0.21,89.65,2.14,,
MDT,2026-08-29,Healthcare,Medical Devices,116770000000.0,24.48,14.27,1.81,3.21,2.36,21.52,9.85,5.2,6.27,60.27,19.32,13.200000000000001,7.66,7.41,7.89,6.95,3.84,0.59,0.55,2.13,1.62,3.17,0.09,89.02,1.12,,
MDU,2026-08-29,Utilities,Utilities - Regulated Gas,4160000000.0,20.81,18.74,2.5,2.27,1.42,,6.890000000000001,2.66,3.58,23.12,16.98,10.75,5.14,8.0,7.51,-13.77,-19.46,0.88,0.88,0.99,0.95,2.95,3.09,92.52,7.03,,
MEDP,2026-08-29,Healthcare,Diagnostics & Research,16770000000.0,35.23,31.04,2.58,6.03,38.54,23.72,162.15,27.089999999999996,88.72,27.76,20.97,17.67,15.2,9.92,12.05,31.79,22.27,0.33,0.28,0.73,0.73,,19.5,89.89,7.03,,
MET,2026-08-29,Financial,Insurance - Life,61330000000.0,18.47,8.68,0.72,0.77,2.24,3.7,13.16,0.5,7.46,,7.690000000000001,4.33,13.45,10.95,12.02,-3.68,2.59,0.79,0.77,4.83,,2.43,16.16,79.45,2.12,,
META,2026-08-29,Communication Services,Internet Content & Information,1472510000000.0,21.77,17.07,0.93,6.45,5.64,35.94,29.849999999999998,18.29,18.35,81.75,38.08,29.84,33.67,7.86,18.43,18.41,18.51,0.43,0.42,2.23,2.23,0.33,13.639999999999999,69.09,1.27,,
MFP,2026-08-29,Industrials,Specialty Industrial Machinery,2120000000.0,,18.11,0.96,,2.69,,,,,,,,29.82,19.84,18.9,,,0.34,0.32,1.84,1.15,,1.49,21.69,4.61,,
MGEE,2026-08-29,Utilities,Utilities - Regulated Electric,2950000000.0,19.21,18.85,3.26,3.84,2.05,,11.04,4.86,6.45,25.2,21.99,19.45,5.82,5.33,5.78,7.44,6.66,0.65,0.61,1.14,0.79,2.5,0.33,70.61,4.26,,
MGM,2026-08-29,Consumer Cyclical,Resorts & Casinos,10640000000.0,25.59,21.13,,0.6,4.23,6.09,15.439999999999998,1.04,1.3,38.05,6.49,2.38,-44.35,8.65,-11.14,,27.71,12.0,11.93,1.33,1.3,,31.6,65.1,10.12,,
MGY,2026-08-29,Energy,Oil & Gas E&P,6220000000.0,11.5,8.61,0.4,4.2,2.25,17.67,20.54,13.99,16.53,50.85000000000001,38.25,28.37,64.58,5.49,21.47,,19.37,0.19,0.18,1.58,1.58,2.5,0.74,87.76,9.11,,
MHK,2026-08-29,Consumer Cyclical,"Furnishings, Fixtures & Appliances",7850000000.0,17.22,12.95,1.56,0.7,0.92,9.67,5.51,3.36,4.63,25.6,6.5,4.15,9.89,1.88,8.3,-3.87,2.46,0.28,0.17,1.92,1.13,,17.09,90.25,7.11,,
MHO,2026-08-29,Consumer Cyclical,Residential Construction,3830000000.0,12.75,10.57,,0.9,1.18,20.25,10.06,6.61,7.94,21.64,9.29,7.449999999999999,-25.69,17.55,-2.4,12.37,7.69,0.32,0.24,7.71,1.71,,3.2300000000000004,98.75,5.58,,
MIDD,2026-08-29,Industrials,Specialty Industrial Machinery,5100000000.0,,14.6,1.24,1.43,2.31,10.29,-9.85,-4.53,-9.08,36.48,17.1,-10.56,2.07,12.07,11.77,,4.96,0.91,0.88,1.99,1.1,,1.63,104.76,3.61,,
MIR,2026-08-29,Industrials,Specialty Industrial Machinery,3590000000.0,163.27,21.7,1.13,3.5,1.96,26.21,1.49,0.78,0.8,38.52,6.819999999999999,2.39,17.68,22.58,19.28,,,0.68,0.67,3.2,2.63,,5.8,107.69999999999999,13.86,,
MKC,2026-08-29,Consumer Defensive,Packaged Foods,14870000000.0,9.21,16.79,2.53,2.01,2.13,14.58,25.7,10.91,15.28,38.92,16.72,21.91,2.88,6.75,6.63,1.08,4.08,0.71,0.51,0.78,0.39,3.4799999999999995,5.62,91.55,5.22,,
MKSI,2026-08-29,Technology,Scientific & Technical Instruments,17290000000.0,40.78,14.61,0.4,3.98,5.79,39.94,15.920000000000002,4.96,7.64,41.25,16.72,10.14,66.68,33.27,36.23,-7.2,11.03,1.4,0.93,1.14,0.72,0.39,4.06,102.70000000000002,8.46,,
MKTX,2026-08-29,Financial,Capital Markets,5730000000.0,19.18,18.79,2.07,6.57,4.62,40.03,23.34,13.94,22.62,79.67,40.28,35.15,7.49,9.03,9.08,-3.29,4.27,0.14,0.09,1.71,1.71,1.92,0.9399999999999998,112.32,3.83,,
MLI,2026-08-29,Industrials,Metal Fabrication,13890000000.0,16.37,14.22,1.11,2.98,3.92,20.84,26.31,21.96,23.86,26.75,21.33,18.25,21.43,6.0,12.78,40.88,11.75,0.01,0.0,4.78,3.76,0.96,2.03,95.83,2.08,,
MLKN,2026-08-29,Consumer Cyclical,"Furnishings, Fixtures & Appliances",1580000000.0,17.48,9.83,,0.41,1.17,20.31,6.99,2.3,3.01,38.78,5.5,2.38,8.6,16.5,,-14.8,9.28,1.34,1.26,1.58,0.9,3.2400000000000007,2.05,98.82,5.8,,
MLM,2026-08-29,Basic Materials,Building Materials,37720000000.0,13.05,24.52,1.53,5.64,2.76,46.56,8.89,4.72,14.49,28.17,21.3,36.73,11.3,19.07,16.07,10.2,5.39,0.55,0.47,1.41,0.73,0.64,19.02,85.8,3.93,,
MMI,2026-08-29,Real Estate,Real Estate Services,1230000000.0,88.05,34.95,,1.52,2.13,14.56,2.42,1.8399999999999999,2.26,36.39,1.34,1.77,1120.0,82.35,,,1.05,0.13,0.1,2.92,2.92,1.54,41.28,60.480000000000004,4.6,,
MMM,2026-08-29,Industrials,Conglomerates,89910000000.0,30.96,17.72,1.86,3.57,30.46,22.56,82.77,8.22,20.95,39.44,20.87,11.9,10.96,10.0,9.54,-8.5,-4.97,4.46,3.85,1.24,0.91,1.8000000000000003,0.08,77.39,1.87,,
MMS,2026-08-29,Industrials,Specialty Business Services,3130000000.0,8.83,7.15,0.84,0.6,1.8,7.22,21.11,8.4,11.03,24.0,10.85,7.07,8.83,4.37,8.46,10.21,9.43,0.99,0.93,2.42,2.42,2.16,2.01,108.71,6.0,,
MMSI,2026-08-29,Healthcare,Medical Instruments & Supplies,5400000000.0,37.3,19.62,2.17,3.42,3.22,26.59,9.19,5.34,5.85,49.43,12.689999999999998,9.21,12.34,7.19,9.03,,9.46,0.49,0.48,4.2,2.79,,2.61,105.51000000000002,5.94,,
MNST,2026-08-29,Consumer Defensive,Beverages - Non-Alcoholic,91800000000.0,43.49,35.8,2.85,9.96,9.8,43.76,25.7,21.16,22.72,55.55,29.160000000000004,23.08,12.62,12.84,12.55,7.99,12.52,0.0,0.0,3.73,3.22,,29.109999999999996,69.5,2.77,,
MO,2026-08-29,Consumer Defensive,Tobacco,114630000000.0,14.46,11.68,2.92,5.6,,12.58,,24.21,39.32,83.0,71.58,38.87,4.78,3.52,4.0,11.4,-0.71,,,0.52,0.38,6.309999999999999,0.15,66.2,2.43,,
MOG-A,2026-08-29,Industrials,Aerospace & Defense,11880000000.0,31.87,31.68,2.26,2.75,5.48,33.91,18.11,8.23,11.33,28.24,12.11,8.73,32.06,3.05,14.03,92.76,6.0,0.52,0.5,2.09,1.34,0.32,11.94,90.07,2.97,,
MOH,2026-08-29,Healthcare,Healthcare Plans,10440000000.0,,20.58,2.9,0.23,2.49,38.52,-0.16,-0.04,-0.09,,0.66,-0.02,-52.56,85.71,7.1,-4.51,18.68,0.95,0.95,1.68,,,1.44,108.43,5.41,,
MORN,2026-08-29,Financial,Financial Data & Stock Exchanges,8160000000.0,20.63,15.62,0.84,3.18,7.98,16.41,31.96,11.13,14.7,54.47,23.29,16.43,24.91,13.17,18.58,11.37,11.97,1.86,1.8,1.02,1.02,0.9199999999999999,49.2,65.09,8.06,,
MOS,2026-08-29,Basic Materials,Agricultural Inputs,7500000000.0,,15.25,,0.61,0.65,,-5.34,-2.61,-3.9,10.97,6.79,-5.21,-73.3,155.34,-4.68,-0.6,6.78,0.53,0.43,1.34,0.43,3.72,0.43,97.74,9.16,,
MP,2026-08-29,Basic Materials,Other Industrial Metals & Mining,10000000000.0,,68.34,,24.02,5.11,,-3.5900000000000003,-2.0,-1.83,14.510000000000002,-16.71,-14.56,107.2,4651.16,,-13.01,15.45,0.4,0.4,9.51,8.56,,18.64,79.01,20.16,,
MPC,2026-08-29,Energy,Oil & Gas Refining & Marketing,103580000000.0,12.7,10.66,0.42,0.68,5.47,8.03,47.88,9.89,16.84,10.7,8.44,5.58,364.26,-30.34,25.68,,13.89,1.8,1.66,1.25,0.89,1.1,0.31,80.09,2.33,,
MPT,2026-08-29,Real Estate,REIT - Healthcare Facilities,2440000000.0,,44.66,,2.4,0.54,10.77,-0.68,-0.21,-0.24,69.3,57.35,-3.1,124.55,-18.92,,,-4.89,2.16,1.87,0.78,0.78,8.8,17.94,61.51,29.49,,
MPWR,2026-08-29,Technology,Semiconductors,61740000000.0,76.98,34.98,1.02,18.86,15.85,105.43,21.9,18.45,20.41,55.2,28.720000000000002,24.41,54.31,30.98,34.34,29.77,27.0,0.0,0.0,4.98,3.62,0.6,3.55,99.68,3.88,,
MRCY,2026-08-29,Industrials,Aerospace & Defense,5320000000.0,,39.83,1.17,5.41,3.52,82.0,-2.0,-1.15,-1.5,24.63,2.13,-3.02,57.38,33.26,34.08,,1.26,0.33,0.33,2.96,1.85,,1.34,110.49,8.39,,
MRK,2026-08-29,Healthcare,Drug Manufacturers - General,366000000000.0,118.58,15.55,2.86,5.52,8.73,22.79,6.98,2.57,3.41,72.43,18.81,4.79,-69.39,247.17,5.44,21.23,9.34,1.29,1.22,1.32,1.1,2.3,0.1,83.06,0.99,,
MRNA,2026-08-29,Healthcare,Biotechnology,55090000000.0,,,,24.73,8.14,,-39.0,-27.43,-39.41,12.57,-149.01,-141.43,-16.56,41.67,26.61,-29.93,19.33,0.19,0.18,2.29,2.18,,8.51,79.87,14.46,,
MRP,2026-08-29,Real Estate,REIT - Residential,4720000000.0,10.68,9.4,,6.21,0.87,0.9,8.12,5.39,5.71,,85.11,62.6,27.32,4.83,,,,0.43,0.42,0.09,0.09,10.31,8.04,85.94,4.38,,
MRSH,2026-08-29,Financial,Insurance Brokers,91930000000.0,23.57,16.89,1.96,3.29,6.06,19.28,25.72,6.7299999999999995,11.19,,24.29,14.23,7.16,9.15,8.6,16.42,9.45,1.47,1.34,1.14,1.14,1.96,0.1,94.53,1.55,,
MRTN,2026-08-29,Industrials,Trucking,1170000000.0,92.65,21.87,,1.37,1.53,1085.8,1.6500000000000001,1.3,1.65,5.18,0.88,1.47,42.86,118.89,,-23.85,0.21,0.0,0.0,2.5,2.5,1.67,29.39,75.93,5.9,,
MRVL,2026-08-29,Technology,Semiconductors,189710000000.0,71.33,32.4,0.62,20.07,10.25,109.65,16.52,10.97,11.05,51.42,16.81,27.93,47.81,59.29,52.32,,22.51,0.3,0.29,3.17,2.62,0.11,0.52,82.52,3.26,,
MS,2026-08-29,Financial,Capital Markets,337310000000.0,17.35,15.72,1.2,2.62,3.17,7.87,17.95,1.33,3.97,,20.1,15.17,26.31,5.92,13.09,9.56,17.76,4.69,3.37,1.4,,2.0,24.09,63.85000000000001,1.17,,
MSA,2026-08-29,Industrials,Security & Protection Services,7340000000.0,23.67,18.97,1.78,3.77,5.26,20.73,23.66,12.19,15.41,48.33,22.3,16.13,15.55,9.49,10.67,17.57,6.82,0.46,0.45,3.24,2.02,1.13,6.370000000000001,92.0,2.79,,
MSCI,2026-08-29,Financial,Financial Data & Stock Exchanges,41490000000.0,31.22,25.39,1.82,12.45,,26.3,,24.75,35.46,77.19,55.66,40.74,14.13,13.98,13.94,17.11,13.08,,,0.89,0.89,1.44,3.63,95.55,1.53,,
MSEX,2026-08-29,Utilities,Utilities - Regulated Water,1100000000.0,22.58,21.12,2.87,5.35,2.12,,9.77,3.5000000000000004,5.21,40.23,29.220000000000002,23.22,12.85,4.01,7.36,1.54,6.58,0.84,0.76,0.5,0.41,2.46,2.59,84.74,4.57,,
MSFT,2026-08-29,Technology,Software - Infrastructure,3813240000000.0,28.62,21.87,1.2,11.49,8.62,56.93,34.04,19.42,24.22,67.94,46.78,40.31,14.14,19.04,18.29,17.38,14.57,0.29,0.25,1.23,1.22,0.76,1.58,76.67,0.94,,
MSGS,2026-08-29,Communication Services,Entertainment,9380000000.0,1252.3,,,8.13,,162.23,,0.48,0.94,27.47,2.68,0.67,-316.55,-133.27,,,22.65,,,0.5,0.5,,34.48,68.52,8.26,,
MSI,2026-08-29,Technology,Communication Equipment,80430000000.0,38.28,25.39,2.27,6.57,30.1,30.04,91.98,11.97,18.51,49.31,25.290000000000003,17.44,15.09,8.12,11.19,18.67,9.52,3.6,3.32,1.08,0.84,0.95,0.38,91.78,1.88,,
MSM,2026-08-29,Industrials,Industrial Distribution,6660000000.0,28.84,21.97,1.2,1.7,4.69,30.27,16.59,9.3,15.06,40.81,8.8,5.91,22.7,17.59,18.36,-4.6,3.38,0.39,0.08,1.55,0.72,2.93,18.31,84.72,4.21,,
MTB,2026-08-29,Financial,Banks - Regional,34270000000.000004,12.53,11.26,1.03,2.59,1.35,9.46,10.72,1.4,7.29,,28.809999999999995,21.69,13.81,8.91,10.93,11.33,16.66,0.65,0.49,0.33,,2.6,0.37,93.47,3.9,,
MTCH,2026-08-29,Communication Services,Internet Content & Information,27500000000.0,14.68,12.88,0.9,7.84,,24.09,,17.91,21.35,71.47,28.15,20.17,16.9,16.0,14.36,2.63,7.84,,,1.72,1.72,1.58,0.78,108.39000000000001,4.96,,
MTD,2026-08-29,Healthcare,Diagnostics & Research,28020000000.0,31.48,27.09,2.6,6.78,2185.35,32.43,,25.61,44.02,58.35,28.410000000000004,21.91,10.76,9.08,10.4,11.04,5.47,164.74,159.49,1.12,0.78,,0.74,106.23,3.62,,
MTDR,2026-08-29,Energy,Oil & Gas E&P,6980000000.0,9.68,6.9,0.56,1.82,1.18,,12.809999999999999,5.84,7.13,45.69,35.62,18.85,32.53,7.03,12.32,,33.72,0.71,0.71,0.65,0.62,2.7,7.3,97.75,12.2,,
MTG,2026-08-29,Financial,Insurance - Specialty,6360000000.0,9.68,9.13,4.45,5.32,1.28,9.0,13.919999999999998,10.95,12.51,,76.96,59.20000000000001,2.14,5.82,2.05,19.5,0.24,0.13,0.13,3.02,,2.23,1.51,100.55000000000001,3.89,,
MTH,2026-08-29,Consumer Cyclical,Residential Construction,4630000000.0,14.85,11.77,1.74,0.86,0.92,11.15,6.38,4.3,4.77,18.03,7.139999999999999,6.11,-21.81,21.64,6.76,2.91,5.41,0.38,0.37,11.04,1.71,2.7,3.45,104.27,7.16,,
MTN,2026-08-29,Consumer Cyclical,Resorts & Casinos,5060000000.0,32.24,22.61,,1.79,9.17,29.14,21.04,2.66,4.11,30.98,16.14,5.38,-42.63,45.33,-1.71,25.47,8.59,5.9,5.71,0.91,0.79,6.260000000000001,1.63,130.74,16.81,,
MTRN,2026-08-29,Basic Materials,Other Industrial Metals & Mining,4950000000.0,55.39,28.65,,2.36,4.98,153.06,9.46,4.99,6.05,15.5,6.19,4.3,27.63,19.49,,36.67,8.72,0.51,0.5,2.94,1.29,0.24,1.83,98.05,2.43,,
MTSI,2026-08-29,Technology,Semiconductors,20260000000.0,85.32,31.29,0.74,17.41,13.15,99.27,17.18,11.61,14.99,55.02,18.11,20.7,58.86,53.79,42.12,-1.16,12.78,0.27,0.04,2.34,1.78,,6.87,96.69,3.42,,
MTUS,2026-08-29,Basic Materials,Steel,811160000.0,110.63,14.77,,0.66,1.17,,1.17,0.72,1.15,8.2,0.61,0.66,131.76,54.52,,53.91,6.87,0.02,0.01,1.75,0.88,,15.289999999999997,86.84,4.92,,
MTX,2026-08-29,Basic Materials,Specialty Chemicals,2240000000.0,,10.29,,1.04,1.45,18.65,-4.21,-1.94,-2.69,24.52,13.37,-3.1300000000000003,9.51,15.84,,,5.38,0.62,0.62,1.43,1.0,0.74,1.45,102.46,3.07,,
MTZ,2026-08-29,Industrials,Engineering & Construction,19350000000.0,38.39,19.21,0.54,1.2,5.48,79.06,15.39,4.93,7.77,10.05,5.21,3.07,42.63,34.31,35.55,2.97,17.73,0.93,0.83,1.4,1.37,,21.63,75.13,8.35,,
MU,2026-08-29,Technology,Semiconductors,1053569999999.9999,21.12,6.0,0.03,11.67,10.46,40.26,66.64,47.5,47.38,72.6,65.75,55.91,785.02,111.8,173.61,26.19,11.76,0.06,0.06,3.42,2.98,0.06,0.36,80.57,2.67,,
MUR,2026-08-29,Energy,Oil & Gas E&P,5110000000.0,17.66,12.08,0.37,1.71,0.97,16.68,5.65,2.94,4.06,28.87,21.61,9.82,115.6,-0.15,33.01,,8.96,0.43,0.38,0.85,0.8,3.91,5.95,89.01,8.06,,
MUSA,2026-08-29,Consumer Cyclical,Specialty Retail,9250000000.0,15.32,16.28,1.64,0.43,11.82,17.08,86.39,12.72,17.64,5.49,4.39,2.87,40.24,-11.45,9.95,13.01,11.47,3.53,3.47,0.92,0.54,0.5,8.9,83.89,4.23,,
MWA,2026-08-29,Industrials,Specialty Industrial Machinery,3810000000.0,17.27,15.16,1.97,2.57,3.4,21.19,21.68,12.06,14.14,37.86,20.95,15.02,19.77,2.5,7.7,21.8,8.2,0.4,0.4,4.64,3.08,1.15,0.9000000000000001,97.63,3.17,,
MXL,2026-08-29,Technology,Semiconductors,5600000000.0,,22.9,0.19,9.84,11.55,1691.39,-21.32,-12.31,-16.62,55.74,-11.6,-18.24,464.52,54.03,120.2,-3.21,-0.46,0.31,0.29,1.78,1.15,,6.04,82.82,5.05,,
MYRG,2026-08-29,Industrials,Engineering & Construction,4580000000.0,27.93,20.38,0.62,1.14,6.08,23.71,24.71,10.14,20.58,12.37,5.52,4.13,61.99,18.44,32.83,16.7,10.23,0.09,0.06,1.4,1.4,,1.87,100.66,4.32,,
MZTI,2026-08-29,Consumer Defensive,Packaged Foods,3130000000.0,16.46,15.88,5.47,1.62,2.98,15.2,18.64,12.93,14.87,24.65,11.54,9.91,-1.41,7.42,2.9,6.21,5.64,0.24,0.22,1.56,0.67,3.61,30.219999999999995,71.81,10.84,,
NABL,2026-08-29,Technology,Information Technology Services,791520000.0,,9.69,1.31,1.49,0.98,11.18,-0.66,-0.38,-0.43,76.28,2.57,-1.0,-0.32,11.18,7.4,-34.58,10.93,0.54,0.53,1.28,1.28,,64.51,40.34,6.77,,
NATL,2026-08-29,Technology,Software - Application,3420000000.0,17.94,8.63,0.52,0.77,7.36,21.77,48.16,3.42,5.91,25.46,12.45,4.44,16.14,11.74,16.68,,,6.33,6.15,1.03,0.83,,1.6099999999999999,96.68,6.02,,
NAVI,2026-08-29,Financial,Credit Services,887200000.0,,9.79,,0.3,0.37,2.61,-1.9799999999999998,-0.1,-0.12,92.41,78.94,-1.6399999999999997,316.31,27.69,,,-2.83,18.49,16.73,0.9,0.9,6.77,1.7500000000000002,105.08999999999999,11.87,,
NBHC,2026-08-29,Financial,Banks - Regional,1840000000.0,17.34,10.49,,2.85,1.1,12.64,6.45,0.86,4.88,,18.73,15.1,7.84,19.09,,0.05,10.67,0.21,0.2,0.04,,3.11,7.84,93.06,4.31,,
NBIX,2026-08-29,Healthcare,Drug Manufacturers - Specialty & Generic,15660000000.0,22.57,15.79,0.41,4.64,4.24,19.29,22.09,15.259999999999998,17.23,97.48,23.9,20.91,50.67,38.63,38.86,2.31,22.29,0.11,0.11,1.87,1.75,,1.15,101.2,4.53,,
NBTB,2026-08-29,Financial,Banks - Regional,2680000000.0,12.62,11.35,,2.82,1.38,10.91,11.42,1.33,10.2,,29.359999999999996,22.59,9.14,8.96,,6.99,12.86,0.24,0.08,0.08,,2.98,1.41,68.84,4.03,,
NCLH,2026-08-29,Consumer Cyclical,Travel Services,7650000000.0,10.52,9.74,,0.75,2.97,,36.73,3.34,4.38,31.819999999999997,15.810000000000002,7.490000000000001,-26.29,9.87,-0.79,,50.33,6.21,5.75,0.2,0.17,,1.11,104.78,15.94,,
NDAQ,2026-08-29,Financial,Financial Data & Stock Exchanges,55510000000.0,28.94,21.25,1.4,6.38,4.66,28.45,16.54,6.819999999999999,9.39,57.02,30.78,22.6,18.72,13.12,15.23,10.65,7.98,0.78,0.75,1.01,1.01,1.2,21.6,76.11,2.11,,
NDSN,2026-08-29,Industrials,Specialty Industrial Machinery,18080000000.0,32.84,25.11,2.36,6.07,5.53,24.97,17.76,9.29,11.42,55.28999999999999,26.93,18.63,16.14,8.67,10.64,14.81,5.65,0.56,0.49,1.82,1.18,1.03,5.76,78.93,2.86,,
NE,2026-08-29,Energy,Oil & Gas Drilling,7310000000.0,49.47,19.9,0.27,2.38,1.63,33.0,3.2799999999999994,2.01,2.35,16.55,12.64,4.88,-2.83,253.11,74.17,,27.79,0.42,0.42,1.91,1.91,4.37,20.09,83.81,11.68,,
NEE,2026-08-29,Utilities,Utilities - Regulated Electric,170720000000.0,18.36,18.63,2.14,6.08,2.99,56.01,17.23,4.31,5.96,35.8,26.76,33.12,8.63,9.0,8.7,17.36,9.21,1.93,1.73,0.53,0.44,3.02,0.3,87.19,2.39,,
NEM,2026-08-29,Basic Materials,Gold,134850000000.0,16.16,11.99,0.61,5.33,3.85,13.86,25.53,15.24,21.12,56.39999999999999,53.98,33.98,37.67,12.5,19.75,12.75,14.12,0.16,0.16,2.55,2.01,0.8100000000000002,0.11,81.88,1.79,,
NEO,2026-08-29,Healthcare,Diagnostics & Research,2320000000.0,,53.37,0.93,3.03,2.94,,-6.329999999999999,-3.7800000000000002,-4.22,41.74,-7.03,-6.77,52.27,85.08,57.44,,10.35,0.57,0.56,3.6,3.34,,1.8799999999999997,113.66000000000001,12.6,,
NEOG,2026-08-29,Healthcare,Medical Devices,2540000000.0,,28.44,2.21,2.92,1.21,79.72,-0.38,-0.22999999999999998,-0.27,36.38,-1.73,-0.91,-3.13,32.26,12.86,,13.19,0.39,0.39,3.82,2.91,,0.98,109.81999999999998,4.6,,
NEU,2026-08-29,Basic Materials,Specialty Chemicals,8410000000.0,19.69,,,3.07,4.58,17.76,25.019999999999996,12.67,15.64,31.489999999999995,20.04,15.740000000000002,,,,12.52,6.27,0.51,0.5,2.25,1.23,1.28,17.09,65.86,6.92,,
NFG,2026-08-29,Energy,Oil & Gas Integrated,7890000000.0,11.54,10.92,3.41,3.34,2.01,35.48,19.58,7.15,9.01,40.86,36.82,28.6,5.44,4.31,3.2,,9.09,0.91,0.91,3.2,3.07,2.63,1.43,84.08,5.49,,
NFLX,2026-08-29,Communication Services,Entertainment,340280000000.0,25.75,21.43,0.98,6.98,11.29,30.51,49.54,24.47,31.11,49.53,30.25,27.99,42.21,5.98,21.84,32.98,12.61,0.55,0.46,1.14,1.14,,0.72,84.69,2.19,,
NGVT,2026-08-29,Basic Materials,Specialty Chemicals,2390000000.0,46.04,11.48,0.8,2.06,51.05,15.38,30.070000000000004,1.48,4.92,39.04,24.59,4.77,17.8,12.81,14.42,,-0.8,26.36,23.03,1.61,1.15,,1.31,102.46,3.69,,
NHC,2026-08-29,Healthcare,Medical Care Facilities,3490000000.0,25.03,,,2.25,3.11,23.8,13.08,9.05,12.35,53.410000000000004,-7.51,9.04,,,,23.0,9.68,0.03,0.01,1.86,1.83,1.16,18.99,65.99,5.96,,
NHI,2026-08-29,Real Estate,REIT - Healthcare Facilities,3540000000.0,20.85,22.43,5.19,8.13,2.21,15.78,10.92,5.89,5.85,52.55,45.3,38.27,29.39,-17.8,4.32,-6.14,3.07,0.81,0.81,3.93,3.93,5.16,2.42,78.39,4.53,,
NI,2026-08-29,Utilities,Utilities - Regulated Gas,19460000000.0,21.49,18.0,1.93,2.83,2.03,,9.78,2.52,3.58,59.160000000000004,27.02,13.170000000000002,8.13,9.7,9.31,,7.25,1.82,1.63,0.5,0.41,2.96,0.37,98.61,2.8,,
NIC,2026-08-29,Financial,Banks - Regional,3600000000.0,19.51,12.7,,5.08,1.59,20.77,8.91,1.27,6.52,,34.41,21.77,19.37,15.34,,11.39,21.3,0.04,0.04,0.11,,0.8199999999999998,8.79,63.29,4.95,,
NJR,2026-08-29,Utilities,Utilities - Regulated Gas,5440000000.0,14.84,15.68,4.1,2.43,2.06,,14.45,4.79,6.09,24.49,24.49,16.37,8.56,-4.29,3.82,14.21,0.81,1.47,1.28,0.66,0.45,3.58,0.56,80.45,3.58,,
NKE,2026-08-29,Consumer Cyclical,Footwear & Accessories,58750000000.0,18.87,18.17,4.31,1.27,3.95,26.9,22.14,8.29,13.27,43.14,8.77,6.7,-17.61,25.97,4.22,-10.02,0.84,0.74,0.58,1.96,1.36,4.12,20.88,66.45,5.86,,
NLY,2026-08-29,Real Estate,REIT - Mortgage,17370000000.0,5.77,7.38,6.71,2.25,1.14,19.59,19.48,2.31,5.43,99.87,105.32,36.02,5.98,0.94,1.1,,35.16,7.38,2.21,0.04,0.04,12.78,0.2,61.14000000000001,2.71,,
NMIH,2026-08-29,Financial,Insurance - Specialty,3370000000.0,8.81,8.22,1.52,4.61,1.25,7.87,15.43,10.52,12.66,,73.24,54.1,7.09,3.49,5.42,18.26,10.27,0.15,0.15,3.39,,,2.21,99.98,2.63,,
NNN,2026-08-29,Real Estate,REIT - Retail,8770000000.0,22.5,21.68,12.25,9.2,1.97,13.02,8.72,4.1,4.22,67.0,61.44,40.28,-0.9,2.68,1.77,11.14,6.99,1.12,1.04,0.11,0.11,5.33,0.8699999999999999,100.36,3.22,,
NOC,2026-08-29,Industrials,Aerospace & Defense,77510000000.0,17.3,17.91,2.32,1.81,4.33,21.26,26.96,8.97,13.16,20.06,10.72,10.48,9.87,5.23,7.71,8.86,2.66,0.95,0.91,1.15,1.05,1.78,0.25,85.71,1.73,,
NOG,2026-08-29,Energy,Oil & Gas E&P,2740000000.0,,6.8,,1.27,1.37,,-22.05,-8.43,-10.3,33.57,29.64,-22.54,-12.15,-5.75,-5.1,,45.25,1.37,1.37,0.8,0.8,7.71,3.17,103.61,19.75,,
NOV,2026-08-29,Energy,Oil & Gas Equipment & Services,7480000000.0,80.58,16.53,0.3,0.87,1.21,13.31,1.5,0.84,1.13,21.42,6.909999999999999,1.1,134.83,38.64,54.76,,7.56,0.37,0.36,2.42,1.61,2.11,0.71,103.69999999999999,7.28,,
NOVT,2026-08-29,Technology,Scientific & Technical Instruments,5380000000.0,90.89,32.56,,5.22,3.33,47.49,5.11,3.38,3.34,41.9,11.65,6.0,12.26,18.23,,2.97,10.67,0.18,0.14,4.57,3.79,,0.75,120.21,12.78,,
NOW,2026-08-29,Technology,Software - Application,149630000000.0,90.42,28.84,1.43,10.16,11.95,32.67,14.24,6.22,8.9,74.77,13.58,11.34,16.01,23.24,20.17,70.18,24.05,0.68,0.5,0.65,0.65,,0.9000000000000001,84.29,2.85,,
NPK,2026-08-29,Industrials,Aerospace & Defense,1090000000.0,25.48,,,2.0,2.65,41.21,10.9,8.82,10.19,16.17,9.33,7.86,,,,-7.05,7.38,0.02,0.02,5.22,0.97,0.66,26.47,66.22,5.79,,
NPO,2026-08-29,Industrials,Specialty Industrial Machinery,6330000000.0,145.82,27.46,1.69,5.17,3.99,37.89,2.86,1.7500000000000002,2.04,42.78,15.47,3.6000000000000005,21.22,13.53,16.21,,1.26,0.37,0.36,2.28,1.43,0.43,0.67,100.47,2.19,,
NRG,2026-08-29,Utilities,Utilities - Independent Power Producers,23360000000.0,29.39,10.03,0.61,0.71,5.56,67.12,23.77,2.65,3.17,12.97,5.47,2.36,10.14,24.61,16.55,14.08,27.88,4.83,4.51,0.97,0.89,1.7399999999999998,4.65,96.26,3.05,,
NSC,2026-08-29,Industrials,Railroads,78320000000.0,29.77,24.3,3.06,6.25,4.82,48.02,16.97,5.9,8.17,32.11,32.11,21.0,3.95,10.5,7.93,10.22,4.47,1.02,0.98,0.83,0.73,1.55,0.1,78.12,3.25,,
NSIT,2026-08-29,Technology,Electronics & Computer Distribution,4570000000.0,22.78,11.74,0.73,0.53,2.86,11.52,13.11,2.09,6.83,22.1,5.74,2.45,26.67,6.0,16.11,32.83,30.33,1.09,0.92,1.18,1.15,,1.36,104.63,4.08,,
NSP,2026-08-29,Industrials,Staffing & Employment Services,2040000000.0,,19.84,0.44,0.3,32.5,10.54,-18.5,-0.75,-2.97,12.25,-0.04,-0.22999999999999998,105.24,27.63,45.23,,9.7,7.84,7.84,1.11,1.11,4.48,6.78,112.18999999999998,8.37,,
NSSC,2026-08-29,Industrials,Security & Protection Services,1260000000.0,29.49,19.32,,6.25,6.62,21.35,23.93,19.49,21.93,59.209999999999994,30.47,21.27,2.81,11.25,,23.42,12.15,0.03,0.03,4.9,4.19,1.6399999999999997,3.72,101.37,7.98,,
NTAP,2026-08-29,Technology,Software - Infrastructure,36700000000.0,29.42,18.64,1.54,5.3,27.13,19.64,106.73000000000002,11.83,31.57,70.59,24.45,18.43,10.96,11.2,12.08,14.47,3.84,2.02,1.99,1.41,1.36,1.14,0.42,102.03,5.48,,
NTCT,2026-08-29,Technology,Software - Infrastructure,2840000000.0,23.82,13.48,,3.22,1.71,10.88,7.539999999999999,5.42,7.15,74.01,14.88,13.71,10.22,5.98,,37.8,0.67,0.02,0.02,1.81,1.76,,4.75,95.11,4.29,,
NTNX,2026-08-29,Technology,Software - Infrastructure,18700000000.0,13.4,25.7,1.59,6.55,,22.24,37460.21,36.06,68.94,88.67,10.82,52.81,13.94,15.79,16.14,,15.4,2.16,2.11,1.71,1.68,,3.9800000000000004,94.42,4.54,,
NTRS,2026-08-29,Financial,Asset Management,34170000000.0,16.03,14.89,0.89,2.25,2.73,76.74,16.93,1.27,11.82,,13.390000000000002,14.34,27.45,9.35,16.72,9.85,17.81,1.18,0.4,1.55,,1.8000000000000003,1.8000000000000003,86.99,2.0,,
NTST,2026-08-29,Real Estate,REIT - Retail,2089999999.9999998,145.49,47.66,0.61,9.49,1.32,20.78,0.96,0.52,0.47,47.22,36.89,6.32,277.76,42.11,78.27,59.27,42.16,0.9,0.9,236.55,236.55,4.35,0.8699999999999999,149.38,31.01,,
NUE,2026-08-29,Basic Materials,Steel,56830000000.0,19.98,13.23,0.39,1.57,2.57,35.9,13.52,8.07,10.08,15.439999999999998,11.52,7.960000000000001,137.23,3.51,33.58,26.03,10.04,0.32,0.29,2.51,1.36,0.9000000000000001,0.62,82.7,1.56,,
NVDA,2026-08-29,Technology,Semiconductors,5242960000000.0,27.5,14.01,0.22,17.31,22.94,41.28,117.21,83.68,72.42,74.67,65.21,63.66,94.43,67.38,63.38,95.27,66.9,0.17,0.16,4.59,3.85,0.32,3.8,72.02,1.23,,
NVR,2026-08-29,Consumer Cyclical,Residential Construction,17050000000.0,16.59,15.54,3.88,1.83,4.85,16.29,31.540000000000003,20.01,25.69,20.4,13.01,12.22,-17.28,13.99,4.0,13.67,6.51,0.31,0.31,3.38,1.21,,5.1,92.01,4.33,,
NVST,2026-08-29,Healthcare,Medical Instruments & Supplies,4360000000.0,47.13,16.27,1.07,1.53,1.42,17.56,3.06,1.69,2.05,55.86,10.61,3.3300000000000005,28.82,8.79,15.21,6.49,7.11,0.52,0.5,2.43,2.07,,2.35,117.9,6.14,,
NVT,2026-08-29,Industrials,Electrical Equipment & Parts,24030000000.0,41.02,22.77,0.71,4.97,6.03,41.6,15.75,8.51,10.65,36.97,17.4,12.28,53.36,26.92,31.94,,14.27,0.41,0.4,1.8,1.33,0.48,0.97,92.48,1.9,,
NWBI,2026-08-29,Financial,Banks - Regional,2250000000.0,14.71,10.59,,2.39,1.17,16.04,8.57,0.97,6.21,,25.03,16.25,11.7,2.93,,8.22,9.42,0.44,0.28,0.03,,5.22,4.98,71.68,5.1,,
NWE,2026-08-29,Utilities,Utilities - Regulated Electric,4330000000.0,25.3,17.75,3.04,2.56,1.49,,5.94,2.04,2.7,59.19,18.84,10.13,4.99,5.4,5.83,-0.79,6.09,1.24,1.19,0.83,0.58,3.81,0.71,96.53,2.6,,
NWL,2026-08-29,Consumer Defensive,Household & Personal Products,2630000000.0,,9.0,0.75,0.36,1.07,22.27,-8.59,-1.96,-2.98,35.47,8.36,-3.05,33.35,-9.81,11.93,17.8,-5.15,2.26,2.02,1.11,0.59,4.69,1.46,105.45,10.51,,
NWN,2026-08-29,Utilities,Utilities - Regulated Gas,2080000000.0,16.46,15.36,2.96,1.61,1.34,,8.35,2.06,3.14,43.75,35.65,9.75,5.2,4.54,5.19,3.63,10.72,1.73,1.57,0.77,0.55,3.9900000000000007,0.95,81.5,4.31,,
NWS,2026-08-29,Communication Services,Entertainment,17460000000.0,33.92,22.67,1.57,1.93,2.22,21.69,6.619999999999999,3.6900000000000004,5.05,51.5,12.64,6.35,11.96,16.36,14.48,13.03,-0.72,0.34,0.33,1.62,1.51,0.58,79.99,15.039999999999997,5.52,,
NWSA,2026-08-29,Communication Services,Entertainment,17460000000.0,30.15,20.15,1.39,1.93,1.97,21.69,6.619999999999999,3.6900000000000004,5.05,51.5,12.64,6.35,11.96,16.36,14.48,13.03,-0.72,0.34,0.33,1.62,1.51,0.65,33.4,72.25,3.34,,
NX,2026-08-29,Industrials,Building Products & Equipment,891920000.0,,9.24,,0.48,1.23,10.0,-29.75,-11.96,-16.37,20.65,5.24,-13.849999999999998,-28.26,27.42,,,16.63,1.22,1.16,2.28,1.23,1.6500000000000001,8.08,109.03,7.35,,
NXPI,2026-08-29,Technology,Semiconductors,56380000000.0,19.08,12.3,0.58,4.28,4.95,19.88,28.38,11.46,13.92,55.15,28.7,22.56,27.72,20.53,21.06,112.19,7.33,0.96,0.88,2.04,1.36,1.8799999999999997,0.13,98.13,3.71,,
NXRT,2026-08-29,Real Estate,REIT - Residential,604120000.0,,,,2.39,2.43,7.27,-9.78,-1.7000000000000002,-1.73,56.06,11.11,-12.6,-21.43,-32.03,-10.5,,4.18,5.83,5.83,2.6,2.6,9.0,19.04,80.93,7.28,,
NXST,2026-08-29,Communication Services,Broadcasting,5650000000.0,34.98,9.45,0.07,0.96,2.49,7.6,7.339999999999999,1.14,1.19,40.64,18.01,2.83,952.69,-38.56,137.13,-29.63,1.91,5.34,5.17,1.56,1.56,4.04,7.000000000000001,99.96,9.06,,
NXT,2026-08-29,Technology,Solar,12960000000.0,22.14,14.94,0.99,3.57,5.07,23.71,27.22,15.53,22.89,32.99,19.7,16.36,3.71,22.55,15.12,7.19,24.38,0.02,0.02,2.69,2.43,,1.48,105.91999999999999,5.93,,
NYT,2026-08-29,Communication Services,Publishing,10990000000.0,28.44,21.96,2.07,3.69,5.38,17.64,19.72,13.570000000000002,19.19,48.59,16.82,13.19,15.29,9.47,10.62,28.48,9.63,0.0,0.0,1.58,1.58,1.33,2.15,103.97000000000001,7.29,,
O,2026-08-29,Real Estate,REIT - Retail,58650000000.0,45.33,36.61,3.02,9.66,1.48,14.66,3.2199999999999998,1.71,1.82,50.82,45.61,20.88,31.35,10.16,12.11,0.3,27.82,0.83,0.76,0.5,0.5,5.27,0.19,81.32,4.0,,
OC,2026-08-29,Industrials,Building Products & Equipment,11310000000.0,,11.92,1.9,1.15,3.0,12.61,-9.6,-3.15,-7.97,26.51,14.92,-6.81,-16.65,19.61,6.28,-11.88,7.45,1.52,1.23,1.16,0.67,2.16,1.17,106.76999999999998,2.63,,
ODFL,2026-08-29,Industrials,Trucking,41190000000.0,38.23,29.89,1.81,7.35,9.06,36.95,24.82,19.3,23.95,32.3,25.989999999999995,19.44,20.21,14.21,16.55,11.25,6.48,0.0,0.0,1.89,1.89,0.59,11.69,81.95,3.96,,
OFG,2026-08-29,Financial,Banks - Regional,2220000000.0,10.33,10.24,1.63,2.41,1.57,10.93,16.08,1.81,15.47,,27.43,23.99,10.83,0.91,6.29,28.35,8.68,0.41,0.01,0.11,,2.67,0.9399999999999998,98.1,3.57,,
OGE,2026-08-29,Utilities,Utilities - Regulated Electric,9450000000.0,20.03,17.58,2.64,2.92,1.9,34.46,9.7,3.25,4.41,44.81,24.24,14.429999999999998,4.56,7.26,6.65,,8.96,1.17,1.12,0.77,0.47,3.73,0.4699999999999999,80.7,4.87,,
OGN,2026-08-29,Healthcare,Drug Manufacturers - General,3610000000.0,17.63,3.79,1.23,0.59,3.59,6.37,24.04,1.5700000000000003,2.2,53.09,19.41,3.4099999999999997,-8.47,8.36,3.09,-39.04,-1.0,8.5,8.43,1.95,1.44,0.58,0.64,83.4,5.8,,
OGS,2026-08-29,Utilities,Utilities - Regulated Gas,5000000000.0,17.15,15.72,2.27,2.16,1.41,,8.58,3.36,4.9,24.72,20.65,12.47,9.2,3.32,6.94,3.48,9.67,0.96,0.66,0.48,0.3,3.42,1.1,93.78,5.85,,
OHI,2026-08-29,Real Estate,REIT - Healthcare Facilities,13940000000.0,16.43,22.73,10.87,10.79,2.55,16.71,16.24,8.2,8.95,72.24,63.3,65.26,31.31,-20.56,2.09,23.4,6.42,0.75,0.75,2.46,2.46,5.86,0.32,82.62,4.03,,
OI,2026-08-29,Consumer Cyclical,Packaging & Containers,1140000000.0,,4.91,0.67,0.18,2.96,,-142.43,-13.350000000000001,-22.28,14.37,9.79,-18.13,-64.19,162.94,7.37,,1.08,13.02,12.51,1.26,0.77,,1.7500000000000002,105.35,9.19,,
OII,2026-08-29,Energy,Oil & Gas Equipment & Services,5040000000.0,14.57,21.43,1.93,1.75,4.33,21.21,34.9,13.96,18.7,19.82,10.37,12.19,6.22,15.17,11.1,,8.78,0.71,0.61,2.18,1.9,,1.69,105.41,6.31,,
OKE,2026-08-29,Energy,Oil & Gas Midstream,59730000000.0,16.37,15.2,1.76,1.51,2.6,20.56,16.33,5.49,6.81,17.16,16.12,9.22,6.4,8.14,8.62,30.79,31.75,1.44,1.34,0.74,0.59,4.53,0.18,84.19,3.99,,
OKTA,2026-08-29,Technology,Software - Infrastructure,29060000000.0,100.42,38.26,3.24,9.46,4.17,29.68,4.31,3.17,4.21,78.13,7.68,9.63,12.23,10.59,11.81,,28.43,0.01,0.01,1.44,1.44,,4.96,94.83,3.9,,
OLED,2026-08-29,Technology,Electronic Components,3810000000.0,20.08,17.62,4.17,6.28,2.28,17.34,11.51,10.24,11.5,71.89,34.4,32.24,-17.59,12.5,4.22,12.62,8.69,0.01,0.01,8.5,6.25,2.45,8.11,95.88,9.13,,
OLLI,2026-08-29,Consumer Defensive,Discount Stores,4380000000.0,17.89,14.43,1.11,1.6,2.32,20.58,13.780000000000001,8.75,10.03,39.14,12.31,9.13,14.6,13.41,13.01,1.12,7.93,0.38,0.32,2.32,0.66,,0.35,118.33,11.93,,
OLN,2026-08-29,Basic Materials,Chemicals,1950000000.0,,24.63,,0.29,1.14,19.43,-7.59,-1.8399999999999999,-2.76,7.02,0.62,-2.08,-284.52,330.57,,32.25,3.32,1.99,1.95,1.42,0.87,4.67,0.44,100.12,9.77,,
OMC,2026-08-29,Communication Services,Advertising Agencies,24220000000.0,75.67,7.47,0.48,1.08,2.77,10.14,5.52,0.9899999999999999,1.86,17.0,14.3,1.7399999999999998,20.42,13.5,15.59,,5.57,1.18,1.18,0.92,0.92,3.95,0.97,108.98,9.35,,
OMCL,2026-08-29,Healthcare,Health Information Services,1510000000.0,39.12,15.83,1.06,1.21,1.17,10.77,3.06,1.8900000000000001,2.64,44.77,4.73,3.1300000000000003,40.05,-7.88,14.94,-43.0,5.84,0.15,0.15,1.61,1.4,,3.4099999999999997,106.74,7.65,,
ON,2026-08-29,Technology,Semiconductors,28270000000.0,46.75,16.14,0.45,4.56,3.92,18.84,8.31,4.74,5.68,37.13,18.16,10.17,36.12,40.6,35.5,-12.08,2.67,0.65,0.54,3.46,2.49,,0.68,105.32999999999998,7.54,,
ONB,2026-08-29,Financial,Banks - Regional,9890000000.0,11.51,8.94,0.67,2.41,1.18,10.52,10.61,1.22,6.84,,30.14,21.2,17.93,10.92,13.26,5.58,32.85,1.01,0.51,0.04,,2.24,11.56,86.54,5.27,,
ONTO,2026-08-29,Technology,Semiconductor Equipment & Materials,13290000000.0,101.34,23.23,0.56,11.86,6.91,52.64,6.819999999999999,4.54,3.91,49.36,19.84,11.84,64.02,43.83,41.17,34.65,12.55,0.77,0.77,9.73,8.33,,0.63,100.66,5.25,,
OPCH,2026-08-29,Healthcare,Medical Care Facilities,3580000000.0,18.08,11.47,1.09,0.63,2.84,11.78,16.0,6.2,8.39,17.87,5.86,3.6799999999999997,9.29,10.83,10.51,,13.25,1.01,0.98,1.47,0.98,,1.76,106.59999999999998,8.18,,
OPLN,2026-08-29,Consumer Cyclical,Auto & Truck Dealerships,4310000000.0,,20.27,0.95,2.08,2.75,12.4,10.11,3.7699999999999996,8.46,41.45,16.96,-4.11,16.34,19.98,21.43,-42.66,-2.43,1.57,0.37,1.17,1.17,,9.08,88.27,1.98,,
ORA,2026-08-29,Utilities,Utilities - Renewable,6340000000.0,50.48,40.98,3.28,5.33,2.44,,4.98,1.9799999999999998,2.42,27.93,19.35,10.66,14.63,-2.07,12.48,4.18,7.01,1.31,1.01,1.05,1.0,0.4699999999999999,0.34,101.37,9.06,,
ORCL,2026-08-29,Technology,Software - Infrastructure,434520000000.0,25.9,13.78,0.52,6.45,11.57,,54.28000000000001,7.95,8.6,63.34000000000001,33.32,25.21,5.68,35.81,26.6,5.08,10.72,3.94,3.67,1.12,1.12,1.29,40.48,46.19,2.79,,
ORI,2026-08-29,Financial,Insurance - Property & Casualty,10160000000.0,9.21,12.8,6.15,1.05,1.67,7.94,18.57,5.09,13.62,,15.629999999999999,11.71,-5.29,10.16,2.08,14.77,4.98,0.38,0.38,0.68,,3.0,7.919999999999999,77.92,4.13,,
ORLY,2026-08-29,Consumer Cyclical,Auto Parts,71590000000.0,28.14,24.19,2.19,3.85,,33.2,,15.960000000000003,36.31,51.64,19.56,14.27,10.61,11.36,11.04,13.58,8.91,,,0.75,0.13,,0.52,91.01,3.03,,
OSIS,2026-08-29,Technology,Electronic Components,3290000000.0,23.0,15.88,,1.84,3.95,13.43,17.34,6.52,8.29,30.820000000000004,12.93,8.66,10.64,13.6,,17.33,9.26,1.26,1.24,3.15,2.34,,5.64,121.46,13.52,,
OSK,2026-08-29,Industrials,Farm & Heavy Construction Machinery,9510000000.0,17.62,11.01,0.7,0.9,2.1,8.6,12.39,5.54,10.85,15.370000000000001,7.519999999999999,5.24,-0.81,30.59,15.71,16.27,8.73,0.24,0.13,1.72,0.96,1.47,0.8699999999999999,98.31,3.68,,
OSW,2026-08-29,Consumer Cyclical,Leisure,2560000000.0,32.06,19.58,1.37,2.54,4.4,32.77,14.32,11.08,12.05,11.76,9.5,8.02,14.81,13.49,14.34,,51.37,0.16,0.15,2.91,1.93,0.79,3.6900000000000004,108.32,6.92,,
OTIS,2026-08-29,Industrials,Specialty Industrial Machinery,27310000000.0,18.42,15.72,1.99,1.83,,15.95,,14.000000000000002,88.76,30.240000000000002,15.629999999999999,10.17,0.16,12.47,7.92,10.95,2.5,,,0.83,0.75,2.44,0.11,96.91,3.94,,
OTTR,2026-08-29,Industrials,Conglomerates,3810000000.0,19.62,17.4,,2.9,2.03,,10.68,4.84,6.48,26.02,24.64,14.829999999999998,-7.25,-14.07,-15.02,22.83,7.94,0.67,0.6,1.71,1.36,2.53,9.09,70.63,12.79,,
OUT,2026-08-29,Real Estate,REIT - Specialty,5210000000.0,21.61,20.1,0.77,2.7,7.52,17.18,36.19,4.7,5.38,43.32,20.21,12.48,69.54,5.95,26.05,,8.18,5.96,5.56,0.67,0.67,4.24,3.7599999999999993,102.03999999999999,5.0,,
OVV,2026-08-29,Energy,Oil & Gas E&P,17790000000.0,18.06,9.27,0.53,1.85,1.55,7.91,8.41,4.72,5.6,32.82,26.16,9.59,46.0,-4.68,17.48,,9.38,0.44,0.43,1.01,1.01,1.87,0.57,93.73,4.37,,
OXY,2026-08-29,Energy,Oil & Gas E&P,59080000000.0,17.51,15.35,0.69,2.43,1.77,11.12,10.87,5.11,7.33,38.08,23.09,14.029999999999998,177.58,-37.24,22.34,,4.7,0.35,0.34,1.41,1.13,1.72,0.38,84.92,2.27,,
OZK,2026-08-29,Financial,Banks - Regional,5600000000.0,8.16,8.14,1.93,2.02,0.91,7.35,11.33,1.66,9.95,,32.35,24.37,-6.19,4.66,4.21,22.32,18.77,0.11,0.11,0.07,,3.84,0.0,92.78,13.92,,
P,2026-08-29,Technology,Computer Hardware,31050000000.0,128.24,26.35,0.95,7.28,21.51,242.23,17.71,5.48,14.76,69.73,5.26,5.94,34.86,27.52,27.82,,16.81,0.15,0.11,1.44,1.39,,5.14,83.66,2.79,,
PAG,2026-08-29,Consumer Cyclical,Auto & Truck Dealerships,14250000000.0,15.98,14.97,2.88,0.45,2.45,28.66,15.64,4.98,8.66,15.61,3.39,2.81,2.05,6.58,5.2,15.94,9.24,1.61,0.78,0.98,0.21,1.9299999999999997,73.14,28.35,12.13,,
PAHC,2026-08-29,Healthcare,Drug Manufacturers - Specialty & Generic,1530000000.0,15.47,9.78,1.1,1.01,3.96,154.96,29.719999999999995,6.97,8.76,33.61,13.23,6.570000000000001,8.74,9.98,8.87,12.64,12.74,2.05,1.95,2.96,1.27,2.04,48.62,52.66,5.91,,
PANW,2026-08-29,Technology,Software - Infrastructure,302850000000.0,305.66,90.7,7.0,28.55,10.92,79.83,4.83,2.47,2.85,71.05,7.39,7.95,13.12,8.43,12.95,,22.03,0.07,0.07,0.81,0.81,,0.97,84.78,2.78,,
PARR,2026-08-29,Energy,Oil & Gas Refining & Marketing,3950000000.0,4.6,6.52,8.81,0.46,1.96,9.01,54.74,20.33,28.53,14.510000000000002,13.309999999999999,9.94,160.8,-38.67,0.74,,19.02,0.66,0.51,1.84,0.76,,2.8,100.63,9.75,,
PATH,2026-08-29,Technology,Software - Infrastructure,9400000000.0,29.95,20.13,1.5,5.62,4.96,25.06,18.18,11.8,16.58,82.71,6.280000000000001,19.58,8.71,15.17,13.43,,21.53,0.04,0.04,2.2,2.2,,22.26,68.9,29.27,,
PATK,2026-08-29,Consumer Cyclical,Recreational Vehicles,2680000000.0,19.85,15.62,,0.68,2.37,20.97,12.950000000000001,4.68,5.42,20.62,7.02,3.74,-3.57,24.84,,6.83,9.7,1.46,1.4,2.67,0.96,2.22,4.23,112.4,14.73,,
PAYC,2026-08-29,Technology,Software - Application,10560000000.0,25.35,17.09,0.91,4.93,18.49,18.63,41.09,10.56,31.96,74.35,30.3,22.78,30.85,15.47,18.85,26.84,19.51,1.72,1.67,1.02,1.02,0.63,14.27,96.16,6.96,,
PAYO,2026-08-29,Technology,Software - Infrastructure,2410000000.0,51.37,23.56,0.71,2.23,3.69,13.28,7.06,0.6,6.89,78.58,12.47,4.65,11.6,42.35,33.41,,24.96,0.13,0.12,1.0,1.0,,24.31,69.87,5.9,,
PAYX,2026-08-29,Technology,Software - Application,45190000000.0,25.98,19.82,2.7,6.94,12.09,19.46,44.77,10.75,21.1,72.43,45.08,27.029999999999998,8.19,7.51,7.33,10.04,9.93,1.24,1.23,1.26,1.26,3.93,10.33,85.88,6.03,,
PB,2026-08-29,Financial,Banks - Regional,8690000000.0,12.53,9.93,,4.63,0.88,14.72,7.07,1.37,6.69,,40.72,29.98,1.61,25.28,,0.12,6.28,0.33,0.01,0.14,,3.34,3.6699999999999995,74.74,3.3,,
PBF,2026-08-29,Energy,Oil & Gas Refining & Marketing,8449999999.999999,6.3,6.08,,0.25,1.32,10.81,23.55,9.77,15.49,4.39,3.17,3.94,519.2,-32.25,,34.6,14.18,0.39,0.36,1.33,0.67,1.54,14.35,89.31,10.89,,
PBH,2026-08-29,Healthcare,Drug Manufacturers - Specialty & Generic,2490000000.0,14.69,10.22,1.49,2.25,1.3,10.56,9.12,4.3,4.34,51.59,26.26,15.57,4.66,11.97,6.86,3.72,2.91,1.08,1.07,3.23,1.99,,1.47,115.03000000000002,9.15,,
PBI,2026-08-29,Industrials,Integrated Freight & Logistics,2360000000.0,14.02,9.45,0.65,1.26,,5.71,,5.99,15.09,54.08,24.0,10.04,24.07,8.76,14.63,,-11.84,,,0.73,0.69,2.11,1.7500000000000002,88.73,13.0,,
PCAR,2026-08-29,Industrials,Farm & Heavy Construction Machinery,65970000000.0,26.39,17.61,1.09,2.37,3.25,22.27,12.76,5.69,7.15,15.2,10.37,9.0,18.28,20.1,16.11,12.6,8.73,0.72,0.72,2.39,2.0,2.6,1.87,76.22,2.01,,
PCG,2026-08-29,Utilities,Utilities - Regulated Electric,36560000000.0,12.11,9.22,0.98,1.41,1.13,,9.73,2.25,3.3,20.13,20.13,11.83,10.21,8.96,9.45,,6.19,1.91,1.83,1.22,1.15,1.19,0.4699999999999999,100.21,1.63,,
PCRX,2026-08-29,Healthcare,Drug Manufacturers - Specialty & Generic,1030000000.0,74.24,7.47,0.35,1.38,1.53,5.72,2.05,1.05,1.36,71.53,3.7000000000000006,1.96,8.82,19.62,21.3,-45.77,11.07,0.61,0.6,5.04,3.94,,4.21,112.47,19.11,,
PCTY,2026-08-29,Technology,Software - Application,8380000000.000001,31.95,16.31,1.58,4.73,6.89,16.86,21.97,5.82,20.06,68.3,22.14,15.229999999999999,6.26,9.69,10.32,31.39,22.75,0.11,0.1,1.05,1.05,,20.66,87.87,7.21,,
PDFS,2026-08-29,Technology,Software - Application,1890000000.0,177.54,27.52,0.95,7.85,5.04,,3.27,2.26,2.35,69.7,8.15,4.27,37.15,26.29,29.07,57.47,19.99,0.19,0.18,3.41,3.41,,10.84,93.25,6.47,,
PEB,2026-08-29,Real Estate,REIT - Hotel & Motel,2089999999.9999998,,,,1.39,0.86,10.08,-1.8399999999999999,-0.8500000000000001,-1.03,10.9,7.449999999999999,-5.25,66.89,38.26,53.58,22.58,27.21,1.02,0.87,0.12,0.12,0.22,2.57,127.99000000000001,13.25,,
PECO,2026-08-29,Real Estate,REIT - Retail,5510000000.0,36.03,46.62,25.48,7.29,2.11,23.05,6.16,2.68,2.9,36.53,28.910000000000004,19.0,-7.57,1.87,1.83,,6.9,1.09,1.09,182.15,182.15,3.37,42.47,52.59,3.59,,
PEG,2026-08-29,Utilities,Utilities - Regulated Electric,36480000000.0,18.2,15.66,2.1,2.77,2.1,132.17,11.84,3.5000000000000004,5.0,26.85,26.85,15.259999999999998,7.84,6.98,7.46,2.32,5.71,1.42,1.32,0.88,0.67,3.64,0.17,79.93,1.92,,
PEGA,2026-08-29,Technology,Software - Application,5950000000.0,20.43,13.68,1.35,3.42,10.61,12.07,54.69,23.93,52.49,75.48,11.32,18.66,16.74,7.83,10.17,,11.4,0.13,0.1,1.06,1.06,0.32,45.96,58.379999999999995,12.81,,
PEN,2026-08-29,Healthcare,Medical Devices,12670000000.0,79.0,53.71,2.43,8.42,8.28,58.69,11.37,8.8,9.3,66.72,12.45,10.67,22.6,27.22,22.07,,20.16,0.14,0.13,5.75,3.86,,2.91,87.27,4.76,,
PENG,2026-08-29,Technology,Information Technology Services,2540000000.0,35364.28,14.75,0.52,1.69,5.78,,17.17,4.4,8.83,27.92,8.13,5.04,37.62,28.33,28.14,,4.05,1.61,1.27,1.54,1.1,,4.45,121.85,12.95,,
PENN,2026-08-29,Consumer Cyclical,Resorts & Casinos,2330000000.0,,11.85,,0.33,1.25,24.22,-37.4,-6.19,-7.33,28.689999999999998,6.03,-12.659999999999998,114.64,71.69,,-3.14,14.23,5.94,5.65,0.89,0.89,,1.59,105.87,10.47,,
PEP,2026-08-29,Consumer Defensive,Beverages - Non-Alcoholic,192550000000.0,18.5,15.74,3.05,1.99,8.72,20.74,51.59,9.61,16.15,53.98,15.55,10.78,5.08,4.77,5.16,3.25,5.94,2.41,1.93,0.93,0.74,4.14,0.32,82.0,1.73,,
PFBC,2026-08-29,Financial,Banks - Regional,1390000000.0,9.45,9.43,,2.74,1.55,8.4,17.58,1.8000000000000003,11.55,,38.25,26.77,2.96,2.43,,17.47,17.76,0.48,0.48,0.28,,3.11,0.0,78.73,9.3,,
PFE,2026-08-29,Healthcare,Drug Manufacturers - General,159360000000.0,37.02,9.66,,2.5,1.87,14.51,4.99,2.13,2.97,64.83,26.57,6.800000000000001,-7.64,-2.72,-8.27,-3.57,8.48,0.74,0.71,1.27,0.96,6.17,0.09,69.79,2.62,,
PFG,2026-08-29,Financial,Asset Management,23850000000.0,15.81,10.67,0.94,1.52,1.97,4.92,13.23,0.49,9.47,,11.87,9.93,16.23,8.65,11.3,0.8,1.17,0.36,0.36,0.4,,2.97,0.78,81.86,4.15,,
PFGC,2026-08-29,Consumer Defensive,Food Distribution,15890000000.0,44.08,14.82,0.72,0.23,3.21,15.43,7.670000000000001,1.9299999999999997,2.92,10.73,1.37,0.53,24.89,19.72,20.6,49.63,17.42,1.59,1.51,1.51,0.67,,1.82,101.03,2.3,,
PFS,2026-08-29,Financial,Banks - Regional,3070000000.0,9.81,9.04,,2.17,1.05,8.75,11.14,1.25,8.2,,30.47,22.15,10.45,5.57,,9.89,25.93,0.99,0.31,0.02,,4.08,5.9,76.36,4.8,,
PG,2026-08-29,Consumer Defensive,Household & Personal Products,334210000000.0,21.72,19.45,4.58,3.84,6.27,22.06,30.25,12.75,20.69,50.86999999999999,23.86,18.1,1.24,5.98,4.25,3.79,2.72,0.65,0.43,0.68,0.47,3.05,0.07,72.65,1.06,,
PGNY,2026-08-29,Healthcare,Healthcare Plans,1990000000.0,28.24,17.09,0.45,1.52,4.44,11.18,16.24,10.65,16.53,24.57,8.55,6.0,97.87,18.27,37.96,6.78,30.17,0.06,0.05,2.14,2.14,,2.82,104.29000000000002,6.13,,
PGR,2026-08-29,Financial,Insurance - Property & Casualty,127050000000.0,10.96,13.49,,1.4,3.7,7.97,34.94,10.09,28.03,,16.56,12.85,-0.75,-9.6,-4.02,14.75,15.5,0.24,0.22,0.74,,4.24,0.29,90.24,1.03,,
PH,2026-08-29,Industrials,Specialty Industrial Machinery,125420000000.0,34.93,25.72,2.58,5.83,8.14,32.12,25.08,12.09,16.33,37.89,21.95,16.97,8.72,10.12,9.96,16.37,8.42,0.57,0.45,1.26,0.74,0.79,0.21,91.17,0.98,,
PHIN,2026-08-29,Consumer Cyclical,Auto Parts,2520000000.0,19.68,9.95,0.63,0.7,1.63,10.06,8.52,3.49,5.33,21.16,8.82,3.73,20.27,15.71,15.82,,27.49,0.69,0.64,1.81,1.34,1.72,2.36,103.71,9.46,,
PHM,2026-08-29,Consumer Cyclical,Residential Construction,24100000000.0,13.13,11.44,1.9,1.47,1.85,15.62,14.899999999999999,10.64,12.76,25.040000000000003,15.57,11.62,-8.51,10.5,6.02,16.53,9.42,0.19,0.15,5.28,0.48,0.76,0.67,97.78,4.55,,
PI,2026-08-29,Technology,Semiconductors,5200000000.0,,60.66,2.88,13.99,22.43,82.49,-12.869999999999997,-5.17,-6.14,52.28,-1.8000000000000003,-7.26,-0.83,33.97,21.06,30.45,21.05,1.15,0.9,3.28,2.29,,2.93,107.95000000000002,9.96,,
PII,2026-08-29,Consumer Cyclical,Recreational Vehicles,3630000000.0,,18.51,,0.49,4.34,28.27,-25.759999999999998,-4.92,-9.18,19.56,1.76,-3.5000000000000004,30360.23,13.85,,,0.35,2.46,2.39,1.2,0.47,4.22,6.509999999999999,90.5,7.54,,
PINS,2026-08-29,Communication Services,Internet Content & Information,13130000000.0,67.59,9.63,0.51,2.88,4.53,10.26,6.460000000000001,4.9,6.09,79.47,6.27,5.46,22.33,23.04,18.95,,20.06,0.41,0.41,3.81,3.81,,14.77,93.58,9.07,,
PIPR,2026-08-29,Financial,Capital Markets,5340000000.0,17.53,13.75,,2.52,3.72,9.19,23.62,14.34,22.39,93.74,23.06,14.49,4.28,18.86,,42.22,8.74,0.13,0.0,0.82,0.82,2.89,3.47,88.02,4.06,,
PJT,2026-08-29,Financial,Capital Markets,4670000000.0,37.94,20.16,1.58,2.48,14.99,7.06,83.23,12.21,27.83,,21.02,10.58,14.52,13.44,12.78,8.69,10.24,1.34,1.3,2.28,2.28,0.55,2.54,89.65,7.91,,
PK,2026-08-29,Real Estate,REIT - Hotel & Motel,3190000000.0,,27.06,,1.25,1.03,38.4,-5.02,-1.9799999999999998,-2.87,18.34,11.92,-6.45,131.88,28.31,,25.27,24.43,1.33,0.85,0.28,0.28,6.38,8.53,108.28999999999999,18.0,,
PKG,2026-08-29,Consumer Cyclical,Packaging & Containers,21420000000.0,31.25,17.95,1.38,2.25,4.59,28.85,14.790000000000001,6.849999999999999,7.67,20.11,12.629999999999999,7.21,6.7,27.57,13.02,12.11,6.19,0.94,0.92,2.94,1.86,2.2,3.4000000000000004,98.89,3.41,,
PLAB,2026-08-29,Technology,Semiconductor Equipment & Materials,1640000000.0,9.8,13.53,4.8,1.89,1.3,14.8,13.720000000000002,8.82,12.89,40.37,22.47,19.04,0.0,1.99,2.82,34.53,6.85,0.0,0.0,4.94,4.61,,3.93,94.91,7.78,,
PLD,2026-08-29,Real Estate,REIT - Industrial,136060000000.0,31.33,38.55,10.92,14.81,2.45,31.1,7.91,4.24,4.69,44.51,38.58,45.73,2.34,0.18,3.53,12.73,14.64,0.69,0.67,0.89,0.89,3.04,0.27,104.1,1.66,,
PLMR,2026-08-29,Financial,Insurance - Property & Casualty,3460000000.0,17.68,11.64,0.73,3.17,3.51,8.16,22.23,8.13,15.91,,24.87,18.61,28.29,12.11,15.88,96.55,39.05,0.3,0.3,1.2,,0.68,2.68,95.05,3.04,,
PLNT,2026-08-29,Consumer Cyclical,Leisure,4030000000.0000005,18.09,14.58,1.3,2.86,,15.39,,7.77,10.56,39.32,30.95,16.88,5.96,12.42,11.24,,26.63,,,1.56,1.54,,0.57,115.26,8.91,,
PLTR,2026-08-29,Technology,Software - Infrastructure,447670000000.0,159.21,81.64,1.23,72.72,45.8,133.3,38.42,31.679999999999996,30.21,84.8,42.8,49.0,112.65,43.07,66.12,,32.58,0.02,0.02,7.23,6.91,,8.51,62.7,3.11,,
PLUS,2026-08-29,Technology,Software - Application,2280000000.0,18.22,14.66,,0.93,2.13,41.58,12.16,6.94,11.73,24.2,6.88,5.12,1.58,8.77,,11.99,9.47,0.0,0.0,2.02,1.81,1.19,2.14,95.52,5.15,,
PLXS,2026-08-29,Technology,Electronic Components,6420000000.0,35.53,23.83,1.65,1.4,4.2,103.76,12.58,5.5,11.28,9.58,4.53,4.03,16.98,16.28,14.48,9.78,3.53,0.2,0.08,1.49,0.72,,1.4,100.81,3.08,,
PM,2026-08-29,Consumer Defensive,Tobacco,299080000000.0,27.58,21.01,2.13,7.05,,23.51,,15.86,32.1,65.33,37.32,25.55,10.97,9.16,9.85,7.09,7.15,,,0.98,0.55,3.1300000000000003,0.22,85.52,0.84,,
PMT,2026-08-29,Real Estate,REIT - Mortgage,814470000.0,6.54,6.75,0.45,0.43,0.62,,8.94,0.79,1.2,92.54,81.85,6.619999999999999,2.43,36.42,15.1,29.31,3.52,12.37,6.5,0.04,0.04,17.13,1.22,75.09,9.77,,
PNC,2026-08-29,Financial,Banks - Regional,96630000000.0,13.32,11.25,0.87,2.7,1.66,9.9,12.47,1.29,5.89,,26.27,20.32,14.49,13.33,12.91,-0.44,13.2,1.36,1.01,0.11,,3.02,0.36,86.13,1.52,,
PNFP,2026-08-29,Financial,Banks - Regional,15280000000.0,13.88,8.84,0.57,2.94,1.09,10.58,7.6499999999999995,0.89,3.27,,23.36,15.06,21.67,12.27,15.64,14.9,20.59,0.75,0.69,0.09,,1.9799999999999998,1.34,88.57,3.23,,
PNR,2026-08-29,Industrials,Specialty Industrial Machinery,9840000000.0,15.52,11.9,2.74,2.45,2.63,14.63,17.13,9.63,11.87,41.35,21.83,16.24,-5.57,11.51,4.34,13.02,6.71,0.47,0.46,1.45,0.76,1.7500000000000002,0.6,100.46,4.73,,
PNW,2026-08-29,Utilities,Utilities - Regulated Electric,11830000000.0,18.72,17.62,2.66,2.13,1.68,,9.3,2.07,2.94,27.690000000000005,23.19,11.52,-6.61,17.48,6.62,0.73,8.28,2.35,2.09,0.59,0.41,3.7900000000000005,0.18,110.84,6.82,,
PODD,2026-08-29,Healthcare,Medical Devices,10070000000.0,28.77,18.81,0.81,3.3,7.08,34.26,26.02,11.31,15.96,72.16,16.88,12.29,30.84,18.65,23.16,102.14,24.53,0.67,0.65,2.45,1.8,,0.43,106.98,5.35,,
POOL,2026-08-29,Industrials,Industrial Distribution,6830000000.0,17.29,15.91,2.52,1.27,5.42,22.7,31.08,10.7,14.05,29.580000000000002,10.76,7.37,2.35,7.64,6.32,3.86,6.09,1.35,1.25,2.67,0.91,1.9799999999999998,3.51,110.96999999999998,9.98,,
POR,2026-08-29,Utilities,Utilities - Regulated Electric,5830000000.0,21.95,13.86,1.87,1.74,1.39,,6.45,1.95,2.76,35.09,17.28,7.670000000000001,11.31,5.38,7.41,9.83,10.15,1.26,1.26,0.98,0.86,4.37,0.54,106.5,5.68,,
POST,2026-08-29,Consumer Defensive,Packaged Foods,3750000000.0,15.67,11.86,1.91,0.45,1.22,6.78,8.29,2.24,2.74,26.33,10.29,3.4799999999999995,5.84,-5.93,6.22,244.23,7.44,2.48,2.48,1.85,0.99,,15.7,103.52,17.29,,
POWI,2026-08-29,Technology,Semiconductors,2880000000.0,115.29,27.69,0.87,6.4,4.22,36.41,3.62,3.18,3.68,53.64,7.93,5.58,12.0,32.86,31.92,-19.63,-1.91,0.0,0.0,7.07,4.7,1.6500000000000001,1.71,112.55,10.07,,
POWL,2026-08-29,Industrials,Electrical Equipment & Parts,6660000000.0,34.99,26.54,1.43,5.75,8.8,27.29,28.249999999999996,15.590000000000002,25.19,30.010000000000005,19.79,16.49,8.71,27.83,18.53,59.82,16.32,0.0,0.0,1.97,1.82,0.59,21.29,77.4,8.72,,
PPC,2026-08-29,Consumer Defensive,Packaged Foods,7550000000.0,13.86,10.79,,0.41,2.01,24.79,14.57,5.42,8.02,9.51,6.419999999999999,2.96,-52.39,19.37,-13.13,63.8,8.88,0.83,0.81,1.36,0.62,,82.23,20.84,18.15,,
PPG,2026-08-29,Basic Materials,Specialty Chemicals,25390000000.0,16.4,13.2,1.73,1.55,3.01,18.05,19.56,7.02,10.39,37.46,13.22,9.54,4.3,9.43,7.65,9.22,2.79,0.88,0.79,1.58,1.15,2.54,0.11,92.92,2.36,,
PPL,2026-08-29,Utilities,Utilities - Regulated Electric,25740000000.0,20.31,16.15,1.95,2.74,1.71,,8.63,2.85,3.63,28.720000000000002,24.09,13.459999999999999,7.69,8.67,8.28,-3.63,10.56,1.35,1.32,0.91,0.73,3.34,0.21,93.05,4.88,,
PPLI,2026-08-29,Communication Services,Internet Content & Information,2910000000.0,7.13,34.34,,1.39,0.57,35.33,8.24,5.53,6.41,60.13,0.9199999999999999,19.79,522.26,-79.23,,,-2.84,0.28,0.27,3.69,3.69,,17.48,93.1,13.07,,
PR,2026-08-29,Energy,Oil & Gas E&P,19010000000.0,15.07,10.45,0.56,3.31,1.58,17.83,11.51,6.860000000000001,8.19,39.18,35.95,21.52,62.99,4.08,18.83,,54.23,0.26,0.26,0.62,0.62,2.82,8.95,88.54,2.38,,
PRDO,2026-08-29,Consumer Defensive,Education & Training Services,2100000000.0,12.2,10.79,,2.45,2.03,9.64,17.55,13.47,16.46,72.62,24.56,20.63,21.49,5.78,,6.75,4.24,0.05,0.04,4.69,4.68,1.79,2.69,101.64,6.51,,
PRG,2026-08-29,Industrials,Rental & Leasing Services,1560000000.0,10.84,6.94,0.27,0.59,1.93,4.89,17.18,7.23,8.67,35.65,8.5,5.57,40.67,14.18,25.51,,-0.61,1.1,1.1,7.48,3.91,1.43,3.6699999999999995,107.79,6.31,,
PRGO,2026-08-29,Healthcare,Drug Manufacturers - Specialty & Generic,2009999999.9999998,,6.03,,0.48,0.8,16.84,-48.75,-19.24,-29.22,33.32,6.419999999999999,-41.85,-20.0,9.09,-0.67,-53.83,0.8,1.37,1.36,2.32,1.32,7.980000000000001,0.43,117.29,16.05,,
PRGS,2026-08-29,Technology,Software - Infrastructure,1840000000.0,21.62,7.14,2.15,1.83,3.65,6.14,18.57,3.74,4.88,71.41,18.54,8.87,7.68,1.83,3.32,-1.14,17.2,2.62,2.61,0.81,0.81,,2.29,114.4,10.7,,
PRI,2026-08-29,Financial,Insurance - Life,8940000000.0,11.66,10.69,1.16,2.56,3.56,10.35,32.86,6.49,18.72,,31.69,22.76,10.16,7.61,9.2,19.08,8.05,0.68,0.68,2.43,,1.6500000000000001,0.55,95.87,3.65,,
PRIM,2026-08-29,Industrials,Engineering & Construction,3940000000.0,28.77,14.05,5.06,0.54,2.45,44.74,8.89,3.04,5.22,8.62,3.03,1.92,-61.86,142.73,2.78,18.37,16.75,0.8,0.66,1.18,1.15,0.44,1.09,103.39,8.48,,
PRK,2026-08-29,Financial,Banks - Regional,3580000000.0,17.74,14.98,,4.73,2.07,19.95,12.590000000000002,1.68,10.82,,33.59,25.129999999999995,15.32,1.87,,7.35,6.57,0.09,0.02,0.13,,2.53,2.31,53.849999999999994,3.54,,
PRKS,2026-08-29,Consumer Cyclical,Leisure,1930000000.0,16.71,11.36,1.3,1.17,,11.69,,4.97,7.54,34.87,20.67,8.11,0.39,21.7,8.74,,30.95,,,0.48,0.36,0.49,2.76,134.39,13.61,,
PRLB,2026-08-29,Industrials,Metal Fabrication,1910000000.0,63.52,33.4,,3.4,2.76,33.67,4.49,3.9699999999999998,4.4,45.42,7.33,5.44,33.37,7.84,,-14.26,4.18,0.0,0.0,3.64,3.43,,1.52,95.35,2.79,,
PRSU,2026-08-29,Consumer Cyclical,Travel Services,1360000000.0,34.79,26.16,0.66,2.81,2.13,,7.88,4.38,5.31,34.17,16.12,8.54,127.19,4.68,39.68,,1.72,0.45,0.45,1.61,1.47,,25.94,83.33,6.87,,
PRU,2026-08-29,Financial,Insurance - Life,41330000000.0,10.85,8.05,2.05,0.64,1.31,3.77,12.61,0.51,7.09,,7.580000000000001,5.98,-0.53,3.66,3.92,,1.28,1.1,0.75,2.28,,4.67,0.21,65.56,3.69,,
PRVA,2026-08-29,Healthcare,Health Information Services,2660000000.0,96.47,49.85,1.06,1.13,3.36,20.45,3.84,2.04,3.56,9.52,1.9,1.19,43.26,61.72,46.98,-9.67,21.04,0.01,0.01,1.62,1.62,,6.709999999999999,93.18,4.44,,
PSA,2026-08-29,Real Estate,REIT - Industrial,58460000000.0,29.9,30.83,5.23,11.95,11.38,20.43,22.03,10.06,10.92,48.63,45.75,37.74,10.8,1.87,5.89,7.46,10.6,1.11,1.04,0.67,0.67,3.84,9.68,84.47,3.17,,
PSKY,2026-08-29,Communication Services,Entertainment,12210000000.0,,13.31,0.36,0.42,1.04,25.97,-4.36,-1.39,-2.27,28.57,7.85,-2.13,19.43,62.97,37.25,,2.7,1.38,1.32,1.04,0.88,2.02,22.25,29.799999999999997,8.98,,
PSMT,2026-08-29,Consumer Defensive,Discount Stores,5230000000.0,32.55,26.86,1.72,0.92,3.75,70.88,12.06,6.74,9.58,17.63,4.56,2.76,14.73,14.01,15.6,13.55,9.62,0.23,0.18,1.28,0.53,0.8199999999999998,16.52,91.57,8.22,,
PSN,2026-08-29,Technology,Information Technology Services,5230000000.0,33.89,14.46,2.11,0.83,1.99,16.98,6.12,2.66,3.72,21.96,5.4,2.5,-23.18,39.18,6.86,17.69,10.18,0.63,0.61,1.66,1.66,,1.56,103.88,5.11,,
PSX,2026-08-29,Energy,Oil & Gas Refining & Marketing,97370000000.0,13.89,11.01,0.26,0.63,3.09,15.23,24.01,8.98,14.09,7.919999999999999,5.9,4.62,297.98,-13.53,41.76,,15.72,0.65,0.6,1.32,1.0,2.08,0.14,81.29,1.24,,
PTC,2026-08-29,Technology,Software - Application,17050000000.0,15.19,17.68,2.54,5.77,5.01,18.25,35.25,19.32,24.48,82.89,39.78,41.67,2.22,8.67,6.96,40.15,13.44,0.46,0.45,1.02,1.02,,0.34,105.67,5.38,,
PTCT,2026-08-29,Healthcare,Biotechnology,5850000000.0,,26.18,,5.8,,,,-1.3,-8.39,89.0,11.57,-3.8,-83.98,114.77,-14.29,,35.37,,,3.39,3.28,,4.48,119.63999999999999,12.82,,
PTEN,2026-08-29,Energy,Oil & Gas Drilling,4740000000.0,,43.29,,1.01,1.53,26.67,-2.79,-1.6399999999999997,-2.06,4.86,-0.71,-1.92,91.3,1578.88,,43.59,33.83,0.41,0.41,1.75,1.57,3.2199999999999998,2.65,112.79,7.86,,
PTGX,2026-08-29,Healthcare,Biotechnology,9340000000.0,139.17,,,33.12,11.09,71.52,10.98,10.34,9.77,99.45,20.69,29.4,322.46,-108.61,,-1.26,9.96,0.01,0.01,21.71,21.71,,5.42,114.42000000000002,12.73,,
PTON,2026-08-29,Consumer Cyclical,Leisure,2390000000.0,49.55,16.88,0.59,0.98,,6.33,,3.02,4.21,51.34000000000001,8.71,2.58,122.84,3.49,28.56,,-9.47,,,2.84,2.58,,7.86,90.05,15.1,,
PVH,2026-08-29,Consumer Cyclical,Apparel Manufacturing,3490000000.0,24.06,6.01,0.87,0.39,0.71,6.35,3.32,1.44,1.8,57.54,7.53,1.76,5.43,4.84,6.88,,4.64,0.86,0.79,1.68,0.93,0.22,1.79,111.96,9.9,,
PWR,2026-08-29,Industrials,Engineering & Construction,90610000000.0,69.03,30.59,1.06,2.75,9.4,37.89,15.17,5.51,8.6,13.68,6.41,4.03,55.6,17.8,28.85,17.25,20.52,0.69,0.6,1.1,1.05,0.07,1.14,92.45,1.86,,
PYPL,2026-08-29,Financial,Credit Services,45900000000.0,10.14,9.26,1.61,1.34,2.33,6.97,24.5,6.03,15.62,40.86,18.94,14.27,1.47,7.51,5.77,8.84,9.24,0.72,0.58,1.29,1.29,0.63,0.13,79.66,3.95,,
PZZA,2026-08-29,Consumer Cyclical,Restaurants,780900000.0,29.78,17.58,7.2,0.4,,31.69,,3.2199999999999998,6.24,15.689999999999998,4.69,1.34,-16.58,13.1,2.44,-6.79,2.52,,,0.83,0.71,4.01,1.83,114.86000000000001,17.13,,
Q,2026-08-29,Technology,Semiconductor Equipment & Materials,25160000000.0,43.06,22.36,1.0,4.83,3.47,30.5,6.4399999999999995,4.36,5.0,42.3,21.71,11.25,35.9,18.12,22.26,,,0.62,0.61,2.01,1.5,0.2,0.2,79.51,1.99,,
QCOM,2026-08-29,Technology,Semiconductors,172440000000.0,19.0,16.08,5.11,3.91,6.27,16.56,33.75,16.5,22.9,54.230000000000004,23.5,21.01,-12.17,-3.39,3.15,2.08,13.48,0.55,0.46,2.02,1.26,2.21,0.74,82.78,3.19,,
QDEL,2026-08-29,Healthcare,Medical Devices,1010000000.0,,10.22,,0.38,0.57,,-45.91,-17.34,-23.49,37.68,-1.16,-39.21,-63.55,86.7,-4.28,,10.42,1.73,1.51,1.39,0.76,,1.18,121.53,22.08,,
QLYS,2026-08-29,Technology,Software - Infrastructure,6470000000.0,32.4,22.07,2.72,9.17,11.53,20.61,38.59,19.92,34.02,83.56,35.04,29.28,10.75,8.23,8.12,19.39,13.07,0.09,0.08,1.38,1.38,,1.07,108.37,11.86,,
QNST,2026-08-29,Communication Services,Advertising Agencies,1090000000.0,13.69,10.26,0.48,0.85,3.35,8.56,28.65,14.099999999999998,20.41,11.27,3.2,6.280000000000001,25.2,17.61,21.18,26.73,17.47,0.24,0.23,1.22,1.22,,7.71,94.35,8.25,,
QRVO,2026-08-29,Technology,Semiconductors,8359999999.999999,21.98,11.79,1.33,2.29,2.41,12.87,11.56,6.69,7.95,48.47,18.17,10.95,9.26,5.04,8.86,-10.54,-1.74,0.45,0.45,3.54,2.68,,1.27,97.16,5.78,,
QTWO,2026-08-29,Technology,Software - Application,4059999999.9999995,46.71,18.86,0.86,4.8,6.31,19.04,14.980000000000002,7.82,13.61,56.99000000000001,10.44,10.87,13.87,18.76,21.99,,14.56,0.06,0.05,0.8,0.8,,3.2099999999999995,109.47,7.87,,
R,2026-08-29,Industrials,Rental & Leasing Services,9430000000.0,20.21,13.88,0.79,0.74,3.27,13.72,16.6,3.03,5.4,19.35,8.18,3.82,13.57,20.75,17.59,,8.51,2.94,2.15,0.65,0.65,1.46,3.65,91.99,2.23,,
RAL,2026-08-29,Technology,Electronic Components,6830000000.0,,18.65,1.42,3.12,4.45,20.83,-53.900000000000006,-27.750000000000004,-45.95,46.87,12.61,-56.38000000000001,6.25,15.77,13.17,,,0.75,0.75,1.52,1.0,0.25,0.56,103.43,3.36,,
RAMP,2026-08-29,Technology,Software - Infrastructure,2290000000.0,15.59,9.58,,2.76,2.35,11.47,16.05,12.31,15.46,70.82,12.920000000000002,18.57,38.99,24.88,,,12.91,0.03,0.02,2.66,2.66,,4.36,101.44,7.95,,
RBA,2026-08-29,Industrials,Specialty Business Services,15930000000.0,36.92,17.9,2.16,3.29,2.86,26.31,8.08,3.93,4.68,35.06,17.81,9.0,9.13,10.12,8.3,5.57,27.23,0.75,0.71,1.31,1.22,1.53,0.22,99.97,7.39,,
RBC,2026-08-29,Industrials,Tools & Accessories,15850000000.0,49.47,30.06,2.22,8.11,4.58,41.15,9.75,6.419999999999999,7.58,41.96,25.180000000000003,16.4,20.49,11.57,13.52,20.5,25.17,0.25,0.22,2.53,0.98,,1.63,99.44,1.5,,
RCL,2026-08-29,Consumer Cyclical,Travel Services,74940000000.0,17.26,13.73,0.97,4.01,7.3,,45.34,10.58,13.7,39.09,27.089999999999996,23.54,13.68,14.44,14.22,,52.02,2.3,2.14,0.18,0.16,1.91,10.88,86.71,4.48,,
RCUS,2026-08-29,Healthcare,Biotechnology,3720000000.0,,,,31.79,7.99,,-90.82,-46.02,-81.42,92.31,-415.38000000000005,-393.16,-9.48,3.33,10.33,-7.95,26.08,0.25,0.22,3.82,3.82,,33.26,68.69,16.3,,
RDN,2026-08-29,Financial,Insurance - Specialty,4820000000.0,9.35,7.05,1.13,2.93,1.01,3.46,12.03,5.65,9.68,,51.11,32.6,6.41,9.0,6.24,15.63,-3.64,0.26,0.15,1.13,,2.8,1.92,94.55,4.2,,
RDNT,2026-08-29,Healthcare,Diagnostics & Research,5870000000.0,,84.15,1.87,2.59,5.35,81.13,-2.08,-0.55,-0.66,4.63,4.63,-0.93,31.87,72.41,45.04,3.18,13.74,1.99,1.9,1.48,1.48,,10.52,103.98,13.75,,
REG,2026-08-29,Real Estate,REIT - Retail,13830000000.0,25.48,28.96,,8.53,2.07,33.23,8.21,4.3,4.56,44.3,37.27,33.46,-10.95,3.86,-0.6,60.48,7.48,0.8,0.77,1.91,1.91,4.02,0.52,103.29000000000002,3.17,,
REGN,2026-08-29,Healthcare,Biotechnology,81770000000.0,19.63,13.05,0.85,5.26,2.59,21.74,14.04,10.83,12.85,81.46,26.87,27.860000000000003,22.4,12.24,15.36,6.33,11.04,0.09,0.06,3.34,2.78,0.43,3.74,91.68,2.42,,
RELY,2026-08-29,Technology,Software - Infrastructure,5620000000.0,19.11,24.92,0.4,3.11,4.99,16.31,32.25,22.32,26.42,60.03000000000001,10.36,16.85,348.79,-23.43,61.98,,44.79,0.03,0.02,3.18,3.18,,8.69,85.35,7.45,,
RES,2026-08-29,Energy,Oil & Gas Equipment & Services,1420000000.0,63.87,25.2,2.26,0.79,1.28,36.31,1.95,1.47,1.87,13.8,3.1,1.2,-2.4,4.1,11.15,,22.14,0.05,0.03,3.34,2.76,2.5,50.11,42.23,10.43,,
REX,2026-08-29,Basic Materials,Chemicals,1360000000.0,14.73,,,2.07,2.16,29.58,15.909999999999998,12.35,14.46,16.96,11.43,14.09,,,,98.48,11.72,0.03,0.02,6.76,6.35,,13.54,81.19,2.82,,
REXR,2026-08-29,Real Estate,REIT - Industrial,8279999999.999999,,24.34,1.69,8.38,1.12,36.45,-4.78,-3.17,-3.6,45.94,39.41,-40.53,-238.95,227.63,14.4,11.2,24.39,0.45,0.44,1.49,1.49,4.72,0.37,107.33,3.55,,
REYN,2026-08-29,Consumer Cyclical,Packaging & Containers,5070000000.0,14.71,14.32,5.84,1.34,2.19,15.84,15.479999999999999,6.94,8.78,25.120000000000005,14.13,9.11,-1.72,4.22,2.45,-4.22,2.66,0.71,0.7,1.8,0.71,3.81,74.15,31.269999999999996,14.87,,
REZI,2026-08-29,Industrials,Industrial Distribution,2980000000.0,8.68,10.43,2.1,0.39,1.18,,15.2,4.94,6.25,27.940000000000005,8.34,4.56,1.01,-0.08,4.96,,8.06,1.3,1.27,2.22,1.41,,12.590000000000002,88.9,4.95,,
RF,2026-08-29,Financial,Banks - Regional,25840000000.0,12.34,10.64,1.04,2.72,1.48,14.53,11.9,1.39,9.51,,30.03,22.6,13.16,8.09,10.27,17.43,8.44,0.4,0.25,0.1,,3.74,0.3,87.45,5.83,,
RGA,2026-08-29,Financial,Insurance - Reinsurance,16030000000.000002,10.79,8.26,0.67,0.62,1.17,3.08,11.71,1.05,7.77,,8.8,5.8,28.96,1.43,12.25,22.91,10.18,0.42,0.42,,,1.5700000000000003,0.34,100.47,1.27,,
RGEN,2026-08-29,Healthcare,Medical Instruments & Supplies,9950000000.0,240.25,67.19,2.58,12.67,4.71,90.31,1.9900000000000002,1.42,1.49,48.79,9.03,5.29,20.54,27.28,26.02,-4.91,15.05,0.33,0.32,9.05,7.64,,5.57,117.48,11.42,,
RGLD,2026-08-29,Basic Materials,Gold,22270000000.0,28.66,20.31,0.94,14.4,2.93,38397.79,13.55,11.33,9.24,66.77,62.970000000000006,47.7,43.31,23.21,21.57,17.16,15.62,0.05,0.05,2.92,2.68,0.74,0.27,84.77,3.15,,
RH,2026-08-29,Consumer Cyclical,Specialty Retail,2830000000.0,28.84,16.01,0.56,0.82,49.63,12.63,,2.15,2.63,43.59,11.67,3.01,-24.81,97.44,28.65,-8.73,3.84,70.6,67.84,1.11,0.28,,18.17,105.69,32.12,,
RHI,2026-08-29,Industrials,Staffing & Employment Services,4640000000.0,39.43,22.98,0.99,0.88,3.84,21.57,9.11,4.03,8.31,35.39,0.2,2.17,-4.67,55.54,23.18,-13.28,1.03,0.2,0.14,1.46,1.46,4.68,3.7900000000000005,124.44,22.35,,
RHP,2026-08-29,Real Estate,REIT - Hotel & Motel,8820000000.0,31.76,25.24,1.58,3.22,10.78,12.75,35.12,4.42,5.57,21.59,19.87,9.91,11.54,21.85,15.94,,37.49,5.52,5.52,0.98,0.98,3.74,3.1400000000000006,94.18,3.28,,
RITM,2026-08-29,Real Estate,REIT - Mortgage,5630000000.0,16.78,4.28,3.06,0.96,0.82,,5.44,0.95,1.04,87.93,42.32,5.72,-2.1,2.3,1.4,,31.34,4.53,4.04,0.66,0.66,9.92,0.51,60.83,5.79,,
RJF,2026-08-29,Financial,Asset Management,34500000000.0,15.63,12.56,0.78,2.03,2.71,17.56,18.46,2.57,12.98,88.12,18.58,13.55,13.96,17.55,16.0,21.52,14.17,0.46,0.4,1.98,1.98,1.2,10.55,80.89,4.75,,
RL,2026-08-29,Consumer Cyclical,Apparel Manufacturing,21080000000.0,22.32,16.86,1.36,2.52,7.75,20.2,37.54,12.76,17.95,67.69,16.67,11.76,14.05,11.0,12.35,,13.02,1.1,1.01,2.04,1.42,1.08,38.4,67.68,7.82,,
RLI,2026-08-29,Financial,Insurance - Property & Casualty,5900000000.0,13.52,23.42,,2.98,3.37,11.42,25.16,8.22,21.21,,28.660000000000004,22.17,-17.55,-4.01,-6.9,20.32,13.86,0.18,0.18,0.31,,5.74,1.41,96.13,8.64,,
RMBS,2026-08-29,Technology,Semiconductors,9300000000.0,39.25,22.86,0.98,12.3,6.34,31.05,17.79,15.560000000000002,16.17,74.46,35.95,31.69,21.43,23.63,23.44,,23.5,0.01,0.01,9.75,9.08,,0.9399999999999998,93.76,5.06,,
RMD,2026-08-29,Healthcare,Medical Instruments & Supplies,34670000000.0,23.03,18.07,1.99,6.13,5.26,21.02,24.27,17.77,21.39,60.25,34.01,26.94,8.31,9.9,9.09,26.34,12.08,0.13,0.08,3.1,2.42,1.1,0.95,72.99,8.96,,
RNG,2026-08-29,Technology,Software - Application,5790000000.0,55.26,12.4,1.0,2.24,,10.17,,7.380000000000001,16.05,72.02,7.429999999999999,4.27,15.45,11.13,12.44,,16.27,,,0.87,0.87,0.32,13.34,104.07,9.76,,
RNR,2026-08-29,Financial,Insurance - Reinsurance,13740000000.0,5.68,8.04,2.07,1.24,1.25,3.81,22.9,5.24,18.3,,40.36,23.09,10.42,-4.76,3.89,29.62,19.9,0.2,0.2,0.72,,0.5,2.33,98.02,3.09,,
RNST,2026-08-29,Financial,Banks - Regional,3760000000.0,12.31,10.46,,2.4,0.97,9.53,8.21,1.17,6.73,,26.75,20.04,82.75,3.85,,6.93,14.91,0.29,0.21,0.18,,2.32,2.01,91.01,4.79,,
ROCK,2026-08-29,Industrials,Building Products & Equipment,1340000000.0,,9.37,0.74,0.93,1.51,31.49,6.24,2.82,-6.67,25.45,10.94,-10.43,-1.96,25.67,12.62,,1.92,1.54,1.54,1.46,0.91,,1.43,106.05,4.93,,
ROG,2026-08-29,Technology,Electronic Components,2240000000.0,72.23,28.21,0.83,2.69,1.87,27.09,2.6,2.16,2.55,32.44,9.01,3.75,56.9,18.67,33.8,,0.2,0.02,0.02,3.99,3.03,,1.21,101.64999999999999,3.44,,
ROIV,2026-08-29,Healthcare,Biotechnology,25070000000.0,,,,3329.59,5.93,,-6.21,-5.15,-6.15,43.37,-18146.12,-3534.96,-150.36,5.16,11.26,34.68,-19.07,0.03,0.02,16.72,16.72,,27.440000000000005,76.4,5.84,,
ROK,2026-08-29,Industrials,Specialty Industrial Machinery,47850000000.0,40.38,29.09,1.78,5.33,13.7,31.81,34.47,10.76,18.94,49.18,14.45,13.36,25.49,12.11,16.38,-2.65,5.68,1.03,0.81,1.08,0.74,1.26,0.21,92.64,3.25,,
ROKU,2026-08-29,Communication Services,Entertainment,23400000000.0,67.36,41.27,0.37,4.49,8.29,46.27,13.119999999999997,8.02,11.07,45.5,5.25,6.819999999999999,372.84,36.96,111.78,,21.65,0.17,0.14,2.86,2.77,,11.84,78.62,7.98,,
ROL,2026-08-29,Consumer Cyclical,Personal Services,17500000000.0,33.02,28.57,3.14,4.46,12.24,28.27,37.01,16.27,24.28,49.06,18.91,13.55,4.81,11.47,9.11,15.44,11.72,0.78,0.53,0.59,0.54,2.05,35.08,60.91,4.23,,
ROP,2026-08-29,Technology,Software - Application,42150000000.0,17.66,17.51,1.76,5.09,2.25,16.07,13.07,7.32,8.55,69.53,27.97,30.240000000000002,11.09,9.53,9.95,9.58,10.24,0.61,0.57,0.55,0.51,0.84,0.38,106.21000000000001,5.21,,
ROST,2026-08-29,Consumer Cyclical,Apparel Retail,73310000000.0,27.63,25.34,1.71,2.99,11.64,26.28,42.63,17.45,25.35,31.3,13.750000000000002,10.85,28.16,6.49,14.85,93.97,12.67,0.7,0.56,1.61,0.98,0.78,2.17,95.89,2.98,,
RPM,2026-08-29,Basic Materials,Specialty Chemicals,13610000000.0,20.65,15.83,1.53,1.73,4.11,20.15,21.26,8.17,11.4,41.44,12.48,8.38,8.52,12.26,10.33,5.96,5.19,0.89,0.74,1.68,1.16,2.14,1.35,86.05,2.91,,
RRC,2026-08-29,Energy,Oil & Gas E&P,9690000000.0,11.44,10.61,0.65,2.96,2.06,14.24,19.45,11.72,15.16,38.0,32.08,26.280000000000005,36.43,-4.54,16.24,,10.95,0.22,0.2,0.65,0.65,0.93,1.56,102.71999999999998,8.07,,
RRR,2026-08-29,Consumer Cyclical,Resorts & Casinos,5980000000.0,20.16,19.28,0.88,2.98,19.69,31.0,90.22,4.02,4.48,51.35999999999999,28.58,8.43,48.02,8.9,21.94,,11.21,21.25,21.04,0.68,0.63,3.1400000000000006,21.06,91.01,7.3,,
RRX,2026-08-29,Industrials,Specialty Industrial Machinery,10480000000.0,32.43,12.12,0.82,1.73,1.52,22.74,4.76,2.34,2.79,37.99,12.12,5.35,10.08,22.32,14.8,-1.99,15.34,0.69,0.68,2.28,1.16,0.79,0.54,108.11999999999999,4.41,,
RS,2026-08-29,Basic Materials,Steel,19790000000.0,22.54,16.75,1.06,1.25,2.67,36.68,12.21,8.25,9.58,26.450000000000003,7.88,5.65,62.33,-0.03,15.81,19.85,10.16,0.27,0.26,4.3,2.27,1.28,0.45999999999999996,83.28,1.9,,
RSG,2026-08-29,Industrials,Waste Management,68010000000.00001,31.46,27.5,3.35,4.03,5.65,25.64,18.15,6.38,8.5,30.260000000000005,20.02,12.94,3.65,10.98,8.2,17.78,10.32,1.19,1.14,0.64,0.62,1.15,36.84,60.97,2.18,,
RSI,2026-08-29,Consumer Cyclical,Gambling,3050000000.0,89.07,31.43,0.74,2.23,16.48,16.81,20.72,4.78,16.29,31.86,10.09,2.33,67.54,35.56,42.21,,32.43,0.08,0.06,2.12,2.12,,3.34,109.43,6.57,,
RTX,2026-08-29,Industrials,Aerospace & Defense,285330000000.0,37.28,26.78,2.29,3.05,4.3,25.01,12.02,4.54,7.76,20.35,10.68,8.28,15.2,9.09,11.72,,9.35,0.59,0.5,1.01,0.78,1.35,0.1,82.33,0.96,,
RUN,2026-08-29,Technology,Solar,2109999999.9999998,5.9,20.35,,0.61,0.6,,12.619999999999997,1.82,2.23,32.12,2.46,11.65,-26.02,-65.89,,,26.24,4.36,4.2,1.42,1.0,,3.51,111.84,27.97,,
RUSHA,2026-08-29,Consumer Cyclical,Auto & Truck Dealerships,5950000000.0,23.01,16.57,0.84,0.82,2.54,11.5,11.83,5.66,9.46,18.72,5.13,3.6699999999999995,13.91,23.54,19.66,19.13,9.44,0.64,0.2,1.45,0.38,1.0,22.52,83.36,7.49,,
RVTY,2026-08-29,Healthcare,Diagnostics & Research,14370000000.0,61.17,21.89,2.55,4.94,1.99,25.75,3.2099999999999995,1.94,2.38,48.19,15.45,8.18,5.84,9.87,8.57,-20.4,-5.47,0.46,0.38,1.8,1.5,0.22999999999999998,0.48,104.45,5.78,,
RXO,2026-08-29,Industrials,Trucking,3610000000.0,,35.92,,0.59,2.4,,-6.79,-3.15,-4.92,16.42,-0.22999999999999998,-1.72,401.61,405.65,,,11.33,0.48,0.42,1.27,1.27,,0.78,110.57,8.9,,
RYAN,2026-08-29,Financial,Insurance - Specialty,11220000000.0,64.39,18.17,1.61,3.48,10.46,22.77,17.69,0.88,2.34,,20.48,3.07,10.24,11.75,11.3,-6.16,24.67,7.47,7.3,1.0,1.0,1.17,12.65,97.37,12.41,,
RYN,2026-08-29,Real Estate,REIT - Specialty,6100000000.0,45.24,33.14,5.2,6.3,1.17,25.12,2.02,1.38,1.07,24.22,14.940000000000001,7.829999999999999,-26.81,47.42,6.37,10.22,,0.36,0.36,3.56,2.18,5.18,2.35,93.96,4.01,,
SABR,2026-08-29,Technology,Software - Infrastructure,887880000.0,1.34,14.04,,0.31,,,,-1.76,23.97,56.18,13.63,25.14,0.0,491.67,,,15.74,,,1.02,1.02,,20.47,86.18,10.75,,
SAFE,2026-08-29,Real Estate,REIT - Diversified,1090000000.0,9.5,9.05,43.11,2.63,0.45,29.46,4.83,1.59,1.62,90.61,75.76,28.07,-1.35,4.31,0.21,,3.63,1.94,1.94,,,4.66,31.04,66.66,6.8,,
SAFT,2026-08-29,Financial,Insurance - Property & Casualty,1520000000.0,22.3,15.35,,1.19,1.74,8.66,7.84,3.09,7.34,,6.49,5.33,-17.96,42.11,,-6.11,8.6,0.07,0.07,0.65,,3.55,2.22,76.37,3.05,,
SAH,2026-08-29,Consumer Cyclical,Auto & Truck Dealerships,2520000000.0,12.7,10.42,1.3,0.16,2.46,,20.62,3.44,6.61,14.66,3.29,1.37,4.83,10.51,8.02,,9.18,4.56,2.12,1.01,0.25,2.0,65.94,46.28,19.45,,
SAIA,2026-08-29,Industrials,Trucking,9400000000.0,33.97,24.89,1.09,2.77,3.44,36.81,10.77,7.739999999999999,9.37,10.75,10.75,8.19,24.57,24.68,22.75,12.85,12.16,0.1,0.09,1.58,1.58,,0.33,107.15,5.19,,
SAIC,2026-08-29,Technology,Information Technology Services,5330000000.0,14.17,11.45,2.25,0.73,3.81,8.83,27.66,7.68,9.95,12.509999999999998,7.76,5.55,-5.32,8.08,5.09,16.68,0.58,1.88,1.86,1.16,1.16,1.19,0.93,86.44,6.48,,
SAM,2026-08-29,Consumer Defensive,Beverages - Brewers,1880000000.0,,17.78,4.48,0.98,2.64,9.15,-8.61,-5.55,-9.51,48.88,5.41,-3.64,-8.85,14.28,3.97,-8.62,2.47,0.04,0.03,1.05,0.81,,27.74,86.16,19.0,,
SANM,2026-08-29,Technology,Electronic Components,10400000000.0,34.72,13.93,0.37,0.81,4.06,17.5,12.7,4.12,6.51,8.98,5.49,2.41,100.3,15.15,37.5,17.69,3.15,0.95,0.85,1.78,1.06,,5.55,92.46,3.05,,
SARO,2026-08-29,Industrials,Aerospace & Defense,8279999999.999999,25.75,16.63,0.53,1.31,3.01,37.83,12.3,4.86,6.15,13.489999999999998,9.75,5.12,42.92,26.77,31.32,,14.89,0.93,0.91,2.13,1.59,,25.679999999999996,89.13,7.3,,
SBAC,2026-08-29,Real Estate,REIT - Specialty,20260000000.0,20.56,22.71,,7.06,,42.9,,8.8,21.91,63.74999999999999,53.7,34.51,-21.49,9.29,-1.53,115.18,6.21,,,0.17,0.17,2.62,0.74,102.03999999999999,3.01,,
SBCF,2026-08-29,Financial,Banks - Regional,3330000000.0,21.87,12.4,0.7,3.22,1.22,15.92,5.85,0.84,3.89,,24.52,14.429999999999998,38.58,8.7,17.7,1.78,21.99,0.43,0.31,0.04,,2.23,1.86,91.51,5.15,,
SBH,2026-08-29,Consumer Cyclical,Specialty Retail,1550000000.0,8.61,7.39,0.84,0.42,1.79,6.42,23.53,6.83,8.66,52.06000000000001,8.55,5.16,8.77,8.35,8.84,13.82,1.04,1.74,1.55,2.37,0.57,,1.38,122.56,21.6,,
SBRA,2026-08-29,Real Estate,REIT - Healthcare Facilities,5270000000.0,79.24,26.72,3.06,6.13,1.91,13.92,2.4,1.21,1.21,37.4,18.8,7.62,-19.84,50.35,8.73,-0.96,5.48,0.96,0.96,2.05,2.05,5.83,1.92,104.28,9.86,,
SBSI,2026-08-29,Financial,Banks - Regional,950280000.0,12.55,9.83,,2.21,1.08,7.5,8.99,0.89,6.87,,21.26,17.64,42.29,-1.34,,-1.5,8.27,1.86,0.25,0.16,,4.53,5.02,57.42,2.93,,
SBUX,2026-08-29,Consumer Cyclical,Restaurants,122950000000.0,62.19,34.21,1.65,3.21,,33.76,,6.4,16.54,16.53,10.01,5.17,22.69,20.62,20.76,15.7,9.59,,,0.76,0.54,2.33,0.22,87.92,3.28,,
SCHL,2026-08-29,Communication Services,Publishing,738870000.0,16.62,16.13,,0.47,0.97,295.55,6.68,3.01,5.07,52.68000000000001,1.52,3.58,-14.44,50.94,,,4.0,0.56,0.49,1.23,0.78,2.57,25.920000000000005,92.06,10.73,,
SCHW,2026-08-29,Financial,Capital Markets,190500000000.0,20.03,13.99,0.6,6.49,4.33,,20.27,2.07,13.96,85.03,49.7,33.1,33.42,21.21,23.43,17.02,17.98,0.74,0.44,1.16,1.16,1.15,5.78,85.55,1.03,,
SCI,2026-08-29,Consumer Cyclical,Personal Services,11360000000.0,21.75,18.13,1.86,2.6,7.41,21.23,34.71,2.89,8.09,26.030000000000005,22.42,12.3,8.84,9.73,9.76,5.7,4.18,3.45,3.32,0.53,0.49,1.68,2.17,97.36,3.84,,
SCL,2026-08-29,Basic Materials,Specialty Chemicals,1420000000.0,,16.98,,0.59,1.18,38.93,-0.22,-0.11,-0.18,11.81,3.32,-0.11,47.8,37.17,,-17.78,4.52,0.58,0.24,1.15,0.77,2.51,5.0,87.97,3.19,,
SCSC,2026-08-29,Technology,Electronics & Computer Distribution,1140000000.0,15.48,10.71,,0.35,1.25,10.01,8.68,4.2,7.78,12.85,3.18,2.44,9.92,13.29,,15.37,0.47,0.12,0.11,1.76,1.15,,2.58,108.49,5.2,,
SDGR,2026-08-29,Healthcare,Health Information Services,1470000000.0,,,,5.69,4.48,,-16.18,-8.18,-12.92,56.87,-59.24,-20.98,-13.66,11.6,13.73,-28.1,18.81,0.33,0.28,2.71,2.71,,15.39,84.22,18.05,,
SEDG,2026-08-29,Technology,Solar,1930000000.0,,32.94,,1.45,4.69,21.47,-58.42,-11.28,-33.54,22.08,-9.97,-20.29,85.16,369.95,,,-4.09,0.99,0.96,2.03,1.38,,1.7500000000000002,96.91,20.78,,
SEIC,2026-08-29,Financial,Asset Management,13400000000.0,19.7,15.91,1.04,5.46,5.36,19.73,29.220000000000002,23.76,27.68,85.33,29.48,28.809999999999995,23.66,10.57,15.26,13.4,6.44,0.03,0.02,5.06,5.06,0.96,18.39,76.54,1.85,,
SEZL,2026-08-29,Financial,Credit Services,4179999999.9999995,26.99,18.59,0.61,7.86,17.94,12.76,88.84,40.0,45.5,74.65,40.39,30.349999999999998,46.12,27.26,30.32,,50.26,0.52,0.52,4.02,4.02,,49.99,44.65,24.76,,
SF,2026-08-29,Financial,Capital Markets,12270000000.0,14.54,10.83,0.73,1.83,2.31,16.71,16.43,2.25,12.04,87.47,21.25,13.699999999999998,23.58,15.07,14.85,7.16,10.65,0.51,0.32,1.49,1.49,1.67,3.54,92.31,2.95,,
SFBS,2026-08-29,Financial,Banks - Regional,4720000000.0,14.73,11.89,,4.56,2.39,10.17,17.34,1.8000000000000003,15.74,,38.08,30.95,22.47,13.04,,10.1,19.54,0.83,0.03,0.1,,1.76,6.54,74.58,5.06,,
SFM,2026-08-29,Consumer Defensive,Grocery Stores,7600000000.0,15.61,13.64,1.87,0.84,5.09,21.39,35.2,12.39,14.68,36.89,7.490000000000001,5.58,4.7,7.41,7.3,16.89,6.36,1.4,1.28,0.99,0.43,,0.74,112.36,10.83,,
SFNC,2026-08-29,Financial,Banks - Regional,3280000000.0,,10.31,0.81,5.32,0.94,6.6,-9.94,-1.36,-9.09,,-74.6,-56.67,18.0,7.77,12.75,,-8.92,0.38,0.1,0.13,,3.7900000000000005,1.31,82.22,4.2,,
SGI,2026-08-29,Consumer Cyclical,"Furnishings, Fixtures & Appliances",14820000000.0,25.66,17.77,0.94,1.95,4.19,19.27,17.57,4.64,5.85,44.65,13.52,7.000000000000001,12.76,19.0,18.88,-9.69,8.68,1.99,1.82,0.75,0.37,1.06,3.72,106.80000000000001,6.8,,
SHAK,2026-08-29,Consumer Cyclical,Restaurants,2990000000.0,73.67,50.06,4.73,1.93,5.18,,7.6499999999999995,2.13,2.79,17.85,5.45,2.56,-14.43,23.59,10.58,,22.55,1.75,1.61,1.67,1.64,,4.82,91.27,10.14,,
SHC,2026-08-29,Healthcare,Diagnostics & Research,5500000000.0,33.89,17.93,1.58,4.52,8.26,50.09,27.779999999999998,5.01,5.62,53.97,36.9,13.44,14.49,9.16,11.33,,7.3,3.41,3.37,2.8,2.53,0.05,2.11,103.05,4.34,,
SHEN,2026-08-29,Communication Services,Telecom Services,689840000.0,,,,1.88,0.8,,-5.09,-2.37,-2.83,28.71,-4.49,-12.23,-24.08,26.28,17.41,,10.14,0.85,0.84,0.81,0.81,0.88,11.31,65.77,5.12,,
SHO,2026-08-29,Real Estate,REIT - Hotel & Motel,2109999999.9999998,50.49,49.87,0.53,2.1,1.29,21.48,2.74,1.7500000000000002,1.85,19.63,9.72,4.18,641.35,-23.39,93.54,,29.08,0.52,0.52,6.54,6.54,3.18,1.49,106.11,6.53,,
SHOO,2026-08-29,Consumer Cyclical,Footwear & Accessories,3240000000.0,22.18,15.95,0.58,1.18,3.45,14.44,16.16,7.68,11.39,44.75,9.03,5.23,28.9,26.6,27.28,,16.09,0.4,0.34,1.91,1.13,1.28,2.32,101.44999999999999,4.78,,
SHW,2026-08-29,Basic Materials,Specialty Chemicals,83720000000.0,31.79,25.4,2.62,3.43,21.72,26.05,65.12,10.28,18.41,48.26,16.53,11.01,5.83,12.25,9.7,6.86,5.12,3.9,2.79,0.73,0.46,0.8699999999999999,6.36,86.17,2.82,,
SIG,2026-08-29,Consumer Cyclical,Luxury Goods,3250000000.0,11.6,6.7,0.58,0.48,1.73,5.73,15.93,5.23,10.34,38.79,7.19,4.29,12.68,14.07,11.52,,5.45,0.64,0.49,1.6,0.46,1.67,2.05,111.26,13.3,,
SIGI,2026-08-29,Financial,Insurance - Property & Casualty,5510000000.0,11.47,10.59,1.47,1.0,1.59,4.47,14.150000000000002,3.5900000000000003,10.9,,12.710000000000003,8.9,9.85,7.66,7.21,12.88,12.77,0.25,0.25,0.39,,1.9299999999999997,0.9000000000000001,89.37,3.15,,
SIRI,2026-08-29,Communication Services,Entertainment,9620000000.0,11.24,8.82,0.56,1.12,0.81,6.21,7.57,3.2300000000000004,4.12,40.4,22.53,10.23,33.13,8.98,15.67,50.12,1.26,0.79,0.79,0.46,0.46,3.7900000000000005,7.690000000000001,84.22,11.28,,
SITM,2026-08-29,Technology,Semiconductors,16780000000.000002,1130.64,37.38,0.44,35.86,14.43,198.55,1.33,0.75,0.6,58.709999999999994,0.19,3.01,251.59,32.65,84.63,-24.12,22.97,1.29,1.29,19.45,18.5,,28.46,76.02,4.54,,
SJM,2026-08-29,Consumer Defensive,Packaged Foods,14140000000.0,62.05,12.1,1.45,1.54,2.46,8.9,3.93,1.35,1.86,35.28,18.69,2.51,17.93,1.34,8.35,,2.49,1.21,1.14,0.87,0.35,3.39,2.23,89.9,4.09,,
SKT,2026-08-29,Real Estate,REIT - Retail,4330000000.0,34.56,31.93,2.81,7.08,6.43,22.04,19.26,4.75,5.54,43.48,30.2,20.59,10.89,7.64,11.37,,8.15,2.9,2.38,0.62,0.62,3.27,2.48,94.75,5.99,,
SKY,2026-08-29,Consumer Cyclical,Residential Construction,4900000000.0,26.4,21.16,1.94,1.83,3.11,18.48,12.18,8.91,12.06,25.47,8.93,7.16,-9.66,22.59,10.89,19.72,13.39,0.08,0.01,2.74,1.97,,1.32,111.16,5.55,,
SKYW,2026-08-29,Industrials,Airlines,3840000000.0,9.83,8.09,0.86,0.92,1.39,13.51,15.340000000000002,5.62,9.17,22.12,14.029999999999998,9.78,4.84,12.63,9.42,,13.79,0.86,0.62,0.57,0.46,,1.96,94.76,4.16,,
SLAB,2026-08-29,Technology,Semiconductors,7290000000.0,,48.49,,8.52,6.66,,-3.63,-3.16,-3.57,59.099999999999994,-2.63,-4.57,216.0,55.03,,,8.96,0.0,0.0,5.41,4.41,,2.24,93.27,8.66,,
SLB,2026-08-29,Energy,Oil & Gas Equipment & Services,85090000000.0,27.83,18.03,2.32,2.34,3.26,17.7,13.37,5.95,8.33,16.81,13.98,8.54,-15.43,28.3,7.76,,8.62,0.49,0.43,1.44,1.05,2.05,0.19,93.71,3.75,,
SLG,2026-08-29,Real Estate,REIT - Office,4400000000.0,,,,4.18,1.38,53.34,-4.43,-1.46,-1.78,33.59,11.15,-18.25,-23.86,27.92,9.56,,-0.4,1.75,1.62,1.0,1.0,4.32,7.470000000000001,94.96,16.62,,
SLGN,2026-08-29,Consumer Cyclical,Packaging & Containers,4450000000.0,16.55,10.28,1.73,0.67,1.87,12.98,11.75,2.84,4.48,17.07,9.59,4.05,2.66,7.21,5.95,-0.52,5.66,2.03,1.54,1.27,0.8,2.0,10.71,91.93,8.86,,
SLM,2026-08-29,Financial,Credit Services,4960000000.0,7.39,7.87,2.59,1.61,2.23,,30.329999999999995,2.53,8.84,73.55,42.43,23.39,-9.86,7.63,3.04,8.97,6.5,2.36,2.36,14.47,14.47,1.7399999999999998,2.16,112.09,9.67,,
SLVM,2026-08-29,Basic Materials,Paper & Paper Products,1450000000.0,19.27,7.09,0.36,0.44,1.52,,7.9399999999999995,2.74,4.12,15.2,5.82,2.31,-58.9,252.75,19.66,-3.39,2.18,1.08,0.93,1.47,0.8,4.95,17.28,84.36,7.49,,
SM,2026-08-29,Energy,Oil & Gas E&P,8710000000.0,7.22,5.0,0.43,1.58,1.11,11.49,16.13,7.180000000000001,6.93,42.41,37.43,18.2,32.1,2.25,11.64,,22.86,0.9,0.85,0.62,0.62,2.65,0.97,98.17,6.2,,
SMCI,2026-08-29,Technology,Computer Hardware,23990000000.0,11.58,6.93,0.38,0.61,2.94,,21.47,10.13,10.54,10.82,7.090000000000001,5.68,19.51,23.27,18.32,73.21,61.48,0.6,0.46,3.87,2.07,,12.91,72.64,16.19,,
SMG,2026-08-29,Basic Materials,Agricultural Inputs,3520000000.0,52.88,12.53,1.07,1.04,,13.36,,5.35,3.81,32.31,15.03,2.19,18.23,9.05,11.66,-18.33,-3.75,,,1.21,0.78,4.42,23.56,87.27,9.47,,
SMP,2026-08-29,Consumer Cyclical,Auto Parts,826810000.0,16.58,7.58,0.93,0.45,1.15,9.48,12.67,4.38,3.81,31.480000000000004,11.02,2.78,5.47,15.17,8.18,-6.07,9.68,0.97,0.87,2.0,0.8,3.51,5.36,83.08,4.49,,
SMPL,2026-08-29,Consumer Defensive,Packaged Foods,966870000.0,,6.46,,0.69,0.68,8.1,-12.2,-8.85,-10.69,31.46,13.79,-14.279999999999998,-14.26,2.84,-2.27,8.87,12.18,0.32,0.31,4.8,3.1,,9.58,98.42,8.3,,
SMTC,2026-08-29,Technology,Semiconductors,12240000000.0,87.19,22.48,0.33,10.42,16.35,68.11,23.66,10.09,13.69,51.96999999999999,12.35,13.119999999999997,103.17,67.97,67.94,,12.03,0.7,0.5,1.7,1.31,,0.53,102.25999999999999,7.76,,
SN,2026-08-29,Consumer Cyclical,"Furnishings, Fixtures & Appliances",26940000000.0,39.07,25.35,1.49,3.9,9.48,33.48,27.529999999999998,13.720000000000002,18.7,48.56,13.88,10.06,23.72,15.5,16.96,15.96,18.37,0.32,0.31,2.08,1.45,,38.55,66.11,7.49,,
SNA,2026-08-29,Industrials,Tools & Accessories,20270000000.0,19.99,18.36,3.26,3.84,3.35,18.29,17.58,12.27,14.76,51.82,25.45,19.6,3.2,7.77,5.63,10.89,5.52,0.22,0.16,3.43,2.64,2.56,2.39,100.86,6.19,,
SNDK,2026-08-29,Technology,Computer Hardware,217430000000.0,20.37,5.75,0.1,10.74,13.78,18.92,91.64,64.43,71.85,71.47,61.58,56.46,197.28,22.55,55.29,,,0.01,0.01,2.29,1.81,,1.5,81.56,5.32,,
SNDR,2026-08-29,Industrials,Trucking,6040000000.0,54.3,20.09,0.37,1.04,1.97,29.05,3.6799999999999997,2.24,3.24,5.22,3.06,1.92,69.29,60.73,55.0,-13.15,4.5,0.13,0.13,2.03,1.94,1.16,70.31,40.0,10.75,,
SNEX,2026-08-29,Financial,Capital Markets,8279999999.999999,17.79,15.51,0.74,0.05,4.34,1.12,21.15,1.16,10.43,2.95,1.6500000000000001,0.32,66.74,1.37,20.96,8.97,19.58,7.05,0.72,0.78,0.76,,12.29,83.97,4.04,,
SNPS,2026-08-29,Technology,Software - Infrastructure,84820000000.0,78.19,25.16,1.49,9.02,2.72,30.87,3.66,2.24,2.64,62.88,12.1,11.44,16.93,16.55,16.93,13.58,13.86,0.35,0.31,1.33,1.23,,5.08,90.82,2.4,,
SNX,2026-08-29,Technology,Electronics & Computer Distribution,20310000000.0,18.17,11.86,0.51,0.29,2.25,54.22,13.019999999999998,3.26,8.98,6.4399999999999995,2.57,1.6099999999999999,43.85,12.86,23.44,-0.52,25.63,0.53,0.4,1.2,0.64,0.76,7.84,93.4,2.41,,
SO,2026-08-29,Utilities,Utilities - Regulated Electric,101520000000.0,21.29,17.91,2.31,3.36,2.57,,12.659999999999998,3.0,4.25,29.220000000000002,24.18,15.43,6.75,7.35,7.74,6.75,7.86,1.95,1.77,0.79,0.58,3.4300000000000006,0.13,74.44,2.84,,
SOLS,2026-08-29,Basic Materials,Specialty Chemicals,10090000000.0,48.21,18.95,0.52,2.46,6.36,,,,5.73,30.620000000000005,16.9,5.13,93.73,16.14,36.67,,,1.53,1.31,1.46,1.08,0.4699999999999999,0.13,84.8,6.08,,
SOLV,2026-08-29,Healthcare,Medical Instruments & Supplies,15510000000.0,11.14,12.49,1.27,1.87,3.23,,33.96,9.78,14.97,55.21,8.48,17.26,17.16,1.92,9.82,1.23,0.47,1.1,1.0,1.02,0.74,,15.039999999999997,76.69,2.4,,
SON,2026-08-29,Consumer Cyclical,Packaging & Containers,5580000000.0,8.71,8.9,1.27,0.75,1.56,15.74,18.93,5.62,8.83,20.87,9.96,8.67,1.92,9.01,6.99,14.2,7.46,1.33,1.05,0.99,0.55,3.8,1.3,100.33000000000001,10.99,,
SONO,2026-08-29,Technology,Consumer Electronics,1810000000.0,34.38,58.85,,1.21,4.6,14.55,14.180000000000001,6.63,12.54,46.52,6.280000000000001,3.82,225.49,-59.38,,-22.55,1.7,0.14,0.12,1.61,1.18,,1.8500000000000003,102.05,6.74,,
SPG,2026-08-29,Real Estate,REIT - Retail,69420000000.0,40.71,31.23,,10.0,15.8,19.15,135.38,12.770000000000001,15.48,57.24,47.39,25.290000000000003,-53.75,4.83,-18.72,6.99,6.7,6.64,5.79,0.51,0.51,4.2,0.98,96.58,2.72,,
SPGI,2026-08-29,Financial,Financial Data & Stock Exchanges,130560000000.0,26.97,21.84,1.97,8.1,4.14,23.43,15.17,7.980000000000001,11.05,63.43,44.58,30.53,6.15,13.28,11.09,8.69,15.56,0.5,0.41,0.95,0.95,0.88,0.29,91.24,2.59,,
SPHR,2026-08-29,Communication Services,Entertainment,5090000000.0,,,,3.75,2.28,14.17,-3.38,-1.87,-2.5,29.4,-1.52,-5.66,-417.97,10.85,,-1.7,9.84,0.41,0.38,1.21,1.18,,24.59,102.08,24.37,,
SPNT,2026-08-29,Financial,Insurance - Reinsurance,2810000000.0,5.91,8.67,1.67,0.86,1.23,11.63,23.08,5.15,17.0,,21.03,15.229999999999999,0.55,8.73,5.19,19.84,29.83,0.31,0.31,0.7,,,12.58,84.03,5.03,,
SPSC,2026-08-29,Technology,Software - Application,3060000000.0,40.99,15.95,1.3,3.96,3.28,15.39,8.26,6.94,8.27,64.93,15.83,10.1,14.85,8.58,12.23,14.36,19.17,0.01,0.01,1.82,1.82,,2.27,108.89999999999999,8.96,,
SPXC,2026-08-29,Industrials,Building Products & Equipment,9950000000.0,34.83,20.45,1.19,4.02,4.24,32.81,14.679999999999998,7.870000000000001,9.96,36.5,17.42,11.58,24.0,15.94,17.17,17.66,14.96,0.26,0.23,1.82,1.21,,3.2400000000000007,95.54,2.94,,
SR,2026-08-29,Utilities,Utilities - Regulated Gas,4880000000.0,9.2,15.01,1.3,1.92,1.36,,6.5,1.8000000000000003,5.87,28.689999999999998,19.71,20.93,-9.35,36.67,11.53,24.93,5.94,2.03,1.61,0.37,0.27,4.0,2.38,91.78,4.55,,
SRE,2026-08-29,Utilities,Utilities - Diversified,55130000000.0,24.43,15.26,1.8,4.14,1.69,,7.08,2.12,3.58,31.22,25.31,16.99,9.01,8.06,8.5,-15.67,3.85,1.12,0.95,1.64,1.62,2.84,0.11,94.4,1.71,,
SRPT,2026-08-29,Healthcare,Biotechnology,2200000000.0,,27.89,,1.12,1.44,34.01,-18.45,-7.75,-10.34,56.58,-3.15,-13.48,145.76,-77.07,,-0.05,32.41,0.68,0.68,4.42,2.62,,4.41,105.86,26.79,,
SSB,2026-08-29,Financial,Banks - Regional,10280000000.0,11.13,10.29,0.75,2.71,1.13,78.32,10.6,1.41,8.94,,33.04,25.06,20.42,8.73,13.72,29.14,26.55,0.23,0.16,0.09,,2.34,1.28,89.32,3.14,,
SSD,2026-08-29,Basic Materials,Lumber & Wood Production,7460000000.0,19.88,18.7,2.14,3.08,3.51,16.0,18.72,12.41,15.0,45.2,19.79,15.65,11.29,6.17,8.74,14.09,12.97,0.21,0.19,3.29,2.14,0.65,0.38,100.73999999999998,2.81,,
ST,2026-08-29,Technology,Scientific & Technical Instruments,5970000000.0,67.76,10.02,1.1,1.59,2.02,10.19,3.08,1.3,1.66,27.38,14.24,2.39,9.93,8.9,9.11,-27.19,4.05,0.83,0.83,2.29,1.58,1.24,1.07,107.15999999999998,4.81,,
STAA,2026-08-29,Healthcare,Medical Instruments & Supplies,1110000000.0,332.48,40.92,,3.26,3.03,,1.09,0.84,0.97,74.76,18.0,1.13,128.43,90.07,,,7.93,0.1,0.08,4.66,4.03,,39.83,73.04,14.55,,
STAG,2026-08-29,Real Estate,REIT - Industrial,7170000000.0,28.51,33.71,,8.14,1.97,74.4,6.98,3.45,3.46,43.86,37.58,28.03,-24.84,0.51,-9.16,2.07,11.82,0.96,0.96,1.78,1.78,4.16,0.14,94.87,3.79,,
STBA,2026-08-29,Financial,Banks - Regional,1760000000.0,13.25,12.47,,3.06,1.25,12.18,9.87,1.42,9.51,,30.65,24.53,12.98,1.27,,45.61,8.41,0.2,0.05,0.05,,2.94,1.46,74.75,6.31,,
STC,2026-08-29,Financial,Insurance - Property & Casualty,2130000000.0,15.34,9.96,0.86,0.65,1.28,14.23,8.69,4.44,5.53,,6.65,4.12,11.62,28.65,11.55,-8.24,5.01,0.46,0.46,1.15,,3.0,2.06,98.37,3.67,,
STE,2026-08-29,Healthcare,Medical Devices,22790000000.0,28.57,19.09,1.95,3.78,3.16,24.62,11.37,7.62,8.97,45.0,19.61,13.34,10.19,9.3,9.81,11.37,13.82,0.28,0.24,1.91,1.35,1.15,0.34,100.01,2.38,,
STEP,2026-08-29,Financial,Asset Management,6070000000.0,,14.78,0.74,2.96,,13.17,-750.11,-9.77,-60.35,63.96000000000001,-53.39,-29.880000000000003,14.76,37.32,20.07,,20.01,,,0.2,0.2,3.56,6.619999999999999,97.03,8.37,,
STLD,2026-08-29,Basic Materials,Steel,33630000000.000004,21.29,12.1,0.38,1.64,3.58,35.2,17.58,9.84,11.82,14.510000000000002,10.01,7.829999999999999,111.02,14.98,31.91,25.23,13.61,0.44,0.44,3.18,1.45,0.9000000000000001,6.79,85.97,2.92,,
STRA,2026-08-29,Consumer Defensive,Education & Training Services,1880000000.0,14.11,10.02,0.58,1.46,1.15,11.15,8.15,6.47,7.79,49.06,15.7,10.46,16.61,17.21,17.17,7.47,4.3,0.07,0.06,1.07,1.07,2.91,3.81,108.79,6.61,,
STRL,2026-08-29,Industrials,Engineering & Construction,14390000000.0,33.91,18.56,0.45,4.19,10.64,29.86,38.54,16.11,25.92,23.0,18.2,12.55,81.98,28.03,41.12,44.26,11.77,0.25,0.23,1.11,1.1,,2.54,87.51,3.62,,
STT,2026-08-29,Financial,Asset Management,53110000000.0,17.05,12.68,0.7,2.44,2.15,,12.43,0.8699999999999999,6.4,,20.24,14.78,32.19,11.74,18.12,8.26,14.1,1.08,0.91,4.29,,1.82,0.48,94.52,1.7,,
STWD,2026-08-29,Real Estate,REIT - Mortgage,5850000000.0,26.56,8.37,1.81,2.89,0.9,8.03,3.38,0.35,0.76,82.98,73.33,10.77,-7.74,21.22,4.62,-0.11,10.58,3.65,3.44,0.39,0.39,12.14,5.8,52.57000000000001,4.92,,
STX,2026-08-29,Technology,Computer Hardware,188060000000.0,59.81,14.7,0.2,15.42,86.84,60.57,371.53,35.39,54.52,45.58,34.65,26.11,131.0,56.81,72.56,20.99,2.69,1.8,1.69,1.67,1.17,0.37,0.3,86.09,3.61,,
STZ,2026-08-29,Consumer Defensive,Beverages - Brewers,16930000000.0,12.47,,,1.87,2.71,9.23,23.51,8.22,10.51,50.6,30.29,20.15,-0.15,,3.81,0.84,1.19,1.28,1.1,0.91,0.48,3.16,12.43,86.73,4.94,,
SUPN,2026-08-29,Healthcare,Drug Manufacturers - Specialty & Generic,2540000000.0,,9.8,0.53,3.06,2.47,135.28,-10.49,-7.82,-10.36,75.83,-7.73,-13.23,-20.71,73.88,18.63,,6.68,0.04,0.03,2.08,1.84,,6.38,102.95,7.62,,
SW,2026-08-29,Consumer Cyclical,Packaging & Containers,25250000000.0,51.35,13.99,0.57,0.81,1.4,24.04,2.74,1.09,1.59,17.93,5.76,1.59,10.24,52.75,24.41,-12.44,26.24,0.79,0.73,1.45,0.96,3.8,0.4699999999999999,100.15,4.03,,
SWK,2026-08-29,Industrials,Tools & Accessories,14770000000.0,23.85,15.32,0.99,0.97,1.65,11.46,6.890000000000001,2.91,4.54,31.47,9.15,4.07,19.83,14.09,15.46,-18.72,2.99,0.53,0.53,1.43,0.55,3.4300000000000006,0.3,100.47,4.42,,
SWKS,2026-08-29,Technology,Semiconductors,9900000000.0,34.08,13.26,,2.47,1.73,22.86,5.09,3.83,4.54,40.71,8.7,7.23,-15.0,-1.57,-0.69,-8.5,4.02,0.12,0.11,3.1,1.94,3.7800000000000002,0.4,124.07999999999998,19.88,,
SWX,2026-08-29,Utilities,Utilities - Regulated Gas,6450000000.0,12.44,18.12,1.06,3.71,1.56,,6.59,2.27,6.89,34.19,28.68,29.830000000000002,16.51,15.61,17.16,7.97,-10.07,0.85,0.83,1.12,0.99,2.87,0.66,93.8,3.2,,
SXI,2026-08-29,Industrials,Specialty Industrial Machinery,3620000000.0,34.43,25.16,,4.06,4.76,56.2,14.29,6.65,7.99,41.65,17.13,11.74,13.96,19.1,,23.85,6.32,0.75,0.73,2.4,1.84,0.45999999999999996,1.9299999999999997,105.60000000000001,5.36,,
SXT,2026-08-29,Basic Materials,Specialty Chemicals,5750000000.0,36.52,27.25,1.25,3.38,4.56,1283.73,13.07,6.9,7.81,34.65,14.05,9.27,20.17,18.58,21.86,4.08,3.89,0.61,0.61,4.39,1.72,1.24,1.3,99.78,3.21,,
SYF,2026-08-29,Financial,Credit Services,25400000000.0,8.0,7.48,0.8,1.34,1.67,2.62,20.79,2.9,12.14,81.4,28.54,18.12,0.78,11.64,9.3,32.48,8.31,0.97,0.72,3.72,3.72,1.6500000000000001,0.54,110.03,5.54,,
SYK,2026-08-29,Healthcare,Medical Devices,126840000000.0,34.26,19.73,1.79,4.91,5.29,26.98,16.51,7.91,9.68,62.970000000000006,24.27,14.429999999999998,10.21,11.58,11.04,14.84,11.84,0.64,0.61,2.16,1.33,1.07,5.9,82.35,1.92,,
SYNA,2026-08-29,Technology,Semiconductors,3720000000.0,,14.46,1.07,3.11,4.0,36.67,-42.23,-20.95,-36.15,45.52,-2.93,-41.0,14.41,25.53,13.53,,-2.22,0.94,0.46,1.12,0.9,,3.07,107.35,7.2,,
SYY,2026-08-29,Consumer Defensive,Food Distribution,39260000000.0,22.42,15.15,1.84,0.46,14.71,20.26,78.11,6.370000000000001,10.8,18.37,4.17,2.08,10.05,6.62,8.22,29.06,10.51,5.61,5.1,1.28,0.77,2.7,0.21,91.2,2.65,,
T,2026-08-29,Communication Services,Telecom Services,178230000000.0,8.6,10.17,0.91,1.4,1.62,10.1,20.05,5.19,8.17,43.71,21.23,16.83,10.33,9.37,11.13,,-6.06,1.47,1.39,0.87,0.83,4.27,0.13,69.3,1.72,,
TALO,2026-08-29,Energy,Oil & Gas E&P,2780000000.0,,21.62,,1.41,1.37,8.61,-17.8,-7.13,-12.09,15.839999999999998,6.280000000000001,-20.46,233.86,-31.43,,16.33,25.32,0.66,0.65,1.61,1.61,,25.52,75.09,7.4,,
TAP,2026-08-29,Consumer Defensive,Beverages - Brewers,7760000000.0,,8.51,,0.7,0.73,5.86,-19.58,-9.01,-14.46,33.76,12.02,-20.81,-12.92,3.19,-1.59,-19.68,2.91,0.78,0.58,0.88,0.72,4.65,15.229999999999999,108.13999999999999,18.04,,
TBBK,2026-08-29,Financial,Banks - Regional,2680000000.0,12.35,8.11,,3.2,3.82,16.75,29.630000000000003,2.57,25.22,,37.46,27.72,21.68,35.3,,29.1,23.92,1.36,0.3,0.02,,,6.13,99.04,8.06,,
TCBI,2026-08-29,Financial,Banks - Regional,4290000000.0,12.83,11.92,1.08,2.11,1.28,9.11,10.19,1.11,8.79,,23.39,17.05,8.32,12.55,11.08,43.43,10.06,0.23,0.14,0.48,,0.61,2.42,107.59999999999998,9.83,,
TDC,2026-08-29,Technology,Software - Infrastructure,2680000000.0,6.06,9.88,1.26,1.58,4.53,3.64,119.12,26.979999999999997,71.12,61.21,7.919999999999999,27.08,4.99,7.5,7.87,3.09,-1.96,0.17,0.09,0.91,0.91,,3.29,132.32,20.77,,
TDG,2026-08-29,Industrials,Aerospace & Defense,65560000000.0,35.96,24.6,1.72,6.55,,34.02,,7.73,8.38,57.38999999999999,46.67,19.09,10.01,17.38,14.27,31.12,11.58,,,3.02,2.01,0.03,1.23,97.3,1.53,,
TDS,2026-08-29,Communication Services,Telecom Services,3620000000.0,12.36,155.63,,2.88,0.95,,10.56,4.9,6.06,31.03,-2.69,25.230000000000004,669.37,-94.16,,,-25.14,0.24,0.23,3.82,3.81,0.49,14.06,92.81,6.02,,
TDW,2026-08-29,Energy,Oil & Gas Equipment & Services,4610000000.0,18.73,15.26,3.64,3.42,3.31,18.16,19.49,11.12,12.1,28.360000000000003,17.77,18.34,-56.46,109.97,4.19,,27.78,0.47,0.46,3.58,3.47,0.21,6.0,117.29,13.81,,
TDY,2026-08-29,Technology,Scientific & Technical Instruments,28830000000.0,30.05,23.27,2.51,4.52,2.64,25.24,9.16,6.41,7.53,39.82,19.43,15.299999999999999,12.41,8.12,9.26,12.23,14.84,0.19,0.19,2.18,1.39,,0.8500000000000001,99.61,2.19,,
TECH,2026-08-29,Healthcare,Biotechnology,11350000000.0,62.46,30.92,2.67,9.34,5.36,43.1,9.03,6.950000000000001,7.63,66.03,22.42,14.97,6.5,13.85,11.56,5.97,5.47,0.14,0.13,4.55,3.35,0.44,0.57,113.83000000000001,4.15,,
TEL,2026-08-29,Technology,Electronic Components,58670000000.0,19.87,15.61,0.87,3.04,4.44,17.7,23.55,11.85,16.06,36.85,21.23,15.61,30.66,13.46,17.95,,7.24,0.43,0.42,1.88,1.23,1.41,0.11,98.2,2.94,,
TER,2026-08-29,Technology,Semiconductor Equipment & Materials,55500000000.0,48.7,30.21,0.53,12.44,16.15,69.38,36.66,26.479999999999997,32.68,59.06,30.879999999999995,25.77,132.49,27.62,57.45,-4.13,0.43,0.03,0.02,2.12,1.39,0.15,0.75,99.66,4.41,,
TEX,2026-08-29,Industrials,Farm & Heavy Construction Machinery,7280000000.0,33.06,10.66,0.93,1.09,1.47,21.49,4.21,1.76,1.91,16.25,7.04,2.17,2.27,18.57,11.52,93.56,12.0,0.55,0.54,1.82,0.93,1.02,1.81,103.54,5.34,,
TFC,2026-08-29,Financial,Banks - Regional,61610000000.0,11.58,10.05,0.74,2.01,1.05,12.03,9.06,1.06,5.39,,22.31,18.07,21.22,8.34,13.53,4.39,4.64,1.11,0.69,0.47,,4.17,0.18,78.82,2.03,,
TFIN,2026-08-29,Financial,Banks - Regional,1720000000.0,48.72,22.73,,3.18,1.87,17.67,4.12,0.56,3.59,,9.29,6.559999999999999,111.61,60.67,,-18.17,6.22,0.12,0.12,0.17,,,5.94,97.21,9.96,,
TFX,2026-08-29,Healthcare,Medical Instruments & Supplies,5920000000.0,,12.75,0.63,2.28,2.04,17.42,-10.51,-5.3,-18.13,60.89,11.02,-39.67,3.22,52.02,20.16,,-4.72,0.99,0.96,2.6,2.12,0.8199999999999998,0.8199999999999998,113.55,11.5,,
TGT,2026-08-29,Consumer Defensive,Discount Stores,74130000000.0,16.93,17.02,1.58,0.69,4.15,16.64,26.41,7.380000000000001,12.41,26.83,5.74,4.08,33.14,-4.9,10.79,-1.21,2.29,1.07,0.98,0.99,0.36,2.53,0.22,89.23,3.03,,
TGTX,2026-08-29,Healthcare,Biotechnology,8260000000.0,19.64,18.84,1.91,10.32,13.67,474.7,100.27999999999999,37.7,32.54,82.37,17.05,55.22,-63.78,185.24,9.85,,426.73,1.25,1.25,4.27,3.72,,7.470000000000001,72.99,21.26,,
THC,2026-08-29,Healthcare,Medical Care Facilities,21480000000.0,10.29,12.66,1.14,0.98,4.61,7.11,53.31,7.55,12.63,16.47,16.47,10.27,26.43,-0.64,11.09,32.77,3.85,2.84,2.81,1.41,1.35,,1.13,100.64999999999999,3.17,,
THG,2026-08-29,Financial,Insurance - Property & Casualty,7930000000.0,10.86,11.69,14.26,1.17,2.16,6.33,21.88,5.28,16.92,,14.980000000000002,11.17,6.26,-4.02,0.82,14.03,6.44,0.23,0.22,0.37,,1.69,1.13,92.73,2.0,,
THO,2026-08-29,Consumer Cyclical,Recreational Vehicles,4010000000.0,15.52,17.17,10.47,0.41,0.93,20.08,6.15,3.66,5.03,12.06,2.54,2.67,-27.31,27.49,1.64,3.76,3.24,0.23,0.21,1.71,0.8,2.7,4.86,106.73000000000002,10.04,,
THRM,2026-08-29,Consumer Cyclical,Auto Parts,1220000000.0,45.87,11.84,0.45,0.77,1.68,29.5,3.74,1.86,2.56,23.7,5.01,1.68,28.62,14.4,26.14,-20.03,10.42,0.45,0.44,2.06,1.49,,2.19,106.94,7.48,,
TILE,2026-08-29,Consumer Cyclical,"Furnishings, Fixtures & Appliances",2230000000.0,15.59,15.94,1.29,1.55,3.29,17.98,23.23,11.42,15.45,39.4,12.32,10.1,22.55,1.79,12.33,,4.68,0.43,0.39,2.53,1.35,0.31,2.7,104.46,7.14,,
TJX,2026-08-29,Consumer Cyclical,Apparel Retail,149270000000.0,24.99,23.37,2.1,2.39,13.97,25.4,62.17,17.33,27.26,31.869999999999997,12.45,9.73,11.67,9.48,11.13,130.72,13.44,1.34,1.09,1.15,0.56,1.37,0.17,95.52,1.79,,
TKO,2026-08-29,Communication Services,Entertainment,34950000000.0,63.87,33.74,0.71,6.59,4.04,20.9,5.99,1.45,2.78,49.51,21.93,4.33,105.32,17.93,47.27,7.62,37.19,1.46,1.43,1.22,1.2,0.84,17.74,115.51,12.78,,
TKR,2026-08-29,Industrials,Tools & Accessories,8369999999.999999,32.77,16.5,0.99,1.76,2.62,21.72,8.23,3.7900000000000005,4.86,31.14,15.03,5.43,17.83,16.6,16.72,1.98,5.45,0.69,0.67,3.1,1.74,1.19,8.94,95.58,5.71,,
TLN,2026-08-29,Utilities,Utilities - Independent Power Producers,14190000000.0,,9.7,,3.03,8.78,38.98,-12.93,-1.77,-1.66,61.65999999999999,31.09,-3.95,529.66,48.37,,,,5.92,5.91,0.78,0.55,,7.02,97.47,4.85,,
TMDX,2026-08-29,Healthcare,Medical Devices,3070000000.0,23.0,38.45,,4.59,5.91,38.79,36.28,12.879999999999999,11.14,57.75,12.21,22.69,-69.28,53.71,-12.78,,88.21,1.67,1.63,6.62,6.07,,3.8599999999999994,102.71,23.73,,
TMO,2026-08-29,Healthcare,Diagnostics & Research,230050000000.0,33.47,22.69,2.34,4.96,4.37,31.44,13.51,6.5,7.59,40.19,19.09,15.039999999999997,9.81,9.19,9.71,2.11,6.7,0.81,0.74,1.55,1.18,0.3,0.34,94.25,1.29,,
TMP,2026-08-29,Financial,Banks - Regional,1410000000.0,8.01,11.75,,3.57,1.46,30.07,20.36,2.04,11.64,,14.12,44.53,-30.47,6.46,,16.64,3.65,0.76,0.57,0.09,,2.81,6.69,71.0,2.1,,
TMUS,2026-08-29,Communication Services,Telecom Services,194550000000.0,18.98,13.05,0.66,2.11,3.46,12.29,17.99,4.96,6.41,46.59,21.17,11.45,12.18,27.43,19.7,29.65,5.24,2.12,1.93,0.92,0.83,2.28,55.59,43.78,3.56,,
TNC,2026-08-29,Industrials,Specialty Industrial Machinery,1190000000.0,68.75,12.38,,0.97,2.22,,3.09,1.46,1.98,38.77,3.81,1.5,-15.75,45.97,,5.45,3.73,0.73,0.73,2.04,1.37,1.76,2.42,107.83,7.08,,
TNDM,2026-08-29,Healthcare,Medical Devices,1490000000.0,,150.98,,1.43,11.43,,-48.03,-6.24,-7.45,55.99000000000001,-4.17,-6.08,54.02,121.15,,-40.1,15.27,5.67,5.51,3.18,2.65,,1.24,114.4,15.4,,
TNL,2026-08-29,Consumer Cyclical,Travel Services,4360000000.0,19.38,8.02,0.46,1.06,,9.86,,3.47,5.74,30.14,17.59,5.81,19.54,17.11,17.36,,11.2,,,6.47,4.83,3.4000000000000004,4.34,102.99000000000001,11.79,,
TOL,2026-08-29,Consumer Cyclical,Residential Construction,13670000000.0,11.74,10.37,1.68,1.27,1.58,11.24,14.42,8.24,10.61,24.36,14.2,11.14,-5.37,10.45,6.16,31.72,9.15,0.32,0.32,4.35,0.36,0.7,0.84,93.46,3.88,,
TPL,2026-08-29,Energy,Oil & Gas E&P,25130000000.0,46.45,37.32,,28.0,15.03,48.18,36.57,33.17,32.08,85.81,74.92,60.31999999999999,26.26,10.96,,22.56,21.41,0.01,0.01,4.55,4.55,0.66,0.49,75.88,6.34,,
TPR,2026-08-29,Consumer Cyclical,Luxury Goods,25020000000.0,17.24,14.12,1.04,3.13,36.34,13.81,197.14,23.02,35.22,74.91,23.98,19.09,12.95,11.64,13.52,19.78,6.85,5.71,5.27,1.75,1.25,1.43,0.52,103.32999999999998,7.8,,
TR,2026-08-29,Consumer Defensive,Confectioners,3030000000.0,32.45,,,4.12,3.25,37.75,10.35,7.79,9.98,34.73,12.12,12.990000000000002,,,,12.4,9.23,0.01,0.0,2.89,1.86,0.8500000000000001,76.93,17.31,12.62,,
TREX,2026-08-29,Industrials,Building Products & Equipment,4660000000.0,27.04,22.69,2.67,3.86,4.62,22.67,17.74,11.21,16.92,38.2,20.17,14.679999999999998,-5.94,14.06,8.5,3.31,5.92,0.3,0.04,1.06,0.64,,0.86,115.41,10.06,,
TRGP,2026-08-29,Energy,Oil & Gas Midstream,61720000000.0,27.48,23.36,1.15,3.6,16.88,83.3,72.23,8.67,9.95,26.97,24.78,13.15,31.71,9.49,20.38,,15.75,5.35,5.2,0.77,0.68,1.73,1.5700000000000003,97.51,2.35,,
TRIP,2026-08-29,Consumer Cyclical,Travel Services,1160000000.0,977.23,9.18,1.64,0.65,1.74,8.15,0.84,0.2,0.33,58.64,4.95,0.28,-33.04,26.41,5.59,,25.64,1.35,1.32,1.56,1.56,,3.5000000000000004,112.94999999999999,24.82,,
TRMB,2026-08-29,Technology,Scientific & Technical Instruments,14230000000.0,,14.8,0.99,3.76,2.78,18.4,-1.94,-1.19,-1.6,66.92,18.67,-2.77,17.24,12.37,15.0,2.58,2.65,0.29,0.28,0.95,0.82,,0.45999999999999996,103.32,4.49,,
TRMK,2026-08-29,Financial,Banks - Regional,2690000000.0,11.76,11.26,,2.37,1.26,12.95,11.12,1.24,9.19,,24.51,20.71,5.95,4.85,,8.05,11.03,0.36,0.19,0.06,,2.16,7.5,81.12,5.84,,
TRN,2026-08-29,Industrials,Railroads,2330000000.0,7.05,13.16,,1.14,2.04,,32.39,4.09,5.33,25.8,15.190000000000001,16.62,-29.14,0.0,-8.57,,4.27,4.57,4.57,2.09,1.12,4.27,1.52,96.69,5.35,,
TRNO,2026-08-29,Real Estate,REIT - Industrial,7260000000.0,17.94,35.67,,14.43,1.62,31.8,9.24,7.23,7.11,51.25999999999999,41.39,76.92,-46.17,-11.53,-20.23,27.38,21.29,0.24,0.23,0.35,0.35,3.26,2.07,106.98999999999998,6.07,,
TROW,2026-08-29,Financial,Asset Management,23730000000.0,11.16,10.89,27.91,3.13,2.16,8.41,20.1,14.59,18.6,79.54,36.93,28.550000000000004,4.84,0.28,0.39,-1.52,3.34,0.06,0.06,2.41,2.41,4.64,1.82,92.09,11.91,,
TRST,2026-08-29,Financial,Banks - Regional,972790000.0,15.87,,,3.41,1.48,16.28,9.65,1.01,9.45,,28.38,22.78,,,,3.67,7.23,0.22,0.05,0.16,,2.66,3.64,77.98,5.16,,
TRU,2026-08-29,Financial,Financial Data & Stock Exchanges,16410000000.0,22.6,15.27,1.04,3.35,3.39,20.85,15.770000000000001,6.329999999999999,7.19,46.35,14.92,15.079999999999998,12.67,15.77,14.69,5.34,12.58,1.17,1.12,1.9,1.9,0.59,0.8,112.53,4.51,,
TRUP,2026-08-29,Financial,Insurance - Property & Casualty,1300000000.0,55.72,42.75,4.22,0.85,3.17,15.81,6.07,2.61,4.58,,1.66,1.53,39.16,10.65,10.12,,23.45,0.26,0.24,1.77,,,30.2,69.31,12.97,,
TRV,2026-08-29,Financial,Insurance - Property & Casualty,77150000000.0,9.9,12.23,3.59,1.58,2.33,7.0,26.51,6.309999999999999,19.73,,22.03,16.83,23.51,-11.24,3.41,21.13,8.83,0.27,0.27,0.34,,1.31,0.52,91.69,2.81,,
TSCO,2026-08-29,Consumer Cyclical,Specialty Retail,18090000000.0,18.13,16.97,5.91,1.15,6.89,58.93,39.51,8.91,11.63,33.23,8.91,6.419999999999999,-6.11,5.79,2.87,10.06,7.89,2.49,2.31,1.33,0.23,2.79,0.34,96.99,6.8,,
TSLA,2026-08-29,Consumer Cyclical,Auto Manufacturers,1377400000000.0,324.03,155.64,6.58,13.29,15.86,239.05,4.64,2.75,3.79,18.85,4.61,3.6699999999999995,1.47,33.03,23.67,38.32,24.63,0.19,0.16,1.94,1.55,,28.57,44.24,2.45,,
TSN,2026-08-29,Consumer Defensive,Farm Products,19100000000.0,33.47,12.26,1.39,0.34,1.06,16.45,3.15,1.59,2.33,6.21,2.55,1.03,-5.56,16.16,8.81,-25.04,4.74,0.44,0.36,1.43,0.55,3.7900000000000005,20.39,77.27,2.68,,
TT,2026-08-29,Industrials,Building Products & Equipment,98780000000.0,34.01,25.65,1.64,4.45,11.47,27.47,36.45,13.36,23.5,35.39,18.14,13.28,16.71,14.86,15.6,29.52,11.35,0.54,0.46,1.07,0.76,0.9199999999999999,0.27,90.95,1.27,,
TTC,2026-08-29,Industrials,Tools & Accessories,9430000000.0,28.54,19.53,1.97,2.02,6.9,12.42,23.89,9.07,13.67,33.31,11.32,7.290000000000001,9.71,10.05,9.89,0.86,5.99,0.83,0.82,1.56,0.74,1.59,0.39,94.97,3.81,,
TTD,2026-08-29,Communication Services,Advertising Agencies,6380000000.0,16.1,57.54,,2.13,2.48,7.39,15.439999999999998,6.94,13.9,76.87,19.61,13.61,-55.33,-41.33,-21.14,12.67,28.21,0.17,0.14,1.72,1.72,,11.21,82.62,20.04,,
TTEK,2026-08-29,Industrials,Engineering & Construction,9360000000.0,21.98,21.03,2.82,1.85,5.05,17.07,24.26,9.97,15.57,18.78,11.73,8.6,1.09,10.19,7.46,7.97,12.69,0.55,0.51,1.18,1.18,0.7,0.51,100.2,4.21,,
TTMI,2026-08-29,Technology,Electronic Components,12500000000.0,53.55,17.16,0.36,3.7,6.46,,13.26,5.92,7.83,20.26,9.96,7.01,96.73,42.86,47.35,,6.66,0.57,0.56,1.78,1.54,,2.31,94.12,2.83,,
TTWO,2026-08-29,Communication Services,Electronic Gaming & Multimedia,44010000000.0,,22.8,0.61,6.58,12.2,130.41,-9.04,-3.42,-5.48,54.559999999999995,-0.96,-4.79,69.19,48.85,37.34,,14.56,0.82,0.62,1.06,1.06,,11.19,89.07,3.93,,
TWLO,2026-08-29,Technology,Software - Infrastructure,36520000000.0,33.09,35.03,2.11,6.55,4.07,36.94,13.5,11.11,11.47,47.9,5.93,20.62,21.2,14.52,16.59,,23.53,0.12,0.12,4.62,4.62,,0.36,91.38,2.75,,
TWO,2026-08-29,Real Estate,REIT - Mortgage,1280000000.0,,10.84,,1.59,1.12,10.07,-1.21,-0.2,-0.81,99.49,71.79,-9.2,-0.76,-1.68,,27.83,,3.79,0.56,0.18,0.18,8.89,1.14,87.56,2.81,,
TXN,2026-08-29,Technology,Semiconductors,236200000000.0,39.35,25.17,0.83,12.14,13.11,44.11,34.97,16.99,19.47,58.32999999999999,38.07,30.930000000000003,56.17,20.72,30.23,-1.81,4.1,0.78,0.72,4.86,3.44,2.22,0.32,92.02,2.16,,
TXNM,2026-08-29,Utilities,Utilities - Regulated Electric,5940000000.0,32.02,17.74,1.21,2.66,1.8,,5.82,1.6200000000000003,2.23,39.56,22.21,8.77,24.64,11.87,14.71,-7.23,7.3,1.67,1.47,0.56,0.39,2.9,0.98,109.42,6.08,,
TXRH,2026-08-29,Consumer Cyclical,Restaurants,13060000000.0,31.86,25.53,1.67,2.1,8.37,32.14,27.46,11.93,15.81,12.12,8.24,6.63,8.19,18.12,15.28,68.63,19.64,0.7,0.68,0.46,0.39,1.51,0.42,100.2,3.03,,
TXT,2026-08-29,Industrials,Aerospace & Defense,14280000000.0,15.67,11.46,1.2,0.93,1.77,18.84,12.13,5.33,7.9,17.77,6.709999999999999,6.12,6.0,12.11,9.53,30.51,4.9,0.52,0.47,1.75,0.74,0.1,0.75,98.89,4.3,,
TYL,2026-08-29,Technology,Software - Application,15480000000.0,50.08,24.59,1.55,6.37,5.09,21.67,9.73,5.78,7.24,44.81,15.14,13.36,15.66,17.52,15.83,8.96,15.87,0.48,0.48,1.55,1.55,,0.53,108.22,9.2,,
UA,2026-08-29,Consumer Cyclical,Apparel Manufacturing,2150000000.0,,25.45,0.62,0.43,1.49,,-29.82,-10.99,-18.57,46.37,0.67,-9.94,-9.18,78.09,40.86,0.8,2.22,0.96,0.86,1.81,0.96,,73.98,27.11,22.74,,
UAA,2026-08-29,Consumer Cyclical,Apparel Manufacturing,2150000000.0,,26.04,0.64,0.43,1.53,,-29.82,-10.99,-18.57,46.37,0.67,-9.94,-8.79,78.24,40.69,0.8,2.22,0.96,0.86,1.81,0.96,,56.18,49.92,26.97,,
UAL,2026-08-29,Industrials,Airlines,35900000000.0,10.34,7.34,0.37,0.57,2.15,14.11,23.26,4.32,7.38,26.87,6.77,5.56,-4.21,48.06,19.66,,30.93,2.02,1.84,0.78,0.72,,0.88,91.22,6.42,,
UBER,2026-08-29,Technology,Software - Application,160990000000.0,17.32,17.83,3.36,2.92,5.89,15.91,38.38,15.73,24.02,35.42,13.320000000000002,17.34,-29.21,32.02,5.3,,36.1,0.54,0.46,0.84,0.84,,4.2,81.7,2.37,,
UBSI,2026-08-29,Financial,Banks - Regional,6480000000.0,12.99,12.34,,3.52,1.18,12.14,9.46,1.55,8.74,,35.0,27.93,13.4,4.04,,6.37,16.0,0.15,0.07,0.1,,3.2099999999999995,2.42,76.52,4.11,,
UCB,2026-08-29,Financial,Banks - Regional,4240000000.0,11.51,10.91,1.18,2.75,1.13,9.33,10.21,1.31,8.22,,32.26,24.04,7.35,10.84,9.21,6.49,16.39,0.32,0.22,0.05,,2.88,0.67,88.25,3.66,,
UCTT,2026-08-29,Technology,Semiconductor Equipment & Materials,3150000000.0,,10.61,0.11,1.43,4.92,,-3.44,-1.28,-1.68,15.83,2.84,-1.07,201.39,106.91,94.43,,7.99,1.21,1.18,2.73,1.25,,10.03,103.18,7.75,,
UDR,2026-08-29,Real Estate,REIT - Residential,19380000000.0,23.65,62.83,,11.29,4.12,22.12,16.67,4.99,6.84,23.84,18.96,30.14,-5.45,-44.7,-15.85,40.79,6.65,2.04,1.6,0.16,0.16,4.68,0.73,107.27,2.5,,
UE,2026-08-29,Real Estate,REIT - Retail,2850000000.0,40.03,42.22,3.02,5.76,2.1,39.12,5.24,2.03,2.21,39.79,30.06,13.71,46.75,-0.86,14.0,-1.32,7.41,1.48,1.39,1.44,1.44,3.93,0.09,97.77,3.05,,
UFCS,2026-08-29,Financial,Insurance - Property & Casualty,1390000000.0,9.94,11.15,,0.94,1.42,5.17,15.46,3.9599999999999995,12.54,,12.8,9.58,4.93,0.35,,,5.34,0.15,0.15,0.41,,1.48,17.04,68.75,2.9,,
UFPI,2026-08-29,Basic Materials,Lumber & Wood Production,4740000000.0,19.83,15.71,1.42,0.76,1.56,17.77,7.739999999999999,5.83,7.01,16.13,5.09,3.84,-9.7,20.95,11.03,4.53,4.16,0.13,0.12,3.98,2.64,1.6500000000000001,2.06,89.45,3.64,,
UFPT,2026-08-29,Healthcare,Medical Devices,2320000000.0,32.34,27.65,2.06,3.68,5.03,37.84,17.05,10.98,12.43,28.499999999999996,15.229999999999999,11.45,11.34,11.37,13.43,37.73,27.43,0.29,0.26,3.0,1.72,,3.9800000000000004,124.27,14.42,,
UGI,2026-08-29,Utilities,Utilities - Regulated Gas,8150000000.0,12.69,11.68,5.93,1.12,1.57,43.6,13.3,4.33,5.63,42.65,14.46,9.2,-15.73,16.35,1.97,4.06,2.16,1.35,1.28,1.44,1.22,3.95,0.12,95.24,5.01,,
UHS,2026-08-29,Healthcare,Medical Care Facilities,10110000000.0,6.99,7.13,1.0,0.56,1.35,11.96,20.99,9.87,12.79,11.36,11.36,8.42,3.52,6.91,7.11,15.93,8.48,0.7,0.59,1.12,1.04,0.48,17.07,91.06,5.25,,
ULS,2026-08-29,Industrials,Specialty Business Services,15030000000.0,30.1,28.65,2.22,4.78,9.42,34.47,37.5,16.69,24.8,50.06,19.04,16.02,16.41,12.13,12.93,6.75,5.82,0.3,0.27,1.42,1.42,0.78,61.79,43.91,6.86,,
ULTA,2026-08-29,Consumer Cyclical,Specialty Retail,22130000000.0,18.85,16.11,1.42,1.71,8.38,19.26,46.12,17.8,26.8,39.32,12.6,9.34,13.04,10.86,11.35,52.49,15.04,0.95,0.71,1.35,0.29,,1.9799999999999998,102.12,4.75,,
UMBF,2026-08-29,Financial,Banks - Regional,10980000000.0,12.04,10.36,0.98,2.52,1.42,9.95,12.31,1.31,11.08,,27.29,21.06,16.58,5.42,10.6,9.41,26.89,0.44,0.06,0.37,,1.26,3.9800000000000004,96.83,4.66,,
UNF,2026-08-29,Industrials,Specialty Business Services,4900000000.0,44.48,34.86,23.4,1.96,2.23,56.23,5.3,4.15,5.12,30.91,5.77,4.65,-9.9,8.65,1.49,2.28,6.16,0.04,0.03,3.04,1.73,0.52,17.43,85.25,4.56,,
UNFI,2026-08-29,Consumer Defensive,Food Distribution,2770000000.0,,13.84,0.19,0.09,1.74,8.42,-2.36,-0.51,-0.83,12.54,0.9399999999999998,-0.12,260.56,29.24,74.81,17.38,3.66,1.97,1.87,1.33,0.51,,2.58,97.92,4.49,,
UNH,2026-08-29,Healthcare,Healthcare Plans,352710000000.0,25.27,17.51,1.03,0.78,3.61,14.93,14.62,4.57,8.41,,4.82,3.1400000000000006,20.86,13.6,17.05,-3.76,11.72,0.74,0.71,0.78,,2.31,0.25,90.14,1.73,,
UNIT,2026-08-29,Real Estate,REIT - Specialty,2430000000.0,3.75,,,0.69,14.6,,,11.36,9.46,27.9,9.74,28.15,-140.57,-6.92,,,15.93,68.69,67.9,1.22,1.19,,7.000000000000001,88.74,8.95,,
UNM,2026-08-29,Financial,Insurance - Life,14730000000.0,21.71,9.85,1.1,1.1,1.36,21.26,6.35,1.31,4.82,,8.68,5.27,6.59,9.06,8.99,1.87,-0.16,0.35,0.35,,,2.08,0.95,90.43,2.16,,
UNP,2026-08-29,Industrials,Railroads,182620000000.0,24.89,21.69,2.09,7.19,8.83,28.08,39.7,10.49,14.57,45.47,39.87,28.850000000000005,12.1,8.41,10.4,8.75,4.64,1.51,1.43,0.99,0.82,1.79,0.21,92.23,4.38,,
UPBD,2026-08-29,Technology,Software - Application,1120000000.0,12.5,4.17,0.56,0.24,1.53,2.91,12.73,2.91,3.7,33.44,7.48,1.9,0.52,10.94,7.43,-19.66,10.78,2.33,2.33,3.13,0.87,8.15,4.19,100.92000000000002,13.01,,
UPS,2026-08-29,Industrials,Integrated Freight & Logistics,89610000000.0,19.61,13.12,1.99,1.0,5.95,16.42,29.659999999999997,6.43,10.78,18.3,9.31,5.08,0.47,11.61,6.58,33.57,0.98,1.9,1.81,1.18,1.18,6.23,11.94,64.96,3.48,,
UPWK,2026-08-29,Communication Services,Internet Content & Information,1130000000.0,11.79,6.61,3.5,1.43,1.84,6.46,16.7,8.03,16.28,77.24,16.84,12.93,-1.44,-1.81,1.89,,16.09,0.62,0.02,1.42,1.42,,5.19,103.29000000000002,16.2,,
URBN,2026-08-29,Consumer Cyclical,Apparel Retail,6940000000.0,12.65,11.84,1.05,1.07,2.43,23.52,20.94,11.57,14.8,39.17,11.33,8.79,15.41,9.09,11.32,231.76,12.31,0.43,0.35,1.58,0.91,,43.51,73.65,14.16,,
URI,2026-08-29,Industrials,Rental & Leasing Services,64129999999.99999,24.75,18.02,1.15,3.81,6.96,101.46,28.9,8.72,11.44,35.71,25.17,15.67,17.51,15.68,15.66,25.9,13.55,1.67,1.5,0.76,0.7,0.75,0.45999999999999996,95.8,2.04,,
USB,2026-08-29,Financial,Banks - Regional,97330000000.0,12.46,10.73,0.92,2.24,1.6,7.86,12.6,1.15,6.44,,24.76,17.92,12.99,11.54,11.66,8.57,13.15,1.42,0.87,0.56,,3.39,0.22,84.08,1.63,,
USFD,2026-08-29,Consumer Defensive,Food Distribution,23210000000.0,32.99,19.31,1.08,0.58,5.42,24.53,16.35,5.18,7.77,17.55,3.4300000000000006,1.81,20.39,15.96,17.89,,11.49,1.26,1.19,1.14,0.7,,0.78,109.48,5.05,,
USLM,2026-08-29,Basic Materials,Building Materials,3440000000.0,25.66,21.05,2.15,9.13,4.95,37.48,21.35,19.84,19.27,48.42,42.11,35.66,7.92,13.1,9.79,36.1,18.32,0.0,0.0,27.54,25.78,0.2,62.57,32.97,8.78,,
USPH,2026-08-29,Healthcare,Medical Care Facilities,1170000000.0,464.44,23.29,2.11,1.44,2.62,18.01,0.54,0.21,0.33,17.45,9.85,0.32,4.44,22.94,11.03,-10.5,13.05,0.86,0.75,1.27,1.27,2.34,2.46,108.98,8.73,,
UTHR,2026-08-29,Healthcare,Drug Manufacturers - Specialty & Generic,22110000000.0,18.44,17.84,2.36,7.01,3.44,20.29,19.32,17.33,20.48,86.14,44.49,41.56,-6.15,10.53,7.56,19.27,16.5,0.0,0.0,5.73,5.41,,3.35,97.5,5.1,,
UTI,2026-08-29,Consumer Defensive,Education & Training Services,1170000000.0,34.64,28.69,7.39,1.33,3.41,,10.53,4.19,5.0,47.93,5.13,3.88,-46.52,22.93,3.88,84.22,22.68,1.04,0.99,1.3,1.3,,2.93,113.03,9.47,,
UTL,2026-08-29,Utilities,Utilities - Diversified,968370000.0,16.88,15.29,2.81,1.62,1.5,,9.62,2.75,4.26,25.2,19.38,9.44,3.76,5.95,5.44,6.66,5.07,1.5,1.06,0.49,0.45,3.58,2.21,84.86,3.97,,
UVV,2026-08-29,Consumer Defensive,Tobacco,1140000000.0,60.98,11.58,,0.4,0.82,6.93,1.34,0.61,0.94,16.73,6.22,0.67,20.45,24.21,,-18.13,8.08,0.88,0.46,2.57,0.88,7.19,2.53,83.5,8.34,,
V,2026-08-29,Financial,Credit Services,712470000000.0,32.75,25.39,1.79,16.01,20.57,33.91,60.67,23.02,39.97,77.16,67.04,50.35000000000001,15.32,13.63,14.15,16.47,12.86,0.68,0.59,0.99,0.99,0.71,9.09,82.61,1.31,,
VAC,2026-08-29,Consumer Cyclical,Resorts & Casinos,3790000000.0,,11.55,1.28,0.73,1.84,38.25,-14.71,-3.45,-4.47,17.37,10.4,-6.47,19.02,11.89,9.04,-5.8,11.76,2.69,2.63,1.22,0.75,2.46,8.68,90.71,7.37,,
VAL,2026-08-29,Energy,Oil & Gas Drilling,5990000000.0,6.44,12.33,,2.8,1.86,,33.86,18.88,21.57,17.07,12.09,43.95,-79.25,141.06,-16.85,,10.67,0.36,0.35,1.48,1.48,,30.3,91.87,12.21,,
VC,2026-08-29,Consumer Cyclical,Auto Parts,2720000000.0,18.6,9.74,0.52,0.72,1.69,17.02,9.96,4.54,7.53,12.809999999999999,7.33,4.0,10.16,22.69,18.64,,8.14,0.27,0.25,1.78,1.45,0.97,1.77,121.95,12.14,,
VCEL,2026-08-29,Healthcare,Biotechnology,2100000000.0,88.6,47.33,0.78,6.85,5.66,34.01,7.16,5.16,5.38,74.56,5.95,7.91,67.01,61.9,61.02,39.2,17.34,0.26,0.22,5.04,4.69,,1.2,109.08,9.34,,
VCTR,2026-08-29,Financial,Asset Management,7280000000.0,21.68,13.33,0.99,4.63,3.07,12.91,19.04,10.94,13.61,77.38,45.87,22.38,24.55,11.73,13.45,7.17,11.3,0.43,0.43,2.07,2.07,1.69,14.41,76.59,4.63,,
VCYT,2026-08-29,Healthcare,Diagnostics & Research,3480000000.0,30.75,22.22,4.36,6.2,2.51,20.99,8.77,8.09,8.05,71.08,17.22,20.37,7.3,2.14,5.1,,34.5,0.03,0.02,9.16,8.8,,1.91,110.92,8.61,,
VECO,2026-08-29,Technology,Semiconductor Equipment & Materials,2710000000.0,121.62,13.99,,3.97,3.0,31.79,2.64,1.73,2.0,37.51,4.26,3.4000000000000004,12.76,111.2,,,7.9,0.29,0.28,3.93,2.63,,1.6,114.14,9.82,,
VEEV,2026-08-29,Healthcare,Health Information Services,44800000000.0,45.52,27.08,2.18,12.95,6.03,27.34,14.42,11.9,13.41,74.83,29.93,29.34,13.86,10.76,12.45,18.15,16.88,0.02,0.02,5.46,5.46,,8.94,92.45,3.95,,
VFC,2026-08-29,Consumer Cyclical,Apparel Manufacturing,5370000000.0,19.91,10.32,0.5,0.57,3.05,8.68,17.94,2.8,4.66,55.63,7.13,2.88,26.85,24.29,20.53,-9.15,0.78,2.81,2.33,1.43,0.78,2.65,6.4399999999999995,93.63,8.84,,
VGNT,2026-08-29,Consumer Cyclical,Auto Parts,3410000000.0,,6.13,,,40.16,,,,,,,,-18.42,6.56,-0.51,,,28.51,26.06,1.4,1.09,0.57,1.08,98.39,4.96,,
VIAV,2026-08-29,Technology,Communication Equipment,9020000000.0,,18.74,0.52,5.94,6.22,108.89,-2.73,-1.29,-1.61,56.169999999999995,10.97,-2.0,64.43,18.59,35.88,,4.84,0.48,0.3,1.85,1.59,,0.88,98.47,3.62,,
VICI,2026-08-29,Real Estate,REIT - Diversified,28480000000.0,10.03,8.72,1.62,6.95,0.98,10.8,9.84,5.86,6.12,99.23,88.72,67.5,7.6,5.6,5.38,8.4,26.73,0.61,0.55,0.14,0.14,7.04,0.44,98.34,2.41,,
VICR,2026-08-29,Technology,Electronic Components,8660000000.0,60.27,31.54,0.71,18.26,10.37,168.84,20.13,18.3,17.29,60.0,18.64,30.65,31.65,73.22,44.74,44.9,6.57,0.01,0.01,13.25,11.18,,44.22,48.39,5.68,,
VIR,2026-08-29,Healthcare,Biotechnology,1830000000.0,,,,6.04,1.86,,-26.08,-20.91,-23.6,96.2,-92.16,-83.0,44.55,-41.77,13.51,-4.76,-2.14,0.09,0.09,6.04,6.04,,20.84,67.96,14.63,,
VIRT,2026-08-29,Financial,Capital Markets,10300000000.0,11.02,9.58,1.61,2.75,3.14,21.95,31.65,2.22,12.56,50.39,37.84,13.84,25.07,-3.26,5.96,-0.13,2.26,2.83,1.21,0.94,0.94,1.45,4.57,94.01,5.85,,
VLO,2026-08-29,Energy,Oil & Gas Refining & Marketing,101450000000.0,14.62,11.5,0.39,0.73,4.06,10.03,29.299999999999997,11.59,20.3,8.41,7.6,5.15,304.21,-28.57,29.38,,13.6,0.45,0.42,1.64,1.23,1.37,0.4,87.89,3.36,,
VLTO,2026-08-29,Industrials,Pollution & Treatment Controls,24030000000.0,24.84,20.61,1.97,4.22,7.77,22.95,34.37,12.560000000000002,17.11,59.34,22.74,17.35,12.35,9.12,10.44,5.0,4.82,1.09,0.87,1.78,1.61,0.49,0.22,100.73999999999998,2.6,,
VLY,2026-08-29,Financial,Banks - Regional,7690000000.0,11.75,9.01,0.44,2.16,1.02,13.15,8.95,1.08,6.34,,24.2,18.66,29.17,20.79,20.65,1.58,17.53,0.44,0.38,0.06,,3.16,14.31,77.48,8.85,,
VMC,2026-08-29,Basic Materials,Building Materials,35570000000.0,32.4,25.59,1.56,4.38,4.2,34.63,13.239999999999998,6.69,8.61,27.51,20.74,13.750000000000002,14.28,17.35,16.45,13.09,10.33,0.58,0.53,1.76,1.2,0.76,0.24,101.39,4.93,,
VMI,2026-08-29,Industrials,Conglomerates,9190000000.0,18.54,18.33,1.22,2.17,5.19,28.55,31.069999999999997,14.85,19.46,30.320000000000004,13.8,11.95,21.0,12.47,15.01,20.66,7.24,0.5,0.5,2.35,1.55,0.64,1.39,96.9,2.19,,
VNO,2026-08-29,Real Estate,REIT - Office,7770000000.0,1540.32,128.52,,4.25,1.55,17.57,1.14,0.43,0.49,19.82,10.43,0.32,-104.19,268.74,,,3.45,1.41,1.41,4.77,4.77,2.23,7.33,100.61,5.39,,
VNOM,2026-08-29,Energy,Oil & Gas Midstream,15870000000.0,345.97,18.68,1.1,8.06,1.68,10.61,1.35,0.52,0.85,51.7,48.86,2.89,53.97,-7.45,16.92,29.81,40.37,0.33,0.33,6.37,6.37,6.74,7.5600000000000005,95.19,5.66,,
VNT,2026-08-29,Technology,Scientific & Technical Instruments,4430000000.0,13.61,8.63,0.96,1.44,3.75,11.51,29.07,8.28,12.4,44.96,19.15,11.34,9.05,8.74,8.98,6.42,2.6,1.62,1.35,1.25,0.94,0.2,0.7,110.38,8.41,,
VOYA,2026-08-29,Financial,Financial Conglomerates,9290000000.0,17.29,8.97,0.68,1.14,1.98,7.79,13.059999999999999,0.36,7.17,,12.07,6.94,3.3,25.04,13.2,61.06,1.37,0.84,0.81,,,1.8799999999999997,0.32,103.58000000000001,3.19,,
VRRM,2026-08-29,Technology,Information Technology Services,667200000.0,16.6,4.63,,0.66,2.98,7.11,15.380000000000003,2.67,3.42,79.29,24.19,4.4,-13.55,-16.87,-5.91,,19.99,4.86,4.79,2.05,1.95,,0.97,102.59,8.06,,
VRSK,2026-08-29,Industrials,Consulting Services,24960000000.0,29.47,22.07,2.03,7.96,,20.19,444.05,19.06,28.15,59.78,44.81,28.24,7.71,12.67,10.87,8.51,1.99,,,1.01,1.01,1.04,0.29,101.53000000000002,2.55,,
VRSN,2026-08-29,Technology,Software - Infrastructure,26360000000.0,31.69,26.31,2.07,15.43,,24.73,,52.95000000000001,,88.47,67.86,49.77,11.12,13.35,12.68,4.49,5.54,,,0.59,0.59,0.97,0.8100000000000002,100.01,1.66,,
VRT,2026-08-29,Industrials,Electrical Equipment & Parts,98970000000.0,58.17,28.18,0.7,8.62,20.8,33.78,43.94,13.170000000000002,21.61,35.73,19.81,15.09,59.69,36.0,40.02,,18.54,0.7,0.68,1.38,1.03,0.09,0.36,84.87,3.4,,
VRTS,2026-08-29,Financial,Asset Management,1120000000.0,9.6,6.86,12.95,1.34,1.18,4.99,13.01,2.91,8.22,81.61,14.91,14.39,-6.13,4.4,0.53,14.78,6.4,0.54,0.54,1.72,1.72,5.86,6.39,93.01,7.18,,
VRTX,2026-08-29,Healthcare,Biotechnology,137300000000.00002,31.51,25.31,2.2,10.81,6.78,36.17,23.54,17.12,19.82,86.12,39.54,34.69,1.81,14.26,11.48,8.28,14.23,0.1,0.1,3.19,2.74,,0.22999999999999998,98.25,1.64,,
VSAT,2026-08-29,Technology,Communication Equipment,9280000000.0,,,,2.01,2.0,16.05,-0.64,-0.2,-0.27,27.6,2.35,-0.64,-468.0,-1.49,,,15.51,1.49,1.34,1.68,1.52,,4.88,101.83,8.56,,
VSEC,2026-08-29,Industrials,Aerospace & Defense,6060000000.0,79.54,26.94,0.84,4.46,2.06,,4.27,2.78,1.91,12.61,11.75,5.52,66.3,22.89,32.21,,10.95,0.35,0.34,3.77,1.3,0.19,1.73,119.56,7.66,,
VSH,2026-08-29,Technology,Semiconductors,4690000000.0,159.67,17.15,,1.41,1.61,,1.13,0.61,0.88,20.93,3.3000000000000003,0.86,1796.67,110.02,,,4.17,0.38,0.11,1.8,1.27,1.29,8.7,100.38,9.7,,
VSNT,2026-08-29,Communication Services,Entertainment,5690000000.0,7.72,6.13,0.62,0.86,0.7,3.32,8.15,6.22,6.91,40.85,19.29,11.46,-28.03,63.29,9.84,,,0.36,0.35,2.38,2.38,3.06,0.97,88.16,3.8,,
VST,2026-08-29,Utilities,Utilities - Independent Power Producers,46010000000.0,23.14,13.42,0.17,2.61,15.32,20.4,43.07,5.5,9.56,20.18,10.73,11.52,294.94,18.66,76.81,10.93,8.94,3.63,3.23,0.97,0.87,0.73,0.96,92.53,2.9,,
VSTS,2026-08-29,Industrials,Rental & Leasing Services,1650000000.0,,16.06,0.28,0.61,1.88,12.09,-0.6,-0.18,-0.25,21.2,4.18,-0.2,144.82,26.94,56.86,,1.31,1.53,1.46,2.17,0.73,,1.83,98.93,5.6,,
VSXY,2026-08-29,Consumer Cyclical,Apparel Retail,6980000000.0,35.97,15.68,0.57,1.03,8.78,22.24,29.359999999999996,4.51,6.24,36.76,6.800000000000001,3.12,55.58,20.05,27.66,,3.9,3.61,3.27,1.26,0.41,,10.44,96.8,14.28,,
VTOL,2026-08-29,Energy,Oil & Gas Equipment & Services,1300000000.0,12.57,8.58,0.7,0.83,1.19,,10.05,4.46,5.31,19.92,8.79,6.660000000000001,-21.12,49.6,12.34,13.24,4.82,0.89,0.8,2.26,1.85,1.14,3.2400000000000007,100.73999999999998,4.16,,
VTR,2026-08-29,Real Estate,REIT - Healthcare Facilities,48140000000.0,168.4,96.47,2.9,7.47,3.21,33.39,2.01,0.9399999999999998,0.98,18.38,14.829999999999998,4.08,9.17,61.43,33.29,-14.17,8.99,0.89,0.84,0.71,0.71,2.26,0.57,104.67,4.65,,
VTRS,2026-08-29,Healthcare,Drug Manufacturers - Specialty & Generic,18770000000.0,,6.11,0.83,1.27,1.32,9.6,-2.75,-1.12,-1.58,39.58,9.69,-2.78,6.37,7.02,7.32,-21.93,3.66,0.96,0.83,1.49,0.87,3.17,2.02,92.26,3.29,,
VVV,2026-08-29,Consumer Cyclical,Auto & Truck Dealerships,4099999999.9999995,40.69,16.15,1.02,2.09,9.83,30.28,28.4,3.4300000000000006,4.29,38.28,17.72,5.17,10.6,13.07,15.78,-0.57,-6.18,4.75,4.68,0.7,0.58,,0.32,116.92,9.07,,
VYX,2026-08-29,Technology,Information Technology Services,1210000000.0,21.54,8.56,1.86,0.48,1.3,,5.1,1.48,3.11,24.83,6.67,2.29,1.78,12.01,4.6,,-15.42,1.16,1.16,1.07,0.95,1.03,1.11,117.8,20.64,,
VZ,2026-08-29,Communication Services,Telecom Services,208150000000.0,13.05,9.55,1.56,1.5,2.0,9.67,15.629999999999999,4.08,6.09,45.71,22.73,11.64,6.0,5.06,6.11,-1.14,1.5,1.81,1.56,0.55,0.52,5.64,0.06,72.03,1.84,,
WAB,2026-08-29,Industrials,Railroads,49360000000.0,39.36,23.49,1.45,4.12,4.41,28.8,11.5,5.82,7.69,32.24,16.74,10.57,21.1,14.54,16.21,25.74,8.13,0.62,0.47,1.12,0.59,0.4099999999999999,0.71,96.03,1.66,,
WABC,2026-08-29,Financial,Banks - Regional,1340000000.0,12.81,12.42,,5.05,1.57,12.39,12.49,1.91,12.71,,56.09,41.71,2.54,0.86,,8.69,5.5,0.18,0.02,0.15,,3.27,5.22,80.37,3.72,,
WAFD,2026-08-29,Financial,Banks - Regional,2670000000.0,11.37,10.73,1.13,1.92,0.98,11.77,8.5,0.9399999999999998,4.05,,23.63,17.42,25.19,2.13,9.47,3.11,14.32,1.1,1.1,0.07,,2.99,1.58,85.7,5.5,,
WAL,2026-08-29,Financial,Banks - Regional,8570000000.0,8.85,7.07,0.54,1.5,1.14,,13.11,1.06,9.3,,20.86,16.98,3.94,22.46,13.13,11.62,32.53,0.95,0.34,0.11,,2.13,11.77,90.54,5.56,,
WAT,2026-08-29,Healthcare,Diagnostics & Research,40740000000.0,103.55,25.13,2.12,8.77,2.68,108.61,1.91,1.13,0.81,41.95,11.83,3.58,11.0,13.22,11.88,5.19,6.0,0.36,0.34,1.86,1.29,,0.14,102.17,3.71,,
WAY,2026-08-29,Healthcare,Health Information Services,5030000000.0,37.36,13.97,0.92,4.17,1.26,20.43,3.7699999999999996,2.56,2.47,56.11000000000001,25.36,11.18,17.58,12.48,15.23,,17.41,0.37,0.37,1.85,1.85,,29.64,88.15,10.11,,
WBD,2026-08-29,Communication Services,Entertainment,72230000000.0,,2074.26,,2.0,2.2,33.13,-9.19,-3.18,-5.0,33.28,7.000000000000001,-8.75,-496.42,101.21,,-30.7,28.53,0.98,0.93,0.78,0.78,,4.66,79.9,2.35,,
WBS,2026-08-29,Financial,Banks - Regional,12570000000.0,12.62,,,2.82,1.33,9.57,10.56,1.2,9.59,,28.67,22.22,,,,20.26,28.17,0.46,0.08,0.05,,2.06,1.6200000000000003,95.81,9.1,,
WCC,2026-08-29,Industrials,Industrial Distribution,16390000000.0,23.25,16.8,0.75,0.66,3.14,105.7,14.34,4.21,6.01,20.31,5.71,2.86,30.35,18.99,22.4,53.91,13.79,1.28,1.28,2.09,1.23,0.59,2.09,97.84,2.96,,
WD,2026-08-29,Financial,Mortgage Finance,1420000000.0,36.88,7.18,0.13,1.12,0.81,,2.17,0.78,1.48,74.77,15.17,2.95,194.36,19.37,56.66,-26.54,3.23,1.39,0.48,0.58,0.58,6.58,4.02,87.47,4.54,,
WDAY,2026-08-29,Technology,Software - Application,49340000000.0,41.55,15.47,0.82,4.85,7.64,17.35,16.01,7.400000000000001,13.74,75.82,12.64,12.31,19.94,19.5,18.8,,17.27,0.58,0.41,0.86,0.86,,19.11,86.69,10.11,,
WDC,2026-08-29,Technology,Computer Hardware,165650000000.0,19.01,14.12,0.22,12.82,18.71,47.18,131.36,66.83,103.78,48.83,35.58,71.97,98.88,60.11,63.94,55.65,-5.26,0.13,0.01,1.33,0.97,0.13,0.79,92.49,5.67,,
WDFC,2026-08-29,Basic Materials,Specialty Chemicals,2910000000.0,32.99,33.69,13.32,4.32,10.47,36.66,33.22,18.62,23.77,54.75,17.48,13.19,-8.28,5.05,2.53,8.72,8.7,0.41,0.34,2.65,1.95,1.8399999999999999,0.52,88.56,3.89,,
WEC,2026-08-29,Utilities,Utilities - Regulated Electric,34610000000.0,20.57,17.71,2.47,3.41,2.45,,12.35,3.34,5.01,38.58,23.91,16.69,6.28,7.07,7.17,4.88,6.24,1.62,1.39,0.53,0.39,3.5900000000000003,0.17,88.79,5.75,,
WELL,2026-08-29,Real Estate,REIT - Healthcare Facilities,171590000000.0,,75.21,1.81,13.46,3.69,68.31,3.7699999999999996,2.47,2.35,20.26,5.3,-2.75,101.01,13.29,41.6,-22.65,18.69,0.42,0.42,13.31,13.31,1.32,0.04,101.64999999999999,2.47,,
WEN,2026-08-29,Consumer Cyclical,Restaurants,1580000000.0,12.53,15.47,,0.72,13.09,5.97,108.04,2.58,3.09,25.08,13.100000000000001,5.72,-42.23,5.18,-11.55,-0.96,2.79,33.81,32.9,1.9,1.88,5.26,9.16,94.28,29.48,,
WERN,2026-08-29,Industrials,Trucking,2300000000.0,,17.06,,0.71,1.7,43.18,-3.3300000000000005,-1.52,-2.08,4.07,0.7,-1.42,5850.4,95.8,,,4.63,0.7,0.64,1.45,1.42,1.48,1.96,115.13,6.93,,
WEX,2026-08-29,Technology,Software - Infrastructure,6720000000.0,19.65,9.3,0.68,2.41,5.03,61.98,30.19,2.25,7.2,57.37,25.96,12.560000000000002,24.63,5.79,13.58,,11.27,3.98,2.62,1.04,1.04,,1.29,117.38,7.98,,
WFC,2026-08-29,Financial,Banks - Diversified,262149999999.99997,12.59,10.87,0.8,2.04,1.59,38.23,12.520000000000001,1.06,6.39,,21.92,16.83,16.44,9.44,13.55,70.67,8.6,2.57,0.96,0.96,,2.2,0.22,79.61,0.93,,
WFRD,2026-08-29,Energy,Oil & Gas Equipment & Services,6720000000.0,18.53,13.18,1.45,1.41,3.77,12.78,22.2,7.15,10.96,29.24,14.42,7.66,-21.03,37.89,9.06,,5.94,0.91,0.87,2.34,1.77,1.17,2.1,107.20999999999998,5.67,,
WGO,2026-08-29,Consumer Cyclical,Recreational Vehicles,865030000.0,22.51,12.93,0.62,0.31,0.7,4.79,3.1400000000000006,1.8500000000000003,2.25,12.24,2.42,1.36,8.24,30.93,20.85,-13.14,3.5,0.39,0.39,2.37,0.92,4.49,4.16,107.84,10.99,,
WH,2026-08-29,Consumer Cyclical,Lodging,5640000000.0,27.81,14.27,1.46,3.98,11.8,17.52,39.62,4.82,6.64,45.2,38.15,14.67,4.43,11.41,9.79,,1.77,5.57,5.53,0.99,0.99,2.27,2.49,107.32,9.2,,
WHD,2026-08-29,Energy,Oil & Gas Equipment & Services,5580000000.0,59.62,19.86,1.35,4.1,3.91,17.37,6.849999999999999,3.71,6.4,30.659999999999997,19.17,6.01,10.81,17.66,14.76,27.27,25.36,0.05,0.03,2.59,1.81,0.83,0.68,110.81999999999998,4.83,,
WHR,2026-08-29,Consumer Cyclical,"Furnishings, Fixtures & Appliances",2680000000.0,13.83,11.27,,0.18,0.68,,5.98,1.1,1.59,13.530000000000001,3.08,1.17,-69.25,90.54,-5.09,-19.73,-4.41,2.05,1.99,1.15,0.71,2.34,4.49,102.86999999999999,23.51,,
WINA,2026-08-29,Consumer Cyclical,Specialty Retail,1210000000.0,30.62,27.0,,14.0,,28.02,,94.36,166.98,96.66,62.33,47.09,0.62,9.85,,7.92,5.43,,,3.75,3.67,1.17,17.0,90.45,11.52,,
WING,2026-08-29,Consumer Cyclical,Restaurants,3090000000.0,26.97,21.2,1.22,4.29,,24.08,,17.04,23.48,82.62,28.77,16.15,8.73,20.77,17.32,51.34,22.87,,,2.97,2.97,1.12,0.73,125.69,15.76,,
WKC,2026-08-29,Energy,Oil & Gas Refining & Marketing,1810000000.0,,13.85,,0.04,1.44,,-12.560000000000002,-2.83,-8.99,1.6200000000000003,0.8100000000000002,-0.43,88.48,-28.89,-6.13,,12.95,0.59,0.59,1.06,0.91,2.51,4.02,117.65999999999998,15.9,,
WLK,2026-08-29,Basic Materials,Specialty Chemicals,9680000000.0,,22.7,,0.86,1.11,,-12.950000000000001,-6.11,-8.5,8.52,0.19,-10.88,442.81,8.11,,,8.28,0.68,0.66,2.45,1.7,2.89,74.0,31.569999999999997,14.85,,
WLY,2026-08-29,Communication Services,Publishing,2730000000.0,12.71,10.13,,1.63,3.22,13.05,27.690000000000005,8.39,13.95,71.1,17.66,13.22,14.56,10.42,,9.65,-2.89,0.91,0.87,0.54,0.51,2.65,22.91,85.07,11.55,,
WM,2026-08-29,Industrials,Waste Management,87800000000.0,31.09,24.24,2.52,3.42,8.85,24.57,29.830000000000002,6.19,8.86,29.15,18.51,11.12,8.14,11.71,9.62,13.74,10.62,2.35,2.24,0.91,0.87,1.72,0.24,86.19,1.54,,
WMB,2026-08-29,Energy,Oil & Gas Midstream,90180000000.0,29.43,28.5,2.16,7.32,6.85,,23.98,5.26,7.44,43.93,37.99,24.91,16.76,5.52,13.18,65.64,8.91,2.33,2.13,0.48,0.43,2.86,0.49,92.18,1.98,,
WMG,2026-08-29,Communication Services,Entertainment,14660000000.0,22.17,15.56,0.35,2.01,17.17,17.54,92.17,6.49,11.61,40.06,18.77,9.1,116.08,20.79,44.18,,8.49,5.76,5.71,0.73,0.72,2.77,72.29,30.829999999999995,6.71,,
WMS,2026-08-29,Industrials,Building Products & Equipment,10330000000.0,23.65,18.43,1.5,3.21,5.45,18.78,25.27,10.87,12.59,35.33,21.5,14.000000000000002,0.02,18.51,12.31,16.0,9.0,0.95,0.92,2.12,1.18,0.57,7.109999999999999,94.71,3.45,,
WMT,2026-08-29,Consumer Defensive,Discount Stores,820400000000.0,37.35,31.96,2.91,1.11,8.33,60.73,23.44,7.82,14.2,25.230000000000004,4.39,3.0,9.48,11.62,10.99,11.53,4.99,0.75,0.58,0.77,0.23,0.97,44.22,38.58,1.42,,
WOR,2026-08-29,Industrials,Metal Fabrication,2800000000.0,18.24,13.87,1.56,2.03,2.72,16.48,15.89,8.63,11.4,27.26,5.9,11.3,10.8,10.64,8.88,-25.22,-15.32,0.34,0.33,2.37,1.43,1.45,37.91,52.75,3.18,,
WPC,2026-08-29,Real Estate,REIT - Diversified,16059999999.999998,24.15,23.38,2.77,8.97,1.85,15.88,7.71,3.55,3.77,59.97,53.17000000000001,36.34,26.54,-1.84,8.43,-4.13,7.26,1.03,0.99,0.3,0.3,5.31,1.07,80.16,3.84,,
WRB,2026-08-29,Financial,Insurance - Property & Casualty,25410000000.0,14.08,14.15,2.61,1.71,2.58,7.03,20.16,4.86,14.94,,16.89,12.94,12.58,-0.77,5.43,28.92,12.67,0.32,0.31,0.42,,2.04,40.53,61.12,6.73,,
WRBY,2026-08-29,Healthcare,Medical Instruments & Supplies,3090000000.0,411.86,41.82,1.08,3.39,7.87,142.08,2.06,1.05,1.27,52.61,0.25,0.8500000000000001,21.52,36.83,38.77,,17.23,0.64,0.55,2.18,1.93,,17.39,101.71,17.74,,
WRLD,2026-08-29,Financial,Credit Services,878310000.0,22.27,12.44,,1.48,2.42,3.36,10.07,3.7800000000000002,4.01,98.51,17.39,6.709999999999999,89.1,14.87,,-12.26,2.17,1.79,1.74,0.43,0.43,,18.75,92.74,12.74,,
WS,2026-08-29,Basic Materials,Steel,1740000000.0,242.94,6.99,0.18,0.5,1.6,21.69,0.75,0.38,0.67,11.32,3.1400000000000006,0.22999999999999998,53.36,42.4,39.57,-53.75,-4.08,0.33,0.12,1.46,0.92,1.8799999999999997,36.36,55.60000000000001,4.33,,
WSBC,2026-08-29,Financial,Banks - Regional,3880000000.0,11.73,10.45,,2.55,1.0,9.8,8.98,1.29,6.17,,30.67,21.83,5.31,8.05,,4.64,16.27,0.43,0.4,0.06,,3.7800000000000002,2.22,85.98,6.74,,
WSC,2026-08-29,Industrials,Rental & Leasing Services,3790000000.0,,16.05,1.18,1.65,4.16,12.72,-7.08,-1.15,-1.5,46.38,20.55,-3.0,-6.67,16.28,13.64,,10.78,4.17,4.05,0.81,0.74,1.12,2.52,118.78999999999999,6.62,,
WSFS,2026-08-29,Financial,Banks - Regional,4000000000.0,13.13,11.37,0.88,2.91,1.48,13.57,11.85,1.48,10.21,,31.2,23.34,26.26,4.69,12.91,17.51,14.21,0.16,0.15,0.17,,0.98,1.11,93.18,4.52,,
WSM,2026-08-29,Consumer Cyclical,Specialty Retail,27680000000.0,24.05,22.4,2.11,3.46,12.93,20.6,54.96,21.97,34.16,47.19,19.23,14.730000000000002,10.98,10.5,10.6,15.47,2.85,0.71,0.61,1.45,0.68,1.26,2.01,97.89,4.59,,
WSO,2026-08-29,Industrials,Industrial Distribution,12820000000.0,27.03,23.65,4.59,1.76,4.28,18.39,15.35,9.0,12.95,26.91,9.02,6.06,-1.41,8.81,5.15,11.8,7.45,0.18,0.14,3.2,1.45,3.95,14.069999999999999,93.11,10.26,,
WST,2026-08-29,Healthcare,Medical Instruments & Supplies,23750000000.0,43.14,33.81,2.13,7.14,7.95,54.36,19.09,14.069999999999999,17.2,36.82,21.97,16.98,23.0,11.3,15.91,8.26,7.45,0.11,0.1,2.82,2.12,0.22999999999999998,0.75,102.42,3.04,,
WT,2026-08-29,Financial,Asset Management,3700000000.0,46.89,18.49,0.95,6.07,8.86,18.89,18.56,5.87,5.43,78.31,39.75,13.15,38.04,11.31,19.38,,14.59,2.58,2.53,3.0,3.0,0.49,12.83,107.07,10.33,,
WTFC,2026-08-29,Financial,Banks - Regional,10320000000.0,12.29,11.08,1.12,2.38,1.44,6.4,12.21,1.25,7.57,,27.98,19.53,15.13,5.13,9.87,19.49,17.97,0.58,0.58,0.09,,1.44,1.51,96.83,3.78,,
WTRG,2026-08-29,Utilities,Utilities - Regulated Water,11660000000.0,20.99,17.49,4.15,4.54,1.66,,8.08,2.88,3.59,38.94,35.06,21.6,1.6,5.14,4.21,14.45,11.09,1.21,1.2,0.78,0.62,3.4300000000000006,0.26,80.61,1.83,,
WTS,2026-08-29,Industrials,Specialty Industrial Machinery,12230000000.0,31.98,26.11,2.0,4.57,5.59,35.0,18.81,13.720000000000002,16.71,48.79,19.46,14.34,21.14,9.48,13.03,24.79,10.08,0.05,0.05,2.66,1.6,0.64,18.78,82.53,2.98,,
WTW,2026-08-29,Financial,Insurance Brokers,31920000000.0,21.21,15.01,0.9,3.16,4.16,18.9,19.83,5.3,11.24,81.24,23.4,15.49,16.12,15.5,16.73,16.17,2.43,0.92,0.81,1.1,1.1,1.1,0.44,100.51999999999998,3.12,,
WU,2026-08-29,Financial,Credit Services,2260000000.0,5.84,4.78,,0.56,2.47,3.99,43.97,4.96,11.74,30.510000000000005,16.77,9.81,-26.08,17.17,-1.48,-3.18,-3.48,2.95,2.68,0.22,0.22,12.64,1.52,97.48,14.31,,
WWD,2026-08-29,Industrials,Aerospace & Defense,20180000000.0,38.01,31.81,1.41,4.81,8.18,53.6,22.34,11.14,17.75,29.469999999999995,15.839999999999998,13.170000000000002,37.39,13.51,22.58,13.95,7.41,0.55,0.26,1.65,1.14,0.36,0.63,91.48,1.77,,
WWW,2026-08-29,Consumer Cyclical,Footwear & Accessories,1670000000.0,15.78,10.99,0.67,0.86,3.72,9.76,26.6,6.0,9.56,46.9,8.69,5.41,22.87,12.36,16.34,,0.91,1.66,1.46,1.55,0.98,1.97,1.94,102.92000000000002,6.86,,
WY,2026-08-29,Real Estate,REIT - Specialty,17040000000.0,36.15,32.43,0.44,2.49,1.8,,4.97,2.86,3.2,14.510000000000002,6.16,6.890000000000001,62.48,124.35,73.32,-15.92,-1.72,0.58,0.56,1.82,1.15,3.56,0.86,92.18,3.38,,
WYNN,2026-08-29,Consumer Cyclical,Resorts & Casinos,9810000000.0,22.82,19.06,1.5,1.32,,12.38,,3.47,4.18,32.09,16.3,6.06,10.69,7.78,12.71,,27.77,,,0.91,0.88,1.1,27.800000000000004,73.37,11.37,,
XEL,2026-08-29,Utilities,Utilities - Regulated Electric,47750000000.0,20.93,16.8,1.71,3.27,1.98,,9.92,2.75,3.6,25.980000000000004,21.16,15.289999999999997,8.29,10.57,9.85,4.2,4.94,1.73,1.58,0.7,0.62,3.1300000000000003,0.19,98.23,6.53,,
XHR,2026-08-29,Real Estate,REIT - Hotel & Motel,1800000000.0,,30.65,,1.64,1.62,15.54,-0.62,-0.26,-0.29,14.360000000000001,6.64,-0.7,-71.09,243.24,,,23.87,1.25,1.24,2.18,2.18,2.93,0.73,97.08,4.16,,
XNCR,2026-08-29,Healthcare,Biotechnology,1940000000.0,,,,18.46,3.85,,-29.07,-20.36,-25.44,90.3,-205.84000000000003,-155.59,-145.19,-7.31,,-0.43,0.47,0.34,0.28,6.39,6.39,,5.89,109.49,20.28,,
XOM,2026-08-29,Energy,Oil & Gas Integrated,644380000000.0,20.17,14.72,1.04,1.77,2.48,21.09,12.55,7.180000000000001,11.23,20.88,11.3,9.01,65.19,-7.8,14.14,,12.7,0.16,0.12,1.13,0.85,2.65,0.21,68.06,0.9,,
XPEL,2026-08-29,Consumer Cyclical,Auto Parts,1370000000.0,25.16,17.5,0.58,2.7,4.48,,19.48,13.84,15.08,42.9,13.41,10.77,18.92,29.24,30.32,22.82,24.54,0.21,0.19,2.61,1.14,,9.44,85.86,10.41,,
XPO,2026-08-29,Industrials,Trucking,22080000000.0,55.45,29.09,1.04,2.58,11.24,37.36,21.59,4.91,7.19,12.75,9.82,4.71,46.97,18.22,28.09,,-4.37,2.03,1.86,1.01,1.01,,3.2799999999999994,102.44,5.32,,
XRAY,2026-08-29,Healthcare,Medical Instruments & Supplies,2220000000.0,,7.32,4.36,0.61,1.64,15.5,-32.98,-9.69,-15.9,49.52,5.08,-14.99,-4.44,-0.63,1.68,-51.27,1.95,1.71,1.54,1.63,1.07,0.58,0.8500000000000001,114.82999999999998,9.96,,
XYL,2026-08-29,Industrials,Specialty Industrial Machinery,25990000000.0,26.44,17.86,1.71,2.85,2.49,28.16,9.47,5.9,7.94,39.09,15.370000000000001,11.17,11.49,10.04,10.45,22.83,13.14,0.29,0.23,1.61,1.24,1.55,0.34,98.11,3.38,,
XYZ,2026-08-29,Technology,Software - Infrastructure,50210000000.0,148.78,15.98,0.4,2.0,2.28,12.93,1.6200000000000003,0.9399999999999998,1.25,45.81,17.59,1.43,71.13,28.98,39.96,36.61,20.56,0.33,0.3,2.21,2.19,,11.48,75.37,2.57,,
YELP,2026-08-29,Communication Services,Internet Content & Information,1260000000.0,11.1,9.16,1.77,0.85,1.98,4.24,18.19,12.839999999999998,16.64,85.59,12.689999999999998,8.59,-19.32,40.0,5.18,,10.91,0.19,0.18,1.75,1.75,,4.44,111.66,16.65,,
YETI,2026-08-29,Consumer Cyclical,Leisure,3030000000.0,18.09,12.32,0.91,1.57,4.98,11.88,25.319999999999997,13.73,21.22,59.209999999999994,12.18,9.24,19.8,13.53,13.6,2.71,11.35,0.42,0.38,1.75,0.87,1.04,1.46,123.26000000000002,11.0,,
YOU,2026-08-29,Technology,Software - Application,5880000000.0,29.65,19.77,0.54,5.87,21.5,11.56,90.29,10.72,47.7,63.18,25.129999999999995,14.78,63.39,20.04,36.75,,31.3,0.53,0.5,1.04,1.04,1.6099999999999999,7.35,95.0,11.97,,
YUM,2026-08-29,Consumer Cyclical,Restaurants,41990000000.0,19.35,21.16,2.11,4.81,,25.01,,28.42,63.45,45.33,32.42,25.420000000000005,9.07,10.21,10.03,13.51,7.76,,,0.59,0.59,1.94,0.15,91.78,3.17,,
ZBH,2026-08-29,Healthcare,Medical Devices,19250000000.0,24.56,11.13,1.9,2.26,1.52,16.04,6.419999999999999,3.53,4.27,61.42999999999999,16.33,9.48,4.03,6.29,5.85,,3.22,0.59,0.5,1.69,0.94,1.03,0.22,106.65,4.62,,
ZBRA,2026-08-29,Technology,Communication Equipment,16860000000.0,32.62,16.06,1.09,2.86,4.92,18.65,15.289999999999997,6.5,13.2,47.56,17.16,9.16,33.36,5.09,14.77,-2.63,4.06,0.86,0.19,0.52,0.33,,0.97,105.78,4.04,,
ZD,2026-08-29,Communication Services,Advertising Agencies,1910000000.0,,9.7,1.92,1.44,0.87,6.04,-2.75,-1.49,-1.12,69.25,10.2,-2.5,-23.45,13.45,5.05,-18.45,4.6,0.39,0.32,2.16,2.16,,10.67,121.51,14.63,,
ZION,2026-08-29,Financial,Banks - Regional,9890000000.0,8.63,9.87,1.37,1.92,1.3,5.44,16.19,1.3,11.71,,29.059999999999995,22.3,33.17,-14.23,7.2,14.71,10.9,0.45,0.29,0.15,,2.7,1.5700000000000003,84.41,3.82,,
ZTS,2026-08-29,Healthcare,Drug Manufacturers - Specialty & Generic,31960000000.0,12.72,11.97,3.95,3.36,10.17,13.51,64.39,17.7,21.12,70.22,37.65,27.49,-2.45,3.36,3.03,11.96,7.24,2.93,2.93,3.08,1.84,2.77,0.22999999999999998,100.05999999999999,4.07,,
ZWS,2026-08-29,Industrials,Pollution & Treatment Controls,7970000000.0,29.5,23.73,1.8,4.46,4.81,21.22,16.92,10.03,12.59,45.72,21.33,15.45,20.43,10.6,13.19,-2.0,-2.36,0.33,0.32,3.05,2.13,0.93,11.74,90.48,3.14,,
