ticker,as_of,sector,industry,market_cap,pe,forward_pe,peg,ps,pb,pfcf,roe,roa,roi,gross_margin,oper_margin,net_margin,eps_growth,eps_growth_next_y,eps_growth_5y,eps_growth_past5y,sales_growth,debt_equity,lt_debt_equity,current_ratio,quick_ratio,dividend_yield,insider_own,inst_own,short_float,promoter_holding,pledged_pct
A,2026-09-26,Healthcare,Diagnostics & Research,48710000000.0,34.02,25.62,2.52,6.61,6.62,38.45,20.97,11.0,13.08,53.72,24.09,19.53,10.95,8.75,10.16,14.68,5.41,0.54,0.5,2.05,1.56,0.59,0.34,95.48,1.81,,
AA,2026-09-26,Basic Materials,Aluminum,11310000000.0,8.79,7.14,0.36,0.82,1.53,32.13,19.1,8.1,13.45,14.2,11.66,9.33,71.69,-7.28,19.72,,7.07,0.3,0.3,1.53,0.92,0.93,0.54,83.62,4.57,,
AAL,2026-09-26,Industrials,Airlines,9180000000.0,,6.62,0.06,0.16,,32.22,,-0.51,-1.18,17.86,1.83,-0.56,-131.0,1977.38,107.04,,25.8,,,0.53,0.42,,1.58,78.35,14.06,,
AAMI,2026-09-26,Financial,Asset Management,3330000000.0,33.12,14.53,0.43,4.79,36.22,13.75,200.4,13.26,29.42,96.56,26.6,14.59,64.92,20.52,33.77,-8.76,3.76,2.8,2.75,1.06,1.06,0.44,0.52,103.25,3.04,,
AAON,2026-09-26,Industrials,Building Products & Equipment,7350000000.0,46.61,25.18,0.5,3.8,7.27,,17.28,9.76,10.76,24.05,11.05,8.24,74.25,50.4,50.11,5.45,22.89,0.48,0.47,3.01,2.01,0.45000000000000007,16.45,84.33,7.07,,
AAP,2026-09-26,Consumer Cyclical,Auto Parts,2520000000.0,30.29,10.63,0.42,0.29,1.11,109.59,4.84,0.96,1.12,45.03,3.91,0.97,32.98,30.58,25.43,-36.7,-3.17,2.31,2.31,1.75,0.85,2.41,1.9799999999999998,125.39,17.39,,
AAPL,2026-09-26,Technology,Consumer Electronics,4977640000000.0,39.1,35.51,2.79,10.66,46.34,36.42,148.75,36.08,72.08,48.65,33.17,27.62,18.36,8.77,12.75,17.91,8.71,0.78,0.66,1.0,0.93,0.32,0.12,68.89,0.88,,
AAT,2026-09-26,Real Estate,REIT - Diversified,1330000000.0,72.86,58.32,,3.01,1.18,14.95,1.6399999999999997,0.65,0.67,31.269999999999996,22.77,4.09,-57.61,-5.13,-23.0,14.72,6.88,1.53,1.53,2.46,2.46,6.3,25.22,79.61,4.15,,
ABBV,2026-09-26,Healthcare,Drug Manufacturers - General,467120000000.0,74.74,16.11,0.75,7.25,,25.65,15221.82,4.6,11.08,71.42,34.18,9.74,40.5,16.81,21.47,-2.81,5.95,,,0.81,0.69,2.6,0.1,78.21,1.1,,
ABCB,2026-09-26,Financial,Banks - Regional,5520000000.0,14.89,11.71,1.31,3.24,1.35,10.58,9.4,1.36,8.87,,33.34,22.11,10.64,6.06,8.97,9.71,7.93,0.34,0.04,0.16,,0.98,5.82,99.96,4.34,,
ABG,2026-09-26,Consumer Cyclical,Auto & Truck Dealerships,3320000000.0,6.92,6.1,1.06,0.18,0.85,6.8,13.23,4.73,7.13,16.61,5.08,2.83,-5.97,14.9,5.76,13.75,20.34,1.41,0.82,0.91,0.29,,0.9399999999999998,106.67,7.32,,
ABM,2026-09-26,Industrials,Specialty Business Services,2920000000.0,17.98,11.44,1.12,0.32,1.63,9.34,9.19,3.06,4.62,11.34,4.68,1.82,16.49,8.62,10.17,256.47,7.87,1.05,1.01,1.42,1.42,2.33,1.59,102.18,3.49,,
ABNB,2026-09-26,Consumer Cyclical,Travel Services,94290000000.0,35.79,25.19,1.1,7.13,11.91,19.41,34.54,9.65,26.19,72.56,21.21,20.35,32.06,17.47,22.8,,29.5,0.32,0.32,1.41,1.41,,31.34,62.74000000000001,3.58,,
ABR,2026-09-26,Real Estate,REIT - Mortgage,751830000.0,62.77,6.92,,0.63,0.36,2.29,2.01,0.4099999999999999,0.48,94.25,70.95,1.36,-74.53,113.76,,-16.98,12.27,3.99,3.35,0.55,0.24,20.1,4.53,66.76,23.64,,
ABT,2026-09-26,Healthcare,Medical Devices,175270000000.0,32.74,16.7,1.8,3.76,3.43,22.4,10.63,5.59,6.7,52.81,16.44,11.6,7.13,9.93,9.3,8.23,5.08,0.64,0.58,1.38,0.97,2.54,0.69,82.11,1.16,,
ACA,2026-09-26,Industrials,Engineering & Construction,7200000000.0,54.86,30.12,7.38,2.62,2.41,53.29,7.24,3.8599999999999994,2.93,23.04,11.18,4.78,-4.25,13.73,4.08,14.24,8.3,0.51,0.5,3.12,2.31,0.14,1.91,92.29,3.25,,
ACAD,2026-09-26,Healthcare,Biotechnology,3560000000.0,9.31,22.34,,3.13,2.72,24.47,35.74,25.64,27.85,91.13,7.59,33.42,-73.22,50.32,-12.5,,19.39,0.06,0.05,3.39,3.3,,1.31,97.93,5.69,,
ACGL,2026-09-26,Financial,Insurance - Diversified,32299999999.999996,7.4,9.68,4.28,1.74,1.39,5.33,19.94,6.800000000000001,17.02,,25.11,25.03,-4.86,4.11,2.26,28.39,18.36,0.18,0.15,0.5,,0.18,2.88,94.06,2.19,,
ACHC,2026-09-26,Healthcare,Medical Care Facilities,2620000000.0,,15.21,5.39,0.78,1.29,,-44.54,-19.0,-25.08,16.26,10.06,-33.44,-23.69,20.98,2.82,,9.65,1.3,1.27,1.57,1.56,,6.49,138.57,24.71,,
ACI,2026-09-26,Consumer Defensive,Grocery Stores,5660000000.0,156.02,,,0.07,3.54,10.04,2.72,0.25,0.42,24.96,1.96,0.08,-17.68,,-5.08,-24.7,3.6,9.74,8.81,0.84,0.21,4.66,33.03,64.42,17.22,,
ACIW,2026-09-26,Technology,Software - Infrastructure,5000000000.0,22.65,16.84,,2.75,3.35,16.04,15.620000000000001,7.24,9.83,43.7,19.02,12.4,19.91,13.51,,28.58,6.34,0.58,0.53,1.58,1.58,,1.92,103.98,6.49,,
ACLS,2026-09-26,Technology,Semiconductor Equipment & Materials,3800000000.0,41.4,23.37,1.23,4.39,3.57,58.0,8.89,6.849999999999999,8.22,43.01,10.33,10.71,-15.86,28.3,19.03,20.99,12.07,0.07,0.06,4.9,3.21,,1.33,101.8,4.71,,
ACM,2026-09-26,Industrials,Engineering & Construction,7840000000.0,22.23,9.54,0.83,0.51,3.57,38.52,15.909999999999998,3.07,6.77,5.68,4.65,2.35,-24.35,60.41,11.48,,4.04,1.52,1.43,1.06,1.06,1.41,0.66,94.74,4.96,,
ACMR,2026-09-26,Technology,Semiconductor Equipment & Materials,5380000000.0,36.72,24.41,0.62,5.19,2.89,,10.55,5.52,7.3,43.84,13.29,14.48,39.26,41.23,39.48,35.88,41.91,0.19,0.11,3.65,2.66,0.19,16.47,70.6,7.11,,
ACN,2026-09-26,Technology,Information Technology Services,107770000000.0,14.06,12.03,1.84,1.47,3.38,8.57,24.95,11.79,19.76,31.730000000000004,15.47,10.66,7.23,5.6,6.52,9.01,9.47,0.26,0.24,1.34,1.34,3.6900000000000004,0.22,82.88,4.06,,
ACT,2026-09-26,Financial,Insurance - Specialty,6460000000.0,9.9,9.28,1.87,5.15,1.2,8.96,12.869999999999997,9.95,11.13,,73.11,54.510000000000005,6.23,5.43,4.97,14.7,2.24,0.14,0.14,1.62,,1.9799999999999998,79.64,22.2,9.83,,
ADAM,2026-09-26,Real Estate,REIT - Mortgage,731620000.0,4.84,7.87,,0.88,0.79,4.77,14.17,1.72,3.53,85.74,82.71,18.6,19.73,-21.48,-4.19,,35.33,7.69,2.89,0.06,0.06,12.83,6.63,58.099999999999994,3.79,,
ADBE,2026-09-26,Technology,Software - Application,91640000000.0,13.14,8.48,0.58,3.53,7.83,8.65,61.9,24.8,43.25,88.68,36.42,28.050000000000004,16.92,13.38,14.75,9.04,13.06,0.57,0.43,0.77,0.77,,0.18,89.06,4.76,,
ADC,2026-09-26,Real Estate,REIT - Retail,8390000000.000001,36.35,34.32,7.38,10.77,1.32,15.82,3.6900000000000004,2.29,2.38,54.25,48.43,27.83,7.3,3.54,4.65,0.32,23.65,0.6,0.45,0.16,0.16,4.74,2.16,115.53999999999999,5.56,,
ADEA,2026-09-26,Technology,Software - Application,2810000000.0,23.55,15.92,5.09,5.97,5.89,14.9,27.88,11.7,14.42,86.76,46.81,26.05,-13.71,12.43,3.13,-10.86,-13.05,0.83,0.78,3.25,3.25,0.78,2.76,104.27,6.97,,
ADI,2026-09-26,Technology,Semiconductors,190720000000.0,46.71,23.63,0.65,13.74,5.68,38.63,12.23,8.56,10.25,60.39,35.89,29.79,65.19,29.45,36.14,6.82,14.49,0.27,0.2,1.25,0.91,1.08,0.26,94.18,1.78,,
ADM,2026-09-26,Consumer Defensive,Farm Products,39100000000.0,22.21,13.87,0.72,0.48,1.66,23.31,7.7,3.35,5.7,7.02,2.49,2.15,56.83,8.73,19.36,-6.68,4.52,0.4,0.32,1.39,0.86,2.62,0.69,89.61,3.05,,
ADMA,2026-09-26,Healthcare,Biotechnology,2100000000.0,13.31,9.94,0.45,4.1,5.18,18.04,41.9,27.190000000000005,27.83,64.67,42.26,32.98,21.3,18.41,22.25,,64.6,0.5,0.49,6.97,3.81,,4.16,90.12,11.28,,
ADNT,2026-09-26,Consumer Cyclical,Auto Parts,1360000000.0,29.48,5.89,0.24,0.09,0.79,4.61,2.73,0.54,1.12,6.15,2.58,0.32,4.87,47.79,24.31,10.31,2.78,1.53,1.48,1.1,0.91,1.81,2.15,98.6,8.95,,
ADP,2026-09-26,Technology,Software - Application,104480000000.0,24.1,19.69,2.09,4.76,17.39,19.92,72.24,7.57,39.05,50.67,26.41,20.11,10.24,9.21,9.43,12.51,7.9,0.91,0.87,1.05,1.05,2.65,0.19,92.0,2.65,,
ADSK,2026-09-26,Technology,Software - Application,43760000000.0,27.13,14.78,0.94,5.6,12.94,15.42,53.849999999999994,13.780000000000001,29.62,85.81,23.39,21.01,20.74,12.5,15.75,-0.79,13.69,1.1,0.64,0.86,0.86,,0.37,100.59,4.01,,
ADT,2026-09-26,Industrials,Security & Protection Services,4680000000.0,8.86,6.5,1.04,0.91,1.35,2.9,17.2,3.8699999999999997,5.57,48.75,25.19,11.86,3.64,6.81,6.25,,-0.71,2.24,2.16,0.69,0.52,3.44,9.29,98.6,3.66,,
ADUS,2026-09-26,Healthcare,Medical Care Facilities,2109999999.9999998,19.85,15.07,1.73,1.43,1.84,13.66,9.71,7.35,8.47,31.230000000000004,10.85,7.13,13.11,6.56,8.69,20.22,13.22,0.09,0.08,1.69,1.69,,2.89,105.02,4.85,,
AEE,2026-09-26,Utilities,Utilities - Regulated Electric,27520000000.0,17.5,17.11,2.19,3.14,2.01,,12.02,3.19,4.77,31.72,24.87,17.86,7.19,7.75,7.81,8.84,8.72,1.59,1.39,0.53,0.37,3.04,0.38,90.35,4.4,,
AEIS,2026-09-26,Industrials,Electrical Equipment & Parts,11200000000.0,52.15,18.41,0.43,5.5,7.68,126.43,16.27,7.6,8.18,38.9,14.62,10.77,75.42,35.09,42.46,1.93,4.9,0.95,0.84,3.79,2.94,0.11,0.93,101.16000000000001,4.58,,
AEO,2026-09-26,Consumer Cyclical,Apparel Retail,2780000000.0,8.49,8.64,0.61,0.49,1.58,8.09,20.36,8.08,9.98,37.23,9.34,5.91,42.69,-10.3,14.22,,8.09,1.09,0.91,1.59,0.62,2.45,7.000000000000001,100.98,10.85,,
AEP,2026-09-26,Utilities,Utilities - Regulated Electric,64430000000.00001,20.51,17.24,2.07,2.84,2.01,,10.14,2.74,3.9,30.870000000000005,23.33,13.819999999999999,6.92,7.53,8.34,8.53,7.88,1.67,1.51,0.5,0.38,3.25,0.18,94.52,4.71,,
AES,2026-09-26,Utilities,Utilities - Diversified,10610000000.0,5.56,6.14,1.67,0.81,2.15,,28.22,3.72,5.21,20.26,18.69,14.679999999999998,-2.18,5.75,3.67,82.82,4.83,4.02,3.58,0.75,0.67,4.77,0.6,92.01,2.61,,
AESI,2026-09-26,Energy,Oil & Gas Equipment & Services,1560000000.0,,,,1.46,1.4,,-9.93,-4.93,-5.65,4.16,-9.39,-11.08,-125.03,79.8,,-3.59,57.85,0.94,0.88,1.82,1.58,,35.92,84.98,29.97,,
AFG,2026-09-26,Financial,Insurance - Property & Casualty,11460000000.0,12.08,11.34,1.62,1.41,2.38,8.01,20.41,3.73,13.91,,14.31,11.69,19.91,-1.25,7.0,4.21,7.53,0.42,0.42,0.5,,5.13,17.06,70.24,2.51,,
AFL,2026-09-26,Financial,Insurance - Life,57010000000.0,12.19,15.07,9.3,3.16,1.88,21.54,16.91,4.05,12.69,,33.36,26.91,-6.41,7.65,1.62,0.43,-4.97,0.29,0.26,1.0,,2.15,11.0,60.650000000000006,2.6,,
AGCO,2026-09-26,Industrials,Farm & Heavy Construction Machinery,8270000000.0,16.33,16.08,0.72,0.8,2.02,25.02,12.93,4.41,8.37,24.56,6.59,5.15,6.67,30.28,22.39,11.57,1.96,0.7,0.56,1.32,0.58,1.02,15.909999999999998,95.9,5.91,,
AGNT,2026-09-26,Real Estate,Real Estate Services,606640000.0,,64.06,,0.12,2.16,6.53,-6.890000000000001,-3.37,-6.12,6.83,-0.22999999999999998,-0.35,192.86,-56.41,,,21.56,0.02,0.0,1.52,1.52,5.51,40.05,39.11,14.78,,
AGO,2026-09-26,Financial,Insurance - Specialty,3060000000.0,9.3,10.16,,3.3,0.55,9.43,6.27,2.84,4.72,,55.94,37.47,-23.67,-1.27,-3.38,19.7,-1.19,0.34,0.34,5.8,,2.19,6.24,94.21,5.52,,
AGX,2026-09-26,Industrials,Engineering & Construction,5110000000.0,28.8,22.95,0.95,4.3,10.09,9.37,39.85,15.7,35.38,20.68,15.36,15.09,33.85,21.77,24.28,45.23,19.22,0.02,0.0,1.5,1.49,0.52,3.4099999999999997,111.39000000000001,9.59,,
AGYS,2026-09-26,Technology,Software - Application,2810000000.0,66.01,31.13,0.86,8.51,8.3,34.94,13.8,9.54,12.2,60.199999999999996,12.0,12.990000000000002,37.22,30.33,36.11,,18.41,0.05,0.04,1.74,1.67,,7.91,105.91,6.38,,
AHCO,2026-09-26,Healthcare,Medical Devices,768980000.0,,,,0.24,0.56,7.87,-16.12,-5.5,-6.73,15.939999999999998,4.54,-7.049999999999999,-132.73,87.99,-20.65,29.83,25.16,1.5,1.45,1.12,0.98,,36.66,77.42,11.16,,
AHR,2026-09-26,Real Estate,REIT - Healthcare Facilities,11420000000.0,77.16,66.27,2.23,4.56,2.74,58.4,3.9599999999999995,2.37,2.33,9.45,6.819999999999999,4.84,42.19,31.44,29.68,103.46,12.68,0.42,0.41,1.19,1.19,1.94,23.93,80.04,11.52,,
AIG,2026-09-26,Financial,Insurance - Diversified,38780000000.0,13.59,8.43,0.83,1.46,0.96,10.07,7.22,2.36,5.97,,16.86,11.13,13.41,9.44,10.11,,-9.35,0.22,0.22,0.91,,2.62,0.25,98.08,2.02,,
AIN,2026-09-26,Consumer Cyclical,Textile Manufacturing,1730000000.0,,19.22,,1.42,2.32,29.61,-6.260000000000001,-2.98,-4.28,21.06,-0.9000000000000001,-4.18,387.57,-6.48,,,5.6,0.6,0.6,2.24,1.89,1.81,0.8500000000000001,105.18,3.82,,
AIR,2026-09-26,Industrials,Aerospace & Defense,4670000000.0,23.85,17.7,1.31,1.41,2.72,78.43,12.879999999999999,5.95,6.95,18.8,8.44,5.67,13.92,14.0,13.48,37.27,14.89,0.59,0.58,2.84,1.24,,2.47,101.34,4.07,,
AIT,2026-09-26,Industrials,Industrial Distribution,12250000000.0,30.43,25.2,2.89,2.47,6.59,26.59,22.37,13.4,18.08,29.01,11.69,8.35,9.89,9.93,8.73,24.34,8.95,0.26,0.23,2.58,1.75,0.63,0.8100000000000002,97.29,2.46,,
AIZ,2026-09-26,Financial,Insurance - Property & Casualty,13070000000.0,12.58,11.35,1.41,0.97,2.15,7.89,18.34,3.6699999999999995,13.28,,10.71,7.9,12.77,4.72,8.03,20.6,5.96,0.36,0.31,3.28,,1.31,0.78,101.34,2.7,,
AJG,2026-09-26,Financial,Insurance Brokers,59230000000.0,38.24,15.53,0.97,3.76,2.5,25.9,6.72,1.94,4.34,90.43,17.08,9.96,23.4,12.81,15.97,6.47,15.25,0.59,0.53,1.05,1.05,1.21,1.9299999999999997,94.41,2.54,,
AKAM,2026-09-26,Technology,Software - Infrastructure,16379999999.999998,41.1,16.83,3.2,3.79,3.45,26.0,8.92,3.2099999999999995,3.42,53.37,11.92,9.51,-6.19,1.35,5.26,-1.83,5.64,1.97,1.53,1.61,1.61,,2.23,114.55,13.38,,
AKR,2026-09-26,Real Estate,REIT - Retail,2690000000.0,56.89,59.98,3.79,6.65,1.13,86.04,1.9299999999999997,0.9399999999999998,1.13,31.69,19.41,11.01,99.47,-24.26,15.83,,10.36,0.76,0.69,1.29,1.29,4.16,0.53,121.22999999999999,9.29,,
ALB,2026-09-26,Basic Materials,Specialty Chemicals,12950000000.0,,11.19,,2.19,1.61,9.65,2.19,1.35,1.84,23.84,14.12,0.97,1552.94,-14.56,,,10.45,0.19,0.18,2.09,1.35,1.48,0.27,100.92000000000002,9.44,,
ALG,2026-09-26,Industrials,Farm & Heavy Construction Machinery,1940000000.0,19.1,13.09,,1.17,1.61,14.34,8.77,6.16,6.94,23.11,8.91,6.08,12.37,15.65,,11.99,6.63,0.23,0.23,4.39,2.48,0.8500000000000001,4.1,98.83,4.5,,
ALGM,2026-09-26,Technology,Semiconductors,6850000000.0,489.48,24.5,0.43,7.24,7.1,78.0,1.51,1.01,1.13,47.2,6.22,1.5,90.31,45.99,56.9,,8.53,0.32,0.31,3.7,2.33,,32.9,79.9,8.35,,
ALGN,2026-09-26,Healthcare,Medical Instruments & Supplies,10430000000.0,25.46,11.71,1.24,2.52,2.47,16.46,10.16,6.550000000000001,9.58,70.65,18.38,9.99,7.44,11.05,9.46,-24.08,10.3,0.03,0.02,1.4,1.28,,3.32,105.22,5.68,,
ALGT,2026-09-26,Industrials,Airlines,2160000000.0,56.22,7.33,0.13,0.75,1.22,,1.76,0.45999999999999996,0.58,12.710000000000003,8.64,0.86,65.55,71.43,55.58,26.48,21.36,1.6,1.42,0.83,0.8,,10.37,97.83,9.72,,
ALHC,2026-09-26,Healthcare,Healthcare Plans,1700000000.0,43.97,19.98,,0.37,6.42,9.59,20.04,3.5699999999999994,6.83,,1.2,0.89,,126.35,,50.33,32.71,1.25,1.25,1.7,,,4.38,114.41,12.41,,
ALK,2026-09-26,Industrials,Airlines,4570000000.0,,7.4,0.15,0.31,1.24,,-4.6,-0.8500000000000001,-1.65,10.78,-0.32,-1.19,-163.39,457.77,48.06,,31.9,2.08,1.89,0.55,0.51,,0.7,92.58,10.39,,
ALKS,2026-09-26,Healthcare,Drug Manufacturers - Specialty & Generic,6850000000.0,106.1,76.52,,4.11,3.78,30.92,3.85,1.9900000000000002,1.98,82.13,8.62,3.9699999999999998,-136.96,201.02,-7.18,,7.28,0.87,0.85,2.3,1.85,,2.98,105.3,9.31,,
ALL,2026-09-26,Financial,Insurance - Property & Casualty,57550000000.0,4.55,8.23,,0.82,1.82,4.7,46.11,11.93,32.3,,23.82,18.8,1.83,-22.07,-8.86,17.07,10.06,0.22,0.22,0.43,,1.8900000000000001,0.51,86.73,2.4,,
ALLE,2026-09-26,Industrials,Security & Protection Services,13140000000.0,20.27,15.79,1.67,3.06,6.2,19.28,33.73,12.82,15.34,44.8,20.83,15.36,10.03,9.23,9.48,16.9,8.38,1.05,1.03,1.93,1.23,1.4,0.45000000000000007,104.93999999999998,3.54,,
ALLY,2026-09-26,Financial,Credit Services,11800000000.0,9.14,6.07,0.26,0.75,0.87,14.88,9.68,0.75,4.93,,11.32,8.41,36.86,22.47,23.15,-3.8,7.13,1.49,0.9,0.98,,3.1,0.79,96.14,4.96,,
ALRM,2026-09-26,Technology,Software - Application,2620000000.0,23.59,17.39,2.2,2.47,3.03,13.96,14.19,6.280000000000001,8.28,62.57,13.01,11.11,10.41,6.14,7.89,9.96,10.35,0.66,0.65,4.96,4.38,,5.83,99.87,6.39,,
ALSN,2026-09-26,Consumer Cyclical,Auto Parts,9400000000.0,18.08,10.45,0.51,2.14,4.76,13.22,28.35,7.490000000000001,8.57,35.35,21.4,12.02,11.08,33.86,20.46,22.82,7.66,2.14,2.12,1.81,1.17,0.98,0.8199999999999998,103.86,2.95,,
ALV,2026-09-26,Consumer Cyclical,Auto Parts,8610000000.0,13.84,9.81,0.84,0.78,3.46,11.37,25.929999999999996,7.580000000000001,15.0,19.22,9.97,5.79,2.8,18.33,11.66,34.94,7.75,0.88,0.72,1.03,0.79,2.92,0.36,69.89,6.3,,
AM,2026-09-26,Energy,Oil & Gas Midstream,9930000000.0,25.12,16.04,0.81,7.57,5.11,12.81,19.82,6.61,7.21,62.92,56.10000000000001,30.409999999999997,27.05,19.41,19.75,,5.33,1.86,1.85,0.84,0.84,4.31,30.65,60.480000000000004,3.67,,
AMAT,2026-09-26,Technology,Semiconductor Equipment & Materials,384890000000.0,41.82,25.92,0.69,12.48,15.02,68.45,41.07,23.84,29.37,49.4,31.09,30.049999999999997,36.0,46.06,37.53,17.18,10.52,0.29,0.23,2.42,1.79,0.4,0.5,86.96,1.79,,
AMCR,2026-09-26,Consumer Cyclical,Packaging & Containers,19650000000.0,17.83,,,0.84,1.67,15.27,9.41,2.98,4.17,17.54,8.61,4.71,,,,-4.62,12.82,1.28,1.25,1.25,0.76,6.12,0.27,81.85,4.67,,
AMD,2026-09-26,Technology,Semiconductors,1029490000000.0,161.85,39.66,0.52,24.92,15.31,122.51,10.2,8.12,9.11,50.36999999999999,15.71,15.58,82.92,108.46,76.36,5.13,28.82,0.06,0.05,2.61,1.91,,0.51,75.17,2.46,,
AME,2026-09-26,Industrials,Specialty Industrial Machinery,57480000000.0,36.65,27.05,2.62,7.31,5.1,31.88,14.56,9.89,12.58,40.94,26.450000000000003,20.04,12.3,11.11,10.33,11.14,10.27,0.21,0.11,1.21,0.76,0.54,0.42,92.84,1.29,,
AMG,2026-09-26,Financial,Asset Management,9660000000.0,13.04,8.66,0.32,4.25,3.2,8.67,27.29,9.4,14.17,93.99,21.7,37.63,41.85,16.76,27.09,39.32,0.54,0.99,0.99,1.29,1.29,0.01,4.39,98.56,4.2,,
AMGN,2026-09-26,Healthcare,Drug Manufacturers - General,224150000000.0,25.76,16.96,2.96,5.87,19.18,22.03,91.47,9.53,13.76,72.71,33.31,22.89,5.66,5.95,5.72,2.93,7.79,4.9,4.44,1.37,1.13,2.44,0.22999999999999998,85.53,2.61,,
AMH,2026-09-26,Real Estate,REIT - Residential,11020000000.0,24.23,38.33,,5.83,1.62,14.08,6.83,3.5699999999999994,4.0,31.240000000000002,24.78,24.5,-7.74,-26.57,-15.31,33.63,9.55,0.76,0.75,1.0,1.0,4.3,8.39,92.17,3.52,,
AMKR,2026-09-26,Technology,Semiconductor Equipment & Materials,13320000000.0,24.06,19.17,0.63,1.79,2.86,,12.560000000000002,6.38,7.81,15.509999999999998,8.92,7.449999999999999,71.18,8.93,30.51,1.52,5.84,0.58,0.53,2.17,1.91,0.65,75.53,47.42,16.28,,
AMN,2026-09-26,Healthcare,Medical Care Facilities,1340000000.0,12.9,36.88,,0.39,1.81,3.05,15.560000000000002,4.59,6.94,23.8,4.68,3.05,141.75,-71.5,-3.75,,2.67,1.05,1.04,1.13,1.13,,0.98,120.95,9.1,,
AMP,2026-09-26,Financial,Asset Management,43550000000.0,11.89,9.54,0.71,2.2,6.85,5.3,63.43,2.06,31.09,51.56,27.140000000000004,19.91,18.28,11.18,13.43,24.35,9.49,1.03,0.99,8.47,8.47,1.37,0.25,91.67,3.1,,
AMPH,2026-09-26,Healthcare,Drug Manufacturers - Specialty & Generic,1110000000.0,15.31,8.21,6.13,1.52,1.45,7.27,10.3,4.68,5.44,45.61,15.659999999999998,10.76,-8.59,7.09,1.34,134.65,15.53,0.9,0.88,2.4,1.71,,27.35,68.23,16.16,,
AMR,2026-09-26,Basic Materials,Coking Coal,2210000000.0,,11.46,,1.07,1.48,,-2.96,-1.9900000000000002,-3.06,0.93,-2.17,-2.23,17.74,527.22,,27.94,8.5,0.01,0.01,3.41,2.37,,20.02,89.4,12.7,,
AMRX,2026-09-26,Healthcare,Drug Manufacturers - Specialty & Generic,6310000000.0,41.26,16.59,0.81,2.03,191.16,77.83,,4.37,5.82,39.32,15.299999999999999,5.05,23.35,16.44,20.5,-18.36,8.66,84.55,80.87,2.2,1.44,,55.02,47.98,7.86,,
AMSF,2026-09-26,Financial,Insurance - Specialty,435780000.0,9.46,11.68,,1.3,1.74,22.57,18.23,4.56,18.79,,17.45,14.000000000000002,-9.82,1.9,-6.33,-11.19,-1.35,0.0,0.0,0.64,,6.98,2.09,101.15,6.17,,
AMT,2026-09-26,Real Estate,REIT - Specialty,78760000000.0,23.24,23.99,1.8,7.2,21.17,19.89,91.52,5.35,7.94,54.84,45.16,31.08,29.07,1.07,13.3,7.32,5.77,12.09,10.51,0.35,0.35,4.25,0.19,97.91,1.31,,
AMTM,2026-09-26,Industrials,Specialty Business Services,4690000000.0,22.99,7.27,0.73,0.33,1.0,9.9,4.46,1.77,2.41,7.400000000000001,3.93,1.44,10.53,7.58,9.96,192.57,25.04,0.81,0.8,1.52,1.52,,19.32,71.53,6.2,,
AMZN,2026-09-26,Consumer Cyclical,Internet Retail,2693020000000.0,20.08,23.5,0.96,3.47,4.88,,30.56,15.22,17.46,50.77,12.68,17.44,78.13,-16.81,24.57,27.96,13.18,0.44,0.4,1.03,0.87,,8.99,69.42,0.83,,
AN,2026-09-26,Consumer Cyclical,Auto & Truck Dealerships,5520000000.0,7.74,6.7,0.52,0.2,2.45,,32.77,5.33,8.87,16.92,4.69,2.82,7.57,14.61,12.91,31.69,6.27,5.02,2.87,0.78,0.18,,28.360000000000003,73.34,11.14,,
ANDE,2026-09-26,Consumer Defensive,Food Distribution,2280000000.0,12.93,10.49,,0.21,1.74,39.98,13.22,5.12,9.42,7.01,1.24,1.6200000000000003,95.94,16.77,,64.37,6.42,0.68,0.43,1.51,0.81,1.19,4.23,90.56,4.21,,
ANET,2026-09-26,Technology,Computer Hardware,260510000000.0,65.12,39.51,1.36,24.71,17.6,50.53,31.480000000000004,20.1,27.33,63.0,43.14,38.37,37.86,27.25,28.98,40.7,31.19,0.0,0.0,2.96,2.59,,16.75,74.02,1.26,,
ANF,2026-09-26,Consumer Cyclical,Apparel Retail,5760000000.0,11.62,10.49,0.79,1.08,4.25,10.17,40.5,15.54,22.52,60.709999999999994,13.900000000000002,10.04,30.66,0.43,13.24,,11.0,0.95,0.76,1.41,0.87,,2.15,113.9,12.69,,
ANIP,2026-09-26,Healthcare,Drug Manufacturers - Specialty & Generic,1700000000.0,15.97,7.12,0.48,1.74,2.85,9.83,19.33,7.049999999999999,8.42,51.629999999999995,13.34,10.18,17.55,12.11,14.91,,33.48,1.02,0.99,2.91,2.4,,12.14,101.32,12.34,,
AON,2026-09-26,Financial,Insurance Brokers,58970000000.0,15.33,13.52,1.16,3.36,6.14,18.16,44.88,7.290000000000001,16.82,89.58,28.470000000000002,22.27,9.95,9.54,11.69,15.04,9.34,1.65,1.42,1.03,1.03,1.15,1.02,93.86,1.76,,
AORT,2026-09-26,Healthcare,Medical Devices,1100000000.0,,78.37,2.6,2.34,2.47,,-0.73,-0.33,-0.37,61.17,6.63,-0.67,-228.57,206.94,30.11,,11.75,0.92,0.9,2.97,2.01,,5.33,94.48,7.11,,
AOS,2026-09-26,Industrials,Specialty Industrial Machinery,7970000000.0,16.35,14.4,3.04,2.09,4.35,12.47,27.13,14.52,20.18,38.51,18.09,13.15,-3.06,9.12,4.73,12.66,5.76,0.37,0.35,1.59,1.04,2.46,20.2,95.04,9.78,,
AOSL,2026-09-26,Technology,Semiconductors,845140000.0,,88.67,,1.24,1.06,,-5.22,-4.23,-5.18,22.32,-6.36,-6.23,-28.49,157.01,,,0.66,0.04,0.02,3.44,1.85,,19.14,75.78,11.94,,
APA,2026-09-26,Energy,Oil & Gas E&P,14970000000.0,9.04,9.79,2.19,1.7,2.13,7.12,25.95,9.3,15.58,48.0,41.32,19.04,61.15,-28.14,4.48,,15.0,0.55,0.53,0.95,0.79,2.35,0.4699999999999999,104.71,7.03,,
APAM,2026-09-26,Financial,Asset Management,2930000000.0,8.98,9.11,14.46,2.22,6.11,6.31,67.84,18.73,37.01,,36.65,20.63,-1.84,2.92,0.63,3.56,6.88,0.75,0.75,2.89,2.89,9.79,2.22,98.45,5.37,,
APD,2026-09-26,Basic Materials,Specialty Chemicals,62740000000.0,,19.5,2.15,4.98,4.52,,-0.32,-0.12,-0.15,32.11,24.29,-0.38,11.84,7.37,9.08,,6.33,1.31,1.24,1.08,0.92,2.57,0.05,93.55,1.83,,
APG,2026-09-26,Industrials,Engineering & Construction,16770000000.0,,19.34,1.28,1.99,4.77,24.81,10.35,3.74,4.98,28.470000000000002,6.41,-3.19,16.49,15.34,15.14,14.03,17.14,1.09,0.98,1.39,1.32,,11.53,84.58,2.77,,
APH,2026-09-26,Technology,Electronic Components,207360000000.0,42.1,25.78,0.85,7.15,13.38,43.99,38.08,14.6,15.74,38.95,28.13,17.73,59.4,22.55,30.37,27.86,21.85,1.21,1.11,1.89,1.41,0.63,0.48,97.78,1.29,,
APLE,2026-09-26,Real Estate,REIT - Hotel & Motel,3820000000.0,21.84,21.8,5.05,2.65,1.22,13.17,5.53,3.58,3.87,20.52,17.81,12.17,-3.58,4.09,4.32,,18.6,0.51,0.44,0.39,0.39,5.93,7.42,88.72,7.53,,
APO,2026-09-26,Financial,Asset Management,71860000000.0,46.03,11.34,0.81,2.0,3.57,7.16,8.63,0.38,5.01,60.370000000000005,21.34,4.57,4.63,22.45,13.97,65.65,68.23,0.65,0.65,0.11,0.11,1.83,27.79,67.85,5.53,,
APOG,2026-09-26,Industrials,Building Products & Equipment,775260000.0,11.69,,,0.55,1.53,6.29,13.76,6.05,8.71,23.84,9.02,4.88,-15.85,,,33.79,2.68,0.56,0.53,1.76,1.34,2.88,3.1300000000000003,94.23,4.63,,
APP,2026-09-26,Communication Services,Advertising Agencies,103990000000.0,23.89,15.46,0.41,15.23,32.94,22.97,203.68,61.99,66.03,87.65,77.74,64.57,61.61,27.55,37.55,,30.45,1.11,1.11,4.3,4.3,,20.32,69.65,4.1,,
APPF,2026-09-26,Technology,Software - Application,7230000000.0,46.56,24.11,0.89,6.95,13.75,26.79,32.09,25.91,28.29,61.56,17.52,15.130000000000003,30.43,22.78,27.23,-2.64,25.12,0.07,0.06,3.69,3.69,,35.93,65.73,10.31,,
APTV,2026-09-26,Consumer Cyclical,Auto Parts,9300000000.0,42.49,6.83,1.72,0.5,1.07,3.47,2.93,1.29,1.54,17.56,9.65,1.17,-13.19,14.07,3.97,-35.19,9.32,0.65,0.64,2.02,1.33,,1.55,105.27,3.61,,
AR,2026-09-26,Energy,Oil & Gas E&P,10760000000.0,10.05,7.91,0.16,1.82,1.3,,13.87,7.739999999999999,8.87,25.75,21.8,18.32,148.25,3.9,48.48,,15.05,0.55,0.47,0.4,0.4,,4.63,90.26,4.48,,
ARCB,2026-09-26,Industrials,Trucking,2800000000.0,179.85,13.13,0.28,0.67,2.21,16.31,1.27,0.66,1.02,7.16,3.07,0.39,85.65,38.82,46.82,-0.53,6.4,0.36,0.26,0.97,0.97,0.4,1.82,103.73999999999998,6.16,,
ARE,2026-09-26,Real Estate,REIT - Office,8700000000.0,,,,3.06,0.55,6.8,-6.3,-2.86,-3.62,23.41,27.279999999999998,-36.32,117.89,-157.64,50.49,,9.93,0.85,0.83,1.57,1.57,5.77,2.38,99.29,3.97,,
ARES,2026-09-26,Financial,Asset Management,40300000000.0,55.63,16.78,0.77,5.75,11.06,,14.13,2.07,3.13,78.9,30.39,6.959999999999999,23.09,24.12,21.7,15.13,31.69,3.75,3.74,0.53,0.53,4.45,8.09,98.6,7.69,,
ARLO,2026-09-26,Industrials,Building Products & Equipment,1380000000.0,46.37,12.52,0.71,2.35,8.71,20.66,22.07,8.8,18.6,45.97,3.17,5.2,35.24,8.29,17.65,,8.18,0.05,0.04,1.4,1.15,,2.94,102.81,11.87,,
ARMK,2026-09-26,Industrials,Specialty Business Services,14480000000.0,38.3,19.51,0.88,0.73,4.26,33.45,11.82,2.81,3.92,5.9,4.39,1.9299999999999997,23.71,23.68,22.26,,7.6,1.91,1.88,1.28,1.14,0.88,0.84,100.0,3.16,,
AROC,2026-09-26,Energy,Oil & Gas Equipment & Services,5340000000.0,16.34,14.84,1.63,3.55,3.44,18.31,21.95,7.32,8.31,48.91,38.33,21.59,-6.01,19.19,9.08,,11.23,1.52,1.52,1.39,0.94,3.02,2.72,100.99000000000001,4.46,,
ARR,2026-09-26,Real Estate,REIT - Mortgage,2000000000.0,3.78,4.81,,1.98,0.75,6.25,20.33,2.21,16.71,95.53,114.36999999999999,41.46,-4.4,0.28,-1.83,,,7.54,0.0,1.12,1.12,20.43,0.18,56.279999999999994,11.55,,
ARW,2026-09-26,Technology,Electronics & Computer Distribution,11850000000.0,14.88,9.49,0.27,0.33,1.69,14.36,12.17,2.59,8.96,10.92,3.7599999999999993,2.26,97.88,12.53,35.14,8.02,1.48,0.31,0.29,1.22,1.01,,0.8699999999999999,103.49,3.29,,
ARWR,2026-09-26,Healthcare,Biotechnology,9310000000.0,,,,13.91,19.99,,-64.78,-18.32,-17.81,96.15,-33.82,-47.79,-35408.46,-35.19,,57.1,56.63,2.96,2.86,5.9,5.9,,5.87,83.06,6.97,,
ASB,2026-09-26,Financial,Banks - Regional,5550000000.0,10.26,8.81,0.99,2.16,1.02,9.53,9.66,1.05,7.78,,24.31,19.17,6.49,11.46,8.86,8.22,15.79,1.02,0.15,0.05,,3.29,12.509999999999998,80.97,4.55,,
ASH,2026-09-26,Basic Materials,Specialty Chemicals,3160000000.0,61.09,16.1,1.22,1.72,1.69,12.75,3.9900000000000007,1.63,1.56,26.590000000000003,8.57,2.82,3.94,22.06,13.17,-15.51,-1.98,0.79,0.78,3.05,1.89,1.94,1.28,117.47000000000001,9.74,,
ASO,2026-09-26,Consumer Cyclical,Specialty Retail,3030000000.0,8.19,6.96,0.67,0.49,1.4,9.13,18.61,7.339999999999999,9.86,35.78,9.55,6.39,16.04,5.29,10.35,10.32,1.25,0.9,0.84,1.74,0.35,0.89,1.42,119.13,13.5,,
ASTE,2026-09-26,Industrials,Farm & Heavy Construction Machinery,950490000.0,49.11,10.37,0.81,0.61,1.38,29.07,2.87,1.58,1.86,25.96,5.38,1.26,-1.43,21.25,12.77,-3.91,6.6,0.57,0.53,2.51,1.09,1.26,1.52,96.8,2.78,,
ASTH,2026-09-26,Healthcare,Medical Care Facilities,1800000000.0,44.38,18.48,0.23,0.47,2.16,19.12,5.08,2.18,2.32,8.82,2.61,1.05,203.89,40.79,78.99,-14.74,35.87,1.18,1.1,1.23,1.23,,20.88,65.12,8.34,,
ATEN,2026-09-26,Technology,Software - Infrastructure,1870000000.0,43.98,21.72,1.48,6.02,7.83,30.66,19.45,6.68,17.99,78.51,16.56,13.849999999999998,15.94,13.54,14.66,20.8,5.2,0.95,0.0,1.27,1.18,0.96,4.5,106.97000000000001,14.01,,
ATI,2026-09-26,Industrials,Metal Fabrication,25260000000.0,54.23,29.67,0.94,5.36,13.46,47.99,26.289999999999996,8.84,12.91,23.52,16.01,10.09,55.97,23.71,31.4,,9.0,1.17,0.96,2.33,1.14,,1.06,94.56,3.22,,
ATMU,2026-09-26,Consumer Cyclical,Auto Parts,3650000000.0,17.1,13.64,1.41,1.92,8.02,19.16,55.78999999999999,13.43,14.49,28.65,16.85,11.32,8.42,10.75,9.66,7.88,7.44,2.32,2.26,2.65,1.83,0.49,0.8699999999999999,108.24000000000001,3.82,,
ATO,2026-09-26,Utilities,Utilities - Regulated Gas,26570000000.0,18.72,17.4,1.84,5.4,1.74,,9.79,4.73,5.59,46.41,36.97,28.49,13.32,6.86,9.45,8.82,10.76,0.68,0.64,0.81,0.73,2.54,0.4099999999999999,98.91,2.56,,
ATR,2026-09-26,Healthcare,Medical Instruments & Supplies,7880000000.0,22.38,19.61,2.62,2.0,3.0,25.37,13.61,7.249999999999999,9.56,28.26,12.37,9.22,-3.88,14.5,7.47,12.87,5.22,0.54,0.44,1.61,1.1,1.58,1.8900000000000001,96.75,3.11,,
AUB,2026-09-26,Financial,Banks - Regional,5540000000.0,11.6,9.61,0.9,2.5,1.07,,9.76,1.29,8.06,,31.55,21.44,9.39,7.26,10.7,0.94,21.54,0.39,0.17,0.07,,3.84,1.0,87.07,5.83,,
AVA,2026-09-26,Utilities,Utilities - Diversified,2940000000.0,12.69,12.55,1.71,1.53,1.04,,8.31,2.73,3.82,24.96,18.76,11.83,9.37,7.46,7.35,4.6,8.24,1.19,1.11,1.1,0.69,5.66,0.98,90.33,5.0,,
AVAV,2026-09-26,Industrials,Aerospace & Defense,7730000000.0,,33.69,1.63,3.86,1.76,,-4.6,-3.5699999999999994,-3.88,21.31,0.73,-10.13,-0.91,37.58,20.66,,38.0,0.19,0.19,4.26,3.33,,25.05,61.84,11.86,,
AVGO,2026-09-26,Technology,Semiconductors,1684180000000.0,45.04,18.33,0.28,18.9,16.9,42.74,44.25,21.63,24.39,66.54,48.57,42.94,71.17,64.88,64.81,49.76,21.74,0.6,0.57,2.5,2.29,0.74,1.91,80.55,1.11,,
AVNT,2026-09-26,Basic Materials,Specialty Chemicals,3790000000.0,22.34,11.69,1.01,1.14,1.55,20.26,7.090000000000001,2.8,3.94,32.15,10.79,5.1,13.4,10.46,11.53,-9.29,0.11,0.77,0.77,1.9,1.35,2.68,0.9199999999999999,105.90000000000002,4.54,,
AVT,2026-09-26,Technology,Electronics & Computer Distribution,8460000000.000001,25.83,7.95,0.23,0.31,1.68,,6.67,2.42,4.34,10.43,3.11,1.21,104.8,11.61,35.06,15.77,7.18,0.69,0.53,1.78,0.97,1.36,1.38,108.46000000000001,10.47,,
AVTR,2026-09-26,Healthcare,Medical Instruments & Supplies,10310000000.0,,17.26,8.59,1.57,1.83,22.68,-9.7,-4.74,-6.22,30.67,8.2,-8.81,-9.69,8.71,2.01,,0.49,0.66,0.65,1.78,1.18,,3.06,102.42,7.84,,
AVY,2026-09-26,Consumer Cyclical,Packaging & Containers,12910000000.0,18.64,15.23,1.59,1.4,5.57,12.14,31.16,7.93,12.82,28.98,13.320000000000002,7.62,6.89,9.81,9.58,5.86,4.9,1.58,1.37,1.13,0.79,2.33,0.67,100.12999999999998,2.82,,
AWI,2026-09-26,Industrials,Building Products & Equipment,6880000000.0,22.3,17.0,1.39,4.06,7.79,27.89,36.62,16.3,21.97,40.3,19.31,18.6,13.84,13.55,12.21,,11.59,0.66,0.62,1.52,1.06,0.86,1.56,102.91,3.64,,
AWK,2026-09-26,Utilities,Utilities - Regulated Water,26020000000.0,22.66,19.87,2.52,4.92,2.23,,10.1,3.2099999999999995,4.38,43.79,37.11,21.35,6.98,8.25,7.88,7.9,6.36,1.38,1.21,0.52,0.49,2.69,0.21,105.54999999999998,6.65,,
AWR,2026-09-26,Utilities,Utilities - Regulated Water,3280000000.0,22.66,21.78,3.29,4.71,2.93,158.16,13.62,5.3,7.26,50.92,31.85,20.45,8.38,4.11,6.61,7.62,6.15,0.82,0.75,0.98,0.9,2.53,1.04,84.51,2.64,,
AX,2026-09-26,Financial,Banks - Regional,5030000000.0,10.44,8.18,,2.3,1.59,19.36,16.77,1.78,12.34,,29.520000000000003,22.39,13.9,12.03,,18.94,24.64,0.42,0.26,0.37,,,4.5,86.82,5.9,,
AXON,2026-09-26,Industrials,Aerospace & Defense,34940000000.0,178.13,40.55,1.54,10.85,9.51,262.34,6.22,2.91,3.62,59.41,1.15,6.19,12.61,37.5,26.32,,32.48,0.5,0.5,2.15,1.8,,6.08,90.96,4.78,,
AXP,2026-09-26,Financial,Credit Services,208600000000.0,18.74,15.32,1.06,2.48,6.08,13.73,34.15,3.7699999999999996,12.45,59.74,20.94,13.449999999999998,14.75,14.25,14.43,32.49,16.08,1.72,1.66,2.59,2.59,1.23,0.12,87.86,1.6,,
AXTA,2026-09-26,Basic Materials,Specialty Chemicals,7040000000.0,20.26,11.46,1.53,1.37,2.79,14.25,14.580000000000002,4.51,6.88,32.16,14.12,6.78,6.49,8.26,7.51,27.59,6.48,1.22,1.01,1.53,1.12,,0.49,106.79,3.74,,
AYI,2026-09-26,Industrials,Electrical Equipment & Parts,9560000000.0,21.19,14.67,1.47,2.08,3.37,14.95,17.38,10.18,13.02,47.11,14.67,10.25,10.02,9.85,9.96,14.86,5.49,0.28,0.27,2.05,1.47,0.22,0.44,101.41,3.63,,
AZO,2026-09-26,Consumer Cyclical,Auto Parts,46890000000.0,18.8,15.03,1.26,2.31,,28.71,,12.55,25.87,52.34000000000001,18.31,12.65,11.91,11.96,11.93,9.89,6.81,,,0.9,0.14,,0.28,99.22,3.05,,
AZTA,2026-09-26,Healthcare,Medical Instruments & Supplies,1490000000.0,,62.42,4.04,2.43,0.99,150.85,-7.04,-5.75,-7.86,44.05,-2.57,-20.02,-33.33,60.29,15.46,,8.85,0.04,0.04,2.5,2.21,,1.58,115.49000000000001,12.48,,
AZZ,2026-09-26,Industrials,Specialty Business Services,4120000000.0,20.89,,,2.46,2.99,24.36,15.32,8.99,10.39,24.04,16.23,11.83,14.22,,10.59,47.17,14.49,0.39,0.39,1.92,1.39,0.67,1.73,95.23,3.48,,
BA,2026-09-26,Industrials,Aerospace & Defense,156550000000.0,90.2,50.13,0.56,1.67,25.67,,173.55,1.52,5.13,4.71,-5.38,2.22,-183.59,497.19,89.07,,8.99,7.52,6.78,1.14,0.33,0.02,0.11,77.55,1.8,,
BAC,2026-09-26,Financial,Banks - Diversified,396490000000.0,13.05,10.78,0.69,2.03,1.44,4.83,11.25,0.97,5.34,,21.32,16.53,20.99,14.11,15.59,15.28,15.4,2.47,1.1,1.03,,2.11,0.25,79.19,1.19,,
BAH,2026-09-26,Industrials,Consulting Services,8770000000.0,11.46,10.82,2.49,0.79,7.3,7.86,68.11,10.45,14.53,20.91,9.74,6.959999999999999,-1.55,5.18,4.35,9.61,7.37,3.46,3.42,1.59,1.59,3.3000000000000003,1.29,98.33,6.1,,
BALL,2026-09-26,Consumer Cyclical,Packaging & Containers,15040000000.0,16.17,12.57,1.04,1.04,2.62,18.19,17.26,4.88,7.54,15.160000000000002,11.48,6.550000000000001,12.69,12.36,12.13,13.53,2.31,1.32,1.18,1.07,0.66,1.41,0.28,95.87,3.0,,
BANC,2026-09-26,Financial,Banks - Regional,2840000000.0,,8.5,0.3,1.84,0.98,7.44,-0.66,-0.06,-0.49,,-3.06,-4.02,-123.93,853.78,28.63,,42.45,0.89,0.35,0.11,,2.51,1.6,99.38,7.16,,
BANF,2026-09-26,Financial,Banks - Regional,3650000000.0,14.66,13.84,,3.8,1.87,15.1,13.669999999999998,1.73,12.32,,33.28,26.229999999999997,8.25,2.04,,18.85,15.06,0.05,0.04,0.47,,1.83,36.63,51.28,4.52,,
BANR,2026-09-26,Financial,Banks - Regional,2530000000.0,11.39,10.37,1.35,2.86,1.17,8.87,10.78,1.26,9.87,,28.78,23.54,5.56,11.8,7.67,11.56,7.38,0.27,0.06,0.06,,2.99,2.84,86.63,3.82,,
BAX,2026-09-26,Healthcare,Medical Instruments & Supplies,12080000000.0,,11.45,,1.05,1.95,14.82,-14.31,-4.74,-6.96,31.85,5.62,-8.63,-7.07,-0.61,-0.67,,-0.75,1.43,1.29,1.95,1.32,0.17,0.64,109.61000000000001,4.52,,
BBT,2026-09-26,Financial,Banks - Regional,2360000000.0,20.42,8.48,,1.97,0.94,11.98,6.05,0.66,3.24,,19.14,9.49,87.77,9.22,,,13.11,0.39,0.38,0.13,,4.58,1.51,92.33,5.55,,
BBWI,2026-09-26,Consumer Cyclical,Specialty Retail,3320000000.0,4.27,5.95,,0.46,,3.22,,15.67,24.1,43.05,14.87,10.83,-15.6,2.08,-2.89,-8.66,-1.55,,,1.2,0.68,4.91,1.41,103.32,8.14,,
BBY,2026-09-26,Consumer Cyclical,Specialty Retail,18980000000.0,15.06,12.51,1.88,0.45,5.98,10.74,43.13,8.11,19.01,22.66,4.34,3.01,5.87,6.25,6.67,-5.91,-2.48,1.3,1.1,1.12,0.41,4.27,5.95,96.72,8.11,,
BC,2026-09-26,Consumer Cyclical,Recreational Vehicles,4350000000.0,,12.44,0.57,0.77,2.6,12.76,-4.83,-1.53,-2.34,24.73,5.88,-1.53,39.39,18.52,21.81,,4.29,1.36,1.19,1.45,0.65,2.62,1.35,105.54,7.7,,
BCC,2026-09-26,Basic Materials,Lumber & Wood Production,2690000000.0,26.24,14.9,0.52,0.42,1.33,26.52,5.06,3.09,4.12,13.95,2.54,1.6399999999999997,11.01,32.08,28.7,-4.47,3.19,0.27,0.26,2.71,1.31,1.16,2.61,96.35,4.76,,
BCO,2026-09-26,Industrials,Security & Protection Services,4400000000.0,24.71,11.06,0.8,0.8,14.17,11.18,64.13,2.51,4.0,26.43,10.38,3.3000000000000003,2.45,17.1,13.82,71.69,7.35,14.67,13.55,1.62,1.62,0.9899999999999999,1.24,111.04,13.2,,
BCPC,2026-09-26,Basic Materials,Specialty Chemicals,5350000000.0,33.03,29.82,,4.93,4.12,31.23,12.79,9.77,11.22,36.29,21.25,15.14,13.75,4.19,,12.78,8.07,0.13,0.13,2.66,1.56,0.7,0.53,91.66,1.96,,
BDC,2026-09-26,Technology,Communication Equipment,4390000000.0,18.27,11.28,0.81,1.53,3.17,20.72,18.64,7.01,9.01,35.82,12.67,8.52,14.45,15.55,13.91,,7.83,0.97,0.96,2.14,1.49,0.18,2.07,106.89999999999999,10.59,,
BDX,2026-09-26,Healthcare,Medical Instruments & Supplies,50070000000.0,55.44,13.83,1.77,2.4,2.05,19.77,5.17,2.44,2.48,46.44,14.540000000000001,4.52,11.97,4.91,7.8,16.45,6.32,0.69,0.55,0.87,0.51,2.17,0.2,99.84,4.16,,
BEN,2026-09-26,Financial,Asset Management,16780000000.000002,22.51,10.32,0.61,1.79,1.43,69.79,6.34,2.21,2.67,73.05,15.21,8.11,30.74,10.24,17.05,-10.54,9.49,1.42,1.42,1.48,1.48,3.9900000000000007,47.11,50.07,6.17,,
BF-B,2026-09-26,Consumer Defensive,Beverages - Wineries & Distilleries,12090000000.0,16.86,15.27,3.01,3.07,3.02,13.07,18.12,9.01,11.91,60.84,28.53,18.33,11.56,0.36,5.07,-4.0,2.71,0.62,0.52,3.26,1.14,3.63,39.06,44.49,11.62,,
BFAM,2026-09-26,Consumer Cyclical,Personal Services,3200000000.0,20.83,11.17,0.75,1.06,3.44,13.58,14.940000000000001,4.54,6.55,23.74,10.91,5.78,12.32,15.4,14.84,49.81,14.13,2.18,1.83,0.48,0.48,,1.17,114.92,6.21,,
BFH,2026-09-26,Financial,Credit Services,3950000000.0,8.05,7.52,0.74,0.83,1.18,1.82,17.39,2.57,8.54,,14.37,11.86,0.89,11.53,10.15,19.49,4.34,0.98,0.98,1.44,,0.9000000000000001,3.09,104.23,7.49,,
BFS,2026-09-26,Real Estate,REIT - Retail,741510000.0,30.89,,,2.44,6.7,7.21,11.28,1.6200000000000003,1.88,49.98,40.29,7.79,,,,-2.77,4.81,5.42,5.25,0.91,0.91,7.870000000000001,46.03,48.06,3.77,,
BG,2026-09-26,Consumer Defensive,Farm Products,20940000000.0,21.14,9.8,0.58,0.23,1.31,,7.53,2.59,3.81,4.87,2.19,1.1,25.51,17.01,17.02,-8.06,11.17,1.06,0.66,1.57,0.63,2.64,17.3,80.22,4.2,,
BGC,2026-09-26,Financial,Capital Markets,5630000000.0,29.69,7.52,,1.71,5.06,14.3,19.54,3.74,6.44,93.25,9.03,5.8,19.07,12.1,,21.14,7.43,1.81,1.79,1.94,1.94,0.68,24.09,65.58,3.27,,
BHE,2026-09-26,Technology,Electronic Components,2960000000.0,56.35,24.69,,1.05,2.66,23.34,4.78,2.5,3.82,10.23,4.29,1.8900000000000001,23.23,13.02,,12.39,5.31,0.26,0.25,1.99,1.31,0.8199999999999998,3.04,102.95,3.91,,
BHF,2026-09-26,Financial,Insurance - Life,3060000000.0,4.25,2.48,,0.46,0.47,,13.600000000000001,0.34,8.56,,16.94,10.96,-29.15,8.58,-9.27,,-4.47,0.48,0.48,5.24,,,1.39,92.29,13.87,,
BIIB,2026-09-26,Healthcare,Drug Manufacturers - General,33630000000.000004,40.31,13.75,1.98,3.48,1.78,12.47,4.58,2.76,3.16,64.29,19.5,8.64,-18.73,33.29,6.93,-18.74,-5.06,0.44,0.4,1.87,1.26,,0.75,98.62,3.97,,
BILL,2026-09-26,Technology,Software - Application,3770000000.0,,10.06,0.41,2.28,1.15,10.64,-0.3,-0.11,-0.21,76.87,1.06,-0.68,35.91,16.84,24.8,37.63,47.32,0.54,0.5,1.51,1.51,,14.11,105.15999999999998,14.94,,
BIO,2026-09-26,Healthcare,Medical Devices,10240000000.0,46.16,36.82,8.7,3.95,1.42,28.99,3.11,2.17,2.74,51.85999999999999,9.08,8.59,-2.82,7.34,4.23,-26.08,0.29,0.19,0.13,3.14,2.33,,33.28,72.27,5.6,,
BJ,2026-09-26,Consumer Defensive,Discount Stores,11850000000.0,20.49,18.63,2.79,0.52,5.4,42.69,27.67,7.8100000000000005,13.06,18.24,3.94,2.61,7.32,6.58,6.67,7.63,6.82,1.26,1.07,0.73,0.19,,0.67,110.02000000000001,7.81,,
BJRI,2026-09-26,Consumer Cyclical,Restaurants,1280000000.0,32.1,22.08,1.84,0.89,3.2,27.81,10.44,4.06,5.19,9.72,3.03,2.86,5.04,14.7,12.02,,12.44,1.09,0.99,0.29,0.22,,8.18,100.05999999999999,10.61,,
BKE,2026-09-26,Consumer Cyclical,Apparel Retail,2180000000.0,9.74,10.19,8.15,1.64,4.45,11.38,45.76,20.8,26.65,48.95,22.27,16.62,3.86,-3.55,1.25,9.27,7.57,0.86,0.69,2.08,1.39,11.28,38.36,61.57,12.37,,
BKH,2026-09-26,Utilities,Utilities - Regulated Gas,5370000000.0,17.76,15.39,2.62,2.34,1.36,,7.89,2.83,3.77,26.87,23.86,13.0,5.93,5.41,5.87,1.79,6.36,1.21,1.01,0.52,0.41,3.9900000000000007,0.52,103.56,14.27,,
BKNG,2026-09-26,Consumer Cyclical,Travel Services,123190000000.0,18.13,13.25,0.82,4.36,,12.91,,23.88,91.13,97.47,35.17,25.53,14.6,18.34,16.23,158.57,31.69,,,1.09,1.09,0.93,0.21,98.77,2.62,,
BKR,2026-09-26,Energy,Oil & Gas Equipment & Services,57410000000.0,18.58,19.14,1.66,2.07,2.88,18.35,16.47,6.78,8.75,23.57,12.960000000000003,11.17,1.68,14.31,11.51,,6.02,0.82,0.78,2.09,1.76,1.6099999999999999,0.28,100.78,2.49,,
BKU,2026-09-26,Financial,Banks - Regional,3110000000.0,11.99,9.79,0.98,1.68,1.05,7.57,9.01,0.76,7.48,,19.63,14.469999999999999,10.52,14.24,9.96,11.36,9.67,0.74,0.19,0.03,,3.02,0.9399999999999998,103.34,4.73,,
BL,2026-09-26,Technology,Software - Application,1630000000.0,49.97,10.07,0.66,2.22,5.17,9.21,9.53,2.13,3.47,75.53,6.72,4.75,16.67,11.89,15.24,,14.77,2.18,2.17,1.72,1.72,,20.22,94.85,12.43,,
BLDR,2026-09-26,Industrials,Building Products & Equipment,6370000000.0,64.35,13.31,,0.44,1.59,9.96,2.51,0.9000000000000001,1.12,29.189999999999998,3.01,0.71,-54.69,42.41,-6.91,7.92,12.16,1.31,1.28,1.79,1.09,,3.6000000000000005,101.59,8.59,,
BLFS,2026-09-26,Healthcare,Medical Instruments & Supplies,1880000000.0,39.8,123.37,,18.31,4.48,232.19,13.15,12.09,11.0,64.76,2.9,46.35,340.0,-48.0,,-55.02,14.88,0.04,0.03,9.69,7.14,,3.4000000000000004,100.61,8.22,,
BLK,2026-09-26,Financial,Asset Management,176500000000.0,27.02,16.86,1.1,6.39,3.07,51.13,12.32,4.08,9.06,76.8,33.95,23.8,16.91,14.6,15.29,2.08,8.04,0.26,0.26,4.46,4.46,2.1,11.52,76.24,1.42,,
BLKB,2026-09-26,Technology,Software - Application,1960000000.0,13.48,7.23,,1.71,29.33,5.96,194.45,5.77,12.61,59.41,20.18,13.13,17.87,13.82,,71.8,4.31,17.16,16.82,0.81,0.81,,23.97,88.52,10.63,,
BMI,2026-09-26,Technology,Scientific & Technical Instruments,3750000000.0,30.3,26.33,5.25,4.26,5.5,24.97,18.48,13.0,18.41,41.31,18.58,14.27,-7.05,10.47,5.01,23.19,16.59,0.0,0.0,2.42,1.39,1.3,0.7,115.21,13.26,,
BMRN,2026-09-26,Healthcare,Biotechnology,11660000000.0,162.47,9.07,0.14,3.37,1.84,15.8,1.18,0.76,0.74,73.93,18.5,2.11,178.43,32.55,63.35,-16.79,11.97,0.67,0.56,2.39,1.32,,1.29,102.51999999999998,5.27,,
BMY,2026-09-26,Healthcare,Drug Manufacturers - General,128410000000.0,13.85,9.58,,2.61,5.75,11.22,46.7,10.18,14.03,66.64,32.35,18.87,13.08,-5.67,-2.86,,2.54,2.02,1.96,1.53,1.38,3.72,0.32,85.18,2.06,,
BNL,2026-09-26,Real Estate,REIT - Diversified,3630000000.0,25.23,24.68,1.43,7.6,1.26,14.11,4.91,2.54,2.53,58.71999999999999,49.66,29.460000000000004,53.45,-0.14,17.23,2.92,7.24,0.95,0.95,2.83,2.83,6.16,1.14,99.08,10.62,,
BNY,2026-09-26,Financial,Banks - Diversified,101880000000.0,17.48,14.63,0.94,2.51,2.55,63.99,14.219999999999999,1.25,8.4,,19.32,14.87,24.98,10.98,15.49,14.1,19.27,1.96,0.68,1.59,,1.55,0.28,87.73,1.52,,
BOH,2026-09-26,Financial,Banks - Regional,2830000000.0,13.34,10.76,0.63,2.65,1.85,13.91,13.019999999999998,0.9899999999999999,9.51,,25.97,20.09,29.22,11.32,17.02,3.72,8.97,0.35,0.32,0.04,,3.91,1.38,84.49,9.89,,
BOOT,2026-09-26,Consumer Cyclical,Apparel Retail,3730000000.0,15.6,12.22,0.73,1.59,2.75,31.99,19.18,10.41,11.68,38.45,13.61,10.35,24.91,9.86,16.82,29.54,20.33,0.59,0.53,2.53,0.44,,0.78,115.36999999999999,10.86,,
BOX,2026-09-26,Technology,Software - Infrastructure,4310000000.0,45.3,18.08,1.41,3.49,,11.06,70.23,8.63,19.46,79.55,9.44,8.14,6.94,12.77,12.82,,8.84,3.59,3.59,1.0,1.0,0.11,3.82,103.23,12.68,,
BR,2026-09-26,Technology,Information Technology Services,18670000000.0,17.02,14.17,1.46,2.5,6.57,14.61,40.92,12.86,17.79,31.78,17.63,15.039999999999997,9.95,9.52,9.73,15.62,7.84,1.24,1.22,1.24,1.21,2.63,0.51,97.74,2.58,,
BRC,2026-09-26,Industrials,Security & Protection Services,3940000000.0,19.54,11.65,,2.37,2.9,20.45,16.11,11.45,14.42,51.72,15.83,12.36,23.82,10.15,,11.7,7.74,0.06,0.05,1.94,1.3,1.17,10.48,80.03,2.4,,
BRK-B,2026-09-26,Financial,Insurance - Diversified,973180000000.0,12.71,22.78,6.97,2.53,1.45,40.19,12.11,7.07,9.82,23.52,16.25,22.3,7.55,0.04,3.27,11.79,8.63,0.17,0.17,7.29,6.88,,34.4,44.83,0.89,,
BRKR,2026-09-26,Healthcare,Medical Devices,9780000000.0,,26.79,1.78,2.79,4.11,104.14,-3.4000000000000004,-1.15,-1.7,47.29,8.54,-3.05,16.06,12.81,15.06,,11.57,0.77,0.76,1.85,0.92,0.22999999999999998,27.149999999999995,93.9,11.25,,
BRO,2026-09-26,Financial,Insurance Brokers,20350000000.0,19.23,12.56,1.7,3.0,1.6,14.07,9.85,4.29,5.9,92.59,29.5,17.54,5.42,7.79,7.4,13.38,17.72,0.64,0.6,1.13,1.13,1.12,14.7,86.29,4.82,,
BROS,2026-09-26,Consumer Cyclical,Restaurants,6620000000.0,53.41,29.73,1.03,3.52,6.55,87.99,12.879999999999999,2.99,4.71,24.82,9.66,4.91,26.14,32.93,28.88,,37.99,1.51,1.46,1.35,1.19,,6.84,93.63,12.77,,
BRX,2026-09-26,Real Estate,REIT - Retail,8610000000.0,20.03,27.69,,6.14,2.85,20.85,14.46,4.9,5.05,44.76,36.82,30.740000000000002,-15.83,-3.63,-4.18,25.3,5.42,1.83,1.83,65.19,65.19,4.43,1.25,104.28,6.82,,
BSX,2026-09-26,Healthcare,Medical Devices,63650000000.0,17.81,12.91,1.82,3.03,2.55,17.56,15.52,8.47,10.25,66.36,21.8,17.5,6.94,3.93,7.09,,15.16,0.51,0.44,1.24,0.74,,0.65,95.16,3.23,,
BSY,2026-09-26,Technology,Software - Application,9500000000.0,34.65,19.98,1.36,5.93,7.89,19.05,24.53,8.28,11.83,79.78,24.37,18.1,15.77,12.34,14.68,15.16,13.38,1.05,1.04,0.59,0.59,0.88,48.89,52.56000000000001,11.55,,
BTSG,2026-09-26,Healthcare,Health Information Services,11200000000.0,42.27,24.54,0.6,0.78,5.46,28.07,13.11,4.17,6.77,12.38,3.6799999999999997,2.05,81.81,26.86,41.1,-20.78,18.27,1.17,1.12,1.59,1.22,,14.81,92.24,6.04,,
BTU,2026-09-26,Energy,Thermal Coal,3100000000.0,,9.79,,0.77,0.95,,-5.32,-3.26,-4.99,-0.76,-3.71,-4.56,59.22,1581.78,,53.1,5.85,0.13,0.13,2.01,1.46,1.19,0.88,99.69,10.09,,
BURL,2026-09-26,Consumer Cyclical,Apparel Retail,16000000000.0,22.85,18.8,1.04,1.31,7.99,38.8,41.41,7.380000000000001,9.6,40.89,8.15,5.85,21.92,13.82,18.03,,14.95,2.95,2.72,1.17,0.47,,0.66,104.12000000000002,5.03,,
BWA,2026-09-26,Consumer Cyclical,Auto Parts,12490000000.0,31.14,10.32,0.9,0.87,2.22,10.3,7.19,2.93,4.3,19.52,10.19,2.89,6.33,13.76,11.43,-11.34,7.09,0.72,0.72,2.13,1.76,1.09,0.68,106.88,3.16,,
BWXT,2026-09-26,Industrials,Aerospace & Defense,12690000000.0,35.85,26.25,1.91,3.61,9.51,40.05,28.199999999999996,8.75,10.59,22.07,9.67,10.1,18.27,11.23,13.72,4.23,8.54,1.51,1.51,2.4,2.33,0.79,0.4,93.89,3.52,,
BX,2026-09-26,Financial,Asset Management,147060000000.0,26.57,15.84,1.1,9.25,16.34,74.9,40.53,7.39,15.83,99.43,53.86,22.15,8.03,24.24,14.45,20.88,16.1,1.56,1.47,0.7,0.7,4.42,40.2,44.76,2.65,,
BXMT,2026-09-26,Real Estate,REIT - Mortgage,2109999999.9999998,144.84,8.78,,1.39,0.65,6.42,0.45000000000000007,0.08,0.1,77.13,61.14000000000001,1.02,172.38,37.56,,-7.97,14.41,4.85,3.64,0.14,0.14,14.57,6.75,60.99,6.92,,
BXP,2026-09-26,Real Estate,REIT - Office,11070000000.0,34.06,31.53,3.7,3.15,1.96,14.46,5.69,1.17,1.51,33.53,28.27,8.44,22.03,-5.29,8.52,-20.65,4.72,3.17,2.81,0.91,0.91,4.42,0.48,113.94999999999999,7.79,,
BYD,2026-09-26,Consumer Cyclical,Resorts & Casinos,5180000000.0,3.14,9.19,1.59,1.26,2.08,147.61,93.33,27.440000000000005,32.22,40.45,18.71,44.34,-1.66,6.48,5.79,,13.44,1.3,1.26,0.77,0.74,1.09,32.09,75.19,10.87,,
C,2026-09-26,Financial,Banks - Diversified,225250000000.0,14.49,10.49,0.37,1.28,1.17,5.72,8.31,0.64,3.22,,14.3,9.35,60.14,14.33,28.4,8.24,13.72,3.85,1.59,1.51,,1.91,0.33,82.7,1.48,,
CACC,2026-09-26,Financial,Credit Services,5770000000.0,12.22,9.71,0.44,2.48,3.63,4.72,31.929999999999996,5.79,7.69,97.69,48.56,21.54,22.74,17.95,22.15,9.16,6.78,3.96,3.11,0.29,0.29,,49.26,75.48,18.65,,
CACI,2026-09-26,Technology,Information Technology Services,13660000000.0,25.59,16.31,1.38,1.43,3.06,17.52,12.82,5.24,5.5,30.630000000000003,9.61,5.6,9.66,15.93,11.84,5.71,9.62,1.21,1.18,1.48,1.37,,1.09,101.4,4.48,,
CAG,2026-09-26,Consumer Defensive,Packaged Foods,6850000000.0,,9.57,,0.61,1.08,7.0,-25.06,-10.03,-14.76,23.97,11.49,-16.99,-16.07,3.61,-3.04,,0.17,1.18,1.04,0.9,0.31,5.05,0.76,89.5,8.48,,
CAH,2026-09-26,Healthcare,Medical Distribution,50990000000.0,30.43,15.63,1.35,0.2,,11.27,,3.1,34.4,3.7000000000000006,1.29,0.67,11.4,12.35,11.59,28.33,9.37,,,0.88,0.49,0.95,0.25,92.2,2.89,,
CAKE,2026-09-26,Consumer Cyclical,Restaurants,5200000000.0,28.36,20.94,1.43,1.34,10.02,25.37,38.83,5.54,7.36,13.58,6.98,4.61,19.71,10.55,14.69,,13.6,4.01,3.68,0.59,0.52,1.17,7.79,98.27,21.6,,
CALM,2026-09-26,Consumer Defensive,Farm Products,3160000000.0,10.29,25.96,,1.09,1.2,9.54,12.2,10.16,12.03,23.08,11.79,10.88,-109.23,524.43,-15.64,174.79,16.63,0.0,0.0,7.7,5.87,0.29,9.59,95.82,11.7,,
CALX,2026-09-26,Technology,Software - Infrastructure,2089999999.9999998,44.1,14.39,0.4,1.88,2.94,24.43,6.909999999999999,5.46,7.1,56.58,5.51,4.61,28.44,33.84,35.63,-13.74,13.06,0.02,0.02,2.83,1.97,,9.54,95.94,9.8,,
CALY,2026-09-26,Consumer Cyclical,Leisure,2580000000.0,,16.11,0.23,0.99,1.2,5.53,3.01,1.35,-9.94,56.25,8.61,-9.03,254.49,20.4,68.58,-1.46,5.32,0.13,0.09,3.04,1.78,,13.34,87.9,4.19,,
CAR,2026-09-26,Industrials,Rental & Leasing Services,3830000000.0,,16.84,0.6,0.33,,,,-1.97,-2.53,25.61,11.22,-5.43,-13.21,84.71,28.14,-21.09,16.62,,,0.81,0.81,,1.59,117.87999999999998,13.53,,
CARG,2026-09-26,Communication Services,Internet Content & Information,2790000000.0,16.99,10.35,0.62,2.86,10.58,9.57,51.41,28.08,40.02,89.85,25.71,18.06,15.1,15.2,16.74,17.91,10.46,0.7,0.66,1.71,1.71,,20.07,90.67,10.15,,
CARR,2026-09-26,Industrials,Building Products & Equipment,46470000000.0,39.72,17.05,1.31,2.1,3.54,24.1,8.44,3.1,5.02,24.69,8.21,5.43,11.78,14.2,13.06,-4.96,4.49,0.94,0.82,1.02,0.72,1.68,4.77,90.39,2.02,,
CART,2026-09-26,Consumer Cyclical,Internet Retail,10000000000.0,23.78,14.55,0.49,2.5,4.33,8.5,15.960000000000003,12.09,18.79,71.98,16.68,11.8,45.82,27.21,29.73,,20.43,0.01,0.01,2.28,2.28,,22.06,71.86,8.58,,
CASH,2026-09-26,Financial,Banks - Regional,1530000000.0,9.25,7.69,,1.83,1.82,3.2,21.03,2.41,19.37,,25.590000000000003,21.0,0.8,20.97,,21.8,10.26,0.26,0.07,0.03,,0.27,1.54,100.83,13.37,,
CASY,2026-09-26,Consumer Cyclical,Specialty Retail,22120000000.0,28.81,25.49,2.28,1.18,5.41,34.09,19.98,8.84,11.24,21.37,5.88,4.14,11.53,9.88,11.2,18.0,18.07,0.71,0.68,1.02,0.61,0.44,0.61,92.01,4.09,,
CAT,2026-09-26,Industrials,Farm & Heavy Construction Machinery,377660000000.0,35.34,25.34,0.95,5.05,19.47,41.99,56.99000000000001,11.24,21.08,32.83,18.32,14.510000000000002,42.96,18.97,26.65,28.05,10.12,2.33,1.65,1.37,0.85,0.76,0.22999999999999998,74.43,1.83,,
CATY,2026-09-26,Financial,Banks - Regional,4099999999.9999995,12.01,10.35,0.82,2.97,1.35,7.67,11.71,1.44,10.85,,32.74,25.17,22.69,6.64,12.56,9.6,12.53,0.05,0.05,0.07,,2.48,4.06,77.72,4.72,,
CAVA,2026-09-26,Consumer Cyclical,Restaurants,6020000000.0,92.11,69.14,2.89,4.39,7.16,40.43,8.32,4.75,5.07,18.63,7.32,4.82,1.19,36.52,23.96,,23.93,0.62,0.55,2.48,2.43,,11.7,84.76,14.24,,
CB,2026-09-26,Financial,Insurance - Property & Casualty,128610000000.00002,11.8,11.44,1.36,2.07,1.71,7.53,15.45,4.53,11.84,,23.22,18.0,11.71,5.22,8.43,26.94,10.65,0.31,0.25,0.46,,1.2,0.35,92.98,0.93,,
CBOE,2026-09-26,Financial,Financial Data & Stock Exchanges,26950000000.0,20.1,17.28,1.15,5.32,4.8,28.12,26.19,13.71,20.63,51.71,35.28,26.619999999999997,31.33,6.57,15.09,19.51,6.59,0.28,0.16,1.57,1.57,1.22,0.27,92.96,2.99,,
CBRE,2026-09-26,Real Estate,Real Estate Services,38960000000.0,30.85,14.96,0.89,0.89,4.64,41.54,15.629999999999999,4.47,7.91,16.74,2.83,2.98,22.8,14.77,16.77,11.6,11.22,1.29,0.96,1.14,1.14,,0.7,100.73999999999998,1.48,,
CBRL,2026-09-26,Consumer Cyclical,Restaurants,1160000000.0,37.16,26.12,0.54,0.35,2.42,13.1,6.74,1.34,2.16,6.3,-0.05,0.95,101.28,23.19,48.26,-33.38,3.3,2.17,2.06,0.58,0.24,1.9299999999999997,1.94,100.90999999999998,25.95,,
CBSH,2026-09-26,Financial,Banks - Regional,8100000000.0,13.84,12.3,1.65,3.6,1.87,11.55,14.46,1.71,13.19,,33.74,25.69,5.03,8.14,7.45,12.13,8.75,0.56,0.01,0.4,,1.94,3.11,76.46,4.62,,
CBT,2026-09-26,Basic Materials,Specialty Chemicals,4070000000.0000005,22.21,11.27,7.52,1.12,2.53,13.2,11.89,4.79,7.69,24.16,15.130000000000003,5.15,-12.27,9.83,1.5,,7.27,0.79,0.52,1.47,0.97,2.36,1.77,104.15,9.18,,
CBU,2026-09-26,Financial,Banks - Regional,3240000000.0,14.31,11.87,0.91,3.09,1.56,13.13,11.49,1.32,9.07,,29.12,21.7,8.59,12.92,12.98,5.2,10.36,0.37,0.21,0.08,,3.09,0.93,78.29,3.95,,
CC,2026-09-26,Basic Materials,Specialty Chemicals,2180000000.0,,7.38,0.21,0.38,,9.98,-323.4,-4.15,-7.64,15.21,3.26,-5.24,6.65,93.49,34.95,,3.17,,,1.66,0.88,2.41,0.9899999999999999,90.59,10.56,,
CCI,2026-09-26,Real Estate,REIT - Specialty,28860000000.0,14.95,24.12,0.56,6.93,,12.0,-276.36,-0.17,4.89,57.52,48.27,47.57,90.27,46.38,43.04,13.21,-6.1,,,0.52,0.52,6.27,0.1,102.75000000000001,2.3,,
CCK,2026-09-26,Consumer Cyclical,Packaging & Containers,11750000000.0,15.55,11.96,1.52,0.88,4.21,9.8,27.229999999999997,5.4,9.19,17.59,12.75,5.89,7.91,7.46,7.88,8.18,5.7,2.19,1.97,1.05,0.65,1.3,0.9399999999999998,100.29999999999998,2.39,,
CCL,2026-09-26,Consumer Cyclical,Travel Services,30470000000.0,10.02,8.6,0.81,1.12,2.35,9.61,26.72,5.94,8.18,29.220000000000002,16.34,11.24,-1.55,16.86,10.64,,36.61,2.02,1.89,0.3,0.26,2.55,7.15,71.94,3.79,,
CCOI,2026-09-26,Communication Services,Telecom Services,393850000.0,,,,0.41,,,-721.5,-1.42,-2.54,22.68,-6.58,-4.73,68.96,-140.07,16.47,,11.43,,,0.63,0.63,1.08,5.4,94.29,14.17,,
CCS,2026-09-26,Real Estate,Real Estate - Development,1780000000.0,13.75,11.38,,0.46,0.69,44.0,5.22,2.89,3.33,16.19,3.17,3.46,-18.03,12.12,,-4.54,5.14,0.66,0.57,5.63,0.29,1.9900000000000002,12.710000000000003,94.11,7.5,,
CDE,2026-09-26,Basic Materials,Gold,19760000000.0,15.79,11.78,0.44,6.25,1.9,17.09,12.85,8.79,7.65,37.69,35.41,26.88,35.87,50.14,26.6,55.25,21.64,0.07,0.07,3.65,2.43,0.21,0.7,78.66,4.69,,
CDNS,2026-09-26,Technology,Software - Application,89810000000.0,64.89,34.19,2.23,15.39,13.1,53.5,23.23,12.770000000000001,14.75,84.56,31.4,23.61,14.02,17.16,15.33,13.95,14.57,0.36,0.36,1.74,1.53,,0.42,91.67,1.59,,
CDP,2026-09-26,Real Estate,REIT - Office,7660000000.0,23.61,22.95,3.73,9.77,2.51,27.33,10.85,3.73,3.95,36.65,30.320000000000004,20.85,7.87,2.15,6.16,9.15,5.58,1.75,1.72,1.72,1.72,3.7599999999999993,0.31,115.47,6.58,,
CDW,2026-09-26,Technology,Information Technology Services,16930000000.0,16.28,11.27,1.16,0.72,6.95,19.68,44.01,6.64,14.6,21.36,7.17,4.6,9.37,9.64,9.75,8.2,3.96,2.63,2.03,1.17,1.05,1.8799999999999997,1.12,109.55,7.68,,
CE,2026-09-26,Basic Materials,Chemicals,5170000000.0,,7.45,0.32,0.53,1.24,7.3,-24.57,-5.14,-7.7,19.56,8.74,-12.04,50.75,5.36,23.12,,11.03,2.98,2.64,1.45,0.87,0.27,0.39,111.61000000000001,6.43,,
CEG,2026-09-26,Utilities,Utilities - Independent Power Producers,93280000000.0,25.64,19.78,0.92,3.03,2.92,301.87,15.259999999999998,4.58,6.78,17.37,14.93,11.25,28.44,10.37,21.45,32.58,8.81,0.77,0.6,1.46,1.2,0.64,4.44,79.81,3.47,,
CELH,2026-09-26,Consumer Defensive,Beverages - Non-Alcoholic,7080000000.0,121.06,16.14,1.16,2.32,5.91,15.3,7.48,2.75,3.39,47.53,19.2,1.97,7.52,20.38,13.96,45.65,80.65,2.03,2.02,1.75,1.38,,26.52,74.67,16.5,,
CENT,2026-09-26,Consumer Defensive,Packaged Foods,2190000000.0,14.71,12.66,1.87,0.71,1.42,6.39,9.98,4.47,5.36,31.72,8.81,5.39,8.94,4.98,6.75,7.67,3.03,0.81,0.78,3.79,2.67,,87.53,14.88,4.94,,
CENTA,2026-09-26,Consumer Defensive,Packaged Foods,2190000000.0,12.68,10.91,1.62,0.71,1.22,6.39,9.98,4.47,5.36,31.72,8.81,5.39,8.94,4.98,6.75,7.67,3.03,0.81,0.78,3.79,2.67,,20.79,78.06,3.09,,
CENX,2026-09-26,Basic Materials,Aluminum,3800000000.0,6.64,3.53,0.04,1.42,2.71,25.13,56.72999999999999,25.019999999999996,32.05,19.27,14.87,22.6,307.45,8.51,84.66,,9.51,0.34,0.34,2.75,1.61,,31.010000000000005,76.61,14.21,,
CERT,2026-09-26,Healthcare,Health Information Services,1390000000.0,,23.32,,3.4,1.44,17.29,-1.8900000000000001,-1.31,-0.23,48.49,4.63,-0.72,-22.31,14.26,-0.21,50.19,11.45,0.31,0.31,2.55,2.55,,36.33,78.97,29.67,,
CF,2026-09-26,Basic Materials,Agricultural Inputs,17350000000.0,8.51,10.48,,2.24,3.02,9.09,39.19,14.550000000000002,22.67,45.69,41.45,27.12,55.28,-26.34,-2.82,43.52,11.43,0.63,0.61,4.86,4.32,1.9,0.58,107.93000000000002,6.5,,
CFFN,2026-09-26,Financial,Banks - Regional,1090000000.0,13.34,11.2,0.58,2.46,1.07,15.25,8.0,0.8500000000000001,3.27,,23.15,18.67,31.73,13.14,19.17,2.25,5.3,1.6,1.48,0.03,,4.38,8.19,81.76,6.18,,
CFG,2026-09-26,Financial,Banks - Regional,27600000000.0,14.25,10.09,0.41,2.25,1.15,11.73,8.27,0.9399999999999998,5.2,,22.14,16.2,37.37,22.54,24.71,11.73,9.35,0.62,0.56,0.1,,2.89,0.9399999999999998,100.11000000000001,4.07,,
CFR,2026-09-26,Financial,Banks - Regional,9780000000.0,14.89,13.24,1.57,3.35,2.19,18.04,15.329999999999998,1.28,13.17,,27.82,22.91,10.82,8.15,8.44,14.28,14.57,1.17,0.11,0.21,,2.59,6.4,92.6,6.94,,
CG,2026-09-26,Financial,Asset Management,14260000000.0,41.47,7.78,0.53,4.09,2.7,21.28,6.559999999999999,1.37,1.89,75.09,14.38,10.43,-9.02,40.66,14.59,17.55,10.93,2.72,2.67,0.52,0.52,3.51,27.96,62.59,7.5,,
CGNX,2026-09-26,Technology,Scientific & Technical Instruments,9870000000.0,56.8,29.3,0.94,9.06,6.06,36.78,11.15,8.36,10.34,68.87,21.9,16.05,64.78,19.13,31.33,-7.5,4.16,0.04,0.04,3.84,3.18,0.59,0.37,107.37999999999998,4.26,,
CHCO,2026-09-26,Financial,Banks - Regional,1990000000.0,15.53,14.73,2.65,4.96,2.47,14.4,16.61,1.95,13.62,,40.83,32.53,3.89,3.92,5.55,10.0,8.83,0.65,0.19,0.09,,2.47,1.9900000000000002,74.0,7.14,,
CHD,2026-09-26,Consumer Defensive,Household & Personal Products,22860000000.0,31.01,23.83,3.36,3.67,5.26,20.5,17.04,8.32,11.11,43.49,17.47,11.96,6.99,7.09,7.09,-0.65,4.85,0.56,0.54,1.15,0.69,1.28,0.24,95.27,4.57,,
CHDN,2026-09-26,Consumer Cyclical,Gambling,5560000000.0,13.69,10.74,1.02,1.86,4.16,9.78,34.31,5.49,7.5,34.19,25.81,13.66,13.62,6.69,10.57,,22.65,3.57,3.06,0.36,0.35,0.58,6.63,86.0,6.78,,
CHE,2026-09-26,Healthcare,Medical Care Facilities,6690000000.0,25.73,18.61,1.56,2.58,8.03,20.69,27.11,16.68,25.37,30.44,13.47,10.6,18.3,7.94,11.95,-1.2,4.0,0.4,0.31,0.91,0.89,0.4699999999999999,1.94,105.87,5.1,,
CHEF,2026-09-26,Consumer Defensive,Food Distribution,4500000000.0,52.43,36.05,1.68,1.02,6.94,35.77,15.25,4.68,5.97,24.46,4.14,2.09,33.59,20.5,21.43,,30.14,1.46,1.38,2.15,1.31,,9.39,98.62,12.6,,
CHH,2026-09-26,Consumer Cyclical,Lodging,4580000000.0,14.37,13.58,2.72,2.83,32.35,25.01,563.79,11.56,14.53,47.87,25.52,20.19,1.23,6.74,4.99,42.4,15.58,14.82,14.82,0.93,0.93,1.14,45.27,76.9,24.41,,
CHRD,2026-09-26,Energy,Oil & Gas E&P,7450000000.0,9.14,8.87,0.5,1.18,0.9,6.27,10.24,6.41,8.55,20.84,18.93,13.320000000000002,116.46,-25.51,17.88,,38.63,0.18,0.18,1.22,1.15,3.8900000000000006,4.27,98.09,6.62,,
CHRW,2026-09-26,Industrials,Integrated Freight & Logistics,17190000000.0,28.07,19.58,1.11,1.01,10.58,25.7,37.12,11.34,17.94,8.14,4.91,3.73,22.5,20.52,17.6,5.38,0.03,1.21,1.17,1.58,1.58,1.71,0.52,106.02000000000001,4.38,,
CHTR,2026-09-26,Communication Services,Telecom Services,19770000000.0,2.93,2.61,0.27,0.36,0.79,4.54,29.7,3.2099999999999995,4.48,45.98,23.98,9.05,12.53,6.2,9.72,18.65,2.63,5.61,5.48,0.36,0.36,0.06,11.48,63.75999999999999,10.83,,
CHWY,2026-09-26,Consumer Cyclical,Internet Retail,7340000000.0,27.94,17.17,0.47,0.56,19.8,12.93,71.99,7.980000000000001,18.41,28.859999999999996,2.75,2.09,50.1,36.31,36.26,,12.01,3.13,3.01,0.84,0.42,,44.78,55.730000000000004,10.36,,
CI,2026-09-26,Healthcare,Healthcare Plans,71880000000.0,11.25,8.14,1.08,0.25,1.68,7.89,15.49,4.27,8.95,,3.8599999999999994,2.27,2.25,9.56,7.52,-0.69,11.35,0.75,0.68,0.85,,2.28,1.51,92.76,2.52,,
CIEN,2026-09-26,Technology,Communication Equipment,50610000000.0,79.64,30.31,0.35,8.41,16.57,62.15,22.4,9.52,10.35,41.61,14.12,10.87,171.46,64.32,87.16,-18.19,6.19,1.07,1.07,3.8,3.17,,0.9899999999999999,95.76,2.56,,
CINF,2026-09-26,Financial,Insurance - Property & Casualty,24950000000.0,7.66,18.12,3.39,1.79,1.5,7.34,21.48,8.27,18.98,,30.159999999999997,23.84,5.28,7.2,5.35,15.17,10.88,0.05,0.05,0.56,,2.31,2.03,74.88,2.5,,
CL,2026-09-26,Consumer Defensive,Household & Personal Products,68599999999.99999,34.04,20.99,3.46,3.26,290.69,17.78,434.33000000000004,11.89,25.28,60.42000000000001,21.84,9.68,4.8,6.01,6.07,-3.47,4.35,33.29,33.15,1.03,0.67,2.47,0.19,87.16,2.31,,
CLF,2026-09-26,Basic Materials,Steel,6950000000.0,,15.96,,0.36,1.24,,-15.160000000000002,-4.27,-6.58,-0.8,-3.9,-4.56,92.74,523.55,,-55.32,28.89,1.37,1.37,1.89,0.63,,1.7399999999999998,82.99,14.33,,
CLH,2026-09-26,Industrials,Waste Management,16520000000.0,37.97,31.63,2.07,2.65,5.64,35.84,15.560000000000002,5.75,7.48,24.74,11.84,7.03,34.63,0.99,15.31,24.62,13.91,1.04,1.0,2.13,1.8,,5.13,95.23,2.25,,
CLSK,2026-09-26,Financial,Capital Markets,3580000000.0,,,,5.27,4.71,,-68.62,-34.38,-39.26,-36.91,-51.83,-151.38,-430.96,57.07,,,138.03,2.34,2.34,5.91,5.91,,4.47,97.23,32.03,,
CLX,2026-09-26,Consumer Defensive,Household & Personal Products,10130000000.0,17.42,13.42,2.28,1.51,112.6,25.02,285.64,8.79,13.05,41.95,13.209999999999999,8.74,4.68,7.89,5.89,-2.93,-1.75,62.02,48.99,0.66,0.38,6.09,0.61,88.28,7.07,,
CMC,2026-09-26,Industrials,Metal Fabrication,7270000000.0,12.39,9.12,0.3,0.82,1.61,17.95,13.79,7.090000000000001,7.42,18.24,9.08,6.72,103.66,13.03,30.33,-20.41,7.33,0.8,0.77,2.33,1.54,1.15,0.84,94.68,5.64,,
CMCSA,2026-09-26,Communication Services,Telecom Services,77750000000.0,7.09,6.16,,0.62,0.87,3.81,12.0,4.21,6.44,56.769999999999996,14.85,8.97,-19.58,2.65,-3.9,18.8,3.62,1.01,0.94,0.8,0.8,6.06,0.9899999999999999,91.17,2.27,,
CME,2026-09-26,Financial,Financial Data & Stock Exchanges,95100000000.0,22.43,20.47,2.78,14.04,3.58,22.57,15.8,2.29,14.13,82.65,65.1,63.11,9.37,5.5,7.37,13.7,5.95,0.15,0.14,1.02,1.02,4.35,1.39,91.43,1.64,,
CMG,2026-09-26,Consumer Cyclical,Restaurants,39650000000.0,28.9,22.82,2.1,3.19,18.06,25.27,49.56,15.659999999999998,19.44,21.09,15.410000000000002,11.42,-1.76,19.44,10.85,35.5,14.79,2.46,2.32,0.72,0.68,,0.77,93.04,3.2,,
CMI,2026-09-26,Industrials,Specialty Industrial Machinery,72280000000.0,26.83,15.16,0.79,2.08,5.63,21.47,22.04,7.77,13.55,25.129999999999995,11.44,7.82,24.25,17.13,19.26,11.29,11.19,0.64,0.56,1.73,1.13,1.67,0.32,88.2,2.65,,
CMS,2026-09-26,Utilities,Utilities - Regulated Electric,19740000000.0,18.92,15.14,2.02,2.24,2.07,,11.29,2.61,3.64,25.0,18.95,11.53,7.23,7.41,7.5,5.98,5.88,1.97,1.89,0.94,0.67,3.63,0.61,103.64,5.25,,
CNC,2026-09-26,Healthcare,Healthcare Plans,30540000000.0,,11.67,0.25,0.15,1.35,3.41,-20.41,-6.02,-13.22,,0.83,-2.51,134.16,8.81,46.5,,11.88,0.71,0.71,1.15,,,1.78,99.91,2.91,,
CNH,2026-09-26,Industrials,Farm & Heavy Construction Machinery,16200000000.0,52.44,19.51,0.96,0.89,2.09,26.52,4.02,0.72,0.91,30.130000000000003,13.320000000000002,1.71,-18.83,50.32,20.24,,-7.02,3.39,3.39,7.29,6.06,1.11,29.95,74.42,6.04,,
CNK,2026-09-26,Communication Services,Entertainment,4380000000.0,21.0,14.45,0.36,1.3,8.83,13.99,45.43,4.53,6.64,20.77,13.44,6.370000000000001,131.71,8.44,39.61,,35.33,5.99,5.51,0.84,0.81,0.8199999999999998,10.67,107.32,7.01,,
CNM,2026-09-26,Industrials,Industrial Distribution,8119999999.999999,17.61,12.46,0.68,1.06,3.87,13.34,23.44,7.049999999999999,9.8,24.69,9.68,5.96,34.62,10.05,18.2,58.46,15.99,1.35,1.31,2.47,1.51,,0.49,110.66,5.55,,
CNMD,2026-09-26,Healthcare,Medical Devices,1360000000.0,24.54,9.49,1.72,0.99,1.31,10.11,5.53,2.44,3.33,53.67999999999999,10.95,4.11,-1.18,5.42,5.53,36.14,9.82,0.8,0.63,1.48,0.69,0.44,0.44,114.45999999999998,7.17,,
CNO,2026-09-26,Financial,Insurance - Life,4990000000.0,18.57,10.61,1.29,1.07,1.93,7.15,10.93,0.8,3.91,,14.45,6.0,7.72,7.37,8.2,1.73,3.32,1.76,1.76,,,1.32,3.18,96.74,2.42,,
CNP,2026-09-26,Utilities,Utilities - Regulated Electric,24270000000.0,21.71,17.66,1.96,2.52,2.07,,9.82,2.42,3.23,29.37,23.24,11.61,8.58,9.17,9.03,,4.75,2.14,1.95,1.12,0.97,2.5,0.25,108.2,7.1,,
CNR,2026-09-26,Energy,Thermal Coal,4420000000.0,44.94,14.13,,1.03,1.19,17.03,2.67,1.6200000000000003,2.43,2.27,-1.32,2.34,268.4,25.52,,-51.45,32.88,0.12,0.11,1.83,1.32,0.45000000000000007,2.39,94.91,3.93,,
CNS,2026-09-26,Financial,Asset Management,3820000000.0,22.78,18.78,1.43,6.22,6.47,19.8,30.11,20.38,23.25,86.06,33.56,27.449999999999996,12.78,13.34,13.1,13.58,6.24,0.23,0.23,5.22,5.22,3.61,45.99,56.67,5.53,,
CNX,2026-09-26,Energy,Oil & Gas E&P,4850000000.0,5.48,7.96,0.31,2.19,1.01,9.22,21.25,10.48,13.24,48.44,39.77,42.85,23.04,31.87,25.76,,14.56,0.49,0.48,0.72,0.67,,3.84,92.92,10.83,,
CNXC,2026-09-26,Technology,Information Technology Services,1650000000.0,,2.34,,0.17,0.61,3.22,-37.73,-11.5,-18.03,27.97,7.37,-13.170000000000002,-2.23,5.52,,,15.8,2.04,1.7,1.18,1.18,5.32,22.51,109.28,18.17,,
CNXN,2026-09-26,Technology,Electronics & Computer Distribution,2250000000.0,23.64,20.0,,0.75,2.37,66.2,10.43,7.109999999999999,9.99,18.51,4.12,3.2099999999999995,21.37,6.95,,9.06,2.09,0.01,0.01,2.88,2.42,0.84,55.88999999999999,41.75,4.91,,
COCO,2026-09-26,Consumer Defensive,Beverages - Non-Alcoholic,3360000000.0,32.34,26.66,0.97,4.76,8.39,27.02,31.370000000000005,22.02,26.48,40.9,19.1,15.5,64.71,12.11,27.53,15.11,14.44,0.04,0.03,3.36,2.83,,15.7,87.09,12.04,,
COF,2026-09-26,Financial,Credit Services,122820000000.0,12.4,8.37,0.69,1.56,1.08,4.14,8.94,1.51,6.57,,16.55,12.93,4.2,17.05,12.13,-4.88,16.93,0.4,0.39,2.03,,1.6099999999999999,1.13,89.57,1.63,,
COHR,2026-09-26,Technology,Scientific & Technical Instruments,57930000000.0,71.94,21.02,0.43,8.14,5.31,,8.46,4.85,5.6,38.38,13.79,10.82,68.31,49.03,48.98,11.7,18.04,0.33,0.32,2.43,1.52,0.01,4.46,86.05,5.44,,
COHU,2026-09-26,Technology,Semiconductor Equipment & Materials,3170000000.0,,36.29,,6.07,4.35,90.83,-4.84,-3.42,-3.56,37.81,-6.38,-7.429999999999999,531.82,94.34,,-36.97,-6.56,0.43,0.41,5.74,4.72,,3.75,115.32,18.94,,
COIN,2026-09-26,Financial,Financial Data & Stock Exchanges,51480000000.0,,75.86,24.39,10.73,3.93,30.04,-7.85,-3.9599999999999995,-5.14,60.309999999999995,-37.56,-20.6,-170.16,182.37,3.11,52.26,41.24,0.51,0.47,2.42,2.42,,18.24,56.99999999999999,11.7,,
COKE,2026-09-26,Consumer Defensive,Beverages - Non-Alcoholic,12670000000.0,26.04,,,1.65,,19.61,97.33,11.03,27.51,37.65,13.019999999999998,7.15,,,,30.04,7.62,,,1.21,0.92,0.53,15.109999999999998,61.75000000000001,4.93,,
COLB,2026-09-26,Financial,Banks - Regional,8390000000.000001,11.83,9.02,2.46,2.36,1.11,6.63,11.01,1.21,8.89,,30.620000000000005,19.94,-2.89,8.48,3.66,1.17,38.87,0.65,0.06,0.04,,4.99,0.8,96.69,3.76,,
COLL,2026-09-26,Healthcare,Drug Manufacturers - Specialty & Generic,733480000.0,18.25,3.37,,0.91,2.35,2.23,17.61,2.57,3.25,60.02000000000001,20.12,5.93,-0.75,-9.25,-5.17,17.92,20.28,3.9,3.72,1.03,0.84,,2.18,125.8,17.82,,
COLM,2026-09-26,Consumer Cyclical,Apparel Manufacturing,2950000000.0,14.94,13.74,2.41,0.87,1.84,9.18,12.659999999999998,7.24,10.41,52.019999999999996,7.64,6.05,23.49,-8.03,5.71,14.88,6.31,0.29,0.24,2.49,1.32,2.04,57.48,51.74999999999999,20.03,,
CON,2026-09-26,Healthcare,Medical Care Facilities,4460000000.0,23.01,19.02,1.41,1.95,9.36,16.69,47.89,6.709999999999999,7.79,25.83,16.71,8.53,20.44,11.58,13.52,-6.16,5.72,4.49,4.28,1.38,1.38,0.37,9.57,87.93,2.76,,
COO,2026-09-26,Healthcare,Medical Instruments & Supplies,10530000000.0,18.9,11.77,1.59,2.49,1.26,15.53,6.84,4.55,5.57,61.39,19.26,13.459999999999999,10.25,3.6,7.39,9.3,10.98,0.31,0.23,1.22,0.73,,0.62,112.64,5.3,,
COP,2026-09-26,Energy,Oil & Gas E&P,152930000000.0,16.87,13.71,0.81,2.42,2.34,15.2,14.13,7.5,10.49,27.18,22.14,14.66,68.8,-10.7,16.84,,25.63,0.36,0.35,1.54,1.39,2.65,0.09,87.14,1.34,,
COR,2026-09-26,Healthcare,Medical Distribution,58570000000.0,22.82,15.49,1.4,0.18,19.2,14.43,104.34,3.3300000000000005,18.11,3.62,1.32,0.79,11.72,10.83,11.09,,11.09,3.84,3.75,0.93,0.58,0.78,0.45000000000000007,100.05999999999999,2.27,,
CORT,2026-09-26,Healthcare,Biotechnology,12550000000.0,277.29,27.06,0.26,15.11,17.75,117.38,8.08,6.41,7.6,98.3,0.77,6.52,151.26,108.23,105.49,-0.84,16.56,0.01,0.01,2.83,2.74,,11.4,75.81,9.76,,
COST,2026-09-26,Consumer Defensive,Discount Stores,409230000000.0,44.44,36.98,3.8,1.35,11.42,43.58,28.4,11.11,21.9,13.41,3.85,3.04,9.78,9.47,9.74,13.0,9.12,0.24,0.18,1.06,0.62,0.61,0.12,75.27,1.66,,
COTY,2026-09-26,Consumer Defensive,Household & Personal Products,2330000000.0,,10.72,0.66,0.4,0.78,6.7,-18.52,-5.47,-9.53,58.540000000000006,5.47,-10.64,54.17,-23.64,16.26,-56.6,4.64,1.15,1.12,0.75,0.42,,57.2,43.89,12.92,,
CPAY,2026-09-26,Technology,Software - Infrastructure,26140000000.0,24.2,12.67,0.63,5.21,7.38,15.95,30.39,4.67,11.77,73.16,45.75,22.61,28.09,14.75,19.97,13.14,13.65,3.0,1.72,0.97,0.97,,3.83,100.48000000000002,4.94,,
CPB,2026-09-26,Consumer Defensive,Packaged Foods,5780000000.0,14.66,10.7,,0.59,1.5,8.52,10.27,2.61,3.9,27.9,11.3,4.08,-21.95,6.86,-4.57,-16.38,2.83,1.94,1.65,0.82,0.33,5.66,35.49,62.81,20.04,,
CPF,2026-09-26,Financial,Banks - Regional,948790000.0,11.81,10.31,,2.59,1.59,9.65,14.249999999999998,1.12,12.0,,27.91,22.63,14.42,9.24,,16.71,7.4,0.17,0.16,0.12,,3.2,2.69,95.61,2.8,,
CPK,2026-09-26,Utilities,Utilities - Regulated Gas,3100000000.0,20.54,17.55,1.87,3.12,1.84,,9.47,3.8,5.01,31.09,27.310000000000002,15.109999999999998,6.93,14.16,9.4,7.03,13.76,1.01,0.79,0.32,0.27,2.95,1.5,93.08,4.26,,
CPRI,2026-09-26,Consumer Cyclical,Luxury Goods,1720000000.0,16.49,6.01,0.29,0.5,12.43,20.68,152.07,2.12,8.38,59.34,2.35,3.1300000000000003,41.65,18.33,20.79,,-3.07,10.09,8.34,1.19,0.54,,2.55,96.29,13.06,,
CPRT,2026-09-26,Industrials,Specialty Business Services,25540000000.0,17.79,15.58,2.27,5.47,2.91,20.18,16.24,14.760000000000002,16.19,44.06,35.42,31.81,5.14,8.68,6.87,9.73,11.62,0.01,0.01,7.74,7.66,,8.99,87.65,4.03,,
CPT,2026-09-26,Real Estate,REIT - Residential,13270000000.0,32.47,86.71,,8.4,2.65,41.17,7.76,3.5000000000000004,4.7,22.55,17.71,20.6,-67.8,-0.72,-28.09,23.26,8.46,1.28,0.82,0.31,0.31,4.32,2.68,104.41,4.28,,
CR,2026-09-26,Industrials,Specialty Industrial Machinery,11950000000.0,36.09,26.42,1.94,4.61,5.49,31.44,16.54,10.27,10.29,41.74,17.93,12.97,16.13,11.42,13.64,15.24,-3.55,0.51,0.5,2.8,1.84,0.49,1.06,78.98,1.87,,
CRBG,2026-09-26,Financial,Asset Management,15540000000.0,19.82,6.04,0.42,0.82,1.53,8.39,7.9,0.24,4.21,,8.49,4.7,3.56,26.16,14.44,,3.75,1.02,1.02,0.48,,2.88,11.03,96.41,3.19,,
CRC,2026-09-26,Energy,Oil & Gas E&P,4660000000.0,,13.09,0.78,1.25,1.37,11.81,-3.55,-1.7500000000000002,-2.55,39.73,21.58,-3.2400000000000007,2.5,-4.78,16.69,-28.73,16.16,0.4,0.39,0.66,0.56,3.27,8.5,97.14,4.5,,
CRGY,2026-09-26,Energy,Oil & Gas E&P,4340000000.0,,6.02,1.23,1.01,0.84,5.21,1.14,0.5,0.53,31.59,24.67,1.27,36.08,-10.87,4.91,,36.54,1.0,1.0,0.94,0.94,3.65,12.29,83.25,11.19,,
CRH,2026-09-26,Basic Materials,Building Materials,56580000000.0,15.0,13.0,1.3,1.46,2.23,19.38,16.45,6.78,9.31,36.25,14.05,9.87,5.42,11.41,9.98,30.98,6.3,0.82,0.7,1.58,1.07,1.8500000000000003,0.31,88.77,1.79,,
CRI,2026-09-26,Consumer Cyclical,Apparel Retail,1150000000.0,5.86,8.48,1.22,0.39,1.12,3.92,20.18,7.32,9.13,48.6,8.92,6.370000000000001,-5.73,12.9,6.94,0.2,-0.85,1.15,1.02,2.47,1.5,3.2,5.37,108.65,16.65,,
CRK,2026-09-26,Energy,Oil & Gas E&P,3850000000.0,7.62,24.12,0.9,2.04,1.49,,20.92,7.1,8.83,22.5,19.28,26.77,-33.79,52.16,26.78,,17.58,1.23,1.21,0.48,0.48,,73.26,30.630000000000003,32.7,,
CRL,2026-09-26,Healthcare,Diagnostics & Research,13980000000.0,,22.96,2.04,3.5,4.92,37.72,-7.7,-3.16,-4.06,32.63,13.51,-5.96,10.32,12.48,11.28,,6.55,1.07,1.07,1.35,1.04,,1.12,121.22999999999999,4.73,,
CRM,2026-09-26,Technology,Software - Application,192600000000.0,21.33,14.56,1.04,4.38,5.02,12.71,19.38,9.33,12.07,74.69,21.52,21.99,33.81,-4.07,13.98,12.24,14.34,1.1,1.09,0.76,0.76,0.48,3.15,87.88,4.06,,
CROX,2026-09-26,Consumer Cyclical,Footwear & Accessories,6050000000.0,10.9,8.44,1.25,1.49,4.38,8.58,42.3,13.48,19.89,57.47,20.81,14.63,11.51,7.14,6.75,,23.86,1.22,1.15,1.49,0.96,,4.43,101.15,10.21,,
CRS,2026-09-26,Industrials,Metal Fabrication,19670000000.0,37.69,24.93,1.18,6.29,8.84,54.28,25.739999999999995,14.46,17.97,30.659999999999997,22.54,16.95,23.95,19.33,21.06,,16.19,0.33,0.32,3.81,2.23,0.21,2.74,95.03,3.67,,
CRSR,2026-09-26,Technology,Computer Hardware,1480000000.0,44.52,16.48,1.33,1.02,2.22,16.47,5.25,2.73,4.03,31.55,2.94,2.29,45.05,-7.85,12.38,,-2.86,0.28,0.24,1.75,1.04,,56.3,38.52,19.58,,
CRUS,2026-09-26,Technology,Semiconductors,6010000000.0,14.67,13.47,3.66,2.93,2.76,10.51,20.9,17.74,18.73,52.78,23.05,21.0,-8.95,5.56,3.68,16.74,7.84,0.06,0.05,7.58,6.23,,0.64,106.51000000000002,7.2,,
CRVL,2026-09-26,Financial,Insurance Brokers,3750000000.0,33.09,,,3.82,9.2,32.99,30.7,17.92,26.84,22.28,15.370000000000001,11.72,,,,20.24,11.64,0.07,0.05,1.94,1.94,,38.91,55.99000000000001,4.23,,
CRWD,2026-09-26,Technology,Software - Infrastructure,258160000000.00003,7062.47,157.7,5.19,47.84,50.6,169.22,0.8500000000000001,0.35,0.64,75.12,-1.23,0.7,34.36,27.6,30.36,-8.78,40.64,0.16,0.16,1.48,1.48,,3.2400000000000007,77.27,2.82,,
CSCO,2026-09-26,Technology,Communication Equipment,420670000000.0,32.05,19.25,1.66,6.64,8.37,32.95,27.32,10.53,18.71,63.41,25.16,20.95,17.76,8.72,11.58,5.88,4.92,0.62,0.41,0.93,0.79,1.6,0.25,83.61,1.47,,
CSGP,2026-09-26,Real Estate,Real Estate Services,11380000000.0,154.6,16.37,0.45,3.2,1.43,25.61,0.9000000000000001,0.72,0.82,74.55,2.43,2.08,57.06,25.61,35.98,-51.08,14.37,0.15,0.14,2.21,2.21,,0.91,104.69,3.7,,
CSL,2026-09-26,Industrials,Building Products & Equipment,12960000000.0,18.6,13.61,1.1,2.54,8.03,14.99,39.4,12.53,16.18,35.21,20.55,14.29,8.23,14.22,12.32,24.22,4.79,1.78,1.78,2.6,2.04,1.4,1.45,102.53000000000002,5.22,,
CSR,2026-09-26,Real Estate,REIT - Residential,977500000.0,70.09,,,2.8,1.36,16.41,3.09,1.13,1.3,36.16,29.410000000000004,6.15,-137.4,30.12,,,14.68,1.44,1.44,3.11,3.11,8.33,0.67,94.38,5.5,,
CSW,2026-09-26,Industrials,Specialty Industrial Machinery,4840000000.0,40.68,21.72,1.69,4.13,4.51,33.52,11.07,6.25,6.17,42.38,18.17,10.34,21.29,8.54,12.85,20.39,20.89,0.86,0.82,2.7,1.36,0.38,1.35,101.2,6.76,,
CSX,2026-09-26,Industrials,Railroads,86660000000.0,27.02,20.54,1.29,5.97,6.15,30.99,24.37,7.35,10.16,35.27,35.27,22.21,24.69,13.43,15.98,5.15,5.89,1.37,1.25,0.82,0.72,1.2,0.14,82.08,2.2,,
CTAS,2026-09-26,Industrials,Specialty Business Services,80100000000.0,39.41,32.38,2.74,6.93,15.35,39.53,41.28,20.07,29.97,49.73,23.61,17.78,12.16,11.41,11.8,13.89,9.62,0.52,0.32,1.45,1.29,0.97,14.42,70.31,3.27,,
CTRE,2026-09-26,Real Estate,REIT - Healthcare Facilities,8840000000.0,23.58,22.27,4.37,15.46,1.97,20.49,9.11,6.7,6.23,78.63,64.87,62.07,-2.05,9.24,5.1,13.11,21.73,0.27,0.27,6.76,6.76,4.16,0.77,106.4,6.93,,
CTS,2026-09-26,Technology,Electronic Components,1700000000.0,24.91,20.79,,3.01,2.97,18.62,12.43,8.85,10.6,39.01,15.909999999999998,12.35,18.98,8.04,,15.54,5.03,0.16,0.15,2.61,2.07,0.27,1.68,99.33,3.71,,
CTSH,2026-09-26,Technology,Information Technology Services,25820000000.0,12.3,9.06,0.93,1.19,1.79,9.94,14.92,10.83,13.55,30.659999999999997,16.11,10.26,9.07,9.83,9.71,12.13,4.86,0.14,0.13,2.18,2.18,2.3,0.4699999999999999,115.27000000000001,8.04,,
CTVA,2026-09-26,Basic Materials,Agricultural Inputs,52390000000.0,51.91,18.93,1.68,2.94,2.08,83.29,4.25,2.6,3.76,45.41,16.67,5.66,12.85,10.07,11.25,12.11,4.12,0.19,0.07,1.52,1.1,0.9399999999999998,0.16,91.09,3.1,,
CUBE,2026-09-26,Real Estate,REIT - Industrial,8550000000.000001,25.86,23.71,6.66,7.53,3.31,15.34,12.39,5.03,5.78,45.84,39.85,29.410000000000004,7.44,1.67,3.56,11.38,10.58,1.37,1.24,0.06,0.06,5.63,0.88,104.07,3.89,,
CUBI,2026-09-26,Financial,Banks - Regional,2600000000.0,9.39,8.0,0.43,1.71,1.18,7.1,14.32,1.19,6.52,,24.76,18.7,34.79,14.09,18.83,9.0,19.25,1.07,1.03,0.33,,0.13,7.12,100.88999999999999,8.01,,
CURB,2026-09-26,Real Estate,REIT - Retail,3270000000.0,104.71,117.12,,14.51,1.44,30.19,1.44,1.16,1.05,33.66,17.17,12.8,-44.26,17.83,-26.2,,,0.32,0.32,9.72,9.72,2.37,6.819999999999999,120.91000000000001,12.97,,
CUZ,2026-09-26,Real Estate,REIT - Office,4720000000.0,732.74,61.81,1.79,4.56,1.05,29.97,0.14,0.07,0.08,26.899999999999995,22.66,0.62,-31.98,183.95,34.49,-24.7,6.07,0.87,0.87,1.73,1.73,4.5,1.36,106.46,7.43,,
CVBF,2026-09-26,Financial,Banks - Regional,3970000000.0,15.58,11.33,1.04,5.56,1.25,6.93,7.6,1.12,5.44,,43.64,28.84,-1.1,32.26,10.93,3.19,6.49,0.37,0.19,0.1,,3.5699999999999994,5.7,83.63,5.87,,
CVCO,2026-09-26,Consumer Cyclical,Residential Construction,4290000000.0,24.25,19.99,1.7,1.87,3.87,18.26,16.66,12.24,15.74,23.15,9.62,7.89,-5.95,23.59,11.74,23.8,15.25,0.04,0.04,2.23,1.41,,2.17,100.22999999999999,4.82,,
CVI,2026-09-26,Energy,Oil & Gas Refining & Marketing,5180000000.0,75.04,18.85,,0.61,9.87,14.76,13.930000000000001,1.71,3.01,8.55,6.800000000000001,0.8100000000000002,193.12,140.53,,,12.75,3.43,3.37,1.42,0.92,0.74,70.83,32.74,19.79,,
CVLT,2026-09-26,Technology,Software - Application,6030000000.0,92.82,23.41,1.18,4.96,115.84,23.17,32.77,4.45,7.1,80.26,9.01,5.62,25.45,13.91,19.92,,10.35,17.63,17.49,2.04,2.04,,1.27,109.65,8.25,,
CVNA,2026-09-26,Consumer Cyclical,Auto & Truck Dealerships,71600000000.0,30.18,29.46,1.71,2.86,11.61,77.07,54.459999999999994,13.11,16.92,18.68,8.93,6.260000000000001,-4.18,36.36,17.21,,29.47,1.44,1.3,3.93,2.33,,6.58,100.38,9.25,,
CVS,2026-09-26,Healthcare,Healthcare Plans,113990000000.0,23.53,10.47,0.81,0.27,1.43,9.7,6.23,1.91,3.21,14.16,3.54,1.18,18.86,6.12,12.86,-23.94,8.4,0.96,0.91,0.87,0.66,3.06,0.1,91.6,1.26,,
CVSA,2026-09-26,Consumer Defensive,Education & Training Services,4110000000.0000005,18.43,12.07,1.16,2.1,2.84,10.47,18.57,9.09,11.57,60.28,19.94,13.68,9.64,10.61,10.43,38.12,16.59,0.63,0.6,1.09,1.09,,2.91,102.09000000000002,5.86,,
CVX,2026-09-26,Energy,Oil & Gas Integrated,403950000000.0,19.6,14.86,0.74,1.91,2.13,14.82,12.25,7.090000000000001,9.09,18.48,13.33,9.74,124.29,-15.83,20.08,,14.35,0.2,0.19,1.25,0.98,3.49,0.35,76.33,1.05,,
CW,2026-09-26,Industrials,Aerospace & Defense,19930000000.0,37.14,31.5,2.34,5.46,7.2,31.88,19.75,10.16,14.55,37.73,18.89,14.81,15.65,12.0,13.44,21.83,7.91,0.41,0.34,1.6,1.12,0.18,0.44,87.03,2.12,,
CWEN,2026-09-26,Utilities,Utilities - Renewable,6110000000.0,37.65,46.67,,3.97,1.95,9.11,4.92,0.55,0.81,16.16,13.170000000000002,5.91,-120.38,318.91,-10.57,45.81,2.44,5.34,5.04,1.21,1.11,6.329999999999999,0.8199999999999998,88.65,6.5,,
CWK,2026-09-26,Real Estate,Real Estate Services,2850000000.0,41.92,7.05,0.09,0.26,1.41,23.38,3.52,0.91,1.44,16.8,3.84,0.64,324.41,17.41,79.17,,5.58,1.5,1.38,1.08,1.08,,0.8199999999999998,96.57,7.05,,
CWST,2026-09-26,Industrials,Waste Management,5230000000.0,918.88,51.15,3.47,2.68,3.31,49.53,0.36,0.17,0.19,16.81,4.82,0.29,5.28,20.24,14.75,-41.82,18.85,0.91,0.89,0.99,0.99,,2.21,122.07999999999998,8.15,,
CWT,2026-09-26,Utilities,Utilities - Regulated Water,2860000000.0,20.79,17.1,1.89,2.71,1.58,,7.7,2.35,4.06,37.26,19.2,12.629999999999999,18.51,5.97,9.07,1.81,4.72,0.93,0.81,0.7,0.67,2.9,0.77,90.99,3.94,,
CXM,2026-09-26,Technology,Software - Application,1180000000.0,53.88,9.48,1.6,1.35,2.31,10.66,4.36,2.17,4.18,65.59,5.53,2.65,-2.53,11.94,5.92,,17.24,0.08,0.07,1.41,1.41,,56.19,50.82,11.55,,
CXT,2026-09-26,Industrials,Business Equipment & Supplies,2750000000.0,19.74,10.12,1.28,1.52,2.17,12.26,11.49,4.31,5.55,42.12,16.32,7.780000000000001,6.11,9.43,7.93,-4.06,-9.71,1.16,1.0,1.42,1.07,1.51,13.77,107.67,16.1,,
CXW,2026-09-26,Industrials,Security & Protection Services,3180000000.0,25.6,13.21,,1.28,2.21,55.44,8.77,3.92,4.79,17.09,9.94,5.15,1422.92,-85.21,,19.27,3.02,0.94,0.86,1.32,1.32,,2.84,88.17,15.15,,
CYTK,2026-09-26,Healthcare,Biotechnology,8990000000.0,,,,132.84,,,,-56.76,-85.25,69.42,-1046.12,-1321.12,7.44,26.06,31.42,-27.07,9.54,,,6.66,6.66,,3.51,113.23,13.03,,
CZR,2026-09-26,Consumer Cyclical,Resorts & Casinos,6030000000.0,,132.13,,0.52,1.79,11.78,-12.79,-1.45,-1.65,37.69,17.69,-3.9900000000000007,63.33,125.24,,29.15,25.92,7.36,7.33,0.85,0.83,,6.21,95.71,9.82,,
D,2026-09-26,Utilities,Utilities - Regulated Electric,53370000000.0,21.1,15.91,2.63,2.88,1.91,,9.08,2.22,3.35,51.99,27.47,13.44,4.91,6.31,6.04,,3.41,1.85,1.62,0.81,0.64,4.4,0.13,82.9,2.54,,
DAL,2026-09-26,Industrials,Airlines,55860000000.0,14.11,10.14,0.5,0.82,2.56,16.38,20.13,4.8,10.54,15.960000000000003,8.08,5.79,6.51,35.07,20.16,,29.96,0.92,0.72,0.42,0.35,0.8500000000000001,0.59,89.94,4.01,,
DAN,2026-09-26,Consumer Cyclical,Auto Parts,2920000000.0,,6.8,0.05,0.38,1.52,24.95,-2.88,-0.63,-2.11,9.1,4.02,-0.93,414.22,109.83,135.26,,1.08,0.78,0.75,1.49,1.03,1.7000000000000002,1.54,100.1,4.29,,
DAR,2026-09-26,Consumer Defensive,Packaged Foods,9670000000.0,16.47,10.05,0.07,1.48,1.84,10.98,12.13,5.63,6.46,18.29,8.9,9.13,1623.77,-9.25,143.21,-26.07,11.37,0.8,0.76,1.56,1.03,,1.42,106.15999999999998,4.34,,
DASH,2026-09-26,Consumer Cyclical,Internet Retail,83790000000.0,101.53,41.12,0.82,5.27,8.44,39.17,8.93,4.61,6.41,45.12,5.46,5.29,22.72,79.92,50.23,,36.58,0.33,0.32,1.36,1.36,,12.73,82.51,4.31,,
DAVE,2026-09-26,Technology,Software - Application,4139999999.9999995,21.07,16.29,0.61,6.44,19.93,12.69,104.78,47.66,55.5,88.15,33.54,34.59,-0.61,48.33,26.72,,37.95,1.29,0.93,4.22,4.22,,20.65,97.44,22.39,,
DBD,2026-09-26,Technology,Software - Application,2130000000.0,20.52,8.93,,0.55,2.2,8.94,10.76,2.97,5.5,26.280000000000005,9.0,2.87,-3.88,30.65,,,-0.49,1.14,1.09,1.27,0.83,,1.96,135.71,9.06,,
DBX,2026-09-26,Technology,Software - Infrastructure,7030000000.0,17.95,9.78,1.13,2.78,,7.3,,15.8,28.1,79.59,26.5,17.49,7.71,8.01,8.67,,5.66,,,1.06,1.06,,39.63,84.16,17.08,,
DCH,2026-09-26,Consumer Cyclical,Auto Parts,1300000000.0,,4.49,0.11,0.16,0.86,,-14.99,-2.0,-2.45,9.54,3.44,-1.9900000000000002,78.72,28.41,40.92,49.29,4.38,3.44,3.42,1.4,1.02,,4.04,104.2,8.12,,
DCI,2026-09-26,Industrials,Specialty Industrial Machinery,10130000000.0,22.72,18.1,1.82,2.61,5.75,23.77,28.199999999999996,13.03,14.75,34.6,15.86,11.68,8.71,11.59,9.95,11.46,6.37,0.78,0.74,2.08,1.41,1.48,0.58,91.29,2.73,,
DCOM,2026-09-26,Financial,Banks - Regional,1780000000.0,14.66,9.34,0.44,2.38,1.33,9.02,8.58,0.8699999999999999,6.87,,24.15,15.93,29.19,29.23,21.28,6.33,24.2,0.43,0.21,0.47,,2.48,3.5000000000000004,89.63,9.4,,
DD,2026-09-26,Basic Materials,Specialty Chemicals,17790000000.0,312.85,16.54,0.83,2.15,1.29,16.96,2.78,1.78,0.33,32.74,15.32,0.67,43.88,9.79,20.01,14.2,-13.74,0.23,0.23,2.43,1.82,2.26,0.37,81.48,3.63,,
DDOG,2026-09-26,Technology,Software - Application,96280000000.0,547.76,90.52,4.35,24.27,22.04,81.45,4.7,2.66,3.17,79.48,0.48,4.48,23.53,16.96,20.83,,41.53,0.29,0.28,3.16,3.16,,8.28,86.21,3.12,,
DE,2026-09-26,Industrials,Farm & Heavy Construction Machinery,186170000000.0,38.38,30.53,2.29,3.88,6.65,57.65,18.33,4.52,7.1,36.78,19.98,10.16,-2.05,24.83,13.35,16.32,5.13,2.29,1.45,0.77,0.55,0.95,7.44,77.73,2.25,,
DEA,2026-09-26,Real Estate,REIT - Office,1080000000.0,110.62,75.11,8.31,3.04,0.82,4.03,0.71,0.28,0.31,32.79,23.65,2.63,-14.81,32.61,9.04,-5.89,6.52,1.31,1.3,5.82,5.82,7.86,6.36,79.5,4.65,,
DECK,2026-09-26,Consumer Cyclical,Footwear & Accessories,10710000000.0,11.16,9.46,0.96,1.94,4.67,9.58,42.56,26.33,37.58,56.28999999999999,22.43,18.42,7.12,10.62,9.83,25.63,16.45,0.21,0.17,2.75,1.99,,1.3,101.25,7.04,,
DEI,2026-09-26,Real Estate,REIT - Office,1640000000.0,,,,1.63,0.89,9.18,-1.28,-0.26,-0.36,23.86,19.0,-2.43,-246.79,11.3,,-20.75,2.4,3.12,2.72,0.47,0.47,7.8,3.5000000000000004,105.78,19.07,,
DELL,2026-09-26,Technology,Computer Hardware,357890000000.0,32.68,18.2,0.36,2.37,,41.81,,10.51,45.31,19.7,9.89,7.53,151.39,19.45,50.73,15.51,5.56,,,0.96,0.71,0.44,53.97,38.83,4.68,,
DFH,2026-09-26,Consumer Cyclical,Residential Construction,1020000000.0,7.95,14.39,,0.25,0.72,,9.58,3.8599999999999994,4.32,15.68,4.37,3.2199999999999998,-50.23,-26.29,-23.72,20.19,30.69,1.15,1.15,4.92,0.53,,70.68,34.4,26.51,,
DFIN,2026-09-26,Technology,Software - Application,1200000000.0,33.75,8.96,0.67,1.55,3.12,7.9,8.59,4.12,5.97,56.48,19.92,4.53,12.09,13.28,13.34,,-3.03,0.55,0.52,1.33,1.33,,6.58,94.94,4.5,,
DG,2026-09-26,Consumer Defensive,Discount Stores,27540000000.0,16.22,14.95,1.43,0.63,2.97,13.7,19.69,5.34,7.26,28.67,5.59,3.9,15.35,5.7,10.47,-8.39,4.83,1.7,1.53,1.21,0.31,1.92,0.74,100.79,2.75,,
DGII,2026-09-26,Technology,Communication Equipment,2970000000.0,61.78,25.0,1.44,5.87,4.34,21.85,7.46,5.62,6.08,61.69,15.1,9.63,28.19,16.34,17.37,30.59,9.03,0.17,0.17,1.13,0.78,,3.15,104.97000000000001,4.59,,
DGX,2026-09-26,Healthcare,Diagnostics & Research,26080000000.0,25.07,19.58,1.97,2.26,3.46,19.34,14.35,6.43,7.72,31.869999999999997,14.56,9.15,13.62,7.83,9.95,-3.64,3.18,0.85,0.82,1.59,1.46,1.41,0.48,97.84,3.28,,
DHI,2026-09-26,Consumer Cyclical,Residential Construction,39580000000.0,13.46,12.18,2.26,1.19,1.67,12.36,12.75,8.37,9.85,22.61,12.08,9.15,-9.63,11.11,5.39,12.53,11.02,0.3,0.3,10.45,0.96,1.26,10.42,88.59,3.95,,
DHR,2026-09-26,Healthcare,Diagnostics & Research,157810000000.0,39.86,24.14,2.56,6.29,3.0,28.87,7.61,4.59,5.15,58.97,21.19,15.950000000000001,9.05,9.33,9.43,0.65,1.97,0.53,0.48,1.65,1.25,0.62,9.12,84.55,1.31,,
DINO,2026-09-26,Energy,Oil & Gas Refining & Marketing,18990000000.0,10.19,9.13,0.56,0.61,1.85,8.22,19.41,10.6,14.15,10.13,8.58,6.08,218.68,-27.43,16.19,,19.15,0.32,0.31,1.97,1.1,1.91,5.66,88.19,5.85,,
DIOD,2026-09-26,Technology,Semiconductors,4410000000.0,51.62,16.62,0.15,2.7,2.25,30.97,4.5,3.4099999999999997,4.28,30.61,4.8,5.27,166.12,77.62,114.26,-5.41,3.81,0.05,0.03,3.17,1.99,,2.37,100.14,5.31,,
DIS,2026-09-26,Communication Services,Entertainment,183290000000.0,21.89,14.16,1.15,1.85,1.67,22.1,7.85,4.29,5.83,32.19,15.43,8.68,16.56,8.48,12.28,,7.66,0.42,0.34,0.65,0.59,1.31,0.17,79.13,1.14,,
DKS,2026-09-26,Consumer Cyclical,Specialty Retail,12130000000.0,14.65,10.28,2.4,0.57,2.12,50.89,18.47,5.8,6.6,32.25,6.43,3.9699999999999998,-12.46,14.88,4.29,11.75,12.43,1.39,1.22,1.48,0.36,3.62,29.770000000000003,78.65,12.83,,
DLB,2026-09-26,Industrials,Specialty Business Services,5490000000.0,24.83,12.79,2.01,4.05,2.12,13.97,8.72,7.12,8.63,87.61,19.33,16.7,1.92,5.99,6.35,3.08,3.04,0.02,0.01,3.19,3.11,2.46,37.76,66.73,9.49,,
DLR,2026-09-26,Real Estate,REIT - Specialty,66260000000.00001,86.88,69.01,,9.68,2.47,,3.17,1.55,1.72,28.410000000000004,19.14,11.07,-24.02,-4.84,-3.41,28.98,9.38,0.72,0.69,2.66,2.66,2.74,0.66,104.88,2.29,,
DLTR,2026-09-26,Consumer Defensive,Discount Stores,21400000000.0,13.93,14.43,0.97,1.07,6.25,10.82,46.03,11.8,15.99,38.74,10.54,8.03,37.02,0.33,14.84,1.91,-5.32,2.24,1.94,1.13,0.39,,0.18,107.54999999999998,3.84,,
DLX,2026-09-26,Industrials,Conglomerates,1120000000.0,11.14,5.96,,0.53,1.58,5.34,14.95,3.95,4.63,52.54,12.55,4.76,3.0,8.02,,75.48,3.56,2.08,2.07,1.2,1.08,4.93,3.04,91.44,9.1,,
DMC,2026-09-26,Consumer Defensive,Farm Products,1450000000.0,43.13,9.75,,0.34,0.72,11.17,1.67,1.04,1.33,9.27,3.7699999999999996,0.79,-38.86,40.0,,12.78,0.59,0.3,0.27,2.23,1.04,3.91,18.75,73.27,6.28,,
DNOW,2026-09-26,Industrials,Industrial Distribution,2880000000.0,,19.23,2.66,0.71,1.38,21.18,-11.57,-6.87,-7.03,15.9,-2.55,-4.6,-59.69,138.94,7.22,28.0,11.74,0.3,0.28,2.14,1.06,,1.7000000000000002,108.05,5.37,,
DOC,2026-09-26,Real Estate,REIT - Healthcare Facilities,14350000000.0,58.06,92.04,2.14,4.86,1.79,12.94,3.08,1.17,1.39,20.87,17.95,8.23,348.26,-50.77,43.05,,11.4,1.32,1.22,3.4,3.4,6.03,0.31,99.31,3.69,,
DOCN,2026-09-26,Technology,Software - Infrastructure,16430000000.0,63.71,78.12,7.34,16.25,15.77,91.59,62.27,9.71,10.05,57.220000000000006,14.800000000000002,23.27,-31.08,22.44,10.64,,23.14,2.13,1.52,1.31,1.31,,17.74,82.36,9.0,,
DOCS,2026-09-26,Healthcare,Health Information Services,4700000000.0,31.25,16.95,2.69,7.16,5.17,15.81,17.21,14.6,18.09,87.41,30.570000000000004,25.480000000000004,-11.46,15.51,6.3,52.71,25.53,0.01,0.01,6.04,6.04,,31.17,72.79,10.09,,
DOCU,2026-09-26,Technology,Software - Application,12620000000.0,41.06,12.95,0.91,3.75,7.39,10.53,17.8,8.34,17.49,79.16,11.96,9.82,20.38,12.8,14.26,,17.25,0.11,0.1,0.64,0.64,,0.64,95.88,7.39,,
DORM,2026-09-26,Consumer Cyclical,Auto Parts,3680000000.0,17.19,13.49,3.54,1.71,2.43,52.04,15.049999999999999,8.82,10.73,41.83,17.15,10.18,-2.35,6.16,3.81,15.0,14.28,0.35,0.35,3.6,1.73,,13.58,96.79,6.11,,
DOV,2026-09-26,Industrials,Specialty Industrial Machinery,25840000000.0,23.1,16.34,1.69,3.07,3.36,22.06,14.91,8.41,11.04,40.09,18.09,13.48,11.23,9.83,9.66,11.05,3.9,0.42,0.33,1.98,1.41,1.13,0.75,93.57,3.12,,
DOW,2026-09-26,Basic Materials,Chemicals,20240000000.0,,17.48,,0.49,1.28,12.66,-7.89,-2.16,-3.83,9.44,3.64,-3.16,350.61,-31.95,,,0.73,1.22,1.15,1.75,1.14,4.97,0.26,80.16,4.92,,
DPZ,2026-09-26,Consumer Cyclical,Restaurants,9670000000.0,16.56,14.05,1.65,1.92,,14.79,,33.38,54.88,40.02,19.3,11.86,7.97,9.64,8.53,7.23,3.71,,,1.54,1.41,2.73,0.62,113.66000000000001,9.92,,
DRH,2026-09-26,Real Estate,REIT - Hotel & Motel,2560000000.0,17.32,18.75,0.96,2.26,1.68,15.68,9.92,5.02,5.65,19.38,16.26,13.089999999999998,76.91,-14.44,19.45,,30.2,0.79,0.79,1.32,1.32,3.29,1.31,114.77,7.03,,
DRI,2026-09-26,Consumer Cyclical,Restaurants,22680000000.0,19.51,16.09,1.9,1.7,10.32,22.01,55.43,9.16,15.33,17.4,12.18,8.85,6.02,10.02,8.49,16.79,12.92,3.2,2.73,0.3,0.2,3.27,0.32,101.54,5.41,,
DT,2026-09-26,Technology,Software - Application,16750000000.0,115.16,25.47,1.51,7.99,6.87,29.35,5.88,3.7000000000000006,5.85,81.35,13.03,7.22,16.75,14.62,16.83,15.17,23.47,0.06,0.06,1.12,1.12,,0.8,106.06,4.54,,
DTE,2026-09-26,Utilities,Utilities - Regulated Electric,25270000000.0,19.19,14.55,2.09,1.55,2.08,,11.01,2.47,3.43,16.03,12.64,8.05,4.81,8.21,6.97,-0.08,5.8,2.29,2.15,0.8,0.53,3.92,0.44,83.23,2.51,,
DTM,2026-09-26,Energy,Oil & Gas Midstream,12470000000.0,26.82,24.44,2.66,9.52,2.61,23.49,9.9,4.64,5.75,53.05,49.69,35.73,9.81,5.97,9.2,5.96,10.51,0.71,0.7,1.37,1.37,2.86,0.55,88.09,5.65,,
DUK,2026-09-26,Utilities,Utilities - Regulated Electric,88380000000.0,17.01,15.81,2.34,2.66,1.64,,9.91,2.68,3.8,31.370000000000005,26.619999999999997,15.61,6.35,6.87,6.74,29.7,6.2,1.68,1.52,0.66,0.43,3.85,0.13,71.68,2.44,,
DUOL,2026-09-26,Technology,Software - Application,6710000000.0,17.21,42.76,,5.86,4.76,16.46,34.42,22.72,27.46,72.22,14.21,35.87,-67.79,22.02,-21.2,,45.03,0.06,0.06,2.72,2.72,,15.06,85.62,16.54,,
DV,2026-09-26,Communication Services,Advertising Agencies,2080000000.0,37.22,23.6,0.9,2.7,1.9,12.95,5.39,4.52,4.96,74.44,12.689999999999998,7.66,46.67,29.13,26.13,18.42,25.13,0.1,0.08,4.5,4.5,,13.01,94.35,4.77,,
DVA,2026-09-26,Healthcare,Medical Care Facilities,11390000000.0,15.05,10.52,0.48,0.81,,7.07,635.3,4.67,6.81,27.29,14.93,5.87,37.04,14.82,22.0,8.29,3.39,,,1.47,1.41,,2.09,93.41,6.88,,
DVN,2026-09-26,Energy,Oil & Gas E&P,51760000000.0,11.14,9.35,0.74,2.61,1.3,34.12,11.55,6.41,6.31,27.089999999999996,24.36,16.55,31.49,-2.41,12.66,,31.53,0.28,0.25,0.72,0.67,2.44,1.6,93.54,2.92,,
DXC,2026-09-26,Technology,Information Technology Services,1700000000.0,15.09,3.6,2.88,0.14,0.56,1.36,3.9800000000000004,0.9399999999999998,1.91,14.000000000000002,1.59,0.9899999999999999,-19.74,14.07,1.25,,-6.54,1.37,1.12,1.41,1.41,,2.55,112.76000000000002,15.47,,
DXCM,2026-09-26,Healthcare,Medical Devices,32689999999.999996,34.19,27.76,1.31,6.58,12.47,23.26,38.49,14.510000000000002,25.0,63.57000000000001,22.92,20.12,27.64,16.97,21.18,10.55,19.33,0.53,0.53,1.73,1.43,,1.6500000000000001,105.25999999999999,4.65,,
DXPE,2026-09-26,Industrials,Industrial Distribution,2980000000.0,33.85,25.08,1.44,1.39,5.51,25.12,18.47,5.86,6.6,31.759999999999998,8.93,4.35,19.19,18.58,17.44,,14.94,1.66,1.61,2.99,2.58,,17.09,76.02,2.67,,
DY,2026-09-26,Industrials,Engineering & Construction,8189999999.999999,24.72,13.3,0.47,1.19,3.97,17.47,19.2,6.75,6.54,15.039999999999997,8.06,4.79,42.46,19.68,28.42,54.95,11.63,1.48,1.44,2.35,2.24,,1.26,93.5,4.19,,
EAT,2026-09-26,Consumer Cyclical,Restaurants,8650000000.0,19.02,14.24,0.92,1.49,19.71,15.52,119.57,14.800000000000002,23.67,14.88,10.82,8.39,23.27,9.93,15.44,30.94,11.71,3.96,3.64,0.45,0.32,,1.25,113.11,13.47,,
EBAY,2026-09-26,Consumer Cyclical,Internet Retail,48020000000.0,22.34,16.04,1.42,3.97,10.29,18.3,46.44,12.18,22.03,72.59,21.44,18.36,11.25,9.56,11.3,11.61,4.64,1.53,1.16,1.02,1.02,1.14,10.05,96.1,4.54,,
EBC,2026-09-26,Financial,Banks - Regional,4890000000.0,12.14,10.05,0.75,3.28,1.14,12.26,9.44,1.33,7.87,,26.919999999999998,25.21,20.1,13.74,13.48,26.68,12.2,0.12,0.12,0.03,,2.72,7.75,84.87,7.97,,
ECG,2026-09-26,Industrials,Engineering & Construction,5970000000.0,23.52,19.57,1.04,1.4,7.72,23.85,39.52,14.38,23.4,12.94,7.829999999999999,5.96,34.18,12.77,18.81,16.45,16.25,0.47,0.41,1.59,1.53,,0.43,86.71,3.5,,
ECL,2026-09-26,Basic Materials,Specialty Chemicals,78350000000.0,37.49,29.77,2.39,4.65,7.79,41.8,21.85,7.89,9.39,44.24,18.22,12.57,8.29,15.15,12.45,,6.4,1.38,1.24,1.84,1.57,1.05,10.56,83.29,2.1,,
ECPG,2026-09-26,Financial,Credit Services,2089999999.9999998,7.45,6.73,,1.1,1.93,16.68,30.54,5.61,5.73,70.81,37.77,15.920000000000002,23.9,8.16,,10.31,3.27,3.87,3.87,1.29,1.29,,4.86,107.0,6.35,,
ED,2026-09-26,Utilities,Utilities - Regulated Electric,38000000000.0,16.93,15.87,2.39,2.15,1.35,,8.96,3.0,4.19,61.56,17.98,12.53,7.1,6.39,6.63,11.45,6.69,1.11,1.06,1.27,1.17,3.45,0.18,79.92,2.87,,
EEFT,2026-09-26,Technology,Software - Infrastructure,2450000000.0,10.3,5.47,0.49,0.56,2.0,10.0,22.34,4.42,9.14,20.52,11.55,6.59,11.64,11.88,11.13,,11.32,2.28,1.56,1.37,1.37,,7.02,103.88,14.56,,
EFC,2026-09-26,Real Estate,REIT - Mortgage,1590000000.0,7.53,6.25,3.55,2.53,0.9,1.68,12.35,1.18,1.48,82.52,81.18,31.120000000000005,12.06,-5.13,1.76,24.76,32.4,9.4,6.73,0.21,0.2,12.619999999999997,2.24,52.96999999999999,6.18,,
EFOR,2026-09-26,Technology,Information Technology Services,1360000000.0,17.05,7.73,1.32,0.34,0.75,6.14,4.57,2.15,2.53,26.88,5.7,2.09,-20.41,18.28,5.87,-7.08,2.59,0.83,0.82,2.13,2.13,,4.07,107.62,9.23,,
EFX,2026-09-26,Industrials,Consulting Services,17400000000.0,26.03,14.59,0.85,2.7,3.98,15.75,14.580000000000002,5.79,8.19,44.05,18.53,10.73,11.9,18.62,17.06,4.67,8.04,1.25,0.93,0.6,0.6,1.51,0.78,104.13,6.65,,
EG,2026-09-26,Financial,Insurance - Reinsurance,14200000000.0,7.84,6.17,0.41,0.85,0.93,6.36,12.57,3.4000000000000004,10.06,,14.23,11.27,20.98,11.39,15.0,24.23,12.76,0.23,0.23,0.4,,2.21,26.27,105.03,6.74,,
EGBN,2026-09-26,Financial,Banks - Regional,870010000.0,,12.31,,1.46,0.76,16.46,-3.2799999999999994,-0.38,-3.05,,-9.38,-6.45,134.77,58.33,,,7.99,0.18,0.09,0.17,,0.14,8.18,79.04,10.76,,
EGP,2026-09-26,Real Estate,REIT - Industrial,10840000000.0,35.37,34.52,3.98,14.39,3.03,24.37,8.73,5.69,5.97,44.05,40.54,40.47,22.81,-2.39,8.68,12.06,14.49,0.47,0.43,0.43,0.43,3.17,1.04,103.31000000000002,5.6,,
EHC,2026-09-26,Healthcare,Medical Care Facilities,12180000000.0,20.1,18.49,1.82,1.96,4.7,29.46,24.75,8.48,11.52,21.95,18.0,9.98,12.17,9.24,10.18,14.24,5.03,1.09,1.07,1.19,1.19,0.48,1.01,98.11,3.07,,
EIG,2026-09-26,Financial,Insurance - Specialty,849530000.0,67.89,18.93,0.4,1.01,0.99,43.12,0.78,0.25,0.77,,1.12,0.91,147.32,8.66,47.81,-35.03,3.84,0.15,0.15,0.38,,2.83,2.94,83.31,5.68,,
EIX,2026-09-26,Utilities,Utilities - Regulated Electric,20260000000.0,5.42,8.09,5.09,1.04,1.16,,22.58,4.18,6.94,34.12,29.880000000000003,19.28,-6.39,6.13,1.59,42.36,7.31,2.48,2.17,0.66,0.61,6.64,0.18,97.63,4.04,,
EL,2026-09-26,Consumer Defensive,Household & Personal Products,34180000000.0,189.85,23.99,1.07,2.27,8.98,25.97,4.75,0.9199999999999999,1.5,75.55,11.21,1.21,34.39,18.62,22.47,-42.29,-1.49,2.43,2.19,1.22,0.9,1.5700000000000003,31.85,65.69,2.88,,
ELAN,2026-09-26,Healthcare,Drug Manufacturers - Specialty & Generic,11150000000.0,,17.44,1.12,2.22,1.69,29.41,-2.98,-1.46,-1.91,44.28,6.63,-3.9599999999999995,20.98,12.51,15.54,18.11,7.57,0.59,0.58,2.05,1.1,,1.02,113.92999999999999,6.43,,
ELF,2026-09-26,Consumer Defensive,Household & Personal Products,5870000000.0,101.16,25.84,2.21,3.33,5.02,20.96,6.04,3.16,2.89,69.2,12.0,3.38,15.81,6.26,11.71,29.9,38.76,0.8,0.76,2.55,1.82,,3.54,96.27,7.41,,
ELS,2026-09-26,Real Estate,REIT - Residential,11880000000.0,28.78,26.89,4.63,7.59,6.53,33.51,23.03,6.98,7.92,38.2,34.27,25.69,3.33,6.06,5.81,9.89,7.09,1.88,1.88,0.25,0.25,3.6699999999999995,1.18,109.37,4.83,,
ELV,2026-09-26,Healthcare,Healthcare Plans,85900000000.0,17.6,13.39,3.57,0.43,1.91,13.66,11.2,4.0,6.57,,3.63,2.47,-10.31,8.84,3.75,6.99,10.32,0.69,0.68,1.52,,1.7399999999999998,0.24,94.71,2.47,,
EME,2026-09-26,Industrials,Engineering & Construction,33619999999.999996,23.65,20.46,1.16,1.81,8.27,28.7,40.37,15.509999999999998,31.85,19.43,9.6,7.739999999999999,27.37,13.04,17.69,63.69,14.07,0.13,0.11,1.28,1.25,0.2,0.73,96.99,2.15,,
EMN,2026-09-26,Basic Materials,Specialty Chemicals,7660000000.0,17.45,9.74,0.79,0.86,1.26,14.21,7.41,2.88,4.19,19.97,9.52,4.98,17.4,8.03,12.29,3.21,0.7,0.86,0.73,1.5,0.76,5.05,0.93,95.04,5.09,,
EMR,2026-09-26,Industrials,Specialty Industrial Machinery,88260000000.0,34.58,21.7,2.09,4.74,4.33,25.51,12.809999999999999,6.08,9.06,48.67,20.6,13.84,9.36,11.1,10.38,4.55,1.41,0.68,0.4,0.9,0.66,1.4,0.31,85.06,1.51,,
ENOV,2026-09-26,Healthcare,Medical Devices,1060000000.0,,5.0,0.72,0.46,0.72,16.72,-54.25,-25.03,-39.52,53.339999999999996,3.4099999999999997,-47.9,10.28,1.45,6.95,,-6.05,0.93,0.88,1.98,1.0,,2.48,122.57000000000001,16.86,,
ENPH,2026-09-26,Technology,Solar,4280000000.0000005,32.11,14.67,,3.22,3.62,28.05,13.0,4.4,7.5,62.84,25.629999999999995,10.09,-32.61,10.69,-4.28,6.42,13.72,0.52,0.51,3.45,2.95,,3.05,94.88,18.64,,
ENR,2026-09-26,Industrials,Electrical Equipment & Parts,1510000000.0,18.72,6.51,,0.5,7.41,10.1,42.18,1.81,2.28,38.37,15.689999999999998,2.73,-6.38,2.54,-0.05,48.05,1.47,16.88,16.62,2.07,1.1,5.68,12.97,102.93,12.68,,
ENS,2026-09-26,Industrials,Electrical Equipment & Parts,6450000000.0,19.14,12.45,1.1,1.7,3.3,8.99,18.4,8.74,11.83,30.65,14.540000000000001,9.29,26.59,7.51,11.31,18.33,4.73,0.53,0.51,2.8,1.83,0.63,1.5,103.18,8.48,,
ENSG,2026-09-26,Healthcare,Medical Care Facilities,10210000000.0,27.45,20.48,1.63,1.86,4.18,24.36,16.98,7.090000000000001,8.29,13.96,8.78,6.9,18.63,9.73,12.59,13.84,16.5,0.92,0.87,1.21,1.21,0.15,3.6000000000000005,91.51,2.67,,
ENTG,2026-09-26,Technology,Semiconductor Equipment & Materials,23210000000.0,76.07,30.01,0.96,6.98,5.58,40.35,7.670000000000001,3.62,3.96,39.92,17.09,9.18,42.47,29.19,31.32,-6.49,11.45,0.86,0.86,3.05,1.85,0.21,0.61,108.91,5.28,,
ENVA,2026-09-26,Financial,Credit Services,4320000000.0,12.86,8.28,,1.25,2.88,2.21,26.08,5.49,5.43,,24.14,10.31,33.3,21.35,,-0.31,23.8,3.37,3.37,20.2,20.2,,5.18,96.07,8.65,,
EOG,2026-09-26,Energy,Oil & Gas E&P,73620000000.0,10.92,9.51,0.71,2.76,2.31,11.12,22.51,13.61,17.29,43.24,35.12,25.75,66.75,-12.92,13.46,,17.92,0.26,0.25,1.85,1.68,2.94,0.22,98.3,2.96,,
EPAC,2026-09-26,Industrials,Specialty Industrial Machinery,1830000000.0,20.18,17.33,2.3,2.88,4.3,16.26,21.64,11.38,15.58,49.05,21.76,14.719999999999999,3.04,10.46,7.52,169.38,4.57,0.44,0.41,2.67,2.04,0.11,1.6399999999999997,100.29,3.58,,
EPAM,2026-09-26,Technology,Information Technology Services,5580000000.0,14.66,7.67,0.79,0.99,1.59,11.57,11.18,8.65,11.06,26.94,9.8,7.15,14.29,7.33,9.68,3.71,15.46,0.04,0.03,2.75,2.75,,3.47,116.73,12.86,,
EPC,2026-09-26,Consumer Defensive,Household & Personal Products,1280000000.0,,13.82,,0.63,0.88,24.47,-2.87,-1.19,-3.45,41.7,6.460000000000001,-4.55,-23.58,4.52,-6.09,-15.49,2.66,0.88,0.85,1.84,1.12,3.54,1.36,117.89,9.99,,
EPR,2026-09-26,Real Estate,REIT - Specialty,4350000000.0,18.24,18.59,,5.86,1.88,9.88,11.35,4.53,4.51,51.22,36.64,32.18,-6.62,-0.18,-0.86,,11.87,1.53,1.53,7.95,7.95,6.49,2.44,83.35,9.79,,
EPRT,2026-09-26,Real Estate,REIT - Retail,5780000000.0,20.62,19.69,10.94,9.27,1.3,,6.5,3.8900000000000006,3.65,71.46,64.81,42.74,2.86,2.33,1.8,402.11,28.08,0.66,0.66,3.19,3.19,4.8,0.58,117.82999999999998,6.59,,
EQH,2026-09-26,Financial,Asset Management,14700000000.0,,5.98,0.26,1.25,,13.79,-508.79,-0.3,-30.32,,-3.26,-8.34,27.41,25.35,23.35,-25.44,-0.54,,,11.62,,2.13,0.6,98.71,2.4,,
EQIX,2026-09-26,Real Estate,REIT - Specialty,99470000000.0,64.88,53.56,3.46,10.14,6.92,,10.77,3.84,4.23,31.69,9.22,15.629999999999999,25.24,9.21,15.5,26.89,8.96,1.62,1.52,1.13,1.13,2.05,0.31,101.46,1.72,,
EQT,2026-09-26,Energy,Oil & Gas E&P,31780000000.0,11.79,13.14,0.64,3.35,1.26,8.44,11.62,6.7,8.8,48.14,42.38,28.610000000000003,33.32,-4.92,20.57,,25.73,0.22,0.22,0.67,0.67,1.31,1.08,96.93,3.62,,
ERIE,2026-09-26,Financial,Insurance Brokers,10380000000.0,20.35,,,2.52,4.21,18.77,24.81,17.26,23.39,17.9,17.93,14.01,18.62,,,13.78,9.9,0.0,0.0,1.25,1.25,2.62,46.53,46.16,9.59,,
ES,2026-09-26,Utilities,Utilities - Regulated Electric,23980000000.0,16.49,12.94,3.83,1.71,1.47,80.56,9.06,2.33,3.35,30.409999999999997,22.34,10.35,-2.38,5.91,3.38,5.15,8.75,1.82,1.64,0.8,0.74,4.92,0.15,88.93,2.42,,
ESAB,2026-09-26,Industrials,Metal Fabrication,4470000000.0,25.9,11.21,0.98,1.49,1.89,22.74,8.58,3.6000000000000005,3.39,33.46,14.150000000000002,5.66,3.08,17.83,11.39,7.02,7.83,1.0,0.99,1.96,1.22,0.35,6.660000000000001,104.93999999999998,8.15,,
ESE,2026-09-26,Technology,Scientific & Technical Instruments,6950000000.0,48.9,29.06,1.4,5.38,4.29,33.5,9.5,5.65,8.17,35.68,15.659999999999998,11.01,38.6,10.38,20.77,41.77,8.44,0.09,0.08,1.38,0.94,0.12,0.71,100.62,2.64,,
ESI,2026-09-26,Basic Materials,Specialty Chemicals,8700000000.0,48.66,16.97,0.96,2.76,3.09,63.2,6.570000000000001,3.3099999999999996,3.67,38.42,14.77,5.67,21.67,16.06,17.7,21.04,6.6,0.75,0.73,2.91,2.11,0.6,6.4,104.88,3.01,,
ESNT,2026-09-26,Financial,Insurance - Specialty,5730000000.0,8.9,8.21,1.7,4.41,1.01,6.94,12.01,9.19,11.05,,65.77,52.459999999999994,8.67,3.48,4.84,12.18,5.73,0.09,0.09,3.22,,2.2,3.64,98.41,3.33,,
ESS,2026-09-26,Real Estate,REIT - Residential,18050000000.0,42.27,43.08,,9.37,3.28,15.19,7.55,3.17,3.56,36.84,29.26,21.48,-45.95,12.15,-13.12,3.69,4.76,1.27,1.18,0.09,0.09,3.82,0.8100000000000002,104.65,3.43,,
ETN,2026-09-26,Industrials,Specialty Industrial Machinery,170890000000.0,44.77,27.41,1.7,5.69,8.44,43.44,19.71,7.919999999999999,9.7,35.9,19.44,12.75,12.29,18.43,16.09,24.52,8.98,1.05,0.95,1.24,0.79,0.98,0.2,88.09,2.0,,
ETR,2026-09-26,Utilities,Utilities - Regulated Electric,47090000000.0,25.2,19.31,1.37,3.49,2.52,,10.42,2.47,3.64,28.57,22.23,13.33,12.51,16.06,14.05,2.5,5.38,1.88,1.71,0.88,0.66,2.62,0.24,98.03,3.54,,
ETSY,2026-09-26,Consumer Cyclical,Internet Retail,6280000000.0,40.26,14.98,0.27,2.2,,10.02,,16.22,20.29,72.3,16.1,7.32,138.96,37.51,55.64,-12.32,10.81,,,1.48,1.48,,1.15,123.76,11.36,,
EVR,2026-09-26,Financial,Capital Markets,10110000000.0,14.87,11.64,0.59,2.13,5.44,6.29,42.41,17.76,25.81,98.79,22.57,15.71,34.25,15.58,19.7,11.3,11.12,0.59,0.55,2.47,2.47,1.35,2.62,94.28,3.04,,
EVRG,2026-09-26,Utilities,Utilities - Regulated Electric,17990000000.0,19.77,17.11,1.89,2.98,1.76,,9.17,2.71,4.11,32.48,25.55,15.329999999999998,11.11,7.16,9.04,6.15,3.8,1.61,1.2,0.36,0.21,3.55,1.36,95.53,8.9,,
EVTC,2026-09-26,Technology,Software - Infrastructure,1680000000.0,18.39,6.44,0.62,1.69,2.63,8.08,15.57,4.39,5.15,36.81,19.93,9.8,10.45,9.5,10.37,8.98,12.79,2.06,1.95,1.7,1.7,0.71,2.34,102.56999999999998,4.63,,
EW,2026-09-26,Healthcare,Medical Devices,49740000000.0,51.2,25.49,1.82,7.64,4.69,34.69,9.26,7.16,8.67,78.28,28.53,15.049999999999999,17.23,12.81,14.03,6.79,6.7,0.07,0.06,4.52,3.77,,1.22,94.43,1.6,,
EWBC,2026-09-26,Financial,Banks - Regional,17430000000.0,12.22,11.17,1.35,3.72,1.89,9.36,16.58,1.78,12.11,,39.68,30.9,11.87,6.99,8.26,19.12,21.14,0.45,0.29,0.13,,2.52,0.78,93.55,3.4,,
EXC,2026-09-26,Utilities,Utilities - Regulated Electric,41640000000.0,14.78,13.28,2.4,1.64,1.4,,9.71,2.4,3.46,27.529999999999998,20.79,10.99,3.15,6.32,5.54,6.36,-6.24,1.78,1.71,1.09,0.99,4.16,0.08,95.85,3.26,,
EXE,2026-09-26,Energy,Oil & Gas E&P,20100000000.0,7.5,10.25,0.52,1.6,1.05,8.12,14.89,9.97,12.04,48.69,21.53,22.08,41.04,-1.56,19.9,,20.35,0.19,0.19,0.96,0.96,2.65,0.58,96.6,4.16,,
EXEL,2026-09-26,Healthcare,Biotechnology,14410000000.0,18.27,14.03,0.81,5.92,7.85,12.29,44.39,33.28,42.82,96.48,40.72,35.33,14.06,18.04,17.3,51.19,18.63,0.09,0.09,3.46,3.38,,3.18,105.76,11.0,,
EXLS,2026-09-26,Technology,Information Technology Services,5270000000.0,21.9,13.38,0.88,2.35,6.09,19.16,25.94,14.469999999999999,26.2,35.44,14.42,11.17,17.37,13.5,15.26,24.43,16.85,0.56,0.1,1.23,1.23,,3.36,103.53000000000002,6.71,,
EXP,2026-09-26,Basic Materials,Building Materials,5480000000.0,14.12,12.62,1.68,2.36,3.7,32.11,27.029999999999998,11.02,12.34,27.02,23.21,17.32,-8.68,12.09,7.5,10.77,7.31,1.21,1.19,3.23,1.91,0.53,1.25,108.56000000000002,6.1,,
EXPD,2026-09-26,Industrials,Integrated Freight & Logistics,24370000000.0,27.28,23.39,2.14,2.02,11.5,26.38,42.6,18.52,35.75,15.2,9.9,7.629999999999999,29.76,3.83,10.95,7.86,2.92,0.27,0.21,1.46,1.46,0.86,0.63,99.93,3.44,,
EXPE,2026-09-26,Consumer Cyclical,Travel Services,31710000000.0,16.48,10.79,0.52,2.02,26.22,7.11,199.12,7.2700000000000005,29.53,84.69,16.64,12.97,31.6,17.26,20.87,,23.16,4.7,4.7,0.8,0.8,0.57,5.22,104.03999999999999,5.53,,
EXPO,2026-09-26,Industrials,Engineering & Construction,3050000000.0,28.81,24.39,2.14,4.82,10.57,28.11,31.2,15.83,30.83,24.6,20.17,17.67,11.38,14.12,11.4,5.97,7.79,0.28,0.26,1.98,1.98,1.9299999999999997,1.31,99.11,6.57,,
EXR,2026-09-26,Real Estate,REIT - Industrial,29420000000.0,29.86,27.43,6.81,8.54,2.13,16.73,7.07,3.2400000000000007,3.75,34.6,26.06,27.74,1.35,4.5,4.03,4.33,20.02,1.09,0.92,0.8,0.8,4.88,1.11,100.38,2.33,,
EXTR,2026-09-26,Technology,Communication Equipment,2840000000.0,68.54,14.15,0.81,2.22,31.87,29.86,54.64,3.61,16.68,60.24,5.05,3.2799999999999994,23.12,16.49,17.44,83.02,4.92,2.2,1.85,0.93,0.81,,3.19,97.95,6.03,,
EYE,2026-09-26,Consumer Cyclical,Specialty Retail,1310000000.0,26.71,13.68,0.6,0.64,1.46,26.63,5.75,2.54,3.39,54.08,4.25,2.47,26.0,19.85,22.73,-3.46,3.03,0.78,0.65,0.59,0.27,,2.91,129.58,20.42,,
EZPW,2026-09-26,Financial,Credit Services,1910000000.0,15.84,14.3,0.72,1.21,1.64,13.46,14.69,7.82,8.31,56.269999999999996,13.970000000000002,9.99,41.49,7.66,19.81,,9.14,0.7,0.64,4.81,3.45,,11.75,113.66000000000001,22.59,,
F,2026-09-26,Consumer Cyclical,Auto Manufacturers,50680000000.0,,6.49,0.25,0.27,1.5,6.96,-18.31,-2.56,-5.03,8.0,1.9799999999999998,-3.93,69.73,5.83,26.49,-44.9,8.05,4.57,3.12,1.09,0.93,4.72,2.43,67.21,2.9,,
FA,2026-09-26,Industrials,Specialty Business Services,3370000000.0,135.55,13.03,0.68,2.02,2.6,17.22,1.94,0.66,0.75,28.809999999999995,10.89,1.51,22.59,17.97,19.17,18.22,25.33,1.58,1.57,2.53,2.53,,54.69,64.03,13.18,,
FAF,2026-09-26,Financial,Insurance - Specialty,6770000000.0,9.17,9.21,,0.85,1.2,8.13,13.87,4.23,10.11,,14.42,9.33,16.37,3.08,,-0.54,1.01,0.31,0.31,1.97,,3.32,3.83,97.26,6.15,,
FANG,2026-09-26,Energy,Oil & Gas E&P,52270000000.0,36.17,10.01,0.77,3.06,1.38,8.05,3.7900000000000005,2.05,2.97,37.37,35.05,8.51,55.93,-10.51,12.92,,39.81,0.33,0.29,0.47,0.45,2.34,23.78,73.56,3.58,,
FAST,2026-09-26,Industrials,Industrial Distribution,57870000000.0,42.92,35.84,2.99,6.61,14.22,50.06,34.34,26.229999999999997,31.2,42.77,20.29,15.45,16.42,10.87,11.99,7.95,7.75,0.11,0.07,4.18,2.21,1.96,0.11,88.41,3.11,,
FBIN,2026-09-26,Industrials,Building Products & Equipment,4700000000.0,31.89,11.74,4.79,1.07,2.04,11.74,6.41,2.3,2.91,44.88,15.160000000000002,3.39,-7.34,0.26,2.45,-8.97,-6.03,1.21,1.21,2.01,1.05,2.62,1.8900000000000001,104.24,6.5,,
FBK,2026-09-26,Financial,Banks - Regional,2640000000.0,14.09,10.23,0.86,2.56,1.36,13.19,11.08,1.3,8.56,,26.150000000000002,19.1,17.42,9.99,11.96,7.96,8.87,0.19,0.19,0.11,,1.5,2.48,81.43,4.45,,
FBNC,2026-09-26,Financial,Banks - Regional,2630000000.0,19.74,12.88,0.43,4.57,1.53,12.95,8.1,1.03,7.35,,28.77,23.09,69.7,8.4,30.09,-0.96,11.5,0.05,0.05,0.06,,1.52,1.66,82.95,5.41,,
FBP,2026-09-26,Financial,Banks - Regional,4130000000.0,11.41,10.62,1.23,3.24,2.09,9.39,19.49,1.95,17.11,,35.12,29.21,11.54,6.25,8.6,36.21,9.46,0.1,0.1,0.05,,2.94,2.47,97.35,4.92,,
FBRT,2026-09-26,Real Estate,REIT - Mortgage,578830000.0,15.85,6.2,,0.99,0.47,3.66,4.0,1.01,1.19,93.73,57.66,6.08,71.84,33.49,,-6.74,25.37,2.85,2.5,0.88,0.61,11.48,2.34,59.91,8.98,,
FCF,2026-09-26,Financial,Banks - Regional,2109999999.9999998,12.8,10.64,0.79,2.84,1.35,11.85,10.91,1.38,9.73,,29.04,22.65,18.03,13.26,13.51,14.39,12.85,0.19,0.1,0.04,,2.68,1.81,79.5,3.91,,
FCFS,2026-09-26,Financial,Credit Services,9430000000.0,24.79,16.81,0.77,2.29,4.07,17.73,17.4,7.76,7.9,51.519999999999996,16.11,9.42,29.02,14.43,21.8,23.7,17.55,1.16,1.12,4.89,3.51,0.79,9.26,99.32,6.19,,
FCN,2026-09-26,Industrials,Consulting Services,3710000000.0,16.24,12.28,1.08,0.95,2.79,10.34,15.629999999999999,7.19,9.87,31.759999999999998,9.69,6.4399999999999995,5.34,17.54,11.38,7.75,9.01,0.95,0.92,2.03,2.03,,2.41,112.43,11.23,,
FCPT,2026-09-26,Real Estate,REIT - Retail,2440000000.0,20.13,19.33,9.81,7.95,1.5,12.51,7.6499999999999995,4.12,4.34,64.68,55.7,38.7,3.75,1.57,1.97,0.21,11.46,0.78,0.68,0.44,0.44,6.64,1.38,103.53000000000002,4.2,,
FCX,2026-09-26,Basic Materials,Copper,103840000000.0,35.71,18.06,0.5,4.13,5.16,58.93,15.259999999999998,5.03,9.99,24.55,22.11,11.62,67.56,35.02,36.08,30.14,12.62,0.52,0.45,2.07,0.92,0.8199999999999998,0.53,90.25,2.4,,
FDS,2026-09-26,Financial,Financial Data & Stock Exchanges,9710000000.0,18.0,13.82,1.57,3.98,4.81,13.71,27.029999999999998,13.269999999999998,18.44,51.38,30.79,23.21,5.07,10.74,8.81,10.02,9.22,0.77,0.51,0.68,0.68,1.6500000000000001,0.3,115.23,10.84,,
FDX,2026-09-26,Industrials,Integrated Freight & Logistics,67650000000.00001,15.42,,,0.71,2.17,13.22,14.829999999999998,4.75,6.37,21.77,6.99,4.67,,,,-1.01,2.48,1.36,1.2,1.48,1.44,1.67,6.819999999999999,82.79,2.19,,
FDXF,2026-09-26,Industrials,Integrated Freight & Logistics,16920000000.000002,,,,,,,,,,,,,,,,,,,,167.41,167.41,,25.77,65.44,3.25,,
FE,2026-09-26,Utilities,Utilities - Regulated Electric,25060000000.0,23.11,14.69,1.92,1.58,1.94,,8.42,1.9299999999999997,2.71,27.339999999999996,18.57,6.860000000000001,7.08,7.96,7.67,-0.91,6.94,2.24,2.1,0.54,0.45,4.28,0.18,96.36,5.21,,
FELE,2026-09-26,Industrials,Specialty Industrial Machinery,4290000000.0,27.98,18.49,,1.94,3.05,19.66,11.63,7.449999999999999,9.78,35.52,13.100000000000001,7.02,12.81,12.39,,8.55,11.31,0.22,0.13,2.41,1.1,4.09,7.32,90.5,1.76,,
FFBC,2026-09-26,Financial,Banks - Regional,3400000000.0,11.45,9.47,0.74,2.48,1.14,4.5,10.29,1.39,8.32,,26.06,20.77,14.61,12.28,12.87,10.85,12.3,0.35,0.15,0.11,,3.15,1.32,85.78,5.9,,
FFIN,2026-09-26,Financial,Banks - Regional,4650000000.0,17.32,15.05,1.62,5.36,2.31,14.73,14.41,1.81,13.33,,37.86,31.019999999999996,15.58,5.38,9.28,4.52,10.65,0.04,0.01,0.16,,2.62,3.47,66.38,6.53,,
FFIV,2026-09-26,Technology,Software - Infrastructure,25090000000.0,35.29,24.58,2.93,7.58,6.53,25.88,19.83,11.23,17.83,80.6,24.96,21.95,9.63,3.99,8.38,18.69,5.61,0.07,0.06,1.64,1.57,,0.58,100.27,2.4,,
FG,2026-09-26,Financial,Insurance - Life,2900000000.0,7.78,4.56,0.3,0.48,0.63,0.56,9.24,0.53,6.44,,11.16,6.619999999999999,-11.88,51.27,15.3,-30.9,9.96,0.49,0.41,0.08,,4.52,2.7,97.52,3.13,,
FHB,2026-09-26,Financial,Banks - Regional,3070000000.0,10.96,10.05,1.43,2.62,1.09,9.83,10.32,1.2,10.08,,31.730000000000004,24.31,6.5,7.26,7.02,9.06,8.61,0.0,0.0,0.08,,4.12,0.88,111.79999999999998,9.77,,
FHI,2026-09-26,Financial,Asset Management,4320000000.0,10.75,9.72,0.91,2.22,3.46,11.76,33.23,17.55,23.34,73.88,27.98,20.22,7.39,7.95,10.68,9.71,4.59,0.36,0.34,2.59,2.59,2.61,4.74,89.87,6.23,,
FHN,2026-09-26,Financial,Banks - Regional,11110000000.0,11.26,10.17,0.96,2.22,1.31,15.42,11.65,1.27,10.07,,27.37,20.56,13.25,7.8,10.6,-0.25,7.93,0.47,0.14,0.23,,2.83,1.33,91.15,2.93,,
FIBK,2026-09-26,Financial,Banks - Regional,3520000000.0,11.39,12.94,15.4,2.6,1.06,14.46,9.62,1.21,8.96,,29.410000000000004,23.97,-2.62,-0.35,0.84,3.04,16.01,0.23,0.09,0.11,,5.1,15.06,96.64,12.21,,
FICO,2026-09-26,Technology,Software - Application,18640000000.0,24.94,16.4,0.58,7.79,,19.85,,41.8,67.87,85.1,52.11,34.05,43.72,22.53,28.3,27.43,8.99,,,1.18,1.18,,3.34,102.16000000000001,9.29,,
FIS,2026-09-26,Technology,Information Technology Services,18260000000.0,5.44,5.29,0.6,1.5,1.14,6.22,22.33,8.7,10.71,35.95,22.98,27.639999999999997,7.88,8.0,8.76,23.62,-3.18,1.33,0.96,0.53,0.53,5.12,0.15,101.14000000000001,3.66,,
FISV,2026-09-26,Technology,Information Technology Services,24720000000.0,8.92,5.84,4.27,1.18,0.92,6.24,10.75,3.45,5.23,56.38000000000001,21.57,13.419999999999998,-16.14,9.75,1.37,35.23,7.37,1.04,0.99,1.04,1.04,,0.43,92.29,5.67,,
FITB,2026-09-26,Financial,Banks - Regional,47250000000.0,17.73,10.55,0.68,3.1,1.46,14.26,8.44,0.9199999999999999,4.5,,19.7,14.44,-13.32,61.4,15.48,14.06,10.29,0.65,0.51,0.13,,3.1400000000000006,0.42,93.53,3.57,,
FIVE,2026-09-26,Consumer Cyclical,Specialty Retail,12260000000.0,19.97,20.12,0.86,2.31,4.95,20.45,28.249999999999996,12.53,14.72,36.49,14.75,11.65,53.66,7.94,23.53,24.07,19.41,0.82,0.7,2.22,1.29,,1.7399999999999998,101.29999999999998,4.53,,
FIX,2026-09-26,Industrials,Engineering & Construction,58380000000.0,40.81,27.57,0.75,5.2,18.15,27.08,55.28999999999999,21.17,40.46,25.08,16.45,12.78,69.69,22.79,36.99,47.85,26.08,0.11,0.1,1.21,1.19,0.2,1.12,95.61,2.46,,
FIZZ,2026-09-26,Consumer Defensive,Beverages - Non-Alcoholic,2780000000.0,15.89,15.18,7.03,2.35,7.56,17.16,40.12,26.5,42.45,36.04,18.28,14.81,-6.96,7.21,2.16,1.06,1.94,0.16,0.12,2.39,1.66,10.95,74.58,26.55,17.63,,
FLEX,2026-09-26,Technology,Electronic Components,42360000000.0,44.28,16.11,0.37,1.45,7.7,51.29,18.38,4.39,8.51,9.29,5.58,3.32,42.37,51.53,43.05,13.64,2.96,1.08,1.08,1.38,0.89,,0.7,96.61,2.45,,
FLG,2026-09-26,Financial,Banks - Regional,5130000000.0,612.38,9.41,,1.16,0.68,,0.59,0.05,0.33,,2.66,0.34,165.55,301.14,,,22.25,1.39,0.81,0.33,,0.32,27.71,61.919999999999995,13.26,,
FLO,2026-09-26,Consumer Defensive,Packaged Foods,1220000000.0,22.26,7.85,,0.23,0.92,3.87,4.01,1.29,1.93,45.43,6.29,1.06,-27.52,-7.38,-11.59,-11.24,3.68,1.52,1.15,0.77,0.47,10.8,7.53,105.27,23.71,,
FLR,2026-09-26,Industrials,Engineering & Construction,6740000000.0,,15.03,0.71,0.43,2.54,,-46.23,-20.66,-53.11,-0.8,-2.15,-12.85,23.5,23.9,21.28,36.81,1.83,0.4,0.4,1.8,1.8,,2.47,97.03,7.83,,
FLS,2026-09-26,Industrials,Specialty Industrial Machinery,9380000000.0,25.89,15.88,1.29,2.02,4.16,22.81,16.56,6.19,8.2,35.8,13.019999999999998,8.01,13.09,12.96,12.33,21.58,4.87,1.03,1.0,2.15,1.58,1.19,0.63,114.77999999999999,6.27,,
FMC,2026-09-26,Basic Materials,Agricultural Inputs,1490000000.0,,5.8,,0.46,0.73,17.57,-89.27,-25.120000000000005,-48.54,33.06,-1.8900000000000001,-84.88,-55.16,24.43,-12.0,,-5.67,2.69,2.47,1.99,1.48,3.72,1.12,103.01,21.6,,
FN,2026-09-26,Technology,Electronic Components,14960000000.0,32.0,19.21,0.7,3.22,6.09,3544.34,21.33,14.029999999999998,19.25,12.06,10.06,10.19,29.18,19.37,27.61,26.53,19.82,0.0,0.0,2.25,1.52,,0.42,102.71,4.32,,
FNB,2026-09-26,Financial,Banks - Regional,6230000000.0,10.5,9.4,1.11,2.31,0.91,9.51,9.05,1.2,6.65,,26.38,22.39,6.32,10.97,8.5,12.82,13.09,0.73,0.33,0.08,,2.9,1.63,93.58,6.35,,
FND,2026-09-26,Consumer Cyclical,Home Improvement Retail,5010000000.0,21.96,21.4,1.89,1.06,2.02,23.71,9.69,4.17,5.34,39.75,6.559999999999999,4.93,2.85,11.37,11.32,0.93,14.07,0.81,0.74,1.33,0.45,,3.19,117.33,12.45,,
FNF,2026-09-26,Financial,Insurance - Specialty,11110000000.0,14.42,7.21,0.93,0.72,1.49,1.77,10.05,0.86,6.33,,12.93,5.03,3.27,11.95,7.72,-15.01,6.05,0.64,0.64,,,4.94,5.71,84.39,4.13,,
FORM,2026-09-26,Technology,Semiconductor Equipment & Materials,10130000000.0,88.91,34.62,0.82,11.23,9.12,74.43,10.99,9.15,10.2,43.97,15.06,12.8,134.39,22.93,42.1,-6.93,2.51,0.03,0.02,4.08,3.34,,0.78,93.3,4.15,,
FOUR,2026-09-26,Technology,Software - Infrastructure,3040000000.0,61.86,6.15,0.46,0.63,4.95,7.01,6.54,1.34,1.71,28.29,9.66,0.9199999999999999,0.88,19.96,13.28,,40.37,2.82,2.81,1.21,1.21,,29.630000000000003,88.19,26.72,,
FOX,2026-09-26,Communication Services,Entertainment,25160000000.0,14.75,9.59,1.28,1.47,2.04,17.14,14.29,7.380000000000001,8.8,34.23,20.41,9.84,10.29,-1.35,7.51,1.21,5.82,0.65,0.65,3.17,2.99,1.02,68.72,33.79,7.93,,
FOXA,2026-09-26,Communication Services,Entertainment,25160000000.0,16.45,10.73,1.43,1.47,2.28,17.14,14.29,7.380000000000001,8.8,34.23,20.41,9.84,10.2,-1.6,7.51,1.21,5.82,0.65,0.65,3.17,2.99,0.9199999999999999,53.339999999999996,62.51,22.96,,
FOXF,2026-09-26,Consumer Cyclical,Auto Parts,779670000.0,,9.96,,0.53,1.17,62.03,-36.73,-16.58,-22.83,27.500000000000004,4.75,-20.39,47.96,18.81,,,10.5,1.02,0.96,3.1,1.55,,1.15,101.8,6.94,,
FR,2026-09-26,Real Estate,REIT - Industrial,8380000000.000001,22.27,31.62,14.7,11.03,2.92,35.09,13.44,6.480000000000001,6.79,48.09,41.59,47.94,36.1,-23.98,2.15,4.05,10.07,0.93,0.93,4.45,4.45,3.26,0.95,100.73999999999998,3.44,,
FRPT,2026-09-26,Consumer Defensive,Packaged Foods,2780000000.0,15.26,32.68,,2.36,2.28,45.59,17.62,11.76,11.78,39.41,8.26,17.28,-26.75,-8.37,-7.82,,28.16,0.4,0.4,6.05,5.03,,2.51,133.28,16.61,,
FRT,2026-09-26,Real Estate,REIT - Retail,9660000000.0,22.31,34.18,,7.24,3.0,28.84,13.140000000000002,4.92,5.46,38.21,34.5,31.95,-8.95,-24.11,-8.0,23.55,9.55,1.44,1.37,0.61,0.61,4.14,0.9000000000000001,100.99000000000001,4.28,,
FSLR,2026-09-26,Technology,Solar,19100000000.0,10.96,7.61,0.28,3.55,1.85,12.73,18.51,13.3,16.69,44.0,34.98,32.47,23.49,33.14,27.55,30.65,14.0,0.02,0.01,2.52,2.0,,5.53,97.07,10.36,,
FSS,2026-09-26,Industrials,Farm & Heavy Construction Machinery,7000000000.0,24.72,19.86,1.29,2.86,4.65,20.65,20.61,13.100000000000001,14.42,28.559999999999995,16.84,11.66,23.66,10.48,15.42,20.79,14.03,0.32,0.31,2.74,1.21,0.53,2.47,102.93999999999998,6.51,,
FTDR,2026-09-26,Consumer Cyclical,Personal Services,5100000000.0,19.58,14.25,1.19,2.37,18.05,13.21,101.86,12.57,19.15,51.61,20.12,12.76,15.2,10.24,11.94,21.18,7.26,4.15,4.04,1.59,1.59,,0.74,105.80000000000001,4.91,,
FTI,2026-09-26,Energy,Oil & Gas Equipment & Services,27840000000.0,24.74,19.67,1.05,2.69,8.52,17.71,36.04,11.5,27.83,22.7,14.71,11.37,26.82,16.13,18.81,,8.49,0.38,0.29,1.08,0.83,0.28,1.35,99.56,3.27,,
FTNT,2026-09-26,Technology,Software - Infrastructure,127270000000.0,61.12,45.95,2.94,16.91,82.04,40.83,117.43999999999998,19.73,103.55,80.2,32.37,28.17,24.99,9.43,15.64,32.99,21.25,0.32,0.32,1.28,1.19,,17.2,72.17,2.26,,
FTRE,2026-09-26,Healthcare,Biotechnology,1890000000.0,,18.7,0.41,0.71,3.61,9.65,-15.299999999999999,-3.07,-5.27,16.38,0.97,-3.18,95.4,26.6,45.77,-21.68,1.09,2.13,2.08,0.96,0.96,,1.0,105.84,13.33,,
FTV,2026-09-26,Technology,Scientific & Technical Instruments,16940000000.000002,33.11,17.25,1.95,3.93,2.8,17.74,7.32,4.03,5.58,61.11,18.23,12.38,11.31,7.81,8.86,-16.65,-2.14,0.58,0.58,1.24,1.0,0.44,0.39,111.94999999999999,4.19,,
FUL,2026-09-26,Basic Materials,Specialty Chemicals,2690000000.0,13.94,9.53,0.86,0.76,1.24,26.94,9.59,3.73,4.68,32.7,11.31,5.56,15.08,7.61,11.1,3.11,4.48,0.95,0.95,1.82,1.1,1.6099999999999999,0.37,104.44,5.46,,
FULT,2026-09-26,Financial,Banks - Regional,4430000000.0,11.13,10.05,1.87,2.31,1.23,10.76,11.1,1.19,7.17,,26.539999999999996,20.1,0.62,10.45,5.37,13.77,14.37,0.45,0.45,0.1,,3.27,1.14,83.67,5.41,,
FUN,2026-09-26,Consumer Cyclical,Leisure,1260000000.0,,,,0.41,10.99,8.4,-185.33,-20.74,-33.31,23.01,10.76,-57.25,80.97,95.03,,-8.74,76.39,44.95,44.82,0.42,0.36,,2.98,106.89,21.55,,
G,2026-09-26,Technology,Information Technology Services,5560000000.0,9.86,7.33,0.64,1.06,2.14,9.72,22.45,10.87,14.86,36.9,16.07,11.06,12.87,9.57,11.42,14.71,6.51,0.54,0.51,2.0,2.0,1.5,9.1,100.62,7.13,,
GAP,2026-09-26,Consumer Cyclical,Apparel Retail,7660000000.0,6.52,8.25,0.77,0.5,1.94,8.01,33.78,9.98,13.77,43.18,10.79,8.14,13.04,9.83,10.72,,2.17,1.45,1.29,1.82,1.11,3.16,34.06,63.49,11.32,,
GATX,2026-09-26,Industrials,Rental & Leasing Services,6490000000.0,18.21,16.34,1.42,3.16,2.33,,13.269999999999998,2.34,2.48,46.48,29.049999999999997,17.64,16.75,10.08,11.49,16.91,7.55,4.48,4.23,1.12,1.12,1.44,1.22,103.15,6.59,,
GBCI,2026-09-26,Financial,Banks - Regional,5830000000.0,18.31,12.47,0.49,3.69,1.35,14.31,7.95,1.03,6.74,,25.96,19.73,52.93,17.96,25.67,-6.61,12.45,0.53,0.07,0.06,,2.95,0.48,87.26,7.44,,
GBX,2026-09-26,Industrials,Railroads,1320000000.0,12.5,11.34,,0.5,0.84,,6.959999999999999,2.46,3.11,14.93,5.66,4.08,-53.97,23.63,-8.49,34.1,2.98,1.19,1.19,2.82,1.59,3.1400000000000006,5.3,102.95,9.94,,
GD,2026-09-26,Industrials,Aerospace & Defense,91100000000.0,20.53,18.09,1.97,1.66,3.4,14.13,17.8,7.629999999999999,12.92,15.380000000000003,10.32,8.18,10.02,9.49,9.19,7.04,6.74,0.35,0.29,1.44,0.96,1.87,0.65,88.39,1.0,,
GDDY,2026-09-26,Technology,Software - Infrastructure,12300000000.0,14.4,10.57,0.57,2.41,1839.08,7.22,442.86,11.19,23.75,60.58,25.22,17.83,19.0,24.19,18.53,,8.35,573.34,571.1,0.63,0.63,,0.9899999999999999,109.16,6.21,,
GE,2026-09-26,Industrials,Aerospace & Defense,339380000000.0,38.55,35.95,2.05,6.7,19.24,40.42,48.75,7.08,25.18,35.23,18.52,17.69,24.32,14.89,17.56,69.37,-9.57,1.15,1.02,0.98,0.67,0.55,0.3,82.02,1.52,,
GEF,2026-09-26,Consumer Cyclical,Packaging & Containers,4360000000.0,21.37,17.34,0.48,1.11,1.57,,8.65,3.61,5.85,22.41,6.819999999999999,5.71,115.58,10.59,36.4,,-1.01,0.41,0.28,1.29,0.99,2.86,57.42,41.98,6.61,,
GEHC,2026-09-26,Healthcare,Medical Devices,30100000000.0,15.31,12.25,1.28,1.42,2.74,19.06,19.19,5.46,9.28,39.37,13.73,9.33,7.27,10.45,9.56,0.61,3.74,0.96,0.95,1.21,0.91,0.15,0.33,92.05,3.76,,
GEN,2026-09-26,Technology,Software - Infrastructure,12940000000.0,12.55,6.54,0.54,2.55,4.88,8.36,41.94,6.58,9.9,73.68,42.8,20.73,14.39,12.88,12.17,11.23,14.41,3.08,3.0,0.47,0.47,2.37,9.93,93.75,6.56,,
GEO,2026-09-26,Industrials,Security & Protection Services,4110000000.0000005,14.73,17.44,,1.45,2.72,155.41,20.11,7.88,9.38,21.26,12.49,10.31,47.29,41.32,,14.08,2.29,1.08,1.05,1.65,1.65,,4.84,95.01,7.65,,
GEV,2026-09-26,Industrials,Specialty Industrial Machinery,255050000000.0,27.41,39.02,1.56,6.17,21.33,20.51,91.48,14.24,64.6,20.16,5.32,23.05,73.21,-19.91,25.02,,,0.24,0.23,0.84,0.62,0.21,0.21,82.37,3.29,,
GFF,2026-09-26,Industrials,Building Products & Equipment,4460000000.0,21.84,15.99,2.0,2.01,34.64,17.37,229.23,11.28,14.26,42.85,19.69,9.28,-4.45,14.0,7.98,17.86,4.05,10.35,10.16,2.41,1.79,0.89,15.46,80.28,4.66,,
GGG,2026-09-26,Industrials,Specialty Industrial Machinery,12610000000.0,24.46,22.37,2.69,5.56,5.0,20.03,21.24,17.28,21.02,52.64,27.440000000000005,23.53,11.3,6.02,8.33,9.93,6.27,0.02,0.01,2.99,2.14,1.51,0.83,94.05,3.39,,
GHC,2026-09-26,Industrials,Conglomerates,4890000000.0,9.31,,,0.96,1.03,24.42,11.82,6.84,9.21,27.860000000000003,5.8,10.63,,,,2.72,11.2,0.28,0.23,1.86,1.59,0.64,26.8,66.33,7.2,,
GIII,2026-09-26,Consumer Cyclical,Apparel Manufacturing,1160000000.0,8.94,11.33,,0.41,0.63,4.23,7.68,4.98,6.43,43.08,7.76,4.75,-13.79,6.37,,25.68,7.55,0.19,0.16,2.7,1.74,1.47,16.71,103.32,21.96,,
GILD,2026-09-26,Healthcare,Drug Manufacturers - General,187150000000.0,,15.2,1.62,6.13,15.83,14.46,-20.57,-6.17,-9.09,79.66,39.05,-10.61,-105.4,2355.15,9.38,133.64,3.63,2.22,2.01,1.27,1.09,2.15,0.17,92.59,1.48,,
GIS,2026-09-26,Consumer Defensive,Packaged Foods,17990000000.0,,10.66,,0.98,2.41,11.63,-10.55,-2.83,-4.52,33.06,14.7,-4.89,-13.16,2.39,-2.12,,0.33,1.83,1.66,0.7,0.39,7.3,0.4099999999999999,91.33,8.42,,
GKOS,2026-09-26,Healthcare,Medical Devices,9110000000.0,,305.28,,14.86,13.32,,-25.980000000000004,-19.72,-23.95,79.12,-12.89,-30.680000000000003,65.91,264.9,,-3.95,17.67,0.15,0.15,5.04,4.46,,3.9800000000000004,103.76,7.36,,
GL,2026-09-26,Financial,Insurance - Life,12840000000.0,11.09,10.12,1.4,2.07,2.09,10.42,20.95,3.95,13.74,,26.86,19.58,8.35,4.88,7.23,15.57,4.82,0.48,0.43,1.02,,0.74,0.93,88.06,2.71,,
GLPI,2026-09-26,Real Estate,REIT - Specialty,11280000000.0,11.38,11.66,2.04,6.82,2.26,17.98,20.3,7.2700000000000005,7.25,80.72,82.62,58.489999999999995,9.4,3.11,5.71,5.05,6.7,1.68,1.68,2.4,2.4,8.33,4.07,96.5,3.56,,
GLW,2026-09-26,Technology,Electronic Components,135009999999.99998,71.89,36.04,1.08,7.96,11.31,56.37,16.05,6.16,8.97,35.54,16.48,11.2,30.48,32.26,33.36,27.86,6.68,0.75,0.69,1.81,1.24,0.75,8.28,75.28,2.23,,
GM,2026-09-26,Consumer Cyclical,Auto Manufacturers,72500000000.0,41.68,5.42,0.33,0.39,1.2,119.64,3.04,0.68,1.28,5.74,0.98,1.01,27.9,12.41,16.43,-5.48,8.6,2.06,1.46,1.14,0.97,0.88,0.15,90.27,2.37,,
GME,2026-09-26,Consumer Cyclical,Specialty Retail,11800000000.0,15.51,12.58,,3.32,1.71,17.15,15.79,8.32,8.59,37.89,13.900000000000002,25.16,52.54,3.33,,,-6.54,0.71,0.69,8.72,8.07,,9.89,31.869999999999997,8.59,,
GMED,2026-09-26,Healthcare,Medical Devices,10010000000.0,19.05,13.8,1.0,3.18,2.1,13.24,11.81,10.25,11.0,64.9,21.53,17.03,25.64,7.98,13.83,31.11,30.08,0.02,0.02,4.62,2.93,,17.32,89.65,6.1,,
GNL,2026-09-26,Real Estate,REIT - Diversified,1980000000.0,,,,4.3,1.2,10.38,-0.96,-0.35,-0.39,51.300000000000004,34.88,-13.26,91.94,71.79,52.46,-60.6,8.57,1.63,1.63,5.06,5.06,8.89,8.98,72.3,6.07,,
GNRC,2026-09-26,Industrials,Specialty Industrial Machinery,12290000000.0,47.98,16.81,0.48,2.77,4.27,32.42,9.48,4.63,6.26,37.38,13.22,5.82,52.99,27.66,34.92,-13.26,11.11,0.47,0.43,2.04,1.0,,1.7500000000000002,91.55,4.25,,
GNTX,2026-09-26,Consumer Cyclical,Auto Parts,4760000000.0,11.98,10.2,0.94,1.81,1.87,9.58,16.13,13.780000000000001,15.76,35.0,19.55,15.259999999999998,15.92,5.49,10.85,4.36,8.46,0.0,0.0,3.04,1.76,2.13,0.36,101.34,8.16,,
GNW,2026-09-26,Financial,Insurance - Life,3560000000.0,17.9,8.34,0.17,0.51,0.41,8.29,2.31,0.29,2.07,,7.23,3.04,215.06,2.51,50.22,9.13,-3.35,0.17,0.17,,,,2.42,86.86,2.64,,
GO,2026-09-26,Consumer Defensive,Grocery Stores,1100000000.0,,16.55,,0.23,1.34,90.58,-38.06,-12.07,-14.89,29.99,4.47,-8.04,-28.08,22.4,-0.92,,8.39,2.27,2.14,1.29,0.3,,8.77,118.29,23.29,,
GOLF,2026-09-26,Consumer Cyclical,Leisure,4850000000.0,22.66,20.19,1.71,1.79,5.24,26.39,25.370000000000005,8.84,11.81,48.89,13.79,8.12,28.66,2.75,11.81,19.47,9.68,1.04,1.01,2.55,1.48,1.14,53.76,55.28999999999999,10.09,,
GOOG,2026-09-26,Communication Services,Internet Content & Information,4190439999999.9995,17.14,22.56,1.22,9.39,6.7,78.66,48.68,34.3,32.33,60.94,33.96,54.7,90.57,-26.61,18.42,29.82,17.18,0.18,0.18,2.72,2.64,0.24,58.040000000000006,28.68,1.01,,
GOOGL,2026-09-26,Communication Services,Internet Content & Information,4190439999999.9995,17.28,22.73,1.23,9.39,6.76,78.66,48.68,34.3,32.33,60.94,33.96,54.7,90.58,-26.57,18.48,29.82,17.18,0.18,0.18,2.72,2.64,0.22999999999999998,52.18000000000001,39.83,1.49,,
GPC,2026-09-26,Consumer Cyclical,Auto Parts,17870000000.0,519.27,15.59,2.23,0.71,3.95,23.53,0.71,0.16,0.32,34.65,4.85,0.13,5.01,7.43,6.98,-18.81,8.0,1.47,1.25,1.16,0.5,3.27,1.24,95.97,5.8,,
GPI,2026-09-26,Consumer Cyclical,Auto & Truck Dealerships,3010000000.0,10.51,5.73,0.8,0.14,1.02,21.77,9.4,2.79,4.61,15.380000000000003,4.23,1.29,-3.86,12.39,7.14,10.13,16.32,1.96,1.1,1.02,0.25,0.88,2.84,104.79,11.04,,
GPK,2026-09-26,Consumer Cyclical,Packaging & Containers,2780000000.0,14.38,8.48,,0.32,0.86,14.69,6.01,1.6500000000000001,2.32,15.53,6.94,2.25,-60.01,53.6,-11.57,19.87,5.61,1.75,1.58,1.38,0.6,4.69,1.5700000000000003,126.01,8.02,,
GPN,2026-09-26,Technology,Software - Infrastructure,22890000000.0,27.14,5.38,0.35,2.24,0.99,27.82,2.18,0.89,1.69,63.89,20.57,7.400000000000001,11.68,17.73,15.4,24.36,0.75,1.02,0.93,0.82,0.82,1.33,17.31,93.1,7.44,,
GPOR,2026-09-26,Energy,Oil & Gas E&P,2730000000.0,6.18,6.04,0.38,1.87,1.5,10.94,27.41,16.21,18.07,45.11,42.18,31.879999999999995,14.8,9.36,16.1,,10.56,0.5,0.5,0.58,0.58,,2.77,118.56,7.44,,
GRBK,2026-09-26,Consumer Cyclical,Residential Construction,2960000000.0,10.36,11.31,,1.52,1.53,26.51,15.740000000000002,11.83,12.85,30.709999999999997,19.5,14.77,-13.48,-0.6,-6.01,25.85,15.89,0.15,0.15,8.99,0.67,,8.2,82.04,6.29,,
GRMN,2026-09-26,Technology,Scientific & Technical Instruments,56730000000.0,30.33,26.3,1.83,7.39,6.28,35.46,21.89,17.26,20.39,60.08,27.61,24.47,18.8,9.98,14.34,10.69,11.59,0.02,0.02,3.02,2.08,1.4,14.41,59.07,1.87,,
GS,2026-09-26,Financial,Capital Markets,272380000000.0,14.44,12.86,0.89,2.0,2.48,2.37,16.99,1.07,4.33,,19.52,14.719999999999999,35.32,4.78,14.39,15.71,18.7,6.5,2.94,1.19,,2.04,0.49,76.65,2.39,,
GSHD,2026-09-26,Financial,Insurance Brokers,1610000000.0,32.96,16.85,0.75,3.99,,24.14,,8.37,14.22,,23.31,8.78,15.32,25.1,22.36,15.53,25.57,,,1.54,1.54,,6.77,112.53,9.68,,
GT,2026-09-26,Consumer Cyclical,Auto Parts,1480000000.0,,20.89,0.81,0.08,0.52,7.68,-63.93,-12.43,-26.93,18.34,2.81,-14.37,-241.72,136.83,25.71,-2.2,8.21,2.89,2.33,1.09,0.55,,4.13,95.14,17.72,,
GTES,2026-09-26,Industrials,Specialty Industrial Machinery,6800000000.0,19.02,13.9,1.11,1.94,1.93,16.78,10.72,4.98,6.23,40.55,15.07,10.39,10.28,15.3,12.48,28.83,4.27,0.67,0.66,3.24,2.36,,1.9900000000000002,90.89,4.96,,
GTM,2026-09-26,Technology,Software - Application,1090000000.0,,3.31,1.27,0.87,1.32,3.05,-45.45,-8.92,-23.17,82.24,22.52,-43.02,3.25,0.53,2.61,,21.28,1.83,1.82,0.65,0.65,,19.22,90.87,15.1,,
GTY,2026-09-26,Real Estate,REIT - Retail,1770000000.0,17.51,20.05,5.62,7.73,1.58,12.81,9.46,4.63,4.53,69.99,61.64000000000001,41.93,12.3,-5.73,3.57,-3.59,8.24,0.96,0.96,1.48,1.48,6.81,3.73,93.09,10.31,,
GVA,2026-09-26,Industrials,Engineering & Construction,5040000000.0,,15.4,0.54,1.01,6.69,10.67,-18.17,-4.18,-7.97,15.64,6.16,-3.32,-201.73,290.3,28.63,,7.17,2.3,1.75,1.01,0.94,0.45000000000000007,0.8,112.99,8.87,,
GWRE,2026-09-26,Technology,Software - Application,11930000000.0,89.34,27.27,1.05,8.09,10.0,33.28,10.51,5.26,7.34,64.14,10.26,9.44,22.14,27.4,25.88,,14.7,0.6,0.59,1.74,1.74,,0.8699999999999999,104.08,3.9,,
GWW,2026-09-26,Industrials,Industrial Distribution,58550000000.0,31.55,24.37,1.98,3.11,14.17,38.77,47.92,20.16,27.28,39.4,15.55,9.92,17.76,9.7,12.33,22.39,8.75,0.68,0.66,2.81,1.7,0.78,6.24,77.31,2.37,,
GXO,2026-09-26,Industrials,Integrated Freight & Logistics,5180000000.0,39.86,12.77,0.66,0.38,1.74,28.8,4.42,1.08,1.73,11.81,3.2799999999999994,0.96,20.84,16.71,19.3,,16.3,2.05,1.54,0.79,0.79,,2.19,106.82000000000001,5.9,,
H,2026-09-26,Consumer Cyclical,Lodging,14950000000.0,196.55,32.62,0.83,2.07,4.52,49.52,2.3,0.53,1.1,15.76,7.470000000000001,1.09,63.06,36.04,39.2,39.89,27.72,1.36,1.18,0.62,0.62,0.4,58.62,53.38,12.02,,
HAE,2026-09-26,Healthcare,Medical Devices,4790000000.0,51.36,18.23,1.95,3.54,5.72,16.45,11.2,3.9900000000000007,4.8,55.91,18.37,7.12,7.03,8.81,9.34,5.81,8.91,1.4,1.4,3.08,1.91,0.95,1.8799999999999997,110.06,7.67,,
HAFC,2026-09-26,Financial,Banks - Regional,951740000.0,10.79,9.58,,2.11,1.17,4.45,11.26,1.12,9.09,,27.51,19.67,26.39,5.59,,12.8,10.87,0.21,0.2,0.13,,3.49,2.18,94.01,4.33,,
HAL,2026-09-26,Energy,Oil & Gas Equipment & Services,27290000000.0,17.16,11.35,0.99,1.22,2.48,15.82,14.89,6.260000000000001,8.51,15.079999999999998,13.140000000000002,7.16,-3.21,23.27,11.46,,8.96,0.74,0.71,2.02,1.5,2.09,0.43,90.66,4.2,,
HALO,2026-09-26,Healthcare,Biotechnology,12930000000.0,34.03,11.06,0.27,7.77,90.49,16.03,173.67,17.86,19.87,76.4,56.769999999999996,24.86,102.75,22.39,41.35,22.89,39.16,14.96,13.5,2.71,2.31,,1.09,109.83000000000001,13.5,,
HAS,2026-09-26,Consumer Cyclical,Leisure,12420000000.0,15.83,13.56,1.56,2.5,17.65,10.24,167.83,14.17,19.58,62.69,28.13,15.97,10.82,5.81,8.71,,-2.96,5.5,4.75,1.66,1.46,3.17,0.68,100.38,5.18,,
HASI,2026-09-26,Financial,Asset Management,4680000000.0,70.98,10.94,1.04,10.12,1.83,17.5,3.3099999999999996,1.01,1.0,100.0,69.4,18.09,11.98,10.13,10.53,5.15,16.47,2.29,2.29,8.65,8.65,4.7,1.41,105.64,11.17,,
HAYW,2026-09-26,Industrials,Electrical Equipment & Parts,2680000000.0,17.37,13.02,1.1,2.3,1.69,13.43,10.41,5.25,6.22,44.1,21.29,13.83,12.34,12.12,11.86,139.8,5.09,0.63,0.62,3.33,2.49,,2.83,107.34000000000002,4.14,,
HBAN,2026-09-26,Financial,Banks - Regional,31600000000.0,12.06,8.71,0.68,2.21,1.06,13.87,8.96,0.98,4.67,,20.51,15.73,-2.45,32.42,12.78,14.84,20.03,0.67,0.57,0.1,,4.05,0.9199999999999999,91.41,2.61,,
HCA,2026-09-26,Healthcare,Medical Care Facilities,94310000000.0,14.58,13.6,1.73,1.21,,15.73,,11.14,17.7,15.479999999999999,15.479999999999999,8.77,4.46,8.72,7.84,20.99,7.97,,,0.99,0.9,0.64,33.18,63.01,4.48,,
HCC,2026-09-26,Basic Materials,Coking Coal,4730000000.0,21.53,10.91,0.1,2.81,2.06,,10.04,7.91,8.71,17.97,13.61,13.05,475.96,30.27,104.11,,10.85,0.12,0.1,3.93,2.79,0.36,1.8500000000000003,97.89,7.37,,
HCI,2026-09-26,Financial,Insurance - Property & Casualty,2180000000.0,7.54,9.12,,2.29,2.02,5.28,33.76,14.41,27.05,,51.04,31.28,-15.79,0.29,-5.83,45.46,26.87,0.06,0.06,2.27,,0.91,14.66,76.36,5.41,,
HCSG,2026-09-26,Healthcare,Medical Care Facilities,1440000000.0,12.26,17.1,1.9,0.77,2.76,9.73,24.69,15.15,23.19,18.07,6.47,6.59,9.02,2.64,8.98,-9.33,0.86,0.03,0.02,3.02,2.94,,1.32,107.15,4.49,,
HD,2026-09-26,Consumer Cyclical,Home Improvement Retail,292520000000.0,20.52,18.36,3.26,1.73,17.61,19.37,104.3,13.59,20.7,31.22,12.43,8.41,2.15,6.41,5.63,3.58,4.51,3.77,3.14,1.08,0.31,3.15,0.08,77.7,1.06,,
HE,2026-09-26,Utilities,Utilities - Regulated Electric,1570000000.0,7.03,9.53,,0.48,0.89,,13.58,2.71,4.96,11.48,11.48,6.819999999999999,-19.5,37.94,0.0,-17.02,3.65,1.59,1.59,0.99,0.99,,0.35,89.29,10.92,,
HFWA,2026-09-26,Financial,Banks - Regional,1170000000.0,13.54,10.85,0.83,3.07,1.05,14.53,7.8,1.01,6.88,,23.91,20.45,0.6,33.56,13.09,8.77,6.0,0.17,0.02,0.04,,3.39,1.44,82.71,7.51,,
HGV,2026-09-26,Consumer Cyclical,Resorts & Casinos,2780000000.0,20.23,6.78,0.14,0.53,2.53,6.73,11.66,1.26,1.69,56.46,12.17,2.86,133.38,8.68,49.4,,41.36,7.12,7.12,5.02,3.2,,18.48,91.24,11.91,,
HIG,2026-09-26,Financial,Insurance - Diversified,33650000000.0,8.03,9.07,3.13,1.16,1.75,5.81,21.79,5.14,18.18,,17.96,14.95,-5.08,7.49,2.9,22.85,6.69,0.22,0.22,0.32,,1.97,0.37,96.43,1.46,,
HII,2026-09-26,Industrials,Aerospace & Defense,10400000000.0,15.74,12.6,0.76,0.79,1.96,,12.97,5.33,8.02,12.4,4.89,5.01,21.24,12.3,16.59,-2.13,5.93,0.55,0.55,1.23,1.14,2.12,0.86,91.45,3.02,,
HIMS,2026-09-26,Healthcare,Drug Manufacturers - Specialty & Generic,6860000000.0,,98.62,9.22,2.66,21.18,106.14,-32.03,-5.16,-7.64,54.18999999999999,-0.03,-5.51,-215.55,150.62,10.7,,73.63,4.77,4.74,0.93,0.87,,9.2,67.15,24.98,,
HIW,2026-09-26,Real Estate,REIT - Office,3320000000.0,20.13,43.9,,3.95,1.4,15.36,7.08,2.69,2.85,30.44,25.590000000000003,19.78,-7.53,-48.88,-21.93,-15.59,2.03,1.48,1.48,,,6.65,1.33,119.33,11.27,,
HL,2026-09-26,Basic Materials,Other Precious Metals & Mining,12220000000.0,23.32,17.6,0.67,7.63,4.56,23.7,20.76,15.939999999999998,19.53,51.080000000000005,47.2,32.83,67.62,41.29,26.41,,14.97,0.01,0.01,5.2,4.55,0.1,0.83,73.96,5.4,,
HLI,2026-09-26,Financial,Capital Markets,9020000000.0,21.68,14.86,1.73,3.58,4.0,18.62,18.33,11.23,14.78,,20.42,16.1,-8.25,25.22,8.61,6.43,11.43,0.22,0.22,1.63,1.63,2.14,22.64,79.88,4.79,,
HLIT,2026-09-26,Technology,Communication Equipment,1200000000.0,,13.65,0.53,2.42,3.33,22.27,7.339999999999999,4.18,-9.79,49.66,11.94,-9.51,51.81,13.08,25.73,-4.77,-0.99,0.36,0.34,3.05,2.56,,1.83,86.06,5.89,,
HLNE,2026-09-26,Financial,Asset Management,4760000000.0,13.13,11.82,0.97,5.54,3.98,11.23,32.49,12.710000000000003,21.16,,54.620000000000005,32.14,20.15,2.87,12.17,16.1,16.82,0.39,0.39,4.24,4.24,2.78,25.55,107.91999999999999,11.39,,
HLT,2026-09-26,Consumer Cyclical,Lodging,70660000000.0,46.13,30.2,2.21,5.66,,34.83,,9.65,22.32,27.79,23.35,12.689999999999998,11.49,14.97,13.66,,22.71,,,0.65,0.65,0.19,2.22,97.53,2.35,,
HMN,2026-09-26,Financial,Insurance - Property & Casualty,1840000000.0,10.59,8.52,1.23,1.05,1.22,3.24,12.38,1.39,8.45,,14.57,10.15,2.18,10.65,6.92,4.21,5.36,0.4,0.4,,,3.15,0.52,105.08,2.78,,
HNI,2026-09-26,Consumer Cyclical,"Furnishings, Fixtures & Appliances",3410000000.0,428.79,9.76,0.56,0.78,1.89,33.18,0.33,0.13,0.13,39.51,5.59,0.1,22.98,13.63,17.41,2.58,7.74,0.91,0.86,1.36,0.88,3.16,1.8000000000000003,88.74,5.99,,
HOG,2026-09-26,Consumer Cyclical,Recreational Vehicles,2650000000.0,15.74,13.12,9.31,0.62,0.86,,6.32,2.1,4.72,26.289999999999996,6.24,4.78,-75.3,182.42,1.41,219.23,1.99,0.74,0.39,1.9,1.7,2.91,1.13,108.81,18.0,,
HOMB,2026-09-26,Financial,Banks - Regional,5840000000.0,12.07,11.21,2.39,3.91,1.29,11.8,11.11,2.01,9.12,,42.44,32.14,7.12,3.42,4.7,13.15,13.31,0.2,0.16,0.26,,2.95,6.280000000000001,77.35,5.31,,
HON,2026-09-26,Industrials,Conglomerates,67370000000.00001,7.86,21.37,7.1,1.73,3.63,16.24,49.9,11.09,18.93,37.84,19.17,22.09,-18.83,19.54,3.01,1.83,2.78,1.89,1.46,1.21,0.93,2.14,0.06,85.13,2.34,,
HOOD,2026-09-26,Financial,Capital Markets,107350000000.0,52.87,41.04,1.98,21.51,11.32,,23.56,4.5,17.45,94.99,44.22,41.43,5.0,35.18,20.72,259.78,36.27,2.92,0.25,1.22,1.22,,15.370000000000001,67.66,4.75,,
HOPE,2026-09-26,Financial,Banks - Regional,1770000000.0,13.91,9.2,,1.74,0.77,9.38,5.66,0.68,4.37,,16.82,12.560000000000002,120.82,39.0,,-11.6,8.33,0.28,0.27,0.05,,4.05,2.9,94.53,5.52,,
HP,2026-09-26,Energy,Oil & Gas Drilling,3850000000.0,,26.86,0.9,0.96,1.5,12.23,-5.23,-2.12,-3.15,10.49,2.68,-3.49,-145.52,435.64,29.7,18.42,16.13,0.72,0.72,1.96,1.55,2.64,4.3,102.77000000000001,7.61,,
HPE,2026-09-26,Technology,Communication Equipment,83550000000.0,32.82,13.69,0.36,1.99,3.15,20.1,10.96,3.47,6.36,33.81,8.03,6.39,96.93,20.31,37.85,29.09,4.96,0.76,0.65,1.11,0.72,0.9000000000000001,0.4099999999999999,91.51,4.23,,
HPQ,2026-09-26,Technology,Computer Hardware,28230000000.0,11.93,9.81,3.45,0.48,,7.27,,5.73,28.68,19.73,6.93,4.13,4.4,-2.07,2.84,5.79,-0.43,,,0.79,0.48,3.83,0.27,95.77,8.06,,
HQY,2026-09-26,Healthcare,Health Information Services,7300000000.0,31.87,16.04,1.12,5.36,3.68,14.97,11.43,7.07,8.01,63.41,26.119999999999997,17.36,18.09,16.44,14.33,83.98,12.36,0.49,0.48,2.99,2.99,,2.64,109.54000000000002,5.96,,
HR,2026-09-26,Real Estate,REIT - Healthcare Facilities,6190000000.0,,206.55,,5.4,1.47,13.75,-1.9799999999999998,-0.93,-1.04,17.41,11.54,-7.8,89.07,212.58,,,9.94,1.04,1.04,0.91,0.91,5.32,0.84,111.04,4.74,,
HRB,2026-09-26,Consumer Cyclical,Personal Services,5200000000.0,7.37,6.1,0.39,1.32,44.59,6.88,707.45,22.39,36.53,44.33,23.95,18.43,15.82,12.52,15.68,12.96,2.94,17.89,15.95,1.13,1.13,4.39,1.6099999999999999,105.13,14.39,,
HRL,2026-09-26,Consumer Defensive,Packaged Foods,10850000000.0,31.67,12.55,1.91,0.89,1.38,13.89,4.3,2.56,3.36,15.43,7.37,2.82,8.47,5.67,6.57,-12.16,4.73,0.36,0.3,1.88,0.92,5.94,47.11,45.08,7.16,,
HRMY,2026-09-26,Healthcare,Biotechnology,2400000000.0,13.37,9.64,0.45,2.5,2.4,6.77,20.46,14.610000000000001,15.93,72.94,24.03,18.88,45.48,8.52,21.26,,40.3,0.22,0.14,3.48,3.45,,13.8,95.67,9.22,,
HSIC,2026-09-26,Healthcare,Medical Distribution,9630000000.0,25.17,14.37,1.42,0.71,3.06,16.92,12.21,3.62,7.03,29.299999999999997,5.98,2.96,8.34,11.63,10.09,3.12,5.43,1.21,0.82,1.32,0.73,,15.22,98.66,8.01,,
HST,2026-09-26,Real Estate,REIT - Hotel & Motel,15360000000.0,15.04,21.07,,2.47,2.4,15.16,15.770000000000001,7.84,8.53,16.37,14.360000000000001,16.51,25.28,-22.78,-2.17,,30.43,0.88,0.88,3.13,3.13,7.000000000000001,1.6099999999999999,106.08999999999999,6.1,,
HSTM,2026-09-26,Healthcare,Health Information Services,890340000.0,40.54,35.23,,2.77,2.39,21.53,6.0,4.15,5.73,51.22,8.04,6.6000000000000005,20.98,11.92,,6.68,4.43,0.04,0.04,1.06,1.06,0.4699999999999999,29.770000000000003,73.07,6.02,,
HSY,2026-09-26,Consumer Defensive,Confectioners,33430000000.0,24.31,16.83,0.89,2.75,7.33,15.52,32.81,10.78,15.66,37.93,17.71,12.24,34.6,16.42,18.94,-6.59,7.49,1.3,1.08,1.18,0.66,3.47,27.940000000000005,66.2,6.34,,
HTH,2026-09-26,Financial,Financial Conglomerates,2210000000.0,14.32,15.45,1.54,1.38,1.04,,7.48,1.03,6.83,,13.36,10.12,30.98,-2.06,10.02,-10.52,-5.77,0.71,0.11,0.25,,2.13,33.27,56.13,6.68,,
HTLD,2026-09-26,Industrials,Trucking,873860000.0,,21.84,,1.19,1.16,,-2.85,-1.78,-2.44,-0.21,-6.67,-2.98,126.92,186.87,,,4.54,0.19,0.19,1.58,1.58,0.71,39.7,50.21,7.5,,
HTO,2026-09-26,Utilities,Utilities - Regulated Water,2610000000.0,22.0,22.02,3.23,3.15,1.41,,6.460000000000001,2.08,2.87,45.51,21.53,12.91,-5.57,0.16,6.82,6.39,7.24,1.03,1.02,1.67,1.67,2.83,6.74,112.45,13.22,,
HTZ,2026-09-26,Industrials,Rental & Leasing Services,620230000.0,,,,0.07,,,-567.03,-1.19,-1.62,14.63,3.73,-3.1300000000000003,62.32,92.38,,26.75,10.09,,,0.64,0.64,,4.3,104.06,33.97,,
HUBB,2026-09-26,Industrials,Electrical Equipment & Parts,24650000000.0,27.63,20.37,1.73,3.96,6.3,27.35,24.34,9.48,10.17,35.34,20.87,14.469999999999999,12.45,11.87,11.75,20.85,9.68,1.42,1.26,1.61,0.93,1.24,0.38,99.4,5.41,,
HUBG,2026-09-26,Industrials,Integrated Freight & Logistics,1860000000.0,17.46,17.24,1.54,0.5,1.09,30.93,6.309999999999999,3.66,5.1,7.91,3.81,2.82,-46.84,81.92,11.16,1.24,1.47,0.29,0.21,1.47,1.47,1.6500000000000001,3.5900000000000003,103.85,6.11,,
HUM,2026-09-26,Healthcare,Healthcare Plans,47780000000.0,37.68,23.61,1.31,0.33,2.49,24.52,6.83,2.38,4.1,,1.86,0.88,-46.57,84.0,18.04,-17.23,10.94,0.74,0.62,1.74,,0.93,0.29,100.68,2.38,,
HWC,2026-09-26,Financial,Banks - Regional,5920000000.0,14.46,10.11,0.87,3.04,1.34,10.19,9.67,1.19,8.95,,27.36,21.88,14.03,12.94,11.62,,8.1,0.42,0.07,0.11,,2.67,0.98,97.61,7.85,,
HWKN,2026-09-26,Basic Materials,Specialty Chemicals,2690000000.0,33.37,27.1,,2.44,4.88,29.38,15.61,8.08,10.0,22.3,10.36,7.290000000000001,5.17,15.78,,15.19,12.67,0.47,0.47,2.27,1.54,0.61,3.9800000000000004,78.85,6.61,,
HWM,2026-09-26,Industrials,Aerospace & Defense,92710000000.0,50.14,35.69,1.32,10.17,16.22,51.77,34.73,15.4,18.9,32.71,27.310000000000002,20.51,41.5,22.11,26.98,50.77,9.43,0.81,0.73,1.82,0.87,0.22,1.11,94.09,2.5,,
HXL,2026-09-26,Industrials,Aerospace & Defense,6490000000.0,43.25,27.32,0.91,3.32,4.99,25.28,10.76,5.51,6.8,23.51,10.54,7.84,36.51,30.73,29.94,29.37,4.52,0.74,0.74,2.43,1.37,0.84,0.97,114.82,5.86,,
HZO,2026-09-26,Consumer Cyclical,Specialty Retail,1160000000.0,363.16,33.3,0.54,0.53,1.22,6.61,0.42,0.16,0.28,34.21,2.9,0.18,16.63,121.35,61.57,,8.87,1.17,0.49,1.23,0.34,,9.29,82.73,11.91,,
IART,2026-09-26,Healthcare,Medical Devices,1250000000.0,,6.18,0.72,0.76,1.2,48.59,-0.7,-0.2,-0.24,55.25,10.71,-0.44,10.17,6.18,8.53,,3.57,1.96,1.91,3.6,2.11,,14.46,94.8,10.23,,
IBKR,2026-09-26,Financial,Capital Markets,40430000000.0,35.53,28.02,1.5,3.58,6.81,1.85,20.99,0.53,18.68,95.31,86.66,9.97,23.37,17.87,18.64,29.67,33.08,7.72,0.02,1.05,1.05,0.39,3.2,88.21,2.83,,
IBM,2026-09-26,Technology,Information Technology Services,212460000000.0,20.02,17.15,2.32,3.07,6.17,15.41,34.55,7.12,11.51,57.56,20.91,15.52,6.2,6.8,7.38,12.36,4.12,1.89,1.7,0.76,0.71,3.0,0.1,67.52,2.38,,
IBOC,2026-09-26,Financial,Banks - Regional,4350000000.0,10.55,10.36,3.36,4.09,1.29,8.89,12.920000000000002,2.47,11.83,,49.28,38.88,-3.47,5.63,3.08,20.37,12.78,0.22,0.04,0.1,,2.09,13.059999999999999,72.23,3.88,,
IBP,2026-09-26,Consumer Cyclical,Residential Construction,5320000000.0,21.55,17.51,3.67,1.8,8.32,18.24,38.45,11.74,14.28,32.22,12.509999999999998,8.46,-8.8,9.59,4.77,24.31,12.44,1.87,1.75,2.98,2.41,1.68,13.96,98.89,11.02,,
ICE,2026-09-26,Financial,Financial Data & Stock Exchanges,86630000000.0,21.79,17.52,1.42,6.59,2.93,17.06,13.930000000000001,2.54,8.26,68.57,46.06,30.740000000000002,16.48,8.8,12.33,8.9,9.86,0.69,0.65,1.01,1.01,1.36,0.61,96.16,1.15,,
ICHR,2026-09-26,Technology,Semiconductor Equipment & Materials,2170000000.0,,17.73,0.12,2.14,2.5,,-5.17,-3.71,-4.02,9.51,1.32,-3.9699999999999998,582.6,108.2,152.16,,0.72,0.18,0.16,3.7,2.07,,2.23,90.63,7.62,,
ICUI,2026-09-26,Healthcare,Medical Instruments & Supplies,4120000000.0,139.34,17.06,1.67,1.91,1.92,26.99,1.41,0.74,0.88,34.5,6.68,1.39,12.63,10.61,10.24,-62.61,11.9,0.6,0.58,2.39,1.17,,1.77,104.54,6.17,,
IDA,2026-09-26,Utilities,Utilities - Regulated Electric,7510000000.0,21.47,18.69,2.1,4.17,1.93,,9.44,3.26,4.42,21.93,21.62,18.8,8.09,8.9,8.88,4.68,6.09,1.06,1.03,0.99,0.75,2.75,0.34,106.25,9.13,,
IDCC,2026-09-26,Technology,Software - Application,8620000000.0,38.56,36.12,34.08,10.94,7.17,15.55,26.400000000000002,14.469999999999999,24.66,78.66,43.77,38.32,-23.11,1.98,1.06,52.24,18.36,0.33,0.02,1.74,1.74,0.84,2.11,106.95000000000002,11.55,,
IDXX,2026-09-26,Healthcare,Diagnostics & Research,40910000000.0,36.5,30.96,2.33,8.98,25.4,32.71,74.21,33.65,56.62,62.529999999999994,32.12,25.03,12.93,13.54,13.27,14.28,9.72,0.68,0.25,1.11,0.81,,0.38,97.56,2.44,,
IEX,2026-09-26,Industrials,Specialty Industrial Machinery,16960000000.0,33.06,23.77,2.61,4.73,4.25,26.44,12.960000000000003,7.53,8.86,42.83,21.05,14.49,11.1,9.6,9.09,5.35,8.01,0.47,0.46,3.05,2.15,1.29,0.25,105.14000000000001,2.85,,
IFF,2026-09-26,Basic Materials,Specialty Chemicals,21860000000.0,79.5,21.49,8.17,2.19,1.57,40.64,1.83,1.01,1.44,32.44,10.48,2.78,-18.03,15.84,2.63,,16.46,0.45,0.37,2.06,1.71,1.91,1.83,107.28,6.51,,
IIPR,2026-09-26,Real Estate,REIT - Industrial,1530000000.0,12.58,12.45,,5.81,0.89,8.23,7.19,5.49,5.45,60.08,46.91,47.87,8.14,4.94,,3.76,17.87,0.33,0.33,2.03,2.03,13.69,2.04,77.79,13.94,,
ILMN,2026-09-26,Healthcare,Diagnostics & Research,40770000000.0,50.32,44.39,3.37,9.07,14.37,43.79,32.38,12.950000000000001,17.25,66.81,19.87,18.35,10.6,13.62,13.19,4.22,6.02,0.89,0.69,1.8,1.4,,0.3,103.71,7.03,,
INCY,2026-09-26,Healthcare,Biotechnology,25110000000.0,15.79,14.5,1.43,4.32,3.92,13.08,30.67,23.55,25.3,91.42,31.61,27.71,-44.67,127.05,10.16,,14.03,0.01,0.0,4.59,4.51,,0.91,103.03,4.97,,
INDB,2026-09-26,Financial,Banks - Regional,3840000000.0,14.65,9.77,0.67,2.89,1.1,12.64,8.24,1.21,6.44,,30.28,20.41,27.19,15.86,14.56,4.05,18.59,0.2,0.2,0.1,,3.1300000000000003,1.43,86.57,4.72,,
INDV,2026-09-26,Healthcare,Drug Manufacturers - Specialty & Generic,4230000000.0000005,12.72,7.75,0.31,3.17,,,,26.44,121.58,83.78,39.94,26.649999999999995,68.86,9.44,24.63,,13.88,,,0.84,0.66,,3.0,91.69,9.23,,
INGR,2026-09-26,Consumer Defensive,Packaged Foods,6100000000.0,10.54,8.63,4.15,0.85,1.35,17.18,13.58,7.470000000000001,9.45,23.62,12.24,8.21,-5.36,6.44,2.08,16.78,3.81,0.39,0.39,2.8,1.92,3.61,2.38,99.78,7.34,,
INSP,2026-09-26,Healthcare,Medical Devices,2040000000.0,15.31,47.88,,2.27,2.47,17.41,17.96,15.629999999999999,15.8,86.13,6.02,15.03,-50.65,23.28,-7.02,,51.21,0.04,0.04,8.55,6.16,,5.72,123.96000000000001,14.41,,
INSW,2026-09-26,Energy,Oil & Gas Midstream,5230000000.0,6.75,11.19,1.44,4.15,2.31,19.43,37.41,28.12,27.08,59.53000000000001,55.65,61.86000000000001,208.53,-43.53,7.78,,14.87,0.29,0.27,5.94,5.76,14.940000000000001,16.22,82.67,6.6,,
INTC,2026-09-26,Technology,Semiconductors,650190000000.0,,57.98,0.6,11.4,7.09,1890.09,-12.18,-5.72,-8.3,39.05,8.03,-19.79,265.62,38.14,95.95,,-7.46,0.58,0.55,1.6,1.25,0.03,13.98,62.99,3.49,,
INTU,2026-09-26,Technology,Software - Application,73700000000.0,16.72,10.49,0.49,3.44,3.9,8.55,23.6,12.38,17.51,77.91,28.800000000000004,21.29,36.97,13.88,21.48,16.89,17.36,0.44,0.37,1.51,1.51,1.9299999999999997,2.17,94.03,2.68,,
INVA,2026-09-26,Healthcare,Biotechnology,1500000000.0,5.05,9.17,,3.3,1.22,7.91,36.68,23.53,23.78,69.98,35.83,78.72,-26.67,-6.53,-15.8,10.35,3.93,0.22,0.22,16.01,15.18,,1.28,104.5,10.02,,
INVH,2026-09-26,Real Estate,REIT - Residential,15720000000.0,47.55,35.85,,5.48,1.74,19.09,7.04,3.55,3.74,30.94,25.900000000000002,11.82,4.79,-26.18,-7.0,18.79,10.09,0.95,0.95,0.69,0.69,4.51,0.9000000000000001,102.66999999999999,2.66,,
INVX,2026-09-26,Energy,Oil & Gas Equipment & Services,1990000000.0,32.2,15.38,0.65,2.0,1.85,16.04,5.99,4.82,5.52,26.06,11.18,6.17,39.67,15.53,23.6,,21.8,0.07,0.05,5.01,3.32,,26.96,74.07,5.7,,
IOSP,2026-09-26,Basic Materials,Specialty Chemicals,2430000000.0,20.16,16.05,,1.32,1.81,34.74,9.21,6.65,8.82,27.46,8.13,6.6000000000000005,-6.33,24.58,,32.14,8.31,0.04,0.03,2.78,1.87,1.91,1.55,101.51,2.11,,
IP,2026-09-26,Consumer Cyclical,Packaging & Containers,18550000000.0,,11.53,,0.77,1.28,37.69,-16.48,-6.909999999999999,-13.54,18.92,0.86,-14.14,1778.75,126.07,,,6.12,0.83,0.75,1.1,0.84,5.36,2.05,101.07,8.91,,
IPAR,2026-09-26,Consumer Defensive,Household & Personal Products,3780000000.0,22.55,23.09,4.7,2.52,4.34,15.36,19.62,10.99,17.12,63.82,17.26,11.17,-6.81,4.61,4.91,34.12,22.53,0.19,0.13,3.31,2.0,2.71,43.62,67.5,11.56,,
IPGP,2026-09-26,Technology,Semiconductor Equipment & Materials,3320000000.0,120.97,34.65,0.57,3.11,1.56,159.75,1.3,1.15,1.29,39.87,3.9599999999999995,2.58,51.2,104.24,61.28,-24.47,-3.52,0.01,0.01,6.18,4.8,,39.84,72.06,13.44,,
IQV,2026-09-26,Healthcare,Diagnostics & Research,44500000000.0,33.54,18.75,1.76,2.62,7.21,20.38,23.01,4.7,6.83,26.02,13.900000000000002,8.09,8.79,11.21,10.65,40.52,7.5,2.63,2.26,0.71,0.71,,1.0,102.14000000000001,2.53,,
IR,2026-09-26,Industrials,Specialty Industrial Machinery,29520000000.0,31.35,19.52,2.33,3.72,2.9,24.21,9.47,5.29,6.73,37.6,18.62,12.08,6.09,9.97,8.38,,14.0,0.47,0.4,1.62,1.15,0.06,0.21,105.65,3.5,,
IRDM,2026-09-26,Communication Services,Telecom Services,5170000000.0,55.55,36.16,3.31,5.84,10.93,17.92,19.72,3.63,4.2,47.73,23.76,10.55,-10.27,41.72,10.92,,8.36,3.73,3.7,2.78,2.31,1.27,13.08,86.47,3.69,,
IRM,2026-09-26,Real Estate,REIT - Specialty,33159999999.999996,79.49,40.08,2.89,4.38,,,,1.9900000000000002,2.31,39.81,20.65,5.54,17.32,11.73,13.85,-16.38,10.72,,,0.73,0.73,3.05,0.9199999999999999,88.93,2.69,,
IRT,2026-09-26,Real Estate,REIT - Residential,3540000000.0,79.95,79.89,,5.3,1.03,20.74,1.29,0.72,0.76,20.61,17.04,6.54,-42.45,32.59,-11.98,9.08,25.67,0.73,0.7,0.53,0.53,4.77,0.77,99.89,6.73,,
ISRG,2026-09-26,Healthcare,Medical Instruments & Supplies,143140000000.0,46.44,33.54,2.23,12.97,7.89,44.42,17.43,15.299999999999999,17.28,66.66,31.28,28.449999999999996,20.93,11.87,15.06,21.79,18.22,0.0,0.0,4.96,3.91,,0.7,89.62,2.31,,
IT,2026-09-26,Technology,Information Technology Services,11870000000.0,16.86,11.41,0.9,1.84,,9.22,113.57,9.99,25.29,66.7,18.79,11.99,9.84,13.79,12.71,26.62,9.65,,,0.78,0.78,,2.65,121.19,13.53,,
ITGR,2026-09-26,Healthcare,Medical Devices,4300000000.0,34.44,18.41,4.06,2.34,2.5,38.36,7.5,3.7800000000000002,4.18,22.8,10.03,6.98,-3.85,11.5,4.53,4.37,11.47,0.79,0.79,3.73,2.41,,0.69,120.21,7.61,,
ITRI,2026-09-26,Technology,Scientific & Technical Instruments,3930000000.0,15.0,12.94,3.19,1.71,2.43,10.86,16.97,7.19,8.51,38.75,13.87,11.9,-9.92,8.03,4.06,,1.72,0.99,0.99,2.75,2.29,,1.6399999999999997,119.19999999999999,14.19,,
ITT,2026-09-26,Industrials,Specialty Industrial Machinery,18440000000.0,40.5,21.5,1.27,3.89,3.84,36.19,11.46,5.25,5.44,33.32,17.45,8.9,22.95,16.1,16.96,49.04,9.71,0.8,0.61,1.26,0.85,0.71,0.61,100.14,7.67,,
ITW,2026-09-26,Industrials,Specialty Industrial Machinery,78130000000.0,24.86,22.25,2.97,4.74,27.0,26.75,104.65,19.63,33.82,43.72,26.5,19.39,9.05,7.8,7.5,9.62,4.99,3.35,2.26,1.11,0.81,2.36,0.38,87.85,3.09,,
IVT,2026-09-26,Real Estate,REIT - Retail,2380000000.0,157.21,,,7.47,1.35,19.79,0.8500000000000001,0.53,0.53,28.03,16.35,4.78,-114.66,10.65,,,7.52,0.62,0.62,1.72,1.72,3.2400000000000007,0.97,89.87,6.51,,
IVZ,2026-09-26,Financial,Asset Management,13650000000.0,,9.45,0.41,1.92,1.37,6.98,-0.49,-0.22999999999999998,-0.46,65.11,22.63,-4.34,38.42,16.42,22.8,,0.83,0.13,0.13,0.99,0.99,2.78,0.7,98.29,2.98,,
J,2026-09-26,Industrials,Engineering & Construction,16190000000.000002,48.57,16.69,1.04,1.14,4.96,25.13,10.14,3.1,4.72,22.01,4.87,2.4,18.55,14.3,16.11,-3.7,-2.27,1.24,1.21,1.29,1.29,0.96,0.72,95.14,2.76,,
JAZZ,2026-09-26,Healthcare,Biotechnology,15450000000.0,16.41,9.24,0.18,3.36,3.21,9.71,22.11,8.54,11.5,73.63,20.76,20.45,197.79,3.14,50.96,,12.54,0.92,0.7,1.78,1.58,,3.95,99.98,7.5,,
JBGS,2026-09-26,Real Estate,REIT - Diversified,785730000.0,,,,1.55,0.58,,-12.89,-3.49,-4.23,25.46,0.36,-30.28,,,,-33.66,-3.72,2.41,2.41,4.89,4.89,6.65,0.5,98.05,21.42,,
JBHT,2026-09-26,Industrials,Integrated Freight & Logistics,21170000000.0,31.96,22.43,0.9,1.67,5.79,19.25,18.45,8.33,14.05,10.5,7.59,5.31,23.83,32.63,25.06,5.26,4.48,0.31,0.31,1.26,1.26,0.8,21.95,80.16,2.78,,
JBL,2026-09-26,Technology,Electronic Components,33189999999.999996,39.53,18.81,0.66,0.99,25.1,25.41,66.1,4.07,18.67,8.98,5.03,2.57,30.86,31.96,28.5,76.36,1.79,2.94,2.49,0.98,0.66,0.1,1.9299999999999997,100.21,2.78,,
JBLU,2026-09-26,Industrials,Airlines,1660000000.0,,,,0.17,1.05,,-44.36,-5.33,-8.52,12.73,-5.88,-9.32,-50.34,70.24,,19.37,25.1,5.91,5.55,0.7,0.63,,13.750000000000002,82.37,29.49,,
JBSS,2026-09-26,Consumer Defensive,Packaged Foods,786270000.0,12.78,12.43,6.9,0.67,2.07,21.99,16.72,9.86,13.94,17.87,7.59,5.27,10.06,-6.55,1.8,0.35,6.49,0.29,0.17,2.08,0.62,1.41,23.84,73.74,6.44,,
JBTM,2026-09-26,Industrials,Specialty Industrial Machinery,5710000000.0,29.98,11.93,0.65,1.46,1.28,18.42,4.36,2.37,3.13,35.82,10.24,4.9,25.26,14.94,18.42,,17.05,0.38,0.37,1.24,0.7,0.37,1.5,105.17,7.85,,
JCI,2026-09-26,Industrials,Building Products & Equipment,90980000000.0,26.11,24.66,1.03,3.64,6.75,54.84,14.87,5.31,16.43,36.61,14.39,14.32,34.92,20.08,23.86,26.74,1.12,0.7,0.62,0.97,0.8,1.04,0.32,92.78,1.66,,
JEF,2026-09-26,Financial,Capital Markets,10990000000.0,13.29,10.21,0.42,0.94,0.92,1.39,7.960000000000001,1.13,2.83,91.24,39.13,6.819999999999999,27.98,28.9,24.27,1.32,5.32,3.49,1.76,1.51,1.51,3.45,33.72,60.699999999999996,4.55,,
JJSF,2026-09-26,Consumer Defensive,Packaged Foods,1450000000.0,29.8,17.94,7.6,0.95,1.62,15.74,5.29,3.56,4.65,30.69,6.04,3.2300000000000004,-6.64,8.36,2.36,28.39,9.15,0.22,0.19,2.34,1.47,4.13,22.44,80.48,7.74,,
JKHY,2026-09-26,Technology,Information Technology Services,10360000000.0,21.19,18.33,2.11,4.09,5.05,14.91,24.04,15.909999999999998,23.71,43.6,24.93,19.85,5.54,9.47,8.68,11.13,7.26,0.04,0.03,1.03,1.03,1.68,0.61,103.31000000000002,6.13,,
JLL,2026-09-26,Real Estate,Real Estate Services,14810000000.0,15.42,11.48,0.59,0.54,1.98,11.94,13.780000000000001,5.74,10.72,99.17,4.89,3.64,33.02,12.17,19.38,16.32,9.5,0.46,0.25,1.13,1.13,,1.04,95.21,2.14,,
JNJ,2026-09-26,Healthcare,Drug Manufacturers - General,653610000000.0,31.44,21.34,2.17,6.67,7.69,29.38,25.739999999999995,10.67,17.2,68.03,26.99,21.48,6.85,10.26,9.85,14.9,2.67,0.58,0.44,1.09,0.81,1.9799999999999998,0.12,77.18,0.88,,
JOE,2026-09-26,Real Estate,Real Estate - Diversified,3720000000.0,30.54,,,6.79,4.87,17.51,16.37,8.05,10.88,35.63,30.18,22.46,,,,21.1,26.17,0.49,0.48,29.92,29.92,0.98,3.71,88.17,2.29,,
JPM,2026-09-26,Financial,Banks - Diversified,911920000000.0,14.7,13.65,1.26,3.07,2.58,5.93,17.71,1.35,7.41,,28.360000000000003,21.39,23.72,1.5,10.86,17.66,17.27,3.41,1.33,1.15,,1.86,0.43,76.75,0.91,,
JXN,2026-09-26,Financial,Insurance - Life,9020000000.0,182.88,4.2,0.25,1.39,0.96,1.53,1.01,0.03,0.85,,1.25,0.91,19.43,17.08,16.78,57.53,15.82,0.28,0.21,,,2.7,9.14,87.23,7.03,,
KAI,2026-09-26,Industrials,Specialty Industrial Machinery,3230000000.0,29.47,19.51,,2.81,3.16,20.22,11.26,6.5,7.17,44.44,15.54,9.52,35.64,11.76,,12.62,10.63,0.5,0.5,2.59,1.63,0.51,1.17,112.52,8.57,,
KALU,2026-09-26,Basic Materials,Aluminum,2490000000.0,11.31,13.17,0.42,0.6,2.64,28.67,26.400000000000002,8.37,11.33,11.55,8.24,5.49,133.35,-17.67,31.17,30.19,23.53,1.13,1.12,2.5,1.17,2.06,2.4,101.88999999999999,5.93,,
KBH,2026-09-26,Consumer Cyclical,Residential Construction,2920000000.0,13.49,12.7,,0.56,0.77,8.1,5.89,3.25,3.84,16.52,5.08,4.38,-47.52,17.09,-7.84,14.45,8.31,0.55,0.55,6.19,0.53,1.9799999999999998,4.61,105.47999999999999,14.59,,
KBR,2026-09-26,Industrials,Engineering & Construction,4350000000.0,10.42,8.55,,0.56,2.66,12.55,27.089999999999996,6.29,9.62,14.48,9.97,5.46,1.47,1.35,-0.27,,6.19,1.71,1.68,1.15,1.15,1.9299999999999997,1.55,104.39,7.41,,
KD,2026-09-26,Technology,Information Technology Services,2530000000.0,32.34,4.66,0.25,0.17,2.38,17.07,7.55,0.74,2.2,21.85,3.9699999999999998,0.58,27.05,34.32,18.73,,-4.85,4.61,2.7,0.66,0.66,,2.92,88.69,14.65,,
KDP,2026-09-26,Consumer Defensive,Beverages - Non-Alcoholic,43480000000.0,32.38,12.62,1.28,2.16,1.74,23.68,5.71,2.01,2.7,46.56,16.95,6.69,11.83,10.4,9.9,10.36,7.4,1.5,1.11,0.48,0.28,2.94,4.69,108.81999999999998,6.09,,
KEX,2026-09-26,Industrials,Marine Shipping,6800000000.0,19.8,15.43,1.0,1.95,1.99,14.35,10.4,5.78,7.68,25.36,13.86,10.18,12.52,17.3,15.38,,9.15,0.36,0.34,1.68,1.12,,0.8199999999999998,103.16000000000001,3.5,,
KEY,2026-09-26,Financial,Banks - Regional,21990000000.0,11.99,9.61,0.56,1.99,1.28,28.9,10.33,1.08,6.6,,23.0,17.04,20.5,17.14,17.16,3.7,9.03,0.74,0.55,0.45,,4.01,0.36,90.22,3.2,,
KEYS,2026-09-26,Technology,Scientific & Technical Instruments,61650000000.0,49.88,26.43,0.92,9.37,9.39,42.0,20.9,11.33,14.67,64.83,24.35,19.08,60.03,19.56,28.72,8.17,4.95,0.42,0.3,2.01,1.54,,0.79,93.1,1.4,,
KFY,2026-09-26,Industrials,Staffing & Employment Services,3910000000.0,13.52,11.24,1.01,1.31,1.83,12.28,14.21,7.42,10.8,21.71,13.38,9.24,8.15,11.79,11.12,20.06,10.06,0.3,0.28,2.37,2.37,3.09,1.02,94.26,4.02,,
KGS,2026-09-26,Energy,Oil & Gas Equipment & Services,5350000000.0,63.14,17.39,0.26,3.84,2.47,1067.75,4.6,1.63,1.62,43.25,32.65,5.63,134.21,45.96,66.08,,19.7,1.31,1.3,1.45,1.15,3.7699999999999996,0.97,104.27,7.79,,
KHC,2026-09-26,Consumer Defensive,Packaged Foods,28020000000.0,,11.44,,1.13,0.78,7.34,-8.78,-4.39,-6.33,33.22,17.12,-13.639999999999999,-21.22,0.82,-6.48,,-0.97,0.53,0.49,1.06,0.68,6.78,0.4099999999999999,92.81,7.98,,
KIM,2026-09-26,Real Estate,REIT - Retail,15050000000.0,26.31,25.21,5.64,6.85,1.47,18.91,5.82,3.04,3.25,40.98,34.51,26.13,3.09,5.28,4.47,-18.36,15.28,0.89,0.81,0.97,0.97,4.8,2.73,102.09000000000002,5.42,,
KKR,2026-09-26,Financial,Asset Management,86770000000.0,30.82,13.09,0.64,3.69,3.04,9.56,10.64,0.79,3.69,46.05,23.46,12.710000000000003,36.05,11.48,20.59,-7.04,35.39,1.78,1.75,5.25,5.25,0.8100000000000002,22.94,62.970000000000006,1.97,,
KLAC,2026-09-26,Technology,Semiconductor Equipment & Materials,245240000000.0,51.24,27.79,0.94,18.07,38.68,65.1,87.5,28.4,38.81,60.13,41.68,35.59,46.32,22.92,29.63,22.32,14.43,0.97,0.96,2.82,1.97,0.5,0.11,94.27,1.81,,
KLIC,2026-09-26,Technology,Semiconductor Equipment & Materials,4770000000.0,41.87,15.45,0.08,5.02,5.23,119.37,13.23,9.47,12.26,48.15,13.059999999999999,12.18,1775.4,52.8,196.32,-65.56,0.97,0.04,0.04,3.44,2.74,0.9000000000000001,3.4000000000000004,93.4,4.43,,
KMB,2026-09-26,Consumer Defensive,Household & Personal Products,32740000000.000004,16.77,13.31,7.08,1.97,18.71,17.99,111.55,9.54,23.77,36.76,14.24,11.79,-2.05,0.3,1.88,-2.45,-2.99,3.72,3.7,0.91,0.69,5.23,0.22,99.9,15.83,,
KMI,2026-09-26,Energy,Oil & Gas Midstream,68470000000.0,19.84,20.0,2.27,3.83,2.16,18.83,11.05,4.71,5.61,36.32,29.609999999999996,19.27,18.3,-0.03,8.83,96.4,7.93,1.02,0.94,0.46,0.36,3.88,12.809999999999999,71.83,2.4,,
KMPR,2026-09-26,Financial,Insurance - Property & Casualty,1490000000.0,,6.1,0.45,0.32,0.68,4.02,-19.26,-4.04,-15.79,,1.14,-10.76,-44.26,106.8,13.49,-17.9,-1.33,0.43,0.43,0.25,,5.12,1.5700000000000003,97.33,9.03,,
KMT,2026-09-26,Industrials,Tools & Accessories,2370000000.0,7.05,12.57,,1.01,1.51,,24.0,11.99,14.95,40.77,20.44,14.529999999999998,8.43,-50.18,-16.29,46.94,5.06,0.49,0.46,2.62,0.87,4.16,1.06,106.82000000000001,10.14,,
KMX,2026-09-26,Consumer Cyclical,Auto & Truck Dealerships,8119999999.999999,37.65,,,0.29,1.33,8.17,3.5900000000000003,0.8199999999999998,0.92,10.68,2.06,0.79,-5.01,,6.74,-18.02,6.67,3.08,2.97,2.7,0.82,,2.04,102.99000000000001,7.06,,
KN,2026-09-26,Technology,Electronic Components,3210000000.0,48.41,23.2,1.25,5.05,4.03,50.48,9.5,6.76,7.21,42.19,14.63,10.69,20.27,21.16,18.56,50.23,-4.94,0.19,0.18,3.2,1.75,,2.1,103.88,5.52,,
KNF,2026-09-26,Basic Materials,Building Materials,3100000000.0,22.24,16.57,1.71,0.94,1.93,71.95,9.12,3.58,4.32,17.83,8.96,4.23,0.44,18.84,9.68,1.17,7.63,1.04,1.02,2.66,1.6,,0.45000000000000007,97.46,7.98,,
KNSL,2026-09-26,Financial,Insurance - Property & Casualty,7530000000.0,13.4,15.25,2.86,3.77,3.7,7.52,30.269999999999996,10.26,25.17,,36.33,28.49,8.81,2.06,5.33,41.12,32.44,0.11,0.11,0.15,,0.3,5.64,96.2,10.86,,
KNTK,2026-09-26,Energy,Oil & Gas Midstream,8320000000.0,18.54,26.84,,4.55,,67.54,,2.74,7.76,15.2,9.01,10.15,-47.18,37.35,-2.89,71.44,63.58,,,0.68,0.68,6.34,22.73,74.72,9.72,,
KNX,2026-09-26,Industrials,Trucking,10360000000.0,242.18,15.66,0.25,1.34,1.48,18.99,0.61,0.35,0.46,11.03,2.96,0.56,83.72,75.66,61.6,-29.95,9.83,0.38,0.34,0.88,0.88,1.15,2.81,101.02,8.26,,
KO,2026-09-26,Consumer Defensive,Beverages - Non-Alcoholic,377810000000.0,26.46,24.86,3.03,7.47,10.45,26.43,44.23,13.489999999999998,19.57,61.95,31.929999999999996,28.309999999999995,10.18,6.86,8.21,11.14,7.94,1.2,1.02,1.3,1.12,2.5,0.68,77.83,0.95,,
KOP,2026-09-26,Basic Materials,Specialty Chemicals,875040000.0,,9.46,1.31,0.46,2.26,6.31,-19.02,-4.76,-6.41,18.41,10.12,-4.59,-0.61,20.89,7.24,-7.41,2.4,2.59,2.5,2.33,1.01,0.76,5.35,103.07,4.3,,
KR,2026-09-26,Consumer Defensive,Grocery Stores,34690000000.0,31.79,10.66,1.72,0.23,5.99,15.02,14.150000000000002,2.08,3.89,20.95,3.17,0.72,7.03,6.11,6.19,-13.99,2.19,4.14,3.71,0.7,0.31,2.55,0.33,92.1,5.04,,
KRC,2026-09-26,Real Estate,REIT - Office,4019999999.9999995,24.1,74.74,,3.67,0.76,7.81,3.19,1.5700000000000003,1.77,31.75,24.68,15.42,-89.13,81.59,-29.3,7.33,4.37,0.89,0.83,1.41,1.41,6.32,1.15,118.72,9.36,,
KRG,2026-09-26,Real Estate,REIT - Retail,4960000000.0,15.84,64.14,,6.09,1.73,18.94,10.9,5.14,6.17,31.59,23.42,39.93,-28.28,-60.68,-25.34,,24.97,1.05,0.9,0.77,0.77,4.88,1.38,103.53000000000002,7.05,,
KRYS,2026-09-26,Healthcare,Biotechnology,10240000000.0,43.34,36.98,1.27,23.24,7.53,39.71,20.12,18.3,17.67,93.31,44.89,54.82,11.22,22.94,29.04,,,0.01,0.01,8.32,7.96,,12.26,99.09,12.18,,
KSS,2026-09-26,Consumer Cyclical,Department Stores,2029999999.9999998,7.81,11.17,5.79,0.13,0.49,1.96,6.67,2.01,2.6,36.65,3.8599999999999994,1.7500000000000002,27.99,-22.69,1.93,,-0.54,1.54,1.5,1.49,0.41,2.79,4.58,106.41000000000001,30.83,,
KTB,2026-09-26,Consumer Cyclical,Apparel Manufacturing,3570000000.0,13.66,9.93,0.95,1.16,5.78,8.44,40.96,8.5,14.53,48.89,13.140000000000002,8.74,-5.44,24.48,10.49,28.13,8.49,2.06,1.98,1.83,0.99,3.2300000000000004,1.79,104.34,11.45,,
KTOS,2026-09-26,Industrials,Aerospace & Defense,8560000000.000001,262.33,41.05,1.09,5.62,2.5,,1.15,0.93,0.86,21.65,1.6,2.03,51.33,33.53,37.49,-27.62,12.49,0.06,0.05,5.54,4.99,,1.26,81.86,5.43,,
KVUE,2026-09-26,Consumer Defensive,Household & Personal Products,34189999999.999996,20.64,14.28,1.99,2.22,3.24,17.86,15.58,6.16,9.36,58.36,19.24,10.76,8.88,5.98,7.19,,0.89,0.82,0.68,1.01,0.71,4.75,0.24,96.38,3.01,,
KWR,2026-09-26,Basic Materials,Specialty Chemicals,2810000000.0,29.11,17.19,1.06,1.42,2.04,37.71,7.17,3.42,4.29,32.78,9.08,4.93,11.9,21.02,16.15,,5.9,0.67,0.65,2.46,1.7,0.84,22.18,91.35,13.44,,
L,2026-09-26,Financial,Insurance - Property & Casualty,21430000000.0,12.84,,,1.15,1.12,7.78,9.21,1.96,6.02,,14.04,9.02,,,,,5.99,0.47,0.47,0.7,,0.24,20.08,62.24000000000001,2.91,,
LAD,2026-09-26,Consumer Cyclical,Auto & Truck Dealerships,6960000000.0,10.48,7.42,0.55,0.18,1.09,,10.67,2.83,4.35,14.45,3.8,1.8799999999999997,8.1,17.82,13.44,10.58,23.45,2.59,1.57,1.0,0.21,0.69,1.22,112.37000000000002,8.65,,
LAMR,2026-09-26,Real Estate,REIT - Specialty,14620000000.0,26.28,22.78,2.98,6.29,14.89,20.36,58.93000000000001,8.14,10.1,53.55,31.64,23.89,2.56,6.78,7.65,19.11,7.63,5.07,4.6,0.63,0.63,4.57,14.92,85.41,3.63,,
LAUR,2026-09-26,Consumer Defensive,Education & Training Services,5150000000.0,16.79,15.26,0.83,2.82,4.51,17.98,29.350000000000005,14.429999999999998,18.15,27.26,24.42,17.57,22.95,15.86,18.5,,10.68,0.64,0.55,0.71,0.71,2.52,14.19,93.4,3.58,,
LAZ,2026-09-26,Financial,Capital Markets,3580000000.0,18.0,9.54,0.37,1.08,3.91,5.8,26.450000000000003,4.95,7.14,94.91,12.04,6.59,-8.61,72.57,25.77,-8.51,3.45,2.35,2.35,2.63,2.63,5.45,0.9199999999999999,104.75000000000001,10.29,,
LBRT,2026-09-26,Energy,Oil & Gas Equipment & Services,3090000000.0,25.73,128.5,1.99,0.74,1.57,,6.12,3.09,3.54,7.290000000000001,1.33,2.92,84.27,-46.68,64.53,,32.91,0.82,0.76,1.99,1.75,1.86,2.16,111.96,10.77,,
LCII,2026-09-26,Consumer Cyclical,Recreational Vehicles,2049999999.9999998,9.83,8.88,0.53,0.51,1.44,7.16,15.0,6.559999999999999,8.35,25.650000000000002,7.490000000000001,5.24,14.31,11.65,16.78,3.84,8.07,0.8,0.77,2.49,1.2,5.44,8.84,106.37999999999998,9.39,,
LDOS,2026-09-26,Technology,Information Technology Services,15510000000.0,11.52,9.69,1.92,0.88,2.94,7.17,27.67,9.43,11.62,17.8,11.8,7.8,3.29,2.95,5.06,20.63,6.91,1.24,1.24,1.63,1.6,1.41,0.83,81.81,4.21,,
LEA,2026-09-26,Consumer Cyclical,Auto Parts,6050000000.0,11.44,7.25,0.51,0.26,1.17,7.13,10.84,3.5900000000000003,6.55,7.049999999999999,4.06,2.35,17.53,12.53,14.21,25.45,6.41,0.68,0.64,1.31,1.04,2.59,0.56,108.19000000000001,4.3,,
LECO,2026-09-26,Industrials,Tools & Accessories,14810000000.0,27.16,21.66,1.83,3.31,9.53,27.3,37.74,14.679999999999998,20.19,35.95,17.58,12.37,13.7,11.79,11.81,22.18,9.75,0.8,0.76,1.98,1.2,1.17,1.6,82.34,2.02,,
LEN,2026-09-26,Consumer Cyclical,Residential Construction,19740000000.0,15.51,15.29,,0.62,0.92,20.63,5.88,3.8,5.02,16.38,5.48,4.06,-38.71,9.84,-6.13,0.35,8.73,0.2,0.2,4.94,0.69,2.43,14.219999999999999,94.73,8.79,,
LFST,2026-09-26,Healthcare,Medical Care Facilities,4520000000.0,91.08,53.96,0.3,2.86,3.06,26.02,3.4300000000000006,2.34,2.68,30.12,5.07,3.19,702.67,36.68,178.67,,30.44,0.32,0.28,1.38,1.38,,31.66,63.51,6.23,,
LFUS,2026-09-26,Technology,Electronic Components,10900000000.0,,22.26,0.8,4.17,4.16,24.65,-0.31,-0.2,-0.25,36.68,16.25,-0.31,55.34,16.21,27.89,,10.54,0.27,0.23,2.76,2.0,0.44,1.35,101.56999999999998,4.94,,
LGIH,2026-09-26,Consumer Cyclical,Residential Construction,1160000000.0,17.54,13.19,,0.68,0.54,8.87,3.16,1.67,1.78,19.39,4.01,3.88,-2.49,16.38,,-24.55,-6.35,0.74,0.74,17.97,0.47,,16.82,89.9,16.21,,
LGND,2026-09-26,Healthcare,Biotechnology,6010000000.0,32.24,24.9,1.16,20.69,6.21,45.71,21.96,12.58,9.4,84.28,34.45,67.88,14.46,30.13,21.49,,7.54,1.17,1.17,31.18,30.96,,2.44,114.62999999999998,13.53,,
LH,2026-09-26,Healthcare,Diagnostics & Research,25110000000.0,25.61,15.56,1.61,1.75,2.91,21.74,11.74,5.48,6.6,26.82,11.35,6.99,11.62,8.45,9.69,-8.01,-0.04,0.79,0.76,1.8,1.53,0.95,0.4,101.2,3.03,,
LHX,2026-09-26,Industrials,Aerospace & Defense,44260000000.0,24.01,17.51,1.32,1.93,2.23,15.76,9.57,4.45,6.24,22.54,11.11,8.11,11.22,13.73,13.26,10.46,3.74,0.6,0.51,1.18,1.03,2.1,0.42,89.73,2.42,,
LIF,2026-09-26,Technology,Software - Application,3350000000.0,23.99,22.97,13.59,5.85,5.44,32.44,30.06,16.32,15.92,77.59,1.14,25.72,-48.55,43.15,1.69,,43.42,0.51,0.51,5.59,5.45,,3.53,74.98,10.57,,
LII,2026-09-26,Industrials,Building Products & Equipment,12920000000.0,16.9,14.35,2.09,2.44,9.96,17.49,70.48,18.9,27.64,32.98,19.68,14.610000000000001,1.9,10.33,6.88,19.78,7.41,1.56,1.16,1.57,0.77,1.38,9.43,79.5,6.92,,
LIN,2026-09-26,Basic Materials,Specialty Chemicals,216610000000.0,30.34,23.99,2.54,6.11,5.54,43.54,18.67,8.31,12.12,37.56,27.1,20.43,8.66,9.56,9.44,25.41,4.52,0.72,0.53,0.88,0.75,1.37,0.67,88.47,1.28,,
LITE,2026-09-26,Technology,Communication Equipment,84470000000.0,,27.76,0.36,28.02,17.97,281.46,-240.03,-120.34,-147.41,39.74,17.89,-230.14999999999998,148.54,57.39,76.28,,11.58,0.36,0.01,1.68,1.4,,2.54,95.25,7.45,,
LIVN,2026-09-26,Healthcare,Medical Devices,4219999999.9999995,22.74,16.39,1.6,2.87,3.18,28.47,15.4,7.33,11.32,68.24,15.010000000000002,12.809999999999999,11.68,7.37,10.25,9.06,8.24,0.27,0.26,1.45,1.21,,0.4099999999999999,111.06,9.8,,
LKFN,2026-09-26,Financial,Banks - Regional,1480000000.0,13.68,13.2,2.61,3.46,1.91,13.25,15.0,1.5700000000000003,14.25,,31.77,26.039999999999996,9.18,2.97,5.06,3.97,12.38,0.1,0.01,0.16,,3.5000000000000004,3.47,84.92,10.04,,
LKQ,2026-09-26,Consumer Cyclical,Auto Parts,5890000000.0,12.83,7.53,2.23,0.43,0.92,9.43,7.16,3.0,4.24,35.66,7.24,3.4000000000000004,-10.82,15.2,3.37,2.38,3.26,0.82,0.7,1.58,0.61,5.15,0.76,110.57,5.87,,
LLY,2026-09-26,Healthcare,Drug Manufacturers - General,1114060000000.0,40.21,25.22,0.83,13.98,32.89,61.25,102.42999999999999,21.96,32.68,83.4,49.72,33.53,51.09,28.27,30.55,27.59,21.58,1.62,1.41,1.35,1.0,0.58,9.87,76.27,0.89,,
LMAT,2026-09-26,Healthcare,Medical Instruments & Supplies,1860000000.0,29.04,25.65,2.3,7.1,4.43,25.25,16.77,10.78,10.82,71.27,29.460000000000004,25.019999999999996,13.99,10.66,11.16,19.43,14.05,0.45,0.44,15.89,13.96,1.23,6.909999999999999,100.84,7.95,,
LMT,2026-09-26,Industrials,Aerospace & Defense,119910000000.0,19.15,15.89,0.88,1.56,13.63,13.74,89.16,10.36,21.45,12.659999999999998,11.8,8.16,41.67,7.43,18.02,-2.43,2.79,2.34,2.34,1.19,1.01,2.7,0.11,77.07,1.05,,
LNC,2026-09-26,Financial,Insurance - Life,7980000000.0,3.61,4.76,0.84,0.39,0.77,,22.58,0.61,13.24,,15.340000000000002,10.97,-3.44,10.11,5.7,17.86,1.55,0.6,0.57,,,4.32,1.01,86.06,6.41,,
LNN,2026-09-26,Industrials,Farm & Heavy Construction Machinery,1160000000.0,21.92,19.76,,1.85,2.33,25.88,10.74,6.64,8.72,29.460000000000004,9.95,8.79,-22.98,10.73,-2.21,13.78,7.34,0.28,0.27,2.93,2.04,1.29,1.17,108.72999999999999,7.63,,
LNT,2026-09-26,Utilities,Utilities - Regulated Electric,16489999999.999998,20.15,17.28,2.26,3.72,2.19,,11.14,3.3300000000000005,4.5,24.9,22.1,18.45,6.36,7.45,7.65,4.94,5.01,1.61,1.41,0.47,0.35,3.38,0.16,100.0,9.85,,
LNTH,2026-09-26,Healthcare,Drug Manufacturers - Specialty & Generic,6510000000.0,24.11,15.57,1.74,4.18,4.96,16.79,22.21,12.15,14.22,60.14000000000001,19.45,17.69,-10.95,18.29,8.96,,35.35,0.48,0.48,3.06,2.89,,3.52,116.55,6.41,,
LOPE,2026-09-26,Consumer Defensive,Education & Training Services,3840000000.0,17.79,13.02,1.21,3.36,5.77,15.83,30.98,23.11,29.56,52.53,27.77,19.63,12.47,10.75,10.8,7.18,5.55,0.16,0.13,2.82,2.82,,2.29,104.25,8.57,,
LOW,2026-09-26,Consumer Cyclical,Home Improvement Retail,106200000000.0,16.01,14.58,3.08,1.17,,15.17,,12.93,21.03,30.59,11.29,7.32,-0.1,5.71,4.73,8.87,-0.75,,,1.1,0.27,2.61,0.12,81.27,1.68,,
LPG,2026-09-26,Energy,Oil & Gas Midstream,2290000000.0,7.09,12.25,,3.91,1.85,15.63,28.34,17.63,19.16,60.5,52.019999999999996,55.00000000000001,84.83,-48.38,-12.7,19.59,8.79,0.52,0.36,3.26,3.24,7.539999999999999,14.02,72.88,5.77,,
LPX,2026-09-26,Industrials,Building Products & Equipment,4660000000.0,86.47,21.33,1.39,1.89,2.68,,3.1,2.05,2.56,17.99,4.54,2.19,-59.55,191.69,15.3,-14.08,-0.58,0.22,0.21,3.22,1.66,1.76,1.45,105.29000000000002,11.92,,
LQDA,2026-09-26,Healthcare,Drug Manufacturers - Specialty & Generic,6130000000.0,50.16,12.29,,13.58,31.25,40.65,131.82,35.57,42.89,92.3,37.39,30.740000000000002,483.5,81.47,,14.6,192.49,0.94,0.66,2.31,2.12,,13.47,79.96,15.98,,
LQDT,2026-09-26,Consumer Cyclical,Internet Retail,1370000000.0,42.63,23.7,,2.79,5.79,15.18,14.96,8.39,13.57,45.47,9.0,6.79,28.91,11.52,,,18.28,0.06,0.04,1.57,1.48,,25.85,80.58,4.38,,
LRCX,2026-09-26,Technology,Semiconductor Equipment & Materials,394460000000.0,54.69,26.48,0.78,16.98,31.63,80.65,65.07,32.38,44.04,50.470000000000006,35.29,31.269999999999996,62.77,25.67,34.06,16.46,9.7,0.33,0.32,2.63,1.91,0.37,0.32,89.11,2.09,,
LRN,2026-09-26,Consumer Defensive,Education & Training Services,3260000000.0,10.9,9.9,,1.3,2.0,7.54,21.74,14.3,15.99,37.03,18.12,13.43,3.97,6.87,,33.16,10.38,0.33,0.3,5.94,5.81,,3.36,114.16,19.96,,
LSCC,2026-09-26,Technology,Semiconductors,18190000000.0,494.59,39.85,0.67,27.93,22.31,120.23,4.93,4.07,4.43,63.35000000000001,8.47,5.58,103.08,50.69,59.28,-41.85,5.1,0.05,0.04,3.02,2.33,,0.83,101.39,4.31,,
LSTR,2026-09-26,Industrials,Integrated Freight & Logistics,5560000000.0,42.41,21.36,0.56,1.12,6.64,31.64,14.980000000000002,7.6499999999999995,14.98,13.34,3.92,2.64,78.92,29.44,38.46,-7.82,2.79,0.17,0.05,1.82,1.82,1.53,0.74,102.09000000000002,4.89,,
LTC,2026-09-26,Real Estate,REIT - Healthcare Facilities,2310000000.0,15.74,23.24,,6.62,1.82,19.0,12.11,6.78,6.58,58.63,36.17,38.53,-15.26,-13.47,-10.02,0.84,7.7,0.61,0.61,63.27,63.27,5.31,2.26,81.76,5.29,,
LTH,2026-09-26,Consumer Cyclical,Leisure,8930000000.0,21.85,21.9,3.39,2.81,2.7,,13.449999999999998,5.2,5.57,36.36,17.2,13.04,-3.85,14.32,6.47,,25.86,1.29,1.26,0.66,0.56,,16.36,85.2,5.99,,
LULU,2026-09-26,Consumer Cyclical,Apparel Retail,11730000000.0,8.3,12.03,,1.06,2.36,8.66,30.9,17.72,21.6,56.04,18.03,12.78,-27.73,-12.12,-13.57,24.13,20.33,0.45,0.37,2.19,1.24,,8.88,77.04,13.66,,
LUMN,2026-09-26,Communication Services,Telecom Services,5890000000.0,,,,0.5,,7.04,,-3.2099999999999995,-8.78,25.14,-3.1,-8.65,-581.5,64.38,-19.22,-8.9,-9.75,,,0.91,0.88,,8.17,71.43,7.35,,
LUV,2026-09-26,Industrials,Airlines,20880000000.0,25.89,9.3,0.12,0.69,2.95,,11.11,2.85,7.27,18.89,4.33,2.79,245.37,42.83,80.24,,25.41,0.97,0.63,0.49,0.42,1.8399999999999999,1.08,94.6,4.56,,
LVS,2026-09-26,Consumer Cyclical,Resorts & Casinos,25250000000.0,15.19,11.1,1.58,1.84,43.49,9.37,134.29,8.27,12.1,37.43,23.4,12.590000000000002,3.05,13.2,7.01,,34.66,26.27,23.57,1.0,0.99,2.95,59.89,42.68,7.06,,
LW,2026-09-26,Consumer Defensive,Packaged Foods,5990000000.0,20.89,12.93,1.87,0.91,3.28,11.09,16.28,3.93,5.26,19.47,10.2,4.39,0.43,11.53,6.91,-0.71,12.49,2.21,2.02,1.42,0.71,3.8900000000000006,1.19,95.3,4.9,,
LXP,2026-09-26,Real Estate,REIT - Industrial,3590000000.0,61.41,138.91,,10.32,1.84,20.21,3.2099999999999995,1.8000000000000003,1.94,26.35,14.85,16.73,-96.81,655.32,,-11.22,1.17,0.71,0.71,2.25,2.25,4.63,2.95,95.98,2.75,,
LYB,2026-09-26,Basic Materials,Specialty Chemicals,18780000000.0,,9.43,0.16,0.6,1.76,11.9,-2.29,-0.74,-1.52,13.3,7.82,-1.15,441.15,-33.01,58.86,,1.68,1.33,1.17,1.64,1.07,5.39,20.27,76.5,5.18,,
LYFT,2026-09-26,Technology,Software - Application,5630000000.0,2.08,14.59,,0.83,1.86,5.06,152.58,39.59,68.21,38.02,-1.67,42.32,-91.71,80.55,,,21.71,0.43,0.39,0.59,0.59,,4.62,111.64,21.0,,
LYV,2026-09-26,Communication Services,Entertainment,40260000000.0,,90.41,,1.53,483.48,29.12,-116.65,-1.01,-3.07,23.16,5.6,-0.98,-42.2,653.77,,50.7,68.39,137.04,100.99,0.85,0.85,,32.14,84.94,14.46,,
LZ,2026-09-26,Industrials,Specialty Business Services,962510000.0,59.91,6.8,0.56,1.21,7.4,6.47,10.49,3.34,12.28,63.44,4.41,2.13,17.45,13.49,12.16,17.74,9.94,0.12,0.08,0.65,0.65,,33.96,69.12,10.27,,
LZB,2026-09-26,Consumer Cyclical,"Furnishings, Fixtures & Appliances",1200000000.0,15.13,10.62,48.28,0.57,1.18,11.7,8.03,4.16,5.56,44.64,6.65,3.8599999999999994,-17.21,11.79,0.22,1.45,4.16,0.53,0.45,1.66,1.14,3.38,2.25,102.76,5.0,,
M,2026-09-26,Consumer Cyclical,Department Stores,5910000000.0,8.27,9.52,3.48,0.26,1.2,4.18,15.990000000000002,4.8,7.49,38.87,4.28,3.29,0.06,2.42,2.74,,4.56,1.03,1.03,1.59,0.48,3.2400000000000007,0.38,99.5,13.7,,
MA,2026-09-26,Financial,Credit Services,497270000000.0,31.23,24.59,1.49,14.15,88.82,30.16,241.49000000000004,29.799999999999997,58.49,96.6,59.19,46.27,17.32,15.69,16.47,20.99,16.5,4.39,3.95,1.06,1.06,0.63,7.9399999999999995,83.79,0.89,,
MAA,2026-09-26,Real Estate,REIT - Residential,14080000000.0,34.58,37.7,,6.34,2.52,21.83,7.090000000000001,3.38,4.14,29.51,27.779999999999998,18.0,-3.09,-14.3,-2.82,11.53,5.65,1.05,0.79,0.09,0.09,5.18,0.8199999999999998,99.72,3.91,,
MAC,2026-09-26,Real Estate,REIT - Retail,6680000000.0,,168.69,,6.6,2.27,35.64,-14.469999999999999,-4.54,-5.6,-1.8000000000000003,-5.66,-30.25,80.35,187.55,,,5.32,1.76,1.48,0.25,0.25,3.02,0.68,111.16999999999999,11.55,,
MAN,2026-09-26,Industrials,Staffing & Employment Services,2670000000.0,25.88,11.77,0.39,0.14,1.27,38.75,5.08,1.23,3.53,16.24,1.8399999999999999,0.56,22.12,34.45,30.17,,-0.05,0.67,0.4,1.04,1.04,2.76,1.77,120.78,9.92,,
MANH,2026-09-26,Technology,Software - Application,12010000000.0,58.98,33.52,2.82,10.67,76.26,30.09,96.38,29.13,99.45,55.22,25.06,18.67,8.65,11.79,11.88,21.58,13.02,0.34,0.34,0.95,0.95,,1.47,111.01,5.14,,
MAR,2026-09-26,Consumer Cyclical,Lodging,91800000000.0,36.49,26.86,2.0,3.41,,29.31,,9.33,20.23,19.13,15.73,9.62,16.95,11.85,13.42,,19.89,,,0.53,0.53,0.8100000000000002,19.91,63.96999999999999,3.36,,
MARA,2026-09-26,Financial,Capital Markets,4850000000.0,,,,6.03,2.89,,-107.12000000000002,-57.26,-95.0,-75.61,-122.8,-429.7099999999999,-33.89,79.3,28.96,-95.8,190.86,1.49,1.19,0.89,0.89,,2.19,73.51,27.68,,
MAS,2026-09-26,Industrials,Building Products & Equipment,13580000000.0,15.87,14.8,1.66,1.78,,12.06,,16.54,28.28,36.93,17.7,11.6,14.37,2.71,8.9,10.68,1.02,,,1.86,1.22,1.86,0.34,104.93999999999998,4.55,,
MAT,2026-09-26,Consumer Cyclical,Leisure,3800000000.0,9.79,8.4,1.0,0.69,1.9,8.74,20.5,6.78,9.16,47.13,8.68,7.79,-7.32,21.07,8.36,28.4,3.11,1.37,1.34,1.9,1.26,,1.04,107.84,9.37,,
MATW,2026-09-26,Industrials,Conglomerates,591490000.0,,24.19,,0.53,1.22,,-5.87,-1.83,-2.69,36.25,-1.47,-2.65,-59.26,52.6,-5.45,22.39,-0.01,1.29,1.25,1.76,1.02,5.38,8.74,93.41,20.44,,
MATX,2026-09-26,Industrials,Marine Shipping,6720000000.0,15.02,13.35,1.44,1.94,2.42,61.92,17.21,10.09,15.13,23.02,14.360000000000001,13.41,18.29,3.04,9.25,25.49,7.01,0.12,0.11,0.89,0.82,0.65,2.39,87.53,4.8,,
MBC,2026-09-26,Consumer Cyclical,"Furnishings, Fixtures & Appliances",1470000000.0,,30.13,,0.53,0.75,20.04,-5.82,-2.61,-2.7,25.590000000000003,-0.59,-3.49,-102.2,1300.0,,-28.91,2.06,0.86,0.82,1.76,1.04,,3.9900000000000007,106.94,8.98,,
MBGL,2026-09-26,Technology,Software - Infrastructure,5270000000.0,,,,,0.54,,,,,,,,,,,,,0.2,0.2,1.88,1.88,0.34,0.58,2.82,1.94,,
MBIN,2026-09-26,Financial,Banks - Regional,2390000000.0,10.47,8.68,0.43,1.78,1.3,,11.73,1.33,10.8,,23.98,17.01,47.53,7.65,20.11,-0.36,26.93,1.8,0.04,0.06,,0.8699999999999999,58.11999999999999,97.95,13.25,,
MC,2026-09-26,Financial,Capital Markets,4770000000.0,20.45,14.9,1.17,3.03,8.6,10.99,44.68,16.6,30.3,,18.42,14.499999999999998,3.12,27.88,12.76,-0.03,10.24,0.52,0.49,0.63,0.63,4.43,1.01,108.84,7.31,,
MCD,2026-09-26,Consumer Cyclical,Restaurants,167360000000.0,19.21,17.06,2.67,6.04,,21.56,,14.71,16.62,57.379999999999995,45.72,31.72,5.68,7.49,6.38,13.64,6.96,,,1.08,1.07,3.17,0.05,77.0,1.72,,
MCHP,2026-09-26,Technology,Semiconductors,42730000000.0,117.64,17.2,0.36,8.34,6.62,38.46,7.19,3.26,4.05,47.42,16.23,7.17,122.0,25.63,47.2,-19.53,-2.82,0.84,0.83,1.92,1.11,2.39,1.79,102.32,6.11,,
MCK,2026-09-26,Healthcare,Medical Distribution,101040000000.0,23.19,17.14,1.23,0.25,,15.75,,5.41,78.2,3.4300000000000006,1.63,1.12,14.11,13.28,13.89,,11.11,,,0.89,0.52,0.38,0.06,94.43,2.49,,
MCO,2026-09-26,Financial,Financial Data & Stock Exchanges,81180000000.0,29.72,24.81,2.04,9.95,26.83,27.36,80.15,18.53,28.28,68.82,46.0,34.25,13.33,11.58,12.15,7.79,7.52,2.49,2.27,1.15,1.15,0.8100000000000002,0.13,93.97,1.64,,
MCRI,2026-09-26,Consumer Cyclical,Resorts & Casinos,2109999999.9999998,18.9,16.6,1.38,3.76,3.66,13.68,20.54,15.85,19.48,46.89,26.479999999999997,20.4,26.16,3.53,11.99,34.07,24.21,0.02,0.02,1.21,1.15,1.02,32.6,65.54,4.77,,
MCY,2026-09-26,Financial,Insurance - Property & Casualty,5510000000.0,5.88,8.84,0.76,0.87,1.94,4.36,38.99,9.76,24.67,,18.78,14.77,61.37,-11.75,11.67,7.62,9.63,0.34,0.34,0.84,,1.28,52.07000000000001,47.14,4.73,,
MD,2026-09-26,Healthcare,Medical Care Facilities,2140000000.0000002,12.64,10.78,1.52,1.1,2.43,9.35,20.39,8.26,13.42,25.05,12.34,8.96,15.09,3.99,7.11,,1.99,0.7,0.48,1.32,1.32,,1.58,104.32999999999998,5.91,,
MDLZ,2026-09-26,Consumer Defensive,Confectioners,76900000000.0,22.1,17.93,2.45,1.94,2.9,24.93,13.309999999999999,4.94,8.04,35.01,15.839999999999998,8.86,4.41,10.2,7.32,-5.21,7.71,0.83,0.64,0.6,0.4,3.42,0.21,89.63,2.19,,
MDT,2026-09-26,Healthcare,Medical Devices,113380000000.0,21.82,13.86,1.8,3.02,2.26,18.49,10.66,5.68,6.9,60.56,19.93,13.930000000000001,8.07,6.99,7.71,6.95,3.84,0.56,0.51,2.07,1.54,3.17,0.09,89.08,1.35,,
MDU,2026-09-26,Utilities,Utilities - Regulated Gas,3950000000.0,19.73,17.75,2.34,2.16,1.35,,6.890000000000001,2.66,3.58,23.12,16.98,10.75,5.12,8.09,7.6,-13.77,-19.46,0.88,0.88,0.99,0.95,3.11,3.07,92.53,8.38,,
MEDP,2026-09-26,Healthcare,Diagnostics & Research,17270000000.0,36.3,31.99,2.65,6.21,39.71,24.44,162.15,27.089999999999996,88.72,27.76,20.97,17.67,15.2,9.92,12.05,31.79,22.27,0.33,0.28,0.73,0.73,,19.4,89.62,7.49,,
MET,2026-09-26,Financial,Insurance - Life,62090000000.0,18.7,8.78,0.73,0.78,2.27,3.75,13.16,0.5,7.46,,7.690000000000001,4.33,14.0,10.58,12.08,-3.68,2.59,0.79,0.77,4.83,,2.4,16.37,79.36,2.31,,
META,2026-09-26,Communication Services,Internet Content & Information,1914860000000.0,28.31,22.12,1.19,8.39,7.33,46.73,29.849999999999998,18.29,18.35,81.75,38.08,29.84,32.93,8.81,18.58,18.41,18.51,0.43,0.42,2.23,2.23,0.26,13.63,69.09,1.41,,
MFP,2026-09-26,Industrials,Specialty Industrial Machinery,1930000000.0,,16.53,0.87,,2.46,,,,,,,,29.82,19.84,18.9,,,0.34,0.32,1.84,1.15,,1.59,16.56,3.98,,
MGEE,2026-09-26,Utilities,Utilities - Regulated Electric,2650000000.0,17.22,17.16,3.16,3.44,1.84,,11.04,4.86,6.45,25.2,21.99,19.45,6.45,3.11,5.43,7.44,6.66,0.65,0.61,1.14,0.79,2.76,0.33,70.6,4.64,,
MGM,2026-09-26,Consumer Cyclical,Resorts & Casinos,8199999999.999999,19.72,16.73,,0.46,3.26,4.69,15.439999999999998,1.04,1.3,38.05,6.49,2.38,-44.4,5.8,-11.26,,27.71,12.0,11.93,1.33,1.3,,27.9,65.24,10.57,,
MGY,2026-09-26,Energy,Oil & Gas E&P,5710000000.0,10.56,7.83,0.36,3.86,2.06,16.23,20.54,13.99,16.53,50.85000000000001,38.25,28.37,70.22,2.95,22.01,,19.37,0.19,0.18,1.58,1.58,2.72,14.330000000000002,101.27999999999999,12.37,,
MHK,2026-09-26,Consumer Cyclical,"Furnishings, Fixtures & Appliances",7560000000.0,16.59,12.5,1.52,0.68,0.89,9.32,5.51,3.36,4.63,25.6,6.5,4.15,9.82,1.76,8.23,-3.87,2.46,0.28,0.17,1.92,1.13,,17.09,90.16,9.66,,
MHO,2026-09-26,Consumer Cyclical,Residential Construction,3510000000.0,11.68,9.98,,0.82,1.08,18.56,10.06,6.61,7.94,21.64,9.29,7.449999999999999,-26.46,15.36,-2.4,12.37,7.69,0.32,0.24,7.71,1.71,,3.27,98.87,6.19,,
MIDD,2026-09-26,Industrials,Specialty Industrial Machinery,4870000000.0,,13.85,1.23,1.37,2.2,9.82,-9.85,-4.53,-9.08,36.48,17.1,-10.56,2.11,12.78,11.28,,4.96,0.91,0.88,1.99,1.1,,1.7399999999999998,104.76999999999998,4.38,,
MIR,2026-09-26,Industrials,Specialty Industrial Machinery,3880000000.0,176.76,23.36,1.23,3.79,2.13,28.38,1.49,0.78,0.8,38.52,6.819999999999999,2.39,18.5,22.45,19.04,,,0.68,0.67,3.2,2.63,,5.81,107.72,16.93,,
MKC,2026-09-26,Consumer Defensive,Packaged Foods,12900000000.0,7.98,14.58,2.23,1.75,1.84,12.65,25.7,10.91,15.28,38.92,16.72,21.91,2.81,6.61,6.54,1.08,4.08,0.71,0.51,0.78,0.39,4.02,5.62,91.42,6.29,,
MKSI,2026-09-26,Technology,Scientific & Technical Instruments,17640000000.0,41.59,14.95,0.41,4.06,5.9,40.73,15.920000000000002,4.96,7.64,41.25,16.72,10.14,66.64,32.86,36.52,-7.2,11.03,1.4,0.93,1.14,0.72,0.38,4.05,102.93,9.36,,
MKTX,2026-09-26,Financial,Capital Markets,5780000000.0,19.35,18.96,2.09,6.63,4.66,40.39,23.34,13.94,22.62,79.67,40.28,35.15,7.48,9.03,9.08,-3.29,4.27,0.14,0.09,1.71,1.71,1.9,0.9199999999999999,111.52,6.73,,
MLI,2026-09-26,Industrials,Metal Fabrication,13390000000.0,15.77,13.71,1.07,2.87,3.77,20.09,26.31,21.96,23.86,26.75,21.33,18.25,21.43,6.0,12.78,40.88,11.75,0.01,0.0,4.78,3.76,1.07,2.03,95.81,2.47,,
MLKN,2026-09-26,Consumer Cyclical,"Furnishings, Fixtures & Appliances",1380000000.0,14.22,8.83,,0.36,1.02,17.77,7.37,2.46,3.19,39.58,5.71,2.57,8.47,12.64,,-14.8,9.28,1.34,1.26,1.65,0.9,3.74,1.6399999999999997,97.9,5.74,,
MLM,2026-09-26,Basic Materials,Building Materials,34400000000.0,11.9,22.68,1.5,5.14,2.52,42.46,8.89,4.72,14.49,28.17,21.3,36.73,10.62,18.12,15.16,10.2,5.39,0.55,0.47,1.41,0.73,0.71,16.1,85.75,4.88,,
MMI,2026-09-26,Real Estate,Real Estate Services,1130000000.0,80.6,31.99,,1.39,1.95,13.33,2.42,1.8399999999999999,2.26,36.39,1.34,1.77,1120.0,82.35,,,1.05,0.13,0.1,2.92,2.92,1.68,41.26,60.480000000000004,4.82,,
MMM,2026-09-26,Industrials,Conglomerates,87440000000.0,30.1,17.19,1.75,3.47,29.62,21.94,82.77,8.22,20.95,39.44,20.87,11.9,10.9,10.33,9.8,-8.5,-4.97,4.46,3.85,1.24,0.91,1.8500000000000003,0.08,77.32,1.94,,
MMS,2026-09-26,Industrials,Specialty Business Services,2750000000.0,7.77,6.29,0.74,0.52,1.58,6.36,21.11,8.4,11.03,24.0,10.85,7.07,8.83,4.37,8.46,10.21,9.43,0.99,0.93,2.42,2.42,2.45,2.01,108.18,6.44,,
MMSI,2026-09-26,Healthcare,Medical Instruments & Supplies,5220000000.0,36.07,18.97,2.1,3.31,3.11,25.71,9.19,5.34,5.85,49.43,12.689999999999998,9.21,12.34,7.19,9.03,,9.46,0.49,0.48,4.2,2.79,,2.6,105.47999999999999,6.77,,
MNST,2026-09-26,Consumer Defensive,Beverages - Non-Alcoholic,84450000000.0,40.01,32.86,2.58,9.16,9.02,40.26,25.7,21.16,22.72,55.55,29.160000000000004,23.08,12.66,13.04,12.76,7.99,12.52,0.0,0.0,3.73,3.22,,29.059999999999995,69.38,3.05,,
MO,2026-09-26,Consumer Defensive,Tobacco,114910000000.0,14.49,11.71,2.93,5.62,,12.61,,24.21,39.32,83.0,71.58,38.87,4.78,3.52,4.0,11.4,-0.71,,,0.52,0.38,6.29,0.15,66.22,2.34,,
MOG-A,2026-09-26,Industrials,Aerospace & Defense,12340000000.0,32.98,32.34,2.1,2.86,5.67,35.23,18.11,8.23,11.33,28.24,12.11,8.73,32.57,4.08,15.39,92.76,6.0,0.52,0.5,2.09,1.34,0.31,12.02,90.19,2.57,,
MOH,2026-09-26,Healthcare,Healthcare Plans,9960000000.0,,19.63,2.8,0.22,2.38,36.76,-0.16,-0.04,-0.09,,0.66,-0.02,-52.48,85.53,7.01,-4.51,18.68,0.95,0.95,1.68,,,1.44,108.72999999999999,6.24,,
MORN,2026-09-26,Financial,Financial Data & Stock Exchanges,7350000000.0,18.58,14.06,0.76,2.86,7.18,14.78,31.96,11.13,14.7,54.47,23.29,16.43,24.91,13.17,18.58,11.37,11.97,1.86,1.8,1.02,1.02,1.02,48.63,65.19,7.45,,
MOS,2026-09-26,Basic Materials,Agricultural Inputs,7310000000.0,,15.73,,0.6,0.64,,-5.34,-2.61,-3.9,10.97,6.79,-5.21,-81.11,241.21,-3.12,-0.6,6.78,0.53,0.43,1.34,0.43,3.81,0.42,97.41,9.76,,
MP,2026-09-26,Basic Materials,Other Industrial Metals & Mining,8700000000.0,,60.18,,20.89,4.44,,-3.5900000000000003,-2.0,-1.83,14.510000000000002,-16.71,-14.56,114.81,2182.71,,-13.01,15.45,0.4,0.4,9.51,8.56,,18.63,79.03,23.17,,
MPC,2026-09-26,Energy,Oil & Gas Refining & Marketing,110510000000.0,13.55,8.59,0.25,0.72,5.84,8.57,47.88,9.89,16.84,10.7,8.44,5.58,428.47,-18.98,34.21,,13.89,1.8,1.66,1.25,0.89,1.04,0.32,80.13,2.76,,
MPT,2026-09-26,Real Estate,REIT - Healthcare Facilities,2130000000.0,,,,2.09,0.47,9.4,-0.68,-0.21,-0.24,69.3,57.35,-3.1,108.87,-131.76,29.37,,-4.89,2.16,1.87,0.78,0.78,10.08,17.96,61.51,29.66,,
MPWR,2026-09-26,Technology,Semiconductors,67200000000.0,83.8,38.07,1.11,20.53,17.25,114.77,21.9,18.45,20.41,55.2,28.720000000000002,24.41,54.31,30.98,34.44,29.77,27.0,0.0,0.0,4.98,3.62,0.55,3.55,99.72,4.02,,
MRCY,2026-09-26,Industrials,Aerospace & Defense,5000000000.0,,37.05,1.09,5.09,3.27,77.03,-2.0,-1.15,-1.5,24.63,2.13,-3.02,57.31,33.02,34.08,,1.26,0.33,0.33,2.96,1.85,,1.28,109.17000000000002,8.37,,
MRK,2026-09-26,Healthcare,Drug Manufacturers - General,367070000000.0,118.92,15.61,2.89,5.54,8.76,22.85,6.98,2.57,3.41,72.43,18.81,4.79,-69.47,247.73,5.4,21.23,9.34,1.29,1.22,1.32,1.1,2.29,0.1,83.07,1.4,,
MRNA,2026-09-26,Healthcare,Biotechnology,79400000000.0,,,,35.64,11.74,,-39.0,-27.43,-39.41,12.57,-149.01,-141.43,-14.62,43.17,28.19,-29.93,19.33,0.19,0.18,2.29,2.18,,8.47,79.86,9.0,,
MRP,2026-09-26,Real Estate,REIT - Residential,4190000000.0000005,9.48,8.41,0.93,5.51,0.77,0.8,8.12,5.39,5.71,,85.11,62.6,26.64,4.64,9.0,,,0.43,0.42,0.09,0.09,11.56,8.04,85.95,5.12,,
MRSH,2026-09-26,Financial,Insurance Brokers,81660000000.0,20.94,15.01,1.74,2.92,5.39,17.13,25.72,6.7299999999999995,11.19,,24.29,14.23,7.16,9.15,8.6,16.42,9.45,1.47,1.34,1.14,1.14,2.21,0.1,94.57,1.23,,
MRTN,2026-09-26,Industrials,Trucking,1050000000.0,83.03,19.8,,1.23,1.37,973.14,1.6500000000000001,1.3,1.65,5.18,0.88,1.47,34.92,129.41,,-23.85,0.21,0.0,0.0,2.5,2.5,1.86,29.37,75.88,6.18,,
MRVL,2026-09-26,Technology,Semiconductors,229690000000.0,86.25,38.7,0.72,24.31,12.39,132.76,16.52,10.97,11.05,51.42,16.81,27.93,48.14,60.9,53.85,,22.51,0.3,0.29,3.17,2.62,0.09,0.52,82.46,3.59,,
MS,2026-09-26,Financial,Capital Markets,308320000000.0,15.86,14.36,1.09,2.39,2.9,7.2,17.95,1.33,3.97,,20.1,15.17,26.12,6.14,13.2,9.56,17.76,4.69,3.37,1.4,,2.19,24.16,63.82,1.23,,
MSA,2026-09-26,Industrials,Security & Protection Services,7040000000.0,22.69,18.31,1.72,3.62,5.04,19.87,23.66,12.19,15.41,48.33,22.3,16.13,14.75,9.52,10.67,17.57,6.82,0.46,0.45,3.24,2.02,1.18,6.35,91.96,2.43,,
MSCI,2026-09-26,Financial,Financial Data & Stock Exchanges,40080000000.0,30.16,24.52,1.76,12.02,,25.4,,24.75,35.46,77.19,55.66,40.74,14.08,14.06,13.97,17.11,13.08,,,0.89,0.89,1.49,3.63,95.48,1.91,,
MSEX,2026-09-26,Utilities,Utilities - Regulated Water,1010000000.0,20.64,19.3,2.62,4.89,1.93,,9.77,3.5000000000000004,5.21,40.23,29.220000000000002,23.22,12.85,4.01,7.36,1.54,6.58,0.84,0.76,0.5,0.41,2.69,2.47,84.7,4.69,,
MSFT,2026-09-26,Technology,Software - Infrastructure,3832840000000.0,28.76,21.98,1.19,11.55,8.67,57.22,34.04,19.42,24.22,67.94,46.78,40.31,14.2,18.99,18.41,17.38,14.57,0.29,0.25,1.23,1.22,0.76,1.54,76.67,0.92,,
MSGS,2026-09-26,Communication Services,Entertainment,9700000000.0,1295.72,,,8.41,,167.86,,0.48,0.94,27.47,2.68,0.67,-369.16,-100.78,,,22.65,,,0.5,0.5,,34.46,68.54,10.37,,
MSI,2026-09-26,Technology,Communication Equipment,75610000000.0,35.99,23.82,2.1,6.18,28.3,28.24,91.98,11.97,18.51,49.31,25.290000000000003,17.44,15.15,8.29,11.34,18.67,9.52,3.6,3.32,1.08,0.84,1.01,0.38,91.83,1.93,,
MSM,2026-09-26,Industrials,Industrial Distribution,6770000000.0,29.33,22.16,1.21,1.73,4.77,30.78,16.59,9.3,15.06,40.81,8.8,5.91,23.24,18.04,18.36,-4.6,3.38,0.39,0.08,1.55,0.72,2.88,18.31,84.71,5.38,,
MTB,2026-09-26,Financial,Banks - Regional,31940000000.0,11.68,10.51,0.95,2.41,1.26,8.82,10.72,1.4,7.29,,28.809999999999995,21.69,13.78,8.86,11.04,11.33,16.66,0.65,0.49,0.33,,2.79,0.35,93.41,3.61,,
MTCH,2026-09-26,Communication Services,Internet Content & Information,9310000000.0,14.32,12.56,0.87,2.65,,8.15,,17.91,21.35,71.47,28.15,20.17,16.9,16.0,14.36,2.63,7.84,,,1.72,1.72,1.6200000000000003,0.8100000000000002,108.44,4.29,,
MTD,2026-09-26,Healthcare,Diagnostics & Research,30290000000.0,34.02,29.27,2.82,7.33,2362.01,35.06,,25.61,44.02,58.35,28.410000000000004,21.91,10.76,9.12,10.38,11.04,5.47,164.74,159.49,1.12,0.78,,0.74,106.17000000000002,3.51,,
MTDR,2026-09-26,Energy,Oil & Gas E&P,6380000000.0,8.85,5.84,0.46,1.66,1.08,,12.809999999999999,5.84,7.13,45.69,35.62,18.85,38.66,10.52,12.76,,33.72,0.71,0.71,0.65,0.62,2.96,7.33,97.73,11.81,,
MTG,2026-09-26,Financial,Insurance - Specialty,5840000000.0,8.9,8.32,4.06,4.89,1.17,8.27,13.919999999999998,10.95,12.51,,76.96,59.20000000000001,3.46,5.38,2.05,19.5,0.24,0.13,0.13,3.02,,2.42,1.5,100.71,4.18,,
MTH,2026-09-26,Consumer Cyclical,Residential Construction,4240000000.0,13.58,10.95,1.62,0.79,0.84,10.2,6.38,4.3,4.77,18.03,7.139999999999999,6.11,-22.17,20.08,6.76,2.91,5.41,0.38,0.37,11.04,1.71,2.96,3.53,104.03999999999999,7.28,,
MTN,2026-09-26,Consumer Cyclical,Resorts & Casinos,4850000000.0,30.92,22.48,,1.71,8.79,27.95,21.04,2.66,4.11,30.98,16.14,5.38,-44.19,44.06,-2.77,25.47,8.59,5.9,5.71,0.91,0.79,6.52,1.63,131.57,17.68,,
MTRN,2026-09-26,Basic Materials,Other Industrial Metals & Mining,5520000000.0,61.74,31.18,1.28,2.63,5.55,170.58,9.46,4.99,6.05,15.5,6.19,4.3,30.12,20.04,24.31,36.67,8.72,0.51,0.5,2.94,1.29,0.22,1.81,98.54,2.91,,
MTSI,2026-09-26,Technology,Semiconductors,21810000000.0,91.85,33.64,0.79,18.74,14.15,106.87,17.18,11.61,14.99,55.02,18.11,20.7,58.86,54.02,42.55,-1.16,12.78,0.27,0.04,2.34,1.78,,6.87,96.68,4.16,,
MTUS,2026-09-26,Basic Materials,Steel,780900000.0,106.5,14.22,,0.64,1.13,,1.17,0.72,1.15,8.2,0.61,0.66,131.76,54.52,,53.91,6.87,0.02,0.01,1.75,0.88,,15.36,86.81,5.91,,
MTX,2026-09-26,Basic Materials,Specialty Chemicals,2080000000.0,,9.57,,0.97,1.35,17.33,-4.21,-1.94,-2.69,24.52,13.37,-3.1300000000000003,8.33,17.1,,,5.38,0.62,0.62,1.43,1.0,0.79,1.45,102.42999999999999,2.93,,
MTZ,2026-09-26,Industrials,Engineering & Construction,17090000000.0,33.91,16.89,0.47,1.06,4.84,69.82,15.39,4.93,7.77,10.05,5.21,3.07,42.59,34.95,35.88,2.97,17.73,0.93,0.83,1.4,1.37,,21.29,74.96,8.57,,
MU,2026-09-26,Technology,Semiconductors,1222320000000.0,24.5,6.83,0.04,13.54,12.13,46.7,66.64,47.5,47.38,72.6,65.75,55.91,789.82,114.76,178.3,26.19,11.76,0.06,0.06,3.42,2.98,0.06,0.32,80.61,2.45,,
MUR,2026-09-26,Energy,Oil & Gas E&P,5210000000.0,18.01,11.48,0.35,1.74,0.99,17.01,5.65,2.94,4.06,28.87,21.61,9.82,122.2,3.95,33.1,,8.96,0.43,0.38,0.85,0.8,3.83,5.95,89.0,7.48,,
MUSA,2026-09-26,Consumer Cyclical,Specialty Retail,9400000000.0,15.57,16.54,1.65,0.44,12.01,17.36,86.39,12.72,17.64,5.49,4.39,2.87,40.25,-11.41,10.02,13.01,11.47,3.53,3.47,0.92,0.54,0.49,8.93,83.87,4.99,,
MWA,2026-09-26,Industrials,Specialty Industrial Machinery,3380000000.0,15.32,13.62,2.06,2.28,3.01,18.8,21.68,12.06,14.14,37.86,20.95,15.02,19.77,1.22,6.6,21.8,8.2,0.4,0.4,4.64,3.08,1.29,0.88,97.52,3.9,,
MXL,2026-09-26,Technology,Semiconductors,8510000000.0,,34.81,0.29,14.96,17.55,2571.19,-21.32,-12.31,-16.62,55.74,-11.6,-18.24,464.52,54.03,120.2,-3.21,-0.46,0.31,0.29,1.78,1.15,,6.04,82.81,5.68,,
MYRG,2026-09-26,Industrials,Engineering & Construction,4560000000.0,27.75,20.25,0.62,1.14,6.04,23.56,24.71,10.14,20.58,12.37,5.52,4.13,61.99,18.44,32.83,16.7,10.23,0.09,0.06,1.4,1.4,,1.87,100.88999999999999,4.64,,
MZTI,2026-09-26,Consumer Defensive,Packaged Foods,2740000000.0,14.4,13.89,4.79,1.42,2.6,13.3,18.64,12.93,14.87,24.65,11.54,9.91,-1.41,7.42,2.9,6.21,5.64,0.24,0.22,1.56,0.67,4.13,30.380000000000003,71.8,13.3,,
NABL,2026-09-26,Technology,Information Technology Services,755620000.0,,9.25,1.25,1.42,0.94,10.68,-0.66,-0.38,-0.43,76.28,2.57,-1.0,-0.32,11.18,7.4,-34.58,10.93,0.54,0.53,1.28,1.28,,64.33,40.32,7.6,,
NATL,2026-09-26,Technology,Software - Application,3410000000.0,17.87,8.6,0.52,0.77,7.33,21.69,48.16,3.42,5.91,25.46,12.45,4.44,16.14,11.74,16.68,,,6.33,6.15,1.03,0.83,,1.6099999999999999,96.68,6.07,,
NAVI,2026-09-26,Financial,Credit Services,855310000.0,,9.44,,0.29,0.36,2.52,-1.9799999999999998,-0.1,-0.12,92.41,78.94,-1.6399999999999997,316.17,27.71,,,-2.83,18.49,16.73,0.9,0.9,7.02,1.7500000000000002,104.95999999999998,13.02,,
NBHC,2026-09-26,Financial,Banks - Regional,1790000000.0,16.89,10.17,0.94,2.77,1.07,12.32,6.45,0.86,4.88,,18.73,15.1,7.92,19.61,10.87,0.05,10.67,0.21,0.2,0.04,,3.19,7.88,93.08,4.69,,
NBIX,2026-09-26,Healthcare,Drug Manufacturers - Specialty & Generic,14070000000.0,20.28,14.25,0.37,4.17,3.81,17.33,22.09,15.259999999999998,17.23,97.48,23.9,20.91,50.67,38.06,38.53,2.31,22.29,0.11,0.11,1.87,1.75,,1.16,101.1,4.94,,
NBTB,2026-09-26,Financial,Banks - Regional,2680000000.0,12.63,11.32,1.16,2.83,1.38,10.91,11.42,1.33,10.2,,29.359999999999996,22.59,9.22,9.23,9.75,6.99,12.86,0.24,0.08,0.08,,2.98,1.41,68.85,4.67,,
NCLH,2026-09-26,Consumer Cyclical,Travel Services,6710000000.0,9.23,8.73,,0.66,2.61,,36.73,3.34,4.38,31.819999999999997,15.810000000000002,7.490000000000001,-27.13,8.79,-1.3,,50.33,6.21,5.75,0.2,0.17,,1.11,104.62,20.92,,
NDAQ,2026-09-26,Financial,Financial Data & Stock Exchanges,52290000000.0,27.26,20.01,1.31,6.01,4.39,26.8,16.54,6.819999999999999,9.39,57.02,30.78,22.6,18.65,13.24,15.26,10.65,7.98,0.78,0.75,1.01,1.01,1.28,21.6,76.17,1.71,,
NDSN,2026-09-26,Industrials,Specialty Industrial Machinery,18150000000.0,32.96,25.12,2.24,6.09,5.55,25.06,17.76,9.29,11.42,55.28999999999999,26.93,18.63,16.59,8.63,11.19,14.81,5.65,0.56,0.49,1.82,1.18,1.03,5.76,79.02,2.88,,
NE,2026-09-26,Energy,Oil & Gas Drilling,6840000000.0,46.29,19.71,0.26,2.23,1.52,30.88,3.2799999999999994,2.01,2.35,16.55,12.64,4.88,-19.82,304.43,75.3,,27.79,0.42,0.42,1.91,1.91,4.67,20.07,83.82,11.52,,
NEE,2026-09-26,Utilities,Utilities - Regulated Electric,158700000000.0,17.07,17.32,2.0,5.65,2.78,52.07,17.23,4.31,5.96,35.8,26.76,33.12,8.58,9.02,8.67,17.36,9.21,1.93,1.73,0.53,0.44,3.26,0.3,87.17,2.72,,
NEM,2026-09-26,Basic Materials,Gold,127950000000.0,15.33,11.46,0.59,5.06,3.65,13.15,25.53,15.24,21.12,56.39999999999999,53.98,33.98,37.12,12.18,19.4,12.75,14.12,0.16,0.16,2.55,2.01,0.8500000000000001,0.11,81.84,1.59,,
NEO,2026-09-26,Healthcare,Diagnostics & Research,2480000000.0,,57.16,1.0,3.24,3.15,,-6.329999999999999,-3.7800000000000002,-4.22,41.74,-7.03,-6.77,52.27,85.08,57.44,,10.35,0.57,0.56,3.6,3.34,,1.92,113.45,13.26,,
NEOG,2026-09-26,Healthcare,Medical Devices,3000000000.0,,33.56,2.61,3.45,1.43,94.08,-0.38,-0.22999999999999998,-0.27,36.38,-1.73,-0.91,-3.13,32.26,12.86,,13.19,0.39,0.39,3.82,2.91,,0.96,109.81,5.17,,
NEU,2026-09-26,Basic Materials,Specialty Chemicals,8260000000.0,19.33,,,3.01,4.49,17.44,25.019999999999996,12.67,15.64,31.489999999999995,20.04,15.740000000000002,,,,12.52,6.27,0.51,0.5,2.25,1.23,1.34,16.88,65.8,7.25,,
NFG,2026-09-26,Energy,Oil & Gas Integrated,7510000000.0,10.99,10.51,3.65,3.18,1.91,33.78,19.58,7.15,9.01,40.86,36.82,28.6,5.24,3.38,2.88,,9.09,0.91,0.91,3.2,3.07,2.76,1.44,84.01,5.41,,
NFLX,2026-09-26,Communication Services,Entertainment,296240000000.0,22.41,18.7,0.87,6.07,9.82,26.56,49.54,24.47,31.11,49.53,30.25,27.99,42.17,5.79,21.6,32.98,12.61,0.55,0.46,1.14,1.14,,0.71,84.69,2.28,,
NGVT,2026-09-26,Basic Materials,Specialty Chemicals,2510000000.0,48.41,12.07,0.85,2.16,53.67,16.17,30.070000000000004,1.48,4.92,39.04,24.59,4.77,17.8,12.81,14.28,,-0.8,26.36,23.03,1.61,1.15,,1.33,102.64999999999999,4.26,,
NHC,2026-09-26,Healthcare,Medical Care Facilities,3560000000.0,25.55,,,2.29,3.17,24.3,13.08,9.05,12.35,53.410000000000004,-7.51,9.04,,,,23.0,9.68,0.03,0.01,1.86,1.83,1.14,18.82,65.99,5.38,,
NHI,2026-09-26,Real Estate,REIT - Healthcare Facilities,3290000000.0,19.37,21.41,7.79,7.55,2.09,14.66,10.92,5.89,5.85,52.55,45.3,38.27,27.48,-18.83,2.75,-6.14,3.07,0.81,0.81,3.93,3.93,5.55,2.39,78.43,4.19,,
NI,2026-09-26,Utilities,Utilities - Regulated Gas,18900000000.0,20.88,17.49,1.87,2.75,1.97,,9.78,2.52,3.58,59.160000000000004,27.02,13.170000000000002,8.12,9.74,9.34,,7.25,1.82,1.63,0.5,0.41,3.05,0.37,98.65,3.08,,
NIC,2026-09-26,Financial,Banks - Regional,3530000000.0,19.13,12.43,0.86,4.99,1.56,20.37,8.91,1.27,6.52,,34.41,21.77,19.42,15.51,14.39,11.39,21.3,0.04,0.04,0.11,,0.84,8.91,63.32,5.55,,
NJR,2026-09-26,Utilities,Utilities - Regulated Gas,5140000000.0,14.01,14.72,3.71,2.3,1.94,,14.45,4.79,6.09,24.49,24.49,16.37,8.84,-4.0,3.97,14.21,0.81,1.47,1.28,0.66,0.45,3.8,0.56,80.44,4.03,,
NKE,2026-09-26,Consumer Cyclical,Footwear & Accessories,53040000000.0,17.04,16.91,4.87,1.14,3.57,24.28,22.14,8.29,13.27,43.14,8.77,6.7,-19.79,25.53,3.47,-10.02,0.84,0.74,0.58,1.96,1.36,4.58,20.91,66.55,7.3,,
NLY,2026-09-26,Real Estate,REIT - Mortgage,15530000000.0,5.17,6.6,6.0,2.01,1.02,17.52,19.48,2.31,5.43,99.87,105.32,36.02,5.98,0.94,1.1,,35.16,7.38,2.21,0.04,0.04,14.29,0.2,61.36000000000001,2.44,,
NMIH,2026-09-26,Financial,Insurance - Specialty,3100000000.0,8.11,7.48,1.38,4.24,1.15,7.24,15.43,10.52,12.66,,73.24,54.1,7.09,4.55,5.42,18.26,10.27,0.15,0.15,3.39,,,2.08,100.26000000000002,2.68,,
NNN,2026-09-26,Real Estate,REIT - Retail,7930000000.0,20.35,19.53,10.28,8.32,1.78,11.78,8.72,4.1,4.22,67.0,61.44,40.28,-0.48,2.67,1.9,11.14,6.99,1.12,1.04,0.11,0.11,5.9,0.8699999999999999,100.38,3.34,,
NOC,2026-09-26,Industrials,Aerospace & Defense,72530000000.0,16.19,16.76,2.17,1.69,4.06,19.89,26.96,8.97,13.16,20.06,10.72,10.48,9.89,5.25,7.72,8.86,2.66,0.95,0.91,1.15,1.05,1.9,0.24,85.59,1.59,,
NOG,2026-09-26,Energy,Oil & Gas E&P,2480000000.0,,6.03,,1.15,1.24,,-22.05,-8.43,-10.3,33.57,29.64,-22.54,-14.04,-1.74,-5.22,,45.25,1.37,1.37,0.8,0.8,8.52,2.9,103.25999999999999,21.15,,
NOV,2026-09-26,Energy,Oil & Gas Equipment & Services,7080000000.0,76.24,15.64,0.29,0.82,1.14,12.6,1.5,0.84,1.13,21.42,6.909999999999999,1.1,134.83,38.64,54.76,,7.56,0.37,0.36,2.42,1.61,2.23,0.71,103.8,7.74,,
NOVT,2026-09-26,Technology,Scientific & Technical Instruments,5440000000.0,92.0,32.96,,5.29,3.37,48.07,5.11,3.38,3.34,41.9,11.65,6.0,12.26,18.23,,2.97,10.67,0.18,0.14,4.57,3.79,,0.71,120.48,13.24,,
NOW,2026-09-26,Technology,Software - Application,140230000000.0,84.69,27.03,1.34,9.52,11.2,30.62,14.24,6.22,8.9,74.77,13.58,11.34,16.03,23.18,20.15,70.18,24.05,0.68,0.5,0.65,0.65,,0.9000000000000001,84.36,2.81,,
NPK,2026-09-26,Industrials,Aerospace & Defense,1030000000.0,24.16,,,1.9,2.51,39.06,10.9,8.82,10.19,16.17,9.33,7.86,,,,-7.05,7.38,0.02,0.02,5.22,0.97,0.69,26.58,66.24,4.65,,
NPO,2026-09-26,Industrials,Specialty Industrial Machinery,6590000000.0,151.9,28.61,1.76,5.39,4.15,39.47,2.86,1.7500000000000002,2.04,42.78,15.47,3.6000000000000005,21.22,13.53,16.21,,1.26,0.37,0.36,2.28,1.43,0.4099999999999999,0.67,100.47,2.64,,
NRG,2026-09-26,Utilities,Utilities - Independent Power Producers,21100000000.0,26.55,9.07,0.54,0.64,5.02,60.63,23.77,2.65,3.17,12.97,5.47,2.36,10.16,24.53,16.66,14.08,27.88,4.83,4.51,0.97,0.89,1.9299999999999997,4.67,96.27,2.91,,
NSC,2026-09-26,Industrials,Railroads,70300000000.0,26.72,21.83,2.76,5.61,4.33,43.1,16.97,5.9,8.17,32.11,32.11,21.0,3.97,10.43,7.92,10.22,4.47,1.02,0.98,0.83,0.73,1.73,0.1,78.21,3.4,,
NSIT,2026-09-26,Technology,Electronics & Computer Distribution,4670000000.0,23.28,12.0,0.74,0.54,2.92,11.77,13.11,2.09,6.83,22.1,5.74,2.45,26.67,6.0,16.11,32.83,30.33,1.09,0.92,1.18,1.15,,1.36,104.60000000000001,3.49,,
NSP,2026-09-26,Industrials,Staffing & Employment Services,1830000000.0,,17.73,0.39,0.27,29.03,9.42,-18.5,-0.75,-2.97,12.25,-0.04,-0.22999999999999998,105.28,27.6,45.23,,9.7,7.84,7.84,1.11,1.11,5.02,6.76,112.18,8.41,,
NSSC,2026-09-26,Industrials,Security & Protection Services,1280000000.0,29.74,19.49,,6.3,6.68,21.53,23.93,19.49,21.93,59.209999999999994,30.47,21.27,2.81,11.25,,23.42,12.15,0.03,0.03,4.9,4.19,1.71,2.25,101.32,7.42,,
NTAP,2026-09-26,Technology,Software - Infrastructure,39510000000.0,28.39,18.12,1.23,5.34,26.37,23.94,114.82,13.74,41.3,70.54,26.039999999999996,19.18,22.99,11.01,14.79,14.47,3.84,1.69,1.3,1.24,1.16,1.06,0.4,102.03999999999999,5.19,,
NTCT,2026-09-26,Technology,Software - Infrastructure,2870000000.0,24.05,13.62,,3.25,1.72,10.99,7.539999999999999,5.42,7.15,74.01,14.88,13.71,10.22,5.98,,37.8,0.67,0.02,0.02,1.81,1.76,,4.81,95.1,5.34,,
NTNX,2026-09-26,Technology,Software - Infrastructure,18410000000.0,13.18,25.29,1.57,6.45,26.22,21.9,37460.21,36.06,68.91,86.78,10.8,52.81,14.04,15.61,16.14,,15.4,2.17,2.11,1.71,1.71,,4.1,94.28,4.38,,
NTRS,2026-09-26,Financial,Asset Management,32150000000.0,15.08,13.96,0.82,2.11,2.57,72.2,16.93,1.27,11.82,,13.390000000000002,14.34,27.6,9.64,16.92,9.85,17.81,1.18,0.4,1.55,,1.91,1.8000000000000003,87.0,2.19,,
NTST,2026-09-26,Real Estate,REIT - Retail,1860000000.0,129.42,42.4,0.54,8.44,1.18,18.48,0.96,0.52,0.47,47.22,36.89,6.32,277.76,42.11,78.27,59.27,42.16,0.9,0.9,236.55,236.55,4.89,0.67,149.6,14.11,,
NUE,2026-09-26,Basic Materials,Steel,56100000000.0,19.73,12.67,0.37,1.55,2.54,35.44,13.52,8.07,10.08,15.439999999999998,11.52,7.960000000000001,144.06,3.67,33.89,26.03,10.04,0.32,0.29,2.51,1.36,0.91,0.62,82.68,1.9,,
NVDA,2026-09-26,Technology,Semiconductors,5424190000000.0,28.45,14.3,0.22,17.9,23.73,42.71,117.21,83.68,72.42,74.67,65.21,63.66,94.43,69.69,64.79,95.27,66.9,0.17,0.16,4.59,3.85,0.35,3.7900000000000005,72.32,1.27,,
NVR,2026-09-26,Consumer Cyclical,Residential Construction,16780000000.000002,16.33,15.72,11.56,1.8,4.78,16.04,31.540000000000003,20.01,25.69,20.4,13.01,12.22,-17.53,11.27,1.36,13.67,6.51,0.31,0.31,3.38,1.21,,5.1,91.97,5.17,,
NVST,2026-09-26,Healthcare,Medical Instruments & Supplies,3850000000.0,41.61,14.37,0.95,1.35,1.25,15.5,3.06,1.69,2.05,55.86,10.61,3.3300000000000005,28.74,8.76,15.19,6.49,7.11,0.52,0.5,2.43,2.07,,2.33,117.89,6.51,,
NVT,2026-09-26,Industrials,Electrical Equipment & Parts,26610000000.0,45.42,25.14,0.78,5.5,6.67,46.06,15.75,8.51,10.65,36.97,17.4,12.28,53.59,27.09,32.3,,14.27,0.41,0.4,1.8,1.33,0.42,0.98,92.43,2.9,,
NWBI,2026-09-26,Financial,Banks - Regional,2240000000.0,14.68,10.58,1.77,2.38,1.16,16.0,8.57,0.97,6.21,,25.03,16.25,11.6,2.93,5.98,8.22,9.42,0.44,0.28,0.03,,5.23,4.98,71.65,6.25,,
NWE,2026-09-26,Utilities,Utilities - Regulated Electric,4230000000.0000005,24.77,17.38,2.96,2.5,1.46,,5.94,2.04,2.7,59.19,18.84,10.13,4.93,5.45,5.88,-0.79,6.09,1.24,1.19,0.83,0.58,3.8900000000000006,0.71,96.52,3.26,,
NWL,2026-09-26,Consumer Defensive,Household & Personal Products,2310000000.0,,7.92,0.66,0.32,0.94,19.6,-8.59,-1.96,-2.98,35.47,8.36,-3.05,33.37,-9.85,11.93,17.8,-5.15,2.26,2.02,1.11,0.59,5.33,1.46,105.65,9.65,,
NWN,2026-09-26,Utilities,Utilities - Regulated Gas,1980000000.0,15.64,14.6,2.84,1.53,1.27,,8.35,2.06,3.14,43.75,35.65,9.75,5.39,4.34,5.14,3.63,10.72,1.73,1.57,0.77,0.55,4.2,0.9399999999999998,82.28,4.45,,
NWS,2026-09-26,Communication Services,Entertainment,15980000000.0,30.91,20.65,1.43,1.77,2.02,19.86,6.619999999999999,3.6900000000000004,5.05,51.5,12.64,6.35,11.96,16.39,14.48,13.03,-0.72,0.34,0.33,1.62,1.51,0.63,80.18,15.049999999999999,4.43,,
NWSA,2026-09-26,Communication Services,Entertainment,15980000000.0,27.73,18.53,1.28,1.77,1.82,19.86,6.619999999999999,3.6900000000000004,5.05,51.5,12.64,6.35,11.96,16.39,14.48,13.03,-0.72,0.34,0.33,1.62,1.51,0.71,33.33,72.82,3.29,,
NX,2026-09-26,Industrials,Building Products & Equipment,904610000.0,19.87,10.01,,0.49,1.21,9.96,6.2,2.3,2.94,21.29,5.96,2.43,-20.98,8.53,-0.44,,16.63,1.13,1.07,2.23,1.21,1.6200000000000003,8.08,109.27,9.27,,
NXPI,2026-09-26,Technology,Semiconductors,60040000000.0,20.32,13.1,0.62,4.55,5.27,21.17,28.38,11.46,13.92,55.15,28.7,22.56,27.72,20.53,21.06,112.19,7.33,0.96,0.88,2.04,1.36,1.87,0.13,98.19,2.89,,
NXRT,2026-09-26,Real Estate,REIT - Residential,503820000.0,,,,1.99,2.02,6.06,-9.78,-1.7000000000000002,-1.73,56.06,11.11,-12.6,-21.92,-35.29,-17.5,,4.18,5.83,5.83,2.6,2.6,10.79,18.58,80.83,11.74,,
NXST,2026-09-26,Communication Services,Broadcasting,4990000000.0,30.93,9.05,0.07,0.85,2.2,6.72,7.339999999999999,1.14,1.19,40.64,18.01,2.83,926.1,-41.84,137.28,-29.63,1.91,5.34,5.17,1.56,1.56,4.57,6.94,99.9,8.77,,
NXT,2026-09-26,Technology,Solar,12270000000.0,20.95,14.14,0.92,3.38,4.79,22.44,27.22,15.53,22.89,32.99,19.7,16.36,4.0,22.18,15.37,7.19,24.38,0.02,0.02,2.69,2.43,,1.67,105.88,5.88,,
NYT,2026-09-26,Communication Services,Publishing,10290000000.0,26.64,20.45,1.76,3.46,5.04,16.52,19.72,13.570000000000002,19.19,48.59,16.82,13.19,15.38,9.97,11.61,28.48,9.63,0.0,0.0,1.58,1.58,1.42,2.16,103.73000000000002,8.58,,
O,2026-09-26,Real Estate,REIT - Retail,52550000000.0,40.62,32.9,2.72,8.66,1.33,13.14,3.2199999999999998,1.71,1.82,50.82,45.61,20.88,29.98,11.0,12.11,0.3,27.82,0.83,0.76,0.5,0.5,5.87,0.19,81.32,4.32,,
OC,2026-09-26,Industrials,Building Products & Equipment,9790000000.0,,10.32,1.63,0.99,2.6,10.92,-9.6,-3.15,-7.97,26.51,14.92,-6.81,-16.77,19.7,6.32,-11.88,7.45,1.52,1.23,1.16,0.67,2.5,1.16,106.26,3.01,,
ODFL,2026-09-26,Industrials,Trucking,35930000000.0,33.35,25.97,1.56,6.41,7.91,32.24,24.82,19.3,23.95,32.3,25.989999999999995,19.44,20.55,14.36,16.6,11.25,6.48,0.0,0.0,1.89,1.89,0.67,11.71,81.93,4.5,,
OFG,2026-09-26,Financial,Banks - Regional,2200000000.0,10.23,10.14,1.61,2.39,1.56,10.83,16.08,1.81,15.47,,27.43,23.99,10.83,0.91,6.29,28.35,8.68,0.41,0.01,0.11,,2.7,0.91,98.58,4.97,,
OGE,2026-09-26,Utilities,Utilities - Regulated Electric,9260000000.0,19.63,17.21,2.55,2.86,1.86,33.76,9.7,3.25,4.41,44.81,24.24,14.429999999999998,4.54,7.38,6.75,,8.96,1.17,1.12,0.77,0.47,3.81,0.4,80.66,5.29,,
OGN,2026-09-26,Healthcare,Drug Manufacturers - General,3610000000.0,17.59,3.78,1.22,0.59,3.58,6.36,24.04,1.5700000000000003,2.2,53.09,19.41,3.4099999999999997,-8.47,8.36,3.09,-39.04,-1.0,8.5,8.43,1.95,1.44,0.58,0.64,83.45,6.72,,
OGS,2026-09-26,Utilities,Utilities - Regulated Gas,4510000000.0,15.49,14.23,2.04,1.95,1.27,,8.58,3.36,4.9,24.72,20.65,12.47,9.24,3.12,6.96,3.48,9.67,0.96,0.66,0.48,0.3,3.7900000000000005,1.1,93.7,6.15,,
OHI,2026-09-26,Real Estate,REIT - Healthcare Facilities,14020000000.0,16.53,23.14,15.63,10.86,2.57,16.81,16.24,8.2,8.95,72.24,63.3,65.26,36.81,-24.63,1.48,23.4,6.42,0.75,0.75,2.46,2.46,5.83,0.32,82.59,4.78,,
OI,2026-09-26,Consumer Cyclical,Packaging & Containers,900450000.0,,3.9,0.55,0.14,2.35,,-142.43,-13.350000000000001,-22.28,14.37,9.79,-18.13,-65.37,170.9,7.08,,1.08,13.02,12.51,1.26,0.77,,1.7500000000000002,105.3,11.41,,
OII,2026-09-26,Energy,Oil & Gas Equipment & Services,4600000000.0,13.32,19.59,1.77,1.6,3.95,19.39,34.9,13.96,18.7,19.82,10.37,12.19,6.22,15.17,11.1,,8.78,0.71,0.61,2.18,1.9,,1.69,105.34000000000002,7.7,,
OKE,2026-09-26,Energy,Oil & Gas Midstream,55870000000.0,15.31,14.45,1.76,1.41,2.44,19.23,16.33,5.49,6.81,17.16,16.12,9.22,5.35,7.45,8.19,30.79,31.75,1.44,1.34,0.74,0.59,4.86,0.16,84.19,4.34,,
OKTA,2026-09-26,Technology,Software - Infrastructure,34119999999.999996,117.92,44.93,3.8,11.1,4.89,34.86,4.31,3.17,4.21,78.13,7.68,9.63,12.23,10.6,11.81,,28.43,0.01,0.01,1.44,1.44,,4.93,94.28,4.94,,
OLED,2026-09-26,Technology,Electronic Components,3560000000.0,18.73,16.43,3.89,5.86,2.12,16.17,11.51,10.24,11.5,71.89,34.4,32.24,-17.59,12.5,4.22,12.62,8.69,0.01,0.01,8.5,6.25,2.63,8.22,96.29,11.01,,
OLLI,2026-09-26,Consumer Defensive,Discount Stores,5000000000.0,18.83,17.05,1.43,1.79,2.65,22.42,14.859999999999998,9.39,10.85,40.04,13.03,9.79,19.36,7.26,11.92,1.12,7.93,0.38,0.33,2.23,0.52,,0.34,120.29,14.63,,
OLN,2026-09-26,Basic Materials,Chemicals,1870000000.0,,27.5,,0.28,1.09,18.58,-7.59,-1.8399999999999999,-2.76,7.02,0.62,-2.08,-426.88,244.12,,32.25,3.32,1.99,1.95,1.42,0.87,4.88,0.44,100.15,11.38,,
OMC,2026-09-26,Communication Services,Advertising Agencies,20890000000.0,65.28,6.46,0.41,0.93,2.39,8.74,5.52,0.9899999999999999,1.86,17.0,14.3,1.7399999999999998,20.69,12.99,15.65,,5.57,1.18,1.18,0.92,0.92,4.42,0.97,108.80000000000001,9.59,,
OMCL,2026-09-26,Healthcare,Health Information Services,1540000000.0,39.8,16.11,1.08,1.23,1.19,10.95,3.06,1.8900000000000001,2.64,44.77,4.73,3.1300000000000003,40.05,-7.88,14.94,-43.0,5.84,0.15,0.15,1.61,1.4,,3.4000000000000004,106.46,7.47,,
ON,2026-09-26,Technology,Semiconductors,30050000000.0,49.71,17.16,0.48,4.85,4.16,20.03,8.31,4.74,5.68,37.13,18.16,10.17,36.08,40.67,35.65,-12.08,2.67,0.65,0.54,3.46,2.49,,0.68,105.32999999999998,7.64,,
ONB,2026-09-26,Financial,Banks - Regional,9750000000.0,11.35,8.81,0.65,2.38,1.17,10.37,10.61,1.22,6.84,,30.14,21.2,18.12,10.9,13.47,5.58,32.85,1.01,0.51,0.04,,2.27,11.63,86.53,6.23,,
ONTO,2026-09-26,Technology,Semiconductor Equipment & Materials,14120000000.0,107.65,24.44,0.59,12.6,7.34,55.91,6.819999999999999,4.54,3.91,49.36,19.84,11.84,64.04,45.22,41.31,34.65,12.55,0.77,0.77,9.73,8.33,,0.62,100.88,5.62,,
OPCH,2026-09-26,Healthcare,Medical Care Facilities,3460000000.0,17.46,11.07,1.04,0.61,2.74,11.37,16.0,6.2,8.39,17.87,5.86,3.6799999999999997,9.29,10.88,10.63,,13.25,1.01,0.98,1.47,0.98,,1.76,106.86,8.22,,
OPLN,2026-09-26,Consumer Cyclical,Auto & Truck Dealerships,4280000000.0000005,,20.12,0.7,2.06,2.72,12.31,10.11,3.7699999999999996,8.46,41.45,16.96,-4.11,16.34,19.98,28.81,-42.66,-2.43,1.57,0.37,1.17,1.17,,7.85,88.02,2.29,,
ORA,2026-09-26,Utilities,Utilities - Renewable,5760000000.0,45.87,38.15,3.16,4.84,2.22,,4.98,1.9799999999999998,2.42,27.93,19.35,10.66,13.5,-3.48,12.06,4.18,7.01,1.31,1.01,1.05,1.0,0.51,0.72,105.39,9.93,,
ORCL,2026-09-26,Technology,Software - Infrastructure,414550000000.0,21.5,12.44,0.47,5.78,6.71,,41.62,7.82,8.46,61.92999999999999,34.24,26.1,6.65,35.41,26.55,5.08,10.72,2.53,2.35,1.17,1.17,1.44,40.47,43.99,2.82,,
ORI,2026-09-26,Financial,Insurance - Property & Casualty,9110000000.0,8.27,11.48,5.52,0.94,1.5,7.12,18.57,5.09,13.62,,15.629999999999999,11.71,-5.29,10.16,2.08,14.77,4.98,0.38,0.38,0.68,,3.34,7.99,77.91,4.73,,
ORLY,2026-09-26,Consumer Cyclical,Auto Parts,69660000000.0,27.39,23.53,2.13,3.75,,32.31,,15.960000000000003,36.31,51.64,19.56,14.27,10.67,11.32,11.04,13.58,8.91,,,0.75,0.13,,0.53,90.92,3.2,,
OSIS,2026-09-26,Technology,Electronic Components,3140000000.0,21.95,15.4,1.43,1.76,3.77,12.82,17.34,6.52,8.29,30.820000000000004,12.93,8.66,9.86,12.65,10.79,17.33,9.26,1.26,1.24,3.15,2.34,,5.64,121.46,14.11,,
OSK,2026-09-26,Industrials,Farm & Heavy Construction Machinery,8199999999.999999,15.2,9.5,0.6,0.77,1.81,7.41,12.39,5.54,10.85,15.370000000000001,7.519999999999999,5.24,-0.81,30.6,15.71,16.27,8.73,0.24,0.13,1.72,0.96,1.7000000000000002,0.8,98.46,3.25,,
OSW,2026-09-26,Consumer Cyclical,Leisure,2330000000.0,29.09,17.77,1.24,2.3,4.0,29.74,14.32,11.08,12.05,11.76,9.5,8.02,14.81,13.49,14.34,,51.37,0.16,0.15,2.91,1.93,0.8699999999999999,3.6900000000000004,108.31,6.83,,
OTIS,2026-09-26,Industrials,Specialty Industrial Machinery,25100000000.0,16.93,14.57,1.94,1.68,,14.66,,14.000000000000002,88.76,30.240000000000002,15.629999999999999,10.17,-0.22,11.98,7.51,10.95,2.5,,,0.83,0.75,2.65,0.1,96.92,4.2,,
OTTR,2026-09-26,Industrials,Conglomerates,3750000000.0,19.29,17.11,,2.85,2.0,,10.68,4.84,6.48,26.02,24.64,14.829999999999998,-7.25,-14.07,-15.02,22.83,7.94,0.67,0.6,1.71,1.36,2.57,9.09,70.64,12.55,,
OUT,2026-09-26,Real Estate,REIT - Specialty,4870000000.0,20.18,18.77,0.72,2.52,7.02,16.05,36.19,4.7,5.38,43.32,20.21,12.48,69.54,5.95,26.05,,8.18,5.96,5.56,0.67,0.67,4.54,3.7599999999999993,102.06,5.61,,
OVV,2026-09-26,Energy,Oil & Gas E&P,16570000000.0,16.81,8.47,0.48,1.73,1.45,7.37,8.41,4.72,5.6,32.82,26.16,9.59,50.83,-5.99,17.59,,9.38,0.44,0.43,1.01,1.01,2.01,0.57,93.64,4.13,,
OXY,2026-09-26,Energy,Oil & Gas E&P,56840000000.0,16.85,14.14,0.6,2.34,1.7,10.7,10.87,5.11,7.33,38.08,23.09,14.029999999999998,185.43,-36.25,23.43,,4.7,0.35,0.34,1.41,1.13,1.78,0.38,84.93,2.17,,
OZK,2026-09-26,Financial,Banks - Regional,5120000000.0,7.75,7.78,2.29,1.85,0.86,6.71,11.33,1.66,9.95,,32.35,24.37,-6.32,4.1,3.4,22.32,18.77,0.11,0.11,0.07,,4.05,0.0,96.22,15.13,,
P,2026-09-26,Technology,Computer Hardware,41990000000.0,171.92,30.08,0.77,9.85,27.26,327.59,17.71,5.48,14.76,69.73,5.26,5.94,34.73,50.82,38.96,,16.81,0.15,0.11,1.44,1.39,,5.09,83.44,2.16,,
PAG,2026-09-26,Consumer Cyclical,Auto & Truck Dealerships,13760000000.0,15.44,14.46,2.78,0.43,2.37,27.68,15.64,4.98,8.66,15.61,3.39,2.81,2.05,6.58,5.2,15.94,9.24,1.61,0.78,0.98,0.21,2.0,73.24,28.34,11.67,,
PAHC,2026-09-26,Healthcare,Drug Manufacturers - Specialty & Generic,1400000000.0,14.15,8.95,1.01,0.92,3.63,141.72,29.719999999999995,6.97,8.76,33.61,13.23,6.570000000000001,8.74,9.98,8.87,12.64,12.74,2.05,1.95,2.96,1.27,1.39,48.62,52.629999999999995,5.48,,
PANW,2026-09-26,Technology,Software - Infrastructure,306540000000.0,731.2,76.96,5.52,26.7,11.11,74.53,1.7399999999999998,0.8500000000000001,1.02,65.48,5.42,2.67,9.08,16.25,13.94,,21.95,0.09,0.09,0.82,0.82,,0.97,84.46,2.7,,
PARR,2026-09-26,Energy,Oil & Gas Refining & Marketing,3880000000.0,4.52,6.08,8.21,0.45,1.93,8.85,54.74,20.33,28.53,14.510000000000002,13.309999999999999,9.94,172.29,-38.08,0.74,,19.02,0.66,0.51,1.84,0.76,,2.77,101.71,9.39,,
PATH,2026-09-26,Technology,Software - Infrastructure,6490000000.0,18.54,13.54,1.02,3.77,3.33,17.89,20.03,13.16,17.93,82.14,9.37,21.03,9.27,16.98,13.32,,21.53,0.04,0.04,2.28,2.28,,23.32,68.26,26.08,,
PATK,2026-09-26,Consumer Cyclical,Recreational Vehicles,2200000000.0,16.29,12.99,,0.56,1.95,17.21,12.950000000000001,4.68,5.42,20.62,7.02,3.74,-4.39,24.17,,6.83,9.7,1.46,1.4,2.67,0.96,2.71,4.33,112.36,16.2,,
PAYC,2026-09-26,Technology,Software - Application,9760000000.0,23.43,15.79,0.84,4.56,17.09,17.22,41.09,10.56,31.96,74.35,30.3,22.78,30.85,15.47,18.85,26.84,19.51,1.72,1.67,1.02,1.02,0.68,15.120000000000001,96.22,7.06,,
PAYO,2026-09-26,Technology,Software - Infrastructure,2430000000.0,51.81,26.24,1.04,2.25,3.72,13.39,7.06,0.6,6.89,78.58,12.47,4.65,-9.96,59.7,25.13,,24.96,0.13,0.12,1.0,1.0,,24.26,69.67,5.38,,
PAYX,2026-09-26,Technology,Software - Application,36090000000.0,20.13,15.81,2.14,5.47,9.74,17.89,47.06,11.17,21.69,71.63,44.48,27.35,8.18,7.54,7.4,10.04,9.93,1.25,1.25,1.28,1.28,4.79,10.29,85.72,6.21,,
PB,2026-09-26,Financial,Banks - Regional,8140000000.000001,11.74,9.3,0.86,4.34,0.82,13.8,7.07,1.37,6.69,,40.72,29.98,1.58,25.47,10.84,0.12,6.28,0.33,0.01,0.14,,3.56,3.65,74.65,3.88,,
PBF,2026-09-26,Energy,Oil & Gas Refining & Marketing,8730000000.0,6.52,5.07,,0.25,1.36,11.17,23.55,9.77,15.49,4.39,3.17,3.94,586.97,-27.67,,34.6,14.18,0.39,0.36,1.33,0.67,1.49,13.84,89.62,11.06,,
PBH,2026-09-26,Healthcare,Drug Manufacturers - Specialty & Generic,2210000000.0,13.05,9.08,1.32,2.0,1.15,9.38,9.12,4.3,4.34,51.59,26.26,15.57,4.66,11.97,6.86,3.72,2.91,1.08,1.07,3.23,1.99,,1.47,115.04,10.27,,
PBI,2026-09-26,Industrials,Integrated Freight & Logistics,2250000000.0,13.34,8.99,0.61,1.2,,5.44,,5.99,15.09,54.08,24.0,10.04,24.07,8.76,14.63,,-11.84,,,0.73,0.69,2.22,1.71,88.08,13.64,,
PCAR,2026-09-26,Industrials,Farm & Heavy Construction Machinery,58590000000.0,23.43,15.42,0.91,2.11,2.88,19.77,12.76,5.69,7.15,15.2,10.37,9.0,18.72,21.4,16.93,12.6,8.73,0.72,0.72,2.39,2.0,2.93,1.87,76.21,2.38,,
PCG,2026-09-26,Utilities,Utilities - Regulated Electric,27180000000.0,9.0,6.86,0.74,1.05,0.84,,9.73,2.25,3.3,20.13,20.13,11.83,10.26,8.71,9.27,,6.19,1.91,1.83,1.22,1.15,1.6,0.4699999999999999,104.78,1.78,,
PCRX,2026-09-26,Healthcare,Drug Manufacturers - Specialty & Generic,1000000000.0,72.39,7.3,0.37,1.34,1.49,5.58,2.05,1.05,1.36,71.53,3.7000000000000006,1.96,9.09,19.06,19.66,-45.77,11.07,0.61,0.6,5.04,3.94,,4.21,112.38999999999999,19.8,,
PCTY,2026-09-26,Technology,Software - Application,7610000000.0,29.0,14.8,1.43,4.29,6.25,15.3,21.97,5.82,20.06,68.3,22.14,15.229999999999999,6.26,9.69,10.32,31.39,22.75,0.11,0.1,1.05,1.05,,20.77,88.04,6.57,,
PDFS,2026-09-26,Technology,Software - Application,2089999999.9999998,196.32,29.99,1.01,8.68,5.57,,3.27,2.26,2.35,69.7,8.15,4.27,37.61,27.73,29.67,57.47,19.99,0.19,0.18,3.41,3.41,,10.74,93.28,8.62,,
PEB,2026-09-26,Real Estate,REIT - Hotel & Motel,2080000000.0,,,,1.39,0.86,10.05,-1.8399999999999999,-0.8500000000000001,-1.03,10.9,7.449999999999999,-5.25,67.78,28.97,53.58,22.58,27.21,1.02,0.87,0.12,0.12,0.22,2.57,128.7,16.62,,
PECO,2026-09-26,Real Estate,REIT - Retail,5280000000.0,34.48,45.19,37.35,6.97,2.02,22.06,6.16,2.68,2.9,36.53,28.910000000000004,19.0,-3.33,-3.84,1.21,,6.9,1.09,1.09,182.15,182.15,3.52,0.59,91.03,3.77,,
PEG,2026-09-26,Utilities,Utilities - Regulated Electric,33400000000.0,16.67,14.34,1.93,2.53,1.93,121.03,11.84,3.5000000000000004,5.0,26.85,26.85,15.259999999999998,7.87,6.95,7.44,2.32,5.71,1.42,1.32,0.88,0.67,3.9800000000000004,0.17,79.92,2.16,,
PEGA,2026-09-26,Technology,Software - Application,5550000000.0,19.06,12.9,1.23,3.2,9.9,11.26,54.69,23.93,52.49,75.48,11.32,18.66,15.99,7.39,10.5,,11.4,0.13,0.1,1.06,1.06,0.34,45.81,58.43000000000001,13.19,,
PEN,2026-09-26,Healthcare,Medical Devices,12560000000.0,78.31,53.24,2.41,8.35,8.21,58.18,11.37,8.8,9.3,66.72,12.45,10.67,22.6,27.22,22.07,,20.16,0.14,0.13,5.75,3.86,,2.87,87.25,4.72,,
PENG,2026-09-26,Technology,Information Technology Services,2880000000.0,35.67,16.75,0.6,1.92,6.56,,17.17,4.4,8.83,27.92,8.13,5.04,37.62,28.33,28.14,,4.05,1.61,1.27,1.54,1.1,,4.4,121.92,14.45,,
PENN,2026-09-26,Consumer Cyclical,Resorts & Casinos,2100000000.0,,10.68,,0.29,1.13,21.83,-37.4,-6.19,-7.33,28.689999999999998,6.03,-12.659999999999998,114.64,71.69,,-3.14,14.23,5.94,5.65,0.89,0.89,,1.59,105.87,12.36,,
PEP,2026-09-26,Consumer Defensive,Beverages - Non-Alcoholic,175570000000.0,16.87,14.38,2.86,1.81,7.95,18.91,51.59,9.61,16.15,53.98,15.55,10.78,5.05,4.62,5.02,3.25,5.94,2.41,1.93,0.93,0.74,4.54,0.32,81.94,1.9,,
PFBC,2026-09-26,Financial,Banks - Regional,1300000000.0,10.0,9.89,2.0,2.57,1.64,7.86,17.58,1.8000000000000003,11.55,,38.25,26.77,3.06,3.2,4.94,17.47,17.76,0.48,0.48,0.28,,2.93,0.0,88.93,10.38,,
PFE,2026-09-26,Healthcare,Drug Manufacturers - General,163410000000.0,37.96,9.9,,2.57,1.92,14.87,4.99,2.13,2.97,64.83,26.57,6.800000000000001,-7.61,-2.62,-8.26,-3.57,8.48,0.74,0.71,1.27,0.96,6.01,0.09,69.76,2.73,,
PFG,2026-09-26,Financial,Asset Management,24570000000.0,16.29,11.02,0.99,1.57,2.03,5.06,13.23,0.49,9.47,,11.87,9.93,16.0,8.56,11.15,0.8,1.17,0.36,0.36,0.4,,2.88,0.78,81.86,4.45,,
PFGC,2026-09-26,Consumer Defensive,Food Distribution,14420000000.0,40.01,13.52,0.66,0.21,2.92,14.01,7.670000000000001,1.9299999999999997,2.92,10.73,1.37,0.53,24.48,19.56,20.49,49.63,17.42,1.59,1.51,1.51,0.67,,1.79,101.03,3.16,,
PFS,2026-09-26,Financial,Banks - Regional,2980000000.0,9.53,8.81,1.24,2.11,1.02,8.5,11.14,1.25,8.2,,30.47,22.15,10.3,5.44,7.11,9.89,25.93,0.99,0.31,0.02,,4.2,5.85,76.35,5.01,,
PG,2026-09-26,Consumer Defensive,Household & Personal Products,339640000000.0,22.09,19.78,4.65,3.9,6.37,22.42,30.25,12.75,20.69,50.86999999999999,23.86,18.1,1.24,5.98,4.25,3.79,2.72,0.65,0.43,0.68,0.47,3.0,0.07,72.71,1.04,,
PGNY,2026-09-26,Healthcare,Healthcare Plans,1950000000.0,27.63,16.74,0.45,1.49,4.34,10.94,16.24,10.65,16.53,24.57,8.55,6.0,97.87,18.19,37.58,6.78,30.17,0.06,0.05,2.14,2.14,,2.86,103.53000000000002,6.32,,
PGR,2026-09-26,Financial,Insurance - Property & Casualty,119420000000.0,10.3,12.68,,1.31,3.48,7.49,34.94,10.09,28.03,,16.56,12.85,-0.18,-10.14,-4.02,14.75,15.5,0.24,0.22,0.74,,4.73,0.27,90.32,1.08,,
PH,2026-09-26,Industrials,Specialty Industrial Machinery,123380000000.0,34.34,25.2,2.5,5.74,8.0,31.6,25.08,12.09,16.33,37.89,21.95,16.97,9.1,10.14,10.1,16.37,8.42,0.57,0.45,1.26,0.74,0.8199999999999998,0.2,91.12,1.16,,
PHIN,2026-09-26,Consumer Cyclical,Auto Parts,2270000000.0,17.79,8.99,0.57,0.63,1.48,9.09,8.52,3.49,5.33,21.16,8.82,3.73,20.27,15.71,15.82,,27.49,0.69,0.64,1.81,1.34,1.9,2.07,103.66,10.68,,
PHM,2026-09-26,Consumer Cyclical,Residential Construction,22470000000.0,12.24,10.76,2.17,1.37,1.73,14.57,14.899999999999999,10.64,12.76,25.040000000000003,15.57,11.62,-9.0,10.05,4.96,16.53,9.42,0.19,0.15,5.28,0.48,0.8100000000000002,0.67,97.74,4.74,,
PI,2026-09-26,Technology,Semiconductors,5450000000.0,,63.6,2.94,14.66,23.52,86.48,-12.869999999999997,-5.17,-6.14,52.28,-1.8000000000000003,-7.26,-0.83,33.97,21.65,30.45,21.05,1.15,0.9,3.28,2.29,,2.66,107.93000000000002,10.19,,
PII,2026-09-26,Consumer Cyclical,Recreational Vehicles,3020000000.0,,15.49,,0.41,3.61,23.5,-25.759999999999998,-4.92,-9.18,19.56,1.76,-3.5000000000000004,31509.4,9.02,,,0.35,2.46,2.39,1.2,0.47,5.08,6.509999999999999,90.62,8.31,,
PINS,2026-09-26,Communication Services,Internet Content & Information,10700000000.0,55.09,7.84,0.4,2.35,3.69,8.36,6.460000000000001,4.9,6.09,79.47,6.27,5.46,26.5,19.1,19.58,,20.06,0.41,0.41,3.81,3.81,,14.719999999999999,93.67,12.23,,
PIPR,2026-09-26,Financial,Capital Markets,5110000000.0,16.77,13.16,,2.41,3.56,8.79,23.62,14.34,22.39,93.74,23.06,14.49,4.28,18.86,,42.22,8.74,0.13,0.0,0.82,0.82,3.02,3.49,88.19,3.53,,
PJT,2026-09-26,Financial,Capital Markets,3880000000.0,31.5,16.74,1.31,2.06,12.44,5.86,83.23,12.21,27.83,,21.02,10.58,14.52,13.44,12.78,8.69,10.24,1.34,1.3,2.28,2.28,0.66,2.53,89.54,8.01,,
PK,2026-09-26,Real Estate,REIT - Hotel & Motel,3110000000.0,,27.16,,1.22,1.01,37.43,-5.02,-1.9799999999999998,-2.87,18.34,11.92,-6.45,131.92,24.47,,25.27,24.43,1.33,0.85,0.28,0.28,6.550000000000001,8.56,108.56000000000002,18.61,,
PKG,2026-09-26,Consumer Cyclical,Packaging & Containers,21130000000.0,30.83,17.42,1.32,2.22,4.53,28.46,14.790000000000001,6.849999999999999,7.67,20.11,12.629999999999999,7.21,6.48,29.92,13.22,12.11,6.19,0.94,0.92,2.94,1.86,2.23,3.39,98.84,3.89,,
PLAB,2026-09-26,Technology,Semiconductor Equipment & Materials,1790000000.0,10.75,14.83,5.26,2.07,1.38,16.24,13.720000000000002,8.82,12.89,33.65,22.47,19.04,0.0,1.99,2.82,34.53,6.85,0.0,0.0,4.94,4.61,,3.93,94.59,7.65,,
PLD,2026-09-26,Real Estate,REIT - Industrial,128960000000.00002,29.63,38.12,10.8,14.03,2.31,29.48,7.91,4.24,4.69,44.51,38.58,45.73,3.37,-5.16,3.53,12.73,14.64,0.69,0.67,0.89,0.89,3.2199999999999998,0.25,112.01,1.99,,
PLMR,2026-09-26,Financial,Insurance - Property & Casualty,3260000000.0,16.65,10.94,0.69,2.99,3.31,7.68,22.23,8.13,15.91,,24.87,18.61,28.22,12.42,15.88,96.55,39.05,0.3,0.3,1.2,,0.73,2.67,94.92,3.64,,
PLNT,2026-09-26,Consumer Cyclical,Leisure,3220000000.0,14.48,11.67,1.04,2.29,,12.32,,7.77,10.56,39.32,30.95,16.88,5.89,12.5,11.23,,26.63,,,1.56,1.54,,0.58,115.28,10.63,,
PLTR,2026-09-26,Technology,Software - Infrastructure,455790000000.0,161.63,82.93,1.26,74.04,46.63,135.72,38.42,31.679999999999996,30.21,84.8,42.8,49.0,112.6,43.44,65.82,,32.58,0.02,0.02,7.23,7.23,,8.04,62.72,2.72,,
PLUS,2026-09-26,Technology,Software - Application,2360000000.0,18.9,15.2,,0.96,2.21,43.12,12.16,6.94,11.73,24.2,6.88,5.12,1.58,8.77,,11.99,9.47,0.0,0.0,2.02,1.81,1.15,2.14,95.54,5.53,,
PLXS,2026-09-26,Technology,Electronic Components,7010000000.0,38.81,25.92,1.69,1.53,4.59,113.33,12.58,5.5,11.28,9.58,4.53,4.03,16.98,16.78,15.33,9.78,3.53,0.2,0.08,1.49,0.72,,1.41,100.88,3.33,,
PM,2026-09-26,Consumer Defensive,Tobacco,296880000000.0,27.38,20.78,2.09,6.99,,23.34,,15.86,32.1,65.33,37.32,25.55,11.28,9.26,9.92,7.09,7.15,,,0.98,0.55,3.15,0.21,85.55,0.89,,
PMT,2026-09-26,Real Estate,REIT - Mortgage,726400000.0,5.83,6.02,0.43,0.39,0.55,,8.94,0.79,1.2,92.54,81.85,6.619999999999999,2.43,36.42,13.94,29.31,3.52,12.37,6.5,0.04,0.04,19.21,1.22,75.2,11.81,,
PNC,2026-09-26,Financial,Banks - Regional,90020000000.0,12.41,10.47,0.81,2.52,1.55,9.22,12.47,1.29,5.89,,26.27,20.32,14.43,13.5,12.98,-0.44,13.2,1.36,1.01,0.11,,3.2400000000000007,0.36,86.0,1.94,,
PNFP,2026-09-26,Financial,Banks - Regional,14350000000.0,13.04,8.3,0.53,2.76,1.02,9.94,7.6499999999999995,0.89,3.27,,23.36,15.06,21.78,12.31,15.71,14.9,20.59,0.75,0.69,0.09,,2.11,1.28,88.63,3.35,,
PNR,2026-09-26,Industrials,Specialty Industrial Machinery,8570000000.0,13.5,10.36,2.42,2.14,2.28,12.73,17.13,9.63,11.87,41.35,21.83,16.24,-5.46,11.38,4.28,13.02,6.71,0.47,0.46,1.45,0.76,2.01,0.6,100.37,3.96,,
PNW,2026-09-26,Utilities,Utilities - Regulated Electric,11120000000.0,17.59,16.56,2.51,2.0,1.58,,9.3,2.07,2.94,27.690000000000005,23.19,11.52,-6.62,17.45,6.6,0.73,8.28,2.35,2.09,0.59,0.41,4.03,0.18,110.65,8.55,,
PODD,2026-09-26,Healthcare,Medical Devices,9440000000.0,26.99,17.66,0.77,3.09,6.64,32.13,26.02,11.31,15.96,72.16,16.88,12.29,30.82,18.54,23.08,102.14,24.53,0.67,0.65,2.45,1.8,,0.43,106.89999999999999,7.36,,
POOL,2026-09-26,Industrials,Industrial Distribution,5990000000.0,15.16,13.95,2.21,1.11,4.76,19.9,31.08,10.7,14.05,29.580000000000002,10.76,7.37,2.32,7.64,6.32,3.86,6.09,1.35,1.25,2.67,0.91,2.89,3.51,111.45,9.44,,
POR,2026-09-26,Utilities,Utilities - Regulated Electric,5510000000.0,20.74,13.1,1.77,1.64,1.32,,6.45,1.95,2.76,35.09,17.28,7.670000000000001,11.31,5.33,7.4,9.83,10.15,1.26,1.26,0.98,0.86,4.63,0.53,107.34000000000002,5.49,,
POST,2026-09-26,Consumer Defensive,Packaged Foods,3220000000.0,13.43,10.16,1.63,0.38,1.04,5.81,8.29,2.24,2.74,26.33,10.29,3.4799999999999995,5.84,-5.93,6.22,244.23,7.44,2.48,2.48,1.85,0.99,,15.27,103.46,15.81,,
POWI,2026-09-26,Technology,Semiconductors,2920000000.0,116.88,28.08,0.88,6.49,4.28,36.91,3.62,3.18,3.68,53.64,7.93,5.58,12.0,32.86,31.92,-19.63,-1.91,0.0,0.0,7.07,4.7,1.6399999999999997,1.71,112.5,10.7,,
POWL,2026-09-26,Industrials,Electrical Equipment & Parts,6910000000.0,36.3,27.54,1.49,5.97,9.13,28.3,28.249999999999996,15.590000000000002,25.19,30.010000000000005,19.79,16.49,8.71,27.83,18.53,59.82,16.32,0.0,0.0,1.97,1.82,0.56,21.29,77.81,8.36,,
PPC,2026-09-26,Consumer Defensive,Packaged Foods,6620000000.0,12.16,9.8,,0.36,1.77,21.76,14.57,5.42,8.02,9.51,6.419999999999999,2.96,-54.05,19.5,-14.43,63.8,8.88,0.83,0.81,1.36,0.62,3.7800000000000002,82.17,20.86,15.04,,
PPG,2026-09-26,Basic Materials,Specialty Chemicals,23900000000.0,15.44,12.44,1.63,1.46,2.83,16.99,19.56,7.02,10.39,37.46,13.22,9.54,4.27,9.36,7.65,9.22,2.79,0.88,0.79,1.58,1.15,2.7,0.11,92.81,2.92,,
PPL,2026-09-26,Utilities,Utilities - Regulated Electric,24100000000.0,19.02,15.12,1.84,2.56,1.6,,8.63,2.85,3.63,28.720000000000002,24.09,13.459999999999999,7.84,8.56,8.21,-3.63,10.56,1.35,1.32,0.91,0.73,3.5699999999999994,0.21,93.02,4.73,,
PPLI,2026-09-26,Communication Services,Internet Content & Information,2980000000.0,7.28,35.85,,1.42,0.59,36.1,8.24,5.53,6.41,60.13,0.9199999999999999,19.79,591.43,-82.54,,,-2.84,0.28,0.27,3.69,3.69,,17.47,93.09,16.97,,
PR,2026-09-26,Energy,Oil & Gas E&P,17890000000.0,14.18,9.77,0.56,3.12,1.49,16.77,11.51,6.860000000000001,8.19,39.18,35.95,21.52,67.81,1.79,17.57,,54.23,0.26,0.26,0.62,0.62,2.99,8.95,88.44,2.66,,
PRDO,2026-09-26,Consumer Defensive,Education & Training Services,1910000000.0,11.08,9.8,,2.22,1.85,8.75,17.55,13.47,16.46,72.62,24.56,20.63,21.49,5.78,,6.75,4.24,0.05,0.04,4.69,4.68,2.03,2.62,101.47,6.67,,
PRG,2026-09-26,Industrials,Rental & Leasing Services,1300000000.0,9.06,5.89,0.31,0.49,1.62,4.08,17.18,7.23,8.67,37.08,8.5,5.57,40.05,12.85,18.83,,-0.61,1.1,1.1,7.48,3.91,1.71,3.7000000000000006,108.65,7.13,,
PRGO,2026-09-26,Healthcare,Drug Manufacturers - Specialty & Generic,2140000000.0000002,,6.43,,0.52,0.85,17.94,-48.75,-19.24,-29.22,33.32,6.419999999999999,-41.85,-20.0,9.09,-0.67,-53.83,0.8,1.37,1.36,2.32,1.32,7.490000000000001,0.44,111.3,16.39,,
PRGS,2026-09-26,Technology,Software - Infrastructure,1610000000.0,19.0,6.01,0.51,1.61,3.21,5.4,18.57,3.74,4.88,71.41,18.54,8.87,8.01,5.9,11.8,-1.14,17.2,2.62,2.61,0.81,0.81,,2.29,114.32,11.68,,
PRI,2026-09-26,Financial,Insurance - Life,8480000000.0,11.06,10.14,1.1,2.43,3.38,9.82,32.86,6.49,18.72,,31.69,22.76,10.16,7.61,9.2,19.08,8.05,0.68,0.68,2.43,,1.7399999999999998,0.54,95.74,3.94,,
PRIM,2026-09-26,Industrials,Engineering & Construction,3910000000.0,28.59,13.93,4.41,0.54,2.43,44.45,8.89,3.04,5.22,8.62,3.03,1.92,-61.79,142.79,3.16,18.37,16.75,0.8,0.66,1.18,1.15,0.44,1.1,103.24,10.22,,
PRK,2026-09-26,Financial,Banks - Regional,3280000000.0,16.27,13.66,1.97,4.33,1.9,18.3,12.590000000000002,1.68,10.82,,33.59,25.129999999999995,15.44,2.31,6.94,7.35,6.57,0.09,0.02,0.13,,2.69,2.31,53.849999999999994,4.24,,
PRKS,2026-09-26,Consumer Cyclical,Leisure,1510000000.0,13.08,9.12,1.23,0.92,,9.15,,4.97,7.54,34.87,20.67,8.11,-4.65,24.9,7.39,,30.95,,,0.48,0.36,0.63,2.77,134.35,13.01,,
PRLB,2026-09-26,Industrials,Metal Fabrication,2300000000.0,76.67,40.31,,4.11,3.33,40.64,4.49,3.9699999999999998,4.4,45.42,7.33,5.44,33.37,7.84,,-14.26,4.18,0.0,0.0,3.64,3.43,,1.51,95.35,3.2,,
PRSU,2026-09-26,Consumer Cyclical,Travel Services,1340000000.0,34.44,26.51,0.69,2.78,2.11,,7.88,4.38,5.31,34.17,16.12,8.54,126.29,2.68,38.44,,1.72,0.45,0.45,1.61,1.47,,25.989999999999995,83.24,7.06,,
PRU,2026-09-26,Financial,Insurance - Life,41210000000.0,10.82,8.03,2.03,0.64,1.31,3.76,12.61,0.51,7.09,,7.580000000000001,5.98,-0.21,3.36,3.95,,1.28,1.1,0.75,2.28,,4.69,0.21,65.63,4.39,,
PRVA,2026-09-26,Healthcare,Health Information Services,2520000000.0,91.46,47.24,1.01,1.07,3.18,19.39,3.84,2.04,3.56,9.52,1.9,1.19,43.08,61.99,46.98,-9.67,21.04,0.01,0.01,1.62,1.62,,7.109999999999999,92.97,4.13,,
PSA,2026-09-26,Real Estate,REIT - Industrial,53810000000.0,27.46,28.44,5.2,11.0,10.45,18.81,22.03,10.06,10.92,48.63,45.75,37.74,11.42,0.88,5.47,7.46,10.6,1.11,1.04,0.67,0.67,4.18,9.68,84.28,3.65,,
PSKY,2026-09-26,Communication Services,Entertainment,11170000000.0,,12.72,0.36,0.38,0.95,23.78,-4.36,-1.39,-2.27,28.57,7.85,-2.13,21.28,53.71,35.03,,2.7,1.38,1.32,1.04,0.88,2.21,19.67,29.75,9.43,,
PSMT,2026-09-26,Consumer Defensive,Discount Stores,5390000000.0,33.58,27.71,1.78,0.95,3.87,73.14,12.06,6.74,9.58,17.63,4.56,2.76,14.73,14.01,15.6,13.55,9.62,0.23,0.18,1.28,0.53,0.79,16.67,91.57,7.59,,
PSN,2026-09-26,Technology,Information Technology Services,4600000000.0,29.79,12.71,1.85,0.73,1.75,14.93,6.12,2.66,3.72,21.96,5.4,2.5,-23.18,39.18,6.86,17.69,10.18,0.63,0.61,1.66,1.66,,1.56,103.69,5.07,,
PSX,2026-09-26,Energy,Oil & Gas Refining & Marketing,102050000000.0,14.56,10.05,0.22,0.67,3.24,15.96,24.01,8.98,14.09,7.919999999999999,5.9,4.62,335.24,-9.21,44.87,,15.72,0.65,0.6,1.32,1.0,1.9900000000000002,0.13,81.26,1.7,,
PTC,2026-09-26,Technology,Software - Application,14990000000.0,13.35,15.47,2.19,5.07,4.41,16.04,35.25,19.32,24.48,82.89,39.78,41.67,2.43,8.98,7.06,40.15,13.44,0.46,0.45,1.02,1.02,,0.31,105.60000000000001,5.5,,
PTCT,2026-09-26,Healthcare,Biotechnology,5230000000.0,,23.34,,5.19,,,,-1.3,-8.39,89.0,11.57,-3.8,-83.67,111.28,-14.46,,35.37,,,3.39,3.28,,3.1400000000000006,121.11000000000001,12.05,,
PTEN,2026-09-26,Energy,Oil & Gas Drilling,4160000000.0,,39.57,,0.89,1.34,23.41,-2.79,-1.6399999999999997,-2.06,4.86,-0.71,-1.92,94.39,2304.61,,43.59,33.83,0.41,0.41,1.75,1.57,3.6699999999999995,2.45,112.61000000000001,9.21,,
PTGX,2026-09-26,Healthcare,Biotechnology,9180000000.0,136.79,,,32.55,10.9,70.3,10.98,10.34,9.77,99.45,20.69,29.4,327.82,-110.51,,-1.26,9.96,0.01,0.01,21.71,21.71,,5.39,114.66000000000001,13.3,,
PTON,2026-09-26,Consumer Cyclical,Leisure,2160000000.0,44.73,14.96,0.48,0.88,,5.72,,3.02,4.21,51.34000000000001,8.71,2.58,130.34,1.99,31.49,,-9.47,,,2.84,2.58,,6.06,90.37,14.88,,
PVH,2026-09-26,Consumer Cyclical,Apparel Manufacturing,3510000000.0,,6.08,0.93,0.39,0.73,4.9,-3.5000000000000004,-1.47,-1.97,59.03,8.55,-1.8900000000000001,6.07,3.35,6.57,,4.64,0.87,0.79,1.65,0.93,0.2,1.58,111.84,9.97,,
PWR,2026-09-26,Industrials,Engineering & Construction,97590000000.0,74.35,32.9,1.12,2.97,10.12,40.81,15.17,5.51,8.6,13.68,6.41,4.03,55.58,17.96,29.34,17.25,20.52,0.69,0.6,1.1,1.05,0.07,1.14,92.48,2.12,,
PYPL,2026-09-26,Financial,Credit Services,47080000000.0,10.4,9.5,1.65,1.37,2.39,7.15,24.5,6.03,15.62,40.86,18.94,14.27,1.45,7.52,5.76,8.84,9.24,0.72,0.58,1.29,1.29,0.62,0.12,79.62,3.43,,
PZZA,2026-09-26,Consumer Cyclical,Restaurants,643620000.0,24.54,14.47,4.26,0.33,,26.12,,3.2199999999999998,6.24,15.689999999999998,4.69,1.34,-16.51,13.13,3.4,-6.79,2.52,,,0.83,0.71,4.86,1.82,114.86000000000001,21.53,,
Q,2026-09-26,Technology,Semiconductor Equipment & Materials,26090000000.0,44.65,23.19,1.04,5.01,3.6,31.62,6.4399999999999995,4.36,5.0,42.3,21.71,11.25,35.9,18.12,22.26,,,0.62,0.61,2.01,1.5,0.19,0.2,79.54,2.14,,
QCOM,2026-09-26,Technology,Semiconductors,212120000000.0,23.38,19.91,6.79,4.81,7.72,20.36,33.75,16.5,22.9,54.230000000000004,23.5,21.01,-12.4,-3.73,2.93,2.08,13.48,0.55,0.46,2.02,1.26,1.8000000000000003,0.72,82.55,3.67,,
QDEL,2026-09-26,Healthcare,Medical Devices,750220000.0,,7.58,,0.28,0.42,,-45.91,-17.34,-23.49,37.68,-1.16,-39.21,-63.55,86.7,-4.28,,10.42,1.73,1.51,1.39,0.76,,0.9000000000000001,121.35000000000001,20.88,,
QLYS,2026-09-26,Technology,Software - Infrastructure,5970000000.0,29.87,20.36,2.51,8.46,10.63,19.0,38.59,19.92,34.02,83.56,35.04,29.28,10.79,8.14,8.11,19.39,13.07,0.09,0.08,1.38,1.38,,1.06,108.49,10.13,,
QNST,2026-09-26,Communication Services,Advertising Agencies,822620000.0,10.28,7.71,0.36,0.64,2.52,6.43,28.65,14.099999999999998,20.41,11.27,3.2799999999999994,6.280000000000001,25.2,17.61,21.18,26.73,17.47,0.24,0.23,1.22,1.22,,7.76,94.3,11.27,,
QRVO,2026-09-26,Technology,Semiconductors,10410000000.0,27.37,14.69,1.66,2.86,3.0,16.02,11.56,6.69,7.95,48.47,18.17,10.95,9.26,5.04,8.86,-10.54,-1.74,0.45,0.45,3.54,2.68,,1.21,97.15,5.85,,
QTWO,2026-09-26,Technology,Software - Application,3500000000.0,40.25,16.2,0.75,4.14,5.44,16.41,14.980000000000002,7.82,13.61,56.99000000000001,10.44,10.87,13.52,19.46,21.59,,14.56,0.06,0.05,0.8,0.8,,3.2099999999999995,109.49,8.67,,
R,2026-09-26,Industrials,Rental & Leasing Services,9030000000.0,19.36,13.29,0.76,0.7,3.14,13.15,16.6,3.03,5.4,19.35,8.18,3.82,13.57,20.76,17.59,,8.51,2.94,2.15,0.65,0.65,1.52,3.65,92.01,2.22,,
RAL,2026-09-26,Technology,Electronic Components,7750000000.0,,20.89,1.53,3.54,5.05,23.64,-53.900000000000006,-27.750000000000004,-45.95,46.87,12.61,-56.38000000000001,6.31,17.23,13.65,,,0.75,0.75,1.52,1.0,0.22,0.56,103.43,4.83,,
RAMP,2026-09-26,Technology,Software - Infrastructure,2280000000.0,15.49,9.52,,2.74,2.33,11.4,16.05,12.31,15.46,70.82,12.920000000000002,18.57,38.99,24.88,,,12.91,0.03,0.02,2.66,2.66,,4.36,101.42,13.52,,
RBA,2026-09-26,Industrials,Specialty Business Services,15270000000.0,35.39,17.26,2.08,3.15,2.74,25.22,8.08,3.93,4.68,35.06,17.81,9.0,8.43,10.23,8.3,5.57,27.23,0.75,0.71,1.31,1.22,1.6,0.22,99.91,8.68,,
RBC,2026-09-26,Industrials,Tools & Accessories,16020000000.0,50.01,30.4,2.25,8.2,4.63,41.6,9.75,6.419999999999999,7.58,41.96,25.180000000000003,16.4,20.55,11.45,13.52,20.5,25.17,0.25,0.22,2.53,0.98,,1.63,99.68,1.75,,
RCL,2026-09-26,Consumer Cyclical,Travel Services,64910000000.0,14.99,11.95,0.84,3.47,6.34,,45.34,10.58,13.7,39.09,27.089999999999996,23.54,13.65,14.27,14.28,,52.02,2.3,2.14,0.18,0.16,2.19,6.509999999999999,86.96,4.07,,
RCUS,2026-09-26,Healthcare,Biotechnology,3180000000.0,,,,27.18,6.83,,-90.82,-46.02,-81.42,92.31,-415.38000000000005,-393.16,-9.35,2.66,8.5,-7.95,26.08,0.25,0.22,3.82,3.82,,33.26,68.75,16.25,,
RDN,2026-09-26,Financial,Insurance - Specialty,4370000000.0,8.48,6.35,1.02,2.66,0.92,3.14,12.03,5.65,9.68,,51.11,32.6,9.4,6.87,6.24,15.63,-3.64,0.26,0.15,1.13,,6.370000000000001,1.92,95.61,4.27,,
RDNT,2026-09-26,Healthcare,Diagnostics & Research,5570000000.0,,79.84,1.91,2.46,5.08,76.98,-2.08,-0.55,-0.66,4.63,4.63,-0.93,31.87,72.41,41.72,3.18,13.74,1.99,1.9,1.48,1.48,,10.52,103.99000000000001,13.73,,
REG,2026-09-26,Real Estate,REIT - Retail,13410000000.0,24.71,29.26,,8.27,2.01,32.22,8.21,4.3,4.56,44.3,37.27,33.46,-11.72,0.52,-3.12,60.48,7.48,0.8,0.77,1.91,1.91,4.15,0.52,103.27,3.36,,
REGN,2026-09-26,Healthcare,Biotechnology,81130000000.0,19.48,12.87,0.83,5.22,2.57,21.58,14.04,10.83,12.85,81.46,26.87,27.860000000000003,23.02,12.35,15.59,6.33,11.04,0.09,0.06,3.34,2.78,0.44,3.7800000000000002,91.71,2.55,,
RELY,2026-09-26,Technology,Software - Infrastructure,4520000000.0,15.37,20.05,0.32,2.5,4.01,13.12,32.25,22.32,26.42,60.03000000000001,10.36,16.85,348.79,-23.43,61.98,,44.79,0.03,0.02,3.18,3.18,,8.58,85.39,9.44,,
RES,2026-09-26,Energy,Oil & Gas Equipment & Services,1290000000.0,58.28,22.99,2.06,0.72,1.17,33.13,1.95,1.47,1.87,13.8,3.1,1.2,-2.4,4.1,11.15,,22.14,0.05,0.03,3.34,2.76,2.74,50.74000000000001,42.12,11.43,,
REX,2026-09-26,Basic Materials,Chemicals,1420000000.0,11.75,,,2.07,2.11,20.73,19.77,15.49,17.63,21.89,15.22,17.56,,,,98.48,11.72,0.03,0.02,6.88,6.45,,13.54,80.59,3.39,,
REXR,2026-09-26,Real Estate,REIT - Industrial,8359999999.999999,,24.57,1.71,8.45,1.13,36.78,-4.78,-3.17,-3.6,45.94,39.41,-40.53,-238.95,227.63,14.4,11.2,24.39,0.45,0.44,1.49,1.49,4.68,0.37,107.4,4.96,,
REYN,2026-09-26,Consumer Cyclical,Packaging & Containers,4570000000.0,13.26,12.9,5.27,1.21,1.98,14.27,15.479999999999999,6.94,8.78,25.120000000000005,14.13,9.11,-1.72,4.22,2.45,-4.22,2.66,0.71,0.7,1.8,0.71,4.23,74.12,31.259999999999998,11.82,,
REZI,2026-09-26,Industrials,Industrial Distribution,2770000000.0,8.08,9.71,1.96,0.36,1.1,,15.2,4.94,6.25,27.940000000000005,8.34,4.56,1.01,-0.08,4.96,,8.06,1.3,1.27,2.22,1.41,,12.590000000000002,88.9,7.17,,
RF,2026-09-26,Financial,Banks - Regional,23530000000.0,11.23,9.68,0.93,2.47,1.35,13.23,11.9,1.39,9.51,,30.03,22.6,13.35,8.08,10.41,17.43,8.44,0.4,0.25,0.1,,4.11,0.3,87.2,6.51,,
RGA,2026-09-26,Financial,Insurance - Reinsurance,16239999999.999998,10.93,8.36,0.68,0.62,1.19,3.12,11.71,1.05,7.77,,8.8,5.8,30.08,0.62,12.25,22.91,10.18,0.42,0.42,,,1.55,0.34,100.44999999999999,1.49,,
RGEN,2026-09-26,Healthcare,Medical Instruments & Supplies,10700000000.0,258.53,71.96,2.73,13.63,5.07,97.18,1.9900000000000002,1.42,1.49,48.79,9.03,5.29,20.56,27.85,26.4,-4.91,15.05,0.33,0.32,9.05,7.64,,5.56,117.45000000000002,12.59,,
RGLD,2026-09-26,Basic Materials,Gold,21390000000.0,27.53,19.57,0.91,13.83,2.82,36884.38,13.55,11.33,9.24,66.77,62.970000000000006,47.7,42.53,23.48,21.43,17.16,15.62,0.05,0.05,2.92,2.68,0.77,0.26,84.77,2.63,,
RH,2026-09-26,Consumer Cyclical,Specialty Retail,2350000000.0,22.08,13.88,0.5,0.68,19.53,9.38,280.72,2.27,2.74,44.29,10.38,3.2300000000000004,-18.36,74.17,28.01,-8.73,3.84,34.14,32.79,1.1,0.33,,18.17,105.37999999999998,32.3,,
RHI,2026-09-26,Industrials,Staffing & Employment Services,3780000000.0,32.11,18.71,0.81,0.71,3.13,17.56,9.11,4.03,8.31,35.39,0.2,2.17,-5.36,56.64,23.2,-13.28,1.03,0.2,0.14,1.46,1.46,5.75,3.8,124.41,19.91,,
RHP,2026-09-26,Real Estate,REIT - Hotel & Motel,8289999999.999999,29.83,24.16,1.52,3.02,10.12,11.98,35.12,4.42,5.57,21.59,19.87,9.91,10.46,20.73,15.94,,37.49,5.52,5.52,0.98,0.98,3.9900000000000007,2.9,94.29,4.37,,
RITM,2026-09-26,Real Estate,REIT - Mortgage,5100000000.0,15.2,3.88,2.77,0.87,0.74,,5.44,0.95,1.04,87.93,42.32,5.72,-2.1,2.3,1.4,,31.34,4.53,4.04,0.66,0.66,10.95,0.51,61.34,5.19,,
RJF,2026-09-26,Financial,Asset Management,30750000000.0,13.94,11.19,0.69,1.81,2.42,15.65,18.46,2.57,12.98,88.12,18.58,13.55,13.98,17.62,16.12,21.52,14.17,0.46,0.4,1.98,1.98,1.34,10.53,80.87,4.38,,
RL,2026-09-26,Consumer Cyclical,Apparel Manufacturing,21260000000.0,22.51,17.0,1.38,2.54,7.82,20.38,37.54,12.76,17.95,67.69,16.67,11.76,14.05,11.0,12.35,,13.02,1.1,1.01,2.04,1.42,1.07,38.37,67.75,7.61,,
RLI,2026-09-26,Financial,Insurance - Property & Casualty,5110000000.0,11.71,20.28,,2.58,2.92,9.89,25.16,8.22,21.21,,28.660000000000004,22.17,-17.55,-4.01,-6.9,20.32,13.86,0.18,0.18,0.31,,6.63,1.42,96.09,9.3,,
RMBS,2026-09-26,Technology,Semiconductors,11410000000.0,48.13,27.77,1.14,15.08,7.78,38.08,17.79,15.560000000000002,16.17,74.46,35.95,31.69,21.54,24.69,24.26,,23.5,0.01,0.01,9.75,9.08,,0.95,93.83,5.79,,
RMD,2026-09-26,Healthcare,Medical Instruments & Supplies,32020000000.000004,21.27,16.69,1.8,5.66,4.86,19.41,24.27,17.77,21.39,60.25,34.01,26.94,8.32,9.96,9.27,26.34,12.08,0.13,0.08,3.1,2.42,1.2,0.95,72.75,9.94,,
RNG,2026-09-26,Technology,Software - Application,6360000000.0,60.66,13.62,1.11,2.46,,11.16,,7.380000000000001,16.05,72.02,7.429999999999999,4.27,15.44,11.1,12.29,,16.27,,,0.87,0.87,0.3,13.140000000000002,104.59,9.15,,
RNR,2026-09-26,Financial,Insurance - Reinsurance,13530000000.0,5.59,7.92,2.0,1.22,1.23,3.75,22.9,5.24,18.3,,40.36,23.09,11.01,-5.25,3.96,29.62,19.9,0.2,0.2,0.72,,0.5,2.31,98.2,3.69,,
RNST,2026-09-26,Financial,Banks - Regional,3690000000.0,12.09,10.27,0.4,2.35,0.95,9.36,8.21,1.17,6.73,,26.75,20.04,82.88,3.77,25.89,6.93,14.91,0.29,0.21,0.18,,2.37,2.01,91.01,5.35,,
ROCK,2026-09-26,Industrials,Building Products & Equipment,1200000000.0,,8.4,0.67,0.83,1.35,28.21,6.24,2.82,-6.67,25.45,10.94,-10.43,-1.96,25.67,12.62,,1.92,1.54,1.54,1.46,0.91,,1.43,105.93999999999998,6.6,,
ROG,2026-09-26,Technology,Electronic Components,2460000000.0,79.28,31.04,0.92,2.95,2.05,29.73,2.6,2.16,2.55,32.44,9.01,3.75,52.82,21.49,33.8,,0.2,0.02,0.02,3.99,3.03,,1.19,101.68000000000002,3.56,,
ROIV,2026-09-26,Healthcare,Biotechnology,25860000000.0,,,,3434.15,6.11,,-6.21,-5.15,-6.15,43.37,-18146.12,-3534.96,-154.96,4.98,5.61,34.68,-19.07,0.03,0.02,16.72,16.72,,27.440000000000005,76.42,6.9,,
ROK,2026-09-26,Industrials,Specialty Industrial Machinery,48210000000.0,40.69,29.24,1.78,5.37,13.8,32.06,34.47,10.76,18.94,49.18,14.45,13.36,25.62,12.25,16.44,-2.65,5.68,1.03,0.81,1.08,0.74,1.25,0.21,92.55,3.41,,
ROKU,2026-09-26,Communication Services,Entertainment,22670000000.0,65.23,39.34,0.35,4.35,8.03,44.83,13.119999999999997,8.02,11.07,45.5,5.25,6.819999999999999,391.5,33.85,113.02,,21.65,0.17,0.14,2.86,2.77,,11.85,78.3,5.79,,
ROL,2026-09-26,Consumer Cyclical,Personal Services,14450000000.0,27.26,23.23,2.45,3.68,10.11,23.34,37.01,16.27,24.28,49.06,18.91,13.55,7.42,10.39,9.5,15.44,11.72,0.78,0.53,0.59,0.54,2.48,36.01,60.92999999999999,5.92,,
ROP,2026-09-26,Technology,Software - Application,35460000000.0,14.86,14.68,1.48,4.28,1.9,13.52,13.07,7.32,8.55,69.53,27.97,30.240000000000002,11.09,9.95,9.95,9.58,10.24,0.61,0.57,0.55,0.51,1.0,0.38,106.11,5.29,,
ROST,2026-09-26,Consumer Cyclical,Apparel Retail,75430000000.0,28.53,26.21,1.79,3.08,11.19,27.03,42.63,17.45,25.35,28.64,12.72,10.85,27.98,6.49,14.63,93.97,12.67,0.7,0.56,1.61,0.98,0.76,2.14,96.36,3.03,,
RPM,2026-09-26,Basic Materials,Specialty Chemicals,12810000000.0,19.45,14.94,1.48,1.63,3.87,18.98,21.26,8.17,11.4,41.44,12.48,8.38,8.31,12.24,10.1,5.96,5.19,0.89,0.74,1.68,1.16,2.27,1.29,86.06,2.61,,
RRC,2026-09-26,Energy,Oil & Gas E&P,9020000000.0,10.65,9.82,0.6,2.76,1.92,13.26,19.45,11.72,15.16,38.0,32.08,26.280000000000005,36.01,-3.66,16.5,,10.95,0.22,0.2,0.65,0.65,1.0,1.56,102.73,9.19,,
RRR,2026-09-26,Consumer Cyclical,Resorts & Casinos,5330000000.0,17.96,17.41,0.83,2.66,17.55,27.62,90.22,4.02,4.48,51.35999999999999,28.58,8.43,47.8,7.59,20.92,,11.21,21.25,21.04,0.68,0.63,3.52,20.88,90.98,10.2,,
RRX,2026-09-26,Industrials,Specialty Industrial Machinery,10400000000.0,32.17,12.05,0.83,1.72,1.5,22.56,4.76,2.34,2.79,37.99,12.12,5.35,10.14,21.91,14.56,-1.99,15.34,0.69,0.68,2.28,1.16,0.79,0.53,110.40999999999998,5.07,,
RS,2026-09-26,Basic Materials,Steel,19770000000.0,22.52,16.47,1.08,1.25,2.67,36.65,12.21,8.25,9.58,26.450000000000003,7.88,5.65,64.51,0.25,15.21,19.85,10.16,0.27,0.26,4.3,2.27,1.28,0.45000000000000007,83.26,2.3,,
RSG,2026-09-26,Industrials,Waste Management,64950000000.0,30.04,26.24,3.19,3.85,5.39,24.48,18.15,6.38,8.5,30.260000000000005,20.02,12.94,3.64,11.07,8.24,17.78,10.32,1.19,1.14,0.64,0.62,1.2,38.37,60.96,2.62,,
RSI,2026-09-26,Consumer Cyclical,Gambling,4610000000.0,67.02,23.67,0.57,3.37,12.4,25.35,20.72,4.78,16.29,31.86,10.09,2.33,67.54,35.39,41.81,,32.43,0.08,0.06,2.12,2.12,,2.97,111.16999999999999,8.21,,
RTX,2026-09-26,Industrials,Aerospace & Defense,255270000000.0,33.35,23.97,2.08,2.73,3.85,22.38,12.02,4.54,7.76,20.35,10.68,8.28,15.2,9.03,11.5,,9.35,0.59,0.5,1.01,0.78,1.51,0.04,82.34,1.01,,
RUN,2026-09-26,Technology,Solar,1950000000.0,5.45,18.79,,0.56,0.56,,12.619999999999997,1.82,2.23,32.12,2.46,11.65,-26.02,-65.88,,,26.24,4.36,4.2,1.42,1.0,,3.51,111.92,30.6,,
RUSHA,2026-09-26,Consumer Cyclical,Auto & Truck Dealerships,5780000000.0,21.71,15.68,0.8,0.8,2.4,11.18,11.83,5.66,9.46,18.72,5.13,3.6699999999999995,13.11,24.04,19.66,19.13,9.44,0.64,0.2,1.45,0.38,1.08,22.52,83.37,7.19,,
RVTY,2026-09-26,Healthcare,Diagnostics & Research,16860000000.0,71.77,25.67,2.98,5.79,2.33,30.21,3.2099999999999995,1.94,2.38,48.19,15.45,8.18,5.84,9.9,8.61,-20.4,-5.47,0.46,0.38,1.8,1.5,0.19,0.4699999999999999,97.25,5.6,,
RXO,2026-09-26,Industrials,Trucking,3260000000.0,,31.91,,0.54,2.17,,-6.79,-3.15,-4.92,16.42,-0.22999999999999998,-1.72,416.61,389.78,,,11.33,0.48,0.42,1.27,1.27,,0.79,110.54000000000002,9.05,,
RYAN,2026-09-26,Financial,Insurance Brokers,9690000000.0,55.61,15.69,1.39,3.01,9.03,19.67,17.69,0.88,2.34,,20.48,3.07,10.25,11.73,11.3,-6.16,24.67,7.47,7.3,1.0,1.0,1.35,12.65,97.37,11.23,,
RYN,2026-09-26,Real Estate,REIT - Specialty,5650000000.0,41.91,30.7,4.82,5.83,1.08,23.27,2.02,1.38,1.07,24.22,14.940000000000001,7.829999999999999,-26.81,47.42,6.37,10.22,,0.36,0.36,3.56,2.18,5.6,2.37,94.01,4.72,,
SABR,2026-09-26,Technology,Software - Infrastructure,879810000.0,1.32,12.17,,0.31,,,,-1.76,23.97,56.18,13.63,25.14,5.1,571.77,,,15.74,,,1.02,1.02,,20.05,86.18,9.32,,
SAFE,2026-09-26,Real Estate,REIT - Diversified,868210000.0,7.58,7.32,,2.1,0.36,23.5,4.83,1.59,1.62,90.61,75.76,28.07,-1.89,3.48,-1.37,,3.63,1.94,1.94,,,5.84,31.379999999999995,66.67,7.22,,
SAFT,2026-09-26,Financial,Insurance - Property & Casualty,1520000000.0,22.27,15.33,,1.19,1.73,8.65,7.84,3.09,7.34,,6.49,5.33,-17.96,42.11,,-6.11,8.6,0.07,0.07,0.65,,3.56,2.23,76.17,3.06,,
SAH,2026-09-26,Consumer Cyclical,Auto & Truck Dealerships,2049999999.9999998,10.35,8.5,1.06,0.13,2.0,,20.62,3.44,6.61,14.66,3.29,1.37,4.83,10.51,8.02,,9.18,4.56,2.12,1.01,0.25,2.45,65.92,46.26,20.4,,
SAIA,2026-09-26,Industrials,Trucking,8650000000.0,31.27,22.81,0.97,2.55,3.16,33.88,10.77,7.739999999999999,9.37,10.75,10.75,8.19,24.59,25.26,23.49,12.85,12.16,0.1,0.09,1.58,1.58,,0.29,107.12000000000002,4.71,,
SAIC,2026-09-26,Technology,Information Technology Services,5560000000.0,15.49,11.55,1.71,0.75,3.88,8.98,25.739999999999995,7.15,9.25,12.65,7.82,5.13,0.59,6.2,6.74,16.68,0.58,1.88,1.86,1.2,1.2,1.12,0.97,86.91,5.47,,
SAM,2026-09-26,Consumer Defensive,Beverages - Brewers,1690000000.0,,15.98,4.33,0.88,2.36,8.18,-8.61,-5.55,-9.51,48.88,5.41,-3.64,-9.37,14.3,3.69,-8.62,2.47,0.04,0.03,1.05,0.81,,27.74,85.86,21.26,,
SANM,2026-09-26,Technology,Electronic Components,12050000000.0,40.23,16.13,0.43,0.94,4.71,20.28,12.7,4.12,6.51,8.98,5.49,2.41,100.3,15.15,37.5,17.69,3.15,0.95,0.85,1.78,1.06,,5.28,92.54,3.57,,
SARO,2026-09-26,Industrials,Aerospace & Defense,7530000000.0,23.41,12.76,0.35,1.19,2.73,34.39,12.3,4.86,6.15,13.489999999999998,9.75,5.12,86.36,15.25,36.02,,14.89,0.93,0.91,2.13,1.59,,26.3,89.1,9.72,,
SBAC,2026-09-26,Real Estate,REIT - Specialty,17630000000.0,17.89,19.94,,6.14,,37.33,,8.8,21.91,63.74999999999999,53.7,34.51,-21.42,8.18,-1.81,115.18,6.21,,,0.17,0.17,3.01,0.74,102.12999999999998,3.6,,
SBCF,2026-09-26,Financial,Banks - Regional,3200000000.0,21.02,11.92,0.7,3.1,1.17,15.3,5.85,0.84,3.89,,24.52,14.429999999999998,38.67,8.63,17.04,1.78,21.99,0.43,0.31,0.04,,2.32,1.8500000000000003,91.49,5.46,,
SBH,2026-09-26,Consumer Cyclical,Specialty Retail,1610000000.0,8.93,7.67,0.93,0.43,1.85,6.67,23.53,6.83,8.66,52.06000000000001,8.55,5.16,8.74,8.42,8.25,13.82,1.04,1.74,1.55,2.37,0.57,,1.37,122.63999999999999,21.55,,
SBRA,2026-09-26,Real Estate,REIT - Healthcare Facilities,5070000000.0,76.32,25.93,3.01,5.91,1.84,13.4,2.4,1.21,1.21,37.4,18.8,7.62,-26.49,62.74,8.62,-0.96,5.48,0.96,0.96,2.05,2.05,6.05,1.83,104.45,8.38,,
SBSI,2026-09-26,Financial,Banks - Regional,926730000.0,12.24,9.61,0.65,2.15,1.05,7.32,8.99,0.89,6.87,,21.26,17.64,42.29,-1.58,14.76,-1.5,8.27,1.86,0.25,0.16,,4.64,5.02,57.43000000000001,3.12,,
SBUX,2026-09-26,Consumer Cyclical,Restaurants,108140000000.0,54.7,30.13,1.46,2.82,,29.69,,6.4,16.54,16.53,10.01,5.17,22.72,20.43,20.68,15.7,9.59,,,0.76,0.54,2.66,0.21,87.93,3.51,,
SCHL,2026-09-26,Communication Services,Publishing,613510000.0,23.26,13.4,,0.39,0.81,245.4,7.380000000000001,3.01,5.06,52.99,1.46,3.6000000000000005,-24.6,71.28,,,4.0,0.31,0.56,1.23,0.78,3.09,25.56,92.09,13.31,,
SCHW,2026-09-26,Financial,Capital Markets,171260000000.0,18.01,12.53,0.53,5.83,3.9,,20.27,2.07,13.96,85.03,49.7,33.1,33.39,21.65,23.7,17.02,17.98,0.74,0.44,1.16,1.16,1.28,5.73,85.59,1.18,,
SCI,2026-09-26,Consumer Cyclical,Personal Services,10610000000.0,20.31,16.93,1.73,2.43,6.92,19.82,34.71,2.89,8.09,26.030000000000005,22.42,12.3,8.84,9.73,9.76,5.7,4.18,3.45,3.32,0.53,0.49,1.8000000000000003,2.06,97.38,3.55,,
SCL,2026-09-26,Basic Materials,Specialty Chemicals,1470000000.0,,17.49,,0.6,1.21,40.1,-0.22,-0.11,-0.18,11.81,3.32,-0.11,47.8,37.17,,-17.78,4.52,0.58,0.24,1.15,0.77,2.45,5.0,88.19,3.09,,
SCSC,2026-09-26,Technology,Electronics & Computer Distribution,1170000000.0,15.96,10.24,,0.36,1.29,10.32,8.68,4.2,7.78,12.85,3.18,2.44,14.09,17.67,,15.37,0.47,0.12,0.11,1.76,1.15,,2.97,108.50999999999999,5.3,,
SDGR,2026-09-26,Healthcare,Health Information Services,2160000000.0,,,,8.33,6.56,,-16.18,-8.18,-12.92,56.87,-59.24,-20.98,-13.66,11.6,13.73,-28.1,18.81,0.33,0.28,2.71,2.71,,15.39,84.3,17.65,,
SEDG,2026-09-26,Technology,Solar,2009999999.9999998,,38.52,,1.51,4.88,22.34,-58.42,-11.28,-33.54,22.08,-9.97,-20.29,84.68,332.65,,,-4.09,0.99,0.96,2.03,1.38,,1.73,96.8,19.68,,
SEIC,2026-09-26,Financial,Asset Management,12680000000.0,18.65,15.0,0.96,5.17,5.07,18.67,29.220000000000002,23.76,27.68,85.33,29.48,28.809999999999995,23.83,10.87,15.66,13.4,6.44,0.03,0.02,5.06,5.06,0.98,18.34,76.46,2.38,,
SEZL,2026-09-26,Financial,Credit Services,3750000000.0,24.22,16.68,0.55,7.05,16.09,11.45,88.84,40.0,45.5,74.65,40.39,30.349999999999998,46.12,27.26,30.32,,50.26,0.52,0.52,4.02,4.02,,45.46,44.63,25.11,,
SF,2026-09-26,Financial,Capital Markets,10620000000.0,12.59,9.37,0.63,1.59,2.0,14.46,16.43,2.25,12.04,87.47,21.25,13.699999999999998,23.58,15.07,14.85,7.16,10.65,0.51,0.32,1.49,1.49,1.9299999999999997,3.55,92.47,3.23,,
SFBS,2026-09-26,Financial,Banks - Regional,4520000000.0,14.09,11.43,,4.36,2.28,9.73,17.34,1.8000000000000003,15.74,,38.08,30.95,22.76,12.11,,10.1,19.54,0.83,0.03,0.1,,1.8399999999999999,6.54,74.57,5.55,,
SFM,2026-09-26,Consumer Defensive,Grocery Stores,5830000000.0,11.97,10.47,1.44,0.65,3.9,16.41,35.2,12.39,14.68,36.89,7.490000000000001,5.58,4.63,7.4,7.25,16.89,6.36,1.4,1.28,0.99,0.43,,0.73,112.45,12.58,,
SFNC,2026-09-26,Financial,Banks - Regional,3360000000.0,,10.09,0.8,5.44,0.96,6.76,-9.94,-1.36,-9.09,,-74.6,-56.67,18.66,12.11,12.68,,-8.92,0.38,0.1,0.13,,3.7000000000000006,1.31,82.24,4.42,,
SGI,2026-09-26,Consumer Cyclical,"Furnishings, Fixtures & Appliances",14720000000.0,25.5,16.55,0.78,1.93,4.16,19.15,17.57,4.64,5.85,44.65,13.52,7.000000000000001,14.74,24.72,21.29,-9.69,8.68,1.99,1.82,0.75,0.37,1.06,3.47,97.56,8.16,,
SHAK,2026-09-26,Consumer Cyclical,Restaurants,2380000000.0,58.55,39.58,3.3,1.53,4.12,,7.6499999999999995,2.13,2.79,17.85,5.45,2.56,-14.15,23.85,12.0,,22.55,1.75,1.61,1.67,1.64,,4.81,91.19,9.47,,
SHC,2026-09-26,Healthcare,Diagnostics & Research,5230000000.0,32.25,17.06,1.51,4.3,7.86,47.68,27.779999999999998,5.01,5.62,53.97,36.9,13.44,14.49,9.16,11.33,,7.3,3.41,3.37,2.8,2.53,0.05,2.1,103.24,4.39,,
SHEN,2026-09-26,Communication Services,Telecom Services,651090000.0,,,,1.77,0.76,,-5.09,-2.37,-2.83,28.71,-4.49,-12.23,-24.08,26.28,17.41,,10.14,0.85,0.84,0.81,0.81,0.9399999999999998,11.29,65.76,6.73,,
SHO,2026-09-26,Real Estate,REIT - Hotel & Motel,2080000000.0,49.87,49.26,0.53,2.07,1.27,21.22,2.74,1.7500000000000002,1.85,19.63,9.72,4.18,641.35,-23.39,93.54,,29.08,0.52,0.52,6.54,6.54,3.2199999999999998,1.49,106.12000000000002,8.49,,
SHOO,2026-09-26,Consumer Cyclical,Footwear & Accessories,3300000000.0,22.59,16.22,0.57,1.2,3.51,14.7,16.16,7.68,11.39,44.75,9.03,5.23,29.64,26.04,28.29,,16.09,0.4,0.34,1.91,1.13,1.26,2.32,101.48000000000002,5.1,,
SHW,2026-09-26,Basic Materials,Specialty Chemicals,79890000000.0,30.34,24.23,2.48,3.27,20.73,24.86,65.12,10.28,18.41,48.26,16.53,11.01,5.92,12.2,9.76,6.86,5.12,3.9,2.79,0.73,0.46,0.9000000000000001,6.45,86.14,2.83,,
SIG,2026-09-26,Consumer Cyclical,Luxury Goods,3810000000.0,11.78,7.44,0.46,0.56,2.16,7.11,19.85,6.47,12.74,38.9,7.44,5.19,22.08,17.25,16.34,,5.45,0.67,0.51,1.62,0.44,1.35,2.06,118.52000000000001,15.95,,
SIGI,2026-09-26,Financial,Insurance - Property & Casualty,5130000000.0,10.68,9.87,1.27,0.94,1.48,4.17,14.150000000000002,3.5900000000000003,10.9,,12.710000000000003,8.9,9.85,7.66,7.76,12.88,12.77,0.25,0.25,0.39,,2.07,0.86,89.36,2.55,,
SIRI,2026-09-26,Communication Services,Entertainment,8710000000.0,10.18,7.87,0.47,1.01,0.73,5.63,7.57,3.2300000000000004,4.12,40.4,22.53,10.23,33.64,10.28,16.85,50.12,1.26,0.79,0.79,0.46,0.46,4.18,7.68,84.17,11.88,,
SITM,2026-09-26,Technology,Semiconductors,19920000000.0,1342.26,44.38,0.53,42.57,17.13,235.71,1.33,0.75,0.6,58.709999999999994,0.19,3.01,250.72,32.96,84.39,-24.12,22.97,1.29,1.29,19.45,18.5,,24.93,76.25,5.36,,
SJM,2026-09-26,Consumer Defensive,Packaged Foods,12930000000.0,56.74,11.04,1.31,1.41,2.25,8.14,3.93,1.35,1.86,35.28,18.69,2.51,18.41,1.2,8.45,,2.49,1.21,1.14,0.87,0.35,3.7000000000000006,2.23,89.86,4.53,,
SKT,2026-09-26,Real Estate,REIT - Retail,3990000000.0,31.82,31.12,11.03,6.52,5.92,20.28,19.26,4.75,5.54,43.48,30.2,20.59,3.08,9.37,2.82,,8.15,2.9,2.38,0.62,0.62,3.56,2.47,94.75,6.1,,
SKY,2026-09-26,Consumer Cyclical,Residential Construction,4760000000.0,25.67,20.57,1.89,1.78,3.03,17.97,12.18,8.91,12.06,25.47,8.93,7.16,-9.65,22.58,10.89,19.72,13.39,0.08,0.01,2.74,1.97,,1.32,111.18,5.42,,
SKYW,2026-09-26,Industrials,Airlines,3970000000.0,10.17,8.37,0.89,0.95,1.44,13.98,15.340000000000002,5.62,9.17,22.12,14.029999999999998,9.78,4.84,12.63,9.42,,13.79,0.86,0.62,0.57,0.46,,1.96,94.93,4.74,,
SLAB,2026-09-26,Technology,Semiconductors,7380000000.0,,49.09,,8.63,6.74,,-3.63,-3.16,-3.57,59.099999999999994,-2.63,-4.57,216.0,55.03,,,8.96,0.0,0.0,5.41,4.41,,2.21,93.1,7.97,,
SLB,2026-09-26,Energy,Oil & Gas Equipment & Services,76490000000.0,25.02,16.07,1.9,2.11,2.93,15.92,13.37,5.95,8.33,16.81,13.98,8.54,-15.42,29.41,8.48,,8.62,0.49,0.43,1.44,1.05,2.28,0.19,93.74,4.09,,
SLG,2026-09-26,Real Estate,REIT - Office,3900000000.0,,,,3.7,1.22,47.29,-4.43,-1.46,-1.78,33.59,11.15,-18.25,-23.86,27.92,9.56,,-0.4,1.75,1.62,1.0,1.0,4.87,7.470000000000001,94.98,16.03,,
SLGN,2026-09-26,Consumer Cyclical,Packaging & Containers,3800000000.0,14.11,8.77,1.47,0.57,1.59,11.07,11.75,2.84,4.48,17.07,9.59,4.05,2.66,7.21,5.95,-0.52,5.66,2.03,1.54,1.27,0.8,2.34,10.71,91.86,9.28,,
SLM,2026-09-26,Financial,Credit Services,4450000000.0,6.62,7.05,2.32,1.44,2.0,,30.329999999999995,2.53,8.84,73.55,42.43,23.39,-9.87,7.68,3.04,8.97,6.5,2.36,2.36,14.47,14.47,1.94,2.15,111.79999999999998,9.76,,
SLVM,2026-09-26,Basic Materials,Paper & Paper Products,1430000000.0,19.05,6.89,0.34,0.43,1.5,,7.9399999999999995,2.74,4.12,15.2,5.82,2.31,-56.78,240.92,20.39,-3.39,2.18,1.08,0.93,1.47,0.8,5.01,17.26,84.37,8.84,,
SM,2026-09-26,Energy,Oil & Gas E&P,8070000000.0,6.68,4.37,0.36,1.47,1.03,10.64,16.13,7.180000000000001,6.93,42.41,37.43,18.2,37.22,4.44,12.24,,22.86,0.9,0.85,0.62,0.62,2.86,0.96,98.24,5.72,,
SMCI,2026-09-26,Technology,Computer Hardware,28420000000.0,13.16,8.09,0.44,0.73,2.77,,21.26,10.0,10.2,10.82,7.090000000000001,5.62,19.5,23.28,18.32,73.16,61.48,0.64,0.5,3.87,2.07,,12.86,71.57,16.62,,
SMG,2026-09-26,Basic Materials,Agricultural Inputs,2960000000.0,44.53,10.55,0.91,0.88,,11.25,,5.35,3.81,32.31,15.03,2.19,18.23,9.04,11.66,-18.33,-3.75,,,1.21,0.78,5.25,23.52,87.24,10.63,,
SMP,2026-09-26,Consumer Cyclical,Auto Parts,842010000.0,16.89,7.72,0.94,0.46,1.17,9.65,12.67,4.38,3.81,31.480000000000004,11.02,2.78,5.47,15.17,8.18,-6.07,9.68,0.97,0.87,2.0,0.8,3.45,5.32,83.75,5.32,,
SMPL,2026-09-26,Consumer Defensive,Packaged Foods,849220000.0,,5.67,,0.61,0.6,7.11,-12.2,-8.85,-10.69,31.46,13.79,-14.279999999999998,-14.26,2.84,-2.27,8.87,12.18,0.32,0.31,4.8,3.1,,9.58,98.01,9.54,,
SMTC,2026-09-26,Technology,Semiconductors,17010000000.000002,121.18,31.24,0.46,14.49,22.72,93.47,23.66,10.09,13.69,51.96999999999999,12.35,13.119999999999997,103.38,67.81,67.94,,12.03,0.7,0.5,1.7,1.31,,0.52,102.49,7.36,,
SN,2026-09-26,Consumer Cyclical,"Furnishings, Fixtures & Appliances",25040000000.0,36.32,23.42,1.38,3.62,8.81,31.12,27.529999999999998,13.720000000000002,18.7,48.56,13.88,10.06,24.38,15.56,16.96,15.96,18.37,0.32,0.31,2.08,1.45,,38.69,66.06,8.08,,
SNA,2026-09-26,Industrials,Tools & Accessories,19100000000.0,18.83,17.33,3.08,3.62,3.16,17.23,17.58,12.27,14.76,51.82,25.45,19.6,3.17,7.58,5.63,10.89,5.52,0.22,0.16,3.43,2.64,2.72,2.39,100.81,7.13,,
SNDK,2026-09-26,Technology,Computer Hardware,260300000000.0,24.39,6.81,0.12,12.86,16.49,22.65,91.64,64.43,71.85,71.47,61.58,56.46,199.85,22.77,54.54,,,0.01,0.01,2.29,1.81,,1.31,81.88,3.89,,
SNDR,2026-09-26,Industrials,Trucking,5480000000.0,49.27,18.29,0.33,0.94,1.79,26.36,3.6799999999999997,2.24,3.24,5.22,3.06,1.92,68.95,60.56,54.99,-13.15,4.5,0.13,0.13,2.03,1.94,1.28,70.26,40.01,11.46,,
SNEX,2026-09-26,Financial,Capital Markets,8060000000.000001,17.31,15.1,0.72,0.05,4.23,1.09,21.15,1.16,10.43,2.95,1.6500000000000001,0.32,66.74,1.37,20.96,8.97,19.58,7.05,0.72,0.78,0.76,,11.86,84.0,4.5,,
SNPS,2026-09-26,Technology,Software - Infrastructure,81590000000.0,75.21,23.88,1.34,8.67,2.62,29.69,3.66,2.24,2.64,62.88,12.1,11.44,17.25,17.79,17.83,13.58,13.86,0.35,0.31,1.33,1.23,,5.02,90.51,3.14,,
SNX,2026-09-26,Technology,Electronics & Computer Distribution,21030000000.0,16.02,10.95,0.37,0.28,2.24,,14.84,3.58,10.22,6.36,2.7,1.7399999999999998,57.87,15.4,29.58,-0.52,25.63,0.59,0.39,1.19,0.64,0.73,7.84,93.59,2.13,,
SO,2026-09-26,Utilities,Utilities - Regulated Electric,95340000000.0,20.0,16.82,2.17,3.16,2.41,,12.659999999999998,3.0,4.25,29.220000000000002,24.18,15.43,6.78,7.3,7.75,6.75,7.86,1.95,1.77,0.79,0.58,3.6699999999999995,0.12,74.5,2.52,,
SOLS,2026-09-26,Basic Materials,Specialty Chemicals,9000000000.0,42.99,16.86,0.46,2.2,5.67,,,,5.73,30.620000000000005,16.9,5.13,93.89,16.28,36.54,,,1.53,1.31,1.46,1.08,0.53,0.13,84.68,3.27,,
SOLV,2026-09-26,Healthcare,Medical Instruments & Supplies,15240000000.0,10.94,12.25,1.25,1.83,3.17,,33.96,9.78,14.97,55.21,8.48,17.26,17.19,2.0,9.84,1.23,0.47,1.1,1.0,1.02,0.74,,15.06,76.62,3.36,,
SON,2026-09-26,Consumer Cyclical,Packaging & Containers,4950000000.0,7.72,7.91,1.13,0.66,1.38,13.95,18.93,5.62,8.83,20.87,9.96,8.67,1.76,8.87,6.99,14.2,7.46,1.33,1.05,0.99,0.55,4.28,1.3,100.24,11.19,,
SONO,2026-09-26,Technology,Consumer Electronics,2150000000.0,40.84,69.9,,1.44,5.47,17.29,14.180000000000001,6.63,12.54,46.52,6.280000000000001,3.82,225.49,-59.38,,-22.55,1.7,0.14,0.12,1.61,1.18,,1.76,102.05,8.01,,
SPG,2026-09-26,Real Estate,REIT - Retail,66269999999.99999,38.87,29.25,,9.55,15.08,18.28,135.38,12.770000000000001,15.48,57.24,47.39,25.290000000000003,-52.68,4.44,-19.27,6.99,6.7,6.64,5.79,0.51,0.51,4.39,0.98,96.68,3.08,,
SPGI,2026-09-26,Financial,Financial Data & Stock Exchanges,118890000000.0,24.56,19.91,1.83,7.38,3.77,21.33,15.17,7.980000000000001,11.05,63.43,44.58,30.53,5.99,13.3,10.9,8.69,15.56,0.5,0.41,0.95,0.95,0.96,0.25,91.18,2.24,,
SPHR,2026-09-26,Communication Services,Entertainment,5070000000.0,,,,3.74,2.28,14.12,-3.38,-1.87,-2.5,29.4,-1.52,-5.66,-417.97,10.85,,-1.7,9.84,0.41,0.38,1.21,1.18,,24.75,102.08,23.88,,
SPNT,2026-09-26,Financial,Insurance - Reinsurance,2950000000.0,6.2,9.11,1.72,0.91,1.29,12.21,23.08,5.15,17.0,,21.03,15.229999999999999,1.31,7.8,5.31,19.84,29.83,0.31,0.31,0.7,,,16.11,84.04,5.52,,
SPSC,2026-09-26,Technology,Software - Application,2930000000.0,39.24,15.27,1.25,3.79,3.14,14.73,8.26,6.94,8.27,64.93,15.83,10.1,14.85,8.58,12.23,14.36,19.17,0.01,0.01,1.82,1.82,,2.32,108.91,9.23,,
SPXC,2026-09-26,Industrials,Building Products & Equipment,8650000000.0,30.28,17.77,1.11,3.5,3.68,28.52,14.679999999999998,7.870000000000001,9.96,36.5,17.42,11.58,24.36,15.65,16.02,17.66,14.96,0.26,0.23,1.82,1.21,,3.25,95.57,3.1,,
SR,2026-09-26,Utilities,Utilities - Regulated Gas,4560000000.0,8.6,14.07,1.21,1.8,1.27,,6.5,1.8000000000000003,5.87,28.689999999999998,19.71,20.93,-9.58,36.66,11.65,24.93,5.94,2.03,1.61,0.37,0.27,4.27,2.35,91.78,5.04,,
SRE,2026-09-26,Utilities,Utilities - Diversified,50960000000.0,22.58,14.09,1.66,3.83,1.56,,7.08,2.12,3.58,31.22,25.31,16.99,9.11,8.05,8.5,-15.67,3.85,1.12,0.95,1.64,1.62,3.38,0.11,94.42,1.68,,
SRPT,2026-09-26,Healthcare,Biotechnology,1970000000.0,,24.04,,1.0,1.29,30.44,-18.45,-7.75,-10.34,56.58,-3.15,-13.48,146.29,-76.47,,-0.05,32.41,0.68,0.68,4.42,2.62,,4.91,106.11,25.32,,
SSB,2026-09-26,Financial,Banks - Regional,9940000000.0,10.76,9.98,0.73,2.62,1.09,75.71,10.6,1.41,8.94,,33.04,25.06,20.1,8.63,13.64,29.14,26.55,0.23,0.16,0.09,,2.41,1.28,89.36,3.2,,
SSD,2026-09-26,Basic Materials,Lumber & Wood Production,7240000000.0,19.28,18.12,2.05,2.99,3.4,15.51,18.72,12.41,15.0,45.2,19.79,15.65,11.92,5.68,8.83,14.09,12.97,0.21,0.19,3.29,2.14,0.67,0.37,100.68,2.66,,
ST,2026-09-26,Technology,Scientific & Technical Instruments,6140000000.0,69.68,10.31,1.13,1.63,2.08,10.48,3.08,1.3,1.66,27.38,14.24,2.39,10.1,8.72,9.09,-27.19,4.05,0.83,0.83,2.29,1.58,1.2,1.07,107.23,4.59,,
STAA,2026-09-26,Healthcare,Medical Instruments & Supplies,1030000000.0,308.42,38.0,,3.03,2.81,,1.09,0.84,0.97,74.76,18.0,1.13,128.39,90.11,,,7.93,0.1,0.08,4.66,4.03,,39.53,73.0,15.27,,
STAG,2026-09-26,Real Estate,REIT - Industrial,7090000000.0,28.22,33.35,,8.06,1.95,73.62,6.98,3.45,3.46,43.86,37.58,28.03,-24.84,0.51,-9.16,2.07,11.82,0.96,0.96,1.78,1.78,4.2,0.14,94.88,4.0,,
STBA,2026-09-26,Financial,Banks - Regional,1760000000.0,13.26,12.46,2.78,3.06,1.25,12.18,9.87,1.42,9.51,,30.65,24.53,13.02,1.38,4.48,45.61,8.41,0.2,0.05,0.05,,2.94,1.46,74.51,6.17,,
STC,2026-09-26,Financial,Insurance - Property & Casualty,1810000000.0,12.98,8.43,0.73,0.55,1.08,12.05,8.69,4.44,5.53,,6.65,4.12,11.62,28.65,11.55,-8.24,5.01,0.46,0.46,1.15,,3.55,2.05,98.39,4.05,,
STE,2026-09-26,Healthcare,Medical Devices,20370000000.0,25.54,17.06,1.74,3.37,2.83,22.01,11.37,7.62,8.97,45.0,19.61,13.34,10.19,9.3,9.81,11.37,13.82,0.28,0.24,1.91,1.35,1.28,0.34,100.01,2.87,,
STEP,2026-09-26,Financial,Asset Management,5350000000.0,,13.07,0.65,2.61,,11.61,-750.11,-9.77,-60.35,63.96000000000001,-53.39,-29.880000000000003,14.25,37.51,20.07,,20.01,,,0.2,0.2,4.1,6.65,97.02,6.95,,
STLD,2026-09-26,Basic Materials,Steel,33490000000.000004,21.2,11.64,0.36,1.63,3.56,35.05,17.58,9.84,11.82,14.510000000000002,10.01,7.829999999999999,115.86,16.35,32.2,25.23,13.61,0.44,0.44,3.18,1.45,0.91,6.79,86.0,2.83,,
STRA,2026-09-26,Consumer Defensive,Education & Training Services,1710000000.0,12.81,9.1,0.53,1.33,1.04,10.12,8.15,6.47,7.79,49.06,15.7,10.46,16.61,17.21,17.17,7.47,4.3,0.07,0.06,1.07,1.07,3.2,3.81,108.80000000000001,7.36,,
STRL,2026-09-26,Industrials,Engineering & Construction,15670000000.0,36.91,20.21,0.49,4.56,11.58,32.51,38.54,16.11,25.92,23.0,18.27,12.55,81.98,28.03,41.12,44.26,11.77,0.25,0.23,1.11,1.11,,2.54,87.62,4.03,,
STT,2026-09-26,Financial,Asset Management,49810000000.0,15.99,11.88,0.65,2.29,2.02,,12.43,0.8699999999999999,6.4,,20.24,14.78,32.21,11.86,18.22,8.26,14.1,1.08,0.91,4.29,,1.94,0.42,94.69,1.92,,
STWD,2026-09-26,Real Estate,REIT - Mortgage,5320000000.0,24.12,7.57,1.31,2.62,0.82,7.3,3.38,0.35,0.76,82.98,73.33,10.77,-10.06,24.81,5.77,-0.11,10.58,3.65,3.44,0.39,0.39,13.37,5.81,52.68999999999999,5.49,,
STX,2026-09-26,Technology,Computer Hardware,208480000000.0,66.08,16.08,0.22,17.1,95.95,67.14,371.53,35.39,54.52,45.58,34.65,26.11,132.07,57.7,72.56,20.99,2.69,1.8,1.69,1.67,1.17,0.33,0.38,85.95,4.03,,
STZ,2026-09-26,Consumer Defensive,Beverages - Brewers,19410000000.0,10.84,,,2.14,2.36,10.58,23.51,8.22,10.51,50.6,30.29,20.15,-0.77,,3.35,0.84,1.19,1.28,1.1,0.91,0.48,3.64,12.44,86.65,5.7,,
SUPN,2026-09-26,Healthcare,Drug Manufacturers - Specialty & Generic,2480000000.0,,9.57,0.51,2.99,2.41,132.19,-10.49,-7.82,-10.36,75.83,-7.73,-13.23,-20.71,73.88,18.63,,6.68,0.04,0.03,2.08,1.84,,6.34,102.75000000000001,9.15,,
SW,2026-09-26,Consumer Cyclical,Packaging & Containers,24270000000.0,49.35,13.28,0.54,0.77,1.35,23.1,2.74,1.09,1.59,17.93,5.76,1.59,8.31,57.4,24.51,-12.44,26.24,0.79,0.73,1.45,0.96,3.95,0.4699999999999999,99.79,4.59,,
SWK,2026-09-26,Industrials,Tools & Accessories,13800000000.0,22.29,14.32,0.93,0.91,1.54,10.71,6.890000000000001,2.91,4.54,31.47,9.15,4.07,19.78,14.13,15.45,-18.72,2.99,0.53,0.53,1.43,0.55,3.6799999999999997,0.3,100.14,4.75,,
SWKS,2026-09-26,Technology,Semiconductors,13440000000.0,46.28,18.01,,3.35,2.34,31.04,5.09,3.83,4.54,40.71,8.7,7.23,-15.0,-1.57,-0.69,-8.5,4.02,0.12,0.11,3.1,1.94,2.78,0.4,123.99,21.83,,
SWX,2026-09-26,Utilities,Utilities - Regulated Gas,5970000000.0,11.51,16.71,0.96,3.43,1.45,,6.59,2.27,6.89,34.19,28.68,29.830000000000002,16.58,15.94,17.33,7.97,-10.07,0.85,0.83,1.12,0.99,3.09,0.66,93.82,3.07,,
SXI,2026-09-26,Industrials,Specialty Industrial Machinery,3440000000.0,32.32,23.62,,3.86,4.47,53.46,14.29,6.65,7.99,41.65,17.13,11.74,13.96,19.1,,23.85,6.32,0.75,0.73,2.4,1.84,0.49,1.81,104.21000000000001,5.57,,
SXT,2026-09-26,Basic Materials,Specialty Chemicals,5500000000.0,34.93,26.06,1.19,3.23,4.37,1227.67,13.07,6.9,7.81,34.65,14.05,9.27,20.17,18.58,21.86,4.08,3.89,0.61,0.61,4.39,1.72,1.3,1.28,99.78,3.69,,
SYF,2026-09-26,Financial,Credit Services,23730000000.0,7.48,7.03,0.8,1.25,1.56,2.45,20.79,2.9,12.14,81.4,28.54,18.12,0.79,10.98,8.81,32.48,8.31,0.97,0.72,3.72,3.72,1.76,0.53,109.92,5.82,,
SYK,2026-09-26,Healthcare,Medical Devices,104470000000.0,28.22,16.28,1.49,4.04,4.36,22.22,16.51,7.91,9.68,62.970000000000006,24.27,14.429999999999998,9.98,11.58,10.95,14.84,11.84,0.64,0.61,2.16,1.33,1.3,5.89,82.39,2.13,,
SYNA,2026-09-26,Technology,Semiconductors,4080000000.0,,15.62,1.15,3.41,4.32,40.21,-42.23,-20.95,-36.15,45.52,-2.93,-41.0,14.41,25.53,13.53,,-2.22,0.94,0.46,1.12,0.9,,0.89,105.79,6.52,,
SYY,2026-09-26,Consumer Defensive,Food Distribution,38600000000.0,21.47,14.52,1.79,0.46,14.08,19.92,78.11,6.370000000000001,10.8,18.37,4.17,2.08,9.88,6.68,8.1,29.06,10.51,5.61,5.1,1.28,0.77,2.82,0.24,88.75,2.5,,
T,2026-09-26,Communication Services,Telecom Services,173910000000.0,8.39,9.9,0.87,1.37,1.58,9.85,20.05,5.19,8.17,43.71,21.23,16.83,10.45,9.47,11.33,,-6.06,1.47,1.39,0.87,0.83,4.37,0.12,69.23,1.91,,
TALO,2026-09-26,Energy,Oil & Gas E&P,2750000000.0,,17.05,,1.39,1.35,8.5,-17.8,-7.13,-12.09,15.839999999999998,6.280000000000001,-20.46,254.4,-25.51,,16.33,25.32,0.66,0.65,1.61,1.61,,24.49,75.15,7.37,,
TAP,2026-09-26,Consumer Defensive,Beverages - Brewers,6780000000.0,,7.41,,0.61,0.63,5.12,-19.58,-9.01,-14.46,33.76,12.02,-20.81,-13.15,2.99,-1.8,-19.68,2.91,0.78,0.58,0.88,0.72,5.36,15.229999999999999,108.09,19.96,,
TBBK,2026-09-26,Financial,Banks - Regional,2060000000.0,9.51,6.32,,2.47,2.94,12.9,29.630000000000003,2.57,25.22,,37.46,27.72,21.68,33.63,,29.1,23.92,1.36,0.3,0.02,,,5.95,99.05,7.41,,
TCBI,2026-09-26,Financial,Banks - Regional,4170000000.0,12.46,11.64,1.1,2.05,1.24,8.85,10.19,1.11,8.79,,23.39,17.05,8.38,11.84,10.55,43.43,10.06,0.23,0.14,0.48,,0.63,2.42,107.59999999999998,10.88,,
TDC,2026-09-26,Technology,Software - Infrastructure,2690000000.0,6.09,9.94,1.26,1.59,4.56,3.66,119.12,26.979999999999997,71.12,61.21,7.919999999999999,27.08,4.99,7.5,7.87,3.09,-1.96,0.17,0.09,0.91,0.91,,3.27,132.32,17.13,,
TDG,2026-09-26,Industrials,Aerospace & Defense,61700000000.0,33.85,23.12,1.64,6.16,,32.02,,7.73,8.38,57.38999999999999,46.67,19.09,10.16,17.42,14.11,31.12,11.58,,,3.02,2.01,0.02,1.24,97.29,1.95,,
TDS,2026-09-26,Communication Services,Telecom Services,3860000000.0,13.17,165.8,,3.07,1.01,,10.56,4.9,6.06,31.03,-2.69,25.230000000000004,669.37,-94.16,,,-25.14,0.24,0.23,3.82,3.81,0.45999999999999996,13.3,93.05,5.99,,
TDW,2026-09-26,Energy,Oil & Gas Equipment & Services,4219999999.9999995,17.13,13.8,3.29,3.13,3.03,16.62,19.49,11.12,12.1,28.360000000000003,17.77,18.34,-56.74,113.76,4.19,,27.78,0.47,0.46,3.58,3.47,0.22999999999999998,5.92,115.53999999999999,12.95,,
TDY,2026-09-26,Technology,Scientific & Technical Instruments,28470000000.0,29.67,22.94,2.45,4.47,2.61,24.93,9.16,6.41,7.53,39.82,19.43,15.299999999999999,12.46,8.23,9.35,12.23,14.84,0.19,0.19,2.18,1.39,,0.8500000000000001,99.64,1.95,,
TECH,2026-09-26,Healthcare,Biotechnology,11390000000.0,62.68,31.03,2.68,9.37,5.38,43.26,9.03,6.950000000000001,7.63,66.03,22.42,14.97,6.09,14.29,11.56,5.97,5.47,0.14,0.13,4.55,3.35,0.44,0.54,113.84999999999998,4.25,,
TEL,2026-09-26,Technology,Electronic Components,63280000000.0,21.43,16.82,0.93,3.28,4.78,19.09,23.55,11.85,16.06,36.85,21.23,15.61,30.67,13.53,18.02,,7.24,0.43,0.42,1.88,1.23,1.3,0.11,97.98,2.88,,
TER,2026-09-26,Technology,Semiconductor Equipment & Materials,62280000000.0,54.66,33.95,0.59,13.96,18.12,77.86,36.66,26.479999999999997,32.68,59.06,30.879999999999995,25.77,132.78,27.28,57.45,-4.13,0.43,0.03,0.02,2.12,1.39,0.13,0.73,99.87,5.22,,
TEX,2026-09-26,Industrials,Farm & Heavy Construction Machinery,6550000000.0,29.74,9.59,0.83,0.98,1.32,19.33,4.21,1.76,1.91,16.25,7.04,2.17,2.27,18.57,11.52,93.56,12.0,0.55,0.54,1.82,0.93,1.14,1.8000000000000003,103.54999999999998,6.34,,
TFC,2026-09-26,Financial,Banks - Regional,58220000000.0,10.94,9.51,0.7,1.9,0.99,11.37,9.06,1.06,5.39,,22.31,18.07,21.53,7.96,13.53,4.39,4.64,1.11,0.69,0.47,,4.4,0.18,78.82,2.16,,
TFIN,2026-09-26,Financial,Banks - Regional,1470000000.0,41.66,19.51,0.32,2.72,1.6,15.11,4.12,0.56,3.59,,9.29,6.559999999999999,111.4,60.22,60.64,-18.17,6.22,0.12,0.12,0.17,,,5.93,97.19,10.85,,
TFX,2026-09-26,Healthcare,Medical Instruments & Supplies,5170000000.0,,11.15,0.55,1.99,1.78,15.22,-10.51,-5.3,-18.13,60.89,11.02,-39.67,3.22,52.02,20.16,,-4.72,0.99,0.96,2.6,2.12,0.9399999999999998,0.8500000000000001,113.53,9.53,,
TGT,2026-09-26,Consumer Defensive,Discount Stores,71530000000.0,16.34,16.4,1.52,0.66,4.01,16.05,26.41,7.380000000000001,12.41,26.83,5.74,4.08,33.85,-5.27,10.79,-1.21,2.29,1.07,0.98,0.99,0.36,2.6,0.22,89.57,3.7,,
TGTX,2026-09-26,Healthcare,Biotechnology,8790000000.0,20.92,20.07,2.04,10.99,14.55,505.51,100.27999999999999,37.7,32.54,82.37,17.05,55.22,-63.78,185.24,9.85,,426.73,1.25,1.25,4.27,3.72,,7.470000000000001,72.95,21.29,,
THC,2026-09-26,Healthcare,Medical Care Facilities,20910000000.0,10.02,12.31,1.09,0.96,4.49,6.92,53.31,7.55,12.63,16.47,16.47,10.27,26.44,-0.59,11.27,32.77,3.85,2.84,2.81,1.41,1.35,,0.95,100.38,2.53,,
THG,2026-09-26,Financial,Insurance - Property & Casualty,7570000000.0,10.37,11.15,10.23,1.12,2.07,6.04,21.88,5.28,16.92,,14.980000000000002,11.17,6.28,-3.89,1.09,14.03,6.44,0.23,0.22,0.37,,1.77,1.13,93.11,2.16,,
THO,2026-09-26,Consumer Cyclical,Recreational Vehicles,3720000000.0,21.31,14.74,0.9,0.39,0.87,22.06,4.15,2.53,3.44,11.46,2.73,1.8500000000000003,9.88,31.79,16.42,-22.2,-4.84,0.23,0.21,1.77,0.85,2.93,4.86,107.83,11.2,,
THRM,2026-09-26,Consumer Cyclical,Auto Parts,1080000000.0,40.84,10.63,0.44,0.69,1.5,26.26,3.74,1.86,2.56,23.7,5.01,1.68,27.87,14.14,24.25,-20.03,10.42,0.45,0.44,2.06,1.49,,2.18,107.46,7.75,,
TILE,2026-09-26,Consumer Cyclical,"Furnishings, Fixtures & Appliances",2029999999.9999998,14.23,14.55,1.18,1.41,3.0,16.4,23.23,11.42,15.45,39.4,12.32,10.1,22.55,1.79,12.33,,4.68,0.43,0.39,2.53,1.35,0.34,2.86,104.56,7.59,,
TJX,2026-09-26,Consumer Cyclical,Apparel Retail,143060000000.0,24.06,22.54,2.06,2.29,13.45,24.35,62.17,17.33,27.26,31.869999999999997,12.45,9.73,11.42,9.5,10.93,130.72,13.44,1.34,1.09,1.15,0.56,1.42,0.17,95.91,1.68,,
TKO,2026-09-26,Communication Services,Entertainment,34570000000.0,63.19,33.4,0.7,6.52,4.0,20.67,5.99,1.45,2.78,49.51,21.93,4.33,105.32,17.85,47.52,7.62,37.19,1.46,1.43,1.22,1.2,0.8500000000000001,18.24,115.35,13.94,,
TKR,2026-09-26,Industrials,Tools & Accessories,8140000000.000001,31.86,16.05,0.96,1.71,2.55,21.11,8.23,3.7900000000000005,4.86,31.14,15.03,5.43,17.87,16.47,16.72,1.98,5.45,0.69,0.67,3.1,1.74,1.22,8.81,95.15,6.79,,
TLN,2026-09-26,Utilities,Utilities - Independent Power Producers,14590000000.0,,9.92,,3.11,9.02,40.07,-12.93,-1.77,-1.66,61.65999999999999,31.09,-3.95,529.16,49.21,,,,5.92,5.91,0.78,0.55,,7.02,97.46,6.08,,
TMDX,2026-09-26,Healthcare,Medical Devices,2960000000.0,22.19,37.35,,4.42,5.7,37.42,36.28,12.879999999999999,11.14,57.75,12.21,22.69,-69.88,55.69,-13.02,,88.21,1.67,1.63,6.62,6.07,,3.8599999999999994,102.02,23.93,,
TMO,2026-09-26,Healthcare,Diagnostics & Research,249580000000.0,36.31,24.61,2.5,5.39,4.74,34.1,13.51,6.5,7.59,40.19,19.09,15.039999999999997,9.79,9.21,9.85,2.11,6.7,0.81,0.74,1.55,1.18,0.27,0.26,94.25,1.36,,
TMP,2026-09-26,Financial,Banks - Regional,1430000000.0,8.15,11.97,,3.64,1.49,30.61,20.36,2.04,11.64,,14.12,44.53,-30.47,6.46,,16.64,3.65,0.76,0.57,0.09,,2.76,6.69,71.01,2.48,,
TMUS,2026-09-26,Communication Services,Telecom Services,177450000000.0,17.31,11.88,0.6,1.92,3.16,11.21,17.99,4.96,6.41,46.59,21.17,11.45,12.4,27.48,19.85,29.65,5.24,2.12,1.93,0.92,0.83,2.5,55.59,43.75,3.79,,
TNC,2026-09-26,Industrials,Specialty Industrial Machinery,1150000000.0,66.94,12.05,,0.95,2.17,,3.09,1.46,1.98,38.77,3.81,1.5,-15.75,45.97,,5.45,3.73,0.73,0.73,2.04,1.37,1.83,2.38,108.31,7.92,,
TNDM,2026-09-26,Healthcare,Medical Devices,1090000000.0,,113.03,,1.05,8.38,,-48.03,-6.24,-7.45,55.99000000000001,-4.17,-6.08,53.89,120.67,,-40.1,15.27,5.67,5.51,3.18,2.65,,1.24,114.32,18.15,,
TNL,2026-09-26,Consumer Cyclical,Travel Services,3900000000.0,17.33,7.24,0.42,0.95,,8.82,,3.47,5.74,30.14,17.59,5.81,19.56,16.07,17.36,,11.2,,,6.47,4.83,3.81,4.31,103.64999999999999,12.6,,
TOL,2026-09-26,Consumer Cyclical,Residential Construction,12660000000.0,11.03,9.85,1.84,1.18,1.49,11.61,14.42,8.24,10.61,24.34,14.429999999999998,11.14,-5.61,9.48,5.36,31.72,9.15,0.34,0.32,3.77,0.32,0.75,0.84,94.84,4.12,,
TPL,2026-09-26,Energy,Oil & Gas E&P,23530000000.0,43.48,33.04,,26.21,14.07,45.1,36.57,33.17,32.08,85.81,74.92,60.31999999999999,33.47,10.99,,22.56,21.41,0.01,0.01,4.55,4.55,0.7,0.49,75.52,6.17,,
TPR,2026-09-26,Consumer Cyclical,Luxury Goods,22710000000.0,15.64,12.78,0.94,2.84,32.97,12.53,197.14,23.02,35.22,74.91,23.98,19.09,13.18,11.71,13.52,19.78,6.85,5.71,5.27,1.75,1.25,1.6,0.6,103.31000000000002,8.06,,
TR,2026-09-26,Consumer Defensive,Confectioners,2890000000.0,29.91,,,3.93,2.99,36.01,10.35,7.79,9.98,34.73,12.12,12.990000000000002,,,,12.4,9.23,0.01,0.0,2.89,1.86,0.9199999999999999,77.0,17.25,12.59,,
TREX,2026-09-26,Industrials,Building Products & Equipment,4560000000.0,26.47,22.2,2.59,3.78,4.52,22.19,17.74,11.21,16.92,38.2,20.17,14.679999999999998,-5.91,14.07,8.57,3.31,5.92,0.3,0.04,1.06,0.64,,0.88,109.24000000000001,10.05,,
TRGP,2026-09-26,Energy,Oil & Gas Midstream,59580000000.0,26.53,22.54,1.1,3.47,16.29,80.41,72.23,8.67,9.95,26.97,24.78,13.15,31.95,9.39,20.55,,15.75,5.35,5.2,0.77,0.68,1.8000000000000003,1.5700000000000003,97.46,2.68,,
TRIP,2026-09-26,Consumer Cyclical,Travel Services,985650000.0,832.67,7.83,1.4,0.55,1.49,6.94,0.84,0.2,0.33,58.64,4.95,0.28,-34.09,28.26,5.59,,25.64,1.35,1.32,1.56,1.56,,3.47,113.01,31.43,,
TRMB,2026-09-26,Technology,Scientific & Technical Instruments,13490000000.0,,14.03,0.92,3.57,2.64,17.45,-1.94,-1.19,-1.6,66.92,18.67,-2.77,17.23,12.38,15.31,2.58,2.65,0.29,0.28,0.95,0.82,,0.45999999999999996,103.23,3.85,,
TRMK,2026-09-26,Financial,Banks - Regional,2670000000.0,11.7,10.74,1.5,2.36,1.25,12.89,11.12,1.24,9.19,,24.51,20.71,7.16,8.11,7.14,8.05,11.03,0.36,0.19,0.06,,2.17,7.5,81.12,6.23,,
TRN,2026-09-26,Industrials,Railroads,2220000000.0,6.72,12.54,,1.09,1.95,,32.39,4.09,5.33,25.8,15.190000000000001,16.62,-29.14,0.0,-8.57,,4.27,4.57,4.57,2.09,1.12,4.48,1.49,96.66,5.54,,
TRNO,2026-09-26,Real Estate,REIT - Industrial,7200000000.0,17.8,35.39,,14.32,1.61,31.55,9.24,7.23,7.11,51.25999999999999,41.39,76.92,-46.17,-11.53,-20.23,27.38,21.29,0.24,0.23,0.35,0.35,3.2799999999999994,2.07,107.01,6.13,,
TROW,2026-09-26,Financial,Asset Management,22510000000.0,10.58,10.31,15.85,2.96,2.05,7.97,20.1,14.59,18.6,79.54,36.93,28.550000000000004,4.9,0.41,0.65,-1.52,3.34,0.06,0.06,2.41,2.41,4.9,1.83,92.12,13.1,,
TRST,2026-09-26,Financial,Banks - Regional,956960000.0,15.61,,,3.35,1.46,16.02,9.65,1.01,9.45,,28.38,22.78,,,,3.67,7.23,0.22,0.05,0.16,,2.74,3.65,77.99,6.97,,
TRU,2026-09-26,Financial,Financial Data & Stock Exchanges,13250000000.0,18.25,12.34,0.84,2.71,2.74,16.84,15.770000000000001,6.329999999999999,7.19,46.35,14.92,15.079999999999998,12.76,15.63,14.7,5.34,12.58,1.17,1.12,1.9,1.9,0.73,0.8100000000000002,112.55,6.11,,
TRUP,2026-09-26,Financial,Insurance - Property & Casualty,1020000000.0,43.57,33.42,3.3,0.67,2.48,12.36,6.07,2.61,4.58,,1.66,1.53,39.16,10.65,10.12,,23.45,0.26,0.24,1.77,,,30.09,69.26,13.24,,
TRV,2026-09-26,Financial,Insurance - Property & Casualty,75720000000.0,9.72,11.98,3.4,1.55,2.29,6.87,26.51,6.309999999999999,19.73,,22.03,16.83,23.54,-11.08,3.52,21.13,8.83,0.27,0.27,0.34,,1.34,0.5,91.47,2.98,,
TSCO,2026-09-26,Consumer Cyclical,Specialty Retail,16809999999.999998,16.85,15.77,5.5,1.07,6.4,54.77,39.51,8.91,11.63,33.23,8.91,6.419999999999999,-6.0,5.64,2.87,10.06,7.89,2.49,2.31,1.33,0.23,3.0,0.34,97.03,7.58,,
TSLA,2026-09-26,Consumer Cyclical,Auto Manufacturers,1469670000000.0,345.73,163.0,6.67,14.18,16.92,255.06,4.64,2.75,3.79,18.85,4.61,3.6699999999999995,2.45,34.23,24.44,38.32,24.63,0.19,0.16,1.94,1.55,,28.550000000000004,44.27,2.44,,
TSN,2026-09-26,Consumer Defensive,Farm Products,17560000000.0,30.76,12.17,1.59,0.32,0.97,15.12,3.15,1.59,2.33,6.21,2.55,1.03,-12.8,16.51,7.66,-25.04,4.74,0.44,0.36,1.43,0.55,4.15,20.4,77.15,3.46,,
TT,2026-09-26,Industrials,Building Products & Equipment,99990000000.0,34.42,25.8,1.61,4.5,11.61,27.8,36.45,13.36,23.5,35.39,18.14,13.28,16.98,15.3,15.98,29.52,11.35,0.54,0.46,1.07,0.76,0.91,0.27,90.88,1.52,,
TTC,2026-09-26,Industrials,Tools & Accessories,9200000000.0,26.01,18.88,1.8,1.93,6.88,12.93,26.450000000000003,10.3,15.17,33.38,11.31,7.64,10.33,11.05,10.51,0.86,5.99,0.81,0.79,1.58,0.74,1.6099999999999999,0.4,96.4,3.92,,
TTD,2026-09-26,Communication Services,Advertising Agencies,5920000000.0,14.95,49.64,,1.98,2.3,6.86,15.439999999999998,6.94,13.9,76.87,19.61,13.61,-56.37,-35.36,-20.4,12.67,28.21,0.17,0.14,1.72,1.72,,11.58,82.43,21.31,,
TTEK,2026-09-26,Industrials,Engineering & Construction,8680000000.0,20.4,19.51,3.04,1.71,4.69,15.84,24.26,9.97,15.57,18.78,11.73,8.6,1.09,10.19,6.42,7.97,12.69,0.55,0.51,1.18,1.18,0.75,0.51,100.34999999999998,4.35,,
TTMI,2026-09-26,Technology,Electronic Components,13610000000.0,58.3,18.68,0.39,4.03,7.03,,13.26,5.92,7.83,20.26,9.96,7.01,96.75,42.85,47.35,,6.66,0.57,0.56,1.78,1.54,,2.28,94.07,3.34,,
TTWO,2026-09-26,Communication Services,Electronic Gaming & Multimedia,37670000000.0,,19.66,0.53,5.63,10.44,111.6,-9.04,-3.42,-5.48,54.559999999999995,-0.96,-4.79,69.45,47.52,37.04,,14.56,0.82,0.62,1.06,1.06,,12.42,89.18,5.05,,
TWLO,2026-09-26,Technology,Software - Infrastructure,42360000000.0,38.38,40.69,2.46,7.6,4.72,42.84,13.5,11.11,11.47,47.9,5.93,20.62,21.26,14.32,16.55,,23.53,0.12,0.12,4.62,4.62,,0.35,91.46,3.53,,
TXN,2026-09-26,Technology,Semiconductors,253950000000.0,42.3,27.06,0.9,13.05,14.1,47.42,34.97,16.99,19.47,58.32999999999999,38.07,30.930000000000003,56.18,20.72,30.23,-1.81,4.1,0.78,0.72,4.86,3.44,2.06,0.32,92.04,2.17,,
TXNM,2026-09-26,Utilities,Utilities - Regulated Electric,6440000000.0,32.51,18.09,1.18,2.88,1.83,,5.82,1.6200000000000003,2.23,39.56,22.21,8.77,25.28,10.83,15.33,-7.23,7.3,1.67,1.47,0.56,0.39,2.86,1.06,102.39,5.91,,
TXRH,2026-09-26,Consumer Cyclical,Restaurants,10490000000.0,25.58,20.49,1.31,1.68,6.72,25.8,27.46,11.93,15.81,12.12,8.24,6.63,8.12,18.23,15.58,68.63,19.64,0.7,0.68,0.46,0.39,1.8799999999999997,0.42,100.33000000000001,2.89,,
TXT,2026-09-26,Industrials,Aerospace & Defense,13170000000.0,14.45,10.57,1.11,0.86,1.64,17.38,12.13,5.33,7.9,17.77,6.709999999999999,6.12,6.0,12.11,9.53,30.51,4.9,0.52,0.47,1.75,0.74,0.11,0.76,99.0,4.3,,
TYL,2026-09-26,Technology,Software - Application,13330000000.0,43.14,21.18,1.34,5.49,4.39,18.67,9.73,5.78,7.24,44.81,15.14,13.36,15.66,17.52,15.81,8.96,15.87,0.48,0.48,1.55,1.55,,0.53,108.15,8.27,,
UA,2026-09-26,Consumer Cyclical,Apparel Manufacturing,1890000000.0,,22.89,0.57,0.38,1.31,,-29.82,-10.99,-18.57,46.37,0.67,-9.94,-9.43,75.64,40.16,0.8,2.22,0.96,0.86,1.81,0.96,,74.21,27.07,23.04,,
UAA,2026-09-26,Consumer Cyclical,Apparel Manufacturing,1890000000.0,,23.06,0.58,0.38,1.33,,-29.82,-10.99,-18.57,46.37,0.67,-9.94,-9.01,75.93,40.06,0.8,2.22,0.96,0.86,1.81,0.96,,56.18,49.87,28.42,,
UAL,2026-09-26,Industrials,Airlines,37000000000.0,10.65,7.86,0.4,0.59,2.22,14.54,23.26,4.32,7.38,26.87,6.77,5.56,-9.81,51.36,19.45,,30.93,2.02,1.84,0.78,0.72,,0.8699999999999999,91.28,5.66,,
UBER,2026-09-26,Technology,Software - Application,142200000000.0,15.3,15.73,2.83,2.57,5.2,14.06,38.38,15.73,24.02,35.42,13.320000000000002,17.34,-28.84,31.5,5.55,,36.1,0.54,0.46,0.84,0.84,,3.94,81.67,2.33,,
UBSI,2026-09-26,Financial,Banks - Regional,6380000000.0,12.79,12.12,1.64,3.47,1.16,11.95,9.46,1.55,8.74,,35.0,27.93,13.51,4.18,7.39,6.37,16.0,0.15,0.07,0.1,,3.27,2.45,76.5,4.64,,
UCB,2026-09-26,Financial,Banks - Regional,4130000000.0,11.2,10.24,0.98,2.68,1.09,9.07,10.21,1.31,8.22,,32.26,24.04,10.25,11.88,10.46,6.49,16.39,0.32,0.22,0.05,,2.96,0.67,88.29,4.3,,
UCTT,2026-09-26,Technology,Semiconductor Equipment & Materials,3520000000.0,,11.86,0.13,1.6,5.5,,-3.44,-1.28,-1.68,15.83,2.84,-1.07,201.39,106.91,94.43,,7.99,1.21,1.18,2.73,1.25,,3.01,103.14000000000001,8.24,,
UDR,2026-09-26,Real Estate,REIT - Residential,17670000000.0,21.56,58.12,,10.3,3.75,20.16,16.67,4.99,6.84,23.84,18.96,30.14,-3.14,-46.81,-16.64,40.79,6.65,2.04,1.6,0.16,0.16,5.14,0.73,107.23,3.12,,
UE,2026-09-26,Real Estate,REIT - Retail,2650000000.0,37.24,39.16,2.71,5.36,1.95,36.39,5.24,2.03,2.21,39.79,30.06,13.71,47.03,-0.73,14.44,-1.32,7.41,1.48,1.39,1.44,1.44,4.22,0.09,97.77,2.94,,
UFCS,2026-09-26,Financial,Insurance - Property & Casualty,1370000000.0,9.82,11.01,,0.93,1.4,5.11,15.46,3.9599999999999995,12.54,,12.8,9.58,4.93,0.35,,,5.34,0.15,0.15,0.41,,1.5,16.97,68.6,2.64,,
UFPI,2026-09-26,Basic Materials,Lumber & Wood Production,4380000000.0,18.33,14.52,1.32,0.7,1.44,16.42,7.739999999999999,5.83,7.01,16.13,5.09,3.84,-9.7,20.95,11.03,4.53,4.16,0.13,0.12,3.98,2.64,1.8000000000000003,2.05,89.44,4.02,,
UFPT,2026-09-26,Healthcare,Medical Devices,2290000000.0,31.87,27.25,2.03,3.63,4.95,37.28,17.05,10.98,12.43,28.499999999999996,15.229999999999999,11.45,11.34,11.37,13.43,37.73,27.43,0.29,0.26,3.0,1.72,,3.8900000000000006,124.22,14.16,,
UGI,2026-09-26,Utilities,Utilities - Regulated Gas,7830000000.0,12.19,11.28,6.63,1.07,1.5,41.88,13.3,4.33,5.63,42.65,14.46,9.2,-15.51,15.42,1.7,4.06,2.16,1.35,1.28,1.44,1.22,4.11,0.12,95.35,6.03,,
UHS,2026-09-26,Healthcare,Medical Care Facilities,10540000000.0,7.28,7.45,1.06,0.58,1.4,12.47,20.99,9.87,12.79,11.36,11.36,8.42,3.91,6.34,7.02,15.93,8.48,0.7,0.59,1.12,1.04,0.45999999999999996,17.21,91.26,5.58,,
ULS,2026-09-26,Industrials,Specialty Business Services,13340000000.0,26.71,25.42,1.97,4.24,8.36,30.59,37.5,16.69,24.8,50.06,19.04,16.02,16.45,12.12,12.93,6.75,5.82,0.3,0.27,1.42,1.42,0.8699999999999999,61.79,43.91,7.07,,
ULTA,2026-09-26,Consumer Cyclical,Specialty Retail,23310000000.0,19.86,16.95,1.48,1.8,8.83,20.29,46.12,17.8,26.8,39.32,12.6,9.34,13.09,10.91,11.45,52.49,15.04,0.95,0.71,1.35,0.29,,0.29,102.56999999999998,5.73,,
UMBF,2026-09-26,Financial,Banks - Regional,2770000000.0,11.31,9.72,0.91,0.64,1.33,2.51,12.31,1.31,11.08,,27.29,21.06,16.74,5.51,10.7,9.41,26.89,0.44,0.06,0.37,,1.34,3.9800000000000004,96.84,4.98,,
UNF,2026-09-26,Industrials,Specialty Business Services,4500000000.0,40.89,32.04,21.5,1.81,2.05,51.69,5.3,4.15,5.12,30.91,5.77,4.65,-9.9,8.65,1.49,2.28,6.16,0.04,0.03,3.04,1.73,0.56,16.83,85.31,6.03,,
UNFI,2026-09-26,Consumer Defensive,Food Distribution,2770000000.0,34.32,11.29,0.56,0.09,1.71,8.56,5.3,1.07,1.86,12.560000000000002,1.12,0.27,27.23,20.44,20.07,-11.64,2.94,1.87,1.78,1.29,0.49,,3.74,98.31,5.25,,
UNH,2026-09-26,Healthcare,Healthcare Plans,338030000000.0,24.22,16.64,0.96,0.75,3.46,14.31,14.62,4.57,8.41,,4.82,3.1400000000000006,22.03,13.41,17.26,-3.76,11.72,0.74,0.71,0.78,,2.41,0.24,90.18,1.48,,
UNIT,2026-09-26,Real Estate,REIT - Specialty,2160000000.0,3.34,,,0.61,12.98,,,11.36,9.46,27.9,9.74,28.15,-140.57,-6.92,,,15.93,68.69,67.9,1.22,1.19,,7.000000000000001,88.8,9.69,,
UNM,2026-09-26,Financial,Insurance - Life,14580000000.0,21.49,9.74,1.08,1.09,1.35,21.04,6.35,1.31,4.82,,8.68,5.27,6.59,9.06,8.99,1.87,-0.16,0.35,0.35,,,2.1,0.96,90.31,2.72,,
UNP,2026-09-26,Industrials,Railroads,162650000000.0,22.17,19.32,1.91,6.4,7.87,25.01,39.7,10.49,14.57,45.47,39.87,28.850000000000005,12.06,8.47,10.12,8.75,4.64,1.51,1.43,0.99,0.82,2.01,0.21,92.23,4.63,,
UPBD,2026-09-26,Technology,Software - Application,938040000.0,10.46,3.48,0.44,0.2,1.28,2.44,12.73,2.91,3.7,33.44,7.48,1.9,0.73,11.1,7.98,-19.66,10.78,2.33,2.33,3.13,0.87,9.74,4.4,101.59,14.24,,
UPS,2026-09-26,Industrials,Integrated Freight & Logistics,79940000000.0,17.49,11.71,1.78,0.89,5.31,14.65,29.659999999999997,6.43,10.78,18.3,9.31,5.08,0.4,11.62,6.58,33.57,0.98,1.9,1.81,1.18,1.18,6.98,11.94,64.97,3.43,,
UPWK,2026-09-26,Communication Services,Internet Content & Information,1020000000.0,10.66,5.97,3.16,1.29,1.66,5.84,16.7,8.03,16.28,77.24,16.84,12.93,-1.44,-1.81,1.89,,16.09,0.62,0.02,1.42,1.42,,5.14,103.31000000000002,15.09,,
URBN,2026-09-26,Consumer Cyclical,Apparel Retail,6450000000.0,11.76,10.99,0.97,1.0,2.26,21.86,20.94,11.57,14.8,37.51,11.33,8.79,16.88,7.84,11.32,231.76,12.31,0.43,0.35,1.58,0.91,,43.5,73.59,14.84,,
URI,2026-09-26,Industrials,Rental & Leasing Services,65170000000.0,25.16,18.27,1.17,3.87,7.08,103.12,28.9,8.72,11.44,35.71,25.17,15.67,17.63,15.82,15.58,25.9,13.55,1.67,1.5,0.76,0.7,0.74,0.45999999999999996,95.87,2.5,,
USB,2026-09-26,Financial,Banks - Regional,92440000000.0,11.84,10.18,0.87,2.12,1.52,7.46,12.6,1.15,6.44,,24.76,17.92,13.24,11.4,11.7,8.57,13.15,1.42,0.87,0.56,,3.5699999999999994,0.22,84.08,1.54,,
USFD,2026-09-26,Consumer Defensive,Food Distribution,20190000000.0,28.7,16.76,0.93,0.5,4.72,21.34,16.35,5.18,7.77,17.55,3.4300000000000006,1.81,20.29,16.29,18.12,,11.49,1.26,1.19,1.14,0.7,,0.79,109.50999999999999,4.94,,
USLM,2026-09-26,Basic Materials,Building Materials,3200000000.0,23.83,19.54,2.0,8.48,4.59,34.81,21.35,19.84,19.27,48.42,42.11,35.66,7.92,13.1,9.79,36.1,18.32,0.0,0.0,27.54,25.78,0.22,62.55,32.94,9.43,,
USPH,2026-09-26,Healthcare,Medical Care Facilities,1270000000.0,501.12,24.83,2.07,1.56,2.82,19.43,0.54,0.21,0.33,17.45,9.85,0.32,4.69,24.08,12.0,-10.5,13.05,0.86,0.75,1.27,1.27,2.17,2.57,108.91,8.9,,
UTHR,2026-09-26,Healthcare,Drug Manufacturers - Specialty & Generic,20390000000.0,17.01,16.52,2.32,6.46,3.17,18.72,19.32,17.33,20.48,86.14,44.49,41.56,-6.28,10.22,7.12,19.27,16.5,0.0,0.0,5.73,5.41,,3.35,97.49,6.76,,
UTI,2026-09-26,Consumer Defensive,Education & Training Services,1120000000.0,33.0,28.25,18.23,1.27,3.25,,10.53,4.19,5.0,47.93,5.13,3.88,-46.52,18.91,1.55,84.22,22.68,1.04,0.99,1.3,1.3,,2.93,112.9,11.71,,
UTL,2026-09-26,Utilities,Utilities - Diversified,929710000.0,16.21,14.68,2.7,1.56,1.44,,9.62,2.75,4.26,25.2,19.38,9.44,3.77,5.91,5.43,6.66,5.07,1.5,1.06,0.49,0.45,3.73,2.18,84.74,4.0,,
UVV,2026-09-26,Consumer Defensive,Tobacco,1060000000.0,56.62,10.75,,0.37,0.76,6.43,1.34,0.61,0.94,16.73,6.22,0.67,20.45,24.21,,-18.13,8.08,0.88,0.46,2.57,0.88,7.75,2.53,83.51,8.44,,
V,2026-09-26,Financial,Credit Services,685920000000.0,31.53,24.46,1.73,15.42,19.8,32.64,60.67,23.02,39.97,77.16,67.04,50.35000000000001,15.31,13.59,14.17,16.47,12.86,0.68,0.59,0.99,0.99,0.73,8.93,82.58,1.09,,
VAC,2026-09-26,Consumer Cyclical,Resorts & Casinos,3540000000.0,,10.7,1.18,0.68,1.72,35.72,-14.71,-3.45,-4.47,17.37,10.4,-6.47,20.29,11.59,9.04,-5.8,11.76,2.69,2.63,1.22,0.75,2.64,8.66,90.62,6.15,,
VAL,2026-09-26,Energy,Oil & Gas Drilling,5620000000.0,6.05,11.54,,2.63,1.74,,33.86,18.88,21.57,17.07,12.09,43.95,-78.36,131.84,-16.82,,10.67,0.36,0.35,1.48,1.48,,30.219999999999995,91.84,12.3,,
VC,2026-09-26,Consumer Cyclical,Auto Parts,2410000000.0,16.49,8.64,0.47,0.64,1.5,15.09,9.96,4.54,7.53,12.809999999999999,7.33,4.0,9.69,23.13,18.51,,8.14,0.27,0.25,1.78,1.45,1.2,1.77,121.30000000000001,15.58,,
VCEL,2026-09-26,Healthcare,Biotechnology,2029999999.9999998,85.92,45.89,0.75,6.64,5.49,32.98,7.16,5.16,5.38,74.56,5.95,7.91,67.01,61.9,61.02,39.2,17.34,0.26,0.22,5.04,4.69,,1.19,109.09,10.84,,
VCTR,2026-09-26,Financial,Asset Management,6690000000.0,19.93,12.26,0.94,4.26,2.82,11.87,19.04,10.94,13.61,77.38,45.87,22.38,25.54,10.78,13.08,7.17,11.3,0.43,0.43,2.07,2.07,1.8399999999999999,14.649999999999999,76.61,4.26,,
VCYT,2026-09-26,Healthcare,Diagnostics & Research,3650000000.0,32.23,23.28,4.4,6.5,2.63,22.0,8.77,8.09,8.05,71.08,17.22,20.37,7.53,1.94,5.29,,34.5,0.03,0.02,9.16,8.8,,1.8399999999999999,110.99,10.65,,
VECO,2026-09-26,Technology,Semiconductor Equipment & Materials,3040000000.0,136.38,15.68,,4.45,3.36,35.65,2.64,1.73,2.0,37.51,4.26,3.4000000000000004,12.76,111.2,,,7.9,0.29,0.28,3.93,2.63,,1.59,114.08,9.6,,
VEEV,2026-09-26,Healthcare,Health Information Services,45440000000.0,46.18,27.33,2.19,13.14,6.11,27.73,14.42,11.9,13.41,74.83,29.93,29.34,14.01,11.19,12.51,18.15,16.88,0.02,0.02,5.46,5.46,,8.83,92.42,3.36,,
VFC,2026-09-26,Consumer Cyclical,Apparel Manufacturing,5560000000.0,20.61,10.65,0.5,0.59,3.15,8.99,17.94,2.8,4.66,55.63,7.13,2.88,27.14,24.37,21.29,-9.15,0.78,2.81,2.33,1.43,0.78,2.56,6.4399999999999995,93.61,10.67,,
VGNT,2026-09-26,Consumer Cyclical,Auto Parts,3310000000.0,,5.97,,,38.93,,,,,,,,-18.85,6.69,-0.48,,,28.51,26.06,1.4,1.09,0.55,0.91,99.09,4.33,,
VIAV,2026-09-26,Technology,Communication Equipment,10040000000.0,,20.85,0.58,6.61,6.93,121.23,-2.73,-1.29,-1.61,56.169999999999995,10.97,-2.0,64.37,18.68,35.88,,4.84,0.48,0.3,1.85,1.59,,0.9899999999999999,98.34,4.61,,
VICI,2026-09-26,Real Estate,REIT - Diversified,25890000000.0,9.12,7.9,1.43,6.32,0.89,9.82,9.84,5.86,6.12,99.23,88.72,67.5,5.86,7.67,5.53,8.4,26.73,0.61,0.55,0.14,0.14,7.739999999999999,0.44,98.32,2.46,,
VICR,2026-09-26,Technology,Electronic Components,13000000000.0,90.51,47.06,1.05,27.43,15.58,253.56,20.13,18.3,17.29,60.0,18.64,30.65,37.09,67.47,44.85,44.9,6.57,0.01,0.01,13.25,11.18,,44.23,52.87,7.96,,
VIR,2026-09-26,Healthcare,Biotechnology,1800000000.0,,,,5.95,1.84,,-26.08,-20.91,-23.6,96.2,-92.16,-83.0,43.95,-43.86,12.71,-4.76,-2.14,0.09,0.09,6.04,6.04,,20.77,67.95,14.66,,
VIRT,2026-09-26,Financial,Capital Markets,8289999999.999999,8.86,7.7,1.29,2.21,2.52,17.66,31.65,2.22,12.56,50.39,37.84,13.84,25.07,-3.26,5.96,-0.13,2.26,2.83,1.21,0.94,0.94,1.8000000000000003,4.52,94.47,5.46,,
VLO,2026-09-26,Energy,Oil & Gas Refining & Marketing,111480000000.0,16.06,9.22,0.28,0.8,4.46,11.02,29.299999999999997,11.59,20.3,8.41,7.6,5.15,352.5,-12.5,32.51,,13.6,0.45,0.42,1.64,1.23,1.25,0.4099999999999999,87.97,3.38,,
VLTO,2026-09-26,Industrials,Pollution & Treatment Controls,23680000000.0,24.48,20.32,1.95,4.16,7.66,22.62,34.37,12.560000000000002,17.11,59.34,22.74,17.35,12.35,9.12,10.44,5.0,4.82,1.09,0.87,1.78,1.61,0.49,0.22,100.92000000000002,2.73,,
VLY,2026-09-26,Financial,Banks - Regional,7230000000.0,11.04,8.51,0.41,2.03,0.96,12.36,8.95,1.08,6.34,,24.2,18.66,28.88,20.52,20.73,1.58,17.53,0.44,0.38,0.06,,3.36,14.35,77.71,9.8,,
VMC,2026-09-26,Basic Materials,Building Materials,31750000000.0,28.92,23.22,1.55,3.91,3.75,30.91,13.239999999999998,6.69,8.61,27.51,20.74,13.750000000000002,13.82,15.86,15.03,13.09,10.33,0.58,0.53,1.76,1.2,0.86,0.24,101.29999999999998,4.29,,
VMI,2026-09-26,Industrials,Conglomerates,9010000000.0,18.17,17.97,1.14,2.13,5.08,27.98,31.069999999999997,14.85,19.46,30.320000000000004,13.8,11.95,21.0,12.47,15.83,20.66,7.24,0.5,0.5,2.35,1.55,0.65,1.4,96.8,2.39,,
VNO,2026-09-26,Real Estate,REIT - Office,7060000000.0,1400.4,,,3.86,1.41,15.98,1.14,0.43,0.49,19.82,10.43,0.32,-106.64,98.1,,,3.45,1.41,1.41,4.77,4.77,2.4,7.380000000000001,100.51999999999998,6.56,,
VNOM,2026-09-26,Energy,Oil & Gas Midstream,14700000000.0,320.52,16.8,1.0,7.47,1.56,9.83,1.35,0.52,0.85,51.7,48.86,2.89,57.9,-7.06,16.88,29.81,40.37,0.33,0.33,6.37,6.37,7.12,7.53,95.15,5.2,,
VNT,2026-09-26,Technology,Scientific & Technical Instruments,4260000000.0,13.08,8.29,0.93,1.39,3.6,11.06,29.07,8.28,12.4,44.96,19.15,11.34,9.3,8.52,8.91,6.42,2.6,1.62,1.35,1.25,0.94,0.16,0.73,110.18999999999998,8.75,,
VOYA,2026-09-26,Financial,Financial Conglomerates,8810000000.0,16.4,8.5,0.64,1.08,1.88,7.39,13.059999999999999,0.36,7.17,,12.07,6.94,3.1,25.45,13.26,61.06,1.37,0.84,0.81,,,1.9799999999999998,0.34,103.63,3.76,,
VRRM,2026-09-26,Technology,Information Technology Services,492420000.0,12.25,3.42,,0.49,2.2,5.25,15.380000000000003,2.67,3.42,79.29,24.19,4.4,-13.55,-16.87,-5.91,,19.99,4.86,4.79,2.05,1.95,,0.97,103.54,9.52,,
VRSK,2026-09-26,Industrials,Consulting Services,22020000000.0,26.0,19.47,1.79,7.02,,17.81,444.05,19.06,28.15,59.78,44.81,28.24,7.71,12.67,10.87,8.51,1.99,,,1.01,1.01,1.18,0.29,101.49,3.58,,
VRSN,2026-09-26,Technology,Software - Infrastructure,25940000000.0,31.18,25.87,2.02,15.19,,24.33,,52.95000000000001,,88.47,67.86,49.77,11.12,13.42,12.82,4.49,5.54,,,0.59,0.59,0.98,0.79,100.12999999999998,2.19,,
VRT,2026-09-26,Industrials,Electrical Equipment & Parts,97510000000.0,57.31,27.57,0.68,8.49,20.49,33.28,43.94,13.170000000000002,21.61,35.73,19.81,15.09,60.08,36.62,40.49,,18.54,0.7,0.68,1.38,1.03,0.09,0.33,85.02,3.69,,
VRTS,2026-09-26,Financial,Asset Management,864790000.0,7.44,5.41,,1.04,0.91,3.86,13.01,2.91,8.22,81.61,14.91,14.39,-7.91,4.53,-1.57,14.78,6.4,0.54,0.54,1.72,1.72,7.35,6.4399999999999995,92.98,8.61,,
VRTX,2026-09-26,Healthcare,Biotechnology,133370000000.0,30.61,24.95,2.26,10.5,6.58,35.13,23.54,17.12,19.82,86.12,39.54,34.69,1.44,13.0,11.02,8.28,14.23,0.1,0.1,3.19,2.74,,0.22999999999999998,98.15,1.87,,
VSAT,2026-09-26,Technology,Communication Equipment,10060000000.0,,,,2.17,2.17,17.39,-0.64,-0.2,-0.27,27.6,2.35,-0.64,-468.0,-1.39,,,15.51,1.49,1.34,1.68,1.52,,4.93,101.92000000000002,8.67,,
VSEC,2026-09-26,Industrials,Aerospace & Defense,5070000000.0,66.62,22.56,0.7,3.74,1.73,,4.27,2.78,1.91,12.61,11.75,5.52,73.13,18.08,32.21,,10.95,0.35,0.34,3.77,1.3,0.22,1.7399999999999998,119.87999999999998,8.25,,
VSH,2026-09-26,Technology,Semiconductors,4990000000.0,170.06,18.25,,1.5,1.71,,1.13,0.61,0.88,20.93,3.3000000000000003,0.86,1787.5,111.41,,,4.17,0.38,0.11,1.8,1.27,1.21,8.7,100.48000000000002,12.43,,
VSNT,2026-09-26,Communication Services,Entertainment,4550000000.0,6.17,4.82,0.52,0.69,0.56,2.66,8.15,6.22,6.91,40.85,19.29,11.46,-28.63,67.49,9.21,,,0.36,0.35,2.38,2.38,3.72,0.97,88.16,3.98,,
VST,2026-09-26,Utilities,Utilities - Independent Power Producers,46470000000.0,23.37,13.67,0.18,2.64,15.47,20.61,43.07,5.5,9.56,20.18,10.73,11.52,288.25,19.67,76.69,10.93,8.94,3.63,3.23,0.97,0.87,0.73,0.95,92.54,2.92,,
VSTS,2026-09-26,Industrials,Rental & Leasing Services,1800000000.0,,17.56,0.31,0.67,2.06,13.22,-0.6,-0.18,-0.25,21.2,4.18,-0.2,144.97,26.95,56.86,,1.31,1.53,1.46,2.17,0.73,,2.3,98.79,7.42,,
VSXY,2026-09-26,Consumer Cyclical,Apparel Retail,6610000000.0,18.73,14.76,0.52,0.96,6.7,11.94,45.23,7.62,10.48,39.51,9.76,5.46,56.89,19.35,28.38,,3.9,2.93,2.64,1.36,0.57,,10.51,96.42,13.32,,
VTOL,2026-09-26,Energy,Oil & Gas Equipment & Services,1260000000.0,12.26,8.36,0.68,0.81,1.16,,10.05,4.46,5.31,19.92,8.79,6.660000000000001,-21.12,49.6,12.34,13.24,4.82,0.89,0.8,2.26,1.85,0.88,3.2199999999999998,100.61,3.91,,
VTR,2026-09-26,Real Estate,REIT - Healthcare Facilities,45400000000.0,158.82,91.95,2.8,7.05,3.03,31.49,2.01,0.9399999999999998,0.98,18.38,14.829999999999998,4.08,7.93,61.57,32.85,-14.17,8.99,0.89,0.84,0.71,0.71,2.4,0.54,104.71,3.88,,
VTRS,2026-09-26,Healthcare,Drug Manufacturers - Specialty & Generic,20480000000.0,,6.66,0.96,1.39,1.44,10.48,-2.75,-1.12,-1.58,39.58,9.69,-2.78,7.14,6.41,6.96,-21.93,3.66,0.96,0.83,1.49,0.87,2.91,2.07,92.01,3.63,,
VVV,2026-09-26,Consumer Cyclical,Auto & Truck Dealerships,3690000000.0,36.65,14.55,0.92,1.88,8.86,27.27,28.4,3.4300000000000006,4.29,38.28,17.72,5.17,10.5,13.17,15.78,-0.57,-6.18,4.75,4.68,0.7,0.58,,0.32,116.91,10.29,,
VYX,2026-09-26,Technology,Information Technology Services,976150000.0,17.35,6.89,1.5,0.39,1.05,,5.1,1.48,3.11,24.83,6.67,2.29,1.78,12.01,4.6,,-15.42,1.16,1.16,1.07,0.95,1.27,1.11,121.88,21.67,,
VZ,2026-09-26,Communication Services,Telecom Services,195610000000.0,12.26,8.96,1.48,1.41,1.88,9.08,15.629999999999999,4.08,6.09,45.71,22.73,11.64,6.29,5.02,6.07,-1.14,1.5,1.81,1.56,0.55,0.52,6.0,0.06,72.01,2.02,,
WAB,2026-09-26,Industrials,Railroads,48650000000.0,38.79,23.14,1.43,4.06,4.34,28.38,11.5,5.82,7.69,32.24,16.74,10.57,21.1,14.59,16.21,25.74,8.13,0.62,0.47,1.12,0.59,0.42,0.71,96.02,2.17,,
WABC,2026-09-26,Financial,Banks - Regional,1400000000.0,13.38,12.98,,5.28,1.64,12.94,12.49,1.91,12.71,,56.09,41.71,2.54,0.86,,8.69,5.5,0.18,0.02,0.15,,3.1300000000000003,5.22,81.02,4.34,,
WAFD,2026-09-26,Financial,Banks - Regional,2320000000.0,9.88,8.91,0.76,1.67,0.85,10.22,8.5,0.9399999999999998,4.05,,23.63,17.42,25.19,6.81,11.8,3.11,14.32,1.1,1.1,0.07,,3.44,1.58,85.65,6.41,,
WAL,2026-09-26,Financial,Banks - Regional,8470000000.000001,8.74,7.01,0.57,1.49,1.12,,13.11,1.06,9.3,,20.86,16.98,2.93,23.13,12.22,11.62,32.53,0.95,0.34,0.11,,2.16,6.39,90.37,5.85,,
WAT,2026-09-26,Healthcare,Diagnostics & Research,42590000000.0,108.26,26.27,2.21,9.17,2.8,113.55,1.91,1.13,0.81,41.95,11.83,3.58,10.99,13.24,11.89,5.19,6.0,0.36,0.34,1.86,1.29,,0.14,102.12999999999998,3.37,,
WAY,2026-09-26,Healthcare,Health Information Services,4740000000.0,35.17,13.15,0.86,3.93,1.19,19.23,3.7699999999999996,2.56,2.47,56.11000000000001,25.36,11.18,17.59,12.48,15.28,,17.41,0.37,0.37,1.85,1.85,,29.81,88.09,11.27,,
WBD,2026-09-26,Communication Services,Entertainment,77480000000.0,,10790.21,,2.14,2.36,35.54,-9.19,-3.18,-5.0,33.28,7.000000000000001,-8.75,-493.33,100.25,,-30.7,28.53,0.98,0.93,0.78,0.78,,4.59,79.9,2.47,,
WCC,2026-09-26,Industrials,Industrial Distribution,17910000000.0,25.39,18.34,0.82,0.72,3.43,115.45,14.34,4.21,6.01,20.31,5.71,2.86,30.38,19.01,22.41,53.91,13.79,1.28,1.28,2.09,1.23,0.54,2.08,97.59,3.02,,
WD,2026-09-26,Financial,Mortgage Finance,1300000000.0,33.87,6.88,0.12,1.03,0.74,,2.17,0.78,1.48,74.77,15.17,2.95,179.57,20.34,56.66,-26.54,3.23,1.39,0.48,0.58,0.58,7.16,4.02,87.26,5.34,,
WDAY,2026-09-26,Technology,Software - Application,45660000000.0,38.45,14.3,0.76,4.49,7.07,16.05,16.01,7.400000000000001,13.74,75.82,12.64,12.31,20.09,19.5,18.88,,17.27,0.58,0.41,0.86,0.86,,19.51,88.4,7.29,,
WDC,2026-09-26,Technology,Computer Hardware,164700000000.0,18.9,13.94,0.22,12.75,18.6,46.91,131.36,66.83,103.78,48.83,35.58,71.97,99.49,60.7,63.93,55.65,-5.26,0.13,0.01,1.33,0.97,0.13,0.76,92.51,4.83,,
WDFC,2026-09-26,Basic Materials,Specialty Chemicals,2670000000.0,30.26,30.76,12.16,3.96,9.6,33.62,33.22,18.62,23.77,54.75,17.48,13.19,-6.97,4.02,2.53,8.72,8.7,0.41,0.34,2.65,1.95,2.01,0.52,88.54,4.15,,
WEC,2026-09-26,Utilities,Utilities - Regulated Electric,33060000000.000004,19.65,16.92,2.36,3.26,2.34,,12.35,3.34,5.01,38.58,23.91,16.69,6.28,7.07,7.17,4.88,6.24,1.62,1.39,0.53,0.39,3.7599999999999993,0.17,88.83,4.21,,
WELL,2026-09-26,Real Estate,REIT - Healthcare Facilities,166760000000.0,,71.21,1.68,13.08,3.58,66.38,3.7699999999999996,2.47,2.35,20.26,5.3,-2.75,104.36,14.39,42.36,-22.65,18.69,0.42,0.42,13.31,13.31,1.36,0.04,101.69,2.44,,
WEN,2026-09-26,Consumer Cyclical,Restaurants,1250000000.0,9.93,12.49,,0.57,10.37,4.73,108.04,2.58,3.09,25.08,13.100000000000001,5.72,-42.82,4.2,-12.19,-0.96,2.79,33.81,32.9,1.9,1.88,6.619999999999999,9.16,94.25,28.2,,
WERN,2026-09-26,Industrials,Trucking,1970000000.0,,14.56,,0.61,1.45,36.96,-3.3300000000000005,-1.52,-2.08,4.07,0.7,-1.42,5717.51,101.03,,,4.63,0.7,0.64,1.45,1.42,1.73,1.96,115.14,8.48,,
WEX,2026-09-26,Technology,Software - Infrastructure,6080000000.0,17.75,8.39,0.62,2.18,4.55,56.0,30.19,2.25,7.2,57.37,25.96,12.560000000000002,24.7,5.82,13.63,,11.27,3.98,2.62,1.04,1.04,,1.72,117.36999999999999,7.43,,
WFC,2026-09-26,Financial,Banks - Diversified,250900000000.0,12.05,10.39,0.76,1.95,1.52,36.59,12.520000000000001,1.06,6.39,,21.92,16.83,16.53,9.48,13.6,70.67,8.6,2.57,0.96,0.96,,2.3,0.21,79.62,1.05,,
WFRD,2026-09-26,Energy,Oil & Gas Equipment & Services,6180000000.0,16.81,12.12,1.39,1.29,3.42,11.76,22.2,7.15,10.96,29.24,14.42,7.66,-23.89,41.1,8.73,,5.94,0.91,0.87,2.34,1.77,1.29,2.1,105.75000000000001,5.81,,
WGO,2026-09-26,Consumer Cyclical,Recreational Vehicles,767500000.0,19.97,11.59,0.57,0.27,0.62,4.25,3.1400000000000006,1.8500000000000003,2.25,12.24,2.42,1.36,8.37,29.44,20.44,-13.14,3.5,0.39,0.39,2.37,0.92,5.06,4.17,107.84,9.4,,
WH,2026-09-26,Consumer Cyclical,Lodging,5190000000.0,25.6,13.17,1.36,3.66,10.86,16.13,39.62,4.82,6.64,45.2,38.15,14.67,4.55,10.97,9.7,,1.77,5.57,5.53,0.99,0.99,2.46,2.49,107.32,9.53,,
WHD,2026-09-26,Energy,Oil & Gas Equipment & Services,5160000000.0,55.04,18.21,1.23,3.78,3.61,16.03,6.849999999999999,3.71,6.4,30.659999999999997,19.17,6.01,11.22,17.99,14.76,27.27,25.36,0.05,0.03,2.59,1.81,0.9000000000000001,0.56,110.55,5.09,,
WHR,2026-09-26,Consumer Cyclical,"Furnishings, Fixtures & Appliances",2069999999.9999998,10.66,8.98,,0.14,0.52,,5.98,1.1,1.59,13.530000000000001,3.08,1.17,-70.66,93.22,-6.15,-19.73,-4.41,2.05,1.99,1.15,0.71,3.04,4.47,102.42999999999999,24.94,,
WINA,2026-09-26,Consumer Cyclical,Specialty Retail,1060000000.0,26.91,23.73,,12.3,,24.62,,94.36,166.98,96.66,62.33,47.09,0.62,9.85,,7.92,5.43,,,3.75,3.67,1.34,17.0,90.46,12.44,,
WING,2026-09-26,Consumer Cyclical,Restaurants,2700000000.0,23.52,18.54,1.06,3.74,,21.0,,17.04,23.48,82.62,28.77,16.15,8.28,20.94,17.42,51.34,22.87,,,2.97,2.97,1.28,0.73,125.61,18.33,,
WKC,2026-09-26,Energy,Oil & Gas Refining & Marketing,1820000000.0,,13.93,,0.04,1.45,,-12.560000000000002,-2.83,-8.99,1.6200000000000003,0.8100000000000002,-0.43,88.48,-28.89,-6.13,,12.95,0.59,0.59,1.06,0.91,2.5,3.72,117.69000000000001,19.99,,
WLK,2026-09-26,Basic Materials,Specialty Chemicals,8650000000.0,,21.46,,0.77,0.99,,-12.950000000000001,-6.11,-8.5,8.52,0.19,-10.88,435.83,4.42,,,8.28,0.68,0.66,2.45,1.7,3.2300000000000004,74.18,31.569999999999997,16.09,,
WLY,2026-09-26,Communication Services,Publishing,2410000000.0,12.58,8.97,,1.45,3.03,10.05,25.91,7.01,9.25,71.23,17.56,11.9,14.56,10.42,,9.65,-2.89,1.72,1.69,0.64,0.61,2.99,22.93,85.19,11.92,,
WM,2026-09-26,Industrials,Waste Management,82670000000.0,29.28,22.81,2.34,3.22,8.34,23.14,29.830000000000002,6.19,8.86,29.15,18.51,11.12,8.17,11.79,9.76,13.74,10.62,2.35,2.24,0.91,0.87,1.82,0.24,86.11,1.45,,
WMB,2026-09-26,Energy,Oil & Gas Midstream,84720000000.0,27.65,27.02,2.17,6.87,6.44,,23.98,5.26,7.44,43.93,37.99,24.91,16.54,4.75,12.45,65.64,8.91,2.33,2.13,0.48,0.43,3.04,0.49,92.15,1.97,,
WMG,2026-09-26,Communication Services,Entertainment,14200000000.0,21.46,15.06,0.34,1.94,16.62,16.98,92.17,6.49,11.61,40.06,18.77,9.1,116.08,20.88,44.22,,8.49,5.76,5.71,0.73,0.72,2.86,72.29,30.760000000000005,6.63,,
WMS,2026-09-26,Industrials,Building Products & Equipment,10040000000.0,22.98,17.95,1.46,3.12,5.3,18.25,25.27,10.87,12.59,35.33,21.5,14.000000000000002,-0.18,18.51,12.31,16.0,9.0,0.95,0.92,2.12,1.18,0.58,7.22,94.72,4.11,,
WMT,2026-09-26,Consumer Defensive,Discount Stores,856690000000.0,39.12,33.44,2.99,1.16,8.73,63.42,23.44,7.82,14.2,25.230000000000004,4.39,3.0,9.48,11.72,11.18,11.53,4.99,0.75,0.58,0.77,0.23,0.9199999999999999,44.21,38.74,1.82,,
WOR,2026-09-26,Industrials,Metal Fabrication,3050000000.0,18.81,14.76,1.33,2.14,2.95,15.51,16.3,9.14,11.79,27.12,5.9,11.5,11.69,12.05,11.09,-25.22,-15.32,0.33,0.32,2.67,1.53,1.29,38.16,52.75,4.26,,
WPC,2026-09-26,Real Estate,REIT - Diversified,15060000000.0,22.64,21.43,2.12,8.4,1.74,14.88,7.71,3.55,3.77,59.97,53.17000000000001,36.34,28.37,-1.04,10.09,-4.13,7.26,1.03,0.99,0.3,0.3,5.67,1.07,79.95,3.61,,
WRB,2026-09-26,Financial,Insurance - Property & Casualty,24810000000.0,13.74,13.81,2.58,1.67,2.52,6.86,20.16,4.86,14.94,,16.89,12.94,12.58,-0.75,5.36,28.92,12.67,0.32,0.31,0.42,,2.09,40.64,61.15999999999999,7.01,,
WRBY,2026-09-26,Healthcare,Medical Instruments & Supplies,3300000000.0,440.03,44.43,1.18,3.62,8.41,151.8,2.06,1.05,1.27,52.61,0.25,0.8500000000000001,21.52,37.6,37.69,,17.23,0.64,0.55,2.18,1.93,,17.35,101.6,17.25,,
WRLD,2026-09-26,Financial,Credit Services,802020000.0,20.33,11.36,,1.35,2.21,3.07,10.07,3.7800000000000002,4.01,98.51,17.39,6.709999999999999,89.1,14.87,,-12.26,2.17,1.79,1.74,0.43,0.43,,18.74,92.74,10.99,,
WS,2026-09-26,Basic Materials,Steel,1850000000.0,258.63,7.45,0.19,0.54,1.7,23.09,0.75,0.38,0.67,11.32,3.1400000000000006,0.22999999999999998,53.36,42.4,39.57,-53.75,-4.08,0.33,0.12,1.46,0.92,1.77,36.26,55.559999999999995,5.43,,
WSBC,2026-09-26,Financial,Banks - Regional,3710000000.0,11.22,9.99,1.79,2.44,0.95,9.37,8.98,1.29,6.17,,30.67,21.83,5.38,7.98,5.57,4.64,16.27,0.43,0.4,0.06,,3.95,2.22,85.91,6.67,,
WSC,2026-09-26,Industrials,Rental & Leasing Services,3290000000.0,,14.02,1.03,1.44,3.61,11.06,-7.08,-1.15,-1.5,46.38,20.55,-3.0,-6.67,15.69,13.64,,10.78,4.17,4.05,0.81,0.74,1.32,2.54,118.39,7.27,,
WSFS,2026-09-26,Financial,Banks - Regional,3970000000.0,13.04,11.22,0.83,2.89,1.47,13.48,11.85,1.48,10.21,,31.2,23.34,26.52,5.11,13.54,17.51,14.21,0.16,0.15,0.17,,0.9899999999999999,1.09,93.2,5.11,,
WSM,2026-09-26,Consumer Cyclical,Specialty Retail,27310000000.0,23.72,22.06,2.08,3.41,12.76,20.33,54.96,21.97,34.16,47.19,19.23,14.730000000000002,11.09,10.57,10.6,15.47,2.85,0.71,0.61,1.45,0.68,1.28,1.9900000000000002,97.86,4.97,,
WSO,2026-09-26,Industrials,Industrial Distribution,13090000000.0,27.59,24.12,4.65,1.8,4.37,18.78,15.35,9.0,12.95,26.91,9.02,6.06,-1.41,8.88,5.19,11.8,7.45,0.18,0.14,3.2,1.45,3.8699999999999997,14.06,93.07,11.29,,
WST,2026-09-26,Healthcare,Medical Instruments & Supplies,26070000000.0,47.36,37.05,2.28,7.84,8.72,59.67,19.09,14.069999999999999,17.2,36.82,21.97,16.98,23.05,11.47,16.28,8.26,7.45,0.11,0.1,2.82,2.12,0.22,0.75,102.41,3.4,,
WT,2026-09-26,Financial,Asset Management,3690000000.0,46.7,18.0,0.84,6.05,8.82,18.82,18.56,5.87,5.43,78.31,39.75,13.15,40.86,11.56,21.43,,14.59,2.58,2.53,3.0,3.0,0.49,12.93,107.04,11.36,,
WTFC,2026-09-26,Financial,Banks - Regional,9860000000.0,11.74,10.58,1.07,2.27,1.38,6.11,12.21,1.25,7.57,,27.98,19.53,15.23,5.15,9.86,19.49,17.97,0.58,0.58,0.09,,1.51,1.52,96.84,3.95,,
WTRG,2026-09-26,Utilities,Utilities - Regulated Water,11220000000.0,20.19,16.77,3.96,4.37,1.6,,8.08,2.88,3.59,38.94,35.06,21.6,1.49,5.6,4.23,14.45,11.09,1.21,1.2,0.78,0.62,3.5699999999999994,0.22999999999999998,80.47,2.66,,
WTS,2026-09-26,Industrials,Specialty Industrial Machinery,11940000000.0,31.23,25.49,1.96,4.46,5.46,34.18,18.81,13.720000000000002,16.71,48.79,19.46,14.34,21.53,9.17,13.03,24.79,10.08,0.05,0.05,2.66,1.6,0.67,18.76,82.48,2.75,,
WTW,2026-09-26,Financial,Insurance Brokers,27300000000.0,18.14,12.85,0.77,2.7,3.56,16.17,19.83,5.3,11.24,81.24,23.4,15.49,16.04,15.41,16.69,16.17,2.43,0.92,0.81,1.1,1.1,1.29,0.44,100.51999999999998,2.65,,
WU,2026-09-26,Financial,Credit Services,1930000000.0,4.98,4.08,,0.48,2.11,3.41,43.97,4.96,11.74,30.510000000000005,16.77,9.81,-26.23,17.41,-1.74,-3.18,-3.48,2.95,2.68,0.22,0.22,14.800000000000002,1.52,97.89,16.05,,
WWD,2026-09-26,Industrials,Aerospace & Defense,19500000000.0,36.73,30.71,1.36,4.65,7.91,51.8,22.34,11.14,17.75,29.469999999999995,15.839999999999998,13.170000000000002,37.41,13.61,22.62,13.95,7.41,0.55,0.26,1.65,1.14,0.38,0.63,91.51,1.8,,
WWW,2026-09-26,Consumer Cyclical,Footwear & Accessories,1570000000.0,14.79,10.31,0.63,0.8,3.48,9.15,26.6,6.0,9.56,46.9,8.69,5.41,22.83,12.42,16.34,,0.91,1.66,1.46,1.55,0.98,2.1,1.59,102.91,7.35,,
WY,2026-09-26,Real Estate,REIT - Specialty,14420000000.0,30.6,27.76,0.39,2.1,1.53,,4.97,2.86,3.2,14.510000000000002,6.16,6.890000000000001,64.29,119.38,71.83,-15.92,-1.72,0.58,0.56,1.82,1.15,4.2,0.86,92.18,3.83,,
WYNN,2026-09-26,Consumer Cyclical,Resorts & Casinos,8350000000.0,19.43,16.23,1.3,1.13,,10.54,,3.47,4.18,32.09,16.3,6.06,10.32,8.14,12.5,,27.77,,,0.91,0.88,1.29,24.41,73.39,11.53,,
XEL,2026-09-26,Utilities,Utilities - Regulated Electric,43600000000.0,19.11,15.34,1.56,2.98,1.81,,9.92,2.75,3.6,25.980000000000004,21.16,15.289999999999997,8.31,10.52,9.82,4.2,4.94,1.73,1.58,0.7,0.62,3.42,0.19,98.28,6.64,,
XHR,2026-09-26,Real Estate,REIT - Hotel & Motel,1680000000.0,,25.24,,1.53,1.51,14.51,-0.62,-0.26,-0.29,14.360000000000001,6.64,-0.7,-120.31,653.85,,,23.87,1.25,1.24,2.18,2.18,3.08,0.73,97.12,3.54,,
XNCR,2026-09-26,Healthcare,Biotechnology,1770000000.0,,,,16.86,3.52,,-29.07,-20.36,-25.44,90.3,-205.84000000000003,-155.59,-147.82,-8.96,,-0.43,0.47,0.34,0.28,6.39,6.39,,5.87,109.47,22.51,,
XOM,2026-09-26,Energy,Oil & Gas Integrated,660330000000.0,20.67,14.48,1.01,1.82,2.55,21.61,12.55,7.180000000000001,11.23,20.88,11.3,9.01,71.48,-7.48,14.27,,12.7,0.16,0.12,1.13,0.85,2.59,0.21,68.17,0.97,,
XPEL,2026-09-26,Consumer Cyclical,Auto Parts,1200000000.0,21.98,15.29,0.5,2.36,3.92,,19.48,13.84,15.08,42.9,13.41,10.77,18.92,29.24,30.32,22.82,24.54,0.21,0.19,2.61,1.14,,9.44,85.83,10.24,,
XPO,2026-09-26,Industrials,Trucking,20280000000.0,50.92,26.55,0.93,2.37,10.33,34.31,21.59,4.91,7.19,12.75,9.82,4.71,47.16,18.83,28.47,,-4.37,2.03,1.86,1.01,1.01,,3.2799999999999994,102.38000000000001,5.61,,
XRAY,2026-09-26,Healthcare,Medical Instruments & Supplies,1870000000.0,,6.23,4.55,0.51,1.39,13.1,-32.98,-9.69,-15.9,49.52,5.08,-14.99,-4.44,-1.28,1.37,-51.27,1.95,1.71,1.54,1.63,1.07,0.68,0.8500000000000001,114.8,12.44,,
XYL,2026-09-26,Industrials,Specialty Industrial Machinery,23960000000.0,24.38,16.47,1.58,2.63,2.3,25.96,9.47,5.9,7.94,39.09,15.370000000000001,11.17,11.49,10.04,10.45,22.83,13.14,0.29,0.23,1.61,1.24,1.69,0.35,98.06,4.68,,
XYZ,2026-09-26,Technology,Software - Infrastructure,45910000000.0,136.05,14.58,0.36,1.83,2.08,11.83,1.6200000000000003,0.9399999999999998,1.25,45.81,17.59,1.43,71.17,29.2,40.1,36.61,20.56,0.33,0.3,2.21,2.19,,11.45,75.36,2.52,,
YELP,2026-09-26,Communication Services,Internet Content & Information,978370000.0,8.63,7.13,1.03,0.66,1.54,3.3,18.19,12.839999999999998,16.64,85.59,12.689999999999998,8.59,-19.46,40.21,6.93,,10.91,0.19,0.18,1.75,1.75,,4.49,111.77,20.01,,
YETI,2026-09-26,Consumer Cyclical,Leisure,3090000000.0,18.4,12.61,0.87,1.59,5.06,12.08,25.319999999999997,13.73,21.22,59.209999999999994,12.18,9.24,20.05,12.58,14.53,2.71,11.35,0.42,0.38,1.75,0.87,1.02,1.51,123.27,11.32,,
YOU,2026-09-26,Technology,Software - Application,5360000000.0,27.03,18.03,0.49,5.35,19.6,10.54,90.29,10.72,47.7,63.18,25.129999999999995,14.78,63.39,20.04,36.75,,31.3,0.53,0.5,1.04,1.04,1.77,7.180000000000001,95.51,13.32,,
YUM,2026-09-26,Consumer Cyclical,Restaurants,37830000000.0,17.43,19.21,1.93,4.34,,22.53,,28.42,63.45,45.33,32.42,25.420000000000005,8.31,10.16,9.96,13.51,7.76,,,0.59,0.59,2.15,0.15,91.7,3.62,,
ZBH,2026-09-26,Healthcare,Medical Devices,17360000000.0,22.16,10.04,1.72,2.04,1.37,14.47,6.419999999999999,3.53,4.27,61.42999999999999,16.33,9.48,4.05,6.28,5.85,,3.22,0.59,0.5,1.69,0.94,1.14,0.18,106.69999999999999,4.5,,
ZBRA,2026-09-26,Technology,Communication Equipment,17510000000.0,33.86,16.65,1.11,2.97,5.11,19.37,15.289999999999997,6.5,13.2,47.56,17.16,9.16,33.4,5.17,14.95,-2.63,4.06,0.86,0.19,0.52,0.33,,0.98,105.76999999999998,3.95,,
ZD,2026-09-26,Communication Services,Advertising Agencies,1940000000.0,,9.76,2.44,1.46,0.88,6.12,-2.75,-1.49,-1.12,69.25,10.2,-2.5,-22.99,13.36,4.0,-18.45,4.6,0.39,0.32,2.16,2.16,,3.7000000000000006,121.67000000000002,16.78,,
ZION,2026-09-26,Financial,Banks - Regional,9320000000.0,8.13,9.31,1.33,1.8,1.22,5.12,16.19,1.3,11.71,,29.059999999999995,22.3,33.27,-14.38,7.02,14.71,10.9,0.45,0.29,0.15,,2.87,1.58,84.63,4.15,,
ZTS,2026-09-26,Healthcare,Drug Manufacturers - Specialty & Generic,29360000000.0,11.69,10.99,3.63,3.08,9.35,12.41,64.39,17.7,21.12,70.22,37.65,27.49,-2.45,3.36,3.03,11.96,7.24,2.93,2.93,3.08,1.84,3.02,0.22999999999999998,100.12999999999998,4.22,,
ZWS,2026-09-26,Industrials,Pollution & Treatment Controls,7740000000.0,28.64,23.02,1.75,4.33,4.67,20.61,16.92,10.03,12.59,45.72,21.33,15.45,20.43,10.71,13.19,-2.0,-2.36,0.33,0.32,3.05,2.13,0.96,11.74,90.48,3.34,,
