ticker,as_of,sector,industry,market_cap,pe,forward_pe,peg,ps,pb,pfcf,roe,roa,roi,gross_margin,oper_margin,net_margin,eps_growth,eps_growth_next_y,eps_growth_5y,eps_growth_past5y,sales_growth,debt_equity,lt_debt_equity,current_ratio,quick_ratio,dividend_yield,insider_own,inst_own,short_float,promoter_holding,pledged_pct
A,2026-10-10,Healthcare,Diagnostics & Research,48080000000.0,33.58,25.29,2.52,6.52,6.53,37.95,20.97,11.0,13.08,53.72,24.09,19.53,10.95,8.72,10.03,14.68,5.41,0.54,0.5,2.05,1.56,0.6,0.34,95.54,1.87,,
AA,2026-10-10,Basic Materials,Aluminum,11140000000.0,8.66,7.05,0.41,0.81,1.51,31.64,19.1,8.1,13.45,14.2,11.66,9.33,73.0,-8.22,17.17,,7.07,0.3,0.3,1.53,0.92,0.95,0.54,83.66,4.47,,
AAL,2026-10-10,Industrials,Airlines,8449999999.999999,,10.61,0.1,0.14,,29.64,,-0.51,-1.18,17.86,1.83,-0.56,-361.07,227.91,105.86,,25.8,,,0.53,0.42,,1.51,78.48,12.06,,
AAMI,2026-10-10,Financial,Asset Management,3330000000.0,33.06,14.84,0.44,4.79,36.15,13.72,200.4,13.26,29.42,96.56,26.6,14.59,62.46,19.6,33.54,-8.76,3.76,2.8,2.75,1.06,1.06,0.44,0.52,103.34,4.8,,
AAON,2026-10-10,Industrials,Building Products & Equipment,7100000000.0,45.07,23.94,0.48,3.68,7.03,,17.28,9.76,10.76,24.05,11.05,8.24,76.08,51.38,49.88,5.45,22.89,0.48,0.47,3.01,2.01,0.45999999999999996,16.45,84.31,8.13,,
AAP,2026-10-10,Consumer Cyclical,Auto Parts,2550000000.0,30.7,10.81,0.43,0.3,1.12,111.08,4.84,0.96,1.12,45.03,3.91,0.97,32.18,31.01,25.2,-36.7,-3.17,2.31,2.31,1.75,0.85,2.37,1.8900000000000001,125.39,18.89,,
AAPL,2026-10-10,Technology,Consumer Electronics,4912980000000.0,38.59,35.02,2.75,10.52,45.74,35.94,148.75,36.08,72.08,48.65,33.17,27.62,18.44,8.8,12.73,17.91,8.71,0.78,0.66,1.0,0.93,0.33,0.12,68.92,0.83,,
AAT,2026-10-10,Real Estate,REIT - Diversified,1320000000.0,72.65,58.16,,3.01,1.18,14.91,1.6399999999999997,0.65,0.67,31.269999999999996,22.77,4.09,-57.61,-5.13,-23.0,14.72,6.88,1.53,1.53,2.46,2.46,6.32,25.22,79.62,3.87,,
ABBV,2026-10-10,Healthcare,Drug Manufacturers - General,488550000000.0,78.17,16.86,0.79,7.59,,26.83,15221.82,4.6,11.08,71.42,34.18,9.74,39.91,17.21,21.3,-2.81,5.95,,,0.81,0.69,2.48,0.1,78.24,0.92,,
ABCB,2026-10-10,Financial,Banks - Regional,5300000000.0,14.3,11.24,1.32,3.12,1.3,10.16,9.4,1.36,8.87,,33.34,22.11,10.61,6.06,8.5,9.71,7.93,0.34,0.04,0.16,,1.03,5.82,99.95,4.77,,
ABG,2026-10-10,Consumer Cyclical,Auto & Truck Dealerships,3010000000.0,6.27,5.69,1.3,0.17,0.77,6.16,13.23,4.73,7.13,16.61,5.08,2.83,-8.15,14.1,4.37,13.75,20.34,1.41,0.82,0.91,0.29,,0.9399999999999998,107.01,7.56,,
ABM,2026-10-10,Industrials,Specialty Business Services,2910000000.0,17.93,11.4,1.12,0.32,1.62,9.31,9.19,3.06,4.62,11.34,4.68,1.82,16.49,8.62,10.17,256.47,7.87,1.05,1.01,1.42,1.42,2.33,1.59,102.17,3.47,,
ABNB,2026-10-10,Consumer Cyclical,Travel Services,99320000000.0,37.7,26.51,1.16,7.51,12.55,20.44,34.54,9.65,26.19,72.56,21.21,20.35,31.69,17.9,22.8,,29.5,0.32,0.32,1.41,1.41,,31.34,62.75999999999999,3.75,,
ABR,2026-10-10,Real Estate,REIT - Mortgage,535419999.99999994,44.7,6.07,,0.45,0.25,1.63,2.01,0.4099999999999999,0.48,94.25,70.95,1.36,-78.5,105.43,,-16.98,12.27,3.99,3.35,0.55,0.24,28.22,4.53,66.1,22.88,,
ABT,2026-10-10,Healthcare,Medical Devices,172350000000.0,32.19,16.42,1.76,3.7,3.37,22.03,10.63,5.59,6.7,52.81,16.44,11.6,7.07,9.97,9.32,8.23,5.08,0.64,0.58,1.38,0.97,2.59,0.68,82.12,0.79,,
ACA,2026-10-10,Industrials,Engineering & Construction,7230000000.0,55.07,30.24,7.41,2.63,2.42,53.5,7.24,3.8599999999999994,2.93,23.04,11.18,4.78,-4.25,13.73,4.08,14.24,8.3,0.51,0.5,3.12,2.31,0.14,1.91,92.16,3.11,,
ACAD,2026-10-10,Healthcare,Biotechnology,3410000000.0,8.91,21.34,,2.99,2.61,23.4,35.74,25.64,27.85,91.13,7.59,33.42,-73.22,50.48,-12.51,,19.39,0.06,0.05,3.39,3.3,,1.31,97.85,4.87,,
ACGL,2026-10-10,Financial,Insurance - Diversified,32610000000.0,7.47,9.77,4.61,1.75,1.4,5.39,19.94,6.800000000000001,17.02,,25.11,25.03,-1.67,0.85,2.12,28.39,18.36,0.18,0.15,0.5,,0.18,2.88,94.04,2.32,,
ACHC,2026-10-10,Healthcare,Medical Care Facilities,2720000000.0,,15.84,5.62,0.81,1.34,,-44.54,-19.0,-25.08,16.26,10.06,-33.44,-23.69,20.99,2.82,,9.65,1.3,1.27,1.57,1.56,,6.49,139.75,26.16,,
ACI,2026-10-10,Consumer Defensive,Grocery Stores,5920000000.0,162.97,,,0.07,3.69,10.48,2.72,0.25,0.42,24.96,1.96,0.08,-17.56,,-5.09,-24.7,3.6,9.74,8.81,0.84,0.21,4.46,33.03,64.44,18.3,,
ACIW,2026-10-10,Technology,Software - Infrastructure,5140000000.0,23.28,17.21,,2.82,3.44,16.48,15.620000000000001,7.24,9.83,43.7,19.02,12.4,19.91,14.09,,28.58,6.34,0.58,0.53,1.58,1.58,,1.92,104.10999999999999,6.46,,
ACLS,2026-10-10,Technology,Semiconductor Equipment & Materials,4160000000.0,45.3,25.57,1.34,4.8,3.9,63.46,8.89,6.849999999999999,8.22,43.01,10.33,10.71,-15.86,28.3,19.03,20.99,12.07,0.07,0.06,4.9,3.21,,1.33,101.98,4.72,,
ACM,2026-10-10,Industrials,Engineering & Construction,7630000000.0,21.64,9.33,0.81,0.5,3.48,37.5,15.909999999999998,3.07,6.77,5.68,4.65,2.35,-24.22,59.41,11.48,,4.04,1.52,1.43,1.06,1.06,1.45,0.66,94.84,4.64,,
ACMR,2026-10-10,Technology,Semiconductor Equipment & Materials,4970000000.0,33.9,22.57,0.58,4.79,2.67,,10.55,5.52,7.3,43.84,13.29,14.48,37.58,42.77,38.89,35.88,41.91,0.19,0.11,3.65,2.66,0.17,16.47,70.6,6.97,,
ACN,2026-10-10,Technology,Information Technology Services,127930000000.0,15.41,13.1,1.77,1.72,3.95,11.01,26.66,12.04,18.98,31.790000000000003,15.53,11.28,5.05,8.76,7.41,8.18,7.98,0.42,0.4,1.43,1.34,3.3099999999999996,0.22,83.0,3.23,,
ACT,2026-10-10,Financial,Insurance - Specialty,6320000000.0,9.69,9.1,2.01,5.04,1.18,8.77,12.869999999999997,9.95,11.13,,73.11,54.510000000000005,6.2,5.28,4.53,14.7,2.24,0.14,0.14,1.62,,2.02,79.1,22.13,9.52,,
ADAM,2026-10-10,Real Estate,REIT - Mortgage,687580000.0,4.55,7.47,,0.83,0.74,4.48,14.17,1.72,3.53,85.74,82.71,18.6,18.52,-21.45,-4.19,,35.33,7.69,2.89,0.06,0.06,13.8,6.63,58.45,2.63,,
ADBE,2026-10-10,Technology,Software - Application,94290000000.0,13.52,8.74,0.59,3.63,8.05,8.9,61.9,24.8,43.25,88.68,36.42,28.050000000000004,16.92,13.25,14.75,9.04,13.06,0.57,0.43,0.77,0.77,,0.18,89.15,4.56,,
ADC,2026-10-10,Real Estate,REIT - Retail,8199999999.999999,35.53,32.95,7.45,10.52,1.29,15.46,3.6900000000000004,2.29,2.38,54.25,48.43,27.83,7.31,5.39,4.42,0.32,23.65,0.6,0.45,0.16,0.16,4.85,2.16,115.5,6.37,,
ADEA,2026-10-10,Technology,Software - Application,2630000000.0,22.08,14.92,4.77,5.6,5.52,13.97,27.88,11.7,14.42,86.76,46.81,26.05,-13.71,12.43,3.13,-10.86,-13.05,0.83,0.78,3.25,3.25,0.84,2.76,104.0,7.03,,
ADI,2026-10-10,Technology,Semiconductors,196830000000.0,48.2,24.38,0.67,14.18,5.87,39.86,12.23,8.56,10.25,60.39,35.89,29.79,65.19,29.45,36.14,6.82,14.49,0.27,0.2,1.25,0.91,1.05,0.26,94.31,2.05,,
ADM,2026-10-10,Consumer Defensive,Farm Products,38500000000.0,21.87,13.57,0.7,0.47,1.63,22.96,7.7,3.35,5.7,7.02,2.49,2.15,59.46,7.67,19.36,-6.68,4.52,0.4,0.32,1.39,0.86,2.66,0.69,89.97,2.67,,
ADMA,2026-10-10,Healthcare,Biotechnology,2320000000.0,14.71,10.98,0.49,4.53,5.72,19.92,41.9,27.190000000000005,27.83,64.67,42.26,32.98,21.3,18.41,22.25,,64.6,0.5,0.49,6.97,3.81,,4.16,89.97,9.6,,
ADNT,2026-10-10,Consumer Cyclical,Auto Parts,1340000000.0,29.13,5.95,0.23,0.09,0.78,4.55,2.73,0.54,1.12,6.15,2.58,0.32,5.09,44.44,25.92,10.31,2.78,1.53,1.48,1.1,0.91,1.83,2.15,98.59,8.82,,
ADP,2026-10-10,Technology,Software - Application,107340000000.0,24.75,20.23,2.13,4.89,17.87,20.47,72.24,7.57,39.05,50.67,26.41,20.11,10.29,9.2,9.51,12.51,7.9,0.91,0.87,1.05,1.05,2.58,0.19,92.19,2.77,,
ADSK,2026-10-10,Technology,Software - Application,49190000000.0,30.49,16.61,1.05,6.29,14.54,17.33,53.849999999999994,13.780000000000001,29.62,85.81,23.39,21.01,20.74,12.5,15.75,-0.79,13.69,1.1,0.64,0.86,0.86,,0.37,100.72000000000001,4.5,,
ADT,2026-10-10,Industrials,Security & Protection Services,4700000000.0,8.9,6.53,1.04,0.91,1.36,2.91,17.2,3.8699999999999997,5.57,48.75,25.19,11.86,3.64,6.81,6.25,,-0.71,2.24,2.16,0.69,0.52,3.42,9.29,98.96,3.6,,
ADUS,2026-10-10,Healthcare,Medical Care Facilities,2140000000.0000002,20.05,15.16,1.74,1.45,1.86,13.79,9.71,7.35,8.47,31.230000000000004,10.85,7.13,13.12,7.01,8.72,20.22,13.22,0.09,0.08,1.69,1.69,,2.89,105.05,5.09,,
AEE,2026-10-10,Utilities,Utilities - Regulated Electric,28290000000.0,17.99,17.61,2.25,3.23,2.07,,12.02,3.19,4.77,31.72,24.87,17.86,7.17,7.65,7.84,8.84,8.72,1.59,1.39,0.53,0.37,2.95,0.37,90.43,5.16,,
AEIS,2026-10-10,Industrials,Electrical Equipment & Parts,11560000000.0,53.83,18.89,0.44,5.67,7.93,130.48,16.27,7.6,8.18,38.9,14.62,10.77,75.46,35.88,43.35,1.93,4.9,0.95,0.84,3.79,2.94,0.1,0.93,101.10999999999999,4.61,,
AEO,2026-10-10,Consumer Cyclical,Apparel Retail,3040000000.0,9.3,9.45,0.66,0.53,1.73,8.86,20.36,8.08,9.98,37.23,9.34,5.91,45.42,-11.87,14.22,,8.09,1.09,0.91,1.59,0.62,2.23,7.000000000000001,101.01,10.74,,
AEP,2026-10-10,Utilities,Utilities - Regulated Electric,66860000000.0,21.28,17.89,2.15,2.94,2.08,,10.14,2.74,3.9,30.870000000000005,23.33,13.819999999999999,6.95,7.52,8.32,8.53,7.88,1.67,1.51,0.5,0.38,3.1300000000000003,0.18,94.54,5.42,,
AES,2026-10-10,Utilities,Utilities - Diversified,10660000000.0,5.58,6.08,1.34,0.82,2.16,,28.22,3.72,5.21,20.26,18.69,14.679999999999998,-1.67,6.83,4.53,82.82,4.83,4.02,3.58,0.75,0.67,4.82,0.6,92.07,3.33,,
AESI,2026-10-10,Energy,Oil & Gas Equipment & Services,1540000000.0,,,,1.44,1.38,,-9.93,-4.93,-5.65,4.16,-9.39,-11.08,-133.95,69.81,,-3.59,57.85,0.94,0.88,1.82,1.58,,35.92,84.98,29.61,,
AFG,2026-10-10,Financial,Insurance - Property & Casualty,11700000000.0,12.33,11.62,1.58,1.43,2.43,8.18,20.41,3.73,13.91,,14.31,11.69,20.91,-2.37,7.34,4.21,7.53,0.42,0.42,0.5,,5.03,17.24,70.25,2.55,,
AFL,2026-10-10,Financial,Insurance - Life,57420000000.0,12.27,15.1,7.12,3.18,1.9,21.69,16.91,4.05,12.69,,33.36,26.91,-6.35,8.12,2.12,0.43,-4.97,0.29,0.26,1.0,,2.14,10.98,60.67,2.61,,
AGCO,2026-10-10,Industrials,Farm & Heavy Construction Machinery,7230000000.0,14.29,14.03,0.69,0.7,1.77,21.9,12.93,4.41,8.37,24.56,6.59,5.15,6.72,30.62,20.32,11.57,1.96,0.7,0.56,1.32,0.58,1.16,15.909999999999998,96.36,6.07,,
AGNT,2026-10-10,Real Estate,Real Estate Services,621680000.0,,31.0,,0.13,2.21,6.69,-6.890000000000001,-3.37,-6.12,6.83,-0.22999999999999998,-0.35,207.14,-20.0,,,21.56,0.02,0.0,1.52,1.52,5.38,40.05,39.49,14.21,,
AGO,2026-10-10,Financial,Insurance - Specialty,3080000000.0,9.38,10.23,,3.33,0.55,9.51,6.27,2.84,4.72,,55.94,37.47,-23.67,-1.27,-3.38,19.7,-1.19,0.34,0.34,5.8,,2.17,6.24,94.32,5.76,,
AGX,2026-10-10,Industrials,Engineering & Construction,5510000000.0,31.04,24.89,1.04,4.64,10.87,10.09,39.85,15.7,35.38,20.68,15.36,15.09,35.68,19.36,23.91,45.23,19.22,0.02,0.0,1.5,1.49,0.54,3.42,111.38,9.08,,
AGYS,2026-10-10,Technology,Software - Application,2960000000.0,69.58,32.81,0.91,8.97,8.75,36.83,13.8,9.54,12.2,60.199999999999996,12.0,12.990000000000002,37.22,30.33,36.11,,18.41,0.05,0.04,1.74,1.67,,7.91,105.86,6.39,,
AHCO,2026-10-10,Healthcare,Medical Devices,826250000.0,,,,0.26,0.6,8.46,-16.12,-5.5,-6.73,15.939999999999998,4.54,-7.049999999999999,-132.73,87.99,-20.65,29.83,25.16,1.5,1.45,1.12,0.98,,36.66,77.27,11.11,,
AHR,2026-10-10,Real Estate,REIT - Healthcare Facilities,11150000000.0,75.35,64.72,2.18,4.46,2.68,57.03,3.9599999999999995,2.37,2.33,9.45,6.819999999999999,4.84,42.19,31.44,29.68,103.46,12.68,0.42,0.41,1.19,1.19,1.9900000000000002,8.96,95.84,14.73,,
AIG,2026-10-10,Financial,Insurance - Diversified,40280000000.0,14.11,8.74,0.85,1.51,1.0,10.46,7.22,2.36,5.97,,16.86,11.13,14.13,8.87,10.32,,-9.35,0.22,0.22,0.91,,2.52,0.25,98.15,2.13,,
AIN,2026-10-10,Consumer Cyclical,Textile Manufacturing,1760000000.0,,19.37,,1.43,2.35,30.01,-6.260000000000001,-2.98,-4.28,21.06,-0.9000000000000001,-4.18,405.93,-11.63,,,5.6,0.6,0.6,2.24,1.89,1.79,0.8500000000000001,105.47,3.77,,
AIR,2026-10-10,Industrials,Aerospace & Defense,4040000000.0,20.43,14.79,0.84,1.16,2.32,25.28,12.93,6.09,7.11,19.06,8.54,5.55,16.04,15.87,17.51,37.27,14.89,0.56,0.56,2.83,1.28,,2.47,102.02,5.04,,
AIT,2026-10-10,Industrials,Industrial Distribution,12320000000.0,30.61,25.36,2.9,2.48,6.63,26.75,22.37,13.4,18.08,29.01,11.69,8.35,9.88,9.93,8.73,24.34,8.95,0.26,0.23,2.58,1.75,0.62,0.8100000000000002,97.28,2.26,,
AIZ,2026-10-10,Financial,Insurance - Property & Casualty,13140000000.0,12.65,11.41,1.42,0.98,2.16,7.94,18.34,3.6699999999999995,13.28,,10.71,7.9,13.5,4.06,8.03,20.6,5.96,0.36,0.31,3.28,,1.32,0.78,101.37,2.7,,
AJG,2026-10-10,Financial,Insurance Brokers,59640000000.0,38.5,15.68,0.98,3.79,2.51,26.08,6.72,1.94,4.34,90.43,17.08,9.96,22.8,13.06,15.93,6.47,15.25,0.59,0.53,1.05,1.05,1.2,1.9299999999999997,94.47,3.28,,
AKAM,2026-10-10,Technology,Software - Infrastructure,15370000000.0,38.58,15.82,2.42,3.56,3.23,24.4,8.92,3.2099999999999995,3.42,53.37,11.92,9.51,-6.21,1.21,6.54,-1.83,5.64,1.97,1.53,1.61,1.61,,2.23,114.47,13.72,,
AKR,2026-10-10,Real Estate,REIT - Retail,2550000000.0,53.93,51.91,2.51,6.3,1.07,81.57,1.9299999999999997,0.9399999999999998,1.13,31.69,19.41,11.01,113.16,-22.37,20.66,,10.36,0.76,0.69,1.29,1.29,4.39,0.53,121.22999999999999,10.28,,
ALB,2026-10-10,Basic Materials,Specialty Chemicals,11950000000.0,,10.09,,2.02,1.49,8.9,2.19,1.35,1.84,23.84,14.12,0.97,1533.4,-11.4,,,10.45,0.19,0.18,2.09,1.35,1.59,0.26,101.08,10.0,,
ALG,2026-10-10,Industrials,Farm & Heavy Construction Machinery,1860000000.0,18.26,12.52,,1.12,1.53,13.71,8.77,6.16,6.94,23.11,8.91,6.08,12.37,15.65,,11.99,6.63,0.23,0.23,4.39,2.48,0.89,4.1,97.75,3.76,,
ALGM,2026-10-10,Technology,Semiconductors,6630000000.0,473.64,23.7,0.42,7.01,6.87,75.47,1.51,1.01,1.13,47.2,6.22,1.5,90.34,46.04,56.9,,8.53,0.32,0.31,3.7,2.33,,32.9,79.94,9.1,,
ALGN,2026-10-10,Healthcare,Medical Instruments & Supplies,10140000000.0,24.76,11.48,1.29,2.45,2.4,16.0,10.16,6.550000000000001,9.58,70.65,18.38,9.99,7.15,10.4,8.92,-24.08,10.3,0.03,0.02,1.4,1.28,,3.32,105.27,6.12,,
ALGT,2026-10-10,Industrials,Airlines,2089999999.9999998,54.33,7.76,0.14,0.72,1.18,,1.76,0.45999999999999996,0.58,12.710000000000003,8.64,0.86,48.35,74.65,54.72,26.48,21.36,1.6,1.42,0.83,0.8,,10.36,97.97,10.41,,
ALHC,2026-10-10,Healthcare,Healthcare Plans,1570000000.0,40.41,20.41,,0.34,5.9,8.82,20.04,3.5699999999999994,6.83,,1.2,0.89,,136.07,,50.33,32.71,1.25,1.25,1.7,,,4.38,114.41,11.9,,
ALK,2026-10-10,Industrials,Airlines,4390000000.0,,8.86,0.18,0.3,1.2,,-4.6,-0.8500000000000001,-1.65,10.78,-0.32,-1.19,-242.25,228.0,48.0,,31.9,2.08,1.89,0.55,0.51,,0.7,92.82,10.9,,
ALKS,2026-10-10,Healthcare,Drug Manufacturers - Specialty & Generic,6810000000.0,105.48,75.9,,4.09,3.76,30.74,3.85,1.9900000000000002,1.98,82.13,8.62,3.9699999999999998,-137.25,200.43,-8.28,,7.28,0.87,0.85,2.3,1.85,,2.98,105.32999999999998,10.95,,
ALL,2026-10-10,Financial,Insurance - Property & Casualty,58010000000.0,4.58,8.19,,0.83,1.84,4.74,46.11,11.93,32.3,,23.82,18.8,1.93,-21.1,-8.59,17.07,10.06,0.22,0.22,0.43,,1.8799999999999997,0.51,86.72,2.79,,
ALLE,2026-10-10,Industrials,Security & Protection Services,12800000000.0,19.74,15.36,1.58,2.98,6.04,18.78,33.73,12.82,15.34,44.8,20.83,15.36,10.16,9.28,9.69,16.9,8.38,1.05,1.03,1.93,1.23,1.44,0.45000000000000007,104.91999999999999,3.15,,
ALLY,2026-10-10,Financial,Credit Services,11430000000.0,8.85,6.09,0.27,0.72,0.85,14.42,9.68,0.75,4.93,,11.32,8.41,32.93,21.92,22.25,-3.8,7.13,1.49,0.9,0.98,,3.2,0.79,96.15,5.16,,
ALRM,2026-10-10,Technology,Software - Application,2730000000.0,24.59,18.13,2.3,2.57,3.16,14.55,14.19,6.280000000000001,8.28,62.57,13.01,11.11,10.41,6.14,7.89,9.96,10.35,0.66,0.65,4.96,4.38,,5.83,99.89,6.59,,
ALSN,2026-10-10,Consumer Cyclical,Auto Parts,9070000000.0,17.44,10.22,0.52,2.06,4.59,12.76,28.35,7.490000000000001,8.57,35.35,21.4,12.02,11.8,31.18,19.59,22.82,7.66,2.14,2.12,1.81,1.17,1.02,0.8199999999999998,103.93,2.84,,
ALV,2026-10-10,Consumer Cyclical,Auto Parts,8039999999.999999,12.92,9.21,0.82,0.73,3.23,10.62,25.929999999999996,7.580000000000001,15.0,19.22,9.97,5.79,2.59,17.97,11.17,34.94,7.75,0.88,0.72,1.03,0.79,3.1300000000000003,0.36,69.81,6.76,,
AM,2026-10-10,Energy,Oil & Gas Midstream,10010000000.0,25.31,16.16,0.82,7.63,5.15,12.91,19.82,6.61,7.21,62.92,56.10000000000001,30.409999999999997,27.05,19.41,19.75,,5.33,1.86,1.85,0.84,0.84,4.28,30.65,60.480000000000004,3.73,,
AMAT,2026-10-10,Technology,Semiconductor Equipment & Materials,402380000000.0,43.72,27.05,0.72,13.05,15.7,71.56,41.07,23.84,29.37,49.4,31.09,30.049999999999997,35.96,46.33,37.61,17.18,10.52,0.29,0.23,2.42,1.79,0.38,0.5,87.0,1.71,,
AMCR,2026-10-10,Consumer Cyclical,Packaging & Containers,19290000000.0,17.5,,,0.82,1.63,14.99,9.41,2.98,4.17,17.54,8.61,4.71,,,,-4.62,12.82,1.28,1.25,1.25,0.76,6.23,0.24,81.9,4.68,,
AMD,2026-10-10,Technology,Semiconductors,992710000000.0,156.06,37.91,0.49,24.03,14.76,118.14,10.2,8.12,9.11,50.36999999999999,15.71,15.58,83.21,109.94,77.71,5.13,28.82,0.06,0.05,2.61,1.91,,0.51,75.18,2.42,,
AME,2026-10-10,Industrials,Specialty Industrial Machinery,56990000000.0,36.33,26.51,2.42,7.25,5.06,31.61,14.56,9.89,12.58,40.94,26.450000000000003,20.04,12.57,12.1,10.97,11.14,10.27,0.21,0.11,1.21,0.76,0.55,0.4099999999999999,92.86,1.66,,
AMG,2026-10-10,Financial,Asset Management,10010000000.0,13.52,8.99,0.36,4.4,3.31,8.98,27.29,9.4,14.17,93.99,21.7,37.63,42.32,16.2,25.12,39.32,0.54,0.99,0.99,1.29,1.29,0.01,4.39,98.54,4.08,,
AMGN,2026-10-10,Healthcare,Drug Manufacturers - General,224290000000.0,25.77,16.94,2.94,5.87,19.19,22.04,91.47,9.53,13.76,72.71,33.31,22.89,5.56,6.21,5.77,2.93,7.79,4.9,4.44,1.37,1.13,2.44,0.22999999999999998,85.59,2.6,,
AMH,2026-10-10,Real Estate,REIT - Residential,11100000000.0,24.4,38.59,,5.87,1.63,14.18,6.83,3.5699999999999994,4.0,31.240000000000002,24.78,24.5,-7.74,-26.57,-15.31,33.63,9.55,0.76,0.75,1.0,1.0,4.27,8.39,92.17,4.2,,
AMKR,2026-10-10,Technology,Semiconductor Equipment & Materials,12200000000.0,22.04,17.56,0.58,1.64,2.62,,12.560000000000002,6.38,7.81,15.509999999999998,8.92,7.449999999999999,71.18,8.93,30.51,1.52,5.84,0.58,0.53,2.17,1.91,0.71,75.53,47.54,17.54,,
AMN,2026-10-10,Healthcare,Medical Care Facilities,1410000000.0,13.63,38.9,,0.41,1.91,3.22,15.560000000000002,4.59,6.94,23.8,4.68,3.05,141.8,-71.45,-2.45,,2.67,1.05,1.04,1.13,1.13,,0.98,121.17,9.4,,
AMP,2026-10-10,Financial,Asset Management,44210000000.0,12.07,9.69,0.71,2.23,6.95,5.38,63.43,2.06,31.09,51.56,27.140000000000004,19.91,18.33,11.08,13.58,24.35,9.49,1.03,0.99,8.47,8.47,1.35,0.25,91.79,2.96,,
AMPH,2026-10-10,Healthcare,Drug Manufacturers - Specialty & Generic,1130000000.0,15.6,8.37,6.24,1.55,1.47,7.41,10.3,4.68,5.44,45.61,15.659999999999998,10.76,-8.59,7.09,1.34,134.65,15.53,0.9,0.88,2.4,1.71,,27.339999999999996,68.07,14.25,,
AMR,2026-10-10,Basic Materials,Coking Coal,2300000000.0,,11.04,,1.11,1.54,,-2.96,-1.9900000000000002,-3.06,0.93,-2.17,-2.23,67.53,1269.32,,27.94,8.5,0.01,0.01,3.41,2.37,,20.02,89.21,13.79,,
AMRX,2026-10-10,Healthcare,Drug Manufacturers - Specialty & Generic,6360000000.0,41.55,16.7,0.81,2.04,192.52,78.38,,4.37,5.82,39.32,15.299999999999999,5.05,23.35,16.44,20.5,-18.36,8.66,84.55,80.87,2.2,1.44,,55.02,48.23,7.85,,
AMSF,2026-10-10,Financial,Insurance - Specialty,452470000.0,9.82,12.13,,1.35,1.81,23.43,18.23,4.56,18.79,,17.45,14.000000000000002,-9.82,1.9,-6.33,-11.19,-1.35,0.0,0.0,0.64,,6.64,2.09,105.65,2.67,,
AMT,2026-10-10,Real Estate,REIT - Specialty,84920000000.0,25.06,25.86,1.94,7.76,22.83,21.44,91.52,5.35,7.94,54.84,45.16,31.08,29.08,1.11,13.34,7.32,5.77,12.09,10.51,0.35,0.35,3.94,0.19,98.02,1.58,,
AMTM,2026-10-10,Industrials,Specialty Business Services,4720000000.0,23.11,7.31,0.73,0.33,1.0,9.95,4.46,1.77,2.41,7.400000000000001,3.93,1.44,10.53,7.58,9.96,192.57,25.04,0.81,0.8,1.52,1.52,,19.32,71.15,6.25,,
AMZN,2026-10-10,Consumer Cyclical,Internet Retail,2830650000000.0,21.11,24.66,0.97,3.65,5.13,,30.56,15.22,17.46,50.77,12.68,17.44,78.32,-16.77,25.45,27.96,13.18,0.44,0.4,1.03,0.87,,8.99,69.46,0.88,,
AN,2026-10-10,Consumer Cyclical,Auto & Truck Dealerships,5200000000.0,7.29,6.56,0.65,0.19,2.31,,32.77,5.33,8.87,16.92,4.69,2.82,4.94,13.14,10.07,31.69,6.27,5.02,2.87,0.78,0.18,,28.309999999999995,74.56,12.46,,
ANDE,2026-10-10,Consumer Defensive,Food Distribution,2170000000.0,12.33,10.01,,0.2,1.66,38.14,13.22,5.12,9.42,7.01,1.24,1.6200000000000003,95.94,16.77,,64.37,6.42,0.68,0.43,1.51,0.81,1.25,4.23,90.38,4.86,,
ANET,2026-10-10,Technology,Computer Hardware,273360000000.0,68.33,41.25,1.4,25.93,18.47,53.02,31.480000000000004,20.1,27.33,63.0,43.14,38.37,37.99,27.78,29.44,40.7,31.19,0.0,0.0,2.96,2.59,,16.72,74.11,1.14,,
ANF,2026-10-10,Consumer Cyclical,Apparel Retail,6050000000.0,12.21,11.02,0.83,1.13,4.47,10.68,40.5,15.54,22.52,60.709999999999994,13.900000000000002,10.04,30.66,0.43,13.24,,11.0,0.95,0.76,1.41,0.87,,2.15,114.04,10.65,,
ANIP,2026-10-10,Healthcare,Drug Manufacturers - Specialty & Generic,1700000000.0,15.95,7.27,0.53,1.73,2.84,9.81,19.33,7.049999999999999,8.42,51.629999999999995,13.34,10.18,17.41,9.74,13.82,,33.48,1.02,0.99,2.91,2.4,,12.13,101.27,17.3,,
AON,2026-10-10,Financial,Insurance Brokers,58010000000.0,15.08,13.46,1.2,3.3,6.04,17.86,44.88,7.290000000000001,16.82,89.58,28.470000000000002,22.27,8.87,9.35,11.21,15.04,9.34,1.65,1.42,1.03,1.03,1.17,1.02,93.89,2.01,,
AORT,2026-10-10,Healthcare,Medical Devices,1040000000.0,,73.63,2.45,2.2,2.32,,-0.73,-0.33,-0.37,61.17,6.63,-0.67,-228.57,206.94,30.11,,11.75,0.92,0.9,2.97,2.01,,5.33,94.19,7.85,,
AOS,2026-10-10,Industrials,Specialty Industrial Machinery,7660000000.0,15.72,13.84,2.93,2.01,4.18,11.98,27.13,14.52,20.18,38.51,18.09,13.15,-3.06,9.12,4.73,12.66,5.76,0.37,0.35,1.59,1.04,2.55,20.2,94.92,10.67,,
AOSL,2026-10-10,Technology,Semiconductors,844600000.0,,88.48,,1.24,1.06,,-5.22,-4.23,-5.18,22.32,-6.36,-6.23,-28.49,157.01,,,0.66,0.04,0.02,3.44,1.85,,17.42,75.82,11.78,,
APA,2026-10-10,Energy,Oil & Gas E&P,16070000000.0,9.7,9.97,2.37,1.83,2.29,7.65,25.95,9.3,15.58,48.0,41.32,19.04,66.59,-26.69,4.2,,15.0,0.55,0.53,0.95,0.79,2.19,0.4699999999999999,104.76999999999998,7.32,,
APAM,2026-10-10,Financial,Asset Management,2710000000.0,8.31,8.93,,2.06,5.66,5.84,67.84,18.73,37.01,,36.65,20.63,-3.63,-1.06,-2.17,3.56,6.88,0.75,0.75,2.89,2.89,10.4,2.22,98.7,4.15,,
APD,2026-10-10,Basic Materials,Specialty Chemicals,62630000000.0,,19.47,2.14,4.97,4.51,,-0.32,-0.12,-0.15,32.11,24.29,-0.38,11.84,7.4,9.11,,6.33,1.31,1.24,1.08,0.92,2.57,0.05,93.57,2.28,,
APG,2026-10-10,Industrials,Engineering & Construction,17590000000.0,,20.24,1.33,2.08,5.0,26.01,10.35,3.74,4.98,28.470000000000002,6.41,-3.19,16.61,15.45,15.23,14.03,17.14,1.09,0.98,1.39,1.32,,11.53,84.5,2.47,,
APH,2026-10-10,Technology,Electronic Components,215130000000.0,43.68,26.31,0.83,7.42,13.88,45.64,38.08,14.6,15.74,38.95,28.13,17.73,60.34,23.83,31.82,27.86,21.85,1.21,1.11,1.89,1.41,0.61,0.48,97.84,1.25,,
APLE,2026-10-10,Real Estate,REIT - Hotel & Motel,3850000000.0,22.0,22.13,5.12,2.67,1.23,13.27,5.53,3.58,3.87,20.52,17.81,12.17,-2.86,2.53,4.32,,18.6,0.51,0.44,0.39,0.39,5.89,7.42,88.78,8.75,,
APO,2026-10-10,Financial,Asset Management,70070000000.0,44.88,11.09,0.81,1.95,3.49,6.98,8.63,0.38,5.01,60.370000000000005,21.34,4.57,4.06,22.68,13.64,65.65,68.23,0.65,0.65,0.11,0.11,1.8799999999999997,27.79,67.94,5.6,,
APOG,2026-10-10,Industrials,Building Products & Equipment,848150000.0,12.87,,,0.59,1.62,8.91,13.11,5.59,7.53,24.03,9.13,4.68,-3.31,,,33.79,2.68,0.73,0.7,1.78,1.34,2.64,3.1300000000000003,94.29,3.89,,
APP,2026-10-10,Communication Services,Advertising Agencies,92710000000.0,21.29,13.81,0.37,13.58,29.37,20.48,203.68,61.99,66.03,87.65,77.74,64.57,61.5,27.36,37.29,,30.45,1.11,1.11,4.3,4.3,,20.32,69.68,4.35,,
APPF,2026-10-10,Technology,Software - Application,7160000000.0,46.09,24.0,0.95,6.88,13.61,26.52,32.09,25.91,28.29,61.56,17.52,15.130000000000003,30.43,22.13,25.28,-2.64,25.12,0.07,0.06,3.69,3.69,,35.93,65.73,10.76,,
APTV,2026-10-10,Consumer Cyclical,Auto Parts,9090000000.0,41.55,6.73,1.67,0.49,1.04,3.39,2.93,1.29,1.54,17.56,9.65,1.17,-13.33,13.32,4.03,-35.19,9.32,0.65,0.64,2.02,1.33,,1.55,104.80000000000001,4.52,,
AR,2026-10-10,Energy,Oil & Gas E&P,11040000000.0,10.31,8.05,0.16,1.87,1.33,6.95,13.87,7.739999999999999,8.87,25.75,21.8,18.32,149.07,4.34,50.47,,15.05,0.55,0.47,0.4,0.4,,4.63,90.27,4.51,,
ARCB,2026-10-10,Industrials,Trucking,2890000000.0,185.89,13.54,0.29,0.69,2.28,16.85,1.27,0.66,1.02,7.16,3.07,0.39,88.96,36.68,46.54,-0.53,6.4,0.36,0.26,0.97,0.97,0.39,1.82,103.67,6.79,,
ARE,2026-10-10,Real Estate,REIT - Office,7930000000.0,,,,2.79,0.5,6.2,-6.3,-2.86,-3.62,23.41,27.279999999999998,-36.32,117.89,-157.64,50.49,,9.93,0.85,0.83,1.57,1.57,6.329999999999999,2.38,99.25,4.63,,
ARES,2026-10-10,Financial,Asset Management,38720000000.0,53.45,16.24,0.76,5.53,10.63,,14.13,2.07,3.13,78.9,30.39,6.959999999999999,22.31,23.99,21.33,15.13,31.69,3.75,3.74,0.53,0.53,4.63,8.07,98.79,7.41,,
ARLO,2026-10-10,Industrials,Building Products & Equipment,1330000000.0,44.78,12.1,0.69,2.27,8.41,19.96,22.07,8.8,18.6,45.97,3.17,5.2,35.24,8.29,17.65,,8.18,0.05,0.04,1.4,1.15,,2.85,101.8,11.67,,
ARMK,2026-10-10,Industrials,Specialty Business Services,14480000000.0,38.32,19.54,0.88,0.73,4.27,33.46,11.82,2.81,3.92,5.9,4.39,1.9299999999999997,23.68,23.55,22.15,,7.6,1.91,1.88,1.28,1.14,0.88,0.84,100.15,2.99,,
AROC,2026-10-10,Energy,Oil & Gas Equipment & Services,5310000000.0,16.26,14.77,1.63,3.53,3.42,18.22,21.95,7.32,8.31,48.91,38.33,21.59,-6.01,19.19,9.08,,11.23,1.52,1.52,1.39,0.94,3.03,2.72,101.16000000000001,4.06,,
ARR,2026-10-10,Real Estate,REIT - Mortgage,1920000000.0,3.65,4.68,,1.91,0.72,6.02,20.33,2.21,16.71,95.53,114.36999999999999,41.46,-4.63,-0.54,-1.83,,,7.54,0.0,1.12,1.12,21.19,0.18,56.06,10.51,,
ARW,2026-10-10,Technology,Electronics & Computer Distribution,11600000000.0,14.56,9.29,0.26,0.32,1.66,14.05,12.17,2.59,8.96,10.92,3.7599999999999993,2.26,97.88,12.53,35.14,8.02,1.48,0.31,0.29,1.22,1.01,,0.8699999999999999,103.60000000000001,3.32,,
ARWR,2026-10-10,Healthcare,Biotechnology,8860000000.0,,,,13.24,19.02,,-64.78,-18.32,-17.81,96.15,-33.82,-47.79,-35408.46,-35.19,,57.1,56.63,2.96,2.86,5.9,5.9,,5.87,83.01,8.09,,
ASB,2026-10-10,Financial,Banks - Regional,5410000000.0,10.01,8.49,0.83,2.11,0.99,9.3,9.66,1.05,7.78,,24.31,19.17,7.1,12.11,10.19,8.22,15.79,1.02,0.15,0.05,,3.37,12.509999999999998,80.97,5.38,,
ASH,2026-10-10,Basic Materials,Specialty Chemicals,3230000000.0,62.43,16.49,1.27,1.75,1.73,13.03,3.9900000000000007,1.63,1.56,26.590000000000003,8.57,2.82,3.82,21.94,13.02,-15.51,-1.98,0.79,0.78,3.05,1.89,1.9,1.29,117.95,10.23,,
ASO,2026-10-10,Consumer Cyclical,Specialty Retail,3290000000.0,8.92,7.58,0.73,0.53,1.52,9.94,18.61,7.339999999999999,9.86,35.78,9.55,6.39,16.05,5.18,10.35,10.32,1.25,0.9,0.84,1.74,0.35,0.8199999999999998,1.42,119.43,14.32,,
ASTE,2026-10-10,Industrials,Farm & Heavy Construction Machinery,891310000.0,46.06,9.73,0.76,0.57,1.29,27.26,2.87,1.58,1.86,25.96,5.38,1.26,-1.43,21.25,12.77,-3.91,6.6,0.57,0.53,2.51,1.09,1.34,1.52,96.84,2.41,,
ASTH,2026-10-10,Healthcare,Medical Care Facilities,1860000000.0,45.82,18.96,0.24,0.48,2.23,19.74,5.08,2.18,2.32,8.82,2.61,1.05,206.52,40.49,78.99,-14.74,35.87,1.18,1.1,1.23,1.23,,20.88,65.19,7.87,,
ATEN,2026-10-10,Technology,Software - Infrastructure,2150000000.0,50.65,25.01,1.71,6.94,9.02,35.3,19.45,6.68,17.99,78.51,16.56,13.849999999999998,15.94,13.54,14.66,20.8,5.2,0.95,0.0,1.27,1.18,0.83,4.5,106.98,14.08,,
ATI,2026-10-10,Industrials,Metal Fabrication,26120000000.0,56.09,30.3,0.96,5.54,13.92,49.64,26.289999999999996,8.84,12.91,23.52,16.01,10.09,57.91,23.76,31.4,,9.0,1.17,0.96,2.33,1.14,,1.06,94.69,3.52,,
ATMU,2026-10-10,Consumer Cyclical,Auto Parts,3490000000.0,16.37,13.06,1.23,1.84,7.68,18.35,55.78999999999999,13.43,14.49,28.65,16.85,11.32,8.25,10.89,10.66,7.88,7.44,2.32,2.26,2.65,1.83,0.51,0.8699999999999999,108.15,4.2,,
ATO,2026-10-10,Utilities,Utilities - Regulated Gas,27320000000.0,19.25,17.87,1.9,5.55,1.79,,9.79,4.73,5.59,46.41,36.97,28.49,13.33,6.98,9.42,8.82,10.76,0.68,0.64,0.81,0.73,2.47,0.4099999999999999,98.97,2.68,,
ATR,2026-10-10,Healthcare,Medical Instruments & Supplies,7650000000.0,21.75,19.33,2.98,1.95,2.91,24.66,13.61,7.249999999999999,9.56,28.26,12.37,9.22,-4.09,13.13,6.49,12.87,5.22,0.54,0.44,1.61,1.1,1.6200000000000003,1.87,96.76,3.35,,
AUB,2026-10-10,Financial,Banks - Regional,5400000000.0,11.31,9.37,0.91,2.43,1.04,,9.76,1.29,8.06,,31.55,21.44,9.35,7.26,10.31,0.94,21.54,0.39,0.17,0.07,,3.94,0.9899999999999999,87.08,5.52,,
AVA,2026-10-10,Utilities,Utilities - Diversified,2970000000.0,12.83,12.69,1.73,1.55,1.05,,8.31,2.73,3.82,24.96,18.76,11.83,9.75,7.1,7.35,4.6,8.24,1.19,1.11,1.1,0.69,5.6,1.0,90.44,4.36,,
AVAV,2026-10-10,Industrials,Aerospace & Defense,6970000000.0,,30.49,1.47,3.48,1.59,,-4.6,-3.5699999999999994,-3.88,21.31,0.73,-10.13,-1.02,37.25,20.76,,38.0,0.19,0.19,4.26,3.33,,25.05,62.12,12.92,,
AVGO,2026-10-10,Technology,Semiconductors,1725860000000.0,46.15,18.73,0.29,19.37,17.31,43.8,44.25,21.63,24.39,66.54,48.57,42.94,71.19,65.31,65.03,49.76,21.74,0.6,0.57,2.5,2.29,0.72,1.9,80.6,1.16,,
AVNT,2026-10-10,Basic Materials,Specialty Chemicals,3470000000.0,20.45,10.7,0.93,1.04,1.42,18.55,7.090000000000001,2.8,3.94,32.15,10.79,5.1,13.4,10.46,11.53,-9.29,0.11,0.77,0.77,1.9,1.35,2.92,0.9199999999999999,105.91,5.08,,
AVT,2026-10-10,Technology,Electronics & Computer Distribution,8170000000.0,24.9,7.67,0.22,0.3,1.62,,6.67,2.42,4.34,10.43,3.11,1.21,104.8,11.61,35.06,15.77,7.18,0.69,0.53,1.78,0.97,1.41,1.38,108.34000000000002,11.05,,
AVTR,2026-10-10,Healthcare,Medical Instruments & Supplies,10600000000.0,,17.82,7.68,1.62,1.88,23.31,-9.7,-4.74,-6.22,30.67,8.2,-8.81,-9.71,8.23,2.32,,0.49,0.66,0.65,1.78,1.18,,3.07,102.36000000000001,6.0,,
AVY,2026-10-10,Consumer Cyclical,Packaging & Containers,12720000000.0,18.37,15.0,1.56,1.38,5.48,11.96,31.16,7.93,12.82,28.98,13.320000000000002,7.62,6.85,9.84,9.59,5.86,4.9,1.58,1.37,1.13,0.79,2.36,0.65,100.19,2.6,,
AWI,2026-10-10,Industrials,Building Products & Equipment,6840000000.0,22.18,16.9,1.38,4.04,7.75,27.73,36.62,16.3,21.97,40.3,19.31,18.6,13.84,13.55,12.21,,11.59,0.66,0.62,1.52,1.06,0.86,1.56,102.93999999999998,3.47,,
AWK,2026-10-10,Utilities,Utilities - Regulated Water,25610000000.0,22.31,19.56,2.48,4.85,2.2,,10.1,3.2099999999999995,4.38,43.79,37.11,21.35,6.98,8.25,7.88,7.9,6.36,1.38,1.21,0.52,0.49,2.73,0.21,105.60000000000001,6.95,,
AWR,2026-10-10,Utilities,Utilities - Regulated Water,3260000000.0,22.51,21.52,2.91,4.67,2.91,157.13,13.62,5.3,7.26,50.92,31.85,20.45,8.8,4.27,7.4,7.62,6.15,0.82,0.75,0.98,0.9,2.55,1.04,83.17,2.53,,
AX,2026-10-10,Financial,Banks - Regional,5030000000.0,10.43,8.22,,2.3,1.58,19.34,16.77,1.78,12.34,,29.520000000000003,22.39,14.11,11.18,,18.94,24.64,0.42,0.26,0.37,,,4.5,86.47,5.89,,
AXON,2026-10-10,Industrials,Aerospace & Defense,34350000000.0,175.14,39.9,1.52,10.67,9.35,257.94,6.22,2.91,3.62,59.41,1.15,6.19,12.26,37.81,26.28,,32.48,0.5,0.5,2.15,1.8,,6.08,90.68,5.1,,
AXP,2026-10-10,Financial,Credit Services,208110000000.0,18.7,15.31,1.06,2.47,6.07,13.7,34.15,3.7699999999999996,12.45,59.74,20.94,13.449999999999998,15.03,13.79,14.47,32.49,16.08,1.72,1.66,2.59,2.59,1.23,0.12,87.89,1.6,,
AXTA,2026-10-10,Basic Materials,Specialty Chemicals,6980000000.0,20.1,11.42,1.52,1.36,2.77,14.14,14.580000000000002,4.51,6.88,32.16,14.12,6.78,5.68,8.57,7.5,27.59,6.48,1.22,1.01,1.53,1.12,,0.49,106.76999999999998,3.81,,
AYI,2026-10-10,Industrials,Electrical Equipment & Parts,8930000000.0,17.46,12.79,1.74,1.92,3.15,11.94,18.64,11.04,15.3,48.64,15.89,11.45,7.42,9.11,7.35,15.3,6.05,0.23,0.17,1.69,1.28,0.27,0.44,101.48000000000002,3.12,,
AZO,2026-10-10,Consumer Cyclical,Auto Parts,47990000000.0,19.24,15.35,1.28,2.36,,29.39,,12.55,25.87,52.34000000000001,18.31,12.65,11.89,12.17,12.04,9.89,6.81,,,0.9,0.14,,0.28,99.23,3.25,,
AZTA,2026-10-10,Healthcare,Medical Instruments & Supplies,1650000000.0,,75.95,4.91,2.69,1.09,167.25,-7.04,-5.75,-7.86,44.05,-2.57,-20.02,-33.33,46.08,15.46,,8.85,0.04,0.04,2.5,2.21,,1.5700000000000003,115.51,12.34,,
AZZ,2026-10-10,Industrials,Specialty Business Services,4110000000.0000005,20.84,,,2.45,2.99,24.31,15.32,8.99,10.39,24.04,16.23,11.83,14.22,,10.44,47.17,14.49,0.39,0.39,1.92,1.39,0.67,1.73,95.22,2.76,,
BA,2026-10-10,Industrials,Aerospace & Defense,150460000000.0,86.7,51.98,0.6,1.6,24.67,,173.55,1.52,5.13,4.71,-5.38,2.22,-189.89,442.38,87.35,,8.99,7.52,6.78,1.14,0.33,0.02,0.11,77.61,1.87,,
BAC,2026-10-10,Financial,Banks - Diversified,379850000000.0,12.5,10.42,0.67,1.95,1.38,4.62,11.25,0.97,5.34,,21.32,16.53,19.61,14.38,15.51,15.28,15.4,2.47,1.1,1.03,,2.2,0.24,79.23,1.23,,
BAH,2026-10-10,Industrials,Consulting Services,8890000000.0,11.61,10.98,2.65,0.8,7.4,7.97,68.11,10.45,14.53,20.91,9.74,6.959999999999999,-2.44,6.06,4.15,9.61,7.37,3.46,3.42,1.59,1.59,3.26,1.29,98.43,5.81,,
BALL,2026-10-10,Consumer Cyclical,Packaging & Containers,15470000000.0,16.63,12.93,1.07,1.07,2.69,18.71,17.26,4.88,7.54,15.160000000000002,11.48,6.550000000000001,12.67,12.38,12.08,13.53,2.31,1.32,1.18,1.07,0.66,1.37,0.28,95.92,3.01,,
BANC,2026-10-10,Financial,Banks - Regional,2740000000.0,,8.16,0.29,1.77,0.94,7.17,-0.66,-0.06,-0.49,,-3.06,-4.02,-123.08,884.95,28.27,,42.45,0.89,0.35,0.11,,2.61,1.58,101.29000000000002,7.12,,
BANF,2026-10-10,Financial,Banks - Regional,3570000000.0,14.32,13.21,2.67,3.72,1.82,14.75,13.669999999999998,1.73,12.32,,33.28,26.229999999999997,8.58,4.15,4.95,18.85,15.06,0.05,0.04,0.47,,1.87,36.63,51.28,5.0,,
BANR,2026-10-10,Financial,Banks - Regional,2430000000.0,10.96,9.94,1.26,2.75,1.13,8.54,10.78,1.26,9.87,,28.78,23.54,6.68,11.02,7.89,11.56,7.38,0.27,0.06,0.06,,3.11,2.84,86.63,4.18,,
BAX,2026-10-10,Healthcare,Medical Instruments & Supplies,12590000000.0,,11.91,,1.1,2.03,15.45,-14.31,-4.74,-6.96,31.85,5.62,-8.63,-7.18,-0.35,-0.63,,-0.75,1.43,1.29,1.95,1.32,0.16,0.64,109.65,4.74,,
BBT,2026-10-10,Financial,Banks - Regional,2280000000.0,19.7,8.18,0.25,1.9,0.9,11.55,6.05,0.66,3.24,,19.14,9.49,87.77,9.22,32.87,,13.11,0.39,0.38,0.13,,4.74,1.51,92.37,5.98,,
BBWI,2026-10-10,Consumer Cyclical,Specialty Retail,3500000000.0,4.5,6.27,,0.48,,3.39,,15.67,24.1,43.05,14.87,10.83,-15.6,2.07,-2.89,-8.66,-1.55,,,1.2,0.68,4.66,1.41,103.47,10.34,,
BBY,2026-10-10,Consumer Cyclical,Specialty Retail,18250000000.0,14.48,12.04,1.81,0.43,5.75,10.32,43.13,8.11,19.01,22.66,4.34,3.01,5.9,6.12,6.67,-5.91,-2.48,1.3,1.1,1.12,0.41,4.46,5.96,96.84,7.54,,
BC,2026-10-10,Consumer Cyclical,Recreational Vehicles,3980000000.0,,11.37,0.52,0.71,2.37,11.68,-4.83,-1.53,-2.34,24.73,5.88,-1.53,39.49,18.57,21.81,,4.29,1.36,1.19,1.45,0.65,2.86,1.5700000000000003,105.65,8.53,,
BCC,2026-10-10,Basic Materials,Lumber & Wood Production,2570000000.0,25.03,14.21,0.5,0.4,1.27,25.29,5.06,3.09,4.12,13.95,2.54,1.6399999999999997,11.01,32.08,28.7,-4.47,3.19,0.27,0.26,2.71,1.31,1.21,2.61,96.33,4.73,,
BCO,2026-10-10,Industrials,Security & Protection Services,4260000000.0,23.92,10.71,0.77,0.78,13.72,10.82,64.13,2.51,4.0,26.43,10.38,3.3000000000000003,2.45,17.1,13.82,71.69,7.35,14.67,13.55,1.62,1.62,1.03,1.2,111.18999999999998,13.13,,
BCPC,2026-10-10,Basic Materials,Specialty Chemicals,5350000000.0,33.02,29.81,,4.93,4.12,31.22,12.79,9.77,11.22,36.29,21.25,15.14,13.75,4.19,,12.78,8.07,0.13,0.13,2.66,1.56,0.7,0.55,91.64,1.56,,
BDC,2026-10-10,Technology,Communication Equipment,4269999999.9999995,17.73,10.95,0.79,1.49,3.07,20.11,18.64,7.01,9.01,35.82,12.67,8.52,14.45,15.55,13.91,,7.83,0.97,0.96,2.14,1.49,0.18,2.03,106.78,9.71,,
BDX,2026-10-10,Healthcare,Medical Instruments & Supplies,50050000000.0,55.42,13.87,1.79,2.4,2.05,19.76,5.17,2.44,2.48,46.44,14.540000000000001,4.52,11.98,4.5,7.75,16.45,6.32,0.69,0.55,0.87,0.51,2.17,0.2,99.87,3.6,,
BEN,2026-10-10,Financial,Asset Management,16260000000.000002,21.82,10.05,0.58,1.74,1.38,67.63,6.34,2.21,2.67,73.05,15.21,8.11,30.69,9.72,17.21,-10.54,9.49,1.42,1.42,1.48,1.48,4.11,47.11,49.84,6.86,,
BF-B,2026-10-10,Consumer Defensive,Beverages - Wineries & Distilleries,12200000000.0,17.01,15.41,3.04,3.1,3.05,13.19,18.12,9.01,11.91,60.84,28.53,18.33,11.56,0.36,5.07,-4.0,2.71,0.62,0.52,3.26,1.14,3.6000000000000005,39.06,44.5,11.11,,
BFAM,2026-10-10,Consumer Cyclical,Personal Services,3380000000.0,21.97,11.78,0.79,1.12,3.62,14.32,14.940000000000001,4.54,6.55,23.74,10.91,5.78,12.32,15.4,14.84,49.81,14.13,2.18,1.83,0.48,0.48,,1.17,115.27000000000001,5.18,,
BFH,2026-10-10,Financial,Credit Services,3860000000.0,7.86,7.29,0.74,0.81,1.16,1.78,17.39,2.57,8.54,,14.37,11.86,1.0,12.36,9.8,19.49,4.34,0.98,0.98,1.44,,0.9199999999999999,3.09,104.2,8.7,,
BFS,2026-10-10,Real Estate,REIT - Retail,741510000.0,30.89,,,2.44,6.7,7.21,11.28,1.6200000000000003,1.88,49.98,40.29,7.79,,,,-2.77,4.81,5.42,5.25,0.91,0.91,7.870000000000001,46.03,48.06,3.72,,
BG,2026-10-10,Consumer Defensive,Farm Products,19740000000.0,19.92,9.25,0.55,0.21,1.24,,7.53,2.59,3.81,4.87,2.19,1.1,24.94,17.37,16.89,-8.06,11.17,1.06,0.66,1.57,0.63,2.8,17.3,80.43,4.89,,
BGC,2026-10-10,Financial,Capital Markets,5350000000.0,28.79,7.17,,1.63,4.91,13.59,19.54,3.74,6.44,93.25,9.03,5.8,20.76,12.28,,21.14,7.43,1.81,1.79,1.94,1.94,0.7,24.09,65.7,2.76,,
BHE,2026-10-10,Technology,Electronic Components,2930000000.0,55.63,24.37,,1.04,2.62,23.05,4.78,2.5,3.82,10.23,4.29,1.8900000000000001,23.23,13.02,,12.39,5.31,0.26,0.25,1.99,1.31,0.83,3.04,102.93,4.04,,
BHF,2026-10-10,Financial,Insurance - Life,2790000000.0,3.87,2.26,,0.42,0.43,,13.600000000000001,0.34,8.56,,16.94,10.96,-29.28,8.53,-12.55,,-4.47,0.48,0.48,5.24,,,1.39,92.3,12.74,,
BIIB,2026-10-10,Healthcare,Drug Manufacturers - General,33350000000.0,39.97,13.63,1.96,3.45,1.77,12.37,4.58,2.76,3.16,64.29,19.5,8.64,-18.75,33.35,6.96,-18.74,-5.06,0.44,0.4,1.87,1.26,,0.75,98.68,4.07,,
BILL,2026-10-10,Technology,Software - Application,3820000000.0,,10.18,0.41,2.31,1.17,10.78,-0.3,-0.11,-0.21,76.87,1.06,-0.68,35.83,17.04,24.94,37.63,47.32,0.54,0.5,1.51,1.51,,14.11,105.14000000000001,14.58,,
BIO,2026-10-10,Healthcare,Medical Devices,9830000000.0,44.36,34.87,6.14,3.8,1.36,27.83,3.11,2.17,2.74,51.85999999999999,9.08,8.59,-1.73,7.72,5.68,-26.08,0.29,0.19,0.13,3.14,2.33,,33.28,72.34,6.63,,
BJ,2026-10-10,Consumer Defensive,Discount Stores,12450000000.0,21.54,19.59,2.94,0.55,5.67,44.87,27.67,7.8100000000000005,13.06,18.24,3.94,2.61,7.25,6.61,6.67,7.63,6.82,1.26,1.07,0.73,0.19,,0.67,110.05,8.42,,
BJRI,2026-10-10,Consumer Cyclical,Restaurants,1270000000.0,31.96,21.99,1.83,0.89,3.19,27.69,10.44,4.06,5.19,9.72,3.03,2.86,4.9,14.86,12.02,,12.44,1.09,0.99,0.29,0.22,,8.18,100.07,11.0,,
BKE,2026-10-10,Consumer Cyclical,Apparel Retail,2270000000.0,10.18,10.65,8.52,1.71,4.65,11.89,45.76,20.8,26.65,48.95,22.27,16.62,3.86,-3.55,1.25,9.27,7.57,0.86,0.69,2.08,1.39,10.8,38.36,61.58,11.77,,
BKH,2026-10-10,Utilities,Utilities - Regulated Gas,5800000000.0,19.18,16.45,2.29,2.52,1.47,,7.89,2.83,3.77,26.87,23.86,13.0,6.24,6.18,7.18,1.79,6.36,1.21,1.01,0.52,0.41,3.6900000000000004,0.52,103.62,14.69,,
BKNG,2026-10-10,Consumer Cyclical,Travel Services,120480000000.0,17.73,12.98,0.79,4.27,,12.63,,23.88,91.13,97.47,35.17,25.53,14.67,18.08,16.45,158.57,31.69,,,1.09,1.09,0.96,0.21,98.77,3.02,,
BKR,2026-10-10,Energy,Oil & Gas Equipment & Services,56280000000.0,18.22,18.89,1.76,2.03,2.83,17.99,16.47,6.78,8.75,23.57,12.960000000000003,11.17,3.27,11.78,10.73,,6.02,0.82,0.78,2.09,1.76,1.6399999999999997,0.28,100.70000000000002,2.44,,
BKU,2026-10-10,Financial,Banks - Regional,3010000000.0,11.61,9.58,0.96,1.62,1.02,7.33,9.01,0.76,7.48,,19.63,14.469999999999999,9.68,13.98,9.96,11.36,9.67,0.74,0.19,0.03,,3.12,0.9399999999999998,102.60000000000001,5.2,,
BL,2026-10-10,Technology,Software - Application,1730000000.0,53.15,10.77,0.71,2.36,5.5,9.8,9.53,2.13,3.47,75.53,6.72,4.75,16.94,10.92,15.24,,14.77,2.18,2.17,1.72,1.72,,20.22,94.82,11.89,,
BLDR,2026-10-10,Industrials,Building Products & Equipment,5690000000.0,57.48,12.18,,0.39,1.42,8.89,2.51,0.9000000000000001,1.12,29.189999999999998,3.01,0.71,-54.55,38.56,-8.38,7.92,12.16,1.31,1.28,1.79,1.09,,3.6000000000000005,100.29,8.84,,
BLFS,2026-10-10,Healthcare,Medical Instruments & Supplies,1890000000.0,39.93,133.14,,18.37,4.49,232.91,13.15,12.09,11.0,64.76,2.9,46.35,304.0,-43.14,,-55.02,14.88,0.04,0.03,9.69,7.14,,3.9900000000000007,100.61,8.51,,
BLK,2026-10-10,Financial,Asset Management,175860000000.0,26.93,16.86,1.12,6.37,3.05,50.95,12.32,4.08,9.06,76.8,33.95,23.8,16.55,14.54,15.11,2.08,8.04,0.26,0.26,4.46,4.46,2.11,11.51,76.33,1.42,,
BLKB,2026-10-10,Technology,Software - Application,2060000000.0,14.2,7.62,,1.8,30.88,6.27,194.45,5.77,12.61,59.41,20.18,13.13,17.87,13.82,,71.8,4.31,17.16,16.82,0.81,0.81,,23.97,88.48,9.76,,
BMI,2026-10-10,Technology,Scientific & Technical Instruments,3810000000.0,30.75,26.71,5.33,4.32,5.58,25.34,18.48,13.0,18.41,41.31,18.58,14.27,-7.05,10.47,5.01,23.19,16.59,0.0,0.0,2.42,1.39,1.28,0.68,115.28,15.9,,
BMRN,2026-10-10,Healthcare,Biotechnology,10610000000.0,147.74,8.2,0.13,3.07,1.68,14.37,1.18,0.76,0.74,73.93,18.5,2.11,178.62,33.17,63.31,-16.79,11.97,0.67,0.56,2.39,1.32,,1.29,102.58,6.03,,
BMY,2026-10-10,Healthcare,Drug Manufacturers - General,120770000000.0,13.02,8.96,,2.45,5.41,10.56,46.7,10.18,14.03,66.64,32.35,18.87,13.21,-5.26,-3.58,,2.54,2.02,1.96,1.53,1.38,4.29,0.32,85.19,2.25,,
BNL,2026-10-10,Real Estate,REIT - Diversified,3500000000.0,24.36,24.76,1.55,7.34,1.22,13.63,4.91,2.54,2.53,58.71999999999999,49.66,29.460000000000004,52.02,-2.96,15.94,2.92,7.24,0.95,0.95,2.83,2.83,6.38,1.15,99.16,11.24,,
BNY,2026-10-10,Financial,Banks - Diversified,96830000000.0,16.61,13.89,0.88,2.39,2.43,60.82,14.219999999999999,1.25,8.4,,19.32,14.87,24.97,11.1,15.71,14.1,19.27,1.96,0.68,1.59,,1.63,0.25,87.8,1.24,,
BOH,2026-10-10,Financial,Banks - Regional,2640000000.0,12.44,10.11,0.58,2.47,1.72,12.97,13.019999999999998,0.9899999999999999,9.51,,25.97,20.09,28.95,10.68,17.46,3.72,8.97,0.35,0.32,0.04,,4.19,1.38,84.59,10.46,,
BOOT,2026-10-10,Consumer Cyclical,Apparel Retail,3630000000.0,15.18,11.92,0.71,1.55,2.68,31.13,19.18,10.41,11.68,38.45,13.61,10.35,24.7,9.8,16.81,29.54,20.33,0.59,0.53,2.53,0.44,,0.78,115.09,8.71,,
BOX,2026-10-10,Technology,Software - Infrastructure,4990000000.0,52.52,20.95,1.63,4.05,,12.82,70.23,8.63,19.46,79.55,9.44,8.14,6.94,12.77,12.82,,8.84,3.59,3.59,1.0,1.0,0.1,3.8,103.2,13.05,,
BR,2026-10-10,Technology,Information Technology Services,18680000000.0,17.19,14.31,1.45,2.5,6.64,14.61,40.92,12.86,17.79,31.78,17.63,15.039999999999997,9.95,9.51,9.87,15.62,7.84,1.24,1.22,1.24,1.21,2.6,0.39,98.82,2.57,,
BRC,2026-10-10,Industrials,Security & Protection Services,4000000000.0,19.84,11.83,,2.41,2.95,20.78,16.11,11.45,14.42,51.72,15.83,12.36,23.82,10.15,,11.7,7.74,0.06,0.05,1.94,1.3,1.15,10.48,80.03,2.83,,
BRK-B,2026-10-10,Financial,Insurance - Diversified,992980000000.0,12.96,23.23,7.04,2.58,1.48,41.01,12.11,7.07,9.82,23.52,16.25,22.3,8.03,-0.33,3.3,11.79,8.63,0.17,0.17,7.29,6.88,,34.4,44.87,0.88,,
BRKR,2026-10-10,Healthcare,Medical Devices,8960000000.0,,24.34,1.58,2.56,3.76,95.47,-3.4000000000000004,-1.15,-1.7,47.29,8.54,-3.05,15.89,13.98,15.42,,11.57,0.77,0.76,1.85,0.92,0.25,27.149999999999995,93.92,11.18,,
BRO,2026-10-10,Financial,Insurance Brokers,21040000000.0,19.88,12.96,1.7,3.1,1.65,14.55,9.85,4.29,5.9,92.59,29.5,17.54,5.59,7.88,7.63,13.38,17.72,0.64,0.6,1.13,1.13,1.08,14.7,86.3,4.96,,
BROS,2026-10-10,Consumer Cyclical,Restaurants,6650000000.0,53.64,29.87,1.04,3.53,6.58,88.36,12.879999999999999,2.99,4.71,24.82,9.66,4.91,26.18,32.82,28.7,,37.99,1.51,1.46,1.35,1.19,,6.84,93.6,16.22,,
BRX,2026-10-10,Real Estate,REIT - Retail,8380000000.000001,19.48,27.43,,5.97,2.77,20.28,14.46,4.9,5.05,44.76,36.82,30.740000000000002,-16.28,-4.9,-5.35,25.3,5.42,1.83,1.83,65.19,65.19,4.55,1.25,104.30999999999999,8.41,,
BSX,2026-10-10,Healthcare,Medical Devices,61930000000.0,17.33,12.61,1.8,2.95,2.48,17.08,15.52,8.47,10.25,66.36,21.8,17.5,6.37,4.09,7.01,,15.16,0.51,0.44,1.24,0.74,,0.65,95.16,2.88,,
BSY,2026-10-10,Technology,Software - Application,10560000000.0,38.54,22.21,1.5,6.59,8.78,21.19,24.53,8.28,11.83,79.78,24.37,18.1,15.83,12.35,14.79,15.16,13.38,1.05,1.04,0.59,0.59,0.79,48.89,52.57000000000001,10.57,,
BTSG,2026-10-10,Healthcare,Health Information Services,12610000000.0,47.61,27.64,0.67,0.88,6.14,31.61,13.11,4.17,6.77,12.38,3.6799999999999997,2.05,81.81,26.86,41.1,-20.78,18.27,1.17,1.12,1.59,1.22,,14.81,92.25,7.11,,
BTU,2026-10-10,Energy,Thermal Coal,3060000000.0,,9.15,,0.76,0.94,,-5.32,-3.26,-4.99,-0.76,-3.71,-4.56,46.46,1293.37,,53.1,5.85,0.13,0.13,2.01,1.46,1.21,0.88,99.47,9.62,,
BURL,2026-10-10,Consumer Cyclical,Apparel Retail,17400000000.0,24.85,20.45,1.13,1.42,8.69,42.19,41.41,7.380000000000001,9.6,40.89,8.15,5.85,21.92,13.81,18.03,,14.95,2.95,2.72,1.17,0.47,,0.66,103.99000000000001,5.14,,
BWA,2026-10-10,Consumer Cyclical,Auto Parts,12480000000.0,31.13,10.36,0.9,0.87,2.22,10.29,7.19,2.93,4.3,19.52,10.19,2.89,6.3,13.37,11.45,-11.34,7.09,0.72,0.72,2.13,1.76,1.09,0.68,107.01,3.51,,
BWXT,2026-10-10,Industrials,Aerospace & Defense,13180000000.0,37.23,27.46,1.96,3.75,9.88,41.6,28.199999999999996,8.75,10.59,22.07,9.67,10.1,18.27,10.43,14.0,4.23,8.54,1.51,1.51,2.4,2.33,0.76,0.39,93.95,3.6,,
BX,2026-10-10,Financial,Asset Management,141930000000.0,25.64,15.43,1.12,8.93,15.77,72.29,40.53,7.39,15.83,99.43,53.86,22.15,6.89,24.44,13.73,20.88,16.1,1.56,1.47,0.7,0.7,4.52,40.2,44.8,3.04,,
BXMT,2026-10-10,Real Estate,REIT - Mortgage,1860000000.0,127.81,7.88,,1.22,0.57,5.66,0.45000000000000007,0.08,0.1,77.13,61.14000000000001,1.02,172.73,34.62,,-7.97,14.41,4.85,3.64,0.14,0.14,16.52,6.75,62.59,7.48,,
BXP,2026-10-10,Real Estate,REIT - Office,10310000000.0,31.73,30.4,4.02,2.93,1.82,13.46,5.69,1.17,1.51,33.53,28.27,8.44,20.53,-7.38,7.57,-20.65,4.72,3.17,2.81,0.91,0.91,4.75,0.48,114.04,7.87,,
BYD,2026-10-10,Consumer Cyclical,Resorts & Casinos,5010000000.0,3.03,8.78,1.38,1.22,2.02,142.84,93.33,27.440000000000005,32.22,40.45,18.71,44.34,-1.84,8.13,6.34,,13.44,1.3,1.26,0.77,0.74,1.12,32.09,75.18,9.64,,
C,2026-10-10,Financial,Banks - Diversified,217460000000.0,13.99,10.12,0.36,1.24,1.13,5.52,8.31,0.64,3.22,,14.3,9.35,60.11,14.44,28.51,8.24,13.72,3.85,1.59,1.51,,1.9799999999999998,0.33,82.76,1.26,,
CACC,2026-10-10,Financial,Credit Services,5680000000.0,12.04,9.26,0.46,2.44,3.58,4.66,31.929999999999996,5.79,7.69,97.69,48.56,21.54,23.22,21.35,20.02,9.16,6.78,3.96,3.11,0.29,0.29,,49.26,75.54,18.25,,
CACI,2026-10-10,Technology,Information Technology Services,13500000000.0,25.28,16.21,1.39,1.41,3.02,17.3,12.82,5.24,5.5,30.630000000000003,9.61,5.6,10.21,14.59,11.65,5.71,9.62,1.21,1.18,1.48,1.37,,1.09,101.70000000000002,4.74,,
CAG,2026-10-10,Consumer Defensive,Packaged Foods,6440000000.0,,9.01,,0.57,1.01,7.34,-24.89,-9.81,-14.29,23.83,11.21,-16.95,-15.09,2.51,-2.81,,0.17,1.21,1.08,1.1,0.39,6.06,0.76,89.72,8.28,,
CAH,2026-10-10,Healthcare,Medical Distribution,55010000000.0,32.82,16.88,1.48,0.22,,12.16,,3.1,34.4,3.7000000000000006,1.29,0.67,11.38,12.21,11.44,28.33,9.37,,,0.88,0.49,0.88,0.24,92.23,3.19,,
CAKE,2026-10-10,Consumer Cyclical,Restaurants,5400000000.0,29.43,21.55,1.45,1.39,10.4,26.33,38.83,5.54,7.36,13.58,6.98,4.61,20.61,10.69,14.85,,13.6,4.01,3.68,0.59,0.52,1.13,7.79,98.48,22.38,,
CALM,2026-10-10,Consumer Defensive,Farm Products,3010000000.0,54.57,65.33,,1.19,1.17,,2.23,1.8900000000000001,2.29,14.279999999999998,0.68,2.32,-140.0,137.14,-22.13,174.79,16.63,0.0,0.0,7.7,5.64,3.82,9.59,96.27,12.97,,
CALX,2026-10-10,Technology,Software - Infrastructure,2340000000.0,49.55,16.17,0.45,2.11,3.3,27.45,6.909999999999999,5.46,7.1,56.58,5.51,4.61,28.44,33.84,35.63,-13.74,13.06,0.02,0.02,2.83,1.97,,9.54,95.96,9.36,,
CALY,2026-10-10,Consumer Cyclical,Leisure,2440000000.0,,15.25,0.22,0.94,1.13,5.24,3.01,1.35,-9.94,56.25,8.61,-9.03,254.49,20.4,68.58,-1.46,5.32,0.13,0.09,3.04,1.78,,13.34,87.95,3.98,,
CAR,2026-10-10,Industrials,Rental & Leasing Services,3740000000.0,,18.08,0.7,0.32,,,,-1.97,-2.53,25.61,11.22,-5.43,-23.31,90.55,25.72,-21.09,16.62,,,0.81,0.81,,1.59,117.89,15.11,,
CARG,2026-10-10,Communication Services,Internet Content & Information,2570000000.0,15.66,9.54,0.59,2.64,9.75,8.82,51.41,28.08,40.02,89.85,25.71,18.06,14.9,15.4,16.05,17.91,10.46,0.7,0.66,1.71,1.71,,20.07,90.84,10.86,,
CARR,2026-10-10,Industrials,Building Products & Equipment,45800000000.0,39.15,16.88,1.3,2.07,3.49,23.75,8.44,3.1,5.02,24.69,8.21,5.43,11.61,13.87,12.95,-4.96,4.49,0.94,0.82,1.02,0.72,1.73,4.77,90.53,2.78,,
CART,2026-10-10,Consumer Cyclical,Internet Retail,11060000000.0,26.3,16.11,0.54,2.77,4.79,9.4,15.960000000000003,12.09,18.79,71.98,16.68,11.8,45.82,27.07,29.85,,20.43,0.01,0.01,2.28,2.28,,22.06,71.86,12.17,,
CASH,2026-10-10,Financial,Banks - Regional,1490000000.0,9.0,7.45,0.63,1.79,1.78,3.12,21.03,2.41,19.37,,25.590000000000003,21.0,0.72,21.66,11.81,21.8,10.26,0.26,0.07,0.03,,0.28,1.54,100.71,14.02,,
CASY,2026-10-10,Consumer Cyclical,Specialty Retail,23890000000.0,31.11,27.56,2.46,1.28,5.84,36.81,19.98,8.84,11.24,21.37,5.88,4.14,11.53,9.73,11.2,18.0,18.07,0.71,0.68,1.02,0.61,0.4,0.61,91.97,4.64,,
CAT,2026-10-10,Industrials,Farm & Heavy Construction Machinery,367960000000.0,34.43,24.68,0.92,4.92,18.97,40.91,56.99000000000001,11.24,21.08,32.83,18.32,14.510000000000002,42.49,19.41,26.89,28.05,10.12,2.33,1.65,1.37,0.85,0.78,0.22999999999999998,74.47,1.75,,
CATY,2026-10-10,Financial,Banks - Regional,3940000000.0,11.56,9.94,0.84,2.86,1.3,7.38,11.71,1.44,10.85,,32.74,25.17,22.65,6.82,11.89,9.6,12.53,0.05,0.05,0.07,,2.57,4.06,77.74,5.32,,
CAVA,2026-10-10,Consumer Cyclical,Restaurants,6270000000.0,95.79,71.64,2.95,4.56,7.45,42.04,8.32,4.75,5.07,18.63,7.32,4.82,1.31,36.86,24.31,,23.93,0.62,0.55,2.48,2.43,,11.7,84.73,15.36,,
CB,2026-10-10,Financial,Insurance - Property & Casualty,131630000000.0,12.07,11.65,1.34,2.12,1.75,7.71,15.45,4.53,11.84,,23.22,18.0,13.12,4.39,8.68,26.94,10.65,0.31,0.25,0.46,,1.18,0.35,93.01,0.82,,
CBOE,2026-10-10,Financial,Financial Data & Stock Exchanges,31760000000.0,23.69,20.13,1.24,6.28,5.65,33.14,26.19,13.71,20.63,51.71,35.28,26.619999999999997,31.92,7.35,16.19,19.51,6.59,0.28,0.16,1.57,1.57,1.03,0.27,93.01,3.2,,
CBRE,2026-10-10,Real Estate,Real Estate Services,37880000000.0,29.99,14.63,0.88,0.87,4.51,40.38,15.629999999999999,4.47,7.91,16.74,2.83,2.98,22.77,14.17,16.65,11.6,11.22,1.29,0.96,1.14,1.14,,0.7,100.81,1.55,,
CBRL,2026-10-10,Consumer Cyclical,Restaurants,1280000000.0,41.22,24.85,0.52,0.39,2.69,14.53,6.74,1.34,2.16,6.3,-0.05,0.95,160.72,10.87,47.55,-33.38,3.3,2.17,2.06,0.58,0.24,1.7399999999999998,2.32,100.83,24.22,,
CBSH,2026-10-10,Financial,Banks - Regional,7800000000.0,13.33,11.72,1.51,3.47,1.8,11.13,14.46,1.71,13.19,,33.74,25.69,5.16,9.2,7.75,12.13,8.75,0.56,0.01,0.4,,2.02,3.09,76.47,4.67,,
CBT,2026-10-10,Basic Materials,Specialty Chemicals,3870000000.0,21.12,10.72,6.96,1.06,2.41,12.56,11.89,4.79,7.69,24.16,15.130000000000003,5.15,-12.16,9.7,1.54,,7.27,0.79,0.52,1.47,0.97,2.48,1.77,104.13,8.72,,
CBU,2026-10-10,Financial,Banks - Regional,3080000000.0,13.63,11.32,0.94,2.95,1.49,12.51,11.49,1.32,9.07,,29.12,21.7,8.75,12.57,12.04,5.2,10.36,0.37,0.21,0.08,,3.25,0.93,78.25,3.94,,
CC,2026-10-10,Basic Materials,Specialty Chemicals,2049999999.9999998,,6.99,0.2,0.35,,9.4,-323.4,-4.15,-7.64,15.21,3.26,-5.24,3.66,97.7,34.62,,3.17,,,1.66,0.88,2.56,0.96,90.34,10.33,,
CCI,2026-10-10,Real Estate,REIT - Specialty,33880000000.000004,17.55,28.23,0.66,8.14,,14.08,-276.36,-0.17,4.89,57.52,48.27,47.57,90.27,46.78,43.04,13.21,-6.1,,,0.52,0.52,5.34,0.1,102.77000000000001,2.24,,
CCK,2026-10-10,Consumer Cyclical,Packaging & Containers,11770000000.0,15.58,11.98,1.52,0.89,4.22,9.82,27.229999999999997,5.4,9.19,17.59,12.75,5.89,7.87,7.58,7.86,8.18,5.7,2.19,1.97,1.05,0.65,1.29,0.9399999999999998,100.37,2.35,,
CCL,2026-10-10,Consumer Cyclical,Travel Services,35430000000.0,11.51,10.27,0.97,1.28,2.51,11.34,24.02,6.16,8.45,28.93,15.98,11.37,0.08,13.99,10.63,,36.61,1.77,1.62,0.24,0.2,2.11,7.15,73.4,3.28,,
CCOI,2026-10-10,Communication Services,Telecom Services,437380000.0,,,,0.46,,,-721.5,-1.42,-2.54,22.68,-6.58,-4.73,68.96,-140.07,16.47,,11.43,,,0.63,0.63,0.97,5.45,92.5,12.4,,
CCS,2026-10-10,Real Estate,Real Estate - Development,1580000000.0,12.22,11.61,,0.41,0.62,39.09,5.22,2.89,3.33,16.19,3.17,3.46,-21.87,2.46,,-4.54,5.14,0.66,0.57,5.63,0.29,2.25,12.710000000000003,93.95,7.59,,
CDE,2026-10-10,Basic Materials,Gold,17610000000.0,14.07,10.78,0.41,5.57,1.69,15.23,12.85,8.79,7.65,37.69,35.41,26.88,33.41,48.88,26.08,55.25,21.64,0.07,0.07,3.65,2.43,0.22999999999999998,0.7,78.6,5.4,,
CDNS,2026-10-10,Technology,Software - Application,97170000000.0,70.2,36.95,2.4,16.65,14.17,57.88,23.23,12.770000000000001,14.75,84.56,31.4,23.61,14.09,17.23,15.42,13.95,14.57,0.36,0.36,1.74,1.53,,0.42,91.71,2.15,,
CDP,2026-10-10,Real Estate,REIT - Office,7570000000.0,23.33,22.68,3.68,9.65,2.48,27.01,10.85,3.73,3.95,36.65,30.320000000000004,20.85,7.87,2.15,6.16,9.15,5.58,1.75,1.72,1.72,1.72,3.81,0.31,115.45999999999998,7.65,,
CDW,2026-10-10,Technology,Information Technology Services,17770000000.0,17.09,11.81,1.19,0.76,7.29,20.66,44.01,6.64,14.6,21.36,7.17,4.6,9.48,9.72,9.89,8.2,3.96,2.63,2.03,1.17,1.05,1.79,1.12,109.28,7.54,,
CE,2026-10-10,Basic Materials,Chemicals,4940000000.0,,7.15,0.31,0.51,1.19,6.98,-24.57,-5.14,-7.7,19.56,8.74,-12.04,50.68,4.96,22.84,,11.03,2.98,2.64,1.45,0.87,0.28,0.39,111.62,5.83,,
CEG,2026-10-10,Utilities,Utilities - Independent Power Producers,105610000000.0,29.03,22.39,1.04,3.43,3.31,341.77,15.259999999999998,4.58,6.78,17.37,14.93,11.25,28.44,10.37,21.45,32.58,8.81,0.77,0.6,1.46,1.2,0.57,4.44,79.92,3.5,,
CELH,2026-10-10,Consumer Defensive,Beverages - Non-Alcoholic,7230000000.0,123.62,16.57,1.25,2.37,6.04,15.63,7.48,2.75,3.39,47.53,19.2,1.97,7.52,19.7,13.29,45.65,80.65,2.03,2.02,1.75,1.38,,26.49,73.91,16.64,,
CENT,2026-10-10,Consumer Defensive,Packaged Foods,2250000000.0,15.11,13.0,1.93,0.73,1.45,6.56,9.98,4.47,5.36,31.72,8.81,5.39,8.94,4.98,6.75,7.67,3.03,0.81,0.78,3.79,2.67,,87.53,14.800000000000002,4.41,,
CENTA,2026-10-10,Consumer Defensive,Packaged Foods,2250000000.0,13.03,11.21,1.66,0.73,1.25,6.56,9.98,4.47,5.36,31.72,8.81,5.39,8.94,4.98,6.75,7.67,3.03,0.81,0.78,3.79,2.67,,20.79,78.08,3.05,,
CENX,2026-10-10,Basic Materials,Aluminum,3640000000.0,6.36,3.32,0.04,1.36,2.59,24.07,56.72999999999999,25.019999999999996,32.05,19.27,14.87,22.6,307.19,10.62,84.65,,9.51,0.34,0.34,2.75,1.61,,31.010000000000005,77.0,13.45,,
CERT,2026-10-10,Healthcare,Health Information Services,1390000000.0,,23.44,117.21,3.41,1.44,17.32,-1.8900000000000001,-1.31,-0.23,48.49,4.63,-0.72,-22.32,13.95,0.2,50.19,11.45,0.31,0.31,2.55,2.55,,36.33,78.96,28.53,,
CF,2026-10-10,Basic Materials,Agricultural Inputs,16879999999.999998,8.27,9.91,,2.18,2.94,8.84,39.19,14.550000000000002,22.67,45.69,41.45,27.12,56.65,-24.89,-2.44,43.52,11.43,0.63,0.61,4.86,4.32,1.95,0.58,108.0,6.63,,
CFFN,2026-10-10,Financial,Banks - Regional,1050000000.0,12.89,10.83,0.62,2.38,1.03,14.74,8.0,0.8500000000000001,3.27,,23.15,18.67,31.73,13.14,17.33,2.25,5.3,1.6,1.48,0.03,,4.53,8.2,81.89,6.15,,
CFG,2026-10-10,Financial,Banks - Regional,26770000000.0,13.82,9.79,0.39,2.19,1.12,11.38,8.27,0.9399999999999998,5.2,,22.14,16.2,37.39,22.5,25.01,11.73,9.35,0.62,0.56,0.1,,2.97,0.89,100.22,4.07,,
CFR,2026-10-10,Financial,Banks - Regional,9340000000.0,14.21,12.52,1.52,3.2,2.09,17.21,15.329999999999998,1.28,13.17,,27.82,22.91,10.88,9.05,8.26,14.28,14.57,1.17,0.11,0.21,,2.71,6.4,92.73,7.59,,
CG,2026-10-10,Financial,Asset Management,13690000000.0,39.8,7.58,0.54,3.92,2.59,20.43,6.559999999999999,1.37,1.89,75.09,14.38,10.43,-10.74,41.26,14.06,17.55,10.93,2.72,2.67,0.52,0.52,3.65,27.96,62.519999999999996,8.58,,
CGNX,2026-10-10,Technology,Scientific & Technical Instruments,10580000000.0,60.92,31.63,1.03,9.72,6.5,39.45,11.15,8.36,10.34,68.87,21.9,16.05,64.87,18.28,30.85,-7.5,4.16,0.04,0.04,3.84,3.18,0.55,0.37,107.37999999999998,4.31,,
CHCO,2026-10-10,Financial,Banks - Regional,1970000000.0,15.31,14.49,2.69,4.89,2.43,14.2,16.61,1.95,13.62,,40.83,32.53,3.89,4.13,5.38,10.0,8.83,0.65,0.19,0.09,,2.54,1.9900000000000002,73.92,7.71,,
CHD,2026-10-10,Consumer Defensive,Household & Personal Products,23270000000.0,31.57,24.25,3.42,3.74,5.35,20.87,17.04,8.32,11.11,43.49,17.47,11.96,7.03,7.06,7.1,-0.65,4.85,0.56,0.54,1.15,0.69,1.26,0.24,95.35,5.13,,
CHDN,2026-10-10,Consumer Cyclical,Gambling,5570000000.0,13.72,10.79,1.03,1.86,4.17,9.8,34.31,5.49,7.5,34.19,25.81,13.66,13.3,6.73,10.5,,22.65,3.57,3.06,0.36,0.35,0.58,6.63,86.07,7.58,,
CHE,2026-10-10,Healthcare,Medical Care Facilities,6530000000.0,25.11,18.16,1.52,2.52,7.83,20.19,27.11,16.68,25.37,30.44,13.47,10.6,18.3,7.94,11.95,-1.2,4.0,0.4,0.31,0.91,0.89,0.49,1.8900000000000001,105.78,4.65,,
CHEF,2026-10-10,Consumer Defensive,Food Distribution,4660000000.0,54.36,37.38,1.74,1.06,7.19,37.08,15.25,4.68,5.97,24.46,4.14,2.09,33.59,20.5,21.43,,30.14,1.46,1.38,2.15,1.31,,9.39,98.62,10.94,,
CHH,2026-10-10,Consumer Cyclical,Lodging,4750000000.0,14.91,14.01,2.8,2.94,33.57,25.95,563.79,11.56,14.53,47.87,25.52,20.19,1.29,7.24,5.0,42.4,15.58,14.82,14.82,0.93,0.93,1.1,45.27,76.9,26.93,,
CHRD,2026-10-10,Energy,Oil & Gas E&P,7740000000.0,9.49,8.67,0.49,1.23,0.93,6.51,10.24,6.41,8.55,20.84,18.93,13.320000000000002,124.66,-23.79,17.68,,38.63,0.18,0.18,1.22,1.15,3.74,4.27,98.1,7.68,,
CHRW,2026-10-10,Industrials,Integrated Freight & Logistics,25440000000.0,27.16,18.95,1.02,1.5,10.24,38.03,37.12,11.34,17.94,8.14,4.91,3.73,23.9,19.1,18.55,5.38,0.03,1.21,1.17,1.58,1.58,1.76,0.52,69.38,3.07,,
CHTR,2026-10-10,Communication Services,Telecom Services,18210000000.0,2.69,2.41,0.25,0.33,0.73,4.18,29.7,3.2099999999999995,4.48,45.98,23.98,9.05,12.17,5.45,9.76,18.65,2.63,5.61,5.48,0.36,0.36,0.06,11.48,63.78,11.61,,
CHWY,2026-10-10,Consumer Cyclical,Internet Retail,7620000000.0,28.98,17.79,0.5,0.58,20.53,13.41,71.99,7.980000000000001,18.41,28.859999999999996,2.75,2.09,49.05,37.44,35.45,,12.01,3.13,3.01,0.84,0.42,,44.78,55.74,13.8,,
CI,2026-10-10,Healthcare,Healthcare Plans,74630000000.0,11.68,8.44,1.11,0.26,1.75,8.19,15.49,4.27,8.95,,3.8599999999999994,2.27,2.25,9.72,7.57,-0.69,11.35,0.75,0.68,0.85,,2.2,1.51,92.85,2.67,,
CIEN,2026-10-10,Technology,Communication Equipment,63780000000.0,100.36,38.08,0.44,10.59,20.88,78.32,22.4,9.52,10.35,41.61,14.12,10.87,171.42,64.85,87.5,-18.19,6.19,1.07,1.07,3.8,3.17,,0.98,95.8,2.76,,
CINF,2026-10-10,Financial,Insurance - Property & Casualty,25080000000.0,7.7,18.16,3.31,1.8,1.5,7.38,21.48,8.27,18.98,,30.159999999999997,23.84,5.98,6.79,5.49,15.17,10.88,0.05,0.05,0.56,,2.3,2.0,74.96,2.9,,
CL,2026-10-10,Consumer Defensive,Household & Personal Products,70370000000.0,34.92,21.57,3.57,3.34,298.16,18.24,434.33000000000004,11.89,25.28,60.42000000000001,21.84,9.68,4.66,5.96,6.04,-3.47,4.35,33.29,33.15,1.03,0.67,2.4,0.2,87.18,3.02,,
CLF,2026-10-10,Basic Materials,Steel,7410000000.0,,14.83,,0.39,1.32,,-15.160000000000002,-4.27,-6.58,-0.8,-3.9,-4.56,95.42,871.07,,-55.32,28.89,1.37,1.37,1.89,0.63,,1.7399999999999998,83.0,14.01,,
CLH,2026-10-10,Industrials,Waste Management,16730000000.0,38.44,31.39,1.99,2.68,5.71,36.29,15.560000000000002,5.75,7.48,24.74,11.84,7.03,36.84,1.35,15.76,24.62,13.91,1.04,1.0,2.13,1.8,,5.13,95.26,2.15,,
CLSK,2026-10-10,Financial,Capital Markets,2700000000.0,,,,3.97,3.54,,-68.62,-34.38,-39.26,-36.91,-51.83,-151.38,-434.21,55.0,,,138.03,2.34,2.34,5.91,5.91,,4.47,97.15,31.1,,
CLX,2026-10-10,Consumer Defensive,Household & Personal Products,10130000000.0,17.42,13.53,2.5,1.51,112.6,25.02,285.64,8.79,13.05,41.95,13.209999999999999,8.74,3.84,7.87,5.41,-2.93,-1.75,62.02,48.99,0.66,0.38,6.11,0.7,88.35,9.65,,
CMC,2026-10-10,Industrials,Metal Fabrication,7070000000.0,12.04,8.9,0.29,0.8,1.56,17.45,13.79,7.090000000000001,7.42,18.24,9.08,6.72,103.52,12.71,30.34,-20.41,7.33,0.8,0.77,2.33,1.54,1.19,0.84,94.61,5.75,,
CMCSA,2026-10-10,Communication Services,Telecom Services,73310000000.0,6.69,5.79,,0.59,0.82,3.59,12.0,4.21,6.44,56.769999999999996,14.85,8.97,-19.79,3.3,-3.78,18.8,3.62,1.01,0.94,0.8,0.8,6.43,0.9899999999999999,91.2,1.97,,
CME,2026-10-10,Financial,Financial Data & Stock Exchanges,100880000000.0,23.79,21.6,2.76,14.9,3.8,23.95,15.8,2.29,14.13,82.65,65.1,63.11,9.79,5.63,7.82,13.7,5.95,0.15,0.14,1.02,1.02,3.7800000000000002,1.39,91.54,1.56,,
CMG,2026-10-10,Consumer Cyclical,Restaurants,39970000000.0,29.14,23.01,2.12,3.22,18.21,25.48,49.56,15.659999999999998,19.44,21.09,15.410000000000002,11.42,-1.77,19.44,10.84,35.5,14.79,2.46,2.32,0.72,0.68,,0.77,93.16,3.01,,
CMI,2026-10-10,Industrials,Specialty Industrial Machinery,72050000000.0,26.75,15.13,0.79,2.08,5.61,21.4,22.04,7.77,13.55,25.129999999999995,11.44,7.82,24.07,17.11,19.17,11.29,11.19,0.64,0.56,1.73,1.13,1.67,0.32,88.2,3.02,,
CMS,2026-10-10,Utilities,Utilities - Regulated Electric,20540000000.0,19.68,15.75,2.1,2.33,2.15,,11.29,2.61,3.64,25.0,18.95,11.53,7.25,7.4,7.49,5.98,5.88,1.97,1.89,0.94,0.67,3.49,0.61,103.69999999999999,5.56,,
CNC,2026-10-10,Healthcare,Healthcare Plans,32290000000.0,,12.33,0.27,0.16,1.43,3.61,-20.41,-6.02,-13.22,,0.83,-2.51,134.16,8.8,46.5,,11.88,0.71,0.71,1.15,,,1.78,100.02,2.17,,
CNH,2026-10-10,Industrials,Farm & Heavy Construction Machinery,14100000000.0,45.63,16.94,0.87,0.78,1.82,23.07,4.02,0.72,0.91,30.130000000000003,13.320000000000002,1.71,-19.09,51.14,19.38,,-7.02,3.39,3.39,7.29,6.06,1.18,29.95,74.38,5.89,,
CNK,2026-10-10,Communication Services,Entertainment,4219999999.9999995,20.24,13.87,0.35,1.25,8.51,13.48,45.43,4.53,6.64,20.77,13.44,6.370000000000001,135.03,7.35,39.61,,35.33,5.99,5.51,0.84,0.81,0.8500000000000001,10.63,107.39000000000001,8.12,,
CNM,2026-10-10,Industrials,Industrial Distribution,7690000000.0,16.66,11.81,0.65,1.0,3.66,12.62,23.44,7.049999999999999,9.8,24.69,9.68,5.96,34.48,9.98,18.2,58.46,15.99,1.35,1.31,2.47,1.51,,0.49,110.81999999999998,6.8,,
CNMD,2026-10-10,Healthcare,Medical Devices,1330000000.0,24.02,9.29,1.68,0.97,1.28,9.89,5.53,2.44,3.33,53.67999999999999,10.95,4.11,-1.18,5.42,5.53,36.14,9.82,0.8,0.63,1.48,0.69,,0.39,114.36999999999999,6.55,,
CNO,2026-10-10,Financial,Insurance - Life,4900000000.0,18.23,10.41,1.26,1.05,1.9,7.01,10.93,0.8,3.91,,14.45,6.0,7.69,7.4,8.29,1.73,3.32,1.76,1.76,,,1.34,3.18,96.58,2.92,,
CNP,2026-10-10,Utilities,Utilities - Regulated Electric,25430000000.0,22.75,18.5,2.05,2.64,2.17,,9.82,2.42,3.23,29.37,23.24,11.61,8.54,9.19,9.03,,4.75,2.14,1.95,1.12,0.97,2.39,0.25,108.24000000000001,7.35,,
CNR,2026-10-10,Energy,Thermal Coal,4390000000.0,44.66,13.61,,1.03,1.19,16.92,2.67,1.6200000000000003,2.43,2.27,-1.32,2.34,261.29,35.22,,-51.45,32.88,0.12,0.11,1.83,1.32,0.45000000000000007,2.39,94.99,3.75,,
CNS,2026-10-10,Financial,Asset Management,3560000000.0,21.27,18.18,1.6,5.81,6.04,18.49,30.11,20.38,23.25,86.06,33.56,27.449999999999996,11.0,11.08,11.38,13.58,6.24,0.23,0.23,5.22,5.22,3.8699999999999997,45.99,56.67,6.06,,
CNX,2026-10-10,Energy,Oil & Gas E&P,5030000000.0,5.69,8.19,0.32,2.27,1.05,9.57,21.25,10.48,13.24,48.44,39.77,42.85,24.35,31.57,25.4,,14.56,0.49,0.48,0.72,0.67,,3.9599999999999995,92.98,11.83,,
CNXC,2026-10-10,Technology,Information Technology Services,1590000000.0,,2.25,1.37,0.16,0.89,2.76,-78.2,-22.06,-37.66,28.48,8.03,-23.97,-1.48,4.18,1.65,,15.8,2.99,2.59,1.23,1.23,5.65,22.51,109.47,19.33,,
CNXN,2026-10-10,Technology,Electronics & Computer Distribution,2340000000.0,24.56,20.79,,0.78,2.46,68.79,10.43,7.109999999999999,9.99,18.51,4.12,3.2099999999999995,21.37,6.95,,9.06,2.09,0.01,0.01,2.88,2.42,0.8100000000000002,55.88999999999999,42.08,4.79,,
COCO,2026-10-10,Consumer Defensive,Beverages - Non-Alcoholic,3350000000.0,32.23,26.47,0.94,4.75,8.36,26.93,31.370000000000005,22.02,26.48,40.9,19.1,15.5,65.69,11.88,28.1,15.11,14.44,0.04,0.03,3.36,2.83,,15.7,87.26,15.23,,
COF,2026-10-10,Financial,Credit Services,122240000000.0,12.34,8.32,0.68,1.56,1.07,4.12,8.94,1.51,6.57,,16.55,12.93,4.63,16.7,12.31,-4.88,16.93,0.4,0.39,2.03,,1.6200000000000003,1.13,89.64,1.48,,
COHR,2026-10-10,Technology,Scientific & Technical Instruments,61220000000.0,76.02,22.1,0.43,8.6,5.61,,8.46,4.85,5.6,38.38,13.79,10.82,68.27,49.83,51.06,11.7,18.04,0.33,0.32,2.43,1.52,0.01,4.46,85.93,5.9,,
COHU,2026-10-10,Technology,Semiconductor Equipment & Materials,3230000000.0,,36.93,,6.18,4.43,92.44,-4.84,-3.42,-3.56,37.81,-6.38,-7.429999999999999,531.82,94.34,,-36.97,-6.56,0.43,0.41,5.74,4.72,,3.58,115.40000000000002,19.66,,
COIN,2026-10-10,Financial,Financial Data & Stock Exchanges,47330000000.0,,62.01,8.2,9.87,3.62,27.62,-7.85,-3.9599999999999995,-5.14,60.309999999999995,-37.56,-20.6,-165.19,199.71,7.56,52.26,41.24,0.51,0.47,2.42,2.42,,18.22,56.68,11.3,,
COKE,2026-10-10,Consumer Defensive,Beverages - Non-Alcoholic,13060000000.0,26.85,,,1.7,,20.23,97.33,11.03,27.51,37.65,13.019999999999998,7.15,,,,30.04,7.62,,,1.21,0.92,0.51,15.109999999999998,61.75000000000001,4.88,,
COLB,2026-10-10,Financial,Banks - Regional,8029999999.999999,11.32,8.59,2.2,2.25,1.06,6.35,11.01,1.21,8.89,,30.620000000000005,19.94,-2.82,8.92,3.9,1.17,38.87,0.65,0.06,0.04,,5.22,0.78,96.6,3.94,,
COLL,2026-10-10,Healthcare,Drug Manufacturers - Specialty & Generic,719150000.0,17.9,3.33,,0.89,2.3,2.19,17.61,2.57,3.25,60.02000000000001,20.12,5.93,-1.3,-9.4,-5.2,17.92,20.28,3.9,3.72,1.03,0.84,,1.8500000000000003,125.84,17.27,,
COLM,2026-10-10,Consumer Cyclical,Apparel Manufacturing,2920000000.0,14.79,13.61,2.38,0.86,1.82,9.09,12.659999999999998,7.24,10.41,52.019999999999996,7.64,6.05,23.49,-8.03,5.71,14.88,6.31,0.29,0.24,2.49,1.32,2.06,57.48,52.49,20.09,,
CON,2026-10-10,Healthcare,Medical Care Facilities,4740000000.0,24.45,20.2,1.41,2.07,9.94,17.73,47.89,6.709999999999999,7.79,25.83,16.71,8.53,20.44,11.58,14.29,-6.16,5.72,4.49,4.28,1.38,1.38,0.35,6.99,88.1,3.05,,
COO,2026-10-10,Healthcare,Medical Instruments & Supplies,10340000000.0,18.55,11.56,1.56,2.44,1.24,15.25,6.84,4.55,5.57,61.39,19.26,13.459999999999999,10.26,3.55,7.42,9.3,10.98,0.31,0.23,1.22,0.73,,0.62,112.62,4.41,,
COP,2026-10-10,Energy,Oil & Gas E&P,161100000000.0,17.77,13.75,0.78,2.55,2.47,16.01,14.13,7.5,10.49,27.18,22.14,14.66,76.76,-10.42,17.59,,25.63,0.36,0.35,1.54,1.39,2.52,0.09,87.22,1.28,,
COR,2026-10-10,Healthcare,Medical Distribution,61800000000.0,24.08,16.36,1.48,0.19,20.26,15.22,104.34,3.3300000000000005,18.11,3.62,1.32,0.79,11.78,10.71,11.06,,11.09,3.84,3.75,0.93,0.58,0.73,0.45000000000000007,100.07999999999998,2.06,,
CORT,2026-10-10,Healthcare,Biotechnology,13100000000.0,289.44,28.25,0.27,15.77,18.53,122.53,8.08,6.41,7.6,98.3,0.77,6.52,151.26,108.23,105.49,-0.84,16.56,0.01,0.01,2.83,2.74,,11.39,75.99,8.92,,
COST,2026-10-10,Consumer Defensive,Discount Stores,419610000000.0,45.61,37.79,3.89,1.38,11.72,44.72,28.4,11.11,21.23,12.82,3.85,3.04,9.8,9.92,9.72,13.0,9.12,0.28,0.21,1.06,0.62,0.6,0.12,75.39,1.66,,
COTY,2026-10-10,Consumer Defensive,Household & Personal Products,2510000000.0,,11.52,0.7,0.43,0.84,7.21,-18.52,-5.47,-9.53,58.540000000000006,5.47,-10.64,54.91,-23.95,16.57,-56.6,4.64,1.15,1.12,0.75,0.42,,53.28000000000001,43.87,9.86,,
CPAY,2026-10-10,Technology,Software - Infrastructure,26130000000.0,24.19,12.64,0.63,5.2,7.38,15.95,30.39,4.67,11.77,73.16,45.75,22.61,28.21,14.81,19.92,13.14,13.65,3.0,1.72,0.97,0.97,,3.83,100.39,5.5,,
CPB,2026-10-10,Consumer Defensive,Packaged Foods,5730000000.0,14.54,10.6,,0.59,1.49,8.45,10.27,2.61,3.9,27.9,11.3,4.08,-21.95,6.98,-4.57,-16.38,2.83,1.94,1.65,0.82,0.33,5.71,35.5,62.83,18.61,,
CPF,2026-10-10,Financial,Banks - Regional,916610000.0,11.41,9.92,1.05,2.5,1.54,9.33,14.249999999999998,1.12,12.0,,27.91,22.63,14.48,9.59,9.45,16.71,7.4,0.17,0.16,0.12,,3.3099999999999996,2.69,95.63,3.51,,
CPK,2026-10-10,Utilities,Utilities - Regulated Gas,3080000000.0,20.38,17.35,1.83,3.1,1.83,,9.47,3.8,5.01,31.09,27.310000000000002,15.109999999999998,6.84,14.69,9.48,7.03,13.76,1.01,0.79,0.32,0.27,2.29,1.5,93.09,4.32,,
CPRI,2026-10-10,Consumer Cyclical,Luxury Goods,1700000000.0,16.32,5.94,0.29,0.49,12.31,20.48,152.07,2.12,8.38,59.34,2.35,3.1300000000000003,41.65,18.4,20.79,,-3.07,10.09,8.34,1.19,0.54,,2.55,96.31,12.81,,
CPRT,2026-10-10,Industrials,Specialty Business Services,25310000000.0,17.61,15.45,2.17,5.42,2.78,20.0,16.24,14.760000000000002,16.19,44.06,35.42,31.81,4.55,9.11,7.13,9.75,11.62,0.01,0.01,7.74,7.66,,8.99,87.81,3.44,,
CPT,2026-10-10,Real Estate,REIT - Residential,13200000000.0,32.3,86.23,,8.35,2.63,40.94,7.76,3.5000000000000004,4.7,22.55,17.71,20.6,-67.8,-0.72,-28.09,23.26,8.46,1.28,0.82,0.31,0.31,4.35,2.68,104.41,5.35,,
CR,2026-10-10,Industrials,Specialty Industrial Machinery,11830000000.0,35.73,26.12,1.91,4.57,5.43,31.12,16.54,10.27,10.29,41.74,17.93,12.97,16.2,11.5,13.69,15.24,-3.55,0.51,0.5,2.8,1.84,0.49,1.06,78.91,2.2,,
CRBG,2026-10-10,Financial,Asset Management,15200000000.0,19.38,5.94,0.42,0.8,1.5,8.21,7.9,0.24,4.21,,8.49,4.7,3.76,25.06,14.04,,3.75,1.02,1.02,0.48,,2.95,11.02,97.11,3.63,,
CRC,2026-10-10,Energy,Oil & Gas E&P,4700000000.0,,13.35,0.87,1.26,1.38,11.91,-3.55,-1.7500000000000002,-2.55,39.73,21.58,-3.2400000000000007,1.17,-4.57,15.4,-28.73,16.16,0.4,0.39,0.66,0.56,3.2400000000000007,8.5,97.19,4.86,,
CRGY,2026-10-10,Energy,Oil & Gas E&P,4179999999.9999995,,5.46,1.13,0.97,0.81,5.02,1.14,0.5,0.53,31.59,24.67,1.27,37.33,-6.18,4.82,,36.54,1.0,1.0,0.94,0.94,3.7900000000000005,12.75,83.28,12.78,,
CRH,2026-10-10,Basic Materials,Building Materials,54250000000.0,14.38,12.71,1.43,1.4,2.14,18.58,16.45,6.78,9.31,36.25,14.05,9.87,2.81,12.04,8.89,30.98,6.3,0.82,0.7,1.58,1.07,1.92,0.28,88.39,1.9,,
CRI,2026-10-10,Consumer Cyclical,Apparel Retail,1190000000.0,6.06,8.76,1.26,0.4,1.16,4.05,20.18,7.32,9.13,48.6,8.92,6.370000000000001,-5.73,12.9,6.94,0.2,-0.85,1.15,1.02,2.47,1.5,3.1,5.14,108.66,21.74,,
CRK,2026-10-10,Energy,Oil & Gas E&P,4030000000.0000005,7.96,25.97,0.98,2.14,1.56,,20.92,7.1,8.83,22.5,19.28,26.77,-36.22,53.28,26.51,,17.58,1.23,1.21,0.48,0.48,,73.26,30.65,32.15,,
CRL,2026-10-10,Healthcare,Diagnostics & Research,14410000000.0,,23.54,1.99,3.6,5.07,38.87,-7.7,-3.16,-4.06,32.63,13.51,-5.96,10.55,12.8,11.83,,6.55,1.07,1.07,1.35,1.04,,1.12,121.39999999999999,6.1,,
CRM,2026-10-10,Technology,Software - Application,188570000000.0,20.88,14.26,1.02,4.29,4.91,12.44,19.38,9.33,12.07,74.69,21.52,21.99,33.81,-4.07,13.98,12.24,14.34,1.1,1.09,0.76,0.76,0.49,3.15,87.89,4.13,,
CROX,2026-10-10,Consumer Cyclical,Footwear & Accessories,5510000000.0,9.93,7.69,1.14,1.36,3.99,7.82,42.3,13.48,19.89,57.47,20.81,14.63,11.53,7.2,6.75,,23.86,1.22,1.15,1.49,0.96,,4.49,101.16000000000001,10.88,,
CRS,2026-10-10,Industrials,Metal Fabrication,19120000000.0,36.64,24.14,1.15,6.12,8.59,52.77,25.739999999999995,14.46,17.97,30.659999999999997,22.54,16.95,24.66,19.17,21.06,,16.19,0.33,0.32,3.81,2.23,0.21,2.74,95.01,2.99,,
CRSR,2026-10-10,Technology,Computer Hardware,1470000000.0,44.43,16.45,1.33,1.02,2.22,16.43,5.25,2.73,4.03,31.55,2.94,2.29,45.05,-7.85,12.38,,-2.86,0.28,0.24,1.75,1.04,,56.3,38.54,20.43,,
CRUS,2026-10-10,Technology,Semiconductors,5360000000.0,13.08,12.01,3.26,2.61,2.46,9.36,20.9,17.74,18.73,52.78,23.05,21.0,-8.95,5.56,3.68,16.74,7.84,0.06,0.05,7.58,6.23,,0.64,106.52,6.96,,
CRVL,2026-10-10,Financial,Insurance Brokers,3900000000.0,34.35,,,3.96,9.55,34.25,30.7,17.92,26.84,22.28,15.370000000000001,11.72,,,,20.24,11.64,0.07,0.05,1.94,1.94,,38.91,55.99000000000001,3.86,,
CRWD,2026-10-10,Technology,Software - Infrastructure,281620000000.0,7704.2,172.14,5.66,52.19,55.2,184.6,0.8500000000000001,0.35,0.64,75.12,-1.23,0.7,34.34,27.54,30.4,-8.78,40.64,0.16,0.16,1.48,1.48,,3.16,77.35,2.64,,
CSCO,2026-10-10,Technology,Communication Equipment,466760000000.0,35.56,21.35,1.84,7.37,9.29,36.56,27.32,10.53,18.71,63.41,25.16,20.95,17.78,8.74,11.59,5.88,4.92,0.62,0.41,0.93,0.79,1.44,0.25,83.64,1.3,,
CSGP,2026-10-10,Real Estate,Real Estate Services,12020000000.0,163.29,17.28,0.48,3.38,1.51,27.05,0.9000000000000001,0.72,0.82,74.55,2.43,2.08,57.01,25.7,36.0,-51.08,14.37,0.15,0.14,2.21,2.21,,0.91,104.37,3.31,,
CSL,2026-10-10,Industrials,Building Products & Equipment,12720000000.0,18.26,13.4,1.09,2.5,7.88,14.71,39.4,12.53,16.18,35.21,20.55,14.29,7.82,14.32,12.25,24.22,4.79,1.78,1.78,2.6,2.04,1.43,1.45,102.41,5.1,,
CSR,2026-10-10,Real Estate,REIT - Residential,987940000.0,70.84,,,2.83,1.38,16.59,3.09,1.13,1.3,36.16,29.410000000000004,6.15,-137.4,30.12,,,14.68,1.44,1.44,3.11,3.11,8.24,0.67,94.57,6.15,,
CSW,2026-10-10,Industrials,Specialty Industrial Machinery,4690000000.0,39.42,21.05,1.64,4.01,4.37,32.48,11.07,6.25,6.17,42.38,18.17,10.34,21.29,8.54,12.85,20.39,20.89,0.86,0.82,2.7,1.36,0.39,1.35,101.22,6.68,,
CSX,2026-10-10,Industrials,Railroads,87550000000.0,27.29,20.67,1.28,6.03,6.22,31.31,24.37,7.35,10.16,35.27,35.27,22.21,24.45,14.13,16.15,5.15,5.89,1.37,1.25,0.82,0.72,1.19,0.14,82.07,2.32,,
CTAS,2026-10-10,Industrials,Specialty Business Services,80370000000.0,39.9,32.77,2.78,6.95,15.54,39.67,41.25,20.05,29.95,49.31,23.61,17.77,12.23,11.41,11.79,13.89,9.62,0.52,0.32,0.93,0.77,0.96,14.42,71.02,3.68,,
CTRE,2026-10-10,Real Estate,REIT - Healthcare Facilities,8510000000.0,22.71,21.48,4.21,14.89,1.89,19.74,9.11,6.7,6.23,78.63,64.87,62.07,-2.52,9.61,5.1,13.11,21.73,0.27,0.27,6.76,6.76,4.31,0.77,106.43,4.68,,
CTS,2026-10-10,Technology,Electronic Components,1630000000.0,23.93,19.97,,2.89,2.86,17.88,12.43,8.85,10.6,39.01,15.909999999999998,12.35,18.98,8.04,,15.54,5.03,0.16,0.15,2.61,2.07,0.28,1.68,99.06,3.84,,
CTSH,2026-10-10,Technology,Information Technology Services,26670000000.0,12.7,9.35,0.96,1.23,1.85,10.26,14.92,10.83,13.55,30.659999999999997,16.11,10.26,9.08,9.93,9.74,12.13,4.86,0.14,0.13,2.18,2.18,2.23,0.4699999999999999,115.79000000000002,7.37,,
CTVA,2026-10-10,Basic Materials,Agricultural Inputs,8840000000.0,8.75,19.42,1.24,0.5,0.35,14.05,4.25,2.6,3.76,45.41,16.67,5.66,14.09,19.28,15.71,12.11,4.12,0.19,0.07,1.52,1.1,0.74,0.16,91.11,3.25,,
CUBE,2026-10-10,Real Estate,REIT - Industrial,8590000000.0,25.96,23.79,6.88,7.56,3.32,15.4,12.39,5.03,5.78,45.84,39.85,29.410000000000004,7.46,1.71,3.46,11.38,10.58,1.37,1.24,0.06,0.06,5.61,0.88,104.06,3.94,,
CUBI,2026-10-10,Financial,Banks - Regional,2500000000.0,9.02,7.68,0.42,1.64,1.13,6.82,14.32,1.19,6.52,,24.76,18.7,34.75,14.25,18.23,9.0,19.25,1.07,1.03,0.33,,0.13,7.12,105.89,8.2,,
CURB,2026-10-10,Real Estate,REIT - Retail,3110000000.0,99.37,82.9,,13.77,1.36,28.65,1.44,1.16,1.05,33.66,17.17,12.8,-36.29,38.21,-4.29,,,0.32,0.32,9.72,9.72,2.51,6.819999999999999,120.91000000000001,14.7,,
CUZ,2026-10-10,Real Estate,REIT - Office,4550000000.0,706.39,55.96,1.62,4.39,1.01,28.89,0.14,0.07,0.08,26.899999999999995,22.66,0.62,-9.06,126.14,34.49,-24.7,6.07,0.87,0.87,1.73,1.73,4.67,1.36,106.27,7.89,,
CVBF,2026-10-10,Financial,Banks - Regional,3780000000.0,14.86,10.81,0.96,5.31,1.19,6.61,7.6,1.12,5.44,,43.64,28.84,3.18,26.78,11.26,3.19,6.49,0.37,0.19,0.1,,3.74,5.7,83.64,6.48,,
CVCO,2026-10-10,Consumer Cyclical,Residential Construction,4090000000.0,23.17,18.94,1.61,1.78,3.7,17.45,16.66,12.24,15.74,23.15,9.62,7.89,-5.94,24.61,11.74,23.8,15.25,0.04,0.04,2.23,1.41,,2.17,100.24,4.56,,
CVI,2026-10-10,Energy,Oil & Gas Refining & Marketing,5830000000.0,84.5,15.04,,0.69,11.11,16.62,13.930000000000001,1.71,3.01,8.55,6.800000000000001,0.8100000000000002,309.75,50.72,,,12.75,3.43,3.37,1.42,0.92,0.65,70.83,32.82,19.12,,
CVLT,2026-10-10,Technology,Software - Application,6520000000.0,100.29,25.3,1.27,5.36,125.16,25.04,32.77,4.45,7.1,80.26,9.01,5.62,25.45,13.91,19.92,,10.35,17.63,17.49,2.04,2.04,,1.27,109.38,8.44,,
CVNA,2026-10-10,Consumer Cyclical,Auto & Truck Dealerships,70130000000.0,29.56,28.94,1.66,2.8,11.38,75.49,54.459999999999994,13.11,16.92,18.68,8.93,6.260000000000001,-4.33,36.2,17.47,,29.47,1.44,1.3,3.93,2.33,,6.58,100.42,10.02,,
CVS,2026-10-10,Healthcare,Healthcare Plans,110200000000.0,22.75,10.12,0.79,0.27,1.38,9.37,6.23,1.91,3.21,14.16,3.54,1.18,18.85,6.17,12.87,-23.94,8.4,0.96,0.91,0.87,0.66,3.17,0.11,91.66,1.29,,
CVSA,2026-10-10,Consumer Defensive,Education & Training Services,4380000000.0,19.74,12.93,1.24,2.24,3.04,11.15,18.57,9.09,11.57,60.28,19.94,13.68,9.64,10.61,10.43,38.12,16.59,0.63,0.6,1.09,1.09,,2.91,102.66999999999999,7.73,,
CVX,2026-10-10,Energy,Oil & Gas Integrated,418820000000.0,20.32,14.76,0.73,1.98,2.21,15.36,12.25,7.090000000000001,9.09,18.48,13.33,9.74,129.59,-14.19,20.09,,14.35,0.2,0.19,1.25,0.98,3.37,0.35,76.44,1.2,,
CW,2026-10-10,Industrials,Aerospace & Defense,18930000000.0,35.28,29.88,2.22,5.18,6.83,30.28,19.75,10.16,14.55,37.73,18.89,14.81,15.81,11.96,13.49,21.83,7.91,0.41,0.34,1.6,1.12,0.19,0.44,86.74,2.14,,
CWEN,2026-10-10,Utilities,Utilities - Renewable,6200000000.0,38.19,67.3,,4.02,1.98,9.24,4.92,0.55,0.81,16.16,13.170000000000002,5.91,-111.49,373.04,-19.25,45.81,2.44,5.34,5.04,1.21,1.11,6.24,0.8199999999999998,88.02,6.36,,
CWK,2026-10-10,Real Estate,Real Estate Services,2730000000.0,40.06,6.74,0.09,0.25,1.35,22.34,3.52,0.91,1.44,16.8,3.84,0.64,324.41,17.41,79.17,,5.58,1.5,1.38,1.08,1.08,,0.8199999999999998,96.62,6.44,,
CWST,2026-10-10,Industrials,Waste Management,5330000000.0,936.09,52.96,3.28,2.73,3.37,50.46,0.36,0.17,0.19,16.81,4.82,0.29,6.51,16.95,16.14,-41.82,18.85,0.91,0.89,0.99,0.99,,2.21,121.99,8.14,,
CWT,2026-10-10,Utilities,Utilities - Regulated Water,2840000000.0,20.69,17.01,1.88,2.69,1.57,,7.7,2.35,4.06,37.26,19.2,12.629999999999999,18.51,5.97,9.07,1.81,4.72,0.93,0.81,0.7,0.67,2.92,0.77,91.08,4.05,,
CXM,2026-10-10,Technology,Software - Application,1280000000.0,58.66,10.32,1.74,1.47,2.52,11.61,4.36,2.17,4.18,65.59,5.53,2.65,-2.53,11.94,5.92,,17.24,0.08,0.07,1.41,1.41,,56.19,50.82,10.82,,
CXT,2026-10-10,Industrials,Business Equipment & Supplies,2900000000.0,20.87,10.68,1.35,1.61,2.29,12.96,11.49,4.31,5.55,42.12,16.32,7.780000000000001,6.39,9.4,7.93,-4.06,-9.71,1.16,1.0,1.42,1.07,1.43,13.77,107.69,18.41,,
CXW,2026-10-10,Industrials,Security & Protection Services,3260000000.0,26.24,13.99,0.53,1.31,2.26,56.82,8.77,3.92,4.79,17.09,9.94,5.15,1425.69,-85.71,26.57,19.27,3.02,0.94,0.86,1.32,1.32,,2.83,88.06,14.47,,
CYTK,2026-10-10,Healthcare,Biotechnology,8750000000.0,,,,129.24,,,,-56.76,-85.25,69.42,-1046.12,-1321.12,7.53,26.08,31.42,-27.07,9.54,,,6.66,6.66,,3.51,113.18,14.41,,
CZR,2026-10-10,Consumer Cyclical,Resorts & Casinos,6010000000.0,,160.29,,0.52,1.78,11.74,-12.79,-1.45,-1.65,37.69,17.69,-3.9900000000000007,62.58,120.32,,29.15,25.92,7.36,7.33,0.85,0.83,,6.21,95.69,10.78,,
D,2026-10-10,Utilities,Utilities - Regulated Electric,54210000000.0,21.44,16.16,2.68,2.93,1.94,,9.08,2.22,3.35,51.99,27.47,13.44,4.92,6.3,6.04,,3.41,1.85,1.62,0.81,0.64,4.33,0.13,82.94,2.84,,
DAL,2026-10-10,Industrials,Airlines,54040000000.0,16.43,10.79,0.54,0.75,2.4,17.88,15.920000000000002,3.9699999999999998,8.87,15.02,7.359999999999999,4.58,-4.85,37.56,19.82,,29.96,0.84,0.65,0.4,0.32,0.88,0.59,89.91,3.91,,
DAN,2026-10-10,Consumer Cyclical,Auto Parts,3160000000.0,,7.6,0.06,0.41,1.64,26.98,-2.88,-0.63,-2.11,9.1,4.02,-0.93,399.73,108.8,135.35,,1.08,0.78,0.75,1.49,1.03,1.58,1.54,99.87,4.41,,
DAR,2026-10-10,Consumer Defensive,Packaged Foods,9510000000.0,16.19,9.86,0.07,1.45,1.81,10.79,12.13,5.63,6.46,18.29,8.9,9.13,1640.0,-9.92,136.22,-26.07,11.37,0.8,0.76,1.56,1.03,,1.42,106.11,3.5,,
DASH,2026-10-10,Consumer Cyclical,Internet Retail,85150000000.0,103.18,41.74,0.83,5.36,8.58,39.81,8.93,4.61,6.41,45.12,5.46,5.29,22.38,80.62,50.31,,36.58,0.33,0.32,1.36,1.36,,12.73,82.51,4.16,,
DAVE,2026-10-10,Technology,Software - Application,4700000000.0,23.9,18.32,0.67,7.3,22.6,14.39,104.78,47.66,55.5,88.15,33.54,34.59,-0.24,49.01,27.15,,37.95,1.29,0.93,4.22,4.22,,20.65,97.53,22.61,,
DBD,2026-10-10,Technology,Software - Application,2160000000.0,20.83,9.07,,0.56,2.23,9.08,10.76,2.97,5.5,26.280000000000005,9.0,2.87,-3.88,30.65,,,-0.49,1.14,1.09,1.27,0.83,,1.96,135.74,9.98,,
DBX,2026-10-10,Technology,Software - Infrastructure,7470000000.0,19.08,10.4,1.2,2.95,,7.76,,15.8,28.1,79.59,26.5,17.49,7.71,8.01,8.67,,5.66,,,1.06,1.06,,39.63,84.15,18.86,,
DCH,2026-10-10,Consumer Cyclical,Auto Parts,1350000000.0,,4.81,0.12,0.16,0.89,,-14.99,-2.0,-2.45,9.54,3.44,-1.9900000000000002,91.31,16.33,39.61,49.29,4.38,3.44,3.42,1.4,1.02,,3.93,104.19,8.14,,
DCI,2026-10-10,Industrials,Specialty Industrial Machinery,10070000000.0,22.59,17.97,1.81,2.59,5.71,23.62,28.199999999999996,13.03,14.75,34.6,15.86,11.68,8.65,11.86,9.95,11.46,6.37,0.78,0.74,2.08,1.41,1.48,0.61,91.51,2.92,,
DCOM,2026-10-10,Financial,Banks - Regional,1680000000.0,13.85,8.84,0.4,2.25,1.25,8.52,8.58,0.8699999999999999,6.87,,24.15,15.93,28.96,29.16,21.84,6.33,24.2,0.43,0.21,0.47,,2.62,3.5000000000000004,89.63,9.95,,
DD,2026-10-10,Basic Materials,Specialty Chemicals,17560000000.0,308.79,16.31,0.82,2.12,1.27,16.74,2.78,1.78,0.33,32.74,15.32,0.67,44.01,9.81,20.01,14.2,-13.74,0.23,0.23,2.43,1.82,1.97,0.37,81.57,3.82,,
DDOG,2026-10-10,Technology,Software - Application,105300000000.0,599.1,98.96,4.73,26.55,24.1,89.08,4.7,2.66,3.17,79.48,0.48,4.48,23.54,17.01,20.91,,41.53,0.29,0.28,3.16,3.16,,8.27,86.32,2.88,,
DE,2026-10-10,Industrials,Farm & Heavy Construction Machinery,167420000000.0,34.51,27.38,2.01,3.49,5.98,51.85,18.33,4.52,7.1,36.78,19.98,10.16,-2.22,25.36,13.61,16.32,5.13,2.29,1.45,0.77,0.55,1.05,7.44,77.8,2.3,,
DEA,2026-10-10,Real Estate,REIT - Office,1090000000.0,111.44,75.67,8.37,3.06,0.83,4.06,0.71,0.28,0.31,32.79,23.65,2.63,-14.81,32.61,9.04,-5.89,6.52,1.31,1.3,5.82,5.82,7.8,6.36,79.63,4.83,,
DECK,2026-10-10,Consumer Cyclical,Footwear & Accessories,11290000000.0,11.76,9.94,0.99,2.05,4.92,10.1,42.56,26.33,37.58,56.28999999999999,22.43,18.42,7.31,10.71,10.06,25.63,16.45,0.21,0.17,2.75,1.99,,1.28,101.59,8.79,,
DEI,2026-10-10,Real Estate,REIT - Office,1640000000.0,,,,1.63,0.89,9.16,-1.28,-0.26,-0.36,23.86,19.0,-2.43,-244.56,0.71,,-20.75,2.4,3.12,2.72,0.47,0.47,7.82,3.5000000000000004,105.79,19.48,,
DELL,2026-10-10,Technology,Computer Hardware,372620000000.0,34.02,18.95,0.37,2.47,,43.53,,10.51,45.31,19.7,9.89,7.53,151.39,19.45,50.73,15.51,5.56,,,0.96,0.71,0.43,54.010000000000005,38.9,4.21,,
DFH,2026-10-10,Consumer Cyclical,Residential Construction,849220000.0,6.6,11.95,,0.21,0.6,,9.58,3.8599999999999994,4.32,15.68,4.37,3.2199999999999998,-50.23,-26.29,-23.72,20.19,30.69,1.15,1.15,4.92,0.53,,70.68,34.39,33.02,,
DFIN,2026-10-10,Technology,Software - Application,1190000000.0,33.43,8.88,0.69,1.53,3.09,7.82,8.59,4.12,5.97,56.48,19.92,4.53,11.94,13.37,12.85,,-3.03,0.55,0.52,1.33,1.33,,6.58,94.94,3.94,,
DG,2026-10-10,Consumer Defensive,Discount Stores,28070000000.0,16.54,15.22,1.45,0.64,3.02,13.96,19.69,5.34,7.26,28.67,5.59,3.9,15.48,5.65,10.47,-8.39,4.83,1.7,1.53,1.21,0.31,1.8799999999999997,0.74,100.94000000000001,3.04,,
DGII,2026-10-10,Technology,Communication Equipment,2870000000.0,59.67,24.15,1.39,5.67,4.19,21.11,7.46,5.62,6.08,61.69,15.1,9.63,28.19,16.34,17.37,30.59,9.03,0.17,0.17,1.13,0.78,,3.15,104.79,5.36,,
DGX,2026-10-10,Healthcare,Diagnostics & Research,25490000000.0,24.5,19.19,1.94,2.21,3.38,18.9,14.35,6.43,7.72,31.869999999999997,14.56,9.15,13.66,7.53,9.9,-3.64,3.18,0.85,0.82,1.59,1.46,1.44,0.48,97.81,3.11,,
DHI,2026-10-10,Consumer Cyclical,Residential Construction,37730000000.0,12.83,11.71,2.34,1.13,1.59,11.78,12.75,8.37,9.85,22.61,12.08,9.15,-9.61,10.12,5.01,12.53,11.02,0.3,0.3,10.45,0.96,1.33,10.42,88.45,4.34,,
DHR,2026-10-10,Healthcare,Diagnostics & Research,154520000000.0,39.03,23.63,2.5,6.15,2.94,28.27,7.61,4.59,5.15,58.97,21.19,15.950000000000001,9.07,9.32,9.44,0.65,1.97,0.53,0.48,1.65,1.25,0.64,9.12,84.57,1.4,,
DINO,2026-10-10,Energy,Oil & Gas Refining & Marketing,21570000000.0,11.58,8.39,0.47,0.69,2.1,9.34,19.41,10.6,14.15,10.13,8.58,6.08,266.8,-22.11,17.78,,19.15,0.32,0.31,1.97,1.1,1.68,5.66,87.31,4.17,,
DIOD,2026-10-10,Technology,Semiconductors,4370000000.0,51.13,16.45,0.14,2.67,2.23,30.68,4.5,3.4099999999999997,4.28,30.61,4.8,5.27,165.37,78.3,114.26,-5.41,3.81,0.05,0.03,3.17,1.99,,2.37,100.42999999999999,5.63,,
DIS,2026-10-10,Communication Services,Entertainment,186570000000.0,22.29,14.41,1.16,1.88,1.7,22.5,7.85,4.29,5.83,32.19,15.43,8.68,16.76,8.29,12.42,,7.66,0.42,0.34,0.65,0.59,1.28,0.17,79.14,1.14,,
DKS,2026-10-10,Consumer Cyclical,Specialty Retail,12150000000.0,14.67,10.42,2.51,0.57,2.13,50.97,18.47,5.8,6.6,32.25,6.43,3.9699999999999998,-13.34,14.61,4.16,11.75,12.43,1.39,1.22,1.48,0.36,3.62,29.799999999999997,77.75,18.17,,
DLB,2026-10-10,Industrials,Specialty Business Services,5500000000.0,24.91,12.83,2.02,4.06,2.13,14.01,8.72,7.12,8.63,87.61,19.33,16.7,1.9,6.0,6.35,3.08,3.04,0.02,0.01,3.19,3.11,2.45,37.76,66.76,10.19,,
DLR,2026-10-10,Real Estate,REIT - Specialty,66319999999.99999,86.95,69.37,,9.68,2.48,,3.17,1.55,1.72,28.410000000000004,19.14,11.07,-23.3,-6.15,-3.57,28.98,9.38,0.72,0.69,2.66,2.66,2.74,0.65,104.95999999999998,2.44,,
DLTR,2026-10-10,Consumer Defensive,Discount Stores,22260000000.0,14.49,15.04,1.01,1.11,6.5,11.25,46.03,11.8,15.99,38.74,10.54,8.03,37.45,-0.16,14.86,1.91,-5.32,2.24,1.94,1.13,0.39,,0.18,107.76,3.87,,
DLX,2026-10-10,Industrials,Conglomerates,1060000000.0,10.6,5.71,,0.5,1.5,5.07,14.95,3.95,4.63,52.54,12.55,4.76,3.07,7.07,,75.48,3.56,2.08,2.07,1.2,1.08,5.19,3.04,91.67,8.7,,
DMC,2026-10-10,Consumer Defensive,Farm Products,1390000000.0,41.4,9.36,,0.32,0.69,10.72,1.67,1.04,1.33,9.27,3.7699999999999996,0.79,-38.86,40.0,,12.78,0.59,0.3,0.27,2.23,1.04,4.07,18.75,73.36,5.14,,
DNOW,2026-10-10,Industrials,Industrial Distribution,2810000000.0,,18.8,2.6,0.69,1.35,20.7,-11.57,-6.87,-7.03,15.9,-2.55,-4.6,-59.69,138.94,7.22,28.0,11.74,0.3,0.28,2.14,1.06,,1.7000000000000002,108.05,4.34,,
DOC,2026-10-10,Real Estate,REIT - Healthcare Facilities,13280000000.0,53.74,85.2,1.98,4.5,1.65,11.98,3.08,1.17,1.39,20.87,17.95,8.23,361.59,-52.19,43.05,,11.4,1.32,1.22,3.4,3.4,6.52,0.31,99.38,3.39,,
DOCN,2026-10-10,Technology,Software - Infrastructure,15850000000.0,61.46,75.37,7.08,15.68,15.21,88.36,62.27,9.71,10.05,57.220000000000006,14.800000000000002,23.27,-31.08,22.44,10.64,,23.14,2.13,1.52,1.31,1.31,,17.69,82.27,11.26,,
DOCS,2026-10-10,Healthcare,Health Information Services,5440000000.0,36.17,19.59,2.83,8.29,5.99,18.3,17.21,14.6,18.09,87.41,30.570000000000004,25.480000000000004,-11.36,15.55,6.93,52.71,25.53,0.01,0.01,6.04,6.04,,31.259999999999998,72.9,9.21,,
DOCU,2026-10-10,Technology,Software - Application,13290000000.0,43.24,13.63,0.96,3.95,7.78,11.09,17.8,8.34,17.49,79.16,11.96,9.82,20.38,12.8,14.26,,17.25,0.11,0.1,0.64,0.64,,0.64,95.93,6.14,,
DORM,2026-10-10,Consumer Cyclical,Auto Parts,3570000000.0,16.68,13.09,3.42,1.66,2.36,50.52,15.049999999999999,8.82,10.73,41.83,17.15,10.18,-2.35,6.16,3.83,15.0,14.28,0.35,0.35,3.6,1.73,,13.530000000000001,96.54,6.21,,
DOV,2026-10-10,Industrials,Specialty Industrial Machinery,25430000000.0,22.73,16.1,1.66,3.02,3.31,21.71,14.91,8.41,11.04,40.09,18.09,13.48,11.13,9.84,9.67,11.05,3.9,0.42,0.33,1.98,1.41,1.15,0.75,93.59,3.68,,
DOW,2026-10-10,Basic Materials,Chemicals,20530000000.0,,18.01,,0.5,1.29,12.84,-7.89,-2.16,-3.83,9.44,3.64,-3.16,353.45,-33.76,,,0.73,1.22,1.15,1.75,1.14,4.9,0.26,79.95,4.73,,
DPZ,2026-10-10,Consumer Cyclical,Restaurants,10240000000.0,17.54,14.86,1.73,2.04,,15.66,,33.38,54.88,40.02,19.3,11.86,8.18,9.49,8.61,7.23,3.71,,,1.54,1.41,2.58,0.65,113.29,7.89,,
DRH,2026-10-10,Real Estate,REIT - Hotel & Motel,2590000000.0,17.5,19.1,0.98,2.28,1.69,15.85,9.92,5.02,5.65,19.38,16.26,13.089999999999998,77.44,-15.36,19.45,,30.2,0.79,0.79,1.32,1.32,3.26,1.31,114.79000000000002,6.54,,
DRI,2026-10-10,Consumer Cyclical,Restaurants,22360000000.0,19.31,15.94,1.9,1.67,10.83,21.74,55.43,9.16,12.51,17.4,12.18,8.85,5.91,10.04,8.38,16.79,12.92,4.15,3.57,0.3,0.2,3.3099999999999996,0.32,101.84,5.99,,
DT,2026-10-10,Technology,Software - Application,18350000000.0,126.19,27.86,1.61,8.76,7.52,32.16,5.88,3.7000000000000006,5.85,81.35,13.03,7.22,16.67,14.94,17.25,15.17,23.47,0.06,0.06,1.12,1.12,,0.78,106.21000000000001,5.09,,
DTE,2026-10-10,Utilities,Utilities - Regulated Electric,26410000000.0,20.05,15.2,2.18,1.62,2.17,,11.01,2.47,3.43,16.03,12.64,8.05,4.81,8.21,6.97,-0.08,5.8,2.29,2.15,0.8,0.53,3.75,0.43,83.28,2.68,,
DTM,2026-10-10,Energy,Oil & Gas Midstream,12650000000.0,27.2,25.0,2.97,9.66,2.65,23.82,9.9,4.64,5.75,53.05,49.69,35.73,8.78,6.04,8.41,5.96,10.51,0.71,0.7,1.37,1.37,2.82,0.55,88.44,6.43,,
DUK,2026-10-10,Utilities,Utilities - Regulated Electric,90950000000.0,17.5,16.27,2.41,2.74,1.69,,9.91,2.68,3.8,31.370000000000005,26.619999999999997,15.61,6.35,6.87,6.75,29.7,6.2,1.68,1.52,0.66,0.43,3.74,0.13,71.72,2.28,,
DUOL,2026-10-10,Technology,Software - Application,7010000000.0,17.98,44.6,,6.13,4.97,17.19,34.42,22.72,27.46,72.22,14.21,35.87,-67.74,22.0,-21.12,,45.03,0.06,0.06,2.72,2.72,,15.06,85.62,18.0,,
DV,2026-10-10,Communication Services,Advertising Agencies,2109999999.9999998,37.44,23.3,0.89,2.74,1.91,13.12,5.39,4.52,4.96,74.44,12.689999999999998,7.66,49.09,29.45,26.13,18.42,25.13,0.1,0.08,4.5,4.5,,13.01,93.62,4.61,,
DVA,2026-10-10,Healthcare,Medical Care Facilities,11440000000.0,15.12,10.57,0.48,0.82,,7.1,,4.67,6.81,27.29,14.93,5.87,37.53,14.41,21.92,8.29,3.39,,,1.47,1.41,,2.08,93.35,8.24,,
DVN,2026-10-10,Energy,Oil & Gas E&P,53090000000.0,11.43,9.43,0.84,2.68,1.33,34.99,11.55,6.41,6.31,27.089999999999996,24.36,16.55,35.36,-3.51,11.21,,31.53,0.28,0.25,0.72,0.67,2.38,1.6,93.58,2.63,,
DXC,2026-10-10,Technology,Information Technology Services,1980000000.0,17.57,4.19,3.35,0.16,0.65,1.58,3.9800000000000004,0.9399999999999998,1.91,14.000000000000002,1.59,0.9899999999999999,-19.74,14.07,1.25,,-6.54,1.37,1.12,1.41,1.41,,2.55,113.35,16.46,,
DXCM,2026-10-10,Healthcare,Medical Devices,31740000000.0,33.2,26.91,1.26,6.39,12.11,22.59,38.49,14.510000000000002,25.0,63.57000000000001,22.92,20.12,27.71,17.1,21.33,10.55,19.33,0.53,0.53,1.73,1.43,,1.6500000000000001,105.04,3.78,,
DXPE,2026-10-10,Industrials,Industrial Distribution,2810000000.0,31.88,23.62,1.35,1.31,5.19,23.66,18.47,5.86,6.6,31.759999999999998,8.93,4.35,19.19,18.58,17.44,,14.94,1.66,1.61,2.99,2.58,,17.09,76.13,2.4,,
DY,2026-10-10,Industrials,Engineering & Construction,8119999999.999999,24.51,13.19,0.46,1.18,3.93,17.33,19.2,6.75,6.54,15.039999999999997,8.06,4.79,42.46,19.68,28.42,54.95,11.63,1.48,1.44,2.35,2.24,,1.26,96.92,4.99,,
EAT,2026-10-10,Consumer Cyclical,Restaurants,8119999999.999999,17.79,13.32,0.86,1.4,18.44,14.56,119.57,14.800000000000002,23.67,14.88,10.82,8.39,23.27,9.92,15.44,30.94,11.71,3.96,3.64,0.45,0.32,,1.25,112.91,12.57,,
EBAY,2026-10-10,Consumer Cyclical,Internet Retail,49920000000.0,23.23,16.68,1.48,4.12,10.7,19.03,46.44,12.18,22.03,72.59,21.44,18.36,11.25,9.56,11.3,11.61,4.64,1.53,1.16,1.02,1.02,1.1,10.05,95.97,4.37,,
EBC,2026-10-10,Financial,Banks - Regional,4810000000.0,11.92,9.84,0.69,3.22,1.12,12.04,9.44,1.33,7.87,,26.919999999999998,25.21,20.34,13.84,14.25,26.68,12.2,0.12,0.12,0.03,,2.77,7.75,84.86,9.26,,
ECG,2026-10-10,Industrials,Engineering & Construction,6250000000.0,24.63,20.47,1.08,1.47,8.09,24.97,39.52,14.38,23.4,12.94,7.829999999999999,5.96,34.17,12.85,18.87,16.45,16.25,0.47,0.41,1.59,1.53,,0.43,86.74,4.02,,
ECL,2026-10-10,Basic Materials,Specialty Chemicals,79000000000.0,37.81,30.04,2.41,4.69,7.86,42.15,21.85,7.89,9.39,44.24,18.22,12.57,8.22,15.12,12.47,,6.4,1.38,1.24,1.84,1.57,1.04,10.55,83.28,2.14,,
ECPG,2026-10-10,Financial,Credit Services,2120000000.0,7.55,6.82,,1.12,1.96,16.91,30.54,5.61,5.73,70.81,37.77,15.920000000000002,23.9,8.16,,10.31,3.27,3.87,3.87,1.29,1.29,,4.0,107.58000000000001,5.2,,
ED,2026-10-10,Utilities,Utilities - Regulated Electric,39100000000.0,17.42,16.33,2.44,2.21,1.39,,8.96,3.0,4.19,61.56,17.98,12.53,7.13,6.38,6.7,11.45,6.69,1.11,1.06,1.27,1.17,3.36,0.18,80.0,3.2,,
EEFT,2026-10-10,Technology,Software - Infrastructure,2420000000.0,10.14,5.39,0.48,0.55,1.96,9.85,22.34,4.42,9.14,20.52,11.55,6.59,11.31,12.01,11.13,,11.32,2.28,1.56,1.37,1.37,,7.02,103.88999999999999,15.55,,
EFC,2026-10-10,Real Estate,REIT - Mortgage,1500000000.0,7.1,5.89,3.35,2.39,0.85,1.58,12.35,1.18,1.48,82.52,81.18,31.120000000000005,12.07,-5.07,1.76,24.76,32.4,9.4,6.73,0.21,0.2,13.38,2.24,52.849999999999994,7.18,,
EFOR,2026-10-10,Technology,Information Technology Services,1540000000.0,19.3,8.75,1.46,0.39,0.85,6.95,4.57,2.15,2.53,26.88,5.7,2.09,-20.34,18.28,6.01,-7.08,2.59,0.83,0.82,2.13,2.13,,4.07,107.61,8.86,,
EFX,2026-10-10,Industrials,Consulting Services,17129999999.999998,25.62,14.47,0.86,2.66,3.91,15.5,14.580000000000002,5.79,8.19,44.05,18.53,10.73,11.59,18.02,16.87,4.67,8.04,1.25,0.93,0.6,0.6,1.53,0.78,104.13,4.48,,
EG,2026-10-10,Financial,Insurance - Reinsurance,14120000000.0,7.8,6.14,0.42,0.84,0.92,6.33,12.57,3.4000000000000004,10.06,,14.23,11.27,20.43,11.76,14.77,24.23,12.76,0.23,0.23,0.4,,2.22,26.27,104.95999999999998,5.83,,
EGBN,2026-10-10,Financial,Banks - Regional,860260000.0,,12.15,,1.45,0.75,16.27,-3.2799999999999994,-0.38,-3.05,,-9.38,-6.45,133.89,62.85,,,7.99,0.18,0.09,0.17,,0.14,8.18,79.04,11.25,,
EGP,2026-10-10,Real Estate,REIT - Industrial,10540000000.0,34.4,33.57,3.87,13.99,2.95,23.7,8.73,5.69,5.97,44.05,40.54,40.47,22.81,-2.39,8.68,12.06,14.49,0.47,0.43,0.43,0.43,3.2799999999999994,1.04,103.3,8.17,,
EHC,2026-10-10,Healthcare,Medical Care Facilities,12170000000.0,20.08,18.47,1.81,1.96,4.69,29.43,24.75,8.48,11.52,21.95,18.0,9.98,12.15,9.25,10.18,14.24,5.03,1.09,1.07,1.19,1.19,0.48,1.01,98.11,3.57,,
EIG,2026-10-10,Financial,Insurance - Specialty,887250000.0,70.91,19.77,0.41,1.06,1.03,45.04,0.78,0.25,0.77,,1.12,0.91,147.32,8.66,47.81,-35.03,3.84,0.15,0.15,0.38,,2.67,2.79,83.51,5.37,,
EIX,2026-10-10,Utilities,Utilities - Regulated Electric,21280000000.0,5.7,8.5,5.25,1.1,1.22,,22.58,4.18,6.94,34.12,29.880000000000003,19.28,-6.38,6.12,1.62,42.36,7.31,2.48,2.17,0.66,0.61,6.329999999999999,0.18,97.77,4.63,,
EL,2026-10-10,Consumer Defensive,Household & Personal Products,35530000000.0,197.05,24.91,1.11,2.36,9.32,27.0,4.75,0.9199999999999999,1.5,75.55,11.21,1.21,34.43,18.56,22.36,-42.29,-1.49,2.43,2.19,1.22,0.9,1.5,31.7,65.64,2.69,,
ELAN,2026-10-10,Healthcare,Drug Manufacturers - Specialty & Generic,11450000000.0,,17.94,1.16,2.28,1.74,30.21,-2.98,-1.46,-1.91,44.28,6.63,-3.9599999999999995,20.87,12.43,15.44,18.11,7.57,0.59,0.58,2.05,1.1,,1.02,114.3,7.54,,
ELF,2026-10-10,Consumer Defensive,Household & Personal Products,6450000000.0,111.04,28.27,2.41,3.66,5.51,23.01,6.04,3.16,2.89,69.2,12.0,3.38,16.04,6.39,11.71,29.9,38.76,0.8,0.76,2.55,1.82,,3.54,96.29,7.22,,
ELS,2026-10-10,Real Estate,REIT - Residential,11830000000.0,28.67,26.79,4.61,7.56,6.51,33.39,23.03,6.98,7.92,38.2,34.27,25.69,3.33,6.06,5.81,9.89,7.09,1.88,1.88,0.25,0.25,3.6799999999999997,1.18,109.38,5.39,,
ELV,2026-10-10,Healthcare,Healthcare Plans,89500000000.0,18.34,13.93,3.57,0.45,1.99,14.23,11.2,4.0,6.57,,3.63,2.47,-10.1,8.77,3.9,6.99,10.32,0.69,0.68,1.52,,1.67,0.22999999999999998,94.76,2.24,,
EME,2026-10-10,Industrials,Engineering & Construction,34820000000.0,24.5,21.19,1.2,1.87,8.56,29.73,40.37,15.509999999999998,31.85,19.43,9.6,7.739999999999999,27.39,13.03,17.7,63.69,14.07,0.13,0.11,1.28,1.25,0.19,0.73,97.21,1.74,,
EMN,2026-10-10,Basic Materials,Specialty Chemicals,7170000000.0,16.33,9.29,0.8,0.81,1.18,13.3,7.41,2.88,4.19,19.97,9.52,4.98,16.89,6.56,11.56,3.21,0.7,0.86,0.73,1.5,0.76,5.39,0.93,95.09,5.88,,
EMR,2026-10-10,Industrials,Specialty Industrial Machinery,90270000000.0,35.36,22.17,2.12,4.84,4.43,26.09,12.809999999999999,6.08,9.06,48.67,20.6,13.84,9.4,11.19,10.45,4.55,1.41,0.68,0.4,0.9,0.66,1.37,0.31,85.1,1.59,,
ENOV,2026-10-10,Healthcare,Medical Devices,1020000000.0,,4.93,0.73,0.44,0.69,16.03,-54.25,-25.03,-39.52,53.339999999999996,3.4099999999999997,-47.9,9.91,-1.02,6.78,,-6.05,0.93,0.88,1.98,1.0,,2.48,122.56,18.78,,
ENPH,2026-10-10,Technology,Solar,4340000000.0,32.51,15.87,,3.26,3.67,28.41,13.0,4.4,7.5,62.84,25.629999999999995,10.09,-32.96,4.21,-5.03,6.42,13.72,0.52,0.51,3.45,2.95,,3.05,94.84,21.95,,
ENR,2026-10-10,Industrials,Electrical Equipment & Parts,1460000000.0,18.15,6.31,,0.49,7.19,9.8,42.18,1.81,2.28,38.37,15.689999999999998,2.73,-6.38,2.54,-0.05,48.05,1.47,16.88,16.62,2.07,1.1,5.86,12.97,102.92000000000002,12.7,,
ENS,2026-10-10,Industrials,Electrical Equipment & Parts,6480000000.0,19.23,12.34,1.03,1.71,3.31,9.04,18.4,8.74,11.83,30.65,14.540000000000001,9.29,26.29,9.3,12.02,18.33,4.73,0.53,0.51,2.8,1.83,0.63,1.5,103.17,8.08,,
ENSG,2026-10-10,Healthcare,Medical Care Facilities,10010000000.0,26.92,20.07,1.59,1.82,4.1,23.89,16.98,7.090000000000001,8.29,13.96,8.78,6.9,18.63,9.81,12.62,13.84,16.5,0.92,0.87,1.21,1.21,0.16,3.6000000000000005,91.52,2.63,,
ENTG,2026-10-10,Technology,Semiconductor Equipment & Materials,25330000000.0,83.03,32.68,1.02,7.62,6.09,44.04,7.670000000000001,3.62,3.96,39.92,17.09,9.18,42.72,29.26,31.89,-6.49,11.45,0.86,0.86,3.05,1.85,0.19,0.61,108.96,5.78,,
ENVA,2026-10-10,Financial,Credit Services,4430000000.0,13.2,8.49,0.37,1.29,2.96,2.27,26.08,5.49,5.43,,24.14,10.31,33.31,21.34,22.8,-0.31,23.8,3.37,3.37,20.2,20.2,,5.18,96.2,8.0,,
EOG,2026-10-10,Energy,Oil & Gas E&P,77710000000.0,11.53,9.77,0.7,2.91,2.44,11.74,22.51,13.61,17.29,43.24,35.12,25.75,70.6,-12.52,13.94,,17.92,0.26,0.25,1.85,1.68,2.79,0.22999999999999998,98.34,3.11,,
EPAC,2026-10-10,Industrials,Specialty Industrial Machinery,1790000000.0,19.74,16.96,2.25,2.82,4.21,15.91,21.64,11.38,15.58,49.05,21.76,14.719999999999999,3.04,10.46,7.52,169.38,4.57,0.44,0.41,2.67,2.04,0.11,1.6399999999999997,100.31000000000002,3.62,,
EPAM,2026-10-10,Technology,Information Technology Services,5840000000.0,15.34,8.03,0.83,1.04,1.66,12.1,11.18,8.65,11.06,26.94,9.8,7.15,14.29,7.31,9.67,3.71,15.46,0.04,0.03,2.75,2.75,,3.47,116.82999999999998,12.92,,
EPC,2026-10-10,Consumer Defensive,Household & Personal Products,1280000000.0,,13.87,,0.63,0.88,24.45,-2.87,-1.19,-3.45,41.7,6.460000000000001,-4.55,-23.58,4.07,-5.89,-15.49,2.66,0.88,0.85,1.84,1.12,3.54,1.36,118.0,10.39,,
EPR,2026-10-10,Real Estate,REIT - Specialty,4190000000.0000005,17.57,17.87,,5.64,1.81,9.51,11.35,4.53,4.51,51.22,36.64,32.18,-6.46,-0.18,-0.85,,11.87,1.53,1.53,7.95,7.95,6.75,2.44,83.35,10.47,,
EPRT,2026-10-10,Real Estate,REIT - Retail,5530000000.0,19.72,18.93,11.76,8.87,1.24,,6.5,3.8900000000000006,3.65,71.46,64.81,42.74,2.34,2.28,1.61,402.11,28.08,0.66,0.66,3.19,3.19,5.02,0.58,117.86000000000001,6.51,,
EQH,2026-10-10,Financial,Asset Management,14450000000.0,,5.89,0.25,1.23,,13.55,-508.79,-0.3,-30.32,,-3.26,-8.34,26.92,25.58,23.36,-25.44,-0.54,,,11.62,,2.19,0.59,98.86,2.01,,
EQIX,2026-10-10,Real Estate,REIT - Specialty,101240000000.0,66.03,54.02,3.61,10.33,7.04,,10.77,3.84,4.23,31.69,9.22,15.629999999999999,25.04,10.39,14.96,26.89,8.96,1.62,1.52,1.13,1.13,2.01,0.31,101.49999999999999,1.6,,
EQT,2026-10-10,Energy,Oil & Gas E&P,33049999999.999996,12.25,13.95,0.7,3.49,1.31,8.78,11.62,6.7,8.8,48.14,42.38,28.610000000000003,32.04,-5.94,19.93,,25.73,0.22,0.22,0.67,0.67,1.26,1.04,97.05,3.64,,
ERIE,2026-10-10,Financial,Insurance Brokers,10340000000.0,20.27,,,2.51,4.19,18.7,24.81,17.26,23.39,17.9,17.93,14.01,18.8,,,13.78,9.9,0.0,0.0,1.25,1.25,2.63,46.53,46.17,10.24,,
ES,2026-10-10,Utilities,Utilities - Regulated Electric,24760000000.0,17.02,13.36,3.95,1.77,1.51,83.16,9.06,2.33,3.35,30.409999999999997,22.34,10.35,-2.38,5.91,3.38,5.15,8.75,1.82,1.64,0.8,0.74,4.77,0.15,88.92,2.5,,
ESAB,2026-10-10,Industrials,Metal Fabrication,4160000000.0,24.08,10.49,0.94,1.38,1.76,21.14,8.58,3.6000000000000005,3.39,33.46,14.150000000000002,5.66,2.49,17.71,11.14,7.02,7.83,1.0,0.99,1.96,1.22,0.38,6.67,99.12,8.88,,
ESE,2026-10-10,Technology,Scientific & Technical Instruments,7990000000.0,47.03,27.95,1.35,6.19,4.13,38.57,9.5,5.65,8.17,35.68,15.659999999999998,11.01,38.6,10.38,20.77,41.77,8.44,0.09,0.08,1.38,0.94,0.12,0.71,84.08,2.04,,
ESI,2026-10-10,Basic Materials,Specialty Chemicals,8850000000.0,49.49,17.18,0.95,2.81,3.15,64.28,6.570000000000001,3.3099999999999996,3.67,38.42,14.77,5.67,21.89,16.39,18.0,21.04,6.6,0.75,0.73,2.91,2.11,0.59,6.4,104.28,3.35,,
ESNT,2026-10-10,Financial,Insurance - Specialty,5620000000.0,8.72,7.98,1.45,4.33,0.99,6.8,12.01,9.19,11.05,,65.77,52.459999999999994,9.0,4.06,5.49,12.18,5.73,0.09,0.09,3.22,,2.24,3.64,98.43,3.87,,
ESS,2026-10-10,Real Estate,REIT - Residential,18050000000.0,42.27,42.91,,9.37,3.28,15.18,7.55,3.17,3.56,36.84,29.26,21.48,-46.49,13.74,-13.12,3.69,4.76,1.27,1.18,0.09,0.09,3.82,0.8100000000000002,104.67,3.99,,
ETN,2026-10-10,Industrials,Specialty Industrial Machinery,166880000000.0,43.72,26.54,1.63,5.56,8.24,42.42,19.71,7.919999999999999,9.7,35.9,19.44,12.75,12.43,19.27,16.27,24.52,8.98,1.05,0.95,1.24,0.79,1.0,0.19,88.17,2.06,,
ETR,2026-10-10,Utilities,Utilities - Regulated Electric,49120000000.0,26.28,20.13,1.43,3.64,2.63,,10.42,2.47,3.64,28.57,22.23,13.33,12.57,16.0,14.05,2.5,5.38,1.88,1.71,0.88,0.66,2.51,0.24,98.12,3.75,,
ETSY,2026-10-10,Consumer Cyclical,Internet Retail,7040000000.0,45.13,16.81,0.3,2.46,,11.23,,16.22,20.29,72.3,16.1,7.32,138.81,37.48,55.59,-12.32,10.81,,,1.48,1.48,,1.15,123.77,14.46,,
EVR,2026-10-10,Financial,Capital Markets,10460000000.0,15.37,12.68,0.74,2.2,5.62,6.51,42.41,17.76,25.81,98.79,22.57,15.71,25.59,17.21,17.04,11.3,11.12,0.59,0.55,2.47,2.47,1.3,2.62,93.72,3.25,,
EVRG,2026-10-10,Utilities,Utilities - Regulated Electric,18660000000.0,20.51,17.76,1.97,3.09,1.83,,9.17,2.71,4.11,32.48,25.55,15.329999999999998,11.11,7.12,9.02,6.15,3.8,1.61,1.2,0.36,0.21,3.42,1.36,95.56,8.1,,
EVTC,2026-10-10,Technology,Software - Infrastructure,1770000000.0,19.35,6.77,0.65,1.78,2.76,8.5,15.57,4.39,5.15,36.81,19.93,9.8,10.45,9.5,10.37,8.98,12.79,2.06,1.95,1.7,1.7,0.67,2.34,102.58,4.38,,
EW,2026-10-10,Healthcare,Medical Devices,49120000000.0,50.56,25.14,1.78,7.54,4.63,34.26,9.26,7.16,8.67,78.28,28.53,15.049999999999999,17.23,12.96,14.16,6.79,6.7,0.07,0.06,4.52,3.77,,1.22,94.42,1.68,,
EWBC,2026-10-10,Financial,Banks - Regional,17200000000.0,12.05,10.89,1.24,3.68,1.86,9.23,16.58,1.78,12.11,,39.68,30.9,12.41,7.68,8.79,19.12,21.14,0.45,0.29,0.13,,2.55,0.79,93.57,3.19,,
EXC,2026-10-10,Utilities,Utilities - Regulated Electric,43110000000.0,15.3,13.75,2.48,1.7,1.45,,9.71,2.4,3.46,27.529999999999998,20.79,10.99,3.15,6.31,5.54,6.36,-6.24,1.78,1.71,1.09,0.99,4.02,0.08,96.02,3.25,,
EXE,2026-10-10,Energy,Oil & Gas E&P,20420000000.0,7.61,10.66,0.54,1.62,1.07,8.25,14.89,9.97,12.04,48.69,21.53,22.08,41.39,-4.03,19.81,,20.35,0.19,0.19,0.96,0.96,2.61,0.58,96.65,4.24,,
EXEL,2026-10-10,Healthcare,Biotechnology,14830000000.0,18.8,14.43,0.76,6.09,8.08,12.65,44.39,33.28,42.82,96.48,40.72,35.33,13.94,18.2,18.97,51.19,18.63,0.09,0.09,3.46,3.38,,3.18,105.75000000000001,11.75,,
EXLS,2026-10-10,Technology,Information Technology Services,5580000000.0,23.18,14.17,0.93,2.49,6.44,20.28,25.94,14.469999999999999,26.2,35.44,14.42,11.17,17.37,13.47,15.2,24.43,16.85,0.56,0.1,1.23,1.23,,3.36,103.13,7.22,,
EXP,2026-10-10,Basic Materials,Building Materials,5050000000.0,13.03,12.27,2.29,2.17,3.41,29.63,27.029999999999998,11.02,12.34,27.02,23.21,17.32,-11.21,9.35,5.37,10.77,7.31,1.21,1.19,3.23,1.91,0.58,1.25,108.64,6.17,,
EXPD,2026-10-10,Industrials,Integrated Freight & Logistics,25120000000.0,28.12,23.77,1.93,2.09,11.86,27.19,42.6,18.52,35.75,15.2,9.9,7.629999999999999,32.49,3.13,12.33,7.86,2.92,0.27,0.21,1.46,1.46,0.86,0.63,99.97,3.38,,
EXPE,2026-10-10,Consumer Cyclical,Travel Services,32909999999.999996,17.1,11.16,0.53,2.1,27.22,7.38,199.12,7.2700000000000005,29.53,84.69,16.64,12.97,31.98,17.34,21.26,,23.16,4.7,4.7,0.8,0.8,0.55,5.22,104.1,6.96,,
EXPO,2026-10-10,Industrials,Engineering & Construction,3320000000.0,31.34,26.54,2.33,5.25,11.5,30.57,31.2,15.83,30.83,24.6,20.17,17.67,11.42,14.04,11.39,5.97,7.79,0.28,0.26,1.98,1.98,1.78,1.31,99.16,5.79,,
EXR,2026-10-10,Real Estate,REIT - Industrial,29710000000.0,30.15,27.67,6.97,8.62,2.15,16.89,7.07,3.2400000000000007,3.75,34.6,26.06,27.74,1.47,4.5,3.97,4.33,20.02,1.09,0.92,0.8,0.8,4.83,1.11,100.37,2.63,,
EXTR,2026-10-10,Technology,Communication Equipment,3200000000.0,77.04,15.91,0.91,2.49,35.83,33.57,54.64,3.61,16.68,60.24,5.05,3.2799999999999994,23.12,16.49,17.44,83.02,4.92,2.2,1.85,0.93,0.81,,3.15,97.87,4.98,,
EYE,2026-10-10,Consumer Cyclical,Specialty Retail,1320000000.0,26.96,13.81,0.61,0.65,1.47,26.87,5.75,2.54,3.39,54.08,4.25,2.47,26.03,19.83,22.73,-3.46,3.03,0.78,0.65,0.59,0.27,,2.91,130.65,20.25,,
EZPW,2026-10-10,Financial,Credit Services,1960000000.0,16.24,14.67,0.74,1.24,1.69,13.8,14.69,7.82,8.31,56.269999999999996,13.970000000000002,9.99,41.49,7.66,19.81,,9.14,0.7,0.64,4.81,3.45,,11.75,113.88000000000001,22.75,,
F,2026-10-10,Consumer Cyclical,Auto Manufacturers,48530000000.0,,6.3,0.25,0.26,1.44,6.67,-18.31,-2.56,-5.03,8.0,1.9799999999999998,-3.93,69.99,4.28,25.16,-44.9,8.05,4.57,3.12,1.09,0.93,4.93,2.43,67.29,3.41,,
FA,2026-10-10,Industrials,Specialty Business Services,3270000000.0,131.67,12.66,0.65,1.97,2.52,16.73,1.94,0.66,0.75,28.809999999999995,10.89,1.51,22.59,17.97,19.44,18.22,25.33,1.58,1.57,2.53,2.53,,54.69,63.91,12.19,,
FAF,2026-10-10,Financial,Insurance - Specialty,6250000000.0,8.47,8.52,,0.78,1.11,7.51,13.87,4.23,10.11,,14.42,9.33,16.17,3.1,,-0.54,1.01,0.31,0.31,1.97,,3.6900000000000004,3.83,97.38,6.37,,
FANG,2026-10-10,Energy,Oil & Gas E&P,53800000000.0,37.22,10.1,0.76,3.15,1.42,8.28,3.7900000000000005,2.05,2.97,37.37,35.05,8.51,58.81,-10.38,13.24,,39.81,0.33,0.29,0.47,0.45,2.27,23.78,73.68,3.42,,
FAST,2026-10-10,Industrials,Industrial Distribution,58240000000.0,43.19,36.14,3.04,6.66,14.31,50.38,34.34,26.229999999999997,31.2,42.77,20.29,15.45,16.42,10.65,11.9,7.95,7.75,0.11,0.07,4.18,2.21,1.95,0.11,88.2,3.02,,
FBIN,2026-10-10,Industrials,Building Products & Equipment,4660000000.0,31.59,11.65,3.71,1.06,2.02,11.63,6.41,2.3,2.91,44.88,15.160000000000002,3.39,-7.42,0.19,3.14,-8.97,-6.03,1.21,1.21,2.01,1.05,2.64,1.8900000000000001,104.28,6.36,,
FBK,2026-10-10,Financial,Banks - Regional,2630000000.0,14.07,10.18,0.84,2.56,1.36,13.17,11.08,1.3,8.56,,26.150000000000002,19.1,17.5,10.36,12.13,7.96,8.87,0.19,0.19,0.11,,1.5,2.48,81.44,6.25,,
FBNC,2026-10-10,Financial,Banks - Regional,2450000000.0,18.4,11.94,0.44,4.26,1.43,12.07,8.1,1.03,7.35,,28.77,23.09,70.97,8.16,27.13,-0.96,11.5,0.05,0.05,0.06,,1.63,1.6,82.95,5.63,,
FBP,2026-10-10,Financial,Banks - Regional,4070000000.0000005,11.25,10.34,1.41,3.19,2.06,9.25,19.49,1.95,17.11,,35.12,29.21,11.64,7.49,7.35,36.21,9.46,0.1,0.1,0.05,,2.99,2.47,97.34,4.86,,
FBRT,2026-10-10,Real Estate,REIT - Mortgage,514049999.99999994,14.08,5.51,,0.88,0.42,3.25,4.0,1.01,1.19,93.73,57.66,6.08,71.84,33.49,,-6.74,25.37,2.85,2.5,0.88,0.61,12.920000000000002,2.34,61.5,7.68,,
FCF,2026-10-10,Financial,Banks - Regional,2009999999.9999998,12.18,10.17,0.81,2.7,1.28,11.27,10.91,1.38,9.73,,29.04,22.65,17.88,12.86,12.62,14.39,12.85,0.19,0.1,0.04,,2.82,1.81,79.48,4.73,,
FCFS,2026-10-10,Financial,Credit Services,9270000000.0,24.37,16.46,0.79,2.25,4.0,17.43,17.4,7.76,7.9,51.519999999999996,16.11,9.42,27.77,15.98,20.73,23.7,17.55,1.16,1.12,4.89,3.51,0.79,9.26,99.28,6.15,,
FCN,2026-10-10,Industrials,Consulting Services,3760000000.0,16.46,12.53,1.15,0.96,2.83,10.48,15.629999999999999,7.19,9.87,31.759999999999998,9.69,6.4399999999999995,5.02,17.18,10.92,7.75,9.01,0.95,0.92,2.03,2.03,,2.41,112.20000000000002,11.87,,
FCPT,2026-10-10,Real Estate,REIT - Retail,2340000000.0,19.29,18.61,10.88,7.62,1.44,11.99,7.6499999999999995,4.12,4.34,64.68,55.7,38.7,3.7,1.16,1.71,0.21,11.46,0.78,0.68,0.44,0.44,6.93,1.38,103.56999999999998,2.67,,
FCX,2026-10-10,Basic Materials,Copper,105820000000.0,36.39,17.33,0.45,4.21,5.26,60.06,15.259999999999998,5.03,9.99,24.55,22.11,11.62,76.09,36.42,38.82,30.14,12.62,0.52,0.45,2.07,0.92,0.8100000000000002,0.53,90.22,1.76,,
FDS,2026-10-10,Financial,Financial Data & Stock Exchanges,10210000000.0,19.73,13.24,1.3,4.12,5.06,14.44,25.47,12.629999999999999,17.72,50.61,29.34,21.54,9.15,10.32,10.16,7.06,9.24,0.77,0.5,0.6,0.68,1.66,0.3,115.36999999999999,8.97,,
FDX,2026-10-10,Industrials,Integrated Freight & Logistics,69040000000.0,15.74,,,0.73,2.21,13.49,14.829999999999998,4.75,6.37,21.77,6.99,4.67,,,,-1.01,2.48,1.36,1.2,1.48,1.44,1.6399999999999997,6.819999999999999,82.87,2.48,,
FDXF,2026-10-10,Industrials,Integrated Freight & Logistics,17260000000.0,,,,,,,,,,,,,,,,,,,,167.41,167.41,,25.77,65.61,4.98,,
FE,2026-10-10,Utilities,Utilities - Regulated Electric,26040000000.0,24.01,15.27,1.99,1.65,2.01,,8.42,1.9299999999999997,2.71,27.339999999999996,18.57,6.860000000000001,7.19,7.79,7.68,-0.91,6.94,2.24,2.1,0.54,0.45,4.12,0.18,96.39,5.53,,
FELE,2026-10-10,Industrials,Specialty Industrial Machinery,4320000000.0,28.17,18.65,,1.95,3.07,19.79,11.63,7.449999999999999,9.78,35.52,13.100000000000001,7.02,12.57,12.42,,8.55,11.31,0.22,0.13,2.41,1.1,4.06,7.32,90.51,1.69,,
FFBC,2026-10-10,Financial,Banks - Regional,3240000000.0,10.92,8.97,0.7,2.36,1.09,4.29,10.29,1.39,8.32,,26.06,20.77,15.57,12.04,12.79,10.85,12.3,0.35,0.15,0.11,,3.3000000000000003,1.38,85.72,6.69,,
FFIN,2026-10-10,Financial,Banks - Regional,4410000000.0,16.42,14.25,1.55,5.09,2.19,13.96,14.41,1.81,13.33,,37.86,31.019999999999996,15.66,5.51,9.2,4.52,10.65,0.04,0.01,0.16,,2.76,3.47,66.37,6.68,,
FFIV,2026-10-10,Technology,Software - Infrastructure,27170000000.0,38.22,26.62,3.18,8.21,7.07,28.02,19.83,11.23,17.83,80.6,24.96,21.95,9.63,3.99,8.38,18.69,5.61,0.07,0.06,1.64,1.57,,0.54,100.32,2.24,,
FG,2026-10-10,Financial,Insurance - Life,2520000000.0,6.77,4.16,0.33,0.42,0.55,0.49,9.24,0.53,6.44,,11.16,6.619999999999999,-20.05,59.11,12.59,-30.9,9.96,0.49,0.41,0.08,,5.19,2.7,97.43,3.15,,
FHB,2026-10-10,Financial,Banks - Regional,3000000000.0,10.72,9.73,1.26,2.56,1.06,9.61,10.32,1.2,10.08,,31.730000000000004,24.31,7.31,7.49,7.73,9.06,8.61,0.0,0.0,0.08,,4.21,0.8100000000000002,111.89,10.56,,
FHI,2026-10-10,Financial,Asset Management,4219999999.9999995,10.51,9.51,1.07,2.17,3.38,11.5,33.23,17.55,23.34,73.88,27.98,20.22,7.57,7.69,8.86,9.71,4.59,0.36,0.34,2.59,2.59,2.67,4.74,89.88,5.69,,
FHN,2026-10-10,Financial,Banks - Regional,10930000000.0,11.08,9.99,0.93,2.19,1.29,15.17,11.65,1.27,10.07,,27.37,20.56,13.47,7.74,10.79,-0.25,7.93,0.47,0.14,0.23,,2.88,1.33,91.73,2.9,,
FIBK,2026-10-10,Financial,Banks - Regional,3290000000.0,10.65,8.96,0.45,2.43,0.99,13.52,9.62,1.21,8.96,,29.410000000000004,23.97,28.26,2.18,19.71,3.04,16.01,0.23,0.09,0.11,,5.45,15.06,96.66,10.67,,
FICO,2026-10-10,Technology,Software - Application,14420000000.0,19.29,13.37,0.55,6.02,,15.35,,41.8,67.87,85.1,52.11,34.05,43.38,16.59,24.11,27.43,8.99,,,1.18,1.18,,3.34,102.1,10.76,,
FIS,2026-10-10,Technology,Information Technology Services,17550000000.0,5.23,5.09,0.59,1.44,1.1,5.98,22.33,8.7,10.71,35.95,22.98,27.639999999999997,7.88,7.75,8.67,23.62,-3.18,1.33,0.96,0.53,0.53,5.32,0.15,101.19,3.8,,
FISV,2026-10-10,Technology,Information Technology Services,24260000000.0,8.75,5.76,5.53,1.16,0.9,6.12,10.75,3.45,5.23,56.38000000000001,21.57,13.419999999999998,-16.21,9.51,1.04,35.23,7.37,1.04,0.99,1.04,1.04,,0.43,92.4,5.82,,
FITB,2026-10-10,Financial,Banks - Regional,45930000000.0,17.24,10.26,0.67,3.02,1.42,13.86,8.44,0.9199999999999999,4.5,,19.7,14.44,-13.94,62.49,15.29,14.06,10.29,0.65,0.51,0.13,,3.2300000000000004,0.42,93.59,4.02,,
FIVE,2026-10-10,Consumer Cyclical,Specialty Retail,11820000000.0,19.27,19.41,0.82,2.22,4.77,19.73,28.249999999999996,12.53,14.72,36.49,14.75,11.65,53.66,7.94,23.53,24.07,19.41,0.82,0.7,2.22,1.29,,1.7500000000000002,101.32,5.38,,
FIX,2026-10-10,Industrials,Engineering & Construction,60380000000.0,42.21,28.51,0.77,5.38,18.77,28.01,55.28999999999999,21.17,40.46,25.08,16.45,12.78,69.69,22.79,36.99,47.85,26.08,0.11,0.1,1.21,1.19,0.19,1.12,95.8,2.44,,
FIZZ,2026-10-10,Consumer Defensive,Beverages - Non-Alcoholic,2860000000.0,16.34,15.61,7.23,2.42,7.77,17.65,40.12,26.5,42.45,36.04,18.28,14.81,-6.96,7.21,2.16,1.06,1.94,0.16,0.12,2.39,1.66,10.65,74.58,26.57,18.93,,
FLEX,2026-10-10,Technology,Electronic Components,44270000000.0,46.27,16.95,0.41,1.51,8.05,53.6,18.38,4.39,8.51,9.29,5.58,3.32,42.47,50.37,41.7,13.64,2.96,1.08,1.08,1.38,0.89,,0.7,96.74,2.41,,
FLG,2026-10-10,Financial,Banks - Regional,4700000000.0,560.4,9.77,,1.06,0.62,,0.59,0.05,0.33,,2.66,0.34,156.52,310.15,,,22.25,1.39,0.81,0.33,,0.35,27.71,61.919999999999995,15.7,,
FLO,2026-10-10,Consumer Defensive,Packaged Foods,1230000000.0,22.53,8.23,,0.24,0.93,3.92,4.01,1.29,1.93,45.43,6.29,1.06,-28.21,-9.77,-13.45,-11.24,3.68,1.52,1.15,0.77,0.47,10.67,7.53,104.67,22.85,,
FLR,2026-10-10,Industrials,Engineering & Construction,6780000000.0,,15.06,0.71,0.44,2.56,,-46.23,-20.66,-53.11,-0.8,-2.15,-12.85,23.5,24.41,21.28,36.81,1.83,0.4,0.4,1.8,1.8,,2.37,96.98,8.24,,
FLS,2026-10-10,Industrials,Specialty Industrial Machinery,9190000000.0,25.35,15.56,1.27,1.98,4.07,22.33,16.56,6.19,8.2,35.8,13.019999999999998,8.01,12.98,12.94,12.25,21.58,4.87,1.03,1.0,2.15,1.58,1.21,0.63,114.38999999999999,7.16,,
FMC,2026-10-10,Basic Materials,Agricultural Inputs,1300000000.0,,5.24,,0.4,0.64,15.32,-89.27,-25.120000000000005,-48.54,33.06,-1.8900000000000001,-84.88,-55.96,22.3,-12.47,,-5.67,2.69,2.47,1.99,1.48,3.84,25.94,82.92,25.2,,
FN,2026-10-10,Technology,Electronic Components,17430000000.0,37.28,22.38,0.81,3.75,7.1,4129.33,21.33,14.029999999999998,19.25,12.06,10.06,10.19,29.18,19.38,27.61,26.53,19.82,0.0,0.0,2.25,1.52,,0.42,102.62,4.62,,
FNB,2026-10-10,Financial,Banks - Regional,6020000000.0,10.16,9.02,1.18,2.23,0.88,9.2,9.05,1.2,6.65,,26.38,22.39,6.78,11.45,7.66,12.82,13.09,0.73,0.33,0.08,,3.0,1.63,93.62,6.79,,
FND,2026-10-10,Consumer Cyclical,Home Improvement Retail,4850000000.0,21.23,20.77,1.83,1.03,1.95,22.92,9.69,4.17,5.34,39.75,6.559999999999999,4.93,2.74,11.05,11.32,0.93,14.07,0.81,0.74,1.33,0.45,,3.19,117.31,13.48,,
FNF,2026-10-10,Financial,Insurance - Specialty,10410000000.0,13.51,6.97,1.04,0.68,1.4,1.66,10.05,0.86,6.33,,12.93,5.03,2.23,9.58,6.73,-15.01,6.05,0.64,0.64,,,5.27,5.71,84.26,4.62,,
FORM,2026-10-10,Technology,Semiconductor Equipment & Materials,10910000000.0,95.76,36.7,0.64,12.09,9.82,80.16,10.99,9.15,10.2,43.97,15.06,12.8,134.57,24.81,57.04,-6.93,2.51,0.03,0.02,4.08,3.34,,0.78,93.96,4.22,,
FOUR,2026-10-10,Technology,Software - Infrastructure,3160000000.0,64.35,6.54,0.52,0.66,5.15,7.29,6.54,1.34,1.71,28.29,9.66,0.9199999999999999,0.62,17.53,12.5,,40.37,2.82,2.81,1.21,1.21,,29.62,88.4,26.26,,
FOX,2026-10-10,Communication Services,Entertainment,24880000000.0,14.58,9.56,1.64,1.45,2.02,16.95,14.29,7.380000000000001,8.8,34.23,20.41,9.84,10.18,-2.13,5.83,1.21,5.82,0.65,0.65,3.17,2.99,1.03,68.72,33.78,7.02,,
FOXA,2026-10-10,Communication Services,Entertainment,24880000000.0,16.28,10.71,1.84,1.45,2.25,16.95,14.29,7.380000000000001,8.8,34.23,20.41,9.84,10.1,-2.35,5.83,1.21,5.82,0.65,0.65,3.17,2.99,0.9199999999999999,53.349999999999994,62.57,24.49,,
FOXF,2026-10-10,Consumer Cyclical,Auto Parts,758660000.0,,9.91,,0.52,1.14,60.35,-36.73,-16.58,-22.83,27.500000000000004,4.75,-20.39,47.01,16.9,,,10.5,1.02,0.96,3.1,1.55,,1.15,101.82,7.57,,
FR,2026-10-10,Real Estate,REIT - Industrial,8140000000.000001,21.64,30.72,14.29,10.72,2.84,34.09,13.44,6.480000000000001,6.79,48.09,41.59,47.94,36.1,-23.98,2.15,4.05,10.07,0.93,0.93,4.45,4.45,3.36,0.95,100.79,4.14,,
FRPT,2026-10-10,Consumer Defensive,Packaged Foods,3080000000.0,16.88,36.16,,2.62,2.52,50.44,17.62,11.76,11.78,39.41,8.26,17.28,-26.75,-8.37,-7.82,,28.16,0.4,0.4,6.05,5.03,,2.51,133.14,17.3,,
FRT,2026-10-10,Real Estate,REIT - Retail,9280000000.0,21.43,34.07,,6.95,2.88,27.7,13.140000000000002,4.92,5.46,38.21,34.5,31.95,-9.68,-26.28,-9.97,23.55,9.55,1.44,1.37,0.61,0.61,4.31,0.9000000000000001,101.05,5.47,,
FSLR,2026-10-10,Technology,Solar,19110000000.0,10.96,7.64,0.28,3.55,1.85,12.74,18.51,13.3,16.69,44.0,34.98,32.47,23.26,32.83,27.48,30.65,14.0,0.02,0.01,2.52,2.0,,5.53,97.44,10.96,,
FSS,2026-10-10,Industrials,Farm & Heavy Construction Machinery,6930000000.0,24.46,19.65,1.27,2.83,4.6,20.44,20.61,13.100000000000001,14.42,28.559999999999995,16.84,11.66,23.66,10.48,15.42,20.79,14.03,0.32,0.31,2.74,1.21,0.53,2.47,103.28,6.36,,
FTDR,2026-10-10,Consumer Cyclical,Personal Services,5500000000.0,21.12,15.36,1.29,2.56,19.47,14.24,101.86,12.57,19.15,51.61,20.12,12.76,15.2,10.24,11.94,21.18,7.26,4.15,4.04,1.59,1.59,,0.74,105.71,5.09,,
FTI,2026-10-10,Energy,Oil & Gas Equipment & Services,27280000000.0,24.24,19.2,1.01,2.64,8.35,17.36,36.04,11.5,27.83,22.7,14.71,11.37,27.36,16.16,18.92,,8.49,0.38,0.29,1.08,0.83,0.29,1.22,99.65,3.46,,
FTNT,2026-10-10,Technology,Software - Infrastructure,142890000000.0,68.62,51.59,3.3,18.98,92.11,45.84,117.43999999999998,19.73,103.55,80.2,32.37,28.17,25.03,9.38,15.64,32.99,21.25,0.32,0.32,1.28,1.19,,17.2,72.14,2.06,,
FTRE,2026-10-10,Healthcare,Biotechnology,1980000000.0,,19.7,0.44,0.74,3.78,10.11,-15.299999999999999,-3.07,-5.27,16.38,0.97,-3.18,96.38,25.28,45.27,-21.68,1.09,2.13,2.08,0.96,0.96,,1.0,106.18,13.35,,
FTV,2026-10-10,Technology,Scientific & Technical Instruments,17290000000.0,33.81,17.6,1.95,4.01,2.86,18.11,7.32,4.03,5.58,61.11,18.23,12.38,11.23,7.9,9.01,-16.65,-2.14,0.58,0.58,1.24,1.0,0.44,0.39,112.01999999999998,5.7,,
FUL,2026-10-10,Basic Materials,Specialty Chemicals,2670000000.0,13.8,9.53,0.84,0.75,1.23,26.67,9.59,3.73,4.68,32.7,11.31,5.56,14.35,7.32,11.32,3.11,4.48,0.95,0.95,1.82,1.1,1.56,0.39,104.73000000000002,5.35,,
FULT,2026-10-10,Financial,Banks - Regional,4219999999.9999995,10.58,9.45,1.43,2.2,1.17,10.24,11.1,1.19,7.17,,26.539999999999996,20.1,1.12,11.15,6.63,13.77,14.37,0.45,0.45,0.1,,3.4300000000000006,1.14,83.67,5.73,,
FUN,2026-10-10,Consumer Cyclical,Leisure,1170000000.0,,,,0.38,10.18,7.78,-185.33,-20.74,-33.31,23.01,10.76,-57.25,80.97,94.56,,-8.74,76.39,44.95,44.82,0.42,0.36,,2.98,106.82000000000001,23.2,,
G,2026-10-10,Technology,Information Technology Services,5780000000.0,10.25,7.62,0.69,1.1,2.22,10.1,22.45,10.87,14.86,36.9,16.07,11.06,12.88,9.56,11.05,14.71,6.51,0.54,0.51,2.0,2.0,1.44,9.1,100.82,7.22,,
GAP,2026-10-10,Consumer Cyclical,Apparel Retail,8160000000.0,6.94,8.78,0.82,0.53,2.06,8.53,33.78,9.98,13.77,43.18,10.79,8.14,13.03,9.84,10.72,,2.17,1.45,1.29,1.82,1.11,2.97,34.06,64.91,11.13,,
GATX,2026-10-10,Industrials,Rental & Leasing Services,5820000000.0,16.33,14.64,1.27,2.83,2.09,,13.269999999999998,2.34,2.48,46.48,29.049999999999997,17.64,16.89,10.07,11.57,16.91,7.55,4.48,4.23,1.12,1.12,1.6,1.22,103.12,6.26,,
GBCI,2026-10-10,Financial,Banks - Regional,5560000000.0,17.48,11.97,0.47,3.52,1.29,13.66,7.95,1.03,6.74,,25.96,19.73,52.93,17.25,25.57,-6.61,12.45,0.53,0.07,0.06,,3.1,0.48,87.26,8.34,,
GBX,2026-10-10,Industrials,Railroads,1190000000.0,11.29,10.25,,0.45,0.76,,6.959999999999999,2.46,3.11,14.93,5.66,4.08,-53.97,23.63,-8.49,34.1,2.98,1.19,1.19,2.82,1.59,3.47,5.3,102.97,9.6,,
GD,2026-10-10,Industrials,Aerospace & Defense,89630000000.0,20.2,17.78,1.93,1.63,3.34,13.9,17.8,7.629999999999999,12.92,15.380000000000003,10.32,8.18,10.11,9.53,9.21,7.04,6.74,0.35,0.29,1.44,0.96,1.91,0.65,87.42,0.81,,
GDDY,2026-10-10,Technology,Software - Infrastructure,13220000000.0,15.47,11.35,0.61,2.59,1975.58,7.76,442.86,11.19,23.75,60.58,25.22,17.83,19.0,24.19,18.53,,8.35,573.34,571.1,0.63,0.63,,0.98,109.16,5.19,,
GE,2026-10-10,Industrials,Aerospace & Defense,319780000000.0,36.33,33.81,1.91,6.31,18.13,38.09,48.75,7.08,25.18,35.23,18.52,17.69,24.47,14.98,17.66,69.37,-9.57,1.15,1.02,0.98,0.67,0.58,0.3,82.03,1.11,,
GEF,2026-10-10,Consumer Cyclical,Packaging & Containers,4340000000.0,21.15,17.04,0.47,1.1,1.55,,8.65,3.61,5.85,22.41,6.819999999999999,5.71,116.42,10.94,36.4,,-1.01,0.41,0.28,1.29,0.99,2.88,57.41,41.98,8.2,,
GEHC,2026-10-10,Healthcare,Medical Devices,29690000000.0,15.11,12.1,1.26,1.4,2.71,18.81,19.19,5.46,9.28,39.37,13.73,9.33,7.28,10.36,9.6,0.61,3.74,0.96,0.95,1.21,0.91,0.16,0.32,92.14,4.11,,
GEN,2026-10-10,Technology,Software - Infrastructure,13920000000.0,13.5,7.02,0.57,2.74,5.24,8.99,41.94,6.58,9.9,73.68,42.8,20.73,14.49,12.93,12.25,11.23,14.41,3.08,3.0,0.47,0.47,2.2,9.93,93.84,6.56,,
GEO,2026-10-10,Industrials,Security & Protection Services,4099999999.9999995,14.69,16.83,0.52,1.45,2.72,154.97,20.11,7.88,9.38,21.26,12.49,10.31,52.33,41.22,32.6,14.08,2.29,1.08,1.05,1.65,1.65,,4.84,95.01,7.7,,
GEV,2026-10-10,Industrials,Specialty Industrial Machinery,267589999999.99997,28.76,41.03,1.63,6.47,22.38,21.51,91.48,14.24,64.6,20.16,5.32,23.05,71.86,-19.46,25.1,,,0.24,0.23,0.84,0.62,0.2,0.21,82.39,2.78,,
GFF,2026-10-10,Industrials,Building Products & Equipment,4099999999.9999995,20.11,14.84,1.86,1.85,31.9,15.99,229.23,11.28,14.26,42.85,19.69,9.28,-4.45,13.1,7.98,17.86,4.05,10.35,10.16,2.41,1.79,0.97,15.46,80.41,3.79,,
GGG,2026-10-10,Industrials,Specialty Industrial Machinery,12670000000.0,24.57,22.41,2.69,5.59,5.02,20.12,21.24,17.28,21.02,52.64,27.440000000000005,23.53,11.3,6.29,8.33,9.93,6.27,0.02,0.01,2.99,2.14,1.5,0.83,93.88,3.08,,
GHC,2026-10-10,Industrials,Conglomerates,4970000000.0,9.45,,,0.98,1.04,24.81,11.82,6.84,9.21,27.860000000000003,5.8,10.63,,,,2.72,11.2,0.28,0.23,1.86,1.59,0.63,26.8,66.34,7.57,,
GIII,2026-10-10,Consumer Cyclical,Apparel Manufacturing,1160000000.0,8.92,11.3,2.7,0.41,0.63,4.23,7.68,4.98,6.43,43.08,7.76,4.75,-13.83,6.47,4.19,25.68,7.55,0.19,0.16,2.7,1.74,1.11,16.71,103.34,20.96,,
GILD,2026-10-10,Healthcare,Drug Manufacturers - General,187440000000.0,,15.18,1.59,6.14,15.86,14.48,-20.57,-6.17,-9.09,79.66,39.05,-10.61,-105.22,2439.41,9.54,133.64,3.63,2.22,2.01,1.27,1.09,2.15,0.17,92.63,1.76,,
GIS,2026-10-10,Consumer Defensive,Packaged Foods,17270000000.0,,10.23,,0.94,2.32,11.17,-10.55,-2.83,-4.52,33.06,14.7,-4.89,-13.17,2.41,-2.11,,0.33,1.83,1.66,0.7,0.39,7.6,0.42,90.79,7.73,,
GKOS,2026-10-10,Healthcare,Medical Devices,9770000000.0,,315.89,,15.95,14.29,,-25.980000000000004,-19.72,-23.95,79.12,-12.89,-30.680000000000003,65.91,270.94,,-3.95,17.67,0.15,0.15,5.04,4.46,,3.9699999999999998,103.71999999999998,6.8,,
GL,2026-10-10,Financial,Insurance - Life,12620000000.0,10.9,9.96,1.4,2.04,2.05,10.24,20.95,3.95,13.74,,26.86,19.58,8.28,4.84,7.11,15.57,4.82,0.48,0.43,1.02,,0.79,0.93,88.13,2.81,,
GLPI,2026-10-10,Real Estate,REIT - Specialty,11140000000.0,11.23,11.48,2.01,6.73,2.23,17.74,20.3,7.2700000000000005,7.25,80.72,82.62,58.489999999999995,9.51,3.21,5.71,5.05,6.7,1.68,1.68,2.4,2.4,8.44,4.07,96.48,3.66,,
GLW,2026-10-10,Technology,Electronic Components,134960000000.00002,71.86,35.93,1.08,7.96,11.3,56.35,16.05,6.16,8.97,35.54,16.48,11.2,30.54,32.57,33.25,27.86,6.68,0.75,0.69,1.81,1.24,0.75,8.28,75.28,2.13,,
GM,2026-10-10,Consumer Cyclical,Auto Manufacturers,72590000000.0,41.73,5.43,0.33,0.39,1.2,119.79,3.04,0.68,1.28,5.74,0.98,1.01,27.83,12.54,16.64,-5.48,8.6,2.06,1.46,1.14,0.97,0.88,0.15,90.35,2.29,,
GME,2026-10-10,Consumer Cyclical,Specialty Retail,13400000000.0,17.61,14.28,,3.77,1.94,19.48,15.79,8.32,8.59,37.89,13.900000000000002,25.16,52.54,3.33,,,-6.54,0.71,0.69,8.72,8.07,,18.18,31.83,10.34,,
GMED,2026-10-10,Healthcare,Medical Devices,10020000000.0,19.09,13.83,1.0,3.19,2.1,13.26,11.81,10.25,11.0,64.9,21.53,17.03,25.64,7.98,13.83,31.11,30.08,0.02,0.02,4.62,2.93,,17.32,89.73,7.6,,
GNL,2026-10-10,Real Estate,REIT - Diversified,1790000000.0,,,,3.9,1.08,9.41,-0.96,-0.35,-0.39,51.300000000000004,34.88,-13.26,92.36,62.16,52.46,-60.6,8.57,1.63,1.63,5.06,5.06,9.81,8.98,72.4,5.41,,
GNRC,2026-10-10,Industrials,Specialty Industrial Machinery,13290000000.0,51.85,17.46,0.49,2.99,4.61,35.03,9.48,4.63,6.26,37.38,13.22,5.82,52.51,33.21,35.96,-13.26,11.11,0.47,0.43,2.04,1.0,,1.7500000000000002,91.57,4.44,,
GNTX,2026-10-10,Consumer Cyclical,Auto Parts,4430000000.0,11.17,9.61,0.92,1.69,1.75,8.93,16.13,13.780000000000001,15.76,35.0,19.55,15.259999999999998,14.8,5.34,10.48,4.36,8.46,0.0,0.0,3.04,1.76,2.28,0.36,101.25,9.32,,
GNW,2026-10-10,Financial,Insurance - Life,3550000000.0,17.84,8.32,0.17,0.51,0.41,8.26,2.31,0.29,2.07,,7.23,3.04,215.06,2.51,49.02,9.13,-3.35,0.17,0.17,,,,2.42,86.89,2.28,,
GO,2026-10-10,Consumer Defensive,Grocery Stores,1190000000.0,,17.77,,0.25,1.45,97.86,-38.06,-12.07,-14.89,29.99,4.47,-8.04,-28.08,23.18,-0.92,,8.39,2.27,2.14,1.29,0.3,,8.77,118.22,22.82,,
GOLF,2026-10-10,Consumer Cyclical,Leisure,4620000000.0,21.62,19.26,1.63,1.71,5.0,25.17,25.370000000000005,8.84,11.81,48.89,13.79,8.12,28.66,2.75,11.81,19.47,9.68,1.04,1.01,2.55,1.48,1.19,53.77000000000001,55.28999999999999,10.17,,
GOOG,2026-10-10,Communication Services,Internet Content & Information,4279800000000.0,17.48,22.94,1.23,9.59,6.83,80.34,48.68,34.3,32.33,60.94,33.96,54.7,90.62,-26.4,18.61,29.82,17.18,0.18,0.18,2.72,2.64,0.22999999999999998,58.040000000000006,28.689999999999998,1.01,,
GOOGL,2026-10-10,Communication Services,Internet Content & Information,4279800000000.0,17.67,23.17,1.24,9.59,6.91,80.34,48.68,34.3,32.33,60.94,33.96,54.7,90.63,-26.36,18.67,29.82,17.18,0.18,0.18,2.72,2.64,0.22999999999999998,52.18000000000001,39.84,1.37,,
GPC,2026-10-10,Consumer Cyclical,Auto Parts,17510000000.0,508.89,15.28,2.19,0.7,3.87,23.06,0.71,0.16,0.32,34.65,4.85,0.13,5.01,7.43,6.98,-18.81,8.0,1.47,1.25,1.16,0.5,3.34,1.23,96.1,4.86,,
GPI,2026-10-10,Consumer Cyclical,Auto & Truck Dealerships,2770000000.0,9.67,5.63,1.49,0.12,0.94,20.03,9.4,2.79,4.61,15.380000000000003,4.23,1.29,-7.3,9.23,3.79,10.13,16.32,1.96,1.1,1.02,0.25,0.95,2.84,108.15,12.48,,
GPK,2026-10-10,Consumer Cyclical,Packaging & Containers,2470000000.0,12.8,7.95,,0.29,0.76,13.08,6.01,1.6500000000000001,2.32,15.53,6.94,2.25,-61.12,50.1,-12.56,19.87,5.61,1.75,1.58,1.38,0.6,5.27,1.5700000000000003,125.99000000000001,7.61,,
GPN,2026-10-10,Technology,Software - Infrastructure,21750000000.0,25.79,5.11,0.33,2.13,0.95,26.44,2.18,0.89,1.69,63.89,20.57,7.400000000000001,11.69,17.92,15.4,24.36,0.75,1.02,0.93,0.82,0.82,1.4,16.92,93.17,6.81,,
GPOR,2026-10-10,Energy,Oil & Gas E&P,2880000000.0,6.51,6.46,0.41,1.96,1.58,11.51,27.41,16.21,18.07,45.11,42.18,31.879999999999995,13.74,8.65,15.92,,10.56,0.5,0.5,0.58,0.58,,2.76,118.31,8.13,,
GRBK,2026-10-10,Consumer Cyclical,Residential Construction,2700000000.0,9.47,10.51,,1.38,1.4,24.22,15.740000000000002,11.83,12.85,30.709999999999997,19.5,14.77,-14.0,-1.64,-6.01,25.85,15.89,0.15,0.15,8.99,0.67,,8.2,82.01,5.93,,
GRMN,2026-10-10,Technology,Scientific & Technical Instruments,51750000000.0,27.67,23.99,1.67,6.75,5.73,32.35,21.89,17.26,20.39,60.08,27.61,24.47,18.8,9.98,14.34,10.69,11.59,0.02,0.02,3.02,2.08,1.54,14.29,59.160000000000004,1.98,,
GS,2026-10-10,Financial,Capital Markets,260690000000.0,13.82,12.41,0.84,1.91,2.38,2.27,16.99,1.07,4.33,,19.52,14.719999999999999,28.71,9.23,14.75,15.71,18.7,6.5,2.94,1.19,,2.13,0.49,76.67,2.29,,
GSHD,2026-10-10,Financial,Insurance Brokers,1550000000.0,31.7,16.38,0.74,3.84,,23.22,,8.37,14.22,,23.31,8.78,14.67,24.55,22.13,15.53,25.57,,,1.54,1.54,,6.77,115.53999999999999,11.38,,
GT,2026-10-10,Consumer Cyclical,Auto Parts,1350000000.0,,24.0,0.95,0.08,0.47,7.02,-63.93,-12.43,-26.93,18.34,2.81,-14.37,-245.58,128.49,25.22,-2.2,8.21,2.89,2.33,1.09,0.55,,4.06,95.12,18.96,,
GTES,2026-10-10,Industrials,Specialty Industrial Machinery,6750000000.0,18.89,13.92,1.17,1.93,1.92,16.66,10.72,4.98,6.23,40.55,15.07,10.39,10.12,14.48,11.94,28.83,4.27,0.67,0.66,3.24,2.36,,1.9900000000000002,91.02,4.88,,
GTM,2026-10-10,Technology,Software - Application,1130000000.0,,3.43,1.31,0.9,1.37,3.15,-45.45,-8.92,-23.17,82.24,22.52,-43.02,3.25,0.53,2.61,,21.28,1.83,1.82,0.65,0.65,,19.26,90.88,14.53,,
GTY,2026-10-10,Real Estate,REIT - Retail,1730000000.0,17.02,19.47,4.5,7.52,1.54,12.46,9.46,4.63,4.53,69.99,61.64000000000001,41.93,12.17,-5.52,4.33,-3.59,8.24,0.96,0.96,1.48,1.48,7.02,3.73,93.32,5.77,,
GVA,2026-10-10,Industrials,Engineering & Construction,4920000000.0,,15.06,0.53,0.99,6.54,10.43,-18.17,-4.18,-7.97,15.64,6.16,-3.32,-201.73,290.3,28.63,,7.17,2.3,1.75,1.01,0.94,0.45999999999999996,0.8,112.99,9.12,,
GWRE,2026-10-10,Technology,Software - Application,13720000000.0,102.7,31.35,1.21,9.3,11.49,38.25,10.51,5.26,7.34,64.14,10.26,9.44,22.14,27.4,25.88,,14.7,0.6,0.59,1.74,1.74,,0.8699999999999999,104.07,3.56,,
GWW,2026-10-10,Industrials,Industrial Distribution,60750000000.0,32.74,25.27,2.04,3.22,14.71,40.23,47.92,20.16,27.28,39.4,15.55,9.92,17.82,9.71,12.38,22.39,8.75,0.68,0.66,2.81,1.7,0.75,6.24,77.36,2.81,,
GXO,2026-10-10,Industrials,Integrated Freight & Logistics,5340000000.0,41.05,13.17,0.68,0.39,1.79,29.67,4.42,1.08,1.73,11.81,3.2799999999999994,0.96,20.4,17.02,19.3,,16.3,2.05,1.54,0.79,0.79,,2.19,106.88,6.62,,
H,2026-10-10,Consumer Cyclical,Lodging,15280000000.0,200.84,33.32,0.85,2.11,4.62,50.6,2.3,0.53,1.1,15.76,7.470000000000001,1.09,63.04,36.11,39.21,39.89,27.72,1.36,1.18,0.62,0.62,0.39,58.62,53.36,14.68,,
HAE,2026-10-10,Healthcare,Medical Devices,5400000000.0,57.89,20.4,1.99,3.99,6.45,18.54,11.2,3.9900000000000007,4.8,55.91,18.37,7.12,7.12,9.5,10.25,5.81,8.91,1.4,1.4,3.08,1.91,0.84,1.8799999999999997,110.02000000000001,6.81,,
HAFC,2026-10-10,Financial,Banks - Regional,912600000.0,10.35,9.15,0.98,2.02,1.12,4.27,11.26,1.12,9.09,,27.51,19.67,26.49,5.91,9.33,12.8,10.87,0.21,0.2,0.13,,3.64,2.18,94.01,4.47,,
HAL,2026-10-10,Energy,Oil & Gas Equipment & Services,27120000000.0,17.05,11.29,0.97,1.21,2.47,15.72,14.89,6.260000000000001,8.51,15.079999999999998,13.140000000000002,7.16,-3.29,23.15,11.68,,8.96,0.74,0.71,2.02,1.5,2.1,0.4099999999999999,90.77,4.1,,
HALO,2026-10-10,Healthcare,Biotechnology,12530000000.0,32.99,10.52,0.25,7.53,87.73,15.54,173.67,17.86,19.87,76.4,56.769999999999996,24.86,105.59,23.04,42.12,22.89,39.16,14.96,13.5,2.71,2.31,,1.09,110.81999999999998,13.62,,
HAS,2026-10-10,Consumer Cyclical,Leisure,13160000000.0,16.77,14.4,1.64,2.65,18.69,10.85,167.83,14.17,19.58,62.69,28.13,15.97,10.62,5.77,8.76,,-2.96,5.5,4.75,1.66,1.46,2.99,0.68,100.53,5.91,,
HASI,2026-10-10,Financial,Asset Management,4690000000.0,71.08,10.94,1.03,10.13,1.84,17.52,3.3099999999999996,1.01,1.0,100.0,69.4,18.09,12.23,10.03,10.64,5.15,16.47,2.29,2.29,8.65,8.65,4.7,1.41,105.15,11.35,,
HAYW,2026-10-10,Industrials,Electrical Equipment & Parts,2410000000.0,15.61,11.89,1.09,2.06,1.52,12.07,10.41,5.25,6.22,44.1,21.29,13.83,11.91,10.75,10.88,139.8,5.09,0.63,0.62,3.33,2.49,,2.83,107.69,4.38,,
HBAN,2026-10-10,Financial,Banks - Regional,30950000000.0,11.81,8.7,0.71,2.17,1.04,13.59,8.96,0.98,4.67,,20.51,15.73,-3.82,31.75,12.27,14.84,20.03,0.67,0.57,0.1,,4.13,0.9199999999999999,91.63,2.74,,
HCA,2026-10-10,Healthcare,Medical Care Facilities,97660000000.0,15.1,14.06,1.81,1.25,,16.29,,11.14,17.7,15.479999999999999,15.479999999999999,8.77,4.56,8.77,7.77,20.99,7.97,,,0.99,0.9,0.62,33.18,63.0,3.38,,
HCC,2026-10-10,Basic Materials,Coking Coal,4910000000.0,22.38,9.55,0.08,2.92,2.15,,10.04,7.91,8.71,17.97,13.61,13.05,505.62,47.16,117.15,,10.85,0.12,0.1,3.93,2.79,0.34,1.8500000000000003,97.91,7.88,,
HCI,2026-10-10,Financial,Insurance - Property & Casualty,2380000000.0,8.26,9.87,,2.5,2.21,5.79,33.76,14.41,27.05,,51.04,31.28,-11.41,-3.48,-4.47,45.46,26.87,0.06,0.06,2.27,,0.83,14.66,76.24,4.68,,
HCSG,2026-10-10,Healthcare,Medical Care Facilities,1410000000.0,12.0,16.94,1.89,0.76,2.7,9.51,24.69,15.15,23.19,18.07,6.47,6.59,8.5,1.81,8.98,-9.33,0.86,0.03,0.02,3.02,2.94,,1.25,107.34000000000002,3.94,,
HD,2026-10-10,Consumer Cyclical,Home Improvement Retail,290070000000.0,20.35,18.22,3.24,1.71,17.46,19.21,104.3,13.59,20.7,31.22,12.43,8.41,2.13,6.34,5.62,3.58,4.51,3.77,3.14,1.08,0.31,3.19,0.08,77.83,1.15,,
HE,2026-10-10,Utilities,Utilities - Regulated Electric,1510000000.0,6.77,9.13,4.8,0.46,0.86,,13.58,2.71,4.96,11.48,11.48,6.819999999999999,-22.87,44.72,1.9,-17.02,3.65,1.59,1.59,0.99,0.99,,0.35,85.65,10.66,,
HFWA,2026-10-10,Financial,Banks - Regional,1110000000.0,12.87,10.31,0.78,2.92,1.0,13.82,7.8,1.01,6.88,,23.91,20.45,3.91,29.38,13.16,8.77,6.0,0.17,0.02,0.04,,3.5699999999999994,1.44,82.73,7.86,,
HGV,2026-10-10,Consumer Cyclical,Resorts & Casinos,2680000000.0,19.52,6.51,0.13,0.51,2.44,6.5,11.66,1.26,1.69,56.46,12.17,2.86,132.68,9.55,49.57,,41.36,7.12,7.12,5.02,3.2,,18.48,92.41,12.88,,
HIG,2026-10-10,Financial,Insurance - Diversified,34970000000.0,8.34,9.4,2.84,1.2,1.82,6.04,21.79,5.14,18.18,,17.96,14.95,-4.23,6.84,3.31,22.85,6.69,0.22,0.22,0.32,,1.8900000000000001,0.37,96.48,1.46,,
HII,2026-10-10,Industrials,Aerospace & Defense,10430000000.0,15.79,12.55,0.74,0.79,1.96,,12.97,5.33,8.02,12.4,4.89,5.01,21.17,13.17,16.86,-2.13,5.93,0.55,0.55,1.23,1.14,2.11,0.86,91.56,3.78,,
HIMS,2026-10-10,Healthcare,Drug Manufacturers - Specialty & Generic,7210000000.0,,103.65,9.69,2.8,22.26,111.55,-32.03,-5.16,-7.64,54.18999999999999,-0.03,-5.51,-215.55,150.62,10.7,,73.63,4.77,4.74,0.93,0.87,,9.19,67.1,25.85,,
HIW,2026-10-10,Real Estate,REIT - Office,3200000000.0,19.43,40.25,,3.81,1.35,14.83,7.08,2.69,2.85,30.44,25.590000000000003,19.78,-2.55,-48.94,-19.61,-15.59,2.03,1.48,1.48,,,6.890000000000001,1.33,119.24,10.63,,
HL,2026-10-10,Basic Materials,Other Precious Metals & Mining,11470000000.0,21.89,16.66,0.61,7.16,4.28,22.24,20.76,15.939999999999998,19.53,51.080000000000005,47.2,32.83,66.2,41.27,27.12,,14.97,0.01,0.01,5.2,4.55,0.14,0.83,73.81,5.63,,
HLI,2026-10-10,Financial,Capital Markets,9100000000.0,21.86,15.04,1.97,3.61,4.03,18.77,18.33,11.23,14.78,,20.42,16.1,-8.38,24.97,7.64,6.43,11.43,0.22,0.22,1.63,1.63,2.15,22.64,80.16,4.45,,
HLIT,2026-10-10,Technology,Communication Equipment,1200000000.0,,13.62,0.53,2.42,3.33,22.23,7.339999999999999,4.18,-9.79,49.66,11.94,-9.51,51.73,13.16,25.73,-4.77,-0.99,0.36,0.34,3.05,2.56,,1.83,85.43,6.37,,
HLNE,2026-10-10,Financial,Asset Management,4730000000.0,13.05,11.74,0.96,5.51,3.95,11.16,32.49,12.710000000000003,21.16,,54.620000000000005,32.14,20.56,2.58,12.18,16.1,16.82,0.39,0.39,4.24,4.24,2.8,25.009999999999998,107.62,13.12,,
HLT,2026-10-10,Consumer Cyclical,Lodging,73500000000.0,47.98,31.41,2.3,5.89,,36.22,,9.65,22.32,27.79,23.35,12.689999999999998,11.49,14.97,13.66,,22.71,,,0.65,0.65,0.19,2.22,97.62,2.54,,
HMN,2026-10-10,Financial,Insurance - Property & Casualty,1850000000.0,10.64,8.46,1.22,1.06,1.23,3.26,12.38,1.39,8.45,,14.57,10.15,2.89,11.12,6.92,4.21,5.36,0.4,0.4,,,3.1400000000000006,0.51,104.98,2.53,,
HNI,2026-10-10,Consumer Cyclical,"Furnishings, Fixtures & Appliances",3380000000.0,425.61,9.76,0.56,0.77,1.87,32.94,0.33,0.13,0.13,39.51,5.59,0.1,22.62,13.2,17.41,2.58,7.74,0.91,0.86,1.36,0.88,3.18,1.8000000000000003,89.07,6.0,,
HOG,2026-10-10,Consumer Cyclical,Recreational Vehicles,2800000000.0,16.64,13.85,6.96,0.66,0.91,,6.32,2.1,4.72,26.289999999999996,6.24,4.78,-74.68,175.84,1.99,219.23,1.99,0.74,0.39,1.9,1.7,2.75,1.14,108.63000000000001,20.51,,
HOMB,2026-10-10,Financial,Banks - Regional,5650000000.0,11.68,10.86,2.31,3.79,1.25,11.42,11.11,2.01,9.12,,42.44,32.14,7.12,3.34,4.71,13.15,13.31,0.2,0.16,0.26,,3.06,6.280000000000001,77.35,5.28,,
HON,2026-10-10,Industrials,Conglomerates,65840000000.0,7.68,21.09,7.59,1.69,3.55,15.87,49.9,11.09,18.93,37.84,19.17,22.09,-18.93,18.51,2.78,1.83,2.78,1.89,1.46,1.21,0.93,2.25,0.06,85.16,2.48,,
HOOD,2026-10-10,Financial,Capital Markets,98020000000.0,48.28,36.16,1.7,19.64,10.34,,23.56,4.5,17.45,94.99,44.22,41.43,7.14,37.28,21.27,259.78,36.27,2.92,0.25,1.22,1.22,,15.370000000000001,67.67,5.26,,
HOPE,2026-10-10,Financial,Banks - Regional,1700000000.0,13.35,8.65,0.18,1.67,0.74,9.01,5.66,0.68,4.37,,16.82,12.560000000000002,125.31,39.13,49.28,-11.6,8.33,0.28,0.27,0.05,,4.22,2.9,94.57,5.88,,
HP,2026-10-10,Energy,Oil & Gas Drilling,3990000000.0,,26.57,0.87,1.0,1.55,12.64,-5.23,-2.12,-3.15,10.49,2.68,-3.49,-143.58,466.3,30.51,18.42,16.13,0.72,0.72,1.96,1.55,2.55,4.3,102.8,7.18,,
HPE,2026-10-10,Technology,Communication Equipment,97520000000.0,38.3,15.62,0.38,2.33,3.68,23.46,10.96,3.47,6.36,33.81,8.03,6.39,97.06,23.0,40.68,29.09,4.96,0.76,0.65,1.11,0.72,0.77,0.4099999999999999,91.51,3.8,,
HPQ,2026-10-10,Technology,Computer Hardware,27230000000.0,11.51,9.47,3.33,0.46,,7.02,,5.73,28.68,19.73,6.93,4.13,4.39,-2.07,2.84,5.79,-0.43,,,0.79,0.48,3.9699999999999998,0.27,95.8,8.13,,
HQY,2026-10-10,Healthcare,Health Information Services,7660000000.0,33.45,16.84,1.17,5.62,3.86,15.71,11.43,7.07,8.01,63.41,26.119999999999997,17.36,18.09,16.44,14.33,83.98,12.36,0.49,0.48,2.99,2.99,,2.65,109.64,7.44,,
HR,2026-10-10,Real Estate,REIT - Healthcare Facilities,5880000000.0,,216.95,,5.13,1.39,13.06,-1.9799999999999998,-0.93,-1.04,17.41,11.54,-7.8,86.02,179.62,,,9.94,1.04,1.04,0.91,0.91,5.6,0.84,111.06,5.53,,
HRB,2026-10-10,Consumer Cyclical,Personal Services,5400000000.0,7.7,6.37,0.41,1.37,46.56,7.14,707.45,22.39,36.53,44.33,23.95,18.43,15.82,12.52,15.68,12.96,2.94,17.89,15.95,1.13,1.13,4.21,0.8500000000000001,105.74,15.3,,
HRL,2026-10-10,Consumer Defensive,Packaged Foods,10560000000.0,30.84,12.25,1.9,0.87,1.35,13.52,4.3,2.56,3.36,15.43,7.37,2.82,8.32,5.55,6.44,-12.16,4.73,0.36,0.3,1.88,0.92,6.1,47.11,45.11,7.83,,
HRMY,2026-10-10,Healthcare,Biotechnology,2350000000.0,13.05,9.32,0.42,2.44,2.34,6.61,20.46,14.610000000000001,15.93,72.94,24.03,18.88,45.48,9.6,22.15,,40.3,0.22,0.14,3.48,3.45,,13.8,95.56,11.02,,
HSIC,2026-10-10,Healthcare,Medical Distribution,9360000000.0,24.48,14.01,1.41,0.69,2.98,16.45,12.21,3.62,7.03,29.299999999999997,5.98,2.96,8.54,11.17,9.92,3.12,5.43,1.21,0.82,1.32,0.73,,15.22,98.72,8.8,,
HST,2026-10-10,Real Estate,REIT - Hotel & Motel,15520000000.0,15.19,21.28,,2.5,2.43,15.32,15.770000000000001,7.84,8.53,16.37,14.360000000000001,16.51,25.28,-22.78,-2.17,,30.43,0.88,0.88,3.13,3.13,6.93,1.6099999999999999,106.24,5.83,,
HSTM,2026-10-10,Healthcare,Health Information Services,1010000000.0,46.15,40.11,,3.16,2.72,24.51,6.0,4.15,5.73,51.22,8.04,6.6000000000000005,20.98,11.92,,6.68,4.43,0.04,0.04,1.06,1.06,0.4099999999999999,29.799999999999997,72.71,5.95,,
HSY,2026-10-10,Consumer Defensive,Confectioners,32700000000.000004,23.78,16.48,0.89,2.69,7.17,15.18,32.81,10.78,15.66,37.93,17.71,12.24,34.59,16.3,18.52,-6.59,7.49,1.3,1.08,1.18,0.66,3.55,27.92,66.34,6.19,,
HTH,2026-10-10,Financial,Financial Conglomerates,2080000000.0,13.51,14.7,1.35,1.3,0.98,,7.48,1.03,6.83,,13.36,10.12,32.01,-3.6,10.91,-10.52,-5.77,0.71,0.11,0.25,,2.25,33.27,56.14,6.29,,
HTLD,2026-10-10,Industrials,Trucking,859940000.0,,21.99,,1.17,1.14,,-2.85,-1.78,-2.44,-0.21,-6.67,-2.98,121.9,244.58,,,4.54,0.19,0.19,1.58,1.58,0.72,39.66,50.4,7.64,,
HTO,2026-10-10,Utilities,Utilities - Regulated Water,2450000000.0,20.66,20.61,3.17,2.95,1.33,,6.460000000000001,2.08,2.87,45.51,21.53,12.91,-5.24,0.15,6.5,6.39,7.24,1.03,1.02,1.67,1.67,3.02,6.74,112.32,5.16,,
HTZ,2026-10-10,Industrials,Rental & Leasing Services,684390000.0,,,,0.08,,,-567.03,-1.19,-1.62,14.63,3.73,-3.1300000000000003,62.37,93.36,,26.75,10.09,,,0.64,0.64,,4.3,104.07,36.14,,
HUBB,2026-10-10,Industrials,Electrical Equipment & Parts,25050000000.0,28.07,20.66,1.75,4.02,6.4,27.79,24.34,9.48,10.17,35.34,20.87,14.469999999999999,12.53,11.99,11.83,20.85,9.68,1.42,1.26,1.61,0.93,1.22,0.38,99.41,4.85,,
HUBG,2026-10-10,Industrials,Integrated Freight & Logistics,1580000000.0,14.82,16.4,15.05,0.42,0.93,26.26,6.309999999999999,3.66,5.1,7.91,3.81,2.82,-61.48,124.02,1.09,1.24,1.47,0.29,0.21,1.47,1.47,1.94,3.5900000000000003,96.85,7.49,,
HUM,2026-10-10,Healthcare,Healthcare Plans,51860000000.0,40.9,25.22,1.32,0.36,2.7,26.61,6.83,2.38,4.1,,1.86,0.88,-46.56,86.95,19.11,-17.23,10.94,0.74,0.62,1.74,,0.8500000000000001,0.27,100.77000000000001,2.33,,
HWC,2026-10-10,Financial,Banks - Regional,5810000000.0,14.18,9.89,0.82,2.98,1.31,9.99,9.67,1.19,8.95,,27.36,21.88,14.37,12.89,12.12,,8.1,0.42,0.07,0.11,,2.72,0.9899999999999999,97.6,7.9,,
HWKN,2026-10-10,Basic Materials,Specialty Chemicals,2710000000.0,33.62,27.31,,2.45,4.92,29.6,15.61,8.08,10.0,22.3,10.36,7.290000000000001,5.17,15.78,,15.19,12.67,0.47,0.47,2.27,1.54,0.61,3.9800000000000004,78.82,6.51,,
HWM,2026-10-10,Industrials,Aerospace & Defense,89830000000.0,48.58,34.42,1.27,9.85,15.72,50.16,34.73,15.4,18.9,32.71,27.310000000000002,20.51,41.91,22.33,27.2,50.77,9.43,0.81,0.73,1.82,0.87,0.22999999999999998,1.11,94.06,2.58,,
HXL,2026-10-10,Industrials,Aerospace & Defense,6420000000.0,42.82,27.04,0.9,3.28,4.94,25.03,10.76,5.51,6.8,23.51,10.54,7.84,36.58,30.71,30.05,29.37,4.52,0.74,0.74,2.43,1.37,0.8500000000000001,0.97,114.88000000000001,6.39,,
HZO,2026-10-10,Consumer Cyclical,Specialty Retail,1160000000.0,362.67,33.25,0.54,0.53,1.21,6.6,0.42,0.16,0.28,34.21,2.9,0.18,16.63,121.35,61.57,,8.87,1.17,0.49,1.23,0.34,,9.29,82.74,9.86,,
IART,2026-10-10,Healthcare,Medical Devices,1050000000.0,,5.19,0.63,0.63,1.0,40.51,-0.7,-0.2,-0.24,55.25,10.71,-0.44,8.89,6.74,8.21,,3.57,1.96,1.91,3.6,2.11,,14.49,94.92,10.93,,
IBKR,2026-10-10,Financial,Capital Markets,39810000000.0,34.98,26.96,1.38,3.52,6.71,1.82,20.99,0.53,18.68,95.31,86.66,9.97,22.79,21.19,19.51,29.67,33.08,7.72,0.02,1.05,1.05,0.39,3.2,88.26,3.13,,
IBM,2026-10-10,Technology,Information Technology Services,213990000000.0,20.16,17.27,2.34,3.1,6.21,15.52,34.55,7.12,11.51,57.56,20.91,15.52,6.23,6.81,7.38,12.36,4.12,1.89,1.7,0.76,0.71,2.98,0.1,67.53,2.57,,
IBOC,2026-10-10,Financial,Banks - Regional,4219999999.9999995,10.24,10.06,3.27,3.97,1.25,8.63,12.920000000000002,2.47,11.83,,49.28,38.88,-3.47,5.63,3.08,20.37,12.78,0.22,0.04,0.1,,2.15,13.059999999999999,72.23,4.17,,
IBP,2026-10-10,Consumer Cyclical,Residential Construction,4930000000.0,19.96,16.58,3.89,1.66,7.71,16.9,38.45,11.74,14.28,32.22,12.509999999999998,8.46,-8.87,7.28,4.26,24.31,12.44,1.87,1.75,2.98,2.41,1.82,13.96,98.86,6.63,,
ICE,2026-10-10,Financial,Financial Data & Stock Exchanges,87680000000.0,22.06,17.58,1.38,6.67,2.97,17.27,13.930000000000001,2.54,8.26,68.57,46.06,30.740000000000002,17.51,8.78,12.72,8.9,9.86,0.69,0.65,1.01,1.01,1.34,0.61,96.16,1.24,,
ICHR,2026-10-10,Technology,Semiconductor Equipment & Materials,2240000000.0,,18.23,0.12,2.21,2.59,,-5.17,-3.71,-4.02,9.51,1.32,-3.9699999999999998,585.32,108.49,152.85,,0.72,0.18,0.16,3.7,2.07,,2.23,90.78,8.67,,
ICUI,2026-10-10,Healthcare,Medical Instruments & Supplies,4010000000.0,135.43,16.58,1.62,1.86,1.86,26.23,1.41,0.74,0.88,34.5,6.68,1.39,12.63,10.61,10.24,-62.61,11.9,0.6,0.58,2.39,1.17,,1.77,104.53000000000002,6.2,,
IDA,2026-10-10,Utilities,Utilities - Regulated Electric,7830000000.0,22.4,19.5,2.2,4.35,2.01,,9.44,3.26,4.42,21.93,21.62,18.8,8.18,8.8,8.88,4.68,6.09,1.06,1.03,0.99,0.75,2.64,0.34,106.27,10.98,,
IDCC,2026-10-10,Technology,Software - Application,8550000000.000001,38.23,35.81,33.78,10.84,7.11,15.42,26.400000000000002,14.469999999999999,24.66,78.66,43.77,38.32,-23.11,1.98,1.06,52.24,18.36,0.33,0.02,1.74,1.74,0.8500000000000001,2.11,107.19000000000001,11.18,,
IDXX,2026-10-10,Healthcare,Diagnostics & Research,40810000000.0,36.41,30.89,2.3,8.96,25.34,32.63,74.21,33.65,56.62,62.529999999999994,32.12,25.03,12.81,13.66,13.41,14.28,9.72,0.68,0.25,1.11,0.81,,0.38,97.59,2.47,,
IEX,2026-10-10,Industrials,Specialty Industrial Machinery,17270000000.0,33.66,24.19,2.66,4.82,4.33,26.92,12.960000000000003,7.53,8.86,42.83,21.05,14.49,11.12,9.62,9.09,5.35,8.01,0.47,0.46,3.05,2.15,1.27,0.25,105.01,3.43,,
IFF,2026-10-10,Basic Materials,Specialty Chemicals,21570000000.0,78.45,21.72,9.92,2.16,1.54,40.1,1.83,1.01,1.44,32.44,10.48,2.78,-20.94,17.24,2.19,,16.46,0.45,0.37,2.06,1.71,1.9,1.83,107.24000000000001,6.44,,
IIPR,2026-10-10,Real Estate,REIT - Industrial,1430000000.0,11.75,11.86,2.2,5.42,0.83,7.68,7.19,5.49,5.45,60.08,46.91,47.87,8.27,2.7,5.39,3.76,17.87,0.33,0.33,2.03,2.03,14.66,2.04,77.91,15.76,,
ILMN,2026-10-10,Healthcare,Diagnostics & Research,42000000000.0,51.84,45.63,3.52,9.34,14.8,45.12,32.38,12.950000000000001,17.25,66.81,19.87,18.35,10.65,13.84,12.97,4.22,6.02,0.89,0.69,1.8,1.4,,0.3,104.88,6.29,,
INCY,2026-10-10,Healthcare,Biotechnology,22860000000.0,14.37,13.37,1.48,3.93,3.57,11.9,30.67,23.55,25.3,91.42,31.61,27.71,-49.48,145.66,9.03,,14.03,0.01,0.0,4.59,4.51,,0.91,103.25,4.97,,
INDB,2026-10-10,Financial,Banks - Regional,3640000000.0,13.9,9.35,0.52,2.74,1.04,11.99,8.24,1.21,6.44,,30.28,20.41,26.97,15.06,17.91,4.05,18.59,0.2,0.2,0.1,,3.3000000000000003,1.43,86.48,4.55,,
INDV,2026-10-10,Healthcare,Drug Manufacturers - Specialty & Generic,4230000000.0000005,12.73,7.76,0.31,3.17,,,,26.44,121.58,83.78,39.94,26.649999999999995,68.86,9.44,24.63,,13.88,,,0.84,0.66,,3.0,95.38,8.6,,
INGR,2026-10-10,Consumer Defensive,Packaged Foods,6000000000.0,10.36,8.55,5.98,0.83,1.33,16.89,13.58,7.470000000000001,9.45,23.62,12.24,8.21,-5.9,6.23,1.43,16.78,3.81,0.39,0.39,2.8,1.92,3.6799999999999997,2.35,99.77,7.8,,
INSP,2026-10-10,Healthcare,Medical Devices,1990000000.0,14.96,46.53,,2.22,2.41,17.01,17.96,15.629999999999999,15.8,86.13,6.02,15.03,-48.8,19.49,-7.35,,51.21,0.04,0.04,8.55,6.16,,5.72,124.04000000000002,15.39,,
INSW,2026-10-10,Energy,Oil & Gas Midstream,5930000000.0,7.65,11.51,1.48,4.71,2.62,22.04,37.41,28.12,27.08,59.53000000000001,55.65,61.86000000000001,218.41,-39.7,7.78,,14.87,0.29,0.27,5.94,5.76,13.5,16.22,82.73,7.07,,
INTC,2026-10-10,Technology,Semiconductors,553460000000.0,,48.85,0.5,9.7,6.03,1608.88,-12.18,-5.72,-8.3,39.05,8.03,-19.79,268.42,38.5,97.18,,-7.46,0.58,0.55,1.6,1.25,0.04,13.98,63.07000000000001,3.68,,
INTU,2026-10-10,Technology,Software - Application,80910000000.0,18.35,11.52,0.54,3.77,4.28,9.39,23.6,12.38,17.51,77.91,28.800000000000004,21.29,36.97,13.88,21.48,16.89,17.36,0.44,0.37,1.51,1.51,1.7500000000000002,2.17,94.17,2.78,,
INVA,2026-10-10,Healthcare,Biotechnology,1530000000.0,5.17,9.38,,3.38,1.25,8.09,36.68,23.53,23.78,69.98,35.83,78.72,-26.67,-6.53,-15.8,10.35,3.93,0.22,0.22,16.01,15.18,,1.28,104.15,9.6,,
INVH,2026-10-10,Real Estate,REIT - Residential,15820000000.0,47.86,36.07,,5.51,1.75,19.21,7.04,3.55,3.74,30.94,25.900000000000002,11.82,4.79,-26.18,-7.0,18.79,10.09,0.95,0.95,0.69,0.69,4.48,0.9000000000000001,100.94000000000001,2.93,,
INVX,2026-10-10,Energy,Oil & Gas Equipment & Services,1960000000.0,31.7,15.14,0.64,1.97,1.83,15.8,5.99,4.82,5.52,26.06,11.18,6.17,39.67,15.53,23.6,,21.8,0.07,0.05,5.01,3.32,,26.96,74.08,5.94,,
IOSP,2026-10-10,Basic Materials,Specialty Chemicals,2360000000.0,19.53,15.55,,1.28,1.75,33.66,9.21,6.65,8.82,27.46,8.13,6.6000000000000005,-6.33,24.58,,32.14,8.31,0.04,0.03,2.78,1.87,1.9799999999999998,1.55,98.6,2.03,,
IP,2026-10-10,Consumer Cyclical,Packaging & Containers,17010000000.000002,,10.57,,0.7,1.18,34.57,-16.48,-6.909999999999999,-13.54,18.92,0.86,-14.14,1720.46,134.5,,,6.12,0.83,0.75,1.1,0.84,5.82,2.05,101.12,8.66,,
IPAR,2026-10-10,Consumer Defensive,Household & Personal Products,3590000000.0,21.46,21.97,4.48,2.39,4.13,14.62,19.62,10.99,17.12,63.82,17.26,11.17,-6.84,4.61,4.91,34.12,22.53,0.19,0.13,3.31,2.0,2.85,43.62,67.52,11.34,,
IPGP,2026-10-10,Technology,Semiconductor Equipment & Materials,3330000000.0,121.2,34.72,0.57,3.11,1.57,160.06,1.3,1.15,1.29,39.87,3.9599999999999995,2.58,51.2,104.24,61.28,-24.47,-3.52,0.01,0.01,6.18,4.8,,39.74,72.07,14.53,,
IQV,2026-10-10,Healthcare,Diagnostics & Research,42780000000.0,32.24,18.05,1.69,2.52,6.93,19.59,23.01,4.7,6.83,26.02,13.900000000000002,8.09,8.56,11.24,10.66,40.52,7.5,2.63,2.26,0.71,0.71,,1.0,102.34999999999998,1.97,,
IR,2026-10-10,Industrials,Specialty Industrial Machinery,30550000000.0,32.45,20.2,2.41,3.85,3.0,25.06,9.47,5.29,6.73,37.6,18.62,12.08,5.89,10.2,8.38,,14.0,0.47,0.4,1.62,1.15,0.08,0.21,105.65,3.52,,
IRDM,2026-10-10,Communication Services,Telecom Services,5030000000.0,54.09,34.48,5.2,5.69,10.64,17.45,19.72,3.63,4.2,47.73,23.76,10.55,-8.4,41.8,6.63,,8.36,3.73,3.7,2.78,2.31,1.31,13.08,86.28,3.66,,
IRM,2026-10-10,Real Estate,REIT - Specialty,34090000000.000004,81.73,41.24,3.08,4.51,,,,1.9900000000000002,2.31,39.81,20.65,5.54,17.44,11.52,13.41,-16.38,10.72,,,0.73,0.73,2.97,0.9199999999999999,88.99,2.37,,
IRT,2026-10-10,Real Estate,REIT - Residential,3570000000.0,80.71,80.65,,5.35,1.04,20.94,1.29,0.72,0.76,20.61,17.04,6.54,-42.45,32.59,-11.98,9.08,25.67,0.73,0.7,0.53,0.53,4.73,0.68,99.97,8.19,,
ISRG,2026-10-10,Healthcare,Medical Instruments & Supplies,149780000000.0,48.59,35.05,2.32,13.57,8.26,46.48,17.43,15.299999999999999,17.28,66.66,31.28,28.449999999999996,20.99,11.96,15.11,21.79,18.22,0.0,0.0,4.96,3.91,,0.7,89.61,2.11,,
IT,2026-10-10,Technology,Information Technology Services,12070000000.0,17.15,11.6,0.9,1.87,,9.38,113.57,9.99,25.29,66.7,18.79,11.99,9.86,13.9,12.82,26.62,9.65,,,0.78,0.78,,2.65,121.36,11.28,,
ITGR,2026-10-10,Healthcare,Medical Devices,4300000000.0,34.52,18.45,4.07,2.34,2.5,38.44,7.5,3.7800000000000002,4.18,22.8,10.03,6.98,-3.85,11.5,4.53,4.37,11.47,0.79,0.79,3.73,2.41,,0.64,120.24,9.28,,
ITRI,2026-10-10,Technology,Scientific & Technical Instruments,3750000000.0,14.31,12.21,3.01,1.63,2.32,10.36,16.97,7.19,8.51,38.75,13.87,11.9,-10.0,9.26,4.06,,1.72,0.99,0.99,2.75,2.29,,1.6399999999999997,119.19,13.82,,
ITT,2026-10-10,Industrials,Specialty Industrial Machinery,18000000000.0,39.54,20.98,1.24,3.8,3.75,35.33,11.46,5.25,5.44,33.32,17.45,8.9,23.0,16.1,16.99,49.04,9.71,0.8,0.61,1.26,0.85,0.74,0.61,100.03,7.63,,
ITW,2026-10-10,Industrials,Specialty Industrial Machinery,75220000000.0,23.94,21.53,2.85,4.57,25.99,25.75,104.65,19.63,33.82,43.72,26.5,19.39,8.93,7.38,7.55,9.62,4.99,3.35,2.26,1.11,0.81,2.45,0.38,87.88,3.24,,
IVT,2026-10-10,Real Estate,REIT - Retail,2320000000.0,153.35,,,7.29,1.31,19.31,0.8500000000000001,0.53,0.53,28.03,16.35,4.78,-108.53,1.34,,,7.52,0.62,0.62,1.72,1.72,3.3300000000000005,0.97,89.97,6.91,,
IVZ,2026-10-10,Financial,Asset Management,13030000000.0,,8.97,0.39,1.83,1.31,6.66,-0.49,-0.22999999999999998,-0.46,65.11,22.63,-4.34,38.65,16.9,22.76,,0.83,0.13,0.13,0.99,0.99,2.91,0.7,98.38,3.67,,
J,2026-10-10,Industrials,Engineering & Construction,16290000000.0,48.85,16.79,1.04,1.15,4.99,25.27,10.14,3.1,4.72,22.01,4.87,2.4,18.55,14.21,16.11,-3.7,-2.27,1.24,1.21,1.29,1.29,0.95,0.72,95.29,3.46,,
JAZZ,2026-10-10,Healthcare,Biotechnology,14180000000.0,15.06,8.46,0.16,3.08,2.95,8.91,22.11,8.54,11.5,73.63,20.76,20.45,195.77,4.15,51.47,,12.54,0.92,0.7,1.78,1.58,,3.95,99.98,8.79,,
JBGS,2026-10-10,Real Estate,REIT - Diversified,814830000.0,,,,1.6,0.6,,-12.89,-3.49,-4.23,25.46,0.36,-30.28,,,,-33.66,-3.72,2.41,2.41,4.89,4.89,6.550000000000001,0.5,98.05,22.64,,
JBHT,2026-10-10,Industrials,Integrated Freight & Logistics,21530000000.0,32.5,23.13,0.93,1.7,5.89,19.58,18.45,8.33,14.05,10.5,7.59,5.31,19.43,35.61,24.97,5.26,4.48,0.31,0.31,1.26,1.26,0.79,21.95,80.1,4.4,,
JBL,2026-10-10,Technology,Electronic Components,32090000000.000004,31.33,13.89,0.51,0.89,24.27,23.36,66.67,4.53,20.74,10.84,5.11,2.9,35.04,24.74,27.11,16.33,4.19,2.49,2.11,0.99,0.65,0.1,1.9299999999999997,100.17,2.72,,
JBLU,2026-10-10,Industrials,Airlines,1450000000.0,,,,0.15,0.91,,-44.36,-5.33,-8.52,12.73,-5.88,-9.32,-65.3,58.51,,19.37,25.1,5.91,5.55,0.7,0.63,,13.750000000000002,82.38,30.1,,
JBSS,2026-10-10,Consumer Defensive,Packaged Foods,783460000.0,12.73,12.38,6.88,0.67,2.06,21.91,16.72,9.86,13.94,17.87,7.59,5.27,1.9,0.93,1.8,0.35,6.49,0.29,0.17,2.08,0.62,1.42,23.84,73.74,6.58,,
JBTM,2026-10-10,Industrials,Specialty Industrial Machinery,5550000000.0,29.16,11.6,0.63,1.42,1.24,17.92,4.36,2.37,3.13,35.82,10.24,4.9,25.26,14.94,18.42,,17.05,0.38,0.37,1.24,0.7,0.38,1.5,105.25999999999999,8.11,,
JCI,2026-10-10,Industrials,Building Products & Equipment,95370000000.0,27.37,25.72,1.06,3.82,7.07,57.49,14.87,5.31,16.43,36.61,14.39,14.32,35.07,20.55,24.16,26.74,1.12,0.7,0.62,0.97,0.8,0.9899999999999999,0.32,92.79,1.52,,
JEF,2026-10-10,Financial,Capital Markets,10230000000.0,12.37,9.51,0.4,0.9,0.78,1.29,8.22,1.15,2.98,90.96,32.77,7.290000000000001,29.11,27.67,23.97,1.32,5.32,3.45,1.74,1.51,1.51,3.61,33.72,60.72,4.8,,
JJSF,2026-10-10,Consumer Defensive,Packaged Foods,1520000000.0,31.19,18.78,7.96,0.99,1.69,16.47,5.29,3.56,4.65,30.69,6.04,3.2300000000000004,-6.64,8.36,2.36,28.39,9.15,0.22,0.19,2.34,1.47,3.94,22.44,77.47,6.51,,
JKHY,2026-10-10,Technology,Information Technology Services,10470000000.0,21.41,18.51,2.13,4.13,5.1,15.07,24.04,15.909999999999998,23.71,43.6,24.93,19.85,5.54,9.48,8.68,11.13,7.26,0.04,0.03,1.03,1.03,1.66,0.61,102.99000000000001,6.88,,
JLL,2026-10-10,Real Estate,Real Estate Services,13800000000.0,14.37,10.72,0.56,0.5,1.85,11.12,13.780000000000001,5.74,10.72,99.17,4.89,3.64,33.35,11.58,19.2,16.32,9.5,0.46,0.25,1.13,1.13,,1.05,95.48,2.45,,
JNJ,2026-10-10,Healthcare,Drug Manufacturers - General,630040000000.0,30.3,21.04,2.13,6.43,7.41,28.32,25.739999999999995,10.67,17.2,68.03,26.99,21.48,3.91,10.82,9.87,14.9,2.67,0.58,0.44,1.09,0.81,2.04,0.12,77.26,0.92,,
JOE,2026-10-10,Real Estate,Real Estate - Diversified,3690000000.0,30.33,,,6.74,4.84,17.39,16.37,8.05,10.88,35.63,30.18,22.46,,,,21.1,26.17,0.49,0.48,29.92,29.92,0.9899999999999999,3.71,88.23,1.89,,
JPM,2026-10-10,Financial,Banks - Diversified,885150000000.0,14.27,13.17,1.2,2.98,2.5,5.76,17.71,1.35,7.41,,28.360000000000003,21.39,24.7,1.26,10.95,17.66,17.27,3.41,1.33,1.15,,1.92,,76.77,0.91,,
JXN,2026-10-10,Financial,Insurance - Life,8790000000.0,178.2,4.06,0.24,1.36,0.94,1.49,1.01,0.03,0.85,,1.25,0.91,19.63,17.83,17.09,57.53,15.82,0.28,0.21,,,2.78,9.14,87.24,5.57,,
KAI,2026-10-10,Industrials,Specialty Industrial Machinery,3080000000.0,28.03,18.55,,2.67,3.01,19.22,11.26,6.5,7.17,44.44,15.54,9.52,35.64,11.76,,12.62,10.63,0.5,0.5,2.59,1.63,0.54,1.17,112.49,7.84,,
KALU,2026-10-10,Basic Materials,Aluminum,2480000000.0,11.23,13.08,0.42,0.6,2.62,28.47,26.400000000000002,8.37,11.33,11.55,8.24,5.49,133.33,-17.66,31.18,30.19,23.53,1.13,1.12,2.5,1.17,2.08,2.26,101.81,6.0,,
KBH,2026-10-10,Consumer Cyclical,Residential Construction,2620000000.0,12.11,11.77,,0.51,0.69,82.85,5.88,3.25,3.81,16.52,5.08,4.37,-47.72,13.99,-9.46,14.45,8.31,0.56,0.56,6.71,0.57,2.24,4.61,105.47,16.35,,
KBR,2026-10-10,Industrials,Engineering & Construction,4460000000.0,10.66,8.69,,0.58,2.72,12.84,27.089999999999996,6.29,9.62,14.48,9.97,5.46,1.64,1.75,-0.27,,6.19,1.71,1.68,1.15,1.15,1.8799999999999997,1.55,104.49,8.27,,
KD,2026-10-10,Technology,Information Technology Services,2560000000.0,32.76,4.72,0.25,0.17,2.41,17.29,7.55,0.74,2.2,21.85,3.9699999999999998,0.58,27.05,34.32,18.73,,-4.85,4.61,2.7,0.66,0.66,,2.92,88.64,16.21,,
KDP,2026-10-10,Consumer Defensive,Beverages - Non-Alcoholic,43220000000.0,32.19,12.57,1.27,2.15,1.73,23.54,5.71,2.01,2.7,46.56,16.95,6.69,11.77,10.26,9.91,10.36,7.4,1.5,1.11,0.48,0.28,2.95,4.69,108.89,5.67,,
KEX,2026-10-10,Industrials,Marine Shipping,7190000000.0,20.93,16.42,1.06,2.06,2.1,15.17,10.4,5.78,7.68,25.36,13.86,10.18,12.53,16.48,15.49,,9.15,0.36,0.34,1.68,1.12,,0.8199999999999998,103.24,4.12,,
KEY,2026-10-10,Financial,Banks - Regional,21310000000.0,11.62,9.26,0.53,1.92,1.24,28.0,10.33,1.08,6.6,,23.0,17.04,20.76,17.52,17.31,3.7,9.03,0.74,0.55,0.45,,4.13,0.35,89.53,2.98,,
KEYS,2026-10-10,Technology,Scientific & Technical Instruments,65160000000.0,52.72,27.8,0.96,9.9,9.92,44.39,20.9,11.33,14.67,64.83,24.35,19.08,60.03,20.16,29.05,8.17,4.95,0.42,0.3,2.01,1.54,,0.79,93.3,1.44,,
KFY,2026-10-10,Industrials,Staffing & Employment Services,3910000000.0,13.5,11.23,1.01,1.31,1.82,12.27,14.21,7.42,10.8,21.71,13.38,9.24,8.15,11.78,11.12,20.06,10.06,0.3,0.28,2.37,2.37,3.09,1.18,94.25,4.31,,
KGS,2026-10-10,Energy,Oil & Gas Equipment & Services,5410000000.0,63.81,18.83,0.29,3.88,2.5,1079.05,4.6,1.63,1.62,43.25,32.65,5.63,122.71,43.26,63.93,,19.7,1.31,1.3,1.45,1.15,3.7599999999999993,0.97,104.91,8.33,,
KHC,2026-10-10,Consumer Defensive,Packaged Foods,26410000000.0,,10.79,,1.06,0.73,6.92,-8.78,-4.39,-6.33,33.22,17.12,-13.639999999999999,-21.22,0.76,-6.46,,-0.97,0.53,0.49,1.06,0.68,7.19,0.38,92.82,7.85,,
KIM,2026-10-10,Real Estate,REIT - Retail,14860000000.0,25.98,24.99,5.94,6.76,1.45,18.67,5.82,3.04,3.25,40.98,34.51,26.13,2.98,5.0,4.21,-18.36,15.28,0.89,0.81,0.97,0.97,4.84,2.73,102.12999999999998,5.32,,
KKR,2026-10-10,Financial,Asset Management,81640000000.0,28.99,12.57,0.64,3.47,2.86,8.99,10.64,0.79,3.69,46.05,23.46,12.710000000000003,69.52,-12.33,19.52,-7.04,35.39,1.78,1.75,5.25,5.25,0.86,22.93,63.06,2.0,,
KLAC,2026-10-10,Technology,Semiconductor Equipment & Materials,255220000000.0,53.32,28.77,0.96,18.8,40.25,67.75,87.5,28.4,38.81,60.13,41.68,35.59,46.73,23.22,29.89,22.32,14.43,0.97,0.96,2.82,1.97,0.48,0.09,94.34,1.86,,
KLIC,2026-10-10,Technology,Semiconductor Equipment & Materials,4810000000.0,42.25,15.59,0.08,5.07,5.28,120.46,13.23,9.47,12.26,48.15,13.059999999999999,12.18,1775.4,52.8,196.32,-65.56,0.97,0.04,0.04,3.44,2.74,0.89,3.4000000000000004,91.57,4.29,,
KMB,2026-10-10,Consumer Defensive,Household & Personal Products,32460000000.0,16.63,13.24,7.44,1.96,18.55,17.83,111.55,9.54,23.77,36.76,14.24,11.79,-2.16,0.06,1.78,-2.45,-2.99,3.72,3.7,0.91,0.69,5.27,0.22,99.97,16.02,,
KMI,2026-10-10,Energy,Oil & Gas Midstream,72350000000.0,20.96,21.16,2.42,4.04,2.29,19.89,11.05,4.71,5.61,36.32,29.609999999999996,19.27,18.2,-0.09,8.74,96.4,7.93,1.02,0.94,0.46,0.36,3.6699999999999995,12.809999999999999,71.86,2.38,,
KMPR,2026-10-10,Financial,Insurance - Property & Casualty,1590000000.0,,6.61,0.49,0.34,0.72,4.28,-19.26,-4.04,-15.79,,1.14,-10.76,-44.26,103.1,13.49,-17.9,-1.33,0.43,0.43,0.25,,4.81,1.5700000000000003,97.53,8.75,,
KMT,2026-10-10,Industrials,Tools & Accessories,2440000000.0,7.25,13.67,,1.03,1.55,,24.0,11.99,14.95,40.77,20.44,14.529999999999998,8.52,-52.92,-16.52,46.94,5.06,0.49,0.46,2.62,0.87,4.05,1.06,106.95000000000002,8.82,,
KMX,2026-10-10,Consumer Cyclical,Auto & Truck Dealerships,7470000000.0,25.76,,,0.25,1.18,6.52,4.68,1.1,1.23,10.53,2.19,0.9899999999999999,9.26,,13.22,-18.02,6.67,2.87,2.76,2.33,0.57,,2.04,102.97,7.74,,
KN,2026-10-10,Technology,Electronic Components,3210000000.0,48.45,23.22,1.25,5.05,4.03,50.52,9.5,6.76,7.21,42.19,14.63,10.69,20.27,21.16,18.56,50.23,-4.94,0.19,0.18,3.2,1.75,,2.1,103.81,5.27,,
KNF,2026-10-10,Basic Materials,Building Materials,2830000000.0,20.31,15.61,1.97,0.86,1.76,65.7,9.12,3.58,4.32,17.83,8.96,4.23,-4.74,21.46,7.92,1.17,7.63,1.04,1.02,2.66,1.6,,0.45000000000000007,99.52,7.9,,
KNSL,2026-10-10,Financial,Insurance - Property & Casualty,7680000000.0,13.66,15.54,2.84,3.85,3.77,7.67,30.269999999999996,10.26,25.17,,36.33,28.49,8.99,1.98,5.48,41.12,32.44,0.11,0.11,0.15,,0.3,5.64,96.15,10.89,,
KNTK,2026-10-10,Energy,Oil & Gas Midstream,8680000000.0,19.36,28.02,,4.75,,70.51,,2.74,7.76,15.2,9.01,10.15,-47.18,37.35,-2.89,71.44,63.58,,,0.68,0.68,6.08,22.32,74.72,11.53,,
KNX,2026-10-10,Industrials,Trucking,10490000000.0,245.23,15.87,0.26,1.36,1.5,19.23,0.61,0.35,0.46,11.03,2.96,0.56,83.14,76.0,60.81,-29.95,9.83,0.38,0.34,0.88,0.88,1.14,2.81,101.29999999999998,8.37,,
KO,2026-10-10,Consumer Defensive,Beverages - Non-Alcoholic,378840000000.0,26.53,24.94,3.05,7.49,10.48,26.5,44.23,13.489999999999998,19.57,61.95,31.929999999999996,28.309999999999995,10.23,6.75,8.19,11.14,7.94,1.2,1.02,1.3,1.12,2.49,0.68,77.86,1.24,,
KOP,2026-10-10,Basic Materials,Specialty Chemicals,820950000.0,,8.88,1.23,0.43,2.12,5.92,-19.02,-4.76,-6.41,18.41,10.12,-4.59,-0.61,20.89,7.24,-7.41,2.4,2.59,2.5,2.33,1.01,0.8100000000000002,5.35,103.53000000000002,4.47,,
KR,2026-10-10,Consumer Defensive,Grocery Stores,36400000000.0,33.36,11.19,1.73,0.24,6.29,15.76,14.150000000000002,2.08,3.89,20.95,3.17,0.72,6.97,6.18,6.45,-13.99,2.19,4.14,3.71,0.7,0.31,2.43,0.33,92.15,5.33,,
KRC,2026-10-10,Real Estate,REIT - Office,4019999999.9999995,24.11,76.78,,3.68,0.76,7.82,3.19,1.5700000000000003,1.77,31.75,24.68,15.42,-89.45,82.18,-29.68,7.33,4.37,0.89,0.83,1.41,1.41,6.32,1.14,118.76,12.08,,
KRG,2026-10-10,Real Estate,REIT - Retail,4790000000.0,15.28,51.75,,5.88,1.67,18.28,10.9,5.14,6.17,31.59,23.42,39.93,-33.33,-49.41,-24.0,,24.97,1.05,0.9,0.77,0.77,5.01,1.21,103.49,6.22,,
KRYS,2026-10-10,Healthcare,Biotechnology,9820000000.0,41.56,35.64,1.34,22.28,7.22,38.08,20.12,18.3,17.67,93.31,44.89,54.82,9.33,24.41,26.65,,,0.01,0.01,8.32,7.96,,12.26,99.15,13.38,,
KSS,2026-10-10,Consumer Cyclical,Department Stores,2310000000.0,8.88,12.72,6.49,0.15,0.55,2.23,6.67,2.01,2.6,36.65,3.8599999999999994,1.7500000000000002,30.67,-24.42,1.96,,-0.54,1.54,1.5,1.49,0.41,2.46,4.58,107.88,28.73,,
KTB,2026-10-10,Consumer Cyclical,Apparel Manufacturing,3590000000.0,13.71,9.97,0.95,1.17,5.8,8.47,40.96,8.5,14.53,48.89,13.140000000000002,8.74,-5.44,24.48,10.49,28.13,8.49,2.06,1.98,1.83,0.99,3.2199999999999998,1.8000000000000003,104.32,11.99,,
KTOS,2026-10-10,Industrials,Aerospace & Defense,7950000000.0,243.59,37.62,0.98,5.22,2.32,,1.15,0.93,0.86,21.65,1.6,2.03,52.18,34.52,38.2,-27.62,12.49,0.06,0.05,5.54,4.99,,1.27,82.14,5.29,,
KVUE,2026-10-10,Consumer Defensive,Household & Personal Products,34000000000.0,20.52,14.2,1.98,2.21,3.22,17.76,15.58,6.16,9.36,58.36,19.24,10.76,8.88,5.98,7.19,,0.89,0.82,0.68,1.01,0.71,4.78,0.24,96.42,3.01,,
KWR,2026-10-10,Basic Materials,Specialty Chemicals,2680000000.0,27.77,16.37,1.01,1.36,1.95,35.98,7.17,3.42,4.29,32.78,9.08,4.93,12.05,21.14,16.15,,5.9,0.67,0.65,2.46,1.7,0.88,22.18,91.4,13.1,,
L,2026-10-10,Financial,Insurance - Property & Casualty,21810000000.0,13.07,,,1.17,1.14,7.92,9.21,1.96,6.02,,14.04,9.02,,,,,5.99,0.47,0.47,0.7,,0.22999999999999998,19.9,62.24000000000001,2.76,,
LAD,2026-10-10,Consumer Cyclical,Auto & Truck Dealerships,6380000000.0,9.62,6.94,0.56,0.17,1.0,,10.67,2.83,4.35,14.45,3.8,1.8799999999999997,7.56,16.15,12.44,10.58,23.45,2.59,1.57,1.0,0.21,0.75,1.21,112.46000000000001,8.94,,
LAMR,2026-10-10,Real Estate,REIT - Specialty,14870000000.0,26.73,23.18,3.03,6.39,15.14,20.71,58.93000000000001,8.14,10.1,53.55,31.64,23.89,2.56,6.78,7.65,19.11,7.63,5.07,4.6,0.63,0.63,4.49,14.92,85.4,3.96,,
LAUR,2026-10-10,Consumer Defensive,Education & Training Services,5440000000.0,17.72,16.11,0.87,2.97,4.76,18.97,29.350000000000005,14.429999999999998,18.15,27.26,24.42,17.57,22.95,15.86,18.5,,10.68,0.64,0.55,0.71,0.71,2.39,14.19,93.4,3.32,,
LAZ,2026-10-10,Financial,Capital Markets,3580000000.0,18.01,10.03,0.49,1.08,3.92,5.8,26.450000000000003,4.95,7.14,94.91,12.04,6.59,-14.16,74.98,20.64,-8.51,3.45,2.35,2.35,2.63,2.63,5.44,0.9199999999999999,104.59,9.02,,
LBRT,2026-10-10,Energy,Oil & Gas Equipment & Services,3100000000.0,25.81,183.45,3.07,0.74,1.58,,6.12,3.09,3.54,7.290000000000001,1.33,2.92,53.85,-55.12,59.66,,32.91,0.82,0.76,1.99,1.75,1.86,2.16,111.96,10.9,,
LCII,2026-10-10,Consumer Cyclical,Recreational Vehicles,1900000000.0,9.1,8.25,0.49,0.47,1.33,6.63,15.0,6.559999999999999,8.35,25.650000000000002,7.490000000000001,5.24,14.25,11.39,16.78,3.84,8.07,0.8,0.77,2.49,1.2,5.87,7.629999999999999,106.32999999999998,8.7,,
LDOS,2026-10-10,Technology,Information Technology Services,15270000000.0,11.34,9.67,2.15,0.87,2.89,7.06,27.67,9.43,11.62,17.8,11.8,7.8,3.4,1.51,4.49,20.63,6.91,1.24,1.24,1.63,1.6,1.43,0.83,82.0,3.84,,
LEA,2026-10-10,Consumer Cyclical,Auto Parts,5820000000.0,11.0,7.06,0.5,0.25,1.13,6.85,10.84,3.5900000000000003,6.55,7.049999999999999,4.06,2.35,17.01,11.55,14.22,25.45,6.41,0.68,0.64,1.31,1.04,2.7,0.56,108.39000000000001,5.98,,
LECO,2026-10-10,Industrials,Tools & Accessories,14230000000.0,26.1,20.86,1.77,3.18,9.16,26.24,37.74,14.679999999999998,20.19,35.95,17.58,12.37,13.52,11.72,11.81,22.18,9.75,0.8,0.76,1.98,1.2,1.22,1.6,82.55,2.24,,
LEN,2026-10-10,Consumer Cyclical,Residential Construction,18220000000.0,14.5,14.51,,0.57,0.85,17.53,5.87,3.8,4.68,16.08,5.44,4.05,-39.12,8.78,-6.82,0.35,8.73,0.28,0.28,5.19,0.9,2.61,14.219999999999999,97.83,9.38,,
LFST,2026-10-10,Healthcare,Medical Care Facilities,4750000000.0,95.54,56.6,0.31,2.99,3.21,27.29,3.4300000000000006,2.34,2.68,30.12,5.07,3.19,702.67,36.68,180.5,,30.44,0.32,0.28,1.38,1.38,,31.66,63.54,5.94,,
LFUS,2026-10-10,Technology,Electronic Components,10830000000.0,,22.0,0.78,4.14,4.14,24.5,-0.31,-0.2,-0.25,36.68,16.25,-0.31,55.81,16.49,28.27,,10.54,0.27,0.23,2.76,2.0,0.45000000000000007,1.35,101.19,5.27,,
LGIH,2026-10-10,Consumer Cyclical,Residential Construction,1020000000.0,15.37,12.01,,0.6,0.48,7.78,3.16,1.67,1.78,19.39,4.01,3.88,-13.77,26.74,,-24.55,-6.35,0.74,0.74,17.97,0.47,,16.82,88.32,16.96,,
LGND,2026-10-10,Healthcare,Biotechnology,6020000000.0,32.27,24.92,1.16,20.71,6.21,45.75,21.96,12.58,9.4,84.28,34.45,67.88,14.46,30.13,21.49,,7.54,1.17,1.17,31.18,30.96,,2.44,114.62,13.77,,
LH,2026-10-10,Healthcare,Diagnostics & Research,25320000000.0,25.81,15.74,1.65,1.76,2.93,21.91,11.74,5.48,6.6,26.82,11.35,6.99,11.63,8.05,9.53,-8.01,-0.04,0.79,0.76,1.8,1.53,0.95,0.4,101.21,3.32,,
LHX,2026-10-10,Industrials,Aerospace & Defense,44130000000.0,23.93,17.46,1.32,1.92,2.22,15.71,9.57,4.45,6.24,22.54,11.11,8.11,11.5,13.45,13.27,10.46,3.74,0.6,0.51,1.18,1.03,2.09,0.42,89.79,2.44,,
LIF,2026-10-10,Technology,Software - Application,3560000000.0,25.52,24.99,5.84,6.22,5.79,34.51,30.06,16.32,15.92,77.59,1.14,25.72,-48.55,39.95,4.28,,43.42,0.51,0.51,5.59,5.45,,3.53,74.91,10.24,,
LII,2026-10-10,Industrials,Building Products & Equipment,12320000000.0,16.11,13.83,2.1,2.32,9.5,16.68,70.48,18.9,27.64,32.98,19.68,14.610000000000001,1.41,9.74,6.59,19.78,7.41,1.56,1.16,1.57,0.77,1.45,9.43,79.55,8.56,,
LIN,2026-10-10,Basic Materials,Specialty Chemicals,222990000000.0,31.23,24.7,2.61,6.29,5.71,44.82,18.67,8.31,12.12,37.56,27.1,20.43,8.67,9.53,9.46,25.41,4.52,0.72,0.53,0.88,0.75,1.33,0.67,88.53,1.31,,
LITE,2026-10-10,Technology,Communication Equipment,99950000000.0,,32.07,0.42,33.16,21.05,333.04,-240.03,-120.34,-147.41,39.74,17.89,-230.14999999999998,150.28,58.53,76.76,,11.58,0.36,0.01,1.68,1.4,,2.54,94.47,8.44,,
LIVN,2026-10-10,Healthcare,Medical Devices,4210000000.0,22.67,16.31,1.58,2.86,3.17,28.38,15.4,7.33,11.32,68.24,15.010000000000002,12.809999999999999,11.69,7.51,10.33,9.06,8.24,0.27,0.26,1.45,1.21,,0.4099999999999999,110.93000000000002,10.94,,
LKFN,2026-10-10,Financial,Banks - Regional,1410000000.0,13.07,12.61,2.4,3.31,1.83,12.65,15.0,1.5700000000000003,14.25,,31.77,26.039999999999996,9.18,2.97,5.25,3.97,12.38,0.1,0.01,0.16,,3.66,3.47,84.93,10.35,,
LKQ,2026-10-10,Consumer Cyclical,Auto Parts,5530000000.0,12.03,7.12,2.75,0.4,0.86,8.84,7.16,3.0,4.24,35.66,7.24,3.4000000000000004,-11.44,15.13,2.59,2.38,3.26,0.82,0.7,1.58,0.61,5.49,0.76,110.66,6.49,,
LLY,2026-10-10,Healthcare,Drug Manufacturers - General,1110110000000.0,40.07,24.98,0.82,13.93,32.77,61.03,102.42999999999999,21.96,32.68,83.4,49.72,33.53,47.22,32.45,30.65,27.59,21.58,1.62,1.41,1.35,1.0,0.58,9.87,76.32,0.83,,
LMAT,2026-10-10,Healthcare,Medical Instruments & Supplies,1850000000.0,28.75,25.38,2.27,7.03,4.39,24.99,16.77,10.78,10.82,71.27,29.460000000000004,25.019999999999996,13.99,10.66,11.16,19.43,14.05,0.45,0.44,15.89,13.96,1.24,6.909999999999999,100.82,8.17,,
LMT,2026-10-10,Industrials,Aerospace & Defense,117610000000.0,18.78,15.56,0.88,1.53,13.37,13.47,89.16,10.36,21.45,12.659999999999998,11.8,8.16,41.52,7.72,17.69,-2.43,2.79,2.34,2.34,1.19,1.01,2.75,0.11,77.16,1.19,,
LNC,2026-10-10,Financial,Insurance - Life,7700000000.0,3.48,4.59,0.79,0.37,0.74,,22.58,0.61,13.24,,15.340000000000002,10.97,-3.28,10.12,5.8,17.86,1.55,0.6,0.57,,,4.48,1.01,86.09,7.67,,
LNN,2026-10-10,Industrials,Farm & Heavy Construction Machinery,1140000000.0,21.49,19.37,,1.81,2.28,25.37,10.74,6.64,8.72,29.460000000000004,9.95,8.79,-22.98,10.72,-2.21,13.78,7.34,0.28,0.27,2.93,2.04,1.31,1.17,108.74999999999999,8.88,,
LNT,2026-10-10,Utilities,Utilities - Regulated Electric,17070000000.0,20.87,17.89,2.34,3.86,2.26,,11.14,3.3300000000000005,4.5,24.9,22.1,18.45,6.35,7.46,7.66,4.94,5.01,1.61,1.41,0.47,0.35,3.26,0.16,100.03999999999999,10.69,,
LNTH,2026-10-10,Healthcare,Drug Manufacturers - Specialty & Generic,6540000000.0,24.2,15.64,1.75,4.2,4.98,16.86,22.21,12.15,14.22,60.14000000000001,19.45,17.69,-10.95,18.29,8.96,,35.35,0.48,0.48,3.06,2.89,,3.52,116.53999999999999,6.01,,
LOPE,2026-10-10,Consumer Defensive,Education & Training Services,4170000000.0,19.3,14.13,1.31,3.65,6.26,17.17,30.98,23.11,29.56,52.53,27.77,19.63,12.47,10.75,10.8,7.18,5.55,0.16,0.13,2.82,2.82,,2.29,104.24,8.99,,
LOW,2026-10-10,Consumer Cyclical,Home Improvement Retail,104360000000.0,15.73,14.32,2.97,1.15,,14.91,,12.93,21.03,30.59,11.29,7.32,-0.11,5.79,4.82,8.87,-0.75,,,1.1,0.27,2.66,0.12,81.28,1.86,,
LPG,2026-10-10,Energy,Oil & Gas Midstream,2470000000.0,7.65,13.22,,4.21,1.99,16.86,28.34,17.63,19.16,60.5,52.019999999999996,55.00000000000001,84.83,-48.38,-12.7,19.59,8.79,0.52,0.36,3.26,3.24,6.99,13.970000000000002,72.23,4.61,,
LPX,2026-10-10,Industrials,Building Products & Equipment,4590000000.0,85.16,21.52,1.45,1.86,2.64,,3.1,2.05,2.56,17.99,4.54,2.19,-60.59,192.3,14.87,-14.08,-0.58,0.22,0.21,3.22,1.66,1.79,1.45,105.35,13.65,,
LQDA,2026-10-10,Healthcare,Drug Manufacturers - Specialty & Generic,2450000000.0,20.07,13.01,,5.44,12.5,16.26,131.82,35.57,42.89,92.3,37.39,30.740000000000002,408.19,-14.64,,14.6,192.49,0.94,0.66,2.31,2.12,,13.47,80.09,16.32,,
LQDT,2026-10-10,Consumer Cyclical,Internet Retail,1350000000.0,42.16,23.44,,2.76,5.73,15.02,14.96,8.39,13.57,45.47,9.0,6.79,28.91,11.52,,,18.28,0.06,0.04,1.57,1.48,,25.88,80.61,4.4,,
LRCX,2026-10-10,Technology,Semiconductor Equipment & Materials,399000000000.0,55.31,26.7,0.78,17.17,31.99,81.58,65.07,32.38,44.04,50.470000000000006,35.29,31.269999999999996,63.1,25.78,34.44,16.46,9.7,0.33,0.32,2.63,1.91,0.36,0.32,89.23,2.07,,
LRN,2026-10-10,Consumer Defensive,Education & Training Services,3560000000.0,11.88,10.79,,1.41,2.17,8.21,21.74,14.3,15.99,37.03,18.12,13.43,3.97,6.87,,33.16,10.38,0.33,0.3,5.94,5.81,,3.36,114.32,19.84,,
LSCC,2026-10-10,Technology,Semiconductors,17900000000.0,486.87,39.21,0.66,27.5,21.96,118.35,4.93,4.07,4.43,63.35000000000001,8.47,5.58,103.27,50.63,59.81,-41.85,5.1,0.05,0.04,3.02,2.33,,0.83,101.73,5.72,,
LSTR,2026-10-10,Industrials,Integrated Freight & Logistics,5740000000.0,43.79,21.98,0.57,1.15,6.86,32.67,14.980000000000002,7.6499999999999995,14.98,13.34,3.92,2.64,79.57,29.43,38.32,-7.82,2.79,0.17,0.05,1.82,1.82,1.49,0.74,102.10999999999999,4.88,,
LTC,2026-10-10,Real Estate,REIT - Healthcare Facilities,2290000000.0,15.56,22.7,,6.55,1.8,18.79,12.11,6.78,6.58,58.63,36.17,38.53,-8.58,-18.8,-10.02,0.84,7.7,0.61,0.61,63.27,63.27,5.37,2.26,81.82,6.17,,
LTH,2026-10-10,Consumer Cyclical,Leisure,9080000000.0,22.21,22.26,3.44,2.85,2.75,,13.449999999999998,5.2,5.57,36.36,17.2,13.04,-3.85,14.32,6.47,,25.86,1.29,1.26,0.66,0.56,,16.36,85.18,7.66,,
LULU,2026-10-10,Consumer Cyclical,Apparel Retail,10950000000.0,7.75,11.22,,0.99,2.2,8.08,30.9,17.72,21.6,56.04,18.03,12.78,-27.73,-12.12,-13.57,24.13,20.33,0.45,0.37,2.19,1.24,,8.88,76.86,15.24,,
LUMN,2026-10-10,Communication Services,Telecom Services,5450000000.0,,,,0.46,,6.51,,-3.2099999999999995,-8.78,25.14,-3.1,-8.65,-597.54,65.58,-19.22,-8.9,-9.75,,,0.91,0.88,,8.11,71.55,7.0,,
LUV,2026-10-10,Industrials,Airlines,20380000000.0,25.27,9.9,0.12,0.68,2.88,,11.11,2.85,7.27,18.89,4.33,2.79,209.22,46.37,80.3,,25.41,0.97,0.63,0.49,0.42,1.8799999999999997,1.08,95.29,5.07,,
LVS,2026-10-10,Consumer Cyclical,Resorts & Casinos,23430000000.0,14.09,10.34,1.52,1.71,40.34,8.7,134.29,8.27,12.1,37.43,23.4,12.590000000000002,2.6,13.29,6.79,,34.66,26.27,23.57,1.0,0.99,3.17,58.489999999999995,42.64,6.83,,
LW,2026-10-10,Consumer Defensive,Packaged Foods,6600000000.0,26.05,13.5,1.6,1.0,3.65,16.01,14.17,3.5000000000000004,4.73,19.06,9.5,3.85,7.31,9.78,8.44,-0.71,12.49,2.19,1.98,1.45,0.77,3.2300000000000004,1.19,95.11,5.25,,
LXP,2026-10-10,Real Estate,REIT - Industrial,3600000000.0,61.54,139.18,,10.34,1.85,20.25,3.2099999999999995,1.8000000000000003,1.94,26.35,14.85,16.73,-96.81,655.32,,-11.22,1.17,0.71,0.71,2.25,2.25,4.2,2.83,95.94,2.01,,
LYB,2026-10-10,Basic Materials,Specialty Chemicals,19390000000.0,,9.81,0.17,0.62,1.82,12.29,-2.29,-0.74,-1.52,13.3,7.82,-1.15,438.61,-33.14,57.86,,1.68,1.33,1.17,1.64,1.07,5.22,20.26,76.58,4.83,,
LYFT,2026-10-10,Technology,Software - Application,6140000000.0,2.27,15.98,,0.91,2.03,5.52,152.58,39.59,68.21,38.02,-1.67,42.32,-91.74,80.5,,,21.71,0.43,0.39,0.59,0.59,,4.71,111.66,21.86,,
LYV,2026-10-10,Communication Services,Entertainment,40140000000.0,,91.76,,1.53,481.95,29.03,-116.65,-1.01,-3.07,23.16,5.6,-0.98,-46.67,627.32,,50.7,68.39,137.04,100.99,0.85,0.85,,32.14,84.94,14.94,,
LZ,2026-10-10,Industrials,Specialty Business Services,1020000000.0,63.75,7.24,0.6,1.29,7.88,6.88,10.49,3.34,12.28,63.44,4.41,2.13,17.45,13.49,12.16,17.74,9.94,0.12,0.08,0.65,0.65,,33.96,69.82,10.95,,
LZB,2026-10-10,Consumer Cyclical,"Furnishings, Fixtures & Appliances",1170000000.0,14.8,10.39,47.21,0.55,1.16,11.44,8.03,4.16,5.56,44.64,6.65,3.8599999999999994,-17.21,11.79,0.22,1.45,4.16,0.53,0.45,1.66,1.14,3.46,2.25,102.31000000000002,4.84,,
M,2026-10-10,Consumer Cyclical,Department Stores,5920000000.0,8.28,9.53,3.48,0.26,1.2,4.19,15.990000000000002,4.8,7.49,38.87,4.28,3.29,0.06,2.42,2.74,,4.56,1.03,1.03,1.59,0.48,3.2300000000000004,0.38,99.72,12.75,,
MA,2026-10-10,Financial,Credit Services,516090000000.00006,32.41,25.51,1.55,14.69,92.19,31.3,241.49000000000004,29.799999999999997,58.49,96.6,59.19,46.27,17.35,15.71,16.46,20.99,16.5,4.39,3.95,1.06,1.06,0.6,7.9399999999999995,83.84,0.79,,
MAA,2026-10-10,Real Estate,REIT - Residential,13900000000.0,34.14,37.23,,6.27,2.49,21.55,7.090000000000001,3.38,4.14,29.51,27.779999999999998,18.0,-3.09,-14.3,-2.82,11.53,5.65,1.05,0.79,0.09,0.09,5.25,0.8199999999999998,100.49,4.03,,
MAC,2026-10-10,Real Estate,REIT - Retail,6560000000.0,,152.18,,6.48,2.24,35.02,-14.469999999999999,-4.54,-5.6,-1.8000000000000003,-5.66,-30.25,78.04,185.36,,,5.32,1.76,1.48,0.25,0.25,3.07,0.57,111.31,11.58,,
MAN,2026-10-10,Industrials,Staffing & Employment Services,2450000000.0,23.8,10.87,0.36,0.13,1.17,35.62,5.08,1.23,3.53,16.24,1.8399999999999999,0.56,21.95,34.11,29.98,,-0.05,0.67,0.4,1.04,1.04,3.0,1.76,120.17,9.69,,
MANH,2026-10-10,Technology,Software - Application,11950000000.0,58.65,33.35,2.81,10.61,75.84,29.93,96.38,29.13,99.45,55.22,25.06,18.67,8.61,11.78,11.88,21.58,13.02,0.34,0.34,0.95,0.95,,1.47,111.04,5.56,,
MAR,2026-10-10,Consumer Cyclical,Lodging,95410000000.0,37.92,27.91,2.08,3.55,,30.46,,9.33,20.23,19.13,15.73,9.62,17.06,11.75,13.43,,19.89,,,0.53,0.53,0.78,20.68,64.02,3.25,,
MARA,2026-10-10,Financial,Capital Markets,3730000000.0,,,,4.64,2.22,,-107.12000000000002,-57.26,-95.0,-75.61,-122.8,-429.7099999999999,-33.89,79.3,26.09,-95.8,190.86,1.49,1.19,0.89,0.89,,2.19,73.53,26.67,,
MAS,2026-10-10,Industrials,Building Products & Equipment,13560000000.0,15.85,14.85,1.7,1.78,,12.04,,16.54,28.28,36.93,17.7,11.6,14.58,2.02,8.73,10.68,1.02,,,1.86,1.22,1.86,0.34,104.99000000000001,4.21,,
MAT,2026-10-10,Consumer Cyclical,Leisure,4770000000.0,12.29,10.59,1.25,0.87,2.39,10.97,20.5,6.78,9.16,47.13,8.68,7.79,-7.49,20.81,8.46,28.4,3.11,1.37,1.34,1.9,1.26,,1.04,107.91999999999999,10.9,,
MATW,2026-10-10,Industrials,Conglomerates,580880000.0,,23.76,,0.52,1.2,,-5.87,-1.83,-2.69,36.25,-1.47,-2.65,-59.26,52.6,-5.45,22.39,-0.01,1.29,1.25,1.76,1.02,5.48,8.74,95.15,16.5,,
MATX,2026-10-10,Industrials,Marine Shipping,6750000000.0,15.09,13.43,1.58,1.95,2.43,62.2,17.21,10.09,15.13,23.02,14.360000000000001,13.41,19.15,2.14,8.49,25.49,7.01,0.12,0.11,0.89,0.82,0.65,2.36,87.61,5.22,,
MBC,2026-10-10,Consumer Cyclical,"Furnishings, Fixtures & Appliances",1350000000.0,,30.05,,0.48,0.68,18.33,-5.82,-2.61,-2.7,25.590000000000003,-0.59,-3.49,-104.03,699.99,,-28.91,2.06,0.86,0.82,1.76,1.04,,3.9900000000000007,107.28999999999999,10.41,,
MBGL,2026-10-10,Technology,Software - Infrastructure,5370000000.0,,,,,0.55,,,,,,,,,,,,,0.2,0.2,1.88,1.88,0.33,0.58,3.07,2.55,,
MBIN,2026-10-10,Financial,Banks - Regional,2250000000.0,9.83,8.14,0.37,1.67,1.22,,11.73,1.33,10.8,,23.98,17.01,47.44,7.83,22.27,-0.36,26.93,1.8,0.04,0.06,,0.93,58.11999999999999,97.94,10.2,,
MC,2026-10-10,Financial,Capital Markets,4630000000.0,19.87,14.63,1.35,2.94,8.36,10.68,44.68,16.6,30.3,,18.42,14.499999999999998,1.34,28.75,10.81,-0.03,10.24,0.52,0.49,0.63,0.63,4.56,1.01,108.84,7.19,,
MCD,2026-10-10,Consumer Cyclical,Restaurants,166460000000.0,19.1,17.06,2.9,6.01,,21.45,,14.71,16.62,57.379999999999995,45.72,31.72,5.63,7.01,5.88,13.64,6.96,,,1.08,1.07,3.19,0.05,77.04,1.95,,
MCHP,2026-10-10,Technology,Semiconductors,41020000000.0,112.95,16.52,0.35,8.01,6.36,36.93,7.19,3.26,4.05,47.42,16.23,7.17,122.0,25.63,47.2,-19.53,-2.82,0.84,0.83,1.92,1.11,2.49,1.79,102.49,6.25,,
MCK,2026-10-10,Healthcare,Medical Distribution,109460000000.0,25.12,18.52,1.31,0.27,,17.06,,5.41,78.2,3.4300000000000006,1.63,1.12,14.19,13.5,14.09,,11.11,,,0.89,0.52,0.33,0.06,94.45,1.96,,
MCO,2026-10-10,Financial,Financial Data & Stock Exchanges,80400000000.0,29.44,24.58,2.02,9.85,26.58,27.1,80.15,18.53,28.28,68.82,46.0,34.25,13.21,11.66,12.16,7.79,7.52,2.49,2.27,1.15,1.15,0.8199999999999998,0.13,93.99,1.62,,
MCRI,2026-10-10,Consumer Cyclical,Resorts & Casinos,2049999999.9999998,18.35,16.16,1.38,3.65,3.55,13.28,20.54,15.85,19.48,46.89,26.479999999999997,20.4,26.04,3.35,11.72,34.07,24.21,0.02,0.02,1.21,1.15,1.05,32.57,65.58,5.62,,
MCY,2026-10-10,Financial,Insurance - Property & Casualty,5690000000.0,6.07,8.74,0.66,0.9,2.01,4.5,38.99,9.76,24.67,,18.78,14.77,67.7,-11.31,13.34,7.62,9.63,0.34,0.34,0.84,,1.24,52.07000000000001,47.36,5.53,,
MD,2026-10-10,Healthcare,Medical Care Facilities,2160000000.0,12.8,10.91,1.53,1.11,2.46,9.47,20.39,8.26,13.42,25.05,12.34,8.96,15.09,3.99,7.11,,1.99,0.7,0.48,1.32,1.32,,1.58,104.29000000000002,5.76,,
MDLZ,2026-10-10,Consumer Defensive,Confectioners,77100000000.0,22.16,17.99,2.46,1.94,2.9,24.99,13.309999999999999,4.94,8.04,35.01,15.839999999999998,8.86,4.4,10.18,7.32,-5.21,7.71,0.83,0.64,0.6,0.4,3.4099999999999997,0.21,89.63,2.62,,
MDT,2026-10-10,Healthcare,Medical Devices,113180000000.0,21.78,13.82,1.79,3.01,2.25,18.46,10.66,5.68,6.9,60.56,19.93,13.930000000000001,8.12,7.08,7.74,6.95,3.84,0.56,0.51,2.07,1.54,3.17,0.09,89.11,3.13,,
MDU,2026-10-10,Utilities,Utilities - Regulated Gas,3940000000.0,19.71,17.74,2.33,2.15,1.35,,6.890000000000001,2.66,3.58,23.12,16.98,10.75,5.11,8.08,7.6,-13.77,-19.46,0.88,0.88,0.99,0.95,3.11,3.07,92.9,9.23,,
MEDP,2026-10-10,Healthcare,Diagnostics & Research,17079999999.999998,35.9,31.63,2.62,6.14,39.28,24.17,162.15,27.089999999999996,88.72,27.76,20.97,17.67,15.24,9.91,12.05,31.79,22.27,0.33,0.28,0.73,0.73,,18.95,89.81,7.06,,
MET,2026-10-10,Financial,Insurance - Life,62490000000.0,18.82,8.82,0.73,0.79,2.29,3.77,13.16,0.5,7.46,,7.690000000000001,4.33,15.11,9.66,12.12,-3.68,2.59,0.79,0.77,4.83,,2.38,16.37,79.41,2.11,,
META,2026-10-10,Communication Services,Internet Content & Information,1830820000000.0,27.07,21.12,1.13,8.02,7.01,44.68,29.849999999999998,18.29,18.35,81.75,38.08,29.84,32.28,9.51,18.73,18.41,18.51,0.43,0.42,2.23,2.23,0.26,13.63,69.11,1.53,,
MFP,2026-10-10,Industrials,Specialty Industrial Machinery,1850000000.0,,15.86,0.84,,2.36,,,,,,,,29.82,19.84,18.9,,,0.34,0.32,1.84,1.15,,1.59,16.6,4.2,,
MGEE,2026-10-10,Utilities,Utilities - Regulated Electric,2650000000.0,17.26,17.2,3.17,3.45,1.84,,11.04,4.86,6.45,25.2,21.99,19.45,6.45,3.11,5.43,7.44,6.66,0.65,0.61,1.14,0.79,2.76,0.33,70.64,4.26,,
MGM,2026-10-10,Consumer Cyclical,Resorts & Casinos,7360000000.0,17.71,15.25,,0.41,2.93,4.22,15.439999999999998,1.04,1.3,38.05,6.49,2.38,-44.1,3.72,-12.39,,27.71,12.0,11.93,1.33,1.3,,27.9,65.04,10.48,,
MGY,2026-10-10,Energy,Oil & Gas E&P,5710000000.0,10.56,7.95,0.34,3.86,2.06,16.22,20.54,13.99,16.53,50.85000000000001,38.25,28.37,69.14,2.04,23.18,,19.37,0.19,0.18,1.58,1.58,2.72,0.9199999999999999,101.27999999999999,11.18,,
MHK,2026-10-10,Consumer Cyclical,"Furnishings, Fixtures & Appliances",7140000000.0,15.65,11.8,1.44,0.64,0.84,8.79,5.51,3.36,4.63,25.6,6.5,4.15,9.55,1.9,8.17,-3.87,2.46,0.28,0.17,1.92,1.13,,17.13,90.25,11.17,,
MHO,2026-10-10,Consumer Cyclical,Residential Construction,3230000000.0,10.76,9.19,,0.76,1.0,17.09,10.06,6.61,7.94,21.64,9.29,7.449999999999999,-26.46,15.36,-2.4,12.37,7.69,0.32,0.24,7.71,1.71,,3.27,98.83,6.11,,
MIDD,2026-10-10,Industrials,Specialty Industrial Machinery,4790000000.0,,13.65,1.24,1.34,2.17,9.67,-9.85,-4.53,-9.08,36.48,17.1,-10.56,2.07,12.64,11.01,,4.96,0.91,0.88,1.99,1.1,,1.7399999999999998,104.89,3.82,,
MIR,2026-10-10,Industrials,Specialty Industrial Machinery,4139999999.9999995,188.44,24.9,1.31,4.04,2.27,30.26,1.49,0.78,0.8,38.52,6.819999999999999,2.39,18.5,22.45,19.04,,,0.68,0.67,3.2,2.63,,5.81,107.32,16.36,,
MKC,2026-10-10,Consumer Defensive,Packaged Foods,12080000000.0,8.1,13.96,2.73,1.57,1.72,13.05,23.37,9.97,15.04,39.42,17.02,19.39,2.98,3.89,5.12,1.08,4.08,0.72,0.41,0.66,0.33,4.33,5.51,91.42,7.82,,
MKSI,2026-10-10,Technology,Scientific & Technical Instruments,17880000000.0,42.17,15.07,0.41,4.11,5.98,41.3,15.920000000000002,4.96,7.64,41.25,16.72,10.14,66.83,33.48,36.52,-7.2,11.03,1.4,0.93,1.14,0.72,0.38,4.05,102.88,7.84,,
MKTX,2026-10-10,Financial,Capital Markets,5790000000.0,19.4,18.96,2.07,6.65,4.67,40.49,23.34,13.94,22.62,79.67,40.28,35.15,7.59,9.17,9.18,-3.29,4.27,0.14,0.09,1.71,1.71,1.9,0.77,111.50999999999999,9.18,,
MLI,2026-10-10,Industrials,Metal Fabrication,13430000000.0,15.82,13.75,1.08,2.88,3.78,20.15,26.31,21.96,23.86,26.75,21.33,18.25,21.43,6.0,12.78,40.88,11.75,0.01,0.0,4.78,3.76,1.07,2.03,95.83,2.21,,
MLKN,2026-10-10,Consumer Cyclical,"Furnishings, Fixtures & Appliances",1440000000.0,14.8,9.19,,0.38,1.06,12.44,7.37,2.46,3.19,39.58,5.66,2.57,8.47,12.64,,-14.8,9.28,1.34,1.26,1.65,0.9,3.5900000000000003,1.6399999999999997,98.05,5.62,,
MLM,2026-10-10,Basic Materials,Building Materials,33970000000.0,11.76,22.41,1.45,5.08,2.49,41.94,8.89,4.72,14.49,28.17,21.3,36.73,8.93,19.92,15.51,10.2,5.39,0.55,0.47,1.41,0.73,0.72,16.09,85.73,5.35,,
MMI,2026-10-10,Real Estate,Real Estate Services,1070000000.0000001,76.51,30.37,,1.32,1.85,12.65,2.42,1.8399999999999999,2.26,36.39,1.34,1.77,1120.0,82.35,,,1.05,0.13,0.1,2.92,2.92,1.77,41.26,60.480000000000004,4.06,,
MMM,2026-10-10,Industrials,Conglomerates,82490000000.0,28.4,16.21,1.65,3.28,27.95,20.7,82.77,8.22,20.95,39.44,20.87,11.9,10.99,10.29,9.8,-8.5,-4.97,4.46,3.85,1.24,0.91,1.96,0.08,77.44,1.88,,
MMS,2026-10-10,Industrials,Specialty Business Services,3110000000.0,8.77,7.1,0.84,0.59,1.79,7.18,21.11,8.4,11.03,24.0,10.85,7.07,8.83,4.37,8.46,10.21,9.43,0.99,0.93,2.42,2.42,2.17,2.01,109.1,6.64,,
MMSI,2026-10-10,Healthcare,Medical Instruments & Supplies,5210000000.0,35.95,18.91,2.09,3.3,3.1,25.63,9.19,5.34,5.85,49.43,12.689999999999998,9.21,12.34,7.19,9.03,,9.46,0.49,0.48,4.2,2.79,,2.6,105.61,6.24,,
MNST,2026-10-10,Consumer Defensive,Beverages - Non-Alcoholic,85490000000.0,40.5,33.31,2.61,9.27,9.13,40.75,25.7,21.16,22.72,55.55,29.160000000000004,23.08,12.64,12.93,12.74,7.99,12.52,0.0,0.0,3.73,3.22,,29.059999999999995,69.42,3.27,,
MO,2026-10-10,Consumer Defensive,Tobacco,119690000000.0,15.09,12.19,3.05,5.85,,13.14,,24.21,39.32,83.0,71.58,38.87,4.78,3.55,4.0,11.4,-0.71,,,0.52,0.38,6.05,0.15,66.23,2.26,,
MOG-A,2026-10-10,Industrials,Aerospace & Defense,11520000000.0,30.88,30.29,1.97,2.67,5.31,32.89,18.11,8.23,11.33,28.24,12.11,8.73,33.26,3.51,15.39,92.76,6.0,0.52,0.5,2.09,1.34,0.33,12.02,90.22,3.26,,
MOH,2026-10-10,Healthcare,Healthcare Plans,10280000000.0,,20.25,2.89,0.23,2.46,37.93,-0.16,-0.04,-0.09,,0.66,-0.02,-52.48,85.53,7.01,-4.51,18.68,0.95,0.95,1.68,,,1.44,108.74999999999999,5.61,,
MORN,2026-10-10,Financial,Financial Data & Stock Exchanges,7670000000.0,19.38,14.6,0.78,2.99,7.49,15.42,31.96,11.13,14.7,54.47,23.29,16.43,25.41,13.22,18.83,11.37,11.97,1.86,1.8,1.02,1.02,0.98,48.63,65.06,7.39,,
MOS,2026-10-10,Basic Materials,Agricultural Inputs,5960000000.0,,12.82,,0.49,0.52,,-5.34,-2.61,-3.9,10.97,6.79,-5.21,-80.76,234.74,-3.75,-0.6,6.78,0.53,0.43,1.34,0.43,4.68,0.42,97.53,9.48,,
MP,2026-10-10,Basic Materials,Other Industrial Metals & Mining,8220000000.000001,,62.5,,19.74,4.2,,-3.5900000000000003,-2.0,-1.83,14.510000000000002,-16.71,-14.56,99.3,43884.99,,-13.01,15.45,0.4,0.4,9.51,8.56,,18.63,79.16,25.27,,
MPC,2026-10-10,Energy,Oil & Gas Refining & Marketing,127780000000.0,15.67,8.89,0.25,0.83,6.75,9.91,47.88,9.89,16.84,10.7,8.44,5.58,472.41,-16.43,35.31,,13.89,1.8,1.66,1.25,0.89,0.9000000000000001,0.32,80.16,2.51,,
MPT,2026-10-10,Real Estate,REIT - Healthcare Facilities,1880000000.0,,,,1.84,0.42,8.27,-0.68,-0.21,-0.24,69.3,57.35,-3.1,108.87,-131.76,29.37,,-4.89,2.16,1.87,0.78,0.78,11.46,17.96,61.64000000000001,29.84,,
MPWR,2026-10-10,Technology,Semiconductors,68129999999.99999,84.95,38.49,1.11,20.81,17.49,116.35,21.9,18.45,20.41,55.2,28.720000000000002,24.41,54.46,31.24,34.72,29.77,27.0,0.0,0.0,4.98,3.62,0.54,3.49,99.72,3.92,,
MRCY,2026-10-10,Industrials,Aerospace & Defense,4840000000.0,,35.84,1.05,4.92,3.16,74.51,-2.0,-1.15,-1.5,24.63,2.13,-3.02,57.31,33.02,34.08,,1.26,0.33,0.33,2.96,1.85,,1.29,108.91,8.34,,
MRK,2026-10-10,Healthcare,Drug Manufacturers - General,359220000000.0,116.38,15.61,3.32,5.42,8.57,22.36,6.98,2.57,3.41,72.43,18.81,4.79,-70.13,247.87,4.7,21.23,9.34,1.29,1.22,1.32,1.1,2.34,0.1,83.05,1.15,,
MRNA,2026-10-10,Healthcare,Biotechnology,89830000000.0,,,,40.32,13.28,,-39.0,-27.43,-39.41,12.57,-149.01,-141.43,-14.57,43.02,27.97,-29.93,19.33,0.19,0.18,2.29,2.18,,8.51,79.97,8.45,,
MRP,2026-10-10,Real Estate,REIT - Residential,3450000000.0,7.8,6.91,0.73,4.53,0.63,0.66,8.12,5.39,5.71,,85.11,62.6,25.41,5.77,9.4,,,0.43,0.42,0.09,0.09,13.95,8.04,86.01,5.49,,
MRSH,2026-10-10,Financial,Insurance Brokers,83870000000.0,21.51,15.39,1.77,3.0,5.53,17.59,25.72,6.7299999999999995,11.19,,24.29,14.23,7.16,9.3,8.7,16.42,9.45,1.47,1.34,1.14,1.14,2.15,0.1,94.52,1.33,,
MRTN,2026-10-10,Industrials,Trucking,1040000000.0,82.26,19.62,,1.21,1.36,964.06,1.6500000000000001,1.3,1.65,5.18,0.88,1.47,30.16,137.81,,-23.85,0.21,0.0,0.0,2.5,2.5,1.8799999999999997,29.37,75.79,5.47,,
MRVL,2026-10-10,Technology,Semiconductors,241390000000.0,90.65,37.89,0.6,25.54,13.02,139.53,16.52,10.97,11.05,51.42,16.81,27.93,48.32,72.47,63.03,,22.51,0.3,0.29,3.17,2.62,0.09,0.52,82.52,2.76,,
MS,2026-10-10,Financial,Capital Markets,298440000000.0,15.35,13.88,1.03,2.32,2.8,6.97,17.95,1.33,3.97,,20.1,15.17,24.81,7.42,13.53,9.56,17.76,4.69,3.37,1.4,,2.27,24.08,63.85000000000001,1.22,,
MSA,2026-10-10,Industrials,Security & Protection Services,6970000000.0,22.47,18.13,1.7,3.58,4.99,19.68,23.66,12.19,15.41,48.33,22.3,16.13,14.75,9.52,10.67,17.57,6.82,0.46,0.45,3.24,2.02,1.19,6.35,91.79,2.88,,
MSCI,2026-10-10,Financial,Financial Data & Stock Exchanges,41080000000.0,30.91,25.14,1.8,12.32,,26.04,,24.75,35.46,77.19,55.66,40.74,13.96,14.16,13.95,17.11,13.08,,,0.89,0.89,1.46,3.63,95.58,2.77,,
MSEX,2026-10-10,Utilities,Utilities - Regulated Water,1010000000.0,20.62,19.29,2.62,4.88,1.93,,9.77,3.5000000000000004,5.21,40.23,29.220000000000002,23.22,12.85,4.01,7.36,1.54,6.58,0.84,0.76,0.5,0.41,2.7,2.47,84.32,4.4,,
MSFT,2026-10-10,Technology,Software - Infrastructure,3973190000000.0,29.82,22.76,1.23,11.97,8.98,59.31,34.04,19.42,24.22,67.94,46.78,40.31,14.29,19.03,18.55,17.38,14.57,0.29,0.25,1.23,1.22,0.73,1.54,76.71,0.84,,
MSGS,2026-10-10,Communication Services,Entertainment,9690000000.0,1293.99,,,8.4,,167.63,,0.48,0.94,27.47,2.68,0.67,-369.16,-100.78,,,22.65,,,0.5,0.5,,34.44,68.6,10.65,,
MSI,2026-10-10,Technology,Communication Equipment,73510000000.0,34.99,23.16,2.04,6.01,27.51,27.46,91.98,11.97,18.51,49.31,25.290000000000003,17.44,15.15,8.29,11.34,18.67,9.52,3.6,3.32,1.08,0.84,1.04,0.38,91.89,1.96,,
MSM,2026-10-10,Industrials,Industrial Distribution,7230000000.0,31.34,23.59,1.28,1.85,5.1,32.89,16.59,9.3,15.06,40.81,8.8,5.91,23.33,18.38,18.36,-4.6,3.38,0.39,0.08,1.55,0.72,2.7,18.31,84.57,5.38,,
MTB,2026-10-10,Financial,Banks - Regional,31410000000.0,11.48,10.35,0.93,2.37,1.24,8.67,10.72,1.4,7.29,,28.809999999999995,21.69,13.49,8.88,11.15,11.33,16.66,0.65,0.49,0.33,,2.83,0.35,93.44,3.54,,
MTCH,2026-10-10,Communication Services,Internet Content & Information,9430000000.0,14.51,12.73,0.89,2.69,,8.26,,17.91,21.35,71.47,28.15,20.17,16.9,16.0,14.36,2.63,7.84,,,1.72,1.72,1.6,0.8100000000000002,108.46000000000001,5.01,,
MTD,2026-10-10,Healthcare,Diagnostics & Research,31060000000.0,34.89,29.97,2.93,7.51,2421.94,35.95,,25.61,44.02,58.35,28.410000000000004,21.91,10.79,9.23,10.22,11.04,5.47,164.74,159.49,1.12,0.78,,0.74,106.13999999999999,3.56,,
MTDR,2026-10-10,Energy,Oil & Gas E&P,6720000000.0,9.32,6.02,0.44,1.75,1.14,,12.809999999999999,5.84,7.13,45.69,35.62,18.85,39.34,12.26,13.59,,33.72,0.71,0.71,0.65,0.62,2.81,7.33,97.78,12.85,,
MTG,2026-10-10,Financial,Insurance - Specialty,5630000000.0,8.57,7.98,2.3,4.71,1.13,7.96,13.919999999999998,10.95,12.51,,76.96,59.20000000000001,3.6,5.63,3.47,19.5,0.24,0.13,0.13,3.02,,2.52,1.49,100.61,5.11,,
MTH,2026-10-10,Consumer Cyclical,Residential Construction,3830000000.0,12.29,10.41,2.25,0.71,0.76,9.23,6.38,4.3,4.77,18.03,7.139999999999999,6.11,-23.57,16.37,4.62,2.91,5.41,0.38,0.37,11.04,1.71,3.27,3.53,104.07,6.35,,
MTN,2026-10-10,Consumer Cyclical,Resorts & Casinos,5200000000.0,35.25,22.39,1.03,1.83,21.63,20.98,44.37,2.61,4.18,30.56,15.620000000000001,5.2,36.84,15.67,21.7,5.65,8.25,14.19,13.69,0.79,0.67,6.09,1.7399999999999998,133.13,19.5,,
MTRN,2026-10-10,Basic Materials,Other Industrial Metals & Mining,5840000000.0,65.35,33.01,1.36,2.78,5.87,180.56,9.46,4.99,6.05,15.5,6.19,4.3,30.12,20.04,24.31,36.67,8.72,0.51,0.5,2.94,1.29,0.2,1.81,99.47,2.97,,
MTSI,2026-10-10,Technology,Semiconductors,25210000000.0,106.16,38.88,0.91,21.66,16.36,123.52,17.18,11.61,14.99,55.02,18.11,20.7,58.85,54.02,42.55,-1.16,12.78,0.27,0.04,2.34,1.78,,6.87,96.82,4.79,,
MTUS,2026-10-10,Basic Materials,Steel,828570000.0,113.0,14.36,,0.68,1.2,,1.17,0.72,1.15,8.2,0.61,0.66,133.11,61.45,,53.91,6.87,0.02,0.01,1.75,0.88,,15.36,86.85,5.71,,
MTX,2026-10-10,Basic Materials,Specialty Chemicals,1980000000.0,,9.2,,0.92,1.28,16.46,-4.21,-1.94,-2.69,24.52,13.37,-3.1300000000000003,6.93,17.15,,,5.38,0.62,0.62,1.43,1.0,0.83,1.45,102.42999999999999,2.76,,
MTZ,2026-10-10,Industrials,Engineering & Construction,17079999999.999998,33.87,17.19,0.49,1.06,4.84,69.76,15.39,4.93,7.77,10.05,5.21,3.07,41.73,33.24,35.19,2.97,17.73,0.93,0.83,1.4,1.37,,21.29,74.88,7.27,,
MU,2026-10-10,Technology,Semiconductors,1162150000000.0,13.87,4.93,0.12,8.73,8.41,19.71,88.26,60.980000000000004,59.39,80.71,75.01,63.800000000000004,130.58,19.92,41.65,70.65,36.89,0.04,0.03,3.31,2.94,0.06,0.32,80.64,2.31,,
MUR,2026-10-10,Energy,Oil & Gas E&P,5550000000.0,19.17,11.65,0.34,1.85,1.05,18.11,5.65,2.94,4.06,28.87,21.61,9.82,135.14,3.1,33.89,,8.96,0.43,0.38,0.85,0.8,3.6000000000000005,5.95,89.02,7.68,,
MUSA,2026-10-10,Consumer Cyclical,Specialty Retail,9730000000.0,16.11,17.1,1.71,0.45,12.43,17.96,86.39,12.72,17.64,5.49,4.39,2.87,40.35,-11.41,10.02,13.01,11.47,3.53,3.47,0.92,0.54,0.48,8.93,83.87,5.32,,
MWA,2026-10-10,Industrials,Specialty Industrial Machinery,3380000000.0,15.35,13.71,2.15,2.29,3.02,18.84,21.68,12.06,14.14,37.86,20.95,15.02,19.62,0.84,6.37,21.8,8.2,0.4,0.4,4.64,3.08,1.29,0.84,97.64,3.93,,
MXL,2026-10-10,Technology,Semiconductors,8720000000.0,,35.67,0.3,15.33,17.99,2634.76,-21.32,-12.31,-16.62,55.74,-11.6,-18.24,464.52,54.03,120.2,-3.21,-0.46,0.31,0.29,1.78,1.15,,6.04,82.89,5.74,,
MYRG,2026-10-10,Industrials,Engineering & Construction,4850000000.0,29.56,21.56,0.65,1.21,6.43,25.09,24.71,10.14,20.58,12.37,5.52,4.13,61.98,18.5,33.39,16.7,10.23,0.09,0.06,1.4,1.4,,1.87,101.44999999999999,4.38,,
MZTI,2026-10-10,Consumer Defensive,Packaged Foods,2710000000.0,14.23,13.69,4.72,1.4,2.57,13.15,18.64,12.93,14.87,24.65,11.54,9.91,-1.41,7.75,2.9,6.21,5.64,0.24,0.22,1.56,0.67,4.18,30.380000000000003,71.77,11.37,,
NABL,2026-10-10,Technology,Information Technology Services,874640000.0,,10.69,1.45,1.64,1.09,12.36,-0.66,-0.38,-0.43,76.28,2.57,-1.0,-0.18,11.21,7.4,-34.58,10.93,0.54,0.53,1.28,1.28,,64.33,40.32,5.89,,
NATL,2026-10-10,Technology,Software - Application,3380000000.0,17.76,8.54,0.51,0.77,7.28,21.55,48.16,3.42,5.91,25.46,12.45,4.44,16.14,11.74,16.68,,,6.33,6.15,1.03,0.83,,1.59,96.68,5.06,,
NAVI,2026-10-10,Financial,Credit Services,854370000.0,,9.37,,0.29,0.36,2.51,-1.9799999999999998,-0.1,-0.12,92.41,78.94,-1.6399999999999997,318.19,27.3,,,-2.83,18.49,16.73,0.9,0.9,7.03,1.76,104.85,12.58,,
NBHC,2026-10-10,Financial,Banks - Regional,1680000000.0,15.95,9.61,0.86,2.61,1.01,11.57,6.45,0.86,4.88,,18.73,15.1,-1.85,31.44,11.22,0.05,10.67,0.21,0.2,0.04,,3.38,7.86,94.31,4.81,,
NBIX,2026-10-10,Healthcare,Drug Manufacturers - Specialty & Generic,14480000000.0,20.87,14.75,0.39,4.29,3.92,17.83,22.09,15.259999999999998,17.23,97.48,23.9,20.91,51.25,36.7,38.07,2.31,22.29,0.11,0.11,1.87,1.75,,1.16,101.19,5.83,,
NBTB,2026-10-10,Financial,Banks - Regional,2600000000.0,12.26,10.96,1.12,2.74,1.34,10.59,11.42,1.33,10.2,,29.359999999999996,22.59,9.29,9.36,9.75,6.99,12.86,0.24,0.08,0.08,,3.06,1.41,68.86,5.32,,
NCLH,2026-10-10,Consumer Cyclical,Travel Services,7150000000.0,9.84,9.63,,0.7,2.78,,36.73,3.34,4.38,31.819999999999997,15.810000000000002,7.490000000000001,-26.92,4.89,-3.61,,50.33,6.21,5.75,0.2,0.17,,1.11,104.51000000000002,21.32,,
NDAQ,2026-10-10,Financial,Financial Data & Stock Exchanges,52350000000.0,27.29,20.02,1.33,6.01,4.39,26.83,16.54,6.819999999999999,9.39,57.02,30.78,22.6,18.4,13.51,15.07,10.65,7.98,0.78,0.75,1.01,1.01,1.28,21.6,76.1,1.75,,
NDSN,2026-10-10,Industrials,Specialty Industrial Machinery,18280000000.0,33.2,25.31,2.26,6.13,5.59,25.25,17.76,9.29,11.42,55.28999999999999,26.93,18.63,16.59,8.63,11.19,14.81,5.65,0.56,0.49,1.82,1.18,1.02,5.76,79.02,2.76,,
NE,2026-10-10,Energy,Oil & Gas Drilling,6760000000.0,45.79,19.59,0.26,2.2,1.51,30.54,3.2799999999999994,2.01,2.35,16.55,12.64,4.88,-17.79,292.6,75.51,,27.79,0.42,0.42,1.91,1.91,4.72,20.07,83.89,11.22,,
NEE,2026-10-10,Utilities,Utilities - Regulated Electric,161410000000.0,17.36,17.64,2.03,5.75,2.83,52.96,17.23,4.31,5.96,35.8,26.76,33.12,8.57,8.92,8.68,17.36,9.21,1.93,1.73,0.53,0.44,3.2099999999999995,0.3,87.23,2.85,,
NEM,2026-10-10,Basic Materials,Gold,124170000000.0,14.88,11.3,0.58,4.91,3.54,12.76,25.53,15.24,21.12,56.39999999999999,53.98,33.98,35.49,11.73,19.6,12.75,14.12,0.16,0.16,2.55,2.01,0.88,0.11,81.9,1.52,,
NEO,2026-10-10,Healthcare,Diagnostics & Research,2100000000.0,,48.22,0.86,2.74,2.66,,-6.329999999999999,-3.7800000000000002,-4.22,41.74,-7.03,-6.77,54.55,82.84,55.85,,10.35,0.57,0.56,3.6,3.34,,1.92,113.45,11.23,,
NEOG,2026-10-10,Healthcare,Medical Devices,2590000000.0,,28.44,1.62,2.93,1.24,52.0,-2.67,-1.68,-1.96,37.01,0.01,-6.35,0.0,30.21,17.57,,13.19,0.37,0.37,3.9,2.92,,0.96,109.68,5.48,,
NEU,2026-10-10,Basic Materials,Specialty Chemicals,8220000000.000001,19.23,,,3.0,4.47,17.35,25.019999999999996,12.67,15.64,31.489999999999995,20.04,15.740000000000002,,,,12.52,6.27,0.51,0.5,2.25,1.23,1.34,16.88,65.92,7.67,,
NFG,2026-10-10,Energy,Oil & Gas Integrated,7480000000.0,10.94,10.53,3.75,3.17,1.91,33.64,19.58,7.15,9.01,40.86,36.82,28.6,5.24,2.72,2.81,,9.09,0.91,0.91,3.2,3.07,2.77,1.44,84.03,5.39,,
NFLX,2026-10-10,Communication Services,Entertainment,292720000000.0,22.15,18.51,0.86,6.0,9.71,26.25,49.54,24.47,31.11,49.53,30.25,27.99,42.18,5.6,21.52,32.98,12.61,0.55,0.46,1.14,1.14,,0.71,84.69,1.99,,
NGVT,2026-10-10,Basic Materials,Specialty Chemicals,2400000000.0,46.26,11.56,0.81,2.07,51.29,15.45,30.070000000000004,1.48,4.92,39.04,24.59,4.77,17.66,12.76,14.28,,-0.8,26.36,23.03,1.61,1.15,,1.32,102.68000000000002,4.29,,
NHC,2026-10-10,Healthcare,Medical Care Facilities,3560000000.0,25.52,,,2.29,3.17,24.27,13.08,9.05,12.35,53.410000000000004,-7.51,9.04,,,,23.0,9.68,0.03,0.01,1.86,1.83,1.15,18.79,65.88,6.42,,
NHI,2026-10-10,Real Estate,REIT - Healthcare Facilities,3180000000.0,18.77,20.09,10.92,7.32,2.03,14.21,10.92,5.89,5.85,52.55,45.3,38.27,28.94,-17.1,1.84,-6.14,3.07,0.81,0.81,3.93,3.93,5.71,2.39,78.41,4.99,,
NI,2026-10-10,Utilities,Utilities - Regulated Gas,19550000000.0,21.59,18.1,1.95,2.84,2.04,,9.78,2.52,3.58,59.160000000000004,27.02,13.170000000000002,8.05,9.71,9.28,,7.25,1.82,1.63,0.5,0.41,2.95,0.37,98.54,3.5,,
NIC,2026-10-10,Financial,Banks - Regional,3410000000.0,18.49,12.02,0.85,4.82,1.51,19.69,8.91,1.27,6.52,,34.41,21.77,19.42,15.51,14.13,11.39,21.3,0.04,0.04,0.11,,0.8699999999999999,8.91,63.29,5.83,,
NJR,2026-10-10,Utilities,Utilities - Regulated Gas,5200000000.0,14.18,14.9,3.75,2.32,1.96,,14.45,4.79,6.09,24.49,24.49,16.37,8.84,-4.0,3.97,14.21,0.81,1.47,1.28,0.66,0.45,3.7599999999999993,0.56,80.42,4.92,,
NKE,2026-10-10,Consumer Cyclical,Footwear & Accessories,51560000000.0,16.64,22.94,,1.12,3.38,24.49,21.56,8.23,12.99,43.34,8.82,6.74,-39.07,18.24,-3.89,-10.02,0.84,0.73,0.56,2.07,1.39,4.49,20.89,66.68,8.45,,
NLY,2026-10-10,Real Estate,REIT - Mortgage,13790000000.0,4.59,5.87,4.62,1.78,0.91,15.56,19.48,2.31,5.43,99.87,105.32,36.02,5.96,0.83,1.27,,35.16,7.38,2.21,0.04,0.04,16.09,0.2,62.16,3.2,,
NMIH,2026-10-10,Financial,Insurance - Specialty,3010000000.0,7.87,7.27,1.51,4.12,1.11,7.03,15.43,10.52,12.66,,73.24,54.1,7.02,4.53,4.83,18.26,10.27,0.15,0.15,3.39,,,2.08,100.36,2.99,,
NNN,2026-10-10,Real Estate,REIT - Retail,7720000000.0,19.83,19.16,12.77,8.1,1.73,11.48,8.72,4.1,4.22,67.0,61.44,40.28,-0.62,2.12,1.5,11.14,6.99,1.12,1.04,0.11,0.11,6.07,0.8699999999999999,100.49999999999999,3.85,,
NOC,2026-10-10,Industrials,Aerospace & Defense,68290000000.00001,15.24,15.82,2.07,1.59,3.82,18.73,26.96,8.97,13.16,20.06,10.72,10.48,9.84,5.05,7.63,8.86,2.66,0.95,0.91,1.15,1.05,2.02,0.24,85.62,1.61,,
NOG,2026-10-10,Energy,Oil & Gas E&P,2640000000.0,,5.94,,1.22,1.32,,-22.05,-8.43,-10.3,33.57,29.64,-22.54,-11.06,2.48,-3.75,,45.25,1.37,1.37,0.8,0.8,8.01,2.91,103.25,20.86,,
NOV,2026-10-10,Energy,Oil & Gas Equipment & Services,6760000000.0,72.82,14.91,0.27,0.78,1.09,12.03,1.5,0.84,1.13,21.42,6.909999999999999,1.1,136.98,37.68,55.02,,7.56,0.37,0.36,2.42,1.61,2.07,0.71,103.8,7.54,,
NOVT,2026-10-10,Technology,Scientific & Technical Instruments,5340000000.0,90.3,32.35,,5.19,3.31,47.19,5.11,3.38,3.34,41.9,11.65,6.0,12.26,18.23,,2.97,10.67,0.18,0.14,4.57,3.79,,0.71,120.44,13.7,,
NOW,2026-10-10,Technology,Software - Application,145650000000.0,87.97,28.08,1.39,9.89,11.64,31.8,14.24,6.22,8.9,74.77,13.58,11.34,16.03,23.18,20.16,70.18,24.05,0.68,0.5,0.65,0.65,,0.9000000000000001,84.21,2.9,,
NPK,2026-10-10,Industrials,Aerospace & Defense,1080000000.0,25.31,,,1.99,2.63,40.93,10.9,8.82,10.19,16.17,9.33,7.86,,,,-7.05,7.38,0.02,0.02,5.22,0.97,0.66,26.58,66.01,3.3,,
NPO,2026-10-10,Industrials,Specialty Industrial Machinery,6590000000.0,151.91,28.61,1.76,5.39,4.15,39.48,2.86,1.7500000000000002,2.04,42.78,15.47,3.6000000000000005,21.22,13.53,16.21,,1.26,0.37,0.36,2.28,1.43,0.4099999999999999,0.67,100.44999999999999,2.59,,
NRG,2026-10-10,Utilities,Utilities - Independent Power Producers,22700000000.0,28.56,9.75,0.59,0.69,5.4,65.22,23.77,2.65,3.17,12.97,5.47,2.36,10.16,24.53,16.66,14.08,27.88,4.83,4.51,0.97,0.89,1.79,4.67,96.28,3.07,,
NSC,2026-10-10,Industrials,Railroads,71380000000.0,27.13,22.16,2.77,5.69,4.39,43.76,16.97,5.9,8.17,32.11,32.11,21.0,3.22,11.21,7.99,10.22,4.47,1.02,0.98,0.83,0.73,1.7000000000000002,0.1,78.23,3.19,,
NSIT,2026-10-10,Technology,Electronics & Computer Distribution,4800000000.0,23.95,12.35,0.77,0.56,3.01,12.11,13.11,2.09,6.83,22.1,5.74,2.45,26.67,6.0,16.11,32.83,30.33,1.09,0.92,1.18,1.15,,1.36,104.52,2.32,,
NSP,2026-10-10,Industrials,Staffing & Employment Services,1860000000.0,,18.06,0.4,0.27,29.58,9.59,-18.5,-0.75,-2.97,12.25,-0.04,-0.22999999999999998,105.24,27.63,45.23,,9.7,7.84,7.84,1.11,1.11,4.93,6.76,112.18999999999998,8.29,,
NSSC,2026-10-10,Industrials,Security & Protection Services,1290000000.0,30.14,19.75,,6.39,6.77,21.82,23.93,19.49,21.93,59.209999999999994,30.47,21.27,2.39,11.7,,23.42,12.15,0.03,0.03,4.9,4.19,1.69,2.25,101.4,6.73,,
NTAP,2026-10-10,Technology,Software - Infrastructure,46580000000.0,33.47,21.3,1.39,6.3,31.09,28.23,114.82,13.74,41.3,70.54,26.039999999999996,19.18,23.0,11.32,15.38,14.47,3.84,1.69,1.3,1.24,1.16,0.9000000000000001,0.35,102.03,5.46,,
NTCT,2026-10-10,Technology,Software - Infrastructure,2960000000.0,24.81,14.05,,3.35,1.78,11.33,7.539999999999999,5.42,7.15,74.01,14.88,13.71,10.22,5.98,,37.8,0.67,0.02,0.02,1.81,1.76,,4.81,95.01,4.83,,
NTNX,2026-10-10,Technology,Software - Infrastructure,20190000000.0,14.46,27.75,1.72,7.08,28.77,24.02,37460.21,36.06,68.91,86.78,10.8,52.81,14.08,15.57,16.14,,15.4,2.17,2.11,1.71,1.71,,4.06,94.31,4.6,,
NTRS,2026-10-10,Financial,Asset Management,30770000000.0,14.44,13.14,0.78,2.02,2.46,69.11,16.93,1.27,11.82,,13.390000000000002,14.34,28.12,11.03,16.76,9.85,17.81,1.18,0.4,1.55,,2.0,1.76,87.03,2.1,,
NTST,2026-10-10,Real Estate,REIT - Retail,1780000000.0,124.02,39.73,0.54,8.09,1.13,17.71,0.96,0.52,0.47,47.22,36.89,6.32,288.19,41.44,73.52,59.27,42.16,0.9,0.9,236.55,236.55,5.09,0.67,149.63,10.03,,
NUE,2026-10-10,Basic Materials,Steel,56790000000.0,19.97,12.36,0.36,1.57,2.57,35.88,13.52,8.07,10.08,15.439999999999998,11.52,7.960000000000001,147.15,6.28,34.53,26.03,10.04,0.32,0.29,2.51,1.36,0.9000000000000001,0.62,82.73,1.94,,
NVDA,2026-10-10,Technology,Semiconductors,5525650000000.0,28.98,14.54,0.22,18.24,24.18,43.51,117.21,83.68,72.42,74.67,65.21,63.66,94.51,69.99,64.96,95.27,66.9,0.17,0.16,4.59,3.85,0.34,3.7800000000000002,72.35,1.34,,
NVR,2026-10-10,Consumer Cyclical,Residential Construction,15720000000.0,15.3,15.05,23.89,1.68,4.47,15.02,31.540000000000003,20.01,25.69,20.4,13.01,12.22,-17.88,9.34,0.63,13.67,6.51,0.31,0.31,3.38,1.21,,5.1,92.02,5.67,,
NVST,2026-10-10,Healthcare,Medical Instruments & Supplies,3690000000.0,39.96,13.83,0.92,1.29,1.2,14.89,3.06,1.69,2.05,55.86,10.61,3.3300000000000005,28.61,8.65,15.01,6.49,7.11,0.52,0.5,2.43,2.07,,2.33,117.95,7.7,,
NVT,2026-10-10,Industrials,Electrical Equipment & Parts,27100000000.0,46.25,25.43,0.78,5.61,6.8,46.91,15.75,8.51,10.65,36.97,17.4,12.28,53.81,27.76,32.76,,14.27,0.41,0.4,1.8,1.33,0.42,0.98,92.16,3.0,,
NWBI,2026-10-10,Financial,Banks - Regional,2150000000.0,14.06,10.07,1.68,2.28,1.11,15.34,8.57,0.97,6.21,,25.03,16.25,11.6,3.55,5.98,8.22,9.42,0.44,0.28,0.03,,5.45,4.98,71.7,6.6,,
NWE,2026-10-10,Utilities,Utilities - Regulated Electric,4560000000.0,26.68,18.73,3.27,2.7,1.58,,5.94,2.04,2.7,59.19,18.84,10.13,4.21,6.13,5.72,-0.79,6.09,1.24,1.19,0.83,0.58,3.61,0.72,96.55,3.22,,
NWL,2026-10-10,Consumer Defensive,Household & Personal Products,2400000000.0,,8.23,0.69,0.33,0.98,20.36,-8.59,-1.96,-2.98,35.47,8.36,-3.05,33.41,-9.85,11.95,17.8,-5.15,2.26,2.02,1.11,0.59,5.13,1.46,105.65,10.06,,
NWN,2026-10-10,Utilities,Utilities - Regulated Gas,2009999999.9999998,15.87,14.81,2.88,1.55,1.29,,8.35,2.06,3.14,43.75,35.65,9.75,5.39,4.34,5.14,3.63,10.72,1.73,1.57,0.77,0.55,4.13,0.9399999999999998,82.3,4.51,,
NWS,2026-10-10,Communication Services,Entertainment,16260000000.000002,31.16,20.82,1.44,1.8,2.04,20.2,6.619999999999999,3.6900000000000004,5.05,51.5,12.64,6.35,11.96,16.39,14.48,13.03,-0.72,0.34,0.33,1.62,1.51,0.63,80.18,15.06,3.78,,
NWSA,2026-10-10,Communication Services,Entertainment,16260000000.000002,28.35,18.94,1.31,1.8,1.86,20.2,6.619999999999999,3.6900000000000004,5.05,51.5,12.64,6.35,11.96,16.39,14.48,13.03,-0.72,0.34,0.33,1.62,1.51,0.69,33.32,72.88,3.05,,
NX,2026-10-10,Industrials,Building Products & Equipment,838160000.0,18.41,9.27,,0.45,1.12,9.23,6.2,2.3,2.94,21.29,5.96,2.43,-20.98,8.53,-0.44,,16.63,1.13,1.07,2.23,1.21,1.7500000000000002,8.08,108.57,6.86,,
NXPI,2026-10-10,Technology,Semiconductors,57370000000.0,19.42,12.51,0.59,4.35,5.04,20.23,28.38,11.46,13.92,55.15,28.7,22.56,27.72,20.53,21.06,112.19,7.33,0.96,0.88,2.04,1.36,1.95,0.13,98.41,2.69,,
NXRT,2026-10-10,Real Estate,REIT - Residential,496380000.0,,,,1.96,1.99,5.97,-9.78,-1.7000000000000002,-1.73,56.06,11.11,-12.6,-21.92,-35.29,-17.5,,4.18,5.83,5.83,2.6,2.6,10.96,18.79,80.84,9.07,,
NXST,2026-10-10,Communication Services,Broadcasting,4970000000.0,30.81,9.02,0.07,0.85,2.2,6.69,7.339999999999999,1.14,1.19,40.64,18.01,2.83,926.1,-41.84,137.28,-29.63,1.91,5.34,5.17,1.56,1.56,4.58,6.93,99.95,9.65,,
NXT,2026-10-10,Technology,Solar,13070000000.0,22.32,15.08,0.97,3.6,5.11,23.9,27.22,15.53,22.89,32.99,19.7,16.36,3.74,22.31,15.56,7.19,24.38,0.02,0.02,2.69,2.43,,1.67,105.89,6.5,,
NYT,2026-10-10,Communication Services,Publishing,10700000000.0,27.68,21.31,1.88,3.59,5.23,17.17,19.72,13.570000000000002,19.19,48.59,16.82,13.19,15.55,9.51,11.35,28.48,9.63,0.0,0.0,1.58,1.58,1.35,2.16,103.76,11.64,,
O,2026-10-10,Real Estate,REIT - Retail,51270000000.0,39.63,32.37,2.75,8.44,1.3,12.82,3.2199999999999998,1.71,1.82,50.82,45.61,20.88,29.97,10.07,11.76,0.3,27.82,0.83,0.76,0.5,0.5,6.02,0.19,81.38,4.49,,
OC,2026-10-10,Industrials,Building Products & Equipment,9020000000.0,,10.09,2.38,0.92,2.39,10.06,-9.6,-3.15,-7.97,26.51,14.92,-6.81,-19.13,16.13,4.23,-11.88,7.45,1.52,1.23,1.16,0.67,2.71,1.16,106.24,3.07,,
ODFL,2026-10-10,Industrials,Trucking,37730000000.0,35.02,27.03,1.64,6.73,8.3,33.85,24.82,19.3,23.95,32.3,25.989999999999995,19.44,21.3,14.68,16.46,11.25,6.48,0.0,0.0,1.89,1.89,0.64,11.71,82.02,4.88,,
OFG,2026-10-10,Financial,Banks - Regional,2140000000.0000002,9.96,9.81,1.67,2.32,1.52,10.54,16.08,1.81,15.47,,27.43,23.99,11.22,1.14,5.87,28.35,8.68,0.41,0.01,0.11,,2.77,0.91,98.56,5.03,,
OGE,2026-10-10,Utilities,Utilities - Regulated Electric,9610000000.0,20.37,17.83,2.59,2.97,1.93,35.03,9.7,3.25,4.41,44.81,24.24,14.429999999999998,4.62,7.43,6.89,,8.96,1.17,1.12,0.77,0.47,3.6699999999999995,0.4,80.68,5.54,,
OGN,2026-10-10,Healthcare,Drug Manufacturers - General,3630000000.0,17.69,3.8,1.23,0.59,3.61,6.4,24.04,1.5700000000000003,2.2,53.09,19.41,3.4099999999999997,-8.47,8.36,3.09,-39.04,-1.0,8.5,8.43,1.95,1.44,0.58,0.64,83.39,7.27,,
OGS,2026-10-10,Utilities,Utilities - Regulated Gas,4560000000.0,15.64,14.42,2.12,1.97,1.29,,8.58,3.36,4.9,24.72,20.65,12.47,9.17,2.8,6.8,3.48,9.67,0.96,0.66,0.48,0.3,3.75,1.1,93.72,7.47,,
OHI,2026-10-10,Real Estate,REIT - Healthcare Facilities,13460000000.0,15.86,22.2,15.0,10.42,2.46,16.13,16.24,8.2,8.95,72.24,63.3,65.26,36.81,-24.63,1.48,23.4,6.42,0.75,0.75,,,6.08,0.32,82.61,5.23,,
OI,2026-10-10,Consumer Cyclical,Packaging & Containers,934250000.0,,4.19,0.61,0.15,2.44,,-142.43,-13.350000000000001,-22.28,14.37,9.79,-18.13,-68.49,187.67,6.9,,1.08,13.02,12.51,1.26,0.77,,1.7500000000000002,105.22,10.4,,
OII,2026-10-10,Energy,Oil & Gas Equipment & Services,4460000000.0,12.9,18.98,1.71,1.55,3.83,18.79,34.9,13.96,18.7,19.82,10.37,12.19,6.22,15.17,11.1,,8.78,0.71,0.61,2.18,1.9,,1.63,105.36000000000001,7.07,,
OKE,2026-10-10,Energy,Oil & Gas Midstream,56610000000.0,15.51,14.6,1.74,1.43,2.47,19.48,16.33,5.49,6.81,17.16,16.12,9.22,5.36,7.7,8.41,30.79,31.75,1.44,1.34,0.74,0.59,4.79,0.16,73.8,3.88,,
OKTA,2026-10-10,Technology,Software - Infrastructure,40580000000.0,140.23,53.43,4.54,13.21,5.82,41.45,4.31,3.17,4.21,78.13,7.68,9.63,12.24,10.59,11.77,,28.43,0.01,0.01,1.44,1.44,,4.9,94.25,4.77,,
OLED,2026-10-10,Technology,Electronic Components,3450000000.0,18.14,16.06,3.8,5.68,2.06,15.66,11.51,10.24,11.5,71.89,34.4,32.24,-17.59,11.51,4.22,12.62,8.69,0.01,0.01,8.5,6.25,2.71,8.23,96.33,10.82,,
OLLI,2026-10-10,Consumer Defensive,Discount Stores,5070000000.0,19.07,17.27,1.42,1.81,2.68,22.71,14.859999999999998,9.39,10.85,39.03,12.01,9.79,19.36,7.26,12.18,1.12,7.93,0.38,0.33,2.23,0.52,,0.34,119.56,15.52,,
OLN,2026-10-10,Basic Materials,Chemicals,1700000000.0,,29.38,,0.25,0.99,16.87,-7.59,-1.8399999999999999,-2.76,7.02,0.62,-2.08,-640.16,187.16,,32.25,3.32,1.99,1.95,1.42,0.87,5.38,0.44,100.15,12.48,,
OMC,2026-10-10,Communication Services,Advertising Agencies,20980000000.0,65.56,6.5,0.42,0.94,2.4,8.78,5.52,0.9899999999999999,1.86,17.0,14.3,1.7399999999999998,20.36,12.93,15.5,,5.57,1.18,1.18,0.92,0.92,4.4,0.97,108.86,8.85,,
OMCL,2026-10-10,Healthcare,Health Information Services,1630000000.0,42.36,17.14,1.15,1.31,1.26,11.66,3.06,1.8900000000000001,2.64,44.77,4.73,3.1300000000000003,40.05,-7.88,14.94,-43.0,5.84,0.15,0.15,1.61,1.4,,3.4000000000000004,106.54999999999998,8.26,,
ON,2026-10-10,Technology,Semiconductors,30180000000.0,49.92,17.21,0.48,4.87,4.18,20.12,8.31,4.74,5.68,37.13,18.16,10.17,36.08,40.85,35.65,-12.08,2.67,0.65,0.54,3.46,2.49,,0.68,105.37,7.76,,
ONB,2026-10-10,Financial,Banks - Regional,9400000000.0,10.95,8.51,0.64,2.29,1.13,10.0,10.61,1.22,6.84,,30.14,21.2,17.92,10.78,13.34,5.58,32.85,1.01,0.51,0.04,,2.35,11.63,86.6,6.69,,
ONTO,2026-10-10,Technology,Semiconductor Equipment & Materials,14450000000.0,110.23,25.05,0.61,12.9,7.51,57.25,6.819999999999999,4.54,3.91,49.36,19.84,11.84,64.27,44.92,41.32,34.65,12.55,0.77,0.77,9.73,8.33,,0.61,101.33000000000001,6.08,,
OPCH,2026-10-10,Healthcare,Medical Care Facilities,4650000000.0,23.51,14.92,1.42,0.82,3.69,15.32,16.0,6.2,8.39,17.87,5.86,3.6799999999999997,9.38,10.71,10.52,,13.25,1.01,0.98,1.47,0.98,,1.76,106.89999999999999,5.82,,
OPLN,2026-10-10,Consumer Cyclical,Auto & Truck Dealerships,4510000000.0,,21.11,0.99,2.17,2.87,12.98,10.11,3.7699999999999996,8.46,41.45,16.96,-4.11,16.4,20.48,21.24,-42.66,-2.43,1.57,0.37,1.17,1.17,,7.85,88.05,1.78,,
ORA,2026-10-10,Utilities,Utilities - Renewable,5470000000.0,43.56,36.51,3.15,4.6,2.11,,4.98,1.9799999999999998,2.42,27.93,19.35,10.66,15.01,-5.47,11.58,4.18,7.01,1.31,1.01,1.05,1.0,0.54,0.72,105.45,9.89,,
ORCL,2026-10-10,Technology,Software - Infrastructure,427560000000.0,22.17,12.83,0.48,5.96,6.92,,41.62,7.82,8.46,61.92999999999999,34.24,26.1,6.65,35.41,26.55,5.08,10.72,2.53,2.35,1.17,1.17,1.39,40.4,44.01,2.69,,
ORI,2026-10-10,Financial,Insurance - Property & Casualty,9220000000.0,8.36,11.61,5.58,0.95,1.52,7.2,18.57,5.09,13.62,,15.629999999999999,11.71,-5.29,10.16,2.08,14.77,4.98,0.38,0.38,0.68,,3.3000000000000003,7.73,77.76,4.95,,
ORLY,2026-10-10,Consumer Cyclical,Auto Parts,69930000000.0,27.49,23.63,2.15,3.77,,32.43,,15.960000000000003,36.31,51.64,19.56,14.27,10.68,11.28,10.98,13.58,8.91,,,0.75,0.13,,0.53,90.78,3.06,,
OSIS,2026-10-10,Technology,Electronic Components,3110000000.0,21.69,15.21,1.24,1.74,3.72,12.67,17.34,6.52,8.29,30.820000000000004,12.93,8.66,9.86,12.73,12.28,17.33,9.26,1.26,1.24,3.15,2.34,,5.64,121.50000000000001,13.87,,
OSK,2026-10-10,Industrials,Farm & Heavy Construction Machinery,7730000000.0,14.34,9.04,0.61,0.73,1.71,6.99,12.39,5.54,10.85,15.370000000000001,7.519999999999999,5.24,-1.83,30.77,14.94,16.27,8.73,0.24,0.13,1.72,0.96,1.8000000000000003,0.8,98.56,3.36,,
OSW,2026-10-10,Consumer Cyclical,Leisure,2410000000.0,30.13,18.4,1.28,2.39,4.14,30.8,14.32,11.08,12.05,11.76,9.5,8.02,14.81,13.49,14.34,,51.37,0.16,0.15,2.91,1.93,0.84,3.6900000000000004,108.31,6.02,,
OTIS,2026-10-10,Industrials,Specialty Industrial Machinery,25110000000.0,16.93,14.59,1.95,1.68,,14.66,,14.000000000000002,88.76,30.240000000000002,15.629999999999999,10.17,-0.27,11.92,7.49,10.95,2.5,,,0.83,0.75,2.65,0.1,96.85,4.51,,
OTTR,2026-10-10,Industrials,Conglomerates,3670000000.0,18.89,16.75,,2.79,1.96,,10.68,4.84,6.48,26.02,24.64,14.829999999999998,-7.25,-14.07,-15.02,22.83,7.94,0.67,0.6,1.71,1.36,2.62,9.09,71.0,12.61,,
OUT,2026-10-10,Real Estate,REIT - Specialty,5280000000.0,21.88,20.37,0.78,2.73,7.62,17.4,36.19,4.7,5.38,43.32,20.21,12.48,69.52,5.89,26.02,,8.18,5.96,5.56,0.67,0.67,4.18,3.65,102.06,5.66,,
OVV,2026-10-10,Energy,Oil & Gas E&P,17600000000.0,17.86,8.47,0.45,1.83,1.54,7.83,8.41,4.72,5.6,32.82,26.16,9.59,55.41,-3.1,18.93,,9.38,0.44,0.43,1.01,1.01,1.8900000000000001,0.57,93.64,3.85,,
OXY,2026-10-10,Energy,Oil & Gas E&P,60090000000.0,17.81,14.56,0.58,2.47,1.8,11.31,10.87,5.11,7.33,38.08,23.09,14.029999999999998,189.13,-35.4,25.26,,4.7,0.35,0.34,1.41,1.13,1.7000000000000002,0.38,84.92,2.23,,
OZK,2026-10-10,Financial,Banks - Regional,4850000000.0,7.34,7.33,2.13,1.75,0.82,6.36,11.33,1.66,9.95,,32.35,24.37,-6.25,4.55,3.45,22.32,18.77,0.11,0.11,0.07,,4.27,0.0,96.24,16.12,,
P,2026-10-10,Technology,Computer Hardware,51480000000.0,210.79,36.88,0.95,12.08,33.42,401.66,17.71,5.48,14.76,69.73,5.26,5.94,34.73,50.82,38.96,,16.81,0.15,0.11,1.44,1.39,,4.93,84.75,2.58,,
PAG,2026-10-10,Consumer Cyclical,Auto & Truck Dealerships,12880000000.0,14.45,13.97,3.46,0.4,2.21,25.91,15.64,4.98,8.66,15.61,3.39,2.81,0.12,5.25,4.04,15.94,9.24,1.61,0.78,0.98,0.21,2.14,73.24,28.139999999999997,14.08,,
PAHC,2026-10-10,Healthcare,Drug Manufacturers - Specialty & Generic,1560000000.0,15.73,9.97,1.18,1.02,4.03,157.55,29.719999999999995,6.97,8.76,33.61,13.23,6.570000000000001,8.7,9.79,8.47,12.64,12.74,2.05,1.95,2.96,1.27,1.25,48.48,52.7,4.88,,
PANW,2026-10-10,Technology,Software - Infrastructure,342560000000.0,817.13,86.14,6.33,29.84,12.41,83.29,1.7399999999999998,0.8500000000000001,1.02,65.48,5.42,2.67,9.0,16.15,13.6,,21.95,0.09,0.09,0.82,0.82,,0.96,84.43,2.67,,
PARR,2026-10-10,Energy,Oil & Gas Refining & Marketing,4099999999.9999995,4.78,5.8,0.63,0.48,2.04,9.36,54.74,20.33,28.53,14.510000000000002,13.309999999999999,9.94,209.87,-39.68,9.18,,19.02,0.66,0.51,1.84,0.76,,2.83,101.71999999999998,8.48,,
PATH,2026-10-10,Technology,Software - Infrastructure,7030000000.0,20.06,14.67,1.1,4.08,3.6,19.36,20.03,13.16,17.93,82.14,9.37,21.03,9.27,16.81,13.32,,21.53,0.04,0.04,2.28,2.28,,23.58,68.21,27.22,,
PATK,2026-10-10,Consumer Cyclical,Recreational Vehicles,2040000000.0,15.09,12.34,,0.52,1.8,15.95,12.950000000000001,4.68,5.42,20.62,7.02,3.74,-5.49,22.6,,6.83,9.7,1.46,1.4,2.67,0.96,2.94,4.33,113.40999999999998,18.95,,
PAYC,2026-10-10,Technology,Software - Application,10280000000.0,24.68,16.62,0.88,4.8,18.0,18.14,41.09,10.56,31.96,74.35,30.3,22.78,30.88,15.57,18.85,26.84,19.51,1.72,1.67,1.02,1.02,0.42,15.120000000000001,96.23,6.89,,
PAYO,2026-10-10,Technology,Software - Infrastructure,2420000000.0,51.59,26.13,1.04,2.24,3.7,13.34,7.06,0.6,6.89,78.58,12.47,4.65,-21.8,83.89,25.13,,24.96,0.13,0.12,1.0,1.0,,24.26,69.56,5.52,,
PAYX,2026-10-10,Technology,Software - Application,37010000000.0,20.65,16.22,2.13,5.61,9.99,18.35,47.06,11.17,21.69,71.63,44.48,27.35,8.18,7.54,7.63,10.04,9.93,1.25,1.25,1.28,1.28,4.67,10.13,85.83,5.89,,
PB,2026-10-10,Financial,Banks - Regional,7940000000.0,11.45,9.05,0.77,4.24,0.8,13.46,7.07,1.37,6.69,,40.72,29.98,1.97,25.23,11.74,0.12,6.28,0.33,0.01,0.14,,3.65,3.65,74.72,3.87,,
PBF,2026-10-10,Energy,Oil & Gas Refining & Marketing,9990000000.0,7.45,4.34,,0.29,1.56,12.78,23.55,9.77,15.49,4.39,3.17,3.94,678.4,-18.67,,34.6,14.18,0.39,0.36,1.33,0.67,1.3,13.84,89.85,11.59,,
PBH,2026-10-10,Healthcare,Drug Manufacturers - Specialty & Generic,2280000000.0,13.5,9.4,1.37,2.07,1.19,9.71,9.12,4.3,4.34,51.59,26.26,15.57,4.66,11.97,6.86,3.72,2.91,1.08,1.07,3.23,1.99,,1.47,115.47,9.95,,
PBI,2026-10-10,Industrials,Integrated Freight & Logistics,2300000000.0,13.69,9.22,0.63,1.23,,5.58,,5.99,15.09,54.08,24.0,10.04,24.07,8.76,14.63,,-11.84,,,0.73,0.69,2.16,1.58,87.64,13.82,,
PCAR,2026-10-10,Industrials,Farm & Heavy Construction Machinery,56870000000.0,22.74,14.96,0.86,2.04,2.8,19.19,12.76,5.69,7.15,15.2,10.37,9.0,18.31,21.81,17.35,12.6,8.73,0.72,0.72,2.39,2.0,2.95,1.87,76.22,2.3,,
PCG,2026-10-10,Utilities,Utilities - Regulated Electric,28920000000.0,9.58,7.3,0.79,1.12,0.89,,9.73,2.25,3.3,20.13,20.13,11.83,10.26,8.71,9.22,,6.19,1.91,1.83,1.22,1.15,1.5,0.4699999999999999,104.76999999999998,1.66,,
PCRX,2026-10-10,Healthcare,Drug Manufacturers - Specialty & Generic,1450000000.0,104.64,10.5,0.52,1.94,2.15,8.06,2.05,1.05,1.36,71.53,3.7000000000000006,1.96,9.28,19.44,20.25,-45.77,11.07,0.61,0.6,5.04,3.94,,4.21,112.87,21.15,,
PCTY,2026-10-10,Technology,Software - Application,8170000000.0,31.15,15.84,1.53,4.61,6.71,16.43,21.97,5.82,20.06,68.3,22.14,15.229999999999999,6.43,9.9,10.32,31.39,22.75,0.11,0.1,1.05,1.05,,20.77,88.02,7.13,,
PDFS,2026-10-10,Technology,Software - Application,2300000000.0,215.53,32.92,1.11,9.52,6.12,,3.27,2.26,2.35,69.7,8.15,4.27,37.58,27.77,29.68,57.47,19.99,0.19,0.18,3.41,3.41,,10.74,93.02,9.4,,
PEB,2026-10-10,Real Estate,REIT - Hotel & Motel,2160000000.0,,,,1.44,0.89,10.43,-1.8399999999999999,-0.8500000000000001,-1.03,10.9,7.449999999999999,-5.25,67.78,28.97,53.58,22.58,27.21,1.02,0.87,0.12,0.12,0.21,2.57,128.59,19.89,,
PECO,2026-10-10,Real Estate,REIT - Retail,5300000000.0,34.65,44.62,22.54,7.01,2.03,22.17,6.16,2.68,2.9,36.53,28.910000000000004,19.0,-4.19,-1.26,1.98,,6.9,1.09,1.09,182.15,182.15,3.5000000000000004,0.59,91.11,3.87,,
PEG,2026-10-10,Utilities,Utilities - Regulated Electric,36030000000.0,17.97,15.47,2.1,2.73,2.08,130.53,11.84,3.5000000000000004,5.0,26.85,26.85,15.259999999999998,7.86,6.93,7.38,2.32,5.71,1.42,1.32,0.88,0.67,3.6900000000000004,0.16,80.05,2.55,,
PEGA,2026-10-10,Technology,Software - Application,5860000000.0,20.14,13.71,1.36,3.38,10.46,11.9,54.69,23.93,52.49,75.48,11.32,18.66,15.61,7.09,10.11,,11.4,0.13,0.1,1.06,1.06,0.32,45.81,58.01,11.11,,
PEN,2026-10-10,Healthcare,Medical Devices,12580000000.0,78.44,53.33,2.42,8.36,8.22,58.27,11.37,8.8,9.3,66.72,12.45,10.67,23.74,26.06,22.07,,20.16,0.14,0.13,5.75,3.86,,2.87,87.23,5.87,,
PENG,2026-10-10,Technology,Information Technology Services,3910000000.0,58.99,14.63,0.47,2.26,8.9,,29.25,7.44,10.77,27.63,9.99,8.74,57.59,15.25,31.32,-63.71,2.9,1.17,1.1,1.88,1.25,,4.4,121.9,13.73,,
PENN,2026-10-10,Consumer Cyclical,Resorts & Casinos,2080000000.0,,10.08,,0.29,1.11,21.6,-37.4,-6.19,-7.33,28.689999999999998,6.03,-12.659999999999998,115.3,72.1,,-3.14,14.23,5.94,5.65,0.89,0.89,,1.59,105.85,12.83,,
PEP,2026-10-10,Consumer Defensive,Beverages - Non-Alcoholic,171660000000.0,15.83,14.57,3.8,1.75,7.71,16.39,52.28,9.97,16.78,54.11,15.82,11.09,3.46,2.65,3.83,3.25,5.94,2.33,1.91,0.94,0.76,4.64,0.3,82.02,1.71,,
PFBC,2026-10-10,Financial,Banks - Regional,1220000000.0,9.37,9.22,1.87,2.4,1.53,7.37,17.58,1.8000000000000003,11.55,,38.25,26.77,3.23,3.5,4.94,17.47,17.76,0.48,0.48,0.28,,3.1300000000000003,0.0,88.79,11.35,,
PFE,2026-10-10,Healthcare,Drug Manufacturers - General,161190000000.0,37.45,9.76,,2.53,1.89,14.67,4.99,2.13,2.97,64.83,26.57,6.800000000000001,-7.89,-2.3,-8.41,-3.57,8.48,0.74,0.71,1.27,0.96,6.09,0.09,69.77,2.64,,
PFG,2026-10-10,Financial,Asset Management,22960000000.0,15.22,10.39,0.99,1.46,1.9,4.73,13.23,0.49,9.47,,11.87,9.93,15.27,8.27,10.48,0.8,1.17,0.36,0.36,0.4,,3.08,0.78,81.87,3.88,,
PFGC,2026-10-10,Consumer Defensive,Food Distribution,14950000000.0,41.47,14.01,0.68,0.22,3.02,14.52,7.670000000000001,1.9299999999999997,2.92,10.73,1.37,0.53,24.48,19.56,20.49,49.63,17.42,1.59,1.51,1.51,0.67,,1.79,101.39,3.2,,
PFS,2026-10-10,Financial,Banks - Regional,2880000000.0,9.22,8.55,1.19,2.04,0.99,8.22,11.14,1.25,8.2,,30.47,22.15,10.22,5.11,7.17,9.89,25.93,0.99,0.31,0.02,,4.35,5.81,76.54,4.79,,
PG,2026-10-10,Consumer Defensive,Household & Personal Products,351260000000.0,22.84,20.47,4.82,4.04,6.59,23.19,30.25,12.75,20.69,50.86999999999999,23.86,18.1,1.22,5.95,4.25,3.79,2.72,0.65,0.43,0.68,0.47,2.9,0.07,72.73,1.05,,
PGNY,2026-10-10,Healthcare,Healthcare Plans,2140000000.0000002,30.34,18.38,0.49,1.63,4.77,12.01,16.24,10.65,16.53,24.57,8.55,6.0,97.85,18.2,37.58,6.78,30.17,0.06,0.05,2.14,2.14,,2.86,103.17,6.83,,
PGR,2026-10-10,Financial,Insurance - Property & Casualty,126350000000.0,10.9,13.38,,1.39,3.68,7.92,34.94,10.09,28.03,,16.56,12.85,0.97,-10.87,-3.87,14.75,15.5,0.24,0.22,0.74,,4.59,0.27,90.36,1.18,,
PH,2026-10-10,Industrials,Specialty Industrial Machinery,121390000000.0,33.79,24.48,2.36,5.65,7.87,31.09,25.08,12.09,16.33,37.89,21.95,16.97,9.66,11.0,10.35,16.37,8.42,0.57,0.45,1.26,0.74,0.83,0.19,91.3,1.16,,
PHIN,2026-10-10,Consumer Cyclical,Auto Parts,2120000000.0,16.58,8.44,0.55,0.59,1.37,8.48,8.52,3.49,5.33,21.16,8.82,3.73,19.71,15.34,15.4,,27.49,0.69,0.64,1.81,1.34,2.04,2.04,103.66,10.61,,
PHM,2026-10-10,Consumer Cyclical,Residential Construction,21020000000.0,11.45,10.18,2.44,1.28,1.62,13.63,14.899999999999999,10.64,12.76,25.040000000000003,15.57,11.62,-9.24,9.17,4.17,16.53,9.42,0.19,0.15,5.28,0.48,0.88,0.67,97.81,4.41,,
PI,2026-10-10,Technology,Semiconductors,5790000000.0,,67.65,3.12,15.6,25.02,91.98,-12.869999999999997,-5.17,-6.14,52.28,-1.8000000000000003,-7.26,-0.83,33.97,21.65,30.45,21.05,1.15,0.9,3.28,2.29,,2.64,107.89999999999999,9.08,,
PII,2026-10-10,Consumer Cyclical,Recreational Vehicles,2940000000.0,,15.07,,0.39,3.51,22.87,-25.759999999999998,-4.92,-9.18,19.56,1.76,-3.5000000000000004,31509.4,9.02,,,0.35,2.46,2.39,1.2,0.47,5.22,6.509999999999999,90.61,9.23,,
PINS,2026-10-10,Communication Services,Internet Content & Information,12120000000.0,62.37,8.88,0.45,2.66,4.18,9.47,6.460000000000001,4.9,6.09,79.47,6.27,5.46,26.5,19.1,19.58,,20.06,0.41,0.41,3.81,3.81,,14.71,93.63,9.33,,
PIPR,2026-10-10,Financial,Capital Markets,4610000000.0,15.13,11.95,1.13,2.18,3.21,7.93,23.62,14.34,22.39,93.74,23.06,14.49,4.06,18.36,10.6,42.22,8.74,0.13,0.0,0.82,0.82,3.34,3.5000000000000004,88.25,4.07,,
PJT,2026-10-10,Financial,Capital Markets,3510000000.0,28.49,15.77,1.55,1.86,11.26,5.3,83.23,12.21,27.83,,21.02,10.58,9.14,14.26,10.16,8.69,10.24,1.34,1.3,2.28,2.28,0.73,2.53,89.57,7.3,,
PK,2026-10-10,Real Estate,REIT - Hotel & Motel,3050000000.0,,26.7,,1.2,0.99,36.8,-5.02,-1.9799999999999998,-2.87,18.34,11.92,-6.45,131.92,24.47,,25.27,24.43,1.33,0.85,0.28,0.28,6.660000000000001,8.57,108.78000000000002,17.77,,
PKG,2026-10-10,Consumer Cyclical,Packaging & Containers,20540000000.0,29.96,16.77,1.21,2.15,4.41,27.66,14.790000000000001,6.849999999999999,7.67,20.11,12.629999999999999,7.21,6.5,31.17,13.9,12.11,6.19,0.94,0.92,2.94,1.86,2.3,3.39,98.89,3.45,,
PLAB,2026-10-10,Technology,Semiconductor Equipment & Materials,1750000000.0,10.47,14.45,5.12,2.02,1.35,15.82,13.720000000000002,8.82,12.89,33.65,22.47,19.04,0.0,1.99,2.82,34.53,6.85,0.0,0.0,4.94,4.61,,3.9,94.46,7.26,,
PLD,2026-10-10,Real Estate,REIT - Industrial,125510000000.0,28.83,37.1,10.51,13.66,2.25,28.69,7.91,4.24,4.69,44.51,38.58,45.73,3.37,-5.16,3.53,12.73,14.64,0.69,0.67,0.89,0.89,3.3099999999999996,0.25,111.94999999999999,1.95,,
PLMR,2026-10-10,Financial,Insurance - Property & Casualty,3440000000.0,17.56,11.61,0.73,3.15,3.49,8.1,22.23,8.13,15.91,,24.87,18.61,28.0,11.97,15.83,96.55,39.05,0.3,0.3,1.2,,0.69,2.67,94.85,2.95,,
PLNT,2026-10-10,Consumer Cyclical,Leisure,3620000000.0,16.28,13.12,1.17,2.57,,13.85,,7.77,10.56,39.32,30.95,16.88,5.89,12.5,11.23,,26.63,,,1.56,1.54,,0.58,115.16,12.83,,
PLTR,2026-10-10,Technology,Software - Infrastructure,502360000000.0,178.14,90.97,1.37,81.61,51.39,149.59,38.42,31.679999999999996,30.21,84.8,42.8,49.0,113.12,43.78,66.5,,32.58,0.02,0.02,7.23,7.23,,8.04,62.75999999999999,2.52,,
PLUS,2026-10-10,Technology,Software - Application,2430000000.0,19.48,15.67,7.19,0.99,2.28,44.44,12.16,6.94,11.73,24.2,6.88,5.12,1.58,8.77,2.18,11.99,9.47,0.0,0.0,2.02,1.81,1.11,2.14,95.3,5.41,,
PLXS,2026-10-10,Technology,Electronic Components,7000000000.0,38.73,25.87,1.69,1.52,4.58,113.1,12.58,5.5,11.28,9.58,4.53,4.03,16.98,16.78,15.33,9.78,3.53,0.2,0.08,1.49,0.72,,1.41,101.71,3.51,,
PM,2026-10-10,Consumer Defensive,Tobacco,313580000000.0,28.92,21.97,2.22,7.39,,24.65,,15.86,32.1,65.33,37.32,25.55,11.24,9.19,9.89,7.09,7.15,,,0.98,0.55,2.99,0.21,85.55,1.14,,
PMT,2026-10-10,Real Estate,REIT - Mortgage,641810000.0,5.15,5.38,0.39,0.34,0.49,,8.94,0.79,1.2,92.54,81.85,6.619999999999999,2.78,34.49,13.94,29.31,3.52,12.37,6.5,0.04,0.04,21.74,1.22,76.95,13.25,,
PNC,2026-10-10,Financial,Banks - Regional,87450000000.0,12.06,10.18,0.78,2.45,1.51,8.96,12.47,1.29,5.89,,26.27,20.32,14.53,13.32,13.07,-0.44,13.2,1.36,1.01,0.11,,3.34,0.36,86.03,1.82,,
PNFP,2026-10-10,Financial,Banks - Regional,14200000000.0,12.91,8.19,0.51,2.73,1.01,9.83,7.6499999999999995,0.89,3.27,,23.36,15.06,22.03,12.39,15.96,14.9,20.59,0.75,0.69,0.09,,2.13,1.28,88.68,3.79,,
PNR,2026-10-10,Industrials,Specialty Industrial Machinery,8380000000.000001,13.2,10.11,2.39,2.09,2.23,12.45,17.13,9.63,11.87,41.35,21.83,16.24,-5.35,11.41,4.23,13.02,6.71,0.47,0.46,1.45,0.76,2.05,0.6,99.96,4.7,,
PNW,2026-10-10,Utilities,Utilities - Regulated Electric,11990000000.0,18.97,17.8,2.69,2.16,1.7,,9.3,2.07,2.94,27.690000000000005,23.19,11.52,-5.89,16.94,6.62,0.73,8.28,2.35,2.09,0.59,0.41,3.74,0.18,110.7,9.99,,
PODD,2026-10-10,Healthcare,Medical Devices,9380000000.0,26.82,17.57,0.75,3.07,6.6,31.93,26.02,11.31,15.96,72.16,16.88,12.29,30.86,18.42,23.28,102.14,24.53,0.67,0.65,2.45,1.8,,0.43,106.52,7.76,,
POOL,2026-10-10,Industrials,Industrial Distribution,5800000000.0,14.67,13.56,2.21,1.07,4.6,19.25,31.08,10.7,14.05,29.580000000000002,10.76,7.37,2.3,7.19,6.13,3.86,6.09,1.35,1.25,2.67,0.91,2.98,3.51,111.40999999999998,10.37,,
POR,2026-10-10,Utilities,Utilities - Regulated Electric,5340000000.0,20.09,12.68,1.71,1.59,1.27,,6.45,1.95,2.76,35.09,17.28,7.670000000000001,11.28,5.44,7.4,9.83,10.15,1.26,1.26,0.98,0.86,4.79,0.53,107.44,5.64,,
POST,2026-10-10,Consumer Defensive,Packaged Foods,3290000000.0,13.74,10.4,1.69,0.39,1.07,5.95,8.29,2.24,2.74,26.33,10.29,3.4799999999999995,5.81,-5.97,6.15,244.23,7.44,2.48,2.48,1.85,0.99,,15.27,103.37,14.95,,
POWI,2026-10-10,Technology,Semiconductors,2740000000.0,109.94,26.41,0.83,6.11,4.03,34.72,3.62,3.18,3.68,53.64,7.93,5.58,12.0,32.86,31.92,-19.63,-1.91,0.0,0.0,7.07,4.7,1.7399999999999998,1.71,112.29,9.99,,
POWL,2026-10-10,Industrials,Electrical Equipment & Parts,6990000000.0,36.76,27.88,1.5,6.04,9.25,28.66,28.249999999999996,15.590000000000002,25.19,30.010000000000005,19.79,16.49,8.71,27.83,18.53,59.82,16.32,0.0,0.0,1.97,1.82,0.56,21.29,77.98,9.49,,
PPC,2026-10-10,Consumer Defensive,Packaged Foods,6820000000.0,12.53,10.13,,0.37,1.82,22.41,14.57,5.42,8.02,9.51,6.419999999999999,2.96,-54.71,20.78,-14.43,63.8,8.88,0.83,0.81,1.36,0.62,3.6699999999999995,82.17,20.79,14.34,,
PPG,2026-10-10,Basic Materials,Specialty Chemicals,23110000000.0,14.93,12.06,1.6,1.41,2.74,16.43,19.56,7.02,10.39,37.46,13.22,9.54,4.21,9.13,7.52,9.22,2.79,0.88,0.79,1.58,1.15,2.79,0.11,92.86,2.94,,
PPL,2026-10-10,Utilities,Utilities - Regulated Electric,25770000000.0,20.34,16.16,1.96,2.74,1.71,,8.63,2.85,3.63,28.720000000000002,24.09,13.459999999999999,7.7,8.73,8.25,-3.63,10.56,1.35,1.32,0.91,0.73,3.34,0.21,93.11,4.72,,
PPLI,2026-10-10,Communication Services,Internet Content & Information,3040000000.0,7.44,36.65,,1.45,0.6,36.91,8.24,5.53,6.41,60.13,0.9199999999999999,19.79,591.43,-82.54,,,-2.84,0.28,0.27,3.69,3.69,,17.47,96.11,18.45,,
PR,2026-10-10,Energy,Oil & Gas E&P,19290000000.0,15.29,10.19,0.56,3.36,1.61,18.09,11.51,6.860000000000001,8.19,39.18,35.95,21.52,66.95,5.78,18.31,,54.23,0.26,0.26,0.62,0.62,2.78,8.95,88.51,3.72,,
PRDO,2026-10-10,Consumer Defensive,Education & Training Services,2109999999.9999998,12.25,10.84,,2.46,2.04,9.68,17.55,13.47,16.46,72.62,24.56,20.63,21.49,5.78,,6.75,4.24,0.05,0.04,4.69,4.68,1.8399999999999999,2.62,101.48000000000002,7.07,,
PRG,2026-10-10,Industrials,Rental & Leasing Services,1210000000.0,8.45,5.49,0.27,0.46,1.51,3.81,17.18,7.23,8.67,37.08,8.5,5.57,40.01,12.91,20.32,,-0.61,1.1,1.1,7.48,3.91,1.8399999999999999,3.7000000000000006,108.59,8.83,,
PRGO,2026-10-10,Healthcare,Drug Manufacturers - Specialty & Generic,2089999999.9999998,,6.28,,0.5,0.83,17.52,-48.75,-19.24,-29.22,33.32,6.419999999999999,-41.85,-20.0,9.09,-0.67,-53.83,0.8,1.37,1.36,2.32,1.32,7.670000000000001,0.44,111.40999999999998,17.55,,
PRGS,2026-10-10,Technology,Software - Infrastructure,1610000000.0,18.08,5.48,0.47,1.61,3.04,5.04,18.34,3.91,5.17,71.83,19.39,9.24,8.19,15.97,11.73,-1.14,17.2,2.39,2.37,0.8,0.8,,2.37,115.04,11.79,,
PRI,2026-10-10,Financial,Insurance - Life,8470000000.000001,11.05,10.13,1.1,2.43,3.37,9.81,32.86,6.49,18.72,,31.69,22.76,10.24,7.57,9.22,19.08,8.05,0.68,0.68,2.43,,1.7399999999999998,0.54,95.75,4.53,,
PRIM,2026-10-10,Industrials,Engineering & Construction,4500000000.0,32.9,15.96,4.52,0.62,2.8,51.15,8.89,3.04,5.22,8.62,3.03,1.92,-62.01,145.36,3.53,18.37,16.75,0.8,0.66,1.18,1.15,0.38,1.1,103.47,9.46,,
PRK,2026-10-10,Financial,Banks - Regional,3190000000.0,15.8,13.27,2.01,4.21,1.85,17.77,12.590000000000002,1.68,10.82,,33.59,25.129999999999995,15.42,2.32,6.59,7.35,6.57,0.09,0.02,0.13,,2.77,2.31,53.949999999999996,4.61,,
PRKS,2026-10-10,Consumer Cyclical,Leisure,1480000000.0,12.85,9.06,1.38,0.9,,8.99,,4.97,7.54,34.87,20.67,8.11,-5.05,24.05,6.59,,30.95,,,0.48,0.36,0.64,2.91,134.36,12.11,,
PRLB,2026-10-10,Industrials,Metal Fabrication,2240000000.0,74.76,39.3,,4.0,3.25,39.62,4.49,3.9699999999999998,4.4,45.42,7.33,5.44,33.37,7.84,,-14.26,4.18,0.0,0.0,3.64,3.43,,1.47,95.33,3.14,,
PRSU,2026-10-10,Consumer Cyclical,Travel Services,1440000000.0,37.0,28.41,0.73,2.99,2.26,,7.88,4.38,5.31,34.17,16.12,8.54,126.5,2.86,38.73,,1.72,0.45,0.45,1.61,1.47,,25.989999999999995,83.36,7.56,,
PRU,2026-10-10,Financial,Insurance - Life,39020000000.0,10.24,7.63,1.94,0.6,1.24,3.56,12.61,0.51,7.09,,7.580000000000001,5.98,-0.13,2.91,3.93,,1.28,1.1,0.75,2.28,,4.95,0.19,65.7,4.35,,
PRVA,2026-10-10,Healthcare,Health Information Services,2660000000.0,96.75,49.98,1.06,1.13,3.37,20.51,3.84,2.04,3.56,9.52,1.9,1.19,43.08,61.99,46.98,-9.67,21.04,0.01,0.01,1.62,1.62,,7.109999999999999,92.95,4.89,,
PSA,2026-10-10,Real Estate,REIT - Industrial,54160000000.0,27.64,29.27,6.39,11.07,10.52,18.93,22.03,10.06,10.92,48.63,45.75,37.74,12.29,-2.12,4.58,7.46,10.6,1.11,1.04,0.67,0.67,4.15,9.68,84.38,3.95,,
PSMT,2026-10-10,Consumer Defensive,Discount Stores,5210000000.0,32.46,26.79,1.72,0.92,3.74,70.69,12.06,6.74,9.58,17.63,4.56,2.76,14.73,14.01,15.6,13.55,9.62,0.23,0.18,1.28,0.53,0.8199999999999998,16.67,91.58,6.99,,
PSN,2026-10-10,Technology,Information Technology Services,4810000000.0,31.18,13.17,1.76,0.77,1.83,15.63,6.12,2.66,3.72,21.96,5.4,2.5,-23.47,41.07,7.48,17.69,10.18,0.63,0.61,1.66,1.66,,1.56,103.56,5.26,,
PSX,2026-10-10,Energy,Oil & Gas Refining & Marketing,111000000000.0,15.83,10.01,0.22,0.72,3.52,17.36,24.01,8.98,14.09,7.919999999999999,5.9,4.62,359.18,-6.06,44.81,,15.72,0.65,0.6,1.32,1.0,1.83,0.13,81.28,1.38,,
PTC,2026-10-10,Technology,Software - Application,21120000000.0,18.8,21.81,2.98,7.15,6.2,22.61,35.25,19.32,24.48,82.89,39.78,41.67,2.36,8.9,7.31,40.15,13.44,0.46,0.45,1.02,1.02,,0.31,105.5,5.06,,
PTCT,2026-10-10,Healthcare,Biotechnology,5400000000.0,,26.1,,5.35,,,,-1.3,-8.39,89.0,11.57,-3.8,-84.24,102.15,-18.99,,35.37,,,3.39,3.28,,3.11,121.09,11.34,,
PTEN,2026-10-10,Energy,Oil & Gas Drilling,4310000000.0,,37.06,,0.92,1.39,24.27,-2.79,-1.6399999999999997,-2.06,4.86,-0.71,-1.92,95.55,3171.76,,43.59,33.83,0.41,0.41,1.75,1.57,3.54,2.38,112.68,8.24,,
PTGX,2026-10-10,Healthcare,Biotechnology,9300000000.0,138.59,,,32.98,11.05,71.22,10.98,10.34,9.77,99.45,20.69,29.4,327.82,-109.28,,-1.26,9.96,0.01,0.01,21.71,21.71,,5.39,114.69,15.27,,
PTON,2026-10-10,Consumer Cyclical,Leisure,2250000000.0,46.55,15.57,0.49,0.92,,5.95,,3.02,4.21,51.34000000000001,8.71,2.58,130.34,1.99,31.49,,-9.47,,,2.84,2.58,,6.06,90.04,16.32,,
PVH,2026-10-10,Consumer Cyclical,Apparel Manufacturing,3750000000.0,,6.53,0.98,0.42,0.78,5.25,-3.5000000000000004,-1.47,-1.97,59.03,8.55,-1.8900000000000001,6.07,3.08,6.67,,4.64,0.87,0.79,1.65,0.93,0.19,1.6,111.86,10.78,,
PWR,2026-10-10,Industrials,Engineering & Construction,106130000000.0,80.85,35.78,1.22,3.23,11.01,44.39,15.17,5.51,8.6,13.68,6.41,4.03,55.73,17.85,29.34,17.25,20.52,0.69,0.6,1.1,1.05,0.06,1.14,92.5,2.15,,
PYPL,2026-10-10,Financial,Credit Services,47500000000.0,10.49,9.6,1.68,1.38,2.42,7.21,24.5,6.03,15.62,40.86,18.94,14.27,1.41,7.37,5.73,8.84,9.24,0.72,0.58,1.29,1.29,0.61,0.12,79.54,3.5,,
PZZA,2026-10-10,Consumer Cyclical,Restaurants,650200000.0,24.8,14.62,4.3,0.33,,26.39,,3.2199999999999998,6.24,15.689999999999998,4.69,1.34,-16.51,13.13,3.4,-6.79,2.52,,,0.83,0.71,4.81,1.82,114.87,20.66,,
Q,2026-10-10,Technology,Semiconductor Equipment & Materials,26490000000.0,45.33,23.54,1.06,5.08,3.65,32.1,6.4399999999999995,4.36,5.0,42.3,21.71,11.25,35.9,18.12,22.26,,,0.62,0.61,2.01,1.5,0.19,0.2,79.92,2.19,,
QCOM,2026-10-10,Technology,Semiconductors,187410000000.0,20.31,17.33,6.19,4.25,6.71,17.99,33.75,16.5,22.9,54.230000000000004,23.5,21.01,-12.4,-3.92,2.8,2.08,13.48,0.55,0.46,2.02,1.26,2.07,0.72,81.36,3.33,,
QDEL,2026-10-10,Healthcare,Medical Devices,920280000.0,,9.3,,0.34,0.52,,-45.91,-17.34,-23.49,37.68,-1.16,-39.21,-63.55,86.7,-4.28,,10.42,1.73,1.51,1.39,0.76,,0.9000000000000001,121.99,22.0,,
QLYS,2026-10-10,Technology,Software - Infrastructure,7000000000.0,35.06,23.9,2.95,9.93,12.48,22.3,38.59,19.92,34.02,83.56,35.04,29.28,10.79,8.14,8.11,19.39,13.07,0.09,0.08,1.38,1.38,,1.06,108.31,9.59,,
QNST,2026-10-10,Communication Services,Advertising Agencies,900120000.0,11.23,8.41,0.4,0.7,2.75,7.04,28.65,14.099999999999998,20.41,11.27,3.2799999999999994,6.280000000000001,25.17,17.67,21.18,26.73,17.47,0.24,0.23,1.22,1.22,,7.26,94.11,10.32,,
QRVO,2026-10-10,Technology,Semiconductors,10070000000.0,26.49,13.92,,2.76,2.9,15.51,11.56,6.69,7.95,48.47,18.17,10.95,8.38,8.08,,-10.54,-1.74,0.45,0.45,3.54,2.68,,1.21,90.72,5.3,,
QTWO,2026-10-10,Technology,Software - Application,3650000000.0,42.03,16.92,0.78,4.32,5.68,17.13,14.980000000000002,7.82,13.61,56.99000000000001,10.44,10.87,13.52,19.46,21.59,,14.56,0.06,0.05,0.8,0.8,,3.2099999999999995,109.55,8.13,,
R,2026-10-10,Industrials,Rental & Leasing Services,9150000000.0,19.61,13.54,0.78,0.71,3.18,13.32,16.6,3.03,5.4,19.35,8.18,3.82,13.53,20.12,17.38,,8.51,2.94,2.15,0.65,0.65,1.5,3.65,92.0,2.39,,
RAL,2026-10-10,Technology,Electronic Components,8100000000.0,,21.83,1.6,3.7,5.28,24.71,-53.900000000000006,-27.750000000000004,-45.95,46.87,12.61,-56.38000000000001,6.31,17.23,13.65,,,0.75,0.75,1.52,1.0,0.21,0.56,103.58000000000001,4.86,,
RAMP,2026-10-10,Technology,Software - Infrastructure,2280000000.0,15.52,10.76,,2.74,2.34,11.42,16.05,12.31,15.46,70.82,12.920000000000002,18.57,29.96,18.31,,,12.91,0.03,0.02,2.66,2.66,,4.36,101.38000000000001,14.69,,
RBA,2026-10-10,Industrials,Specialty Business Services,15890000000.0,36.82,17.95,2.66,3.28,2.85,26.24,8.08,3.93,4.68,35.06,17.81,9.0,8.73,9.97,6.74,5.57,27.23,0.75,0.71,1.31,1.22,1.54,0.22,99.93,8.92,,
RBC,2026-10-10,Industrials,Tools & Accessories,15950000000.0,49.77,30.24,2.23,8.16,4.61,41.4,9.75,6.419999999999999,7.58,41.96,25.180000000000003,16.4,20.67,11.4,13.56,20.5,25.17,0.25,0.22,2.53,0.98,,1.63,99.85,1.87,,
RCL,2026-10-10,Consumer Cyclical,Travel Services,75490000000.0,17.43,13.89,0.98,4.04,7.37,,45.34,10.58,13.7,39.09,27.089999999999996,23.54,13.68,14.25,14.2,,52.02,2.3,2.14,0.18,0.16,1.91,6.509999999999999,80.54,4.53,,
RCUS,2026-10-10,Healthcare,Biotechnology,3110000000.0,,,,26.57,6.68,,-90.82,-46.02,-81.42,92.31,-415.38000000000005,-393.16,-8.41,3.83,10.21,-7.95,26.08,0.25,0.22,3.82,3.82,,33.26,68.76,15.43,,
RDN,2026-10-10,Financial,Insurance - Specialty,4490000000.0,8.72,6.59,1.28,2.73,0.94,3.23,12.03,5.65,9.68,,51.11,32.6,8.89,6.25,5.16,15.63,-3.64,0.26,0.15,1.13,,6.2,1.92,95.65,5.15,,
RDNT,2026-10-10,Healthcare,Diagnostics & Research,5580000000.0,,79.97,1.92,2.46,5.09,77.11,-2.08,-0.55,-0.66,4.63,4.63,-0.93,31.87,72.41,41.72,3.18,13.74,1.99,1.9,1.48,1.48,,10.52,103.93,13.29,,
REG,2026-10-10,Real Estate,REIT - Retail,13190000000.0,24.31,28.46,,8.14,1.98,31.71,8.21,4.3,4.56,44.3,37.27,33.46,-11.36,1.28,-2.49,60.48,7.48,0.8,0.77,1.91,1.91,4.22,0.52,103.32,3.64,,
REGN,2026-10-10,Healthcare,Biotechnology,76860000000.0,18.45,12.0,0.75,4.95,2.43,20.44,14.04,10.83,12.85,81.46,26.87,27.860000000000003,29.1,8.75,16.1,6.33,11.04,0.09,0.06,3.34,2.78,0.4699999999999999,3.7800000000000002,91.8,2.17,,
RELY,2026-10-10,Technology,Software - Infrastructure,5110000000.0,17.37,22.61,0.36,2.82,4.53,14.83,32.25,22.32,26.42,60.03000000000001,10.36,16.85,350.85,-23.65,62.18,,44.79,0.03,0.02,3.18,3.18,,8.57,85.5,10.34,,
RES,2026-10-10,Energy,Oil & Gas Equipment & Services,1320000000.0,59.48,21.75,2.24,0.74,1.19,33.81,1.95,1.47,1.87,13.8,3.1,1.2,9.6,0.0,9.7,,22.14,0.05,0.03,3.34,2.76,2.68,50.74000000000001,42.33,13.51,,
REX,2026-10-10,Basic Materials,Chemicals,1400000000.0,11.54,,,2.03,2.07,20.37,19.77,15.49,17.63,21.89,15.22,17.56,,,,98.48,11.72,0.03,0.02,6.88,6.45,,13.38,80.66,2.92,,
REXR,2026-10-10,Real Estate,REIT - Industrial,8189999999.999999,,24.3,1.69,8.29,1.11,36.07,-4.78,-3.17,-3.6,45.94,39.41,-40.53,-238.95,226.52,14.4,11.2,24.39,0.45,0.44,1.49,1.49,4.77,0.37,107.39000000000001,5.44,,
REYN,2026-10-10,Consumer Cyclical,Packaging & Containers,4640000000.0,13.47,13.1,5.35,1.23,2.01,14.5,15.479999999999999,6.94,8.78,25.120000000000005,14.13,9.11,-1.72,4.22,2.45,-4.22,2.66,0.71,0.7,1.8,0.71,4.16,74.12,31.19,13.14,,
REZI,2026-10-10,Industrials,Industrial Distribution,2590000000.0,7.55,9.05,1.83,0.34,1.02,,15.2,4.94,6.25,27.940000000000005,8.34,4.56,-1.6,2.88,4.93,,8.06,1.3,1.27,2.22,1.41,,12.590000000000002,89.16,7.09,,
RF,2026-10-10,Financial,Banks - Regional,23030000000.0,10.99,9.47,0.93,2.42,1.32,12.95,11.9,1.39,9.51,,30.03,22.6,13.35,8.06,10.16,17.43,8.44,0.4,0.25,0.1,,4.18,0.3,87.24,7.47,,
RGA,2026-10-10,Financial,Insurance - Reinsurance,16719999999.999998,11.25,8.58,0.68,0.64,1.22,3.22,11.71,1.05,7.77,,8.8,5.8,30.03,0.98,12.59,22.91,10.18,0.42,0.42,,,1.5,0.34,100.51999999999998,1.46,,
RGEN,2026-10-10,Healthcare,Medical Instruments & Supplies,11040000000.0,236.99,66.05,2.51,14.06,4.65,100.22,1.9900000000000002,1.42,1.49,48.79,9.03,5.29,20.38,27.87,26.33,-4.91,15.05,0.33,0.32,9.05,7.64,,5.56,104.89,12.64,,
RGLD,2026-10-10,Basic Materials,Gold,20020000000.0,25.75,18.25,0.81,12.94,2.64,34509.07,13.55,11.33,9.24,66.77,62.970000000000006,47.7,42.96,23.5,22.63,17.16,15.62,0.05,0.05,2.92,2.68,0.8199999999999998,0.26,84.82,2.64,,
RH,2026-10-10,Consumer Cyclical,Specialty Retail,2210000000.0,20.81,13.43,0.51,0.64,18.4,8.84,280.72,2.27,2.74,44.29,10.38,3.2300000000000004,-19.67,72.36,26.26,-8.73,3.84,34.14,32.79,1.1,0.33,,18.17,105.32999999999998,34.18,,
RHI,2026-10-10,Industrials,Staffing & Employment Services,3470000000.0,29.53,17.21,0.74,0.66,2.88,16.15,9.11,4.03,8.31,35.39,0.2,2.17,-5.34,56.58,23.2,-13.28,1.03,0.2,0.14,1.46,1.46,6.25,3.7900000000000005,124.42,19.98,,
RHP,2026-10-10,Real Estate,REIT - Hotel & Motel,8210000000.000001,29.54,23.92,1.5,2.99,10.03,11.86,35.12,4.42,5.57,21.59,19.87,9.91,10.46,20.73,15.94,,37.49,5.52,5.52,0.98,0.98,4.03,2.9,94.22,5.12,,
RITM,2026-10-10,Real Estate,REIT - Mortgage,4820000000.0,14.38,3.7,3.39,0.82,0.7,,5.44,0.95,1.04,87.93,42.32,5.72,-2.46,1.99,1.09,,31.34,4.53,4.04,0.66,0.66,11.57,0.51,61.84,6.19,,
RJF,2026-10-10,Financial,Asset Management,30470000000.0,13.81,11.03,0.67,1.8,2.4,15.5,18.46,2.57,12.98,88.12,18.58,13.55,13.68,18.5,16.49,21.52,14.17,0.46,0.4,1.98,1.98,1.36,10.53,80.92,3.81,,
RL,2026-10-10,Consumer Cyclical,Apparel Manufacturing,22100000000.0,23.41,17.68,1.43,2.65,8.13,21.19,37.54,12.76,17.95,67.69,16.67,11.76,14.05,11.0,12.34,,13.02,1.1,1.01,2.04,1.42,1.03,38.37,68.06,6.39,,
RLI,2026-10-10,Financial,Insurance - Property & Casualty,5110000000.0,11.71,20.29,,2.58,2.92,9.89,25.16,8.22,21.21,,28.660000000000004,22.17,-17.39,-4.2,-6.9,20.32,13.86,0.18,0.18,0.31,,6.619999999999999,1.42,96.06,9.73,,
RMBS,2026-10-10,Technology,Semiconductors,11660000000.0,49.19,28.54,1.18,15.41,7.95,38.91,17.79,15.560000000000002,16.17,74.46,35.95,31.69,21.6,23.9,24.26,,23.5,0.01,0.01,9.75,9.08,,0.9399999999999998,93.36,4.45,,
RMD,2026-10-10,Healthcare,Medical Instruments & Supplies,32350000000.0,22.04,17.3,1.87,5.72,5.04,19.61,24.27,17.77,21.39,60.25,34.01,26.94,8.28,9.95,9.24,26.34,12.08,0.13,0.08,3.1,2.42,1.15,0.97,74.68,9.18,,
RNG,2026-10-10,Technology,Software - Application,6620000000.0,63.13,14.18,1.15,2.56,,11.62,,7.380000000000001,16.05,72.02,7.429999999999999,4.27,15.44,11.1,12.29,,16.27,,,0.87,0.87,0.28,13.140000000000002,104.76999999999998,9.81,,
RNR,2026-10-10,Financial,Insurance - Reinsurance,13770000000.0,5.69,7.99,1.88,1.24,1.25,3.82,22.9,5.24,18.3,,40.36,23.09,17.55,-9.74,4.25,29.62,19.9,0.2,0.2,0.72,,0.49,2.31,98.22,3.12,,
RNST,2026-10-10,Financial,Banks - Regional,3570000000.0,11.69,9.92,0.38,2.27,0.92,9.05,8.21,1.17,6.73,,26.75,20.04,82.68,3.97,26.25,6.93,14.91,0.29,0.21,0.18,,2.45,2.01,91.01,5.94,,
ROCK,2026-10-10,Industrials,Building Products & Equipment,1090000000.0,,7.59,0.6,0.75,1.22,25.5,6.24,2.82,-6.67,25.45,10.94,-10.43,-3.23,27.33,12.62,,1.92,1.54,1.54,1.46,0.91,,1.43,105.80000000000001,7.13,,
ROG,2026-10-10,Technology,Electronic Components,2630000000.0,84.83,32.67,0.93,3.16,2.19,31.81,2.6,2.16,2.55,32.44,9.01,3.75,53.35,23.12,34.96,,0.2,0.02,0.02,3.99,3.03,,1.19,101.62,2.85,,
ROIV,2026-10-10,Healthcare,Biotechnology,25600000000.0,,,,3399.62,6.05,,-6.21,-5.15,-6.15,43.37,-18146.12,-3534.96,-154.96,4.98,5.61,34.68,-19.07,0.03,0.02,16.72,16.72,,27.42,76.37,7.5,,
ROK,2026-10-10,Industrials,Specialty Industrial Machinery,48040000000.0,40.55,29.01,1.75,5.35,13.76,31.94,34.47,10.76,18.94,49.18,14.45,13.36,25.67,12.68,16.54,-2.65,5.68,1.03,0.81,1.08,0.74,1.25,0.21,92.69,3.31,,
ROKU,2026-10-10,Communication Services,Entertainment,22700000000.0,65.3,38.88,0.34,4.36,8.03,44.88,13.119999999999997,8.02,11.07,45.5,5.25,6.819999999999999,396.58,34.17,113.02,,21.65,0.17,0.14,2.86,2.77,,11.85,77.87,7.39,,
ROL,2026-10-10,Consumer Cyclical,Personal Services,15390000000.0,29.03,24.78,2.64,3.92,10.76,24.85,37.01,16.27,24.28,49.06,18.91,13.55,7.4,10.22,9.4,15.44,11.72,0.78,0.53,0.59,0.54,2.33,36.01,60.65999999999999,8.89,,
ROP,2026-10-10,Technology,Software - Application,36010000000.0,15.09,14.9,1.5,4.35,1.93,13.73,13.07,7.32,8.55,69.53,27.97,30.240000000000002,11.09,9.95,9.95,9.58,10.24,0.61,0.57,0.55,0.51,0.9899999999999999,0.38,106.04,4.64,,
ROST,2026-10-10,Consumer Cyclical,Apparel Retail,71050000000.0,26.87,24.69,1.69,2.9,10.54,25.46,42.63,17.45,25.35,28.64,12.72,10.85,27.98,6.49,14.63,93.97,12.67,0.7,0.56,1.61,0.98,0.8,2.14,96.38,3.26,,
RPM,2026-10-10,Basic Materials,Specialty Chemicals,12460000000.0,18.1,14.79,1.61,1.56,3.58,17.66,21.04,8.5,11.83,41.17,12.82,8.63,6.9,11.81,9.21,5.96,5.19,0.79,0.67,1.76,1.16,2.31,1.29,86.04,2.97,,
RRC,2026-10-10,Energy,Oil & Gas E&P,9560000000.0,11.28,10.34,0.6,2.92,2.03,14.04,19.45,11.72,15.16,38.0,32.08,26.280000000000005,36.06,-3.1,17.12,,10.95,0.22,0.2,0.65,0.65,0.9399999999999998,1.56,102.95999999999998,11.38,,
RRR,2026-10-10,Consumer Cyclical,Resorts & Casinos,5200000000.0,17.52,16.95,0.81,2.59,17.11,26.94,90.22,4.02,4.48,51.35999999999999,28.58,8.43,47.89,7.77,20.93,,11.21,21.25,21.04,0.68,0.63,3.61,20.88,90.83,8.4,,
RRX,2026-10-10,Industrials,Specialty Industrial Machinery,10990000000.0,34.0,12.88,0.93,1.81,1.59,23.84,4.76,2.34,2.79,37.99,12.12,5.35,9.81,20.89,13.88,-1.99,15.34,0.69,0.68,2.28,1.16,0.74,0.53,110.49,5.64,,
RS,2026-10-10,Basic Materials,Steel,20550000000.0,23.41,16.71,1.08,1.3,2.78,38.09,12.21,8.25,9.58,26.450000000000003,7.88,5.65,67.26,0.97,15.47,19.85,10.16,0.27,0.26,4.3,2.27,1.24,0.45000000000000007,83.27,2.49,,
RSG,2026-10-10,Industrials,Waste Management,66410000000.0,30.72,26.83,3.2,3.93,5.52,25.03,18.15,6.38,8.5,30.260000000000005,20.02,12.94,3.61,11.13,8.39,17.78,10.32,1.19,1.14,0.64,0.62,1.18,38.37,61.02000000000001,2.55,,
RSI,2026-10-10,Consumer Cyclical,Gambling,4380000000.0,63.74,22.61,0.55,3.2,11.79,24.11,20.72,4.78,16.29,31.86,10.09,2.33,67.29,35.05,41.0,,32.43,0.08,0.06,2.12,2.12,,2.99,111.05000000000001,8.99,,
RTX,2026-10-10,Industrials,Aerospace & Defense,250640000000.0,32.75,23.46,2.01,2.68,3.78,21.97,12.02,4.54,7.76,20.35,10.68,8.28,15.4,9.21,11.65,,9.35,0.59,0.5,1.01,0.78,1.54,0.04,82.37,1.01,,
RUN,2026-10-10,Technology,Solar,1840000000.0,5.14,13.74,,0.53,0.53,,12.619999999999997,1.82,2.23,32.12,2.46,11.65,-28.62,-54.45,-29.63,,26.24,4.36,4.2,1.42,1.0,,3.51,111.9,30.43,,
RUSHA,2026-10-10,Consumer Cyclical,Auto & Truck Dealerships,5520000000.0,20.15,14.57,0.74,0.76,2.23,10.67,11.83,5.66,9.46,18.72,5.13,3.6699999999999995,12.45,24.66,19.57,19.13,9.44,0.64,0.2,1.45,0.38,1.17,22.52,83.36,7.04,,
RVTY,2026-10-10,Healthcare,Diagnostics & Research,17200000000.0,73.22,26.19,3.08,5.91,2.38,30.83,3.2099999999999995,1.94,2.38,48.19,15.45,8.18,5.88,9.88,8.51,-20.4,-5.47,0.46,0.38,1.8,1.5,0.18,0.4699999999999999,99.92,5.67,,
RXO,2026-10-10,Industrials,Trucking,4800000000.0,,45.25,,0.79,3.18,,-6.79,-3.15,-4.92,16.42,-0.22999999999999998,-1.72,440.88,371.36,,,11.33,0.48,0.42,1.27,1.27,,0.8100000000000002,110.46000000000001,8.82,,
RYAN,2026-10-10,Financial,Insurance Brokers,9470000000.0,54.32,15.21,1.35,2.94,8.82,19.21,17.69,0.88,2.34,,20.48,3.07,10.57,12.32,11.3,-6.16,24.67,7.47,7.3,1.0,1.0,1.38,12.65,97.65,12.28,,
RYN,2026-10-10,Real Estate,REIT - Specialty,5680000000.0,42.13,30.25,4.02,5.86,1.09,23.39,2.02,1.38,1.07,24.22,14.940000000000001,7.829999999999999,-24.79,46.34,7.52,10.22,,0.36,0.36,3.56,2.18,5.68,2.37,90.68,4.87,,
SABR,2026-10-10,Technology,Software - Infrastructure,766810000.0,1.15,10.91,,0.27,,,,-1.76,23.97,56.18,13.63,25.14,-13.65,482.94,,,15.74,,,1.02,1.02,,20.05,86.02,8.58,,
SAFE,2026-10-10,Real Estate,REIT - Diversified,849800000.0,7.42,7.17,,2.05,0.35,23.0,4.83,1.59,1.62,90.61,75.76,28.07,-1.89,3.39,-1.37,,3.63,1.94,1.94,,,5.97,31.379999999999995,66.67,6.71,,
SAFT,2026-10-10,Financial,Insurance - Property & Casualty,1520000000.0,22.34,15.38,1.71,1.19,1.74,8.67,7.84,3.09,7.34,,6.49,5.33,-28.32,62.65,9.01,-6.11,8.6,0.07,0.07,0.65,,3.54,2.23,81.31,3.05,,
SAH,2026-10-10,Consumer Cyclical,Auto & Truck Dealerships,1910000000.0,9.65,8.32,1.49,0.12,1.87,,20.62,3.44,6.61,14.66,3.29,1.37,1.9,8.17,5.57,,9.18,4.56,2.12,1.01,0.25,2.57,65.92,46.33,21.93,,
SAIA,2026-10-10,Industrials,Trucking,8980000000.0,32.48,23.65,1.0,2.65,3.29,35.19,10.77,7.739999999999999,9.37,10.75,10.75,8.19,24.92,25.11,23.73,12.85,12.16,0.1,0.09,1.58,1.58,,0.29,107.1,4.46,,
SAIC,2026-10-10,Technology,Information Technology Services,5640000000.0,15.73,11.73,1.74,0.76,3.94,9.11,25.739999999999995,7.15,9.25,12.65,7.82,5.13,0.62,6.17,6.74,16.68,0.58,1.88,1.86,1.2,1.2,1.11,0.97,87.21,5.85,,
SAM,2026-10-10,Consumer Defensive,Beverages - Brewers,1750000000.0,,16.83,4.86,0.91,2.46,8.52,-8.61,-5.55,-9.51,48.88,5.41,-3.64,-9.78,13.57,3.46,-8.62,2.47,0.04,0.03,1.05,0.81,,27.74,85.73,21.36,,
SANM,2026-10-10,Technology,Electronic Components,11660000000.0,38.92,15.61,0.42,0.91,4.55,19.62,12.7,4.12,6.51,8.98,5.49,2.41,100.3,15.15,37.5,17.69,3.15,0.95,0.85,1.78,1.06,,5.28,92.6,3.32,,
SARO,2026-10-10,Industrials,Aerospace & Defense,6670000000.0,20.76,11.36,0.32,1.06,2.42,30.51,12.3,4.86,6.15,13.489999999999998,9.75,5.12,86.0,15.0,35.92,,14.89,0.93,0.91,2.13,1.59,,26.3,89.18,11.5,,
SBAC,2026-10-10,Real Estate,REIT - Specialty,19360000000.0,19.65,21.91,,6.74,,41.0,,8.8,21.91,63.74999999999999,53.7,34.51,-21.41,8.17,-2.2,115.18,6.21,,,0.17,0.17,2.74,0.7,102.16000000000001,3.15,,
SBCF,2026-10-10,Financial,Banks - Regional,3070000000.0,20.19,11.49,0.68,2.98,1.13,14.7,5.85,0.84,3.89,,24.52,14.429999999999998,37.85,8.94,16.82,1.78,21.99,0.43,0.31,0.04,,2.42,1.8500000000000003,91.49,5.41,,
SBH,2026-10-10,Consumer Cyclical,Specialty Retail,1490000000.0,8.27,7.1,0.86,0.4,1.72,6.17,23.53,6.83,8.66,52.06000000000001,8.55,5.16,8.74,8.42,8.25,13.82,1.04,1.74,1.55,2.37,0.57,,1.37,122.17,20.08,,
SBRA,2026-10-10,Real Estate,REIT - Healthcare Facilities,4840000000.0,72.9,24.87,2.89,5.64,1.76,12.8,2.4,1.21,1.21,37.4,18.8,7.62,-31.87,74.83,8.62,-0.96,5.48,0.96,0.96,2.05,2.05,6.34,1.83,104.3,7.94,,
SBSI,2026-10-10,Financial,Banks - Regional,900200000.0,11.89,9.32,0.65,2.09,1.02,7.11,8.99,0.89,6.87,,21.26,17.64,42.2,-1.28,14.32,-1.5,8.27,1.86,0.25,0.16,,4.78,5.02,57.440000000000005,3.47,,
SBUX,2026-10-10,Consumer Cyclical,Restaurants,103450000000.0,52.33,28.79,1.39,2.7,,28.41,,6.4,16.54,16.53,10.01,5.17,23.18,20.13,20.71,15.7,9.59,,,0.76,0.54,2.78,0.21,87.9,3.69,,
SCHL,2026-10-10,Communication Services,Publishing,710600000.0,27.6,15.98,,0.45,1.08,,7.380000000000001,3.08,5.11,52.99,1.46,3.6000000000000005,-24.6,71.28,,,4.0,0.78,0.69,1.25,0.71,2.59,22.14,94.79,13.73,,
SCHW,2026-10-10,Financial,Capital Markets,167230000000.0,17.58,12.05,0.49,5.69,3.8,,20.27,2.07,13.96,85.03,49.7,33.1,33.17,23.79,24.46,17.02,17.98,0.74,0.44,1.16,1.16,1.32,5.73,85.64,1.17,,
SCI,2026-10-10,Consumer Cyclical,Personal Services,10480000000.0,20.06,16.73,1.71,2.4,6.84,19.58,34.71,2.89,8.09,26.030000000000005,22.42,12.3,8.84,9.73,9.76,5.7,4.18,3.45,3.32,0.53,0.49,1.82,2.06,97.27,3.41,,
SCL,2026-10-10,Basic Materials,Specialty Chemicals,1390000000.0,,16.54,,0.57,1.14,37.93,-0.22,-0.11,-0.18,11.81,3.32,-0.11,47.8,37.17,,-17.78,4.52,0.58,0.24,1.15,0.77,2.59,5.0,88.19,3.06,,
SCSC,2026-10-10,Technology,Electronics & Computer Distribution,1230000000.0,16.68,10.7,,0.38,1.35,10.78,8.68,4.2,7.78,12.85,3.18,2.44,14.09,17.67,,15.37,0.47,0.12,0.11,1.76,1.15,,2.97,108.50999999999999,5.21,,
SDGR,2026-10-10,Healthcare,Health Information Services,2040000000.0,,,,7.88,6.2,,-16.18,-8.18,-12.92,56.87,-59.24,-20.98,-13.66,11.6,13.73,-28.1,18.81,0.33,0.28,2.71,2.71,,15.380000000000003,84.33,16.01,,
SEDG,2026-10-10,Technology,Solar,1980000000.0,,40.51,,1.49,4.81,22.02,-58.42,-11.28,-33.54,22.08,-9.97,-20.29,83.9,307.49,,,-4.09,0.99,0.96,2.03,1.38,,1.73,96.74,18.82,,
SEIC,2026-10-10,Financial,Asset Management,12570000000.0,18.48,14.82,0.94,5.12,5.03,18.5,29.220000000000002,23.76,27.68,85.33,29.48,28.809999999999995,23.88,11.16,15.82,13.4,6.44,0.03,0.02,5.06,5.06,1.02,18.34,76.49,3.15,,
SEZL,2026-10-10,Financial,Credit Services,4330000000.0,27.97,19.27,0.64,8.14,18.59,13.22,88.84,40.0,45.5,74.65,40.39,30.349999999999998,46.11,27.29,30.32,,50.26,0.52,0.52,4.02,4.02,,45.46,44.53,22.98,,
SF,2026-10-10,Financial,Capital Markets,10620000000.0,12.58,9.5,0.64,1.59,2.0,14.46,16.43,2.25,12.04,87.47,21.25,13.699999999999998,20.82,16.12,14.83,7.16,10.65,0.51,0.32,1.49,1.49,1.9299999999999997,3.55,92.6,2.93,,
SFBS,2026-10-10,Financial,Banks - Regional,4200000000.0,13.1,10.9,,4.05,2.12,9.04,17.34,1.8000000000000003,15.74,,38.08,30.95,22.27,9.76,,10.1,19.54,0.83,0.03,0.1,,1.9799999999999998,6.54,74.58,6.03,,
SFM,2026-10-10,Consumer Defensive,Grocery Stores,6070000000.0,12.48,10.92,1.55,0.67,4.07,17.1,35.2,12.39,14.68,36.89,7.490000000000001,5.58,4.54,7.46,7.03,16.89,6.36,1.4,1.28,0.99,0.43,,0.73,112.45,14.5,,
SFNC,2026-10-10,Financial,Banks - Regional,3210000000.0,,9.53,0.71,5.2,0.92,6.46,-9.94,-1.36,-9.09,,-74.6,-56.67,18.74,13.28,13.36,,-8.92,0.38,0.1,0.13,,3.88,1.31,82.21,4.52,,
SGI,2026-10-10,Consumer Cyclical,"Furnishings, Fixtures & Appliances",14320000000.0,24.79,16.1,0.76,1.88,4.05,18.62,17.57,4.64,5.85,44.65,13.52,7.000000000000001,14.74,24.7,21.29,-9.69,8.68,1.99,1.82,0.75,0.37,1.09,3.36,97.1,8.44,,
SHAK,2026-10-10,Consumer Cyclical,Restaurants,2860000000.0,70.52,47.53,3.9,1.84,4.96,,7.6499999999999995,2.13,2.79,17.85,5.45,2.56,-13.88,23.82,12.2,,22.55,1.75,1.61,1.67,1.64,,4.81,91.19,9.32,,
SHC,2026-10-10,Healthcare,Diagnostics & Research,5150000000.0,31.76,16.79,1.49,4.24,7.74,46.95,27.779999999999998,5.01,5.62,53.97,36.9,13.44,14.54,9.22,11.29,,7.3,3.41,3.37,2.8,2.53,0.06,2.1,103.49,5.28,,
SHEN,2026-10-10,Communication Services,Telecom Services,576070000.0,,,,1.57,0.67,,-5.09,-2.37,-2.83,28.71,-4.49,-12.23,-24.08,26.28,17.41,,10.14,0.85,0.84,0.81,0.81,1.06,11.29,66.35,5.28,,
SHO,2026-10-10,Real Estate,REIT - Hotel & Motel,2100000000.0,50.4,49.79,0.53,2.1,1.29,21.44,2.74,1.7500000000000002,1.85,19.63,9.72,4.18,641.35,-23.39,93.54,,29.08,0.52,0.52,6.54,6.54,3.18,1.49,106.12000000000002,8.74,,
SHOO,2026-10-10,Consumer Cyclical,Footwear & Accessories,3240000000.0,22.21,16.05,0.57,1.18,3.45,14.45,16.16,7.68,11.39,44.75,9.03,5.23,29.83,25.04,28.29,,16.09,0.4,0.34,1.91,1.13,1.28,2.32,101.49,6.3,,
SHW,2026-10-10,Basic Materials,Specialty Chemicals,77530000000.0,29.44,23.6,2.47,3.18,20.12,24.13,65.12,10.28,18.41,48.26,16.53,11.01,5.86,11.83,9.55,6.86,5.12,3.9,2.79,0.73,0.46,0.93,6.45,86.17,3.04,,
SIG,2026-10-10,Consumer Cyclical,Luxury Goods,3920000000.0,12.12,7.66,0.47,0.58,2.22,7.31,19.85,6.47,12.74,38.9,7.44,5.19,22.08,17.25,16.34,,5.45,0.67,0.51,1.62,0.44,1.31,2.06,118.61,15.17,,
SIGI,2026-10-10,Financial,Insurance - Property & Casualty,5020000000.0,10.45,9.63,1.17,0.91,1.45,4.08,14.150000000000002,3.5900000000000003,10.9,,12.710000000000003,8.9,10.09,7.6,8.21,12.88,12.77,0.25,0.25,0.39,,2.12,0.86,89.35,3.15,,
SIRI,2026-10-10,Communication Services,Entertainment,8940000000.0,10.44,8.05,0.47,1.04,0.75,5.77,7.57,3.2300000000000004,4.12,40.4,22.53,10.23,33.79,10.44,17.12,50.12,1.26,0.79,0.79,0.46,0.46,4.08,7.64,84.08,12.04,,
SITM,2026-10-10,Technology,Semiconductors,18410000000.0,1241.12,41.04,0.49,39.36,15.84,217.95,1.33,0.75,0.6,58.709999999999994,0.19,3.01,250.72,32.96,84.39,-24.12,22.97,1.29,1.29,19.45,18.5,,24.93,76.43,6.67,,
SJM,2026-10-10,Consumer Defensive,Packaged Foods,12800000000.0,56.19,10.93,1.29,1.4,2.23,8.06,3.93,1.35,1.86,35.28,18.69,2.51,18.41,1.2,8.45,,2.49,1.21,1.14,0.87,0.35,3.74,2.23,89.93,4.08,,
SKT,2026-10-10,Real Estate,REIT - Retail,4030000000.0000005,32.14,31.43,11.15,6.58,5.98,20.49,19.26,4.75,5.54,43.48,30.2,20.59,3.08,9.37,2.82,,8.15,2.9,2.38,0.62,0.62,3.52,2.47,94.84,6.71,,
SKY,2026-10-10,Consumer Cyclical,Residential Construction,4320000000.0,23.3,18.77,1.72,1.62,2.75,16.31,12.18,8.91,12.06,25.47,8.93,7.16,-9.97,22.39,10.89,19.72,13.39,0.08,0.01,2.74,1.97,,1.32,111.20000000000002,5.34,,
SKYW,2026-10-10,Industrials,Airlines,3750000000.0,9.59,7.97,0.87,0.89,1.36,13.19,15.340000000000002,5.62,9.17,22.12,14.029999999999998,9.78,2.13,14.61,9.16,,13.79,0.86,0.62,0.57,0.46,,1.96,94.94,4.14,,
SLAB,2026-10-10,Technology,Semiconductors,7410000000.0,,49.26,,8.66,6.77,,-3.63,-3.16,-3.57,59.099999999999994,-2.63,-4.57,216.0,55.03,,,8.96,0.0,0.0,5.41,4.41,,2.21,93.05,7.83,,
SLB,2026-10-10,Energy,Oil & Gas Equipment & Services,72650000000.0,23.76,15.34,1.84,2.0,2.79,15.12,13.37,5.95,8.33,16.81,13.98,8.54,-15.89,29.5,8.35,,8.62,0.49,0.43,1.44,1.05,2.4,0.19,93.79,4.07,,
SLG,2026-10-10,Real Estate,REIT - Office,3700000000.0,,,,3.51,1.16,44.88,-4.43,-1.46,-1.78,33.59,11.15,-18.25,-23.86,27.92,9.56,,-0.4,1.75,1.62,1.0,1.0,5.13,7.470000000000001,95.0,17.25,,
SLGN,2026-10-10,Consumer Cyclical,Packaging & Containers,3750000000.0,13.93,8.66,1.47,0.56,1.57,10.93,11.75,2.84,4.48,17.07,9.59,4.05,2.52,7.25,5.89,-0.52,5.66,2.03,1.54,1.27,0.8,2.35,10.59,91.86,9.53,,
SLM,2026-10-10,Financial,Credit Services,4230000000.0000005,6.3,6.69,2.07,1.37,1.9,,30.329999999999995,2.53,8.84,73.55,42.43,23.39,-9.87,7.97,3.23,8.97,6.5,2.36,2.36,14.47,14.47,2.04,2.15,111.92999999999999,9.28,,
SLVM,2026-10-10,Basic Materials,Paper & Paper Products,1300000000.0,17.3,6.26,0.31,0.39,1.36,,7.9399999999999995,2.74,4.12,15.2,5.82,2.31,-56.78,240.92,20.39,-3.39,2.18,1.08,0.93,1.47,0.8,5.51,17.26,84.38,8.78,,
SM,2026-10-10,Energy,Oil & Gas E&P,8800000000.0,7.29,4.63,0.32,1.6,1.12,11.61,16.13,7.180000000000001,6.93,42.41,37.43,18.2,38.48,6.39,14.3,,22.86,0.9,0.85,0.62,0.62,2.62,0.96,98.23,5.92,,
SMCI,2026-10-10,Technology,Computer Hardware,27500000000.0,12.73,7.83,0.43,0.7,2.68,,21.26,10.0,10.2,10.82,7.090000000000001,5.62,19.5,23.27,18.32,73.16,61.48,0.64,0.5,3.87,2.07,,12.86,71.54,15.26,,
SMG,2026-10-10,Basic Materials,Agricultural Inputs,2900000000.0,43.63,10.41,0.93,0.86,,11.02,,5.35,3.81,32.31,15.03,2.19,18.23,8.37,11.18,-18.33,-3.75,,,1.21,0.78,5.36,23.52,87.42,11.97,,
SMP,2026-10-10,Consumer Cyclical,Auto Parts,819220000.0,16.43,7.51,0.92,0.45,1.14,9.39,12.67,4.38,3.81,31.480000000000004,11.02,2.78,5.47,15.17,8.18,-6.07,9.68,0.97,0.87,2.0,0.8,3.55,5.32,83.9,4.77,,
SMPL,2026-10-10,Consumer Defensive,Packaged Foods,900530000.0,,6.01,,0.65,0.63,7.54,-12.2,-8.85,-10.69,31.46,13.79,-14.279999999999998,-14.26,2.84,-2.27,8.87,12.18,0.32,0.31,4.8,3.1,,9.58,98.72,9.93,,
SMTC,2026-10-10,Technology,Semiconductors,17480000000.0,124.5,31.98,0.47,14.89,23.34,96.03,23.66,10.09,13.69,51.96999999999999,12.35,13.119999999999997,103.38,68.42,68.39,,12.03,0.7,0.5,1.7,1.31,,0.52,102.64999999999999,6.69,,
SN,2026-10-10,Consumer Cyclical,"Furnishings, Fixtures & Appliances",26060000000.0,37.8,24.37,1.44,3.77,9.17,32.39,27.529999999999998,13.720000000000002,18.7,48.56,13.88,10.06,24.38,15.56,16.96,15.96,18.37,0.32,0.31,2.08,1.45,,38.69,66.14,10.35,,
SNA,2026-10-10,Industrials,Tools & Accessories,18640000000.0,18.38,16.96,3.09,3.53,3.09,16.82,17.58,12.27,14.76,51.82,25.45,19.6,2.93,7.6,5.49,10.89,5.52,0.22,0.16,3.43,2.64,2.79,2.39,100.66,7.24,,
SNDK,2026-10-10,Technology,Computer Hardware,228620000000.0,21.7,6.04,0.11,11.29,14.68,19.89,91.64,64.43,71.85,71.47,61.58,56.46,200.36,22.96,55.92,,,0.01,0.01,2.29,1.81,,1.31,78.42,3.38,,
SNDR,2026-10-10,Industrials,Trucking,5520000000.0,49.66,18.71,0.35,0.95,1.8,26.57,3.6799999999999997,2.24,3.24,5.22,3.06,1.92,67.65,59.39,53.73,-13.15,4.5,0.13,0.13,2.03,1.94,1.27,70.26,39.88,11.68,,
SNEX,2026-10-10,Financial,Capital Markets,7390000000.0,15.87,13.84,0.65,0.05,3.88,1.0,21.15,1.16,10.43,2.95,1.6500000000000001,0.32,66.74,1.37,21.18,8.97,19.58,7.05,0.72,0.78,0.76,,11.86,84.09,4.52,,
SNPS,2026-10-10,Technology,Software - Infrastructure,97730000000.0,90.09,27.41,1.31,10.39,3.14,35.57,3.66,2.24,2.64,62.88,12.1,11.44,17.25,22.94,21.0,13.58,13.86,0.35,0.31,1.33,1.23,,5.02,90.57,2.73,,
SNX,2026-10-10,Technology,Electronics & Computer Distribution,21810000000.0,16.65,11.15,0.38,0.29,2.32,,14.790000000000001,3.5699999999999994,10.18,6.329999999999999,2.71,1.73,61.02,15.41,29.58,-0.52,25.63,0.59,0.39,1.19,0.64,0.7,7.829999999999999,93.88,2.48,,
SO,2026-10-10,Utilities,Utilities - Regulated Electric,99130000000.0,20.79,17.49,2.26,3.28,2.51,,12.659999999999998,3.0,4.25,29.220000000000002,24.18,15.43,6.78,7.28,7.74,6.75,7.86,1.95,1.77,0.79,0.58,3.53,0.11,74.56,2.55,,
SOLS,2026-10-10,Basic Materials,Specialty Chemicals,9750000000.0,46.55,18.24,0.5,2.38,6.14,,,,5.73,30.620000000000005,16.9,5.13,93.77,16.47,36.37,,,1.53,1.31,1.46,1.08,0.49,0.13,84.74,3.25,,
SOLV,2026-10-10,Healthcare,Medical Instruments & Supplies,14860000000.0,10.67,11.94,1.23,1.79,3.09,,33.96,9.78,14.97,55.21,8.48,17.26,17.21,2.13,9.72,1.23,0.47,1.1,1.0,1.02,0.74,,15.06,76.69,3.39,,
SON,2026-10-10,Consumer Cyclical,Packaging & Containers,4740000000.0,7.39,7.6,1.1,0.64,1.32,13.35,18.93,5.62,8.83,20.87,9.96,8.67,1.31,8.96,6.94,14.2,7.46,1.33,1.05,0.99,0.55,4.47,1.3,100.95999999999998,11.38,,
SONO,2026-10-10,Technology,Consumer Electronics,2040000000.0,38.79,66.38,,1.37,5.19,16.42,14.180000000000001,6.63,12.54,46.52,6.280000000000001,3.82,225.49,-59.38,,-22.55,1.7,0.14,0.12,1.61,1.18,,1.7500000000000002,101.44999999999999,12.45,,
SPG,2026-10-10,Real Estate,REIT - Retail,64519999999.99999,37.84,28.51,,9.3,14.68,17.8,135.38,12.770000000000001,15.48,57.24,47.39,25.290000000000003,-52.98,4.97,-19.26,6.99,6.7,6.64,5.79,0.51,0.51,4.51,0.98,96.62,3.12,,
SPGI,2026-10-10,Financial,Financial Data & Stock Exchanges,120230000000.0,24.83,20.17,1.81,7.46,3.82,21.57,15.17,7.980000000000001,11.05,63.43,44.58,30.53,5.91,13.21,11.17,8.69,15.56,0.5,0.41,0.95,0.95,0.95,0.25,91.23,2.2,,
SPHR,2026-10-10,Communication Services,Entertainment,3820000000.0,,,,2.82,1.72,10.64,-3.38,-1.87,-2.5,29.4,-1.52,-5.66,-434.13,4.82,,-1.7,9.84,0.41,0.38,1.21,1.18,,24.75,102.78,25.89,,
SPNT,2026-10-10,Financial,Insurance - Reinsurance,2900000000.0,6.1,8.99,1.7,0.89,1.27,12.01,23.08,5.15,17.0,,21.03,15.229999999999999,1.96,6.82,5.3,19.84,29.83,0.31,0.31,0.7,,,12.58,84.09,5.26,,
SPSC,2026-10-10,Technology,Software - Application,3050000000.0,40.83,15.89,1.3,3.94,3.26,15.33,8.26,6.94,8.27,64.93,15.83,10.1,14.85,8.58,12.23,14.36,19.17,0.01,0.01,1.82,1.82,,2.32,108.76999999999998,8.06,,
SPXC,2026-10-10,Industrials,Building Products & Equipment,8490000000.0,29.7,17.43,1.02,3.43,3.61,27.97,14.679999999999998,7.870000000000001,9.96,36.5,17.42,11.58,23.57,16.41,17.05,17.66,14.96,0.26,0.23,1.82,1.21,,3.25,95.56,3.75,,
SR,2026-10-10,Utilities,Utilities - Regulated Gas,4640000000.0,8.74,14.29,1.23,1.83,1.29,,6.5,1.8000000000000003,5.87,28.689999999999998,19.71,20.93,-9.62,36.73,11.61,24.93,5.94,2.03,1.61,0.37,0.27,4.21,2.35,91.91,5.2,,
SRE,2026-10-10,Utilities,Utilities - Diversified,53190000000.0,23.57,14.71,1.73,4.0,1.63,,7.08,2.12,3.58,31.22,25.31,16.99,9.24,7.93,8.52,-15.67,3.85,1.12,0.95,1.64,1.62,3.2400000000000007,0.11,94.55,2.04,,
SRPT,2026-10-10,Healthcare,Biotechnology,1890000000.0,,33.67,,0.95,1.23,29.1,-18.45,-7.75,-10.34,56.58,-3.15,-13.48,144.36,-83.24,,-0.05,32.41,0.68,0.68,4.42,2.62,,4.91,106.15,22.68,,
SSB,2026-10-10,Financial,Banks - Regional,9720000000.0,10.53,9.73,0.71,2.56,1.06,74.08,10.6,1.41,8.94,,33.04,25.06,20.39,8.73,13.63,29.14,26.55,0.23,0.16,0.09,,2.47,1.26,89.35,3.3,,
SSD,2026-10-10,Basic Materials,Lumber & Wood Production,7010000000.0,18.69,17.56,1.99,2.9,3.3,15.04,18.72,12.41,15.0,45.2,19.79,15.65,11.92,5.68,8.83,14.09,12.97,0.21,0.19,3.29,2.14,0.69,0.37,100.71,3.7,,
ST,2026-10-10,Technology,Scientific & Technical Instruments,6150000000.0,69.84,10.35,1.16,1.64,2.08,10.5,3.08,1.3,1.66,27.38,14.24,2.39,10.0,8.65,8.91,-27.19,4.05,0.83,0.83,2.29,1.58,1.2,1.07,107.24000000000001,5.1,,
STAA,2026-10-10,Healthcare,Medical Instruments & Supplies,1090000000.0,325.86,39.64,,3.2,2.97,,1.09,0.84,0.97,74.76,18.0,1.13,129.03,88.32,,,7.93,0.1,0.08,4.66,4.03,,39.53,73.51,12.33,,
STAG,2026-10-10,Real Estate,REIT - Industrial,6940000000.0,27.62,32.65,,7.88,1.91,72.06,6.98,3.45,3.46,43.86,37.58,28.03,-24.84,0.51,-9.16,2.07,11.82,0.96,0.96,1.78,1.78,4.29,0.14,94.89,3.96,,
STBA,2026-10-10,Financial,Banks - Regional,1690000000.0,12.79,12.0,2.16,2.95,1.21,11.75,9.87,1.42,9.51,,30.65,24.53,13.14,1.37,5.57,45.61,8.41,0.2,0.05,0.05,,3.06,1.46,74.51,6.93,,
STC,2026-10-10,Financial,Insurance - Property & Casualty,1550000000.0,11.12,7.41,0.71,0.47,0.93,10.32,8.69,4.44,5.53,,6.65,4.12,10.24,26.97,10.36,-8.24,5.01,0.46,0.46,1.15,,4.24,2.05,98.35,3.74,,
STE,2026-10-10,Healthcare,Medical Devices,20900000000.0,26.21,17.5,1.78,3.46,2.9,22.58,11.37,7.62,8.97,45.0,19.61,13.34,10.19,9.3,9.81,11.37,13.82,0.28,0.24,1.91,1.35,1.25,0.34,100.1,2.94,,
STEP,2026-10-10,Financial,Asset Management,5320000000.0,,13.07,0.65,2.59,,11.54,-750.11,-9.77,-60.35,,-53.39,-29.880000000000003,14.15,36.9,20.11,,20.01,,,0.2,0.2,4.15,6.7,96.91,7.95,,
STLD,2026-10-10,Basic Materials,Steel,34170000000.0,21.62,11.26,0.34,1.66,3.63,35.76,17.58,9.84,11.82,14.510000000000002,10.01,7.829999999999999,120.08,20.45,32.64,25.23,13.61,0.44,0.44,3.18,1.45,0.89,6.79,86.28,3.01,,
STRA,2026-10-10,Consumer Defensive,Education & Training Services,1830000000.0,13.74,9.75,0.57,1.42,1.12,10.85,8.15,6.47,7.79,49.06,15.7,10.46,16.61,17.21,17.17,7.47,4.3,0.07,0.06,1.07,1.07,2.99,3.81,109.3,6.68,,
STRL,2026-10-10,Industrials,Engineering & Construction,15690000000.0,36.96,20.23,0.49,4.56,11.6,32.56,38.54,16.11,25.92,23.0,18.27,12.55,81.99,28.06,41.12,44.26,11.77,0.25,0.23,1.11,1.11,,2.41,87.08,3.89,,
STT,2026-10-10,Financial,Asset Management,48060000000.0,15.43,11.31,0.58,2.2,1.95,,12.43,0.8699999999999999,6.4,,20.24,14.78,33.31,12.41,19.65,8.26,14.1,1.08,0.91,4.29,,2.01,0.44,94.67,1.94,,
STWD,2026-10-10,Real Estate,REIT - Mortgage,4700000000.0,21.35,6.78,1.39,2.32,0.72,6.46,3.38,0.35,0.76,82.98,73.33,10.77,-11.75,25.67,4.89,-0.11,10.58,3.65,3.44,0.39,0.39,15.109999999999998,5.81,53.11,6.7,,
STX,2026-10-10,Technology,Computer Hardware,178050000000.0,56.44,13.47,0.19,14.6,81.95,57.34,371.53,35.39,54.52,45.58,34.65,26.11,135.22,58.57,72.07,20.99,2.69,1.8,1.69,1.67,1.17,0.39,0.38,85.93,3.08,,
STZ,2026-10-10,Consumer Defensive,Beverages - Brewers,20750000000.0,11.0,,,2.25,2.43,11.28,23.92,8.85,10.88,50.78,29.75,20.9,-0.06,,2.84,0.84,1.19,1.2,1.06,1.0,0.53,3.37,12.44,87.62,6.5,,
SUPN,2026-10-10,Healthcare,Drug Manufacturers - Specialty & Generic,2480000000.0,,9.57,0.51,2.99,2.41,132.22,-10.49,-7.82,-10.36,75.83,-7.73,-13.23,-20.71,73.88,18.63,,6.68,0.04,0.03,2.08,1.84,,6.34,102.42,9.14,,
SW,2026-10-10,Consumer Cyclical,Packaging & Containers,21590000000.0,43.91,11.85,0.48,0.69,1.2,20.55,2.74,1.09,1.59,17.93,5.76,1.59,4.8,62.24,24.84,-12.44,26.24,0.79,0.73,1.45,0.96,4.44,0.4699999999999999,100.34,5.06,,
SWK,2026-10-10,Industrials,Tools & Accessories,13380000000.0,21.6,13.93,0.92,0.88,1.49,10.38,6.890000000000001,2.91,4.54,31.47,9.15,4.07,20.09,13.41,15.09,-18.72,2.99,0.53,0.53,1.43,0.55,3.8,0.31,100.14,4.83,,
SWKS,2026-10-10,Technology,Semiconductors,17950000000.0,39.55,15.26,,4.47,2.0,41.46,5.09,3.83,4.54,40.71,8.7,7.23,-15.0,-0.75,-0.24,-8.5,4.02,0.12,0.11,3.1,1.94,3.25,0.4,84.41,11.89,,
SWX,2026-10-10,Utilities,Utilities - Regulated Gas,6100000000.0,11.74,16.81,0.96,3.5,1.48,,6.59,2.27,6.89,34.19,28.68,29.830000000000002,16.84,17.38,17.53,7.97,-10.07,0.85,0.83,1.12,0.99,3.04,0.65,93.88,3.99,,
SXI,2026-10-10,Industrials,Specialty Industrial Machinery,3500000000.0,32.88,24.03,,3.93,4.55,54.39,14.29,6.65,7.99,41.65,17.13,11.74,13.96,19.1,,23.85,6.32,0.75,0.73,2.4,1.84,0.48,1.81,104.19,5.58,,
SXT,2026-10-10,Basic Materials,Specialty Chemicals,5550000000.0,35.24,26.11,1.11,3.26,4.4,1238.6,13.07,6.9,7.81,34.65,14.05,9.27,20.24,19.35,23.59,4.08,3.89,0.61,0.61,4.39,1.72,1.29,1.28,99.76,3.16,,
SYF,2026-10-10,Financial,Credit Services,23690000000.0,7.47,7.0,0.81,1.25,1.56,2.44,20.79,2.9,12.14,81.4,28.54,18.12,1.03,10.93,8.69,32.48,8.31,0.97,0.72,3.72,3.72,1.76,0.53,110.07000000000001,5.39,,
SYK,2026-10-10,Healthcare,Medical Devices,106380000000.0,28.73,16.6,1.52,4.12,4.43,22.62,16.51,7.91,9.68,62.970000000000006,24.27,14.429999999999998,9.84,11.56,10.94,14.84,11.84,0.64,0.61,2.16,1.33,1.27,5.88,82.43,1.59,,
SYNA,2026-10-10,Technology,Semiconductors,4760000000.0,,18.61,1.38,3.97,5.04,46.91,-42.23,-20.95,-36.15,45.52,-2.93,-41.0,13.83,23.53,13.53,,-2.22,0.94,0.46,1.12,0.9,,1.59,105.74,7.04,,
SYY,2026-10-10,Consumer Defensive,Food Distribution,38440000000.0,21.38,14.49,1.8,0.45,14.03,19.83,78.11,6.370000000000001,10.8,18.37,4.17,2.08,10.23,6.15,8.06,29.06,10.51,5.61,5.1,1.28,0.77,2.83,0.24,88.81,2.47,,
T,2026-10-10,Communication Services,Telecom Services,151990000000.0,7.33,8.65,0.77,1.19,1.38,8.61,20.05,5.19,8.17,43.71,21.23,16.83,10.43,9.59,11.26,,-6.06,1.47,1.39,0.87,0.83,5.0,0.12,69.3,1.82,,
TALO,2026-10-10,Energy,Oil & Gas E&P,2810000000.0,,16.03,,1.42,1.38,8.67,-17.8,-7.13,-12.09,15.839999999999998,6.280000000000001,-20.46,258.78,-21.41,,16.33,25.32,0.66,0.65,1.61,1.61,,24.49,75.22,7.19,,
TAP,2026-10-10,Consumer Defensive,Beverages - Brewers,6990000000.0,,7.77,,0.63,0.65,5.27,-19.58,-9.01,-14.46,33.76,12.02,-20.81,-13.35,1.96,-1.8,-19.68,2.91,0.78,0.58,0.88,0.72,5.18,15.229999999999999,107.09,15.32,,
TBBK,2026-10-10,Financial,Banks - Regional,1970000000.0,9.07,6.03,0.22,2.35,2.81,12.3,29.630000000000003,2.57,25.22,,37.46,27.72,21.54,33.78,27.34,29.1,23.92,1.36,0.3,0.02,,,5.95,99.19,8.44,,
TCBI,2026-10-10,Financial,Banks - Regional,3930000000.0,11.75,10.99,1.06,1.93,1.17,8.35,10.19,1.11,8.79,,23.39,17.05,8.47,11.58,10.37,43.43,10.06,0.23,0.14,0.48,,0.66,2.42,107.64,10.58,,
TDC,2026-10-10,Technology,Software - Infrastructure,2840000000.0,6.44,10.5,1.33,1.68,4.82,3.87,119.12,26.979999999999997,71.12,61.21,7.919999999999999,27.08,4.99,7.5,7.87,3.09,-1.96,0.17,0.09,0.91,0.91,,2.99,132.27,16.05,,
TDG,2026-10-10,Industrials,Aerospace & Defense,61250000000.0,33.6,22.87,1.63,6.12,,31.78,,7.73,8.38,57.38999999999999,46.67,19.09,10.28,17.69,14.02,31.12,11.58,,,3.02,2.01,0.02,1.24,97.34,2.2,,
TDS,2026-10-10,Communication Services,Telecom Services,3610000000.0,12.32,155.07,,2.87,0.94,,10.56,4.9,6.06,31.03,-2.69,25.230000000000004,669.37,-94.16,,,-25.14,0.24,0.23,3.82,3.81,0.49,13.3,93.1,4.76,,
TDW,2026-10-10,Energy,Oil & Gas Equipment & Services,4250000000.0,17.27,13.67,2.49,3.16,3.05,16.75,19.49,11.12,12.1,28.360000000000003,17.77,18.34,-57.85,123.28,5.48,,27.78,0.47,0.46,3.58,3.47,0.28,5.92,115.51,12.73,,
TDY,2026-10-10,Technology,Scientific & Technical Instruments,28450000000.0,29.65,22.91,2.46,4.46,2.61,24.91,9.16,6.41,7.53,39.82,19.43,15.299999999999999,12.51,8.27,9.3,12.23,14.84,0.19,0.19,2.18,1.39,,0.8500000000000001,99.69,2.43,,
TECH,2026-10-10,Healthcare,Biotechnology,11360000000.0,62.55,30.49,3.82,9.35,5.37,43.17,9.03,6.950000000000001,7.63,66.03,22.42,14.97,5.33,16.91,7.98,5.97,5.47,0.14,0.13,4.55,3.35,0.44,0.55,113.83000000000001,4.74,,
TEL,2026-10-10,Technology,Electronic Components,63200000000.0,21.4,16.74,0.91,3.27,4.78,19.06,23.55,11.85,16.06,36.85,21.23,15.61,30.7,13.88,18.31,,7.24,0.43,0.42,1.88,1.23,1.31,0.11,97.96,2.53,,
TER,2026-10-10,Technology,Semiconductor Equipment & Materials,62960000000.0,55.25,34.27,0.6,14.11,18.32,78.7,36.66,26.479999999999997,32.68,59.06,30.879999999999995,25.77,132.49,27.62,57.45,-4.13,0.43,0.03,0.02,2.12,1.39,0.13,0.73,99.9,5.56,,
TEX,2026-10-10,Industrials,Farm & Heavy Construction Machinery,5790000000.0,26.29,8.51,0.75,0.87,1.17,17.08,4.21,1.76,1.91,16.25,7.04,2.17,1.86,18.52,11.32,93.56,12.0,0.55,0.54,1.82,0.93,1.29,1.8000000000000003,103.68000000000002,6.26,,
TFC,2026-10-10,Financial,Banks - Regional,31140000000.0,10.59,9.22,0.68,1.02,0.96,6.08,9.06,1.06,5.39,,22.31,18.07,22.99,6.43,13.51,4.39,4.64,1.11,0.69,0.47,,4.55,0.18,78.74,2.48,,
TFIN,2026-10-10,Financial,Banks - Regional,1490000000.0,42.39,19.08,0.3,2.76,1.63,15.37,4.12,0.56,3.59,,9.29,6.559999999999999,111.83,66.4,62.9,-18.17,6.22,0.12,0.12,0.17,,,5.93,97.16,10.05,,
TFX,2026-10-10,Healthcare,Medical Instruments & Supplies,5300000000.0,,11.42,0.57,2.04,1.83,15.6,-10.51,-5.3,-18.13,60.89,11.02,-39.67,3.22,52.02,20.16,,-4.72,0.99,0.96,2.6,2.12,0.91,0.8500000000000001,113.53999999999999,9.64,,
TGT,2026-10-10,Consumer Defensive,Discount Stores,69800000000.0,15.94,15.94,1.46,0.65,3.91,15.66,26.41,7.380000000000001,12.41,26.83,5.74,4.08,34.7,-5.48,10.94,-1.21,2.29,1.07,0.98,0.99,0.36,2.76,0.24,89.59,3.81,,
TGTX,2026-10-10,Healthcare,Biotechnology,8480000000.0,20.17,19.56,2.09,10.6,14.03,487.37,100.27999999999999,37.7,32.54,82.37,17.05,55.22,-64.59,188.59,9.35,,426.73,1.25,1.25,4.27,3.72,,7.470000000000001,72.92,21.63,,
THC,2026-10-10,Healthcare,Medical Care Facilities,21240000000.0,10.17,12.51,1.11,0.97,4.56,7.03,53.31,7.55,12.63,16.47,16.47,10.27,26.43,-0.63,11.25,32.77,3.85,2.84,2.81,1.41,1.35,,0.95,100.47,2.29,,
THG,2026-10-10,Financial,Insurance - Property & Casualty,7640000000.0,10.46,11.21,6.67,1.13,2.08,6.09,21.88,5.28,16.92,,14.980000000000002,11.17,6.45,-3.7,1.68,14.03,6.44,0.23,0.22,0.37,,1.76,1.12,93.02,3.0,,
THO,2026-10-10,Consumer Cyclical,Recreational Vehicles,3300000000.0,18.86,13.07,0.8,0.34,0.77,19.53,4.15,2.53,3.44,11.46,2.73,1.8500000000000003,9.88,31.57,16.42,-22.2,-4.84,0.23,0.21,1.77,0.85,3.3099999999999996,4.86,107.93000000000002,10.98,,
THRM,2026-10-10,Consumer Cyclical,Auto Parts,1620000000.0,34.42,9.02,0.38,1.02,1.26,39.23,3.74,1.86,2.56,23.7,5.01,1.68,27.9,13.35,23.61,-20.03,10.42,0.45,0.44,2.06,1.49,,2.19,60.31999999999999,4.0,,
TILE,2026-10-10,Consumer Cyclical,"Furnishings, Fixtures & Appliances",2009999999.9999998,14.04,14.35,1.16,1.39,2.96,16.18,23.23,11.42,15.45,39.4,12.32,10.1,22.55,1.79,12.33,,4.68,0.43,0.39,2.53,1.35,0.35,2.84,104.56,7.4,,
TJX,2026-10-10,Consumer Cyclical,Apparel Retail,152630000000.0,25.66,24.04,2.2,2.45,14.35,25.98,62.17,17.33,27.26,31.869999999999997,12.45,9.73,11.42,9.51,10.93,130.72,13.44,1.34,1.09,1.15,0.56,1.33,0.17,95.91,1.66,,
TKO,2026-10-10,Communication Services,Entertainment,33689999999.999996,61.58,32.58,0.69,6.35,3.9,20.15,5.99,1.45,2.78,49.51,21.93,4.33,107.46,16.55,47.31,7.62,37.19,1.46,1.43,1.22,1.2,0.88,18.24,114.53999999999999,12.56,,
TKR,2026-10-10,Industrials,Tools & Accessories,8050000000.000001,31.5,15.89,0.95,1.69,2.52,20.87,8.23,3.7900000000000005,4.86,31.14,15.03,5.43,17.62,16.54,16.72,1.98,5.45,0.69,0.67,3.1,1.74,1.23,8.81,95.09,7.74,,
TLN,2026-10-10,Utilities,Utilities - Independent Power Producers,17910000000.0,,12.34,,3.82,11.22,49.19,-12.93,-1.77,-1.66,61.65999999999999,31.09,-3.95,529.16,49.21,,,,5.92,5.91,0.78,0.55,,7.02,98.57,5.7,,
TMDX,2026-10-10,Healthcare,Medical Devices,2700000000.0,20.26,34.45,,4.04,5.21,34.16,36.28,12.879999999999999,11.14,57.75,12.21,22.69,-69.91,54.25,-13.01,,88.21,1.67,1.63,6.62,6.07,,3.8599999999999994,101.86,25.65,,
TMO,2026-10-10,Healthcare,Diagnostics & Research,243300000000.0,35.4,23.97,2.43,5.25,4.62,33.25,13.51,6.5,7.59,40.19,19.09,15.039999999999997,9.8,9.32,9.86,2.11,6.7,0.81,0.74,1.55,1.18,0.28,0.26,94.28,1.47,,
TMP,2026-10-10,Financial,Banks - Regional,1380000000.0,7.84,11.73,,3.5,1.43,29.43,20.36,2.04,11.64,,14.12,44.53,-30.56,4.55,-7.83,16.64,3.65,0.76,0.57,0.09,,2.87,6.69,70.76,3.38,,
TMUS,2026-10-10,Communication Services,Telecom Services,159380000000.0,15.55,10.64,0.53,1.73,2.84,10.07,17.99,4.96,6.41,46.59,21.17,11.45,12.38,27.84,19.94,29.65,5.24,2.12,1.93,0.92,0.83,2.79,55.59,43.82,3.01,,
TNC,2026-10-10,Industrials,Specialty Industrial Machinery,1120000000.0,65.15,11.73,,0.92,2.11,,3.09,1.46,1.98,38.77,3.81,1.5,-15.83,46.1,,5.45,3.73,0.73,0.73,2.04,1.37,1.8799999999999997,2.4,108.25,8.05,,
TNDM,2026-10-10,Healthcare,Medical Devices,1120000000.0,,125.62,,1.08,8.59,,-48.03,-6.24,-7.45,55.99000000000001,-4.17,-6.08,53.98,119.09,,-40.1,15.27,5.67,5.51,3.18,2.65,,1.24,114.32,19.45,,
TNL,2026-10-10,Consumer Cyclical,Travel Services,3830000000.0,17.05,7.15,0.43,0.94,,8.67,,3.47,5.74,30.14,17.59,5.81,19.45,15.58,16.61,,11.2,,,6.47,4.83,3.8699999999999997,4.31,104.03999999999999,12.22,,
TOL,2026-10-10,Consumer Cyclical,Residential Construction,12270000000.0,10.69,9.63,2.02,1.14,1.44,11.25,14.42,8.24,10.61,24.34,14.429999999999998,11.14,-5.72,8.67,4.77,31.72,9.15,0.34,0.32,3.77,0.32,0.77,0.84,94.87,4.33,,
TPL,2026-10-10,Energy,Oil & Gas E&P,24900000000.0,46.02,34.96,,27.74,14.89,47.73,36.57,33.17,32.08,85.81,74.92,60.31999999999999,33.47,10.99,,22.56,21.41,0.01,0.01,4.55,4.55,0.66,0.4099999999999999,75.57,6.16,,
TPR,2026-10-10,Consumer Cyclical,Luxury Goods,23220000000.0,15.97,13.03,0.96,2.9,33.66,12.81,197.14,23.02,35.22,74.91,23.98,19.09,13.25,11.75,13.52,19.78,6.85,5.71,5.27,1.75,1.25,1.56,0.6,103.1,7.87,,
TR,2026-10-10,Consumer Defensive,Confectioners,2860000000.0,29.47,,,3.9,2.95,35.71,10.35,7.79,9.98,34.73,12.12,12.990000000000002,,,,12.4,9.23,0.01,0.0,2.89,1.86,0.9399999999999998,77.0,17.26,13.03,,
TREX,2026-10-10,Industrials,Building Products & Equipment,4560000000.0,26.46,22.16,2.42,3.78,4.52,22.18,17.74,11.21,16.92,38.2,20.17,14.679999999999998,-5.91,14.23,9.14,3.31,5.92,0.3,0.04,1.06,0.64,,0.89,109.26,10.38,,
TRGP,2026-10-10,Energy,Oil & Gas Midstream,61480000000.0,27.37,23.24,1.14,3.59,16.81,82.98,72.23,8.67,9.95,26.97,24.78,13.15,31.8,9.56,20.38,,15.75,5.35,5.2,0.77,0.68,1.7399999999999998,1.5700000000000003,97.56,2.51,,
TRIP,2026-10-10,Consumer Cyclical,Travel Services,1020000000.0,858.91,8.63,2.71,0.57,1.53,7.16,0.84,0.2,0.33,58.64,4.95,0.28,-36.33,24.27,3.18,,25.64,1.35,1.32,1.56,1.56,,3.47,112.76000000000002,33.74,,
TRMB,2026-10-10,Technology,Scientific & Technical Instruments,14010000000.0,,14.53,0.96,3.7,2.74,18.12,-1.94,-1.19,-1.6,66.92,18.67,-2.77,17.28,12.68,15.13,2.58,2.65,0.29,0.28,0.95,0.82,,0.45999999999999996,103.2,4.25,,
TRMK,2026-10-10,Financial,Banks - Regional,2570000000.0,11.23,10.2,1.42,2.27,1.2,12.37,11.12,1.24,9.19,,24.51,20.71,7.57,8.88,7.21,8.05,11.03,0.36,0.19,0.06,,2.26,7.5,81.12,6.34,,
TRN,2026-10-10,Industrials,Railroads,2029999999.9999998,6.15,11.47,,1.0,1.78,,32.39,4.09,5.33,25.8,15.190000000000001,16.62,-29.14,0.0,-8.57,,4.27,4.57,4.57,2.09,1.12,4.9,1.49,97.0,5.66,,
TRNO,2026-10-10,Real Estate,REIT - Industrial,7060000000.0,17.45,34.71,,14.04,1.57,30.94,9.24,7.23,7.11,51.25999999999999,41.39,76.92,-46.17,-11.53,-20.23,27.38,21.29,0.24,0.23,0.35,0.35,3.35,1.9799999999999998,106.89999999999999,5.98,,
TROW,2026-10-10,Financial,Asset Management,22430000000.0,10.55,10.32,6.93,2.95,2.04,7.95,20.1,14.59,18.6,79.54,36.93,28.550000000000004,4.81,-0.02,1.49,-1.52,3.34,0.06,0.06,2.41,2.41,4.92,1.83,92.1,12.84,,
TRST,2026-10-10,Financial,Banks - Regional,912520000.0,14.88,,,3.2,1.39,15.27,9.65,1.01,9.45,,28.38,22.78,,,,3.67,7.23,0.22,0.05,0.16,,2.87,3.65,77.96,7.45,,
TRU,2026-10-10,Financial,Financial Data & Stock Exchanges,12550000000.0,17.27,11.74,0.8,2.56,2.59,15.94,15.770000000000001,6.329999999999999,7.19,46.35,14.92,15.079999999999998,12.65,15.17,14.6,5.34,12.58,1.17,1.12,1.9,1.9,0.77,0.77,112.55999999999999,6.23,,
TRUP,2026-10-10,Financial,Insurance - Property & Casualty,1140000000.0,49.02,37.77,4.21,0.75,2.79,13.91,6.07,2.61,4.58,,1.66,1.53,38.89,10.4,8.98,,23.45,0.26,0.24,1.77,,,30.049999999999997,69.26,12.64,,
TRV,2026-10-10,Financial,Insurance - Property & Casualty,76910000000.0,9.87,12.1,3.04,1.57,2.32,6.98,26.51,6.309999999999999,19.73,,22.03,16.83,25.39,-11.93,3.98,21.13,8.83,0.27,0.27,0.34,,1.32,0.5,91.52,2.84,,
TSCO,2026-10-10,Consumer Cyclical,Specialty Retail,17560000000.0,17.6,16.51,5.75,1.11,6.68,57.2,39.51,8.91,11.63,33.23,8.91,6.419999999999999,-6.09,5.54,2.87,10.06,7.89,2.49,2.31,1.33,0.23,2.87,0.34,97.06,8.33,,
TSLA,2026-10-10,Consumer Cyclical,Auto Manufacturers,1511490000000.0,355.57,165.22,6.66,14.59,17.4,262.32,4.64,2.75,3.79,18.85,4.61,3.6699999999999995,2.87,35.64,24.79,38.32,24.63,0.19,0.16,1.94,1.55,,28.550000000000004,44.31,2.51,,
TSN,2026-10-10,Consumer Defensive,Farm Products,18420000000.0,32.28,12.91,1.82,0.33,1.02,15.87,3.15,1.59,2.33,6.21,2.55,1.03,-13.08,15.55,7.11,-25.04,4.74,0.44,0.36,1.43,0.55,3.95,20.4,77.26,3.17,,
TT,2026-10-10,Industrials,Building Products & Equipment,104950000000.0,36.13,27.03,1.69,4.73,12.19,29.18,36.45,13.36,23.5,35.39,18.14,13.28,16.92,15.57,15.97,29.52,11.35,0.54,0.46,1.07,0.76,0.86,0.22999999999999998,90.93,1.72,,
TTC,2026-10-10,Industrials,Tools & Accessories,9070000000.0,25.65,18.61,1.77,1.91,6.79,12.74,26.450000000000003,10.3,15.17,33.38,11.31,7.64,10.33,11.05,10.51,0.86,5.99,0.81,0.79,1.58,0.74,1.63,0.4,96.37,4.32,,
TTD,2026-10-10,Communication Services,Advertising Agencies,5710000000.0,14.34,47.59,,1.91,2.2,6.62,15.439999999999998,6.94,13.9,76.87,19.61,13.61,-56.37,-35.36,-20.4,12.67,28.21,0.17,0.14,1.72,1.72,,11.5,77.09,20.1,,
TTEK,2026-10-10,Industrials,Engineering & Construction,8539999999.999999,20.05,19.19,2.99,1.68,4.61,15.57,24.26,9.97,15.57,18.78,11.73,8.6,1.09,10.19,6.42,7.97,12.69,0.55,0.51,1.18,1.18,0.76,0.51,100.46,4.66,,
TTMI,2026-10-10,Technology,Electronic Components,12750000000.0,54.62,17.25,0.33,3.77,6.59,,13.26,5.92,7.83,20.26,9.96,7.01,96.41,45.15,51.59,,6.66,0.57,0.56,1.78,1.54,,2.28,94.36,4.01,,
TTWO,2026-10-10,Communication Services,Electronic Gaming & Multimedia,39910000000.0,,20.83,0.56,5.97,11.06,118.25,-9.04,-3.42,-5.48,54.559999999999995,-0.96,-4.79,69.45,47.52,37.04,,14.56,0.82,0.62,1.06,1.06,,12.41,89.15,5.68,,
TWLO,2026-10-10,Technology,Software - Infrastructure,44460000000.0,40.28,42.65,2.55,7.98,4.95,44.97,13.5,11.11,11.47,47.9,5.93,20.62,21.29,14.43,16.71,,23.53,0.12,0.12,4.62,4.62,,0.37,91.71,4.15,,
TXN,2026-10-10,Technology,Semiconductors,259120000000.0,43.17,27.61,0.91,13.32,14.39,48.39,34.97,16.99,19.47,58.32999999999999,38.07,30.930000000000003,56.18,20.72,30.23,-1.81,4.1,0.78,0.72,4.86,3.44,2.02,0.32,92.18,2.25,,
TXNM,2026-10-10,Utilities,Utilities - Regulated Electric,6450000000.0,32.56,17.85,1.11,2.89,1.83,,5.82,1.6200000000000003,2.23,39.56,22.21,8.77,26.56,11.36,16.09,-7.23,7.3,1.67,1.47,0.56,0.39,2.86,1.06,102.4,6.08,,
TXRH,2026-10-10,Consumer Cyclical,Restaurants,10600000000.0,25.86,20.73,1.34,1.7,6.8,26.09,27.46,11.93,15.81,12.12,8.24,6.63,7.69,18.58,15.53,68.63,19.64,0.7,0.68,0.46,0.39,1.86,0.42,100.29999999999998,3.54,,
TXT,2026-10-10,Industrials,Aerospace & Defense,12750000000.0,14.0,10.25,1.08,0.83,1.58,16.83,12.13,5.33,7.9,17.77,6.709999999999999,6.12,5.22,12.78,9.48,30.51,4.9,0.52,0.47,1.75,0.74,0.11,0.76,99.11,4.78,,
TYL,2026-10-10,Technology,Software - Application,13500000000.0,43.67,21.48,1.39,5.55,4.44,18.89,9.73,5.78,7.24,44.81,15.14,13.36,15.61,17.34,15.41,8.96,15.87,0.48,0.48,1.55,1.55,,0.53,108.15,7.64,,
UA,2026-10-10,Consumer Cyclical,Apparel Manufacturing,2089999999.9999998,,25.41,0.63,0.42,1.44,,-29.82,-10.99,-18.57,46.37,0.67,-9.94,-9.76,73.72,40.16,0.8,2.22,0.96,0.86,1.81,0.96,,74.22,27.05,24.66,,
UAA,2026-10-10,Consumer Cyclical,Apparel Manufacturing,2089999999.9999998,,26.03,0.65,0.42,1.48,,-29.82,-10.99,-18.57,46.37,0.67,-9.94,-9.34,74.09,40.06,0.8,2.22,0.96,0.86,1.81,0.96,,60.040000000000006,49.85,37.95,,
UAL,2026-10-10,Industrials,Airlines,34880000000.0,10.04,8.34,0.44,0.55,2.09,13.71,23.26,4.32,7.38,26.87,6.77,5.56,-23.91,59.49,18.81,,30.93,2.02,1.84,0.78,0.72,,0.8699999999999999,91.36,5.22,,
UBER,2026-10-10,Technology,Software - Application,146060000000.0,15.72,16.11,2.85,2.64,5.34,14.44,38.38,15.73,24.02,35.42,13.320000000000002,17.34,-28.89,31.95,5.66,,36.1,0.54,0.46,0.84,0.84,,3.94,81.62,2.48,,
UBSI,2026-10-10,Financial,Banks - Regional,6190000000.0,12.41,11.76,1.57,3.36,1.13,11.6,9.46,1.55,8.74,,35.0,27.93,13.35,4.32,7.48,6.37,16.0,0.15,0.07,0.1,,3.37,2.45,76.48,4.96,,
UCB,2026-10-10,Financial,Banks - Regional,4019999999.9999995,10.92,9.95,0.95,2.61,1.07,8.85,10.21,1.31,8.22,,32.26,24.04,10.52,12.04,10.45,6.49,16.39,0.32,0.22,0.05,,3.04,0.67,88.29,4.49,,
UCTT,2026-10-10,Technology,Semiconductor Equipment & Materials,3110000000.0,,10.98,0.12,1.41,4.86,,-3.44,-1.28,-1.68,15.83,2.84,-1.07,196.31,100.7,88.01,,7.99,1.21,1.18,2.73,1.25,,3.01,103.18,8.46,,
UDR,2026-10-10,Real Estate,REIT - Residential,17820000000.0,21.74,58.61,,10.38,3.79,20.33,16.67,4.99,6.84,23.84,18.96,30.14,-3.14,-46.81,-16.64,40.79,6.65,2.04,1.6,0.16,0.16,5.1,0.67,107.26,3.35,,
UE,2026-10-10,Real Estate,REIT - Retail,2580000000.0,36.23,40.16,3.12,5.21,1.9,35.4,5.24,2.03,2.21,39.79,30.06,13.71,47.8,-6.32,12.89,-1.32,7.41,1.48,1.39,1.44,1.44,4.34,0.09,97.79,2.61,,
UFCS,2026-10-10,Financial,Insurance - Property & Casualty,1420000000.0,10.16,11.15,1.81,0.96,1.45,5.28,15.46,3.9599999999999995,12.54,,12.8,9.58,8.21,-0.69,6.16,,5.34,0.15,0.15,0.41,,1.45,16.97,68.56,2.22,,
UFPI,2026-10-10,Basic Materials,Lumber & Wood Production,4090000000.0,17.11,13.55,1.23,0.66,1.35,15.33,7.739999999999999,5.83,7.01,16.13,5.09,3.84,-10.29,21.76,11.03,4.53,4.16,0.13,0.12,3.98,2.64,1.9299999999999997,2.05,89.52,4.25,,
UFPT,2026-10-10,Healthcare,Medical Devices,2240000000.0,31.15,26.63,1.98,3.54,4.84,36.44,17.05,10.98,12.43,28.499999999999996,15.229999999999999,11.45,11.34,11.37,13.43,37.73,27.43,0.29,0.26,3.0,1.72,,3.82,122.8,13.92,,
UGI,2026-10-10,Utilities,Utilities - Regulated Gas,7960000000.0,12.39,11.48,6.41,1.09,1.53,42.58,13.3,4.33,5.63,42.65,14.46,9.2,-15.5,15.29,1.79,4.06,2.16,1.35,1.28,1.44,1.22,4.04,0.12,95.43,5.44,,
UHS,2026-10-10,Healthcare,Medical Care Facilities,10450000000.0,7.22,7.39,1.13,0.58,1.39,12.36,20.99,9.87,12.79,11.36,11.36,8.42,3.9,6.21,6.54,15.93,8.48,0.7,0.59,1.12,1.04,0.45999999999999996,17.21,91.25,5.24,,
ULS,2026-10-10,Industrials,Specialty Business Services,14130000000.0,28.3,26.93,2.08,4.49,8.86,32.41,37.5,16.69,24.8,50.06,19.04,16.02,16.45,12.14,12.93,6.75,5.82,0.3,0.27,1.42,1.42,0.8199999999999998,61.79,44.72,7.19,,
ULTA,2026-10-10,Consumer Cyclical,Specialty Retail,24390000000.0,20.78,17.73,1.54,1.88,9.23,21.23,46.12,17.8,26.8,39.32,12.6,9.34,13.13,10.91,11.48,52.49,15.04,0.95,0.71,1.35,0.29,,0.28,102.62,5.73,,
UMBF,2026-10-10,Financial,Banks - Regional,2770000000.0,10.85,9.34,0.88,0.64,1.28,2.51,12.31,1.31,11.08,,27.29,21.06,16.72,5.29,10.6,9.41,26.89,0.44,0.06,0.37,,1.39,3.9800000000000004,96.86,5.33,,
UNF,2026-10-10,Industrials,Specialty Business Services,4530000000.0,41.16,32.26,21.65,1.82,2.06,52.04,5.3,4.15,5.12,30.91,5.77,4.65,-9.9,8.65,1.49,2.28,6.16,0.04,0.03,3.04,1.73,0.56,16.83,85.37,6.52,,
UNFI,2026-10-10,Consumer Defensive,Food Distribution,2680000000.0,33.32,10.96,0.55,0.09,1.66,8.31,5.3,1.07,1.86,12.560000000000002,1.12,0.27,26.23,21.39,20.07,-11.64,2.94,1.87,1.78,1.29,0.49,,3.75,98.3,5.87,,
UNH,2026-10-10,Healthcare,Healthcare Plans,340460000000.0,24.39,16.77,0.97,0.76,3.49,14.42,14.62,4.57,8.41,,4.82,3.1400000000000006,21.13,14.2,17.26,-3.76,11.72,0.74,0.71,0.78,,2.39,0.24,90.17,1.78,,
UNIT,2026-10-10,Real Estate,REIT - Specialty,1670000000.0,2.57,,,0.47,10.01,,,11.36,9.46,27.9,9.74,28.15,-140.77,-11.5,,,15.93,68.69,67.9,1.22,1.19,,7.000000000000001,88.88,9.43,,
UNM,2026-10-10,Financial,Insurance - Life,14510000000.0,21.39,9.73,1.13,1.09,1.34,20.94,6.35,1.31,4.82,,8.68,5.27,6.52,8.83,8.58,1.87,-0.16,0.35,0.35,,,2.11,0.91,90.34,2.85,,
UNP,2026-10-10,Industrials,Railroads,165350000000.0,22.54,19.56,1.92,6.51,8.0,25.42,39.7,10.49,14.57,45.47,39.87,28.850000000000005,12.2,8.77,10.18,8.75,4.64,1.51,1.43,0.99,0.82,1.97,0.21,92.31,4.68,,
UPBD,2026-10-10,Technology,Software - Application,897810000.0,10.02,3.33,0.38,0.19,1.22,2.34,12.73,2.91,3.7,33.44,7.48,1.9,0.73,11.07,8.74,-19.66,10.78,2.33,2.33,3.13,0.87,10.17,4.25,103.44,16.19,,
UPS,2026-10-10,Industrials,Integrated Freight & Logistics,80460000000.0,17.6,11.79,1.83,0.89,5.34,14.74,29.659999999999997,6.43,10.78,18.3,9.31,5.08,0.32,11.63,6.43,33.57,0.98,1.9,1.81,1.18,1.18,6.93,11.94,65.01,3.78,,
UPWK,2026-10-10,Communication Services,Internet Content & Information,1070000000.0000001,11.24,6.3,3.33,1.36,1.76,6.16,16.7,8.03,16.28,77.24,16.84,12.93,-1.44,-1.81,1.89,,16.09,0.62,0.02,1.42,1.42,,5.22,103.22,14.81,,
URBN,2026-10-10,Consumer Cyclical,Apparel Retail,7040000000.0,12.82,11.99,1.06,1.09,2.47,23.85,20.94,11.57,14.8,36.03,9.85,8.79,16.88,7.84,11.32,231.76,12.31,0.43,0.35,1.58,0.91,,43.49,73.78,14.72,,
URI,2026-10-10,Industrials,Rental & Leasing Services,65750000000.0,25.38,18.41,1.16,3.91,7.14,104.04,28.9,8.72,11.44,35.71,25.17,15.67,17.7,15.91,15.85,25.9,13.55,1.67,1.5,0.76,0.7,0.74,0.4699999999999999,95.91,2.27,,
USB,2026-10-10,Financial,Banks - Regional,88930000000.0,11.39,9.78,0.84,2.04,1.47,7.18,12.6,1.15,6.44,,24.76,17.92,13.39,11.41,11.58,8.57,13.15,1.42,0.87,0.56,,3.71,0.21,84.12,1.67,,
USFD,2026-10-10,Consumer Defensive,Food Distribution,21080000000.0,29.96,17.5,0.97,0.53,4.93,22.28,16.35,5.18,7.77,17.55,3.4300000000000006,1.81,20.29,16.29,18.12,,11.49,1.26,1.19,1.14,0.7,,0.79,109.45,6.41,,
USLM,2026-10-10,Basic Materials,Building Materials,3110000000.0,23.23,19.05,1.95,8.26,4.48,33.93,21.35,19.84,19.27,48.42,42.11,35.66,7.92,13.1,9.79,36.1,18.32,0.0,0.0,27.54,25.78,0.22,62.55,32.95,10.57,,
USPH,2026-10-10,Healthcare,Medical Care Facilities,1260000000.0,500.12,24.73,2.06,1.56,2.82,19.39,0.54,0.21,0.33,17.45,9.85,0.32,10.19,18.15,12.0,-10.5,13.05,0.86,0.75,1.27,1.27,2.17,2.57,108.89,8.94,,
UTHR,2026-10-10,Healthcare,Drug Manufacturers - Specialty & Generic,23550000000.0,19.64,18.13,2.43,7.47,3.66,21.62,19.32,17.33,20.48,86.14,44.49,41.56,-5.97,15.63,7.47,19.27,16.5,0.0,0.0,5.73,5.41,,3.35,97.55,8.68,,
UTI,2026-10-10,Consumer Defensive,Education & Training Services,1140000000.0,33.55,28.72,18.53,1.29,3.3,,10.53,4.19,5.0,47.93,5.13,3.88,-46.52,18.91,1.55,84.22,22.68,1.04,0.99,1.3,1.3,,2.93,107.30999999999999,12.97,,
UTL,2026-10-10,Utilities,Utilities - Diversified,953050000.0,16.61,15.05,2.77,1.6,1.48,,9.62,2.75,4.26,25.2,19.38,9.44,3.77,5.91,5.43,6.66,5.07,1.5,1.06,0.49,0.45,3.64,2.18,84.9,4.2,,
UVV,2026-10-10,Consumer Defensive,Tobacco,1050000000.0,55.99,10.63,,0.37,0.75,6.36,1.34,0.61,0.94,16.73,6.22,0.67,20.45,24.21,,-18.13,8.08,0.88,0.46,2.57,0.88,7.86,2.53,83.67,8.95,,
V,2026-10-10,Financial,Credit Services,719650000000.0,33.08,25.64,1.81,16.18,20.77,34.25,60.67,23.02,39.97,77.16,67.04,50.35000000000001,15.33,13.65,14.17,16.47,12.86,0.68,0.59,0.99,0.99,0.7,8.93,82.62,1.21,,
VAC,2026-10-10,Consumer Cyclical,Resorts & Casinos,3620000000.0,,10.96,1.12,0.7,1.76,36.6,-14.71,-3.45,-4.47,17.37,10.4,-6.47,20.74,11.16,9.79,-5.8,11.76,2.69,2.63,1.22,0.75,2.65,8.66,90.62,6.46,,
VAL,2026-10-10,Energy,Oil & Gas Drilling,5810000000.0,6.25,11.92,,2.72,1.8,,33.86,18.88,21.57,17.07,12.09,43.95,-78.36,131.84,-16.82,,10.67,0.36,0.35,1.48,1.48,,30.219999999999995,91.85,11.72,,
VC,2026-10-10,Consumer Cyclical,Auto Parts,2280000000.0,15.57,8.26,0.45,0.6,1.42,14.25,9.96,4.54,7.53,12.809999999999999,7.33,4.0,8.94,22.56,18.31,,8.14,0.27,0.25,1.78,1.45,1.27,1.77,123.31999999999998,15.75,,
VCEL,2026-10-10,Healthcare,Biotechnology,2049999999.9999998,86.76,46.34,0.76,6.7,5.55,33.3,7.16,5.16,5.38,74.56,5.95,7.91,67.01,61.9,61.02,39.2,17.34,0.26,0.22,5.04,4.69,,1.19,108.41000000000001,10.28,,
VCTR,2026-10-10,Financial,Asset Management,6920000000.0,20.6,12.57,0.92,4.4,2.91,12.27,19.04,10.94,13.61,77.38,45.87,22.38,25.94,11.31,13.65,7.17,11.3,0.43,0.43,2.07,2.07,1.78,14.649999999999999,76.57,5.95,,
VCYT,2026-10-10,Healthcare,Diagnostics & Research,3640000000.0,32.09,23.25,4.35,6.47,2.62,21.91,8.77,8.09,8.05,71.08,17.22,20.37,7.47,1.72,5.34,,34.5,0.03,0.02,9.16,8.8,,1.83,113.40999999999998,12.9,,
VECO,2026-10-10,Technology,Semiconductor Equipment & Materials,3200000000.0,143.55,16.51,,4.68,3.54,37.52,2.64,1.73,2.0,37.51,4.26,3.4000000000000004,12.76,111.2,,,7.9,0.29,0.28,3.93,2.63,,1.59,114.01999999999998,10.09,,
VEEV,2026-10-10,Healthcare,Health Information Services,47950000000.0,48.72,28.84,2.31,13.86,6.45,29.26,14.42,11.9,13.41,74.83,29.93,29.34,14.01,11.19,12.51,18.15,16.88,0.02,0.02,5.46,5.46,,8.84,92.42,3.32,,
VFC,2026-10-10,Consumer Cyclical,Apparel Manufacturing,5900000000.0,21.85,11.31,0.53,0.62,3.34,9.53,17.94,2.8,4.66,55.63,7.13,2.88,27.58,23.71,21.29,-9.15,0.78,2.81,2.33,1.43,0.78,2.42,6.4399999999999995,93.62,9.8,,
VGNT,2026-10-10,Consumer Cyclical,Auto Parts,3130000000.0,,5.68,,,36.82,,,,,,,,-18.92,6.18,-0.72,,,28.51,26.06,1.4,1.09,0.58,0.91,99.1,3.71,,
VIAV,2026-10-10,Technology,Communication Equipment,11180000000.0,,23.3,0.65,7.36,7.74,135.02,-2.73,-1.29,-1.61,56.169999999999995,10.97,-2.0,64.32,18.76,35.88,,4.84,0.48,0.3,1.85,1.59,,1.24,98.59,5.4,,
VICI,2026-10-10,Real Estate,REIT - Diversified,25190000000.0,8.87,7.69,1.39,6.15,0.86,9.55,9.84,5.86,6.12,99.23,88.72,67.5,5.86,7.67,5.53,8.4,26.73,0.61,0.55,0.14,0.14,7.960000000000001,0.44,98.36,2.58,,
VICR,2026-10-10,Technology,Electronic Components,12270000000.0,85.4,41.88,0.88,25.88,14.7,239.27,20.13,18.3,17.29,60.0,18.64,30.65,50.8,61.41,47.39,44.9,6.57,0.01,0.01,13.25,11.18,,44.19,52.739999999999995,9.38,,
VIR,2026-10-10,Healthcare,Biotechnology,1980000000.0,,,,6.53,2.01,,-26.08,-20.91,-23.6,96.2,-92.16,-83.0,43.93,-43.83,12.69,-4.76,-2.14,0.09,0.09,6.04,6.04,,20.77,68.0,11.17,,
VIRT,2026-10-10,Financial,Capital Markets,8930000000.0,9.55,8.06,0.9,2.38,2.72,19.02,31.65,2.22,12.56,50.39,37.84,13.84,24.28,0.17,8.97,-0.13,2.26,2.83,1.21,0.94,0.94,1.67,4.52,94.45,5.87,,
VLO,2026-10-10,Energy,Oil & Gas Refining & Marketing,124890000000.0,17.99,9.84,0.3,0.89,5.0,12.34,29.299999999999997,11.59,20.3,8.41,7.6,5.15,381.19,-13.68,33.06,,13.6,0.45,0.42,1.64,1.23,1.12,0.4099999999999999,87.97,3.14,,
VLTO,2026-10-10,Industrials,Pollution & Treatment Controls,23630000000.0,24.43,20.22,1.93,4.15,7.64,22.57,34.37,12.560000000000002,17.11,59.34,22.74,17.35,12.54,9.21,10.46,5.0,4.82,1.09,0.87,1.78,1.61,0.49,0.22,101.18,2.6,,
VLY,2026-10-10,Financial,Banks - Regional,6970000000.0,10.65,8.25,0.36,1.96,0.92,11.93,8.95,1.08,6.34,,24.2,18.66,28.9,19.89,22.86,1.58,17.53,0.44,0.38,0.06,,3.49,14.35,77.33,12.52,,
VMC,2026-10-10,Basic Materials,Building Materials,31690000000.0,28.87,23.56,1.66,3.91,3.74,30.85,13.239999999999998,6.69,8.61,27.51,20.74,13.750000000000002,12.28,15.59,14.23,13.09,10.33,0.58,0.53,1.76,1.2,0.86,0.24,101.27,4.11,,
VMI,2026-10-10,Industrials,Conglomerates,9030000000.0,18.21,17.97,1.11,2.13,5.1,28.04,31.069999999999997,14.85,19.46,30.320000000000004,13.8,11.95,20.76,12.94,16.23,20.66,7.24,0.5,0.5,2.35,1.55,0.65,1.4,96.86,2.19,,
VNO,2026-10-10,Real Estate,REIT - Office,6840000000.0,1356.05,,,3.74,1.36,15.47,1.14,0.43,0.49,19.82,10.43,0.32,-106.64,98.1,,,3.45,1.41,1.41,4.77,4.77,2.48,7.33,100.49999999999999,7.42,,
VNOM,2026-10-10,Energy,Oil & Gas Midstream,15440000000.0,336.65,16.91,1.09,7.84,1.63,10.33,1.35,0.52,0.85,51.7,48.86,2.89,65.09,-7.24,15.47,29.81,40.37,0.33,0.33,6.37,6.37,6.78,7.53,95.19,6.47,,
VNT,2026-10-10,Technology,Scientific & Technical Instruments,4360000000.0,13.39,8.54,0.99,1.42,3.69,11.33,29.07,8.28,12.4,44.96,19.15,11.34,9.21,8.04,8.63,6.42,2.6,1.62,1.35,1.25,0.94,0.16,0.73,110.39000000000001,8.62,,
VOYA,2026-10-10,Financial,Financial Conglomerates,8580000000.0,15.96,8.28,0.63,1.05,1.83,7.2,13.059999999999999,0.36,7.17,,12.07,6.94,2.31,26.23,13.1,61.06,1.37,0.84,0.81,,,2.04,0.34,103.99000000000001,4.14,,
VRRM,2026-10-10,Technology,Information Technology Services,446830000.0,11.12,3.1,,0.44,2.0,4.76,15.380000000000003,2.67,3.42,79.29,24.19,4.4,-13.55,-16.87,-5.91,,19.99,4.86,4.79,2.05,1.95,,0.98,103.52,5.29,,
VRSK,2026-10-10,Industrials,Consulting Services,23120000000.0,27.29,20.43,1.88,7.37,,18.7,444.05,19.06,28.15,59.78,44.81,28.24,7.7,12.73,10.89,8.51,1.99,,,1.01,1.01,1.12,0.29,101.61,3.22,,
VRSN,2026-10-10,Technology,Software - Infrastructure,27430000000.0,32.97,27.35,2.13,16.06,,25.73,,52.95000000000001,,88.47,67.86,49.77,11.17,13.38,12.82,4.49,5.54,,,0.59,0.59,0.93,0.79,100.1,2.21,,
VRT,2026-10-10,Industrials,Electrical Equipment & Parts,93470000000.0,54.94,26.44,0.66,8.14,19.64,31.9,43.94,13.170000000000002,21.61,35.73,19.81,15.09,60.16,36.49,40.21,,18.54,0.7,0.68,1.38,1.03,0.09,0.33,85.0,3.75,,
VRTS,2026-10-10,Financial,Asset Management,869030000.0,7.48,5.44,,1.04,0.92,3.88,13.01,2.91,8.22,81.61,14.91,14.39,-7.91,4.53,-1.57,14.78,6.4,0.54,0.54,1.72,1.72,7.32,6.4399999999999995,92.88,7.85,,
VRTX,2026-10-10,Healthcare,Biotechnology,129289999999.99998,29.68,24.17,2.18,10.18,6.38,34.06,23.54,17.12,19.82,86.12,39.54,34.69,1.48,13.02,11.09,8.28,14.23,0.1,0.1,3.19,2.74,,0.22999999999999998,98.21,1.78,,
VSAT,2026-10-10,Technology,Communication Equipment,9920000000.0,,,,2.14,2.14,17.15,-0.64,-0.2,-0.27,27.6,2.35,-0.64,-468.0,-1.39,,,15.51,1.49,1.34,1.68,1.52,,4.92,102.16000000000001,9.04,,
VSEC,2026-10-10,Industrials,Aerospace & Defense,4870000000.0,63.99,21.3,0.63,3.59,1.66,,4.27,2.78,1.91,12.61,11.75,5.52,68.38,23.51,34.05,,10.95,0.35,0.34,3.77,1.3,0.22999999999999998,1.7399999999999998,119.9,8.31,,
VSH,2026-10-10,Technology,Semiconductors,5220000000.0,177.85,19.08,,1.57,1.79,,1.13,0.61,0.88,20.93,3.3000000000000003,0.86,1787.5,111.41,,,4.17,0.38,0.11,1.8,1.27,1.16,8.7,100.42,11.78,,
VSNT,2026-10-10,Communication Services,Entertainment,4250000000.0,5.76,4.5,0.58,0.64,0.53,2.48,8.15,6.22,6.91,40.85,19.29,11.46,-28.68,67.61,7.72,,,0.36,0.35,2.38,2.38,3.9900000000000007,0.97,88.18,4.22,,
VST,2026-10-10,Utilities,Utilities - Independent Power Producers,54200000000.0,27.26,15.76,0.2,3.08,18.05,24.03,43.07,5.5,9.56,20.18,10.73,11.52,296.66,18.49,77.26,10.93,8.94,3.63,3.23,0.97,0.87,0.62,0.95,92.57,3.15,,
VSTS,2026-10-10,Industrials,Rental & Leasing Services,1870000000.0,,18.17,0.32,0.69,2.13,13.69,-0.6,-0.18,-0.25,21.2,4.18,-0.2,144.97,26.95,56.86,,1.31,1.53,1.46,2.17,0.73,,2.3,98.8,7.38,,
VSXY,2026-10-10,Consumer Cyclical,Apparel Retail,6610000000.0,18.73,14.75,0.52,0.96,6.7,11.93,45.23,7.62,10.48,39.51,9.76,5.46,56.89,19.35,28.38,,3.9,2.93,2.64,1.36,0.57,,10.51,96.45,14.24,,
VTOL,2026-10-10,Energy,Oil & Gas Equipment & Services,1210000000.0,11.7,7.98,0.65,0.77,1.11,,10.05,4.46,5.31,19.92,8.79,6.660000000000001,-21.12,49.6,12.34,13.24,4.82,0.89,0.8,2.26,1.85,0.9199999999999999,3.2099999999999995,100.61,4.45,,
VTR,2026-10-10,Real Estate,REIT - Healthcare Facilities,43020000000.0,150.48,86.75,2.64,6.68,2.87,29.84,2.01,0.9399999999999998,0.98,18.38,14.829999999999998,4.08,9.18,60.41,32.85,-14.17,8.99,0.89,0.84,0.71,0.71,2.53,0.54,104.91999999999999,3.23,,
VTRS,2026-10-10,Healthcare,Drug Manufacturers - Specialty & Generic,20260000000.0,,6.58,0.94,1.37,1.43,10.36,-2.75,-1.12,-1.58,39.58,9.69,-2.78,7.09,6.48,6.97,-21.93,3.66,0.96,0.83,1.49,0.87,2.94,2.07,92.24,3.74,,
VVV,2026-10-10,Consumer Cyclical,Auto & Truck Dealerships,3860000000.0,38.36,15.3,1.0,1.97,9.27,28.54,28.4,3.4300000000000006,4.29,38.28,17.72,5.17,10.6,12.47,15.3,-0.57,-6.18,4.75,4.68,0.7,0.58,,0.31,116.73,12.14,,
VYX,2026-10-10,Technology,Information Technology Services,987200000.0,17.54,6.97,1.51,0.39,1.06,,5.1,1.48,3.11,24.83,6.67,2.29,1.78,12.01,4.6,,-15.42,1.16,1.16,1.07,0.95,1.26,1.11,121.88,23.18,,
VZ,2026-10-10,Communication Services,Telecom Services,173050000000.0,10.85,7.92,1.28,1.25,1.67,8.04,15.629999999999999,4.08,6.09,45.75,23.55,11.64,6.23,5.05,6.21,-1.14,1.5,1.81,1.56,0.55,0.52,6.78,0.06,72.09,2.14,,
WAB,2026-10-10,Industrials,Railroads,48210000000.0,38.44,22.88,1.4,4.02,4.3,28.13,11.5,5.82,7.69,32.24,16.74,10.57,20.91,15.04,16.35,25.74,8.13,0.62,0.47,1.12,0.59,0.43,0.71,96.03,2.11,,
WABC,2026-10-10,Financial,Banks - Regional,1360000000.0,12.94,12.52,2.69,5.1,1.58,12.51,12.49,1.91,12.71,,56.09,41.71,2.65,0.97,4.65,8.69,5.5,0.18,0.02,0.15,,3.2400000000000007,5.22,81.01,3.94,,
WAFD,2026-10-10,Financial,Banks - Regional,2180000000.0,9.27,8.37,0.71,1.57,0.8,9.6,8.5,0.9399999999999998,4.05,,23.63,17.42,25.19,6.81,11.8,3.11,14.32,1.1,1.1,0.07,,3.6699999999999995,1.58,85.73,7.55,,
WAL,2026-10-10,Financial,Banks - Regional,8100000000.0,8.37,6.78,0.55,1.42,1.07,,13.11,1.06,9.3,,20.86,16.98,2.97,21.8,12.43,11.62,32.53,0.95,0.34,0.11,,2.26,6.39,90.41,6.09,,
WAT,2026-10-10,Healthcare,Diagnostics & Research,42620000000.0,108.31,26.31,2.21,9.18,2.8,113.61,1.91,1.13,0.81,41.95,11.83,3.58,11.04,13.09,11.9,5.19,6.0,0.36,0.34,1.86,1.29,,0.14,102.16000000000001,3.47,,
WAY,2026-10-10,Healthcare,Health Information Services,5120000000.0,37.99,14.19,0.92,4.24,1.28,20.77,3.7699999999999996,2.56,2.47,56.11000000000001,25.36,11.18,17.57,12.61,15.42,,17.41,0.37,0.37,1.85,1.85,,29.81,88.26,11.87,,
WBD,2026-10-10,Communication Services,Entertainment,77710000000.0,,,,2.15,2.37,35.65,-9.19,-3.18,-5.0,33.28,7.000000000000001,-8.75,-501.05,96.45,,-30.7,28.53,0.98,0.93,0.78,0.78,,4.57,79.94,2.41,,
WCC,2026-10-10,Industrials,Industrial Distribution,17820000000.0,25.27,18.26,0.81,0.71,3.41,114.9,14.34,4.21,6.01,20.31,5.71,2.86,30.45,18.94,22.41,53.91,13.79,1.28,1.28,2.09,1.23,0.55,2.08,97.64,2.94,,
WD,2026-10-10,Financial,Mortgage Finance,1130000000.0,29.44,6.1,0.11,0.89,0.64,,2.17,0.78,1.48,74.77,15.17,2.95,168.29,22.9,55.82,-26.54,3.23,1.39,0.48,0.58,0.58,8.24,4.02,87.26,5.78,,
WDAY,2026-10-10,Technology,Software - Application,44970000000.0,37.87,14.09,0.75,4.42,6.96,15.81,16.01,7.400000000000001,13.74,75.82,12.64,12.31,20.1,19.49,18.88,,17.27,0.58,0.41,0.86,0.86,,19.51,88.38,6.51,,
WDC,2026-10-10,Technology,Computer Hardware,148710000000.0,16.43,12.05,0.19,11.51,16.18,42.36,131.36,66.83,103.78,48.83,35.58,71.97,100.8,60.71,62.91,55.65,-5.26,0.13,0.01,1.33,0.97,0.15,0.76,92.53,5.11,,
WDFC,2026-10-10,Basic Materials,Specialty Chemicals,2710000000.0,30.73,31.25,12.35,4.02,9.75,34.15,33.22,18.62,23.77,54.75,17.48,13.19,-6.97,4.02,2.53,8.72,8.7,0.41,0.34,2.65,1.95,1.9799999999999998,0.52,88.54,4.14,,
WEC,2026-10-10,Utilities,Utilities - Regulated Electric,33799999999.999996,20.09,17.3,2.41,3.33,2.39,,12.35,3.34,5.01,38.58,23.91,16.69,6.28,7.08,7.17,4.88,6.24,1.62,1.39,0.53,0.39,3.6799999999999997,0.17,88.86,4.38,,
WELL,2026-10-10,Real Estate,REIT - Healthcare Facilities,162510000000.0,,69.42,1.66,12.75,3.49,64.69,3.7699999999999996,2.47,2.35,20.26,5.3,-2.75,105.67,13.61,41.74,-22.65,18.69,0.42,0.42,13.31,13.31,1.39,0.04,101.77000000000001,2.46,,
WEN,2026-10-10,Consumer Cyclical,Restaurants,1190000000.0,9.44,12.13,,0.54,9.86,4.5,108.04,2.58,3.09,25.08,13.100000000000001,5.72,-43.57,3.47,-13.04,-0.96,2.79,33.81,32.9,1.9,1.88,6.959999999999999,9.17,86.08,28.13,,
WERN,2026-10-10,Industrials,Trucking,1960000000.0,,14.6,,0.6,1.45,36.75,-3.3300000000000005,-1.52,-2.08,4.07,0.7,-1.42,5732.99,98.85,,,4.63,0.7,0.64,1.45,1.42,1.7399999999999998,1.96,115.14999999999999,8.23,,
WEX,2026-10-10,Technology,Software - Infrastructure,5880000000.0,17.17,8.08,0.59,2.1,4.4,54.16,30.19,2.25,7.2,57.37,25.96,12.560000000000002,25.5,5.6,13.63,,11.27,3.98,2.62,1.04,1.04,,1.72,117.43999999999998,8.27,,
WFC,2026-10-10,Financial,Banks - Diversified,252660000000.0,12.14,10.4,0.77,1.97,1.53,36.85,12.520000000000001,1.06,6.39,,21.92,16.83,16.96,9.77,13.53,70.67,8.6,2.57,0.96,0.96,,2.28,0.2,79.65,0.81,,
WFRD,2026-10-10,Energy,Oil & Gas Equipment & Services,5660000000.0,15.4,11.15,1.28,1.19,3.13,10.77,22.2,7.15,10.96,29.24,14.42,7.66,-23.89,40.44,8.73,,5.94,0.91,0.87,2.34,1.77,1.4,2.1,105.81,5.86,,
WGO,2026-10-10,Consumer Cyclical,Recreational Vehicles,661210000.0,17.21,10.1,0.49,0.23,0.53,3.66,3.1400000000000006,1.8500000000000003,2.25,12.24,2.42,1.36,7.96,28.42,20.44,-13.14,3.5,0.39,0.39,2.37,0.92,5.87,4.17,107.89,9.92,,
WH,2026-10-10,Consumer Cyclical,Lodging,5500000000.0,27.09,13.94,1.44,3.88,11.49,17.07,39.62,4.82,6.64,45.2,38.15,14.67,4.55,10.97,9.7,,1.77,5.57,5.53,0.99,0.99,2.33,2.49,106.21000000000001,10.54,,
WHD,2026-10-10,Energy,Oil & Gas Equipment & Services,5090000000.0,54.3,17.97,1.22,3.73,3.56,15.82,6.849999999999999,3.71,6.4,30.659999999999997,19.17,6.01,8.06,21.45,14.75,27.27,25.36,0.05,0.03,2.59,1.81,0.9199999999999999,0.56,110.50999999999999,4.6,,
WHR,2026-10-10,Consumer Cyclical,"Furnishings, Fixtures & Appliances",1880000000.0,9.69,8.35,,0.13,0.48,,5.98,1.1,1.59,13.530000000000001,3.08,1.17,-71.09,91.79,-6.15,-19.73,-4.41,2.05,1.99,1.15,0.71,3.35,4.47,102.44,28.04,,
WINA,2026-10-10,Consumer Cyclical,Specialty Retail,1050000000.0,26.5,23.37,,12.12,,24.25,,94.36,166.98,96.66,62.33,47.09,0.62,9.85,,7.92,5.43,,,3.75,3.67,1.36,17.0,90.61,11.93,,
WING,2026-10-10,Consumer Cyclical,Restaurants,3330000000.0,29.03,22.88,1.31,4.62,,25.92,,17.04,23.48,82.62,28.77,16.15,8.29,20.94,17.42,51.34,22.87,,,2.97,2.97,1.04,0.73,124.81,18.57,,
WKC,2026-10-10,Energy,Oil & Gas Refining & Marketing,1860000000.0,,14.22,,0.04,1.48,,-12.560000000000002,-2.83,-8.99,1.6200000000000003,0.8100000000000002,-0.43,88.48,-28.89,-6.13,,12.95,0.59,0.59,1.06,0.91,2.44,3.72,117.74,21.03,,
WLK,2026-10-10,Basic Materials,Specialty Chemicals,7960000000.0,,22.2,,0.7,0.91,,-12.950000000000001,-6.11,-8.5,8.52,0.19,-10.88,362.27,18.87,,,8.28,0.68,0.66,2.45,1.7,3.51,74.17,31.58,14.75,,
WLY,2026-10-10,Communication Services,Publishing,2520000000.0,13.14,9.37,,1.51,3.16,10.49,25.91,7.01,9.25,71.23,17.56,11.9,14.56,10.42,,9.65,-2.89,1.72,1.69,0.64,0.61,2.87,22.94,85.21,11.48,,
WM,2026-10-10,Industrials,Waste Management,83470000000.0,29.56,23.11,2.42,3.25,8.42,23.36,29.830000000000002,6.19,8.86,29.15,18.51,11.12,8.07,11.47,9.56,13.74,10.62,2.35,2.24,0.91,0.87,1.81,0.24,86.29,1.95,,
WMB,2026-10-10,Energy,Oil & Gas Midstream,88890000000.0,29.01,27.88,2.12,7.21,6.76,,23.98,5.26,7.44,43.93,37.99,24.91,17.0,6.09,13.17,65.64,8.91,2.33,2.13,0.48,0.43,2.9,0.49,92.35,2.23,,
WMG,2026-10-10,Communication Services,Entertainment,15020000000.0,22.71,15.93,0.36,2.06,17.59,17.97,92.17,6.49,11.61,40.06,18.77,9.1,116.25,20.82,43.91,,8.49,5.76,5.71,0.73,0.72,2.7,72.29,30.760000000000005,7.02,,
WMS,2026-10-10,Industrials,Building Products & Equipment,9490000000.0,21.71,17.02,1.4,2.94,5.01,17.24,25.27,10.87,12.59,35.33,21.5,14.000000000000002,-0.4,18.37,12.13,16.0,9.0,0.95,0.92,2.12,1.18,0.62,7.22,94.68,4.26,,
WMT,2026-10-10,Consumer Defensive,Discount Stores,883420000000.0,40.34,34.58,3.14,1.2,9.0,65.4,23.44,7.82,14.2,25.230000000000004,4.39,3.0,9.43,11.47,11.01,11.53,4.99,0.75,0.58,0.77,0.23,0.9000000000000001,44.21,38.78,1.83,,
WOR,2026-10-10,Industrials,Metal Fabrication,3060000000.0,18.87,14.81,1.34,2.15,2.96,15.56,16.3,9.14,11.79,27.12,5.9,11.5,11.69,12.05,11.09,-25.22,-15.32,0.33,0.32,2.67,1.53,1.28,37.15,52.75,4.18,,
WPC,2026-10-10,Real Estate,REIT - Diversified,14440000000.0,21.7,20.54,2.04,8.06,1.66,14.27,7.71,3.55,3.77,59.97,53.17000000000001,36.34,28.37,-1.04,10.09,-4.13,7.26,1.03,0.99,0.3,0.3,5.91,1.07,79.94,3.96,,
WRB,2026-10-10,Financial,Insurance - Property & Casualty,26690000000.0,14.79,14.77,2.59,1.79,2.71,7.38,20.16,4.86,14.94,,16.89,12.94,13.79,-1.19,5.7,28.92,12.67,0.32,0.31,0.42,,1.86,40.64,60.89,5.95,,
WRBY,2026-10-10,Healthcare,Medical Instruments & Supplies,3130000000.0,416.8,40.99,1.07,3.43,7.97,143.78,2.06,1.05,1.27,52.61,0.25,0.8500000000000001,18.58,44.76,38.35,,17.23,0.64,0.55,2.18,1.93,,17.33,100.8,17.81,,
WRLD,2026-10-10,Financial,Credit Services,818290000.0,20.75,11.59,0.32,1.38,2.26,3.13,10.07,3.7800000000000002,4.01,98.51,17.39,6.709999999999999,89.1,14.87,35.76,-12.26,2.17,1.79,1.74,0.43,0.43,,18.78,92.53,10.42,,
WS,2026-10-10,Basic Materials,Steel,1810000000.0,,7.4,0.19,0.34,1.75,29.02,-3.1300000000000003,-0.8100000000000002,-1.26,10.17,2.2,-0.72,92.38,13.52,39.57,-53.75,-4.08,2.51,1.95,1.81,1.0,1.78,36.21,56.81,5.38,,
WSBC,2026-10-10,Financial,Banks - Regional,3510000000.0,10.62,9.47,1.47,2.31,0.9,8.87,8.98,1.29,6.17,,30.67,21.83,5.2,8.03,6.44,4.64,16.27,0.43,0.4,0.06,,4.17,2.22,85.93,6.91,,
WSC,2026-10-10,Industrials,Rental & Leasing Services,3090000000.0,,13.17,0.97,1.35,3.39,10.39,-7.08,-1.15,-1.5,46.38,20.55,-3.0,-6.67,15.69,13.64,,10.78,4.17,4.05,0.81,0.74,1.41,2.54,118.53,7.73,,
WSFS,2026-10-10,Financial,Banks - Regional,3850000000.0,12.64,10.76,0.76,2.81,1.42,13.07,11.85,1.48,10.21,,31.2,23.34,26.87,5.98,14.14,17.51,14.21,0.16,0.15,0.17,,1.02,1.09,93.21,5.1,,
WSM,2026-10-10,Consumer Cyclical,Specialty Retail,28480000000.0,24.73,23.0,2.17,3.56,13.3,21.2,54.96,21.97,34.16,47.19,19.23,14.730000000000002,11.09,10.57,10.6,15.47,2.85,0.71,0.61,1.45,0.68,1.23,1.9900000000000002,98.04,4.73,,
WSO,2026-10-10,Industrials,Industrial Distribution,11550000000.0,24.34,21.24,3.83,1.59,3.86,16.57,15.35,9.0,12.95,26.91,9.02,6.06,-1.72,9.46,5.54,11.8,7.45,0.18,0.14,3.2,1.45,4.39,14.06,93.74,11.78,,
WST,2026-10-10,Healthcare,Medical Instruments & Supplies,25760000000.0,46.79,36.56,2.25,7.74,8.62,58.96,19.09,14.069999999999999,17.2,36.82,21.97,16.98,23.05,11.59,16.27,8.26,7.45,0.11,0.1,2.82,2.12,0.22999999999999998,0.75,102.45,3.01,,
WT,2026-10-10,Financial,Asset Management,3430000000.0,43.4,16.95,0.79,5.62,8.2,17.49,18.56,5.87,5.43,78.31,39.75,13.15,39.53,11.19,21.5,,14.59,2.58,2.53,3.0,3.0,0.53,12.93,107.01,11.5,,
WTFC,2026-10-10,Financial,Banks - Regional,9660000000.0,11.51,10.32,1.08,2.23,1.35,5.99,12.21,1.25,7.57,,27.98,19.53,15.92,5.05,9.56,19.49,17.97,0.58,0.58,0.09,,1.54,1.53,96.82,4.44,,
WTRG,2026-10-10,Utilities,Utilities - Regulated Water,11060000000.0,19.91,16.53,3.91,4.31,1.58,,8.08,2.88,3.59,38.94,35.06,21.6,1.49,5.6,4.23,14.45,11.09,1.21,1.2,0.78,0.62,3.62,0.22999999999999998,80.46,2.32,,
WTS,2026-10-10,Industrials,Specialty Industrial Machinery,11770000000.0,30.79,25.13,1.93,4.4,5.38,33.7,18.81,13.720000000000002,16.71,48.79,19.46,14.34,21.53,9.17,13.03,24.79,10.08,0.05,0.05,2.66,1.6,0.68,18.76,82.49,2.76,,
WTW,2026-10-10,Financial,Insurance Brokers,27510000000.0,18.28,12.93,0.76,2.72,3.58,16.29,19.83,5.3,11.24,81.24,23.4,15.49,15.95,15.73,16.94,16.17,2.43,0.92,0.81,1.1,1.1,1.28,0.44,100.53,3.2,,
WU,2026-10-10,Financial,Credit Services,1910000000.0,4.94,4.06,,0.47,2.09,3.38,43.97,4.96,11.74,30.510000000000005,16.77,9.81,-26.84,17.82,-2.16,-3.18,-3.48,2.95,2.68,0.22,0.22,14.95,1.48,97.83,19.12,,
WWD,2026-10-10,Industrials,Aerospace & Defense,19810000000.0,37.31,31.31,1.39,4.73,8.03,52.61,22.34,11.14,17.75,29.469999999999995,15.839999999999998,13.170000000000002,37.55,13.08,22.49,13.95,7.41,0.55,0.26,1.65,1.14,0.37,0.63,91.53,1.84,,
WWW,2026-10-10,Consumer Cyclical,Footwear & Accessories,1590000000.0,15.07,10.5,0.65,0.82,3.55,9.32,26.6,6.0,9.56,46.9,8.69,5.41,21.92,12.42,16.05,,0.91,1.66,1.46,1.55,0.98,2.06,1.59,102.99000000000001,7.46,,
WY,2026-10-10,Real Estate,REIT - Specialty,13770000000.0,29.21,29.13,0.43,2.01,1.46,,4.97,2.86,3.2,14.510000000000002,6.16,6.890000000000001,48.17,121.26,68.24,-15.92,-1.72,0.58,0.56,1.82,1.15,4.4,0.86,92.23,3.97,,
WYNN,2026-10-10,Consumer Cyclical,Resorts & Casinos,7740000000.0,18.0,15.21,1.25,1.04,,9.77,,3.47,4.18,32.09,16.3,6.06,8.71,8.5,12.17,,27.77,,,0.91,0.88,1.33,24.41,73.26,12.5,,
XEL,2026-10-10,Utilities,Utilities - Regulated Electric,46080000000.0,20.19,16.24,1.66,3.15,1.91,,9.92,2.75,3.6,25.980000000000004,21.16,15.289999999999997,8.37,10.33,9.79,4.2,4.94,1.73,1.58,0.7,0.62,3.2400000000000007,0.19,98.31,7.9,,
XHR,2026-10-10,Real Estate,REIT - Hotel & Motel,1660000000.0,,28.6,,1.52,1.5,14.39,-0.62,-0.26,-0.29,14.360000000000001,6.64,-0.7,-104.69,2200.0,,,23.87,1.25,1.24,2.18,2.18,3.11,0.73,97.34,4.09,,
XNCR,2026-10-10,Healthcare,Biotechnology,1830000000.0,,,,17.45,3.64,,-29.07,-20.36,-25.44,90.3,-205.84000000000003,-155.59,-147.8,-8.97,,-0.43,0.47,0.34,0.28,6.39,6.39,,5.87,109.47,23.39,,
XOM,2026-10-10,Energy,Oil & Gas Integrated,694670000000.0,21.74,14.87,1.03,1.91,2.68,22.74,12.55,7.180000000000001,11.23,20.88,11.3,9.01,76.63,-8.01,14.4,,12.7,0.16,0.12,1.13,0.85,2.46,0.21,68.14,0.96,,
XPEL,2026-10-10,Consumer Cyclical,Auto Parts,1220000000.0,22.46,15.63,0.52,2.41,4.0,,19.48,13.84,15.08,42.9,13.41,10.77,18.92,29.24,30.32,22.82,24.54,0.21,0.19,2.61,1.14,,9.44,85.83,10.71,,
XPO,2026-10-10,Industrials,Trucking,21480000000.0,53.95,27.84,0.97,2.51,10.94,36.35,21.59,4.91,7.19,12.75,9.82,4.71,48.16,19.24,28.76,,-4.37,2.03,1.86,1.01,1.01,,3.2799999999999994,102.49,6.23,,
XRAY,2026-10-10,Healthcare,Medical Instruments & Supplies,1760000000.0,,5.9,7.1,0.48,1.3,12.31,-32.98,-9.69,-15.9,49.52,5.08,-14.99,-5.03,-1.44,0.83,-51.27,1.95,1.71,1.54,1.63,1.07,0.45000000000000007,0.8500000000000001,114.71000000000001,12.92,,
XYL,2026-10-10,Industrials,Specialty Industrial Machinery,23980000000.0,24.4,16.54,1.61,2.63,2.3,25.98,9.47,5.9,7.94,39.09,15.370000000000001,11.17,11.37,9.79,10.3,22.83,13.14,0.29,0.23,1.61,1.24,1.68,0.34,98.0,4.46,,
XYZ,2026-10-10,Technology,Software - Infrastructure,46410000000.0,137.51,14.73,0.37,1.85,2.1,11.95,1.6200000000000003,0.9399999999999998,1.25,45.81,17.59,1.43,71.24,29.23,40.32,36.61,20.56,0.33,0.3,2.21,2.19,,11.44,75.43,2.7,,
YELP,2026-10-10,Communication Services,Internet Content & Information,1010000000.0,8.9,7.35,1.06,0.68,1.59,3.4,18.19,12.839999999999998,16.64,85.59,12.689999999999998,8.59,-19.46,40.21,6.93,,10.91,0.19,0.18,1.75,1.75,,4.49,112.18,21.51,,
YETI,2026-10-10,Consumer Cyclical,Leisure,2900000000.0,17.32,11.86,0.81,1.5,4.76,11.37,25.319999999999997,13.73,21.22,59.209999999999994,12.18,9.24,20.15,12.57,14.58,2.71,11.35,0.42,0.38,1.75,0.87,1.08,1.51,123.26000000000002,10.62,,
YOU,2026-10-10,Technology,Software - Application,5880000000.0,29.65,19.77,0.54,5.87,21.5,11.56,90.29,10.72,47.7,63.18,25.129999999999995,14.78,63.69,19.82,36.81,,31.3,0.53,0.5,1.04,1.04,1.6099999999999999,7.180000000000001,97.35,13.29,,
YUM,2026-10-10,Consumer Cyclical,Restaurants,39520000000.0,18.21,20.1,2.04,4.53,,23.54,,28.42,63.45,45.33,32.42,25.420000000000005,7.98,10.28,9.84,13.51,7.76,,,0.59,0.59,2.06,0.15,91.72,4.55,,
ZBH,2026-10-10,Healthcare,Medical Devices,17000000000.0,21.69,9.83,1.66,2.0,1.35,14.17,6.419999999999999,3.53,4.27,61.42999999999999,16.33,9.48,4.06,6.32,5.91,,3.22,0.59,0.5,1.69,0.94,1.16,0.17,106.67,5.12,,
ZBRA,2026-10-10,Technology,Communication Equipment,18320000000.0,35.43,17.38,1.15,3.11,5.34,20.26,15.289999999999997,6.5,13.2,47.56,17.16,9.16,33.48,5.39,15.15,-2.63,4.06,0.86,0.19,0.52,0.33,,0.98,105.73000000000002,3.53,,
ZD,2026-10-10,Communication Services,Advertising Agencies,1940000000.0,,9.77,2.44,1.46,0.88,6.12,-2.75,-1.49,-1.12,69.25,10.2,-2.5,-22.99,13.36,4.0,-18.45,4.6,0.39,0.32,2.16,2.16,,3.7000000000000006,121.63999999999999,14.8,,
ZION,2026-10-10,Financial,Banks - Regional,9120000000.0,7.96,9.09,1.26,1.77,1.2,5.01,16.19,1.3,11.71,,29.059999999999995,22.3,33.4,-14.24,7.22,14.71,10.9,0.45,0.29,0.15,,2.94,1.58,84.71,4.45,,
ZTS,2026-10-10,Healthcare,Drug Manufacturers - Specialty & Generic,30910000000.0,12.31,11.55,3.69,3.25,9.84,13.07,64.39,17.7,21.12,70.22,37.65,27.49,-2.38,3.52,3.13,11.96,7.24,2.93,2.93,3.08,1.84,2.87,0.22999999999999998,100.53,4.47,,
ZWS,2026-10-10,Industrials,Pollution & Treatment Controls,7720000000.0,28.6,22.98,1.74,4.32,4.66,20.57,16.92,10.03,12.59,45.72,21.33,15.45,20.4,10.71,13.19,-2.0,-2.36,0.33,0.32,3.05,2.13,0.96,11.74,90.5,3.18,,
