ticker,as_of,sector,industry,market_cap,pe,forward_pe,peg,ps,pb,pfcf,roe,roa,roi,gross_margin,oper_margin,net_margin,eps_growth,eps_growth_next_y,eps_growth_5y,eps_growth_past5y,sales_growth,debt_equity,lt_debt_equity,current_ratio,quick_ratio,dividend_yield,insider_own,inst_own,short_float,promoter_holding,pledged_pct
3BFILMS,2026-10-10,,,31.0,16.8,,0.8469396420120214,0.5165805699050159,0.5813953488372093,,4.16,1.0200121957979933,4.9,,18.46,3.066155640726546,19.83612428400363,,56.03727114243022,,-5.80386990253926,1.8890560361037982,,,,0.0,,,,69.97,
3CIT,2026-10-10,,,9.32,21.2,,,0.15939798187104498,0.7013574660633484,,3.39,1.5037593984962405,4.3,,2.14,0.9919616897554301,-68.82012355565426,,-74.322392483545,,-1.898118244496938,0.03162650602409638,,,,0.0,,,,51.67,
AAKAAR,2026-10-10,,,96.4,14.5,,,1.4396654719235367,1.7662337662337662,,17.1,8.36061445479728,18.5,,15.41,9.916367980884111,-46.54795294060173,,-38.65829874335803,,26.882628015267663,0.33968835930339136,,,,0.0,,,,67.05,
AAPLUSTRAD,2026-10-10,,,28.2,62.7,,2.4122709578681465,3.4771886559802714,0.6408839779005524,,1.03,0.9386733416770965,1.57,,-6.78,5.548705302096178,25.99210498948732,,14.869835499703509,,-20.792391680083476,0.03323469155474618,,,,0.0,,,,3.82,
AARADHYA,2026-10-10,,,175.0,28.9,,,1.1666666666666667,2.2504537205081667,,11.3,4.3478260869565215,12.5,,8.0,4.0,0.0,,29.453875620531523,,21.806665826919456,0.5512820512820513,,,,0.0,,,,70.58,
AASHKA,2026-10-10,,,244.0,89.2,,,10.604085180356366,2.3582766439909295,,2.7,2.8832872928176796,4.05,,22.77,14.515428074750107,,,-8.907999870052418,,6.70355314534703,0.07979083954681901,,,,0.0,,,,61.34,
AATMAJ,2026-10-10,,,54.1,75.2,,,2.401242787394585,1.0666666666666667,,1.43,0.9262883235485974,3.6,,10.65,3.1513537505548155,-56.04351636246919,,-60.064839619324275,,-1.7286718358146547,0.4137320480031478,,,,0.0,,,,64.33,
AAYUSHBULL,2026-10-10,,,1964.0,249.0,,3.0516725999817083,9.092592592592593,32.29219143576826,,13.9,6.4,18.9,,5.0,3.7037037037037033,81.59459832011223,,,,155.1742221697941,0.0,,,,0.0,,,,24.63,
ABH,2026-10-10,,,51.1,8.9,,0.3455632386197862,0.9903100775193798,,,39.6,6.614284038935148,19.9,,28.76,10.930232558139535,25.755054373108322,,,,20.91268600628129,3.17358708189158,,,,0.0,,,,69.99,
ABHAPOWER,2026-10-10,,,43.2,17.6,,,0.6943105110896818,0.8083623693379791,,4.72,2.8751753155680224,7.36,,9.02,3.953712632594021,-64.32398812488603,,,,4.387274890957649,0.36829268292682926,,,,0.0,,,,72.52,
ABRFL,2026-10-10,,,19.0,8.09,,,0.16964285714285715,0.8181818181818181,,14.8,5.263157894736842,14.2,,3.7,1.7857142857142856,-38.82717980284396,,,,50.28006039632105,0.6086956521739131,,,,0.0,,,,67.33,
ABRIL,2026-10-10,,,26.3,17.6,,,0.40424223793421454,1.1073825503355705,,8.89,5.877742946708464,12.3,,3.24,2.305564094681832,,,,,,0.025651808242220353,,,,0.0,,,,61.71,
ABSMARINE,2026-10-10,,,761.0,9.68,,,2.385579937304075,2.440944881889764,,29.0,10.91644204851752,20.7,,47.0,25.391849529780565,,,,,42.17478104394821,1.2083333333333333,,,,0.0,,,,63.96,
ACCELERATE,2026-10-10,,,47.1,72.5,,,6.80635838150289,11.70940170940171,,16.2,3.9133052378085496,,,21.53,9.39306358381503,,,,,,2.6184538653366585,,,,0.22,,,,71.02,
ACCENTMIC,2026-10-10,,,1559.0,35.5,,1.1709875271452894,4.467048710601719,5.6521739130434785,,18.6,13.664596273291925,24.9,,16.0,12.607449856733524,30.316292169690517,,13.279160837620974,,21.000286957426017,0.0036231884057971015,,,,0.15,,,,51.4,
ACCORD,2026-10-10,,,73.0,84.8,,1.3142074013424463,1.9826181423139597,4.392523364485982,,6.05,6.887622993267738,9.25,,2.39,3.6121673003802286,64.52558394769187,,4.0528129052160855,,22.25582984669865,0.04774714189643577,,,,0.0,,,,31.99,
ACCORDTS,2026-10-10,,,190.0,42.2,,,2.712348322626695,3.8781512605042012,,12.8,5.378914654554149,13.8,,9.99,6.423982869379015,-60.22395267942785,,-41.216166549063516,,19.762349126092225,0.1808880703908328,,,,0.0,,,,61.97,
ACCPL,2026-10-10,,,210.0,21.7,,,2.3429655249358476,3.841463414634146,,27.6,12.610850286906624,28.9,,16.7,10.78879839339507,,,,,,0.2251873514896728,,,,0.0,,,,73.52,
ACEALPHA,2026-10-10,,,280.0,18.7,,,11.666666666666666,4.060913705583756,,29.3,20.54794520547945,39.6,,79.0,62.5,-86.23445947066983,,-35.89593338998527,,68.68653306034984,0.0,,,,0.0,,,,43.9,
ACETEC,2026-10-10,,,217.0,21.2,,,2.6144578313253013,3.1220657276995305,,24.8,13.333333333333334,34.6,,17.0,12.048192771084338,-83.96232835002087,,,,16.866915815850405,0.0,,,,0.0,,,,64.39,
ACFSL,2026-10-10,,,76.4,15.7,,,,0.8610804851157662,,5.63,3.5211267605633805,9.02,,,,,,,,,,,,,0.0,,,,64.66,
ACLD,2026-10-10,,,300.0,14.1,,,0.7853403141361257,2.3786407766990294,,18.7,8.366533864541832,18.8,,10.0,5.49738219895288,-86.00538013475321,,-78.38292009028164,,51.89574967146486,0.896,,,,0.0,,,,63.74,
ACML,2026-10-10,,,52.5,,,,0.5744611007768903,2.826771653543307,,-10.8,-5.885603757944184,-6.4,,-1.19,-2.330670751723383,,,,,-1.919033328250519,0.3189655172413793,,,,0.0,,,,58.99,
ACTIVEINFR,2026-10-10,,,259.0,25.4,,,2.670103092783505,2.144638403990025,,8.78,4.166666666666666,9.57,,17.0,10.309278350515463,-22.429378090822983,,,,2.91071032814445,0.6611570247933884,,,,0.29,,,,73.31,
ADCOUNTY,2026-10-10,,,171.0,8.03,,,1.8191489361702127,1.5978947368421055,,27.9,17.796610169491526,37.3,,28.0,22.340425531914892,,,,,,0.02830188679245283,,,,0.0,,,,65.54,
ADDICTIVE,2026-10-10,,,67.6,,,,0.9383675735702386,0.8603238866396762,,-0.56,-0.49024614441834335,0.9,,18.46,-0.6662965019433648,,,,,29.036740333473364,0.0,,,,0.0,,,,65.1,
ADESHWAR,2026-10-10,,,24.9,20.7,,,0.38449660284125997,0.7747747747747747,,,,,,5.2,1.2198888202594194,,,,,,,,,,0.0,,,,57.68,
ADHIRAJ,2026-10-10,,,,,,,,,,-1.09,-1.0695187165775402,-1.07,,-260.0,-60.0,,,,,-33.49713415717523,0.024405125076266018,,,,,,,,20.4,
ADISHAKTI,2026-10-10,,,10.1,,,,5.611111111111111,0.65,,0.0,0.0,0.0,,-6.11,0.0,,,,,-21.632925543323456,0.030070377479206652,,,,0.0,,,,16.63,
ADISOFT,2026-10-10,,,456.0,19.9,,,2.746987951807229,,,37.7,14.935064935064934,38.2,,18.0,13.855421686746988,-85.3568633117289,,,,29.747251054643932,0.3055555555555556,,,,0.0,,,,73.6,
ADMACH,2026-10-10,,,326.0,32.6,,0.22419433662988275,4.72463768115942,4.634615384615385,,21.6,10.989010989010989,25.0,,19.0,14.492753623188406,145.40956069652458,,,,74.43564929832081,0.0,,,,0.0,,,,52.95,
ADON,2026-10-10,,,233.0,10.0,,4.686827934769433,0.7191358024691358,,,91.7,19.65811965811966,84.0,,11.0,7.098765432098765,2.1336392415464145,,,,145.1173821929731,0.6153846153846154,,,,0.0,,,,65.44,
ADVANCETL,2026-10-10,,,70.4,17.0,,,1.4077184563087384,,,35.4,8.653026427962489,24.6,,15.54,8.118376324735053,-25.309920890713922,,-10.690539387698339,,9.789292782445314,1.2636961285609933,,,,0.0,,,,71.98,
AEGEUS,2026-10-10,,,100.0,24.9,,,2.4437927663734116,,,30.0,10.213414634146341,31.6,,16.72,9.824046920821113,,,,,,0.7740259740259741,,,,0.0,,,,46.09,
AERON,2026-10-10,,,143.0,16.3,,,0.6441441441441441,1.3043478260869563,,8.32,4.245283018867925,9.69,,9.0,4.054054054054054,-50.49460804673149,,-23.56114172997653,,7.440160348978164,0.5272727272727272,,,,0.0,,,,73.63,
AESTHETIK,2026-10-10,,,120.0,16.8,,,1.0169491525423728,2.386986301369863,,15.1,7.608695652173914,17.6,,10.0,5.932203389830509,-32.3802976567426,,,,43.41921420171222,0.5,,,,0.0,,,,69.57,
AFCOM,2026-10-10,,,4223.0,28.8,,0.4986172245066291,6.5984375,6.0875,,36.8,15.72192513368984,28.0,,39.0,22.96875,57.7597374990344,,21.884658813879977,,62.919381568434176,0.8774617067833698,,,,0.0,,,,35.84,
AFLTD,2026-10-10,,,168.0,46.4,,9.018840774721353,4.30658805434504,,,22.0,9.90450204638472,25.2,,14.12,9.305306331709819,5.144785362000537,,,,54.44007246745637,0.6973827699018539,,,,0.0,,,,68.57,
AGARWALFT,2026-10-10,,,18.3,12.5,,,0.2812788195511835,0.9166666666666666,,7.64,3.472714386959603,10.1,,5.73,2.2594528127881954,-16.122425172519648,,10.360807763812808,,10.522926910134323,0.8203203203203203,,,,0.0,,,,56.99,
AGARWALTUF,2026-10-10,,,339.0,15.7,,0.1923712341516931,3.568421052631579,2.687022900763359,,20.6,14.864864864864865,23.0,,30.0,23.157894736842106,81.61303361821687,,,,33.420082436097246,0.21551724137931033,,,,0.0,,,,60.39,
AGNI,2026-10-10,,,29.0,20.9,,,0.7511007511007511,0.896969696969697,,4.36,1.5478164731896074,8.97,,10.02,2.1756021756021755,,,23.445550092271294,,20.58524284242822,0.5097493036211699,,,,0.0,,,,70.57,
AGUL,2026-10-10,,,23.9,,,,0.32525857376156775,1.1012658227848102,,-12.2,0.15003750937734434,5.13,,1.8,0.10887316276537833,-62.65496044535696,,-52.3713833983416,,7.390269707827657,0.8758652514997692,,,,0.0,,,,70.64,
AHASOLAR,2026-10-10,,,21.3,101.0,,,0.23159725997607916,1.419753086419753,,1.41,1.0248901903367496,2.87,,0.67,0.22833532673697943,,,,,,0.06012024048096192,,,,0.0,,,,36.95,
AHIMSA,2026-10-10,,,14.1,,,,282.0,1.7432432432432432,,-6.0,-5.841121495327103,-5.87,,-920.0,-1000.0,,,,,-86.48176997595083,0.0,,,,0.0,,,,51.03,
AIKPIPES,2026-10-10,,,15.5,172.0,,,1.6402116402116402,0.6777777777777777,,0.39,0.26833631484794274,2.94,,9.84,0.9523809523809524,-78.63225405002915,,-53.58664786656726,,-32.318140517045244,0.3368237347294939,,,,0.0,,,,73.5,
AILIMITED,2026-10-10,,,17.2,21.6,,3.5063058496312514,0.6090651558073654,1.4750542299349239,,7.5,3.297609233305853,10.8,,7.97,2.8328611898017,6.160329682098786,,34.89526596076231,,7.788571262361321,0.9430379746835443,,,,0.0,,,,52.35,
AIMTRON,2026-10-10,,,3720.0,80.9,,,12.358803986710964,15.342105263157896,,23.6,10.952380952380953,28.2,,20.0,15.282392026578073,,,,,,0.23404255319148937,,,,0.0,,,,68.63,
AIRFLOA,2026-10-10,,,1356.0,34.6,,,4.2375,5.671342685370742,,22.4,9.67741935483871,25.6,,20.0,12.1875,,,,,,0.28451882845188287,,,,0.0,,,,54.2,
AISL,2026-10-10,,,78.2,21.5,,,0.30546875,0.9355742296918766,,7.13,2.9629629629629632,8.87,,2.1,1.5625,-18.857712100742674,,-10.19041958459599,,10.839367461184812,0.21428571428571427,,,,0.75,,,,74.98,
AJCJEWEL,2026-10-10,,,203.0,25.9,,,0.697594501718213,5.630252100840337,,30.9,9.523809523809524,22.0,,4.8,2.7491408934707904,,,,,,1.2222222222222223,,,,0.0,,,,56.33,
AKANKSHA,2026-10-10,,,344.0,59.4,,,3.7546387251691766,4.808743169398907,,8.41,4.141299730992496,11.0,,12.43,6.385068762278978,-42.469169857783804,,,,25.73644960626691,0.6009206304923979,,,,0.0,,,,57.51,
AKIKO,2026-10-10,,,432.0,22.3,,,2.0473933649289098,7.199281867145421,,29.4,20.37037037037037,37.3,,15.0,10.42654028436019,,,,,,0.25,,,,0.0,,,,67.29,
ALCODIS,2026-10-10,,,58.0,6.47,,,0.4264705882352941,0.5495145631067961,,8.52,3.9647577092511015,,,15.0,6.61764705882353,,,,,,0.7904761904761904,,,,0.0,,,,74.93,
ALKOSIGN,2026-10-10,,,64.8,8.93,,,2.4269662921348316,2.290076335877863,,23.7,-10.584834334000444,18.6,,36.48,-17.827715355805243,,,,,,0.4677533664068037,,,,0.0,,,,45.92,
ALLETEC,2026-10-10,,,238.0,9.37,,1.2455973174720776,1.6879432624113475,1.411483253588517,,17.0,11.428571428571429,22.1,,16.0,17.02127659574468,7.522495326994028,,16.69786712575285,,6.721939146133016,0.005917159763313609,,,,1.27,,,,50.1,
ALPEXSOLAR,2026-10-10,,,2056.0,10.2,,0.10941901338108244,0.876385336743393,3.659090909090909,,52.8,14.450867052023122,44.8,,14.0,8.525149190110827,93.21963052687776,,,,78.42648448107772,0.9555160142348754,,,,0.0,,,,65.9,
ALPHAIND,2026-10-10,,,141.0,26.2,,,3.1277728482697427,4.911032028469751,,21.3,15.187376725838261,28.5,,12.71,11.956521739130435,-47.47239464193611,,5.749698085425403,,35.77612133348151,0.040866224240307364,,,,0.0,,,,73.81,
ALUWIND,2026-10-10,,,113.0,11.6,,,0.8188405797101449,1.6170212765957448,,15.0,6.25,16.9,,12.0,7.246376811594203,,,,,,0.5857142857142857,,,,0.0,,,,72.15,
AMANAYA,2026-10-10,,,6.73,32.0,,0.82746661934934,0.07941002949852508,1.2162162162162162,,3.87,3.7300177619893424,5.54,,0.35,0.24778761061946902,38.672254870126956,,41.13593522139962,,96.97119523267088,0.0,,,,0.0,,,,48.31,
AMBAAUTO,2026-10-10,,,209.0,14.9,,2.192425000791497,0.7769516728624535,,,63.8,13.333333333333334,32.5,,10.0,5.204460966542751,6.796127573176225,,,,33.523573078303336,2.1379310344827585,,,,0.0,,,,,
AMBANIORGO,2026-10-10,,,115.0,86.4,,,0.47717842323651455,1.9850746268656716,,2.6,0.4484304932735426,10.6,,6.0,0.4149377593360996,-17.332873107027392,,-12.279542458629233,,22.22152655640994,1.4615384615384615,,,,0.0,,,,52.59,
AMBOAGRI,2026-10-10,,,20.5,38.0,,,0.1576923076923077,0.37591240875912413,,1.12,1.0752688172043012,5.17,,2.9,0.7692307692307693,,,,,,0.46296296296296297,,,,0.0,,,,49.9,
AMCL,2026-10-10,,,417.0,19.4,,0.4487502637443708,1.8533333333333333,4.235860409145608,,32.4,11.475409836065573,29.6,,15.0,9.333333333333334,43.23117236327943,,,,38.87830607195606,0.494949494949495,,,,0.0,,,,71.65,
AMEENJI,2026-10-10,,,314.0,49.6,,,2.5528455284552845,5.752577319587629,,16.6,4.137931034482759,16.9,,16.0,4.878048780487805,,,,,,1.0185185185185186,,,,0.0,,,,67.71,
AMEYA,2026-10-10,,,128.0,23.4,,0.5260317659583033,3.1896336905058558,3.8636363636363638,,18.0,13.898557931377425,24.9,,18.99,13.929728382756041,44.484005556909345,,-44.100911756203956,,12.122790404905203,0.0054528930627082695,,,,0.0,,,,72.45,
AMIABLE,2026-10-10,,,12.2,13.4,,,0.6414300736067298,1.2280701754385965,,9.59,6.278613472858077,12.6,,2.16,5.047318611987381,-3.8694803908576936,,-16.955378724688984,,-13.571046063064419,0.27683049147442323,,,,0.0,,,,70.16,
AMIC,2026-10-10,,,2738.0,89.8,,,19.418439716312058,11.974747474747474,,18.1,10.9375,25.2,,33.0,19.858156028368796,-38.400761742780944,,27.258238128831792,,6.721939146133016,0.028169014084507043,,,,0.0,,,,57.96,
AMKAY,2026-10-10,,,60.6,29.7,,,1.441827266238401,2.2950819672131146,,8.09,6.934854398078655,12.0,,9.16,5.496074232690935,-83.16477417994432,,-69.6666896835175,,14.690142578886878,0.14859742228961334,,,,0.0,,,,73.44,
AMRAFIN,2026-10-10,,,57.1,73.2,,7.5888404612029845,2.721639656816015,0.3794642857142857,,0.52,0.5196189461061888,0.41,,3.43,3.7178265014299336,9.645742373189425,,6.668390127527379,,-43.43321110554014,0.0,,,,0.0,,,,74.77,
AMWILL,2026-10-10,,,86.0,7.53,,,2.0,1.066997518610422,,15.3,12.643678160919542,20.5,,30.0,25.581395348837212,-82.33968173938094,,,,15.37281116524374,0.0,,,,1.16,,,,70.65,
ANAWIL,2026-10-10,,,1050.0,28.6,,0.5580673955887324,7.3426573426573425,,,56.6,12.67123287671233,32.3,,43.0,25.874125874125873,51.248290486184864,,,,76.51741676630314,1.4222222222222223,,,,0.0,,,,65.26,
ANGEL,2026-10-10,,,25.0,19.5,,,0.1179245283018868,0.8547008547008548,,4.48,1.25,10.4,,3.7,0.4716981132075472,,,-28.711729034861357,,20.554519631121515,1.1724137931034482,,,,0.0,,,,73.91,
ANL,2026-10-10,,,210.0,41.4,,,6.251860672819291,5.918367346938775,,25.0,12.134992819530876,27.7,,20.51,15.093777910092287,-3.460254925367723,,,,126.5186964360685,0.11925570904990133,,,,0.0,,,,73.48,
ANLON,2026-10-10,,,602.0,43.4,,1.0591661756982576,5.679245283018868,6.913793103448276,,21.1,12.844036697247708,27.1,,20.0,13.20754716981132,40.9756287500292,,-50.41102671876676,,47.54708770863027,0.16666666666666666,,,,0.0,,,,51.69,
ANONDITA,2026-10-10,,,1996.0,59.7,,,14.569343065693431,15.411764705882353,,40.2,18.37837837837838,43.8,,37.0,24.817518248175183,,,,,,0.26356589147286824,,,,0.0,,,,59.26,
ANUBHAV,2026-10-10,,,55.0,7.92,,,0.5045871559633027,,,36.4,9.333333333333334,24.5,,13.0,6.422018348623854,-22.982625764473184,,,,7.804216719503643,1.6956521739130435,,,,0.0,,,,72.73,
ANYA,2026-10-10,,,204.0,24.3,,,1.146067415730337,2.1144278606965177,,9.08,4.326923076923077,10.2,,9.0,5.056179775280898,-21.910333438092,,,,15.341962818541921,0.8541666666666666,,,,0.0,,,,65.4,
APEXECO,2026-10-10,,,327.0,19.2,,,2.1946308724832213,5.166666666666667,,31.1,19.101123595505616,41.4,,15.0,11.409395973154362,-30.544110469378115,,,,62.07128470212071,0.015873015873015872,,,,0.0,,,,69.29,
APL,2026-10-10,,,103.0,26.4,,,4.043973301923832,2.0789473684210527,,15.7,7.492739593417232,17.0,,-2.04,15.19434628975265,-33.01742477446206,,,,57.33200076414773,0.1312403499742666,,,,0.0,,,,39.48,
APPL,2026-10-10,,,723.0,156.0,,37.44788824908768,15.528350515463917,30.955882352941178,,30.5,10.610932475884246,30.0,,16.0,9.922680412371134,4.165788974864304,,,,49.62335561115392,0.3074946466809422,,,,0.0,,,,72.89,
APRAMEYA,2026-10-10,,,213.0,41.8,,,3.863595138762924,3.076923076923077,,7.63,6.235565819861432,12.8,,19.1,9.30527843279521,,,,,,0.10288184438040344,,,,0.0,,,,74.05,
APS,2026-10-10,,,448.0,7.72,,,0.632768361581921,2.727272727272727,,46.0,14.83375959079284,56.6,,13.0,8.192090395480225,,,,,,0.27439024390243905,,,,0.04,,,,72.62,
APSISAERO,2026-10-10,,,719.0,95.4,,,23.458401305057098,14.704433497536945,,25.5,11.886672997784109,32.0,,37.52,24.502446982055464,-16.050156313436393,,,,43.510575981245395,0.09202453987730061,,,,0.0,,,,73.02,
ARABIAN,2026-10-10,,,113.0,10.1,,,0.2736077481840194,1.6352201257861634,,17.6,6.395348837209303,18.4,,4.3,2.663438256658596,,,,,,0.6956521739130435,,,,0.0,,,,73.45,
ARCIIL,2026-10-10,,,33.0,17.7,,,1.5812170579779588,0.547945205479452,,4.36,2.7356964259449925,6.51,,15.0,8.912314326784859,-51.02678163861587,,14.245505931686564,,-4.524687155941509,0.0003322811098189068,,,,0.0,,,,64.51,
ARHAM,2026-10-10,,,423.0,34.7,,,3.5546218487394956,4.292035398230088,,18.8,7.361963190184049,19.8,,16.0,10.084033613445378,,,,,,0.26262626262626265,,,,0.0,,,,56.16,
ARIHANTACA,2026-10-10,,,279.0,30.3,,,4.130885401243707,8.303249097472925,,31.1,16.24542443785951,42.5,,21.69,13.799230085875037,,,,,64.3654806539273,0.0,,,,0.43,,,,64.74,
ARISTO,2026-10-10,,,64.0,8.91,,0.3381092683334853,0.17582417582417584,1.4506172839506173,,17.6,4.516129032258064,19.6,,4.4,1.9230769230769231,26.35242755667926,,37.328204434499376,,18.63558150643685,0.7954545454545454,,,,0.64,,,,73.42,
ARITAS,2026-10-10,,,25.8,5.44,,,0.25544554455445545,0.46953405017921146,,12.6,4.504504504504505,11.6,,9.0,4.9504950495049505,-15.256326593767655,,,,25.579013155353557,0.5636363636363636,,,,0.0,,,,27.99,
ARMOUR,2026-10-10,,,36.5,6.88,,,0.7752761257434155,0.7797833935018051,,16.3,10.34684333593141,22.8,,17.37,11.278674596431605,,,,,17.732638991947415,0.022664100919392777,,,,0.0,,,,70.12,
ARROWHEAD,2026-10-10,,,12.8,98.2,,,0.5498281786941581,0.7620111731843576,,0.78,0.5908932916232187,3.4,,3.31,0.7302405498281787,-51.07395341346746,,,,2.734657447250055,0.32298507462686565,,,,0.0,,,,35.09,
ARTEMISADR,2026-10-10,,,60.9,,,,160.26315789473685,1.7739130434782608,,-1.93,-2.1440823327615783,-2.24,,-178.95,-197.36842105263156,,,,,-52.91375359383399,0.008127721335268505,,,,0.0,,,,35.31,
ARUNAYA,2026-10-10,,,24.0,5.89,,,0.3883495145631068,,,44.1,9.054593874833555,32.5,,11.29,6.601941747572816,,,,,,1.1801242236024845,,,,0.0,,,,60.79,
ARVINDPORT,2026-10-10,,,55.0,66.2,,,4.273504273504273,0.6722338204592903,,1.02,1.4049841041944418,2.2,,67.06,10.644910644910647,,,,,,0.0473568281938326,,,,0.0,,,,54.2,
ASARFI,2026-10-10,,,395.0,22.2,,0.3556783552851816,2.1467391304347827,3.8803088803088803,,18.6,9.32642487046632,18.6,,20.0,9.782608695652174,62.41594314110039,,,,31.45514888223815,0.5918367346938775,,,,0.0,,,,61.17,
ASCENSIVE,2026-10-10,,,67.0,19.1,,0.5726591821511073,1.1415914125063895,3.526881720430107,,20.3,9.57058658433904,24.5,,10.29,5.810189129323565,33.35317165133675,,34.29656306321513,,53.33333075299043,0.4102159031068983,,,,0.0,,,,52.24,
ASCOM,2026-10-10,,,244.0,46.3,,26.003074387278858,,4.425531914893617,,10.0,8.761936672809517,13.2,,,,1.7805586874239276,,1.7471633371324513,,,,,,,0.12,,,,74.85,
ASHALOG,2026-10-10,,,81.4,9.07,,,0.25517241379310346,0.5825242718446602,,6.65,3.557312252964427,9.61,,9.0,2.8213166144200628,,,,,12.844198496255888,0.5642857142857143,,,,0.0,,,,68.03,
ASHWINI,2026-10-10,,,232.0,16.3,,,1.7984496124031009,2.5285481239804244,,25.1,8.0,20.6,,26.0,10.852713178294573,-51.86214124675252,,,,18.76805975404421,0.7717391304347826,,,,0.0,,,,66.67,
ASPIRE,2026-10-10,,,22.6,8.91,,,0.12840909090909092,0.4318840579710145,,5.0,3.1578947368421053,7.11,,1.1,1.7045454545454544,-67.17662574103882,,-76.34132755291473,,-20.173787658127786,0.34615384615384615,,,,0.0,,,,72.35,
ASSOCIATED,2026-10-10,,,12.5,10.9,,,1.513317191283293,1.5986159169550174,,15.8,11.036468330134356,20.3,,19.73,13.922518159806293,-64.0610536386327,,,,32.016596753758094,0.01278772378516624,,,,0.0,,,,68.79,
ASTONEALAB,2026-10-10,,,341.0,75.4,,,2.304054054054054,5.955882352941177,,12.0,3.4246575342465753,10.5,,9.0,3.3783783783783785,,,,,,0.7413793103448276,,,,0.0,,,,72.44,
ASTRONMULT,2026-10-10,,,15.0,4.47,,,0.30991735537190085,0.5523809523809523,,17.8,9.413369713506139,21.2,,10.76,7.1280991735537205,-5.019852464593488,,,,35.41845071355192,0.09043927648578813,,,,0.0,,,,66.05,
ATCENERGY,2026-10-10,,,42.3,,,,1.376057254391672,0.48372093023255813,,-1.67,-1.323910904374273,0.63,,6.86,-4.814573845152895,,,,,-2.4747393511461158,0.22311029915505823,,,,0.0,,,,72.06,
ATENPAPERS,2026-10-10,,,21.8,2.95,,0.23105965275842166,0.11657754010695187,0.4398340248962655,,23.2,9.45945945945946,25.2,,6.0,3.7433155080213902,12.767265789515815,,,,27.135471513928657,0.1836734693877551,,,,0.0,,,,67.96,
ATHARVA,2026-10-10,,,200.0,30.9,,0.4493077208229283,3.6771465342893914,,,39.6,14.77843764275925,38.2,,17.94,11.895569038426181,68.7724661027529,,,,6.28540186203792,0.49846782431052095,,,,0.0,,,,100.0,
ATHCON,2026-10-10,,,3.94,,,,,0.6730769230769231,,-10.8,-3.9528023598820066,-3.9,,37.33,,,,,,,0.5521367521367522,,,,0.0,,,,37.92,
ATIL,2026-10-10,,,123.0,11.2,,0.3809661862995817,1.1181818181818182,1.5734265734265733,,21.3,9.482758620689655,19.3,,13.0,10.0,29.398934610938454,,,,15.173720500186395,0.3037974683544304,,,,0.0,,,,73.05,
ATMASTCO,2026-10-10,,,283.0,11.1,,,0.9658703071672355,1.8243243243243243,,18.2,4.502369668246446,20.4,,16.0,6.484641638225256,-3.7294817335862596,,79.77999900609032,,6.58205382415995,0.7074829931972789,,,,0.0,,,,66.14,
AUREATE,2026-10-10,,,62.7,11.9,,,0.41800000000000004,,,33.8,6.329113924050633,20.5,,6.0,3.3333333333333335,-73.82491461221204,,,,-10.467304922675458,1.8888888888888888,,,,0.0,,,,64.63,
AUROIMPEX,2026-10-10,,,51.0,12.3,,,0.204,0.9928741092636578,,8.44,3.669724770642202,10.1,,3.5,1.6,-19.182151062640994,,,,2.522064078923192,0.8431372549019608,,,,0.0,,,,71.62,
AUSL,2026-10-10,,,59.0,14.7,,,0.14532019704433496,0.5721153846153846,,3.96,2.072538860103627,7.36,,2.7,0.9852216748768473,-10.766747611149563,,-15.45328280174002,,-8.50092127301194,0.7669902912621359,,,,0.0,,,,68.76,
AUSTERE,2026-10-10,,,40.9,8.16,,,1.8349035441902197,1.1676646706586826,,19.6,12.743362831858407,26.5,,28.31,22.611036339165548,-86.14875427534058,,,,13.215603066553317,0.0,,,,2.56,,,,67.0,
AVANA,2026-10-10,,,320.0,27.3,,,3.8095238095238093,5.402298850574712,,28.9,14.117647058823529,38.1,,19.0,14.285714285714285,-23.54331900356965,,8.785288677456847,,44.22495703074083,0.01694915254237288,,,,0.0,,,,73.64,
AVATAR,2026-10-10,,,201.0,542.0,,,1.9514563106796117,5.676470588235294,,1.05,0.0,1.36,,-0.2,0.0,,,,,,0.0,,,,0.0,,,,66.32,
AVAX,2026-10-10,,,38.0,,,,,,,,,,,,,,,,,,,,,,0.0,,,,51.98,
AVIANSH,2026-10-10,,,134.0,105.0,,,0.950354609929078,3.060702875399361,,2.95,1.1235955056179776,5.11,,4.7,0.7092198581560284,-32.017508170328256,,-33.11948189673508,,5.231214027537567,0.8409090909090909,,,,0.0,,,,66.99,
AVIENCE,2026-10-10,,,151.0,17.2,,,2.8783835303088066,,,32.3,11.738663804668633,27.0,,28.78,16.679374761723217,,,,,,0.9210442534224769,,,,0.0,,,,64.59,
AVPINFRA,2026-10-10,,,139.0,3.29,,,0.31519274376417233,0.7773109243697478,,27.7,8.21917808219178,22.4,,19.0,9.523809523809524,-11.104022556041414,,,,56.52375198699717,1.3146067415730338,,,,0.0,,,,62.41,
AVSL,2026-10-10,,,63.8,28.4,,,0.6254901960784314,4.49438202247191,,17.2,3.9215686274509802,17.4,,3.3,1.9607843137254901,,,,,,0.9285714285714286,,,,0.0,,,,71.99,
AZTEC,2026-10-10,,,126.0,17.2,,,1.305293691080493,2.1962174940898347,,13.6,6.89879899450703,17.0,,13.66,7.676370040401947,,,,,,0.29010950808273944,,,,0.0,,,,74.76,
BABAFP,2026-10-10,,,34.9,,,,0.17024390243902437,0.5646437994722955,,-2.29,-0.6756756756756757,1.31,,1.6,-0.4878048780487805,,,,,2.9276373601392125,1.1774193548387097,,,,0.0,,,,73.5,
BAGDIGITAL,2026-10-10,,,236.0,21.9,,,5.488372093023256,3.0578512396694215,,21.7,10.784313725490197,32.5,,42.0,25.581395348837212,-89.90681347783416,,,,19.814528297901845,0.012987012987012988,,,,0.0,,,,65.94,
BAHETI,2026-10-10,,,732.0,27.1,,0.3763912070118735,1.011049723756906,7.814938684503901,,35.4,7.180851063829788,21.6,,8.0,3.7292817679558015,71.9995565654782,,82.48112885520055,,26.459612445287405,2.4946236559139785,,,,0.0,,,,74.13,
BAIKAKAJI,2026-10-10,,,628.0,27.8,,,1.7252747252747254,3.5688185140073085,,19.7,9.608540925266903,20.0,,13.0,7.417582417582418,,,,,,0.37714285714285717,,,,0.0,,,,74.07,
BALAJIPHOS,2026-10-10,,,262.0,25.6,,,1.5411764705882354,2.8871391076115485,,12.0,6.134969325153374,15.2,,11.0,5.88235294117647,-14.293074295460517,,13.628826014927142,,5.445238400967645,0.46153846153846156,,,,0.0,,,,69.9,
BALCO,2026-10-10,,,8.32,18.9,,,0.18633818589025758,0.7983193277310924,,4.31,1.4935505770536321,7.89,,4.61,0.9854423292273237,-36.529084968644,,,,-8.721226839097518,1.0873320537428024,,,,0.0,,,,63.35,
BARFLEX,2026-10-10,,,124.0,43.4,,,1.0420168067226891,1.2919896640826873,,3.05,2.941176470588235,5.82,,5.0,3.361344537815126,,,,,,0.20833333333333334,,,,0.0,,,,67.22,
BASILIC,2026-10-10,,,565.0,11.8,,2.715065487442109,1.354916067146283,1.696969696969697,,19.1,8.379888268156424,21.5,,19.0,10.79136690647482,4.346119846677032,,14.69059056717792,,59.37967739526453,0.31736526946107785,,,,0.0,,,,55.32,
BAWEJA,2026-10-10,,,48.2,7.94,,,0.6991586887148246,0.4388609715242881,,5.67,3.2585355378999354,7.93,,16.83,8.804757760371338,,,,,,0.3489914592040705,,,,0.0,,,,70.69,
BCCL,2026-10-10,,,34.5,8.26,,0.8484247397374096,0.22258064516129034,0.3265582655826559,,4.51,2.6490066225165565,8.01,,5.0,2.5806451612903225,9.735689700133566,,,,12.110512440831279,0.019230769230769232,,,,0.0,,,,39.66,
BDI,2026-10-10,,,156.0,16.4,,,1.5445544554455446,2.1782178217821784,,20.6,8.695652173913043,23.9,,18.0,9.900990099009901,-83.46987014431377,,,,22.457736610029897,0.25,,,,0.0,,,,70.44,
BEACON,2026-10-10,,,154.0,22.0,,,4.38496583143508,2.972027972027972,,14.5,10.868878357030017,19.8,,35.45,19.58997722095672,-32.85314028744568,,,,31.146075261493245,0.0,,,,0.0,,,,46.15,
BEEZAASAN,2026-10-10,,,1159.0,87.5,,2.9090114453927183,5.466981132075472,7.427184466019417,,10.5,6.403940886699508,12.2,,10.0,6.132075471698113,30.078946625865697,,,,-2.39613745482099,0.23870967741935484,,,,0.0,,,,75.0,
BENARA,2026-10-10,,,14.4,,,,4.8,-0.5554794520547945,,,-37.2093023255814,-36.7,,-469.0,-533.3333333333333,,,,,-46.867071540869446,-2.423076923076923,,,,0.0,,,,69.91,
BENCHMARK,2026-10-10,,,32.4,9.88,,,0.4908347220118163,1.063063063063063,,11.4,7.3028866867729425,14.2,,8.18,5.135585517345857,,,,,27.363882694720807,0.09517558254020347,,,,0.0,,,,72.26,
BEWLTD,2026-10-10,,,76.9,20.4,,,0.4134408602150538,0.5444444444444444,,2.71,1.486988847583643,4.43,,5.0,2.1505376344086025,-25.924246014032427,,-1.3293764665858854,,20.61528841335445,0.44680851063829785,,,,0.0,,,,46.11,
BHADORA,2026-10-10,,,288.0,29.9,,0.4381983415714246,2.304,3.522727272727273,,18.8,8.695652173913043,23.7,,13.0,8.0,68.23394149045727,,,,90.78570709222198,0.21951219512195122,,,,0.0,,,,65.59,
BHANDERI,2026-10-10,,,32.5,162.0,,,11.818181818181818,1.2254901960784315,,0.76,0.3950037365218319,0.93,,-17.09,13.454545454545455,-29.844462872089007,,-5.834573630852635,,-24.062257289236644,1.986461075592328,,,,0.0,,,,56.98,
BHARATROHAN,2026-10-10,,,201.0,19.2,,,2.364705882352941,2.3006833712984056,,16.8,10.204081632653061,21.1,,17.0,11.76470588235294,,,,,,0.045454545454545456,,,,0.0,,,,40.27,
BHAVIK,2026-10-10,,,306.0,22.6,,,0.4872611464968153,1.8427518427518426,,10.3,5.982905982905983,14.3,,2.7,2.229299363057325,-38.83160572046583,,-22.122813287250075,,3.832248980899622,0.0,,,,0.0,,,,72.98,
BIKEWO,2026-10-10,,,167.0,51.1,,,3.0670339761248853,4.0,,8.14,6.431943351691581,11.0,,10.34,6.005509641873278,,,,,,0.1470939966515188,,,,0.0,,,,53.2,
BILLWIN,2026-10-10,,,19.3,41.1,,,2.3886138613861387,1.3237822349570203,,3.27,2.528240989779451,5.37,,10.77,5.816831683168316,-13.324466145863333,,51.571656651039824,,18.79224980611771,0.10547945205479453,,,,0.0,,,,40.57,
BINDALEXPO,2026-10-10,,,12.8,45.7,,,0.5696484201157099,1.3830845771144278,,3.08,2.356902356902357,3.85,,2.27,1.2461059190031154,-12.482249246774346,,5.806999970214632,,-17.937407549094043,0.0,,,,0.0,,,,72.87,
BIOPOL,2026-10-10,,,56.2,6.26,,,0.6926300221838797,1.1255411255411254,,28.2,12.856528593951557,34.1,,16.58,11.05496672418043,,,,,,0.16943721209693574,,,,0.0,,,,65.81,
BIRDYS,2026-10-10,,,54.7,,,,5.470000000000001,2.5,,-27.4,-44.0,-28.5,,-62.0,-110.00000000000001,,,,,-12.64195352637011,0.15789473684210525,,,,0.0,,,,26.87,
BIZOTIC,2026-10-10,,,635.0,35.4,,0.600964726358534,2.5298804780876494,5.288461538461538,,20.5,8.411214953271028,26.8,,10.0,7.171314741035857,58.905287527442084,,-37.62576630824784,,56.88693851323128,0.06896551724137931,,,,0.0,,,,74.98,
BLT,2026-10-10,,,13.0,3.39,,,0.2320599785790789,0.6192660550458715,,25.7,10.693400167084379,23.0,,17.33,6.854694751874329,,,,,,0.484688995215311,,,,0.0,,,,73.61,
BLUEPEBBLE,2026-10-10,,,27.3,55.8,,,1.2615526802218116,0.9824046920821113,,1.77,1.5142150803461063,2.42,,4.62,2.2643253234750462,,,,,,0.0,,,,0.0,,,,73.53,
BLUEWATER,2026-10-10,,,577.0,16.2,,5.485129987544334,1.0567765567765568,7.123473541383989,,49.8,15.254237288135593,31.4,,11.0,6.593406593406594,2.95343957878611,,,,57.78266269553514,1.3333333333333333,,,,0.0,,,,69.55,
BMAL,2026-10-10,,,12.0,44.6,,,0.43731778425655976,0.6749740394600207,,1.53,0.7624964699237504,3.11,,3.86,0.9839650145772596,,,,,,0.6500280426247897,,,,0.0,,,,73.59,
BMETRICS,2026-10-10,,,43.1,26.0,,,0.4652920220231027,2.0114942528735633,,8.18,3.2396565183450425,11.2,,3.89,1.7920760012954766,,,,,,0.5159027128157155,,,,0.29,,,,70.13,
BMLL,2026-10-10,,,192.0,16.0,,,4.465116279069767,,,45.2,16.43835616438356,,,46.0,27.906976744186046,,,,,,1.5384615384615385,,,,0.0,,,,67.7,
BONDADA,2026-10-10,,,3223.0,14.8,,0.2183842611645189,1.0826335236815585,4.646302250803858,,35.7,10.926016658500735,39.4,,11.0,7.490762512596574,67.77045159335215,,-4.592057761230672,,54.89905664345096,0.4207492795389049,,,,0.1,,,,61.52,
BOSS,2026-10-10,,,24.9,15.0,,,1.2487462387161483,1.6,,11.3,8.49974398361495,15.7,,13.79,8.324974924774322,-84.54285956595221,,-49.176656865637625,,24.79368174183627,0.0019292604501607716,,,,0.0,,,,71.35,
BRACEPORT,2026-10-10,,,72.3,16.2,,,1.1731299691708583,1.6842105263157894,,10.8,9.381617958492164,15.6,,8.62,7.188057764075936,,,,,,0.007916181606519208,,,,2.89,,,,70.17,
BRANDMAN,2026-10-10,,,343.0,11.6,,,2.117283950617284,2.339622641509434,,29.4,12.01923076923077,36.8,,17.0,15.432098765432098,,,,,,0.09219858156028368,,,,0.0,,,,69.02,
BRGIL,2026-10-10,,,469.0,10.4,,,0.5719512195121951,1.7130434782608697,,17.9,9.82532751091703,22.7,,9.0,5.487804878048781,-1.8930395774799824,,20.02960275671988,,33.32530459041434,0.2773722627737226,,,,0.13,,,,73.6,
BRIGHT,2026-10-10,,,742.0,30.8,,0.6417919186524208,4.849673202614379,4.0,,13.8,10.85972850678733,18.7,,21.0,15.686274509803921,47.99063232935556,,51.29805981843547,,18.477132519697804,0.0,,,,0.15,,,,69.76,
BRISK,2026-10-10,,,14.8,14.6,,,0.4925124792013311,1.9759358288770055,,13.9,8.101667990468627,18.0,,5.69,3.394342762063228,-18.000825342862438,,-49.149434920116605,,17.955639823574643,0.1054739652870494,,,,4.6,,,,59.99,
BROACH,2026-10-10,,,8.5,94.4,,,1.4431239388794568,0.8974358974358975,,0.96,0.8364312267657992,2.52,,8.66,1.5280135823429541,,,,,47.91582345406367,0.0,,,,0.0,,,,63.86,
BRRL,2026-10-10,,,912.0,26.4,,0.1610251838016559,5.428571428571429,5.157894736842105,,21.8,9.368635437881874,21.6,,39.0,27.380952380952383,163.94951011214752,,40.3815211102031,,114.59525758708126,1.0625,,,,0.0,,,,73.15,
BULKCORP,2026-10-10,,,59.6,15.9,,,0.9052247873633049,1.7164502164502162,,11.4,7.289427398866523,17.2,,10.15,5.665249088699878,-9.49237135978519,,6.9782977053360895,,19.61598253884005,0.3034840195796142,,,,0.0,,,,72.26,
C2C,2026-10-10,,,295.0,16.1,,,2.0205479452054793,1.2517985611510791,,8.45,4.81283422459893,13.5,,16.0,12.32876712328767,-17.45181877763433,,,,163.28187140857185,0.22784810126582278,,,,0.0,,,,36.98,
CADSYS,2026-10-10,,,38.0,,,,0.3275862068965517,1.0919540229885059,,-35.9,-40.78947368421053,-14.0,,-12.0,-26.72413793103448,,,,,-12.808667760685555,0.2,,,,0.0,,,,47.78,
CANARYS,2026-10-10,,,159.0,11.4,,,0.803030303030303,1.534090909090909,,14.6,10.638297872340425,22.6,,11.0,7.575757575757576,,,,,38.20846460022369,0.09615384615384616,,,,0.0,,,,58.16,
CARGOSOL,2026-10-10,,,25.1,,,,0.22612612612612615,1.1284403669724772,,-0.13,-0.0,8.13,,4.9,-0.0,,,,,-13.245631572208627,1.2272727272727273,,,,0.0,,,,73.56,
CARGOTRANS,2026-10-10,,,53.4,10.5,,0.6440422893410452,0.48108108108108105,1.1108374384236452,,14.3,8.47457627118644,19.0,,8.0,4.504504504504505,16.303277244019366,,-13.977288546070465,,14.471424255333186,0.0625,,,,0.78,,,,53.71,
CBAZAAR,2026-10-10,,,10.8,,,,0.4306220095693781,2.7297297297297294,,-36.3,-17.075232459847843,-32.6,,-13.24,-8.054226475279107,,,,,-9.143970358393016,0.1385390428211587,,,,0.0,,,,38.61,
CBPL,2026-10-10,,,28.8,9.45,,0.19105415299503442,0.2482758620689655,0.8701594533029614,,9.67,3.1914893617021276,12.1,,3.3,2.586206896551724,49.462416031572,,74.45694830286752,,-1.123690621834983,0.5,,,,0.0,,,,73.02,
CCAL,2026-10-10,,,89.4,7.15,,,4.575230296827022,3.2235294117647055,,42.0,-7.647402218330416,42.0,,64.02,-20.112589559877176,,,,,-7.4014224726309585,0.0010803024846957148,,,,0.0,,,,54.7,
CEDAAR,2026-10-10,,,19.4,,,,0.11901840490797545,0.4011461318051576,,-125.0,-31.140350877192986,-51.0,,-51.0,-43.558282208588956,,,,,0.6211339383710213,2.183673469387755,,,,0.0,,,,68.66,
CELLECOR,2026-10-10,,,688.0,17.4,,,0.5325077399380805,3.128371089536138,,22.0,8.547008547008547,22.7,,6.0,3.0959752321981426,,,,,,0.6926829268292682,,,,0.0,,,,43.08,
CELLPOINT,2026-10-10,,,29.1,484.0,,,0.08267045454545455,0.3919597989949749,,0.08,0.0,5.53,,2.9,0.0,-81.74319493384378,,-65.42306347058783,,7.166457967424877,1.0266666666666666,,,,0.0,,,,73.06,
CFF,2026-10-10,,,2187.0,55.8,,1.46550491597329,10.464114832535886,8.21259842519685,,19.0,12.302839116719243,23.5,,28.0,18.660287081339714,38.07561434411251,,39.80034765266802,,43.316429254272016,0.07518796992481203,,,,0.12,,,,68.06,
CGRAPHICS,2026-10-10,,,378.0,20.1,,,1.092485549132948,2.9980657640232105,,16.2,6.785714285714286,16.1,,10.0,5.491329479768786,-59.39698008756986,,-23.976345360740247,,56.65509697771116,0.76,,,,0.0,,,,68.07,
CHAMUNDA,2026-10-10,,,49.5,14.0,,,1.5449438202247192,1.7307692307692308,,13.1,10.220673635307783,15.2,,15.04,10.986267166042447,,,,,31.970413627437733,0.0951048951048951,,,,0.0,,,,74.34,
CHANDAN,2026-10-10,,,575.0,21.9,,2.909413414698422,1.9896193771626298,3.361945636623748,,19.8,8.620689655172415,23.3,,20.0,8.650519031141869,7.527290514768614,,,,17.753780417106558,0.3157894736842105,,,,0.0,,,,47.2,
CHATHA,2026-10-10,,,230.0,35.9,,,1.3855421686746987,2.5675675675675675,,7.46,3.6585365853658534,8.33,,7.0,3.614457831325301,,,,,,0.4606741573033708,,,,0.0,,,,55.77,
CHAVDA,2026-10-10,,,358.0,19.0,,,1.115264797507788,1.621301775147929,,10.1,3.4000000000000004,13.4,,18.0,5.29595015576324,-8.101269158731018,,-29.377623714298096,,25.60203405653936,0.6289592760180995,,,,0.0,,,,55.14,
CHCL,2026-10-10,,,64.9,,,,2.317857142857143,7.60233918128655,,-49.2,-37.096774193548384,-15.1,,-23.0,-82.14285714285714,,,,,-25.965130783694867,3.2222222222222223,,,,0.0,,,,95.0,
CHEMKART,2026-10-10,,,293.0,14.9,,,1.3627906976744186,2.2616822429906542,,21.5,12.738853503184714,27.7,,13.0,9.30232558139535,-33.97174705310415,,,,17.95663862236232,0.038461538461538464,,,,0.0,,,,74.66,
CHETANA,2026-10-10,,,71.8,5.2,,,0.7402061855670102,0.7770419426048566,,16.1,9.774436090225564,18.9,,23.0,13.402061855670103,,,,,,0.29347826086956524,,,,0.0,,,,74.02,
CHIRAHARIT,2026-10-10,,,57.8,642.0,,,1.053590958804229,1.7355371900826446,,0.42,0.1618705035971223,3.86,,2.72,0.16405395552314983,-77.1664429801853,,,,18.59434384714882,0.3317249698431846,,,,0.0,,,,73.0,
CHOTHANI,2026-10-10,,,10.8,97.8,,,1.2965186074429773,0.6887417218543047,,0.71,0.5250596658711217,2.23,,4.92,1.3205282112845138,-23.940950784772163,,-8.338121623946426,,0.5256869742073178,0.10243277848911653,,,,0.0,,,,28.96,
CHTR,2026-10-10,,,42.5,4.67,,,0.5046307290429827,0.6080808080808081,,19.0,9.972602739726028,25.8,,16.04,10.805034433626217,,,,,,0.0,,,,0.0,,,,60.39,
CITICHEM,2026-10-10,,,11.6,11.6,,0.43185217255825353,0.7848443843031123,0.5483870967741935,,4.85,1.8248175182481754,7.18,,8.86,6.7658998646820026,26.86104351700407,,,,-10.963942985575903,0.3658767772511848,,,,0.0,,,,62.3,
CITYSQUARE,2026-10-10,,,104.0,21.4,,0.4994396038623497,1.4547489159322984,3.0154639175257736,,20.3,8.360515021459229,25.4,,14.86,6.812141558259897,42.848023734012976,,,,29.80062754977155,0.2971561230412072,,,,0.0,,,,52.46,
CKKRETAIL,2026-10-10,,,333.0,31.5,,,1.2333333333333334,2.8382838283828384,,13.3,8.661417322834646,16.8,,4.6,4.074074074074074,-6.001873013590686,,-11.464023851562576,,35.304556493790564,0.008547008547008548,,,,0.0,,,,72.12,
CLARA,2026-10-10,,,79.6,45.2,,,5.685714285714285,1.3135593220338981,,3.48,2.8676119165206306,4.74,,20.14,12.85714285714286,-28.4370517615979,,28.473515712343932,,7.150760522060806,0.017315303430079157,,,,0.0,,,,41.02,
CLASSICEIL,2026-10-10,,,90.4,7.19,,,0.37201646090534984,0.9490566037735848,,17.9,9.701492537313433,19.2,,9.0,5.349794238683128,-27.017611977145016,,20.683526730903257,,7.79571923261464,0.21052631578947367,,,,0.0,,,,72.02,
CLAYCRAFT,2026-10-10,,,331.0,12.3,,,1.8491620111731844,,,17.7,10.714285714285714,20.0,,24.0,15.083798882681565,,,,,,0.30120481927710846,,,,0.0,,,,73.63,
CLN,2026-10-10,,,499.0,24.3,,,1.4380403458213256,4.238532110091743,,19.6,8.235294117647058,22.5,,11.0,6.051873198847262,,,,,,0.808695652173913,,,,0.0,,,,72.6,
CLSL,2026-10-10,,,96.0,14.6,,3.235079952550388,0.4729064039408867,1.1382113821138211,,8.11,2.8846153846153846,10.8,,9.0,2.955665024630542,4.513026019183863,,,,16.015912936319253,0.6785714285714286,,,,0.0,,,,67.21,
CMNL,2026-10-10,,,275.0,,,,0.5083179297597042,2.8860759493670884,,-1.81,-0.6211180124223602,5.37,,7.0,-0.7393715341959335,,,,,33.37900482191352,4.631578947368421,,,,0.0,,,,73.6,
CMRSL,2026-10-10,,,21.7,5.44,,2.3272348111450336,0.18869565217391304,1.0691642651296829,,19.6,7.8431372549019605,22.0,,4.6,3.4782608695652173,2.3375380833717596,,17.012890761093715,,9.747051854874144,0.25,,,,2.7,,,,42.42,
CNCRD,2026-10-10,,,2438.0,57.9,,0.6433929537271131,11.60952380952381,11.623762376237623,,25.6,13.60759493670886,31.2,,29.0,20.476190476190474,89.9916600960438,,-2.9317820497716585,,62.43305216294204,0.2583732057416268,,,,0.0,,,,63.91,
CNINFOTECH,2026-10-10,,,183.0,9.36,,,1.7428571428571429,0.9566326530612245,,11.2,13.0,16.9,,24.0,24.761904761904763,-81.31568913713367,,-60.99806167469906,,4.128301283656044,0.0,,,,1.33,,,,74.98,
COMMAND,2026-10-10,,,18.8,36.1,,5.2184137439901095,1.7488372093023257,1.1627906976744187,,3.27,1.4857142857142858,3.48,,15.53,4.837209302325582,6.917810999860885,,13.656149397218043,,-22.439250622339767,0.8768564356435643,,,,0.0,,,,38.39,
COMMITTED,2026-10-10,,,504.0,43.2,,,2.1087866108786613,3.8242574257425743,,13.7,11.711711711711711,18.8,,7.0,5.439330543933055,-28.653745521197603,,-13.557963166455433,,55.145544872393806,0.06382978723404255,,,,0.0,,,,60.41,
COMRADE,2026-10-10,,,21.3,,,,0.7074061773497178,1.621301775147929,,-52.8,-14.623589426495595,-15.0,,-10.2,-31.418133510461644,,,,,3.8549410871862255,2.8930197268588773,,,,0.0,,,,70.05,
CONNPLEX,2026-10-10,,,465.0,17.9,,,3.141891891891892,3.4566145092460885,,32.6,14.942528735632186,43.6,,24.0,17.56756756756757,-25.491428481300815,,,,80.90083393020548,0.014925373134328358,,,,0.0,,,,70.11,
CONTAINE,2026-10-10,,,31.6,38.6,,,3.116370808678501,2.822429906542056,,,,,,23.77,10.552268244575936,,,,,,,,,,0.0,,,,71.63,
CONTI,2026-10-10,,,14.3,14.0,,0.06081860322354987,0.23248252316696474,0.4434782608695652,,3.37,2.4809629083763203,5.05,,4.86,1.6420094293610794,230.19272488946262,,14.242093886584994,,-6.565859384787409,0.0929217337075148,,,,0.0,,,,60.75,
COOLCAPS,2026-10-10,,,241.0,23.8,,0.5719232538489563,0.4538606403013183,3.0676691729323307,,15.2,2.867383512544803,12.9,,1.7,1.5065913370998116,41.613975021700256,,21.3329947199979,,42.89193291881488,1.6962025316455696,,,,0.0,,,,66.66,
COSMICCRF,2026-10-10,,,1103.0,21.8,,,1.5383542538354253,2.3938144329896907,,11.9,6.273062730627306,13.6,,11.0,7.112970711297072,,,,,,0.2982062780269058,,,,0.0,,,,55.11,
COSPOWER,2026-10-10,,,564.0,855.0,,,51.08695652173913,,,,,,,12.59,7.336956521739131,,,,,,,,,,0.03,,,,60.01,
COTFAB,2026-10-10,,,22.5,6.01,,,0.14516129032258066,0.41455696202531644,,7.13,3.0534351145038165,8.84,,4.8,2.5806451612903225,,,,,57.06903261956964,1.0185185185185186,,,,0.0,,,,69.89,
CPML,2026-10-10,,,123.0,59.2,,0.45434461548830984,24.50199203187251,1.3121019108280256,,2.46,2.045633359559402,3.22,,70.12,41.43426294820718,130.29757145107666,,,,63.43132144463923,0.04618666666666667,,,,0.0,,,,11.98,
CPS,2026-10-10,,,262.0,3280.0,,,8.400128246232766,11.711340206185566,,0.41,0.39477679927118137,4.25,,6.76,0.41680025649246555,-77.37249944068662,,-37.956450860652204,,-4.826595696664338,0.2974196468990494,,,,0.0,,,,64.88,
CRAYONS,2026-10-10,,,60.2,17.6,,,0.19233226837060705,0.496969696969697,,2.88,1.702127659574468,5.53,,1.7,1.2779552715654952,,,,,,0.11666666666666667,,,,0.0,,,,73.5,
CRAZY,2026-10-10,,,133.0,20.5,,,1.146551724137931,,,,6.976744186046512,,,15.0,5.172413793103448,-44.09642180236748,,,,9.645742373189425,1.4516129032258065,,,,0.0,,,,50.81,
CREDENT,2026-10-10,,,677.0,36.7,,,3.163551401869159,,,42.1,21.951219512195124,,,13.0,8.411214953271028,,,,,,0.5,,,,0.0,,,,63.75,
CRYOGENIC,2026-10-10,,,614.0,71.2,,,14.975609756097562,11.22715404699739,,20.6,14.925373134328357,29.6,,28.0,24.390243902439025,-55.625535646893944,,,,23.06098642720351,0.0,,,,0.0,,,,74.29,
CSSL,2026-10-10,,,184.0,6.31,,,0.2365038560411311,0.8245425188374595,,18.2,8.356545961002785,20.2,,7.0,3.8560411311053984,-64.21126410096582,,,,36.04221859595482,0.4260089686098655,,,,0.0,,,,73.03,
CTCL,2026-10-10,,,546.0,46.9,,0.90577484104028,4.2,10.444444444444445,,25.1,13.541666666666666,29.9,,13.0,10.0,51.77887249124238,,34.40425892185355,,30.12591017154964,0.38461538461538464,,,,0.0,,,,64.69,
CTLLAB,2026-10-10,,,7.3,17.4,,,0.7692307692307692,0.7901234567901234,,4.65,3.7600716204118174,7.2,,10.43,4.425711275026344,,,,,,0.05837837837837838,,,,0.0,,,,64.63,
CUDML,2026-10-10,,,176.0,6.49,,,0.9411764705882353,1.2818532818532817,,19.7,14.705882352941178,,,18.0,16.0427807486631,,,,,,0.0072992700729927005,,,,0.0,,,,57.23,
CURIS,2026-10-10,,,163.0,30.5,,,4.5812254075323215,,,,,,,23.72,15.064643057897698,,,,,,,,,,0.0,,,,68.03,
CURRENT,2026-10-10,,,176.0,12.5,,,1.1,2.2115384615384617,,27.2,9.395973154362416,27.2,,15.0,8.75,,,,,,0.4125,,,,0.0,,,,70.52,
CWD,2026-10-10,,,686.0,60.6,,0.9858164865636228,4.830985915492958,5.776031434184676,,13.2,4.583333333333333,18.2,,16.0,7.746478873239436,61.471887340047026,,38.305836038410376,,83.45103632619524,0.7079646017699115,,,,0.0,,,,55.8,
DACHEPALLI,2026-10-10,,,145.0,8.68,,,1.218487394957983,1.6840277777777777,,27.8,11.333333333333332,23.6,,22.0,14.285714285714285,-39.354970832499866,,41.67391714190074,,32.63524026321307,0.4375,,,,0.0,,,,64.78,
DANISH,2026-10-10,,,1981.0,28.7,,,3.802303262955854,4.299145299145299,,16.7,11.979166666666668,22.2,,18.0,13.24376199616123,,,,,,0.004329004329004329,,,,0.2,,,,73.62,
DAPS,2026-10-10,,,15.0,11.1,,,0.6765899864682002,0.8333333333333334,,7.77,5.629691409507923,10.4,,7.53,6.089309878213802,-12.000424373940143,,55.18455739153598,,-9.408798852815837,0.07940033314825097,,,,0.86,,,,65.21,
DAVIN,2026-10-10,,,8.17,10.6,,,1.0012254901960784,0.4525547445255475,,4.52,3.566465956461325,6.14,,17.03,9.436274509803921,-71.84235804397193,,,,28.675874441010386,0.08218422504136791,,,,0.0,,,,49.68,
DCCL,2026-10-10,,,57.1,5.57,,0.2236816814467487,,0.5390835579514824,,11.4,3.4013605442176873,13.4,,,,24.901458018259916,,22.941295444971253,,,,,,,2.5,,,,69.14,
DCG,2026-10-10,,,129.0,14.9,,0.2707255951620648,0.7914110429447853,1.4669421487603307,,10.4,5.555555555555555,13.5,,15.0,5.521472392638037,55.037278581215766,,,,43.63985949452904,0.7045454545454546,,,,0.0,,,,72.45,
DECCANTRAN,2026-10-10,,,45.4,29.0,,,0.28375,0.4672897196261683,,1.68,2.941176470588235,8.31,,11.0,5.0,-73.92270019730287,,-44.82998977497283,,-3.850028646172776,1.2244897959183674,,,,0.0,,,,63.6,
DEEM,2026-10-10,,,35.6,5.39,,,0.3917253521126761,0.4066666666666667,,7.62,4.541076097426723,9.33,,12.56,7.262323943661972,,,,,-4.201670947348346,0.39831185126040836,,,,0.0,,,,67.1,
DEEPAKCHEM,2026-10-10,,,91.2,10.8,,,1.355327686134641,1.4383561643835616,,14.3,11.361502347417842,19.5,,16.82,12.587308663991678,,,,,13.231413805203651,0.011037527593818984,,,,0.0,,,,73.05,
DEFRAIL,2026-10-10,,,51.3,12.8,,,0.639172688761525,2.134502923976608,,24.7,7.677579934903313,25.9,,9.51,4.996262148018938,,,,,,0.3759899958315965,,,,0.0,,,,73.6,
DELAPLEX,2026-10-10,,,86.3,6.72,,,1.2507246376811594,0.9595141700404858,,15.7,13.978494623655912,20.1,,19.0,18.84057971014493,,,,,,0.0,,,,0.0,,,,74.25,
DELTIC,2026-10-10,,,52.7,7.62,,,0.6622266901231466,0.6552380952380952,,8.61,7.728442008723857,,,7.67,8.683086202563459,,,,,,0.016820333914776976,,,,0.0,,,,71.0,
DENEERS,2026-10-10,,,162.0,6.4,,,0.9204545454545454,1.6952573158425834,,34.5,12.077294685990339,25.8,,22.0,14.204545454545455,,,,,,0.9651162790697675,,,,0.0,,,,36.7,
DENTALKART,2026-10-10,,,792.0,68.3,,,2.622516556291391,4.57,,4.51,5.583756345177665,6.95,,4.3,3.642384105960265,-10.780783514234237,,,,21.111674062215368,0.0,,,,0.0,,,,60.19,
DESCO,2026-10-10,,,137.0,8.33,,,1.1512605042016806,1.93058568329718,,25.3,15.238095238095239,30.1,,20.0,13.445378151260504,,,,,,0.2112676056338028,,,,0.0,,,,58.31,
DESTINY,2026-10-10,,,226.0,684.0,,122.0164065165621,2.8535353535353534,3.042168674698795,,0.51,3.6305392418579814,4.02,,4.18,4.292929292929292,5.605803510589014,,-11.924488522892872,,11.771132957437459,0.1907848386642243,,,,0.0,,,,70.87,
DEVLAB,2026-10-10,,,90.2,9.43,,,0.540119760479042,1.7757009345794394,,20.8,6.0606060606060606,21.0,,7.0,5.9880239520958085,,,,,,0.058823529411764705,,,,0.0,,,,56.69,
DEVSON,2026-10-10,,,528.0,43.1,,,9.428571428571429,,,45.0,30.952380952380953,57.0,,30.0,23.214285714285715,-49.283811765420715,,,,19.277362981482305,0.06060606060606061,,,,0.0,,,,73.59,
DFPL,2026-10-10,,,75.5,20.3,,,0.8385162150155486,1.9433962264150941,,10.0,5.6646870717222475,8.84,,8.63,4.1314971123944915,-65.16239978129599,,,,3.343681433759338,0.47098099640472524,,,,0.0,,,,59.53,
DGL,2026-10-10,,,1.11,,,,,-0.036601307189542485,,,-26.447016918967055,,,-27400.0,,,,,,,-0.8542029996512033,,,,0.0,,,,0.01,
DHANLAXMI,2026-10-10,,,43.8,,,,1.148701809598741,0.9640287769784173,,-1.07,-0.7675438596491228,0.93,,2.73,-1.2850773669027011,,,,,-6.474673262158137,0.233003300330033,,,,0.0,,,,73.97,
DHANSA,2026-10-10,,,73.8,13.4,,,0.5197183098591549,0.6919191919191918,,5.56,3.9735099337748347,,,8.0,4.225352112676056,,,,,,0.40404040404040403,,,,0.0,,,,65.05,
DHANWEL,2026-10-10,,,35.5,5.8,,,0.47593511194530097,,,37.2,16.54501216545012,38.2,,12.44,8.204853197479554,,,,,,0.39083969465648855,,,,0.0,,,,35.12,
DHARARAIL,2026-10-10,,,213.0,13.8,,,3.736842105263158,2.889344262295082,,35.7,15.151515151515152,35.5,,35.0,26.31578947368421,-54.1156380318325,,,,28.28337104256018,0.17567567567567569,,,,0.0,,,,74.56,
DHARIWAL,2026-10-10,,,264.0,39.2,,,1.11864406779661,4.303215926493109,,11.0,11.39240506329114,,,2.6,3.8135593220338984,,,,,,0.12903225806451613,,,,0.0,,,,64.22,
DHARNI,2026-10-10,,,113.0,24.1,,0.4151385349009751,9.018355945730248,4.346456692913386,,19.9,15.196876016921573,22.4,,49.64,37.27055067837191,58.05290999003185,,,,36.01096107280111,0.14750290360046459,,,,0.0,,,,73.64,
DHAVAL,2026-10-10,,,168.0,20.8,,0.44543334900022924,2.583423035522067,,,31.6,12.10478771454381,27.8,,21.68,12.363524527141317,46.69609953247864,,13.361474182911937,,14.837546340842977,0.7847154471544715,,,,0.0,,,,66.06,
DHILLON,2026-10-10,,,11.6,8.56,,,0.45813586097946285,0.81267217630854,,13.9,6.232686980609419,15.6,,11.81,5.33175355450237,-45.43960628324029,,-13.393448081491922,,-5.030003089827839,0.4550561797752809,,,,0.0,,,,64.98,
DHTL,2026-10-10,,,7.02,,,,0.2763779527559055,0.8582375478927202,,-1.57,-0.3880597014925373,6.12,,-1.34,-0.5118110236220473,,,,,-8.244106371900184,0.4543239951278928,,,,0.0,,,,29.5,
DHYAANITR,2026-10-10,,,17.9,255.0,,,0.6576047024246877,0.5172413793103449,,0.2,0.09450519778587824,0.45,,0.7,0.2571638501102131,,,-61.92692122568243,,43.404288784158716,0.02945423043603812,,,,0.0,,,,5.66,
DIGIKORE,2026-10-10,,,45.8,3.63,,,0.6939393939393939,0.9627659574468086,,30.7,11.206896551724139,24.7,,33.0,19.696969696969695,,,,,22.39034103416604,1.1458333333333333,,,,0.0,,,,59.84,
DIGILOGIC,2026-10-10,,,567.0,57.4,,,7.363636363636363,5.254691689008044,,14.0,7.2992700729927,18.6,,20.0,12.987012987012985,-30.876561408654602,,-0.2754862808357905,,11.199004528465784,0.037037037037037035,,,,0.0,,,,64.26,
DIKSAT,2026-10-10,,,219.0,128.0,,1.451128611020219,11.575052854122621,9.541984732824428,,4.41,3.2639104755983834,3.43,,-12.1,5.549682875264271,88.20720577620568,,14.118987895911772,,-6.745714753738497,0.2590136759220887,,,,0.0,,,,71.49,
DIKSHA,2026-10-10,,,96.3,23.4,,,1.8782913984786422,,,63.8,14.604750088621058,33.2,,14.59,8.035888433781938,,,,,66.33847244797182,1.7723004694835682,,,,0.0,,,,69.24,
DIRL,2026-10-10,,,9.06,8.47,,,3.212765957446809,0.5459770114942529,,7.74,5.368790767686905,8.96,,-19.15,37.943262411347526,,,,,8.463998746112967,0.10957254665863939,,,,0.0,,,,54.3,
DIVINEHIRA,2026-10-10,,,406.0,76.8,,,0.4592760180995475,8.062015503875969,,15.1,8.536585365853659,16.1,,1.2,0.7918552036199095,,,,,91.94674448901327,0.45098039215686275,,,,0.0,,,,72.7,
DIVYADHAN,2026-10-10,,,58.4,34.2,,,0.7354237501574109,1.5223880597014925,,4.67,2.6831947277577277,7.24,,6.12,2.153381186248583,-35.15006827519721,,20.619264965628737,,11.465166513360913,0.37405377186113287,,,,0.0,,,,69.94,
DKEGL,2026-10-10,,,52.2,9.15,,0.9314294194366278,0.30887573964497045,1.6314553990610328,,18.9,7.5,19.2,,6.0,3.5502958579881656,9.823610688112417,,-3.0469198827745902,,6.988197992541267,0.625,,,,0.72,,,,73.3,
DKUAL,2026-10-10,,,9.74,2.72,,,0.29310863677399945,0.15312499999999998,,7.29,5.075854246419963,7.5,,13.54,10.773397532350288,-59.28373575107639,,,,74.3495912264994,0.05345911949685534,,,,0.0,,,,50.94,
DLCL,2026-10-10,,,5.61,93.5,,,1.3389021479713603,0.39573170731707324,,0.5,0.34090909090909083,0.79,,16.47,1.431980906921241,,,-42.966764458910845,,-5.971141863670571,0.1456859971711457,,,,0.0,,,,32.9,
DML,2026-10-10,,,10.2,,,,0.000899233007140968,1.0089392013237282e-05,,-1.29,-1.0897034113034432,-1.2,,-173.0,-115.26051309177465,,,,,,0.07888714025428567,,,,0.0,,,,44.64,
DMR,2026-10-10,,,28.2,20.1,,0.9286621204828823,2.248803827751196,2.10077519379845,,11.0,10.35758323057953,18.9,,21.61,13.397129186602871,21.644039911467992,,,,41.99546534864717,0.05007473841554559,,,,0.52,,,,69.9,
DOLLEX,2026-10-10,,,148.0,18.7,,4.474767102664782,0.6462882096069869,1.2000000000000002,,8.86,1.932367149758454,5.44,,7.0,3.4934497816593884,4.178988441401543,,14.301145003169879,,19.261583465094766,1.3306451612903225,,,,0.0,,,,51.07,
DPEL,2026-10-10,,,1521.0,57.0,,,2.429712460063898,11.779497098646035,,20.7,8.011869436201781,,,8.0,4.313099041533546,,,,,,1.2093023255813953,,,,0.0,,,,63.2,
DPL,2026-10-10,,,10.4,3.95,,0.10052396688841357,0.08062015503875969,0.16666666666666669,,5.22,1.4563106796116505,7.64,,3.9,2.3255813953488373,39.29411186473261,,-12.944943670387588,,8.858723345293296,0.20967741935483872,,,,0.0,,,,9.13,
DRA,2026-10-10,,,22.5,8.62,,0.4719645231989722,0.9355509355509355,0.6288343558282208,,7.62,6.989117291414752,11.0,,17.46,12.016632016632018,18.264084642578005,,12.338257391347728,,17.093940802277817,0.010358342665173572,,,,0.0,,,,73.02,
DRONACHRYA,2026-10-10,,,73.0,365.0,,,4.976141785957737,1.2459016393442623,,0.34,0.5861850443599493,0.78,,23.65,2.522154055896387,-52.83877536781857,,,,-7.557275490027737,0.01780517034754323,,,,0.0,,,,28.21,
DRONE,2026-10-10,,,79.8,68.2,,,2.275449101796407,1.313253012048193,,1.95,1.300578034682081,6.16,,27.66,3.3361847733105217,-54.5719851791965,,,,42.695244057523695,0.38981374649744516,,,,0.0,,,,61.03,
DRSCARGO,2026-10-10,,,16.4,7.5,,,0.6146926536731634,0.630057803468208,,8.78,3.29968359198433,9.03,,27.74,8.20839580209895,,,,,17.08958550223103,1.0518234165067177,,,,0.0,,,,73.96,
DRSDILIP,2026-10-10,,,156.0,37.2,,,0.7572815533980582,2.7956989247311825,,7.74,3.4782608695652173,10.1,,5.0,1.9417475728155338,,,,,,0.32142857142857145,,,,0.0,,,,74.95,
DTL,2026-10-10,,,103.0,,,,0.5,4.921259842519685,,-18.6,-0.9345794392523363,,,6.0,-0.48543689320388345,,,,,,3.0,,,,0.0,,,,70.85,
DUCOL,2026-10-10,,,220.0,30.4,,,1.6176470588235294,2.0435510887772192,,7.73,4.117647058823529,10.5,,11.0,5.147058823529411,,,,,,0.44329896907216493,,,,0.0,,,,46.2,
DUGLOBAL,2026-10-10,,,151.0,27.6,,0.2575856314916302,2.7620267056886774,1.4583333333333333,,5.77,5.066060759067575,7.9,,13.72,11.011523687580024,107.14883373025725,,,,13.61204838057315,0.08994300067626317,,,,0.0,,,,54.03,
DURLAX,2026-10-10,,,182.0,12.7,,0.2395975233143762,0.9837837837837838,1.5607940446650126,,14.7,7.428571428571429,17.2,,12.0,7.027027027027027,53.00555625250063,,,,40.291806828037146,0.3418803418803419,,,,0.0,,,,51.45,
DYNAMIC,2026-10-10,,,285.0,6.61,,0.19140261469335168,0.5804480651731161,0.9453125,,17.8,7.099697885196375,17.0,,16.0,9.572301425661914,34.53453345237711,,,,81.588864628988,0.78,,,,0.0,,,,59.83,
E2ERAIL,2026-10-10,,,517.0,30.8,,,1.3605263157894736,2.5126050420168067,,10.4,3.0575539568345325,14.8,,10.0,4.473684210526316,-71.15271565039167,,-53.50650720627321,,41.19411947516309,0.8,,,,0.0,,,,32.54,
EARKART,2026-10-10,,,179.0,36.3,,,3.312361213915618,2.777777777777778,,11.7,7.094545977838538,17.5,,15.45,9.122871946706143,-76.09288090009265,,,,23.170210575944683,0.0,,,,0.0,,,,57.34,
EARTH,2026-10-10,,,14.6,,,,0.23716699155295645,0.4473684210526316,,-14.0,-8.554469273743019,-9.69,,-4.22,-7.9597141000649785,,,,,-12.474176028269014,0.4571428571428572,,,,0.0,,,,73.53,
ECOLINE,2026-10-10,,,373.0,19.3,,,1.3713235294117647,,,32.0,17.829457364341085,25.3,,9.0,8.455882352941178,,,,,,0.625,,,,0.0,,,,74.57,
EEPL,2026-10-10,,,181.0,14.7,,0.2837675654667395,1.3407407407407408,2.0,,18.8,6.451612903225806,18.5,,14.0,8.88888888888889,51.80296055266751,,28.460067212550367,,22.744950792028227,0.42857142857142855,,,,0.0,,,,37.57,
EFACTOR,2026-10-10,,,263.0,13.4,,0.5532175474719636,1.3769633507853403,2.906976744186047,,24.4,12.422360248447205,24.7,,15.0,10.471204188481675,24.22193594768267,,35.680303556074236,,17.083438589729848,0.5444444444444444,,,,0.6,,,,69.56,
EFFWA,2026-10-10,,,837.0,29.3,,,3.308300395256917,6.7790262172284645,,26.2,14.646464646464647,29.3,,17.0,11.462450592885375,-61.731879200551745,,-33.674820085938784,,30.059144685138705,0.3089430894308943,,,,0.28,,,,73.03,
EFORCE,2026-10-10,,,43.9,69.6,,,2.2852680895366992,0.6103896103896104,,0.88,0.8130081300813009,1.31,,-4.16,3.279541905257678,-60.67576663729067,,,,-14.04575526070314,0.0,,,,0.0,,,,62.89,
EIGHTY,2026-10-10,,,49.2,5.05,,0.05604500266381471,0.384375,1.3351800554016622,,30.5,13.513513513513514,25.1,,12.0,7.8125,90.10616040634997,,-27.007316102766097,,10.839367461184812,0.8108108108108109,,,,0.21,,,,73.53,
EKENNIS,2026-10-10,,,5.25,,,,1.8884892086330936,1.047486033519553,,0.0,0.0,1.57,,3.6,0.0,,,,,,0.0,,,,0.0,,,,71.43,
ELFIN,2026-10-10,,,161.0,27.8,,,0.92,3.6875,,20.1,11.538461538461538,24.8,,5.0,3.428571428571429,-38.614781149426115,,,,20.507113208761506,0.09090909090909091,,,,0.0,,,,72.59,
ELGNZ,2026-10-10,,,191.0,8.49,,,0.4775,1.0971502590673574,,13.8,6.606606606606606,19.6,,9.0,5.5,,,,,28.164809633939882,0.24,,,,0.0,,,,69.23,
EMAPARTNER,2026-10-10,,,190.0,14.9,,,2.1839080459770117,1.239031770045386,,8.75,7.017543859649122,10.8,,17.0,13.793103448275861,-58.204163231033434,,,,20.27713724296163,0.006493506493506494,,,,0.0,,,,65.76,
EMIAC,2026-10-10,,,103.0,30.0,,,3.1878675332714326,,,22.0,12.701754385964914,31.1,,14.73,11.203961621788919,-78.23691381054569,,,,122.32921907139365,0.018311746315319337,,,,0.0,,,,50.0,
EMKAYTOOLS,2026-10-10,,,100.0,1.04,,,0.970873786407767,0.283987915407855,,15.7,21.364985163204746,19.3,,47.0,69.90291262135922,,,,,,0.020066889632107024,,,,0.0,,,,74.99,
EMMFORCE,2026-10-10,,,396.0,47.9,,,3.504424778761062,4.308035714285714,,9.62,5.161290322580645,12.0,,20.0,7.079646017699115,,,,,,0.4835164835164835,,,,0.0,,,,74.5,
EMMIL,2026-10-10,,,137.0,11.6,,,0.8509316770186336,1.4252061248527679,,13.1,7.741935483870968,16.3,,14.0,7.453416149068323,-84.17032259456101,,,,17.20387178673215,0.3125,,,,0.0,,,,73.76,
ENCOMPAS,2026-10-10,,,354.0,27.2,,,5.205882352941177,4.332755632582322,,22.8,12.745098039215685,25.6,,30.0,19.11764705882353,,,,,45.66730228453515,0.15853658536585366,,,,0.0,,,,58.94,
ENFUSE,2026-10-10,,,125.0,,,,2.1551724137931036,6.322869955156951,,-56.3,-27.27272727272727,-22.0,,-11.0,-25.862068965517242,,,,,,1.45,,,,0.0,,,,70.62,
ENS,2026-10-10,,,139.0,16.6,,,2.705859451041464,,,83.7,40.19138755980862,115.0,,22.78,16.35195639478295,-64.41716969778226,,,,91.10728843589044,0.0,,,,0.0,,,,55.13,
ENSER,2026-10-10,,,129.0,13.3,,,1.2772277227722773,2.9249011857707514,,24.7,8.695652173913043,24.2,,19.0,9.900990099009901,,,,,,0.9545454545454546,,,,0.0,,,,66.6,
ENVIRO,2026-10-10,,,130.0,10.8,,,2.2413793103448274,1.717821782178218,,17.3,11.76470588235294,22.7,,33.0,20.689655172413794,-49.96111973549935,,-14.384663819426446,,27.4745010430834,0.18421052631578946,,,,0.0,,,,68.85,
EPBIO,2026-10-10,,,15.5,10.6,,0.29437282509943485,1.1363636363636362,1.2831241283124128,,12.9,7.790821771611527,16.3,,16.42,10.703812316715542,36.00875860881341,,-34.500581291703355,,24.197101059175896,0.19834024896265562,,,,0.0,,,,70.08,
EPWINDIA,2026-10-10,,,266.0,25.8,,1.793339488764159,2.485981308411215,6.2032085561497325,,42.8,13.333333333333334,45.9,,15.0,9.345794392523365,14.386567719968912,,,,148.1772183588414,0.23255813953488372,,,,0.0,,,,71.43,
ESCONET,2026-10-10,,,316.0,52.4,,,0.8926553672316384,3.930921052631579,,8.03,3.8461538461538463,11.8,,2.5,1.694915254237288,-50.91976935274454,,,,55.03385718211988,0.1625,,,,0.0,,,,60.19,
ESFL,2026-10-10,,,289.0,22.4,,,2.4285714285714284,,,16.3,11.818181818181818,17.1,,16.0,10.92436974789916,,,,,,0.08139534883720931,,,,0.0,,,,70.86,
ESPRIT,2026-10-10,,,129.0,,,,0.7456647398843931,0.9750415973377704,,-2.29,-1.6666666666666667,-0.25,,3.3,-2.312138728323699,,,,,-0.1919390515160324,0.38636363636363635,,,,0.0,,,,73.63,
ESSEX,2026-10-10,,,75.7,11.9,,2.860204515322091,1.2473224583951228,1.8931297709923665,,22.9,9.781941031941031,20.3,,12.03,10.495963091118801,4.160541645274596,,49.413419636277965,,40.46162039322028,0.5498127340823971,,,,0.0,,,,72.07,
ETL,2026-10-10,,,1160.0,20.1,,,8.055555555555555,8.305343511450381,,51.6,33.146067415730336,69.8,,56.0,40.97222222222222,,,,,,0.0,,,,0.28,,,,74.99,
ETML,2026-10-10,,,137.0,13.3,,,0.6284403669724771,1.1908783783783783,,9.19,3.4965034965034967,12.3,,13.0,4.587155963302752,-22.050154089142993,,,,9.952273860131577,1.182608695652174,,,,1.42,,,,50.31,
EUPHORIAIT,2026-10-10,,,8.13,5.28,,,0.5338148391332896,0.45307443365695793,,8.97,4.9457562220804085,12.9,,18.45,10.177281680892975,-7.237656245699897,,-51.62380670368067,,27.373027572697705,0.2939208031232571,,,,0.0,,,,63.64,
EVANS,2026-10-10,,,44.7,,,,3.8237810094097524,1.787280701754386,,-1.68,-1.5215852795470628,1.69,,-1.03,-3.6783575705731395,,,,,-15.140621436738666,0.031187524990004004,,,,0.0,,,,59.44,
EVOQ,2026-10-10,,,4.08,,,,0.15993727949823597,0.09213483146067415,,-0.54,-0.4620716211012707,-0.56,,-5.68,-0.9408075264602116,,,,,7.753423580055285,0.0015801354401805872,,,,0.0,,,,0.02,
EXATO,2026-10-10,,,671.0,35.4,,,3.6666666666666665,7.605473204104903,,24.6,15.447154471544716,26.9,,15.0,10.382513661202186,-83.02263021096216,,,,17.088815555918323,0.23863636363636365,,,,0.0,,,,54.73,
EXCELLENT,2026-10-10,,,81.7,54.1,,,3.6086572438162543,3.9610389610389607,,7.6,6.312709030100335,9.68,,9.45,6.669611307420495,,,,,,0.08579738245273874,,,,0.0,,,,65.08,
EXHICON,2026-10-10,,,852.0,21.0,,0.5618367198506392,4.197044334975369,3.8518518518518516,,26.1,17.045454545454543,29.6,,27.0,22.167487684729064,37.377407453152436,,-25.48913701309371,,50.96676265221802,0.095,,,,0.0,,,,49.33,
EXIMROUTES,2026-10-10,,,178.0,17.4,,,0.8599033816425121,2.5885558583106265,,22.8,9.25925925925926,26.2,,7.0,4.830917874396135,-47.09139900070731,,1.8502526922454132,,79.15239355079733,0.23529411764705882,,,,0.0,,,,52.64,
FAALCON,2026-10-10,,,37.9,12.0,,,1.118984351933865,0.841991341991342,,7.03,4.7418038553538775,,,19.49,9.949808089754947,,,,,,0.19079386257505004,,,,0.0,,,,67.96,
FABCLEAN,2026-10-10,,,562.0,37.3,,,2.5662100456621006,5.422116527942926,,15.2,9.13978494623656,19.4,,10.0,7.76255707762557,-23.401853448785246,,-44.776363335899696,,20.553003202994823,0.18446601941747573,,,,0.0,,,,68.51,
FABINO,2026-10-10,,,4.27,,,,0.20499279884781565,1.1666666666666667,,-14.3,-2.5293586269196027,-10.7,,-9.84,-2.6884301488238123,,,,,83.7031757472503,0.4438356164383562,,,,0.0,,,,56.82,
FALCONTECH,2026-10-10,,,34.4,11.4,,,0.5999302406696895,1.3333333333333335,,12.5,4.078061911170929,11.2,,8.49,5.284269271014998,-32.03917417190064,,-1.1948823811355536,,51.347085149196744,1.3324261275272165,,,,0.0,,,,42.98,
FASCINATE,2026-10-10,,,129.0,8.52,,0.12224565897525175,1.1120689655172413,,,72.1,16.129032258064516,54.9,,21.0,12.931034482758621,69.69572638750998,,,,74.05176678703509,0.8387096774193549,,,,0.0,,,,68.4,
FELIX,2026-10-10,,,328.0,16.3,,0.3821162981838542,2.981818181818182,2.1541950113378685,,15.1,8.16326530612245,19.3,,29.0,18.181818181818183,42.65717028420835,,,,47.90104960024446,0.2236842105263158,,,,0.0,,,,50.78,
FIDEL,2026-10-10,,,243.0,18.0,,,1.9596774193548387,4.348894348894349,,25.8,11.76470588235294,25.9,,13.0,11.29032258064516,,,,,90.27558244616205,0.7678571428571429,,,,1.27,,,,73.06,
FIL,2026-10-10,,,168.0,12.9,,,1.8666666666666667,2.2872340425531914,,29.3,13.131313131313133,27.0,,19.0,14.444444444444443,-31.88007862082657,,,,0.3731377853822604,0.16216216216216217,,,,0.0,,,,69.07,
FILTRA,2026-10-10,,,76.2,25.5,,1.508607213533138,1.0145120489948076,4.572368421052632,,19.6,9.555984555984558,27.4,,5.5,3.954200505924644,16.903008133097373,,,,6.244172124612057,0.0,,,,2.88,,,,72.45,
FINBUD,2026-10-10,,,234.0,20.1,,,0.740506329113924,2.0297029702970297,,15.4,7.18562874251497,18.0,,6.0,3.79746835443038,-82.65084571803301,,,,32.77544675266086,0.2,,,,0.0,,,,48.25,
FLYSBS,2026-10-10,,,1062.0,17.5,,,3.329153605015674,3.3922651933701657,,26.2,15.561224489795919,32.5,,22.0,19.122257053291534,,,,,110.9132782375981,0.1182108626198083,,,,0.0,,,,32.47,
FOCE,2026-10-10,,,675.0,45.1,,2.1841017861658996,4.6875,7.214554579673776,,17.4,7.352941176470589,16.2,,14.0,10.416666666666668,20.649220785250666,,43.849371212304966,,35.408158798046976,0.5106382978723404,,,,0.0,,,,73.63,
FOCUS,2026-10-10,,,219.0,251.0,,12.972703080806294,9.083367897138118,26.78571428571429,,11.2,9.720670391061454,15.0,,6.72,3.6084612194110326,19.348319192733697,,37.742240830984365,,9.506906645437073,0.01098901098901099,,,,0.03,,,,74.67,
FONE4,2026-10-10,,,10.2,,,,0.19840497957595798,0.8346938775510203,,-43.9,-8.817685047193244,-28.8,,-8.89,-6.905271347986773,,,,,-20.018540323533085,0.24693376941946038,,,,0.0,,,,49.1,
FONEBOX,2026-10-10,,,151.0,94.6,,,0.7704081632653061,,,114.0,5.128205128205128,56.8,,2.9,1.0204081632653061,,,,,,4.4,,,,0.0,,,,71.89,
FORCAS,2026-10-10,,,413.0,30.3,,0.29050149833914407,2.085858585858586,4.926624737945493,,18.5,8.588957055214724,20.2,,11.0,7.07070707070707,104.30238801944651,,55.62829485076413,,102.06200103110952,0.5357142857142857,,,,0.0,,,,60.3,
FORGEAUTO,2026-10-10,,,109.0,8.86,,,0.40370370370370373,1.567398119122257,,17.7,6.122448979591836,,,10.0,4.444444444444445,,,,,,1.0285714285714285,,,,0.0,,,,73.63,
FRANKLIN,2026-10-10,,,11.8,69.6,,21.561261171471884,,0.3112033195020747,,0.45,0.4447933019361592,0.63,,,,3.228011545636722,,-3.285883999939365,,,,,,,0.0,,,,26.98,
FRESHARA,2026-10-10,,,943.0,25.4,,,2.757309941520468,5.382550335570469,,21.2,8.715596330275229,,,15.0,11.11111111111111,,,,,,1.0227272727272727,,,,0.0,,,,62.58,
FROG,2026-10-10,,,374.0,,,,3.5283018867924527,2.3627450980392157,,-0.71,-1.0101010101010102,-1.91,,-1.5,-1.8867924528301887,,,,,-7.284699957810581,0.08176100628930817,,,,0.0,,,,72.54,
FTL,2026-10-10,,,6.87,,,,1.1430948419301166,0.63,,-26.7,-26.295133437990582,-23.1,,-35.11,-55.740432612312816,,,,,-24.36477983369124,0.12947658402203854,,,,0.0,,,,49.98,
FWSTC,2026-10-10,,,205.0,18.4,,,8.2,2.276330690826727,,17.4,10.81081081081081,19.7,,63.0,48.0,,,,,,0.15555555555555556,,,,0.0,,,,59.87,
GAJANAND,2026-10-10,,,13.6,339.0,,,0.18087511637185796,0.3654822335025381,,0.11,0.08281573498964805,1.82,,1.17,0.053198563638781754,-91.59471124804439,,-39.16356581067942,,0.8246958829422724,0.27186825053995683,,,,0.0,,,,62.94,
GALLARD,2026-10-10,,,162.0,17.8,,0.7379695470184446,2.382002646669607,2.750809061488673,,24.0,10.067485341298815,23.4,,22.45,13.38038523746508,24.1202364947386,,,,48.92655476366408,0.36012259492593224,,,,0.0,,,,67.16,
GANESHIN,2026-10-10,,,381.0,4.17,,,0.36847195357833656,1.457286432160804,,35.1,7.8924544666088465,18.9,,14.0,8.800773694390715,,,,,,1.9372549019607843,,,,0.11,,,,56.35,
GANGABATH,2026-10-10,,,48.8,38.1,,,1.3966800228963938,0.8943089430894309,,3.35,1.6249841310143458,6.05,,15.57,3.6634230108757873,,,,,42.08837172606093,0.2684981684981685,,,,0.0,,,,69.16,
GANGAPHARM,2026-10-10,,,7.39,370.0,,,3.1181434599156117,0.946969696969697,,0.37,0.26109660574412535,3.35,,1.27,0.8438818565400843,,,,,,0.28864059590316576,,,,0.0,,,,50.91,
GANVERSE,2026-10-10,,,56.6,,,,157.22222222222223,1.5862068965517242,,-37.0,-10.858691121300543,-22.3,,-3686.11,-1447.2222222222224,,,,,,0.3427769985974755,,,,0.0,,,,1.34,
GARGI,2026-10-10,,,629.0,20.2,,0.4040851374706014,4.1381578947368425,4.419117647058823,,26.0,18.562874251497004,33.8,,26.0,20.394736842105264,49.98946540435336,,-51.54153717138379,,44.86312886883481,0.0851063829787234,,,,0.0,,,,68.28,
GBLOGISTIC,2026-10-10,,,16.8,5.09,,,0.1282442748091603,0.28432732316227466,,6.04,7.258064516129033,13.2,,10.0,6.870229007633588,,,,,,0.7457627118644068,,,,0.0,,,,52.4,
GCHOTELS,2026-10-10,,,292.0,23.5,,,2.0709219858156027,2.44258872651357,,11.0,6.521739130434782,12.0,,14.0,8.51063829787234,-21.257404892509435,,,,102.42154271643935,0.31092436974789917,,,,0.0,,,,54.85,
GCMCAPI,2026-10-10,,,6.74,,,,2.930434782608696,0.2671140939597315,,-1.45,-1.3764880952380951,-1.65,,-8.7,-16.086956521739133,,,,,-14.884954677837758,0.032066508313539195,,,,0.0,,,,39.04,
GCMCOMM,2026-10-10,,,3.91,,,,5.507042253521127,1.1923076923076923,,-69.5,-17.62749445676275,-69.3,,-470.42,-447.887323943662,,,,,38.0272583140951,0.0,,,,0.0,,,,52.74,
GCONNECT,2026-10-10,,,4.27,19.4,,,1.0569306930693068,0.44921875,,2.34,2.2540983606557377,3.48,,18.07,5.445544554455446,-54.63596838333924,,,,58.74010519681994,0.0,,,,0.0,,,,40.27,
GEL,2026-10-10,,,53.2,242.0,,,1.8465810482471365,3.9272727272727277,,1.64,1.5770609318996418,5.56,,2.64,0.7636237417563346,-15.65673346982508,,-19.72584382397693,,-53.115647712218326,0.01034737620103474,,,,0.0,,,,70.89,
GEMENVIRO,2026-10-10,,,82.7,18.2,,,0.8188118811881189,1.555084745762712,,8.92,7.352941176470589,12.0,,5.0,4.9504950495049505,,,,,,0.09433962264150944,,,,0.68,,,,73.71,
GENXAI,2026-10-10,,,151.0,11.0,,,1.7159090909090908,,,57.9,20.98765432098765,60.6,,28.0,19.318181818181817,-38.190061524452524,,,,72.9861170125663,0.4444444444444444,,,,0.0,,,,66.49,
GETALONG,2026-10-10,,,9.46,67.6,,,0.1354136845118809,0.8747553816046966,,1.53,0.8888888888888888,2.05,,-3.81,0.8016032064128258,,,,,,1.1527777777777777,,,,0.0,,,,55.08,
GGBL,2026-10-10,,,539.0,7.17,,,0.506578947368421,1.920353982300885,,31.0,15.368852459016393,35.8,,10.0,7.048872180451128,-23.61190587621751,,,,127.80663701144009,0.18505338078291814,,,,0.23,,,,73.42,
GHUSHINE,2026-10-10,,,10.6,1063.0,,,1.886120996441281,2.087378640776699,,0.2,0.13477088948787064,0.36,,-3.91,0.1779359430604982,,,,,,0.12770137524557956,,,,0.0,,,,53.29,
GIRIRAJ,2026-10-10,,,122.0,8.08,,0.19497673483293831,0.3948220064724919,0.8346972176759411,,10.9,5.9760956175298805,14.8,,8.0,4.854368932038835,41.440841682589344,,,,34.85363107182755,0.1506849315068493,,,,0.0,,,,54.96,
GJL,2026-10-10,,,668.0,31.6,,2.4719760633491754,0.8106796116504854,9.603340292275574,,49.1,20.388349514563107,46.0,,3.6,2.5485436893203883,12.783295303105202,,,,47.841267439487424,0.38571428571428573,,,,0.0,,,,73.61,
GLAAMUP,2026-10-10,,,20.9,174.0,,,1.6868442292171104,2.096288866599799,,1.21,0.36003600360036003,1.11,,1.45,0.9685230024213074,,,,,,0.5395395395395395,,,,0.0,,,,27.69,
GLEN,2026-10-10,,,259.0,15.7,,,1.3015075376884422,1.8620689655172413,,16.6,5.498281786941581,13.8,,19.0,8.040201005025125,-21.935613357813168,,,,20.056334258157516,0.8705035971223022,,,,0.0,,,,73.31,
GLHRL,2026-10-10,,,13.2,,,,,0.5530973451327433,,-6.81,-7.239057239057238,-3.92,,-1335.48,,,,,,,0.0,,,,0.0,,,,22.88,
GLOBALLOG,2026-10-10,,,144.0,14.1,,,0.6923076923076923,2.762430939226519,,29.4,14.925373134328357,39.5,,5.0,4.807692307692308,-43.00774769585834,,,,3.244559800416136,0.0,,,,0.0,,,,59.86,
GLOBALPET,2026-10-10,,,203.0,40.6,,1.668575294205756,3.6543654365436544,3.049645390070922,,9.46,7.559549279703323,13.3,,9.72,9.54095409540954,24.332135409763247,,-29.913519698754275,,16.847232898381836,0.0,,,,0.0,,,,60.13,
GLOBTIER,2026-10-10,,,26.7,25.4,,,0.35429936305732485,0.5827814569536425,,3.19,1.5897973445143254,7.37,,9.22,1.2075371549893843,-57.34377257098525,,,,-4.3957099844116225,0.03438458169075778,,,,0.0,,,,71.38,
GLPL,2026-10-10,,,31.2,7.57,,0.11432006940045994,1.0006414368184733,,,39.4,14.265927977839334,30.6,,22.74,13.213598460551637,66.21759451074603,,,,16.479547600877265,0.8818327974276527,,,,0.0,,,,57.29,
GML,2026-10-10,,,25.3,7.26,,,0.6361579079708323,0.6240601503759399,,10.8,7.012507689153168,13.9,,10.86,8.599446819210458,-24.169438437627257,,,,8.728924919680026,0.10411502231036192,,,,4.2,,,,72.98,
GMPL,2026-10-10,,,87.9,10.6,,0.563179731461865,0.8533980582524272,1.84985835694051,,19.1,13.559322033898304,25.7,,12.0,7.766990291262135,18.82170008584154,,18.751472805968273,,7.896607754199958,0.0425531914893617,,,,0.0,,,,73.54,
GOBLIN,2026-10-10,,,18.6,8.05,,0.9549530420409522,0.33586132177681477,0.40298507462686567,,5.17,2.624105418607293,7.86,,6.52,4.171180931744312,8.429733867118028,,,,15.172372578800353,0.3039342844790316,,,,0.0,,,,29.36,
GOEL,2026-10-10,,,21.2,7.52,,,0.967594705613875,0.7044025157232704,,9.9,3.8928768636112645,10.9,,28.43,12.870835235052486,-11.03130537068755,,,,-0.8524416494447129,1.2432251589160253,,,,0.0,,,,73.99,
GOELCONS,2026-10-10,,,607.0,13.4,,,0.923896499238965,2.3863636363636362,,23.5,10.10989010989011,33.9,,11.0,7.00152207001522,-38.61675247859188,,-14.622109447788867,,34.337942645808475,0.031496062992125984,,,,0.0,,,,71.83,
GOLDKART,2026-10-10,,,175.0,49.2,,1.4979248674171932,1.4957264957264957,3.2198142414860684,,6.8,4.545454545454546,9.2,,6.0,3.418803418803419,32.84543909390691,,92.41480885054926,,26.353115859447996,0.5925925925925926,,,,0.0,,,,74.14,
GOLDSTAR,2026-10-10,,,316.0,7.31,,,0.23635003739715782,1.8835616438356164,,29.8,8.365758754863812,18.1,,3.5,3.2161555721765147,,,,,,0.047619047619047616,,,,0.0,,,,61.32,
GOYALSALT,2026-10-10,,,186.0,16.4,,0.6641164929483031,0.9346733668341709,2.7807486631016043,,18.6,9.090909090909092,19.7,,12.0,5.527638190954774,24.694462754859824,,13.205356258268196,,19.36831723586816,0.6567164179104478,,,,0.0,,,,72.61,
GPAPL,2026-10-10,,,78.0,10.6,,,0.20051413881748073,1.5447154471544715,,21.2,5.737704918032787,18.2,,3.0,1.7994858611825193,-8.21987448654362,,38.7139602596632,,38.00536243214614,0.8,,,,0.0,,,,71.0,
GPECO,2026-10-10,,,518.0,12.9,,,1.251207729468599,4.511278195488722,,45.8,9.750566893424036,38.7,,14.0,10.38647342995169,-38.24742110145074,,,,58.99655169305373,0.990909090909091,,,,0.0,,,,59.42,
GPSL,2026-10-10,,,73.5,13.9,,,0.4016393442622951,0.6546666666666667,,4.7,3.7037037037037033,,,2.4,2.73224043715847,,,,,,0.05309734513274336,,,,0.0,,,,46.54,
GRAPHISAD,2026-10-10,,,43.5,9.93,,,0.30851063829787234,0.4499054820415879,,4.41,2.2988505747126435,6.54,,6.0,2.8368794326241136,-17.319104431407528,,-39.600307110887066,,12.892306360671423,0.2708333333333333,,,,0.0,,,,73.67,
GRCL,2026-10-10,,,327.0,58.5,,0.7050476681440221,7.82483847810481,16.618075801749274,,33.1,17.534504391468005,37.9,,21.08,13.376405838717394,82.97311322792721,,,,23.45478786012698,0.3517766497461928,,,,0.0,,,,74.03,
GREENCHEF,2026-10-10,,,151.0,206.0,,,0.45896656534954405,,,1.43,0.5555555555555556,5.89,,2.4,0.303951367781155,,,,,,1.2884615384615385,,,,0.0,,,,73.52,
GREENLEAF,2026-10-10,,,67.6,9.35,,,1.1153275037122585,1.9387755102040818,,30.4,11.974163630341172,36.5,,17.03,11.928724632898863,,,,,,0.1924290220820189,,,,0.0,,,,56.37,
GRERENEW,2026-10-10,,,316.0,26.2,,4.459793747338796,2.747826086956522,4.594594594594595,,26.7,12.76595744680851,35.2,,13.0,10.434782608695652,5.874711137848876,,,,30.28612445571264,0.029411764705882353,,,,0.0,,,,69.99,
GRETEX,2026-10-10,,,332.0,226.0,,,5.950887255780606,6.350148367952522,,3.74,2.245508982035928,3.26,,2.03,2.688653880623768,-14.501202666165147,,,,30.211809202379712,0.014149139579349905,,,,0.0,,,,66.73,
GSMFOILS,2026-10-10,,,89.5,3.79,,0.02854943125713168,0.2953795379537954,1.2026515151515151,,37.5,14.545454545454545,35.4,,12.0,7.920792079207921,132.7522067205193,,,,94.78384026645897,0.5945945945945946,,,,0.0,,,,54.38,
GSTL,2026-10-10,,,20.1,,,,0.9710144927536233,0.44366197183098594,,-0.62,-0.3919921601567969,1.18,,5.94,-1.352657004830918,,,,,-7.114345325705651,0.156849768365321,,,,0.0,,,,27.83,
GTIL,2026-10-10,,,175.0,21.3,,,1.5217391304347827,3.0787589498806684,,20.8,6.504065040650407,19.0,,15.0,6.956521739130435,-69.26627466040742,,,,13.33313866590402,0.7719298245614035,,,,0.0,,,,73.93,
GUJHYSPIN,2026-10-10,,,17.2,344.0,,,0.2079303675048356,0.9035087719298246,,0.26,0.12531328320802007,4.69,,2.3,0.06044487427466151,,,-15.587912015589001,,10.807455495770801,0.7202505219206681,,,,0.0,,,,64.89,
GULFLLOYDS,2026-10-10,,,21.1,4.91,,,0.5913677130044843,,,31.6,12.188208616780043,,,21.36,12.051569506726457,,,,,,1.1512481644640233,,,,0.0,,,,72.92,
GURUNANAK,2026-10-10,,,37.3,6.13,,,0.8864068441064639,0.7888040712468194,,20.5,11.70130869899923,27.3,,22.67,14.448669201520914,-24.87942101425351,,,,2.557303505983577,0.04410517387616625,,,,0.0,,,,68.0,
GVELECTRIC,2026-10-10,,,141.0,13.5,,,0.9038461538461539,,,36.9,12.82051282051282,40.8,,12.0,6.41025641025641,,,,,14.471424255333186,0.48484848484848486,,,,0.0,,,,67.99,
GVL,2026-10-10,,,51.0,68.0,,,1.3563829787234043,0.5044929396662386,,1.33,0.6079766536964981,2.48,,7.9,1.9946808510638296,,,,,,0.10417078474006719,,,,0.0,,,,56.35,
HAMPS,2026-10-10,,,22.2,,,,2.6241134751773045,2.7419354838709675,,-8.76,-4.648241206030151,-3.36,,0.47,-8.747044917257682,,,,,,0.8506172839506171,,,,0.0,,,,71.99,
HANMAN,2026-10-10,,,3.51,,,,16.714285714285715,2.2266666666666666,,-6.17,-3.8461538461538463,-6.79,,-14.29,-47.61904761904762,,,,,,0.0,,,,0.0,,,,54.04,
HANNAH,2026-10-10,,,231.0,20.7,,0.20783975888871134,2.510869565217391,2.3776223776223775,,15.0,8.270676691729323,17.8,,27.0,11.956521739130435,99.59595849552491,,,,18.70664916411231,0.2755102040816326,,,,1.96,,,,71.5,
HAPPY,2026-10-10,,,110.0,15.4,,,1.1622992392223161,,,19.7,7.124222356010436,15.9,,14.19,7.502113271344041,,,,,0.2406577797197551,1.1800900450225111,,,,0.0,,,,72.99,
HARIKANTA,2026-10-10,,,71.5,10.1,,,1.551986108096375,,,40.9,20.635838150289015,46.8,,22.68,15.498154981549813,,,,,,0.17312290769966523,,,,0.0,,,,70.66,
HARSHDEEP,2026-10-10,,,145.0,11.6,,,2.101449275362319,2.419354838709677,,23.2,16.049382716049383,29.4,,29.0,18.84057971014493,,,,,,0.06666666666666667,,,,0.28,,,,72.96,
HASJUICE,2026-10-10,,,,,,,,,,-2.77,18.360498561840842,8.18,,6.88,20.906113537117903,32.43471939079823,,,,16.055560278250347,0.0,,,,,,,,89.9,
HBEL,2026-10-10,,,17.5,31.8,,1.1391339128420068,2.2068095838587642,6.1688311688311686,,21.5,20.81218274111675,34.8,,5.42,10.34047919293821,27.915945299760846,,,,48.32771436365692,0.0,,,,0.0,,,,74.88,
HEALTHYLIFE,2026-10-10,,,30.3,6.64,,0.3837772106473895,0.1188235294117647,0.48031496062992124,,8.2,3.4013605442176873,10.6,,2.9,1.9607843137254901,17.30170478022668,,18.12601880431084,,24.230866143863096,0.203125,,,,0.0,,,,28.86,
HELLOJI,2026-10-10,,,36.5,29.2,,,1.3210278682591388,2.1414141414141414,,10.8,6.856829402084476,14.3,,5.39,4.524068041983352,-33.71776814626123,,,,17.43582939748498,0.0,,,,0.0,,,,69.97,
HIGHNESS,2026-10-10,,,138.0,33.7,,,8.560794044665013,,,24.7,8.936355710549257,28.3,,41.94,25.434243176178654,-73.56877151661703,,-23.345112686979242,,18.61218429026823,0.2923416789396171,,,,0.0,,,,64.96,
HIGREEN,2026-10-10,,,316.0,61.1,,,2.273381294964029,3.5,,5.85,1.7341040462427744,10.2,,17.0,2.158273381294964,-40.488293547461105,,,,21.238363587745468,0.7,,,,0.0,,,,71.92,
HMEML,2026-10-10,,,68.4,7.03,,1.209553706703284,0.5181818181818182,0.9107468123861566,,13.8,7.2992700729927,18.3,,11.0,7.575757575757576,5.812061061067486,,28.654720263132493,,9.33289616710744,0.19736842105263158,,,,0.0,,,,73.07,
HOACFOODS,2026-10-10,,,428.0,72.8,,,8.59783045399759,17.07612456747405,,24.2,12.398088276637615,29.4,,14.04,8.85897950984331,,,,,,0.2429311031461569,,,,0.0,,,,62.08,
HOLMARC,2026-10-10,,,126.0,36.6,,,3.7656903765690375,5.274261603375527,,19.4,12.373737373737374,25.6,,15.66,10.251046025104603,,,,,,0.0,,,,0.4,,,,62.69,
HOMESFY,2026-10-10,,,41.3,,,,1.0325,1.3897937024972857,,-50.3,-46.51162790697674,-50.4,,-50.0,-50.0,,,,,-8.953894428551601,0.0,,,,0.0,,,,53.04,
HORIZON,2026-10-10,,,289.0,27.6,,,5.8979591836734695,,,53.6,15.384615384615385,36.5,,32.0,20.408163265306122,-56.46652007620412,,,,34.809974988792526,1.44,,,,0.0,,,,69.97,
HPTL,2026-10-10,,,518.0,20.3,,0.8044206785592619,0.2165551839464883,5.135773317591499,,28.9,7.062146892655368,19.9,,1.7,1.0451505016722409,25.23555216949149,,47.63257305640589,,55.4320521547085,1.702970297029703,,,,0.0,,,,73.4,
HRHNEXT,2026-10-10,,,30.6,6.3,,,0.44894366197183105,0.7388535031847134,,12.5,4.974920667417341,15.8,,18.38,7.130281690140845,-70.19578601704279,,-21.69534848433462,,10.049891663344068,0.42626116340815834,,,,0.0,,,,56.57,
HRHYGIENE,2026-10-10,,,143.0,12.5,,0.2053922868758798,1.1,,,30.9,6.432748538011696,30.4,,14.0,8.461538461538462,60.85915002034059,,,,45.735275837230205,0.5116279069767442,,,,0.0,,,,48.54,
HRS,2026-10-10,,,497.0,49.1,,,7.3088235294117645,6.5984654731457795,,21.2,7.2992700729927,18.8,,27.0,14.705882352941178,,,,,,0.52,,,,0.0,,,,72.49,
HSIL,2026-10-10,,,968.0,57.3,,,4.172413793103448,6.283018867924528,,16.8,6.569343065693431,19.2,,10.0,7.758620689655173,,,,,,0.36231884057971014,,,,0.0,,,,52.83,
HVAX,2026-10-10,,,197.0,13.8,,,1.201219512195122,2.2756410256410255,,18.0,9.740259740259742,20.1,,10.0,9.146341463414634,,,,,,0.47126436781609193,,,,0.0,,,,66.65,
IBLFL,2026-10-10,,,154.0,63.0,,,,2.5182186234817814,,4.07,1.8789465578315105,8.46,,,,-24.053298140650583,,,,,,,,,0.0,,,,63.2,
ICELCO,2026-10-10,,,206.0,14.7,,,1.4405594405594406,,,24.7,7.253886010362693,22.0,,19.0,9.79020979020979,,,,,,1.1904761904761905,,,,0.0,,,,60.94,
ICODEX,2026-10-10,,,61.0,8.6,,,2.352487466255303,1.0833333333333333,,18.8,10.711587853150023,24.9,,41.38,27.342846124180486,-93.6980753080298,,-78.51711510625805,,39.556921484516884,0.12519978689397976,,,,0.0,,,,64.44,
ICON,2026-10-10,,,46.5,10.5,,,0.7240734973528495,1.2982456140350878,,17.9,10.23859161454714,23.3,,10.03,6.882591093117409,-85.69531290728608,,,,14.358755457871153,0.01591289782244556,,,,0.0,,,,70.78,
IDEALTECHO,2026-10-10,,,85.6,30.8,,2.030851882627383,2.472559214326979,3.2301886792452827,,11.1,4.844893691181596,12.2,,18.92,8.030040439052572,15.166049411812832,,,,56.05208017545473,0.910222557525462,,,,0.0,,,,73.52,
IDENTICAL,2026-10-10,,,25.2,16.0,,,1.3179916317991631,0.7086614173228347,,4.54,4.02958428972201,5.41,,18.31,8.263598326359832,-91.11308848907439,,,,33.47828349147947,0.003092493674444757,,,,0.0,,,,63.74,
IDENTIXWEB,2026-10-10,,,67.9,12.7,,,5.203065134099617,1.9877675840978593,,19.9,12.60752688172043,26.6,,57.47,35.93869731800766,-69.9566523770062,,,,28.018689075097747,0.003217315004387248,,,,0.0,,,,62.99,
IEML,2026-10-10,,,76.0,3.93,,,0.475,0.5162094763092269,,16.9,8.085106382978724,15.2,,16.0,11.875,,,,,,0.3741496598639456,,,,0.0,,,,32.64,
INDIFRA,2026-10-10,,,8.49,,,,0.4876507754164274,0.46586345381526106,,-0.88,0.04748338081671415,-0.72,,-1.78,0.05743825387708214,-97.84556530996812,,-84.45031975125757,,20.26010108189866,0.0,,,,0.0,,,,67.56,
INDOBELL,2026-10-10,,,35.4,45.4,,,2.2765273311897105,2.1782945736434107,,4.92,4.024144869215292,6.77,,-0.71,5.144694533762058,-54.166153232832535,,,,-9.197466587764392,0.05795314426633785,,,,0.0,,,,65.0,
INDONG,2026-10-10,,,12.1,,,,0.5260869565217391,0.20064308681672025,,-1.46,-1.0636934512367038,-0.37,,7.3,-3.6086956521739126,,,,,3.01347401373111,0.16975512905360687,,,,0.0,,,,49.23,
INDOSMC,2026-10-10,,,1116.0,34.5,,1.3258136172850756,3.6,7.240356083086053,,33.9,14.285714285714285,33.8,,15.0,10.32258064516129,26.021757168739224,,,,253.79733014223586,0.3051948051948052,,,,0.0,,,,60.25,
INFINITY,2026-10-10,,,303.0,38.8,,,11.01017441860465,7.2265625,,25.5,17.679057116953764,35.1,,40.95,28.343023255813954,-83.54162526870095,,,,39.35070135891181,0.012664277180406212,,,,0.0,,,,68.49,
INFINIUM,2026-10-10,,,487.0,40.1,,,2.5631578947368423,4.015444015444015,,10.5,8.0,13.1,,11.0,7.368421052631578,-5.694457430615607,,-10.523056803197006,,18.56311014966876,0.0,,,,0.0,,,,64.91,
INFLAME,2026-10-10,,,168.0,29.0,,,1.12,2.7239709443099276,,9.86,4.10958904109589,12.4,,13.0,4.0,,,,,,0.8688524590163934,,,,0.0,,,,44.72,
INFLUX,2026-10-10,,,626.0,30.5,,,4.258503401360544,,,,,,,20.0,14.285714285714285,,,,,,,,,,0.0,,,,73.53,
INFOLLION,2026-10-10,,,164.0,12.9,,,1.64,2.4207492795389047,,21.0,18.30985915492958,28.6,,15.0,13.0,,,,,,0.0,,,,0.0,,,,51.65,
INFONATIVE,2026-10-10,,,42.5,16.3,,,1.84622067767159,1.0848484848484847,,9.47,5.957357859531772,13.2,,14.73,12.380538662033015,,,,,3.7550177833896026,0.12624839948783612,,,,0.0,,,,69.28,
INM,2026-10-10,,,187.0,13.9,,,2.2261904761904763,2.3426573426573425,,18.3,9.210526315789473,17.3,,25.0,16.666666666666664,-18.31465795006303,,,,49.77744774437014,0.7,,,,0.37,,,,69.47,
INNOKAIZ,2026-10-10,,,13.8,,,,1.4526315789473685,0.32367149758454106,,-8.86,-4.7435897435897445,-5.62,,-38.42,-42.8421052631579,,,,,-67.85195060025532,0.44696797637974106,,,,0.0,,,,71.99,
INNOMET,2026-10-10,,,336.0,214.0,,,6.244192529269652,7.831325301204819,,3.73,2.535939266677435,5.68,,10.41,2.9176732949265936,-52.3301192250377,,2.6823740180085265,,32.19991254164689,0.3477855477855478,,,,0.0,,,,55.02,
INNOVATIVE,2026-10-10,,,20.8,,,,4.531590413943356,1.6194690265486724,,-38.3,-13.915492957746482,,,-140.52,-107.62527233115469,,,,,,1.2999999999999998,,,,0.0,,,,0.45,
INNOVATORS,2026-10-10,,,215.0,15.8,,0.9156770040756979,0.9429824561403509,1.228448275862069,,8.06,3.8997214484679668,11.9,,13.0,6.140350877192982,17.254992677192792,,71.12228158144693,,7.998757081240404,0.2571428571428571,,,,0.0,,,,63.71,
INSPIRE,2026-10-10,,,15.4,41.8,,,1.5172413793103448,0.5643564356435644,,1.32,0.7174713980996703,2.92,,12.81,3.645320197044335,-95.86567086979687,,,,-40.762993179804965,0.6005809731299927,,,,0.0,,,,68.43,
INTEGRITY,2026-10-10,,,78.0,11.2,,,0.4482758620689655,2.8369905956112853,,41.8,12.068965517241379,35.9,,9.0,4.022988505747127,,,,,56.956357521632306,0.6296296296296297,,,,0.0,,,,66.52,
INVICTA,2026-10-10,,,83.0,18.6,,,2.5656877897990724,1.6624685138539042,,14.0,8.100929614873838,19.4,,30.2,15.085007727975269,,,,,63.071657629975064,0.07351762820512821,,,,0.0,,,,66.7,
IPHL,2026-10-10,,,180.0,8.2,,,0.16791044776119404,1.0572687224669604,,13.8,7.523510971786834,16.7,,4.1,2.2388059701492535,,,,,,0.40588235294117647,,,,0.0,,,,72.99,
IPSL,2026-10-10,,,204.0,18.6,,0.7021281314522554,0.5087281795511222,2.5641025641025643,,17.8,7.534246575342466,16.6,,4.4,2.7431421446384037,26.49089128721913,,27.487416623077145,,26.52015854079155,0.7761194029850746,,,,0.0,,,,64.42,
ISHAN,2026-10-10,,,9.73,11.1,,,0.3229339528708928,0.4205607476635514,,2.39,1.6220830961866817,5.06,,0.7,1.8918021905077995,,,,,,0.20277078085642317,,,,0.0,,,,48.32,
ITALIANE,2026-10-10,,,41.4,10.6,,,0.41620589122348445,0.86687306501548,,8.55,3.730445246690734,10.6,,8.24,4.051472805871118,,,,,16.400924319037678,0.787523550345405,,,,0.0,,,,73.47,
ITCONS,2026-10-10,,,210.0,39.5,,2.047282167280318,2.3934351493047643,3.4873323397913563,,10.9,7.003062175475969,13.2,,6.02,5.994985183496695,19.293871959268415,,-39.18091295755243,,45.832692494472724,0.05676928169480305,,,,0.06,,,,62.3,
ITTL,2026-10-10,,,60.7,,,,0.7109393300538769,-2.9901477832512318,,,-3.1107491856677525,1.09,,3.89,-2.2370578589833685,,,,,274.92728356847135,-2.136520453425333,,,,0.0,,,,94.55,
IWARE,2026-10-10,,,402.0,28.0,,,1.558139534883721,6.711538461538462,,40.0,9.375,28.0,,11.0,5.813953488372093,-67.77875296284388,,-57.88138402120999,,80.32489023010018,1.25,,,,0.29,,,,69.01,
JAINAM,2026-10-10,,,248.0,39.7,,,1.203883495145631,1.696,,4.47,3.4653465346534658,6.75,,4.2,3.3980582524271843,,,,,,0.14965986394557823,,,,0.0,,,,66.25,
JAINIK,2026-10-10,,,263.0,18.7,,0.34077828396209886,0.6692111959287532,3.0860033726812817,,25.6,12.068965517241379,29.9,,5.0,3.5623409669211195,54.874388656994945,,47.48685186004658,,80.34575150865628,0.07058823529411765,,,,0.0,,,,67.36,
JAKHARIA,2026-10-10,,,72.5,22.9,,,1.156668793873644,3.269230769230769,,15.4,7.281229124916501,17.7,,8.62,5.216975111678367,,,1.4002339666480124,,-5.852149594304457,0.3616252821670429,,,,0.0,,,,67.39,
JALAN,2026-10-10,,,2.25,0.53,,,0.016423357664233577,,,26.1,4.032258064516129,18.8,,19.0,3.64963503649635,,,,,,4.578947368421052,,,,0.0,,,,19.19,
JAYANT,2026-10-10,,,131.0,17.4,,0.5691373758836477,1.1801801801801801,2.1972318339100347,,13.8,6.6115702479338845,16.0,,10.0,7.207207207207207,30.57258359281818,,30.604072496980052,,38.25830537793031,0.559322033898305,,,,0.0,,,,55.85,
JAYBEE,2026-10-10,,,202.0,11.0,,,0.3686131386861314,1.216326530612245,,11.6,5.325443786982249,16.5,,6.0,3.2846715328467155,-73.86767682351075,,,,30.601595874401454,0.1927710843373494,,,,0.0,,,,70.61,
JAYESH,2026-10-10,,,118.0,11.7,,,0.9147286821705426,2.2666666666666666,,29.0,9.090909090909092,21.8,,16.0,7.751937984496124,-15.709986608298298,,-4.922087857018919,,29.066288067403256,0.8653846153846154,,,,0.04,,,,71.22,
JAYKAILASH,2026-10-10,,,26.1,21.8,,,1.4948453608247423,1.3215189873417723,,6.27,3.139717425431711,8.24,,18.27,6.8728522336769755,-7.4756155673868285,,,,21.22886931018575,0.7672064777327936,,,,0.0,,,,22.56,
JDCABLES,2026-10-10,,,396.0,12.5,,,1.084931506849315,2.7006172839506175,,36.0,13.502109704641349,33.6,,13.0,8.767123287671232,-49.09615348106876,,-28.12092452346627,,107.25403884419413,0.3877551020408163,,,,0.0,,,,70.0,
JETKNIT,2026-10-10,,,21.4,427.0,,,0.9553571428571429,0.9325626204238922,,0.22,0.15045135406218654,3.38,,7.01,0.26785714285714285,-62.93775005194807,,-48.244401264377245,,-13.822612398724655,0.5902140672782874,,,,0.0,,,,68.21,
JETSOLAR,2026-10-10,,,7.96,,,,14.47272727272727,0.38285714285714284,,-4.81,0.18042399639152007,-4.62,,-270.91,7.2727272727272725,-40.159151941142454,,,,6.1373611981101694,0.014436958614051972,,,,0.0,,,,12.55,
JEYYAM,2026-10-10,,,104.0,7.6,,,0.1597542242703533,0.5774278215223096,,7.89,5.090909090909091,10.9,,4.7,2.1505376344086025,-71.80294543203398,,-55.07969938941135,,19.446256107493042,0.3812154696132597,,,,0.0,,,,65.53,
JFL,2026-10-10,,,30.8,5.12,,,0.17500000000000002,0.7013888888888888,,16.9,9.090909090909092,14.5,,4.6,3.4090909090909087,,,,,138.3360688963863,0.22727272727272727,,,,0.0,,,,55.27,
JFLLIFE,2026-10-10,,,33.8,5.0,,0.1835560726502649,0.2580152671755725,1.4676258992805753,,15.0,6.60377358490566,18.2,,9.0,5.343511450381679,27.239632706277472,,11.788477829725164,,40.73144466794347,0.4782608695652174,,,,0.0,,,,67.47,
JIGAR,2026-10-10,,,58.6,32.5,,2.938423590678811,1.011391094235416,1.9345238095238095,,7.02,3.9508340649692713,8.57,,5.76,3.1066620642043494,11.060352259318783,,27.22596365393921,,26.740241902855423,0.39385935952459555,,,,0.0,,,,42.48,
JIVIAL,2026-10-10,,,35.0,8.98,,,1.9852524106636416,,,36.8,23.16244595429277,43.4,,28.53,21.27056154282473,-78.68519570944656,,,,28.033713527751747,0.07858861267040898,,,,0.0,,,,61.17,
JIWANRAM,2026-10-10,,,9.65,9.55,,,0.17913495452014108,0.14661654135338345,,1.55,0.6540603548763114,2.77,,-0.87,1.8748839799517358,-43.96285784203767,,46.86777695102402,,8.376163296432892,0.6775715155203895,,,,0.0,,,,64.04,
JOINTECAED,2026-10-10,,,5.71,,,,38.06666666666667,1.5281501340482575,,-34.3,-24.031007751937985,-26.8,,-220.0,-1033.3333333333335,,,,,44.22495703074083,0.31016042780748665,,,,0.0,,,,47.68,
JONJUA,2026-10-10,,,10.3,1.28,,0.01872873711667256,0.48561999057048566,0.19863945578231293,,19.9,9.584323040380047,19.6,,53.65,38.04809052333805,68.34417035308418,,52.242353903752516,,80.6117729831477,0.5438393202008497,,,,0.0,,,,29.67,
JSHL,2026-10-10,,,1.4,,,,,0.18220338983050846,,-2.05,-1.8120045300113252,-1.41,,-900.0,,,,,,,0.0012919896640826874,,,,0.0,,,,0.01,
JUNGLECAMP,2026-10-10,,,65.1,17.5,,,2.7249895353704474,1.176470588235294,,7.65,5.002149921169558,9.74,,25.45,14.60862285475094,-25.724037702570445,,-16.86635361369575,,10.953782798802724,0.0973789588642155,,,,0.0,,,,69.63,
JUSTO,2026-10-10,,,151.0,7.88,,,1.641304347826087,1.1994047619047619,,21.5,11.728395061728394,27.2,,30.0,20.652173913043477,-79.45105981488038,,,,9.537610407212128,0.11811023622047244,,,,0.0,,,,39.49,
JYOTIGLOBL,2026-10-10,,,73.7,10.8,,,0.7225490196078431,1.3676470588235297,,18.1,7.777777777777778,19.1,,12.0,6.862745098039216,-57.54748173545278,,-31.990793873500103,,4.649394944764351,0.3888888888888889,,,,0.0,,,,72.91,
K2INFRA,2026-10-10,,,51.2,3.85,,,0.27675675675675676,0.571830985915493,,16.0,5.6521739130434785,14.7,,12.0,7.027027027027027,-40.71297051963697,,45.04972328585997,,35.11497597182871,1.1666666666666667,,,,0.0,,,,40.7,
KAARYAFSL,2026-10-10,,,12.2,4.37,,,0.31370532270506557,4.516129032258064,,201.0,8.680704770090244,37.9,,11.49,5.194137310362561,,,65.33091704789271,,20.31406675300529,3.8215613382899623,,,,0.0,,,,53.85,
KAHAN,2026-10-10,,,10.9,9.32,,,0.3699932111337407,0.9900990099009901,,11.2,4.637336504161712,14.3,,10.42,3.971486761710794,-24.638779566076387,,60.6485298535621,,13.235751104662462,0.6001813236627379,,,,0.0,,,,73.49,
KAKA,2026-10-10,,,300.0,41.8,,,1.8987341772151898,,,36.7,10.294117647058822,,,9.0,4.430379746835443,,,,,,2.0,,,,0.0,,,,70.03,
KALANA,2026-10-10,,,23.4,24.1,,,0.45138888888888884,0.5341246290801186,,2.23,1.9341974077766702,3.49,,2.22,1.871141975308642,-47.104275273057915,,-11.972019857373727,,-14.534162884286339,0.04818181818181819,,,,0.0,,,,66.88,
KALYANI,2026-10-10,,,801.0,53.5,,3.8165418889361273,5.34,9.780701754385966,,20.5,17.17171717171717,27.0,,15.0,11.333333333333332,14.017925534917497,,,,33.53145150486625,0.012345679012345678,,,,0.0,,,,59.47,
KANDARP,2026-10-10,,,57.2,30.9,,1.4173065708519268,1.43935581278309,1.8958333333333333,,7.43,4.281416338810461,11.2,,9.74,4.6552591847005536,21.80191684388111,,5.4488934362653785,,35.117242697368866,0.11733510109380178,,,,0.0,,,,58.77,
KANISHK,2026-10-10,,,32.2,7.81,,,0.4094087730451367,0.7100591715976332,,13.3,4.131154116113507,13.8,,10.97,5.238397965670693,-5.082131804574241,,,,9.95716159278186,0.722173339199296,,,,0.0,,,,70.24,
KARBON,2026-10-10,,,153.0,14.6,,,0.5083056478405316,1.3267813267813267,,12.0,4.280155642023346,20.6,,11.0,3.6544850498338874,-10.11144616941464,,28.02860472856148,,24.49367837209635,0.4782608695652174,,,,0.0,,,,51.83,
KARNIKA,2026-10-10,,,777.0,27.8,,,3.1330645161290325,8.012820512820513,,29.0,13.023255813953488,,,15.0,11.29032258064516,,,,,,0.7916666666666666,,,,0.08,,,,73.39,
KASTURI,2026-10-10,,,72.8,18.7,,,1.1309616280876182,1.9662921348314606,,14.2,6.578073089700996,19.3,,12.51,6.151934130806276,,,,,,0.3773279352226721,,,,0.0,,,,67.9,
KATARIA,2026-10-10,,,330.0,28.6,,,0.9969788519637462,2.7175843694493786,,10.0,7.8431372549019605,12.7,,6.0,3.625377643504532,-42.39963738812226,,-21.568916842499462,,0.0,0.1885245901639344,,,,0.33,,,,74.98,
KAYTEX,2026-10-10,,,81.9,4.8,,,0.5086956521739131,0.7023959646910467,,20.5,9.883720930232558,22.8,,19.0,10.559006211180124,,,,,17.995813862247644,0.20512820512820512,,,,0.0,,,,74.38,
KCEIL,2026-10-10,,,94.3,5.02,,,0.5785276073619632,0.9157769869513642,,22.8,7.9831932773109235,22.3,,19.0,11.65644171779141,,,,,,0.7281553398058253,,,,0.0,,,,63.41,
KCK,2026-10-10,,,101.0,,,,3.4272141160502207,3.5634743875278394,,-0.07,1.1140583554376657,0.71,,0.1,1.4251781472684086,-47.36367001953017,,-6.885008490516231,,-31.799408604640554,0.07635726795096323,,,,0.0,,,,25.36,
KCSL,2026-10-10,,,8.13,10.3,,0.5184710130116564,1.7986725663716818,0.7729468599033816,,7.79,4.614485981308411,8.9,,33.41,17.477876106194692,19.866105802463508,,29.23276861390751,,1.8352706421320475,0.49525616698292224,,,,0.0,,,,21.09,
KDL,2026-10-10,,,44.1,1.24,,,0.10808823529411765,0.3101694915254237,,28.6,11.935483870967742,38.1,,14.0,9.068627450980392,,,,,,0.04225352112676056,,,,0.0,,,,63.86,
KDML,2026-10-10,,,261.0,,,,3.9545454545454546,3.2947976878612715,,-27.5,-10.833333333333334,-26.1,,-43.0,-19.696969696969695,,,,,-5.008574840700353,0.4177215189873418,,,,0.0,,,,75.0,
KEN,2026-10-10,,,102.0,6.68,,,0.16139240506329114,0.8007736943907156,,12.8,3.8363171355498724,25.0,,4.8,2.3734177215189876,-24.72512054727021,,13.628666344941397,,20.19098606605363,0.4251968503937008,,,,0.0,,,,49.73,
KENRIK,2026-10-10,,,15.4,,,,0.19201995012468828,0.6871508379888269,,0.0,0.0,0.27,,0.06,0.0,,,,,15.626700697879393,0.008952551477170995,,,,0.0,,,,72.01,
KESAR,2026-10-10,,,3481.0,74.4,,1.361969753511165,9.589531680440771,12.270642201834862,,20.0,10.70615034168565,23.4,,17.0,12.947658402203857,54.626763779589396,,,,89.90814215111689,0.176,,,,0.0,,,,67.59,
KGVL,2026-10-10,,,31.8,5.43,,,0.2134228187919463,0.8702290076335878,,17.4,6.0,15.6,,7.0,4.026845637583892,,,,,,1.0810810810810811,,,,0.0,,,,62.86,
KHAZANCHI,2026-10-10,,,1748.0,17.1,,0.3098595027109734,0.7835051546391752,5.042857142857143,,32.4,21.888412017167383,34.8,,6.0,4.571940833706858,55.18630169606355,,,,39.54645375382106,0.34375,,,,0.07,,,,74.51,
KHFM,2026-10-10,,,96.8,27.7,,24.540127270059276,0.9046728971962616,1.4334470989761092,,5.54,2.5,8.82,,9.0,2.803738317757009,1.128763502127228,,,,5.9368583516280715,0.5671641791044776,,,,0.0,,,,37.17,
KIAASA,2026-10-10,,,54.4,4.87,,,0.40296296296296297,0.5,,14.9,4.059040590405904,16.1,,17.0,8.148148148148149,-50.05425940236109,,,,39.24766500838337,0.7798165137614679,,,,0.0,,,,50.22,
KIZI,2026-10-10,,,15.6,15.4,,,0.3661112414926074,0.8279569892473118,,7.17,3.5981474884218025,11.8,,5.91,2.3703356019713686,,,,,,0.5157750342935528,,,,0.0,,,,59.3,
KKJEWELS,2026-10-10,,,116.0,4.64,,,0.43283582089552236,1.1,,26.8,8.680555555555555,20.5,,17.0,9.328358208955224,-37.30988661903609,,,,29.99450295248005,1.4761904761904763,,,,0.0,,,,62.75,
KKSHL,2026-10-10,,,30.6,,,,3.2867883995703546,2.3936170212765955,,-4.73,-4.1278295605858855,-5.49,,8.27,-6.659505907626208,,,,,64.01707975598907,0.0,,,,0.0,,,,71.36,
KKSILK,2026-10-10,,,21.3,4.44,,0.29242171415316365,0.08693877551020408,0.3035143769968051,,8.73,2.8735632183908044,11.3,,6.0,2.0408163265306123,15.183550964599135,,37.59460679296404,,9.035543672952983,0.8,,,,0.0,,,,66.44,
KKVAPOW,2026-10-10,,,18.1,5.52,,0.1436487548656284,0.01877593360995851,0.7304785894206549,,14.1,5.454545454545454,16.4,,0.8,0.3112033195020747,38.42706471882409,,46.97317495994972,,-7.975716491987139,0.6904955320877335,,,,3.45,,,,69.56,
KLASSROOM,2026-10-10,,,150.0,19.8,,,6.510416666666667,,,53.4,29.850746268656714,60.6,,56.38,32.98611111111111,,,,,68.45289490391984,0.18621064060803474,,,,0.0,,,,39.52,
KLL,2026-10-10,,,78.0,6.45,,,0.031212484993997598,1.0739795918367347,,18.2,4.615384615384616,16.9,,0.1,0.4801920768307323,-75.90907676541426,,-49.501254109003824,,58.71893702678677,1.0136986301369864,,,,0.0,,,,73.65,
KMSMEDI,2026-10-10,,,43.8,175.0,,,3.587223587223587,5.277777777777778,,3.05,2.3696682464454977,5.2,,7.62,2.0475020475020473,-23.980939777009493,,16.11871423331621,,3.4459241588056244,0.09265944645006019,,,,0.04,,,,74.42,
KODYTECH,2026-10-10,,,2212.0,132.0,,,27.65,10.245033112582782,,11.4,6.390977443609022,17.7,,30.0,21.25,,,,,,0.037209302325581395,,,,0.0,,,,69.49,
KONSTELEC,2026-10-10,,,77.3,10.6,,,0.3680952380952381,0.7293447293447294,,7.13,2.631578947368421,11.3,,10.0,3.3333333333333335,,,,,11.132893333020078,0.8490566037735849,,,,0.0,,,,66.81,
KONTOR,2026-10-10,,,33.7,14.8,,,1.3727087576374746,1.1796536796536796,,8.29,5.118376550169109,15.3,,29.0,9.246435845213849,-7.914891932908564,,,,31.363389748232095,0.22996149807490376,,,,0.0,,,,65.06,
KORE,2026-10-10,,,269.0,26.2,,,0.31609870740305523,3.217391304347826,,13.7,4.926108374384237,18.1,,2.5,1.1750881316098707,,,,,,0.4880952380952381,,,,0.0,,,,69.2,
KOURA,2026-10-10,,,32.6,42.9,,,0.35515851399934634,1.8430034129692832,,5.75,4.1214750542299345,7.59,,1.34,0.8279769038021572,-22.907413437150915,,,,154.62841074949134,0.018665158371040724,,,,0.0,,,,61.81,
KPGEL,2026-10-10,,,1346.0,10.0,,,1.0802568218298556,2.939890710382514,,34.3,8.575031525851198,36.4,,20.0,10.914927768860354,-36.92835682147789,,,,121.92406407427026,0.7620087336244541,,,,0.2,,,,66.61,
KRATIKAL,2026-10-10,,,185.0,31.1,,,5.038126361655774,,,33.8,19.787516600265604,48.2,,25.03,16.230936819172115,,,,,58.97133655819595,0.00041946308724832214,,,,0.0,,,,53.15,
KRISHCA,2026-10-10,,,301.0,26.5,,,1.2863247863247864,2.231404958677686,,9.96,4.059040590405904,12.8,,12.0,4.700854700854701,-10.264699902263363,,,,48.12480342036851,0.626984126984127,,,,0.0,,,,47.77,
KRMAYURVED,2026-10-10,,,581.0,23.1,,,5.696078431372549,5.055555555555555,,29.0,16.39344262295082,35.3,,30.0,19.607843137254903,-87.68627342728101,,,,4.649394944764351,0.0,,,,0.0,,,,69.15,
KRUPALU,2026-10-10,,,17.3,6.25,,0.15944475334336305,0.2778670093157726,0.8263305322128851,,20.4,6.476502221183073,19.1,,7.68,4.449084484420174,39.198530330695,,,,22.850277413089735,0.6253574833174451,,,,0.0,,,,68.12,
KVSCASTING,2026-10-10,,,142.0,20.1,,,2.762645914396887,2.1695402298850577,,14.2,6.950606329488316,15.8,,21.58,13.715953307392997,-70.6757424688618,,,,-3.4898502879712856,0.37760736196319017,,,,0.0,,,,70.96,
KVTOYS,2026-10-10,,,159.0,18.5,,,0.9137931034482759,2.9013761467889907,,15.7,10.843373493975903,,,7.0,5.172413793103448,,,,,,0.24074074074074073,,,,0.0,,,,58.5,
LABELKRAFT,2026-10-10,,,20.4,16.0,,0.19079217699136722,0.8127490039840637,1.532846715328467,,10.1,7.929782082324456,13.0,,8.45,5.219123505976095,83.86088073581735,,,,23.147278222445333,0.15078769692423105,,,,0.0,,,,73.16,
LAKSHYA,2026-10-10,,,99.9,9.97,,,0.555,0.9811881188118812,,9.82,5.05050505050505,,,11.0,5.555555555555555,,,,,,0.7156862745098039,,,,0.0,,,,69.8,
LAMOSAIC,2026-10-10,,,47.6,29.2,,,0.4666666666666667,0.5974025974025974,,2.07,1.5625,4.52,,3.9,1.9607843137254901,,,,,,0.10126582278481013,,,,0.0,,,,49.5,
LAPL,2026-10-10,,,144.0,16.6,,,1.5450643776824033,,,41.2,13.768347160178687,34.2,,16.0,9.259656652360515,-36.2195699322855,,,,15.76735036917649,0.8312871287128712,,,,0.0,,,,70.18,
LAXMIPATI,2026-10-10,,,253.0,,,,3.513888888888889,7.1082390953150245,,-3.58,41.53846153846154,21.8,,18.0,37.5,,,,,68.68653306034984,0.4722222222222222,,,,0.0,,,,73.45,
LESL,2026-10-10,,,298.0,15.2,,,1.9605263157894737,,,31.0,11.976047904191617,38.4,,15.0,13.157894736842104,-32.03883030672374,,,,13.48455252486973,0.4383561643835616,,,,0.0,,,,67.26,
LEX,2026-10-10,,,35.6,33.3,,3.6378389975358787,4.506329113924051,2.0581113801452786,,6.3,5.636070853462159,8.42,,4.05,13.291139240506327,9.153786086343029,,15.146411340161482,,22.8586759837637,0.0,,,,0.0,,,,74.6,
LGLL,2026-10-10,,,21.2,,,,1.1578372474057892,0.2783783783783784,,-9.19,-7.624113475177305,-8.24,,-47.19,-39.92353904969962,,,,,-2.2105765493719454,0.22754726890756302,,,,0.0,,,,72.44,
LGT,2026-10-10,,,30.0,6.52,,,0.21897810218978103,0.7729468599033816,,11.8,8.771929824561402,,,5.0,3.64963503649635,,,,,,0.2631578947368421,,,,0.0,,,,71.95,
LIOTECH,2026-10-10,,,41.2,6.51,,0.052083939335667157,0.5878156655728349,,,46.5,18.820726622989877,48.4,,14.25,9.016978170923098,124.99054570440187,,,,102.02837846684858,0.33791044776119405,,,,0.0,,,,71.22,
LKMEHTA,2026-10-10,,,15.9,25.3,,,0.5450805622214604,1.3833333333333333,,5.63,2.80124499777679,7.98,,4.66,2.1597531710661637,,,,,20.311517858041018,0.8895652173913043,,,,0.0,,,,72.92,
LLOYDS,2026-10-10,,,132.0,,,,2.1639344262295084,3.914285714285714,,-4.31,-80.95238095238095,-4.27,,2.8,-55.73770491803278,,,,,21.511385455192045,0.0,,,,0.0,,,,68.37,
LOGICA,2026-10-10,,,322.0,22.7,,0.39656298245114263,0.24468085106382978,3.153310104529617,,14.9,3.910614525139665,13.8,,2.4,1.0638297872340425,57.24185313437995,,33.92366276065564,,23.127650029855552,1.8333333333333333,,,,0.0,,,,70.96,
LOGICIEL,2026-10-10,,,21.7,9.22,,,1.0467920887602509,0.3967168262653899,,6.0,4.049629501981734,8.58,,10.66,11.336227689339122,-86.7035638684573,,,,14.196647816308117,0.0,,,,0.0,,,,59.03,
LRRPL,2026-10-10,,,88.6,21.6,,,2.225012556504269,3.25,,18.5,10.061652281134403,21.4,,21.52,10.246107483676544,,,,,,0.5231788079470199,,,,0.0,,,,53.24,
LTELEVATOR,2026-10-10,,,697.0,41.0,,0.8448359983230407,6.2792792792792795,6.790890269151139,,24.7,11.971830985915492,30.4,,24.0,15.315315315315313,48.530129020760306,,-45.45120742782841,,48.347883280651494,0.21739130434782608,,,,0.0,,,,56.78,
LUXURY,2026-10-10,,,60.3,12.0,,,1.0051675279213201,1.639013452914798,,18.2,11.51603498542274,24.0,,11.65,9.218203033838973,-39.04272499448347,,,,4.367173653992817,0.05347448425624321,,,,0.0,,,,68.55,
MACH,2026-10-10,,,46.7,142.0,,,10.196506550218341,3.4834123222748814,,2.81,1.7133956386292832,4.74,,47.6,7.20524017467249,,,,,-5.224867387268595,0.4319327731092437,,,,0.0,,,,54.2,
MACHLTD,2026-10-10,,,456.0,23.5,,,1.982608695652174,3.7608318890814556,,12.8,8.743169398907105,16.5,,8.0,6.956521739130435,,,,,,0.049586776859504134,,,,0.23,,,,72.93,
MACOBSTECH,2026-10-10,,,200.0,68.8,,,4.855547462976451,4.811320754716982,,8.33,5.681818181818182,11.0,,8.35,7.64748725418791,,,,,,0.04790563312469909,,,,0.0,,,,47.78,
MADHAVBAUG,2026-10-10,,,186.0,20.7,,0.8983842467966637,1.7383177570093458,2.1274038461538463,,12.0,8.571428571428571,15.1,,14.0,8.411214953271028,23.041365733881957,,,,2.6241392868386226,0.03409090909090909,,,,0.0,,,,66.34,
MADHURKNIT,2026-10-10,,,110.0,8.42,,0.11097464526717196,0.5213270142180095,,,44.2,8.125,25.8,,13.0,6.161137440758294,75.87318688632716,,,,25.01234445988669,1.6818181818181819,,,,0.0,,,,70.55,
MADHUSUDAN,2026-10-10,,,355.0,17.0,,,1.1198738170347002,2.732919254658385,,17.1,9.545454545454547,17.0,,12.0,6.624605678233439,,,,,,0.680327868852459,,,,0.0,,,,70.47,
MAFIA,2026-10-10,,,2.13,4.53,,0.14547090056135883,0.14077990746860541,0.25263157894736843,,5.75,2.779420461265523,7.62,,4.96,3.1064111037673494,31.140248548123004,,-24.496962505443697,,25.360072895259165,0.4387633769322235,,,,0.0,,,,12.13,
MAGENTA,2026-10-10,,,5.15,42.9,,,0.35714285714285715,0.3901041666666667,,0.89,0.45681063122923593,3.6,,2.29,0.7628294036061026,-53.77591504329102,,-36.58396617064425,,16.755949736235777,0.4010614101592115,,,,0.0,,,,59.59,
MAGSON,2026-10-10,,,281.0,330.0,,,2.5779816513761467,2.7861445783132526,,1.54,0.9009009009009009,3.31,,2.4,0.9174311926605505,-46.82675822611788,,-79.49335989657939,,19.421404525875417,0.09302325581395349,,,,0.0,,,,28.05,
MAHALIFE,2026-10-10,,,410.0,24.8,,,1.2462006079027355,3.3589251439539347,,19.3,5.483870967741936,20.0,,10.0,5.167173252279635,-38.28134455577439,,,,33.913731024681226,0.7459016393442623,,,,0.0,,,,56.35,
MAHICKRA,2026-10-10,,,275.0,53.4,,5.8209082735039575,2.5943396226415096,4.12280701754386,,10.0,5.154639175257731,12.7,,7.0,4.716981132075472,9.173826057880019,,,,0.9615974511607561,0.23880597014925373,,,,0.05,,,,40.1,
MAHIP,2026-10-10,,,30.8,,,,,-3.50109409190372,,,-9.137360985873158,-10.3,,-805.04,146.8599033816425,,,,,,-3.954933008526187,,,,0.0,,,,64.32,
MAIDEN,2026-10-10,,,135.0,26.7,,,0.5818965517241379,1.6637478108581436,,6.41,2.7624309392265194,9.3,,6.0,2.1551724137931036,-27.386964084248987,,1.7292725731439473,,1.6323350324384256,0.8518518518518519,,,,0.0,,,,71.97,
MAITREYA,2026-10-10,,,80.6,,,,1.9208770257387986,3.3240223463687153,,-9.34,-3.6090005844535367,-1.85,,-0.71,-5.886558627264062,,,,,2.2244227457094645,1.1500412201154162,,,,0.0,,,,73.11,
MAKS,2026-10-10,,,10.4,,,,0.40720438527799535,,,-4.91,-2.9838259899609594,13.2,,6.34,-4.18950665622553,,,,,,1.6434176111595467,,,,0.0,,,,71.19,
MAL,2026-10-10,,,90.7,58.9,,,0.29258064516129034,,,2.41,0.6211180124223602,7.43,,8.0,0.6451612903225806,,,,,,2.523076923076923,,,,0.0,,,,59.74,
MALA,2026-10-10,,,49.5,8.46,,,0.23349056603773585,,,23.8,4.026845637583892,18.4,,7.0,2.8301886792452833,-22.360001789794424,,,,2.6502307236170086,2.5555555555555554,,,,0.0,,,,72.74,
MALPANI,2026-10-10,,,63.5,7.04,,,0.3895705521472393,1.1411992263056092,,17.6,7.377049180327869,20.4,,10.0,5.521472392638037,-8.052113175937425,,,,25.7355012140184,0.39285714285714285,,,,0.0,,,,73.78,
MANAS,2026-10-10,,,162.0,5.11,,0.615075222678982,,1.1370262390670554,,25.0,18.6046511627907,30.6,,-786.0,,8.307926919480213,,,,,0.0,,,,0.0,,,,73.32,
MANAV,2026-10-10,,,51.0,,,,10.099009900990099,-13.906810035842293,,-2197.0,-46.441155743481325,,,-76.04,-130.4950495049505,,,,,,36.6129032258065,,,,0.0,,,,68.84,
MANDEEP,2026-10-10,,,20.6,16.7,,,0.5549568965517242,0.5042016806722689,,3.28,2.357523575235752,4.63,,6.41,3.0980603448275863,,,,,,0.04504283965728274,,,,0.0,,,,67.04,
MANGALCOMP,2026-10-10,,,55.1,9.35,,,1.6191595650896269,1.2235649546827794,,13.9,8.732678983833718,16.7,,35.56,17.778430796356155,-49.81131896687068,,21.22221573858343,,24.888662547918152,0.41896092362344584,,,,1.23,,,,73.5,
MANILAM,2026-10-10,,,87.9,42.9,,,0.8451923076923078,1.2445820433436534,,3.93,1.1695906432748537,8.47,,11.0,1.9230769230769231,-48.569990792209694,,-26.492653002945833,,-11.09547322174712,0.7183098591549296,,,,0.0,,,,61.93,
MANIVENI,2026-10-10,,,47.5,12.3,,,0.2844311377245509,,,19.1,7.4074074074074066,16.3,,4.7,2.3952095808383236,,,,,,1.0,,,,0.0,,,,72.46,
MANOJJEWEL,2026-10-10,,,34.7,3.84,,0.03239396023491419,0.3043859649122807,0.8935185185185185,,33.8,14.754098360655737,30.2,,12.0,7.894736842105263,118.54061597140722,,83.62224668155048,,101.18345949587253,0.4358974358974359,,,,0.0,,,,41.1,
MARC,2026-10-10,,,260.0,24.7,,0.7953636842482181,3.7142857142857144,3.75,,21.6,12.941176470588237,29.2,,19.0,15.714285714285714,31.05497584208483,,21.75281119953072,,51.82944859378311,0.0,,,,0.0,,,,73.55,
MARCLOIRE,2026-10-10,,,30.5,17.2,,,0.8623126943737631,0.9110169491525423,,8.0,4.579560155239328,12.9,,7.69,5.004240882103478,-27.373464061283293,,,,10.45072832979046,-0.0011933174224343674,,,,0.0,,,,70.42,
MARCO,2026-10-10,,,54.2,12.9,,,0.5262135922330098,1.4871794871794872,,12.2,3.7037037037037033,15.0,,12.0,3.8834951456310676,,,,,22.52265501940296,1.5945945945945945,,,,0.0,,,,72.81,
MARINETRAN,2026-10-10,,,17.6,117.0,,,0.16603773584905662,0.6831683168316832,,1.54,0.0,5.75,,1.5,0.0,-76.6748420044657,,,,3.358185720810525,0.2692307692307692,,,,0.0,,,,67.09,
MARUSHIKA,2026-10-10,,,95.6,10.7,,,0.8241379310344827,2.0216606498194944,,28.6,10.344827586206897,33.8,,14.0,7.758620689655173,,,,,,0.14583333333333334,,,,0.0,,,,58.19,
MASON,2026-10-10,,,260.0,12.1,,,1.984732824427481,1.572871572871573,,18.4,7.508532423208192,17.8,,26.0,16.793893129770993,,,,,,0.5783132530120482,,,,0.09,,,,52.6,
MASTER,2026-10-10,,,166.0,22.3,,0.41972303253341564,2.2350881917328667,4.510869565217392,,22.4,12.586702757570631,26.6,,16.56,10.017503702706342,53.130274660885135,,-5.989675689501073,,53.11496676159593,0.29518891002989944,,,,0.18,,,,67.1,
MAXPOSURE,2026-10-10,,,75.7,7.99,,,0.8600318109520564,0.9568965517241379,,12.3,9.112755935787755,15.3,,14.72,10.770279481935924,,,,,,0.1332068311195446,,,,0.0,,,,61.56,
MAXVOLT,2026-10-10,,,459.0,16.4,,,1.5454545454545454,4.252525252525253,,31.8,12.280701754385964,27.1,,12.0,9.427609427609427,,,,,,0.7870370370370371,,,,0.0,,,,39.14,
MAYASHEEL,2026-10-10,,,71.7,4.41,,,0.34805825242718447,1.124567474048443,,35.4,6.748466257668712,27.6,,14.0,5.339805825242718,,,,,17.80549770310449,0.796875,,,,0.0,,,,67.78,
MCFL,2026-10-10,,,111.0,20.2,,,0.28388746803069054,3.2087227414330215,,15.6,6.8493150684931505,,,3.4,1.278772378516624,,,,,,1.125,,,,0.0,,,,65.0,
MCON,2026-10-10,,,28.8,9.48,,0.2975231447007925,0.44321329639889195,0.7939393939393938,,8.76,3.962460896767466,11.1,,11.77,4.678362573099415,31.863067357444308,,26.721082786019057,,28.006718531843333,0.5012413793103448,,,,0.0,,,,57.41,
MCPL,2026-10-10,,,87.8,7.31,,,0.4325123152709359,0.6404833836858006,,10.0,4.878048780487805,13.1,,12.0,5.911330049261084,-67.07054958903694,,,,39.9871288038256,0.5441176470588235,,,,0.0,,,,53.06,
MDL,2026-10-10,,,105.0,23.5,,0.8634815207314265,1.5507310589277803,1.5775401069518717,,6.92,4.308975377283558,7.92,,7.18,6.409688376901491,27.21540581446831,,161.5936621371402,,11.186690131407339,0.32207478890229196,,,,0.0,,,,67.41,
MDRC,2026-10-10,,,97.7,18.6,,,1.1755504752737336,1.6675257731958766,,13.2,4.4266441821247895,12.5,,15.41,6.3169293707135115,,,,,13.876225701777978,0.6336464560204953,,,,0.0,,,,72.85,
MEDIORG,2026-10-10,,,34.8,,,,1.5970628728774667,0.9915254237288135,,-13.8,-7.786170830912259,-10.4,,-16.61,-18.448829738412115,,,,,,0.49738948833971464,,,,0.0,,,,54.89,
MEDISTEP,2026-10-10,,,29.1,4.87,,,0.41084286319356206,0.7706766917293233,,21.7,11.888667992047715,27.0,,11.66,8.442750247070451,,,,,,0.13692836373248743,,,,0.0,,,,68.96,
MEGAFLEX,2026-10-10,,,163.0,26.0,,0.5889710081922908,2.0876024590163933,2.6019417475728157,,10.7,9.927625290181618,14.9,,10.35,9.310963114754097,44.14478749947462,,-4.0095789491963245,,14.008492201537415,0.031214983191932125,,,,0.0,,,,73.92,
MEGATHERM,2026-10-10,,,456.0,18.8,,,1.3179190751445087,2.7562642369020502,,15.8,6.976744186046512,18.1,,10.0,6.9364161849710975,,,,,9.160325177931927,0.296969696969697,,,,0.0,,,,71.85,
MEHUL,2026-10-10,,,47.5,10.1,,,1.5625,1.1508951406649617,,16.2,11.54611811546118,22.1,,20.03,17.17105263157895,,,,,12.801760032556263,0.04749212503028835,,,,0.0,,,,71.6,
METAINFO,2026-10-10,,,150.0,13.7,,,0.5555555555555556,2.041237113402062,,18.5,8.527131782945736,23.1,,7.0,4.074074074074074,-59.253288323142016,,-20.395114616124122,,35.72088082974532,0.1095890410958904,,,,0.0,,,,70.82,
METALIC,2026-10-10,,,406.0,33.0,,,4.229166666666667,,,48.5,13.043478260869565,36.1,,23.0,12.5,-41.901168196439706,,,,26.879402568420584,0.9411764705882353,,,,0.0,,,,,
METHODHUB,2026-10-10,,,138.0,4.34,,0.22039607634998193,0.4144144144144144,0.9039408866995075,,32.6,11.337209302325581,37.6,,20.0,11.711711711711711,19.691820616208332,,,,111.89728703571258,0.738562091503268,,,,0.0,,,,26.85,
MGSL,2026-10-10,,,85.1,8.47,,,2.1275,1.3006681514476615,,23.0,12.987012987012985,30.5,,34.0,25.0,-81.50131469838607,,,,64.414138288698,0.030303030303030304,,,,0.0,,,,67.26,
MHEL,2026-10-10,,,24.8,28.2,,,0.5248677248677249,1.990625,,7.29,1.8799401837214271,14.9,,13.08,1.8624338624338623,-2.9305720297560622,,20.929610231250884,,-3.1363867774872767,1.9032,,,,0.0,,,,56.32,
MHHL,2026-10-10,,,57.2,,,,0.39722222222222225,0.6460905349794238,,-8.88,-11.03896103896104,-3.85,,-1.8,-11.805555555555555,,,,,-9.143970358393016,0.3977272727272727,,,,0.0,,,,64.02,
MICROPRO,2026-10-10,,,24.8,,,,1.3156498673740051,0.5631067961165048,,-2.88,-2.470317885867484,-1.37,,4.83,-6.843501326259947,,,,,,0.08089734874235215,,,,0.0,,,,46.63,
MIEL,2026-10-10,,,20.6,6.56,,,0.5907657011757959,0.4349442379182156,,6.85,5.083373806054719,9.5,,15.37,9.004875250932034,-5.211007899975484,,,,55.74594521234215,0.06475427125079097,,,,0.0,,,,71.97,
MILEFUR,2026-10-10,,,25.0,,,,,1.0306513409961684,,-1.94,-1.907032181168057,-1.91,,-422.73,,,,,,,0.020433183489987742,,,,0.0,,,,0.0,
MILLWORKS,2026-10-10,,,1978.0,53.3,,,13.275167785234899,,,70.0,18.68686868686869,81.0,,35.0,24.832214765100673,-23.958415549844283,,,,320.77709494759637,0.20481927710843373,,,,0.0,,,,47.18,
MILTON,2026-10-10,,,57.4,31.9,,,1.2368024132730016,1.1655172413793102,,3.72,2.4003200426723565,5.98,,9.52,3.878474466709761,-14.400140163888143,,-7.437249031937854,,-8.684194830758063,0.34375634517766496,,,,0.0,,,,72.96,
MINDPOOL,2026-10-10,,,30.1,121.0,,,0.5768493675737831,1.5660792951541849,,1.33,1.3118440779610194,4.32,,1.53,0.6707550785741663,,,-25.0956420485684,,4.427848387282407,0.11654526534859523,,,,0.0,,,,71.27,
MISHDESIGN,2026-10-10,,,14.1,,,,1.7472118959107805,0.7604562737642585,,-5.94,-4.0,-3.46,,-7.68,-12.763320941759604,,,,,-9.945845675058251,0.4298507462686567,,,,0.0,,,,53.55,
MISQUITA,2026-10-10,,,26.0,113.0,,,1.4428412874583796,1.7987012987012987,,1.72,1.0574712643678161,3.07,,3.22,1.2763596004439512,-33.55027270624495,,-10.431473250914147,,22.511325016100024,0.17427385892116182,,,,0.0,,,,69.37,
MITTALSTL,2026-10-10,,,32.3,9.34,,0.7919169887176744,0.21677852348993287,0.5577689243027888,,10.2,3.0303030303030303,12.8,,5.0,2.013422818791946,11.794165465655638,,,,-3.730230401965906,0.43103448275862066,,,,0.0,,,,67.97,
MMEL,2026-10-10,,,45.6,3.62,,,0.8941176470588236,0.4888888888888889,,19.0,9.848484848484848,19.3,,72.0,25.49019607843137,-83.52304001362269,,,,85.42148846330946,0.26881720430107525,,,,0.0,,,,57.38,
MNFL,2026-10-10,,,194.0,16.7,,0.326461851244262,1.5772357723577235,2.941176470588235,,25.6,10.084033613445378,21.5,,13.0,9.75609756097561,51.154522148148,,,,17.40786022710161,0.6363636363636364,,,,0.0,,,,65.93,
MOBILISE,2026-10-10,,,95.6,18.2,,,5.19847743338771,3.2268370607028753,,28.5,17.120980091883613,39.3,,44.86,30.39695486677542,-93.06113849389608,,,,38.31384088025802,0.0030221625251846875,,,,0.0,,,,70.68,
MONIKA,2026-10-10,,,318.0,9.89,,,1.06,1.2982456140350878,,18.9,6.504065040650407,14.7,,15.0,10.666666666666668,-38.73687712515977,,,,28.923198938929808,0.8647540983606558,,,,0.67,,,,62.1,
MONOLITH,2026-10-10,,,2720.0,94.5,,,17.662337662337663,20.815307820299502,,27.8,20.0,34.8,,25.0,18.83116883116883,,,,,,0.04580152671755725,,,,0.0,,,,74.57,
MONOPHARMA,2026-10-10,,,15.7,21.6,,,0.09457831325301204,0.4972067039106146,,2.33,0.819672131147541,5.1,,2.7,0.6024096385542169,-18.593936414155632,,,,71.3423488160192,1.75,,,,0.0,,,,56.72,
MOPSHOP,2026-10-10,,,23.4,4.52,,,0.5310939627780299,,,69.8,13.703703703703704,46.4,,18.07,11.756695415342714,-77.48083733802855,,,,13.744629111675133,1.0243288590604027,,,,0.0,,,,72.57,
MOS,2026-10-10,,,148.0,8.18,,0.5155173615513419,0.2364217252396166,1.388888888888889,,18.8,8.67579908675799,19.5,,4.5,3.035143769968051,15.867554829548315,,,,49.5928750003642,0.6698113207547169,,,,0.0,,,,36.23,
MOXSH,2026-10-10,,,92.7,40.3,,1.3438382473082198,7.180480247869869,5.987730061349692,,18.6,9.7997443544951,21.6,,37.72,17.815646785437643,29.98872824219958,,,,1.2709858772829152,0.23471400394477315,,,,0.0,,,,60.31,
MPEL,2026-10-10,,,57.8,6.78,,,1.090566037735849,1.55,,36.2,12.98384638829625,30.4,,24.15,16.075471698113205,,,,,,0.5411985018726592,,,,0.0,,,,52.12,
MPKSTEELS,2026-10-10,,,96.2,15.9,,3.619319112140848,0.37142857142857144,1.845703125,,15.9,5.128205128205128,19.0,,4.1,2.3166023166023164,4.393091492447887,,,,23.350304493161133,0.3269230769230769,,,,0.0,,,,66.52,
MPTODAY,2026-10-10,,,19.0,6.39,,0.9435916434991625,0.7929883138564273,0.39245283018867927,,6.33,5.506117908787543,8.99,,17.49,12.395659432387312,6.771997234210003,,-0.6042738669225667,,3.1835303141708238,0.04852364237043155,,,,0.0,,,,53.42,
MRIL,2026-10-10,,,138.0,7.71,,,1.0147058823529411,1.1105169340463457,,18.3,9.836065573770492,22.2,,15.0,13.23529411764706,-37.282580056604964,,-32.5878685888934,,29.240745046618443,0.11290322580645161,,,,0.0,,,,73.68,
MRP,2026-10-10,,,105.0,18.1,,,1.4177693761814745,2.5418994413407825,,9.96,12.532411408815902,,,10.34,7.831487982716716,,,,,,0.05950935146951664,,,,0.0,,,,67.11,
MRTX,2026-10-10,,,694.0,43.1,,,4.448717948717949,,,46.0,10.38961038961039,41.1,,17.0,10.256410256410255,-16.14236366930185,,,,43.31211639151724,0.8113207547169812,,,,0.0,,,,62.28,
MSAFE,2026-10-10,,,596.0,22.3,,,5.786407766990291,6.083333333333333,,39.5,14.76510067114094,37.2,,43.0,21.35922330097087,-32.72864685194571,,-48.38507655415486,,56.2516049217866,0.3979591836734694,,,,0.0,,,,73.23,
MSECL,2026-10-10,,,354.0,9.5,,,2.058139534883721,1.5337423312883436,,21.9,13.754646840148698,28.5,,30.0,21.511627906976745,-86.1912709231491,,,,33.67965523528002,0.05194805194805195,,,,0.64,,,,72.35,
MTL,2026-10-10,,,134.0,13.5,,,0.67,,,44.9,17.24137931034483,57.1,,7.0,5.0,,,,,,0.10714285714285714,,,,0.0,,,,68.74,
MUNISH,2026-10-10,,,210.0,20.8,,,1.1475409836065573,1.6641221374045803,,10.4,4.761904761904762,12.0,,12.0,5.46448087431694,,,,,,0.4523809523809524,,,,0.0,,,,68.01,
MVKAGRO,2026-10-10,,,1217.0,24.5,,1.2024856541117412,3.437853107344633,2.701793721973094,,17.3,5.701254275940707,14.4,,16.0,14.124293785310735,20.374463442641066,,,,35.91312029466136,0.6711111111111111,,,,0.0,,,,59.82,
MYMUDRA,2026-10-10,,,109.0,9.07,,,0.923728813559322,1.6637630662020906,,20.2,14.285714285714285,26.3,,16.0,10.16949152542373,-84.7011001691163,,,,29.76654719577534,0.16923076923076924,,,,0.0,,,,57.89,
NACDAC,2026-10-10,,,24.2,5.47,,0.10615155121619779,0.3829719892388036,0.8424908424908425,,16.7,8.650654169107595,20.5,,9.26,7.010602943503718,51.53009953532668,,2.0703725322009703,,75.3504620386359,0.27358162199791164,,,,0.0,,,,69.84,
NAMAN,2026-10-10,,,63.0,,,,0.44366197183098594,0.8169491525423729,,-2.97,-1.639344262295082,-0.39,,0.9,-1.4084507042253522,,,,,-1.810353813094956,0.3116883116883117,,,,0.0,,,,58.93,
NAMOEWASTE,2026-10-10,,,842.0,58.7,,,4.317948717948718,8.159645232815965,,14.9,11.76470588235294,21.3,,12.0,7.179487179487179,,,,,,0.02912621359223301,,,,0.0,,,,69.05,
NANTA,2026-10-10,,,169.0,20.7,,,2.4108416547788876,3.3880903490759753,,25.5,10.199750312109863,32.7,,16.62,11.654778887303854,,,,,,0.08583433373349339,,,,0.0,,,,57.36,
NAPSGLOBAL,2026-10-10,,,29.0,18.8,,,0.21641791044776118,1.5707434052757792,,8.34,5.405405405405405,,,1.8,1.4925373134328357,,,,,,0.0,,,,0.0,,,,70.2,
NARMADESH,2026-10-10,,,85.0,23.8,,,0.8926696072253728,1.5930232558139534,,11.2,4.663076316826481,10.8,,4.83,3.7282083595883218,,,,,16.66901134217933,0.20240330454374764,,,,0.0,,,,71.84,
NAVIGANT,2026-10-10,,,21.8,24.0,,22.078270152327757,4.448979591836735,1.6739130434782608,,7.22,6.412103746397695,10.3,,28.78,18.163265306122447,1.0870416855312204,,18.438458847780105,,-7.643266319190223,0.0,,,,0.0,,,,40.21,
NCML,2026-10-10,,,281.0,26.7,,,1.405,2.579908675799087,,11.2,6.547619047619048,14.7,,11.0,5.5,-13.955305692001863,,,,-9.068130565548627,0.3577981651376147,,,,0.0,,,,73.52,
NEELAM,2026-10-10,,,13.1,8.48,,,0.11101694915254237,0.3233830845771144,,3.88,1.694915254237288,6.2,,4.4,1.694915254237288,-37.930494633923985,,2.517111829582741,,4.299659192254368,1.725,,,,0.0,,,,54.3,
NEETUYOSHI,2026-10-10,,,890.0,35.6,,0.6858288450195714,9.081632653061224,6.468926553672317,,27.5,16.89189189189189,31.8,,31.0,25.510204081632654,51.90799462362084,,,,82.96528550114857,0.029197080291970802,,,,0.0,,,,70.03,
NEOCHEM,2026-10-10,,,169.0,22.0,,,2.007841273612926,,,48.4,9.823805298516922,27.2,,15.59,9.207556136390638,,,,,,1.8031376518218627,,,,0.0,,,,66.72,
NEPHROCARE,2026-10-10,,,138.0,27.4,,,1.555104800540906,2.4347826086956523,,4.92,4.634213421342134,,,9.38,3.797610998422358,,,,,,0.0,,,,0.0,,,,61.71,
NEPLOG,2026-10-10,,,43.9,7.47,,,0.1892241379310345,0.6477732793522267,,13.4,3.6809815950920246,15.2,,7.0,2.586206896551724,,,-35.46344693527185,,7.838064758837748,0.7794117647058824,,,,0.0,,,,73.22,
NEPTUNE,2026-10-10,,,401.0,13.2,,,0.3811787072243346,2.353723404255319,,25.6,13.698630136986301,31.6,,3.0,2.8517110266159698,,,,,,0.1111111111111111,,,,0.0,,,,69.33,
NEWJAISA,2026-10-10,,,54.7,,,,1.3675000000000002,0.9503105590062111,,-25.7,-23.61111111111111,-24.5,,-41.0,-42.5,,,,,-3.850028646172776,0.20689655172413793,,,,0.0,,,,61.03,
NEXXUS,2026-10-10,,,44.8,7.81,,,0.17099236641221374,1.160071942446043,,16.2,9.230769230769232,18.8,,4.6,2.2900763358778624,-64.24200565829888,,,,22.364399884377974,0.5384615384615384,,,,0.0,,,,60.28,
NFPSAMPOOR,2026-10-10,,,24.7,5.45,,,0.4838393731635651,,,35.1,8.495873968492123,24.1,,18.1,8.873653281096965,,,,,44.98630380392552,1.7143709004174121,,,,0.0,,,,64.7,
NHL,2026-10-10,,,24.9,16.1,,,0.8225966303270564,1.9498607242339834,,14.1,8.474576271186441,18.4,,5.72,5.120581433762802,-17.089725813346888,,-26.262009391789398,,37.28050024809817,0.0007818608287724785,,,,2.29,,,,59.49,
NIDAN,2026-10-10,,,18.4,10.4,,,0.7204385277995301,0.26347305389221554,,2.58,1.7976190476190474,5.99,,18.95,5.91229444009397,-24.67101670903683,,-14.021927905128939,,1.714696022410478,0.16028124551585593,,,,0.0,,,,57.04,
NIKITA,2026-10-10,,,164.0,14.9,,,0.47126436781609193,0.9172413793103448,,7.78,2.2448979591836733,9.39,,8.0,3.1609195402298855,,,,,-4.376333767745311,1.324022346368715,,,,0.0,,,,60.14,
NIRMAN,2026-10-10,,,21.6,1.22,,0.019143158031109345,0.10964467005076142,0.1691823899371069,,14.8,13.953488372093023,15.2,,10.0,9.137055837563452,63.73034156733131,,,,89.38957788632484,0.0,,,,0.0,,,,44.34,
NIRMITEE,2026-10-10,,,46.8,78.0,,3.54773225045321,5.246636771300448,9.027777777777777,,12.9,7.936507936507936,14.7,,12.89,6.726457399103139,21.985875622388296,,,,28.95074074684714,0.3294797687861271,,,,0.0,,,,70.81,
NISMGMT,2026-10-10,,,80.8,2.92,,,0.1799554565701559,0.41170534813319876,,14.0,0.303951367781155,12.0,,7.0,0.22271714922048996,-75.9783839778126,,-54.99653612882152,,5.905418415562469,0.42346938775510207,,,,0.0,,,,69.63,
NISUS,2026-10-10,,,436.0,6.46,,3.7018321520638873,0.7649122807017544,1.625,,33.7,8.258706467661693,37.7,,26.0,14.561403508771932,1.7450818229017617,,10.826946487798917,,272.8155830624905,0.9739776951672863,,,,0.0,,,,73.98,
NMSTEEL,2026-10-10,,,40.3,7.4,,,0.12593749999999998,0.4716599190283401,,6.64,4.166666666666666,8.27,,2.4,1.5625,,,,,,0.18823529411764706,,,,0.0,,,,73.02,
NOVATEOR,2026-10-10,,,22.7,227.0,,7.947044109663986,5.926892950391645,1.9736842105263157,,0.91,0.700770847932726,1.67,,-2.61,2.6109660574412534,28.564079532911755,,53.4206382524911,,44.85808611710349,0.08956521739130435,,,,0.0,,,,50.75,
NOVUS,2026-10-10,,,319.0,34.4,,,2.5118110236220472,5.1767676767676765,,25.1,12.5,33.4,,10.0,7.086614173228346,-77.71208481787684,,,,28.395801749576076,0.0,,,,0.0,,,,70.06,
NPFL,2026-10-10,,,10.1,4.82,,,0.22954545454545452,,,13.1,9.33869526362824,,,7.43,4.749999999999999,,,,,,0.0370835952231301,,,,0.0,,,,47.03,
NRVANDANA,2026-10-10,,,165.0,16.0,,,0.6088560885608856,2.4398625429553262,,26.1,4.433497536945813,18.8,,7.0,3.3210332103321036,,,,,15.25647725659165,1.864864864864865,,,,0.0,,,,73.39,
NSBBPO,2026-10-10,,,120.0,9.34,,,0.8163265306122449,0.5588785046728971,,7.26,5.603448275862069,8.15,,13.0,8.843537414965986,-67.14562263130263,,,,-19.803116515269746,0.046948356807511735,,,,0.0,,,,33.63,
NUKLEUS,2026-10-10,,,75.0,35.0,,,2.1138669673055244,1.8058252427184467,,5.31,2.79191128506197,7.08,,23.84,6.031567080045097,-49.762353843998994,,,,48.292176221984874,0.43502415458937205,,,,0.0,,,,69.91,
NVENTURES,2026-10-10,,,36.4,520.0,,,1.9496518478843061,1.6128364389233956,,0.31,0.17676767676767677,0.71,,0.96,0.3749330476700589,-35.15006827519721,,-31.436778845810874,,5.300868070532161,0.0,,,,0.0,,,,62.41,
OBSCP,2026-10-10,,,2127.0,67.6,,3.0547432965285366,8.341176470588236,11.723646723646723,,19.6,10.472972972972974,19.5,,18.0,12.156862745098039,22.12951905871168,,32.682938984353996,,30.40095741256328,0.4011627906976744,,,,0.0,,,,66.24,
OCTAWARE,2026-10-10,,,21.3,,,,1.215059897318882,2.571428571428571,,-45.3,-27.091203453858604,-28.6,,-10.04,-28.636622932116367,,,,,0.40253452926410915,0.45367027677496996,,,,0.0,,,,71.13,
OLATECH,2026-10-10,,,26.0,16.0,,,0.9410061527325372,1.308724832214765,,8.55,3.566739606126914,14.5,,13.07,5.89938472674629,,,,,,0.5160965794768612,,,,0.0,,,,62.72,
OLIL,2026-10-10,,,308.0,108.0,,,2.6782608695652175,3.3834586466165413,,5.51,1.744186046511628,8.65,,5.0,2.608695652173913,,,,,,0.11235955056179775,,,,0.0,,,,16.69,
OMFURN,2026-10-10,,,63.0,9.89,,2.5364803832824285,0.7290822821432705,0.9536541889483066,,10.2,6.319590731266928,14.2,,14.64,7.290822821432704,3.8991036812993096,,,,7.155330198167453,0.1589464123524069,,,,0.0,,,,52.14,
OML,2026-10-10,,,24.4,5.1,,1.7673798449191038,0.32477039797684015,0.6553911205073997,,19.5,9.569280780170661,22.8,,9.34,6.269133501929988,2.885627565948301,,,,26.165871960354558,0.11400914224253833,,,,0.0,,,,59.26,
OMNIPOTENT,2026-10-10,,,2.25,,,,,0.1319148936170213,,-2.2,-2.0030045067601403,-1.88,,-15.32,,,,,,,0.0721830985915493,,,,0.0,,,,0.04,
ONDOOR,2026-10-10,,,181.0,16.8,,,0.565625,1.316326530612245,,10.2,7.857142857142857,10.1,,4.8,3.4375000000000004,,,,,21.14137285547597,0.09009009009009009,,,,0.0,,,,28.67,
ONEINDIG,2026-10-10,,,140.0,23.0,,,1.9698888419867737,,,34.4,7.289048473967684,27.0,,17.46,8.569016462642466,,,,,,2.2312138728323703,,,,0.0,,,,37.8,
ONYX,2026-10-10,,,68.9,,,,0.9917950194328488,1.2418300653594772,,-0.38,-0.2206809583858764,1.15,,4.91,-0.3022887577371527,,,,,20.71745058114729,0.2737772965168742,,,,0.0,,,,65.1,
OPCHAINS,2026-10-10,,,21.2,20.6,,,10.984455958549223,0.5567567567567567,,2.75,2.681593335068993,3.71,,-7.25,53.36787564766839,-23.647993833766023,,65.72270086699933,,9.007659126331259,0.0,,,,0.0,,,,74.53,
OPTIMYSTIX,2026-10-10,,,380.0,15.9,,,2.814814814814815,,,21.0,14.37125748502994,27.3,,23.0,17.77777777777778,,,,,,0.0,,,,0.0,,,,55.77,
OPTIVALUE,2026-10-10,,,521.0,37.9,,,5.725274725274725,5.674300254452927,,22.2,9.859154929577464,27.2,,20.0,15.384615384615385,-87.14814395473456,,-65.00291593772273,,32.63524026321307,0.09782608695652174,,,,0.0,,,,64.07,
ORGANICREC,2026-10-10,,,321.0,12.8,,0.21214824450833725,3.057142857142857,2.177589852008457,,20.3,11.904761904761903,16.6,,29.0,23.809523809523807,60.335168125781834,,,,61.34286460245437,0.37398373983739835,,,,0.0,,,,15.07,
ORIANA,2026-10-10,,,2938.0,11.6,,0.11687172045066602,1.619625137816979,3.848202396804261,,39.6,9.832227857978932,39.7,,22.0,13.891951488423373,99.25412200033969,,121.11120262336618,,137.7394049805945,0.6671035386631717,,,,0.0,,,,57.98,
OSELDEVICE,2026-10-10,,,652.0,22.3,,,2.2252559726962455,3.1826086956521737,,18.7,8.123249299719888,23.4,,18.0,9.897610921501707,,,,,,0.46078431372549017,,,,0.0,,,,64.84,
OVAL,2026-10-10,,,90.2,6.77,,,0.6053691275167785,0.8188679245283018,,16.0,6.451612903225806,20.3,,18.0,9.395973154362416,-76.13443701191044,,,,36.17940080203499,0.6818181818181818,,,,2.3,,,,53.14,
OWAIS,2026-10-10,,,122.0,73.7,,,0.991869918699187,1.0705128205128205,,1.47,1.098901098901099,4.3,,6.0,1.6260162601626018,,,,,,0.26548672566371684,,,,0.0,,,,72.16,
PACE,2026-10-10,,,33.8,8.97,,0.11026320339687705,0.33799999999999997,0.4225352112676056,,4.83,3.9215686274509802,7.73,,6.0,4.0,81.35080175127631,,110.92657270395678,,52.85535436643993,0.2125,,,,0.0,,,,50.92,
PAJSON,2026-10-10,,,808.0,32.6,,0.0712191963485776,3.15625,5.936952714535901,,27.5,12.755102040816327,31.4,,14.0,9.765625,457.74175603500885,,,,36.34509865682367,0.25,,,,0.0,,,,62.47,
PANHR,2026-10-10,,,32.4,4.33,,,0.1378723404255319,0.8653846153846154,,27.0,13.333333333333334,29.6,,3.3,3.404255319148936,-82.5557219588424,,-51.756502702160766,,-2.8127487832176667,0.0,,,,0.0,,,,63.23,
PARAGON,2026-10-10,,,98.3,10.9,,,0.8936363636363636,0.9980119284294235,,9.64,8.333333333333332,12.8,,12.0,8.181818181818182,-44.7079125467659,,-59.78151908550793,,1.8872362595751646,0.010101010101010102,,,,0.0,,,,74.87,
PARAMATRIX,2026-10-10,,,69.5,26.7,,,2.4090121317157713,1.0961887477313974,,4.02,2.9723991507431,4.18,,2.56,8.734835355285961,-77.61190466456135,,-55.80068680730735,,0.5726430775318869,0.21277602523659303,,,,0.0,,,,57.22,
PARAMOUNT,2026-10-10,,,25.2,3.88,,,0.34160227734851567,0.3810526315789474,,10.1,2.3020654044750435,9.53,,10.14,2.900908228277078,,,,,,0.2532989534354618,,,,0.0,,,,64.98,
PARAMPARA,2026-10-10,,,11.7,,,,,1.3493975903614457,,-0.42,-10.982306284319707,-0.25,,-625.0,,,,,,,0.7657864523536164,,,,0.0,,,,1.16,
PARIN,2026-10-10,,,773.0,120.0,,4.461745269397772,3.1169354838709675,10.296296296296296,,9.29,3.5897435897435894,10.7,,9.0,2.82258064516129,26.895305033000483,,6.35174499769573,,45.20744615750163,1.2133333333333334,,,,0.0,,,,72.76,
PARMESHWAR,2026-10-10,,,474.0,14.7,,,0.2402432843385707,4.6476761619190405,,37.4,22.857142857142858,43.4,,2.2,1.6218955904713634,-43.653144607683515,,-16.48980480174248,,26.6155191738465,0.22549019607843138,,,,0.4,,,,72.03,
PARTH,2026-10-10,,,726.0,51.0,,,3.6666666666666665,6.380368098159509,,18.7,7.446808510638298,21.0,,11.0,7.07070707070707,,,,,44.22495703074083,0.15178571428571427,,,,0.0,,,,61.22,
PARTYCRUS,2026-10-10,,,140.0,11.2,,0.2467483873049564,0.9523809523809523,2.1231422505307855,,25.0,17.333333333333336,34.5,,13.0,8.843537414965986,45.390367581847315,,,,54.318898407929225,0.0,,,,0.0,,,,67.62,
PATELCHEM,2026-10-10,,,330.0,26.3,,,2.408759124087591,3.325,,18.6,9.15492957746479,21.8,,12.0,9.48905109489051,,,,,25.687038166173835,0.15,,,,0.0,,,,68.64,
PATILAUTOM,2026-10-10,,,752.0,42.3,,,4.502994011976048,5.433070866141732,,12.8,8.558558558558559,,,15.0,11.377245508982035,,,,,,0.1510791366906475,,,,0.0,,,,69.29,
PATRON,2026-10-10,,,3.94,,,,0.1627426683188765,0.10365853658536586,,-2.82,-2.2377335249435437,-2.69,,-4.79,-4.502271788517142,,,,,23.18987286170482,0.05482686253934942,,,,0.0,,,,20.03,
PATTECH,2026-10-10,,,108.0,57.7,,1.922319597037725,1.8066242890598863,2.7058823529411766,,6.19,2.2807230377289818,7.1,,6.74,3.1448645031783204,30.015820516481817,,,,71.747846843348,0.993734335839599,,,,0.0,,,,57.01,
PBFL,2026-10-10,,,0.98,14.0,,,6.533333333333333,0.09869375907111758,,0.71,0.6930006930006931,0.6,,13.33,66.66666666666667,,,6.9610375725068785,,,0.4336016096579477,,,,0.0,,,,30.64,
PCCL,2026-10-10,,,1011.0,39.9,,,1.7521663778162913,5.1706700379266755,,13.8,5.676855895196507,14.1,,10.0,4.506065857885615,,,,,,1.0153061224489797,,,,0.0,,,,73.21,
PCL,2026-10-10,,,21.2,8.82,,0.19997611072347013,0.3684393465415363,0.660919540229885,,8.57,5.101617586063874,13.4,,11.0,4.275286757038582,44.10526821474403,,,,65.51451222293367,0.37991266375545846,,,,0.0,,,,47.06,
PECOS,2026-10-10,,,21.2,12.9,,1.0559455728711629,1.805792163543441,2.7318718381112985,,22.9,18.161683277962346,32.9,,19.68,13.969335604770016,12.216538741598516,,,,10.001811530419836,0.0,,,,2.47,,,,69.61,
PELATRO,2026-10-10,,,397.0,18.6,,,2.611842105263158,3.605769230769231,,21.4,10.869565217391305,19.1,,18.0,13.157894736842104,,,,,40.3331583160365,0.3942307692307692,,,,0.27,,,,52.62,
PENTAGON,2026-10-10,,,69.4,37.7,,,1.368836291913215,2.0547945205479454,,5.6,2.6806526806526807,7.4,,9.53,3.6291913214990137,-25.32727453425425,,-2.7671442138342273,,5.4974041948130825,0.9238744075829385,,,,0.0,,,,70.04,
PESB,2026-10-10,,,455.0,23.3,,35.70623967696544,6.791044776119403,2.3333333333333335,,12.2,6.097560975609756,15.1,,50.0,29.850746268656714,0.652547011693061,,7.728240390506613,,18.760386903079397,0.29714285714285715,,,,0.39,,,,52.25,
PFL,2026-10-10,,,50.1,59.0,,,0.8108108108108109,1.1549295774647887,,1.97,1.1959739490822971,3.84,,3.67,1.6345687004369642,-83.90851025657284,,,,9.471002701092313,0.3256510716755013,,,,0.0,,,,61.39,
PGCRL,2026-10-10,,,29.0,35.8,,0.6112776610473826,4.906937394247039,1.1440677966101693,,3.26,3.0055658627087203,4.18,,5.08,13.705583756345177,58.56585686226312,,49.92585265777434,,-14.842053357661534,0.0,,,,0.0,,,,49.89,
PHANTOMFX,2026-10-10,,,159.0,4.86,,,1.5588235294117647,0.45067873303167416,,13.0,8.771929824561402,17.6,,37.0,19.607843137254903,,,,,,0.2545454545454545,,,,0.0,,,,43.95,
PHOGLOBAL,2026-10-10,,,29.0,8.74,,,0.047540983606557376,0.35714285714285715,,4.15,2.0408163265306123,6.11,,0.9,0.49180327868852464,-38.46688779885725,,-22.434937122468156,,10.590485430972985,0.6172839506172839,,,,0.0,,,,71.02,
PIOTEX,2026-10-10,,,14.0,21.3,,,0.1551934375346414,0.5360623781676414,,2.55,2.2117962466487935,4.23,,0.55,0.7316262055204523,-81.15229231112868,,-49.68401907663383,,1.6019192298092566,0.002675840978593273,,,,0.0,,,,65.95,
PJL,2026-10-10,,,147.0,8.84,,,0.8497109826589595,1.683168316831683,,19.0,10.625,,,10.0,9.826589595375722,,,,,,0.3218390804597701,,,,0.0,,,,74.15,
PLADAINFO,2026-10-10,,,10.1,5.82,,,0.1386981598461961,0.41549295774647893,,7.28,3.448955459203784,14.0,,8.31,2.4031859379291407,-44.317101233115366,,-68.58323331486649,,5.4119714534939245,0.7522596548890714,,,,0.0,,,,62.64,
POBS,2026-10-10,,,24.2,35.0,,2.201545113448352,0.7569596496715671,1.2439024390243902,,3.83,14.87946799667498,13.4,,14.45,11.19799812324054,15.897925409840163,,19.428666713322063,,7.534260586125074,0.0379681888147768,,,,3.93,,,,73.42,
POLYMAC,2026-10-10,,,5.28,,,,1.350383631713555,0.5045871559633027,,-1.71,-1.303680981595092,-1.21,,-8.18,-4.3478260869565215,,,,,38.554235872799445,0.058429118773946354,,,,0.0,,,,25.2,
POLYSIL,2026-10-10,,,148.0,34.6,,2.787831910111628,3.2484635645302897,2.1750972762645913,,6.93,2.138833916882326,8.79,,11.22,6.167690956979807,12.411078255652285,,-61.2385626252997,,1.260258601862696,0.6107649705780547,,,,0.0,,,,23.79,
POSITRON,2026-10-10,,,177.0,20.2,,0.6001864864717424,1.3208955223880596,,,85.5,23.684210526315788,65.2,,9.0,6.7164179104477615,33.656205954832075,,,,254.80890771361686,0.6666666666666666,,,,0.0,,,,72.2,
PPARIVAH,2026-10-10,,,481.0,14.3,,,1.1479713603818615,2.9320388349514563,,20.4,12.363636363636363,,,13.0,8.1145584725537,,,,,,0.4268292682926829,,,,0.0,,,,65.96,
PPEL,2026-10-10,,,1556.0,50.4,,,5.310580204778157,,,28.1,13.41991341991342,33.4,,18.0,10.580204778156997,-49.588698318801036,,-11.461675007755357,,21.58873458904096,0.30597014925373134,,,,0.0,,,,60.63,
PPSL,2026-10-10,,,8.5,10.1,,,0.41789577187807275,0.29087261785356067,,2.92,2.1238938053097343,4.27,,25.76,4.129793510324483,,,,,,0.08116438356164384,,,,0.0,,,,68.39,
PRAMARA,2026-10-10,,,139.0,13.9,,0.48271343922209026,1.2410714285714286,1.1456422018348624,,10.8,5.88235294117647,15.0,,15.0,8.928571428571429,28.795552123844615,,70.47963168076517,,30.842652407543582,0.3360655737704918,,,,0.0,,,,32.2,
PRAMODINI,2026-10-10,,,257.0,14.8,,0.4966115894152734,4.145161290322581,,,39.1,18.085106382978726,41.8,,50.0,27.419354838709676,29.801962570841333,,,,25.99210498948732,0.33962264150943394,,,,0.0,,,,62.64,
PRANIK,2026-10-10,,,43.1,6.03,,,0.252046783625731,0.9607843137254903,,17.0,7.291666666666667,17.1,,9.0,4.093567251461988,-4.875778179091705,,39.465862528148435,,36.65969146844481,0.9555555555555556,,,,0.0,,,,73.76,
PRARUH,2026-10-10,,,229.0,24.2,,,2.267326732673267,4.685714285714286,,28.3,7.317073170731707,36.3,,14.0,8.91089108910891,-60.29538582678558,,,,53.36318319457176,0.0,,,,0.0,,,,73.22,
PRATHAM,2026-10-10,,,212.0,34.7,,,1.5142857142857142,2.3246492985971945,,7.39,2.9850746268656714,10.7,,8.0,4.285714285714286,-67.04508159946865,,,,40.94597464129783,0.5164835164835165,,,,0.0,,,,71.16,
PRECISION,2026-10-10,,,16.1,,,,1.5391969407265775,0.20527859237536655,,-11.2,-5.374668052187969,-5.68,,-94.93,-89.0057361376673,,,,,-61.86647318513372,0.015710818750798314,,,,0.0,,,,41.51,
PREMIUM,2026-10-10,,,87.8,55.2,,,1.9203849518810148,,,14.5,5.471438403303511,20.4,,11.92,3.477690288713911,,,,,,0.5582978723404255,,,,0.0,,,,68.73,
PRESSTONIC,2026-10-10,,,64.0,24.6,,,1.5802469135802468,1.189801699716714,,6.54,3.457906636520814,9.8,,17.68,6.419753086419753,-31.8392882389955,,,,24.414763069260715,0.31438127090301005,,,,0.0,,,,44.03,
PREVEST,2026-10-10,,,459.0,21.1,,2.0280353178381825,6.12,3.673076923076923,,17.8,16.541353383458645,24.2,,35.0,29.333333333333332,10.404158060961134,,,,10.227784577092303,0.0,,,,0.26,,,,73.6,
PRIMECAB,2026-10-10,,,377.0,26.5,,0.514287488773542,1.6042553191489362,6.204819277108434,,37.8,7.2727272727272725,28.0,,10.0,5.106382978723404,51.52759998730756,,9.108489423923881,,46.98692829105815,0.8524590163934426,,,,0.0,,,,68.53,
PRITIKA,2026-10-10,,,175.0,21.2,,0.604391076075757,0.9831460674157303,3.2920792079207923,,14.8,3.571428571428571,11.2,,13.0,4.49438202247191,35.07662644135847,,,,26.95025665717814,1.849056603773585,,,,0.0,,,,70.81,
PRIZOR,2026-10-10,,,1452.0,69.3,,,9.490196078431373,19.53488372093023,,35.8,14.893617021276595,38.7,,22.0,13.725490196078432,,,,,,0.5675675675675675,,,,0.0,,,,67.93,
PRLIND,2026-10-10,,,97.2,7.04,,,0.2927710843373494,0.9444444444444444,,14.4,8.0,14.9,,8.0,4.216867469879518,,,,,,0.5436893203883495,,,,0.0,,,,73.7,
PRODOCS,2026-10-10,,,108.0,11.4,,,1.9636363636363636,2.164073550212164,,27.5,12.82051282051282,31.8,,28.0,18.181818181818183,,,,,,0.28,,,,0.65,,,,51.99,
PROFX,2026-10-10,,,119.0,7.75,,,0.672316384180791,1.3385826771653544,,24.1,13.392857142857142,32.2,,12.0,8.47457627118644,-87.50142640930476,,-58.09975055399579,,22.621703288100427,0.022222222222222223,,,,0.0,,,,50.3,
PROLIFE,2026-10-10,,,32.7,7.69,,,0.6011029411764707,0.6595041322314049,,8.94,7.813936385364957,12.2,,7.54,7.8125,-14.962926900765494,,-5.02172707139853,,-11.374920225593943,0.005443548387096775,,,,0.38,,,,73.74,
PROMAX,2026-10-10,,,34.6,75.3,,,0.6342804766269479,1.1583333333333334,,4.04,1.8858682341415627,7.79,,3.3,1.4115490375802018,,,,,,0.428997867803838,,,,0.0,,,,68.97,
PROPEQUITY,2026-10-10,,,203.0,13.0,,0.8592839336699554,4.319148936170213,1.87,,16.1,13.114754098360656,21.3,,31.0,34.04255319148936,15.128875905403817,,,,17.46269297383025,0.0,,,,0.0,,,,72.26,
PROPSHOP,2026-10-10,,,104.0,13.0,,,1.4795845781761274,,,52.3,29.528718703976438,70.7,,15.82,11.409873381704367,-3.618195340589103,,-29.231551977074854,,32.11725046897962,0.008794619762027937,,,,0.0,,,,67.5,
PROV,2026-10-10,,,667.0,48.0,,1.02943923225437,0.721081081081081,4.617224880382775,,10.1,7.07070707070707,11.5,,2.0,1.5135135135135136,46.627327282723385,,43.11788391150173,,30.20946962678497,0.1875,,,,0.0,,,,67.21,
PSFL,2026-10-10,,,63.2,15.0,,,0.5266666666666667,1.1223776223776223,,7.76,3.125,9.4,,6.0,3.3333333333333335,,,,,2.9428498400178693,0.49122807017543857,,,,0.0,,,,72.29,
PSPL,2026-10-10,,,15.5,12.3,,,0.5565529622980251,0.7658321060382915,,6.44,5.655296229802513,9.51,,6.71,4.524236983842011,-73.91836777897257,,-0.1409117859121789,,7.401322928690357,0.0,,,,1.92,,,,70.75,
PSRAJ,2026-10-10,,,380.0,44.4,,,1.4285714285714286,5.17948717948718,,12.4,10.843373493975903,16.1,,4.9,3.3834586466165413,-42.13897430640969,,,,5.895589606372331,0.013513513513513514,,,,0.0,,,,73.22,
PULZ,2026-10-10,,,46.7,10.4,,,1.0290877038342883,1.2298850574712643,,12.5,10.343290236290681,18.0,,13.38,10.22476862053768,-11.663462027678928,,,,0.3625364647044549,0.0076275644397685435,,,,0.0,,,,68.98,
PURPLEUTED,2026-10-10,,,456.0,30.0,,0.4031705580643285,2.6666666666666665,6.027918781725888,,22.3,6.4655172413793105,22.0,,21.0,8.771929824561402,74.41019538736582,,,,87.35886815524043,1.2763157894736843,,,,0.0,,,,63.82,
PURPLEWAVE,2026-10-10,,,404.0,30.1,,,2.767123287671233,7.0144462279293744,,35.9,13.829787234042554,36.9,,14.0,8.904109589041095,,,,,,0.2982456140350877,,,,0.0,,,,71.92,
PURVFLEXI,2026-10-10,,,83.7,16.5,,,0.12681818181818183,0.6063829787234043,,3.68,1.5981735159817352,8.92,,0.8,1.0606060606060608,-37.291167539493344,,-47.334342027240616,,25.612608398570845,1.5144927536231885,,,,0.0,,,,67.65,
PUSHPA,2026-10-10,,,289.0,10.8,,,0.6913875598086124,1.865203761755486,,25.2,14.606741573033707,30.4,,9.0,6.220095693779904,-68.73124540903225,,-32.45416995291788,,36.04713420245154,0.11688311688311688,,,,0.0,,,,72.67,
PYXISFIN,2026-10-10,,,11.2,,,,,0.5987730061349693,,-5.69,-5.56398583712696,-7.34,,,,,,,,,,,,,0.0,,,,73.42,
QFIL,2026-10-10,,,14.1,9.61,,,0.0766304347826087,0.44594594594594594,,4.76,0.9433962264150944,7.0,,4.7,0.5434782608695652,-22.769566039048605,,-40.41531936752264,,-0.3597153388041008,2.0625,,,,0.0,,,,59.59,
QLINE,2026-10-10,,,1484.0,26.2,,,4.3391812865497075,,,26.0,10.01788908765653,22.4,,29.0,16.374269005847953,-44.82155944620747,,,,23.175690475631328,0.9146341463414634,,,,0.0,,,,67.51,
QLL,2026-10-10,,,644.0,46.9,,,5.152,4.221374045801527,,11.5,5.535055350553505,12.1,,24.0,12.0,-58.19468410060096,,,,175.1606040745522,0.6143790849673203,,,,0.0,,,,56.46,
QRIL,2026-10-10,,,7.01,,,,0.4464968152866242,0.4757785467128028,,-3.44,-1.921182266009852,0.44,,2.42,-2.4840764331210194,,,,,41.68379847310122,0.6322869955156951,,,,0.0,,,,47.58,
QTFOODS,2026-10-10,,,22.8,4.38,,0.14885062573469185,0.41621029572836804,,,53.9,19.570944674444863,38.9,,15.46,9.492515516611903,29.42547253920731,,,,14.128693388931701,0.9027777777777778,,,,0.0,,,,61.86,
QUADPRO,2026-10-10,,,21.2,133.0,,,3.291925465838509,1.057934508816121,,0.8,0.9485094850948509,1.86,,10.4,3.260869565217391,-37.00394750525634,,-53.19114716602434,,-9.366256150337449,0.05129482071713148,,,,0.0,,,,65.93,
QUESTFLOW,2026-10-10,,,182.0,,,,2.918537524053881,2.218045112781955,,-4.6,-3.4163473818646235,3.71,,0.1,-6.8633739576651696,,,,,,0.06691086691086691,,,,0.0,,,,32.52,
QUESTLAB,2026-10-10,,,169.0,11.3,,,1.5089285714285714,1.742808798646362,,16.6,13.392857142857142,18.3,,16.0,13.392857142857142,,,,,21.789200001353535,0.08333333333333333,,,,0.0,,,,66.78,
QUICKTOUCH,2026-10-10,,,18.5,,,,1.6818181818181819,0.10140845070422536,,-5.3,-8.88888888888889,-2.84,,-214.0,-254.54545454545453,,,,,-55.15875953778839,0.6758241758241759,,,,0.0,,,,55.94,
QVCEL,2026-10-10,,,24.0,7.18,,,0.05454545454545454,0.39451114922813035,,5.61,2.2556390977443606,9.19,,1.2,0.6818181818181818,-16.416002112772322,,-21.652681095443395,,28.576256467965933,1.0833333333333333,,,,4.36,,,,73.22,
RACHIT,2026-10-10,,,88.4,19.3,,,1.6616541353383458,2.5318246110325315,,19.4,8.881132441341865,20.8,,15.98,8.609022556390977,-17.868254082845947,,,,18.071956589678262,0.3120343839541548,,,,0.0,,,,67.68,
RACONTEUR,2026-10-10,,,18.9,,,,4.725,0.6069364161849711,,-43.6,-17.073170731707318,-5.55,,-218.0,-525.0,,,,,,5.2105263157894735,,,,0.0,,,,0.01,
RADIOWALLA,2026-10-10,,,19.8,152.0,,,0.971540726202159,1.018181818181818,,0.68,0.5635023840485479,2.2,,3.48,0.6378802747791954,-80.48242282839766,,-40.28205811464396,,13.333607952319682,0.061823802163833076,,,,0.0,,,,41.54,
RAFL,2026-10-10,,,40.6,9.33,,,5.293350717079531,0.5120481927710843,,5.64,4.168663152850982,6.61,,28.29,56.714471968709255,-9.958866539062983,,-0.9581330851218817,,-11.934622199156308,0.19441284287700672,,,,0.0,,,,21.11,
RAJESH,2026-10-10,,,1320.0,9.19,,,0.8108108108108109,3.243362831858407,,42.8,15.180467091295116,47.3,,12.0,8.783783783783784,,,,,,0.312807881773399,,,,0.14,,,,72.7,
RAJINDLTD,2026-10-10,,,140.0,10.7,,,0.19047619047619047,1.8372093023255816,,17.3,5.158730158730158,19.7,,4.1,1.7687074829931975,,,,,30.992529574549145,0.8289473684210527,,,,0.0,,,,66.08,
RAJPUTANA,2026-10-10,,,143.0,15.8,,0.30323092893799464,1.1721311475409837,2.863187588152327,,20.0,12.087912087912088,22.0,,12.0,9.01639344262295,52.10550274451331,,,,74.39900315243186,0.56,,,,0.0,,,,65.77,
RAL,2026-10-10,,,15.3,10.1,,1.0502714955819588,0.583079268292683,0.8335745296671492,,8.58,4.311821816105082,11.9,,9.91,5.754573170731708,9.61656109157143,,,,11.696055612966916,0.6855585831062669,,,,0.0,,,,61.41,
RANJEET,2026-10-10,,,27.0,81.8,,,0.9265614275909403,1.2711864406779663,,1.56,0.9075907590759077,5.46,,5.53,1.1324639670555936,-33.333333333333336,,21.67286837864115,,-8.251089862689875,0.42063118228921337,,,,0.0,,,,68.1,
RAPID,2026-10-10,,,64.8,34.3,,,0.4531468531468531,4.0189125295508275,,12.5,9.090909090909092,17.0,,1.7,1.3986013986013985,-76.85410945474123,,,,25.12316627192883,-0.0,,,,0.0,,,,73.47,
RAPIDFLEET,2026-10-10,,,149.0,12.3,,,0.7303921568627451,1.8272727272727274,,16.1,9.090909090909092,19.0,,13.0,5.88235294117647,-67.10190741576223,,,,24.386935235286543,0.20987654320987653,,,,0.6,,,,67.54,
RAPPID,2026-10-10,,,171.0,26.4,,,3.21247416870186,3.3032128514056227,,13.4,8.60329261816251,16.2,,19.37,12.173586323501787,,,,,48.05992988244932,0.345194353123187,,,,0.0,,,,51.69,
RAVEL,2026-10-10,,,66.5,12.6,,,2.4675324675324677,1.7798165137614679,,22.2,12.769650384329283,30.5,,26.23,19.109461966604826,-81.14294049842259,,,,97.84565117544066,0.0,,,,0.0,,,,72.94,
RBMINFRA,2026-10-10,,,253.0,5.58,,,0.5142276422764228,1.2795698924731183,,27.6,6.686478454680535,28.2,,15.0,9.146341463414634,,,,,,0.7553191489361702,,,,0.0,,,,62.5,
RBS,2026-10-10,,,199.0,17.4,,,0.24179829890643986,1.1640953716690043,,7.27,1.839464882943144,5.39,,3.1,1.336573511543135,-75.00650702788371,,-48.23418137598128,,5.644802982207708,2.2024539877300615,,,,0.0,,,,64.39,
RCAN,2026-10-10,,,16.3,7.82,,0.2769240515530331,0.3823598404879193,1.1397058823529411,,15.8,8.217168011738812,17.0,,12.88,5.254515599343186,28.23878950255214,,44.337818542932816,,9.297622658732063,0.5312280701754386,,,,0.0,,,,61.57,
RCDL,2026-10-10,,,73.2,5.79,,,0.08394495412844037,0.765,,14.2,4.693140794223827,16.6,,2.7,1.4908256880733946,-41.03929226343641,,,,26.67368296093131,0.8,,,,0.65,,,,60.02,
RDEL,2026-10-10,,,23.1,5.42,,2.974093622324686,0.7938144329896907,0.6232558139534884,,17.9,7.134483336124601,20.2,,26.49,14.639175257731956,1.8224039617702026,,,,18.405086015131246,0.2757877726905468,,,,0.0,,,,71.43,
RDGAIL,2026-10-10,,,119.0,13.4,,0.09545864175467042,0.25869565217391305,1.9061166429587484,,18.7,11.25,18.6,,3.2,1.956521739130435,140.37492838456808,,,,22.86703656058322,0.19047619047619047,,,,0.0,,,,73.23,
READYMIX,2026-10-10,,,70.0,9.36,,,0.772626931567329,1.0207667731629393,,11.5,6.867425633492472,16.0,,13.94,8.256070640176603,-51.49511086123193,,-15.580847946869236,,18.1802730236444,0.24606413994169096,,,,0.0,,,,72.06,
RECODE,2026-10-10,,,442.0,39.5,,,5.525,,,77.9,31.428571428571427,74.1,,21.0,13.750000000000002,-72.51189352457226,,,,53.77619196572583,0.3,,,,0.06,,,,65.02,
REETECH,2026-10-10,,,5.92,,,,,0.4878048780487805,,-2.1,2.708058124174372,-0.44,,-6.37,-227.77777777777777,-23.063803850707842,,-37.084836846447054,,,0.06100577081615828,,,,0.0,,,,73.62,
REFRACTORY,2026-10-10,,,77.4,16.2,,,1.3569424964936887,1.5301724137931034,,9.96,6.2119050706782515,10.7,,13.99,8.397615708274895,,,,,14.528341907658483,0.39294909883145174,,,,0.0,,,,72.48,
REMUS,2026-10-10,,,1151.0,31.1,,,1.3477751756440282,3.2751677852348995,,12.2,7.9447322970639025,16.8,,7.0,5.386416861826698,,,,,,0.07692307692307693,,,,0.1,,,,70.95,
REPONO,2026-10-10,,,80.4,12.2,,,1.2318063428834076,1.8018433179723503,,14.8,10.806372146493677,,,15.31,10.081201164394056,,,,,,0.20507067534215842,,,,0.0,,,,72.47,
RESGEN,2026-10-10,,,96.5,9.46,,,1.3591549295774648,1.4241486068111457,,16.3,13.333333333333334,19.3,,20.0,14.084507042253522,,,,,,0.014705882352941176,,,,0.0,,,,66.98,
RETAGGIO,2026-10-10,,,101.0,11.3,,0.7892689659871762,1.2026673017385092,1.4318840579710144,,21.4,10.108425570363675,20.8,,14.32,10.657299356989757,14.317045882915913,,,,53.830608723521834,0.30219955371373924,,,,0.0,,,,55.06,
RETINA,2026-10-10,,,50.5,15.6,,,4.331046312178388,2.043478260869565,,3.35,2.156177156177156,,,-31.3,6.34648370497427,,,,,,0.29185520361990946,,,,0.0,,,,53.87,
REXPIPES,2026-10-10,,,152.0,35.7,,6.695219249106174,1.256198347107438,3.6926605504587156,,10.9,6.097560975609756,13.2,,7.0,4.132231404958678,5.332162946682595,,,,1.1268554122493724,0.7317073170731707,,,,0.0,,,,57.0,
REXPRO,2026-10-10,,,37.6,17.1,,,0.5102456235581491,0.5884413309982487,,3.5,2.240097749719988,5.22,,3.19,2.9854797123083188,-57.160479849115205,,,,5.430275448733757,0.25015625,,,,0.0,,,,66.98,
REXSEAL,2026-10-10,,,36.2,20.1,,0.2863156278118965,0.9478921183555906,1.435897435897436,,8.43,4.909983633387889,11.6,,10.37,4.713275726630008,70.20224552047605,,-9.28896902765457,,15.016102199547475,0.15331715210355987,,,,0.0,,,,62.71,
RFBL,2026-10-10,,,226.0,27.4,,,1.527027027027027,,,36.8,16.0,34.2,,9.0,5.405405405405405,-1.772526396889873,,,,46.57321675338033,0.38461538461538464,,,,0.0,,,,69.7,
RFIL,2026-10-10,,,27.1,4.56,,,0.7298680312415836,,,48.5,16.522948539638385,41.8,,23.89,15.997845408025855,-22.13693349795963,,,,9.850982809987908,0.8212877792378449,,,,0.0,,,,70.11,
RICHA,2026-10-10,,,115.0,15.3,,0.8877374258649996,0.8041958041958042,0.8702928870292888,,6.41,4.605263157894736,8.82,,8.0,4.895104895104895,17.234825922870023,,-62.477186576984245,,61.418152930974436,0.09848484848484848,,,,0.0,,,,24.9,
RIKHAV,2026-10-10,,,206.0,11.0,,,0.10341365461847389,0.8408736349453979,,7.98,4.773869346733668,13.0,,1.6,0.9538152610441768,-27.048929133945464,,,,243.84634955885085,0.036734693877551024,,,,0.0,,,,64.06,
RILINFRA,2026-10-10,,,59.5,5.74,,0.0882454963083638,0.4311594202898551,0.5507745266781411,,10.1,7.936507936507936,17.8,,14.0,7.246376811594203,65.04581242245186,,-9.457542863459011,,29.191231309090583,0.05555555555555555,,,,0.0,,,,68.32,
RITEZONE,2026-10-10,,,7.57,22.3,,,0.29639780736100235,0.49175824175824173,,2.23,1.5017667844522968,4.12,,2.58,1.331245105716523,-25.821512830698513,,-39.65823663454837,,4.376736457666608,0.10311284046692608,,,,0.0,,,,41.89,
RITHWIKFMS,2026-10-10,,,47.7,,,,,1.9024390243902438,,,,,,,,,,,,,,,,,0.64,,,,73.53,
RIYAASAT,2026-10-10,,,106.0,20.5,,,3.176505843572071,,,33.1,6.439205955334988,22.9,,30.54,15.552891818999104,-27.996948782505036,,,,16.823171645041235,2.262582056892779,,,,0.0,,,,73.39,
RNFI,2026-10-10,,,835.0,29.4,,1.1774078126400738,0.8442871587462083,4.859675036927622,,23.0,8.86426592797784,27.3,,6.0,3.2355915065722956,24.970107794747065,,-53.54109735422086,,1.8892174993426991,0.17058823529411765,,,,0.0,,,,64.35,
RNPL,2026-10-10,,,95.4,11.6,,,1.0601177908656518,0.8807134894091415,,13.6,4.110203268234356,14.5,,13.07,9.167685298366486,,,,,,0.15767137189777655,,,,0.0,,,,51.1,
ROBU,2026-10-10,,,1084.0,40.9,,1.2862433954862342,3.2749244712990935,11.306695464362852,,30.9,16.875,33.8,,12.0,8.157099697885197,31.798025275409646,,,,38.3479283321845,0.375,,,,0.0,,,,69.12,
ROCKINGDCE,2026-10-10,,,183.0,18.0,,,1.525,2.5611175785797435,,18.1,10.1010101010101,20.6,,14.0,8.333333333333332,-44.77625108413069,,,,100.0,0.2112676056338028,,,,0.0,,,,50.95,
RONI,2026-10-10,,,37.9,,,,15.726141078838173,2.391304347826087,,-3.1,-2.2319474835886215,-2.11,,-58.09,-21.16182572614108,,,,,-44.78911930060367,0.16352201257861634,,,,0.0,,,,60.11,
ROOPSHRI,2026-10-10,,,49.2,492.0,,12.01583316333548,18.426966292134832,3.1574074074074074,,0.64,0.6242197253433209,2.73,,5.24,3.7453183520599254,40.94597464129783,,47.57731615945522,,59.33913013777181,0.003203074951953876,,,,0.0,,,,67.38,
ROXHITECH,2026-10-10,,,153.0,9.42,,,0.7536945812807881,1.1078260869565217,,13.4,6.4,15.3,,13.0,7.8817733990147785,,,,,,0.5227272727272727,,,,1.57,,,,60.53,
ROYAL,2026-10-10,,,40.7,5.69,,,0.3951456310679612,1.0039630118890357,,21.0,11.475409836065573,26.1,,11.0,6.796116504854369,,,,,,0.325,,,,0.0,,,,62.24,
ROYALARC,2026-10-10,,,175.0,17.4,,,1.5086206896551724,2.158469945355191,,13.1,10.989010989010989,18.0,,13.0,8.620689655172415,-44.37423468901671,,0.9549357430769456,,6.14399229654039,0.0,,,,0.63,,,,72.96,
RSTL,2026-10-10,,,360.0,31.4,,0.6305604815330988,0.7860262008733624,4.898648648648648,,16.9,5.0691244239631335,14.8,,6.0,2.4017467248908297,49.796967808157476,,54.09578266288224,,14.764512575461964,1.8767123287671232,,,,0.0,,,,74.61,
RTL,2026-10-10,,,112.0,38.3,,,2.2350828178008384,2.665615141955836,,9.98,4.260614934114202,11.9,,7.54,5.807224106964678,-68.05720095291477,,,,14.823858412360224,0.26653928827322665,,,,0.0,,,,71.28,
RUDRAGAS,2026-10-10,,,63.4,7.39,,,0.5112903225806451,1.5510204081632653,,23.4,7.258064516129033,22.0,,14.0,7.258064516129033,-58.592896592135666,,,,36.27259779307541,1.4146341463414633,,,,0.0,,,,73.19,
RULKA,2026-10-10,,,50.5,15.4,,,0.4590909090909091,1.1717861205915812,,9.2,4.10958904109589,12.4,,5.0,2.727272727272727,-68.76410771892523,,-30.90648416963634,,32.76948654944989,0.13513513513513514,,,,0.0,,,,60.05,
SAAKSHI,2026-10-10,,,704.0,57.3,,,6.068965517241379,5.728,,11.8,7.643312101910828,14.3,,19.0,10.344827586206897,,,,,-1.6669780117221866,0.22522522522522523,,,,0.0,,,,74.82,
SABAR,2026-10-10,,,18.2,182.0,,,0.175,0.15031645569620253,,0.13,0.0,0.9,,1.8,0.0,,,,,,0.2892561983471074,,,,0.0,,,,15.96,
SACHEEROME,2026-10-10,,,1074.0,37.9,,,7.065789473684211,7.239819004524887,,27.0,16.27906976744186,35.7,,24.0,18.421052631578945,-4.668049480762337,,,,29.493663001001067,0.0,,,,0.0,,,,71.54,
SADHAV,2026-10-10,,,190.0,12.9,,,1.9387755102040816,1.671388101983003,,14.7,7.0754716981132075,8.89,,25.0,15.306122448979592,,,,,,0.801980198019802,,,,0.0,,,,61.78,
SAFE,2026-10-10,,,76.9,80.1,,,21.068493150684933,4.5,,6.19,20.245040840140025,12.8,,55.07,95.06849315068494,-16.06817058117709,,12.832604189737395,,38.294399441801595,0.0,,,,0.56,,,,73.58,
SAFECURE,2026-10-10,,,25.1,4.16,,,0.375299043062201,0.4921259842519685,,16.7,9.010759115361626,17.1,,17.48,9.016148325358852,-35.435283315688714,,,,12.050129383009423,0.2052136417091337,,,,0.0,,,,66.14,
SAFEENTP,2026-10-10,,,1117.0,17.4,,,5.123853211009174,3.883495145631068,,35.8,20.125786163522015,47.1,,36.0,29.357798165137616,,,,,,0.0,,,,0.0,,,,70.07,
SAHAJSOLAR,2026-10-10,,,195.0,6.6,,0.13372368774779134,0.46539379474940334,1.411764705882353,,24.0,6.263048016701461,21.6,,12.0,7.159904534606206,49.35550395863959,,87.55274001145558,,31.32500666640785,1.2753623188405796,,,,0.0,,,,71.28,
SAHANA,2026-10-10,,,936.0,13.8,,0.14658313771967676,2.8277945619335347,3.7100840336134455,,31.7,19.4300518134715,39.8,,30.0,22.658610271903324,94.1445258621145,,,,139.8127397304343,0.07142857142857142,,,,0.21,,,,57.31,
SAHASRA,2026-10-10,,,1183.0,83.3,,,8.510791366906474,5.026567481402763,,6.22,3.183023872679045,6.04,,13.0,8.633093525179856,,,,,,0.2851063829787234,,,,0.21,,,,69.9,
SAIFL,2026-10-10,,,24.7,1.7,,,0.09014598540145985,0.1836283185840708,,11.4,7.9787234042553195,14.8,,9.0,5.474452554744526,,,,,,0.05185185185185185,,,,0.0,,,,33.22,
SAILANI,2026-10-10,,,3.1,12.4,,,0.14405204460966545,0.40490797546012264,,3.31,2.242152466367713,5.25,,4.04,1.1617100371747213,,,,,,0.29296875,,,,0.0,,,,36.03,
SAJHOTELS,2026-10-10,,,44.3,15.3,,,2.624407582938389,0.37061994609164417,,2.44,1.9104765845920406,5.11,,32.11,16.409952606635073,-77.27342629267362,,,,9.919724339620938,0.19032500626618767,,,,0.0,,,,64.27,
SAMAY,2026-10-10,,,67.9,11.1,,,1.3536682615629987,1.7000000000000002,,20.2,13.347791798107256,27.2,,14.91,13.496810207336523,,,,,,0.09186746987951809,,,,0.0,,,,69.19,
SAMPAT,2026-10-10,,,26.3,4.43,,,0.14775280898876406,0.46407185628742514,,15.1,5.769230769230769,14.7,,5.0,3.3707865168539324,,,,,11.329458665605173,0.35714285714285715,,,,0.0,,,,63.67,
SANCODE,2026-10-10,,,658.0,1401.0,,,41.75126903553299,46.96808510638298,,7.14,4.633204633204633,6.55,,3.11,3.045685279187817,-14.408871279803071,,,,116.64142566134048,0.2424639580602883,,,,0.0,,,,65.58,
SANGANI,2026-10-10,,,79.5,26.6,,2.153108393753789,0.7429906542056075,1.9362416107382552,,7.76,3.508771929824561,17.4,,8.0,3.7383177570093453,12.354231713167408,,,,88.40305108480902,0.04878048780487805,,,,0.0,,,,74.09,
SAROJA,2026-10-10,,,16.4,9.82,,2.8229002303824036,0.23385141879366889,0.9488372093023255,,10.1,3.857211308097748,13.4,,5.43,2.295736489376872,3.4786918412166967,,-64.70221721357996,,11.796673428687443,0.8334297281665703,,,,0.0,,,,73.02,
SARTELE,2026-10-10,,,448.0,6.18,,0.19730582533852903,0.8582375478927203,0.46321243523316064,,8.02,6.504065040650407,8.84,,18.0,13.793103448275861,31.32193380198793,,,,153.61416609923856,0.0020964360587002098,,,,0.0,,,,45.3,
SATECH,2026-10-10,,,46.6,22.1,,,0.4160714285714286,1.1125,,5.05,2.380952380952381,,,5.0,1.7857142857142856,,,,,,0.6666666666666666,,,,0.0,,,,69.64,
SATIPOLY,2026-10-10,,,16.6,4.95,,,0.061481481481481484,0.8438287153652392,,18.7,4.0,20.1,,2.7,1.1111111111111112,-71.15478787317964,,,,12.230302192084208,0.6,,,,0.0,,,,63.01,
SATKARTAR,2026-10-10,,,216.0,13.7,,,1.0746268656716418,3.1934731934731935,,26.5,20.0,35.6,,12.0,8.45771144278607,,,,,,0.029411764705882353,,,,0.51,,,,63.62,
SATTRIX,2026-10-10,,,327.0,39.6,,,5.375637021206642,1.6089385474860336,,6.89,3.499047289104452,9.6,,20.5,13.282919612033536,-87.80189942676573,,-67.29403420935401,,18.463657102999996,0.030338907799319224,,,,0.0,,,,74.96,
SATTVAENGG,2026-10-10,,,99.7,7.74,,,0.6972027972027972,1.1287128712871286,,19.6,8.227848101265822,22.8,,15.0,9.090909090909092,-10.392637178172759,,,,19.40401137029506,0.3409090909090909,,,,0.0,,,,62.91,
SAVY,2026-10-10,,,281.0,6.7,,,0.44043887147335425,1.7739816031537452,,39.8,14.893617021276595,42.8,,9.0,6.583072100313479,-15.933270755004092,,,,373.757912147623,0.3270440251572327,,,,0.0,,,,61.81,
SAWALIYA,2026-10-10,,,188.0,23.4,,,4.550956184943113,3.8181818181818183,,25.9,10.297335564422706,25.0,,29.44,19.365770999757927,-44.69236960788311,,,,39.8906382788728,0.30841311876145855,,,,0.0,,,,67.78,
SBLI,2026-10-10,,,3.41,21.3,,,0.09445983379501385,0.8588957055214724,,4.11,2.753872633390706,4.18,,0.47,0.4432132963988919,,,130.92395888238656,,,0.04534005037783375,,,,0.0,,,,3.84,
SBRANDS,2026-10-10,,,13.2,8.37,,,0.9034907597535934,1.8567251461988303,,25.0,14.389799635701275,30.5,,11.5,10.814510609171801,,,,,20.64489873148765,0.0,,,,0.0,,,,53.46,
SBVCL,2026-10-10,,,102.0,12.3,,,1.0536101642392315,1.9290123456790125,,17.0,8.84937454771012,17.8,,16.43,8.842061770478256,-88.2582320270634,,,,15.814852523091005,0.43402646502835535,,,,0.0,,,,73.53,
SCARNOSE,2026-10-10,,,11.3,1128.0,,,1.121031746031746,1.1585760517799353,,0.1,0.10224948875255625,0.1,,-0.5,0.0992063492063492,-38.662514620347885,,-64.70866076690949,,-37.38977328111245,0.0,,,,0.0,,,,0.0,
SCDL,2026-10-10,,,150.0,10.4,,0.13391651223999998,1.2820512820512822,,,29.0,7.142857142857142,29.7,,23.0,11.965811965811966,77.66032601985276,,66.7093115047622,,34.58031530218211,0.8305084745762712,,,,0.0,,,,46.4,
SCML,2026-10-10,,,122.0,13.3,,0.8153823859606073,0.4485294117647059,1.1425339366515836,,9.62,3.0716723549488054,12.3,,12.0,3.308823529411765,16.31136535323998,,17.59243363398495,,16.05750198078173,1.1415094339622642,,,,0.0,,,,68.25,
SDC,2026-10-10,,,11.7,,,,1.2394067796610169,163.63636363636363,,-190.0,-8.628408628408629,-10.7,,13.88,-22.45762711864407,,,,,-5.818735532176456,127.85714285714232,,,,0.0,,,,74.87,
SDREAMS,2026-10-10,,,152.0,14.2,,,0.8786127167630058,1.2616822429906542,,9.26,5.747126436781609,12.2,,10.0,5.780346820809249,-57.651172917387974,,-2.4523964800197917,,12.655805613553262,0.13333333333333333,,,,0.0,,,,65.29,
SEALMATIC,2026-10-10,,,456.0,47.4,,,4.427184466019417,4.077669902912621,,8.65,6.993006993006993,,,15.0,9.70873786407767,-67.02038438450882,,,,46.1417919620426,0.08035714285714286,,,,0.26,,,,72.46,
SEEMAX,2026-10-10,,,23.8,13.4,,,1.7321688500727803,,,27.0,7.608695652173914,23.9,,26.35,12.736535662299856,-80.53084267767437,,,,6.765498032030726,1.642570281124498,,,,0.0,,,,68.18,
SEL,2026-10-10,,,74.2,19.4,,,1.0001347890551289,4.923076923076923,,29.1,5.366400448367662,23.6,,11.07,5.162420811430112,,,,,,1.8082282680822825,,,,0.0,,,,62.1,
SELLOWRAP,2026-10-10,,,82.5,8.72,,,0.37844036697247707,0.9174311926605504,,14.8,4.891304347826087,14.4,,10.0,4.128440366972478,,,,,16.746886913582593,0.5,,,,0.0,,,,69.22,
SEML,2026-10-10,,,56.1,5.7,,,0.3224137931034483,0.5456238361266295,,,,,,7.0,5.747126436781609,,,,,,,,,,0.0,,,,41.46,
SERVICE,2026-10-10,,,92.2,18.4,,,0.47772020725388603,1.7698209718670077,,10.1,6.8493150684931505,10.8,,2.5,2.5906735751295336,-11.342660392080084,,-56.05366086651466,,6.672726332896506,0.019230769230769232,,,,0.0,,,,66.04,
SEVL,2026-10-10,,,42.0,10.8,,0.1849039445547901,0.5390835579514826,0.8292682926829268,,11.6,5.521989602360546,14.4,,8.6,5.044281863688872,58.40870526588351,,,,219.89350009868224,0.1477384949634604,,,,0.0,,,,69.31,
SFML,2026-10-10,,,47.2,4.23,,,0.09554655870445344,0.4896907216494846,,12.0,2.7027027027027026,10.4,,8.0,1.6194331983805668,-75.80160115194026,,-51.07370550413995,,14.394287153635199,1.5051546391752577,,,,0.0,,,,71.52,
SFSL,2026-10-10,,,14.6,,,,0.6096033402922756,4.3625,,-11.1,-6.283662477558348,-2.99,,-0.25,-1.4613778705636742,,,,,,0.4444444444444444,,,,0.0,,,,57.97,
SGFRL,2026-10-10,,,204.0,34.3,,,4.141291108404385,5.0,,18.2,2.2557531182469575,9.68,,49.82,12.078765732846124,,,,,,4.168792934249264,,,,0.61,,,,63.32,
SHAIVAL,2026-10-10,,,38.2,6.57,,,955.0,1.7553191489361701,,30.8,25.39335664335664,31.0,,-2200.0,14525.0,-4.700217851260313,,,,-75.5895511105943,0.0,,,,0.0,,,,72.63,
SHAMFOAM,2026-10-10,,,94.6,10.9,,,1.0249187432286024,,,51.5,17.534968578958036,45.6,,12.1,9.371614301191766,,,,,,0.18892045454545456,,,,0.0,,,,72.9,
SHANMUGA,2026-10-10,,,59.9,14.1,,,1.3319991105181233,1.4102564102564104,,10.2,7.935909519321395,12.6,,18.41,9.36179675339115,-82.68268708234085,,,,6.613117883017061,0.15835294117647059,,,,0.0,,,,72.06,
SHANTHALA,2026-10-10,,,9.24,7.0,,,0.17516587677725118,0.39316239316239315,,4.36,3.894018466479326,5.98,,0.64,1.8388625592417063,,,,,,0.004839419269687637,,,,0.0,,,,61.91,
SHANTIDENM,2026-10-10,,,54.0,7.42,,,0.07670454545454546,0.5111821086261981,,6.88,4.329004329004329,,,2.3,1.4204545454545454,,,,,,0.44339622641509435,,,,0.0,,,,73.57,
SHANTIGURU,2026-10-10,,,10.3,0.92,,,,0.4158415841584159,,58.2,39.285714285714285,71.7,,-443.0,,,,116.89435423953971,,,0.0,,,,0.0,,,,35.01,
SHARVAYA,2026-10-10,,,180.0,15.5,,,0.782608695652174,2.3346303501945527,,23.3,12.121212121212121,28.7,,8.0,5.217391304347826,-43.634520240075226,,,,48.665409684523084,0.15584415584415584,,,,0.0,,,,61.31,
SHAYONAENG,2026-10-10,,,52.7,13.0,,0.6273916322100833,1.3086665011174572,1.9736842105263157,,22.1,7.562710595282665,19.7,,18.7,10.032282095852992,20.720709892488532,,17.321091443622482,,47.45652559347835,0.7575075075075075,,,,0.0,,,,64.14,
SHEEL,2026-10-10,,,126.0,10.7,,,1.1454545454545455,0.9935897435897436,,11.2,8.21917808219178,13.5,,15.0,10.909090909090908,-22.17022240600002,,-12.975035297465453,,7.316761752004952,0.07086614173228346,,,,0.0,,,,72.29,
SHEETAL,2026-10-10,,,402.0,35.0,,1.6763164088456346,2.310344827586207,7.1966527196652725,,23.3,9.448818897637794,23.3,,11.0,6.896551724137931,20.879113164621543,,69.8953696085967,,10.489204306989542,0.7037037037037037,,,,0.0,,,,64.32,
SHELTER,2026-10-10,,,75.6,8.38,,,1.0353327855382086,0.9739696312364424,,15.1,10.720645850647037,20.4,,17.43,12.366474938373049,-6.8474792016768316,,45.64787795242009,,26.40895535479817,0.010439775544825787,,,,0.0,,,,44.38,
SHERA,2026-10-10,,,477.0,13.9,,0.3561706365723028,0.2739804709936818,2.459016393442623,,16.9,5.422446406052964,19.5,,6.0,2.469844916714532,39.02623791160924,,33.35152615913688,,25.775747199744735,1.3575129533678756,,,,0.0,,,,62.35,
SHETHJI,2026-10-10,,,421.0,21.1,,0.981994190013565,0.550326797385621,3.189655172413793,,24.6,8.16326530612245,26.7,,3.7,2.6143790849673203,21.48688883760965,,,,17.88218710739693,0.3409090909090909,,,,0.14,,,,70.13,
SHIGAN,2026-10-10,,,130.0,19.3,,1.210394536757538,0.5963302752293578,1.3135245901639343,,7.02,3.431372549019608,11.0,,9.0,3.211009174311927,15.945214071852764,,,,9.952273860131577,0.6666666666666666,,,,0.78,,,,69.74,
SHINEFASH,2026-10-10,,,53.4,6.34,,0.1551644513110856,0.5235294117647059,1.6864406779661014,,30.6,2.631578947368421,31.1,,12.0,2.941176470588235,40.85987445210038,,61.24464467960622,,69.3532851810357,0.6451612903225806,,,,0.0,,,,67.47,
SHIPWAVES,2026-10-10,,,45.4,12.7,,,0.49797082373587803,0.5332225913621262,,6.43,2.892127403846154,8.38,,9.07,4.222880333443019,,,,,,0.2992135227139335,,,,0.0,,,,67.4,
SHIVAEXPO,2026-10-10,,,21.4,,,,1.8243819266837167,0.7403314917127072,,-0.25,-0.16034206306787813,1.59,,5.88,-0.5115089514066495,,,,,34.230772996179226,0.1720969089390142,,,,0.0,,,,44.46,
SHIVAM,2026-10-10,,,250.0,41.7,,,0.8802816901408451,6.0,,15.5,8.450704225352112,16.6,,3.2,2.112676056338028,-66.07778666681045,,,,21.84458391076154,0.5238095238095238,,,,0.0,,,,73.0,
SHIVASHRIT,2026-10-10,,,212.0,15.1,,0.457825471691034,1.8596491228070176,2.0640569395017794,,20.5,8.860759493670885,19.2,,21.0,12.280701754385964,32.98200063929671,,,,36.32142352200898,0.47058823529411764,,,,0.0,,,,73.0,
SHIVTEXCHEM,2026-10-10,,,265.0,3.4,,,0.09546109510086455,0.6440677966101694,,20.9,5.259608900876602,15.3,,4.9,2.809798270893372,-30.53722885203758,,-20.835333367884445,,35.41264444282444,1.7097560975609756,,,,0.0,,,,73.65,
SHKSIL,2026-10-10,,,60.1,9.69,,,0.9018607442977191,0.5629496402877698,,6.88,4.296902072215677,7.76,,9.77,9.30372148859544,-64.88067772350587,,-38.53558568768506,,-10.909122408042105,0.2691297824456114,,,,0.0,,,,73.58,
SHLOKKA,2026-10-10,,,65.7,13.2,,,0.8018061996582866,0.7694235588972431,,8.81,3.7784718519082805,10.6,,13.91,6.053209665608982,-79.77358962526262,,,,110.6196024791045,0.3134590605599157,,,,0.0,,,,70.34,
SHOORA,2026-10-10,,,32.9,822.0,,,2.7928692699490663,1.6420323325635104,,0.2,0.189753320683112,0.24,,0.17,0.33955857385398985,-55.480790329919074,,,,77.40027077607459,0.035429141716566866,,,,0.0,,,,26.01,
SHREE,2026-10-10,,,15.4,4.28,,,0.10266666666666667,0.4091743119266055,,12.1,6.0606060606060606,16.8,,4.3,2.666666666666667,,,,,,0.13513513513513514,,,,0.0,,,,58.3,
SHREEDHAR,2026-10-10,,,347.0,56.3,,,2.3767123287671232,,,24.6,3.488372093023256,12.1,,12.0,4.10958904109589,,,,,,3.8666666666666667,,,,0.0,,,,70.48,
SHREEKARNI,2026-10-10,,,285.0,19.0,,,1.4039408866995073,2.4472049689440993,,14.3,5.9760956175298805,12.8,,15.0,7.389162561576355,,,,,16.922323995883048,0.8448275862068966,,,,0.06,,,,69.21,
SHREENATH,2026-10-10,,,37.1,13.0,,,0.3226086956521739,0.8217391304347825,,6.36,3.75,8.97,,-0.1,2.608695652173913,-70.79976826512188,,-36.27202451363316,,-17.39191441610083,0.5869565217391305,,,,0.0,,,,72.98,
SHREEOSFM,2026-10-10,,,87.7,12.3,,0.6569038460868108,0.573202614379085,1.043956043956044,,8.84,6.106870229007633,12.0,,11.0,5.228758169934641,18.724201530058536,,-0.04060090660794602,,23.109771758945065,0.15476190476190477,,,,0.0,,,,52.24,
SHREEREF,2026-10-10,,,1329.0,61.8,,,8.62987012987013,6.122112211221122,,13.0,7.482993197278912,13.8,,21.0,14.285714285714285,,,,,44.53849053277344,0.1712962962962963,,,,0.0,,,,44.6,
SHREESHAY,2026-10-10,,,37.6,1254.0,,294.34131318953814,23.647798742138363,1.5573770491803278,,0.12,0.8345428156748913,0.87,,-2.52,14.465408805031446,4.260360145884445,,-13.448185816888959,,-38.573231400613636,0.0,,,,0.0,,,,73.1,
SHRIAHIMSA,2026-10-10,,,1005.0,34.6,,,8.170731707317072,5.115151515151515,,16.7,13.302752293577983,21.7,,29.0,23.577235772357724,-44.58601143785079,,,,5.752487283920038,0.10362694300518134,,,,0.0,,,,68.4,
SHRIKANHA,2026-10-10,,,35.3,4.06,,,0.17135922330097086,0.5736040609137056,,23.7,6.0,18.2,,9.0,4.368932038834951,-12.169738696149901,,,,15.12716684899502,0.9032258064516129,,,,0.0,,,,68.59,
SHRITECH,2026-10-10,,,153.0,8.0,,0.5633322106521053,1.8214285714285714,1.2987288135593218,,17.7,14.17910447761194,22.7,,28.0,22.61904761904762,14.201211733906206,,-32.76730568104046,,13.798047356553855,0.025423728813559324,,,,0.0,,,,70.34,
SHTL,2026-10-10,,,104.0,26.7,,,5.6861673045379995,4.0262582056892775,,23.0,10.805555555555555,22.7,,36.91,21.26845270639694,,,87.0540416902475,,21.016522610093435,0.24361948955916474,,,,0.0,,,,70.68,
SHUBHLAXMI,2026-10-10,,,18.0,17.0,,,0.2943100065402224,0.7623318385650224,,4.59,2.016359140194027,7.22,,4.51,1.733158927403532,-4.826946434467272,,-12.139569570279674,,-7.493782303888697,0.5653829877274651,,,,0.0,,,,57.31,
SHUBHSHREE,2026-10-10,,,173.0,16.4,,,0.8564356435643564,4.241645244215938,,29.6,15.714285714285714,32.6,,7.0,5.445544554455446,,,,,,0.3170731707317073,,,,0.0,,,,73.58,
SHYAMDHANI,2026-10-10,,,107.0,12.6,,,0.7328767123287672,1.5662650602409638,,18.5,7.627118644067797,17.0,,11.0,6.164383561643835,-45.50502464196493,,14.48435755676265,,29.007407453361655,0.5217391304347826,,,,0.0,,,,72.0,
SIDDHICOTS,2026-10-10,,,63.7,6.61,,,0.13326359832635984,0.467741935483871,,8.94,5.649717514124294,10.6,,5.0,2.092050209205021,-35.41162247427155,,-7.928641129759184,,33.92395719392989,0.19852941176470587,,,,0.0,,,,66.24,
SIDDHIKA,2026-10-10,,,126.0,12.5,,0.3095536553240197,2.1724137931034484,2.6806833114323263,,23.6,16.666666666666664,31.6,,22.0,17.24137931034483,40.380721677848875,,48.488908227362536,,19.485817377915016,0.0,,,,1.96,,,,63.09,
SIGNORIA,2026-10-10,,,67.1,,,,,2.8256513026052104,,,,,,,,,,,,,,,,,0.0,,,,70.05,
SIHORA,2026-10-10,,,33.0,34.0,,,1.7441860465116277,2.059800664451827,,9.1,4.982023626091423,11.5,,10.41,5.1268498942917535,,,,,,0.08909657320872273,,,,0.0,,,,69.97,
SILKFLEX,2026-10-10,,,302.0,24.9,,0.5338104906630194,2.7454545454545456,6.341463414634147,,29.2,9.090909090909092,22.7,,20.0,10.909090909090908,46.64576743157098,,36.74155470342815,,35.72088082974532,1.2916666666666667,,,,0.0,,,,70.14,
SILKY,2026-10-10,,,42.7,8.81,,,0.42875790742042375,0.7349397590361445,,16.2,5.262015840295106,17.9,,11.86,4.869966864142985,-28.18900512470721,,24.54038043446527,,-1.7509504023089817,0.4237783895388851,,,,0.0,,,,60.53,
SILL,2026-10-10,,,174.0,16.6,,2.430522493228115,0.7802690582959642,,,24.9,8.59375,23.1,,9.0,4.932735426008969,6.829807190120918,,,,5.856046813447735,0.7916666666666666,,,,0.0,,,,71.94,
SILVERPRL,2026-10-10,,,3.56,29.7,,,3.4901960784313726,0.2633720930232558,,0.89,0.8765522279035792,1.26,,0.0,11.76470588235294,,,-28.271320854415716,,4.260360145884445,0.0,,,,0.0,,,,27.27,
SIMCA,2026-10-10,,,425.0,25.4,,,3.3464566929133857,,,80.6,25.757575757575758,110.0,,18.0,13.385826771653544,-60.816721593621956,,,,119.55373264604484,0.0,,,,0.0,,,,,
SIROHIA,2026-10-10,,,6.69,223.0,,,,0.23537906137184114,,0.11,0.10334137099552188,0.25,,-400.0,,,,,,,0.0,,,,0.0,,,,50.11,
SISL,2026-10-10,,,106.0,73.7,,4.454492437590488,2.354509107063527,9.076923076923077,,13.3,13.597733711048157,18.2,,8.97,3.198578409595735,16.545094875021405,,-46.337363993540215,,66.46332213440887,0.005132591958939264,,,,0.0,,,,72.07,
SIYARAM,2026-10-10,,,72.9,19.2,,,0.20138121546961327,0.5611390284757118,,2.95,1.4598540145985401,7.34,,4.7,1.1049723756906076,-30.530533529900573,,11.056096572989382,,-9.722160752221365,0.8769230769230769,,,,0.0,,,,51.12,
SJLOGISTIC,2026-10-10,,,489.0,6.45,,0.265589233485091,0.7477064220183486,1.5606060606060606,,29.1,15.800415800415802,32.5,,18.0,11.62079510703364,24.285623010249303,,,,69.62543848150055,0.38613861386138615,,,,0.0,,,,51.14,
SKIEL,2026-10-10,,,13.1,,,,87.33333333333333,1.9735391400220506,,-23.7,-4.464285714285714,-21.7,,-1073.33,-200.0,,,,,-72.09079990001759,0.0,,,,0.0,,,,72.12,
SKIFL,2026-10-10,,,9.67,107.0,,2.7668415084493554,322.33333333333337,0.8064220183486237,,0.75,0.75,0.92,,-1700.0,300.0,38.672254870126956,,21.67286837864115,,-64.83661130830407,0.0,,,,0.0,,,,0.0,
SKL,2026-10-10,,,20.4,20.7,,0.12585222044399225,0.6589147286821705,0.8168316831683169,,4.04,2.323232323232323,3.72,,5.91,2.971576227390181,164.47862363471035,,,,3.604171080171059,0.4244116473873155,,,,0.0,,,,67.24,
SKM,2026-10-10,,,534.0,26.5,,3.391839499572349,1.679245283018868,6.62613981762918,,34.8,9.67741935483871,26.2,,10.0,5.660377358490567,7.812869684235113,,,,34.05542574388099,1.25,,,,0.0,,,,73.53,
SKP,2026-10-10,,,274.0,465.0,,,2.6601941747572817,5.809859154929578,,1.79,0.9009009009009009,11.4,,9.0,0.9708737864077669,-61.74420989689967,,,,25.586982883949894,0.8541666666666666,,,,0.0,,,,74.9,
SKYTECH,2026-10-10,,,33.8,8.61,,,0.6544046466602129,,,23.2,8.82909396678579,26.1,,12.86,8.131655372700871,-37.444493754130725,,,,13.709668131871599,0.48633017875920087,,,,0.0,,,,70.01,
SLONE,2026-10-10,,,69.6,7.72,,0.1255404748962301,0.2887966804979253,1.4553472987872105,,20.8,8.256880733944955,26.1,,7.0,3.7344398340248963,61.49411181040407,,,,100.27739286589674,0.1875,,,,0.45,,,,73.33,
SMARITIME,2026-10-10,,,6.6,9.17,,,0.3616438356164383,0.5256723716381418,,5.92,5.583392984967788,8.07,,6.85,4.273972602739726,-21.144016569380952,,-67.00986657577408,,-11.242010998604712,0.03745019920318725,,,,0.0,,,,72.33,
SMARTEN,2026-10-10,,,102.0,11.6,,,0.42677824267782427,1.2227272727272727,,14.4,6.474820143884892,17.8,,5.0,3.765690376569038,-55.231030641048484,,-45.519919264395384,,10.737592563417596,0.05952380952380952,,,,0.0,,,,67.1,
SMAUTO,2026-10-10,,,41.1,12.1,,6.597687922068067,0.5763567522086663,1.5873015873015874,,14.1,7.9271178419309045,16.1,,5.82,4.69779834525312,1.8339758022697161,,,,1.270327033168961,0.29156999226604796,,,,5.0,,,,72.95,
SMEL,2026-10-10,,,28.1,1406.0,,,31.931818181818183,2.415094339622642,,0.17,0.17152658662092624,0.34,,6.82,2.272727272727273,0.0,,0.0,,6.917810999860885,0.0,,,,0.0,,,,57.87,
SMR,2026-10-10,,,183.0,7.37,,,0.4236111111111111,,,66.7,29.069767441860467,71.5,,8.0,5.787037037037037,-73.52336719394741,,,,85.20737569958247,0.34,,,,0.0,,,,65.74,
SMVD,2026-10-10,,,13.9,,,,,1.1129032258064517,,,220.00000000000003,,,-947.0,,117.94491883648158,,71.62531082937846,,,-0.9,,,,0.0,,,,65.53,
SNEHAA,2026-10-10,,,44.8,5.56,,,0.9076175040518638,0.8661417322834646,,24.2,12.513584847073437,29.4,,23.78,16.329011345218802,-34.19986339686042,,,,53.4902640518619,0.06993817619783617,,,,0.0,,,,73.68,
SOCL,2026-10-10,,,36.8,6.92,,,0.368,0.8064516129032258,,17.6,8.19672131147541,21.5,,8.0,5.0,,,,,,0.26666666666666666,,,,0.0,,,,72.01,
SODHACAP,2026-10-10,,,57.2,24.3,,,11.991614255765201,3.2,,18.6,13.019390581717452,25.0,,69.6,49.26624737945493,-86.48850240281712,,,,24.362344088539345,0.0,,,,0.69,,,,73.57,
SOLARIUM,2026-10-10,,,242.0,14.2,,,0.657608695652174,1.4890885750962772,,11.2,4.357298474945534,13.0,,8.0,5.434782608695652,,,,,,0.9631901840490797,,,,0.0,,,,58.58,
SOLVEX,2026-10-10,,,14.6,208.0,,,0.09480519480519481,0.3838862559241706,,0.24,0.0,6.76,,4.9,0.0,,,,,,1.4473684210526316,,,,0.0,,,,70.72,
SONALIS,2026-10-10,,,15.2,1.75,,,0.10133333333333333,0.4624277456647399,,42.1,18.367346938775512,47.1,,7.0,6.0,,,,,177.75661214391206,0.09090909090909091,,,,0.0,,,,35.91,
SONAMAC,2026-10-10,,,43.2,,,,0.5111821086261981,0.6541666666666667,,-5.12,-3.88327721661055,-5.9,,-4.11,-4.09419003668205,,,,,1.4909378261646733,0.1145374449339207,,,,0.0,,,,73.59,
SONUINFRA,2026-10-10,,,48.2,3.71,,,0.24845360824742269,0.5967976710334789,,18.5,7.784431137724551,19.1,,15.0,6.701030927835052,,,,,,0.5679012345679012,,,,0.0,,,,53.26,
SOTAC,2026-10-10,,,99.5,17.5,,1.3064087376139195,0.9851485148514851,1.6885553470919326,,10.1,4.511278195488721,12.5,,18.0,5.9405940594059405,13.395501343601502,,68.0046024121935,,9.465403655630112,0.6440677966101694,,,,0.22,,,,72.85,
SOTEFIN,2026-10-10,,,467.0,27.0,,,3.9914529914529915,,,24.7,13.178294573643413,31.2,,24.0,14.529914529914532,-31.269459194074635,,,,46.77813975959759,0.2857142857142857,,,,0.0,,,,45.7,
SPCL,2026-10-10,,,154.0,11.7,,,0.9935483870967742,1.2321083172147003,,11.0,6.842105263157896,12.8,,12.0,8.38709677419355,,,,,,0.304,,,,0.0,,,,71.34,
SPCON,2026-10-10,,,158.0,19.3,,,1.7514687950338101,3.862332695984704,,28.8,10.21398357800448,29.5,,17.04,9.100986586852901,-59.644342593209544,,,,50.71553554686501,0.37128953771289536,,,,0.0,,,,62.1,
SPEB,2026-10-10,,,193.0,28.1,,,3.816491991299189,3.467741935483871,,16.9,11.850957391754356,23.0,,17.98,13.585129523432865,,,,,9.658557443709714,-0.00017937219730941703,,,,0.0,,,,73.18,
SPECTSTM,2026-10-10,,,141.0,11.5,,,0.09724137931034482,0.8187919463087249,,7.41,4.270462633451958,7.59,,1.0,0.8275862068965517,-30.088626331743807,,-11.92647879500024,,23.59538672270627,0.1744186046511628,,,,0.0,,,,74.52,
SPINAROO,2026-10-10,,,28.7,53.1,,,0.730837789661319,1.7012448132780082,,4.44,1.9396551724137931,6.27,,3.69,1.3750954927425516,-56.41511288093534,,,,-9.579352717473954,0.38680926916221037,,,,0.0,,,,47.66,
SPITZE,2026-10-10,,,218.0,24.4,,0.6560830425824554,4.113207547169812,4.744429882044561,,25.6,11.11111111111111,21.2,,13.0,18.867924528301888,37.190414042645294,,-33.44724395021128,,11.728531583684099,0.5869565217391305,,,,0.0,,,,66.72,
SPL,2026-10-10,,,37.2,4.62,,0.22342798753149284,0.2431372549019608,0.3979166666666667,,9.0,3.619909502262444,9.95,,16.0,5.228758169934641,20.67780339895331,,,,49.27183319275166,0.946236559139785,,,,0.0,,,,44.46,
SPML,2026-10-10,,,148.0,87.1,,,6.38481449525453,,,,,,,15.44,7.333908541846419,,,,,,,,,,0.0,,,,43.43,
SPPPOLY,2026-10-10,,,18.2,,,,0.16396396396396395,0.39333333333333337,,-8.56,-4.878048780487805,-5.5,,-2.4,-3.6036036036036037,,,,,18.92130903339455,0.2826086956521739,,,,0.0,,,,67.08,
SPRL,2026-10-10,,,25.1,7.11,,0.090393901399844,0.891651865008881,1.553829078801332,,24.6,18.8066062866276,28.6,,18.79,12.539964476021314,78.65574878276324,,31.43523925629279,,1.1013835019484386,0.06575682382133995,,,,0.71,,,,69.42,
SPUNWEB,2026-10-10,,,299.0,13.0,,0.1251991566338641,0.9228395061728395,2.426614481409002,,27.4,9.05511811023622,26.9,,17.0,7.098765432098765,103.83456526003255,,,,40.83016031253044,0.6260162601626016,,,,0.0,,,,65.27,
SRGFFL,2026-10-10,,,17.5,83.3,,,,1.1684587813620073,,1.41,1.3565891472868217,1.88,,,,-26.192987909922106,,-16.311034330944587,,,,,,,0.0,,,,69.01,
SRIGEE,2026-10-10,,,44.8,11.5,,,0.6195546950629235,1.0713266761768903,,12.7,10.944718814720407,15.5,,7.99,9.500760614022957,-9.470793433242275,,,,15.328398459147285,0.19723018147086915,,,,0.0,,,,45.37,
SRIVASAVI,2026-10-10,,,129.0,23.2,,,1.1727272727272726,2.757575757575758,,12.8,7.0588235294117645,14.8,,8.0,5.454545454545454,,,,,,0.40425531914893614,,,,0.0,,,,74.57,
SRSOLTD,2026-10-10,,,79.9,7.81,,,0.7008771929824562,0.7253886010362695,,9.69,8.0,12.6,,35.0,8.771929824561402,-4.780558062955887,,-68.06361642478946,,46.84780191517228,0.05454545454545454,,,,1.43,,,,66.69,
SSEGL,2026-10-10,,,977.0,9.52,,,1.029504741833509,2.7246376811594204,,30.3,15.327380952380953,36.3,,15.0,10.853530031612223,-32.511760901019656,,55.621001369859904,,56.62331787206638,0.25069637883008355,,,,0.0,,,,58.27,
SSFL,2026-10-10,,,246.0,15.1,,,1.4819277108433735,3.302646720368239,,24.4,13.114754098360656,29.4,,18.0,9.63855421686747,,,,,,0.4533333333333333,,,,0.0,,,,58.28,
SSL,2026-10-10,,,58.3,101.0,,,9.388083735909822,1.413690476190476,,1.52,1.0302197802197801,1.58,,-7.25,7.246376811594203,-52.26121403347969,,,,31.03706971044482,0.006539113586824898,,,,0.0,,,,62.52,
SSMD,2026-10-10,,,52.9,9.61,,,0.45999999999999996,1.3232104121475055,,23.5,12.244897959183673,30.7,,7.0,5.217391304347826,,,,,,0.025,,,,0.0,,,,68.24,
SSPNFIN,2026-10-10,,,3.29,329.0,,,10.612903225806452,0.75,,0.23,0.14144271570014144,1.55,,32.26,3.225806451612903,,,-28.451545944737223,,6.038306207109678,0.5804988662131519,,,,0.0,,,,0.0,
SSPRL,2026-10-10,,,284.0,14.9,,,6.454545454545454,,,15.5,8.878504672897195,16.2,,68.0,43.18181818181818,,,,,,0.48872180451127817,,,,0.0,,,,50.97,
SSTL,2026-10-10,,,54.7,11.5,,,0.12632794457274826,1.1695906432748537,,11.8,3.90625,8.05,,1.1,1.1547344110854503,,,,,,1.372093023255814,,,,0.0,,,,44.35,
STAL,2026-10-10,,,38.8,,,,0.45663175238319403,0.9869281045751633,,-7.89,-4.40150295222759,-4.03,,-0.56,-3.8601859479816403,,,,,1.4784641648194707,0.36451695131277084,,,,0.0,,,,70.36,
STANBIK,2026-10-10,,,35.1,8.05,,,0.4086146682188591,1.052,,17.4,12.729927007299272,19.1,,5.63,5.0756693830034925,-85.25485004360291,,,,62.65879186659984,0.0038945476333133618,,,,0.0,,,,68.52,
STARIMAGIN,2026-10-10,,,134.0,6.96,,0.1658986732010469,1.558139534883721,1.1561561561561562,,23.6,12.337662337662337,26.1,,39.0,22.093023255813954,41.95331925027161,,,,14.031145196252503,0.1810344827586207,,,,0.0,,,,71.92,
STELLAR,2026-10-10,,,11.1,,,,4.889867841409691,0.1960176991150442,,-0.73,-0.3054367745876604,-0.41,,11.45,-8.81057268722467,,,,,-10.250493401295358,0.01064018442986345,,,,0.0,,,,24.05,
STML,2026-10-10,,,67.6,,,,0.29391304347826086,2.3614864864864864,,-19.8,-11.11111111111111,-3.56,,6.0,-6.521739130434782,,,,,19.43492903386488,2.7241379310344827,,,,0.0,,,,71.98,
STRIDERS,2026-10-10,,,93.1,16.6,,,1.2428247230009344,1.7301038062283738,,16.3,6.095176010430247,16.8,,12.82,7.4889867841409705,,,,,,0.3867906976744186,,,,0.0,,,,69.52,
STUDIOLSD,2026-10-10,,,44.6,,,,0.6184995146304257,0.5620915032679739,,-3.9,-1.0735373054213633,-3.22,,-3.48,-1.3867702121758425,,,,,15.59921441434524,0.0,,,,0.0,,,,73.5,
SUBAHOTELS,2026-10-10,,,220.0,12.2,,,1.9298245614035088,1.5894736842105261,,19.4,8.181818181818182,16.9,,22.0,15.789473684210526,-15.852583503022888,,,,48.233240357647375,0.37681159420289856,,,,0.0,,,,60.93,
SUBAM,2026-10-10,,,666.0,203.0,,,1.088235294117647,1.6689655172413793,,3.01,0.2812939521800281,5.02,,7.0,0.32679738562091504,-80.17425227310414,,-60.17583320671783,,7.4009586231831515,0.42462311557788945,,,,0.0,,,,58.93,
SUDARSHAN,2026-10-10,,,937.0,37.3,,1.2869676278343283,1.280054644808743,5.822981366459627,,16.3,3.894080996884735,15.1,,8.0,3.415300546448088,28.982857993691226,,13.785963934846258,,16.411986472844518,1.8387096774193548,,,,0.0,,,,58.93,
SUGSLLOYD,2026-10-10,,,598.0,19.6,,2.7991468799947508,1.86875,4.3,,32.2,11.397058823529411,28.7,,15.0,9.6875,7.002133450044878,,-31.605587941269153,,70.11614811319606,0.49640287769784175,,,,0.0,,,,70.54,
SUNITATOOL,2026-10-10,,,774.0,122.0,,,16.51728553137004,11.0,,10.8,4.564896755162243,10.5,,20.27,13.209560392658984,,,,,,0.6146070615034169,,,,0.0,,,,62.75,
SUNLITE,2026-10-10,,,886.0,21.6,,,0.3174489430311716,5.487179487179487,,25.4,17.4468085106383,,,2.2,1.46900752418488,,,,,,0.12962962962962962,,,,0.16,,,,74.47,
SUNREST,2026-10-10,,,15.8,5.66,,,0.22370097692198784,0.7731092436974789,,15.2,11.202912757316904,23.2,,14.46,11.326631742885459,,,,,,0.854625550660793,,,,0.0,,,,53.5,
SUNRETAIL,2026-10-10,,,6.52,,,,0.9131652661064426,0.3962264150943396,,-0.97,-0.6397441023590564,-0.77,,-37.68,-2.2408963585434174,,,,,-17.116727181615122,0.21311475409836067,,,,0.0,,,,0.0,
SUNSKY,2026-10-10,,,50.4,17.7,,,1.9936708860759491,2.2375690607734806,,21.1,7.177033492822966,20.0,,18.04,11.273734177215191,-84.54219120687176,,-58.22537159358021,,9.33860617234914,0.6323725055432373,,,,0.0,,,,67.04,
SUNTECH,2026-10-10,,,74.4,5.45,,,0.4227272727272728,0.7820773930753564,,18.8,6.730769230769231,16.3,,20.0,7.954545454545454,-33.228675914004455,,,,26.96131311574801,0.8210526315789474,,,,0.0,,,,69.72,
SUPERIRON,2026-10-10,,,81.8,4.97,,,0.31953125,0.428921568627451,,9.04,4.207920792079208,9.15,,14.0,6.640625,,,,,,0.6387434554973822,,,,0.0,,,,70.88,
SUPERSHAKT,2026-10-10,,,259.0,9.11,,,0.36737588652482267,0.872093023255814,,10.0,8.235294117647058,11.3,,1.6,3.9716312056737593,,,,,,0.0,,,,0.22,,,,72.23,
SUPREMEPWR,2026-10-10,,,685.0,32.8,,,3.7637362637362637,5.792811839323468,,19.4,8.045977011494253,22.0,,18.0,11.538461538461538,-68.95434571772785,,,,22.092914974679402,0.423728813559322,,,,0.0,,,,57.16,
SURANI,2026-10-10,,,249.0,,,,2.698309492847854,2.0075282308657463,,-0.43,0.8180693563190868,0.77,,-1.73,2.2214997832683134,,,,,,-0.0,,,,0.0,,,,30.84,
SUSAN,2026-10-10,,,602.0,24.0,,0.4423087669015915,2.2379182156133828,,,64.6,13.846153846153847,37.0,,12.0,6.691449814126393,54.26073773785207,,61.374393658532256,,51.08426138952904,1.7179487179487178,,,,0.0,,,,66.97,
SVJ,2026-10-10,,,94.6,131.0,,,18.99598393574297,,,26.8,5.462822458270106,23.2,,23.49,14.457831325301203,,,,,,0.35301062573789854,,,,0.0,,,,69.44,
SVS,2026-10-10,,,11.4,11.2,,0.8418984607049805,0.6773618538324422,0.334375,,3.03,2.357291425930206,4.21,,5.59,6.060606060606061,13.30326698854094,,-71.81776093391335,,36.41334628993278,0.0,,,,0.0,,,,21.07,
SWANAGRO,2026-10-10,,,76.3,7.64,,,0.5086666666666666,,,40.1,7.751937984496124,25.4,,14.0,6.666666666666667,,,,,,1.3,,,,1.25,,,,74.6,
SWASTH,2026-10-10,,,9.66,,,,0.04578199052132702,0.4674220963172805,,-6.46,-1.9607843137254901,0.29,,0.0,-0.47393364928909953,,,,,28.26086123844085,0.9523809523809523,,,,0.0,,,,72.89,
SWASTIK,2026-10-10,,,40.4,,,,0.10466321243523316,0.271875,,-37.2,-16.76300578034682,-20.8,,-17.0,-15.025906735751295,,,,,-18.345456251185965,1.027027027027027,,,,0.0,,,,64.51,
SWASTIKAAL,2026-10-10,,,88.0,26.8,,21.008935317975595,2.489391796322489,3.406940063091483,,18.0,7.52638825149151,19.6,,15.22,9.278642149929277,1.275647699151583,,,,13.809909969728128,0.4030139103554869,,,,0.0,,,,73.49,
SYLVANPLY,2026-10-10,,,94.8,13.3,,,0.39012345679012345,0.7174231332357248,,5.52,2.5735294117647056,9.83,,9.0,2.880658436213992,-0.7957896980223311,,55.352415607143236,,8.930494405046652,0.48484848484848486,,,,0.0,,,,73.68,
SYNOPTICS,2026-10-10,,,41.0,10.0,,,0.7191720750745484,0.5563218390804597,,5.7,3.381003554600314,7.33,,17.84,7.174179968426592,-20.15782611831114,,6.793178504856634,,3.7831755250964383,0.44623728813559316,,,,0.0,,,,73.11,
SYSTANGO,2026-10-10,,,312.0,10.3,,0.3262166078341444,3.466666666666667,2.3051948051948052,,25.5,21.333333333333336,31.8,,38.0,35.55555555555556,31.57411288280192,,59.576188001003835,,20.06406835173418,0.0,,,,3.29,,,,72.17,
SYSTEMATIC,2026-10-10,,,606.0,28.2,,,1.0133779264214047,3.0044345898004434,,14.9,9.787234042553191,17.4,,6.0,3.8461538461538463,-56.27001476791717,,-29.201622797363758,,17.35451960266243,0.04975124378109453,,,,0.0,,,,73.42,
TAC,2026-10-10,,,836.0,29.1,,,14.666666666666666,10.05050505050505,,34.3,27.083333333333332,40.2,,54.0,45.614035087719294,,,,,,0.012048192771084338,,,,0.0,,,,56.66,
TAKYON,2026-10-10,,,24.3,7.36,,,0.34201266713581985,0.42288557213930345,,7.11,5.231474845922316,11.1,,7.54,5.1372273047149895,-31.718578343806925,,,,3.9578782273776314,0.12159110647906896,,,,0.0,,,,73.52,
TANKUP,2026-10-10,,,966.0,202.0,,,16.87336244541485,32.49554367201426,,26.3,6.58946787979046,19.0,,12.61,8.349344978165938,-34.1331507756366,,,,69.24214894608853,1.2142135399124283,,,,0.0,,,,73.65,
TANVI,2026-10-10,,,73.1,51.4,,,0.7097087378640776,0.963855421686747,,1.93,1.550387596899225,5.59,,5.0,1.9417475728155338,0.0,,-10.527266888530507,,7.896607754199958,0.44,,,,0.0,,,,34.91,
TAPIFRUIT,2026-10-10,,,18.7,,,,0.6554504030844724,1.7755102040816326,,-14.9,-6.444188722669734,-4.96,,6.03,-5.888538380651945,,,,,11.358614309365045,1.0749525616698292,,,,0.0,,,,65.72,
TARINI,2026-10-10,,,10.7,6.49,,0.897469100484391,4.592274678111588,0.390521327014218,,6.05,3.904401325130147,1.57,,23.61,70.81545064377683,7.231446738943048,,5.321134609791733,,9.186169449464753,0.4945375091041515,,,,0.0,,,,69.39,
TAURIAN,2026-10-10,,,553.0,34.1,,0.12784169189575767,5.53,6.353421859039837,,26.7,11.940298507462686,29.7,,25.0,16.0,266.73614447941753,,,,108.70640224232315,0.28735632183908044,,,,0.0,,,,63.8,
TBI,2026-10-10,,,133.0,7.14,,,0.4389438943894389,1.1074130105900153,,16.8,7.916666666666666,18.3,,12.0,6.270627062706271,,,,,,0.5916666666666667,,,,0.0,,,,56.47,
TCL,2026-10-10,,,309.0,23.7,,,2.1164383561643834,2.7789934354485775,,13.4,4.482758620689655,13.8,,26.0,8.904109589041095,,,,,,1.1081081081081081,,,,0.0,,,,60.41,
TEAMTECH,2026-10-10,,,429.0,37.0,,,8.09433962264151,,,42.3,17.91044776119403,41.2,,33.0,22.641509433962266,-22.99638954230636,,,,38.3827503644459,0.5151515151515151,,,,0.0,,,,59.67,
TECHD,2026-10-10,,,382.0,27.2,,,7.346153846153846,5.322916666666667,,29.9,16.470588235294116,40.9,,36.0,26.923076923076923,-72.87026991243984,,,,86.62555784086241,0.0,,,,0.0,,,,63.24,
TECHERA,2026-10-10,,,249.0,129.0,,,5.134020618556701,4.716981132075472,,3.77,2.7282576578351225,7.86,,17.79,5.711340206185566,,,,,,0.6125475285171104,,,,0.0,,,,36.89,
TECHKGREEN,2026-10-10,,,101.0,10.4,,,2.459215972729486,2.2459016393442623,,24.1,16.658062295646186,28.1,,36.35,23.569515461407352,,,,,,0.19213682807641047,,,,0.0,,,,65.58,
TECHLABS,2026-10-10,,,196.0,32.3,,,2.0156314273961335,3.112947658402204,,10.1,6.06878624275145,16.5,,13.42,6.242287124640066,-40.54383656622639,,41.90426751944758,,13.023594920129323,0.35812320459623365,,,,0.88,,,,68.0,
TECHNICHEM,2026-10-10,,,83.1,30.7,,,1.4692362093352191,1.7204301075268817,,5.78,3.5402837433294287,6.11,,7.8,4.809052333804809,-38.62239196924674,,,,3.9735620451717857,0.37691670120182347,,,,0.0,,,,71.95,
TECHNOCRAT,2026-10-10,,,714.0,47.8,,,5.450381679389313,,,56.1,20.833333333333336,67.0,,20.0,11.450381679389313,-50.930497614036476,,,,219.94139551788857,0.38461538461538464,,,,0.0,,,,64.0,
TECHNOPACK,2026-10-10,,,14.6,12.0,,,1.7443249701314218,0.6887755102040816,,5.89,4.946852003270646,7.81,,34.77,14.456391875746716,-20.030452991141857,,62.12261661978984,,-10.100420648152376,0.1348155156102176,,,,0.0,,,,73.56,
TEJA,2026-10-10,,,137.0,21.8,,,1.7691115702479339,,,39.6,12.13356629780625,33.1,,12.87,8.070764462809917,,,,,,1.004756871035941,,,,0.0,,,,67.17,
TEJASCARGO,2026-10-10,,,980.0,45.5,,,1.5580286168521462,5.067985166872682,,11.8,4.697986577181208,12.5,,17.0,3.338632750397456,,,,,,1.1398963730569949,,,,0.0,,,,74.71,
TELGE,2026-10-10,,,240.0,31.5,,,4.921058027475907,5.408388520971303,,22.0,13.243287761489045,23.7,,24.48,16.48554439204429,-33.05670499178305,,,,57.977178137627796,0.22599139990444342,,,,0.0,,,,72.16,
TGIF,2026-10-10,,,28.5,14.1,,,8.584337349397591,2.2357723577235773,,17.2,15.562403697996919,17.9,,59.64,60.8433734939759,,,,,,0.0,,,,0.0,,,,73.28,
TGL,2026-10-10,,,14.9,,,,0.12627118644067797,0.26215644820295986,,27.0,7.428571428571429,30.7,,21.0,11.016949152542372,,,,,,0.3157894736842105,,,,0.0,,,,63.37,
THESL,2026-10-10,,,17.5,14.0,,,0.7440476190476191,0.5982905982905983,,4.37,2.602308499475341,6.09,,10.08,5.272108843537415,-66.5114305276377,,,,2.020597397515833,0.3704210886682643,,,,0.0,,,,56.79,
THREEMPAPE,2026-10-10,,,44.7,6.76,,,0.13669724770642203,,,,,,,6.0,2.1406727828746175,,,,,,,,,,0.0,,,,70.13,
TIMESCAN,2026-10-10,,,31.4,5.05,,,0.09208211143695014,0.967741935483871,,21.2,8.108108108108109,25.9,,3.0,1.7595307917888565,,,,,,0.24242424242424243,,,,0.0,,,,72.94,
TIMESGREEN,2026-10-10,,,44.6,203.0,,,2.0235934664246824,1.0282776349614395,,0.57,0.31482541499713795,1.74,,3.4,0.9981851179673321,-19.585484828218835,,-3.6629485687158736,,2.3441036273719185,0.017750115260488704,,,,0.0,,,,39.75,
TIPCO,2026-10-10,,,631.0,24.9,,,4.3517241379310345,,,38.0,13.440860215053762,36.3,,26.0,17.24137931034483,-83.17631040676332,,,,59.106711822667336,0.40594059405940597,,,,0.0,,,,57.79,
TIRUPATI,2026-10-10,,,282.0,99.1,,,1.3891625615763548,2.9605963791267302,,3.03,1.4285714285714286,6.83,,7.0,1.477832512315271,-31.885207730580657,,-9.878704763106471,,4.872379821950967,1.0947368421052632,,,,0.0,,,,66.15,
TITAANIUM,2026-10-10,,,17.1,5.25,,0.2040668964601159,0.1125,0.7236467236467236,,14.8,4.545454545454546,15.9,,5.0,1.9736842105263157,25.726857668098525,,31.129456755301522,,-13.146924613601163,1.0416666666666667,,,,0.0,,,,67.36,
TLL,2026-10-10,,,442.0,21.1,,0.4429630423499641,3.1347517730496453,4.399524375743163,,22.6,9.322033898305085,21.1,,22.0,15.602836879432624,47.63377072737796,,29.120844349908516,,46.33072790864601,0.73,,,,0.0,,,,62.46,
TRADEUNO,2026-10-10,,,172.0,9.42,,,1.2374100719424461,1.955193482688391,,33.5,16.363636363636363,40.0,,20.0,12.949640287769784,,,,,,0.14772727272727273,,,,0.0,,,,69.02,
TRANSPACT,2026-10-10,,,3.48,43.5,,,19.333333333333336,6.428571428571429,,16.2,10.256410256410255,13.9,,66.67,44.44444444444445,,,,,-22.047573908216588,0.1111111111111111,,,,0.0,,,,16.16,
TRANSTEEL,2026-10-10,,,215.0,9.64,,,1.5467625899280575,1.4191419141914192,,19.0,7.612456747404845,21.1,,24.0,15.827338129496402,-59.88035821072921,,,,33.062066182722496,0.26865671641791045,,,,0.0,,,,35.8,
TRANSVOY,2026-10-10,,,26.6,15.4,,0.3831658126377426,0.41011409189022513,2.5316455696202533,,18.0,3.4117647058823533,11.4,,10.02,2.682701202590194,40.191477141411,,,,70.48222282084382,3.106565176022835,,,,0.0,,,,61.07,
TRANSWIND,2026-10-10,,,8.64,9.29,,0.6495783465020385,0.4020474639367148,0.4556451612903226,,5.26,2.6259541984732824,7.88,,5.82,4.001861330851559,14.301585097511937,,,,-3.84174171291386,0.23137876386687797,,,,0.0,,,,65.49,
TRAVELS,2026-10-10,,,17.1,5.62,,,1.4934497816593888,0.6015037593984962,,15.0,6.120509408857632,24.1,,66.46,28.12227074235808,-56.29567025506883,,,,58.97184290567845,0.7014872521246459,,,,0.0,,,,49.03,
TRIDHYA,2026-10-10,,,16.5,12.6,,,0.596529284164859,0.37967914438502676,,3.03,0.388488067866487,6.15,,13.59,1.7715112075198842,-46.27388172916247,,,,8.743653934457285,1.7473635946813388,,,,0.0,,,,61.74,
TROM,2026-10-10,,,54.5,7.88,,,0.44308943089430897,1.0154109589041096,,13.8,6.666666666666667,16.2,,9.0,5.691056910569105,-70.38814190971148,,-51.8186021542145,,72.41086201913652,0.6037735849056604,,,,0.0,,,,69.52,
TRUECOLORS,2026-10-10,,,366.0,11.7,,,1.2159468438538206,1.9499341238471672,,25.8,10.801393728222997,25.7,,16.0,10.299003322259136,-63.56495850272979,,,,54.89134782568925,0.24598930481283424,,,,0.0,,,,68.89,
TRUST,2026-10-10,,,62.8,7.98,,,1.4690058479532162,0.542094455852156,,6.98,5.998475609756098,10.2,,22.78,18.4093567251462,,,,,,0.0025857610756766076,,,,0.0,,,,69.01,
TSC,2026-10-10,,,65.3,17.7,,,2.2904244124868467,1.4563106796116505,,12.2,4.4716692189892795,12.8,,23.47,15.363030515608559,-20.20887823514198,,,,45.268490220380286,0.41848552338530065,,,,0.0,,,,64.68,
TTC,2026-10-10,,,30.0,11.1,,,2.044989775051125,2.12,,19.9,17.31879409878127,27.0,,25.02,18.404907975460123,-53.406275454353725,,,,45.32290553565754,0.0021156558533145273,,,,4.72,,,,58.67,
TUNWAL,2026-10-10,,,145.0,11.9,,,0.5234657039711191,1.1559633027522935,,10.7,5.963302752293578,13.0,,7.0,4.693140794223827,,,,,,0.21428571428571427,,,,0.4,,,,63.9,
UCL,2026-10-10,,,278.0,,,,2.0,5.555555555555555,,-0.8,-3.571428571428571,-1.15,,0.2,-3.597122302158273,,,,,46.730604896580495,1.08,,,,0.0,,,,54.91,
UHMVL,2026-10-10,,,20.6,3.29,,0.3913504280127663,0.4323189926547744,,,25.3,15.345206147840937,30.0,,15.89,13.200419727177334,8.406787790436955,,,,32.59505806683125,0.0021119324181626186,,,,0.0,,,,65.42,
UHTL,2026-10-10,,,403.0,80.4,,,5.542566359510384,6.347305389221557,,8.21,5.326387412290027,11.8,,14.39,6.890386466785863,,,,,1.4678134266715492,0.2974972453958759,,,,0.0,,,,67.74,
UMA,2026-10-10,,,34.7,11.2,,0.2585881488394213,0.13991935483870968,0.4430051813471503,,4.06,1.5706806282722512,7.16,,6.0,1.2096774193548387,43.31211639151724,,-12.433822101716952,,11.689040370305426,0.9615384615384616,,,,0.0,,,,69.45,
UML,2026-10-10,,,105.0,11.5,,0.45140051957458777,0.1255980861244019,2.179411764705882,,29.2,5.421686746987952,31.0,,-4.0,1.076555023923445,25.476266644172043,,,,35.91081433741128,0.125,,,,0.0,,,,73.8,
UNIFIED,2026-10-10,,,955.0,39.0,,,3.3159722222222223,6.884057971014493,,20.7,20.812182741116754,34.1,,14.0,14.23611111111111,-90.08403758659612,,,,37.8266713165379,0.0,,,,2.31,,,,60.39,
UNIHEALTH,2026-10-10,,,882.0,34.4,,,6.681818181818182,6.335616438356165,,21.5,18.11023622047244,24.5,,41.0,34.84848484848485,,,,,44.22495703074083,0.2391304347826087,,,,0.0,,,,64.82,
UNILEX,2026-10-10,,,40.8,4.98,,,0.28137931034482755,0.5154639175257731,,10.4,5.839416058394161,,,2.6,5.517241379310345,,,,,,0.3125,,,,0.0,,,,73.56,
UNISEM,2026-10-10,,,53.3,10.0,,0.8022585544220819,0.7605593607305936,1.6151202749140892,,24.9,6.392473766735014,26.8,,14.88,7.562785388127854,12.46480943690733,,,,21.637097550996852,0.5145454545454545,,,,0.0,,,,70.89,
UNISHIRE,2026-10-10,,,2.78,,,,1.2930232558139534,0.11067961165048543,,-0.08,1.0516826923076923,-0.04,,-3.26,16.279069767441857,91.29311827723892,,,,499.0726414895092,0.0,,,,0.0,,,,0.29,
URBAN,2026-10-10,,,99.0,6.65,,0.08811646209686236,0.5439560439560439,2.111111111111111,,37.8,11.194029850746269,29.1,,17.0,8.241758241758241,75.46830457956837,,,,67.10993116548616,1.1702127659574468,,,,0.0,,,,51.19,
USASEEDS,2026-10-10,,,86.7,11.6,,0.7091553901842742,0.7881818181818182,1.3983739837398375,,12.8,5.833333333333333,11.0,,13.0,6.363636363636363,16.357486892944205,,19.538021742240662,,9.842783804893052,0.8709677419354839,,,,0.0,,,,71.15,
USHAFIN,2026-10-10,,,230.0,9.16,,,,1.003787878787879,,10.2,5.813953488372093,13.5,,,,-1.287937285322771,,,,,,,,,0.0,,,,74.97,
UTKAL,2026-10-10,,,91.1,12.5,,,1.6479739507959477,,,28.9,14.661578630247037,27.0,,19.46,13.205499276410999,-2.603421749290036,,,,6.394321570569539,0.5637746284134116,,,,0.0,,,,,
UTSSAV,2026-10-10,,,2007.0,34.0,,2.646053395668319,1.7376623376623377,10.134146341463415,,36.4,14.460784313725492,28.8,,8.0,5.108225108225108,12.849324981747978,,44.66845040496934,,69.3044379659866,0.9393939393939394,,,,0.0,,,,72.55,
UWCSL,2026-10-10,,,62.5,18.8,,1.3291515716764744,0.968091697645601,2.4896265560165975,,14.1,7.001265288907634,18.3,,9.76,5.142503097893432,14.144361260685523,,29.525872376025617,,13.350105880601504,0.10925039872408294,,,,0.42,,,,74.13,
VAHH,2026-10-10,,,39.9,8.29,,,0.9246813441483198,,,44.2,11.602461819010713,36.9,,19.35,11.796060254924681,,,,,,0.7585513078470825,,,,0.0,,,,64.63,
VALENCIA,2026-10-10,,,121.0,111.0,,,15.552699228791774,2.652173913043478,,2.77,1.8458933107535986,2.56,,2.06,14.010282776349614,,,,,,0.35861578573121594,,,,0.0,,,,64.18,
VALINDIA,2026-10-10,,,23.4,10.6,,,2.620380739081747,0.41379310344827586,,6.48,3.106467099689354,9.23,,51.62,24.636058230683094,-85.5489448249098,,,,19.52257013082692,0.2143994339288873,,,,0.0,,,,60.0,
VALPLAST,2026-10-10,,,78.5,12.8,,,1.2422851717043837,,,22.4,8.079873049457815,24.7,,20.62,9.669251463839217,,,,,,0.7432432432432433,,,,2.5,,,,63.68,
VALUE360,2026-10-10,,,128.0,12.9,,,1.855072463768116,,,31.6,12.987012987012985,38.6,,27.0,14.492753623188406,-80.96457587675131,,,,10.60114886613992,0.5135135135135135,,,,0.0,,,,59.51,
VANDAN,2026-10-10,,,19.6,14.9,,,0.07538461538461538,0.4083769633507853,,4.1,0.8403361344537815,6.71,,2.0,0.38461538461538464,-67.77591832354155,,,,178.78155357897313,0.5208333333333334,,,,0.0,,,,66.42,
VANDU,2026-10-10,,,104.0,9.85,,,0.5977011494252874,1.3975903614457832,,15.3,7.4324324324324325,19.7,,11.0,6.321839080459771,,,,,,0.5,,,,0.86,,,,38.09,
VANTABIO,2026-10-10,,,14.5,132.0,,,7.967032967032967,0.6845637583892616,,0.7,0.16641452344931923,1.19,,56.04,6.043956043956044,,,-26.723185380533444,,-32.162847315307005,1.7987718469532354,,,,0.0,,,,72.81,
VARYAA,2026-10-10,,,12.6,24.3,,,0.3607214428857715,0.5238095238095238,,2.18,1.7567567567567568,5.07,,3.69,1.4886916690523906,-72.54502454002285,,,,88.32109277204643,0.179296066252588,,,,0.0,,,,71.98,
VASA,2026-10-10,,,2.13,,,,,-0.11872909698996656,,,-1.543739279588336,-1.93,,-157.62,,,,,,,-1.2591973244147159,,,,0.0,,,,61.69,
VASHISHTHA,2026-10-10,,,16.1,8.02,,,1.127450980392157,1.0637636080870918,,19.7,11.33032694475761,27.0,,16.95,14.07563025210084,,,,,,0.0,,,,0.0,,,,66.09,
VDEAL,2026-10-10,,,51.7,12.4,,,1.14608734205276,1.7405582922824303,,15.0,6.490872210953347,17.2,,16.98,9.221902017291066,-71.53900542852007,,-35.65942212947246,,22.76645309306766,0.687248322147651,,,,0.0,,,,67.0,
VEDANTASSET,2026-10-10,,,15.0,45.6,,,4.273504273504273,2.666666666666667,,5.27,4.1358936484490405,7.31,,4.84,7.9772079772079785,,,,,,0.0036697247706422025,,,,0.0,,,,73.16,
VEEFIN,2026-10-10,,,617.0,26.9,,0.47664730370715475,1.7884057971014493,1.0341880341880343,,4.38,3.1904287138584246,9.95,,22.0,9.27536231884058,56.435858948080764,,,,191.00270086752582,0.16946308724832215,,,,0.0,,,,34.73,
VEEKAYEM,2026-10-10,,,72.8,7.26,,,0.19945205479452055,0.9051094890510949,,12.4,3.436426116838488,,,8.0,2.73972602739726,,,,,,1.6296296296296295,,,,0.0,,,,73.61,
VEERKRUPA,2026-10-10,,,5.9,34.7,,,0.09934332379188417,0.4326923076923077,,1.25,0.7808911345888838,0.55,,0.24,0.28624347533254757,,,,,46.72985622902823,0.5825385179750551,,,,0.0,,,,26.77,
VELS,2026-10-10,,,94.2,,,,94.2,2.4414715719063547,,-44.5,-5.651105651105651,-9.8,,-1448.0,-2300.0,,,,,-74.45635225354823,3.5641025641025643,,,,0.0,,,,74.33,
VERA,2026-10-10,,,42.6,13.8,,0.5593973254535344,0.8658536585365854,1.6052141527001862,,12.5,11.615663047054952,17.6,,8.5,7.174796747967478,24.669406470278666,,13.656149397218043,,6.526313491745106,0.001132502831257078,,,,0.0,,,,68.66,
VERITAAS,2026-10-10,,,8.06,4.5,,,0.5464406779661017,0.5933609958506224,,14.1,6.6443949517446175,17.2,,23.12,12.135593220338983,-48.994809868098024,,-49.85682234509377,,23.926287408362825,0.6116005873715125,,,,0.0,,,,67.14,
VERTEXPLUS,2026-10-10,,,39.9,,,,1.76158940397351,2.056497175141243,,-21.4,-13.243707093821511,-12.8,,-14.79,-20.44150110375276,,,,,2.3264108093813185,0.63659793814433,,,,0.0,,,,73.0,
VGINFOTECH,2026-10-10,,,350.0,21.3,,0.1547300654078198,5.46875,,,48.0,13.675213675213676,34.3,,49.0,25.0,137.65909000206196,,,,15.073916532957599,0.8863636363636364,,,,0.71,,,,65.0,
VIAZ,2026-10-10,,,133.0,25.3,,,1.2314814814814814,2.065420560747664,,10.8,5.681818181818182,13.0,,9.0,4.62962962962963,,,,,,0.32786885245901637,,,,0.0,,,,72.19,
VICTORYEV,2026-10-10,,,30.7,14.3,,,0.9608763693270735,0.6564102564102564,,6.95,3.9391718578233785,10.5,,12.05,6.729264475743349,-38.733037804558364,,,,-14.673333454998206,0.039157267503724204,,,,0.0,,,,63.33,
VIESL,2026-10-10,,,872.0,28.1,,,1.9683972911963883,5.254491017964072,,33.1,6.538461538461539,19.6,,27.0,7.674943566591422,,,,,,1.690909090909091,,,,0.0,,,,68.3,
VIGOR,2026-10-10,,,76.4,11.6,,,1.6761737604212377,2.1146131805157595,,40.0,8.567648031756532,,,26.7,11.364633611232996,,,,,,0.18146611341632088,,,,0.0,,,,70.05,
VIJAYPD,2026-10-10,,,173.0,34.5,,,1.73,3.2862453531598517,,9.54,5.0,,,4.7,5.0,,,,,,0.6981132075471698,,,,0.0,,,,56.43,
VILAS,2026-10-10,,,926.0,24.0,,,2.0086767895878523,2.8208955223880596,,12.5,9.852216748768473,15.9,,11.0,8.676789587852495,-37.866626169503135,,-1.501686648117484,,17.662524814932446,0.11890243902439024,,,,0.0,,,,73.14,
VILINBIO,2026-10-10,,,79.3,41.1,,155.7682779944431,1.8764789398958825,2.7956989247311825,,7.51,5.523755008586148,10.8,,7.57,4.566966398485565,0.26385346573238877,,28.6767976087104,,50.854109870738974,0.007402185407120198,,,,0.0,,,,56.65,
VINSYS,2026-10-10,,,872.0,29.3,,2.786606424001359,3.253731343283582,5.381818181818182,,20.3,12.345679012345679,21.4,,16.0,11.194029850746269,10.514581373112385,,42.07389251121325,,41.29834104426682,0.32098765432098764,,,,0.0,,,,64.74,
VINYAS,2026-10-10,,,1859.0,60.9,,,3.6167315175097277,7.903743315508021,,12.9,6.623931623931624,,,12.0,6.031128404669261,,,,,,0.5550847457627118,,,,0.0,,,,29.4,
VISAMAN,2026-10-10,,,46.7,7.72,,,0.18755020080321286,0.5669099756690997,,11.0,3.571428571428571,11.4,,6.0,2.4096385542168677,,,,,,0.9634146341463414,,,,0.0,,,,56.56,
VISDEM,2026-10-10,,,94.5,12.2,,3.3465428853032844,0.9,1.970021413276231,,17.6,8.0,19.1,,16.0,7.6190476190476195,3.6455531628109883,,-21.689646328772373,,20.507113208761506,0.7291666666666666,,,,0.0,,,,72.28,
VISHNUINFR,2026-10-10,,,350.0,8.3,,,0.9615384615384616,1.495016611295681,,18.3,11.444141689373296,20.2,,16.0,11.538461538461538,-2.606142546256529,,11.371096207496478,,40.23050051910957,0.2777777777777778,,,,0.74,,,,59.06,
VISHWAS,2026-10-10,,,42.2,19.7,,,0.37345132743362836,0.813102119460501,,4.21,1.7699115044247788,7.15,,8.0,1.7699115044247788,-34.85352259384773,,-37.91521840275129,,21.500844911640282,0.9230769230769231,,,,0.0,,,,70.16,
VIVAA,2026-10-10,,,54.3,61.8,,7.1242661361403785,0.19052631578947368,2.4210526315789473,,3.98,1.0204081632653061,5.22,,0.5,0.3508771929824561,8.674577678463958,,,,28.60169336757188,0.18181818181818182,,,,0.0,,,,30.11,
VIVIDEL,2026-10-10,,,1575.0,49.8,,0.5191193617318622,7.875,,,54.9,16.41025641025641,58.9,,23.0,16.0,95.93169446398515,,17.027639347523895,,50.219390199821824,0.4520547945205479,,,,0.0,,,,73.53,
VIVO,2026-10-10,,,30.2,,,,9.292307692307691,2.6315789473684212,,-8.06,-7.060755336617405,-8.06,,-39.38,-26.46153846153846,,,,,-24.25965929802736,0.0,,,,0.0,,,,73.4,
VLINFRA,2026-10-10,,,38.1,4.52,,0.20651447543848983,0.254,0.75625,,18.3,7.547169811320755,22.4,,11.0,5.333333333333334,21.887085592439636,,12.08420925146676,,48.28975322639244,0.5490196078431373,,,,0.0,,,,65.7,
VMARCIND,2026-10-10,,,4693.0,40.3,,,2.6115748469671676,16.161616161616163,,41.2,9.658536585365853,41.3,,11.0,5.509181969949917,,,,,,0.740484429065744,,,,0.0,,,,64.87,
VMOBILE,2026-10-10,,,32.0,5.57,,,0.44500069531358644,,,76.3,19.120586275816123,69.7,,11.07,7.982199972187458,,,,,,0.6236766121270453,,,,0.0,,,,64.86,
VOLERCAR,2026-10-10,,,243.0,73.7,,,4.442413162705667,6.005509641873279,,8.69,7.127429805615551,11.8,,3.42,6.03290676416819,-82.61894678374084,,-45.70110619895268,,20.969610500341986,0.0,,,,0.0,,,,67.87,
VPAL,2026-10-10,,,395.0,32.7,,,2.801418439716312,,,59.4,35.294117647058826,65.9,,12.0,8.51063829787234,-61.486708698135594,,,,102.42154271643935,0.14814814814814814,,,,0.0,,,,69.55,
VPL,2026-10-10,,,23.5,13.3,,0.15103133597743623,0.5601907032181168,0.815450643776824,,6.72,3.902976846747519,9.06,,8.15,4.219308700834326,88.06119547262028,,,,185.11351005385382,0.38786828422876946,,,,0.0,,,,58.63,
VR,2026-10-10,,,85.2,21.7,,4.115569780861186,1.1491772322632856,2.119205298013245,,10.2,5.254267425320057,19.2,,15.19,7.971405449150256,5.272659960939663,,31.771995310421364,,60.17891571138647,0.7886097985575727,,,,0.0,,,,72.97,
VRUDDHI,2026-10-10,,,39.1,12.8,,,0.9093023255813953,3.3916849015317285,,30.5,14.821944177093357,30.7,,12.98,7.162790697674419,-53.12892347841316,,,,48.72967285425764,0.5481352992194276,,,,0.0,,,,72.05,
VSCL,2026-10-10,,,29.5,,,,0.6443861948449104,-5.664739884393064,,,-4.230074800103172,-1.32,,1.79,-3.582350371341197,,,,,1.5775467010486377,-7.1877828054298645,,,,0.0,,,,71.73,
VVIPIL,2026-10-10,,,335.0,11.2,,,0.9710144927536232,1.4612868047982552,,14.0,5.0588235294117645,18.8,,21.0,12.46376811594203,-62.280423817939834,,,,18.183705602955147,0.834061135371179,,,,0.0,,,,68.57,
WAA,2026-10-10,,,59.1,128.0,,,2.1281958948505584,0.320863309352518,,0.25,0.15776699029126215,3.24,,55.78,2.3406553835073822,-59.579899260015836,,-30.62879344462224,,-17.098297087678414,0.964740291393598,,,,0.0,,,,67.86,
WAAREE,2026-10-10,,,196.0,,,,27.489481065918653,-32.15547703180212,,,-23.49634626194491,-32.2,,-49.79,-58.62552594670406,,,,,-37.63885702474121,-3.4663382594417076,,,,0.0,,,,58.8,
WALPAR,2026-10-10,,,24.5,9.92,,0.16714881806320472,0.3110321188269646,1.2985074626865671,,13.9,4.54063871651279,14.8,,8.45,3.8085565570648723,59.34831077446749,,64.2504671912721,,30.87389547848709,0.8873015873015874,,,,0.0,,,,68.82,
WEBSL,2026-10-10,,,,,,,,,,5.97,5.569306930693069,7.3,,6.01,19.313304721030043,12.787776387601735,,85.56007362580844,,4.530232860064776,0.0,,,,,,,,21.91,
WHITEFORCE,2026-10-10,,,43.5,7.03,,,0.39908256880733944,1.0330578512396695,,22.7,9.836065573770492,18.6,,7.0,5.5045871559633035,-85.77721212952842,,,,27.16966955102107,0.16666666666666666,,,,0.0,,,,60.9,
WINNY,2026-10-10,,,7.76,,,,3.448888888888889,-18.08080808080808,,-231.0,-132.4267782426778,-98.2,,-210.67,-281.33333333333337,,,,,-42.39387199783202,-9.534883720930228,,,,0.0,,,,58.51,
WINSOL,2026-10-10,,,129.0,8.95,,,0.9416058394160584,2.0216606498194944,,25.5,8.860759493670885,24.5,,18.0,10.218978102189782,-83.1032970659216,,,,28.21408484434409,1.0625,,,,0.89,,,,73.73,
WOL3D,2026-10-10,,,87.1,13.7,,1.558025952508999,0.8915046059365404,2.027027027027027,,16.2,9.32606263982103,20.1,,9.0,6.827021494370522,8.79317830228561,,,,61.23182261002877,0.27939464493597205,,,,0.0,,,,64.73,
WOMANCART,2026-10-10,,,69.1,8.46,,,0.5195488721804511,0.6901639344262296,,8.27,5.0,12.8,,14.0,6.015037593984962,,,,,136.9284502156768,0.24,,,,0.0,,,,42.8,
WORKMATES,2026-10-10,,,501.0,31.5,,,3.4791666666666665,5.68081991215227,,28.6,14.814814814814813,36.6,,15.0,11.11111111111111,-81.21984144591265,,,,70.60358959716706,0.0,,,,0.52,,,,72.03,
WOSAL,2026-10-10,,,12.9,4.73,,,0.636094674556213,0.6948051948051948,,21.8,12.198391420911529,26.7,,22.14,13.461538461538462,-78.39200621026635,,,,25.950714676065555,0.11332973556395035,,,,0.0,,,,70.09,
WTICAB,2026-10-10,,,231.0,8.04,,,0.279322853688029,1.1465721040189125,,15.4,5.811623246492986,15.9,,11.0,3.506650544135429,-27.643169934182954,,15.473057839408488,,49.000765727338205,0.8118811881188119,,,,0.0,,,,69.25,
YAAP,2026-10-10,,,244.0,15.4,,,1.318918918918919,2.2393822393822393,,24.2,10.185185185185185,28.5,,15.0,11.891891891891893,-19.312555107581876,,,,40.291806828037146,0.29357798165137616,,,,0.0,,,,57.8,
YAASHVI,2026-10-10,,,144.0,7.9,,0.16563856961833845,0.32142857142857145,,,53.5,15.254237288135593,34.7,,7.0,4.017857142857143,47.694205632196926,,,,33.09900361782048,1.4772727272727273,,,,0.0,,,,66.01,
YAJUR,2026-10-10,,,84.0,11.2,,,0.8316831683168316,0.5153203342618384,,7.09,3.4482758620689653,9.12,,15.0,7.920792079207921,-38.63881022574066,,,,17.663897020663555,0.2822085889570552,,,,0.0,,,,69.82,
YASHHTEJ,2026-10-10,,,108.0,8.66,,,0.40148698884758366,0.9591836734693877,,18.9,5.579399141630901,15.3,,7.0,4.83271375464684,,,,,181.96184562795526,0.8495575221238938,,,,0.0,,,,64.99,
YASHHV,2026-10-10,,,3543.0,91.0,,,15.076595744680851,18.41614906832298,,23.5,14.015151515151514,28.6,,24.0,15.74468085106383,,,,,,0.20652173913043478,,,,0.12,,,,54.79,
YASHOPTICS,2026-10-10,,,305.0,33.7,,,5.649194295239859,3.059701492537313,,9.53,7.8436470792165025,12.8,,27.3,16.762363400629745,-92.3111904017137,,-67.8339746527866,,10.791797098674216,0.045545948119847184,,,,0.41,,,,73.19,
YCCL,2026-10-10,,,15.6,16.6,,,0.1611237347655443,0.3767441860465116,,2.29,1.383777417930222,5.26,,-0.61,0.9708737864077671,-41.27898262805112,,,,38.088384709537195,0.321944177093359,,,,0.0,,,,51.47,
YUDIZ,2026-10-10,,,21.4,32.9,,,0.9839080459770114,0.6106194690265486,,1.58,-0.4863066291272076,2.69,,-0.51,-0.8735632183908046,,,,,19.423406388561993,0.0005724098454493418,,,,0.0,,,,73.67,
YUG,2026-10-10,,,36.9,461.0,,,0.9626924080354814,2.1714285714285717,,0.56,0.21990104452996154,5.86,,5.37,0.20871380120010435,-58.508673331687824,,-6.508012385152984,,7.458383617614306,0.7874852420306965,,,,0.0,,,,61.42,
ZAPPFRESH,2026-10-10,,,122.0,8.41,,,0.5520361990950227,1.0557692307692308,,17.6,7.216494845360824,23.3,,14.0,6.334841628959276,,,,,,0.5517241379310345,,,,0.0,,,,28.16,
ZEAL,2026-10-10,,,93.0,8.34,,,0.32517482517482516,1.0072046109510087,,12.8,7.6923076923076925,16.7,,6.0,3.8461538461538463,-5.971141863670571,,-23.183109228396326,,36.683472433576725,0.21739130434782608,,,,2.15,,,,73.4,
ZELIO,2026-10-10,,,2369.0,83.8,,,7.641935483870967,21.252371916508537,,25.3,18.064516129032256,,,11.0,9.032258064516128,,,,,,0.18018018018018017,,,,0.0,,,,72.77,
ZENITHDRUG,2026-10-10,,,69.6,6.63,,,0.5312977099236641,1.1184573002754823,,26.3,7.4074074074074066,27.1,,13.0,7.633587786259542,,,,,,0.4032258064516129,,,,0.0,,,,69.98,
ZINEMA,2026-10-10,,,12.1,31.7,,,2.5854700854700856,0.821256038647343,,3.2,1.6615653694796677,4.41,,6.62,8.11965811965812,,,,,,0.508843537414966,,,,0.0,,,,20.87,
ZTECH,2026-10-10,,,684.0,34.0,,,7.276595744680851,3.865546218487395,,20.9,9.66183574879227,28.2,,30.0,21.27659574468085,,,,,44.74005053526513,0.011695906432748537,,,,0.0,,,,52.08,
