ticker,as_of,sector,industry,market_cap,pe,forward_pe,peg,ps,pb,pfcf,roe,roa,roi,gross_margin,oper_margin,net_margin,eps_growth,eps_growth_next_y,eps_growth_5y,eps_growth_past5y,sales_growth,debt_equity,lt_debt_equity,current_ratio,quick_ratio,dividend_yield,insider_own,inst_own,short_float,promoter_holding,pledged_pct
3BFILMS,2026-09-12,,,36.8,20.0,,1.0082614785857398,0.6132311281453091,0.6930232558139535,,4.16,1.0200121957979933,4.9,,18.46,3.066155640726546,19.83612428400363,,56.03727114243022,,-5.80386990253926,1.8890560361037982,,,,0.0,,,,69.97,
3CIT,2026-09-12,,,10.2,17.6,,,0.17444843509492047,0.7692307692307692,,4.46,1.5057113187954307,5.12,,2.14,0.9919616897554301,-68.82012355565426,,-74.322392483545,,-1.898118244496938,0.03162650602409638,,,,0.0,,,,51.67,
AAKAAR,2026-09-12,,,89.3,13.4,,,1.3336320191158901,1.6363636363636365,,17.1,8.36061445479728,18.5,,15.41,9.916367980884111,-46.54795294060173,,-38.65829874335803,,26.882628015267663,0.33968835930339136,,,,0.0,,,,67.05,
AAPLUSTRAD,2026-09-12,,,29.9,66.5,,2.558469197738943,3.686806411837238,0.6795580110497237,,1.03,0.9384775808133471,1.55,,-6.91,5.548705302096178,25.99210498948732,,14.869835499703509,,-20.792391680083476,0.03323469155474618,,,,0.0,,,,3.82,
AARADHYA,2026-09-12,,,200.0,33.0,,,1.3245033112582782,2.577132486388385,,20.6,4.545454545454546,16.9,,8.0,3.9735099337748347,0.0,,29.453875620531523,,22.076748010113477,0.5128205128205128,,,,0.0,,,,70.58,
AASHKA,2026-09-12,,,199.0,70.0,,,8.648413733159495,1.9274376417233559,,2.8,2.8832872928176796,4.05,,22.77,14.515428074750107,,,-8.907999870052418,,6.70355314534703,0.07979083954681901,,,,0.0,,,,61.34,
AATMAJ,2026-09-12,,,42.0,58.4,,,1.8641810918774966,0.8266666666666668,,1.43,0.9262883235485974,3.6,,10.65,3.1513537505548155,-56.04351636246919,,-60.064839619324275,,-1.7286718358146547,0.4137320480031478,,,,0.0,,,,64.33,
AAYUSHBULL,2026-09-12,,,1930.0,245.0,,3.002649746969954,8.935185185185185,31.738035264483624,,13.9,6.4,18.9,,5.0,3.7037037037037033,81.59459832011223,,,,155.1742221697941,0.0,,,,0.0,,,,24.63,
ABH,2026-09-12,,,71.7,12.5,,0.48534162727498065,1.3895348837209303,,,39.6,6.614284038935148,19.9,,28.76,10.930232558139535,25.755054373108322,,,,20.91268600628129,3.17358708189158,,,,0.0,,,,69.99,
ABHAPOWER,2026-09-12,,,44.5,18.1,,,0.7152041144326583,0.8362369337979094,,4.72,2.8751753155680224,7.01,,8.61,3.953712632594021,-64.32398812488603,,,,4.387274890957649,0.36829268292682926,,,,0.0,,,,72.52,
ABRFL,2026-09-12,,,20.0,8.52,,,0.17857142857142858,0.860310421286031,,14.8,5.263157894736842,14.2,,3.7,1.7857142857142856,-38.82717980284396,,,,50.28006039632105,0.6086956521739131,,,,0.0,,,,67.33,
ABRIL,2026-09-12,,,25.0,16.6,,,0.38426068244697204,1.0503355704697988,,8.89,5.877742946708464,12.3,,3.24,2.305564094681832,,,,,,0.025651808242220353,,,,0.0,,,,61.71,
ABSMARINE,2026-09-12,,,776.0,9.87,,,2.4326018808777428,2.4881889763779528,,29.0,10.91644204851752,20.7,,47.0,25.391849529780565,,,,,42.17478104394821,1.2083333333333333,,,,0.0,,,,63.96,
ACCELERATE,2026-09-12,,,43.8,67.3,,,6.329479768786126,10.854700854700855,,16.2,3.9133052378085496,,,21.53,9.39306358381503,,,,,,2.6184538653366585,,,,0.24,,,,71.02,
ACCENTMIC,2026-09-12,,,1741.0,39.7,,1.309526896554028,4.988538681948424,6.3130434782608695,,18.6,13.664596273291925,24.9,,16.0,12.607449856733524,30.316292169690517,,13.279160837620974,,21.000286957426017,0.0036231884057971015,,,,0.14,,,,53.02,
ACCORD,2026-09-12,,,73.0,54.9,,0.8508253105389186,1.9826181423139597,4.392523364485982,,9.36,6.884057971014493,9.24,,2.39,3.6121673003802286,64.52558394769187,,4.0528129052160855,,22.25582984669865,0.04774714189643577,,,,0.0,,,,31.99,
ACCORDTS,2026-09-12,,,139.0,31.0,,,1.9837305551591269,2.848739495798319,,12.8,5.378914654554149,14.5,,9.9,6.422149279292137,-60.22395267942785,,-41.216166549063516,,19.773745838263235,0.18068344587681603,,,,0.0,,,,61.97,
ACCPL,2026-09-12,,,239.0,24.7,,,2.666517906950798,4.369918699186992,,27.6,12.614140360031307,28.9,,16.68,10.78879839339507,,,,,,0.2251873514896728,,,,0.0,,,,73.52,
ACEALPHA,2026-09-12,,,234.0,15.7,,,9.75,3.3756345177664975,,29.3,20.54794520547945,39.6,,79.0,62.5,-86.23445947066983,,-35.89593338998527,,68.68653306034984,0.0,,,,0.0,,,,43.9,
ACETEC,2026-09-12,,,238.0,23.1,,,2.8674698795180724,3.403755868544601,,24.8,13.333333333333334,33.6,,17.0,12.048192771084338,-83.96232835002087,,,,16.866915815850405,0.0,,,,0.0,,,,64.39,
ACFSL,2026-09-12,,,58.9,12.1,,,,0.6637265711135611,,5.63,3.5211267605633805,9.02,,,,,,,,,,,,,0.0,,,,64.66,
ACLD,2026-09-12,,,319.0,15.0,,,0.8350785340314136,2.540453074433657,,18.7,8.366533864541832,18.8,,10.0,5.49738219895288,-86.00538013475321,,-78.38292009028164,,51.89574967146486,0.896,,,,0.0,,,,63.74,
ACML,2026-09-12,,,47.8,,,,0.523033154612102,2.5748031496062995,,-10.8,-5.885603757944184,-6.4,,-1.19,-2.330670751723383,,,,,-1.919033328250519,0.3189655172413793,,,,0.0,,,,58.99,
ACTIVEINFR,2026-09-12,,,260.0,25.5,,,2.6804123711340204,2.1571072319201994,,8.78,4.166666666666666,9.57,,17.0,10.309278350515463,-22.429378090822983,,,,2.91071032814445,0.6611570247933884,,,,0.29,,,,73.31,
ADCOUNTY,2026-09-12,,,204.0,9.58,,,2.1702127659574466,1.9073684210526314,,28.0,17.796610169491526,37.2,,28.0,22.340425531914892,,,,,,0.02830188679245283,,,,0.0,,,,65.52,
ADDICTIVE,2026-09-12,,,75.6,,,,0.9984152139461172,0.9615384615384616,,-0.61,-0.49024614441834335,-0.11,,16.36,-0.6339144215530903,,,,,31.197537587043,0.0,,,,0.0,,,,65.1,
ADESHWAR,2026-09-12,,,23.6,19.7,,,0.36442248301420627,0.7387387387387387,,,,,,5.2,1.2198888202594194,,,,,,,,,,0.0,,,,57.68,
ADHIRAJ,2026-09-12,,,,,,,,,,-1.09,-1.0695187165775402,-1.07,,-260.0,-60.0,,,,,-33.49713415717523,0.024405125076266018,,,,,,,,20.4,
ADISHAKTI,2026-09-12,,,8.72,,,,4.844444444444445,0.5596774193548387,,0.0,0.0,0.0,,-6.11,0.0,,,,,-21.632925543323456,0.030070377479206652,,,,0.0,,,,16.63,
ADISOFT,2026-09-12,,,385.0,16.8,,,2.319277108433735,,,37.7,14.935064935064934,38.0,,18.0,13.855421686746988,-85.3568633117289,,,,29.747251054643932,0.3055555555555556,,,,0.0,,,,73.6,
ADMACH,2026-09-12,,,322.0,32.1,,0.22075577318463915,4.666666666666667,4.5673076923076925,,21.6,10.989010989010989,25.0,,19.0,14.492753623188406,145.40956069652458,,,,74.43564929832081,-0.0,,,,0.0,,,,52.95,
ADON,2026-09-12,,,243.0,10.5,,4.921169331507904,0.75,,,91.7,19.65811965811966,84.0,,11.0,7.098765432098765,2.1336392415464145,,,,145.1173821929731,0.6153846153846154,,,,0.0,,,,65.44,
ADVANCETL,2026-09-12,,,58.0,14.0,,,1.1597680463907218,,,35.4,8.653026427962489,24.6,,15.54,8.118376324735053,-25.309920890713922,,-10.690539387698339,,9.789292782445314,1.2636961285609933,,,,0.0,,,,71.98,
AEGEUS,2026-09-12,,,121.0,30.0,,,2.956989247311828,,,30.0,10.213414634146341,31.6,,16.72,9.824046920821113,,,,,,0.7740259740259741,,,,0.0,,,,46.09,
AERON,2026-09-12,,,145.0,16.3,,,0.6531531531531531,1.3198757763975155,,8.41,4.245283018867925,9.77,,9.0,4.054054054054054,-50.49460804673149,,-23.56114172997653,,7.440160348978164,0.5272727272727272,,,,0.0,,,,73.63,
AESTHETIK,2026-09-12,,,118.0,16.5,,,1.0,2.345890410958904,,15.1,7.608695652173914,17.6,,10.0,5.932203389830509,-32.3802976567426,,,,43.41921420171222,0.5,,,,0.0,,,,69.57,
AFCOM,2026-09-12,,,4454.0,30.4,,0.526318181423664,6.959375,6.416666666666667,,36.0,15.72192513368984,33.5,,39.0,22.96875,57.7597374990344,,21.884658813879977,,62.919381568434176,0.8774617067833698,,,,0.0,,,,35.84,
AFLTD,2026-09-12,,,112.0,30.9,,6.006081464200212,2.8710587028966934,,,22.0,9.90450204638472,25.2,,14.12,9.305306331709819,5.144785362000537,,,,54.44007246745637,0.6973827699018539,,,,0.0,,,,68.57,
AGARWALFT,2026-09-12,,,19.3,13.2,,,0.2966492468490624,0.967391304347826,,7.64,3.472714386959603,10.1,,5.73,2.2594528127881954,-16.122425172519648,,10.360807763812808,,10.522926910134323,0.8203203203203203,,,,0.0,,,,57.55,
AGARWALTUF,2026-09-12,,,290.0,13.4,,0.1641894609957126,3.0526315789473686,2.2900763358778624,,20.6,14.864864864864865,23.0,,30.0,23.157894736842106,81.61303361821687,,,,33.420082436097246,0.21551724137931033,,,,0.0,,,,60.39,
AGNI,2026-09-12,,,32.1,23.1,,,0.8313908313908315,0.9939393939393939,,4.36,1.5478164731896074,8.97,,10.02,2.1756021756021755,,,23.445550092271294,,20.58524284242822,0.5097493036211699,,,,0.0,,,,70.57,
AGUL,2026-09-12,,,25.1,314.0,,,0.34158954817637455,1.159493670886076,,0.4,0.15000937558597413,5.13,,1.8,0.10887316276537833,-62.65496044535696,,-52.3713833983416,,7.390269707827657,0.8758652514997692,,,,0.0,,,,70.64,
AHASOLAR,2026-09-12,,,21.9,104.0,,,0.23812112645427855,1.4609053497942386,,1.41,1.0248901903367496,2.87,,0.67,0.22833532673697943,,,,,,0.06012024048096192,,,,0.0,,,,36.95,
AHIMSA,2026-09-12,,,14.1,,,,282.0,1.7432432432432432,,-6.0,-5.841121495327103,-5.87,,-920.0,-1000.0,,,,,-86.48176997595083,0.0,,,,0.0,,,,51.03,
AIKPIPES,2026-09-12,,,20.1,223.0,,,2.1269841269841274,0.875,,0.39,0.26833631484794274,2.94,,9.84,0.9523809523809524,-78.63225405002915,,-53.58664786656726,,-32.318140517045244,0.3368237347294939,,,,0.0,,,,73.5,
AILIMITED,2026-09-12,,,25.5,31.8,,5.162061389734897,0.9029745042492918,2.180043383947939,,7.5,3.297609233305853,10.8,,7.97,2.8328611898017,6.160329682098786,,34.89526596076231,,7.788571262361321,0.9430379746835443,,,,0.0,,,,52.35,
AIMTRON,2026-09-12,,,3772.0,82.0,,,12.53156146179402,15.552631578947368,,23.6,10.952380952380953,28.2,,20.0,15.282392026578073,,,,,,0.23404255319148937,,,,0.0,,,,68.63,
AIRFLOA,2026-09-12,,,1300.0,33.2,,,4.0625,5.440881763527054,,22.4,9.67741935483871,25.6,,20.0,12.1875,,,,,,0.28451882845188287,,,,0.0,,,,54.2,
AISL,2026-09-12,,,63.9,17.6,,,0.249609375,0.7647058823529411,,7.0,2.9629629629629632,7.77,,2.1,1.5625,-18.857712100742674,,-10.224018389519108,,10.839367461184812,0.21428571428571427,,,,0.0,,,,74.98,
AJCJEWEL,2026-09-12,,,164.0,20.9,,,0.563573883161512,4.53781512605042,,21.7,9.523809523809524,,,4.8,2.7491408934707904,,,,,,1.2222222222222223,,,,0.0,,,,56.33,
AKANKSHA,2026-09-12,,,260.0,44.8,,,2.8378083387906567,3.633879781420765,,8.41,4.141299730992496,11.0,,12.43,6.385068762278978,-42.469169857783804,,,,25.73644960626691,0.6009206304923979,,,,0.0,,,,57.51,
AKIKO,2026-09-12,,,466.0,24.1,,,2.2085308056872037,7.7558348294434465,,29.4,20.37037037037037,37.1,,15.0,10.42654028436019,,,,,,0.25,,,,0.0,,,,67.29,
ALCODIS,2026-09-12,,,69.7,7.77,,,0.5125000000000001,,,,,,,15.0,6.61764705882353,,,,,,,,,,0.0,,,,74.93,
ALKOSIGN,2026-09-12,,,69.6,55.2,,,2.6067415730337076,2.4618320610687023,,4.12,-10.584834334000444,4.71,,13.93,-17.827715355805243,,,,,,0.4677533664068037,,,,0.0,,,,45.92,
ALLETEC,2026-09-12,,,267.0,10.5,,1.3958134293977391,1.8936170212765957,1.5789473684210527,,17.0,11.428571428571429,22.1,,16.0,17.02127659574468,7.522495326994028,,16.69786712575285,,6.721939146133016,0.005917159763313609,,,,1.14,,,,50.1,
ALPEXSOLAR,2026-09-12,,,2386.0,11.9,,0.12765551561126287,1.0170502983802217,4.245454545454545,,52.0,14.450867052023122,43.5,,14.0,8.525149190110827,93.21963052687776,,,,78.42648448107772,0.9555160142348754,,,,0.0,,,,65.9,
ALPHAIND,2026-09-12,,,142.0,26.3,,,3.1499556344276844,4.94661921708185,,21.3,15.183098591549296,28.6,,12.71,11.956521739130435,-47.47239464193611,,5.749698085425403,,35.77612133348151,0.04051694027244149,,,,0.0,,,,73.81,
ALUWIND,2026-09-12,,,119.0,11.3,,,0.8561151079136691,1.6950354609929077,,16.1,6.25,17.6,,12.0,7.194244604316546,,,,,,0.5857142857142857,,,,0.0,,,,72.15,
AMANAYA,2026-09-12,,,5.23,24.9,,0.6438724631812052,0.06171091445427729,0.9459459459459459,,3.87,3.7300177619893424,5.54,,0.35,0.24778761061946902,38.672254870126956,,41.13593522139962,,96.97119523267088,0.0,,,,0.0,,,,48.31,
AMBAAUTO,2026-09-12,,,189.0,13.4,,1.9717110745373196,0.7026022304832714,,,63.8,13.333333333333334,32.5,,10.0,5.204460966542751,6.796127573176225,,,,33.523573078303336,2.1379310344827585,,,,0.0,,,,,
AMBANIORGO,2026-09-12,,,99.8,75.0,,,0.4090163934426229,1.5912208504801095,,2.49,0.4484304932735426,10.5,,7.0,0.4098360655737705,-17.332873107027392,,-12.279542458629233,,22.726579924315104,1.2857142857142858,,,,0.0,,,,52.59,
AMBOAGRI,2026-09-12,,,19.8,36.8,,,0.1523076923076923,0.36496350364963503,,1.12,1.0752688172043012,5.17,,2.9,0.7692307692307693,,,,,,0.46296296296296297,,,,0.0,,,,49.9,
AMCL,2026-09-12,,,437.0,20.4,,0.47188172063841055,1.9422222222222223,4.44043321299639,,32.4,11.475409836065573,29.6,,14.0,9.333333333333334,43.23117236327943,,,,38.87830607195606,0.47474747474747475,,,,0.0,,,,71.65,
AMEENJI,2026-09-12,,,248.0,39.1,,,2.016260162601626,4.536082474226804,,16.5,4.137931034482759,19.6,,16.0,4.878048780487805,,,,,,0.5555555555555556,,,,0.0,,,,67.71,
AMEYA,2026-09-12,,,90.8,16.7,,0.37541583297024206,2.262646399202591,2.75,,18.0,13.898557931377425,24.9,,18.99,13.929728382756041,44.484005556909345,,-44.100911756203956,,12.122790404905203,0.0054528930627082695,,,,0.0,,,,72.45,
AMIABLE,2026-09-12,,,12.9,13.5,,,0.6782334384858044,1.2982456140350878,,10.1,6.2745098039215685,12.8,,2.1,5.047318611987381,-3.8694803908576936,,-16.955378724688984,,-13.571046063064419,0.27683049147442323,,,,0.0,,,,70.16,
AMIC,2026-09-12,,,2722.0,96.3,,,19.169014084507044,11.904040404040405,,16.8,10.9375,23.5,,30.0,19.718309859154928,-38.400761742780944,,27.258238128831792,,6.973642765099219,0.028169014084507043,,,,0.0,,,,57.96,
AMKAY,2026-09-12,,,42.9,18.6,,,1.020699500356888,1.6262295081967213,,9.16,6.934854398078655,12.8,,9.16,5.496074232690935,-83.16477417994432,,-69.6666896835175,,14.690142578886878,0.1489764973464746,,,,0.0,,,,73.44,
AMRAFIN,2026-09-12,,,36.8,47.2,,4.893350679901378,1.888147768086198,0.24464285714285713,,0.52,0.519653564290473,0.41,,-3.95,4.0020523345305286,9.645742373189425,,6.668390127527379,,-44.80535075994329,0.0,,,,0.0,,,,74.77,
AMWILL,2026-09-12,,,86.0,7.53,,,2.0,1.066997518610422,,15.3,12.643678160919542,20.5,,30.0,25.581395348837212,-82.33968173938094,,,,15.37281116524374,0.0,,,,1.16,,,,70.65,
ANAWIL,2026-09-12,,,1156.0,31.5,,0.6146546489875899,8.083916083916083,,,56.6,12.67123287671233,32.3,,43.0,25.874125874125873,51.248290486184864,,,,76.51741676630314,1.4222222222222223,,,,0.0,,,,65.26,
ANGEL,2026-09-12,,,26.2,20.5,,,0.12358490566037736,0.8974358974358975,,4.48,1.25,10.4,,3.7,0.4716981132075472,,,-28.711729034861357,,20.554519631121515,1.1724137931034482,,,,0.0,,,,73.91,
ANL,2026-09-12,,,195.0,38.6,,,5.805299196189342,5.510204081632653,,25.0,12.134992819530876,27.7,,20.51,15.093777910092287,-3.460254925367723,,,,126.5186964360685,0.11925570904990133,,,,0.0,,,,73.48,
ANLON,2026-09-12,,,519.0,37.4,,0.9127376721455029,4.89622641509434,5.9655172413793105,,21.1,12.844036697247708,27.1,,20.0,13.20754716981132,40.9756287500292,,-50.41102671876676,,47.54708770863027,0.16666666666666666,,,,0.0,,,,51.69,
ANONDITA,2026-09-12,,,2151.0,64.3,,,15.700729927007298,16.61764705882353,,40.0,18.37837837837838,43.6,,37.0,24.817518248175183,,,,,,0.26356589147286824,,,,0.0,,,,62.4,
ANUBHAV,2026-09-12,,,50.6,7.29,,,0.46422018348623856,,,44.4,12.5,28.0,,13.0,6.422018348623854,-22.982625764473184,,,,7.804216719503643,2.0625,,,,0.0,,,,72.73,
ANYA,2026-09-12,,,180.0,21.4,,,1.0112359550561798,1.865671641791045,,9.08,4.326923076923077,10.2,,9.0,5.056179775280898,-21.910333438092,,,,15.341962818541921,0.8541666666666666,,,,0.0,,,,65.4,
APEXECO,2026-09-12,,,359.0,21.1,,,2.4093959731543624,5.666666666666667,,31.1,19.101123595505616,41.4,,15.0,11.409395973154362,-30.544110469378115,,,,62.07128470212071,0.015873015873015872,,,,0.0,,,,69.29,
APL,2026-09-12,,,119.0,30.8,,,4.672163329407146,2.3903508771929824,,15.5,7.492739593417232,16.8,,-2.24,15.19434628975265,-33.01742477446206,,,,57.33200076414773,0.131497683993824,,,,0.0,,,,50.66,
APPL,2026-09-12,,,583.0,126.0,,30.246371278109283,12.52147766323024,25.0,,30.5,10.610932475884246,30.0,,16.0,9.922680412371134,4.165788974864304,,,,49.62335561115392,0.3074946466809422,,,,0.0,,,,72.89,
APRAMEYA,2026-09-12,,,221.0,43.3,,,4.008706693270452,3.186813186813187,,7.63,6.235565819861432,12.8,,19.1,9.30527843279521,,,,,,0.10288184438040344,,,,0.0,,,,74.05,
APS,2026-09-12,,,482.0,8.34,,,0.6807909604519774,2.936117936117936,,45.9,14.987080103359174,56.5,,13.0,8.192090395480225,,,,,,0.27439024390243905,,,,0.04,,,,72.62,
APSISAERO,2026-09-12,,,738.0,97.9,,,24.07830342577488,15.073891625615763,,25.5,11.886672997784109,32.0,,37.52,24.502446982055464,-16.050156313436393,,,,43.510575981245395,0.09202453987730061,,,,0.0,,,,73.02,
ARABIAN,2026-09-12,,,85.1,7.58,,,0.20605326876513316,1.2279874213836477,,17.6,6.395348837209303,18.4,,4.2,2.663438256658596,,,,,,0.6956521739130435,,,,0.0,,,,73.45,
ARCIIL,2026-09-12,,,37.1,19.9,,,1.7776712985146144,0.6164383561643836,,4.36,2.736098852603707,6.5,,15.0,8.912314326784859,-51.02678163861587,,14.245505931686564,,-4.524687155941509,0.0003322811098189068,,,,0.0,,,,64.51,
ARHAM,2026-09-12,,,467.0,38.2,,,3.9243697478991595,4.734513274336283,,18.8,7.361963190184049,19.8,,16.0,10.084033613445378,,,,,,0.26262626262626265,,,,0.0,,,,56.16,
ARIHANTACA,2026-09-12,,,303.0,32.9,,,4.4862303819958536,9.025270758122744,,31.1,16.24542443785951,42.5,,21.69,13.799230085875037,-80.4127499578219,,-48.524035081155546,,64.3654806539273,0.0,,,,0.4,,,,64.74,
ARISTO,2026-09-12,,,73.5,10.2,,0.3870611152639225,0.20192307692307693,1.6513761467889907,,17.6,4.516129032258064,19.5,,4.4,1.9230769230769231,26.35242755667926,,37.328204434499376,,18.63558150643685,0.7777777777777778,,,,0.46,,,,73.42,
ARITAS,2026-09-12,,,25.5,5.38,,,0.2524752475247525,0.4659498207885305,,12.6,4.504504504504505,11.6,,9.0,4.9504950495049505,-15.256326593767655,,,,25.579013155353557,0.5636363636363636,,,,0.0,,,,27.99,
ARMOUR,2026-09-12,,,29.4,5.54,,,0.6244689889549703,0.6281588447653429,,16.3,10.34684333593141,22.8,,17.37,11.278674596431605,,,,,17.732638991947415,0.022664100919392777,,,,0.0,,,,70.12,
ARROWHEAD,2026-09-12,,,13.9,107.0,,,0.5970790378006873,0.8301675977653631,,0.78,0.5908932916232187,3.4,,3.31,0.7302405498281787,-51.07395341346746,,,,2.734657447250055,0.32298507462686565,,,,0.0,,,,35.09,
ARTEMISADR,2026-09-12,,,60.9,,,,160.26315789473685,1.7739130434782608,,-1.93,-2.1440823327615783,-2.24,,-178.95,-197.36842105263156,,,,,-52.91375359383399,0.008127721335268505,,,,0.0,,,,35.31,
ARUNAYA,2026-09-12,,,24.9,6.1,,,0.4029126213592233,,,44.1,9.054593874833555,32.5,,11.29,6.601941747572816,,,,,,1.1801242236024845,,,,0.0,,,,60.79,
ARVINDPORT,2026-09-12,,,64.9,54.6,,,5.0427350427350435,0.7933194154488518,,1.47,1.4152394626192184,2.64,,67.06,10.722610722610723,,,,,,0.0473568281938326,,,,0.0,,,,54.2,
ASARFI,2026-09-12,,,378.0,21.2,,0.33965680774981305,2.0543478260869565,3.7065637065637067,,18.6,9.32642487046632,18.6,,20.0,9.782608695652174,62.41594314110039,,,,31.45514888223815,0.5918367346938775,,,,0.0,,,,61.17,
ASCENSIVE,2026-09-12,,,72.1,20.5,,0.6146342007380994,1.2284886692792638,3.78494623655914,,20.3,9.57058658433904,24.5,,10.29,5.810189129323565,33.35317165133675,,34.29656306321513,,53.33333075299043,0.4096893101632438,,,,0.0,,,,52.24,
ASCOM,2026-09-12,,,247.0,47.0,,26.396209421211804,,4.48936170212766,,10.0,8.761936672809517,13.2,,,,1.7805586874239276,,1.7471633371324513,,,,,,,0.0,,,,74.85,
ASHALOG,2026-09-12,,,81.3,9.07,,,0.25485893416927896,0.5825242718446602,,6.65,3.557312252964427,9.61,,9.0,2.8213166144200628,,,,,12.844198496255888,0.5642857142857143,,,,0.0,,,,68.03,
ASHWINI,2026-09-12,,,261.0,17.0,,,2.776595744680851,,,72.0,10.891089108910892,24.1,,27.0,11.702127659574469,-31.22652942600681,,,,17.46269297383025,3.0,,,,0.0,,,,66.67,
ASPIRE,2026-09-12,,,19.9,7.83,,,0.1130681818181818,0.37971014492753624,,5.0,3.1578947368421053,7.11,,1.1,1.7045454545454544,-67.17662574103882,,-76.34132755291473,,-20.173787658127786,0.34615384615384615,,,,0.0,,,,72.35,
ASSOCIATED,2026-09-12,,,15.0,13.0,,,1.8159806295399517,1.920415224913495,,15.8,11.036468330134356,20.3,,19.73,13.922518159806293,-64.0610536386327,,,,32.016596753758094,0.01278772378516624,,,,0.0,,,,68.79,
ASTONEALAB,2026-09-12,,,304.0,67.2,,,2.054054054054054,5.3125,,12.0,3.4246575342465753,10.5,,9.0,3.3783783783783785,,,,,,0.7413793103448276,,,,0.0,,,,72.3,
ASTRONMULT,2026-09-12,,,14.0,4.05,,,0.2892561983471075,0.5174603174603175,,18.4,9.41593886462882,21.6,,10.76,7.1280991735537205,-5.019852464593488,,,,35.41845071355192,0.09043927648578813,,,,0.0,,,,66.05,
ATCENERGY,2026-09-12,,,45.3,,,,1.4736499674690957,0.5162790697674419,,-1.67,-1.323910904374273,0.63,,6.86,-4.814573845152895,,,,,-2.4747393511461158,0.22311029915505823,,,,0.0,,,,72.06,
ATENPAPERS,2026-09-12,,,21.4,2.9,,0.22714338745743143,0.11443850267379678,0.43153526970954353,,23.2,9.45945945945946,24.7,,6.0,3.7433155080213902,12.767265789515815,,,,27.135471513928657,0.1836734693877551,,,,0.0,,,,67.96,
ATHARVA,2026-09-12,,,188.0,29.1,,0.4231344555322723,3.456517742232028,,,39.6,14.77843764275925,38.2,,17.94,11.895569038426181,68.7724661027529,,,,6.28540186203792,0.49846782431052095,,,,0.0,,,,100.0,
ATHCON,2026-09-12,,,3.01,,,,,0.514102564102564,,-10.8,-3.9528023598820066,-3.9,,37.33,,,,,,,0.5521367521367522,,,,0.0,,,,37.92,
ATIL,2026-09-12,,,123.0,11.2,,0.3809661862995817,1.1181818181818182,1.5734265734265733,,21.3,9.482758620689655,19.3,,13.0,10.0,29.398934610938454,,,,15.173720500186395,0.3037974683544304,,,,0.0,,,,73.05,
ATMASTCO,2026-09-12,,,341.0,13.4,,,1.1638225255972696,2.195945945945946,,18.2,4.502369668246446,20.4,,16.0,6.484641638225256,-3.7294817335862596,,79.77999900609032,,6.58205382415995,0.7074829931972789,,,,0.0,,,,66.14,
AUREATE,2026-09-12,,,48.2,9.17,,,0.32133333333333336,,,33.8,6.329113924050633,20.5,,6.0,3.3333333333333335,-73.82491461221204,,,,-10.467304922675458,1.8888888888888888,,,,0.0,,,,64.63,
AUROIMPEX,2026-09-12,,,34.0,8.17,,,0.136,0.6603325415676959,,8.44,3.669724770642202,9.75,,3.6,1.6,-19.182151062640994,,,,2.522064078923192,0.8431372549019608,,,,0.0,,,,71.62,
AUSL,2026-09-12,,,58.0,14.4,,,0.14285714285714285,0.5625,,3.96,2.072538860103627,7.36,,2.7,0.9852216748768473,-10.766747611149563,,-15.45328280174002,,-8.50092127301194,0.7669902912621359,,,,0.0,,,,68.76,
AUSTERE,2026-09-12,,,42.4,8.42,,,1.902198295199641,1.2125748502994012,,19.7,12.743362831858407,26.5,,28.22,22.611036339165548,-86.14875427534058,,,,13.215603066553317,0.0,,,,2.47,,,,66.98,
AVANA,2026-09-12,,,326.0,27.8,,,3.880952380952381,5.517241379310344,,28.9,14.117647058823529,38.1,,19.0,14.285714285714285,-23.54331900356965,,8.785288677456847,,44.22495703074083,0.01694915254237288,,,,0.0,,,,73.64,
AVATAR,2026-09-12,,,253.0,682.0,,,2.4563106796116503,7.117647058823529,,1.05,0.0,1.36,,-0.2,0.0,,,,,,0.0,,,,0.0,,,,66.32,
AVAX,2026-09-12,,,26.3,,,,,,,,,,,,,,,,,,,,,,0.0,,,,51.98,
AVIANSH,2026-09-12,,,143.0,113.0,,,1.0141843971631206,3.258785942492013,,2.95,1.1235955056179776,5.11,,4.7,0.7092198581560284,-32.017508170328256,,-33.11948189673508,,5.231214027537567,0.8409090909090909,,,,0.0,,,,66.99,
AVIENCE,2026-09-12,,,211.0,24.2,,,4.018282231955818,,,32.4,11.226584552219657,26.6,,28.45,16.663492668063228,,,,,,0.9213626233683541,,,,0.0,,,,64.59,
AVPINFRA,2026-09-12,,,147.0,3.49,,,0.3333333333333333,0.8235294117647057,,27.7,8.21917808219178,22.4,,19.0,9.523809523809524,-11.104022556041414,,,,56.52375198699717,1.3146067415730338,,,,0.0,,,,62.41,
AVSL,2026-09-12,,,63.8,28.4,,,0.6254901960784314,4.49438202247191,,17.2,3.9215686274509802,17.4,,3.3,1.9607843137254901,,,,,,0.9285714285714286,,,,0.0,,,,71.99,
AZTEC,2026-09-12,,,131.0,17.8,,,1.3570910597741634,2.269503546099291,,13.6,6.89879899450703,17.0,,13.66,7.676370040401947,,,,,,0.29010950808273944,,,,0.52,,,,74.76,
BABAFP,2026-09-12,,,36.0,,,,0.17560975609756097,0.5804749340369393,,-2.29,-0.6756756756756757,1.31,,1.6,-0.4878048780487805,,,,,2.9276373601392125,1.1774193548387097,,,,0.0,,,,73.5,
BAGDIGITAL,2026-09-12,,,219.0,20.3,,,5.093023255813954,2.837465564738292,,21.7,10.784313725490197,33.0,,42.0,25.581395348837212,-89.90681347783416,,,,19.814528297901845,0.0,,,,0.0,,,,65.94,
BAHETI,2026-09-12,,,858.0,31.7,,0.4402804893828926,1.183448275862069,9.15273132664437,,35.4,7.180851063829788,21.7,,8.0,3.724137931034482,71.9995565654782,,82.48112885520055,,26.5178083174896,2.4623655913978495,,,,0.0,,,,74.13,
BAIKAKAJI,2026-09-12,,,640.0,28.3,,,1.7582417582417582,3.64190012180268,,19.7,9.608540925266903,20.0,,13.0,7.417582417582418,,,,,,0.37714285714285717,,,,0.0,,,,74.07,
BALAJIPHOS,2026-09-12,,,276.0,27.0,,,1.6235294117647059,3.0446194225721785,,12.0,6.134969325153374,15.2,,11.0,5.88235294117647,-14.293074295460517,,13.628826014927142,,5.445238400967645,0.46153846153846156,,,,0.0,,,,69.9,
BALCO,2026-09-12,,,8.71,19.8,,,0.19109258446687147,0.8403361344537815,,4.31,1.4940577249575553,7.89,,4.52,0.9653356735410268,-36.529084968644,,,,-8.091838194005396,1.0873320537428024,,,,0.0,,,,63.35,
BARFLEX,2026-09-12,,,144.0,50.4,,,1.2100840336134453,1.4987080103359172,,3.05,2.941176470588235,5.82,,5.0,3.361344537815126,,,,,,0.20833333333333334,,,,0.0,,,,67.22,
BASILIC,2026-09-12,,,483.0,10.0,,2.300902955459414,1.158273381294964,1.446969696969697,,19.0,8.379888268156424,22.3,,19.0,10.79136690647482,4.346119846677032,,14.69059056717792,,59.37967739526453,0.31736526946107785,,,,0.0,,,,55.32,
BAWEJA,2026-09-12,,,44.5,7.34,,,0.6454888308674209,0.40536013400335,,5.66,3.253341923014978,7.93,,16.81,8.790252393385552,,,,,,0.3489914592040705,,,,0.0,,,,70.69,
BCCL,2026-09-12,,,40.8,9.76,,1.0024970290359707,0.26322580645161286,0.38482384823848237,,4.51,2.6490066225165565,8.01,,5.0,2.5806451612903225,9.735689700133566,,,,12.110512440831279,0.019230769230769232,,,,0.0,,,,39.66,
BDI,2026-09-12,,,156.0,16.4,,,1.5445544554455446,2.1782178217821784,,20.6,8.695652173913043,23.1,,17.0,9.900990099009901,-83.46987014431377,,,,22.457736610029897,0.25,,,,0.0,,,,70.44,
BEACON,2026-09-12,,,148.0,21.2,,,4.214123006833713,2.8566433566433567,,14.5,10.868878357030017,19.8,,35.45,19.58997722095672,-32.85314028744568,,,,31.146075261493245,0.0,,,,0.0,,,,46.15,
BEEZAASAN,2026-09-12,,,850.0,64.1,,2.1310586702819796,4.009433962264151,5.446601941747573,,10.5,6.403940886699508,12.2,,10.0,6.132075471698113,30.078946625865697,,,,-2.39613745482099,0.23870967741935484,,,,0.0,,,,75.0,
BENARA,2026-09-12,,,17.6,,,,5.866666666666667,-0.6801369863013699,,,-37.2093023255814,-36.7,,-469.0,-533.3333333333333,,,,,-46.867071540869446,-2.423076923076923,,,,0.0,,,,69.91,
BENCHMARK,2026-09-12,,,32.2,9.5,,,0.4878048780487805,1.0563063063063063,,11.8,7.3028866867729425,14.5,,8.18,5.135585517345857,,,,,27.363882694720807,0.09517558254020347,,,,0.0,,,,72.26,
BEWLTD,2026-09-12,,,63.8,16.9,,,0.34301075268817205,0.45185185185185184,,2.71,1.486988847583643,4.43,,5.0,2.1505376344086025,-25.924246014032427,,-1.3293764665858854,,20.61528841335445,0.44680851063829785,,,,0.0,,,,46.11,
BHADORA,2026-09-12,,,229.0,23.0,,0.3288285013978959,1.832,2.7891156462585034,,19.3,8.695652173913043,23.6,,13.0,8.0,69.94527512738034,,,,90.78570709222198,0.21951219512195122,,,,0.0,,,,65.59,
BHANDERI,2026-09-12,,,32.5,162.0,,,8.290816326530612,1.2254901960784315,,0.76,0.3950037365218319,0.92,,17.6,9.438775510204081,-29.844462872089007,,-5.834573630852635,,-14.537523315112576,1.9868371568258743,,,,0.0,,,,56.98,
BHARATROHAN,2026-09-12,,,241.0,23.0,,,2.835294117647059,2.7562642369020502,,16.8,10.204081632653061,21.1,,17.0,11.76470588235294,,,,,,0.045454545454545456,,,,0.0,,,,40.27,
BHAVIK,2026-09-12,,,293.0,21.6,,,0.46656050955414013,1.769041769041769,,10.3,5.982905982905983,14.3,,2.7,2.229299363057325,-38.83160572046583,,-22.122813287250075,,3.832248980899622,0.0,,,,0.0,,,,72.98,
BIKEWO,2026-09-12,,,136.0,30.2,,,2.495870801982015,3.25,,11.2,8.851298190401257,11.0,,10.31,8.258396035969902,,,,,,0.14733317388184644,,,,0.0,,,,53.2,
BILLWIN,2026-09-12,,,8.15,17.3,,,1.0086633663366338,0.5587392550143266,,3.27,2.528240989779451,5.37,,10.77,5.816831683168316,-13.324466145863333,,51.571656651039824,,18.79224980611771,0.10547945205479453,,,,0.0,,,,40.57,
BINDALEXPO,2026-09-12,,,12.8,45.7,,,0.5696484201157099,1.3830845771144278,,3.08,2.356902356902357,3.85,,2.27,1.2461059190031154,-12.482249246774346,,5.806999970214632,,-17.937407549094043,0.0,,,,0.0,,,,72.87,
BIOPOL,2026-09-12,,,51.5,5.75,,,0.6347054473749075,1.0324675324675325,,28.2,12.856528593951557,34.1,,16.58,11.05496672418043,,,,,,0.16943721209693574,,,,0.0,,,,65.81,
BIRDYS,2026-09-12,,,60.7,,,,6.07,2.772727272727273,,-27.4,-44.0,-28.5,,-62.0,-110.00000000000001,,,,,-12.64195352637011,0.15789473684210525,,,,0.0,,,,26.87,
BIZOTIC,2026-09-12,,,611.0,34.1,,0.5788954002493224,2.4342629482071714,5.096153846153846,,20.5,8.411214953271028,26.8,,10.0,7.171314741035857,58.905287527442084,,-37.62576630824784,,56.88693851323128,0.06896551724137931,,,,0.0,,,,74.98,
BLT,2026-09-12,,,12.8,3.35,,,0.22767698327997155,0.6146788990825688,,25.9,10.693400167084379,22.8,,17.16,6.830309498399147,,,,,,0.48421052631578937,,,,0.0,,,,73.61,
BLUEPEBBLE,2026-09-12,,,32.2,65.8,,,1.4879852125693163,1.158357771260997,,1.77,1.5142150803461063,2.28,,4.57,2.2643253234750462,,,,,,0.04457225017972682,,,,0.63,,,,73.53,
BLUEWATER,2026-09-12,,,503.0,14.1,,4.774094618788587,0.9212454212454212,6.21438263229308,,49.8,15.254237288135593,31.4,,11.0,6.593406593406594,2.95343957878611,,,,57.78266269553514,1.3333333333333333,,,,0.0,,,,69.55,
BMAL,2026-09-12,,,12.0,44.6,,,0.43731778425655976,0.6749740394600207,,1.53,0.7624964699237504,3.11,,3.86,0.9839650145772596,,,,,,0.6500280426247897,,,,0.0,,,,73.59,
BMETRICS,2026-09-12,,,42.4,25.6,,,0.457735075029688,1.9770114942528736,,8.18,3.2396565183450425,10.8,,3.76,1.7920760012954766,,,,,,0.5159027128157155,,,,0.58,,,,70.13,
BMLL,2026-09-12,,,199.0,16.6,,,4.627906976744186,,,45.2,16.43835616438356,,,46.0,27.906976744186046,,,,,,1.5384615384615385,,,,0.0,,,,67.7,
BONDADA,2026-09-12,,,3145.0,14.4,,0.2124819838357481,1.0564326503191133,4.533762057877813,,35.7,10.926016658500735,39.4,,11.0,7.490762512596574,67.77045159335215,,-4.592057761230672,,54.89905664345096,0.4207492795389049,,,,0.1,,,,61.52,
BOSS,2026-09-12,,,26.4,15.9,,,1.3180229655516724,1.697142857142857,,11.3,8.49974398361495,15.7,,13.73,8.287568647029454,-84.54285956595221,,-49.176656865637625,,24.98115375388654,0.0019292604501607716,,,,0.0,,,,71.35,
BRACEPORT,2026-09-12,,,61.5,16.8,,,1.24117053481332,1.431578947368421,,8.91,7.772130453197798,12.1,,9.85,7.406659939455096,,,,,,0.007916181606519208,,,,1.56,,,,70.17,
BRANDMAN,2026-09-12,,,318.0,10.7,,,1.962962962962963,2.1635220125786163,,29.4,12.01923076923077,36.8,,17.0,15.432098765432098,,,,,,0.09219858156028368,,,,0.0,,,,69.02,
BRGIL,2026-09-12,,,437.0,9.72,,,0.5329268292682927,1.5913043478260869,,17.9,9.82532751091703,22.7,,9.0,5.487804878048781,-1.8930395774799824,,20.02960275671988,,33.32530459041434,0.2773722627737226,,,,0.14,,,,73.6,
BRIGHT,2026-09-12,,,764.0,31.8,,0.6626293186086682,4.993464052287582,4.117647058823529,,13.8,10.85972850678733,18.7,,21.0,15.686274509803921,47.99063232935556,,51.29805981843547,,18.477132519697804,0.0,,,,0.14,,,,69.76,
BRISK,2026-09-12,,,14.0,13.8,,,0.46589018302828616,1.8689839572192515,,13.9,8.101667990468627,18.0,,5.69,3.394342762063228,-18.000825342862438,,-49.149434920116605,,17.955639823574643,0.1054739652870494,,,,4.87,,,,59.99,
BROACH,2026-09-12,,,9.41,105.0,,,1.5709515859766277,0.9935897435897436,,0.96,0.8364312267657992,2.52,,8.51,1.5025041736227045,,,,,48.74823165691096,0.0,,,,0.0,,,,63.86,
BRRL,2026-09-12,,,950.0,27.5,,0.16773456646005824,5.654761904761905,5.380116959064328,,21.8,9.368635437881874,21.6,,39.0,27.380952380952383,163.94951011214752,,40.3815211102031,,114.59525758708126,1.0625,,,,0.0,,,,73.15,
BULKCORP,2026-09-12,,,64.1,17.1,,,0.973572296476306,1.844155844155844,,11.4,7.289427398866523,17.2,,10.15,5.665249088699878,-9.49237135978519,,6.9782977053360895,,19.61598253884005,0.3034840195796142,,,,0.0,,,,72.26,
C2C,2026-09-12,,,360.0,19.6,,,2.4657534246575343,1.525179856115108,,8.45,4.81283422459893,13.5,,16.0,12.32876712328767,-17.45181877763433,,,,163.28187140857185,0.2320675105485232,,,,0.0,,,,36.98,
CADSYS,2026-09-12,,,44.1,,,,0.3769230769230769,1.267241379310345,,-36.9,-40.78947368421053,-14.1,,-13.0,-26.495726495726498,,,,,-12.558834497661875,0.2,,,,0.0,,,,47.78,
CANARYS,2026-09-12,,,139.0,10.0,,,0.702020202020202,1.346590909090909,,14.6,10.638297872340425,22.6,,11.0,7.575757575757576,,,,,38.20846460022369,0.09615384615384616,,,,0.0,,,,58.16,
CARGOSOL,2026-09-12,,,25.1,,,,0.22612612612612615,1.1284403669724772,,-1.34,-0.0,7.35,,4.6,-0.0,,,,,-13.245631572208627,1.2272727272727273,,,,0.0,,,,73.53,
CARGOTRANS,2026-09-12,,,38.5,7.58,,0.46493719554334506,0.34684684684684686,0.8004926108374384,,14.3,8.47457627118644,19.0,,8.0,4.504504504504505,16.303277244019366,,-13.977288546070465,,14.471424255333186,0.0625,,,,1.08,,,,53.71,
CBAZAAR,2026-09-12,,,9.65,,,,0.384768740031898,2.4324324324324325,,-36.3,-17.075232459847843,-32.6,,-13.24,-8.054226475279107,,,,,-9.143970358393016,0.1385390428211587,,,,0.0,,,,38.61,
CBPL,2026-09-12,,,34.0,11.1,,0.22441281462908805,0.29310344827586204,1.0250569476082005,,9.67,3.1914893617021276,12.1,,3.3,2.586206896551724,49.462416031572,,74.45694830286752,,-1.123690621834983,0.5,,,,0.0,,,,73.02,
CCAL,2026-09-12,,,69.2,,,,3.5414534288638695,2.4941176470588236,,-13.2,-11.24141876430206,-13.2,,-20.11,-20.112589559877176,,,,,-7.4014224726309585,0.0010803024846957148,,,,0.0,,,,54.7,
CEDAAR,2026-09-12,,,17.5,,,,0.10736196319018405,0.36103151862464183,,-125.0,-31.140350877192986,-51.0,,-51.0,-43.558282208588956,,,,,0.6211339383710213,2.183673469387755,,,,0.0,,,,68.66,
CELLECOR,2026-09-12,,,680.0,17.2,,,0.5263157894736842,3.300970873786408,,22.0,8.547008547008547,22.6,,6.0,3.0959752321981426,,,,,,0.6926829268292682,,,,0.0,,,,43.08,
CELLPOINT,2026-09-12,,,27.9,466.0,,,0.07581521739130434,0.3768844221105528,,0.08,0.0,5.47,,2.8,0.0,-81.74319493384378,,-65.42306347058783,,8.76619318898937,1.0266666666666666,,,,0.0,,,,73.06,
CFF,2026-09-12,,,2008.0,51.2,,1.344692682756854,9.607655502392344,7.535433070866142,,19.0,12.302839116719243,23.5,,28.0,18.660287081339714,38.07561434411251,,39.80034765266802,,43.316429254272016,0.07518796992481203,,,,0.13,,,,68.06,
CGRAPHICS,2026-09-12,,,351.0,18.7,,,1.0144508670520231,2.8046421663442938,,16.2,6.785714285714286,15.8,,10.0,5.491329479768786,-59.39698008756986,,-23.976345360740247,,56.65509697771116,0.76,,,,0.0,,,,68.07,
CHAMUNDA,2026-09-12,,,45.4,12.9,,,1.4169787765293382,1.5884615384615384,,13.1,10.220673635307783,15.2,,15.04,10.986267166042447,,,,,31.970413627437733,0.0951048951048951,,,,0.0,,,,73.55,
CHANDAN,2026-09-12,,,489.0,18.6,,2.4710086535794824,1.6920415224913494,2.8612303290414878,,13.2,8.620689655172415,23.1,,20.0,8.650519031141869,7.527290514768614,,,,17.753780417106558,0.3157894736842105,,,,0.0,,,,49.61,
CHATHA,2026-09-12,,,267.0,41.3,,,1.608433734939759,2.972972972972973,,7.54,3.6585365853658534,8.32,,7.0,3.614457831325301,,,,,,0.4606741573033708,,,,0.0,,,,55.77,
CHAVDA,2026-09-12,,,409.0,21.7,,,1.2741433021806854,1.8518518518518519,,10.1,3.4000000000000004,13.4,,18.0,5.29595015576324,-7.996601811678783,,-29.35048213199841,,25.60203405653936,0.6289592760180995,,,,0.0,,,,55.12,
CHCL,2026-09-12,,,38.7,,,,1.3821428571428573,4.5321637426900585,,-49.2,-37.096774193548384,-15.5,,-24.0,-82.14285714285714,,,,,-25.965130783694867,3.2222222222222223,,,,0.0,,,,95.0,
CHEMKART,2026-09-12,,,198.0,10.0,,,0.9209302325581395,1.5233644859813085,,21.5,12.738853503184714,27.7,,13.0,9.30232558139535,-33.97174705310415,,,,17.95663862236232,0.038461538461538464,,,,0.0,,,,74.66,
CHETANA,2026-09-12,,,85.7,6.19,,,0.7862385321100918,0.9271523178807948,,16.1,9.774436090225564,18.8,,20.0,11.926605504587156,,,,,,0.29347826086956524,,,,0.0,,,,74.02,
CHIRAHARIT,2026-09-12,,,57.0,633.0,,,1.039008384979949,1.71900826446281,,0.42,0.1618705035971223,3.86,,2.72,0.16405395552314983,-77.1664429801853,,,,18.59434384714882,0.3317249698431846,,,,0.0,,,,73.0,
CHOTHANI,2026-09-12,,,9.32,84.7,,,1.1188475390156063,0.5960264900662252,,0.71,0.5250596658711217,2.23,,4.92,1.3205282112845138,-23.940950784772163,,-8.338121623946426,,0.5256869742073178,0.10179257362355955,,,,0.0,,,,28.96,
CHTR,2026-09-12,,,55.6,6.11,,,0.6601757302303491,0.7939393939393938,,19.0,9.972602739726028,25.8,,16.04,10.805034433626217,,,,,,0.0,,,,0.0,,,,60.39,
CITICHEM,2026-09-12,,,8.66,8.66,,0.3223999839960755,0.5859269282814614,0.4096774193548387,,4.85,1.8248175182481754,7.18,,8.86,6.7658998646820026,26.86104351700407,,,,-10.963942985575903,0.36682464454976305,,,,0.0,,,,62.3,
CITYSQUARE,2026-09-12,,,149.0,30.6,,0.7141519569246684,2.0839160839160837,4.3298969072164954,,20.3,8.360515021459229,24.5,,14.43,6.811188811188812,42.848023734012976,,,,29.806679425365456,0.2968659315147998,,,,0.0,,,,52.46,
CKKRETAIL,2026-09-12,,,292.0,27.1,,,1.0814814814814815,2.4917491749174916,,13.5,8.661417322834646,17.1,,4.6,4.074074074074074,-6.001873013590686,,-11.464023851562576,,35.304556493790564,0.008547008547008548,,,,0.0,,,,72.12,
CLARA,2026-09-12,,,84.7,47.1,,,6.05,1.3983050847457625,,3.48,2.8676119165206306,4.73,,20.14,12.85714285714286,-28.4370517615979,,28.473515712343932,,7.150760522060806,0.017315303430079157,,,,0.0,,,,41.02,
CLASSICEIL,2026-09-12,,,101.0,7.97,,,0.4156378600823045,1.060377358490566,,18.1,9.701492537313433,19.3,,9.0,5.349794238683128,-27.017611977145016,,20.683526730903257,,7.79571923261464,0.21052631578947367,,,,0.0,,,,72.02,
CLAYCRAFT,2026-09-12,,,320.0,11.8,,,1.7877094972067038,,,17.7,10.714285714285714,20.0,,24.0,15.083798882681565,,,,,,0.30120481927710846,,,,0.0,,,,73.63,
CLN,2026-09-12,,,482.0,23.4,,,1.3890489913544668,4.18348623853211,,19.6,8.235294117647058,22.4,,11.0,6.051873198847262,,,,,,0.808695652173913,,,,0.0,,,,72.6,
CLSL,2026-09-12,,,142.0,21.7,,4.808303765092015,0.6995073891625616,1.686991869918699,,8.11,2.8846153846153846,10.8,,9.0,2.955665024630542,4.513026019183863,,,,16.015912936319253,0.6785714285714286,,,,0.0,,,,70.01,
CMNL,2026-09-12,,,274.0,,,,0.5064695009242144,2.8860759493670884,,-1.81,-0.6211180124223602,5.37,,7.0,-0.7393715341959335,,,,,33.37900482191352,4.631578947368421,,,,0.0,,,,73.6,
CMRSL,2026-09-12,,,22.8,5.72,,2.4470189558363216,0.1982608695652174,1.1239193083573487,,19.6,7.8431372549019605,22.0,,4.6,3.4782608695652173,2.3375380833717596,,17.012890761093715,,9.747051854874144,0.25,,,,2.56,,,,42.42,
CNCRD,2026-09-12,,,2498.0,58.9,,0.6573259736449287,11.895238095238096,11.965174129353233,,25.8,13.015873015873018,30.6,,28.0,19.523809523809526,89.60546572257667,,-3.050216050664478,,62.43305216294204,0.2583732057416268,,,,0.0,,,,65.57,
CNINFOTECH,2026-09-12,,,193.0,7.57,,,1.838095238095238,1.0076530612244898,,14.6,13.0,19.6,,24.0,24.761904761904763,-81.31568913713367,,-60.99806167469906,,4.128301283656044,0.0,,,,1.27,,,,74.98,
COMMAND,2026-09-12,,,19.7,37.9,,5.478611659202912,1.8325581395348836,1.2209302325581395,,3.27,1.4857142857142858,3.48,,15.53,4.837209302325582,6.917810999860885,,13.656149397218043,,-22.439250622339767,0.8768564356435643,,,,0.0,,,,38.39,
COMMITTED,2026-09-12,,,590.0,50.6,,,2.4686192468619246,4.48019801980198,,13.7,11.711711711711711,18.8,,7.0,5.439330543933055,-28.653745521197603,,-13.557963166455433,,55.145544872393806,0.06382978723404255,,,,0.14,,,,60.8,
COMRADE,2026-09-12,,,28.0,,,,0.9299236134174693,2.1301775147928996,,-52.8,-14.623589426495595,-23.2,,-15.54,-31.418133510461644,,,,,3.8549410871862255,1.2321699544764795,,,,0.0,,,,70.05,
CONNPLEX,2026-09-12,,,506.0,19.5,,,3.418918918918919,3.7695590327169275,,32.6,14.942528735632186,43.6,,24.0,17.56756756756757,-25.491428481300815,,,,80.90083393020548,0.014925373134328358,,,,0.0,,,,70.11,
CONTAINE,2026-09-12,,,34.1,41.6,,,3.3629191321499015,3.046728971962617,,,,,,23.77,10.552268244575936,,,,,,,,,,0.0,,,,52.57,
CONTI,2026-09-12,,,16.2,15.9,,0.0690725565181745,0.2633718094618761,0.5043478260869565,,3.37,2.4809629083763203,5.05,,4.86,1.6420094293610794,230.19272488946262,,14.242093886584994,,-6.565859384787409,0.0929217337075148,,,,0.0,,,,60.75,
COOLCAPS,2026-09-12,,,299.0,35.7,,0.8578848807734344,0.5630885122410546,3.8195488721804507,,12.6,2.867383512544803,11.3,,1.1,1.5065913370998116,41.613975021700256,,21.3329947199979,,42.89193291881488,1.6962025316455696,,,,0.0,,,,66.66,
COSMICCRF,2026-09-12,,,1276.0,25.2,,,1.7796373779637378,2.7690721649484535,,11.9,6.227106227106227,13.6,,11.0,7.112970711297072,,,,,,0.2982062780269058,,,,0.0,,,,55.11,
COSPOWER,2026-09-12,,,463.0,701.0,,,41.93840579710145,,,,,,,12.59,7.336956521739131,,,,,,,,,,0.04,,,,60.01,
COTFAB,2026-09-12,,,24.9,6.67,,,0.16064516129032258,0.4588607594936709,,7.13,3.0534351145038165,8.84,,4.6,2.5806451612903225,,,,,57.06903261956964,1.0185185185185186,,,,0.0,,,,69.89,
CPML,2026-09-12,,,139.0,66.9,,0.5134401144622961,27.68924302788845,1.482484076433121,,1.98,2.045633359559402,2.59,,70.12,41.43426294820718,130.29757145107666,,,,63.43132144463923,0.04618666666666667,,,,0.0,,,,11.98,
CPS,2026-09-12,,,283.0,3535.0,,,9.073420968259057,12.618556701030927,,0.41,0.39477679927118137,4.25,,6.76,0.41680025649246555,-77.37249944068662,,-37.956450860652204,,-4.826595696664338,0.2974196468990494,,,,0.0,,,,64.88,
CRAYONS,2026-09-12,,,58.5,15.6,,,0.1869009584664537,0.48484848484848486,,3.16,1.702127659574468,5.55,,1.6,1.2779552715654952,,,,,,0.11666666666666667,,,,0.0,,,,73.5,
CRAZY,2026-09-12,,,141.0,22.3,,,1.2702702702702702,,,20.3,6.976744186046512,16.2,,15.0,5.405405405405405,-34.12773715366508,,,,14.99175606197789,1.4516129032258065,,,,0.0,,,,50.81,
CREDENT,2026-09-12,,,651.0,35.3,,,3.042056074766355,,,42.1,21.951219512195124,,,13.0,8.411214953271028,,,,,,0.5,,,,0.0,,,,63.75,
CRYOGENIC,2026-09-12,,,564.0,65.4,,,13.75609756097561,10.313315926892951,,20.6,14.925373134328357,29.6,,28.0,24.390243902439025,-55.625535646893944,,,,23.06098642720351,0.0,,,,0.0,,,,74.29,
CSSL,2026-09-12,,,220.0,7.53,,,0.2827763496143959,0.9838536060279871,,18.2,8.356545961002785,20.2,,7.0,3.8560411311053984,-64.21126410096582,,,,36.04221859595482,0.4260089686098655,,,,0.0,,,,73.03,
CTCL,2026-09-12,,,564.0,48.6,,0.9386067649159406,4.338461538461538,10.8,,25.1,13.541666666666666,29.7,,13.0,10.0,51.77887249124238,,34.40425892185355,,30.12591017154964,0.38461538461538464,,,,0.0,,,,64.69,
CTLLAB,2026-09-12,,,8.01,19.1,,,0.8440463645943097,0.8666666666666667,,4.65,3.7600716204118174,7.2,,10.43,4.425711275026344,,,,,,0.05837837837837838,,,,0.0,,,,64.21,
CUDML,2026-09-12,,,185.0,6.25,,,0.9893048128342246,1.3513513513513513,,21.6,14.705882352941178,,,18.0,16.0427807486631,,,,,,0.0072992700729927005,,,,0.0,,,,57.23,
CURIS,2026-09-12,,,160.0,29.9,,,4.4969083754918495,,,,,,,23.72,15.064643057897698,,,,,,,,,,0.0,,,,68.03,
CURRENT,2026-09-12,,,157.0,11.1,,,0.98125,1.9663461538461537,,27.2,9.395973154362416,27.0,,14.0,8.75,,,,,,0.4125,,,,0.0,,,,70.52,
CWD,2026-09-12,,,708.0,63.7,,1.0362460428069764,4.816326530612245,6.110019646365423,,13.0,4.602510460251046,18.0,,18.0,7.482993197278912,61.471887340047026,,38.305836038410376,,85.57942847873778,0.7079646017699115,,,,0.0,,,,57.21,
DACHEPALLI,2026-09-12,,,139.0,8.32,,,1.1680672268907564,1.6145833333333333,,28.3,11.333333333333332,23.8,,22.0,14.285714285714285,-39.354970832499866,,41.67391714190074,,32.63524026321307,0.4375,,,,0.0,,,,64.78,
DANISH,2026-09-12,,,1964.0,28.5,,,3.769673704414587,4.260683760683761,,17.7,11.979166666666668,23.4,,18.0,13.24376199616123,,,,,,0.004329004329004329,,,,0.2,,,,73.62,
DAPS,2026-09-12,,,12.7,9.39,,,0.5728461885430761,0.7040229885057472,,7.77,5.629691409507923,10.4,,7.53,6.089309878213802,-12.000424373940143,,55.18455739153598,,-9.408798852815837,0.07940033314825097,,,,1.02,,,,65.21,
DAVIN,2026-09-12,,,13.5,17.6,,,1.6544117647058822,0.6915254237288135,,4.34,3.566465956461325,6.14,,17.03,9.436274509803921,-71.84235804397193,,,,28.675874441010386,0.007186858316221767,,,,0.0,,,,49.68,
DCCL,2026-09-12,,,58.6,5.71,,0.22930384220124506,,0.5525606469002695,,11.4,3.4013605442176873,13.4,,,,24.901458018259916,,22.941295444971253,,,,,,,2.44,,,,69.14,
DCG,2026-09-12,,,162.0,18.7,,0.3397697066799068,0.9938650306748467,1.8409090909090908,,10.4,5.555555555555555,13.4,,15.0,5.521472392638037,55.037278581215766,,,,43.63985949452904,0.7045454545454546,,,,0.0,,,,72.45,
DECCANTRAN,2026-09-12,,,49.4,31.5,,,0.30874999999999997,0.5093457943925234,,1.68,2.941176470588235,8.31,,11.0,5.0,-73.92270019730287,,-44.82998977497283,,-3.850028646172776,1.2244897959183674,,,,0.0,,,,63.6,
DEEM,2026-09-12,,,35.0,5.3,,,0.38512323943661975,0.4,,7.62,4.541076097426723,9.33,,12.56,7.262323943661972,,,,,-4.201670947348346,0.39831185126040836,,,,0.0,,,,67.1,
DEEPAKCHEM,2026-09-12,,,90.9,10.7,,,1.3508693713776192,1.433219178082192,,14.3,11.361502347417842,19.5,,16.82,12.587308663991678,,,,,13.231413805203651,0.011037527593818984,,,,0.0,,,,73.05,
DEFRAIL,2026-09-12,,,50.0,12.5,,,0.622975330176925,2.08187134502924,,24.7,7.677579934903313,25.9,,9.51,4.996262148018938,,,,,,0.3759899958315965,,,,0.0,,,,73.6,
DELAPLEX,2026-09-12,,,92.5,7.2,,,1.3405797101449275,1.0323886639676114,,15.7,13.978494623655912,20.1,,19.0,18.84057971014493,,,,,,0.0,,,,0.0,,,,74.25,
DELTIC,2026-09-12,,,51.3,7.42,,,0.6446343302337271,0.64,,8.61,7.728442008723857,,,7.67,8.683086202563459,,,,,,0.016820333914776976,,,,0.0,,,,71.0,
DENEERS,2026-09-12,,,149.0,5.89,,,0.8370786516853933,1.5135135135135136,,32.3,12.077294685990339,25.8,,22.0,14.04494382022472,,,,,,0.7604166666666666,,,,0.0,,,,42.8,
DENTALKART,2026-09-12,,,676.0,58.3,,,2.23841059602649,3.9,,6.68,5.583756345177665,8.61,,4.3,3.642384105960265,-10.780783514234237,,,,21.111674062215368,0.0,,,,0.0,,,,60.19,
DESCO,2026-09-12,,,130.0,7.95,,,1.0924369747899159,1.8329718004338393,,25.2,15.238095238095239,29.9,,20.0,13.445378151260504,,,,,,0.2112676056338028,,,,0.0,,,,58.31,
DESTINY,2026-09-12,,,226.0,66.4,,11.844867533186731,2.8535353535353534,3.042168674698795,,6.66,3.6305392418579814,8.74,,4.18,4.292929292929292,5.605803510589014,,-11.924488522892872,,11.771132957437459,0.1907848386642243,,,,0.0,,,,70.87,
DEVLAB,2026-09-12,,,92.4,9.66,,,0.5532934131736528,1.8224299065420562,,20.8,6.0606060606060606,21.0,,7.0,5.9880239520958085,,,,,,0.058823529411764705,,,,0.0,,,,56.69,
DEVSON,2026-09-12,,,473.0,38.6,,,8.446428571428571,,,45.0,30.952380952380953,57.0,,30.0,23.214285714285715,-49.283811765420715,,,,19.277362981482305,0.06060606060606061,,,,0.0,,,,73.59,
DFPL,2026-09-12,,,45.3,12.2,,,0.5031097290093292,1.1635220125786163,,10.0,5.663824604141291,8.84,,8.63,4.1314971123944915,-65.16239978129599,,,,3.343681433759338,0.47098099640472524,,,,0.0,,,,59.53,
DGL,2026-09-12,,,0.94,,,,,-0.031045751633986925,,,-26.447016918967055,,,-27400.0,,,,,,,-0.8542029996512033,,,,0.0,,,,0.01,
DHANLAXMI,2026-09-12,,,38.5,,,,1.0097036454235508,0.8489208633093526,,-1.07,-0.7675438596491228,0.93,,2.73,-1.2850773669027011,,,,,-6.474673262158137,0.23278327832783277,,,,0.0,,,,73.97,
DHANSA,2026-09-12,,,96.2,17.5,,,0.6774647887323944,0.904040404040404,,5.56,3.9735099337748347,,,8.0,4.225352112676056,,,,,,0.40404040404040403,,,,0.0,,,,65.05,
DHANWEL,2026-09-12,,,36.3,5.93,,,0.4866604102426598,,,37.2,16.54501216545012,38.2,,12.44,8.204853197479554,,,,,,0.39083969465648855,,,,0.0,,,,35.12,
DHARARAIL,2026-09-12,,,225.0,14.6,,,3.9473684210526314,3.0532786885245904,,35.7,15.151515151515152,35.5,,35.0,26.31578947368421,-54.1156380318325,,,,28.28337104256018,0.17567567567567569,,,,0.0,,,,74.56,
DHARIWAL,2026-09-12,,,261.0,30.4,,,1.1059322033898304,,,,,,,2.6,3.8135593220338984,,,,,,,,,,0.0,,,,63.65,
DHARNI,2026-09-12,,,112.0,24.0,,0.4134159683661162,8.93854748603352,4.330708661417323,,19.9,15.196876016921573,22.4,,49.64,37.27055067837191,58.05290999003185,,,,36.01096107280111,0.14750290360046459,,,,0.0,,,,73.64,
DHAVAL,2026-09-12,,,157.0,19.5,,0.4175937646877149,2.4142703367676455,,,31.6,12.10478771454381,27.8,,21.68,12.363524527141317,46.69609953247864,,13.361474182911937,,14.837546340842977,0.7847154471544715,,,,0.0,,,,66.06,
DHILLON,2026-09-12,,,13.0,9.65,,,0.5134281200631912,0.9146005509641875,,13.9,6.232686980609419,16.4,,11.81,5.33175355450237,-45.43960628324029,,-13.393448081491922,,-5.030003089827839,0.34831460674157305,,,,0.0,,,,64.98,
DHTL,2026-09-12,,,10.2,,,,0.3996865203761755,1.2452107279693485,,-1.57,-0.3880597014925373,6.12,,-1.33,-0.5094043887147336,,,,,-8.099835861308247,0.4543239951278928,,,,0.0,,,,29.5,
DHYAANITR,2026-09-12,,,12.4,177.0,,,0.45554739162380603,0.3586206896551724,,0.2,0.09450519778587824,0.45,,0.7,0.2571638501102131,,,-61.92692122568243,,43.404288784158716,0.03667340456251805,,,,0.0,,,,5.66,
DIGIKORE,2026-09-12,,,48.2,3.81,,,0.7303030303030303,1.0106382978723405,,30.7,11.206896551724139,24.7,,33.0,19.696969696969695,,,,,22.39034103416604,1.1458333333333333,,,,0.0,,,,58.46,
DIGILOGIC,2026-09-12,,,542.0,54.9,,,7.038961038961039,5.013404825737266,,14.0,7.2992700729927,18.6,,20.0,12.987012987012985,-30.876561408654602,,-0.2754862808357905,,11.199004528465784,0.037037037037037035,,,,0.0,,,,64.26,
DIKSAT,2026-09-12,,,219.0,128.0,,1.451128611020219,11.575052854122621,9.541984732824428,,4.41,3.2639104755983834,3.43,,-12.1,5.549682875264271,88.20720577620568,,14.118987895911772,,-6.745714753738497,0.2590136759220887,,,,0.0,,,,71.49,
DIKSHA,2026-09-12,,,104.0,25.2,,,2.0284766920226254,,,63.8,14.604750088621058,33.2,,14.59,8.035888433781938,,,,,66.33847244797182,1.7723004694835682,,,,0.0,,,,69.24,
DIRL,2026-09-12,,,9.06,8.47,,,3.060810810810811,0.5459770114942529,,7.74,5.366098294884654,8.86,,-18.92,36.14864864864865,,,,,10.230001280318124,0.10957254665863939,,,,0.0,,,,54.3,
DIVINEHIRA,2026-09-12,,,440.0,83.6,,,0.497737556561086,8.682170542635658,,15.1,8.536585365853659,16.1,,1.3,0.7918552036199095,,,,,91.94674448901327,0.45098039215686275,,,,0.0,,,,72.7,
DIVYADHAN,2026-09-12,,,66.9,39.1,,,0.8424631658481301,1.7462686567164178,,4.67,2.6831947277577277,7.14,,6.04,2.153381186248583,-35.15006827519721,,20.619264965628737,,11.465166513360913,0.3612633777081702,,,,0.0,,,,69.94,
DKEGL,2026-09-12,,,51.8,9.09,,0.9253216855386827,0.30650887573964497,1.6197183098591548,,18.9,7.5,19.2,,6.0,3.5502958579881656,9.823610688112417,,-3.0469198827745902,,6.988197992541267,0.625,,,,0.0,,,,73.3,
DKUAL,2026-09-12,,,11.1,3.09,,,0.3340355100812519,0.17416666666666666,,7.29,5.075854246419963,7.5,,13.54,10.773397532350288,-59.28373575107639,,,,74.3495912264994,0.05345911949685534,,,,0.0,,,,50.94,
DLCL,2026-09-12,,,7.1,118.0,,,1.6945107398568016,0.5012195121951221,,0.5,0.34090909090909083,0.79,,16.47,1.431980906921241,,,-42.966764458910845,,-5.971141863670571,0.1456859971711457,,,,0.0,,,,32.9,
DML,2026-09-12,,,12.7,,,,115.45454545454545,1.2692307692307692,,-1.28,-1.0833333333333335,-1.19,,-181.82,-118.18181818181819,,,,,40.10196653276936,0.07845084409136048,,,,0.0,,,,44.64,
DMR,2026-09-12,,,29.6,21.1,,0.9748642160292943,2.3604465709728872,2.2093023255813953,,11.0,10.35758323057953,18.9,,21.61,13.397129186602871,21.644039911467992,,,,41.99546534864717,0.05007473841554559,,,,0.49,,,,69.32,
DOLLEX,2026-09-12,,,154.0,19.3,,4.618342517723546,0.6724890829694323,1.238709677419355,,8.86,1.932367149758454,5.52,,7.0,3.4934497816593884,4.178988441401543,,14.301145003169879,,19.261583465094766,1.2661290322580645,,,,0.0,,,,54.2,
DPEL,2026-09-12,,,1585.0,59.4,,,2.5319488817891376,12.282398452611218,,20.7,8.011869436201781,,,8.0,4.313099041533546,,,,,,1.2093023255813953,,,,0.0,,,,63.2,
DPL,2026-09-12,,,12.0,4.56,,0.11604792126864957,0.09302325581395349,0.19240506329113924,,5.22,1.4563106796116505,7.64,,3.9,2.3255813953488373,39.29411186473261,,-12.944943670387588,,8.858723345293296,0.20967741935483872,,,,0.0,,,,9.13,
DRA,2026-09-12,,,19.8,7.57,,0.4144746450830882,0.8232848232848233,0.5521472392638036,,7.62,6.989117291414752,11.0,,17.46,12.016632016632018,18.264084642578005,,12.338257391347728,,17.093940802277817,0.010358342665173572,,,,0.0,,,,73.02,
DRONACHRYA,2026-09-12,,,76.8,202.0,,,5.23517382413088,1.3114754098360657,,0.65,0.6019325201964201,0.98,,23.65,2.590320381731425,-51.81321162817092,,,,-7.557275490027737,0.01780517034754323,,,,0.0,,,,28.21,
DRONE,2026-09-12,,,81.7,69.9,,,2.3296264613629885,1.3453815261044177,,1.95,1.300578034682081,6.16,,27.66,3.3361847733105217,-54.5719851791965,,,,42.695244057523695,0.38981374649744516,,,,0.0,,,,61.03,
DRSCARGO,2026-09-12,,,16.4,7.5,,,0.6146926536731634,0.630057803468208,,8.77,3.300180831826401,9.01,,27.7,8.20839580209895,,,,,17.08958550223103,1.0518234165067177,,,,0.0,,,,73.96,
DRSDILIP,2026-09-12,,,161.0,38.5,,,0.7815533980582524,2.876344086021505,,7.74,3.4782608695652173,10.1,,5.0,1.9417475728155338,,,,,,0.32142857142857145,,,,0.0,,,,74.95,
DTL,2026-09-12,,,106.0,,,,0.5145631067961165,5.039370078740157,,-18.6,-0.9345794392523363,,,6.0,-0.48543689320388345,,,,,,3.0,,,,0.0,,,,70.85,
DUCOL,2026-09-12,,,231.0,31.8,,,1.6985294117647058,2.1440536013400333,,7.73,4.117647058823529,10.3,,10.0,5.147058823529411,,,,,,0.44329896907216493,,,,0.0,,,,46.2,
DUGLOBAL,2026-09-12,,,171.0,29.7,,0.27718453823555855,3.127858057435522,1.6527777777777777,,6.06,5.066487123379902,8.14,,13.72,11.011523687580024,107.14883373025725,,,,13.61204838057315,0.08984639165298039,,,,0.0,,,,54.03,
DURLAX,2026-09-12,,,176.0,12.3,,0.23205114462730925,0.9513513513513514,1.5136476426799008,,14.7,7.428571428571429,17.2,,12.0,7.027027027027027,53.00555625250063,,,,40.291806828037146,0.3418803418803419,,,,0.0,,,,51.45,
DYNAMIC,2026-09-12,,,329.0,7.62,,0.22064870256631464,0.670061099796334,1.09375,,17.8,7.099697885196375,16.7,,16.0,9.572301425661914,34.53453345237711,,,,81.588864628988,0.78,,,,0.0,,,,59.83,
E2ERAIL,2026-09-12,,,607.0,36.1,,,1.5973684210526315,2.957983193277311,,10.4,3.0575539568345325,14.8,,10.0,4.473684210526316,-71.15271565039167,,-53.50650720627321,,41.19411947516309,0.8,,,,0.0,,,,32.54,
EARKART,2026-09-12,,,175.0,35.4,,,3.238341968911917,2.713675213675214,,11.7,7.094545977838538,17.5,,15.45,9.122871946706143,-76.09288090009265,,,,23.170210575944683,0.0,,,,0.0,,,,57.34,
EARTH,2026-09-12,,,15.9,,,,0.25828460038986356,0.48872180451127817,,-14.0,-8.554469273743019,-9.69,,-4.22,-7.9597141000649785,,,,,-12.474176028269014,0.4571428571428572,,,,0.0,,,,73.53,
ECOLINE,2026-09-12,,,344.0,17.8,,,1.2647058823529411,,,32.0,17.829457364341085,25.3,,9.0,8.455882352941178,,,,,,0.625,,,,0.0,,,,74.57,
EEPL,2026-09-12,,,172.0,13.9,,0.26832443265222305,1.2740740740740741,1.9,,18.9,6.451612903225806,18.5,,14.0,8.88888888888889,51.80296055266751,,28.460067212550367,,22.744950792028227,0.42857142857142855,,,,0.0,,,,61.78,
EFACTOR,2026-09-12,,,218.0,11.1,,0.45826229678647734,1.1413612565445026,2.412790697674419,,24.4,12.422360248447205,24.7,,15.0,10.471204188481675,24.22193594768267,,35.680303556074236,,17.083438589729848,0.5444444444444444,,,,0.72,,,,69.56,
EFFWA,2026-09-12,,,868.0,30.3,,,3.430830039525692,7.02247191011236,,26.2,14.646464646464647,29.3,,17.0,11.462450592885375,-61.731879200551745,,-33.674820085938784,,30.059144685138705,0.3089430894308943,,,,0.0,,,,73.03,
EFORCE,2026-09-12,,,45.6,72.4,,,2.3737636647579388,0.6331168831168831,,0.88,0.8130081300813009,1.31,,-4.16,3.279541905257678,-60.67576663729067,,,,-14.04575526070314,-0.0,,,,0.0,,,,62.89,
EIGHTY,2026-09-12,,,42.8,4.4,,0.04883128944966035,0.334375,1.1634349030470914,,30.5,13.513513513513514,25.1,,12.0,7.8125,90.10616040634997,,-27.007316102766097,,10.839367461184812,0.8108108108108109,,,,0.24,,,,73.53,
EKENNIS,2026-09-12,,,5.56,,,,2.0,1.1089385474860336,,0.0,0.0,1.57,,3.6,0.0,,,,,,0.0,,,,0.0,,,,71.43,
ELFIN,2026-09-12,,,182.0,31.6,,,1.04,4.1919642857142865,,20.1,11.538461538461538,24.8,,5.0,3.428571428571429,-38.614781149426115,,,,20.507113208761506,0.09090909090909091,,,,0.0,,,,72.59,
ELGNZ,2026-09-12,,,193.0,8.56,,,0.4825,1.1062176165803108,,13.8,6.606606606606606,19.3,,9.0,5.5,,,,,28.164809633939882,0.24,,,,0.0,,,,69.23,
EMAPARTNER,2026-09-12,,,192.0,15.6,,,2.206896551724138,1.2511346444780638,,8.45,7.017543859649122,10.4,,16.0,13.793103448275861,-58.204163231033434,,,,20.27713724296163,0.006493506493506494,,,,0.0,,,,65.76,
EMIAC,2026-09-12,,,120.0,33.0,,,3.7140204271123487,,,23.0,12.706212706212709,99.8,,48.16,11.203961621788919,-78.23691381054569,,,,122.32921907139365,0.017865118356409113,,,,0.0,,,,50.0,
EMKAYTOOLS,2026-09-12,,,101.0,1.05,,,0.9805825242718447,0.2854984894259819,,15.7,21.364985163204746,19.3,,47.0,69.90291262135922,,,,,,0.020066889632107024,,,,0.0,,,,74.99,
EMMFORCE,2026-09-12,,,371.0,45.0,,,3.2831858407079646,4.040178571428572,,9.62,5.161290322580645,12.0,,20.0,7.079646017699115,,,,,,0.4835164835164835,,,,0.0,,,,74.5,
EMMIL,2026-09-12,,,136.0,11.4,,,0.84472049689441,1.4134275618374557,,13.2,7.741935483870968,16.3,,14.0,7.453416149068323,-84.17032259456101,,,,17.20387178673215,0.3125,,,,0.0,,,,73.76,
ENCOMPAS,2026-09-12,,,368.0,28.3,,,5.411764705882353,4.506065857885615,,22.8,12.745098039215685,25.6,,30.0,19.11764705882353,,,,,45.66730228453515,0.15853658536585366,,,,0.0,,,,58.94,
ENFUSE,2026-09-12,,,140.0,,,,2.413793103448276,7.085201793721973,,-56.3,-27.27272727272727,-22.0,,-11.0,-25.862068965517242,,,,,,1.45,,,,0.0,,,,70.62,
ENS,2026-09-12,,,138.0,16.5,,,2.68639283628577,,,83.7,40.19138755980862,115.0,,22.78,16.35195639478295,-64.41716969778226,,,,91.10728843589044,0.0,,,,0.0,,,,55.13,
ENSER,2026-09-12,,,132.0,13.6,,,1.306930693069307,3.0039525691699605,,24.7,8.695652173913043,24.2,,19.0,9.900990099009901,,,,,,0.9545454545454546,,,,0.0,,,,66.6,
ENVIRO,2026-09-12,,,128.0,10.6,,,2.206896551724138,1.6881188118811883,,17.3,11.76470588235294,22.7,,33.0,20.689655172413794,-49.96111973549935,,-14.384663819426446,,27.4745010430834,0.18421052631578946,,,,0.0,,,,68.85,
EPBIO,2026-09-12,,,17.8,12.2,,0.3388064590767081,1.3049853372434017,1.4783821478382146,,12.9,7.79498131340096,16.3,,16.42,10.703812316715542,36.00875860881341,,-34.500581291703355,,24.197101059175896,0.19917012448132781,,,,0.0,,,,70.08,
EPWINDIA,2026-09-12,,,293.0,28.4,,1.9740636232907793,2.7383177570093458,6.818181818181818,,42.8,13.333333333333334,45.9,,15.0,9.345794392523365,14.386567719968912,,,,148.1772183588414,0.23255813953488372,,,,0.0,,,,71.43,
ESCONET,2026-09-12,,,329.0,53.4,,,0.9293785310734464,4.111842105263158,,8.2,4.580152671755725,12.0,,2.5,1.694915254237288,-50.91976935274454,,,,55.03385718211988,0.1625,,,,0.0,,,,60.19,
ESFL,2026-09-12,,,298.0,23.1,,,2.504201680672269,,,16.3,11.818181818181818,17.1,,16.0,10.92436974789916,,,,,,0.08139534883720931,,,,0.83,,,,70.86,
ESPRIT,2026-09-12,,,138.0,,,,0.7976878612716763,1.0482529118136439,,-2.2,-1.6666666666666667,-0.25,,3.3,-2.312138728323699,,,,,-0.1919390515160324,0.38636363636363635,,,,0.0,,,,73.63,
ESSEX,2026-09-12,,,77.4,12.1,,2.9082751794451513,1.2753336628769156,1.935114503816794,,22.9,9.781941031941031,20.3,,12.03,10.495963091118801,4.160541645274596,,49.413419636277965,,40.46162039322028,0.5498127340823971,,,,0.0,,,,72.07,
ETL,2026-09-12,,,1110.0,18.9,,,7.708333333333333,7.938931297709924,,52.5,33.146067415730336,70.7,,56.0,40.97222222222222,,,,,,0.0,,,,0.29,,,,74.99,
ETML,2026-09-12,,,157.0,15.2,,,0.7201834862385321,1.3648648648648647,,9.19,3.4965034965034967,12.3,,13.0,4.587155963302752,-22.050154089142993,,,,9.952273860131577,1.182608695652174,,,,1.24,,,,50.31,
EUPHORIAIT,2026-09-12,,,8.01,5.17,,,0.525935653315824,0.44660194174757284,,9.03,4.944178628389154,12.9,,18.38,10.177281680892975,-7.237656245699897,,-51.62380670368067,,27.373027572697705,0.2939208031232571,,,,0.0,,,,63.64,
EVANS,2026-09-12,,,42.6,,,,3.644140290846878,1.701754385964912,,-1.68,-1.5215852795470628,1.69,,-1.03,-3.6783575705731395,,,,,-15.140621436738666,0.031187524990004004,,,,1.93,,,,59.44,
EVOQ,2026-09-12,,,3.66,,,,0.14347314778518228,0.08258426966292134,,-0.54,-0.4620716211012707,-0.56,,-5.68,-0.9408075264602116,,,,,7.753423580055285,0.0015801354401805872,,,,0.0,,,,0.02,
EXATO,2026-09-12,,,759.0,40.0,,,4.147540983606557,8.597491448118586,,24.6,15.447154471544716,26.8,,15.0,10.382513661202186,-83.02263021096216,,,,17.088815555918323,0.23863636363636365,,,,0.0,,,,54.73,
EXCELLENT,2026-09-12,,,92.5,61.3,,,4.0856890459363955,4.48051948051948,,7.6,6.312709030100335,9.68,,9.45,6.669611307420495,,,,,,0.08579738245273874,,,,0.0,,,,65.08,
EXHICON,2026-09-12,,,783.0,19.2,,0.5136792867205844,3.857142857142857,3.5407407407407407,,26.1,17.045454545454543,29.5,,27.0,22.167487684729064,37.377407453152436,,-25.48913701309371,,50.96676265221802,0.095,,,,0.03,,,,49.33,
EXIMROUTES,2026-09-12,,,200.0,19.5,,,0.966183574879227,2.9155313351498635,,22.8,9.25925925925926,26.2,,7.0,4.830917874396135,-47.09139900070731,,1.8502526922454132,,79.15239355079733,0.23529411764705882,,,,0.0,,,,52.64,
FAALCON,2026-09-12,,,42.0,13.3,,,1.2400354295837024,0.9307359307359306,,7.03,4.7418038553538775,,,19.49,9.949808089754947,,,,,,0.19079386257505004,,,,0.0,,,,67.96,
FABCLEAN,2026-09-12,,,578.0,36.6,,,2.6392694063926943,5.576694411414983,,16.0,9.13978494623656,19.7,,10.0,7.76255707762557,-23.401853448785246,,-44.776363335899696,,20.553003202994823,0.18446601941747573,,,,0.43,,,,68.49,
FABINO,2026-09-12,,,4.27,,,,0.20489443378119,1.1666666666666667,,-14.3,-2.5293586269196027,-10.8,,-9.88,-2.687140115163148,,,,,83.73256825587146,0.4438356164383562,,,,0.0,,,,56.82,
FALCONTECH,2026-09-12,,,34.6,11.4,,,0.603418207185211,1.34375,,12.5,4.078061911170929,11.2,,8.49,5.284269271014998,-32.03917417190064,,-1.1948823811355536,,51.347085149196744,1.3324261275272165,,,,0.0,,,,42.98,
FASCINATE,2026-09-12,,,73.1,4.84,,0.06944471707044818,0.6301724137931034,,,72.1,16.129032258064516,54.9,,21.0,12.931034482758621,69.69572638750998,,,,74.05176678703509,0.8387096774193549,,,,0.0,,,,68.4,
FELIX,2026-09-12,,,372.0,18.5,,0.4336902770798345,3.381818181818182,2.4489795918367347,,15.0,8.16326530612245,19.3,,29.0,18.181818181818183,42.65717028420835,,,,47.90104960024446,0.2236842105263158,,,,0.0,,,,50.78,
FIDEL,2026-09-12,,,212.0,15.6,,,1.7096774193548387,3.7837837837837833,,25.8,11.76470588235294,25.9,,13.0,11.29032258064516,,,,,90.27558244616205,0.7678571428571429,,,,1.46,,,,73.06,
FIL,2026-09-12,,,164.0,12.5,,,1.8222222222222222,2.223404255319149,,29.3,13.131313131313133,27.0,,19.0,14.444444444444443,-31.88007862082657,,,,0.3731377853822604,0.16216216216216217,,,,0.0,,,,69.07,
FILTRA,2026-09-12,,,74.0,24.8,,1.4671944664949736,0.9852216748768473,4.440789473684211,,19.6,9.555984555984558,27.4,,5.5,3.954200505924644,16.903008133097373,,,,6.244172124612057,0.0,,,,2.96,,,,72.45,
FINBUD,2026-09-12,,,245.0,21.0,,,0.7753164556962026,2.128712871287129,,15.4,7.18562874251497,17.8,,6.0,3.79746835443038,-82.65084571803301,,,,32.77544675266086,0.2,,,,0.0,,,,48.25,
FLYSBS,2026-09-12,,,1216.0,20.0,,,3.811912225705329,3.883977900552486,,26.2,15.561224489795919,32.5,,22.0,19.122257053291534,,,,,110.9132782375981,0.1182108626198083,,,,0.0,,,,32.47,
FOCE,2026-09-12,,,587.0,39.2,,1.8983767187960814,4.048275862068966,6.273525721455457,,17.4,7.352941176470589,16.1,,14.0,10.344827586206897,20.649220785250666,,43.849371212304966,,35.72088082974532,0.5106382978723404,,,,0.0,,,,73.63,
FOCUS,2026-09-12,,,168.0,193.0,,9.975026671695677,6.968063044379925,20.53571428571429,,11.2,9.720670391061454,15.0,,6.72,3.6084612194110326,19.348319192733697,,37.742240830984365,,9.506906645437073,0.01098901098901099,,,,0.04,,,,74.67,
FONE4,2026-09-12,,,11.2,,,,0.21785644816183622,0.9204081632653061,,-43.9,-8.817685047193244,-28.8,,-8.89,-6.905271347986773,,,,,-20.018540323533085,0.24693376941946038,,,,0.0,,,,49.1,
FONEBOX,2026-09-12,,,128.0,80.2,,,0.6530612244897959,,,114.0,5.128205128205128,56.8,,2.9,1.0204081632653061,,,,,,4.4,,,,0.0,,,,73.41,
FORCAS,2026-09-12,,,381.0,27.9,,0.2674914786687168,1.9242424242424243,4.549266247379455,,18.5,8.588957055214724,20.2,,11.0,7.07070707070707,104.30238801944651,,55.62829485076413,,102.06200103110952,0.5357142857142857,,,,0.0,,,,60.3,
FORGEAUTO,2026-09-12,,,110.0,8.92,,,0.4074074074074074,1.5830721003134798,,17.7,6.122448979591836,,,10.0,4.444444444444445,,,,,,1.0285714285714285,,,,0.0,,,,73.63,
FRANKLIN,2026-09-12,,,11.8,69.6,,21.561261171471884,,0.3112033195020747,,0.45,0.4447933019361592,0.63,,,,3.228011545636722,,-3.285883999939365,,,,,,,0.0,,,,26.98,
FRESHARA,2026-09-12,,,1140.0,30.4,,,3.3333333333333335,,,,,,,15.0,11.11111111111111,,,,,,,,,,0.0,,,,62.58,
FROG,2026-09-12,,,409.0,,,,3.858490566037736,2.5784313725490198,,-0.71,-1.0101010101010102,-1.91,,-1.5,-1.8867924528301887,,,,,-7.284699957810581,0.08176100628930817,,,,0.0,,,,72.54,
FTL,2026-09-12,,,4.87,,,,0.810316139767055,0.44666666666666666,,-26.7,-26.295133437990582,-23.1,,-35.11,-55.740432612312816,,,,,-24.36477983369124,0.12947658402203854,,,,0.0,,,,49.98,
FWSTC,2026-09-12,,,188.0,16.6,,,7.52,2.0951302378255945,,17.6,11.11111111111111,20.0,,64.0,48.0,,,,,,0.12222222222222222,,,,0.0,,,,59.87,
GAJANAND,2026-09-12,,,15.5,388.0,,,0.2061444341002793,0.4187817258883249,,0.11,0.08281573498964805,1.82,,1.17,0.053198563638781754,-91.59471124804439,,-39.16356581067942,,0.8246958829422724,0.27186825053995683,,,,0.0,,,,62.94,
GALLARD,2026-09-12,,,153.0,16.8,,0.6965105837028017,2.2486772486772484,2.605177993527508,,24.0,10.067485341298815,23.3,,22.4,13.374485596707816,24.1202364947386,,,,48.94844928834938,0.3602928656563937,,,,0.0,,,,67.16,
GANESHIN,2026-09-12,,,444.0,4.87,,,0.42940038684719534,1.708542713567839,,35.1,7.8924544666088465,18.9,,14.0,8.800773694390715,,,,,,1.9372549019607843,,,,0.1,,,,56.35,
GANGABATH,2026-09-12,,,44.2,34.5,,,1.2632180623035154,0.8089430894308942,,3.35,1.6249841310143458,5.62,,14.89,3.658188053729637,,,,,42.15611674048543,0.2684981684981685,,,,0.0,,,,69.16,
GANGAPHARM,2026-09-12,,,7.39,370.0,,,3.1181434599156117,0.946969696969697,,0.37,0.26109660574412535,3.35,,1.27,0.8438818565400843,,,,,,0.28864059590316576,,,,0.0,,,,50.91,
GANVERSE,2026-09-12,,,60.9,,,,169.16666666666666,1.710344827586207,,-31.5,-10.858691121300543,-22.3,,-3686.11,-1447.2222222222224,,,,,,0.3427769985974755,,,,0.0,,,,1.34,
GARGI,2026-09-12,,,633.0,20.3,,0.4060855589432281,4.1644736842105265,4.4411764705882355,,26.0,18.562874251497004,33.8,,26.0,20.394736842105264,49.98946540435336,,-51.54153717138379,,44.86312886883481,0.0851063829787234,,,,0.0,,,,68.28,
GBLOGISTIC,2026-09-12,,,19.1,2.12,,,0.14580152671755725,0.3231622746185853,,16.5,7.258064516129033,17.6,,9.0,6.870229007633588,,,,,,0.7457627118644068,,,,0.0,,,,52.4,
GCHOTELS,2026-09-12,,,251.0,20.2,,,1.7801418439716312,2.1085594989561587,,11.0,6.521739130434782,12.0,,14.0,8.51063829787234,-21.257404892509435,,,,102.42154271643935,0.31092436974789917,,,,0.0,,,,54.85,
GCMCAPI,2026-09-12,,,6.74,,,,2.930434782608696,0.2671140939597315,,-1.45,-1.3764880952380951,-1.65,,-8.7,-16.086956521739133,,,,,-14.884954677837758,0.032066508313539195,,,,0.0,,,,39.04,
GCMCOMM,2026-09-12,,,3.16,,,,79.0,0.9615384615384616,,-69.6,-17.617728531855956,-69.4,,-10025.0,-7950.0,,,,,-47.08663160106001,0.0,,,,0.0,,,,52.74,
GCONNECT,2026-09-12,,,5.34,24.3,,,1.3217821782178218,0.5625,,2.34,2.2540983606557377,3.48,,18.07,5.445544554455446,-54.63596838333924,,,,58.74010519681994,0.0,,,,0.0,,,,40.27,
GEL,2026-09-12,,,58.8,267.0,,,2.040958000694203,4.327272727272727,,1.64,1.5770609318996418,5.56,,2.64,0.7636237417563346,-15.65673346982508,,-19.72584382397693,,-53.115647712218326,0.01034737620103474,,,,0.0,,,,70.89,
GEMENVIRO,2026-09-12,,,76.4,16.2,,,0.7490196078431373,1.4364406779661016,,9.27,7.352941176470589,12.3,,5.0,4.901960784313726,,,,,,0.09433962264150944,,,,0.74,,,,73.71,
GENXAI,2026-09-12,,,148.0,10.9,,,1.6818181818181819,,,57.3,20.98765432098765,59.3,,27.0,19.318181818181817,-38.190061524452524,,,,72.9861170125663,0.4444444444444444,,,,0.0,,,,66.49,
GETALONG,2026-09-12,,,11.0,78.6,,,0.1574577726882336,1.0176125244618395,,1.53,0.8888888888888888,2.05,,-3.81,0.8016032064128258,,,,,,1.1527777777777777,,,,0.0,,,,55.08,
GGBL,2026-09-12,,,534.0,7.11,,,0.5,1.9115044247787611,,31.0,15.368852459016393,35.4,,11.0,7.02247191011236,-23.61190587621751,,,,128.09175199861912,0.18505338078291814,,,,0.23,,,,73.42,
GHUSHINE,2026-09-12,,,10.6,1063.0,,,1.8794326241134751,2.087378640776699,,0.2,0.1349527665317139,0.36,,-3.9,0.1773049645390071,,,,,,0.12770137524557956,,,,0.0,,,,53.29,
GIRIRAJ,2026-09-12,,,202.0,13.4,,0.3233525057872987,0.6537216828478964,1.3829787234042552,,10.9,5.9760956175298805,14.8,,8.0,4.854368932038835,41.440841682589344,,,,34.85363107182755,0.1506849315068493,,,,0.0,,,,54.96,
GJL,2026-09-12,,,386.0,18.2,,1.4237330491441451,0.4684466019417476,5.553235908141962,,49.1,20.388349514563107,46.0,,3.6,2.5485436893203883,12.783295303105202,,,,47.841267439487424,0.38571428571428573,,,,0.0,,,,73.5,
GLAAMUP,2026-09-12,,,22.0,184.0,,,1.7756255044390636,2.206619859578736,,1.21,0.36003600360036003,1.11,,1.45,0.9685230024213074,,,,,,0.5395395395395395,,,,0.0,,,,27.69,
GLEN,2026-09-12,,,308.0,18.7,,,1.5477386934673367,2.206896551724138,,16.6,5.498281786941581,13.8,,19.0,8.040201005025125,-21.935613357813168,,,,20.056334258157516,0.8705035971223022,,,,0.0,,,,73.31,
GLHRL,2026-09-12,,,15.2,,,,,0.6371681415929203,,-6.81,-7.239057239057238,-3.92,,-1335.48,,,,,,,0.0,,,,0.0,,,,22.88,
GLOBALLOG,2026-09-12,,,153.0,15.0,,,0.7355769230769231,2.9281767955801103,,29.4,14.925373134328357,39.0,,5.0,4.807692307692308,-43.00774769585834,,,,3.244559800416136,0.0,,,,0.0,,,,59.86,
GLOBALPET,2026-09-12,,,201.0,40.2,,1.652136128745601,3.6183618361836185,3.0319148936170213,,9.46,7.559549279703323,13.3,,9.72,9.54095409540954,24.332135409763247,,-29.913519698754275,,16.847232898381836,0.0,,,,0.0,,,,60.13,
GLOBTIER,2026-09-12,,,25.6,24.3,,,0.3397027600849257,0.5596026490066225,,3.19,1.5897973445143254,7.37,,9.22,1.2075371549893843,-57.34377257098525,,,,-4.3957099844116225,0.03438458169075778,,,,0.0,,,,71.38,
GLPL,2026-09-12,,,35.0,8.5,,0.1283646750203315,1.1225144323284157,,,39.4,14.265927977839334,30.6,,22.74,13.213598460551637,66.21759451074603,,,,16.479547600877265,0.8818327974276527,,,,0.0,,,,57.29,
GML,2026-09-12,,,25.6,7.5,,,0.64,0.6353383458646615,,10.6,7.012507689153168,13.6,,10.58,8.549999999999999,-24.169438437627257,,,,8.938124471213825,0.10411502231036192,,,,4.14,,,,72.98,
GMPL,2026-09-12,,,85.4,10.3,,0.5472406824582273,0.829126213592233,1.7960339943342778,,19.1,13.559322033898304,25.7,,12.0,7.766990291262135,18.82170008584154,,18.751472805968273,,7.896607754199958,0.0425531914893617,,,,0.0,,,,73.54,
GOBLIN,2026-09-12,,,19.1,8.25,,0.9786785834581186,0.3448898519321055,0.4119402985074627,,5.17,2.624105418607293,7.86,,6.52,4.171180931744312,8.429733867118028,,,,15.172372578800353,0.3039342844790316,,,,0.0,,,,29.36,
GOEL,2026-09-12,,,22.2,7.89,,,1.0132359653126426,0.7421383647798743,,9.9,3.8928768636112645,10.9,,28.43,12.870835235052486,-11.03130537068755,,,,-0.8524416494447129,1.2432251589160253,,,,0.0,,,,73.99,
GOELCONS,2026-09-12,,,578.0,12.8,,,0.8797564687975646,2.272727272727273,,23.5,10.10989010989011,33.9,,11.0,7.00152207001522,-38.61675247859188,,-14.622109447788867,,34.337942645808475,0.031496062992125984,,,,0.0,,,,71.83,
GOLDKART,2026-09-12,,,180.0,50.6,,1.5405487457583327,1.5384615384615385,3.312693498452013,,6.8,4.545454545454546,9.2,,6.0,3.418803418803419,32.84543909390691,,92.41480885054926,,26.353115859447996,0.5925925925925926,,,,0.0,,,,74.14,
GOLDSTAR,2026-09-12,,,235.0,5.42,,,0.17576664173522813,0.7884615384615383,,9.85,8.365758754863812,,,3.5,3.2161555721765147,,,,,,0.026755852842809364,,,,0.0,,,,61.32,
GOYALSALT,2026-09-12,,,184.0,16.2,,0.6560175113269824,0.9246231155778895,2.7540106951871657,,18.6,9.090909090909092,19.7,,12.0,5.527638190954774,24.694462754859824,,13.205356258268196,,19.36831723586816,0.6567164179104478,,,,0.0,,,,72.61,
GPAPL,2026-09-12,,,72.2,9.79,,,0.18560411311053984,1.4308943089430894,,21.2,5.737704918032787,18.2,,3.0,1.7994858611825193,-8.21987448654362,,38.7139602596632,,38.00536243214614,0.8,,,,0.0,,,,71.0,
GPECO,2026-09-12,,,507.0,12.6,,,1.2246376811594204,4.425349087003223,,45.8,9.750566893424036,38.3,,14.0,10.38647342995169,-38.24742110145074,,,,58.99655169305373,0.990909090909091,,,,0.0,,,,59.42,
GPSL,2026-09-12,,,41.6,7.88,,,0.2273224043715847,0.3706666666666667,,4.7,3.7037037037037033,,,2.4,2.73224043715847,,,,,,0.05309734513274336,,,,0.0,,,,46.54,
GRAPHISAD,2026-09-12,,,47.5,11.1,,,0.33687943262411346,0.4914933837429112,,4.31,2.2988505747126435,5.49,,5.0,2.8368794326241136,-17.319104431407528,,-39.600307110887066,,12.892306360671423,0.46875,,,,0.0,,,,73.67,
GRCL,2026-09-12,,,331.0,59.3,,0.7146893456571027,7.920555156736062,16.85131195335277,,33.1,17.534504391468005,37.9,,21.08,13.376405838717394,82.97311322792721,,,,23.45478786012698,0.3517766497461928,,,,0.0,,,,74.03,
GREENCHEF,2026-09-12,,,162.0,221.0,,,0.49240121580547114,,,1.43,0.5555555555555556,5.89,,2.4,0.303951367781155,,,,,,1.2884615384615385,,,,0.0,,,,73.52,
GREENLEAF,2026-09-12,,,61.7,8.53,,,1.0179838310509817,1.7687074829931975,,30.4,11.974163630341172,36.2,,16.89,11.928724632898863,,,,,,0.1924290220820189,,,,0.0,,,,56.37,
GRERENEW,2026-09-12,,,264.0,21.9,,3.7278428651419704,2.2956521739130435,3.8461538461538463,,26.7,12.76595744680851,35.2,,13.0,10.434782608695652,5.874711137848876,,,,30.28612445571264,0.029411764705882353,,,,0.0,,,,69.99,
GRETEX,2026-09-12,,,333.0,238.0,,,5.977382875605816,6.417910447761194,,3.64,2.0179032013351543,3.01,,1.72,2.387363130497218,-16.028294527857646,,,,30.149540409716025,0.014621008080030782,,,,0.0,,,,65.66,
GSMFOILS,2026-09-12,,,121.0,5.14,,0.03871875373658491,0.39933993399339934,1.6306818181818181,,37.5,14.545454545454545,35.4,,12.0,7.920792079207921,132.7522067205193,,,,94.78384026645897,0.5945945945945946,,,,0.0,,,,54.38,
GSTL,2026-09-12,,,17.4,,,,0.8405797101449275,0.38732394366197187,,-0.62,-0.3919921601567969,1.18,,5.94,-1.352657004830918,,,,,-7.114345325705651,0.15177586587249062,,,,0.0,,,,27.83,
GTIL,2026-09-12,,,190.0,23.4,,,1.6521739130434783,3.341288782816229,,20.6,6.504065040650407,18.8,,15.0,6.956521739130435,-69.26627466040742,,,,13.33313866590402,0.7719298245614035,,,,0.0,,,,73.93,
GUJHYSPIN,2026-09-12,,,15.4,309.0,,,0.18617021276595747,0.8087719298245615,,0.26,0.12531328320802007,4.69,,2.3,0.06044487427466151,,,-15.587912015589001,,10.807455495770801,0.7202505219206681,,,,0.0,,,,64.89,
GULFLLOYDS,2026-09-12,,,21.8,5.07,,,0.6109865470852018,,,31.6,12.188208616780043,,,21.36,12.051569506726457,,,,,,1.1512481644640233,,,,0.0,,,,72.92,
GURUNANAK,2026-09-12,,,45.7,7.51,,,1.086026615969582,0.9669211195928754,,20.5,11.69905714835482,27.2,,22.65,14.448669201520914,-24.87942101425351,,,,2.557303505983577,0.04389312977099236,,,,0.0,,,,68.0,
GVELECTRIC,2026-09-12,,,158.0,15.1,,,1.0128205128205128,,,36.9,12.82051282051282,40.8,,12.0,6.41025641025641,,,,,14.471424255333186,0.48484848484848486,,,,0.0,,,,67.99,
GVL,2026-09-12,,,41.6,55.4,,,1.1063829787234043,0.40712468193384227,,1.32,0.6079766536964981,2.4,,8.86,1.9946808510638296,,,,,,0.09475747182753552,,,,0.0,,,,56.35,
HAMPS,2026-09-12,,,22.2,,,,2.6241134751773045,2.7419354838709675,,-8.76,-4.648241206030151,-3.36,,0.47,-8.747044917257682,,,,,,0.8506172839506171,,,,0.0,,,,71.99,
HANMAN,2026-09-12,,,4.38,,,,20.857142857142858,2.78,,-6.17,-3.8461538461538463,-6.79,,-14.29,-47.61904761904762,,,,,,0.0,,,,0.0,,,,54.04,
HANNAH,2026-09-12,,,250.0,22.4,,0.22490872459454753,2.717391304347826,2.5641025641025643,,15.0,8.270676691729323,17.8,,27.0,11.956521739130435,99.59595849552491,,,,18.70664916411231,0.2755102040816326,,,,1.82,,,,71.28,
HAPPY,2026-09-12,,,127.0,17.7,,,1.341927303465765,,,19.7,7.124222356010436,15.9,,14.19,7.502113271344041,,,,,0.2406577797197551,1.1800900450225111,,,,0.0,,,,72.99,
HARIKANTA,2026-09-12,,,64.2,9.06,,,1.3935315823746472,,,40.9,20.635838150289015,46.8,,22.68,15.498154981549813,,,,,,0.17312290769966523,,,,0.0,,,,70.66,
HARSHDEEP,2026-09-12,,,145.0,11.6,,,2.101449275362319,2.419354838709677,,23.2,16.049382716049383,29.4,,29.0,18.84057971014493,,,,,,0.06666666666666667,,,,0.28,,,,72.96,
HASJUICE,2026-09-12,,,,,,,,,,-2.77,18.360498561840842,8.18,,6.88,20.906113537117903,32.43471939079823,,,,16.055560278250347,0.0,,,,,,,,89.9,
HBEL,2026-09-12,,,17.5,31.9,,1.142716094957862,2.2068095838587642,6.190476190476191,,21.5,20.81218274111675,34.8,,5.42,10.34047919293821,27.915945299760846,,,,48.32771436365692,0.0,,,,0.0,,,,74.88,
HEALTHYLIFE,2026-09-12,,,32.9,7.21,,0.41672194107946964,0.12901960784313726,0.5220472440944882,,8.2,3.4013605442176873,10.6,,2.9,1.9607843137254901,17.30170478022668,,18.12601880431084,,24.230866143863096,0.203125,,,,0.0,,,,28.86,
HELLOJI,2026-09-12,,,43.6,34.8,,,1.577994933043793,2.5656565656565657,,10.8,6.856829402084476,14.3,,5.39,4.524068041983352,-33.71776814626123,,,,17.43582939748498,0.0,,,,0.0,,,,69.97,
HIGHNESS,2026-09-12,,,113.0,27.6,,,7.009925558312655,,,24.7,8.936355710549257,28.3,,41.94,25.434243176178654,-73.56877151661703,,-23.345112686979242,,18.61218429026823,0.2923416789396171,,,,0.0,,,,64.96,
HIGREEN,2026-09-12,,,300.0,56.9,,,2.158273381294964,3.3333333333333335,,5.98,1.7341040462427744,10.4,,17.0,2.158273381294964,-40.488293547461105,,,,21.238363587745468,0.7,,,,0.0,,,,71.92,
HMEML,2026-09-12,,,68.7,7.05,,1.2129948267792536,0.5204545454545455,0.912568306010929,,13.8,7.2992700729927,18.3,,11.0,7.575757575757576,5.812061061067486,,28.654720263132493,,9.33289616710744,0.19736842105263158,,,,0.0,,,,73.07,
HOACFOODS,2026-09-12,,,396.0,67.4,,,7.902614248652964,15.768566493955095,,24.2,12.398088276637615,29.2,,13.85,8.8006385950908,,,,,,0.24283439490445857,,,,0.0,,,,62.08,
HOLMARC,2026-09-12,,,109.0,31.8,,,3.2576210400478183,4.59915611814346,,19.4,12.373737373737374,25.6,,15.66,10.251046025104603,,,,,,0.0,,,,0.46,,,,62.69,
HOMESFY,2026-09-12,,,35.9,,,,0.8975,1.205211726384365,,-50.8,-46.51162790697674,-50.8,,-50.0,-50.0,,,,,-8.953894428551601,0.0,,,,0.0,,,,53.04,
HORIZON,2026-09-12,,,241.0,22.9,,,4.918367346938775,,,53.6,15.384615384615385,36.5,,32.0,20.408163265306122,-56.46652007620412,,,,34.809974988792526,1.44,,,,0.0,,,,69.97,
HPTL,2026-09-12,,,427.0,16.7,,0.6617647946768312,0.17851170568561872,4.22668240850059,,28.9,7.062146892655368,19.9,,1.7,1.0451505016722409,25.23555216949149,,47.63257305640589,,55.4320521547085,1.702970297029703,,,,0.0,,,,73.4,
HRHNEXT,2026-09-12,,,31.2,6.43,,,0.45774647887323944,0.7515923566878981,,12.5,4.974920667417341,15.8,,18.38,7.130281690140845,-70.19578601704279,,-21.69534848433462,,10.049891663344068,0.42650253439536573,,,,0.0,,,,56.57,
HRHYGIENE,2026-09-12,,,145.0,12.7,,0.20867856346589383,1.1153846153846154,,,30.9,6.432748538011696,30.4,,14.0,8.461538461538462,60.85915002034059,,,,45.735275837230205,0.5116279069767442,,,,0.0,,,,48.54,
HRS,2026-09-12,,,494.0,48.4,,,7.264705882352941,6.547314578005115,,21.4,7.2992700729927,18.8,,27.0,14.705882352941178,,,,,,0.52,,,,0.0,,,,72.49,
HSIL,2026-09-12,,,681.0,37.4,,,2.935344827586207,4.415094339622642,,18.1,6.569343065693431,19.6,,10.0,7.758620689655173,,,,,,0.36231884057971014,,,,0.0,,,,52.83,
HVAX,2026-09-12,,,186.0,13.0,,,1.1341463414634145,2.144230769230769,,18.0,9.740259740259742,20.1,,10.0,9.146341463414634,,,,,,0.47126436781609193,,,,0.0,,,,66.65,
IBLFL,2026-09-12,,,151.0,61.8,,,,2.4696356275303644,,4.07,1.8789465578315105,8.46,,,,-24.053298140650583,,,,,,,,,0.0,,,,63.2,
ICELCO,2026-09-12,,,229.0,16.4,,,1.6013986013986015,,,24.7,7.253886010362693,22.0,,19.0,9.79020979020979,,,,,,1.1904761904761905,,,,0.0,,,,60.94,
ICODEX,2026-09-12,,,60.6,8.54,,,2.337061318935596,1.0750000000000002,,18.8,10.711587853150023,24.9,,41.26,27.342846124180486,-93.6980753080298,,-78.51711510625805,,39.556921484516884,0.12519978689397976,,,,0.0,,,,64.44,
ICON,2026-09-12,,,55.9,12.6,,,0.8704453441295547,1.5592105263157894,,17.9,10.23859161454714,23.3,,10.03,6.882591093117409,-85.69531290728608,,,,14.358755457871153,0.01591289782244556,,,,0.0,,,,70.75,
IDEALTECHO,2026-09-12,,,98.9,35.6,,2.397082587843693,2.856730213749278,1.8660377358490567,,11.1,4.844893691181596,12.2,,18.83,8.030040439052572,14.851386506471664,,,,56.05208017545473,0.9098453413806111,,,,0.0,,,,73.52,
IDENTICAL,2026-09-12,,,26.4,16.7,,,1.3807531380753137,0.7401574803149606,,4.54,4.02958428972201,5.41,,18.31,8.263598326359832,-91.11308848907439,,,,33.47828349147947,0.003092493674444757,,,,0.0,,,,63.74,
IDENTIXWEB,2026-09-12,,,72.0,13.5,,,5.517241379310344,2.110091743119266,,19.9,12.60752688172043,26.6,,57.47,35.93869731800766,-69.9566523770062,,,,28.018689075097747,0.003217315004387248,,,,0.0,,,,62.99,
IEML,2026-09-12,,,74.2,4.56,,,0.46375,0.5037406483790523,,14.2,6.808510638297872,15.2,,16.0,10.0,,,,,,0.3741496598639456,,,,0.0,,,,32.64,
INDIFRA,2026-09-12,,,9.37,,,,0.5381964388282596,0.5140562248995985,,-0.88,0.04748338081671415,-0.72,,-1.78,0.05743825387708214,-97.84556530996812,,-84.45031975125757,,20.26010108189866,0.0,,,,0.0,,,,67.56,
INDOBELL,2026-09-12,,,45.5,58.4,,,2.9260450160771705,2.8023255813953485,,4.92,4.024144869215292,6.77,,-0.71,5.144694533762058,-54.166153232832535,,,,-9.197466587764392,0.05795314426633785,,,,2.77,,,,65.0,
INDONG,2026-09-12,,,13.1,,,,0.5695652173913043,0.2170418006430868,,-1.37,-1.0636934512367038,-0.31,,7.26,-3.6086956521739126,,,,,3.01347401373111,0.16975512905360687,,,,0.0,,,,49.23,
INDOSMC,2026-09-12,,,1207.0,37.3,,1.433415881876328,3.893548387096774,7.833827893175074,,34.1,14.285714285714285,33.9,,15.0,10.32258064516129,26.021757168739224,,,,253.79733014223586,0.3051948051948052,,,,0.0,,,,60.25,
INFINITY,2026-09-12,,,294.0,37.6,,,10.683139534883722,7.005208333333334,,25.7,17.679057116953764,35.1,,40.95,28.343023255813954,-83.54162526870095,,,,39.35070135891181,0.012664277180406212,,,,0.0,,,,68.49,
INFINIUM,2026-09-12,,,415.0,34.1,,,2.1842105263157894,3.423423423423423,,10.5,8.0,13.1,,11.0,7.368421052631578,-5.694457430615607,,-10.523056803197006,,18.56311014966876,0.0,,,,0.0,,,,64.91,
INFLAME,2026-09-12,,,172.0,29.6,,,1.1466666666666667,2.772397094430993,,9.86,4.10958904109589,12.4,,13.0,4.0,,,,,,0.8688524590163934,,,,0.0,,,,44.72,
INFLUX,2026-09-12,,,627.0,30.5,,,4.26530612244898,,,,,,,20.0,14.285714285714285,,,,,,,,,,0.0,,,,73.53,
INFOLLION,2026-09-12,,,153.0,12.1,,,1.53,2.276657060518732,,21.0,18.30985915492958,28.6,,15.0,13.0,,,,,,0.0,,,,0.0,,,,51.65,
INFONATIVE,2026-09-12,,,42.5,14.9,,,1.84622067767159,1.087878787878788,,10.3,5.956112852664576,13.8,,14.47,12.380538662033015,,,,,3.7550177833896026,0.12624839948783612,,,,0.0,,,,69.28,
INM,2026-09-12,,,231.0,17.0,,,2.75,2.8846153846153846,,18.4,9.210526315789473,17.3,,25.0,16.666666666666664,-18.31465795006303,,,,49.77744774437014,0.7,,,,0.3,,,,69.47,
INNOKAIZ,2026-09-12,,,13.7,,,,1.4421052631578946,0.32367149758454106,,-8.86,-4.7435897435897445,-5.62,,-38.42,-42.8421052631579,,,,,-67.85195060025532,0.44696797637974106,,,,0.0,,,,71.99,
INNOMET,2026-09-12,,,366.0,233.0,,,6.801709719383014,8.524096385542167,,3.73,2.535939266677435,5.68,,10.41,2.9176732949265936,-52.3301192250377,,2.6823740180085265,,32.19991254164689,0.3477855477855478,,,,0.0,,,,55.02,
INNOVATIVE,2026-09-12,,,20.1,,,,4.379084967320262,1.566371681415929,,-38.3,-13.915492957746482,,,-140.52,-107.62527233115469,,,,,,1.2999999999999998,,,,0.0,,,,0.45,
INNOVATORS,2026-09-12,,,212.0,15.7,,0.9098815799992693,0.9298245614035088,1.2176724137931034,,8.06,3.8997214484679668,11.9,,13.0,6.140350877192982,17.254992677192792,,71.12228158144693,,7.998757081240404,0.2571428571428571,,,,0.0,,,,63.71,
INSPIRE,2026-09-12,,,12.6,34.0,,,1.2413793103448274,0.45792079207920794,,1.32,0.7174713980996703,2.92,,12.81,3.645320197044335,-95.86567086979687,,,,-40.762993179804965,0.6005809731299927,,,,0.0,,,,68.43,
INTEGRITY,2026-09-12,,,75.2,10.8,,,0.432183908045977,2.74294670846395,,41.8,12.068965517241379,35.9,,9.0,4.022988505747127,,,,,56.956357521632306,0.6296296296296297,,,,0.0,,,,66.52,
INVICTA,2026-09-12,,,85.5,19.2,,,2.6429675425038637,1.7128463476070528,,14.0,8.100929614873838,19.4,,30.2,15.085007727975269,,,,,63.071657629975064,0.07351762820512821,,,,0.0,,,,66.7,
IPHL,2026-09-12,,,189.0,8.6,,,0.17630597014925373,0.9986772486772487,,13.0,7.523510971786834,16.7,,4.1,2.2388059701492535,,,,,,0.36507936507936506,,,,0.0,,,,72.99,
IPSL,2026-09-12,,,220.0,20.0,,0.7549764854325326,0.5486284289276808,2.7564102564102564,,17.8,7.534246575342466,15.9,,4.2,2.7431421446384037,26.49089128721913,,27.487416623077145,,26.52015854079155,0.7761194029850746,,,,0.05,,,,64.42,
ISHAN,2026-09-12,,,10.8,12.3,,,0.3584467308330568,0.4672897196261682,,2.39,1.6220830961866817,5.06,,0.7,1.8918021905077995,,,,,,0.20277078085642317,,,,0.0,,,,48.32,
ITALIANE,2026-09-12,,,45.8,11.7,,,0.46044033376897553,0.9597523219814242,,8.55,3.730445246690734,10.6,,8.24,4.051472805871118,,,,,16.400924319037678,0.787523550345405,,,,0.32,,,,73.47,
ITCONS,2026-09-12,,,255.0,48.5,,2.513751521850517,2.906314109870071,4.217585692995529,,10.8,7.002129925452609,13.1,,6.02,5.994985183496695,19.293871959268415,,-39.18091295755243,,45.832692494472724,0.05676928169480305,,,,0.05,,,,62.3,
ITTL,2026-09-12,,,65.4,,,,0.7659873506676038,-3.221674876847291,,,-3.1107491856677525,1.09,,3.89,-2.2370578589833685,,,,,274.92728356847135,-2.136520453425333,,,,0.0,,,,94.55,
IWARE,2026-09-12,,,508.0,35.3,,,1.9689922480620154,8.5,,40.0,9.375,28.0,,11.0,5.813953488372093,-67.77875296284388,,-57.88138402120999,,80.32489023010018,1.25,,,,0.23,,,,69.01,
JAINAM,2026-09-12,,,253.0,38.8,,,1.2281553398058251,1.728,,4.67,3.4653465346534658,6.9,,4.2,3.3980582524271843,,,,,,0.14965986394557823,,,,0.0,,,,66.25,
JAINIK,2026-09-12,,,290.0,20.7,,0.3772251592521629,0.7379134860050891,3.406408094435076,,25.6,12.068965517241379,29.9,,5.0,3.5623409669211195,54.874388656994945,,47.48685186004658,,80.34575150865628,0.07058823529411765,,,,0.0,,,,67.36,
JAKHARIA,2026-09-12,,,73.8,23.3,,,1.177409061901723,3.3241758241758244,,15.4,7.281229124916501,17.7,,8.62,5.216975111678367,,,1.4002339666480124,,-5.852149594304457,0.3616252821670429,,,,0.0,,,,67.39,
JALAN,2026-09-12,,,2.62,0.62,,,0.019124087591240877,,,26.1,4.032258064516129,18.8,,19.0,3.64963503649635,,,,,,4.578947368421052,,,,0.0,,,,19.19,
JAYANT,2026-09-12,,,71.2,8.43,,0.27573724590224996,0.6357142857142858,1.1920415224913496,,15.4,6.6115702479338845,16.7,,10.0,7.142857142857142,30.57258359281818,,30.604072496980052,,38.672254870126935,0.559322033898305,,,,0.0,,,,55.85,
JAYBEE,2026-09-12,,,189.0,10.3,,,0.3448905109489051,1.1387755102040817,,11.6,5.325443786982249,16.5,,6.0,3.2846715328467155,-73.86767682351075,,,,30.601595874401454,0.1927710843373494,,,,0.0,,,,70.61,
JAYESH,2026-09-12,,,114.0,11.3,,,0.8837209302325582,2.183333333333333,,29.0,9.090909090909092,21.8,,15.0,7.751937984496124,-15.709986608298298,,-4.922087857018919,,29.066288067403256,0.8653846153846154,,,,0.0,,,,71.22,
JAYKAILASH,2026-09-12,,,33.5,27.9,,,1.9186712485681556,1.6987341772151898,,6.27,3.139717425431711,8.24,,18.27,6.8728522336769755,-7.4756155673868285,,,,21.22886931018575,0.7672064777327936,,,,0.0,,,,22.56,
JDCABLES,2026-09-12,,,435.0,13.7,,,1.1917808219178083,2.978395061728395,,36.0,13.502109704641349,33.6,,13.0,8.767123287671232,-49.09615348106876,,-28.12092452346627,,107.25403884419413,0.3877551020408163,,,,0.0,,,,70.0,
JETKNIT,2026-09-12,,,21.4,356.0,,,0.9164882226980727,0.9325626204238922,,0.26,0.15045135406218654,3.41,,6.72,0.2569593147751606,-62.93775005194807,,-48.244401264377245,,-12.621158941801392,0.5902140672782874,,,,0.0,,,,68.21,
JETSOLAR,2026-09-12,,,8.19,,,,14.890909090909089,0.3942857142857143,,-4.81,0.18042399639152007,-4.62,,-270.91,7.2727272727272725,-40.159151941142454,,,,6.1373611981101694,0.014436958614051972,,,,0.0,,,,12.55,
JEYYAM,2026-09-12,,,99.3,7.22,,,0.15253456221198156,0.5485564304461942,,7.89,5.090909090909091,10.9,,4.7,2.1505376344086025,-71.80294543203398,,-55.07969938941135,,19.446256107493042,0.3812154696132597,,,,0.0,,,,65.53,
JFL,2026-09-12,,,33.1,5.5,,,0.18806818181818183,0.7534722222222222,,16.9,9.090909090909092,14.5,,4.6,3.4090909090909087,,,,,138.3360688963863,0.22727272727272727,,,,0.0,,,,55.28,
JFLLIFE,2026-09-12,,,35.1,5.2,,0.1908983155562755,0.26793893129770996,1.5251798561151078,,15.0,6.60377358490566,18.2,,9.0,5.343511450381679,27.239632706277472,,11.788477829725164,,40.73144466794347,0.4782608695652174,,,,0.0,,,,67.47,
JIGAR,2026-09-12,,,54.0,30.0,,2.712391006780441,0.9319986192613048,1.7857142857142856,,7.02,3.9508340649692713,8.57,,5.76,3.1066620642043494,11.060352259318783,,27.22596365393921,,26.740241902855423,0.39385935952459555,,,,0.0,,,,42.48,
JIVIAL,2026-09-12,,,36.4,9.71,,,2.0646625070901874,,,43.0,36.58536585365854,51.8,,27.51,21.27056154282473,-78.68519570944656,,,,28.033713527751747,0.04357798165137614,,,,0.0,,,,61.17,
JIWANRAM,2026-09-12,,,10.6,10.5,,,0.19677000185632076,0.16165413533834586,,1.55,0.6540603548763114,2.77,,-0.87,1.8748839799517358,-43.96285784203767,,46.86777695102402,,8.376163296432892,0.6775715155203895,,,,0.0,,,,64.04,
JOINTECAED,2026-09-12,,,5.71,,,,38.06666666666667,1.5281501340482575,,-34.3,-24.031007751937985,-26.8,,-220.0,-1033.3333333333335,,,,,44.22495703074083,0.31016042780748665,,,,0.0,,,,47.68,
JONJUA,2026-09-12,,,11.2,1.39,,0.020338237962636604,0.528052805280528,0.2163265306122449,,19.9,9.584323040380047,19.6,,53.65,38.04809052333805,68.34417035308418,,52.242353903752516,,80.6117729831477,0.5438393202008497,,,,2.16,,,,29.67,
JSHL,2026-09-12,,,1.44,,,,,0.188135593220339,,-2.05,-1.8120045300113252,-1.41,,-900.0,,,,,,,0.0012919896640826874,,,,0.0,,,,0.01,
JUNGLECAMP,2026-09-12,,,63.2,17.0,,,2.6454583507743825,1.1428571428571428,,7.65,5.002149921169558,9.74,,25.45,14.60862285475094,-25.724037702570445,,-16.86635361369575,,10.953782798802724,0.0973789588642155,,,,0.0,,,,69.63,
JUSTO,2026-09-12,,,190.0,9.88,,,2.0652173913043477,1.5029761904761905,,21.5,11.728395061728394,27.2,,30.0,20.652173913043477,-79.45105981488038,,,,9.537610407212128,0.11811023622047244,,,,0.0,,,,39.49,
JYOTIGLOBL,2026-09-12,,,94.0,13.3,,,0.9215686274509803,1.7426470588235294,,18.8,7.777777777777778,19.5,,12.0,6.862745098039216,-57.54748173545278,,-31.990793873500103,,4.649394944764351,0.3888888888888889,,,,0.0,,,,72.91,
K2INFRA,2026-09-12,,,59.5,4.48,,,0.3216216216216216,0.6647887323943662,,16.0,5.6521739130434785,14.7,,12.0,7.027027027027027,-40.71297051963697,,45.04972328585997,,35.11497597182871,1.1666666666666667,,,,0.0,,,,40.7,
KAARYAFSL,2026-09-12,,,10.5,3.76,,,0.2699922859346876,3.906810035842294,,202.0,8.680704770090244,39.6,,11.49,5.194137310362561,,,65.33091704789271,,20.31406675300529,3.479553903345724,,,,0.0,,,,53.85,
KAHAN,2026-09-12,,,13.1,11.2,,,0.44467073998642226,1.188118811881188,,11.2,4.637336504161712,14.3,,10.42,3.971486761710794,-24.638779566076387,,60.6485298535621,,13.235751104662462,0.6001813236627379,,,,0.0,,,,73.49,
KAKA,2026-09-12,,,295.0,41.0,,,1.8670886075949367,,,36.7,10.294117647058822,,,9.0,4.430379746835443,,,,,,2.0,,,,0.0,,,,70.03,
KALANA,2026-09-12,,,25.1,25.9,,,0.4841820987654321,0.5697329376854599,,2.23,1.9341974077766702,3.49,,2.22,1.871141975308642,-47.104275273057915,,-11.972019857373727,,-14.534162884286339,0.04818181818181819,,,,0.0,,,,66.88,
KALYANI,2026-09-12,,,807.0,47.2,,3.3671173300520603,5.38,9.859649122807017,,23.4,17.17171717171717,29.0,,15.0,11.333333333333332,14.017925534917497,,,,33.53145150486625,0.012345679012345678,,,,0.0,,,,59.47,
KANDARP,2026-09-12,,,65.4,35.3,,1.6191236877369908,1.645697030699547,2.1666666666666665,,7.43,4.281416338810461,11.2,,9.74,4.6552591847005536,21.80191684388111,,5.4488934362653785,,35.117242697368866,0.11733510109380178,,,,0.0,,,,58.77,
KANISHK,2026-09-12,,,32.0,7.75,,,0.4068658614113159,0.7041420118343196,,13.3,4.131154116113507,13.8,,10.97,5.238397965670693,-5.082131804574241,,,,9.95716159278186,0.722173339199296,,,,0.0,,,,70.24,
KARBON,2026-09-12,,,156.0,14.8,,,0.5182724252491694,1.3513513513513513,,12.0,4.280155642023346,20.6,,11.0,3.6544850498338874,-10.11144616941464,,28.02860472856148,,24.49367837209635,0.4782608695652174,,,,0.0,,,,51.78,
KARNIKA,2026-09-12,,,739.0,26.4,,,2.9798387096774195,7.628205128205129,,29.0,13.023255813953488,,,15.0,11.29032258064516,,,,,,0.7916666666666666,,,,0.08,,,,73.39,
KASTURI,2026-09-12,,,54.1,13.9,,,0.8404536274662109,1.4606741573033708,,14.2,6.579165974414354,19.3,,12.51,6.151934130806276,,,,,,0.3773279352226721,,,,0.0,,,,67.9,
KATARIA,2026-09-12,,,299.0,24.7,,,0.9033232628398792,2.4689165186500888,,10.5,7.8431372549019605,12.9,,6.0,3.625377643504532,-42.39963738812226,,-21.568916842499462,,0.0,0.1885245901639344,,,,0.0,,,,74.98,
KAYTEX,2026-09-12,,,86.5,4.96,,,0.5372670807453416,0.7414880201765448,,20.9,9.883720930232558,23.2,,19.0,10.559006211180124,,,,,17.995813862247644,0.20512820512820512,,,,0.0,,,,74.38,
KCEIL,2026-09-12,,,93.0,4.95,,,0.5670731707317073,0.9015421115065243,,22.8,7.9831932773109235,22.3,,19.0,11.585365853658537,,,,,,0.7281553398058253,,,,0.0,,,,63.41,
KCK,2026-09-12,,,93.2,222.0,,,3.1625381744146592,3.2516703786191536,,1.48,1.1140583554376657,1.83,,0.07,1.4251781472684086,-47.36367001953017,,-6.885008490516231,,-31.799408604640554,0.07635726795096323,,,,0.0,,,,25.36,
KCSL,2026-09-12,,,6.72,8.51,,0.4283677981290481,1.4867256637168142,0.6376811594202898,,7.79,4.614485981308411,8.9,,33.41,17.477876106194692,19.866105802463508,,29.23276861390751,,1.8352706421320475,0.49525616698292224,,,,0.0,,,,21.09,
KDL,2026-09-12,,,112.0,3.06,,,0.27450980392156865,0.7915254237288136,,29.5,11.935483870967742,38.1,,14.0,9.068627450980392,,,,,,0.04225352112676056,,,,0.0,,,,63.86,
KDML,2026-09-12,,,261.0,,,,3.9545454545454546,3.2947976878612715,,-27.5,-10.833333333333334,-26.1,,-43.0,-19.696969696969695,,,,,-5.008574840700353,0.4177215189873418,,,,0.0,,,,75.0,
KEN,2026-09-12,,,95.1,6.17,,,0.1504746835443038,0.7485493230174082,,12.9,3.8363171355498724,25.0,,4.8,2.3734177215189876,-24.72512054727021,,13.628666344941397,,20.19098606605363,0.4251968503937008,,,,0.0,,,,49.73,
KENRIK,2026-09-12,,,17.2,,,,0.2144638403990025,0.7653631284916201,,0.0,0.0,0.27,,0.06,0.0,,,,,15.626700697879393,0.008952551477170995,,,,0.0,,,,72.01,
KESAR,2026-09-12,,,3839.0,82.1,,1.5029263005815408,10.575757575757576,13.53211009174312,,20.0,10.70615034168565,23.4,,17.0,12.947658402203857,54.626763779589396,,,,89.90814215111689,0.176,,,,0.0,,,,67.59,
KGVL,2026-09-12,,,30.0,5.12,,,0.20134228187919462,0.8206106870229007,,17.4,6.0,15.6,,7.0,4.026845637583892,,,,,,1.0810810810810811,,,,0.0,,,,62.86,
KHAZANCHI,2026-09-12,,,1868.0,18.3,,0.33160402921700666,0.837292693859256,5.392857142857143,,32.4,21.888412017167383,34.8,,6.0,4.571940833706858,55.18630169606355,,,,39.54645375382106,0.34375,,,,0.07,,,,74.51,
KHFM,2026-09-12,,,100.0,28.7,,25.426052442263583,0.9345794392523364,1.4812286689419794,,5.54,2.5,8.83,,9.0,2.803738317757009,1.128763502127228,,,,5.9368583516280715,0.5223880597014925,,,,0.0,,,,37.17,
KIAASA,2026-09-12,,,54.7,4.9,,,0.4051851851851852,0.5016722408026756,,14.9,4.059040590405904,16.1,,17.0,8.148148148148149,-50.05425940236109,,,,39.24766500838337,0.7798165137614679,,,,0.0,,,,50.22,
KIZI,2026-09-12,,,18.7,18.5,,,0.43855534709193245,0.9946236559139784,,7.17,3.5981474884218025,11.3,,5.68,2.368667917448405,,,,,,0.5150891632373114,,,,0.0,,,,59.3,
KKJEWELS,2026-09-12,,,104.0,4.19,,,0.38661710037174724,0.99,,26.7,8.680555555555555,20.4,,17.0,9.293680297397769,-37.30988661903609,,,,30.15598697310584,1.4761904761904763,,,,0.0,,,,62.75,
KKSHL,2026-09-12,,,29.3,,,,3.1471535982814176,2.2872340425531914,,-4.73,-4.1278295605858855,-5.49,,8.27,-6.659505907626208,,,,,64.01707975598907,0.0,,,,0.0,,,,71.36,
KKSILK,2026-09-12,,,21.3,4.45,,0.29308032161747255,0.08693877551020408,0.30383386581469646,,8.73,2.8735632183908044,11.3,,6.0,2.0408163265306123,15.183550964599135,,37.59460679296404,,9.035543672952983,0.8,,,,0.0,,,,66.44,
KKVAPOW,2026-09-12,,,22.7,6.94,,0.18126462808525962,0.02354771784232365,0.883495145631068,,13.8,5.454545454545454,16.4,,0.8,0.3112033195020747,38.28656519095222,,46.883652630697135,,-7.975716491987139,0.6153846153846154,,,,2.75,,,,69.56,
KLASSROOM,2026-09-12,,,163.0,21.5,,,7.074652777777778,,,53.4,29.850746268656714,60.6,,56.38,32.98611111111111,,,,,68.45289490391984,0.18621064060803474,,,,0.0,,,,39.52,
KLL,2026-09-12,,,45.5,3.72,,,0.018207282913165267,0.6275510204081632,,18.4,4.615384615384616,17.0,,0.1,0.4801920768307323,-75.90907676541426,,-49.501254109003824,,58.71893702678677,1.0136986301369864,,,,0.0,,,,73.65,
KMSMEDI,2026-09-12,,,43.8,175.0,,,3.587223587223587,5.277777777777778,,3.05,2.3696682464454977,4.87,,7.37,2.0475020475020473,-23.980939777009493,,16.11871423331621,,3.4459241588056244,0.09265944645006019,,,,0.04,,,,74.42,
KODYTECH,2026-09-12,,,2101.0,125.0,,,26.2625,9.735099337748345,,11.4,6.390977443609022,16.8,,28.0,21.25,,,,,,0.037209302325581395,,,,0.0,,,,69.49,
KONSTELEC,2026-09-12,,,95.9,13.1,,,0.4566666666666667,0.9045584045584045,,7.13,2.631578947368421,11.3,,10.0,3.3333333333333335,,,,,11.132893333020078,0.8490566037735849,,,,0.0,,,,66.81,
KONTOR,2026-09-12,,,33.8,14.9,,,1.3767820773930752,1.186147186147186,,8.29,5.117222723174031,15.4,,29.0,9.246435845213849,-7.914891932908564,,,,31.363389748232095,0.21631081554077702,,,,0.0,,,,65.06,
KORE,2026-09-12,,,210.0,20.4,,,0.24647887323943662,2.5072463768115942,,13.7,4.926108374384237,13.2,,1.8,1.1737089201877933,,,,,,0.4880952380952381,,,,0.0,,,,69.2,
KOURA,2026-09-12,,,30.2,39.7,,,0.32901187493190975,1.706484641638225,,5.75,4.1214750542299345,7.59,,1.34,0.8279769038021572,-22.907413437150915,,,,154.62841074949134,0.018665158371040724,,,,0.0,,,,61.81,
KPGEL,2026-09-12,,,1344.0,9.89,,,1.0786516853932584,2.939890710382514,,34.8,8.56962822936358,36.7,,20.0,10.914927768860354,-36.92835682147789,,,,121.92406407427026,0.7620087336244541,,,,0.2,,,,66.61,
KRATIKAL,2026-09-12,,,175.0,29.4,,,4.765795206971678,,,33.8,19.787516600265604,48.2,,25.03,16.230936819172115,,,,,58.97133655819595,0.00041946308724832214,,,,0.0,,,,53.15,
KRISHCA,2026-09-12,,,249.0,21.8,,,1.064102564102564,1.8417945690672963,,10.0,4.059040590405904,12.8,,12.0,4.700854700854701,-10.381239384163854,,,,48.12480342036851,0.626984126984127,,,,0.0,,,,47.77,
KRMAYURVED,2026-09-12,,,654.0,26.0,,,6.411764705882353,5.703703703703703,,29.0,16.39344262295082,35.3,,30.0,19.607843137254903,-87.68627342728101,,,,4.649394944764351,0.0,,,,0.0,,,,69.15,
KRUPALU,2026-09-12,,,17.6,6.34,,0.16174075779150748,0.2826855123674912,0.8375350140056022,,20.4,6.476502221183073,19.1,,7.68,4.449084484420174,39.198530330695,,,,22.850277413089735,0.6253574833174451,,,,0.0,,,,68.12,
KVSCASTING,2026-09-12,,,170.0,24.1,,,3.3073929961089497,2.6005747126436782,,14.2,6.950606329488316,15.8,,21.58,13.715953307392997,-70.6757424688618,,,,-3.4898502879712856,0.37760736196319017,,,,0.0,,,,70.96,
KVTOYS,2026-09-12,,,189.0,22.0,,,1.0862068965517242,3.451834862385321,,15.7,10.843373493975903,,,7.0,5.172413793103448,,,,,,0.24074074074074073,,,,0.0,,,,58.5,
LABELKRAFT,2026-09-12,,,20.1,15.7,,0.18721482367277906,0.800796812749004,1.508515815085158,,10.1,7.929782082324456,13.0,,8.45,5.219123505976095,83.86088073581735,,,,23.147278222445333,0.15078769692423105,,,,0.0,,,,73.16,
LAKSHYA,2026-09-12,,,81.7,8.15,,,0.4538888888888889,0.801980198019802,,9.82,5.05050505050505,,,11.0,5.555555555555555,,,,,,0.7156862745098039,,,,0.0,,,,69.27,
LAMOSAIC,2026-09-12,,,54.9,33.7,,,0.538235294117647,0.6896103896103897,,2.07,1.5625,4.52,,3.9,1.9607843137254901,,,,,,0.10126582278481013,,,,0.0,,,,49.5,
LAPL,2026-09-12,,,154.0,17.9,,,1.652360515021459,,,41.2,13.768347160178687,34.2,,16.0,9.259656652360515,-36.32604831070575,,,,41.25177234937711,0.8312871287128712,,,,0.0,,,,70.18,
LAXMIPATI,2026-09-12,,,256.0,,,,3.5555555555555554,7.172859450726979,,-3.58,41.53846153846154,21.8,,18.0,37.5,,,,,68.68653306034984,0.4722222222222222,,,,0.0,,,,73.45,
LESL,2026-09-12,,,305.0,15.6,,,2.0065789473684212,,,31.0,11.976047904191617,37.8,,15.0,13.157894736842104,-32.03883030672374,,,,13.48455252486973,0.4383561643835616,,,,0.0,,,,67.26,
LEX,2026-09-12,,,35.6,33.3,,3.6378389975358787,4.506329113924051,2.0581113801452786,,6.3,5.636070853462159,8.42,,4.05,13.291139240506327,9.153786086343029,,15.146411340161482,,22.8586759837637,0.0,,,,1.18,,,,74.6,
LGLL,2026-09-12,,,21.8,,,,1.1906062261059531,0.2864864864864865,,-9.13,-7.624113475177305,-8.35,,-48.01,-39.92353904969962,,,,,-2.2105765493719454,0.22754726890756302,,,,0.0,,,,72.44,
LGT,2026-09-12,,,37.0,,,,,0.9516908212560387,,,,,,,,,,,,,,,,,0.0,,,,71.95,
LIOTECH,2026-09-12,,,33.8,5.34,,0.042723231344464305,0.4822371236981024,,,46.5,18.820726622989877,48.4,,14.25,9.016978170923098,124.99054570440187,,,,102.02837846684858,0.33791044776119405,,,,0.0,,,,71.22,
LKMEHTA,2026-09-12,,,14.7,23.4,,,0.5039424065821049,1.2766666666666666,,5.63,2.80124499777679,7.98,,4.66,2.1597531710661637,,,,,20.311517858041018,0.8895652173913043,,,,0.0,,,,72.92,
LLOYDS,2026-09-12,,,141.0,,,,2.3114754098360657,4.178571428571429,,-4.31,-80.95238095238095,-4.27,,2.8,-55.73770491803278,,,,,21.511385455192045,0.0,,,,0.0,,,,68.37,
LOGICA,2026-09-12,,,267.0,18.8,,0.32843101630314897,0.20288753799392098,2.6132404181184667,,14.9,3.910614525139665,13.6,,2.3,1.0638297872340425,57.24185313437995,,33.92366276065564,,23.127650029855552,1.8333333333333333,,,,0.0,,,,70.96,
LOGICIEL,2026-09-12,,,22.4,9.53,,,1.0805595754944524,0.41039671682626544,,6.0,4.049629501981734,8.58,,10.66,11.336227689339122,-86.7035638684573,,,,14.196647816308117,0.0,,,,0.0,,,,59.03,
LRRPL,2026-09-12,,,80.4,19.6,,,2.0190858864892016,3.3214285714285716,,18.5,10.088801184015788,21.3,,21.4,10.271220492214967,,,,,,0.5227649006622517,,,,0.0,,,,53.24,
LTELEVATOR,2026-09-12,,,803.0,47.2,,0.9725916858743298,7.2342342342342345,7.826086956521739,,24.7,11.971830985915492,30.4,,24.0,15.315315315315313,48.530129020760306,,-45.45120742782841,,48.347883280651494,0.21739130434782608,,,,0.0,,,,56.78,
LUXURY,2026-09-12,,,52.8,10.5,,,0.8801466911151858,1.4349775784753362,,18.2,11.51603498542274,24.0,,11.65,9.218203033838973,-39.04272499448347,,,,4.367173653992817,0.05347448425624321,,,,0.0,,,,68.55,
MACH,2026-09-12,,,38.1,116.0,,,8.318777292576419,2.8436018957345968,,2.81,1.7142857142857144,4.65,,47.16,7.20524017467249,,,,,-5.224867387268595,0.41176470588235303,,,,0.0,,,,54.2,
MACHLTD,2026-09-12,,,357.0,18.4,,,1.5521739130434782,2.946273830155979,,12.8,8.743169398907105,16.5,,8.0,6.956521739130435,,,,,,0.049586776859504134,,,,0.29,,,,72.93,
MACOBSTECH,2026-09-12,,,193.0,66.5,,,4.665216340343244,4.64622641509434,,8.33,5.681818181818182,11.0,,8.32,7.614213197969544,,,,,,0.04790563312469909,,,,0.0,,,,47.78,
MADHAVBAUG,2026-09-12,,,168.0,18.6,,0.8072438159622197,1.5700934579439252,1.9110576923076923,,12.0,8.571428571428571,15.1,,14.0,8.411214953271028,23.041365733881957,,,,2.6241392868386226,0.03409090909090909,,,,0.0,,,,66.34,
MADHURKNIT,2026-09-12,,,140.0,11.4,,0.10058407271362563,0.717948717948718,,,41.1,7.5,24.4,,13.0,6.153846153846154,113.33802353039637,,,,29.881770929853936,1.6818181818181819,,,,0.0,,,,70.55,
MADHUSUDAN,2026-09-12,,,384.0,18.4,,,1.2113564668769716,2.9565217391304346,,17.1,9.545454545454547,17.0,,12.0,6.624605678233439,,,,,,0.680327868852459,,,,0.0,,,,70.47,
MAFIA,2026-09-12,,,2.79,5.94,,0.19074992259039106,0.1844018506278916,0.33157894736842103,,5.75,2.779420461265523,7.62,,4.96,3.1064111037673494,31.140248548123004,,-24.496962505443697,,25.360072895259165,0.4387633769322235,,,,0.0,,,,12.13,
MAGENTA,2026-09-12,,,5.84,48.7,,,0.40499306518723993,0.44270833333333337,,0.89,0.45681063122923593,3.6,,2.29,0.7628294036061026,-53.77591504329102,,-36.58396617064425,,16.755949736235777,0.4010614101592115,,,,0.0,,,,59.59,
MAGSON,2026-09-12,,,280.0,329.0,,,2.5688073394495414,2.7710843373493974,,1.54,0.9009009009009009,3.31,,2.4,0.9174311926605505,-46.82675822611788,,-79.49335989657939,,19.421404525875417,0.09302325581395349,,,,0.0,,,,29.94,
MAHALIFE,2026-09-12,,,416.0,25.2,,,1.2644376899696048,3.4165067178502877,,19.3,5.483870967741936,20.0,,10.0,5.167173252279635,-38.28134455577439,,,,33.913731024681226,0.7459016393442623,,,,0.0,,,,56.35,
MAHICKRA,2026-09-12,,,299.0,58.1,,6.333235406190636,2.8207547169811322,4.473684210526315,,10.0,5.154639175257731,12.7,,7.0,4.716981132075472,9.173826057880019,,,,0.9615974511607561,0.23880597014925373,,,,0.05,,,,40.1,
MAHIP,2026-09-12,,,33.2,,,,,-3.7636761487964985,,,-9.137360985873158,-10.3,,-805.04,146.8599033816425,,,,,,-3.954933008526187,,,,0.0,,,,64.32,
MAIDEN,2026-09-12,,,151.0,29.9,,,0.6508620689655172,1.8563922942206654,,6.41,2.7624309392265194,9.3,,6.0,2.1551724137931036,-27.386964084248987,,1.7292725731439473,,1.6323350324384256,0.8518518518518519,,,,0.0,,,,71.97,
MAITREYA,2026-09-12,,,78.6,,,,1.752508361204013,2.710280373831776,,-8.86,-3.6090005844535367,-2.18,,-1.03,-5.507246376811595,,,,,4.5194196029426426,0.7964174991388219,,,,0.0,,,,73.11,
MAKS,2026-09-12,,,10.5,,,,0.4111198120595145,,,-4.91,-2.9838259899609594,13.2,,6.34,-4.18950665622553,,,,,,1.6434176111595467,,,,0.0,,,,71.19,
MAL,2026-09-12,,,120.0,78.1,,,0.3870967741935484,,,2.41,0.6211180124223602,7.43,,8.0,0.6451612903225806,,,,,,2.523076923076923,,,,0.0,,,,59.74,
MALA,2026-09-12,,,54.3,9.28,,,0.2561320754716981,,,23.8,4.026845637583892,18.4,,7.0,2.8301886792452833,-22.360001789794424,,,,2.6502307236170086,2.5555555555555554,,,,0.0,,,,72.74,
MALPANI,2026-09-12,,,66.9,7.41,,,0.41042944785276075,1.2011605415860735,,17.6,7.377049180327869,20.3,,10.0,5.521472392638037,-8.052113175937425,,,,25.7355012140184,0.39285714285714285,,,,0.0,,,,73.78,
MANAS,2026-09-12,,,162.0,5.11,,0.615075222678982,,1.1370262390670554,,25.0,18.6046511627907,30.6,,-786.0,,8.307926919480213,,,,,0.0,,,,0.0,,,,73.32,
MANAV,2026-09-12,,,53.6,,,,10.613861386138614,-14.623655913978494,,-2197.0,-46.441155743481325,,,-76.04,-130.4950495049505,,,,,,36.6129032258065,,,,0.0,,,,68.84,
MANDEEP,2026-09-12,,,19.4,16.9,,,0.5226293103448276,0.47619047619047616,,3.07,2.357523575235752,4.35,,6.12,3.0980603448275863,,,,,,0.04504283965728274,,,,0.0,,,,67.04,
MANGALCOMP,2026-09-12,,,56.5,9.59,,,1.6602997355274758,1.253776435045317,,13.9,8.732678983833718,16.7,,35.56,17.778430796356155,-49.81131896687068,,21.22221573858343,,24.888662547918152,0.41896092362344584,,,,1.2,,,,73.5,
MANILAM,2026-09-12,,,94.9,46.3,,,0.9125000000000001,1.3436532507739938,,3.93,1.1695906432748537,8.47,,11.0,1.9230769230769231,-48.569990792209694,,-26.492653002945833,,-11.09547322174712,0.7183098591549296,,,,0.0,,,,61.93,
MANIVENI,2026-09-12,,,49.6,12.8,,,0.2917647058823529,,,21.1,10.0,17.4,,4.6,2.3529411764705883,,,,,,1.1111111111111112,,,,0.0,,,,72.46,
MANOJJEWEL,2026-09-12,,,53.8,5.96,,0.050278125781273074,0.4719298245614035,1.384259259259259,,33.8,14.754098360655737,30.2,,12.0,7.894736842105263,118.54061597140722,,83.62224668155048,,101.18345949587253,0.4358974358974359,,,,0.0,,,,65.28,
MARC,2026-09-12,,,248.0,23.5,,0.7567225335964828,3.5428571428571427,3.575,,21.6,12.941176470588237,29.2,,19.0,15.714285714285714,31.05497584208483,,21.75281119953072,,51.82944859378311,0.0,,,,0.0,,,,73.55,
MARCLOIRE,2026-09-12,,,29.7,16.8,,,0.8396946564885497,0.8855932203389829,,8.0,4.579560155239328,12.9,,7.69,5.004240882103478,-27.373464061283293,,,,10.45072832979046,-0.0011933174224343674,,,,0.0,,,,70.42,
MARCO,2026-09-12,,,58.9,14.0,,,0.5718446601941748,1.6153846153846154,,12.2,3.7037037037037033,15.0,,12.0,3.8834951456310676,,,,,22.52265501940296,1.5945945945945945,,,,0.0,,,,72.81,
MARINETRAN,2026-09-12,,,20.5,137.0,,,0.19339622641509435,0.7970297029702972,,1.54,0.0,5.75,,1.5,0.0,-76.6748420044657,,,,3.358185720810525,0.2692307692307692,,,,0.0,,,,67.09,
MARUSHIKA,2026-09-12,,,102.0,11.4,,,0.8793103448275862,2.1660649819494586,,28.6,10.344827586206897,33.8,,14.0,7.758620689655173,,,,,,0.14583333333333334,,,,0.0,,,,58.19,
MASON,2026-09-12,,,271.0,12.4,,,2.068702290076336,1.6305916305916306,,18.8,7.508532423208192,17.3,,26.0,16.793893129770993,,,,,,0.6807228915662651,,,,0.09,,,,52.6,
MASTER,2026-09-12,,,166.0,22.3,,0.41972303253341564,2.2350881917328667,4.510869565217392,,22.4,12.586702757570631,26.6,,16.56,10.017503702706342,53.130274660885135,,-5.989675689501073,,53.11496676159593,0.29518891002989944,,,,0.18,,,,67.1,
MAXPOSURE,2026-09-12,,,70.8,7.47,,,0.8043626448534424,0.896551724137931,,12.3,9.112755935787755,15.3,,14.74,10.770279481935924,,,,,,0.13333333333333333,,,,0.0,,,,61.56,
MAXVOLT,2026-09-12,,,381.0,15.6,,,1.2828282828282829,3.6506276150627617,,23.4,10.666666666666668,,,12.0,8.080808080808081,,,,,,0.8173076923076923,,,,0.0,,,,39.14,
MAYASHEEL,2026-09-12,,,76.7,4.72,,,0.37233009708737863,1.2041522491349481,,35.4,6.748466257668712,27.6,,14.0,5.339805825242718,,,,,17.80549770310449,0.796875,,,,0.0,,,,67.78,
MCFL,2026-09-12,,,113.0,20.6,,,0.289002557544757,3.2710280373831773,,15.6,6.8493150684931505,,,3.4,1.278772378516624,,,,,,1.125,,,,0.0,,,,65.0,
MCON,2026-09-12,,,30.2,9.94,,0.311959921764333,0.4647583871960603,0.8323232323232324,,8.76,3.962460896767466,11.1,,11.77,4.678362573099415,31.863067357444308,,26.721082786019057,,28.006718531843333,0.5012413793103448,,,,0.0,,,,57.41,
MCPL,2026-09-12,,,115.0,9.54,,,0.5665024630541872,0.8358509566968781,,10.0,4.878048780487805,13.1,,12.0,5.911330049261084,-67.07054958903694,,,,39.9871288038256,0.5441176470588235,,,,0.0,,,,53.06,
MDL,2026-09-12,,,110.0,24.7,,0.907574194130478,1.6245753950671984,1.6577540106951871,,6.92,4.308975377283558,7.92,,7.18,6.409688376901491,27.21540581446831,,161.5936621371402,,11.186690131407339,0.32207478890229196,,,,0.0,,,,67.41,
MDRC,2026-09-12,,,116.0,22.2,,,1.395740584767176,1.9871134020618557,,13.2,4.4266441821247895,12.2,,15.15,6.3169293707135115,,,,,13.876225701777978,0.6336464560204953,,,,0.0,,,,72.85,
MEDIORG,2026-09-12,,,35.6,,,,1.5731330092797173,1.0169491525423728,,-13.7,-7.786170830912259,-10.7,,-16.57,-17.764030048608042,,,,,,0.49773755656108604,,,,0.0,,,,54.89,
MEDISTEP,2026-09-12,,,32.0,5.35,,,0.4517859663984188,0.8458646616541353,,21.7,11.888667992047715,27.0,,11.66,8.442750247070451,,,,,,0.13692836373248743,,,,0.0,,,,68.96,
MEGAFLEX,2026-09-12,,,116.0,18.5,,0.4190755250598992,1.485655737704918,1.8640776699029127,,10.7,9.927625290181618,14.9,,10.35,9.310963114754097,44.14478749947462,,-4.0095789491963245,,14.008492201537415,0.031214983191932125,,,,0.0,,,,73.92,
MEGATHERM,2026-09-12,,,473.0,19.5,,,1.3670520231213872,2.85876993166287,,15.8,6.976744186046512,18.1,,10.0,6.9364161849710975,,,,,9.160325177931927,0.296969696969697,,,,0.0,,,,71.85,
MEHUL,2026-09-12,,,54.2,10.4,,,1.7828947368421055,1.3145780051150895,,17.9,11.54611811546118,23.4,,19.84,17.17105263157895,,,,,12.801760032556263,0.047734431790646965,,,,0.0,,,,71.6,
METAINFO,2026-09-12,,,164.0,15.1,,,0.6074074074074074,2.239690721649485,,18.5,8.527131782945736,23.2,,7.0,4.074074074074074,-59.27684134091993,,-20.422726445656604,,35.72088082974532,0.1095890410958904,,,,0.0,,,,70.37,
METALIC,2026-09-12,,,353.0,28.6,,,3.6770833333333335,,,48.5,13.043478260869565,36.1,,23.0,12.5,-41.901168196439706,,,,26.879402568420584,0.9411764705882353,,,,0.0,,,,,
METHODHUB,2026-09-12,,,116.0,3.65,,0.1853561471606991,0.3483483483483483,0.7598522167487685,,32.6,9.30232558139535,36.9,,20.0,9.60960960960961,19.691820616208332,,,,111.89728703571258,0.738562091503268,,,,0.0,,,,26.85,
MGSL,2026-09-12,,,108.0,10.8,,,2.7,1.6481069042316259,,23.0,12.987012987012985,30.5,,34.0,25.0,-81.50131469838607,,,,64.414138288698,0.030303030303030304,,,,0.0,,,,67.26,
MHEL,2026-09-12,,,21.5,24.4,,,0.45483393272688805,1.71875,,7.29,1.8799401837214271,10.9,,10.01,1.8616458641844722,-2.9305720297560622,,20.929610231250884,,-3.1227218815985003,1.8584,,,,0.0,,,,56.32,
MHHL,2026-09-12,,,61.7,,,,0.42847222222222225,0.6954732510288065,,-8.87,-11.03896103896104,-3.83,,-1.8,-11.805555555555555,,,,,-9.143970358393016,0.3977272727272727,,,,0.0,,,,64.02,
MICROPRO,2026-09-12,,,27.2,,,,1.442970822281167,0.6148867313915858,,-2.88,-2.470317885867484,-1.37,,4.83,-6.843501326259947,,,,,,0.08089734874235215,,,,0.0,,,,46.63,
MIEL,2026-09-12,,,21.6,6.89,,,0.6194436478348151,0.4572490706319703,,6.85,5.083373806054719,9.5,,15.37,9.004875250932034,-5.211007899975484,,,,55.74594521234215,0.06475427125079097,,,,0.0,,,,71.97,
MILEFUR,2026-09-12,,,25.2,,,,,1.0383141762452108,,-1.94,-1.907032181168057,-1.91,,-422.73,,,,,,,0.020433183489987742,,,,0.0,,,,0.0,
MILLWORKS,2026-09-12,,,2070.0,55.8,,,13.89261744966443,,,70.0,18.68686868686869,81.0,,35.0,24.832214765100673,-23.958415549844283,,,,320.77709494759637,0.20481927710843373,,,,0.0,,,,47.18,
MILTON,2026-09-12,,,64.6,35.9,,,1.3919413919413919,1.3103448275862069,,3.72,2.4003200426723565,5.98,,9.52,3.878474466709761,-14.400140163888143,,-7.437249031937854,,-8.684194830758063,0.34355329949238583,,,,0.0,,,,72.96,
MINDPOOL,2026-09-12,,,30.1,121.0,,,0.5768493675737831,1.5660792951541849,,1.33,1.3118440779610194,4.32,,1.53,0.6707550785741663,,,-25.0956420485684,,4.427848387282407,0.11654526534859523,,,,0.0,,,,71.27,
MISHDESIGN,2026-09-12,,,11.8,,,,1.4622057001239157,0.6330798479087452,,-5.94,-4.0,-3.46,,-7.68,-12.763320941759604,,,,,-9.945845675058251,0.4298507462686567,,,,0.0,,,,54.91,
MISQUITA,2026-09-12,,,25.9,113.0,,,1.437291897891232,1.7954545454545454,,1.72,1.0574712643678161,3.07,,3.22,1.2763596004439512,-33.55027270624495,,-10.431473250914147,,22.511325016100024,0.17427385892116182,,,,0.0,,,,69.37,
MITTALSTL,2026-09-12,,,28.3,8.19,,0.6944111496357337,0.18993288590604027,0.4880478087649402,,10.2,3.0303030303030303,12.8,,5.0,2.013422818791946,11.794165465655638,,,,-3.730230401965906,0.43103448275862066,,,,0.0,,,,67.97,
MMEL,2026-09-12,,,50.8,4.03,,,0.9960784313725489,0.5454545454545454,,19.0,9.848484848484848,19.3,,72.0,25.49019607843137,-83.52304001362269,,,,85.42148846330946,0.26881720430107525,,,,0.0,,,,57.38,
MNFL,2026-09-12,,,192.0,16.5,,0.3225521284748697,1.5609756097560976,2.9032258064516125,,25.6,10.084033613445378,21.5,,13.0,9.75609756097561,51.154522148148,,,,17.40786022710161,0.6363636363636364,,,,0.0,,,,65.93,
MOBILISE,2026-09-12,,,108.0,20.5,,,5.872756933115824,3.642172523961661,,28.5,17.120980091883613,39.3,,44.86,30.39695486677542,-93.06113849389608,,,,38.31384088025802,0.0030221625251846875,,,,0.0,,,,70.68,
MONIKA,2026-09-12,,,330.0,10.3,,,1.1,1.3508771929824561,,18.9,6.504065040650407,14.7,,15.0,10.666666666666668,-38.73687712515977,,,,28.923198938929808,0.8647540983606558,,,,0.65,,,,62.1,
MONOLITH,2026-09-12,,,3114.0,108.0,,,20.22077922077922,23.84359400998336,,27.8,20.0,34.8,,25.0,18.83116883116883,,,,,,0.04580152671755725,,,,0.0,,,,74.27,
MONOPHARMA,2026-09-12,,,15.8,45.2,,,0.09518072289156627,0.5,,1.12,0.0,4.51,,2.4,0.0,-35.91759518303006,,,,71.3423488160192,1.75,,,,0.0,,,,56.72,
MOPSHOP,2026-09-12,,,43.2,8.33,,,0.9804811620517476,,,69.8,13.703703703703704,46.4,,18.07,11.756695415342714,-77.48083733802855,,,,13.744629111675133,1.0243288590604027,,,,0.0,,,,,
MOS,2026-09-12,,,154.0,8.54,,0.5382051671941882,0.24600638977635783,1.4492753623188408,,18.7,8.67579908675799,19.5,,4.5,3.035143769968051,15.867554829548315,,,,49.5928750003642,0.6698113207547169,,,,0.0,,,,55.69,
MOXSH,2026-09-12,,,89.2,38.8,,1.2938194539840926,6.909372579395817,5.7607361963190185,,18.6,9.7997443544951,21.6,,37.72,17.815646785437643,29.98872824219958,,,,1.2709858772829152,0.23471400394477315,,,,0.0,,,,60.31,
MPEL,2026-09-12,,,52.1,6.12,,,0.9830188679245283,1.4,,35.8,12.98384638829625,30.2,,24.09,16.075471698113205,,,,,,0.5411985018726592,,,,0.0,,,,62.62,
MPKSTEELS,2026-09-12,,,96.7,16.0,,3.642082125424753,0.37335907335907337,1.85546875,,15.9,5.128205128205128,19.0,,4.1,2.3166023166023164,4.393091492447887,,,,23.350304493161133,0.3269230769230769,,,,0.0,,,,66.52,
MPTODAY,2026-09-12,,,19.0,6.39,,0.9435916434991625,0.7929883138564273,0.4,,6.44,5.595327807083648,9.15,,17.49,12.395659432387312,6.771997234210003,,-0.6042738669225667,,3.1835303141708238,0.049190666386377965,,,,0.0,,,,53.42,
MRIL,2026-09-12,,,160.0,8.97,,,1.1764705882352942,1.2905525846702317,,18.3,9.836065573770492,22.2,,15.0,13.23529411764706,-37.282580056604964,,-32.5878685888934,,29.240745046618443,0.11290322580645161,,,,0.0,,,,73.68,
MRP,2026-09-12,,,104.0,17.9,,,1.404266810694032,2.5139664804469275,,9.93,12.532411408815902,,,10.34,7.831487982716716,,,,,,0.05950935146951664,,,,0.0,,,,65.67,
MRTX,2026-09-12,,,678.0,42.1,,,4.346153846153846,,,46.0,10.38961038961039,41.1,,17.0,10.256410256410255,-16.14236366930185,,,,43.31211639151724,0.8113207547169812,,,,0.0,,,,62.28,
MSAFE,2026-09-12,,,601.0,22.5,,,5.834951456310679,6.145833333333333,,39.5,14.76510067114094,37.2,,43.0,21.35922330097087,-32.72864685194571,,-48.38507655415486,,56.2516049217866,0.3979591836734694,,,,0.0,,,,73.23,
MSECL,2026-09-12,,,411.0,11.0,,,2.38953488372093,1.7852760736196318,,21.9,13.754646840148698,28.5,,30.0,21.511627906976745,-86.1912709231491,,,,33.67965523528002,0.05194805194805195,,,,0.55,,,,72.35,
MTL,2026-09-12,,,113.0,11.3,,,0.565,,,45.0,17.24137931034483,57.2,,7.0,5.0,,,,,,0.10714285714285714,,,,0.0,,,,68.74,
MUNISH,2026-09-12,,,224.0,22.2,,,1.2240437158469946,1.7748091603053435,,10.4,4.761904761904762,12.0,,12.0,5.46448087431694,,,,,,0.4523809523809524,,,,0.0,,,,68.01,
MVKAGRO,2026-09-12,,,1514.0,30.5,,1.4969719367513512,4.27683615819209,3.3632286995515694,,17.3,5.701254275940707,14.4,,16.0,14.124293785310735,20.374463442641066,,,,35.91312029466136,0.6711111111111111,,,,0.0,,,,59.82,
MYMUDRA,2026-09-12,,,73.8,6.15,,,0.6254237288135593,1.1289198606271778,,20.2,14.285714285714285,26.3,,16.0,10.16949152542373,-84.7011001691163,,,,29.76654719577534,0.16923076923076924,,,,0.0,,,,57.89,
NACDAC,2026-09-12,,,23.5,5.3,,0.10285250849101431,0.37189428707073907,0.8168498168498168,,16.7,8.650654169107595,20.5,,9.26,7.010602943503718,51.53009953532668,,2.0703725322009703,,75.3504620386359,0.27392969021928304,,,,0.0,,,,69.84,
NAMAN,2026-09-12,,,51.0,,,,0.35664335664335667,0.6610169491525424,,-2.91,-1.639344262295082,-0.35,,0.9,-1.3986013986013985,,,,,-1.5804006402858395,0.2987012987012987,,,,0.0,,,,58.93,
NAMOEWASTE,2026-09-12,,,650.0,45.3,,,3.3333333333333335,6.2971175166297115,,15.0,11.76470588235294,21.3,,12.0,7.179487179487179,,,,,,0.02912621359223301,,,,0.0,,,,69.05,
NANTA,2026-09-12,,,192.0,23.6,,,2.7389443651925824,3.8501026694045173,,25.5,10.201023848170808,32.3,,16.39,11.654778887303854,,,,,,0.08583433373349339,,,,0.0,,,,57.36,
NAPSGLOBAL,2026-09-12,,,22.6,14.7,,,0.16865671641791047,1.223021582733813,,8.34,5.405405405405405,,,1.8,1.4925373134328357,,,,,,0.0,,,,0.0,,,,70.2,
NARMADESH,2026-09-12,,,108.0,30.3,,,1.1342155009451795,2.0290697674418605,,11.2,4.663076316826481,10.8,,4.83,3.7282083595883218,,,,,16.66901134217933,0.20240330454374764,,,,0.0,,,,71.84,
NAVIGANT,2026-09-12,,,21.8,24.0,,22.078270152327757,4.448979591836735,1.6739130434782608,,7.22,6.412103746397695,10.3,,28.78,18.163265306122447,1.0870416855312204,,18.438458847780105,,-7.643266319190223,0.0,,,,0.0,,,,40.21,
NCML,2026-09-12,,,329.0,31.2,,,1.645,3.0136986301369864,,11.2,6.547619047619048,14.5,,11.0,5.5,-13.955305692001863,,,,-9.068130565548627,0.3577981651376147,,,,0.0,,,,73.52,
NEELAM,2026-09-12,,,12.5,8.09,,,0.1059322033898305,0.30845771144278605,,3.88,1.694915254237288,7.82,,4.4,1.694915254237288,-37.930494633923985,,2.517111829582741,,4.299659192254368,0.6,,,,0.0,,,,54.3,
NEETUYOSHI,2026-09-12,,,838.0,33.5,,0.6453726491054955,8.551020408163266,6.101694915254238,,27.5,16.89189189189189,31.8,,31.0,25.510204081632654,51.90799462362084,,,,82.96528550114857,0.029197080291970802,,,,0.0,,,,70.03,
NEOCHEM,2026-09-12,,,175.0,22.7,,,2.0791255791849825,,,48.4,9.823805298516922,27.2,,15.59,9.207556136390638,,,,,,1.8031376518218627,,,,0.0,,,,66.72,
NEPHROCARE,2026-09-12,,,154.0,27.3,,,1.7356023892708214,2.701449275362319,,5.93,4.634213421342134,,,9.38,3.798038994703032,,,,,,0.0,,,,0.0,,,,61.71,
NEPLOG,2026-09-12,,,46.5,7.91,,,0.20043103448275862,0.688259109311741,,13.4,3.6809815950920246,15.2,,7.0,2.586206896551724,,,-35.46344693527185,,7.838064758837748,0.7794117647058824,,,,0.0,,,,73.22,
NEPTUNE,2026-09-12,,,406.0,13.4,,,0.38593155893536124,2.38031914893617,,25.6,13.698630136986301,31.6,,3.0,2.8517110266159698,,,,,,0.1111111111111111,,,,0.0,,,,69.33,
NEWJAISA,2026-09-12,,,61.7,,,,1.5425,1.0683229813664594,,-25.7,-23.61111111111111,-24.5,,-41.0,-42.5,,,,,-3.850028646172776,0.22413793103448276,,,,0.0,,,,61.03,
NEXXUS,2026-09-12,,,54.1,8.59,,,0.2064885496183206,1.4010791366906477,,17.8,9.230769230769232,19.5,,4.6,2.2900763358778624,-64.24200565829888,,,,22.364399884377974,0.5384615384615384,,,,0.0,,,,60.28,
NFPSAMPOOR,2026-09-12,,,26.5,5.86,,,0.5190989226248776,,,35.1,8.495873968492123,24.1,,18.1,8.873653281096965,,,,,44.98630380392552,1.7143709004174121,,,,0.0,,,,64.7,
NHL,2026-09-12,,,26.7,17.2,,,0.8820614469772051,2.0891364902506964,,14.1,8.474576271186441,18.4,,5.72,5.120581433762802,-17.089725813346888,,-26.262009391789398,,37.28050024809817,0.0007818608287724785,,,,2.13,,,,59.49,
NIDAN,2026-09-12,,,18.8,10.7,,,0.7361002349256069,0.2694610778443114,,2.55,1.7976190476190474,5.99,,18.95,5.91229444009397,-24.67101670903683,,-14.021927905128939,,1.714696022410478,0.16028124551585593,,,,0.0,,,,57.04,
NIKITA,2026-09-12,,,173.0,15.5,,,0.4942857142857143,0.9668965517241378,,7.88,2.2448979591836733,9.29,,8.0,3.1428571428571432,,,,,-4.193496484624215,1.324022346368715,,,,0.0,,,,58.95,
NIRMAN,2026-09-12,,,22.1,1.25,,0.01961389142531695,0.11218274111675128,0.17358490566037738,,14.8,13.953488372093023,15.2,,10.0,9.137055837563452,63.73034156733131,,,,89.38957788632484,0.0,,,,7.26,,,,44.34,
NIRMITEE,2026-09-12,,,46.8,78.0,,3.54773225045321,5.246636771300448,9.027777777777777,,12.9,7.936507936507936,14.7,,12.89,6.726457399103139,21.985875622388296,,,,28.95074074684714,0.3294797687861271,,,,0.0,,,,70.81,
NISMGMT,2026-09-12,,,87.8,3.17,,,0.1955456570155902,0.44702320887991925,,14.0,0.303951367781155,12.0,,7.0,0.22271714922048996,-75.9783839778126,,-54.99653612882152,,5.905418415562469,0.42346938775510207,,,,0.0,,,,69.63,
NISUS,2026-09-12,,,357.0,5.24,,3.0027245320146703,0.6363636363636364,1.3303571428571428,,34.0,8.258706467661693,32.0,,25.0,14.795008912655971,1.7450818229017617,,10.826946487798917,,270.8429769266189,0.9739776951672863,,,,0.0,,,,73.98,
NMSTEEL,2026-09-12,,,40.7,5.79,,,0.1271875,0.4777327935222673,,8.22,5.833333333333333,,,3.6,2.1875,,,,,,0.18823529411764706,,,,0.0,,,,73.02,
NOVATEOR,2026-09-12,,,21.2,212.0,,7.421909036338173,5.535248041775457,1.8473684210526315,,0.91,0.7012622720897617,1.67,,-2.61,2.6109660574412534,28.564079532911755,,53.4206382524911,,44.85808611710349,0.08869565217391305,,,,0.0,,,,50.75,
NOVUS,2026-09-12,,,325.0,35.1,,,2.559055118110236,5.277777777777778,,25.1,12.5,33.4,,10.0,7.086614173228346,-77.71208481787684,,,,28.395801749576076,0.0,,,,0.0,,,,70.06,
NPFL,2026-09-12,,,11.5,5.49,,,0.26136363636363635,,,13.1,9.33869526362824,,,7.43,4.749999999999999,,,,,,0.0370835952231301,,,,0.0,,,,47.03,
NRVANDANA,2026-09-12,,,158.0,15.3,,,0.5830258302583026,2.3367697594501715,,26.1,4.433497536945813,18.8,,7.0,3.3210332103321036,,,,,15.25647725659165,1.864864864864865,,,,0.0,,,,73.39,
NSBBPO,2026-09-12,,,121.0,9.44,,,0.75625,0.5654205607476636,,7.26,5.603448275862069,8.15,,12.0,8.125,-67.14562263130263,,,,-17.50549121228646,0.046948356807511735,,,,0.0,,,,33.63,
NUKLEUS,2026-09-12,,,82.6,38.6,,,2.3280721533258175,1.9902912621359223,,5.31,2.79191128506197,7.08,,23.84,6.031567080045097,-49.762353843998994,,,,48.292176221984874,0.43502415458937205,,,,0.0,,,,69.91,
NVENTURES,2026-09-12,,,38.2,546.0,,,2.0460632029994645,1.6935817805383022,,0.31,0.17676767676767677,0.71,,0.96,0.3749330476700589,-35.15006827519721,,-31.436778845810874,,5.300868070532161,0.0,,,,0.0,,,,62.41,
OBSCP,2026-09-12,,,2478.0,78.8,,3.5608546119297144,9.717647058823529,13.66096866096866,,19.6,10.472972972972974,19.5,,18.0,12.156862745098039,22.12951905871168,,32.682938984353996,,30.40095741256328,0.4011627906976744,,,,0.0,,,,69.81,
OCTAWARE,2026-09-12,,,21.3,,,,1.215059897318882,2.571428571428571,,-45.4,-26.888055704338505,-28.8,,-10.15,-28.636622932116367,,,,,0.40253452926410915,0.45367027677496996,,,,0.0,,,,71.13,
OLATECH,2026-09-12,,,28.9,17.8,,,1.0459645313065509,1.45413870246085,,8.55,3.566739606126914,14.5,,13.07,5.89938472674629,,,,,,0.5160965794768612,,,,0.0,,,,62.72,
OLIL,2026-09-12,,,299.0,105.0,,,2.6,3.2781954887218046,,5.51,1.744186046511628,8.61,,5.0,2.608695652173913,,,,,,0.11235955056179775,,,,0.0,,,,16.69,
OMFURN,2026-09-12,,,62.4,9.8,,2.513398155325359,0.7221386413609536,0.9447415329768271,,10.2,6.319590731266928,14.2,,14.64,7.290822821432704,3.8991036812993096,,,,7.155330198167453,0.1589464123524069,,,,0.0,,,,52.14,
OML,2026-09-12,,,22.6,4.74,,1.6426236205718732,0.30081192599494216,0.6088794926004228,,19.5,9.569280780170661,22.8,,9.34,6.269133501929988,2.885627565948301,,,,26.165871960354558,0.11400914224253833,,,,0.0,,,,59.26,
OMNIPOTENT,2026-09-12,,,1.43,,,,,0.08404255319148937,,-2.2,-2.0030045067601403,-2.11,,-19.82,,,,,,,0.0721830985915493,,,,0.0,,,,0.04,
ONDOOR,2026-09-12,,,202.0,18.7,,,0.63125,1.469387755102041,,10.2,7.857142857142857,10.1,,4.8,3.4375000000000004,,,,,21.14137285547597,0.09009009009009009,,,,0.0,,,,28.67,
ONEINDIG,2026-09-12,,,147.0,24.1,,,2.0683832840861123,,,34.4,7.284688995215312,27.0,,17.46,8.569016462642466,,,,,,2.2312138728323703,,,,0.0,,,,37.8,
ONYX,2026-09-12,,,68.9,,,,0.9917950194328488,1.2418300653594772,,-0.38,-0.22070415133998944,1.14,,4.89,-0.3022887577371527,,,,,20.71745058114729,0.2737772965168742,,,,0.0,,,,65.1,
OPCHAINS,2026-09-12,,,21.2,20.6,,,10.984455958549223,0.5567567567567567,,2.75,2.681593335068993,3.71,,-7.25,53.36787564766839,-23.647993833766023,,65.72270086699933,,9.007659126331259,0.0,,,,0.0,,,,74.53,
OPTIMYSTIX,2026-09-12,,,344.0,14.4,,,2.5481481481481483,,,21.0,14.37125748502994,27.3,,23.0,17.77777777777778,,,,,,-0.0,,,,0.0,,,,55.77,
OPTIVALUE,2026-09-12,,,446.0,32.4,,,4.9010989010989015,4.8346055979643765,,22.2,9.859154929577464,27.2,,20.0,15.384615384615385,-87.14814395473456,,-65.00291593772273,,32.63524026321307,0.09782608695652174,,,,0.0,,,,64.07,
ORGANICREC,2026-09-12,,,269.0,10.7,,0.17734267314368815,2.5619047619047617,1.8268215417106652,,19.4,11.904761904761903,15.9,,29.0,23.809523809523807,60.335168125781834,,,,61.34286460245437,0.37398373983739835,,,,0.0,,,,15.07,
ORIANA,2026-09-12,,,2494.0,9.88,,0.09971755342606785,1.3748621830209482,3.2632978723404253,,39.6,9.832227857978932,39.6,,22.0,13.891951488423373,99.07984763510255,,121.10764194181867,,137.7394049805945,0.6671035386631717,,,,0.0,,,,57.98,
OSELDEVICE,2026-09-12,,,662.0,22.7,,,2.25938566552901,3.234782608695652,,18.7,8.123249299719888,23.4,,18.0,9.897610921501707,,,,,,0.46568627450980393,,,,0.0,,,,64.84,
OVAL,2026-09-12,,,101.0,7.34,,,0.6733333333333333,0.9150943396226415,,16.5,6.451612903225806,19.9,,17.0,9.333333333333334,-76.13443701191044,,,,36.483373687391385,0.6818181818181818,,,,2.06,,,,53.12,
OWAIS,2026-09-12,,,139.0,84.4,,,1.1300813008130082,1.2275641025641024,,1.47,1.098901098901099,4.3,,6.0,1.6260162601626018,,,,,,0.26548672566371684,,,,0.0,,,,72.16,
PACE,2026-09-12,,,34.7,9.19,,0.11296754060393532,0.34700000000000003,0.4338028169014085,,4.83,3.9215686274509802,7.53,,6.0,4.0,81.35080175127631,,110.92657270395678,,52.85535436643993,0.2125,,,,0.0,,,,50.92,
PAJSON,2026-09-12,,,502.0,20.2,,0.044129686081020476,1.9609375,3.6952714535901925,,27.5,12.755102040816327,31.4,,14.0,9.765625,457.74175603500885,,,,36.34509865682367,0.25,,,,0.0,,,,62.47,
PANHR,2026-09-12,,,34.6,4.61,,,0.1472340425531915,0.9230769230769231,,27.0,13.333333333333334,29.6,,3.3,3.404255319148936,-82.5557219588424,,-51.756502702160766,,-2.8127487832176667,0.0,,,,0.0,,,,62.9,
PARAGON,2026-09-12,,,105.0,11.6,,,0.9545454545454546,1.069582504970179,,9.64,8.333333333333332,12.8,,12.0,8.181818181818182,-44.7079125467659,,-59.78151908550793,,1.8872362595751646,0.010101010101010102,,,,0.0,,,,74.87,
PARAMATRIX,2026-09-12,,,70.4,27.0,,,2.4402079722703642,1.1107078039927405,,4.03,2.9727497935590423,4.18,,1.63,8.734835355285961,-77.61190466456135,,-55.80068680730735,,0.5726430775318869,0.21261829652996844,,,,0.0,,,,57.05,
PARAMOUNT,2026-09-12,,,31.0,4.78,,,0.42005420054200543,0.4694736842105263,,10.1,2.3020654044750435,9.54,,10.14,2.8997289972899734,,,,,,0.24950705293493095,,,,0.0,,,,64.98,
PARAMPARA,2026-09-12,,,11.7,,,,,1.3493975903614457,,-0.42,-10.982306284319707,-0.25,,-625.0,,,,,,,0.7657864523536164,,,,0.0,,,,1.16,
PARIN,2026-09-12,,,764.0,117.0,,4.350201637662828,3.0806451612903225,10.162721893491126,,9.36,3.5897435897435894,10.8,,9.0,2.82258064516129,26.895305033000483,,6.35174499769573,,45.20744615750163,1.2133333333333334,,,,0.03,,,,72.76,
PARMESHWAR,2026-09-12,,,505.0,15.6,,,0.25595539787126204,4.947526236881559,,37.4,22.857142857142858,43.4,,2.2,1.6218955904713634,-43.653144607683515,,-16.48980480174248,,26.6155191738465,0.22549019607843138,,,,0.38,,,,72.03,
PARTH,2026-09-12,,,731.0,51.3,,,3.691919191919192,6.41717791411043,,18.7,7.446808510638298,21.0,,11.0,7.07070707070707,,,,,44.22495703074083,0.15178571428571427,,,,0.0,,,,61.22,
PARTYCRUS,2026-09-12,,,140.0,11.1,,0.24454527670401932,0.9523809523809523,2.1231422505307855,,25.1,17.333333333333336,34.6,,13.0,8.843537414965986,45.390367581847315,,,,54.318898407929225,0.0,,,,0.0,,,,67.65,
PATELCHEM,2026-09-12,,,267.0,21.3,,,1.948905109489051,2.675,,18.6,9.15492957746479,21.8,,12.0,9.48905109489051,,,,,25.687038166173835,0.15,,,,0.0,,,,68.64,
PATILAUTOM,2026-09-12,,,682.0,38.4,,,4.083832335329341,4.929133858267717,,12.8,8.558558558558559,,,15.0,11.377245508982035,,,,,,0.1510791366906475,,,,0.0,,,,69.29,
PATRON,2026-09-12,,,4.5,,,,0.18587360594795538,0.11829268292682928,,-2.82,-2.238193018480493,-2.71,,-4.83,-4.502271788517142,,,,,23.18987286170482,0.05482686253934942,,,,0.0,,,,20.03,
PATTECH,2026-09-12,,,108.0,57.7,,1.922319597037725,1.8066242890598863,2.7058823529411766,,6.19,2.2807230377289818,7.1,,6.74,3.1448645031783204,30.015820516481817,,,,71.747846843348,0.993734335839599,,,,0.0,,,,57.01,
PBFL,2026-09-12,,,0.98,8.91,,,6.533333333333333,0.09869375907111758,,1.11,0.7617728531855956,0.83,,13.33,73.33333333333334,,,9.856054330611762,,,0.4336016096579477,,,,0.0,,,,30.64,
PCCL,2026-09-12,,,1072.0,42.3,,,1.8578856152513,5.486725663716815,,13.8,5.676855895196507,14.1,,10.0,4.506065857885615,,,,,,1.0153061224489797,,,,0.0,,,,73.21,
PCL,2026-09-12,,,22.7,9.23,,0.20927205237841603,0.394508168230796,0.7088122605363985,,8.79,5.101617586063874,13.3,,10.83,4.275286757038582,44.10526821474403,,,,65.51451222293367,0.37991266375545846,,,,0.0,,,,47.06,
PECOS,2026-09-12,,,27.5,16.8,,1.375184932111282,2.3424190800681433,3.5413153456998314,,22.9,18.161683277962346,32.9,,19.68,13.969335604770016,12.216538741598516,,,,10.001811530419836,0.0,,,,1.9,,,,69.61,
PELATRO,2026-09-12,,,398.0,18.7,,,2.6184210526315788,3.6153846153846154,,21.4,10.869565217391305,19.1,,18.0,13.157894736842104,,,,,40.3331583160365,0.3942307692307692,,,,0.27,,,,52.62,
PENTAGON,2026-09-12,,,71.7,39.0,,,1.4100294985250739,2.1232876712328768,,5.6,2.6806526806526807,7.4,,9.5,3.618485742379548,-25.32727453425425,,-2.7671442138342273,,5.601342591295322,0.9238744075829385,,,,0.0,,,,70.04,
PESB,2026-09-12,,,470.0,24.0,,36.77895932391289,7.014925373134329,2.4144144144144146,,12.2,6.097560975609756,15.1,,50.0,29.850746268656714,0.652547011693061,,7.728240390506613,,18.760386903079397,0.29714285714285715,,,,0.37,,,,52.25,
PFL,2026-09-12,,,55.7,65.5,,,0.9014403625182069,1.2816901408450705,,1.97,1.1959739490822971,3.84,,3.67,1.6345687004369642,-83.90851025657284,,,,9.471002701092313,0.3256510716755013,,,,0.0,,,,61.39,
PGCRL,2026-09-12,,,30.9,38.2,,0.6522571690505591,5.228426395939086,1.2288135593220337,,3.26,3.0055658627087203,4.18,,5.08,13.705583756345177,58.56585686226312,,49.92585265777434,,-14.842053357661534,0.0,,,,0.0,,,,49.89,
PHANTOMFX,2026-09-12,,,179.0,5.48,,,1.7549019607843137,0.5067873303167421,,13.0,8.771929824561402,17.6,,37.0,19.607843137254903,,,,,,0.2545454545454545,,,,0.0,,,,43.95,
PHOGLOBAL,2026-09-12,,,27.5,8.01,,,0.045081967213114756,0.33809523809523806,,4.28,2.0408163265306123,6.38,,0.9,0.49180327868852464,-38.58233480961905,,-22.522285387917606,,10.590485430972985,0.6172839506172839,,,,4.23,,,,71.02,
PIOTEX,2026-09-12,,,14.8,22.4,,,0.16406163396519235,0.5653021442495128,,2.55,2.2117962466487935,4.23,,0.55,0.7316262055204523,-81.15229231112868,,-49.68401907663383,,1.6019192298092566,0.002675840978593273,,,,0.0,,,,65.95,
PJL,2026-09-12,,,140.0,8.45,,,0.8092485549132948,1.608910891089109,,19.0,10.625,,,10.0,9.826589595375722,,,,,,0.3218390804597701,,,,0.0,,,,74.15,
PLADAINFO,2026-09-12,,,9.73,5.62,,,0.13361713814886023,0.4014084507042254,,7.28,3.448955459203784,12.1,,7.25,2.4031859379291407,-44.317101233115366,,-68.58323331486649,,5.4119714534939245,0.7522596548890714,,,,0.0,,,,62.64,
POBS,2026-09-12,,,24.4,35.4,,2.226705629030619,0.7632155145448858,1.2520325203252032,,3.83,14.87946799667498,13.4,,14.45,11.19799812324054,15.897925409840163,,19.428666713322063,,7.534260586125074,0.0379681888147768,,,,3.89,,,,73.34,
POLYMAC,2026-09-12,,,5.87,,,,1.5012787723785166,0.5642201834862386,,-1.71,-1.303680981595092,-1.21,,-8.18,-4.3478260869565215,,,,,38.554235872799445,0.058429118773946354,,,,0.0,,,,25.2,
POLYSIL,2026-09-12,,,215.0,50.2,,4.044773464959645,4.716981132075472,3.1595330739299614,,6.98,2.1386711317451863,8.63,,10.93,6.1649846423870125,12.411078255652285,,-61.2385626252997,,1.2750735630985055,0.6106592836130817,,,,0.0,,,,23.79,
POSITRON,2026-09-12,,,136.0,15.4,,0.4575679154289522,1.0149253731343284,,,85.5,23.684210526315788,65.2,,9.0,6.7164179104477615,33.656205954832075,,,,254.80890771361686,0.6666666666666666,,,,0.0,,,,72.2,
PPARIVAH,2026-09-12,,,476.0,14.2,,,1.136038186157518,2.9029126213592233,,20.4,12.363636363636363,,,13.0,8.1145584725537,,,,,,0.4268292682926829,,,,0.0,,,,65.96,
PPEL,2026-09-12,,,1410.0,45.7,,,4.812286689419795,,,28.1,13.41991341991342,33.4,,18.0,10.580204778156997,-49.588698318801036,,-11.461675007755357,,21.58873458904096,0.30597014925373134,,,,0.0,,,,60.63,
PPSL,2026-09-12,,,8.79,10.5,,,0.43215339233038347,0.3009027081243731,,2.92,2.1238938053097343,4.27,,25.76,4.129793510324483,,,,,,0.08116438356164384,,,,0.0,,,,68.39,
PRAMARA,2026-09-12,,,117.0,11.7,,0.4063127509998889,1.0446428571428572,0.9644495412844035,,10.8,5.88235294117647,15.0,,15.0,8.928571428571429,28.795552123844615,,70.47963168076517,,30.842652407543582,0.3360655737704918,,,,0.0,,,,32.2,
PRAMODINI,2026-09-12,,,261.0,15.0,,,4.209677419354839,,,39.1,18.085106382978726,41.8,,50.0,27.419354838709676,,,,,,0.33962264150943394,,,,0.0,,,,62.64,
PRANIK,2026-09-12,,,46.4,6.49,,,0.27134502923976606,1.0343137254901962,,17.0,7.291666666666667,17.1,,9.0,4.093567251461988,-4.875778179091705,,39.465862528148435,,36.65969146844481,0.9555555555555556,,,,0.0,,,,73.76,
PRARUH,2026-09-12,,,183.0,19.3,,,1.811881188118812,3.742857142857143,,28.3,7.317073170731707,36.3,,14.0,8.91089108910891,-60.29538582678558,,,,53.36318319457176,0.0,,,,0.0,,,,73.22,
PRATHAM,2026-09-12,,,225.0,36.5,,,1.6071428571428572,2.48496993987976,,7.44,2.9850746268656714,10.4,,8.0,4.285714285714286,-67.04508159946865,,,,40.94597464129783,0.5164835164835165,,,,0.0,,,,71.16,
PRECISION,2026-09-12,,,15.3,,,,1.4627151051625238,0.19501466275659823,,-11.2,-5.374668052187969,-5.68,,-94.93,-89.0057361376673,,,,,-61.86647318513372,0.015710818750798314,,,,0.0,,,,41.51,
PREMIUM,2026-09-12,,,76.4,48.0,,,1.6710411198600177,,,14.5,5.471438403303511,20.4,,11.92,3.477690288713911,,,,,,0.5582978723404255,,,,0.0,,,,68.73,
PRESSTONIC,2026-09-12,,,44.9,17.3,,,1.1086419753086418,0.8328611898016998,,6.54,3.457906636520814,9.8,,17.68,6.419753086419753,-31.8392882389955,,,,24.414763069260715,0.31438127090301005,,,,0.0,,,,44.03,
PREVEST,2026-09-12,,,489.0,22.5,,2.1625969029080143,6.52,3.9134615384615383,,17.8,16.541353383458645,24.2,,35.0,29.333333333333332,10.404158060961134,,,,10.227784577092303,0.0,,,,0.25,,,,73.6,
PRIMECAB,2026-09-12,,,311.0,22.7,,0.44054060359092084,1.323404255319149,5.120481927710843,,36.4,7.2727272727272725,27.8,,10.0,5.106382978723404,51.52759998730756,,9.108489423923881,,46.98692829105815,0.8524590163934426,,,,0.0,,,,68.53,
PRITIKA,2026-09-12,,,167.0,20.2,,0.5758820630533157,0.9382022471910112,3.128712871287129,,14.8,3.571428571428571,11.2,,13.0,4.49438202247191,35.07662644135847,,,,26.95025665717814,1.849056603773585,,,,0.0,,,,70.81,
PRIZOR,2026-09-12,,,1296.0,61.9,,,8.470588235294118,17.441860465116278,,35.8,14.893617021276595,38.7,,22.0,13.725490196078432,,,,,,0.5675675675675675,,,,0.0,,,,67.93,
PRLIND,2026-09-12,,,95.8,6.94,,,0.28855421686746985,0.9311111111111111,,14.4,8.0,14.9,,8.0,4.216867469879518,,,,,,0.5436893203883495,,,,0.0,,,,73.7,
PRODOCS,2026-09-12,,,107.0,11.3,,,1.9454545454545455,2.1357850070721356,,19.0,12.82051282051282,,,28.0,18.181818181818183,,,,,,0.28,,,,0.66,,,,51.99,
PROFX,2026-09-12,,,124.0,8.1,,,0.7005649717514124,1.3996062992125984,,24.1,13.392857142857142,31.9,,11.0,8.47457627118644,-87.50142640930476,,-58.09975055399579,,22.621703288100427,0.022222222222222223,,,,0.0,,,,50.3,
PROLIFE,2026-09-12,,,32.3,7.61,,,0.59375,0.6528925619834711,,8.94,7.813936385364957,12.2,,7.54,7.8125,-14.962926900765494,,-5.02172707139853,,-11.374920225593943,0.005443548387096775,,,,0.38,,,,73.74,
PROMAX,2026-09-12,,,30.0,65.2,,,0.5499541704857929,1.0,,4.04,1.8858682341415627,7.79,,3.3,1.4115490375802018,,,,,,0.428997867803838,,,,0.0,,,,68.97,
PROPEQUITY,2026-09-12,,,216.0,13.8,,0.912162944972722,4.595744680851064,1.98,,16.1,13.114754098360656,21.3,,31.0,34.04255319148936,15.128875905403817,,,,17.46269297383025,-0.0,,,,0.0,,,,72.26,
PROPSHOP,2026-09-12,,,105.0,13.1,,,1.4938113529662824,,,52.3,29.528718703976438,70.7,,15.82,11.409873381704367,-3.618195340589103,,-29.231551977074854,,32.11725046897962,0.008794619762027937,,,,0.0,,,,67.5,
PROV,2026-09-12,,,594.0,42.8,,0.9179166487601464,0.6421621621621622,4.117224880382775,,10.1,7.07070707070707,11.5,,2.0,1.5135135135135136,46.627327282723385,,43.11788391150173,,30.20946962678497,0.1875,,,,0.0,,,,67.21,
PSFL,2026-09-12,,,67.4,16.0,,,0.5616666666666668,1.1958041958041958,,7.76,3.125,9.4,,6.0,3.3333333333333335,,,,,2.9428498400178693,0.49122807017543857,,,,0.0,,,,72.29,
PSPL,2026-09-12,,,15.2,12.1,,,0.5457809694793536,0.7525773195876289,,6.44,5.655296229802513,9.51,,6.71,4.524236983842011,-73.91836777897257,,-0.1409117859121789,,7.401322928690357,0.0,,,,1.96,,,,70.75,
PSRAJ,2026-09-12,,,373.0,43.4,,,1.4022556390977443,5.071794871794872,,12.4,10.843373493975903,16.1,,4.9,3.3834586466165413,-42.13897430640969,,,,5.895589606372331,0.013513513513513514,,,,0.0,,,,73.22,
PULZ,2026-09-12,,,52.2,11.3,,,1.5434654050857481,1.3793103448275863,,13.0,10.345596432552954,18.3,,17.89,13.719692489651091,-11.663462027678928,,,,-9.006996748599194,0.0076275644397685435,,,,0.0,,,,68.98,
PURPLEUTED,2026-09-12,,,433.0,28.5,,0.38301203016111207,2.5321637426900585,5.710659898477157,,22.3,6.4655172413793105,22.0,,21.0,8.771929824561402,74.41019538736582,,,,87.35886815524043,1.2763157894736843,,,,0.0,,,,63.82,
PURPLEWAVE,2026-09-12,,,376.0,28.0,,,2.5753424657534247,,,,,,,13.0,8.904109589041095,,,,,,,,,,0.0,,,,71.92,
PURVFLEXI,2026-09-12,,,97.7,22.0,,,0.14803030303030304,0.7082066869300913,,3.23,1.5981735159817352,8.1,,0.2,1.0606060606060608,-37.291167539493344,,-47.334342027240616,,25.612608398570845,1.5144927536231885,,,,0.0,,,,67.65,
PUSHPA,2026-09-12,,,266.0,9.93,,,0.6363636363636364,1.7241379310344829,,25.2,14.606741573033707,30.4,,9.0,6.220095693779904,-68.73124540903225,,-32.45416995291788,,36.04713420245154,0.11688311688311688,,,,0.0,,,,72.67,
PYXISFIN,2026-09-12,,,11.2,,,,,0.5987730061349693,,-5.74,-5.614567526555388,-7.34,,,,,,,,,,,,,0.0,,,,73.42,
QFIL,2026-09-12,,,18.0,12.2,,,0.09782608695652174,0.5675675675675675,,4.76,0.9433962264150944,7.0,,4.7,0.5434782608695652,-22.769566039048605,,-40.41531936752264,,-0.3597153388041008,2.0625,,,,0.0,,,,59.59,
QLINE,2026-09-12,,,1694.0,30.0,,,4.953216374269005,,,25.9,10.01788908765653,22.5,,29.0,16.374269005847953,-44.82155944620747,,,,23.175690475631328,0.9146341463414634,,,,0.0,,,,67.51,
QLL,2026-09-12,,,648.0,44.2,,,5.184,4.244274809160306,,12.2,5.535055350553505,11.9,,24.0,12.0,-57.21642913734297,,,,175.1606040745522,0.6078431372549019,,,,0.0,,,,56.46,
QRIL,2026-09-12,,,7.4,,,,0.47133757961783446,0.5017301038062284,,-3.44,-1.921182266009852,0.44,,2.42,-2.4840764331210194,,,,,41.68379847310122,0.6322869955156951,,,,0.0,,,,47.58,
QTFOODS,2026-09-12,,,27.6,5.3,,0.18011605397120248,0.5038335158817087,,,53.9,19.570944674444863,38.9,,15.46,9.492515516611903,29.42547253920731,,,,14.128693388931701,0.9027777777777778,,,,0.0,,,,61.86,
QUADPRO,2026-09-12,,,15.2,94.8,,,2.3602484472049685,0.7556675062972292,,0.8,0.9485094850948509,1.86,,10.4,3.260869565217391,-37.00394750525634,,-53.19114716602434,,-9.366256150337449,0.05129482071713148,,,,0.0,,,,65.93,
QUESTFLOW,2026-09-12,,,182.0,,,,2.918537524053881,2.230576441102757,,-4.6,-3.4163473818646235,3.71,,0.1,-6.8633739576651696,,,,,,0.06691086691086691,,,,0.0,,,,32.52,
QUESTLAB,2026-09-12,,,139.0,9.24,,,1.2410714285714286,1.4331641285956007,,16.8,13.513513513513514,18.4,,16.0,13.392857142857142,,,,,21.789200001353535,0.08333333333333333,,,,0.0,,,,66.78,
QUICKTOUCH,2026-09-12,,,22.9,,,,2.0818181818181816,0.126056338028169,,-5.3,-8.88888888888889,-2.84,,-214.0,-254.54545454545453,,,,,-55.15875953778839,0.6758241758241759,,,,0.0,,,,55.94,
QVCEL,2026-09-12,,,25.0,7.48,,,0.056818181818181816,0.4099485420240137,,5.61,2.2556390977443606,9.19,,1.2,0.6818181818181818,-16.416002112772322,,-21.652681095443395,,28.576256467965933,1.0833333333333333,,,,4.18,,,,73.22,
RACHIT,2026-09-12,,,88.8,19.4,,,1.6679188580015025,2.545968882602546,,19.4,8.879410624272975,20.8,,15.97,8.602554470323065,-17.868254082845947,,,,18.101541145311174,0.3120343839541548,,,,0.0,,,,67.68,
RACONTEUR,2026-09-12,,,18.9,,,,4.725,0.6069364161849711,,-43.6,-17.073170731707318,-5.55,,-218.0,-525.0,,,,,,5.2105263157894735,,,,0.0,,,,0.01,
RADIOWALLA,2026-09-12,,,17.4,134.0,,,0.8537782139352306,0.8916967509025271,,0.68,0.502706883217324,1.87,,3.14,0.6378802747791954,-80.48242282839766,,-40.28205811464396,,13.333607952319682,0.0706967213114754,,,,0.0,,,,41.54,
RAFL,2026-09-12,,,40.6,9.75,,,5.293350717079531,0.5120481927710843,,5.4,4.167864328830123,6.47,,26.34,56.714471968709255,-11.294242775208685,,-1.8420836997337875,,-11.934622199156308,0.19441284287700672,,,,0.0,,,,21.11,
RAJESH,2026-09-12,,,1432.0,9.97,,,0.8796068796068796,3.517699115044248,,42.9,15.180467091295116,48.6,,12.0,8.783783783783784,,,,,,0.312807881773399,,,,0.13,,,,72.7,
RAJINDLTD,2026-09-12,,,138.0,10.5,,,0.18775510204081633,1.805232558139535,,17.4,5.158730158730158,19.7,,4.1,1.7687074829931975,,,,,30.992529574549145,0.8289473684210527,,,,0.0,,,,66.08,
RAJPUTANA,2026-09-12,,,148.0,16.3,,0.312826844410716,1.2131147540983607,2.9619181946403383,,20.0,12.087912087912088,22.0,,12.0,9.01639344262295,52.10550274451331,,,,74.39900315243186,0.56,,,,0.0,,,,65.77,
RAL,2026-09-12,,,11.2,7.45,,0.7747052120876825,0.4268292682926829,0.613603473227207,,8.58,4.311821816105082,11.9,,9.91,5.754573170731708,9.61656109157143,,,,11.696055612966916,0.6855585831062669,,,,0.0,,,,61.41,
RANJEET,2026-09-12,,,27.0,81.8,,,0.9265614275909403,1.2711864406779663,,1.56,0.9075907590759077,5.45,,5.53,1.1324639670555936,-33.333333333333336,,21.67286837864115,,-8.251089862689875,0.42063118228921337,,,,0.0,,,,68.1,
RAPID,2026-09-12,,,50.3,26.6,,,0.35174825174825175,3.120567375886525,,12.5,9.090909090909092,17.0,,1.7,1.3986013986013985,-76.85410945474123,,,,25.12316627192883,-0.0,,,,0.0,,,,73.47,
RAPIDFLEET,2026-09-12,,,171.0,13.7,,,0.8382352941176471,2.090909090909091,,16.6,9.090909090909092,19.2,,13.0,5.88235294117647,-67.10190741576223,,,,24.386935235286543,0.20987654320987653,,,,0.0,,,,67.54,
RAPPID,2026-09-12,,,167.0,25.7,,,3.1373285741123427,3.2228915662650603,,13.4,8.60329261816251,16.2,,19.37,12.173586323501787,,,,,48.05992988244932,0.345194353123187,,,,0.0,,,,51.69,
RAVEL,2026-09-12,,,72.2,13.6,,,2.679035250463822,1.926605504587156,,22.2,12.769650384329283,30.5,,26.23,19.109461966604826,-81.14294049842259,,,,97.84565117544066,0.0,,,,0.0,,,,72.94,
RBMINFRA,2026-09-12,,,337.0,7.43,,,0.6849593495934959,1.7043010752688172,,27.6,6.686478454680535,28.2,,15.0,9.146341463414634,,,,,,0.7553191489361702,,,,0.0,,,,62.5,
RBS,2026-09-12,,,209.0,18.3,,,0.25394896719319565,1.2201963534361853,,7.27,1.839464882943144,5.39,,3.1,1.336573511543135,-75.00650702788371,,-48.23418137598128,,5.644802982207708,2.2024539877300615,,,,0.0,,,,64.39,
RCAN,2026-09-12,,,16.3,7.29,,0.25815554166516774,0.3823598404879193,1.1470588235294117,,17.1,8.217168011738812,17.5,,12.81,5.254515599343186,28.23878950255214,,44.337818542932816,,9.297622658732063,0.5312280701754386,,,,0.0,,,,61.57,
RCDL,2026-09-12,,,69.4,5.49,,,0.07958715596330276,0.725,,14.2,4.693140794223827,16.6,,2.7,1.4908256880733946,-41.03929226343641,,,,26.67368296093131,0.8,,,,0.69,,,,60.02,
RDEL,2026-09-12,,,23.3,5.48,,3.0070171679592765,0.8006872852233676,0.627906976744186,,17.9,7.134483336124601,20.6,,26.46,14.639175257731956,1.8224039617702026,,,,18.405086015131246,0.23296525720441696,,,,0.0,,,,71.43,
RDGAIL,2026-09-12,,,129.0,14.5,,0.1032947989136359,0.28043478260869564,2.062588904694168,,18.7,11.25,18.6,,3.2,1.956521739130435,140.37492838456808,,,,22.86703656058322,0.19047619047619047,,,,0.0,,,,73.23,
READYMIX,2026-09-12,,,77.3,10.3,,,0.8532008830022075,1.1261980830670926,,11.5,6.868056193187036,16.0,,13.94,8.256070640176603,-51.49511086123193,,-15.580847946869236,,18.1802730236444,0.2459183673469388,,,,0.0,,,,72.06,
RECODE,2026-09-12,,,397.0,35.4,,,4.9625,,,78.0,31.428571428571427,73.9,,21.0,13.750000000000002,-72.51189352457226,,,,53.77619196572583,0.3,,,,0.07,,,,65.02,
REETECH,2026-09-12,,,5.92,,,,,0.4878048780487805,,-2.1,2.708058124174372,-0.44,,-6.37,-227.77777777777777,-23.063803850707842,,-37.084836846447054,,,0.06100577081615828,,,,0.0,,,,73.62,
REFRACTORY,2026-09-12,,,57.0,11.9,,,0.9992987377279102,1.1293103448275863,,9.96,6.2119050706782515,10.7,,13.97,8.397615708274895,,,,,14.528341907658483,0.39294909883145174,,,,0.0,,,,72.48,
REMUS,2026-09-12,,,1037.0,28.0,,,1.2142857142857142,2.953020134228188,,12.2,7.9447322970639025,16.8,,7.0,5.386416861826698,,,,,,0.07692307692307693,,,,0.06,,,,70.95,
REPONO,2026-09-12,,,81.1,12.3,,,1.2425310249731882,1.817972350230415,,14.8,10.806372146493677,,,15.31,10.081201164394056,,,,,,0.20507067534215842,,,,0.0,,,,72.47,
RESGEN,2026-09-12,,,93.3,9.15,,,1.3140845070422535,1.3777089783281735,,16.3,13.333333333333334,18.8,,19.0,14.084507042253522,,,,,,0.014705882352941176,,,,0.0,,,,66.98,
RETAGGIO,2026-09-12,,,107.0,11.9,,0.8311770526767608,1.2741128840200047,1.5072463768115942,,21.4,10.108425570363675,20.8,,14.31,10.657299356989757,14.317045882915913,,,,53.830608723521834,0.30219955371373924,,,,0.0,,,,55.06,
RETINA,2026-09-12,,,59.4,18.3,,,5.09433962264151,2.403726708074534,,3.35,2.156177156177156,,,-31.3,6.34648370497427,,,,,,0.29185520361990946,,,,0.0,,,,53.87,
REXPIPES,2026-09-12,,,152.0,35.7,,6.695219249106174,1.256198347107438,3.6926605504587156,,10.9,6.097560975609756,13.2,,7.0,4.132231404958678,5.332162946682595,,,,1.1268554122493724,0.7317073170731707,,,,0.0,,,,57.0,
REXPRO,2026-09-12,,,41.5,18.8,,,0.5631700366399783,0.647985989492119,,3.5,2.240097749719988,5.22,,3.19,2.9854797123083188,-57.160479849115205,,,,5.430275448733757,0.25015625,,,,0.0,,,,66.98,
REXSEAL,2026-09-12,,,27.1,15.1,,0.21509283482386254,0.7096098455092957,1.0769230769230769,,8.43,4.909983633387889,11.5,,10.32,4.713275726630008,70.20224552047605,,-9.28896902765457,,15.016102199547475,0.15331715210355987,,,,0.0,,,,62.71,
RFBL,2026-09-12,,,208.0,25.2,,,1.4054054054054055,,,37.1,16.0,34.3,,9.0,5.405405405405405,-1.772526396889873,,,,46.57321675338033,0.38461538461538464,,,,0.0,,,,69.7,
RFIL,2026-09-12,,,27.1,4.56,,,0.7298680312415836,,,48.5,16.522948539638385,40.6,,23.13,15.997845408025855,-22.13693349795963,,,,9.850982809987908,0.8206307490144547,,,,0.0,,,,70.11,
RICHA,2026-09-12,,,104.0,13.9,,0.8065065502956532,0.7272727272727273,0.7897489539748954,,6.41,4.605263157894736,8.77,,8.0,4.895104895104895,17.234825922870023,,-62.477186576984245,,61.418152930974436,0.09848484848484848,,,,0.0,,,,24.9,
RIKHAV,2026-09-12,,,184.0,9.69,,,0.0931174089068826,0.748829953198128,,8.03,4.773869346733668,13.1,,0.8,0.9615384615384616,-27.048929133945464,,,,242.92326766936236,0.0326530612244898,,,,0.0,,,,64.06,
RILINFRA,2026-09-12,,,59.4,5.72,,0.08793802071147054,0.43043478260869567,0.5490533562822719,,10.1,7.936507936507936,17.8,,14.0,7.246376811594203,65.04581242245186,,-9.457542863459011,,29.191231309090583,0.05555555555555555,,,,0.0,,,,68.32,
RITEZONE,2026-09-12,,,9.07,26.7,,,0.35512920908379014,0.5879120879120879,,2.23,1.5017667844522968,4.12,,2.58,1.331245105716523,-25.821512830698513,,-39.65823663454837,,4.376736457666608,0.10311284046692608,,,,0.0,,,,41.89,
RITHWIKFMS,2026-09-12,,,47.7,,,,,1.9024390243902438,,,,,,,,,,,,,,,,,0.64,,,,73.53,
RIYAASAT,2026-09-12,,,75.6,14.6,,,2.265507941264609,,,33.1,6.439205955334988,27.8,,36.56,15.552891818999104,-27.996948782505036,,,,16.823171645041235,2.262582056892779,,,,0.0,,,,73.39,
RNFI,2026-09-12,,,861.0,30.3,,1.2134509089453822,0.8705763397371082,5.022156573116691,,20.6,8.86426592797784,27.3,,6.0,3.2355915065722956,24.970107794747065,,-53.54109735422086,,1.8892174993426991,0.17058823529411765,,,,0.0,,,,64.35,
RNPL,2026-09-12,,,74.7,9.06,,,0.8300922324702745,0.6889632107023411,,13.6,4.110408051417467,14.5,,13.07,9.167685298366486,,,,,,0.15776363133130364,,,,0.0,,,,51.1,
ROBU,2026-09-12,,,1145.0,43.2,,1.3585749311737243,3.459214501510574,11.93304535637149,,30.8,16.875,34.2,,12.0,8.157099697885197,31.798025275409646,,,,38.3479283321845,0.375,,,,0.0,,,,69.12,
ROCKINGDCE,2026-09-12,,,189.0,18.6,,,1.575,2.6426076833527357,,18.1,10.1010101010101,20.4,,14.0,8.333333333333332,-44.77625108413069,,,,100.0,0.2112676056338028,,,,0.0,,,,50.95,
RONI,2026-09-12,,,38.9,,,,16.141078838174273,2.4492753623188404,,-3.1,-2.2319474835886215,-2.11,,-58.09,-21.16182572614108,,,,,-44.78911930060367,0.16352201257861634,,,,0.0,,,,60.11,
ROOPSHRI,2026-09-12,,,49.2,492.0,,12.01583316333548,18.426966292134832,3.1574074074074074,,0.64,0.6242197253433209,2.73,,5.24,3.7453183520599254,40.94597464129783,,47.57731615945522,,59.33913013777181,0.003203074951953876,,,,0.0,,,,67.38,
ROXHITECH,2026-09-12,,,105.0,3.56,,,0.5614973262032086,0.8790786948176583,,18.0,9.70873786407767,,,16.0,10.695187165775401,,,,,,0.42727272727272725,,,,0.0,,,,60.53,
ROYAL,2026-09-12,,,50.8,7.11,,,0.4932038834951456,1.2549537648612945,,21.0,11.475409836065573,26.2,,11.0,6.796116504854369,,,,,,0.325,,,,0.0,,,,62.24,
ROYALARC,2026-09-12,,,171.0,17.0,,,1.4741379310344827,2.1038251366120218,,13.1,10.989010989010989,18.0,,13.0,8.620689655172415,-44.37423468901671,,0.9549357430769456,,6.14399229654039,0.0,,,,0.65,,,,72.96,
RSTL,2026-09-12,,,256.0,22.4,,0.44982658555227434,0.5589519650655022,3.4797297297297294,,16.9,5.0691244239631335,14.7,,6.0,2.4017467248908297,49.796967808157476,,54.09578266288224,,14.764512575461964,1.8767123287671232,,,,0.0,,,,74.61,
RTL,2026-09-12,,,103.0,35.4,,,2.055477948513271,2.460567823343849,,9.98,4.260614934114202,11.9,,7.54,5.807224106964678,-68.05720095291477,,,,14.823858412360224,0.26653928827322665,,,,0.0,,,,71.28,
RUDRAGAS,2026-09-12,,,66.7,7.78,,,0.5379032258064517,1.6326530612244898,,23.4,7.258064516129033,22.0,,14.0,7.258064516129033,-58.592896592135666,,,,36.27259779307541,1.4146341463414633,,,,0.0,,,,73.19,
RULKA,2026-09-12,,,52.5,16.0,,,0.4772727272727273,1.217292377701934,,9.2,4.10958904109589,12.4,,5.0,2.727272727272727,-68.76410771892523,,-30.90648416963634,,32.76948654944989,0.13513513513513514,,,,0.0,,,,60.05,
SAAKSHI,2026-09-12,,,610.0,49.6,,,5.258620689655173,5.52,,11.8,7.643312101910828,14.3,,19.0,10.344827586206897,,,,,-1.6669780117221866,0.22522522522522523,,,,0.0,,,,74.82,
SABAR,2026-09-12,,,18.2,69.8,,,0.175,0.15031645569620253,,0.33,0.0,1.02,,1.8,0.0,,,,,,0.2892561983471074,,,,0.0,,,,15.96,
SACHEEROME,2026-09-12,,,1141.0,40.1,,,7.506578947368421,7.6923076923076925,,27.0,16.27906976744186,35.7,,24.0,18.421052631578945,-4.668049480762337,,,,29.493663001001067,0.0,,,,0.0,,,,71.54,
SADHAV,2026-09-12,,,183.0,12.5,,,1.8673469387755102,1.614730878186969,,14.7,7.0754716981132075,8.89,,25.0,15.306122448979592,,,,,,0.801980198019802,,,,0.0,,,,61.78,
SAFE,2026-09-12,,,71.8,74.8,,,19.671232876712327,4.2,,6.19,20.245040840140025,12.8,,55.07,95.06849315068494,-16.06817058117709,,12.832604189737395,,38.294399441801595,0.0,,,,0.6,,,,73.58,
SAFECURE,2026-09-12,,,20.2,3.35,,,0.30203349282296654,0.39566929133858275,,16.7,8.98524810013411,16.6,,17.14,9.016148325358852,-35.435283315688714,,,,12.050129383009423,0.20501764014112117,,,,0.0,,,,66.14,
SAFEENTP,2026-09-12,,,1199.0,18.6,,,5.5,4.158576051779935,,35.9,20.125786163522015,47.0,,36.0,29.357798165137616,,,,,,0.0,,,,0.0,,,,70.07,
SAHAJSOLAR,2026-09-12,,,206.0,6.98,,0.1414229303756945,0.4916467780429594,1.494435612082671,,24.0,6.263048016701461,21.6,,12.0,7.159904534606206,49.35550395863959,,87.55274001145558,,31.32500666640785,1.2753623188405796,,,,0.53,,,,71.28,
SAHANA,2026-09-12,,,959.0,14.1,,0.1497697276701045,2.897280966767372,3.7983193277310923,,31.7,19.4300518134715,39.8,,30.0,22.658610271903324,94.1445258621145,,,,139.8127397304343,0.07142857142857142,,,,0.09,,,,57.31,
SAHASRA,2026-09-12,,,743.0,52.3,,,5.345323741007194,3.1562167906482466,,6.22,3.183023872679045,6.04,,13.0,8.633093525179856,,,,,,0.2851063829787234,,,,0.34,,,,69.9,
SAIFL,2026-09-12,,,26.2,1.8,,,0.09562043795620438,0.19469026548672566,,11.4,7.9787234042553195,14.8,,9.0,5.474452554744526,,,,,,0.05185185185185185,,,,0.0,,,,68.43,
SAILANI,2026-09-12,,,4.14,16.6,,,0.1923791821561338,0.5398773006134969,,3.31,2.242152466367713,5.25,,4.04,1.1617100371747213,,,,,,0.29296875,,,,0.0,,,,36.03,
SAJHOTELS,2026-09-12,,,59.7,20.6,,,3.5367298578199056,0.49865229110512127,,2.44,1.9104765845920406,5.02,,31.46,16.409952606635073,-77.27342629267362,,,,9.919724339620938,0.19032500626618767,,,,0.0,,,,64.27,
SAMAY,2026-09-12,,,69.1,11.3,,,1.377591706539075,1.7307692307692308,,20.2,13.347791798107256,27.2,,14.91,13.496810207336523,,,,,,0.09186746987951809,,,,0.0,,,,69.19,
SAMPAT,2026-09-12,,,31.2,5.26,,,0.1752808988764045,0.5508982035928144,,15.0,5.769230769230769,14.7,,5.0,3.3707865168539324,,,,,11.329458665605173,0.35714285714285715,,,,0.0,,,,63.67,
SANCODE,2026-09-12,,,505.0,1075.0,,,32.04314720812183,36.01063829787234,,7.14,4.633204633204633,6.56,,3.11,3.045685279187817,-14.408871279803071,,,,116.64142566134048,0.2424639580602883,,,,0.0,,,,65.58,
SANGANI,2026-09-12,,,74.3,24.8,,2.007409329514811,0.694392523364486,1.808724832214765,,7.76,3.508771929824561,17.4,,8.0,3.7383177570093453,12.354231713167408,,,,88.40305108480902,0.04878048780487805,,,,0.0,,,,74.09,
SAROJA,2026-09-12,,,16.0,9.88,,2.6440127155137363,0.22779043280182235,0.9255813953488371,,9.83,3.880239520958084,13.0,,5.42,2.3063781321184513,3.736744510353196,,-64.64942866837411,,11.85509450381974,0.8334297281665703,,,,0.0,,,,73.02,
SARTELE,2026-09-12,,,401.0,5.58,,0.18039683271385884,0.7681992337164751,0.4139896373056995,,7.95,6.504065040650407,8.84,,18.0,13.793103448275861,30.931806928400253,,,,153.61416609923856,0.0020964360587002098,,,,0.0,,,,45.3,
SATECH,2026-09-12,,,52.1,24.7,,,0.46517857142857144,1.246875,,5.05,2.380952380952381,,,4.9,1.7857142857142856,,,,,,0.6666666666666666,,,,0.0,,,,69.64,
SATIPOLY,2026-09-12,,,19.2,5.56,,,0.07032967032967033,0.977329974811083,,19.3,4.0,20.3,,2.7,1.098901098901099,-71.15478787317964,,,,12.64443990098776,0.6,,,,0.0,,,,63.01,
SATKARTAR,2026-09-12,,,229.0,14.5,,,1.1393034825870647,3.37995337995338,,26.5,20.0,35.6,,12.0,8.45771144278607,,,,,,0.029411764705882353,,,,0.48,,,,63.62,
SATTRIX,2026-09-12,,,352.0,42.7,,,5.786618444846293,1.7318435754189945,,6.89,3.499047289104452,9.6,,20.5,13.282919612033536,-87.80189942676573,,-67.29403420935401,,18.463657102999996,0.030338907799319224,,,,0.0,,,,74.96,
SATTVAENGG,2026-09-12,,,109.0,8.37,,,0.7622377622377622,1.2316831683168317,,19.7,8.227848101265822,22.8,,15.0,9.090909090909092,-10.392637178172759,,,,19.40401137029506,0.3409090909090909,,,,0.0,,,,62.91,
SAVY,2026-09-12,,,291.0,6.93,,,0.4561128526645768,1.8396846254927728,,39.9,14.893617021276595,42.8,,9.0,6.583072100313479,-15.933270755004092,,,,373.757912147623,0.3270440251572327,,,,0.0,,,,61.81,
SAWALIYA,2026-09-12,,,161.0,20.1,,,3.8973614137012826,3.272727272727273,,25.9,10.297335564422706,25.0,,29.44,19.365770999757927,-44.69236960788311,,,,39.8906382788728,0.30841311876145855,,,,0.0,,,,67.78,
SBLI,2026-09-12,,,3.73,23.3,,,0.10332409972299168,0.9406952965235174,,4.11,2.753872633390706,4.18,,0.47,0.4432132963988919,,,130.92395888238656,,,0.04534005037783375,,,,0.0,,,,3.84,
SBRANDS,2026-09-12,,,14.2,8.99,,,0.971937029431896,1.9883040935672514,,25.0,14.389799635701275,30.5,,11.5,10.814510609171801,,,,,20.64489873148765,0.0,,,,0.0,,,,53.46,
SBVCL,2026-09-12,,,112.0,13.1,,,1.1569052783803326,2.114197530864198,,17.6,8.84937454771012,17.9,,16.26,8.842061770478256,-88.2582320270634,,,,15.814852523091005,0.4338374291115311,,,,0.0,,,,73.53,
SCARNOSE,2026-09-12,,,11.3,1128.0,,,1.121031746031746,1.1585760517799353,,0.1,0.10224948875255625,0.1,,-0.5,0.0992063492063492,-38.662514620347885,,-64.70866076690949,,-37.38977328111245,0.0,,,,0.0,,,,0.0,
SCDL,2026-09-12,,,137.0,9.48,,0.12207005154184612,1.170940170940171,,,29.0,7.142857142857142,29.7,,23.0,11.965811965811966,77.66032601985276,,66.7093115047622,,34.58031530218211,0.8305084745762712,,,,0.0,,,,46.4,
SCML,2026-09-12,,,94.1,10.2,,0.6253308523908416,0.3434306569343065,0.8812217194570136,,9.64,3.0716723549488054,12.3,,12.0,3.2846715328467155,16.31136535323998,,17.59243363398495,,16.341262283824797,1.1415094339622642,,,,0.0,,,,68.25,
SDC,2026-09-12,,,11.7,,,,1.2394067796610169,163.63636363636363,,-188.0,-8.624898291293736,-10.5,,13.88,-22.45762711864407,,,,,-5.818735532176456,127.85714285714232,,,,0.0,,,,74.87,
SDREAMS,2026-09-12,,,155.0,14.6,,,0.8959537572254336,1.2928348909657321,,9.26,5.747126436781609,12.2,,10.0,5.780346820809249,-57.651172917387974,,-2.4523964800197917,,12.655805613553262,0.13333333333333333,,,,0.0,,,,65.29,
SEALMATIC,2026-09-12,,,402.0,41.8,,,3.9029126213592233,3.592233009708738,,8.65,6.993006993006993,,,15.0,9.70873786407767,-67.02038438450882,,,,46.1417919620426,0.08035714285714286,,,,0.3,,,,72.46,
SEEMAX,2026-09-12,,,23.1,13.0,,,1.6812227074235808,,,27.0,7.608695652173914,23.9,,26.35,12.736535662299856,-80.53084267767437,,,,6.765498032030726,1.642570281124498,,,,0.0,,,,68.18,
SEL,2026-09-12,,,82.1,21.4,,,1.1066181426068202,5.446153846153846,,29.1,5.366400448367662,23.6,,11.07,5.162420811430112,,,,,,1.8082282680822825,,,,0.0,,,,62.0,
SELLOWRAP,2026-09-12,,,92.8,9.81,,,0.4256880733944954,1.0321100917431192,,14.8,4.891304347826087,14.4,,10.0,4.128440366972478,,,,,16.746886913582593,0.5,,,,0.0,,,,69.22,
SEML,2026-09-12,,,75.1,7.62,,,0.4316091954022988,0.7299813780260708,,,,,,7.0,5.747126436781609,,,,,,,,,,0.0,,,,41.46,
SERVICE,2026-09-12,,,90.7,18.1,,,0.4699481865284974,1.7391304347826086,,10.1,6.8493150684931505,10.8,,2.5,2.5906735751295336,-11.342660392080084,,-56.05366086651466,,6.672726332896506,0.019230769230769232,,,,0.0,,,,65.35,
SEVL,2026-09-12,,,43.9,11.2,,0.19175223879756007,0.562532034853921,0.8658536585365854,,11.7,5.521989602360546,14.4,,8.59,5.035879036391594,58.40870526588351,,,,220.0713251374983,0.1477384949634604,,,,0.0,,,,69.31,
SFML,2026-09-12,,,53.6,4.8,,,0.10850202429149798,0.5567010309278352,,12.1,2.7027027027027026,10.4,,8.0,1.6194331983805668,-75.80160115194026,,-51.07370550413995,,14.394287153635199,1.5051546391752577,,,,0.0,,,,71.52,
SFSL,2026-09-12,,,14.1,,,,0.5887265135699373,4.21875,,-11.1,-6.283662477558348,-2.99,,-0.25,-1.4613778705636742,,,,,,0.4444444444444444,,,,0.0,,,,57.97,
SGFRL,2026-09-12,,,211.0,35.5,,,4.237798754770035,5.182926829268293,,18.2,2.2557531182469575,9.65,,49.19,11.950190801365737,,,,,,4.168792934249264,,,,0.59,,,,63.32,
SHAIVAL,2026-09-12,,,38.2,6.57,,,955.0,1.7553191489361701,,30.8,25.39335664335664,31.0,,-2200.0,14525.0,-4.700217851260313,,,,-75.5895511105943,0.0,,,,0.0,,,,72.63,
SHAMFOAM,2026-09-12,,,67.0,7.75,,,0.7258938244853738,,,51.5,17.534968578958036,45.6,,12.1,9.371614301191766,,,,,,0.18892045454545456,,,,0.0,,,,72.9,
SHANMUGA,2026-09-12,,,68.4,16.1,,,1.5210140093395599,1.608974358974359,,10.2,7.935909519321395,12.6,,18.41,9.36179675339115,-82.68268708234085,,,,6.613117883017061,0.15835294117647059,,,,0.0,,,,72.06,
SHANTHALA,2026-09-12,,,11.2,8.45,,,0.2123222748815166,0.47293447293447294,,4.36,3.894018466479326,5.98,,0.64,1.8388625592417063,,,,,,0.004839419269687637,,,,0.0,,,,61.91,
SHANTIDENM,2026-09-12,,,55.9,7.68,,,0.0794034090909091,0.5287539936102237,,6.88,4.329004329004329,,,2.3,1.4204545454545454,,,,,,0.44339622641509435,,,,0.0,,,,73.57,
SHANTIGURU,2026-09-12,,,11.1,0.99,,,,0.44554455445544555,,58.2,39.285714285714285,71.7,,-443.0,,,,116.89435423953971,,,0.0,,,,0.0,,,,33.01,
SHARVAYA,2026-09-12,,,149.0,12.8,,,0.6478260869565218,1.91958495460441,,23.3,12.121212121212121,28.5,,8.0,5.217391304347826,-43.634520240075226,,,,48.665409684523084,0.15584415584415584,,,,0.0,,,,61.31,
SHAYONAENG,2026-09-12,,,54.5,13.5,,0.6515220796027789,1.3533647876831387,2.046783625730994,,22.1,7.562710595282665,19.7,,18.7,10.032282095852992,20.720709892488532,,17.321091443622482,,47.45652559347835,0.7575075075075075,,,,0.0,,,,64.14,
SHEEL,2026-09-12,,,124.0,10.6,,,1.1272727272727272,,,14.0,9.67741935483871,15.7,,15.0,10.909090909090908,-22.17022240600002,,-12.975035297465453,,7.316761752004952,0.32142857142857145,,,,0.0,,,,72.29,
SHEETAL,2026-09-12,,,404.0,35.1,,1.6811058842994795,2.2954545454545454,7.384937238493724,,23.3,9.448818897637794,22.5,,12.0,6.8181818181818175,20.879113164621543,,69.8953696085967,,10.910922915185894,0.7037037037037037,,,,0.14,,,,65.32,
SHELTER,2026-09-12,,,51.9,5.74,,,0.7096950635853959,0.6681127982646421,,15.1,10.720645850647037,20.4,,17.39,12.34787364966498,-6.8474792016768316,,45.64787795242009,,26.47239919940978,0.010439775544825787,,,,1.14,,,,44.38,
SHERA,2026-09-12,,,477.0,13.9,,0.3561706365723028,0.2739804709936818,2.459016393442623,,16.9,5.422446406052964,19.5,,6.0,2.469844916714532,39.02623791160924,,33.35152615913688,,25.775747199744735,1.3575129533678756,,,,0.0,,,,62.35,
SHETHJI,2026-09-12,,,431.0,21.6,,1.0052641945162561,0.5626631853785901,3.2758620689655173,,24.6,8.16326530612245,25.6,,3.5,2.610966057441253,21.48688883760965,,,,17.93352952987599,0.3409090909090909,,,,0.0,,,,70.13,
SHIGAN,2026-09-12,,,135.0,20.0,,1.2542948567435626,0.6192660550458715,1.362704918032787,,7.02,3.431372549019608,11.0,,9.0,3.211009174311927,15.945214071852764,,,,9.952273860131577,0.6666666666666666,,,,0.75,,,,69.74,
SHINEFASH,2026-09-12,,,58.8,6.99,,0.1710724786537048,0.5764705882352941,1.8559322033898302,,30.6,2.631578947368421,31.1,,12.0,2.941176470588235,40.85987445210038,,61.24464467960622,,69.3532851810357,0.6451612903225806,,,,0.07,,,,67.47,
SHIPWAVES,2026-09-12,,,51.6,14.5,,,0.5659756498848305,0.606312292358804,,6.43,2.892344677334535,8.38,,9.07,4.222880333443019,,,,,,0.2992135227139335,,,,0.0,,,,67.4,
SHIVAEXPO,2026-09-12,,,14.8,,,,1.2617220801364024,0.5088397790055249,,-0.25,-0.16034206306787813,1.59,,5.88,-0.5115089514066495,,,,,34.230772996179226,0.1720250521920668,,,,0.0,,,,44.46,
SHIVAM,2026-09-12,,,203.0,33.9,,,0.7147887323943662,4.857142857142857,,15.5,8.450704225352112,16.6,,3.2,2.112676056338028,-66.07778666681045,,,,21.84458391076154,0.5238095238095238,,,,0.0,,,,73.0,
SHIVASHRIT,2026-09-12,,,220.0,15.7,,0.47601721228802873,1.9298245614035088,2.1352313167259784,,20.5,8.860759493670885,19.2,,21.0,12.280701754385964,32.98200063929671,,,,36.32142352200898,0.47058823529411764,,,,0.0,,,,73.0,
SHIVTEXCHEM,2026-09-12,,,275.0,3.53,,,0.09906340057636888,0.672316384180791,,20.9,5.259608900876602,15.3,,4.9,2.809798270893372,-30.53722885203758,,-20.835333367884445,,35.41264444282444,1.7097560975609756,,,,0.0,,,,73.65,
SHKSIL,2026-09-12,,,69.3,11.2,,,1.0399159663865545,0.6492805755395683,,6.88,4.296902072215677,7.76,,9.77,9.30372148859544,-64.88067772350587,,-38.53558568768506,,-10.909122408042105,0.2691297824456114,,,,0.0,,,,73.58,
SHLOKKA,2026-09-12,,,50.3,10.1,,,0.6138638027825237,0.5889724310776943,,8.81,3.7781840341255335,10.6,,13.91,6.053209665608982,-79.77358962526262,,,,110.6196024791045,0.3134590605599157,,,,0.0,,,,70.34,
SHOORA,2026-09-12,,,31.7,793.0,,,2.6910016977928692,1.5842956120092377,,0.2,0.189753320683112,0.24,,0.17,0.33955857385398985,-55.480790329919074,,,,77.40027077607459,0.035429141716566866,,,,0.0,,,,26.01,
SHREE,2026-09-12,,,16.0,4.42,,,0.10666666666666667,0.42385321100917434,,12.1,6.0606060606060606,16.8,,4.3,2.666666666666667,,,,,,0.13513513513513514,,,,0.0,,,,58.3,
SHREEDHAR,2026-09-12,,,291.0,47.2,,,1.9931506849315068,,,24.6,3.488372093023256,12.1,,12.0,4.10958904109589,,,,,,3.8666666666666667,,,,0.0,,,,70.48,
SHREEKARNI,2026-09-12,,,275.0,18.1,,,1.3480392156862746,2.3664596273291925,,14.6,5.9760956175298805,12.8,,15.0,7.352941176470589,,,,,17.11400027999277,0.8448275862068966,,,,0.0,,,,69.21,
SHREENATH,2026-09-12,,,24.6,8.6,,,0.21391304347826087,0.5434782608695652,,6.36,3.75,8.97,,-0.1,2.608695652173913,-70.79976826512188,,-36.27202451363316,,-17.39191441610083,0.5869565217391305,,,,0.0,,,,72.98,
SHREEOSFM,2026-09-12,,,86.3,11.4,,0.6088377110072881,0.5640522875816993,1.0256410256410255,,9.43,6.106870229007633,12.3,,11.0,5.228758169934641,18.724201530058536,,-0.04060090660794602,,23.109771758945065,0.15476190476190477,,,,0.0,,,,52.24,
SHREEREF,2026-09-12,,,1433.0,66.6,,,9.305194805194805,6.600660066006601,,13.0,7.482993197278912,13.8,,21.0,14.285714285714285,,,,,44.53849053277344,0.1712962962962963,,,,0.0,,,,44.6,
SHREESHAY,2026-09-12,,,32.8,1093.0,,256.5510807943901,20.62893081761006,1.355191256830601,,0.12,0.8345428156748913,0.87,,-2.52,14.465408805031446,4.260360145884445,,-13.448185816888959,,-38.573231400613636,-0.0,,,,0.0,,,,73.1,
SHRIAHIMSA,2026-09-12,,,1083.0,37.2,,,8.804878048780488,5.6,,16.7,13.302752293577983,21.7,,29.0,23.577235772357724,-44.58601143785079,,,,5.752487283920038,0.10362694300518134,,,,0.0,,,,68.4,
SHRIKANHA,2026-09-12,,,35.5,4.08,,,0.17233009708737865,0.5786802030456853,,23.7,6.0,18.2,,9.0,4.368932038834951,-12.169738696149901,,,,15.12716684899502,0.9032258064516129,,,,0.0,,,,68.59,
SHRITECH,2026-09-12,,,149.0,7.79,,0.5485447401224876,1.7738095238095237,1.2648305084745763,,17.7,14.17910447761194,22.7,,28.0,22.61904761904762,14.201211733906206,,-32.76730568104046,,13.798047356553855,0.025423728813559324,,,,0.0,,,,70.34,
SHTL,2026-09-12,,,64.5,16.6,,,3.5265172225259707,2.4945295404814,,23.0,10.805555555555555,22.4,,36.47,21.26845270639694,,,87.0540416902475,,21.016522610093435,0.24361948955916474,,,,0.0,,,,70.68,
SHUBHLAXMI,2026-09-12,,,19.5,18.4,,,0.3112529928172386,0.8251121076233183,,4.59,2.016359140194027,6.86,,4.2,1.6919393455706306,-4.826946434467272,,-12.139569570279674,,-6.748579278912947,0.5658061785865425,,,,0.0,,,,57.31,
SHUBHSHREE,2026-09-12,,,189.0,17.9,,,0.9356435643564357,4.627249357326479,,29.6,15.714285714285714,32.6,,7.0,5.445544554455446,,,,,,0.3170731707317073,,,,0.0,,,,73.58,
SHYAMDHANI,2026-09-12,,,109.0,12.8,,,0.7465753424657534,1.5963855421686746,,18.5,7.627118644067797,17.0,,11.0,6.164383561643835,-45.50502464196493,,14.48435755676265,,29.007407453361655,0.5217391304347826,,,,0.0,,,,72.0,
SIDDHICOTS,2026-09-12,,,64.7,6.71,,,0.13535564853556487,0.474910394265233,,8.94,5.649717514124294,10.6,,5.0,2.092050209205021,-35.51409740673146,,-7.928641129759184,,33.92395719392989,0.19852941176470587,,,,0.0,,,,66.24,
SIDDHIKA,2026-09-12,,,145.0,14.4,,0.35660581093327065,2.5,3.0880420499342973,,23.6,16.666666666666664,31.6,,22.0,17.24137931034483,40.380721677848875,,48.488908227362536,,19.485817377915016,0.0,,,,1.7,,,,63.09,
SIGNORIA,2026-09-12,,,75.6,,,,,3.1863727454909823,,,,,,,,,,,,,,,,,0.0,,,,70.05,
SIHORA,2026-09-12,,,32.7,33.7,,,1.7283298097251585,2.0398671096345513,,9.1,4.982023626091423,11.5,,10.41,5.1268498942917535,,,,,,0.08909657320872273,,,,0.0,,,,69.97,
SILKFLEX,2026-09-12,,,326.0,26.9,,0.5766868352945873,2.963636363636364,6.853658536585366,,29.2,9.090909090909092,22.7,,20.0,10.909090909090908,46.64576743157098,,36.74155470342815,,35.72088082974532,1.2916666666666667,,,,0.0,,,,70.14,
SILKY,2026-09-12,,,43.8,9.03,,,0.4398031930916758,0.7535596933187294,,16.2,5.261444998915165,17.9,,11.86,4.869966864142985,-28.18900512470721,,24.54038043446527,,-1.7509504023089817,0.4237783895388851,,,,0.0,,,,60.53,
SILL,2026-09-12,,,117.0,11.1,,1.6252288960742214,0.5246636771300448,,,24.9,8.59375,23.1,,9.0,4.932735426008969,6.829807190120918,,,,5.856046813447735,0.8125,,,,0.0,,,,71.94,
SILVERPRL,2026-09-12,,,3.56,29.7,,,3.4901960784313726,0.2633720930232558,,0.89,0.8765522279035792,1.26,,0.0,11.76470588235294,,,-28.271320854415716,,4.260360145884445,0.0,,,,0.0,,,,27.27,
SIMCA,2026-09-12,,,313.0,18.8,,,2.4645669291338583,,,71.7,25.757575757575758,97.5,,18.0,13.385826771653544,-60.816721593621956,,,,119.55373264604484,0.0,,,,0.0,,,,,
SIROHIA,2026-09-12,,,6.69,223.0,,,,0.23537906137184114,,0.11,0.10334137099552188,0.25,,-400.0,,,,,,,0.0,,,,0.0,,,,50.11,
SISL,2026-09-12,,,106.0,73.7,,4.454492437590488,2.354509107063527,9.076923076923077,,13.3,13.597733711048157,18.2,,8.97,3.198578409595735,16.545094875021405,,-46.337363993540215,,66.46332213440887,0.005132591958939264,,,,0.0,,,,72.07,
SIYARAM,2026-09-12,,,75.8,20.0,,,0.20939226519337015,0.5829145728643216,,2.95,1.4598540145985401,7.34,,4.7,1.1049723756906076,-30.530533529900573,,11.056096572989382,,-9.722160752221365,0.8769230769230769,,,,0.0,,,,51.12,
SJLOGISTIC,2026-09-12,,,502.0,6.62,,0.27258925979400034,0.7675840978593272,1.601010101010101,,29.1,15.800415800415802,32.4,,18.0,11.62079510703364,24.285623010249303,,,,69.62543848150055,0.38613861386138615,,,,0.0,,,,50.81,
SKIEL,2026-09-12,,,13.8,,,,92.00000000000001,2.0727673649393608,,-23.7,-4.464285714285714,-21.7,,-1073.33,-200.0,,,,,-72.09079990001759,0.0,,,,0.0,,,,72.12,
SKIFL,2026-09-12,,,9.98,111.0,,2.870274835868023,332.6666666666667,0.8398148148148148,,0.76,0.8317929759704251,0.92,,-1700.0,300.0,38.672254870126956,,21.67286837864115,,-64.83661130830407,0.0,,,,0.0,,,,0.0,
SKL,2026-09-12,,,14.1,13.8,,0.08390148029599484,0.45542635658914726,0.5643564356435644,,4.16,2.323232323232323,3.78,,5.91,2.971576227390181,164.47862363471035,,,,3.604171080171059,0.4244116473873155,,,,0.0,,,,67.24,
SKM,2026-09-12,,,595.0,29.5,,3.7758213297126146,1.871069182389937,7.386018237082067,,34.8,9.67741935483871,26.2,,10.0,5.660377358490567,7.812869684235113,,,,34.05542574388099,1.25,,,,0.0,,,,73.53,
SKP,2026-09-12,,,284.0,481.0,,,2.7572815533980584,6.021126760563381,,1.79,0.9009009009009009,11.4,,9.0,0.9708737864077669,-61.74420989689967,,,,25.586982883949894,0.8541666666666666,,,,0.65,,,,74.9,
SKYTECH,2026-09-12,,,27.4,6.97,,,0.5304937076476283,,,23.2,8.82909396678579,26.1,,12.86,8.131655372700871,-37.444493754130725,,,,13.709668131871599,0.48633017875920087,,,,0.0,,,,70.01,
SLONE,2026-09-12,,,93.4,10.4,,0.1691218832798955,0.387551867219917,1.9514884233737595,,20.8,8.256880733944955,26.0,,7.0,3.7344398340248963,61.49411181040407,,,,100.27739286589674,0.1875,,,,0.28,,,,73.33,
SMARITIME,2026-09-12,,,6.91,8.86,,,0.3786301369863014,0.5501222493887531,,6.41,5.583392984967788,8.46,,6.85,4.273972602739726,-21.144016569380952,,-67.00986657577408,,-11.242010998604712,0.036653386454183264,,,,0.0,,,,72.33,
SMARTEN,2026-09-12,,,102.0,11.6,,,0.41975308641975306,1.2181818181818183,,14.4,6.474820143884892,17.8,,4.9,3.7037037037037033,-55.231030641048484,,-45.519919264395384,,11.351960710989362,0.05952380952380952,,,,0.0,,,,67.1,
SMAUTO,2026-09-12,,,42.4,12.5,,6.815793307921557,0.594587014443977,1.6402116402116402,,14.1,7.9271178419309045,16.1,,5.82,4.69779834525312,1.8339758022697161,,,,1.270327033168961,0.29156999226604796,,,,4.85,,,,72.95,
SMEL,2026-09-12,,,23.2,1158.0,,,26.363636363636363,1.9811320754716981,,0.17,0.17152658662092624,0.34,,6.82,2.272727272727273,0.0,,0.0,,6.917810999860885,0.0,,,,0.0,,,,57.87,
SMR,2026-09-12,,,177.0,7.13,,,0.4097222222222222,,,66.7,29.069767441860467,71.5,,8.0,5.787037037037037,-73.52336719394741,,,,85.20737569958247,0.34,,,,0.0,,,,65.74,
SMVD,2026-09-12,,,17.0,,,,,1.3709677419354838,,,220.00000000000003,,,-947.0,,117.94491883648158,,71.62531082937846,,,-0.9,,,,0.0,,,,65.53,
SNEHAA,2026-09-12,,,45.0,5.59,,,0.9116693679092382,0.8700787401574804,,24.2,12.513584847073437,29.4,,23.78,16.329011345218802,-34.19986339686042,,,,53.4902640518619,0.06993817619783617,,,,0.0,,,,73.68,
SOCL,2026-09-12,,,38.8,7.05,,,0.34954954954954953,0.8430232558139535,,17.9,8.571428571428571,19.7,,7.0,5.405405405405405,,,,,,0.391304347826087,,,,0.0,,,,72.01,
SODHACAP,2026-09-12,,,55.6,23.7,,,11.656184486373167,3.111111111111111,,18.6,13.019390581717452,25.0,,69.6,49.26624737945493,-86.48850240281712,,,,24.362344088539345,0.0,,,,0.71,,,,73.57,
SOLARIUM,2026-09-12,,,307.0,16.8,,,0.8342391304347826,1.8870346598202823,,12.0,4.357298474945534,12.9,,8.0,5.434782608695652,,,,,,0.9631901840490797,,,,0.0,,,,58.58,
SOLVEX,2026-09-12,,,18.8,268.0,,,0.12207792207792208,0.4976303317535545,,0.24,0.0,6.76,,4.9,0.0,,,,,,1.4473684210526316,,,,0.0,,,,70.72,
SONALIS,2026-09-12,,,17.1,1.97,,,0.114,0.5202312138728323,,42.2,18.367346938775512,47.1,,7.0,6.0,,,,,177.75661214391206,0.09090909090909091,,,,0.0,,,,35.91,
SONAMAC,2026-09-12,,,48.4,,,,0.5727132883682404,0.7333333333333334,,-5.12,-3.88327721661055,-5.9,,-4.11,-4.09419003668205,,,,,1.4909378261646733,0.1145374449339207,,,,0.0,,,,73.59,
SONUINFRA,2026-09-12,,,59.2,4.56,,,0.30515463917525776,0.7336244541484715,,18.5,7.784431137724551,19.1,,15.0,6.701030927835052,,,,,,0.5679012345679012,,,,0.0,,,,53.26,
SOTAC,2026-09-12,,,99.5,17.2,,1.2840131592548236,0.9851485148514851,1.6885553470919326,,10.3,4.511278195488721,12.6,,18.0,5.9405940594059405,13.395501343601502,,68.0046024121935,,9.465403655630112,0.6440677966101694,,,,0.11,,,,72.85,
SOTEFIN,2026-09-12,,,540.0,31.1,,,4.615384615384615,,,24.7,13.178294573643413,31.2,,24.0,14.529914529914532,-31.269459194074635,,,,46.77813975959759,0.2857142857142857,,,,0.0,,,,45.7,
SPCL,2026-09-12,,,156.0,13.3,,,1.0064516129032257,1.251450676982592,,9.91,6.842105263157896,12.8,,12.0,8.38709677419355,,,,,,0.304,,,,0.0,,,,71.34,
SPCON,2026-09-12,,,122.0,14.8,,,1.352399955659018,2.963671128107075,,28.8,10.21398357800448,28.6,,16.59,9.100986586852901,-59.644342593209544,,,,50.71553554686501,0.37153284671532844,,,,0.0,,,,62.1,
SPEB,2026-09-12,,,209.0,30.4,,,4.132885109748863,3.75,,16.9,11.850957391754356,22.9,,17.88,13.585129523432865,,,,,9.658557443709714,-0.0,,,,0.0,,,,73.18,
SPECTSTM,2026-09-12,,,137.0,11.2,,,0.09448275862068965,0.7946308724832215,,7.39,4.270462633451958,7.57,,1.0,0.8275862068965517,-30.088626331743807,,-11.92647879500024,,23.59538672270627,0.1744186046511628,,,,0.0,,,,74.52,
SPINAROO,2026-09-12,,,34.9,64.7,,,0.8887191240132416,2.0746887966804977,,4.44,1.9396551724137931,6.27,,3.69,1.3750954927425516,-56.41511288093534,,,,-9.579352717473954,0.38680926916221037,,,,0.0,,,,47.66,
SPITZE,2026-09-12,,,255.0,28.6,,0.7690153695843535,4.811320754716981,5.543905635648755,,25.6,11.11111111111111,21.2,,13.0,18.867924528301888,37.190414042645294,,-33.44724395021128,,11.728531583684099,0.5869565217391305,,,,0.0,,,,66.72,
SPL,2026-09-12,,,46.2,5.75,,0.27807595850781036,0.3019607843137255,0.49583333333333335,,9.0,3.619909502262444,9.95,,16.0,5.228758169934641,20.67780339895331,,,,49.27183319275166,0.946236559139785,,,,0.0,,,,44.46,
SPML,2026-09-12,,,146.0,85.8,,,6.298533218291631,,,,,,,15.44,7.333908541846419,,,,,,,,,,0.0,,,,43.43,
SPPPOLY,2026-09-12,,,18.1,,,,0.16306306306306306,0.39333333333333337,,-8.56,-4.878048780487805,-5.5,,-2.4,-3.6036036036036037,,,,,18.92130903339455,0.2826086956521739,,,,4.26,,,,67.08,
SPRL,2026-09-12,,,18.2,5.17,,0.06572946135544212,0.6465364120781527,1.1320754716981132,,24.6,18.8066062866276,28.6,,18.79,12.539964476021314,78.65574878276324,,31.43523925629279,,1.1013835019484386,0.06575682382133995,,,,0.98,,,,69.42,
SPUNWEB,2026-09-12,,,243.0,10.6,,0.1020854661783815,0.75,1.9765166340508806,,27.4,9.05511811023622,26.9,,17.0,7.098765432098765,103.83456526003255,,,,40.83016031253044,0.6260162601626016,,,,0.0,,,,65.27,
SRGFFL,2026-09-12,,,18.0,85.9,,,,1.221818181818182,,1.42,1.355713363460297,1.9,,,,-26.192987909922106,,-16.311034330944587,,,,,,,0.0,,,,69.01,
SRIGEE,2026-09-12,,,47.6,6.93,,,0.6582768635043562,1.1369472182596292,,22.4,10.944718814720407,22.5,,7.99,9.500760614022957,-9.470793433242275,,,,15.328398459147285,0.19723018147086915,,,,0.0,,,,45.37,
SRIVASAVI,2026-09-12,,,102.0,18.3,,,0.9272727272727272,2.1818181818181817,,12.8,7.0588235294117645,14.8,,8.0,5.454545454545454,,,,,,0.40425531914893614,,,,0.0,,,,74.57,
SRSOLTD,2026-09-12,,,82.2,8.03,,,0.7210526315789474,0.7461139896373057,,9.69,8.0,12.6,,35.0,8.771929824561402,-4.780558062955887,,-68.06361642478946,,46.84780191517228,0.05454545454545454,,,,1.39,,,,66.69,
SSEGL,2026-09-12,,,1113.0,10.8,,,1.1728134878819811,3.101449275362319,,30.3,15.327380952380953,36.3,,15.0,10.853530031612223,-32.511760901019656,,55.621001369859904,,56.62331787206638,0.25069637883008355,,,,0.0,,,,58.27,
SSFL,2026-09-12,,,269.0,16.6,,,1.5459770114942528,3.6133486766398155,,24.4,13.114754098360656,29.3,,17.0,9.195402298850574,,,,,,0.4533333333333333,,,,0.16,,,,58.28,
SSL,2026-09-12,,,59.6,103.0,,,9.597423510466989,1.4464285714285714,,1.52,1.0302197802197801,1.58,,-7.25,7.246376811594203,-52.26121403347969,,,,31.03706971044482,0.006539113586824898,,,,0.0,,,,62.52,
SSMD,2026-09-12,,,53.7,9.77,,,0.46695652173913044,1.3449023861171365,,23.5,12.244897959183673,30.7,,7.0,5.217391304347826,,,,,,0.025,,,,0.0,,,,68.24,
SSPNFIN,2026-09-12,,,2.61,261.0,,,8.419354838709678,0.5948275862068966,,0.23,0.14144271570014144,1.71,,35.48,3.225806451612903,,,-28.451545944737223,,6.038306207109678,0.5804988662131519,,,,0.0,,,,0.0,
SSPRL,2026-09-12,,,281.0,14.8,,,6.386363636363637,,,15.5,8.878504672897195,16.2,,68.0,43.18181818181818,,,,,,0.48872180451127817,,,,0.0,,,,50.97,
SSTL,2026-09-12,,,55.2,11.6,,,0.12748267898383372,1.2923976608187133,,11.8,3.90625,8.05,,1.1,1.1547344110854503,,,,,,1.372093023255814,,,,0.0,,,,44.35,
STAL,2026-09-12,,,38.8,,,,0.45663175238319403,0.9869281045751633,,-7.89,-4.400912384274788,-4.46,,-0.74,-3.8601859479816403,,,,,1.4784641648194707,0.36451695131277084,,,,0.99,,,,70.36,
STANBIK,2026-09-12,,,32.0,7.33,,,0.3725261932479627,0.96,,17.4,12.729927007299272,19.1,,5.63,5.0756693830034925,-85.25485004360291,,,,62.65879186659984,0.0038945476333133618,,,,0.0,,,,68.52,
STARIMAGIN,2026-09-12,,,138.0,7.18,,0.1711425967792409,1.550561797752809,1.1936936936936937,,23.6,12.337662337662337,26.0,,37.0,21.34831460674157,41.95331925027161,,,,15.341962818541921,0.1810344827586207,,,,0.0,,,,71.92,
STELLAR,2026-09-12,,,13.1,,,,5.770925110132159,0.231858407079646,,-0.38,-0.3054367745876604,-0.19,,11.45,-8.81057268722467,,,,,-10.250493401295358,0.01064018442986345,,,,0.0,,,,24.05,
STML,2026-09-12,,,69.7,,,,0.3030434782608696,2.4324324324324325,,-19.8,-11.11111111111111,-3.56,,6.0,-6.521739130434782,,,,,19.43492903386488,2.7241379310344827,,,,0.0,,,,71.98,
STRIDERS,2026-09-12,,,113.0,20.2,,,1.5084768388733147,2.110726643598616,,16.3,6.095176010430247,16.8,,12.82,7.4889867841409705,,,,,,0.3867906976744186,,,,0.0,,,,69.52,
STUDIOLSD,2026-09-12,,,49.8,,,,0.6906115656635695,0.6274509803921569,,-3.9,-1.0735373054213633,-3.22,,-3.48,-1.3867702121758425,,,,,15.59921441434524,0.0,,,,0.0,,,,73.5,
SUBAHOTELS,2026-09-12,,,245.0,13.6,,,2.1491228070175437,1.7719298245614035,,19.4,8.181818181818182,16.9,,22.0,15.789473684210526,-15.852583503022888,,,,48.233240357647375,0.37681159420289856,,,,0.0,,,,60.93,
SUBAM,2026-09-12,,,558.0,170.0,,,0.9117647058823529,1.4,,3.0,0.2812939521800281,5.02,,7.0,0.32679738562091504,-80.17425227310414,,-60.17583320671783,,7.4009586231831515,0.42462311557788945,,,,0.0,,,,58.93,
SUDARSHAN,2026-09-12,,,985.0,39.2,,1.3525236196006885,1.3456284153005464,6.1180124223602474,,16.3,3.894080996884735,15.1,,8.0,3.415300546448088,28.982857993691226,,13.785963934846258,,16.411986472844518,1.8387096774193548,,,,0.0,,,,58.93,
SUGSLLOYD,2026-09-12,,,644.0,21.1,,3.013367304484145,2.0125,4.633333333333334,,32.4,11.397058823529411,28.7,,15.0,9.6875,7.002133450044878,,-31.605587941269153,,70.11614811319606,0.49640287769784175,,,,0.0,,,,70.54,
SUNITATOOL,2026-09-12,,,606.0,95.8,,,12.809131261889663,8.616071428571429,,10.8,4.564896755162243,10.1,,19.34,13.083914605791588,,,,,,0.6144646924829157,,,,0.0,,,,62.75,
SUNLITE,2026-09-12,,,944.0,23.0,,,0.3382300250806163,5.846153846153846,,25.4,17.4468085106383,,,2.2,1.46900752418488,,,,,,0.12962962962962962,,,,0.0,,,,74.47,
SUNREST,2026-09-12,,,32.7,7.93,,,0.4616687844133842,1.5966386554621848,,22.4,11.202912757316904,28.6,,14.41,11.29464915996047,,,,,,0.854625550660793,,,,0.0,,,,53.5,
SUNRETAIL,2026-09-12,,,7.6,,,,0.7859358841778696,0.4622641509433962,,-0.97,-0.6394884092725819,-0.77,,-1.65,-1.6546018614270943,,,,,-8.298526844862486,0.21372191863995144,,,,0.0,,,,0.0,
SUNSKY,2026-09-12,,,45.5,16.0,,,1.7998417721518987,2.022099447513812,,21.1,7.177033492822966,20.0,,18.04,11.273734177215191,-84.54219120687176,,-58.22537159358021,,9.33860617234914,0.6323725055432373,,,,0.0,,,,67.04,
SUNTECH,2026-09-12,,,77.4,5.67,,,0.4397727272727273,0.8146639511201629,,18.8,6.730769230769231,16.3,,20.0,7.954545454545454,-33.228675914004455,,,,26.96131311574801,0.8210526315789474,,,,0.0,,,,69.72,
SUPERIRON,2026-09-12,,,87.7,5.27,,,0.342578125,0.4595588235294118,,9.15,4.207920792079208,8.97,,13.0,6.640625,,,,,,0.6387434554973822,,,,0.0,,,,70.88,
SUPERSHAKT,2026-09-12,,,346.0,12.1,,,0.4907801418439716,1.1627906976744187,,10.0,8.235294117647058,11.3,,1.6,3.9716312056737593,,,,,,0.0,,,,0.17,,,,72.23,
SUPREMEPWR,2026-09-12,,,542.0,25.9,,,2.978021978021978,4.587737843551797,,19.4,8.045977011494253,22.0,,18.0,11.538461538461538,-68.95434571772785,,,,22.092914974679402,0.423728813559322,,,,0.0,,,,57.16,
SURANI,2026-09-12,,,141.0,,,,1.5279583875162548,1.1417816813048933,,-0.43,0.8180693563190868,0.77,,-1.73,2.2214997832683134,,,,,,0.0,,,,0.0,,,,30.84,
SUSAN,2026-09-12,,,649.0,25.9,,0.47732487761463416,2.412639405204461,,,64.6,13.846153846153847,37.0,,12.0,6.691449814126393,54.26073773785207,,61.374393658532256,,51.08426138952904,1.7179487179487178,,,,0.0,,,,66.97,
SVJ,2026-09-12,,,108.0,149.0,,,21.686746987951807,,,26.8,5.462822458270106,23.2,,23.49,14.457831325301203,,,,,,0.35301062573789854,,,,0.0,,,,69.44,
SVS,2026-09-12,,,11.0,10.8,,0.8118306585369456,0.6535947712418302,0.323125,,3.03,2.3578363384188625,4.21,,5.59,6.060606060606061,13.30326698854094,,-71.81776093391335,,36.41334628993278,0.0,,,,0.0,,,,21.07,
SWANAGRO,2026-09-12,,,75.1,7.53,,,0.5006666666666666,,,40.1,7.751937984496124,25.4,,14.0,6.666666666666667,,,,,,1.3,,,,1.27,,,,74.6,
SWASTH,2026-09-12,,,9.37,,,,0.044407582938388625,0.453257790368272,,-6.46,-1.9607843137254901,0.29,,0.0,-0.47393364928909953,,,,,28.26086123844085,0.9523809523809523,,,,0.0,,,,72.89,
SWASTIK,2026-09-12,,,40.7,,,,0.10544041450777203,0.2734375,,-36.9,-16.76300578034682,-20.6,,-17.0,-15.025906735751295,,,,,-18.345456251185965,1.027027027027027,,,,0.0,,,,64.51,
SWASTIKAAL,2026-09-12,,,101.0,30.9,,24.222988855427083,2.857142857142857,3.911671924290221,,18.0,7.52638825149151,19.6,,15.22,9.278642149929277,1.275647699151583,,,,13.809909969728128,0.4030139103554869,,,,0.0,,,,73.49,
SYLVANPLY,2026-09-12,,,103.0,14.3,,,0.40711462450592883,0.7759882869692534,,5.58,2.5735294117647056,9.87,,9.0,2.766798418972332,-0.7957896980223311,,55.352415607143236,,10.404698809841051,0.48484848484848486,,,,0.0,,,,73.68,
SYNOPTICS,2026-09-12,,,41.8,10.2,,,0.7326906222611744,0.5678160919540229,,5.7,3.3804446648483344,7.22,,17.62,7.169149868536372,-20.15782611831114,,6.793178504856634,,3.807442358394475,0.4463728813559322,,,,0.0,,,,73.11,
SYSTANGO,2026-09-12,,,337.0,10.6,,0.3357180624312554,3.7444444444444445,2.489177489177489,,26.8,21.333333333333336,33.0,,38.0,35.55555555555556,31.57411288280192,,59.576188001003835,,20.06406835173418,0.0,,,,3.05,,,,72.17,
SYSTEMATIC,2026-09-12,,,607.0,28.2,,,1.0150501672240804,3.015521064301552,,14.9,9.787234042553191,17.4,,6.0,3.8461538461538463,-56.27001476791717,,-29.201622797363758,,17.35451960266243,0.04975124378109453,,,,0.0,,,,73.42,
TAC,2026-09-12,,,982.0,35.7,,,17.228070175438596,11.792929292929292,,32.5,27.083333333333332,38.1,,54.0,45.614035087719294,,,,,,0.012048192771084338,,,,0.0,,,,56.66,
TAKYON,2026-09-12,,,26.0,7.12,,,0.3659394792399719,0.4502487562189055,,7.87,5.231474845922316,11.7,,7.54,5.1372273047149895,-31.718578343806925,,,,3.9578782273776314,0.12159110647906896,,,,0.0,,,,73.52,
TANKUP,2026-09-12,,,874.0,183.0,,,15.266375545851528,29.41176470588235,,26.3,6.58946787979046,19.0,,12.61,8.349344978165938,-34.1331507756366,,,,69.24214894608853,1.214550353654429,,,,0.0,,,,73.65,
TANVI,2026-09-12,,,60.8,28.3,,2.732460173817848,0.5902912621359223,0.7952218430034129,,2.9,1.550387596899225,5.6,,5.0,1.9417475728155338,10.356967055244827,,-5.077196235991799,,7.896607754199958,0.44,,,,0.0,,,,34.91,
TAPIFRUIT,2026-09-12,,,21.1,,,,0.7395723799509288,2.0,,-14.9,-6.444188722669734,-4.96,,6.03,-5.888538380651945,,,,,11.358614309365045,1.0749525616698292,,,,0.0,,,,65.72,
TARINI,2026-09-12,,,9.19,5.57,,0.7702469783818271,3.9442060085836905,0.3350710900473934,,6.05,3.904401325130147,1.57,,23.61,70.81545064377683,7.231446738943048,,5.321134609791733,,9.186169449464753,0.4945375091041515,,,,0.0,,,,69.39,
TAURIAN,2026-09-12,,,406.0,25.0,,0.0937255805687373,4.101010101010101,4.66802860061287,,26.7,11.940298507462686,29.7,,25.0,16.161616161616163,266.73614447941753,,,,108.00838230519041,0.28735632183908044,,,,0.0,,,,63.8,
TBI,2026-09-12,,,159.0,8.56,,,0.5230263157894737,1.3282904689863844,,16.8,7.916666666666666,18.3,,11.0,6.25,,,,,,0.5916666666666667,,,,0.0,,,,56.47,
TCL,2026-09-12,,,275.0,21.6,,,1.8835616438356164,2.472647702407002,,13.1,4.513888888888888,13.1,,25.0,8.904109589041095,,,,,,1.1081081081081081,,,,0.0,,,,60.41,
TEAMTECH,2026-09-12,,,387.0,33.4,,,7.30188679245283,,,42.3,17.91044776119403,41.2,,33.0,22.641509433962266,-22.99638954230636,,,,38.3827503644459,0.5151515151515151,,,,0.0,,,,59.67,
TECHD,2026-09-12,,,453.0,32.2,,,8.711538461538462,6.302083333333333,,29.9,16.470588235294116,40.9,,36.0,26.923076923076923,-72.87026991243984,,,,86.62555784086241,0.0,,,,0.0,,,,63.24,
TECHERA,2026-09-12,,,259.0,93.5,,,5.34020618556701,4.937106918238993,,5.41,2.7282576578351225,8.59,,17.15,5.711340206185566,,,,,,0.6123574144486693,,,,0.0,,,,36.89,
TECHKGREEN,2026-09-12,,,105.0,10.8,,,2.556610664718773,2.3278688524590163,,24.1,16.655196145905023,28.0,,36.23,23.569515461407352,,,,,,0.19213682807641047,,,,0.0,,,,65.58,
TECHLABS,2026-09-12,,,225.0,37.1,,,2.3138626079802553,3.581267217630854,,10.1,6.069393060693931,16.4,,13.29,6.242287124640066,-40.54383656622639,,41.90426751944758,,13.023594920129323,0.35812320459623365,,,,0.77,,,,68.0,
TECHNICHEM,2026-09-12,,,94.9,35.0,,,1.677864214992928,1.96415770609319,,5.78,3.5402837433294287,6.11,,7.8,4.809052333804809,-38.62239196924674,,,,3.9735620451717857,0.37691670120182347,,,,0.0,,,,71.95,
TECHNOCRAT,2026-09-12,,,715.0,47.9,,,5.458015267175573,,,56.1,20.833333333333336,67.0,,20.0,11.450381679389313,-50.930497614036476,,,,219.94139551788857,0.38461538461538464,,,,0.0,,,,64.0,
TECHNOPACK,2026-09-12,,,11.9,9.86,,,1.3950762016412663,0.5612244897959183,,5.89,4.946852003270646,7.81,,35.99,14.1852286049238,-20.030452991141857,,62.12261661978984,,-9.531195640990575,0.1348155156102176,,,,0.0,,,,73.56,
TEJA,2026-09-12,,,143.0,22.9,,,1.8465909090909092,,,39.6,12.13356629780625,33.1,,12.87,8.070764462809917,,,,,,1.004756871035941,,,,0.0,,,,67.17,
TEJASCARGO,2026-09-12,,,956.0,45.7,,,1.5198728139904611,4.944375772558714,,11.4,4.697986577181208,12.1,,17.0,3.338632750397456,,,,,,1.1398963730569949,,,,0.0,,,,74.71,
TELGE,2026-09-12,,,211.0,27.7,,,4.326430182489235,4.768211920529802,,22.0,13.243287761489045,23.7,,24.48,16.48554439204429,-33.05670499178305,,,,57.977178137627796,0.22599139990444342,,,,0.0,,,,72.16,
TGIF,2026-09-12,,,26.9,13.3,,,8.102409638554217,2.113821138211382,,17.2,15.562403697996919,17.9,,59.64,60.8433734939759,,,,,,0.0,,,,0.0,,,,73.28,
TGL,2026-09-12,,,19.7,,,,0.1669491525423729,0.346723044397463,,27.0,7.428571428571429,30.7,,21.0,11.016949152542372,,,,,,0.3157894736842105,,,,0.0,,,,63.37,
THESL,2026-09-12,,,17.4,14.0,,,0.7397959183673469,0.594017094017094,,4.34,2.602308499475341,5.96,,9.86,5.272108843537415,-66.5114305276377,,,,2.020597397515833,0.3704210886682643,,,,0.0,,,,56.79,
THREEMPAPE,2026-09-12,,,48.1,7.26,,,0.1470948012232416,,,,,,,6.0,2.1406727828746175,,,,,,,,,,0.0,,,,70.13,
TIMESCAN,2026-09-12,,,27.6,4.43,,,0.0809384164222874,0.8494623655913979,,21.2,8.108108108108109,25.6,,3.0,1.7595307917888565,,,,,,0.24242424242424243,,,,0.0,,,,72.94,
TIMESGREEN,2026-09-12,,,42.9,195.0,,,1.9464609800362977,0.9897172236503856,,0.57,0.31482541499713795,1.74,,3.4,0.9981851179673321,-19.585484828218835,,-3.6629485687158736,,2.3441036273719185,0.017750115260488704,,,,0.0,,,,39.75,
TIPCO,2026-09-12,,,574.0,22.7,,,3.9586206896551723,,,38.0,13.440860215053762,36.2,,26.0,17.24137931034483,-83.17631040676332,,,,59.106711822667336,0.40594059405940597,,,,0.0,,,,57.79,
TIRUPATI,2026-09-12,,,312.0,110.0,,,1.5369458128078817,3.280085197018104,,3.03,1.4285714285714286,6.83,,7.0,1.477832512315271,-31.885207730580657,,-9.878704763106471,,4.872379821950967,1.0947368421052632,,,,0.0,,,,66.15,
TITAANIUM,2026-09-12,,,11.4,3.49,,0.13565589878967704,0.075,0.4814814814814814,,14.8,4.545454545454546,15.9,,5.0,1.9736842105263157,25.726857668098525,,31.129456755301522,,-13.146924613601163,1.0416666666666667,,,,0.0,,,,67.36,
TLL,2026-09-12,,,362.0,17.2,,0.3610883567971271,2.5673758865248226,3.5909631391200953,,23.1,9.282700421940929,20.6,,22.0,15.602836879432624,47.63377072737796,,29.120844349908516,,46.33072790864601,0.73,,,,0.0,,,,62.59,
TRADEUNO,2026-09-12,,,195.0,10.7,,,1.4028776978417266,2.219959266802444,,33.5,16.363636363636363,39.8,,19.0,12.949640287769784,,,,,,0.14772727272727273,,,,0.0,,,,69.02,
TRANSPACT,2026-09-12,,,3.33,37.0,,,18.5,6.142857142857143,,18.4,11.538461538461538,14.0,,66.67,50.0,,,,,-22.047573908216588,0.1111111111111111,,,,0.0,,,,16.16,
TRANSTEEL,2026-09-12,,,208.0,9.31,,,1.4964028776978417,1.3696369636963697,,19.0,7.612456747404845,21.0,,24.0,15.827338129496402,-59.88035821072921,,,,33.062066182722496,0.26865671641791045,,,,0.0,,,,37.81,
TRANSVOY,2026-09-12,,,24.0,13.9,,0.34584446725094947,0.3700277520814061,2.278481012658228,,18.0,3.4117647058823533,11.4,,10.02,2.682701202590194,40.191477141411,,,,70.48222282084382,3.106565176022835,,,,0.0,,,,61.07,
TRANSWIND,2026-09-12,,,8.64,9.29,,0.6495783465020385,0.4020474639367148,0.4556451612903226,,5.26,2.6259541984732824,7.88,,5.82,4.001861330851559,14.301585097511937,,,,-3.84174171291386,0.23137876386687797,,,,0.0,,,,65.49,
TRAVELS,2026-09-12,,,19.1,6.29,,,1.6681222707423584,0.6729323308270676,,15.0,6.120509408857632,24.1,,66.46,28.12227074235808,-56.29567025506883,,,,58.97184290567845,0.7014872521246459,,,,0.0,,,,49.03,
TRIDHYA,2026-09-12,,,16.2,23.8,,,0.5854716299241055,0.37165775401069523,,1.57,0.38845726970033295,5.65,,11.2,1.7708709794000723,-46.27388172916247,,,,8.756757158338102,1.7473635946813388,,,,0.0,,,,61.74,
TROM,2026-09-12,,,53.4,7.71,,,0.43414634146341463,0.9931506849315068,,13.8,6.666666666666667,16.2,,9.0,5.691056910569105,-70.38814190971148,,-51.8186021542145,,72.41086201913652,0.6037735849056604,,,,0.0,,,,69.52,
TRUECOLORS,2026-09-12,,,368.0,11.8,,,1.2225913621262459,1.9631093544137022,,25.8,10.801393728222997,25.7,,16.0,10.299003322259136,-63.56495850272979,,,,54.89134782568925,0.24598930481283424,,,,0.0,,,,68.89,
TRUST,2026-09-12,,,66.0,8.39,,,1.543859649122807,0.568788501026694,,6.98,5.998475609756098,10.2,,22.78,18.4093567251462,,,,,,0.0025857610756766076,,,,1.81,,,,69.01,
TSC,2026-09-12,,,79.6,21.6,,,2.7920028060329707,1.773462783171521,,12.2,4.4716692189892795,12.8,,23.47,15.363030515608559,-20.20887823514198,,,,45.268490220380286,0.41848552338530065,,,,0.0,,,,64.68,
TTC,2026-09-12,,,35.3,13.1,,,2.4062713019768234,2.493333333333333,,19.9,17.31879409878127,27.0,,25.02,18.404907975460123,-53.406275454353725,,,,45.32290553565754,0.0021156558533145273,,,,4.01,,,,58.67,
TUNWAL,2026-09-12,,,141.0,11.0,,,0.5090252707581228,1.1238532110091743,,11.2,5.963302752293578,13.3,,7.0,4.693140794223827,,,,,,0.21428571428571427,,,,0.41,,,,63.9,
UCL,2026-09-12,,,333.0,,,,2.3956834532374103,6.666666666666667,,-0.8,-3.571428571428571,-1.15,,0.2,-3.597122302158273,,,,,46.730604896580495,1.08,,,,0.0,,,,54.91,
UHMVL,2026-09-12,,,19.9,3.17,,0.36361980849469033,0.4090441932168551,,,25.5,15.345206147840937,29.7,,15.5,12.929085303186023,8.717896896550092,,,,33.51620644804865,0.013375571981696584,,,,0.0,,,,65.42,
UHTL,2026-09-12,,,332.0,66.3,,,4.55543358946213,5.2395209580838324,,8.21,5.326953748006379,11.8,,14.35,6.874313940724479,,,,,1.5468309954014492,0.2974972453958759,,,,0.0,,,,67.74,
UMA,2026-09-12,,,35.5,11.2,,0.2585881488394213,0.142570281124498,0.4533678756476684,,4.13,1.5706806282722512,7.19,,6.0,1.2048192771084338,43.31211639151724,,-12.433822101716952,,11.838958725252535,0.9615384615384616,,,,0.0,,,,69.45,
UML,2026-09-12,,,85.3,9.28,,0.3642605931871456,0.1020334928229665,1.7647058823529411,,29.5,5.421686746987952,31.0,,-4.0,1.076555023923445,25.476266644172043,,,,35.91081433741128,0.125,,,,0.0,,,,73.8,
UNIFIED,2026-09-12,,,762.0,18.7,,,2.6458333333333335,5.492753623188406,,34.5,20.812182741116754,45.2,,14.0,14.23611111111111,-90.08403758659612,,,,37.8266713165379,0.0,,,,2.9,,,,60.39,
UNIHEALTH,2026-09-12,,,1132.0,44.2,,,8.575757575757576,8.12785388127854,,21.5,18.11023622047244,24.5,,41.0,34.84848484848485,,,,,44.22495703074083,0.2391304347826087,,,,0.0,,,,69.53,
UNILEX,2026-09-12,,,38.1,4.66,,,0.26275862068965516,0.4810996563573883,,10.3,5.839416058394161,,,2.6,5.517241379310345,,,,,,0.3125,,,,0.0,,,,73.56,
UNISEM,2026-09-12,,,57.8,10.9,,0.8744618243200694,0.8247716894977168,1.7525773195876289,,24.9,6.392473766735014,26.8,,14.88,7.562785388127854,12.46480943690733,,,,21.637097550996852,0.5145454545454545,,,,0.0,,,,70.89,
UNISHIRE,2026-09-12,,,2.92,,,,1.3581395348837209,0.11650485436893203,,-0.08,1.0516826923076923,-0.04,,-3.26,16.279069767441857,91.29311827723892,,,,499.0726414895092,0.0,,,,0.0,,,,0.29,
URBAN,2026-09-12,,,107.0,7.16,,0.09487426595692248,0.5879120879120879,2.2777777777777777,,37.8,11.194029850746269,29.1,,17.0,8.241758241758241,75.46830457956837,,,,67.10993116548616,1.1702127659574468,,,,0.0,,,,51.19,
USASEEDS,2026-09-12,,,91.1,12.2,,0.7458358414007021,0.8281818181818181,1.4682926829268292,,12.8,5.833333333333333,11.0,,13.0,6.363636363636363,16.357486892944205,,19.538021742240662,,9.842783804893052,0.8709677419354839,,,,0.0,,,,71.15,
USHAFIN,2026-09-12,,,217.0,8.64,,,,0.946969696969697,,10.2,5.813953488372093,13.5,,,,-1.287937285322771,,,,,,,,,0.0,,,,74.97,
UTKAL,2026-09-12,,,89.9,12.3,,,1.6262662807525325,,,28.9,14.661578630247037,27.0,,19.46,13.205499276410999,-2.603421749290036,,,,6.394321570569539,0.5637746284134116,,,,0.0,,,,,
UTSSAV,2026-09-12,,,1283.0,21.7,,1.6888046672353683,1.110822510822511,6.475609756097561,,36.4,14.460784313725492,28.8,,8.0,5.108225108225108,12.849324981747978,,44.66845040496934,,69.3044379659866,0.9393939393939394,,,,0.0,,,,72.55,
UWCSL,2026-09-12,,,63.7,19.2,,1.3574313923504417,0.9866790582403966,2.5311203319502074,,14.1,7.001265288907634,18.2,,9.74,5.142503097893432,14.144361260685523,,29.525872376025617,,13.350105880601504,0.10885167464114834,,,,0.41,,,,74.13,
VAHH,2026-09-12,,,43.6,9.06,,,1.0104287369640788,,,44.2,11.602461819010713,36.9,,19.35,11.796060254924681,,,,,,0.7585513078470825,,,,0.0,,,,64.63,
VALENCIA,2026-09-12,,,119.0,109.0,,,15.101522842639595,2.608695652173913,,2.77,1.8458933107535986,2.56,,2.03,13.83248730964467,,,,,,0.35861578573121594,,,,0.0,,,,64.18,
VALINDIA,2026-09-12,,,23.6,10.8,,,2.6427771556550956,0.4183908045977011,,6.48,3.106467099689354,9.23,,51.62,24.636058230683094,-85.5489448249098,,,,19.52257013082692,0.2143994339288873,,,,0.0,,,,60.0,
VALPLAST,2026-09-12,,,71.6,11.7,,,1.13309067890489,,,22.4,8.079873049457815,24.7,,20.62,9.669251463839217,,,,,,0.7432432432432433,,,,2.74,,,,63.68,
VALUE360,2026-09-12,,,112.0,11.3,,,1.6231884057971016,,,31.6,12.987012987012985,38.6,,27.0,14.492753623188406,-80.96457587675131,,,,10.60114886613992,0.5135135135135135,,,,0.0,,,,59.51,
VANDAN,2026-09-12,,,19.3,14.6,,,0.07423076923076924,0.4013961605584642,,4.1,0.8403361344537815,6.71,,2.0,0.38461538461538464,-67.77591832354155,,,,178.78155357897313,0.5208333333333334,,,,0.0,,,,66.42,
VANDU,2026-09-12,,,111.0,10.6,,,0.6379310344827587,1.5012048192771084,,14.2,7.4324324324324325,,,11.0,6.321839080459771,,,,,,0.5,,,,0.0,,,,38.11,
VANTABIO,2026-09-12,,,14.6,133.0,,,8.021978021978022,0.6912751677852349,,0.7,0.16641452344931923,1.19,,56.04,6.043956043956044,,,-26.723185380533444,,-32.162847315307005,1.7987718469532354,,,,0.0,,,,72.81,
VARYAA,2026-09-12,,,12.9,24.7,,,0.3693100486687661,0.5317460317460317,,2.18,1.7567567567567568,5.07,,3.69,1.4886916690523906,-72.54502454002285,,,,88.32109277204643,0.179296066252588,,,,0.0,,,,71.98,
VASA,2026-09-12,,,2.13,,,,,-0.11872909698996656,,,-1.543739279588336,-1.93,,-157.62,,,,,,,-1.2591973244147159,,,,0.0,,,,61.69,
VASHISHTHA,2026-09-12,,,15.1,7.5,,,1.057422969187675,0.995334370139969,,19.7,11.33032694475761,27.0,,16.95,14.07563025210084,,,,,,0.0,,,,0.0,,,,66.09,
VDEAL,2026-09-12,,,64.5,15.5,,,1.4298381733540235,2.167487684729064,,15.0,6.490872210953347,17.2,,16.98,9.221902017291066,-71.53900542852007,,-35.65942212947246,,22.76645309306766,0.6855704697986577,,,,0.0,,,,67.0,
VEDANTASSET,2026-09-12,,,18.1,54.8,,,5.156695156695157,3.205882352941177,,5.27,4.1358936484490405,7.31,,4.84,7.9772079772079785,,,,,,0.0036697247706422025,,,,0.0,,,,73.16,
VEEFIN,2026-09-12,,,640.0,28.1,,0.4979103804524554,1.855072463768116,1.0726495726495726,,4.35,3.1840796019900495,9.85,,22.0,9.27536231884058,56.435858948080764,,,,191.00270086752582,0.16946308724832215,,,,0.0,,,,34.73,
VEEKAYEM,2026-09-12,,,58.8,5.87,,,0.1610958904109589,0.7299270072992701,,12.4,3.436426116838488,,,8.0,2.73972602739726,,,,,,1.6296296296296295,,,,0.0,,,,73.61,
VEERKRUPA,2026-09-12,,,6.42,37.8,,,0.10809900656676208,0.47115384615384615,,1.25,0.7808911345888838,0.55,,0.24,0.28624347533254757,,,,,46.72985622902823,0.5825385179750551,,,,0.0,,,,26.77,
VELS,2026-09-12,,,94.2,,,,94.2,2.4414715719063547,,-44.5,-5.651105651105651,-9.8,,-1448.0,-2300.0,,,,,-74.45635225354823,3.5641025641025643,,,,0.0,,,,74.33,
VERA,2026-09-12,,,42.6,13.8,,0.5593973254535344,0.8658536585365854,1.6052141527001862,,12.5,11.615663047054952,17.6,,8.5,7.174796747967478,24.669406470278666,,13.656149397218043,,6.526313491745106,0.001132502831257078,,,,0.0,,,,68.66,
VERITAAS,2026-09-12,,,7.76,4.34,,,0.5261016949152543,0.5705394190871369,,14.1,6.6443949517446175,17.2,,23.12,12.135593220338983,-48.994809868098024,,-49.85682234509377,,23.926287408362825,0.6116005873715125,,,,0.0,,,,67.14,
VERTEXPLUS,2026-09-12,,,37.2,,,,1.642384105960265,1.92090395480226,,-21.4,-13.243707093821511,-12.8,,-14.79,-20.44150110375276,,,,,2.3264108093813185,0.63659793814433,,,,0.0,,,,73.0,
VGINFOTECH,2026-09-12,,,355.0,21.7,,0.15763579433566619,5.546875,,,48.0,13.675213675213676,34.3,,49.0,25.0,137.65909000206196,,,,15.073916532957599,0.8863636363636364,,,,0.7,,,,65.0,
VIAZ,2026-09-12,,,109.0,20.8,,,1.0092592592592593,1.7873831775700937,,10.8,5.681818181818182,13.0,,9.0,4.62962962962963,,,,,,0.32786885245901637,,,,0.0,,,,72.19,
VICTORYEV,2026-09-12,,,37.2,17.3,,,1.1596009975062345,0.7897435897435897,,6.95,3.9391718578233785,10.5,,12.0,6.701995012468828,-38.733037804558364,,,,-14.557762708925893,0.039157267503724204,,,,0.0,,,,63.33,
VIESL,2026-09-12,,,978.0,31.5,,,2.2076749435665914,5.94311377245509,,33.1,6.538461538461539,19.6,,27.0,7.674943566591422,,,,,,1.690909090909091,,,,0.13,,,,69.69,
VIGOR,2026-09-12,,,107.0,16.2,,,2.3475208424747698,2.9799426934097424,,40.0,8.567648031756532,,,26.7,11.364633611232996,,,,,,0.18146611341632088,,,,0.0,,,,70.05,
VIJAYPD,2026-09-12,,,127.0,25.3,,,1.27,,,,,,,4.7,5.0,,,,,,,,,,0.0,,,,56.43,
VILAS,2026-09-12,,,847.0,21.9,,,1.8373101952277657,2.582089552238806,,12.5,9.852216748768473,15.9,,11.0,8.676789587852495,-37.866626169503135,,-1.501686648117484,,17.662524814932446,0.11890243902439024,,,,0.0,,,,73.14,
VILINBIO,2026-09-12,,,90.0,46.6,,176.6131813756946,2.1296734500709893,3.172043010752688,,7.51,5.523755008586148,10.8,,7.57,4.566966398485565,0.26385346573238877,,28.6767976087104,,50.854109870738974,0.007402185407120198,,,,0.0,,,,56.65,
VINSYS,2026-09-12,,,854.0,28.7,,2.729542811223174,3.1865671641791047,5.263636363636364,,20.3,12.345679012345679,21.3,,16.0,11.194029850746269,10.514581373112385,,42.07389251121325,,41.29834104426682,0.32098765432098764,,,,0.0,,,,64.74,
VINYAS,2026-09-12,,,1948.0,63.1,,,3.78988326848249,8.27807486631016,,13.1,6.623931623931624,,,12.0,6.031128404669261,,,,,,0.5508474576271186,,,,0.0,,,,29.4,
VISAMAN,2026-09-12,,,95.4,15.8,,,0.38313253012048193,1.1581508515815084,,7.35,3.571428571428571,,,6.0,2.4096385542168677,,,,,,0.9634146341463414,,,,0.0,,,,56.56,
VISDEM,2026-09-12,,,101.0,13.0,,3.5659883204051392,0.9619047619047619,2.0985010706638114,,17.6,8.0,19.1,,16.0,7.6190476190476195,3.6455531628109883,,-21.689646328772373,,20.507113208761506,0.7291666666666666,,,,0.0,,,,72.28,
VISHNUINFR,2026-09-12,,,407.0,9.64,,,1.1181318681318682,1.7386489479512737,,18.1,11.444141689373296,19.9,,16.0,11.538461538461538,-2.606142546256529,,11.371096207496478,,40.23050051910957,0.2777777777777778,,,,0.64,,,,59.06,
VISHWAS,2026-09-12,,,44.0,20.5,,,0.38596491228070173,0.8477842003853565,,4.21,1.7699115044247788,7.01,,8.0,1.7543859649122806,-34.85352259384773,,-37.91521840275129,,21.858202395720227,0.9230769230769231,,,,0.0,,,,70.16,
VIVAA,2026-09-12,,,52.8,60.0,,6.9167632389712415,0.18526315789473682,2.3508771929824563,,3.98,1.0204081632653061,5.22,,0.5,0.3508771929824561,8.674577678463958,,,,28.60169336757188,0.18181818181818182,,,,0.0,,,,30.11,
VIVIDEL,2026-09-12,,,1737.0,54.9,,0.5722821879333181,8.685,,,54.9,16.41025641025641,58.6,,23.0,16.0,95.93169446398515,,17.027639347523895,,50.219390199821824,0.4520547945205479,,,,0.0,,,,73.53,
VIVO,2026-09-12,,,30.4,,,,9.353846153846153,2.6491228070175437,,-8.06,-7.060755336617405,-8.06,,-39.38,-26.46153846153846,,,,,-24.25965929802736,0.0,,,,0.0,,,,73.4,
VLINFRA,2026-09-12,,,41.1,4.88,,0.22296253100438726,0.274,0.81875,,18.3,7.547169811320755,22.4,,11.0,5.333333333333334,21.887085592439636,,12.08420925146676,,48.28975322639244,0.5490196078431373,,,,0.0,,,,65.7,
VMARCIND,2026-09-12,,,5250.0,45.1,,,2.9215358931552586,18.08080808080808,,41.2,9.658536585365853,41.3,,11.0,5.509181969949917,,,,,,0.740484429065744,,,,0.0,,,,64.87,
VMOBILE,2026-09-12,,,36.4,6.35,,,0.5061882909192046,,,76.6,19.095143047238857,69.4,,11.14,7.982199972187458,,,,,,0.6506256015399422,,,,0.0,,,,64.86,
VOLERCAR,2026-09-12,,,261.0,79.0,,,4.7714808043875685,6.446280991735538,,8.95,7.125890736342042,12.0,,3.42,6.03290676416819,-82.61894678374084,,-45.70110619895268,,20.969610500341986,0.0,,,,0.0,,,,67.87,
VPAL,2026-09-12,,,360.0,29.8,,,2.5531914893617023,,,59.4,35.294117647058826,65.7,,12.0,8.51063829787234,-61.486708698135594,,,,102.42154271643935,0.14814814814814814,,,,0.0,,,,69.55,
VPL,2026-09-12,,,19.8,11.2,,0.12718428292836734,0.4719904648390941,0.6866952789699571,,6.72,3.902976846747519,9.06,,8.15,4.219308700834326,88.06119547262028,,,,185.11351005385382,0.38786828422876946,,,,0.0,,,,58.63,
VR,2026-09-12,,,94.9,24.2,,4.589713764831369,1.2748522299838798,2.3620309050772628,,10.2,5.254267425320057,19.2,,15.13,7.939279957012359,5.272659960939663,,31.771995310421364,,60.394674209944974,0.7886097985575727,,,,0.0,,,,72.97,
VRUDDHI,2026-09-12,,,48.0,15.6,,,1.1162790697674418,4.157549234135667,,30.8,14.821944177093357,29.9,,12.63,7.162790697674419,-53.12892347841316,,,,48.72967285425764,0.5481352992194276,,,,0.0,,,,72.05,
VSCL,2026-09-12,,,31.2,,,,0.6815203145478375,-6.011560693641619,,,-4.230074800103172,-2.05,,1.31,-3.582350371341197,,,,,1.5775467010486377,-7.1877828054298645,,,,0.0,,,,71.73,
VVIPIL,2026-09-12,,,347.0,11.5,,,1.0028901734104045,1.5158124318429662,,14.0,5.0588235294117645,18.9,,21.0,12.427745664739884,-62.280423817939834,,,,18.29778260968895,0.834061135371179,,,,0.0,,,,68.57,
WAA,2026-09-12,,,65.6,101.0,,,2.3622614332012963,0.35611510791366907,,0.35,0.15776699029126215,3.28,,55.78,2.3406553835073822,-59.579899260015836,,-30.62879344462224,,-17.098297087678414,0.964740291393598,,,,0.0,,,,67.86,
WAAREE,2026-09-12,,,221.0,,,,30.995792426367462,-36.21908127208481,,,-23.49634626194491,-32.2,,-49.79,-58.62552594670406,,,,,-37.63885702474121,-3.4679802955665027,,,,0.0,,,,58.8,
WALPAR,2026-09-12,,,21.0,8.51,,0.14339077033446293,0.26659895899454106,1.1144278606965172,,13.9,4.54063871651279,14.8,,8.45,3.8085565570648723,59.34831077446749,,64.2504671912721,,30.87389547848709,0.8873015873015874,,,,0.0,,,,68.82,
WEBSL,2026-09-12,,,,,,,,,,5.97,5.5762081784386615,7.3,,6.01,19.313304721030043,12.787776387601735,,85.56007362580844,,4.530232860064776,0.0,,,,,,,,21.91,
WHITEFORCE,2026-09-12,,,43.2,6.97,,,0.3963302752293578,1.0247933884297522,,22.7,9.836065573770492,18.6,,7.0,5.5045871559633035,-85.77721212952842,,,,27.16966955102107,0.16666666666666666,,,,0.0,,,,60.9,
WINNY,2026-09-12,,,6.4,,,,2.8444444444444446,-14.8989898989899,,-231.0,-132.4267782426778,-98.2,,-210.67,-281.33333333333337,,,,,-42.39387199783202,-9.534883720930228,,,,0.0,,,,58.51,
WINSOL,2026-09-12,,,132.0,9.13,,,0.9635036496350365,2.0577617328519855,,25.5,8.860759493670885,24.5,,18.0,10.218978102189782,-83.1032970659216,,,,28.21408484434409,1.0625,,,,0.0,,,,73.73,
WOL3D,2026-09-12,,,92.8,13.9,,1.580770856925189,0.9498464687819856,2.1621621621621623,,16.9,9.32606263982103,20.6,,9.0,6.827021494370522,8.79317830228561,,,,61.23182261002877,0.27939464493597205,,,,0.0,,,,64.73,
WOMANCART,2026-09-12,,,85.8,10.5,,,0.6402985074626866,0.8524590163934426,,8.27,5.0,12.6,,13.0,5.970149253731343,,,,,137.5207738061588,0.24,,,,0.0,,,,42.8,
WORKMATES,2026-09-12,,,607.0,38.2,,,4.215277777777778,6.881405563689605,,28.6,14.814814814814813,36.7,,15.0,11.11111111111111,-81.21984144591265,,,,70.60358959716706,0.0,,,,0.43,,,,72.03,
WOSAL,2026-09-12,,,12.1,4.43,,,0.5966469428007889,0.6525974025974026,,21.8,12.198391420911529,26.7,,22.14,13.461538461538462,-78.39200621026635,,,,25.950714676065555,0.11332973556395035,,,,0.0,,,,70.09,
WTICAB,2026-09-12,,,245.0,8.31,,,0.2962515114873035,1.2174940898345155,,15.8,5.811623246492986,16.3,,11.0,3.506650544135429,-27.643169934182954,,15.473057839408488,,49.000765727338205,0.7277227722772277,,,,0.0,,,,69.25,
YAAP,2026-09-12,,,263.0,14.2,,,1.4216216216216215,2.4324324324324325,,28.2,10.185185185185185,30.9,,15.0,11.891891891891893,-19.312555107581876,,,,40.291806828037146,0.29357798165137616,,,,0.0,,,,57.8,
YAASHVI,2026-09-12,,,146.0,7.98,,0.16731592222206845,0.32589285714285715,,,75.7,25.352112676056336,45.6,,7.0,4.017857142857143,47.694205632196926,,,,33.09900361782048,1.7916666666666667,,,,0.0,,,,66.01,
YAJUR,2026-09-12,,,90.8,12.1,,,0.899009900990099,0.5571030640668524,,7.09,3.4482758620689653,9.12,,15.0,7.920792079207921,-38.63881022574066,,,,17.663897020663555,0.2822085889570552,,,,0.0,,,,69.82,
YASHHTEJ,2026-09-12,,,123.0,9.83,,,0.45724907063197023,1.089795918367347,,18.9,5.579399141630901,15.0,,7.0,4.83271375464684,,,,,181.96184562795526,0.8495575221238938,,,,0.0,,,,64.99,
YASHHV,2026-09-12,,,2826.0,72.6,,,12.025531914893618,14.689440993788818,,23.5,14.015151515151514,28.6,,24.0,15.74468085106383,,,,,,0.20652173913043478,,,,0.15,,,,54.79,
YASHOPTICS,2026-09-12,,,302.0,33.3,,,5.593628449712909,3.034825870646766,,9.53,7.8436470792165025,12.8,,27.3,16.762363400629745,-92.3111904017137,,-67.8339746527866,,10.791797098674216,0.045545948119847184,,,,0.41,,,,73.19,
YCCL,2026-09-12,,,16.4,17.5,,,0.1693864903945466,0.3953488372093023,,2.29,1.383777417930222,5.26,,-0.61,0.9708737864077671,-41.27898262805112,,,,38.088384709537195,0.3217035611164581,,,,0.0,,,,51.47,
YUDIZ,2026-09-12,,,24.0,37.0,,,1.103448275862069,0.6873156342182891,,1.58,-0.4863066291272076,2.54,,-0.78,-0.8735632183908046,,,,,19.423406388561993,0.0005724098454493418,,,,0.0,,,,73.67,
YUG,2026-09-12,,,38.8,486.0,,,1.012261935820506,2.2857142857142856,,0.56,0.21990104452996154,5.86,,5.37,0.20871380120010435,-58.508673331687824,,-6.508012385152984,,7.458383617614306,0.7874852420306965,,,,0.0,,,,59.86,
ZAPPFRESH,2026-09-12,,,135.0,9.26,,,0.6108597285067874,1.1615384615384614,,12.5,7.216494845360824,,,14.0,6.334841628959276,,,,,,0.5517241379310345,,,,0.0,,,,28.16,
ZEAL,2026-09-12,,,102.0,9.14,,,0.35664335664335667,1.1037463976945243,,12.8,7.6923076923076925,16.6,,6.0,3.8461538461538463,-5.971141863670571,,-23.183109228396326,,36.683472433576725,0.21739130434782608,,,,1.96,,,,73.4,
ZELIO,2026-09-12,,,1788.0,63.0,,,5.7491961414791,16.05313092979127,,25.5,18.064516129032256,,,11.0,9.003215434083602,,,,,,0.18018018018018017,,,,0.0,,,,72.77,
ZENITHDRUG,2026-09-12,,,82.1,7.81,,,0.6267175572519084,1.3168044077134986,,26.3,7.4074074074074066,27.1,,13.0,7.633587786259542,,,,,,0.4032258064516129,,,,0.0,,,,69.98,
ZINEMA,2026-09-12,,,12.1,23.6,,,2.5854700854700856,0.821256038647343,,4.3,2.2280471821756227,4.59,,6.62,10.8974358974359,,,,,,0.4204081632653061,,,,0.29,,,,20.87,
ZTECH,2026-09-12,,,647.0,32.1,,,6.882978723404255,3.6554621848739495,,20.9,9.66183574879227,28.2,,30.0,21.27659574468085,,,,,44.74005053526513,0.011695906432748537,,,,0.0,,,,52.7,
