ticker,as_of,sector,industry,market_cap,pe,forward_pe,peg,ps,pb,pfcf,roe,roa,roi,gross_margin,oper_margin,net_margin,eps_growth,eps_growth_next_y,eps_growth_5y,eps_growth_past5y,sales_growth,debt_equity,lt_debt_equity,current_ratio,quick_ratio,dividend_yield,insider_own,inst_own,short_float,promoter_holding,pledged_pct
3BFILMS,2026-08-29,,,32.2,17.5,,0.8822287937625223,0.5365772371271456,0.6046511627906976,,4.16,1.0200121957979933,4.9,,18.46,3.066155640726546,19.83612428400363,,56.03727114243022,,-5.80386990253926,1.8890560361037982,,,,0.0,,,,69.97,
3CIT,2026-08-29,,,10.5,18.1,,,0.17957927142124167,0.7873303167420813,,4.46,1.5057113187954307,5.12,,2.14,0.9919616897554301,-68.82012355565426,,-74.322392483545,,-1.898118244496938,0.03162650602409638,,,,0.0,,,,51.67,
AAKAAR,2026-08-29,,,91.6,13.8,,,1.3679808841099164,1.6779220779220778,,17.1,8.36061445479728,18.5,,15.41,9.916367980884111,-46.54795294060173,,-38.65829874335803,,26.882628015267663,0.33968835930339136,,,,0.0,,,,67.05,
AAPLUSTRAD,2026-08-29,,,29.9,66.5,,2.558469197738943,3.686806411837238,0.6795580110497237,,1.03,0.9384775808133471,1.55,,-6.91,5.548705302096178,25.99210498948732,,14.869835499703509,,-20.792391680083476,0.03323469155474618,,,,0.0,,,,3.82,
AARADHYA,2026-08-29,,,91.9,15.1,,,0.6086092715231789,1.1796733212341197,,20.6,4.545454545454546,16.9,,8.0,3.9735099337748347,0.0,,29.453875620531523,,22.076748010113477,0.5128205128205128,,,,0.0,,,,70.58,
AASHKA,2026-08-29,,,174.0,61.4,,,7.5619295958279,1.689342403628118,,2.8,2.8832872928176796,4.05,,22.77,14.515428074750107,,,-8.907999870052418,,6.70355314534703,0.07979083954681901,,,,0.0,,,,61.34,
AATMAJ,2026-08-29,,,41.2,57.3,,,1.8286728806036396,0.8088888888888889,,1.43,0.9262883235485974,3.6,,10.65,3.1513537505548155,-56.04351636246919,,-60.064839619324275,,-1.7286718358146547,0.4137320480031478,,,,0.0,,,,64.33,
AAYUSHBULL,2026-08-29,,,1966.0,249.0,,3.0516725999817083,9.101851851851851,32.342569269521405,,13.9,6.4,18.9,,5.0,3.7037037037037033,81.59459832011223,,,,155.1742221697941,0.0,,,,0.0,,,,24.63,
ABHAPOWER,2026-08-29,,,45.5,18.5,,,0.7312761170041787,0.8536585365853658,,4.72,2.8751753155680224,7.01,,8.61,3.953712632594021,-64.32398812488603,,,,4.387274890957649,0.36829268292682926,,,,0.0,,,,72.52,
ABRFL,2026-08-29,,,22.2,9.43,,,0.1982142857142857,0.9534368070953436,,14.8,5.263157894736842,13.5,,3.5,1.7857142857142856,-38.82717980284396,,,,50.28006039632105,0.6086956521739131,,,,0.0,,,,67.33,
ABRIL,2026-08-29,,,27.0,18.0,,,0.4150015370427298,1.134228187919463,,8.89,5.877742946708464,12.3,,3.24,2.305564094681832,,,,,,0.025651808242220353,,,,0.0,,,,61.71,
ABSMARINE,2026-08-29,,,695.0,8.68,,,2.1786833855799372,2.2283464566929134,,29.6,10.91644204851752,21.0,,47.0,25.391849529780565,,,,,42.17478104394821,1.2083333333333333,,,,0.0,,,,63.96,
ACCELERATE,2026-08-29,,,34.4,52.9,,,4.971098265895954,8.547008547008547,,16.2,3.9133052378085496,,,21.53,9.39306358381503,,,,,,2.6184538653366585,,,,0.3,,,,71.02,
ACCENTMIC,2026-08-29,,,1453.0,33.1,,1.091822173197439,4.163323782234957,5.269565217391304,,18.6,13.664596273291925,24.9,,16.0,12.607449856733524,30.316292169690517,,13.279160837620974,,21.000286957426017,0.0036231884057971015,,,,0.17,,,,53.02,
ACCORD,2026-08-29,,,76.8,57.7,,0.8942189511492825,2.0858229223248235,4.626168224299065,,9.36,6.884057971014493,9.24,,2.39,3.6121673003802286,64.52558394769187,,4.0528129052160855,,22.25582984669865,0.04774714189643577,,,,0.0,,,,31.99,
ACCORDTS,2026-08-29,,,130.0,28.8,,,1.855287569573284,2.6512605042016806,,12.8,5.378914654554149,14.5,,9.9,6.422149279292137,-60.22395267942785,,-41.216166549063516,,19.773745838263235,0.18068344587681603,,,,0.0,,,,61.97,
ACCPL,2026-08-29,,,222.0,22.9,,,2.476849269217896,4.0650406504065035,,27.6,12.614140360031307,28.9,,16.68,10.78879839339507,,,,,,0.2251873514896728,,,,0.0,,,,73.52,
ACEALPHA,2026-08-29,,,246.0,16.2,,,10.25,3.553299492385787,,29.8,20.54794520547945,39.9,,79.0,62.5,-86.23445947066983,,-35.89593338998527,,68.68653306034984,-0.0,,,,0.0,,,,43.9,
ACETEC,2026-08-29,,,226.0,22.0,,,2.7228915662650603,3.2394366197183095,,24.8,13.333333333333334,33.6,,17.0,12.048192771084338,-83.96232835002087,,,,16.866915815850405,0.0,,,,0.0,,,,64.39,
ACFSL,2026-08-29,,,56.1,11.5,,,,0.6328555678059536,,5.63,3.5211267605633805,9.02,,,,,,,,,,,,,0.0,,,,64.66,
ACLD,2026-08-29,,,300.0,14.1,,,0.7853403141361257,2.3786407766990294,,18.7,8.366533864541832,18.8,,10.0,5.49738219895288,-86.00538013475321,,-78.38292009028164,,51.89574967146486,0.896,,,,0.0,,,,63.74,
ACML,2026-08-29,,,46.1,,,,0.504431557063136,2.4803149606299213,,-10.8,-5.885603757944184,-6.4,,-1.19,-2.330670751723383,,,,,-1.919033328250519,0.3189655172413793,,,,0.0,,,,58.99,
ACTIVEINFR,2026-08-29,,,272.0,26.7,,,2.804123711340206,2.256857855361596,,8.78,4.166666666666666,9.57,,17.0,10.309278350515463,-22.429378090822983,,,,2.91071032814445,0.6611570247933884,,,,0.28,,,,73.31,
ADCOUNTY,2026-08-29,,,200.0,9.41,,,2.127659574468085,1.8736842105263158,,28.0,17.796610169491526,37.2,,28.0,22.340425531914892,,,,,,0.02830188679245283,,,,0.0,,,,65.52,
ADDICTIVE,2026-08-29,,,75.8,,,,1.0010565240359217,0.9635627530364373,,-0.61,-0.49024614441834335,-0.11,,16.36,-0.6339144215530903,,,,,31.197537587043,-0.0,,,,0.0,,,,65.1,
ADESHWAR,2026-08-29,,,24.5,20.4,,,0.3783199505867819,0.7657657657657658,,,,,,5.2,1.2198888202594194,,,,,,,,,,0.0,,,,57.68,
ADHIRAJ,2026-08-29,,,,,,,,,,-1.09,-1.0695187165775402,-1.07,,-260.0,-60.0,,,,,-33.49713415717523,0.024405125076266018,,,,,,,,20.4,
ADISHAKTI,2026-08-29,,,7.8,,,,4.333333333333333,0.5008064516129032,,0.0,0.0,0.0,,-6.11,0.0,,,,,-21.632925543323456,0.030070377479206652,,,,0.0,,,,16.63,
ADISOFT,2026-08-29,,,323.0,14.1,,,1.9457831325301205,,,37.7,14.935064935064934,38.0,,18.0,13.855421686746988,-85.3568633117289,,,,29.747251054643932,0.3055555555555556,,,,0.0,,,,73.6,
ADMACH,2026-08-29,,,262.0,26.2,,0.18018072453076467,3.7971014492753623,3.730769230769231,,21.6,10.989010989010989,25.0,,19.0,14.492753623188406,145.40956069652458,,,,74.43564929832081,0.0,,,,0.0,,,,52.95,
ADON,2026-08-29,,,198.0,8.54,,4.002551056293095,0.6111111111111112,,,91.7,19.65811965811966,84.0,,11.0,7.098765432098765,2.1336392415464145,,,,145.1173821929731,0.6153846153846154,,,,0.0,,,,65.44,
ADVANCETL,2026-08-29,,,68.3,16.6,,,1.3657268546290742,,,35.4,8.653026427962489,24.6,,15.54,8.118376324735053,-25.309920890713922,,-10.690539387698339,,9.789292782445314,1.2636961285609933,,,,0.0,,,,71.98,
AEGEUS,2026-08-29,,,113.0,28.0,,,2.761485826001955,,,30.0,10.213414634146341,31.6,,16.72,9.824046920821113,,,,,,0.7740259740259741,,,,0.0,,,,46.09,
AERON,2026-08-29,,,121.0,13.7,,,0.545045045045045,1.107142857142857,,8.41,4.245283018867925,9.77,,9.0,4.054054054054054,-50.49460804673149,,-23.56114172997653,,7.440160348978164,0.5272727272727272,,,,0.0,,,,73.63,
AESTHETIK,2026-08-29,,,124.0,17.4,,,1.0508474576271187,2.458904109589041,,15.1,7.608695652173914,17.6,,10.0,5.932203389830509,-32.3802976567426,,,,43.41921420171222,0.5,,,,0.0,,,,69.57,
AFCOM,2026-08-29,,,4583.0,31.2,,0.5401686598821815,7.1609375,6.65,,36.0,15.72192513368984,33.5,,39.0,22.96875,57.7597374990344,,21.884658813879977,,62.919381568434176,0.8774617067833698,,,,0.0,,,,35.84,
AFLTD,2026-08-29,,,74.3,20.5,,3.984617152624736,1.9046398359395027,,,22.0,9.90450204638472,25.2,,14.12,9.305306331709819,5.144785362000537,,,,54.44007246745637,0.6973827699018539,,,,0.0,,,,68.57,
AGARWALFT,2026-08-29,,,21.8,14.8,,,0.3350753150937596,1.0869565217391304,,7.64,3.472714386959603,10.1,,5.73,2.2594528127881954,-16.122425172519648,,10.360807763812808,,10.522926910134323,0.8203203203203203,,,,0.0,,,,57.55,
AGARWALTUF,2026-08-29,,,246.0,11.4,,0.13968357129485998,2.5894736842105264,2.122137404580153,,20.6,14.864864864864865,23.0,,30.0,23.157894736842106,81.61303361821687,,,,33.420082436097246,0.21551724137931033,,,,0.0,,,,60.39,
AGNI,2026-08-29,,,30.3,21.8,,,0.7847707847707848,0.9393939393939394,,4.36,1.5478164731896074,8.97,,10.02,2.1756021756021755,,,23.445550092271294,,20.58524284242822,0.5097493036211699,,,,0.0,,,,70.57,
AGUL,2026-08-29,,,25.2,316.0,,,0.3429504627109417,1.1645569620253164,,0.4,0.15000937558597413,5.13,,1.8,0.10887316276537833,-62.65496044535696,,-52.3713833983416,,7.390269707827657,0.8758652514997692,,,,0.0,,,,70.64,
AHASOLAR,2026-08-29,,,21.7,104.0,,,0.23594650429487876,1.4506172839506173,,1.41,1.0248901903367496,2.87,,0.55,0.22833532673697943,,,,,,0.06012024048096192,,,,0.0,,,,36.95,
AHIMSA,2026-08-29,,,14.1,,,,282.0,1.7432432432432432,,-5.99,-5.841121495327103,-5.87,,-920.0,-1000.0,,,,,-86.48176997595083,0.0,,,,0.0,,,,51.03,
AIKPIPES,2026-08-29,,,18.0,201.0,,,1.9047619047619049,0.7888888888888889,,0.39,0.26833631484794274,2.94,,9.84,0.9523809523809524,-78.63225405002915,,-53.58664786656726,,-32.318140517045244,0.3368237347294939,,,,0.0,,,,73.5,
AILIMITED,2026-08-29,,,24.0,30.0,,4.8698692355989595,0.8498583569405099,2.0498915401301514,,7.5,3.297609233305853,10.8,,7.97,2.8328611898017,6.160329682098786,,34.89526596076231,,7.788571262361321,0.9430379746835443,,,,0.0,,,,52.35,
AIMTRON,2026-08-29,,,3427.0,74.6,,,11.385382059800664,14.421052631578947,,23.6,10.952380952380953,28.2,,20.0,15.282392026578073,,,,,,0.23404255319148937,,,,0.0,,,,70.9,
AIRFLOA,2026-08-29,,,1121.0,28.6,,,3.503125,4.68937875751503,,22.4,9.67741935483871,25.6,,20.0,12.1875,,,,,,0.28451882845188287,,,,0.0,,,,54.2,
AISL,2026-08-29,,,66.2,18.2,,,0.25859375,0.7927170868347339,,7.0,2.9629629629629632,7.77,,2.1,1.5625,-18.857712100742674,,-10.224018389519108,,10.839367461184812,0.21428571428571427,,,,0.0,,,,74.98,
AJCJEWEL,2026-08-29,,,110.0,14.0,,,0.37800687285223367,3.042016806722689,,21.7,9.523809523809524,,,4.8,2.7491408934707904,,,,,,1.2222222222222223,,,,0.0,,,,56.33,
AKANKSHA,2026-08-29,,,245.0,42.2,,,2.67408862693735,3.4153005464480874,,8.41,4.141299730992496,11.0,,12.43,6.385068762278978,-42.469169857783804,,,,25.73644960626691,0.6009206304923979,,,,0.0,,,,57.51,
AKIKO,2026-08-29,,,442.0,22.8,,,2.09478672985782,7.360861759425493,,29.4,20.37037037037037,37.1,,15.0,10.42654028436019,,,,,,0.25,,,,0.0,,,,67.29,
ALCODIS,2026-08-29,,,70.7,7.89,,,0.5198529411764706,,,,,,,15.0,6.61764705882353,,,,,,,,,,0.0,,,,74.93,
ALKOSIGN,2026-08-29,,,70.2,55.7,,,2.6292134831460676,2.480916030534351,,4.12,-10.584834334000444,4.71,,13.93,-17.827715355805243,,,,,,0.4677533664068037,,,,0.0,,,,45.92,
ALLETEC,2026-08-29,,,248.0,9.74,,1.2947831240318075,1.7588652482269505,1.4712918660287082,,17.1,11.428571428571429,22.2,,16.0,17.02127659574468,7.522495326994028,,16.69786712575285,,6.721939146133016,0.005917159763313609,,,,1.22,,,,50.1,
ALPEXSOLAR,2026-08-29,,,2169.0,10.8,,0.11585542593291083,0.9245524296675192,3.859090909090909,,52.0,14.450867052023122,43.5,,14.0,8.525149190110827,93.21963052687776,,,,78.42648448107772,0.9555160142348754,,,,0.0,,,,65.9,
ALPHAIND,2026-08-29,,,142.0,26.3,,,3.1499556344276844,4.94661921708185,,21.3,15.183098591549296,28.6,,12.71,11.956521739130435,-47.47239464193611,,5.749698085425403,,35.77612133348151,0.04051694027244149,,,,0.0,,,,73.81,
ALUWIND,2026-08-29,,,118.0,11.3,,,0.8489208633093526,1.6879432624113475,,16.1,6.25,17.6,,12.0,7.194244604316546,,,,,,0.5857142857142857,,,,0.0,,,,72.15,
AMANAYA,2026-08-29,,,5.53,26.3,,0.6800741277777388,0.06525073746312685,1.0,,3.87,3.7300177619893424,5.54,,0.35,0.24778761061946902,38.672254870126956,,41.13593522139962,,96.97119523267088,0.0,,,,0.0,,,,48.31,
AMBAAUTO,2026-08-29,,,207.0,14.8,,2.1777107390412187,0.7695167286245354,,,63.8,13.333333333333334,32.5,,10.0,5.204460966542751,6.796127573176225,,,,33.523573078303336,2.1379310344827585,,,,0.0,,,,,
AMBANIORGO,2026-08-29,,,95.0,71.4,,,0.38934426229508196,1.5089163237311385,,2.49,0.4484304932735426,10.5,,7.0,0.4098360655737705,-17.332873107027392,,-12.279542458629233,,22.726579924315104,1.2857142857142858,,,,0.0,,,,52.59,
AMBOAGRI,2026-08-29,,,19.8,36.8,,,0.1523076923076923,0.36496350364963503,,1.12,0.0,5.16,,2.9,0.0,,,,,,0.46296296296296297,,,,0.0,,,,49.9,
AMCL,2026-08-29,,,424.0,19.8,,0.4580028465019868,1.8844444444444444,4.320096269554754,,32.4,11.475409836065573,29.6,,14.0,9.333333333333334,43.23117236327943,,,,38.87830607195606,0.47474747474747475,,,,0.0,,,,71.65,
AMEENJI,2026-08-29,,,256.0,40.4,,,2.0813008130081303,4.680412371134021,,16.5,4.137931034482759,19.6,,16.0,4.878048780487805,,,,,,0.5555555555555556,,,,0.0,,,,67.71,
AMEYA,2026-08-29,,,84.0,15.0,,0.33719984997327135,2.0874751491053676,2.5454545454545454,,18.5,13.898557931377425,25.3,,18.94,13.891650099403577,44.484005556909345,,-44.100911756203956,,12.22514321646746,0.0054528930627082695,,,,0.0,,,,72.45,
AMIABLE,2026-08-29,,,11.4,11.8,,,0.5993690851735016,1.1403508771929824,,10.1,6.2745098039215685,12.8,,2.1,5.047318611987381,-3.8694803908576936,,-16.955378724688984,,-13.571046063064419,0.27683049147442323,,,,0.0,,,,70.16,
AMIC,2026-08-29,,,2232.0,78.9,,,15.71830985915493,9.757575757575758,,16.8,10.9375,23.5,,30.0,19.718309859154928,-38.400761742780944,,27.258238128831792,,6.973642765099219,0.028169014084507043,,,,0.0,,,,57.96,
AMKAY,2026-08-29,,,49.3,21.4,,,1.1729716868903164,1.8688524590163935,,9.16,6.934854398078655,12.8,,9.16,5.496074232690935,-83.16477417994432,,-69.6666896835175,,14.690142578886878,0.1489764973464746,,,,0.0,,,,73.44,
AMRAFIN,2026-08-29,,,37.1,47.6,,4.934819753459864,1.903540277065162,0.24642857142857144,,0.52,0.519653564290473,0.41,,-3.95,4.0020523345305286,9.645742373189425,,6.668390127527379,,-44.80535075994329,0.0,,,,0.0,,,,74.77,
AMWILL,2026-08-29,,,87.4,7.64,,,2.032558139534884,1.0843672456575684,,15.3,12.643678160919542,20.5,,30.0,25.581395348837212,-82.33968173938094,,,,15.37281116524374,-0.0,,,,1.14,,,,70.65,
ANAWIL,2026-08-29,,,1023.0,27.9,,0.5444084033890082,7.153846153846154,,,56.6,12.67123287671233,32.3,,43.0,25.874125874125873,51.248290486184864,,,,76.51741676630314,1.4222222222222223,,,,0.0,,,,65.26,
ANGEL,2026-08-29,,,31.9,24.9,,,0.15047169811320754,1.0940170940170941,,4.48,1.25,10.4,,3.7,0.4716981132075472,,,-28.711729034861357,,20.554519631121515,1.1724137931034482,,,,0.0,,,,73.91,
ANL,2026-08-29,,,204.0,40.3,,,6.073236082167311,5.755102040816326,,25.0,12.134992819530876,27.7,,20.51,15.093777910092287,-3.460254925367723,,,,126.5186964360685,0.11925570904990133,,,,0.0,,,,73.48,
ANLON,2026-08-29,,,481.0,34.6,,0.8444043704875509,4.537735849056604,5.517241379310345,,21.1,12.844036697247708,27.1,,20.0,13.20754716981132,40.9756287500292,,-50.41102671876676,,47.54708770863027,0.16666666666666666,,,,0.0,,,,51.69,
ANNAPURNA,2026-08-29,,,316.0,9.34,,0.19750203986586393,0.6076923076923076,0.9602649006622517,,9.69,4.92845786963434,12.6,,14.0,5.961538461538462,47.29065080210504,,,,48.12480342036851,0.693939393939394,,,,0.0,,,,40.17,
ANONDITA,2026-08-29,,,1919.0,57.4,,,14.007299270072993,14.839160839160838,,40.0,18.37837837837838,43.6,,37.0,24.817518248175183,,,,,,0.26356589147286824,,,,0.0,,,,62.4,
ANUBHAV,2026-08-29,,,55.0,7.93,,,0.5045871559633027,,,44.4,12.5,28.0,,13.0,6.422018348623854,-22.982625764473184,,,,7.804216719503643,2.0625,,,,0.0,,,,72.73,
ANYA,2026-08-29,,,180.0,21.4,,,1.0112359550561798,1.865671641791045,,9.08,4.326923076923077,10.2,,9.0,5.056179775280898,-21.910333438092,,,,15.341962818541921,0.8541666666666666,,,,0.0,,,,65.4,
APEXECO,2026-08-29,,,335.0,19.7,,,2.248322147651007,5.291666666666667,,31.1,19.101123595505616,41.2,,15.0,11.409395973154362,-30.544110469378115,,,,62.07128470212071,0.015873015873015872,,,,0.0,,,,69.29,
APL,2026-08-29,,,98.7,25.5,,,3.875147232037692,2.543859649122807,,15.5,7.492739593417232,16.8,,-2.24,15.19434628975265,-33.01742477446206,,,,57.33200076414773,0.131497683993824,,,,0.0,,,,50.66,
APPL,2026-08-29,,,550.0,119.0,,28.566017318214325,11.812714776632301,23.60294117647059,,30.5,10.610932475884246,30.0,,16.0,9.922680412371134,4.165788974864304,,,,49.62335561115392,0.3074946466809422,,,,0.0,,,,72.89,
APRAMEYA,2026-08-29,,,237.0,46.4,,,4.298929802285507,3.406593406593407,,7.63,6.235565819861432,12.8,,19.1,9.30527843279521,,,,,,0.10288184438040344,,,,0.0,,,,74.05,
APS,2026-08-29,,,522.0,9.03,,,0.7372881355932204,3.1818181818181817,,45.9,14.987080103359174,56.5,,13.0,8.192090395480225,,,,,,0.27439024390243905,,,,0.04,,,,72.62,
APSISAERO,2026-08-29,,,667.0,88.9,,,21.761827079934747,13.645320197044335,,25.3,11.886672997784109,31.8,,37.39,24.502446982055464,-16.050156313436393,,,,43.510575981245395,0.085480572597137,,,,0.0,,,,73.02,
ARABIAN,2026-08-29,,,95.4,8.5,,,0.23099273607748186,1.3773584905660377,,17.6,6.395348837209303,18.4,,4.2,2.663438256658596,,,,,,0.6956521739130435,,,,0.0,,,,73.45,
ARCIIL,2026-08-29,,,37.2,20.0,,,1.7824628653569718,0.6198630136986302,,4.36,2.736098852603707,6.5,,15.0,8.912314326784859,-51.02678163861587,,14.245505931686564,,-4.524687155941509,0.0003322811098189068,,,,0.0,,,,64.51,
ARHAM,2026-08-29,,,470.0,38.5,,,3.9495798319327733,4.756637168141593,,18.8,7.361963190184049,19.8,,16.0,10.084033613445378,,,,,,0.26262626262626265,,,,0.0,,,,56.16,
ARIHANTACA,2026-08-29,,,272.0,29.6,,,4.0272431151909975,8.12274368231047,,31.1,16.24542443785951,42.4,,21.69,13.799230085875037,-80.4127499578219,,-48.524035081155546,,64.3654806539273,0.0,,,,0.22,,,,64.74,
ARISTO,2026-08-29,,,72.8,10.1,,0.38326639844760957,0.19999999999999998,1.6360856269113149,,17.6,4.516129032258064,19.5,,4.4,1.9230769230769231,26.35242755667926,,37.328204434499376,,18.63558150643685,0.7777777777777778,,,,0.47,,,,73.42,
ARITAS,2026-08-29,,,25.6,5.39,,,0.25346534653465347,0.4659498207885305,,12.6,4.504504504504505,11.6,,9.0,4.9504950495049505,-15.256326593767655,,,,25.579013155353557,0.5636363636363636,,,,0.0,,,,27.99,
ARMOUR,2026-08-29,,,31.9,6.0,,,0.677570093457944,0.6823104693140793,,16.3,10.34684333593141,22.8,,17.37,11.278674596431605,,,,,17.732638991947415,0.022664100919392777,,,,0.0,,,,70.12,
ARROWHEAD,2026-08-29,,,14.4,84.8,,,0.6185567010309279,0.8603351955307262,,1.02,0.590687977762335,3.45,,3.22,0.7302405498281787,-51.07395341346746,,,,2.734657447250055,0.32238805970149254,,,,0.0,,,,35.09,
ARTEMISADR,2026-08-29,,,60.9,,,,160.26315789473685,1.7677642980935875,,-4.77,-2.96043267862226,-4.77,,-271.05,-273.6842105263158,,,,,-52.91375359383399,0.0,,,,0.0,,,,35.31,
ARUNAYA,2026-08-29,,,25.1,6.15,,,0.4061488673139159,,,44.1,9.054593874833555,32.5,,11.29,6.601941747572816,,,,,,1.1801242236024845,,,,0.0,,,,60.79,
ARVINDPORT,2026-08-29,,,57.9,48.7,,,4.498834498834499,0.7098121085594989,,1.47,1.4152394626192184,2.64,,67.06,10.722610722610723,,,,,,0.0473568281938326,,,,0.0,,,,54.2,
ASARFI,2026-08-29,,,418.0,23.5,,0.3765063670811607,2.2717391304347827,4.0926640926640925,,18.6,9.32642487046632,18.6,,20.0,9.782608695652174,62.41594314110039,,,,31.45514888223815,0.5918367346938775,,,,0.0,,,,61.17,
ASCENSIVE,2026-08-29,,,78.0,22.2,,0.6656038661651613,1.3290168682910206,4.10752688172043,,20.3,9.57058658433904,24.5,,10.29,5.810189129323565,33.35317165133675,,34.29656306321513,,53.33333075299043,0.4096893101632438,,,,0.0,,,,52.24,
ASCOM,2026-08-29,,,247.0,47.0,,26.396209421211804,,4.48936170212766,,10.0,8.761936672809517,13.2,,,,1.7805586874239276,,1.7471633371324513,,,,,,,0.0,,,,74.85,
ASHALOG,2026-08-29,,,88.0,9.76,,,0.27586206896551724,0.6310679611650486,,6.69,3.557312252964427,9.63,,9.0,2.8213166144200628,,,,,12.844198496255888,0.5642857142857143,,,,0.0,,,,68.03,
ASHWINI,2026-08-29,,,273.0,17.8,,,2.904255319148936,,,72.0,10.891089108910892,24.1,,27.0,11.702127659574469,-31.22652942600681,,,,17.46269297383025,3.0,,,,0.0,,,,66.67,
ASPIRE,2026-08-29,,,20.5,8.07,,,0.11647727272727272,0.391304347826087,,5.0,3.1578947368421053,7.11,,1.1,1.7045454545454544,-67.17662574103882,,-76.34132755291473,,-20.173787658127786,0.34615384615384615,,,,0.0,,,,72.35,
ASSOCIATED,2026-08-29,,,15.0,13.0,,,1.8159806295399517,1.920415224913495,,15.8,11.036468330134356,20.3,,19.73,13.922518159806293,-64.0610536386327,,,,32.016596753758094,0.01278772378516624,,,,0.0,,,,68.79,
ASTONEALAB,2026-08-29,,,290.0,64.1,,,1.9594594594594594,5.073529411764706,,12.0,3.4246575342465753,10.5,,9.0,3.3783783783783785,,,,,,0.7413793103448276,,,,0.0,,,,72.3,
ASTRONMULT,2026-08-29,,,14.3,4.13,,,0.29545454545454547,0.526984126984127,,18.4,9.41593886462882,21.6,,10.76,7.1280991735537205,-5.019852464593488,,,,35.41845071355192,0.09043927648578813,,,,0.0,,,,66.05,
ATCENERGY,2026-08-29,,,45.7,,,,1.4866623292127523,0.5209302325581395,,-1.67,-1.323910904374273,0.63,,6.86,-4.814573845152895,,,,,-2.4747393511461158,0.22311029915505823,,,,0.0,,,,72.06,
ATENPAPERS,2026-08-29,,,20.6,2.79,,0.21852760379525302,0.11016042780748664,0.41493775933609955,,23.2,9.45945945945946,24.7,,6.0,3.7433155080213902,12.767265789515815,,,,27.135471513928657,0.1836734693877551,,,,0.0,,,,67.96,
ATHARVA,2026-08-29,,,143.0,22.1,,0.3213495349574989,2.629159772016915,,,39.6,14.77843764275925,38.2,,17.94,11.895569038426181,68.7724661027529,,,,6.28540186203792,0.49846782431052095,,,,0.0,,,,100.0,
ATHCON,2026-08-29,,,3.01,,,,,0.514102564102564,,-10.8,-3.9528023598820066,-3.9,,37.33,,,,,,,0.5521367521367522,,,,0.0,,,,37.92,
ATIL,2026-08-29,,,143.0,13.0,,0.4421928948120145,1.3,1.8356643356643356,,21.3,9.482758620689655,19.3,,13.0,10.0,29.398934610938454,,,,15.173720500186395,0.3037974683544304,,,,0.0,,,,73.05,
ATMASTCO,2026-08-29,,,379.0,14.9,,,1.2935153583617747,2.449324324324324,,18.2,4.502369668246446,20.4,,16.0,6.484641638225256,-3.7294817335862596,,79.77999900609032,,6.58205382415995,0.7074829931972789,,,,0.0,,,,66.14,
AUREATE,2026-08-29,,,47.5,9.04,,,0.31666666666666665,,,33.8,6.329113924050633,20.5,,6.0,3.3333333333333335,-73.82491461221204,,,,-10.467304922675458,1.8888888888888888,,,,0.0,,,,64.63,
AUROIMPEX,2026-08-29,,,29.5,7.08,,,0.118,0.5748218527315914,,8.44,3.669724770642202,9.75,,3.6,1.6,-19.182151062640994,,,,2.522064078923192,0.8431372549019608,,,,0.0,,,,71.62,
AUSL,2026-08-29,,,61.0,15.2,,,0.15024630541871922,0.5913461538461539,,3.96,2.072538860103627,7.36,,2.7,0.9852216748768473,-10.766747611149563,,-15.45328280174002,,-8.50092127301194,0.7669902912621359,,,,0.0,,,,68.76,
AUSTERE,2026-08-29,,,43.8,8.69,,,1.9650067294751008,1.251497005988024,,19.7,12.743362831858407,26.5,,28.22,22.611036339165548,-86.14875427534058,,,,13.215603066553317,0.0,,,,0.48,,,,66.98,
AVANA,2026-08-29,,,340.0,29.0,,,4.0476190476190474,5.747126436781609,,29.0,14.117647058823529,38.1,,19.0,14.285714285714285,-23.54331900356965,,8.785288677456847,,44.22495703074083,0.01694915254237288,,,,0.0,,,,73.64,
AVATAR,2026-08-29,,,253.0,682.0,,,2.4563106796116503,7.117647058823529,,1.05,0.0,1.36,,-0.2,0.0,,,,,,0.0,,,,0.0,,,,66.32,
AVAX,2026-08-29,,,33.4,,,,,,,,,,,,,,,,,,,,,,0.0,,,,51.98,
AVIANSH,2026-08-29,,,140.0,108.0,,,0.9929078014184397,3.1948881789137378,,3.02,1.1235955056179776,5.14,,4.6,0.7092198581560284,-32.017508170328256,,-33.11948189673508,,5.231214027537567,0.8409090909090909,,,,0.0,,,,66.99,
AVIENCE,2026-08-29,,,148.0,16.9,,,2.8185107598552657,,,32.4,11.226584552219657,26.6,,28.45,16.663492668063228,,,,,,0.9213626233683541,,,,0.0,,,,64.59,
AVPINFRA,2026-08-29,,,144.0,3.41,,,0.32653061224489793,0.8067226890756302,,27.7,8.21917808219178,22.4,,19.0,9.523809523809524,-11.104022556041414,,,,56.52375198699717,1.3146067415730338,,,,0.0,,,,62.41,
AVSL,2026-08-29,,,63.8,28.4,,,0.6254901960784314,4.49438202247191,,17.2,3.9215686274509802,17.4,,3.3,1.9607843137254901,,,,,,0.9285714285714286,,,,0.0,,,,71.99,
AZTEC,2026-08-29,,,137.0,18.7,,,1.4192479022065678,2.3877068557919623,,13.6,6.89879899450703,17.0,,13.66,7.676370040401947,,,,,,0.29010950808273944,,,,0.5,,,,74.76,
BABAFP,2026-08-29,,,37.6,,,,0.18341463414634146,0.6068601583113457,,-2.29,-0.6756756756756757,1.31,,1.6,-0.4878048780487805,,,,,2.9276373601392125,1.1774193548387097,,,,0.0,,,,73.5,
BAGDIGITAL,2026-08-29,,,223.0,20.7,,,5.186046511627907,2.8925619834710745,,21.7,10.784313725490197,33.0,,42.0,25.581395348837212,-89.90681347783416,,,,19.814528297901845,0.0,,,,0.0,,,,65.94,
BAHETI,2026-08-29,,,878.0,32.4,,0.44725960839178497,1.2110344827586208,9.37984496124031,,35.4,7.180851063829788,21.7,,8.0,3.724137931034482,72.44114914937421,,82.76208650469039,,26.5178083174896,2.4623655913978495,,,,0.0,,,,74.13,
BAIKAKAJI,2026-08-29,,,576.0,25.4,,,1.5824175824175823,3.2764920828258224,,19.7,9.608540925266903,20.0,,13.0,7.417582417582418,,,,,,0.37714285714285717,,,,0.0,,,,74.07,
BALAJIPHOS,2026-08-29,,,209.0,20.5,,,1.2294117647058824,2.3097112860892386,,12.0,6.134969325153374,15.2,,11.0,5.88235294117647,-14.293074295460517,,13.628826014927142,,5.445238400967645,0.46153846153846156,,,,0.0,,,,69.9,
BALCO,2026-08-29,,,8.08,18.4,,,0.17727073277753402,0.7773109243697479,,4.31,1.4940577249575553,7.89,,4.52,0.9653356735410268,-36.529084968644,,,,-8.091838194005396,1.0873320537428024,,,,0.0,,,,63.35,
BARFLEX,2026-08-29,,,148.0,52.1,,,1.2436974789915967,1.5503875968992247,,3.05,2.941176470588235,5.82,,5.0,3.361344537815126,,,,,,0.20833333333333334,,,,0.0,,,,67.22,
BASILIC,2026-08-29,,,471.0,9.79,,2.2525839933947664,1.129496402877698,1.4090909090909092,,19.0,8.379888268156424,22.3,,19.0,10.79136690647482,4.346119846677032,,14.69059056717792,,59.37967739526453,0.31736526946107785,,,,0.0,,,,55.32,
BAWEJA,2026-08-29,,,41.9,6.92,,,0.6077748767043806,0.38190954773869346,,5.66,3.253341923014978,7.93,,16.81,8.790252393385552,,,,,,0.3489914592040705,,,,0.0,,,,70.69,
BCCL,2026-08-29,,,39.9,9.55,,0.9809269085341722,0.25741935483870965,0.3766937669376694,,4.51,2.6490066225165565,8.01,,5.0,2.5806451612903225,9.735689700133566,,,,12.110512440831279,0.019230769230769232,,,,0.0,,,,39.66,
BDI,2026-08-29,,,153.0,16.0,,,1.5148514851485149,2.1386138613861387,,20.6,8.695652173913043,23.1,,17.0,9.900990099009901,-83.46987014431377,,,,22.457736610029897,0.25,,,,0.0,,,,70.44,
BEACON,2026-08-29,,,149.0,21.4,,,4.242596810933941,2.888111888111888,,14.5,10.868878357030017,19.8,,35.45,19.58997722095672,-32.85314028744568,,,,31.146075261493245,0.0,,,,0.0,,,,46.15,
BEEZAASAN,2026-08-29,,,870.0,65.6,,2.1809274379172834,4.10377358490566,5.572815533980583,,10.5,6.403940886699508,12.2,,10.0,6.132075471698113,30.078946625865697,,,,-2.39613745482099,0.23870967741935484,,,,0.0,,,,75.0,
BENARA,2026-08-29,,,18.5,,,,6.166666666666667,-0.7123287671232877,,,-37.2093023255814,-36.7,,-469.0,-533.3333333333333,,,,,-46.867071540869446,-2.423076923076923,,,,0.0,,,,69.91,
BENCHMARK,2026-08-29,,,27.0,7.97,,,0.40902893500984694,0.8873873873873874,,11.8,7.3028866867729425,14.5,,8.18,5.135585517345857,,,,,27.363882694720807,0.09517558254020347,,,,0.0,,,,72.26,
BEWLTD,2026-08-29,,,65.4,17.3,,,0.35161290322580646,0.46296296296296297,,2.71,1.486988847583643,4.43,,5.0,2.1505376344086025,-25.924246014032427,,-1.3293764665858854,,20.61528841335445,0.44680851063829785,,,,0.0,,,,46.11,
BHADORA,2026-08-29,,,219.0,22.1,,0.3159612991692826,1.752,2.675736961451247,,19.3,8.695652173913043,23.6,,13.0,8.0,69.94527512738034,,,,90.78570709222198,0.21951219512195122,,,,0.0,,,,65.59,
BHANDERI,2026-08-29,,,33.8,169.0,,,8.622448979591836,1.2745098039215685,,0.76,0.3950037365218319,0.92,,17.6,9.438775510204081,-29.844462872089007,,-5.834573630852635,,-14.537523315112576,1.9868371568258743,,,,0.0,,,,56.98,
BHARATROHAN,2026-08-29,,,249.0,23.8,,,2.929411764705882,2.847380410022779,,16.8,10.204081632653061,21.1,,17.0,11.76470588235294,,,,,,0.045454545454545456,,,,0.0,,,,40.27,
BHAVIK,2026-08-29,,,293.0,21.6,,,0.46656050955414013,1.769041769041769,,10.3,5.982905982905983,14.3,,2.7,2.229299363057325,-38.83160572046583,,-22.122813287250075,,3.832248980899622,0.0,,,,0.0,,,,72.98,
BIKEWO,2026-08-29,,,129.0,28.7,,,2.3674068636447054,3.090625,,11.2,8.851298190401257,11.0,,10.31,8.258396035969902,,,,,,0.14733317388184644,,,,0.0,,,,53.2,
BILLWIN,2026-08-29,,,6.69,14.2,,,0.827970297029703,0.4584527220630373,,3.27,2.528240989779451,5.37,,10.77,5.816831683168316,-13.324466145863333,,51.571656651039824,,18.79224980611771,0.10547945205479453,,,,0.0,,,,40.57,
BINDALEXPO,2026-08-29,,,12.8,45.7,,,0.5696484201157099,1.3830845771144278,,3.08,2.356902356902357,3.85,,2.27,1.2461059190031154,-12.482249246774346,,5.806999970214632,,-17.937407549094043,0.0,,,,0.0,,,,72.87,
BIOPOL,2026-08-29,,,61.5,6.85,,,0.75794922356421,1.2316017316017316,,28.3,12.854686156491832,34.1,,16.58,11.05496672418043,,,,,,0.1696374924894853,,,,0.0,,,,65.81,
BIRDYS,2026-08-29,,,59.7,,,,5.970000000000001,2.7987012987012987,,-27.4,-44.0,-28.5,,-62.0,-110.00000000000001,,,,,-12.64195352637011,0.15789473684210525,,,,0.0,,,,26.87,
BIZOTIC,2026-08-29,,,560.0,31.2,,0.5296638266210808,2.231075697211155,4.653846153846153,,20.5,8.411214953271028,26.8,,10.0,7.171314741035857,58.905287527442084,,-37.62576630824784,,56.88693851323128,0.06896551724137931,,,,0.0,,,,74.98,
BLT,2026-08-29,,,13.0,3.37,,,0.2312344361437211,0.6192660550458715,,25.9,10.693400167084379,22.8,,17.16,6.830309498399147,,,,,,0.48421052631578937,,,,0.0,,,,73.61,
BLUEPEBBLE,2026-08-29,,,25.7,52.4,,,1.1876155268022182,0.9237536656891495,,1.77,1.5142150803461063,2.28,,4.57,2.2643253234750462,,,,,,0.04457225017972682,,,,0.79,,,,73.53,
BLUEWATER,2026-08-29,,,528.0,14.8,,5.011106408373837,0.967032967032967,6.512890094979647,,49.8,15.254237288135593,31.4,,11.0,6.593406593406594,2.95343957878611,,,,57.78266269553514,1.3333333333333333,,,,0.0,,,,69.55,
BMAL,2026-08-29,,,12.0,44.6,,,0.43731778425655976,0.6749740394600207,,1.53,0.7624964699237504,3.11,,3.86,0.9839650145772596,,,,,,0.6500280426247897,,,,0.0,,,,73.59,
BMETRICS,2026-08-29,,,41.2,24.8,,,0.4447803087552629,1.9252873563218393,,8.18,3.2396565183450425,10.8,,3.76,1.7920760012954766,,,,,,0.5159027128157155,,,,0.6,,,,70.13,
BMLL,2026-08-29,,,184.0,15.4,,,4.27906976744186,,,45.2,16.43835616438356,,,46.0,27.906976744186046,,,,,,1.5384615384615385,,,,0.0,,,,67.7,
BONDADA,2026-08-29,,,3135.0,14.4,,0.2124819838357481,1.0530735639905946,4.517684887459807,,35.7,10.926016658500735,39.4,,11.0,7.490762512596574,67.77045159335215,,-4.592057761230672,,54.89905664345096,0.4207492795389049,,,,0.1,,,,61.52,
BOSS,2026-08-29,,,23.1,13.9,,,1.1532700948577135,1.4857142857142858,,11.3,8.49974398361495,15.7,,13.73,8.287568647029454,-84.54285956595221,,-49.176656865637625,,24.98115375388654,0.0019292604501607716,,,,0.0,,,,71.35,
BRACEPORT,2026-08-29,,,65.8,17.9,,,1.3279515640766901,1.5315789473684212,,8.91,7.772130453197798,12.1,,9.85,7.406659939455096,,,,,,0.007916181606519208,,,,1.46,,,,70.17,
BRANDMAN,2026-08-29,,,299.0,10.1,,,1.845679012345679,2.0377358490566038,,29.5,12.01923076923077,36.8,,17.0,15.432098765432098,,,,,,0.09219858156028368,,,,0.0,,,,69.02,
BRGIL,2026-08-29,,,446.0,9.92,,,0.5439024390243903,1.626086956521739,,17.9,9.82532751091703,22.7,,9.0,5.487804878048781,-1.8930395774799824,,20.02960275671988,,33.32530459041434,0.2773722627737226,,,,0.13,,,,73.6,
BRIGHT,2026-08-29,,,768.0,31.9,,0.6647130586042929,5.019607843137255,4.141176470588236,,13.8,10.85972850678733,18.7,,21.0,15.686274509803921,47.99063232935556,,51.29805981843547,,18.477132519697804,-0.0,,,,0.14,,,,69.76,
BRISK,2026-08-29,,,14.2,14.1,,,0.4725457570715474,1.9010695187165774,,13.9,8.101667990468627,18.0,,5.69,3.394342762063228,-18.000825342862438,,-49.149434920116605,,17.955639823574643,0.1054739652870494,,,,4.78,,,,59.99,
BROACH,2026-08-29,,,11.0,123.0,,,1.8363939899833055,1.1666666666666667,,0.96,0.8364312267657992,2.52,,8.51,1.5025041736227045,,,,,48.74823165691096,0.0,,,,0.0,,,,63.86,
BRRL,2026-08-29,,,953.0,27.6,,0.16834451033809483,5.6726190476190474,5.391812865497076,,21.8,9.368635437881874,21.6,,39.0,27.380952380952383,163.94951011214752,,40.3815211102031,,114.59525758708126,1.0625,,,,0.0,,,,73.15,
BULKCORP,2026-08-29,,,51.5,13.8,,,0.7821992709599027,1.4826839826839826,,11.4,7.289427398866523,17.2,,10.12,5.665249088699878,-9.49237135978519,,6.9782977053360895,,19.61598253884005,0.3037719550820617,,,,0.0,,,,72.26,
C2C,2026-08-29,,,388.0,21.1,,,2.6575342465753424,1.6402877697841727,,8.45,4.81283422459893,13.5,,16.0,12.32876712328767,-17.45181877763433,,,,163.28187140857185,0.2320675105485232,,,,0.0,,,,36.98,
CADSYS,2026-08-29,,,48.3,,,,0.4128205128205128,1.3879310344827587,,-36.9,-40.78947368421053,-14.1,,-13.0,-26.495726495726498,,,,,-12.558834497661875,0.2,,,,0.0,,,,47.78,
CANARYS,2026-08-29,,,155.0,11.2,,,0.7828282828282829,1.4999999999999998,,14.6,10.638297872340425,22.6,,11.0,7.575757575757576,,,,,38.20846460022369,0.09615384615384616,,,,0.0,,,,58.16,
CARGOSOL,2026-08-29,,,25.1,,,,0.22612612612612615,1.1284403669724772,,-1.34,-0.0,7.35,,4.6,-0.0,,,,,-13.245631572208627,1.2272727272727273,,,,0.0,,,,73.53,
CARGOTRANS,2026-08-29,,,47.4,8.85,,0.5428356438731667,0.427027027027027,0.9852216748768473,,15.1,8.47457627118644,19.5,,8.0,4.504504504504505,16.303277244019366,,-13.977288546070465,,14.471424255333186,0.0625,,,,0.62,,,,53.71,
CBAZAAR,2026-08-29,,,10.5,,,,0.41866028708133973,2.6486486486486487,,-36.3,-17.075232459847843,-32.6,,-13.24,-8.054226475279107,,,,,-9.143970358393016,0.1385390428211587,,,,0.0,,,,38.61,
CBPL,2026-08-29,,,38.0,12.5,,0.25271713359131537,0.3275862068965517,1.1480637813211845,,9.67,3.1914893617021276,12.1,,3.3,2.586206896551724,49.462416031572,,74.45694830286752,,-1.123690621834983,0.5,,,,0.0,,,,73.02,
CCAL,2026-08-29,,,61.5,,,,3.1473899692937564,2.2176470588235295,,-13.2,-11.24141876430206,-13.2,,-20.11,-20.112589559877176,,,,,-7.4014224726309585,0.0010803024846957148,,,,0.0,,,,54.7,
CEDAAR,2026-08-29,,,19.8,,,,0.12147239263803682,0.40974212034383956,,-125.0,-31.140350877192986,-51.0,,-51.0,-43.558282208588956,,,,,0.6211339383710213,2.183673469387755,,,,0.0,,,,68.66,
CELLECOR,2026-08-29,,,721.0,18.2,,,0.5580495356037152,3.4951456310679614,,22.0,8.547008547008547,22.6,,6.0,3.0959752321981426,,,,,,0.6926829268292682,,,,0.0,,,,46.3,
CELLPOINT,2026-08-29,,,30.5,508.0,,,0.08288043478260869,0.4095477386934674,,0.08,0.0,5.47,,2.8,0.0,-81.74319493384378,,-65.42306347058783,,8.76619318898937,1.0266666666666666,,,,0.0,,,,73.06,
CFF,2026-08-29,,,2175.0,55.5,,1.4576258572852616,10.4066985645933,8.165354330708661,,19.0,12.302839116719243,23.5,,28.0,18.660287081339714,38.07561434411251,,39.80034765266802,,43.316429254272016,0.07518796992481203,,,,0.12,,,,68.06,
CGRAPHICS,2026-08-29,,,354.0,18.9,,,1.023121387283237,2.8239845261121856,,16.2,6.785714285714286,15.8,,10.0,5.491329479768786,-59.39698008756986,,-23.976345360740247,,56.65509697771116,0.76,,,,0.0,,,,68.07,
CHAMUNDA,2026-08-29,,,48.4,13.7,,,1.5106117353308364,1.6923076923076923,,13.1,10.223642172523961,15.2,,15.04,10.986267166042447,,,,,31.970413627437733,0.0951048951048951,,,,0.0,,,,73.55,
CHANDAN,2026-08-29,,,533.0,20.3,,2.6968535305195425,1.8442906574394464,3.1187410586552216,,13.2,8.620689655172415,23.1,,20.0,8.650519031141869,7.527290514768614,,,,17.753780417106558,0.3157894736842105,,,,0.0,,,,49.61,
CHATHA,2026-08-29,,,271.0,41.9,,,1.6325301204819278,3.027027027027027,,7.54,3.6585365853658534,8.32,,7.0,3.614457831325301,,,,,,0.4606741573033708,,,,0.0,,,,55.77,
CHAVDA,2026-08-29,,,453.0,23.8,,,1.411214953271028,2.0592592592592593,,10.2,3.4000000000000004,13.5,,18.0,5.29595015576324,-7.996601811678783,,-29.35048213199841,,25.60203405653936,0.6289592760180995,,,,0.0,,,,55.12,
CHCL,2026-08-29,,,27.6,,,,0.9857142857142858,3.216374269005848,,-49.2,-37.096774193548384,-15.5,,-24.0,-82.14285714285714,,,,,-25.965130783694867,3.2222222222222223,,,,0.0,,,,95.0,
CHEMKART,2026-08-29,,,223.0,11.3,,,1.0372093023255815,1.719626168224299,,21.5,12.738853503184714,27.7,,13.0,9.30232558139535,-33.97174705310415,,,,17.95663862236232,0.038461538461538464,,,,0.0,,,,74.66,
CHETANA,2026-08-29,,,87.7,6.34,,,0.8045871559633028,0.9492273730684327,,16.1,9.774436090225564,18.8,,20.0,11.926605504587156,,,,,,0.29347826086956524,,,,0.0,,,,74.02,
CHIRAHARIT,2026-08-29,,,50.4,240.0,,,0.918702150929639,1.5206611570247932,,0.98,0.03596475454055026,3.86,,2.72,0.03645643456069997,-71.23152086676059,,,,18.59434384714882,0.3317249698431846,,,,0.0,,,,73.0,
CHOTHANI,2026-08-29,,,9.32,84.7,,,1.1188475390156063,0.5960264900662252,,0.71,0.5250596658711217,2.23,,4.92,1.3205282112845138,-23.940950784772163,,-8.338121623946426,,0.5256869742073178,0.10179257362355955,,,,0.0,,,,28.96,
CHTR,2026-08-29,,,58.4,6.42,,,0.693421990026122,0.8343434343434343,,19.0,9.972602739726028,25.7,,16.02,10.805034433626217,,,,,,0.0014295925661186562,,,,0.0,,,,60.39,
CITICHEM,2026-08-29,,,9.86,9.86,,0.3670743466745155,0.6671177266576455,0.46774193548387094,,4.85,1.8248175182481754,7.18,,8.86,6.7658998646820026,26.86104351700407,,,,-10.963942985575903,0.36682464454976305,,,,0.0,,,,62.3,
CITYSQUARE,2026-08-29,,,121.0,24.8,,0.578789821298424,1.6923076923076923,3.505154639175258,,20.3,8.360515021459229,24.5,,14.43,6.811188811188812,42.848023734012976,,,,29.806679425365456,0.2968659315147998,,,,0.0,,,,52.46,
CKKRETAIL,2026-08-29,,,323.0,29.9,,,1.1962962962962962,2.7557755775577557,,13.5,8.661417322834646,17.1,,4.6,4.074074074074074,-6.001873013590686,,-11.464023851562576,,35.304556493790564,0.008547008547008548,,,,0.0,,,,72.12,
CLARA,2026-08-29,,,86.5,48.0,,,6.178571428571429,1.4279661016949152,,3.48,2.8676119165206306,4.73,,20.14,12.85714285714286,-28.4370517615979,,28.473515712343932,,7.150760522060806,0.017315303430079157,,,,0.0,,,,41.02,
CLASSICEIL,2026-08-29,,,102.0,8.07,,,0.41975308641975306,1.0754716981132075,,18.1,9.701492537313433,19.3,,9.0,5.349794238683128,-27.017611977145016,,20.683526730903257,,7.79571923261464,0.21052631578947367,,,,0.0,,,,72.02,
CLAYCRAFT,2026-08-29,,,327.0,12.1,,,1.8268156424581006,,,17.7,10.714285714285714,20.0,,24.0,15.083798882681565,,,,,,0.30120481927710846,,,,0.0,,,,73.63,
CLN,2026-08-29,,,581.0,28.2,,,1.6743515850144093,5.045871559633028,,19.6,8.235294117647058,22.4,,11.0,6.051873198847262,,,,,,0.808695652173913,,,,0.0,,,,72.6,
CLSL,2026-08-29,,,157.0,23.8,,5.273623484294468,0.7584541062801933,1.8597560975609755,,8.16,2.8846153846153846,10.8,,9.0,2.898550724637681,4.513026019183863,,,,16.772971309273622,0.6785714285714286,,,,0.0,,,,70.01,
CMNL,2026-08-29,,,290.0,,,,0.5360443622920518,3.037974683544304,,-1.81,-0.6211180124223602,5.37,,7.0,-0.7393715341959335,,,,,33.37900482191352,4.631578947368421,,,,0.0,,,,73.6,
CMRSL,2026-08-29,,,20.0,5.02,,2.1475585941081006,0.17391304347826086,0.9855907780979827,,19.6,7.8431372549019605,22.0,,4.6,3.4782608695652173,2.3375380833717596,,17.012890761093715,,9.747051854874144,0.25,,,,2.92,,,,42.42,
CNCRD,2026-08-29,,,2367.0,55.8,,0.6227298697688799,11.271428571428572,11.338308457711443,,25.8,13.015873015873018,30.6,,28.0,19.523809523809526,89.60546572257667,,-3.050216050664478,,62.43305216294204,0.2583732057416268,,,,0.0,,,,65.57,
CNINFOTECH,2026-08-29,,,200.0,7.85,,,1.9047619047619047,1.0459183673469388,,14.6,13.0,19.6,,24.0,24.761904761904763,-81.31568913713367,,-60.99806167469906,,4.128301283656044,0.0,,,,1.22,,,,74.98,
COMMAND,2026-08-29,,,19.7,37.9,,5.478611659202912,1.8325581395348836,1.2209302325581395,,3.27,1.4925373134328357,3.48,,15.53,4.837209302325582,6.917810999860885,,13.656149397218043,,-22.439250622339767,0.8768564356435643,,,,0.0,,,,38.39,
COMMITTED,2026-08-29,,,411.0,35.1,,,1.6374501992031874,4.489795918367347,,14.0,7.6923076923076925,16.5,,5.0,3.9840637450199203,-31.453290272641755,,-15.609365446347368,,57.69983871658169,0.23076923076923078,,,,0.14,,,,60.8,
COMRADE,2026-08-29,,,28.2,,,,0.9365659249418797,2.1479289940828403,,-52.8,-14.623589426495595,-23.2,,-15.54,-31.418133510461644,,,,,3.8549410871862255,1.2321699544764795,,,,0.0,,,,70.05,
CONNPLEX,2026-08-29,,,430.0,16.6,,,2.9054054054054053,3.2005689900426746,,32.6,14.942528735632186,43.6,,24.0,17.56756756756757,-25.491428481300815,,,,80.90083393020548,0.014925373134328358,,,,0.0,,,,70.11,
CONTAINE,2026-08-29,,,39.9,48.6,,,3.9349112426035497,3.551401869158879,,,,,,23.77,10.552268244575936,,,,,,,,,,0.0,,,,52.57,
CONTI,2026-08-29,,,15.3,15.0,,0.06516278916808915,0.24874004226954968,0.4782608695652174,,3.37,2.4809629083763203,5.05,,4.86,1.6420094293610794,230.19272488946262,,14.242093886584994,,-6.565859384787409,0.0929217337075148,,,,0.0,,,,60.75,
COOLCAPS,2026-08-29,,,233.0,27.9,,0.6704478479994067,0.4387947269303202,2.9774436090225564,,12.6,2.867383512544803,11.3,,1.1,1.5065913370998116,41.613975021700256,,21.3329947199979,,42.89193291881488,1.6962025316455696,,,,0.0,,,,66.66,
COSMICCRF,2026-08-29,,,1275.0,25.2,,,1.7782426778242677,2.8123711340206183,,11.9,6.227106227106227,13.6,,11.0,7.112970711297072,,,,,,0.2982062780269058,,,,0.0,,,,55.11,
COSPOWER,2026-08-29,,,346.0,524.0,,,31.34057971014493,,,,,,,12.59,7.336956521739131,,,,,,,,,,0.0,,,,60.01,
COTFAB,2026-08-29,,,22.0,5.89,,,0.14193548387096774,0.4050632911392405,,7.13,3.0534351145038165,8.84,,4.6,2.5806451612903225,,,,,57.06903261956964,1.0185185185185186,,,,0.0,,,,69.89,
CPML,2026-08-29,,,232.0,112.0,,0.8595708941670726,46.21513944223108,2.4681528662420384,,1.98,2.045633359559402,2.59,,70.12,41.43426294820718,130.29757145107666,,,,63.43132144463923,0.04618666666666667,,,,0.0,,,,11.98,
CPS,2026-08-29,,,266.0,2043.0,,,8.512,11.855670103092784,,0.67,0.39477679927118137,4.37,,6.75,0.41600000000000004,-77.37249944068662,,-37.956450860652204,,-4.765606635241493,0.29696695337256673,,,,0.0,,,,64.88,
CRAYONS,2026-08-29,,,64.9,17.2,,,0.2073482428115016,0.5373737373737374,,3.16,1.702127659574468,5.55,,1.6,1.2779552715654952,,,,,,0.11666666666666667,,,,0.0,,,,73.5,
CRAZY,2026-08-29,,,132.0,20.9,,,1.1891891891891893,,,20.3,6.976744186046512,16.2,,15.0,5.405405405405405,-34.12773715366508,,,,14.99175606197789,1.4516129032258065,,,,0.0,,,,50.81,
CRYOGENIC,2026-08-29,,,518.0,60.1,,,12.634146341463415,9.47780678851175,,20.6,14.925373134328357,29.6,,28.0,24.390243902439025,-55.625535646893944,,,,23.06098642720351,0.0,,,,0.0,,,,74.29,
CSSL,2026-08-29,,,225.0,7.45,,,0.2892030848329049,1.0064585575888052,,18.8,8.356545961002785,19.9,,7.0,3.8560411311053984,-64.21126410096582,,,,36.04221859595482,0.4260089686098655,,,,0.0,,,,73.03,
CTCL,2026-08-29,,,639.0,55.0,,1.0622093018596035,4.915384615384616,12.222222222222221,,25.1,13.541666666666666,29.7,,13.0,10.0,51.77887249124238,,34.40425892185355,,30.12591017154964,0.38461538461538464,,,,0.0,,,,64.69,
CTLLAB,2026-08-29,,,8.35,19.9,,,0.8798735511064277,0.9037037037037038,,4.65,3.7600716204118174,7.2,,10.43,4.425711275026344,,,,,,0.05837837837837838,,,,0.0,,,,64.21,
CUDML,2026-08-29,,,175.0,5.9,,,0.9358288770053476,1.274131274131274,,21.6,14.705882352941178,,,18.0,16.0427807486631,,,,,,0.0072992700729927005,,,,0.0,,,,57.23,
CURIS,2026-08-29,,,103.0,19.3,,,2.8948847667228783,,,,,,,23.72,15.064643057897698,,,,,,,,,,0.0,,,,68.03,
CURRENT,2026-08-29,,,184.0,13.1,,,1.15,2.3076923076923075,,27.2,9.395973154362416,27.0,,14.0,8.75,,,,,,0.4125,,,,0.0,,,,70.52,
CWD,2026-08-29,,,728.0,65.5,,1.065527720625698,4.9523809523809526,6.286836935166995,,13.0,4.602510460251046,18.0,,18.0,7.482993197278912,61.471887340047026,,38.305836038410376,,85.57942847873778,0.7079646017699115,,,,0.0,,,,57.35,
DACHEPALLI,2026-08-29,,,121.0,7.21,,,1.0168067226890756,1.3993055555555554,,28.3,11.333333333333332,23.8,,22.0,14.285714285714285,-39.354970832499866,,41.67391714190074,,32.63524026321307,0.4375,,,,0.0,,,,64.78,
DANISH,2026-08-29,,,1674.0,24.3,,,3.2130518234165066,3.6324786324786325,,17.7,11.979166666666668,23.4,,18.0,13.24376199616123,,,,,,0.004329004329004329,,,,0.24,,,,73.62,
DAPS,2026-08-29,,,12.9,9.58,,,0.5818673883626522,0.7183908045977012,,7.77,5.629691409507923,10.4,,7.53,6.089309878213802,-12.000424373940143,,55.18455739153598,,-9.408798852815837,0.07940033314825097,,,,1.0,,,,65.21,
DAVIN,2026-08-29,,,18.1,23.5,,,2.218137254901961,0.9288135593220338,,4.34,3.566465956461325,6.14,,17.03,9.436274509803921,-71.84235804397193,,,,28.675874441010386,0.007186858316221767,,,,0.0,,,,49.68,
DCCL,2026-08-29,,,63.5,6.19,,0.2485798219309469,,0.5997304582210242,,11.4,3.4013605442176873,13.4,,,,24.901458018259916,,22.941295444971253,,,,,,,2.25,,,,69.14,
DCG,2026-08-29,,,98.0,11.3,,0.205315384250425,0.6012269938650306,1.115702479338843,,10.4,5.555555555555555,13.4,,15.0,5.521472392638037,55.037278581215766,,,,43.63985949452904,0.7045454545454546,,,,0.0,,,,72.45,
DECCANTRAN,2026-08-29,,,49.1,6.02,,,0.306875,0.5046728971962617,,8.73,2.941176470588235,8.31,,11.0,5.0,-54.81325351469471,,-23.272307757416243,,-3.850028646172776,1.2244897959183674,,,,0.0,,,,63.6,
DEEM,2026-08-29,,,34.6,15.9,,,0.38072183098591555,0.3952380952380952,,2.51,1.4930507774872712,5.47,,7.67,2.387764084507042,,,,,-4.201670947348346,0.39831185126040836,,,,0.0,,,,67.1,
DEEPAKCHEM,2026-08-29,,,86.4,10.5,,,1.277350680070964,1.3613013698630136,,13.9,11.361502347417842,19.4,,16.72,12.522176227084566,,,,,13.427393796847209,0.011195206559444969,,,,0.0,,,,73.05,
DEFRAIL,2026-08-29,,,47.8,11.9,,,0.5955644156491402,1.9883040935672514,,24.7,7.677579934903313,25.9,,9.51,4.996262148018938,,,,,,0.3759899958315965,,,,0.0,,,,73.6,
DELAPLEX,2026-08-29,,,101.0,7.88,,,1.463768115942029,1.1234817813765183,,15.7,13.978494623655912,20.1,,19.0,18.84057971014493,,,,,,-0.0,,,,0.0,,,,74.25,
DELTIC,2026-08-29,,,52.8,7.63,,,0.663483287258105,0.6571428571428571,,8.61,7.728442008723857,,,7.67,8.683086202563459,,,,,,0.016820333914776976,,,,0.0,,,,71.0,
DENEERS,2026-08-29,,,155.0,6.13,,,0.8707865168539326,1.5765765765765767,,32.3,12.077294685990339,25.8,,22.0,14.04494382022472,,,,,,0.7604166666666666,,,,0.0,,,,42.8,
DENTALKART,2026-08-29,,,709.0,61.1,,,2.347682119205298,4.09,,6.68,5.583756345177665,8.61,,4.3,3.642384105960265,-10.780783514234237,,,,21.111674062215368,0.0,,,,0.0,,,,60.19,
DESCO,2026-08-29,,,132.0,8.05,,,1.1092436974789917,1.8655097613882863,,25.2,15.238095238095239,29.9,,20.0,13.445378151260504,,,,,,0.2112676056338028,,,,0.0,,,,58.31,
DESTINY,2026-08-29,,,226.0,66.4,,11.844867533186731,2.8535353535353534,3.042168674698795,,6.66,3.6305392418579814,8.74,,4.18,4.292929292929292,5.605803510589014,,-11.924488522892872,,11.771132957437459,0.1907848386642243,,,,0.0,,,,70.87,
DEVLAB,2026-08-29,,,85.4,8.92,,,0.5113772455089821,1.6822429906542058,,20.8,6.0606060606060606,21.0,,7.0,5.9880239520958085,,,,,,0.058823529411764705,,,,0.0,,,,56.69,
DEVSON,2026-08-29,,,364.0,29.7,,,6.5,,,45.0,30.952380952380953,57.0,,30.0,23.214285714285715,-49.283811765420715,,,,19.277362981482305,0.06060606060606061,,,,0.0,,,,73.59,
DFPL,2026-08-29,,,34.2,9.19,,,0.37983118613949357,0.8805031446540881,,10.0,5.663824604141291,8.84,,8.63,4.1314971123944915,-65.16239978129599,,,,3.343681433759338,0.47098099640472524,,,,0.0,,,,59.53,
DGL,2026-08-29,,,0.92,,,,,-0.030392156862745098,,,-26.447016918967055,,,-27400.0,,,,,,,-0.8542029996512033,,,,0.0,,,,0.01,
DHANLAXMI,2026-08-29,,,40.8,,,,1.0700236034618409,0.8992805755395683,,-1.07,-0.7675438596491228,0.93,,2.73,-1.2850773669027011,,,,,-6.474673262158137,0.23278327832783277,,,,0.0,,,,73.97,
DHANSA,2026-08-29,,,70.0,12.7,,,0.49295774647887325,0.6565656565656566,,5.58,3.9735099337748347,,,8.0,4.225352112676056,,,,,,0.40404040404040403,,,,0.0,,,,65.05,
DHARARAIL,2026-08-29,,,226.0,14.6,,,3.9649122807017543,3.0737704918032787,,35.7,15.151515151515152,35.5,,35.0,26.31578947368421,-54.1156380318325,,,,28.28337104256018,0.17567567567567569,,,,0.0,,,,74.56,
DHARIWAL,2026-08-29,,,185.0,21.6,,,0.7838983050847458,,,,,,,2.6,3.8135593220338984,,,,,,,,,,0.0,,,,63.65,
DHARNI,2026-08-29,,,112.0,24.0,,0.4134159683661162,8.93854748603352,4.330708661417323,,19.9,15.196876016921573,22.4,,49.64,37.27055067837191,58.05290999003185,,,,36.01096107280111,0.14750290360046459,,,,0.0,,,,73.64,
DHAVAL,2026-08-29,,,166.0,20.6,,0.4411503360290732,2.5526679993848993,,,31.6,12.10478771454381,27.8,,21.68,12.363524527141317,46.69609953247864,,13.361474182911937,,14.837546340842977,0.7847154471544715,,,,0.0,,,,66.06,
DHILLON,2026-08-29,,,12.2,9.0,,,0.4818325434439178,0.8539944903581268,,13.9,6.232686980609419,16.4,,11.81,5.33175355450237,-45.43960628324029,,-13.393448081491922,,-5.030003089827839,0.34831460674157305,,,,0.0,,,,64.98,
DHTL,2026-08-29,,,10.2,,,,0.24454567250059936,1.2366412213740459,,-21.7,-5.164080386670058,-0.29,,-1.63,-4.866938384080555,,,,,49.75208047528441,0.8167664670658683,,,,0.0,,,,29.5,
DHYAANITR,2026-08-29,,,12.0,171.0,,,0.440852314474651,0.3458128078817734,,0.2,0.09450519778587824,0.45,,0.7,0.2571638501102131,,,-61.92692122568243,,43.404288784158716,0.03667340456251805,,,,0.0,,,,5.66,
DIGIKORE,2026-08-29,,,47.6,3.76,,,0.7212121212121212,1.0,,30.7,11.206896551724139,24.7,,33.0,19.696969696969695,,,,,22.39034103416604,1.1458333333333333,,,,0.0,,,,58.46,
DIGILOGIC,2026-08-29,,,544.0,53.3,,,7.064935064935065,5.040214477211797,,14.4,7.2992700729927,18.7,,20.0,12.987012987012985,-30.876561408654602,,-0.2754862808357905,,11.199004528465784,0.037037037037037035,,,,0.0,,,,64.26,
DIKSAT,2026-08-29,,,219.0,128.0,,1.451128611020219,11.575052854122621,9.541984732824428,,4.41,3.2639104755983834,3.43,,-12.1,5.549682875264271,88.20720577620568,,14.118987895911772,,-6.745714753738497,0.2590136759220887,,,,0.0,,,,71.49,
DIKSHA,2026-08-29,,,88.7,21.5,,,1.7300565632923737,,,63.8,14.604750088621058,33.2,,14.59,8.035888433781938,,,,,66.33847244797182,1.7723004694835682,,,,0.0,,,,69.24,
DIRL,2026-08-29,,,9.06,8.47,,,3.060810810810811,0.5459770114942529,,7.74,5.366098294884654,8.86,,-18.92,36.14864864864865,,,,,10.230001280318124,0.10957254665863939,,,,0.0,,,,54.3,
DIVINEHIRA,2026-08-29,,,458.0,87.0,,,0.5180995475113123,9.069767441860465,,15.1,8.536585365853659,16.1,,1.3,0.7918552036199095,,,,,91.94674448901327,0.45098039215686275,,,,0.0,,,,72.7,
DIVYADHAN,2026-08-29,,,60.0,35.1,,,0.7555723460521345,1.5634328358208953,,4.67,2.6831947277577277,7.14,,6.04,2.153381186248583,-35.15006827519721,,20.619264965628737,,11.465166513360913,0.3612633777081702,,,,0.0,,,,69.94,
DKEGL,2026-08-29,,,53.4,9.37,,0.953824443729093,0.3159763313609467,1.6713615023474178,,18.9,7.5,19.2,,6.0,3.5502958579881656,9.823610688112417,,-3.0469198827745902,,6.988197992541267,0.625,,,,0.0,,,,73.3,
DKUAL,2026-08-29,,,10.6,2.97,,,0.3189888654829973,0.166875,,7.29,5.075854246419963,7.5,,13.54,10.773397532350288,-59.28373575107639,,,,74.3495912264994,0.05345911949685534,,,,0.0,,,,50.94,
DLCL,2026-08-29,,,6.62,110.0,,,1.5799522673031026,0.4676829268292683,,0.5,0.34090909090909083,0.79,,16.47,1.431980906921241,,,-42.966764458910845,,-5.971141863670571,0.1456859971711457,,,,0.0,,,,32.9,
DML,2026-08-29,,,13.2,,,,120.0,1.3076923076923077,,-1.28,-1.0833333333333335,-1.19,,-181.82,-118.18181818181819,,,,,40.10196653276936,0.07845084409136048,,,,0.0,,,,44.64,
DMR,2026-08-29,,,28.4,20.3,,0.9379025395921646,2.2647527910685805,2.1240310077519378,,11.0,10.35758323057953,18.9,,21.61,13.397129186602871,21.644039911467992,,,,41.99546534864717,0.05007473841554559,,,,0.51,,,,69.32,
DOLLEX,2026-08-29,,,141.0,17.8,,4.259403980076638,0.6157205240174672,1.1419354838709677,,8.86,1.932367149758454,5.52,,7.0,3.4934497816593884,4.178988441401543,,14.301145003169879,,19.261583465094766,1.2661290322580645,,,,0.0,,,,54.2,
DPEL,2026-08-29,,,1429.0,53.5,,,2.2827476038338657,11.063829787234042,,20.7,8.011869436201781,,,8.0,4.313099041533546,,,,,,1.2093023255813953,,,,0.0,,,,63.2,
DPL,2026-08-29,,,14.0,5.31,,0.13513475042467746,0.10852713178294573,0.2240506329113924,,5.22,1.4563106796116505,7.64,,3.9,2.3255813953488373,39.29411186473261,,-12.944943670387588,,8.858723345293296,0.20967741935483872,,,,0.0,,,,9.13,
DRA,2026-08-29,,,19.9,6.9,,0.3777906276186669,0.7776475185619383,0.558282208588957,,8.43,6.99249939511251,11.6,,16.41,11.29347401328644,18.264084642578005,,12.338257391347728,,19.541717398034542,0.010358342665173572,,,,0.0,,,,73.02,
DRONACHRYA,2026-08-29,,,83.0,218.0,,,5.657805044308112,1.418032786885246,,0.65,0.6019325201964201,0.98,,23.65,2.590320381731425,-51.81321162817092,,,,-7.557275490027737,0.01780517034754323,,,,0.0,,,,28.21,
DRONE,2026-08-29,,,92.6,79.2,,,2.6404334188765324,1.5261044176706828,,1.95,1.300578034682081,6.16,,27.66,3.3361847733105217,-54.5719851791965,,,,42.695244057523695,0.38981374649744516,,,,0.0,,,,61.03,
DRSCARGO,2026-08-29,,,16.4,7.5,,,0.6146926536731634,0.630057803468208,,8.77,3.300180831826401,9.01,,27.7,8.20839580209895,,,,,17.08958550223103,1.0518234165067177,,,,0.0,,,,73.96,
DRSDILIP,2026-08-29,,,161.0,38.5,,,0.7815533980582524,2.876344086021505,,7.74,3.4782608695652173,10.1,,5.0,1.9417475728155338,,,,,,0.32142857142857145,,,,0.0,,,,74.95,
DTL,2026-08-29,,,99.1,,,,0.4810679611650485,4.724409448818898,,-18.6,-0.9345794392523363,,,6.0,-0.48543689320388345,,,,,,3.0,,,,0.0,,,,70.85,
DUCOL,2026-08-29,,,202.0,27.9,,,1.4852941176470589,1.8760469011725291,,7.73,4.117647058823529,10.3,,10.0,5.147058823529411,,,,,,0.44329896907216493,,,,0.0,,,,46.2,
DUGLOBAL,2026-08-29,,,196.0,34.0,,0.31731563299693577,3.585147247119078,1.8888888888888888,,6.06,5.066487123379902,8.14,,13.72,11.011523687580024,107.14883373025725,,,,13.61204838057315,0.08984639165298039,,,,0.0,,,,54.03,
DURLAX,2026-08-29,,,191.0,13.5,,0.25469028068851013,1.0324324324324323,1.6377171215880895,,14.5,7.428571428571429,17.0,,12.0,7.027027027027027,53.00555625250063,,,,40.291806828037146,0.3418803418803419,,,,0.0,,,,51.45,
DYNAMIC,2026-08-29,,,242.0,5.61,,0.11601418801555353,0.49287169042769857,0.8070175438596491,,17.8,7.099697885196375,16.7,,16.0,9.572301425661914,48.356154501101976,,,,81.588864628988,0.78,,,,0.0,,,,59.83,
E2ERAIL,2026-08-29,,,476.0,28.3,,,1.2526315789473683,2.319327731092437,,10.4,3.0575539568345325,14.8,,10.0,4.473684210526316,-71.15271565039167,,-53.50650720627321,,41.19411947516309,0.8,,,,0.0,,,,32.54,
EARKART,2026-08-29,,,168.0,34.0,,,3.1088082901554404,2.606837606837607,,11.7,7.094545977838538,17.5,,15.45,9.122871946706143,-76.09288090009265,,,,23.170210575944683,0.0,,,,0.0,,,,57.34,
EARTH,2026-08-29,,,17.4,,,,0.28251339503166095,0.5338345864661653,,-14.0,-8.554469273743019,-9.85,,-4.35,-7.955836986523787,,,,,-12.459960367149826,0.4571428571428572,,,,0.0,,,,73.53,
ECOLINE,2026-08-29,,,371.0,19.2,,,1.3639705882352942,,,32.0,17.829457364341085,25.3,,9.0,8.455882352941178,,,,,,0.625,,,,0.0,,,,74.57,
EEPL,2026-08-29,,,200.0,16.1,,0.3107930478921433,1.4814814814814814,2.2,,18.9,6.451612903225806,18.5,,14.0,8.88888888888889,51.80296055266751,,28.460067212550367,,22.744950792028227,0.42857142857142855,,,,0.0,,,,61.78,
EFACTOR,2026-08-29,,,257.0,13.1,,0.540832079991248,1.3455497382198953,2.8488372093023258,,24.4,12.422360248447205,24.7,,15.0,10.471204188481675,24.22193594768267,,35.680303556074236,,17.083438589729848,0.5444444444444444,,,,0.61,,,,69.56,
EFFWA,2026-08-29,,,707.0,24.7,,,2.794466403162055,5.711610486891386,,26.2,14.646464646464647,29.3,,17.0,11.462450592885375,-61.731879200551745,,-33.674820085938784,,30.059144685138705,0.3089430894308943,,,,0.0,,,,73.03,
EFORCE,2026-08-29,,,48.8,77.4,,,2.540343571056741,0.6753246753246753,,0.88,0.8130081300813009,1.31,,-4.16,3.279541905257678,-60.67576663729067,,,,-14.04575526070314,0.0,,,,0.0,,,,62.89,
EIGHTY,2026-08-29,,,37.8,3.88,,0.04306031887833685,0.2953125,1.0249307479224377,,30.5,13.513513513513514,25.1,,12.0,7.8125,90.10616040634997,,-27.007316102766097,,10.839367461184812,0.8108108108108109,,,,0.27,,,,73.53,
EKENNIS,2026-08-29,,,7.55,,,,2.7158273381294964,1.505586592178771,,0.0,0.0,1.57,,3.6,0.0,,,,,,0.0,,,,0.0,,,,71.43,
ELFIN,2026-08-29,,,194.0,33.7,,,1.1085714285714285,4.464285714285714,,20.1,11.538461538461538,24.8,,5.0,3.428571428571429,-38.614781149426115,,,,20.507113208761506,0.09090909090909091,,,,0.0,,,,72.59,
ELGNZ,2026-08-29,,,214.0,9.5,,,0.535,1.2266839378238341,,13.8,6.606606606606606,19.3,,9.0,5.5,,,,,28.164809633939882,0.24,,,,0.0,,,,69.23,
EMAPARTNER,2026-08-29,,,205.0,16.6,,,2.3563218390804597,1.3313161875945538,,8.45,7.017543859649122,10.4,,16.0,13.793103448275861,-58.204163231033434,,,,20.27713724296163,0.006493506493506494,,,,0.0,,,,65.76,
EMIAC,2026-08-29,,,121.0,33.5,,,3.744970597338285,,,23.0,12.706212706212709,99.8,,48.16,11.203961621788919,-78.23691381054569,,,,122.32921907139365,0.017865118356409113,,,,0.0,,,,50.0,
EMKAYTOOLS,2026-08-29,,,101.0,1.05,,,0.9805825242718447,0.28459214501510577,,15.7,21.364985163204746,19.3,,47.0,69.90291262135922,,,,,,0.020066889632107024,,,,0.0,,,,74.99,
EMMFORCE,2026-08-29,,,379.0,46.0,,,3.353982300884956,4.129464285714286,,9.62,5.161290322580645,12.0,,20.0,7.079646017699115,,,,,,0.4835164835164835,,,,0.0,,,,74.5,
EMMIL,2026-08-29,,,147.0,12.3,,,0.9130434782608695,1.5312131919905771,,13.2,7.741935483870968,16.3,,14.0,7.453416149068323,-84.17032259456101,,,,17.20387178673215,0.3125,,,,0.0,,,,73.76,
ENCOMPAS,2026-08-29,,,356.0,27.3,,,5.235294117647059,4.350086655112651,,22.8,12.745098039215685,25.6,,30.0,19.11764705882353,,,,,45.66730228453515,0.15853658536585366,,,,0.0,,,,58.94,
ENFUSE,2026-08-29,,,142.0,,,,2.4482758620689653,7.174887892376681,,-56.3,-27.27272727272727,-22.0,,-11.0,-25.862068965517242,,,,,,1.45,,,,0.0,,,,70.62,
ENSER,2026-08-29,,,130.0,13.4,,,1.2871287128712872,2.9446640316205537,,24.7,8.695652173913043,24.2,,19.0,9.900990099009901,,,,,,0.9545454545454546,,,,0.0,,,,66.6,
ENVIRO,2026-08-29,,,133.0,11.0,,,2.293103448275862,1.7574257425742574,,17.3,11.76470588235294,22.7,,33.0,20.689655172413794,-49.96111973549935,,-14.384663819426446,,27.4745010430834,0.18421052631578946,,,,0.0,,,,68.85,
EPBIO,2026-08-29,,,17.4,11.9,,0.3304751527059694,1.2756598240469206,1.4365411436541142,,12.9,7.79498131340096,16.3,,16.42,10.703812316715542,36.00875860881341,,-34.500581291703355,,24.197101059175896,0.19917012448132781,,,,0.0,,,,70.08,
EPWINDIA,2026-08-29,,,293.0,28.4,,1.9740636232907793,2.7383177570093458,6.818181818181818,,42.8,13.333333333333334,45.9,,15.0,9.345794392523365,14.386567719968912,,,,148.1772183588414,0.23255813953488372,,,,0.0,,,,71.43,
ESCONET,2026-08-29,,,262.0,42.5,,,0.7401129943502824,3.2565789473684212,,8.2,4.580152671755725,12.0,,2.5,1.694915254237288,-50.91976935274454,,,,55.03385718211988,0.1625,,,,0.0,,,,60.19,
ESFL,2026-08-29,,,307.0,23.8,,,2.5798319327731094,,,16.3,11.818181818181818,17.1,,16.0,10.92436974789916,,,,,,0.08139534883720931,,,,0.81,,,,70.86,
ESPRIT,2026-08-29,,,142.0,,,,0.8208092485549133,1.0782029950083194,,-2.2,-1.6666666666666667,-0.25,,3.3,-2.312138728323699,,,,,-0.1919390515160324,0.38636363636363635,,,,0.0,,,,73.63,
ESSEX,2026-08-29,,,69.8,10.9,,2.619851194706789,1.150107101664195,1.7442748091603055,,22.9,9.781941031941031,20.3,,12.03,10.495963091118801,4.160541645274596,,49.413419636277965,,40.46162039322028,0.5498127340823971,,,,0.0,,,,72.07,
ETL,2026-08-29,,,1178.0,20.1,,,8.180555555555555,8.427480916030534,,52.5,33.146067415730336,70.7,,56.0,40.97222222222222,,,,,,0.0,,,,0.23,,,,74.99,
ETML,2026-08-29,,,159.0,15.4,,,0.7293577981651376,1.3800675675675675,,9.19,3.4965034965034967,12.3,,13.0,4.587155963302752,-22.050154089142993,,,,9.952273860131577,1.182608695652174,,,,1.22,,,,50.31,
EUPHORIAIT,2026-08-29,,,8.71,5.62,,,0.571897570584373,0.4854368932038835,,9.03,4.944178628389154,12.9,,18.38,10.177281680892975,-7.237656245699897,,-51.62380670368067,,27.373027572697705,0.2939208031232571,,,,0.0,,,,63.64,
EVANS,2026-08-29,,,42.3,,,,3.618477331052181,1.6885964912280702,,-1.68,-1.5215852795470628,1.69,,-1.03,-3.6783575705731395,,,,,-15.140621436738666,0.031187524990004004,,,,1.95,,,,59.44,
EVOQ,2026-08-29,,,4.21,,,,0.16503332026656212,0.09494382022471909,,-0.54,-0.4620716211012707,-0.56,,-5.68,-0.9408075264602116,,,,,7.753423580055285,0.0015801354401805872,,,,0.0,,,,0.02,
EXATO,2026-08-29,,,710.0,37.4,,,3.879781420765027,8.038768529076396,,24.6,15.447154471544716,26.8,,15.0,10.382513661202186,-83.02263021096216,,,,17.088815555918323,0.23863636363636365,,,,0.0,,,,54.73,
EXCELLENT,2026-08-29,,,93.9,62.2,,,4.147526501766785,4.545454545454545,,7.6,6.312709030100335,9.68,,9.45,6.669611307420495,,,,,,0.08579738245273874,,,,0.0,,,,65.08,
EXHICON,2026-08-29,,,827.0,20.3,,0.5431088291889513,4.073891625615763,3.7333333333333334,,26.1,17.045454545454543,29.5,,27.0,22.167487684729064,37.377407453152436,,-25.48913701309371,,50.96676265221802,0.095,,,,0.03,,,,49.33,
EXIMROUTES,2026-08-29,,,212.0,20.8,,,1.0241545893719808,3.0790190735694822,,22.6,9.25925925925926,25.0,,7.0,4.830917874396135,-47.25280513177489,,1.6637125152862753,,79.15239355079733,0.23529411764705882,,,,0.0,,,,52.64,
FAALCON,2026-08-29,,,40.8,12.9,,,1.204605845881311,0.9069264069264068,,7.03,4.7418038553538775,,,19.49,9.949808089754947,,,,,,0.19079386257505004,,,,0.0,,,,67.96,
FABCLEAN,2026-08-29,,,495.0,31.3,,,2.26027397260274,4.780023781212842,,16.0,9.13978494623656,19.7,,10.0,7.76255707762557,-23.401853448785246,,-44.776363335899696,,20.553003202994823,0.18446601941747573,,,,0.5,,,,68.49,
FABINO,2026-08-29,,,4.27,,,,0.20489443378119,1.1666666666666667,,-14.3,-2.5293586269196027,-10.8,,-9.88,-2.687140115163148,,,,,83.73256825587146,0.4438356164383562,,,,0.0,,,,56.82,
FALCONTECH,2026-08-29,,,34.6,11.4,,,0.603418207185211,1.34375,,12.5,4.078061911170929,11.2,,8.49,5.284269271014998,-32.03917417190064,,-1.1948823811355536,,51.347085149196744,1.3324261275272165,,,,0.0,,,,42.98,
FELIX,2026-08-29,,,305.0,15.2,,0.356329308735864,2.772727272727273,2.006802721088435,,15.0,8.16326530612245,19.3,,29.0,18.181818181818183,42.65717028420835,,,,47.90104960024446,0.2236842105263158,,,,0.0,,,,50.78,
FIDEL,2026-08-29,,,199.0,14.7,,,1.6048387096774193,3.5626535626535625,,25.8,11.76470588235294,25.9,,13.0,11.29032258064516,,,,,90.27558244616205,0.7678571428571429,,,,1.56,,,,73.06,
FIL,2026-08-29,,,153.0,12.0,,,1.7,2.074468085106383,,17.2,13.131313131313133,,,19.0,14.444444444444443,-32.567233814021264,,,,0.3731377853822604,0.16216216216216217,,,,0.0,,,,69.07,
FILTRA,2026-08-29,,,71.2,23.8,,1.4080333992975957,0.9479430169085342,4.276315789473684,,19.6,9.555984555984558,27.4,,5.5,3.954200505924644,16.903008133097373,,,,6.244172124612057,0.0,,,,3.08,,,,72.45,
FINBUD,2026-08-29,,,251.0,21.6,,,0.7943037974683544,2.1782178217821784,,15.4,7.18562874251497,17.8,,6.0,3.79746835443038,-82.65084571803301,,,,32.77544675266086,0.2,,,,0.0,,,,48.25,
FLYSBS,2026-08-29,,,1069.0,17.6,,,3.3510971786833856,3.414364640883978,,26.2,15.561224489795919,32.5,,22.0,19.122257053291534,,,,,110.9132782375981,0.1182108626198083,,,,0.0,,,,32.47,
FOCE,2026-08-29,,,601.0,40.2,,1.9468046963163896,4.144827586206897,6.424090338770389,,17.4,7.352941176470589,16.1,,14.0,10.344827586206897,20.649220785250666,,43.849371212304966,,35.72088082974532,0.5106382978723404,,,,0.0,,,,73.63,
FOCUS,2026-08-29,,,149.0,172.0,,8.889661075293557,6.180008295313148,18.30357142857143,,11.2,9.720670391061454,15.0,,6.72,3.6084612194110326,19.348319192733697,,37.742240830984365,,9.506906645437073,0.01098901098901099,,,,0.03,,,,74.67,
FONE4,2026-08-29,,,11.2,,,,0.21785644816183622,0.9204081632653061,,-43.9,-8.817685047193244,-28.8,,-8.89,-6.905271347986773,,,,,-20.018540323533085,0.24693376941946038,,,,0.0,,,,49.1,
FONEBOX,2026-08-29,,,98.0,61.2,,,0.5,,,114.0,5.128205128205128,56.8,,2.9,1.0204081632653061,,,,,,4.4,,,,0.0,,,,73.41,
FORCAS,2026-08-29,,,376.0,27.6,,0.2646152262099134,1.898989898989899,4.486373165618448,,18.5,8.588957055214724,20.2,,11.0,7.07070707070707,104.30238801944651,,55.62829485076413,,102.06200103110952,0.5357142857142857,,,,0.0,,,,60.3,
FORGEAUTO,2026-08-29,,,103.0,8.34,,,0.3814814814814815,1.4764890282131662,,17.7,6.122448979591836,,,10.0,4.444444444444445,,,,,,1.0285714285714285,,,,0.0,,,,73.63,
FRANKLIN,2026-08-29,,,14.1,82.7,,25.61948705288398,,0.3697095435684647,,0.45,0.4447933019361592,0.63,,,,3.228011545636722,,-3.285883999939365,,,,,,,0.0,,,,26.98,
FRESHARA,2026-08-29,,,1031.0,27.5,,,3.0146198830409356,,,,,,,15.0,11.11111111111111,,,,,,,,,,0.0,,,,62.58,
FROG,2026-08-29,,,370.0,,,,3.490566037735849,2.3333333333333335,,-0.71,-1.0101010101010102,-1.91,,-1.5,-1.8867924528301887,,,,,-7.284699957810581,0.08176100628930817,,,,0.0,,,,72.54,
FTL,2026-08-29,,,3.64,,,,0.6056572379367721,0.3333333333333333,,-26.7,-26.295133437990582,-23.1,,-35.11,-55.740432612312816,,,,,-24.36477983369124,0.12947658402203854,,,,0.0,,,,49.98,
FWSTC,2026-08-29,,,202.0,17.7,,,8.08,2.242355605889015,,17.6,11.11111111111111,20.0,,64.0,48.0,,,,,,0.12222222222222222,,,,0.0,,,,59.87,
GAJANAND,2026-08-29,,,17.8,445.0,,,0.23673360819257883,0.4796954314720812,,0.11,0.08281573498964805,1.82,,1.17,0.053198563638781754,-91.59471124804439,,-39.16356581067942,,0.8246958829422724,0.27186825053995683,,,,0.0,,,,62.94,
GALLARD,2026-08-29,,,180.0,19.8,,0.8208874736497306,2.645502645502645,3.074433656957929,,24.0,10.067485341298815,23.3,,22.4,13.374485596707816,24.1202364947386,,,,48.94844928834938,0.3602928656563937,,,,0.0,,,,67.16,
GANESHIN,2026-08-29,,,472.0,5.17,,,0.4564796905222437,1.8425460636515911,,35.1,7.8924544666088465,18.9,,14.0,8.800773694390715,,,,,,1.9372549019607843,,,,0.09,,,,56.35,
GANGABATH,2026-08-29,,,47.6,37.2,,,1.3603886824807088,0.8699186991869917,,3.35,1.6249841310143458,5.62,,14.89,3.658188053729637,,,,,42.15611674048543,0.2684981684981685,,,,0.0,,,,69.16,
GANGAPHARM,2026-08-29,,,7.09,354.0,,,2.991561181434599,0.9090909090909092,,0.37,0.26109660574412535,3.35,,1.27,0.8438818565400843,,,,,,0.28864059590316576,,,,0.0,,,,50.91,
GANVERSE,2026-08-29,,,60.8,,,,168.88888888888889,1.7034482758620688,,-31.5,-10.858691121300543,-22.3,,-3686.11,-1447.2222222222224,,,,,,0.3427769985974755,,,,0.0,,,,1.34,
GARGI,2026-08-29,,,576.0,18.5,,0.3700779724359468,3.789473684210526,4.044117647058823,,26.0,18.562874251497004,33.8,,26.0,20.394736842105264,49.98946540435336,,-51.54153717138379,,44.86312886883481,0.0851063829787234,,,,0.0,,,,68.28,
GBLOGISTIC,2026-08-29,,,19.4,2.15,,,0.1480916030534351,0.3287101248266297,,16.5,7.258064516129033,17.6,,9.0,6.870229007633588,,,,,,0.7457627118644068,,,,0.0,,,,52.4,
GCHOTELS,2026-08-29,,,241.0,19.4,,,1.7092198581560283,2.0167014613778704,,11.0,6.521739130434782,11.9,,14.0,8.51063829787234,-21.257404892509435,,,,102.42154271643935,0.31092436974789917,,,,0.0,,,,54.85,
GCMCAPI,2026-08-29,,,6.54,26.2,,,2.868421052631579,0.25906040268456376,,0.98,-1.3764880952380951,0.92,,19.74,-16.228070175438596,,,,,-15.132383531139503,0.032066508313539195,,,,0.0,,,,39.04,
GCMCOMM,2026-08-29,,,3.01,,,,75.25,0.916289592760181,,-69.6,-17.617728531855956,-69.4,,-10025.0,-7950.0,,,,,-47.08663160106001,0.0,,,,0.0,,,,52.74,
GCONNECT,2026-08-29,,,4.56,20.7,,,1.1287128712871286,0.48046875,,2.34,2.2540983606557377,3.48,,18.07,5.445544554455446,-54.63596838333924,,,,58.74010519681994,-0.0,,,,0.0,,,,40.27,
GEL,2026-08-29,,,63.6,289.0,,,2.207566817077404,4.768946395563771,,1.65,1.5341701534170153,5.56,,2.64,0.7636237417563346,-15.65673346982508,,-19.72584382397693,,-53.115647712218326,0.05930930930930931,,,,0.0,,,,70.89,
GEMENVIRO,2026-08-29,,,78.7,16.6,,,0.7715686274509804,1.4788135593220337,,9.27,7.352941176470589,12.3,,5.0,4.901960784313726,,,,,,0.09433962264150944,,,,0.72,,,,73.71,
GENXAI,2026-08-29,,,154.0,11.3,,,1.75,,,57.3,20.98765432098765,59.3,,27.0,19.318181818181817,-38.190061524452524,,,,72.9861170125663,0.4444444444444444,,,,0.0,,,,66.49,
GETALONG,2026-08-29,,,13.5,96.7,,,0.1932436301173776,1.2524461839530332,,1.53,0.8888888888888888,2.05,,-3.81,0.8016032064128258,,,,,,1.1527777777777777,,,,0.0,,,,55.08,
GGBL,2026-08-29,,,558.0,7.42,,,0.5224719101123596,1.991150442477876,,31.0,15.368852459016393,35.4,,11.0,7.02247191011236,-23.61190587621751,,,,128.09175199861912,0.18505338078291814,,,,0.22,,,,73.42,
GHUSHINE,2026-08-29,,,10.6,1063.0,,,1.8794326241134751,2.087378640776699,,0.2,0.1349527665317139,0.36,,-3.9,0.1773049645390071,,,,,,0.12770137524557956,,,,0.0,,,,53.29,
GIRIRAJ,2026-08-29,,,209.0,13.8,,0.33300481939288973,0.6763754045307443,1.4271685761047463,,10.9,5.9760956175298805,14.8,,8.0,4.854368932038835,41.440841682589344,,,,34.85363107182755,0.1506849315068493,,,,0.0,,,,54.96,
GJL,2026-08-29,,,358.0,16.9,,1.3220378313481347,0.4344660194174757,5.156576200417537,,49.1,20.388349514563107,46.0,,3.6,2.5485436893203883,12.783295303105202,,,,47.841267439487424,0.38571428571428573,,,,0.0,,,,73.5,
GLAAMUP,2026-08-29,,,22.0,184.0,,,1.7756255044390636,2.206619859578736,,1.21,0.36003600360036003,1.11,,1.45,0.9685230024213074,,,,,,0.5395395395395395,,,,0.0,,,,27.69,
GLEN,2026-08-29,,,296.0,18.0,,,1.4874371859296482,2.1206896551724137,,16.6,5.498281786941581,13.8,,19.0,8.040201005025125,-21.935613357813168,,,,20.056334258157516,0.8705035971223022,,,,0.0,,,,73.31,
GLHRL,2026-08-29,,,11.2,,,,,0.4734513274336283,,-6.81,-7.239057239057238,-3.92,,-1335.48,,,,,,,0.0,,,,0.0,,,,22.88,
GLOBALLOG,2026-08-29,,,166.0,16.2,,,0.7980769230769231,3.176795580110497,,29.4,14.925373134328357,39.0,,5.0,4.807692307692308,-43.00774769585834,,,,3.244559800416136,0.0,,,,0.0,,,,59.86,
GLOBALPET,2026-08-29,,,184.0,34.7,,1.4260976036684663,3.3111391038330034,2.765957446808511,,10.0,7.559549279703323,13.7,,9.66,9.537520244736369,24.332135409763247,,-29.913519698754275,,16.861254286036488,0.0,,,,0.0,,,,60.13,
GLOBTIER,2026-08-29,,,24.6,23.5,,,0.3264331210191083,0.5397350993377483,,3.19,1.5897973445143254,7.37,,9.21,1.2075371549893843,-57.34377257098525,,,,-4.3957099844116225,0.03438458169075778,,,,0.0,,,,71.38,
GLPL,2026-08-29,,,39.3,9.55,,0.14422148781696068,1.2604233483001923,,,39.4,14.265927977839334,30.6,,22.74,13.213598460551637,66.21759451074603,,,,16.479547600877265,0.8818327974276527,,,,0.0,,,,57.29,
GML,2026-08-29,,,25.8,7.54,,,0.645,0.6390977443609023,,10.6,7.012507689153168,13.6,,10.58,8.549999999999999,-24.169438437627257,,,,8.938124471213825,0.10411502231036192,,,,2.06,,,,72.98,
GMPL,2026-08-29,,,86.1,10.4,,0.5525536987927732,0.8359223300970873,1.813031161473088,,19.1,13.559322033898304,25.7,,12.0,7.766990291262135,18.82170008584154,,18.751472805968273,,7.896607754199958,0.0425531914893617,,,,0.0,,,,73.54,
GOBLIN,2026-08-29,,,12.3,5.32,,0.6310994016966293,0.2221018418201517,0.26537313432835824,,5.17,2.624105418607293,7.86,,6.52,4.171180931744312,8.429733867118028,,,,15.172372578800353,0.3039342844790316,,,,0.0,,,,29.36,
GOEL,2026-08-29,,,22.9,8.12,,,1.04518484710178,0.7672955974842767,,9.9,3.8928768636112645,10.9,,28.43,12.870835235052486,-11.03130537068755,,,,-0.8524416494447129,1.2432251589160253,,,,0.0,,,,73.99,
GOELCONS,2026-08-29,,,595.0,13.1,,,0.9056316590563166,2.340909090909091,,23.5,10.10989010989011,33.9,,11.0,7.00152207001522,-38.61675247859188,,-14.622109447788867,,34.337942645808475,0.031496062992125984,,,,0.0,,,,71.83,
GOLDKART,2026-08-29,,,154.0,43.5,,1.3243847913139817,1.3162393162393162,2.8482972136222915,,6.8,4.545454545454546,9.2,,6.0,3.418803418803419,32.84543909390691,,92.41480885054926,,26.353115859447996,0.5925925925925926,,,,0.0,,,,74.14,
GOLDSTAR,2026-08-29,,,215.0,4.96,,,0.16080777860882572,0.7211538461538461,,9.85,8.365758754863812,,,3.5,3.2161555721765147,,,,,,0.026755852842809364,,,,0.0,,,,61.32,
GOYALSALT,2026-08-29,,,193.0,17.0,,0.6884134378122655,0.965,2.8877005347593583,,18.6,9.090909090909092,19.6,,12.0,5.5,24.694462754859824,,13.205356258268196,,19.56793017831675,0.6567164179104478,,,,0.0,,,,72.61,
GPAPL,2026-08-29,,,73.8,10.0,,,0.1897172236503856,1.4634146341463414,,21.2,5.737704918032787,17.9,,3.0,1.7994858611825193,-8.21987448654362,,38.7139602596632,,38.00536243214614,0.8,,,,0.0,,,,71.0,
GPECO,2026-08-29,,,507.0,12.6,,,1.2246376811594204,4.414607948442535,,45.8,9.750566893424036,38.3,,14.0,10.38647342995169,-38.24742110145074,,,,58.99655169305373,0.990909090909091,,,,0.0,,,,59.42,
GPSL,2026-08-29,,,56.7,10.7,,,0.3098360655737705,0.5053333333333333,,4.7,3.7037037037037033,,,2.4,2.73224043715847,,,,,,0.05309734513274336,,,,0.0,,,,46.54,
GRAPHISAD,2026-08-29,,,48.8,11.4,,,0.34609929078014184,0.504725897920605,,4.31,2.2988505747126435,5.49,,5.0,2.8368794326241136,-17.319104431407528,,-39.600307110887066,,12.892306360671423,0.46875,,,,0.0,,,,73.67,
GRCL,2026-08-29,,,326.0,58.3,,0.702637248765752,7.800909308446997,16.559766763848398,,33.1,17.534504391468005,39.5,,21.06,13.376405838717394,82.97311322792721,,,,23.45478786012698,0.3512690355329949,,,,0.0,,,,74.03,
GREENCHEF,2026-08-29,,,138.0,189.0,,,0.4194528875379939,,,1.43,0.5555555555555556,5.89,,2.4,0.303951367781155,,,,,,1.2884615384615385,,,,0.0,,,,73.52,
GREENLEAF,2026-08-29,,,67.7,9.37,,,1.1169773964692296,1.9387755102040818,,30.4,11.974163630341172,36.2,,16.89,11.928724632898863,,,,,,0.1924290220820189,,,,0.0,,,,56.37,
GRERENEW,2026-08-29,,,240.0,17.7,,1.754212142857337,1.951219512195122,3.010752688172043,,24.5,13.20754716981132,32.0,,13.0,11.38211382113821,10.089999702755147,,,,33.23978480775076,0.02531645569620253,,,,0.0,,,,69.99,
GRETEX,2026-08-29,,,443.0,317.0,,,7.951893735415545,8.537313432835822,,3.64,2.0179032013351543,3.01,,1.72,2.387363130497218,-16.028294527857646,,,,30.149540409716025,0.014621008080030782,,,,0.0,,,,64.95,
GSMFOILS,2026-08-29,,,166.0,7.02,,0.05288047689315683,0.5478547854785478,2.234848484848485,,37.5,14.545454545454545,35.4,,12.0,7.920792079207921,132.7522067205193,,,,94.78384026645897,0.5945945945945946,,,,0.0,,,,54.38,
GSTL,2026-08-29,,,20.3,,,,0.9806763285024155,0.45070422535211274,,-0.62,-0.3919921601567969,1.18,,5.94,-1.352657004830918,,,,,-7.114345325705651,0.15177586587249062,,,,0.0,,,,27.83,
GTIL,2026-08-29,,,128.0,15.8,,,1.1130434782608696,2.252983293556086,,20.6,6.504065040650407,18.8,,15.0,6.956521739130435,-69.26627466040742,,,,13.33313866590402,0.7719298245614035,,,,0.0,,,,73.93,
GUJHYSPIN,2026-08-29,,,15.4,309.0,,,0.18617021276595747,0.8087719298245615,,0.26,0.12531328320802007,4.69,,2.3,0.06044487427466151,,,-15.587912015589001,,10.807455495770801,0.7202505219206681,,,,0.0,,,,64.89,
GULFLLOYDS,2026-08-29,,,25.2,5.86,,,0.7062780269058296,,,31.6,12.188208616780043,,,21.36,12.051569506726457,,,,,,1.1512481644640233,,,,0.0,,,,72.92,
GURUNANAK,2026-08-29,,,43.9,7.22,,,1.0432509505703422,0.9312977099236642,,20.5,11.69905714835482,27.2,,22.65,14.448669201520914,-24.87942101425351,,,,2.557303505983577,0.04389312977099236,,,,0.0,,,,68.0,
GVL,2026-08-29,,,51.9,69.2,,,1.3803191489361701,0.5089058524173028,,1.32,0.6079766536964981,2.4,,8.86,1.9946808510638296,,,,,,0.09475747182753552,,,,0.0,,,,56.35,
HAMPS,2026-08-29,,,21.3,,,,2.5177304964539005,2.6344086021505375,,-8.76,-4.648241206030151,-3.36,,0.47,-8.747044917257682,,,,,,0.8506172839506171,,,,0.0,,,,71.99,
HANMAN,2026-08-29,,,4.24,,,,20.190476190476193,2.6933333333333334,,-6.17,-3.8461538461538463,-6.79,,-14.29,-47.61904761904762,,,,,,0.0,,,,0.0,,,,54.04,
HANNAH,2026-08-29,,,262.0,23.5,,0.2359533494630298,2.847826086956522,2.703962703962704,,15.0,8.270676691729323,17.8,,27.0,11.956521739130435,99.59595849552491,,,,18.70664916411231,0.2755102040816326,,,,1.73,,,,71.28,
HAPPY,2026-08-29,,,131.0,18.3,,,1.3841927303465764,,,19.7,7.124222356010436,15.9,,14.19,7.502113271344041,,,,,0.2406577797197551,1.1800900450225111,,,,0.0,,,,72.99,
HARIKANTA,2026-08-29,,,67.1,9.4,,,1.4561631944444444,,,41.2,20.635838150289015,47.0,,22.68,15.494791666666666,,,,,,0.17312290769966523,,,,0.0,,,,70.66,
HARSHDEEP,2026-08-29,,,140.0,11.2,,,2.028985507246377,2.3387096774193545,,23.2,16.049382716049383,29.4,,29.0,18.84057971014493,,,,,,0.06666666666666667,,,,0.29,,,,72.96,
HASJUICE,2026-08-29,,,,,,,,,,25.9,18.360498561840842,31.8,,6.33,20.906113537117903,32.43471939079823,,,,16.055560278250347,0.0,,,,,,,,89.9,
HBEL,2026-08-29,,,14.4,26.2,,0.9385317143541062,1.81360201511335,5.086580086580087,,21.4,20.81218274111675,31.3,,5.42,10.327455919395465,27.915945299760846,,,,48.39003694005075,0.0,,,,0.0,,,,74.88,
HEALTHYLIFE,2026-08-29,,,33.6,7.37,,0.4259695847095272,0.13176470588235295,0.5330708661417323,,8.2,3.4013605442176873,10.6,,2.9,1.9607843137254901,17.30170478022668,,18.12601880431084,,24.230866143863096,0.203125,,,,0.0,,,,28.86,
HELLOJI,2026-08-29,,,39.4,31.5,,,1.4244396240057844,2.323232323232323,,10.8,6.856829402084476,14.3,,5.39,4.519161243673174,-33.71776814626123,,,,17.47831703845586,0.0,,,,0.0,,,,69.97,
HIGHNESS,2026-08-29,,,96.6,23.6,,,5.992555831265508,,,24.7,8.936355710549257,28.3,,41.94,25.434243176178654,-73.56877151661703,,-23.345112686979242,,18.61218429026823,0.2923416789396171,,,,0.0,,,,64.96,
HIGREEN,2026-08-29,,,317.0,60.1,,,2.2805755395683454,3.5277777777777777,,5.98,1.7341040462427744,10.4,,17.0,2.158273381294964,-40.488293547461105,,,,21.238363587745468,0.7,,,,0.0,,,,71.92,
HMEML,2026-08-29,,,69.9,7.17,,1.2336415472350706,0.5295454545454545,0.9289617486338798,,13.9,7.2992700729927,18.3,,11.0,7.575757575757576,5.812061061067486,,28.654720263132493,,9.33289616710744,0.19736842105263158,,,,0.0,,,,73.07,
HOACFOODS,2026-08-29,,,367.0,62.4,,,7.323887447615246,14.59412780656304,,24.2,12.398088276637615,29.2,,13.85,8.8006385950908,,,,,,0.24283439490445857,,,,0.0,,,,62.08,
HOLMARC,2026-08-29,,,97.7,28.5,,,2.9199043634190076,4.101265822784811,,19.4,12.373737373737374,25.6,,15.66,10.251046025104603,,,,,,0.0,,,,0.51,,,,62.69,
HOMESFY,2026-08-29,,,35.9,,,,0.8975,1.205211726384365,,-50.8,-46.51162790697674,-50.8,,-50.0,-50.0,,,,,-8.953894428551601,0.0,,,,0.0,,,,53.04,
HORIZON,2026-08-29,,,250.0,23.8,,,5.1020408163265305,,,53.6,15.384615384615385,36.5,,32.0,20.408163265306122,-56.46652007620412,,,,34.809974988792526,1.44,,,,0.0,,,,69.97,
HPTL,2026-08-29,,,375.0,14.7,,0.5825115258532586,0.15677257525083613,3.71900826446281,,28.9,7.062146892655368,19.9,,1.7,1.0451505016722409,25.23555216949149,,47.63257305640589,,55.4320521547085,1.702970297029703,,,,0.0,,,,73.4,
HRHNEXT,2026-08-29,,,34.3,7.05,,,0.5032276995305164,0.8280254777070064,,12.5,4.974920667417341,15.8,,18.38,7.130281690140845,-70.19578601704279,,-21.69534848433462,,10.049891663344068,0.42650253439536573,,,,0.0,,,,56.57,
HRHYGIENE,2026-08-29,,,152.0,13.3,,0.2185373932359361,1.1692307692307693,,,30.9,6.432748538011696,30.4,,14.0,8.461538461538462,60.85915002034059,,,,45.735275837230205,0.5116279069767442,,,,0.0,,,,48.54,
HRS,2026-08-29,,,494.0,48.3,,,7.264705882352941,6.547314578005115,,21.4,7.2992700729927,18.8,,27.0,14.705882352941178,,,,,,0.52,,,,0.0,,,,72.49,
HSIL,2026-08-29,,,539.0,29.6,,,2.3232758620689653,3.5,,18.1,6.569343065693431,19.6,,10.0,7.758620689655173,,,,,,0.36231884057971014,,,,0.0,,,,52.83,
HVAX,2026-08-29,,,183.0,12.8,,,1.1158536585365855,2.1153846153846154,,16.5,9.740259740259742,,,10.0,9.146341463414634,,,,,,0.47126436781609193,,,,0.0,,,,66.65,
IBLFL,2026-08-29,,,151.0,61.8,,,,2.4696356275303644,,4.07,1.8789465578315105,8.46,,,,-24.053298140650583,,,,,,,,,0.0,,,,63.2,
ICELCO,2026-08-29,,,234.0,16.7,,,1.6363636363636365,,,24.7,7.253886010362693,22.0,,19.0,9.79020979020979,,,,,,1.1904761904761905,,,,0.0,,,,60.94,
ICODEX,2026-08-29,,,59.0,8.31,,,2.2753567296567683,1.0472222222222223,,18.8,10.711587853150023,24.9,,41.26,27.342846124180486,-93.6980753080298,,-78.51711510625805,,39.556921484516884,0.12519978689397976,,,,0.0,,,,64.44,
ICON,2026-08-29,,,54.9,12.4,,,0.8546077210460773,1.5328947368421053,,18.2,10.074108383510884,23.4,,9.93,6.771481942714819,-85.77208372575677,,,,14.370625787565894,0.016192071468453376,,,,0.0,,,,70.75,
IDEALTECHO,2026-08-29,,,87.5,31.5,,2.121014087558324,2.5274407856730217,3.30188679245283,,11.1,4.844893691181596,12.2,,18.83,8.030040439052572,14.851386506471664,,,,56.05208017545473,0.9098453413806111,,,,0.0,,,,73.52,
IDENTICAL,2026-08-29,,,26.6,16.8,,,1.391213389121339,0.7480314960629921,,4.54,4.02958428972201,5.41,,18.31,8.263598326359832,-91.11308848907439,,,,33.47828349147947,0.0028113578858588698,,,,0.0,,,,63.74,
IDENTIXWEB,2026-08-29,,,66.6,12.4,,,5.1034482758620685,1.951070336391437,,19.9,12.60752688172043,26.6,,57.47,35.93869731800766,-69.9566523770062,,,,28.018689075097747,0.003217315004387248,,,,0.0,,,,62.99,
IEML,2026-08-29,,,79.9,4.92,,,0.499375,0.543640897755611,,14.2,6.808510638297872,15.2,,16.0,10.0,,,,,,0.3741496598639456,,,,0.0,,,,32.64,
INDIFRA,2026-08-29,,,8.71,871.0,,,0.5002871912693855,0.48192771084337355,,0.06,0.04746084480303749,0.22,,-1.78,0.05743825387708214,-97.84556530996812,,-84.45031975125757,,20.26010108189866,0.0,,,,0.0,,,,67.56,
INDOBELL,2026-08-29,,,48.3,60.4,,,3.1001283697047497,2.968992248062015,,5.05,4.024144869215292,6.4,,-1.41,5.134788189987163,-54.166153232832535,,,,-9.139110187759925,0.010480887792848337,,,,2.61,,,,65.0,
INDONG,2026-08-29,,,15.5,,,,0.6739130434782609,0.2572347266881029,,-1.37,-1.0636934512367038,-0.31,,7.26,-3.6086956521739126,,,,,3.01347401373111,0.16975512905360687,,,,0.0,,,,49.23,
INDOSMC,2026-08-29,,,1157.0,35.7,,1.3719288735384696,3.732258064516129,7.507418397626112,,34.1,14.285714285714285,33.9,,15.0,10.32258064516129,26.021757168739224,,,,253.79733014223586,0.3051948051948052,,,,0.0,,,,60.25,
INFINITY,2026-08-29,,,286.0,36.7,,,10.392441860465116,6.8359375,,25.7,17.679057116953764,35.1,,40.95,28.343023255813954,-83.54162526870095,,,,39.35070135891181,0.012664277180406212,,,,0.0,,,,68.49,
INFINIUM,2026-08-29,,,423.0,34.8,,,2.2263157894736842,3.4877734877734876,,10.5,8.0,13.1,,11.0,7.368421052631578,-5.694457430615607,,-10.523056803197006,,18.56311014966876,0.0,,,,0.0,,,,64.91,
INFLAME,2026-08-29,,,181.0,31.1,,,1.2066666666666668,2.9297820823244556,,9.86,4.10958904109589,12.4,,13.0,4.0,,,,,,0.8688524590163934,,,,0.0,,,,44.72,
INFLUX,2026-08-29,,,701.0,34.1,,,4.7687074829931975,,,,,,,20.0,14.285714285714285,,,,,,,,,,0.0,,,,73.53,
INFOLLION,2026-08-29,,,151.0,11.9,,,1.51,2.2478386167146973,,21.0,18.30985915492958,28.6,,15.0,13.0,,,,,,0.0,,,,0.0,,,,51.65,
INFONATIVE,2026-08-29,,,38.9,13.7,,,1.689834926151173,0.996969696969697,,10.3,5.956112852664576,13.8,,14.47,12.380538662033015,,,,,3.7550177833896026,0.12624839948783612,,,,0.0,,,,69.28,
INM,2026-08-29,,,218.0,16.1,,,2.5952380952380953,2.727272727272727,,18.4,9.210526315789473,17.3,,25.0,16.666666666666664,-18.31465795006303,,,,49.77744774437014,0.7,,,,0.32,,,,69.47,
INNOKAIZ,2026-08-29,,,12.0,,,,1.263157894736842,0.285024154589372,,-8.86,-4.7435897435897445,-5.62,,-38.42,-42.8421052631579,,,,,-67.85195060025532,0.44696797637974106,,,,0.0,,,,71.99,
INNOMET,2026-08-29,,,331.0,211.0,,,6.145562569624953,7.710843373493975,,3.73,2.535529715762274,5.68,,10.4,2.914964723356851,-52.3301192250377,,2.6823740180085265,,32.240846378961116,0.34941724941724944,,,,0.0,,,,55.02,
INNOVATIVE,2026-08-29,,,24.6,,,,5.359477124183007,1.9203539823008848,,-38.3,-13.915492957746482,,,-140.52,-107.62527233115469,,,,,,1.2999999999999998,,,,0.0,,,,0.45,
INNOVATORS,2026-08-29,,,220.0,16.2,,0.9388587003814116,0.9649122807017544,1.2607758620689655,,8.06,3.8997214484679668,11.9,,13.0,6.140350877192982,17.254992677192792,,71.12228158144693,,7.998757081240404,0.2571428571428571,,,,0.0,,,,63.71,
INSPIRE,2026-08-29,,,11.1,30.0,,,1.0935960591133005,0.4034653465346535,,1.32,0.7174713980996703,2.92,,12.81,3.645320197044335,-95.86567086979687,,,,-40.762993179804965,0.6005809731299927,,,,0.0,,,,68.43,
INTEGRITY,2026-08-29,,,72.1,10.4,,,0.414367816091954,2.633228840125392,,41.4,12.068965517241379,35.6,,9.0,4.022988505747127,,,,,56.956357521632306,0.6296296296296297,,,,0.0,,,,66.52,
INVICTA,2026-08-29,,,88.0,19.7,,,2.7202472952086554,1.7632241813602014,,14.0,8.100929614873838,19.4,,30.2,15.085007727975269,,,,,63.071657629975064,0.07351762820512821,,,,0.0,,,,66.7,
IPHL,2026-08-29,,,192.0,8.76,,,0.1791044776119403,1.0171957671957674,,13.0,7.523510971786834,16.7,,4.1,2.2388059701492535,,,,,,0.36507936507936506,,,,0.0,,,,72.99,
IPSL,2026-08-29,,,220.0,20.1,,0.7587513678596953,0.5486284289276808,2.769230769230769,,17.8,7.534246575342466,15.9,,4.2,2.7431421446384037,26.49089128721913,,27.487416623077145,,26.52015854079155,0.7761194029850746,,,,0.05,,,,64.42,
ISHAN,2026-08-29,,,11.9,13.5,,,0.3949551941586459,0.5140186915887851,,2.39,1.6220830961866817,5.06,,0.7,1.8918021905077995,,,,,,0.20277078085642317,,,,0.0,,,,48.32,
ITALIANE,2026-08-29,,,51.5,12.8,,,0.5174319300713353,1.0773993808049536,,8.79,3.730445246690734,10.6,,8.12,4.049030443082488,,,,,16.42432384209622,0.787523550345405,,,,0.29,,,,73.47,
ITCONS,2026-08-29,,,228.0,43.3,,2.244235894765513,2.5985867335308868,3.7704918032786887,,10.8,7.002129925452609,13.1,,6.02,5.994985183496695,19.293871959268415,,-39.18091295755243,,45.832692494472724,0.05676928169480305,,,,0.06,,,,62.3,
ITTL,2026-08-29,,,64.2,,,,0.7519325368938863,-3.1625615763546797,,,-3.1107491856677525,0.65,,3.76,-2.2370578589833685,,,,,274.92728356847135,-2.136520453425333,,,,0.0,,,,94.55,
IWARE,2026-08-29,,,495.0,34.4,,,1.9186046511627908,8.288461538461538,,40.0,9.375,28.0,,11.0,5.813953488372093,-67.77875296284388,,-57.88138402120999,,80.32489023010018,1.25,,,,0.23,,,,69.01,
JAINAM,2026-08-29,,,274.0,42.0,,,1.3300970873786409,1.872,,4.67,3.4653465346534658,6.9,,4.2,3.3980582524271843,,,,,,0.14965986394557823,,,,0.0,,,,66.25,
JAINIK,2026-08-29,,,301.0,21.5,,0.39180390936818854,0.7659033078880407,3.5413153456998314,,25.6,12.068965517241379,29.9,,5.0,3.5623409669211195,54.874388656994945,,47.48685186004658,,80.34575150865628,0.07058823529411765,,,,0.0,,,,67.36,
JAKHARIA,2026-08-29,,,73.8,23.3,,,1.177409061901723,3.3241758241758244,,15.4,7.281229124916501,17.7,,8.62,5.216975111678367,,,1.4002339666480124,,-5.852149594304457,0.3616252821670429,,,,0.0,,,,67.39,
JALAN,2026-08-29,,,2.76,0.65,,,0.020145985401459853,,,26.1,4.032258064516129,18.8,,19.0,3.64963503649635,,,,,,4.578947368421052,,,,0.0,,,,19.19,
JAYANT,2026-08-29,,,66.2,7.83,,0.2561118191476415,0.5910714285714286,1.1072664359861593,,15.4,6.6115702479338845,16.7,,10.0,7.142857142857142,30.57258359281818,,30.604072496980052,,38.672254870126935,0.559322033898305,,,,0.0,,,,55.85,
JAYBEE,2026-08-29,,,193.0,10.6,,,0.3521897810218978,1.161904761904762,,11.6,5.325443786982249,16.5,,6.0,3.2846715328467155,-73.86767682351075,,,,30.601595874401454,0.1927710843373494,,,,0.0,,,,70.61,
JAYESH,2026-08-29,,,124.0,12.3,,,0.9612403100775194,2.3666666666666667,,29.0,9.090909090909092,21.8,,15.0,7.751937984496124,-15.709986608298298,,-4.922087857018919,,29.066288067403256,0.8653846153846154,,,,0.0,,,,71.22,
JAYKAILASH,2026-08-29,,,34.6,28.8,,,1.9816723940435281,1.7544303797468355,,6.27,3.139717425431711,8.24,,18.27,6.8728522336769755,-7.4756155673868285,,,,21.22886931018575,0.7672064777327936,,,,0.0,,,,22.56,
JDCABLES,2026-08-29,,,472.0,14.9,,,1.2931506849315069,3.240740740740741,,36.0,13.502109704641349,33.6,,13.0,8.767123287671232,-49.09615348106876,,-28.12092452346627,,107.25403884419413,0.3877551020408163,,,,0.0,,,,70.0,
JETKNIT,2026-08-29,,,21.4,356.0,,,0.9164882226980727,0.9325626204238922,,0.26,0.15045135406218654,3.41,,6.72,0.2569593147751606,-62.93775005194807,,-48.244401264377245,,-12.621158941801392,0.5902140672782874,,,,0.0,,,,68.21,
JETSOLAR,2026-08-29,,,8.19,205.0,,,14.890909090909089,0.3942857142857143,,0.21,0.18050541516245489,0.25,,-270.91,7.2727272727272725,-40.159151941142454,,,,6.1373611981101694,0.014436958614051972,,,,0.0,,,,12.55,
JEYYAM,2026-08-29,,,108.0,7.88,,,0.16589861751152074,0.5984251968503937,,7.89,5.090909090909091,10.8,,4.7,2.1505376344086025,-71.80294543203398,,-55.07969938941135,,19.446256107493042,0.3812154696132597,,,,0.0,,,,65.53,
JFL,2026-08-29,,,28.2,4.69,,,0.16022727272727272,0.642361111111111,,16.9,9.090909090909092,14.5,,4.6,3.4090909090909087,,,,,138.3360688963863,0.22727272727272727,,,,0.0,,,,55.28,
JFLLIFE,2026-08-29,,,35.5,5.25,,0.19273387628277816,0.27099236641221375,1.5539568345323742,,15.0,6.60377358490566,18.2,,9.0,5.343511450381679,27.239632706277472,,11.788477829725164,,40.73144466794347,0.4782608695652174,,,,0.0,,,,67.47,
JIGAR,2026-08-29,,,52.1,28.9,,2.612936669865158,0.8990509059534081,1.7202380952380951,,7.02,3.9508340649692713,8.57,,5.76,3.106125970664366,11.060352259318783,,27.22596365393921,,26.747532948255113,0.39352921756355236,,,,0.0,,,,42.48,
JIVIAL,2026-08-29,,,38.6,10.3,,,2.189449801474759,,,43.0,36.58536585365854,51.8,,27.51,21.27056154282473,-78.68519570944656,,,,28.033713527751747,0.04357798165137614,,,,0.0,,,,61.17,
JIWANRAM,2026-08-29,,,11.5,11.4,,,0.21347688880638577,0.17481203007518797,,1.55,0.6540603548763114,2.77,,-0.87,1.8748839799517358,-43.96285784203767,,46.86777695102402,,8.376163296432892,0.6775715155203895,,,,0.0,,,,64.04,
JOINTECAED,2026-08-29,,,5.71,,,,38.06666666666667,1.5281501340482575,,-34.3,-24.031007751937985,-26.8,,-220.0,-1033.3333333333335,,,,,44.22495703074083,0.31016042780748665,,,,0.0,,,,47.68,
JONJUA,2026-08-29,,,10.7,1.32,,0.01930285006192846,0.5044790193305044,0.20578947368421052,,19.9,9.584323040380047,19.6,,53.65,38.04809052333805,68.38368405520967,,52.40451810352358,,80.6117729831477,0.5438393202008497,,,,1.76,,,,29.67,
JSHL,2026-08-29,,,1.45,,,,,0.18898305084745762,,-2.05,-1.8120045300113252,-1.41,,-900.0,,,,,,,0.0012919896640826874,,,,0.0,,,,0.01,
JUNGLECAMP,2026-08-29,,,70.4,18.9,,,2.946839681875262,1.2717086834733893,,7.65,5.002149921169558,9.74,,25.45,14.60862285475094,-25.724037702570445,,-16.86635361369575,,10.953782798802724,0.0973789588642155,,,,0.0,,,,69.63,
JUSTO,2026-08-29,,,196.0,10.2,,,2.130434782608696,1.5476190476190474,,21.5,11.728395061728394,26.9,,30.0,20.652173913043477,-79.45105981488038,,,,9.537610407212128,0.11811023622047244,,,,0.0,,,,39.49,
JYOTIGLOBL,2026-08-29,,,73.9,10.4,,,0.7245098039215687,1.3713235294117647,,18.8,7.777777777777778,19.5,,12.0,6.862745098039216,-57.54748173545278,,-31.990793873500103,,4.649394944764351,0.3888888888888889,,,,0.0,,,,72.91,
K2INFRA,2026-08-29,,,63.4,4.77,,,0.3427027027027027,0.7070422535211268,,16.0,5.6521739130434785,14.7,,12.0,7.027027027027027,-40.71297051963697,,45.04972328585997,,35.11497597182871,1.1666666666666667,,,,0.0,,,,40.7,
KAARYAFSL,2026-08-29,,,11.0,3.96,,,0.28284906145538696,4.121863799283154,,202.0,8.680704770090244,39.6,,11.49,5.194137310362561,,,65.33091704789271,,20.31406675300529,3.479553903345724,,,,0.0,,,,53.85,
KAHAN,2026-08-29,,,17.3,14.8,,,0.5694535878867677,1.5742574257425743,,11.2,4.637336504161712,13.9,,9.84,3.8512179065174457,-24.638779566076387,,60.6485298535621,,14.402427763723779,0.6010879419764279,,,,0.0,,,,73.49,
KAKA,2026-08-29,,,308.0,42.8,,,1.9493670886075949,,,36.7,10.294117647058822,,,9.0,4.430379746835443,,,,,,2.0,,,,0.0,,,,70.03,
KALANA,2026-08-29,,,30.6,31.6,,,0.5902777777777778,0.6973293768545994,,2.23,1.9341974077766702,3.49,,2.22,1.871141975308642,-47.104275273057915,,-11.972019857373727,,-14.534162884286339,0.04818181818181819,,,,0.0,,,,62.91,
KALYANI,2026-08-29,,,739.0,43.3,,3.0889021269333514,4.926666666666667,9.026315789473685,,23.4,17.17171717171717,29.0,,15.0,11.333333333333332,14.017925534917497,,,,33.53145150486625,0.012345679012345678,,,,0.0,,,,59.47,
KANDARP,2026-08-29,,,85.3,46.1,,2.1144929746366934,2.1464519375943634,2.827380952380952,,7.43,4.281416338810461,11.2,,9.74,4.6552591847005536,21.80191684388111,,5.4488934362653785,,35.117242697368866,0.11733510109380178,,,,0.0,,,,58.77,
KANISHK,2026-08-29,,,33.6,8.16,,,0.42720915448188174,0.7396449704142013,,13.3,4.131154116113507,13.8,,10.97,5.238397965670693,-5.082131804574241,,,,9.95716159278186,0.7219533655961284,,,,0.0,,,,70.24,
KARBON,2026-08-29,,,150.0,14.3,,,0.4983388704318937,1.3022113022113022,,12.0,4.280155642023346,19.3,,11.0,3.6544850498338874,-10.11144616941464,,28.02860472856148,,24.49367837209635,0.4782608695652174,,,,0.0,,,,51.78,
KARNIKA,2026-08-29,,,713.0,25.5,,,2.875,7.371794871794872,,29.0,13.023255813953488,,,15.0,11.29032258064516,,,,,,0.7916666666666666,,,,0.09,,,,73.39,
KASTURI,2026-08-29,,,52.0,13.3,,,0.8078297343482989,1.4044943820224718,,14.2,6.579165974414354,19.3,,12.51,6.151934130806276,,,,,,0.3773279352226721,,,,0.0,,,,67.9,
KATARIA,2026-08-29,,,225.0,18.6,,,0.6797583081570997,1.8472468916518652,,10.5,7.8431372549019605,12.9,,6.0,3.625377643504532,-42.39963738812226,,-21.568916842499462,,0.0,0.1885245901639344,,,,0.0,,,,74.98,
KAYTEX,2026-08-29,,,84.4,4.84,,,0.5242236024844721,0.7238335435056746,,20.9,9.883720930232558,23.2,,19.0,10.559006211180124,,,,,17.995813862247644,0.20512820512820512,,,,0.0,,,,74.38,
KCEIL,2026-08-29,,,99.4,5.29,,,0.6060975609756097,0.9644128113879004,,22.8,7.9831932773109235,22.3,,19.0,11.585365853658537,,,,,,0.7281553398058253,,,,0.0,,,,63.41,
KCK,2026-08-29,,,94.8,226.0,,,3.216830675262979,3.318485523385301,,1.48,1.1140583554376657,1.83,,0.07,1.4251781472684086,-47.36367001953017,,-6.885008490516231,,-31.799408604640554,0.07635726795096323,,,,0.0,,,,25.36,
KCSL,2026-08-29,,,3.89,4.92,,0.24765799844828634,0.8606194690265487,0.370048309178744,,7.78,4.614485981308411,8.9,,33.41,17.477876106194692,19.866105802463508,,29.23276861390751,,1.8352706421320475,0.49525616698292224,,,,0.0,,,,21.09,
KDL,2026-08-29,,,121.0,3.29,,,0.2965686274509804,0.847457627118644,,29.5,11.935483870967742,38.1,,14.0,9.068627450980392,,,,,,0.04225352112676056,,,,0.0,,,,63.86,
KDML,2026-08-29,,,261.0,,,,3.9545454545454546,3.2947976878612715,,-27.5,-10.833333333333334,-26.1,,-43.0,-19.696969696969695,,,,,-5.008574840700353,0.4177215189873418,,,,0.0,,,,75.0,
KEN,2026-08-29,,,96.5,6.26,,,0.15268987341772153,0.760154738878143,,12.9,3.8363171355498724,25.0,,4.8,2.3734177215189876,-24.72512054727021,,13.628666344941397,,20.19098606605363,0.4251968503937008,,,,0.0,,,,49.73,
KENRIK,2026-08-29,,,9.64,,,,0.12019950124688279,0.43072625698324024,,0.0,0.0,0.27,,0.06,0.0,,,,,15.626700697879393,0.005371530886302596,,,,0.0,,,,72.01,
KESAR,2026-08-29,,,3594.0,76.8,,1.4059042616889443,9.900826446280991,13.188073394495412,,20.0,10.70615034168565,23.4,,17.0,12.947658402203857,54.626763779589396,,,,89.90814215111689,0.176,,,,0.0,,,,70.37,
KGVL,2026-08-29,,,31.8,5.42,,,0.2134228187919463,0.8702290076335878,,17.4,6.0,15.6,,7.0,4.026845637583892,,,,,,1.0810810810810811,,,,0.0,,,,62.86,
KHAZANCHI,2026-08-29,,,1960.0,19.2,,0.3479124240965315,0.8785298072613178,5.6571428571428575,,32.4,21.888412017167383,34.8,,6.0,4.571940833706858,55.18630169606355,,,,39.54645375382106,0.34375,,,,0.06,,,,74.51,
KHFM,2026-08-29,,,109.0,31.2,,27.640865372774346,1.0186915887850467,1.6109215017064846,,5.54,2.5,8.83,,9.0,2.803738317757009,1.128763502127228,,,,5.9368583516280715,0.5223880597014925,,,,0.0,,,,37.17,
KIAASA,2026-08-29,,,56.4,5.05,,,0.41777777777777775,0.5167224080267558,,14.9,4.059040590405904,16.1,,17.0,8.148148148148149,-50.05425940236109,,,,39.24766500838337,0.7798165137614679,,,,0.0,,,,50.22,
KIZI,2026-08-29,,,17.3,17.1,,,0.4057223264540338,0.9193548387096774,,7.17,3.5981474884218025,11.3,,5.68,2.368667917448405,,,,,,0.5150891632373114,,,,0.0,,,,59.3,
KKJEWELS,2026-08-29,,,102.0,4.12,,,0.379182156133829,0.9740000000000001,,26.7,8.680555555555555,20.4,,17.0,9.293680297397769,-37.30988661903609,,,,30.15598697310584,1.4761904761904763,,,,0.0,,,,62.75,
KKSHL,2026-08-29,,,27.9,,,,2.9967776584317933,2.1808510638297873,,-4.73,-4.1278295605858855,-5.49,,8.27,-6.659505907626208,,,,,64.01707975598907,0.0,,,,0.0,,,,71.36,
KKSILK,2026-08-29,,,21.3,4.45,,0.29308032161747255,0.08693877551020408,0.30383386581469646,,8.73,2.8735632183908044,11.3,,6.0,2.0408163265306123,15.183550964599135,,37.59460679296404,,9.035543672952983,0.8,,,,0.0,,,,66.44,
KKVAPOW,2026-08-29,,,23.0,7.02,,0.1833541338845133,0.023858921161825725,0.8932038834951457,,13.8,5.454545454545454,16.4,,0.8,0.3112033195020747,38.28656519095222,,46.883652630697135,,-7.975716491987139,0.6153846153846154,,,,1.24,,,,69.56,
KLASSROOM,2026-08-29,,,203.0,26.7,,,8.81076388888889,,,53.4,29.850746268656714,60.6,,56.38,32.98611111111111,,,,,68.45289490391984,0.18621064060803474,,,,0.0,,,,39.52,
KLL,2026-08-29,,,40.3,3.3,,,0.016126450580232092,0.5561224489795918,,18.4,4.615384615384616,17.0,,0.1,0.4801920768307323,-75.90907676541426,,-49.501254109003824,,58.71893702678677,1.0136986301369864,,,,0.0,,,,73.65,
KMSMEDI,2026-08-29,,,43.8,175.0,,,3.587223587223587,5.277777777777778,,3.05,2.3696682464454977,4.87,,7.37,2.0475020475020473,-23.980939777009493,,16.11871423331621,,3.4459241588056244,0.09265944645006019,,,,0.04,,,,74.42,
KODYTECH,2026-08-29,,,2028.0,121.0,,,25.35,9.397350993377483,,11.4,6.390977443609022,16.8,,28.0,21.25,,,,,,0.037209302325581395,,,,0.0,,,,69.49,
KONSTELEC,2026-08-29,,,93.7,12.8,,,0.4461904761904762,0.8831908831908831,,7.12,2.631578947368421,11.0,,9.0,3.3333333333333335,,,,,11.132893333020078,0.8490566037735849,,,,0.0,,,,66.81,
KONTOR,2026-08-29,,,34.6,15.2,,,1.4093686354378818,1.2121212121212122,,8.29,5.117222723174031,15.4,,29.0,9.246435845213849,-7.914891932908564,,,,31.363389748232095,0.21631081554077702,,,,0.0,,,,65.06,
KORE,2026-08-29,,,131.0,12.7,,,0.15375586854460094,1.565217391304348,,13.7,4.926108374384237,13.2,,1.8,1.1737089201877933,,,,,,0.4880952380952381,,,,0.0,,,,69.2,
KOURA,2026-08-29,,,30.8,40.5,,,0.33554853469876894,1.7406143344709897,,5.75,4.1214750542299345,7.59,,1.34,0.8279769038021572,-22.907413437150915,,,,154.62841074949134,0.018665158371040724,,,,0.0,,,,61.81,
KPGEL,2026-08-29,,,1310.0,9.64,,,1.0513643659711076,2.8633879781420766,,34.8,8.56962822936358,36.7,,20.0,10.914927768860354,-36.92835682147789,,,,121.92406407427026,0.7620087336244541,,,,0.1,,,,66.61,
KRATIKAL,2026-08-29,,,190.0,31.9,,,5.174291938997822,,,33.8,19.787516600265604,48.2,,25.03,16.230936819172115,,,,,58.97133655819595,0.00041946308724832214,,,,0.0,,,,53.15,
KRISHCA,2026-08-29,,,252.0,22.0,,,1.0769230769230769,1.8654073199527745,,10.0,4.059040590405904,12.8,,12.0,4.700854700854701,-10.381239384163854,,,,48.12480342036851,0.626984126984127,,,,0.0,,,,47.77,
KRMAYURVED,2026-08-29,,,595.0,23.7,,,5.833333333333333,5.185185185185185,,29.0,16.39344262295082,35.3,,30.0,19.607843137254903,-87.68627342728101,,,,4.649394944764351,0.0,,,,0.0,,,,69.15,
KRUPALU,2026-08-29,,,16.4,5.94,,0.15153629357753226,0.26341150016061676,0.7843137254901961,,20.4,6.476502221183073,19.1,,7.68,4.449084484420174,39.198530330695,,,,22.850277413089735,0.6253574833174451,,,,0.0,,,,68.12,
KVSCASTING,2026-08-29,,,168.0,23.9,,,3.2684824902723735,2.577586206896552,,14.2,6.950606329488316,15.8,,21.58,13.715953307392997,-70.6757424688618,,,,-3.4898502879712856,0.37760736196319017,,,,0.0,,,,70.96,
KVTOYS,2026-08-29,,,172.0,20.1,,,0.9885057471264368,3.153669724770642,,15.7,10.843373493975903,,,7.0,5.172413793103448,,,,,,0.24074074074074073,,,,0.0,,,,58.5,
LABELKRAFT,2026-08-29,,,21.1,16.5,,0.19675443252234742,0.8406374501992032,1.581508515815085,,10.1,7.929782082324456,13.0,,8.45,5.219123505976095,83.86088073581735,,,,23.147278222445333,0.15078769692423105,,,,0.0,,,,73.16,
LAKSHYA,2026-08-29,,,84.3,8.41,,,0.4683333333333333,0.8277227722772277,,9.82,5.05050505050505,,,11.0,5.555555555555555,,,,,,0.7156862745098039,,,,0.0,,,,69.27,
LAMOSAIC,2026-08-29,,,62.9,38.6,,,0.6166666666666667,0.7896103896103895,,2.07,1.5625,4.52,,3.9,1.9607843137254901,,,,,,0.10126582278481013,,,,0.0,,,,49.5,
LAXMIPATI,2026-08-29,,,262.0,,,,3.638888888888889,7.366720516962843,,-3.58,41.53846153846154,21.8,,18.0,37.5,,,,,68.68653306034984,0.4722222222222222,,,,0.0,,,,73.45,
LESL,2026-08-29,,,312.0,16.0,,,2.0526315789473686,,,31.0,11.976047904191617,37.8,,15.0,13.157894736842104,-32.03883030672374,,,,13.48455252486973,0.4383561643835616,,,,0.0,,,,67.26,
LEX,2026-08-29,,,35.6,33.3,,3.6378389975358787,4.506329113924051,2.0581113801452786,,6.3,5.636070853462159,8.42,,4.05,13.291139240506327,9.153786086343029,,15.146411340161482,,22.8586759837637,0.0,,,,1.18,,,,74.6,
LGLL,2026-08-29,,,23.7,,,,1.294374658656472,0.3108108108108108,,-9.13,-7.624113475177305,-8.35,,-48.01,-39.92353904969962,,,,,-2.2105765493719454,0.22754726890756302,,,,0.0,,,,72.44,
LGT,2026-08-29,,,36.6,,,,,0.9420289855072465,,,,,,,,,,,,,,,,,0.0,,,,71.95,
LIOTECH,2026-08-29,,,37.0,5.86,,0.04688354600722113,0.5278927093736624,,,46.5,18.8151235486752,48.4,,14.25,9.016978170923098,124.99054570440187,,,,102.02837846684858,0.33791044776119405,,,,0.0,,,,71.22,
LKMEHTA,2026-08-29,,,14.7,23.4,,,0.5035971223021583,1.2766666666666666,,5.63,2.80124499777679,7.98,,4.66,2.158273381294964,,,,,20.339008209245215,0.8895652173913043,,,,0.0,,,,72.92,
LLOYDS,2026-08-29,,,145.0,,,,2.377049180327869,4.285714285714286,,-4.31,-80.95238095238095,-4.27,,2.8,-55.73770491803278,,,,,21.511385455192045,-0.0,,,,0.0,,,,68.37,
LOGICA,2026-08-29,,,304.0,21.5,,0.3755993005594523,0.23100303951367782,2.9790940766550524,,14.9,3.910614525139665,13.6,,2.3,1.0638297872340425,57.24185313437995,,33.92366276065564,,23.127650029855552,1.8333333333333333,,,,0.0,,,,70.96,
LOGICIEL,2026-08-29,,,26.1,11.1,,,1.2590448625180897,0.47742818057455544,,6.0,4.049629501981734,8.48,,10.47,11.336227689339122,-86.7035638684573,,,,14.196647816308117,0.0,,,,0.0,,,,59.03,
LRRPL,2026-08-29,,,74.3,18.2,,,1.8658965344048215,3.0714285714285716,,18.5,10.088801184015788,21.3,,21.4,10.271220492214967,,,,,,0.5227649006622517,,,,0.0,,,,53.24,
LTELEVATOR,2026-08-29,,,629.0,36.9,,0.7603523984907365,5.666666666666667,6.790890269151139,,24.7,11.971830985915492,30.4,,24.0,15.315315315315313,48.530129020760306,,-45.45120742782841,,48.347883280651494,0.21739130434782608,,,,0.0,,,,56.78,
LUXURY,2026-08-29,,,48.6,9.68,,,0.8101350225037506,1.3206278026905829,,18.2,11.51603498542274,24.0,,11.65,9.218203033838973,-39.04272499448347,,,,4.367173653992817,0.05347448425624321,,,,0.0,,,,68.55,
MACH,2026-08-29,,,32.2,97.6,,,7.03056768558952,2.4028436018957344,,2.81,1.7142857142857144,4.65,,47.16,7.20524017467249,,,,,-5.224867387268595,0.41176470588235303,,,,0.0,,,,54.2,
MACHLTD,2026-08-29,,,347.0,17.9,,,1.508695652173913,2.8596187175043326,,12.8,8.743169398907105,16.5,,8.0,6.956521739130435,,,,,,0.049586776859504134,,,,0.3,,,,72.93,
MACOBSTECH,2026-08-29,,,196.0,67.6,,,4.737732656514383,4.716981132075472,,8.33,5.681818181818182,11.0,,8.32,7.614213197969544,,,,,,0.04790563312469909,,,,0.0,,,,47.78,
MADHAVBAUG,2026-08-29,,,178.0,19.8,,0.8593240621533306,1.6635514018691588,2.03125,,12.0,8.571428571428571,15.1,,14.0,8.411214953271028,23.041365733881957,,,,2.6241392868386226,0.03409090909090909,,,,0.0,,,,66.34,
MADHUSUDAN,2026-08-29,,,357.0,17.1,,,1.1261829652996846,2.7453416149068324,,17.1,9.545454545454547,17.0,,12.0,6.624605678233439,,,,,,0.680327868852459,,,,0.0,,,,70.47,
MAFIA,2026-08-29,,,1.75,3.72,,0.11945954748085096,0.11566424322538003,0.20736842105263156,,5.75,2.779420461265523,7.62,,4.96,3.1064111037673494,31.140248548123004,,-24.496962505443697,,25.360072895259165,0.4387633769322235,,,,0.0,,,,12.13,
MAGENTA,2026-08-29,,,5.62,46.8,,,0.3897364771151179,0.42604166666666665,,0.89,0.45681063122923593,3.6,,2.29,0.7628294036061026,-53.77591504329102,,-36.58396617064425,,16.755949736235777,0.4010614101592115,,,,0.0,,,,59.59,
MAGSON,2026-08-29,,,262.0,308.0,,,2.403669724770642,2.8614457831325297,,1.54,0.9009009009009009,3.31,,2.4,0.9174311926605505,-46.82675822611788,,-79.49335989657939,,19.421404525875417,0.09302325581395349,,,,0.0,,,,29.94,
MAHALIFE,2026-08-29,,,425.0,25.8,,,1.2917933130699089,3.493282149712092,,19.3,5.483870967741936,20.0,,10.0,5.167173252279635,-38.28134455577439,,,,33.913731024681226,0.7459016393442623,,,,0.0,,,,56.35,
MAHICKRA,2026-08-29,,,290.0,56.4,,6.147925592240135,2.7358490566037736,4.342105263157895,,10.0,5.154639175257731,12.7,,7.0,4.716981132075472,9.173826057880019,,,,0.9615974511607561,0.23880597014925373,,,,0.05,,,,40.1,
MAHIP,2026-08-29,,,34.9,,,,,-3.9824945295404808,,,-9.137360985873158,-10.3,,-805.04,146.8599033816425,,,,,,-3.954933008526187,,,,0.0,,,,64.32,
MAIDEN,2026-08-29,,,152.0,30.3,,,0.6551724137931034,1.8739054290718038,,6.37,2.7624309392265194,9.26,,6.0,2.1551724137931036,-27.386964084248987,,1.7292725731439473,,1.6323350324384256,0.8518518518518519,,,,0.0,,,,71.97,
MAITREYA,2026-08-29,,,77.0,,,,1.7168338907469343,2.663551401869159,,-8.86,-3.6090005844535367,-2.18,,-1.03,-5.507246376811595,,,,,4.5194196029426426,0.7964174991388219,,,,0.0,,,,73.11,
MAKS,2026-08-29,,,9.22,,,,0.36100234925606894,,,-4.91,-2.9838259899609594,13.2,,6.34,-4.18950665622553,,,,,,1.6434176111595467,,,,0.0,,,,71.19,
MAL,2026-08-29,,,74.4,48.3,,,0.24000000000000002,,,2.41,0.6211180124223602,7.43,,8.0,0.6451612903225806,,,,,,2.523076923076923,,,,0.0,,,,59.74,
MALA,2026-08-29,,,67.0,11.4,,,0.3160377358490566,,,23.8,4.026845637583892,18.4,,7.0,2.8301886792452833,-22.360001789794424,,,,2.6502307236170086,2.5555555555555554,,,,0.0,,,,72.74,
MALPANI,2026-08-29,,,63.6,7.04,,,0.3901840490797546,1.1411992263056092,,17.6,7.377049180327869,20.3,,10.0,5.521472392638037,-8.052113175937425,,,,25.7355012140184,0.39285714285714285,,,,0.0,,,,73.78,
MANAS,2026-08-29,,,162.0,5.11,,0.615075222678982,,1.1370262390670554,,25.0,18.6046511627907,30.6,,-786.0,,8.307926919480213,,,,,0.0,,,,0.0,,,,73.32,
MANAV,2026-08-29,,,45.3,,,,8.97029702970297,-12.329749103942651,,-2197.0,-46.441155743481325,,,-76.04,-130.4950495049505,,,,,,36.6129032258065,,,,0.0,,,,68.84,
MANDEEP,2026-08-29,,,20.6,18.0,,,0.5549568965517242,0.5042016806722689,,3.07,2.357523575235752,4.35,,6.12,3.0980603448275863,,,,,,0.04504283965728274,,,,0.0,,,,67.04,
MANGALCOMP,2026-08-29,,,59.2,9.78,,,1.7396414928004702,1.3141993957703928,,14.3,8.732678983833718,16.9,,35.56,17.778430796356155,-49.81131896687068,,21.22221573858343,,24.888662547918152,0.41896092362344584,,,,1.15,,,,73.5,
MANILAM,2026-08-29,,,105.0,50.9,,,1.0096153846153846,1.4860681114551084,,3.95,1.1695906432748537,8.48,,11.0,1.9230769230769231,-48.569990792209694,,-26.492653002945833,,-11.09547322174712,0.7183098591549296,,,,0.0,,,,61.93,
MANIVENI,2026-08-29,,,58.7,15.2,,,0.34529411764705886,,,21.1,10.0,17.4,,4.6,2.3529411764705883,,,,,,1.1111111111111112,,,,0.0,,,,72.46,
MANOJJEWEL,2026-08-29,,,51.3,5.69,,0.04800042545225567,0.44999999999999996,1.324074074074074,,33.8,14.754098360655737,30.2,,12.0,7.894736842105263,118.54061597140722,,83.62224668155048,,101.18345949587253,0.4358974358974359,,,,0.0,,,,65.28,
MARC,2026-08-29,,,255.0,24.2,,0.7792632048099951,3.642857142857143,3.675,,21.6,12.941176470588237,29.2,,19.0,15.714285714285714,31.05497584208483,,21.75281119953072,,51.82944859378311,0.0,,,,0.0,,,,73.55,
MARCLOIRE,2026-08-29,,,25.1,14.2,,,0.7092398982763493,0.7499999999999999,,7.99,4.579560155239328,11.4,,6.75,5.001412828482622,-27.373464061283293,,,,10.471542563455682,0.0,,,,0.0,,,,70.42,
MARCO,2026-08-29,,,59.6,14.2,,,0.5786407766990291,1.6358974358974359,,12.2,3.7037037037037033,14.9,,12.0,3.8834951456310676,,,,,22.52265501940296,1.5945945945945945,,,,0.0,,,,72.81,
MARINETRAN,2026-08-29,,,20.5,137.0,,,0.19339622641509435,0.7970297029702972,,1.54,0.0,5.75,,1.5,0.0,-76.6748420044657,,,,3.358185720810525,0.2692307692307692,,,,0.0,,,,67.09,
MARUSHIKA,2026-08-29,,,96.2,10.8,,,0.8293103448275863,2.03971119133574,,28.6,10.344827586206897,33.8,,14.0,7.758620689655173,,,,,,0.14583333333333334,,,,0.0,,,,58.19,
MASON,2026-08-29,,,283.0,13.0,,,2.1603053435114505,1.702741702741703,,18.8,7.508532423208192,17.3,,26.0,16.793893129770993,,,,,,0.6807228915662651,,,,0.0,,,,52.6,
MASTER,2026-08-29,,,180.0,24.1,,0.4536020217065165,2.42358960549347,4.880434782608695,,22.4,12.586702757570631,26.6,,16.56,10.017503702706342,53.130274660885135,,-5.989675689501073,,53.11496676159593,0.29518891002989944,,,,0.17,,,,67.1,
MAXPOSURE,2026-08-29,,,71.4,7.53,,,0.8111792774369463,0.9022988505747127,,12.3,9.112755935787755,15.3,,14.74,10.770279481935924,,,,,,0.13333333333333333,,,,0.0,,,,61.56,
MAXVOLT,2026-08-29,,,375.0,15.4,,,1.2626262626262625,3.5983263598326363,,23.4,10.666666666666668,,,12.0,8.080808080808081,,,,,,0.8173076923076923,,,,0.0,,,,39.14,
MAYASHEEL,2026-08-29,,,83.6,5.14,,,0.40582524271844655,1.3114186851211074,,35.4,6.748466257668712,27.6,,14.0,5.339805825242718,,,,,17.80549770310449,0.796875,,,,0.0,,,,67.78,
MCFL,2026-08-29,,,129.0,23.3,,,0.329923273657289,3.7071651090342677,,15.6,6.8493150684931505,,,3.4,1.278772378516624,,,,,,1.125,,,,0.0,,,,65.0,
MCON,2026-08-29,,,32.3,10.6,,0.33267355842071733,0.49509503372164315,0.8888888888888888,,8.76,3.962460896767466,11.1,,11.73,4.659717964438995,31.863067357444308,,26.721082786019057,,28.177219485513483,0.5012413793103448,,,,0.0,,,,57.41,
MCPL,2026-08-29,,,133.0,11.0,,,0.6551724137931034,0.9504950495049505,,9.9,4.878048780487805,13.0,,12.0,5.911330049261084,-67.07054958903694,,,,39.9871288038256,0.5144927536231884,,,,0.0,,,,53.06,
MDL,2026-08-29,,,110.0,24.9,,0.9149229730303199,1.6065430115378998,1.6577540106951871,,6.86,4.308975377283558,7.86,,7.02,6.338542427340441,27.21540581446831,,161.5936621371402,,11.601142364398576,0.32207478890229196,,,,0.0,,,,67.41,
MDRC,2026-08-29,,,85.7,16.3,,,1.0311635182288534,1.463917525773196,,13.2,4.4266441821247895,12.2,,15.15,6.3169293707135115,,,,,13.876225701777978,0.6336464560204953,,,,0.0,,,,72.85,
MEDIORG,2026-08-29,,,36.5,,,,1.6129032258064517,1.0381355932203389,,-13.7,-7.786170830912259,-10.7,,-16.57,-17.764030048608042,,,,,,0.49773755656108604,,,,0.0,,,,54.89,
MEDISTEP,2026-08-29,,,28.1,4.69,,,0.3967245517436115,0.7443609022556391,,21.7,11.888667992047715,27.0,,11.66,8.442750247070451,,,,,,0.13692836373248743,,,,0.0,,,,68.96,
MEGAFLEX,2026-08-29,,,115.0,18.4,,0.41681025195146726,1.4728483606557377,1.8446601941747574,,10.7,9.927625290181618,14.9,,10.35,9.310963114754097,44.14478749947462,,-4.0095789491963245,,14.008492201537415,0.031214983191932125,,,,0.0,,,,73.92,
MEGATHERM,2026-08-29,,,412.0,17.0,,,1.1907514450867052,2.4943052391799547,,15.8,6.976744186046512,18.1,,10.0,6.9364161849710975,,,,,9.160325177931927,0.296969696969697,,,,0.0,,,,71.85,
MEHUL,2026-08-29,,,54.9,10.5,,,1.805921052631579,1.329923273657289,,17.9,11.54611811546118,23.4,,19.84,17.17105263157895,,,,,12.801760032556263,0.047734431790646965,,,,0.0,,,,71.6,
METAINFO,2026-08-29,,,190.0,17.4,,,0.7037037037037037,2.577319587628866,,18.5,8.527131782945736,23.2,,7.0,4.074074074074074,-59.27684134091993,,-20.422726445656604,,35.72088082974532,0.1095890410958904,,,,0.0,,,,70.37,
METALIC,2026-08-29,,,314.0,25.5,,,3.2708333333333335,,,48.5,13.043478260869565,36.1,,23.0,12.5,-41.901168196439706,,,,26.879402568420584,0.9411764705882353,,,,0.0,,,,,
METHODHUB,2026-08-29,,,129.0,4.04,,0.20516132452855462,0.38738738738738737,0.8399014778325123,,32.6,9.30232558139535,36.9,,20.0,9.60960960960961,19.691820616208332,,,,111.89728703571258,0.738562091503268,,,,0.0,,,,26.85,
MGSL,2026-08-29,,,120.0,11.9,,,3.0,1.8262806236080178,,23.0,12.987012987012985,30.5,,34.0,25.0,-81.50131469838607,,,,64.414138288698,0.030303030303030304,,,,0.0,,,,67.26,
MHEL,2026-08-29,,,25.0,28.4,,,0.5288766659614977,2.0,,7.29,1.8799401837214271,10.9,,10.01,1.8616458641844722,-2.9305720297560622,,20.929610231250884,,-3.1227218815985003,1.8584,,,,0.0,,,,56.32,
MHHL,2026-08-29,,,57.4,,,,0.3986111111111111,0.6481481481481481,,-8.87,-11.03896103896104,-3.83,,-1.8,-11.805555555555555,,,,,-9.143970358393016,0.3977272727272727,,,,0.0,,,,64.02,
MICROPRO,2026-08-29,,,26.4,,,,1.4005305039787797,0.598705501618123,,-2.88,-2.470317885867484,-1.37,,4.83,-6.843501326259947,,,,,,0.08089734874235215,,,,0.0,,,,46.63,
MIEL,2026-08-29,,,20.9,6.67,,,0.5993690851735016,0.44237918215613387,,6.85,5.083373806054719,9.5,,15.37,9.004875250932034,-5.211007899975484,,,,55.74594521234215,0.06475427125079097,,,,0.0,,,,71.97,
MILEFUR,2026-08-29,,,22.0,,,,,0.9042145593869731,,-1.94,-1.907032181168057,-1.91,,-422.73,,,,,,,0.020433183489987742,,,,0.0,,,,0.0,
MILLWORKS,2026-08-29,,,1586.0,42.7,,,10.644295302013424,,,70.0,18.68686868686869,81.0,,35.0,24.832214765100673,-23.958415549844283,,,,320.77709494759637,0.20481927710843373,,,,0.0,,,,47.18,
MILTON,2026-08-29,,,62.0,34.5,,,1.3359189829778066,1.2586206896551724,,3.72,2.4003200426723565,5.98,,9.52,3.878474466709761,-14.400140163888143,,-7.437249031937854,,-8.684194830758063,0.34355329949238583,,,,0.0,,,,72.96,
MINDPOOL,2026-08-29,,,30.1,86.1,,,0.5768493675737831,1.5660792951541849,,1.87,1.3118440779610194,4.07,,1.3,0.6707550785741663,,,-25.0956420485684,,4.427848387282407,0.11654526534859523,,,,0.0,,,,71.27,
MISHDESIGN,2026-08-29,,,12.4,,,,1.4814814814814816,0.6844106463878327,,-5.94,-4.0,-3.46,,-7.41,-12.305854241338114,,,,,-8.843482203877395,0.43044776119402983,,,,0.0,,,,54.91,
MISQUITA,2026-08-29,,,25.9,113.0,,,1.437291897891232,1.7954545454545454,,1.72,1.0574712643678161,3.07,,3.22,1.2763596004439512,-33.55027270624495,,-10.431473250914147,,22.511325016100024,0.17427385892116182,,,,0.0,,,,69.37,
MITTALSTL,2026-08-29,,,29.0,8.37,,0.7096729331442113,0.19463087248322147,0.49800796812749,,10.1,3.0303030303030303,12.8,,5.0,2.013422818791946,11.794165465655638,,,,-3.730230401965906,0.43103448275862066,,,,0.0,,,,67.97,
MMEL,2026-08-29,,,47.0,3.73,,,0.9215686274509803,0.5050505050505051,,19.0,9.848484848484848,19.0,,72.0,25.49019607843137,-83.52304001362269,,,,85.42148846330946,0.26881720430107525,,,,0.0,,,,57.38,
MNFL,2026-08-29,,,201.0,17.2,,0.33623615816774294,1.6341463414634145,3.036053130929791,,25.6,10.084033613445378,21.2,,13.0,9.75609756097561,51.154522148148,,,,17.40786022710161,0.6363636363636364,,,,0.0,,,,65.93,
MOBILISE,2026-08-29,,,110.0,19.7,,,5.968529571351058,3.706070287539936,,29.4,17.120980091883613,39.4,,46.07,30.330982094411286,-93.06113849389608,,,,38.41405018238753,0.0030221625251846875,,,,0.0,,,,70.68,
MONIKA,2026-08-29,,,324.0,10.1,,,1.08,1.3245614035087718,,18.9,6.504065040650407,14.7,,15.0,10.666666666666668,-38.73687712515977,,,,28.923198938929808,0.8647540983606558,,,,0.66,,,,62.1,
MONOLITH,2026-08-29,,,2665.0,92.6,,,17.305194805194805,20.399334442595674,,27.8,20.0,34.8,,25.0,18.83116883116883,,,,,,0.04580152671755725,,,,0.0,,,,74.27,
MONOPHARMA,2026-08-29,,,15.9,45.4,,,0.09578313253012048,0.5027932960893855,,1.12,0.0,4.51,,2.4,0.0,-35.91759518303006,,,,71.3423488160192,1.75,,,,0.0,,,,56.72,
MOS,2026-08-29,,,247.0,13.7,,0.8633970480749859,0.39456869009584666,2.318840579710145,,18.7,8.67579908675799,19.5,,4.5,3.035143769968051,15.867554829548315,,,,49.5928750003642,0.6698113207547169,,,,0.0,,,,55.69,
MOXSH,2026-08-29,,,103.0,44.6,,1.4872254548373849,7.978311386522075,6.6871165644171775,,18.6,9.7997443544951,21.6,,37.72,17.815646785437643,29.98872824219958,,,,1.2709858772829152,0.23471400394477315,,,,0.0,,,,60.31,
MPEL,2026-08-29,,,30.1,3.53,,,0.5679245283018868,0.8045738045738046,,35.8,12.98384638829625,30.2,,24.09,16.075471698113205,,,,,,0.5411985018726592,,,,0.0,,,,62.62,
MPKSTEELS,2026-08-29,,,95.8,15.8,,3.5965560988569436,0.3698841698841699,1.8378906249999998,,15.9,5.128205128205128,19.0,,4.1,2.3166023166023164,4.393091492447887,,,,23.350304493161133,0.3269230769230769,,,,0.0,,,,66.52,
MPTODAY,2026-08-29,,,20.0,6.72,,0.9923217283747061,0.8347245409015025,0.4201923076923077,,6.44,5.595327807083648,9.15,,17.49,12.395659432387312,6.771997234210003,,-0.6042738669225667,,3.1835303141708238,0.049190666386377965,,,,0.0,,,,53.42,
MRIL,2026-08-29,,,133.0,7.45,,,0.9779411764705882,1.0730837789661318,,18.3,9.836065573770492,22.2,,15.0,13.23529411764706,-37.282580056604964,,-32.5878685888934,,29.240745046618443,0.11290322580645161,,,,0.0,,,,73.68,
MRP,2026-08-29,,,102.0,17.6,,,1.3772616797191466,2.480446927374302,,9.93,12.532411408815902,,,10.34,7.831487982716716,,,,,,0.05950935146951664,,,,0.0,,,,65.67,
MRTX,2026-08-29,,,550.0,34.2,,,3.5256410256410255,,,46.0,10.38961038961039,41.1,,17.0,10.256410256410255,-16.14236366930185,,,,43.31211639151724,0.8113207547169812,,,,0.0,,,,62.28,
MSAFE,2026-08-29,,,452.0,17.0,,,4.388349514563107,4.625,,39.5,14.76510067114094,37.2,,43.0,21.35922330097087,-32.72864685194571,,-48.38507655415486,,56.2516049217866,0.3979591836734694,,,,0.0,,,,73.23,
MSECL,2026-08-29,,,323.0,8.69,,,1.877906976744186,1.3987730061349692,,21.9,13.754646840148698,28.5,,30.0,21.511627906976745,-86.1912709231491,,,,33.67965523528002,0.05194805194805195,,,,0.7,,,,72.35,
MTL,2026-08-29,,,114.0,11.5,,,0.57,,,45.0,17.24137931034483,57.2,,7.0,5.0,,,,,,0.10714285714285714,,,,0.0,,,,68.74,
MUNISH,2026-08-29,,,210.0,20.9,,,1.1475409836065573,1.66793893129771,,10.4,4.761904761904762,12.0,,12.0,5.46448087431694,,,,,,0.4523809523809524,,,,0.0,,,,68.01,
MVKAGRO,2026-08-29,,,936.0,18.9,,0.9276317903147717,2.6440677966101696,2.0739910313901344,,17.3,5.701254275940707,14.4,,16.0,14.124293785310735,20.374463442641066,,,,35.91312029466136,0.6711111111111111,,,,0.0,,,,59.82,
MYMUDRA,2026-08-29,,,81.5,6.79,,,0.6965811965811965,1.2473867595818815,,20.2,14.285714285714285,26.2,,16.0,10.256410256410255,-84.7011001691163,,,,29.398934610938454,0.16923076923076924,,,,0.0,,,,57.89,
NACDAC,2026-08-29,,,24.7,5.58,,0.10828622592072829,0.390884633644564,0.8608058608058607,,16.7,8.650654169107595,20.5,,9.26,7.010602943503718,51.53009953532668,,2.0703725322009703,,75.3504620386359,0.27392969021928304,,,,0.0,,,,69.84,
NAMAN,2026-08-29,,,49.6,,,,0.3468531468531469,0.6440677966101694,,-2.91,-1.639344262295082,-0.35,,0.9,-1.3986013986013985,,,,,-1.5804006402858395,0.2987012987012987,,,,0.0,,,,58.93,
NAMOEWASTE,2026-08-29,,,630.0,43.9,,,3.230769230769231,6.119733924611973,,15.0,11.76470588235294,21.3,,12.0,7.179487179487179,,,,,,0.02912621359223301,,,,0.0,,,,69.05,
NANTA,2026-08-29,,,165.0,20.2,,,2.353780313837375,3.305954825462012,,25.5,10.201023848170808,32.3,,16.39,11.654778887303854,,,,,,0.08583433373349339,,,,0.0,,,,57.36,
NAPSGLOBAL,2026-08-29,,,23.6,14.8,,,0.17611940298507464,,,,,,,1.6,1.4925373134328357,,,,,,,,,,0.0,,,,70.2,
NARMADESH,2026-08-29,,,98.4,27.7,,,1.033396345305608,1.8430232558139534,,10.5,4.663688912243825,10.7,,4.81,3.7282083595883218,,,,,16.66901134217933,0.20221554637626737,,,,0.0,,,,71.84,
NAVIGANT,2026-08-29,,,23.0,25.3,,23.274176452245513,4.956896551724138,1.7608695652173916,,7.22,6.407487401007919,10.2,,24.35,19.181034482758623,1.0870416855312204,,18.438458847780105,,-9.306562025882037,0.0,,,,0.0,,,,40.21,
NCML,2026-08-29,,,213.0,20.2,,,1.065,1.952054794520548,,11.2,6.547619047619048,14.5,,11.0,5.5,-13.955305692001863,,,,-9.068130565548627,0.3577981651376147,,,,0.0,,,,73.52,
NEELAM,2026-08-29,,,14.6,9.39,,,0.12372881355932203,0.3582089552238806,,3.88,1.694915254237288,7.82,,4.4,1.694915254237288,-37.930494633923985,,2.517111829582741,,4.299659192254368,0.6,,,,0.0,,,,54.3,
NEETUYOSHI,2026-08-29,,,624.0,24.9,,0.4796948944097564,6.36734693877551,4.548022598870057,,27.5,16.89189189189189,31.8,,31.0,25.510204081632654,51.90799462362084,,,,82.96528550114857,0.029197080291970802,,,,0.0,,,,70.03,
NEOCHEM,2026-08-29,,,168.0,21.8,,,1.9959605560175835,,,48.4,9.823805298516922,27.2,,15.59,9.207556136390638,,,,,,1.8031376518218627,,,,0.0,,,,66.72,
NEPHROCARE,2026-08-29,,,169.0,29.9,,,1.9046545700439534,2.9565217391304346,,5.93,4.634213421342134,,,9.38,3.798038994703032,,,,,,0.0,,,,0.0,,,,61.71,
NEPLOG,2026-08-29,,,45.2,7.28,,,0.19316239316239317,0.6680161943319838,,14.2,3.6809815950920246,15.4,,7.0,2.564102564102564,,,-35.46344693527185,,8.147058037239695,0.7794117647058824,,,,0.0,,,,73.22,
NEPTUNE,2026-08-29,,,412.0,13.6,,,0.3916349809885932,2.4202127659574466,,25.6,13.698630136986301,31.6,,3.0,2.8517110266159698,,,,,,0.1111111111111111,,,,0.0,,,,69.33,
NEWJAISA,2026-08-29,,,63.0,,,,1.575,1.093167701863354,,-25.7,-23.61111111111111,-24.5,,-41.0,-42.5,,,,,-3.850028646172776,0.22413793103448276,,,,0.0,,,,61.03,
NEXXUS,2026-08-29,,,54.1,8.59,,,0.2064885496183206,1.4010791366906477,,17.8,9.230769230769232,19.5,,4.6,2.2900763358778624,-64.24200565829888,,,,22.364399884377974,0.5384615384615384,,,,0.0,,,,60.28,
NFPSAMPOOR,2026-08-29,,,27.9,6.15,,,0.5464159811985898,,,35.3,8.521444695259595,24.1,,18.1,8.871915393654524,,,,,44.995770133529604,1.7308850090307044,,,,0.0,,,,64.7,
NHL,2026-08-29,,,24.2,15.6,,,0.7994714238519987,1.894150417827298,,14.1,8.474576271186441,18.4,,5.72,5.120581433762802,-17.089725813346888,,-26.262009391789398,,37.28050024809817,0.0007818608287724785,,,,2.35,,,,59.49,
NIDAN,2026-08-29,,,18.8,10.7,,,0.7361002349256069,0.2694610778443114,,2.55,1.7976190476190474,5.99,,18.95,5.91229444009397,-24.67101670903683,,-14.021927905128939,,1.714696022410478,0.16028124551585593,,,,0.0,,,,57.04,
NIKITA,2026-08-29,,,190.0,17.0,,,0.5428571428571428,1.0606896551724139,,7.88,2.2448979591836733,9.29,,8.0,3.1428571428571432,,,,,-4.193496484624215,1.324022346368715,,,,0.0,,,,58.95,
NIRMAN,2026-08-29,,,23.1,1.31,,0.020555358213732167,0.11725888324873097,0.18113207547169813,,14.8,13.953488372093023,15.2,,10.0,9.137055837563452,63.73034156733131,,,,89.38957788632484,0.0,,,,6.94,,,,44.34,
NIRMITEE,2026-08-29,,,33.3,55.5,,2.524347947437861,3.733183856502242,6.423611111111111,,12.9,7.936507936507936,14.7,,12.89,6.726457399103139,21.985875622388296,,,,28.95074074684714,0.3294797687861271,,,,0.0,,,,70.81,
NISMGMT,2026-08-29,,,95.0,3.43,,,0.21158129175946547,0.484359233097881,,14.0,0.303951367781155,12.0,,7.0,0.22271714922048996,-75.9783839778126,,-54.99653612882152,,5.905418415562469,0.42346938775510207,,,,0.0,,,,69.63,
NISUS,2026-08-29,,,395.0,5.81,,3.3293567807261892,0.7040998217468806,1.4821428571428572,,34.0,8.258706467661693,32.0,,25.0,14.795008912655971,1.7450818229017617,,10.826946487798917,,270.8429769266189,0.9739776951672863,,,,0.0,,,,73.98,
NMSTEEL,2026-08-29,,,41.5,5.9,,,0.1296875,0.4858299595141701,,8.22,5.833333333333333,,,3.6,2.1875,,,,,,0.18823529411764706,,,,0.0,,,,73.02,
NOVATEOR,2026-08-29,,,19.9,199.0,,6.966791972789133,5.195822454308093,1.726315789473684,,0.91,0.7012622720897617,1.67,,-2.61,2.6109660574412534,28.564079532911755,,53.4206382524911,,44.85808611710349,0.08869565217391305,,,,0.0,,,,50.75,
NOVUS,2026-08-29,,,308.0,33.2,,,2.425196850393701,5.0,,25.1,12.5,33.4,,10.0,7.086614173228346,-77.71208481787684,,,,28.395801749576076,-0.0,,,,0.0,,,,70.06,
NPFL,2026-08-29,,,11.9,5.69,,,0.27045454545454545,,,13.1,9.33869526362824,,,7.43,4.749999999999999,,,,,,0.0370835952231301,,,,0.0,,,,47.03,
NRVANDANA,2026-08-29,,,148.0,14.3,,,0.5461254612546126,2.178694158075601,,26.1,4.433497536945813,18.8,,7.0,3.3210332103321036,,,,,15.25647725659165,1.864864864864865,,,,0.0,,,,73.39,
NSBBPO,2026-08-29,,,128.0,9.99,,,0.8,0.5981308411214953,,7.26,5.603448275862069,8.15,,12.0,8.125,-67.14562263130263,,,,-17.50549121228646,0.046948356807511735,,,,0.0,,,,33.63,
NUKLEUS,2026-08-29,,,84.3,39.4,,,2.375986471251409,2.029126213592233,,5.3,2.79191128506197,7.08,,23.84,6.031567080045097,-49.762353843998994,,,,48.292176221984874,0.43526570048309177,,,,0.0,,,,69.91,
NVENTURES,2026-08-29,,,39.8,568.0,,,2.1306209850107067,1.7639751552795033,,0.31,0.17676767676767677,0.71,,0.96,0.37473233404710926,-35.15006827519721,,-31.436778845810874,,5.31966508415358,-0.0,,,,0.0,,,,62.41,
OBSCP,2026-08-29,,,2238.0,71.2,,3.2174219336217726,8.776470588235295,12.336182336182336,,19.6,10.472972972972974,19.5,,18.0,12.156862745098039,22.12951905871168,,32.682938984353996,,30.40095741256328,0.4011627906976744,,,,0.0,,,,69.81,
OCTAWARE,2026-08-29,,,19.6,,,,1.1180832857957788,2.3593073593073592,,-45.4,-26.888055704338505,-28.8,,-10.15,-28.636622932116367,,,,,0.40253452926410915,0.45367027677496996,,,,0.0,,,,71.13,
OLATECH,2026-08-29,,,29.9,18.4,,,1.0821570756424177,1.5033557046979866,,8.55,3.566739606126914,14.5,,13.07,5.89938472674629,,,,,,0.5155935613682093,,,,0.0,,,,62.72,
OLIL,2026-08-29,,,284.0,100.0,,,2.4695652173913043,3.1203007518796992,,5.51,1.744186046511628,8.61,,5.0,2.608695652173913,,,,,,0.11235955056179775,,,,0.0,,,,16.69,
OMFURN,2026-08-29,,,70.0,11.1,,2.846808114705253,0.8100914246036339,1.0588235294117647,,10.1,6.318956870611834,14.1,,14.54,7.290822821432704,3.8991036812993096,,,,7.155330198167453,0.15879503481683319,,,,0.0,,,,52.14,
OML,2026-08-29,,,23.5,4.91,,1.7015362820691766,0.31279116198589113,0.6300211416490487,,19.5,9.569280780170661,22.8,,9.34,6.269133501929988,2.885627565948301,,,,26.165871960354558,0.11400914224253833,,,,0.0,,,,59.26,
OMNIPOTENT,2026-08-29,,,1.36,,,,,0.0797872340425532,,-2.2,-2.0030045067601403,-2.11,,-19.82,,,,,,,0.0721830985915493,,,,0.0,,,,0.04,
ONDOOR,2026-08-29,,,214.0,19.9,,,0.66875,1.5612244897959184,,10.2,7.857142857142857,10.1,,4.8,3.4375000000000004,,,,,21.14137285547597,0.09009009009009009,,,,0.0,,,,28.67,
ONEINDIG,2026-08-29,,,151.0,24.8,,,2.1246658224285917,,,34.4,7.284688995215312,27.0,,17.46,8.569016462642466,,,,,,2.2312138728323703,,,,0.0,,,,37.8,
ONYX,2026-08-29,,,76.2,,,,1.0968763495033829,1.3725490196078431,,-0.38,-0.22070415133998944,1.14,,4.89,-0.3022887577371527,,,,,20.71745058114729,0.2737772965168742,,,,0.0,,,,65.1,
OPCHAINS,2026-08-29,,,20.4,19.8,,,10.569948186528498,0.536936936936937,,2.75,2.681593335068993,3.71,,-7.25,53.36787564766839,-23.647993833766023,,65.72270086699933,,9.007659126331259,0.0,,,,0.0,,,,74.53,
OPTIVALUE,2026-08-29,,,439.0,31.9,,,4.824175824175824,4.783715012722647,,22.2,9.859154929577464,27.2,,20.0,15.384615384615385,-87.14814395473456,,-65.00291593772273,,32.63524026321307,0.09782608695652174,,,,0.0,,,,64.07,
ORGANICREC,2026-08-29,,,231.0,9.21,,0.15264729155638954,2.2,1.562829989440338,,19.4,11.904761904761903,15.9,,29.0,23.809523809523807,60.335168125781834,,,,61.34286460245437,0.37398373983739835,,,,0.0,,,,15.07,
ORIANA,2026-08-29,,,2640.0,10.5,,0.10597513268964699,1.4553472987872105,3.4547872340425534,,39.6,9.832227857978932,39.6,,22.0,13.891951488423373,99.07984763510255,,121.10764194181867,,137.7394049805945,0.6671035386631717,,,,0.0,,,,57.98,
OSELDEVICE,2026-08-29,,,701.0,24.0,,,2.3924914675767917,3.4260869565217393,,18.7,8.123249299719888,23.4,,18.0,9.897610921501707,,,,,,0.46568627450980393,,,,0.0,,,,64.84,
OVAL,2026-08-29,,,113.0,8.23,,,0.7533333333333333,1.0264150943396226,,16.5,6.451612903225806,19.9,,17.0,9.333333333333334,-76.13443701191044,,,,36.483373687391385,0.6818181818181818,,,,0.0,,,,53.12,
OWAIS,2026-08-29,,,142.0,85.9,,,1.1544715447154472,1.25,,1.47,1.098901098901099,4.3,,6.0,1.6260162601626018,,,,,,0.26548672566371684,,,,0.0,,,,72.16,
PACE,2026-08-29,,,34.2,9.06,,0.11136952316340089,0.342,0.428169014084507,,4.83,3.9215686274509802,7.53,,6.0,4.0,81.35080175127631,,110.92657270395678,,52.85535436643993,0.2125,,,,0.0,,,,50.92,
PAJSON,2026-08-29,,,502.0,20.2,,0.044129686081020476,1.9609375,3.6952714535901925,,27.5,12.755102040816327,31.4,,14.0,9.765625,457.74175603500885,,,,36.34509865682367,0.25,,,,0.0,,,,62.47,
PANHR,2026-08-29,,,37.5,5.0,,,0.1595744680851064,1.0,,27.0,13.333333333333334,29.6,,3.3,3.404255319148936,-82.5557219588424,,-51.756502702160766,,-2.8127487832176667,0.0,,,,0.0,,,,62.9,
PARAGON,2026-08-29,,,93.0,10.3,,,0.8454545454545455,0.9463220675944335,,9.64,8.333333333333332,12.8,,12.0,8.181818181818182,-44.7079125467659,,-59.78151908550793,,1.8872362595751646,0.010101010101010102,,,,0.0,,,,74.87,
PARAMATRIX,2026-08-29,,,67.3,25.8,,,2.332755632582322,1.0617059891107077,,4.03,2.9727497935590423,4.18,,1.63,8.734835355285961,-77.61190466456135,,-55.80068680730735,,0.5726430775318869,0.21261829652996844,,,,0.0,,,,57.05,
PARAMOUNT,2026-08-29,,,21.1,3.25,,,0.28590785907859084,0.32,,10.1,2.3020654044750435,9.54,,10.14,2.8997289972899734,,,,,,0.24950705293493095,,,,0.0,,,,64.98,
PARAMPARA,2026-08-29,,,11.7,,,,,1.3493975903614457,,-0.42,-10.982306284319707,-0.25,,-625.0,,,,,,,0.7657864523536164,,,,0.0,,,,1.16,
PARIN,2026-08-29,,,800.0,123.0,,4.573288901132717,3.225806451612903,10.650887573964498,,9.36,3.5897435897435894,10.8,,9.0,2.82258064516129,26.895305033000483,,6.35174499769573,,45.20744615750163,1.2133333333333334,,,,0.03,,,,72.76,
PARMESHWAR,2026-08-29,,,457.0,14.0,,,0.23162696401419158,4.4677661169415295,,37.6,22.857142857142858,43.5,,2.2,1.6218955904713634,-43.653144607683515,,-16.48980480174248,,26.6155191738465,0.22549019607843138,,,,0.42,,,,72.03,
PARTH,2026-08-29,,,682.0,47.9,,,3.4444444444444446,6.122699386503068,,18.7,7.446808510638298,21.0,,11.0,7.07070707070707,,,,,44.22495703074083,0.15178571428571427,,,,0.0,,,,61.22,
PARTYCRUS,2026-08-29,,,100.0,7.97,,0.17558791489468775,0.6802721088435374,1.772823779193206,,25.1,17.333333333333336,34.6,,13.0,8.843537414965986,45.390367581847315,,,,54.318898407929225,0.0,,,,0.0,,,,67.65,
PATELCHEM,2026-08-29,,,272.0,21.7,,,1.9854014598540146,2.75,,18.6,9.15492957746479,21.8,,12.0,9.48905109489051,,,,,25.687038166173835,0.15,,,,0.0,,,,68.64,
PATILAUTOM,2026-08-29,,,492.0,27.7,,,2.946107784431138,3.559055118110236,,12.8,8.558558558558559,,,15.0,11.377245508982035,,,,,,0.1510791366906475,,,,0.0,,,,69.29,
PATRON,2026-08-29,,,4.78,,,,0.19743907476249484,0.12560975609756098,,-2.82,-2.238193018480493,-2.71,,-4.83,-4.502271788517142,,,,,23.18987286170482,0.05482686253934942,,,,0.0,,,,20.03,
PATTECH,2026-08-29,,,108.0,57.7,,1.922319597037725,1.8066242890598863,2.7058823529411766,,6.19,2.2807230377289818,7.1,,6.74,3.1448645031783204,30.015820516481817,,,,71.747846843348,0.993734335839599,,,,0.0,,,,57.01,
PBFL,2026-08-29,,,0.98,8.91,,,6.533333333333333,0.09869375907111758,,1.11,0.7617728531855956,0.83,,13.33,73.33333333333334,,,9.856054330611762,,,0.4336016096579477,,,,0.0,,,,30.64,
PCCL,2026-08-29,,,968.0,37.7,,,1.6776429809358753,4.955752212389381,,14.0,5.676855895196507,14.2,,10.0,4.506065857885615,,,,,,1.0153061224489797,,,,0.0,,,,73.21,
PCL,2026-08-29,,,22.1,8.98,,0.20360379527174172,0.38408063955509214,0.689655172413793,,8.79,5.101617586063874,13.3,,10.83,4.275286757038582,44.10526821474403,,,,65.51451222293367,0.37991266375545846,,,,0.0,,,,47.06,
PECOS,2026-08-29,,,33.0,20.1,,1.645310543775998,2.756892230576441,4.249578414839798,,22.9,18.181818181818183,31.6,,18.55,13.700918964076859,12.216538741598516,,,,10.715524489384997,0.0,,,,1.39,,,,69.61,
PELATRO,2026-08-29,,,380.0,17.8,,,2.5,3.451923076923077,,21.4,10.869565217391305,19.1,,18.0,13.157894736842104,,,,,40.3331583160365,0.3942307692307692,,,,0.28,,,,52.62,
PENTAGON,2026-08-29,,,39.3,21.4,,,0.7728613569321533,1.1643835616438356,,5.6,2.6806526806526807,7.4,,9.5,3.618485742379548,-25.32727453425425,,-2.7671442138342273,,5.601342591295322,0.9238744075829385,,,,0.0,,,,70.04,
PESB,2026-08-29,,,439.0,22.4,,34.3270287023187,6.552238805970149,2.2522522522522523,,12.2,6.097560975609756,15.1,,50.0,29.850746268656714,0.652547011693061,,7.728240390506613,,18.760386903079397,0.29714285714285715,,,,0.4,,,,51.11,
PFL,2026-08-29,,,59.9,70.5,,,0.9694125262987539,1.380281690140845,,1.97,1.1959739490822971,3.84,,3.67,1.6345687004369642,-83.90851025657284,,,,9.471002701092313,0.3256510716755013,,,,0.0,,,,61.39,
PGCRL,2026-08-29,,,31.5,38.8,,0.6625020460513531,5.32994923857868,1.25,,3.26,3.0055658627087203,4.18,,5.08,13.705583756345177,58.56585686226312,,49.92585265777434,,-14.842053357661534,0.0,,,,0.0,,,,49.89,
PHANTOMFX,2026-08-29,,,192.0,5.89,,,1.8823529411764706,0.5475113122171946,,13.0,8.771929824561402,17.6,,37.0,19.607843137254903,,,,,,0.2545454545454545,,,,0.0,,,,43.95,
PHOGLOBAL,2026-08-29,,,29.4,8.57,,,0.048196721311475406,0.3619047619047619,,4.28,2.0408163265306123,6.38,,0.9,0.49180327868852464,-38.58233480961905,,-22.522285387917606,,10.590485430972985,0.6172839506172839,,,,3.95,,,,71.02,
PIOTEX,2026-08-29,,,14.7,22.2,,,0.16295310941137348,0.5594541910331384,,2.55,2.2117962466487935,4.23,,0.55,0.7316262055204523,-81.15229231112868,,-49.68401907663383,,1.6019192298092566,0.002675840978593273,,,,0.0,,,,65.95,
PJL,2026-08-29,,,140.0,,,,,,,,,,,,,,,,,,,,,,0.0,,,,74.15,
PLADAINFO,2026-08-29,,,8.49,4.91,,,0.11658884921724802,0.3485915492957747,,7.28,3.448955459203784,12.1,,7.25,2.4031859379291407,-44.317101233115366,,-68.58323331486649,,5.4119714534939245,0.7522596548890714,,,,0.0,,,,62.64,
POBS,2026-08-29,,,30.4,44.0,,2.767656714049357,0.9508914607444479,1.5609756097560976,,3.83,14.87946799667498,13.4,,14.45,11.19799812324054,15.897925409840163,,19.428666713322063,,7.534260586125074,0.0379681888147768,,,,3.13,,,,73.34,
POLYMAC,2026-08-29,,,4.86,,,,1.2429667519181586,0.4678899082568807,,-1.71,-1.303680981595092,-1.21,,-8.18,-4.3478260869565215,,,,,38.554235872799445,0.058429118773946354,,,,0.0,,,,25.2,
POLYSIL,2026-08-29,,,146.0,34.2,,2.7556026394744992,3.203159280386134,2.1478599221789887,,6.98,2.1386711317451863,8.63,,10.93,6.1649846423870125,12.411078255652285,,-61.2385626252997,,1.2750735630985055,0.6106592836130817,,,,0.0,,,,23.79,
POSITRON,2026-08-29,,,128.0,14.6,,0.4337981535884871,0.9552238805970149,,,85.5,23.684210526315788,65.2,,9.0,6.7164179104477615,33.656205954832075,,,,254.80890771361686,0.6666666666666666,,,,0.0,,,,72.2,
PPARIVAH,2026-08-29,,,450.0,13.4,,,1.0739856801909309,2.7475728155339807,,20.4,12.363636363636363,,,13.0,8.1145584725537,,,,,,0.4268292682926829,,,,0.0,,,,65.96,
PPEL,2026-08-29,,,1290.0,41.8,,,4.402730375426621,,,28.1,13.41991341991342,33.4,,18.0,10.580204778156997,-49.588698318801036,,-11.461675007755357,,21.58873458904096,0.30597014925373134,,,,0.0,,,,60.63,
PPSL,2026-08-29,,,8.35,9.94,,,0.4105211406096362,0.28585757271815443,,2.92,2.1238938053097343,4.27,,25.76,4.129793510324483,,,,,,0.08116438356164384,,,,0.0,,,,68.39,
PRAMARA,2026-08-29,,,156.0,15.6,,0.5417503346665186,1.3928571428571428,1.2844036697247705,,10.8,5.88235294117647,15.0,,15.0,8.928571428571429,28.795552123844615,,70.47963168076517,,30.842652407543582,0.3360655737704918,,,,0.0,,,,32.2,
PRANIK,2026-08-29,,,47.3,6.62,,,0.2766081871345029,1.053921568627451,,17.0,7.291666666666667,17.1,,9.0,4.093567251461988,-4.875778179091705,,39.465862528148435,,36.65969146844481,0.9555555555555556,,,,0.0,,,,73.76,
PRARUH,2026-08-29,,,139.0,14.8,,,1.3762376237623761,2.8485714285714288,,28.2,7.317073170731707,31.9,,13.0,8.91089108910891,-60.29538582678558,,,,53.36318319457176,0.0,,,,0.0,,,,73.22,
PRATHAM,2026-08-29,,,215.0,34.9,,,1.5357142857142858,2.364729458917836,,7.44,2.9850746268656714,10.4,,8.0,4.285714285714286,-67.04508159946865,,,,40.94597464129783,0.5164835164835165,,,,0.0,,,,71.16,
PRECISION,2026-08-29,,,16.1,,,,1.5391969407265775,0.20527859237536655,,-11.2,-5.374668052187969,-5.68,,-94.93,-89.0057361376673,,,,,-61.86647318513372,0.015710818750798314,,,,0.0,,,,41.51,
PREMIUM,2026-08-29,,,76.4,48.0,,,1.6710411198600177,,,14.5,5.471438403303511,20.4,,11.92,3.477690288713911,,,,,,0.5582978723404255,,,,0.0,,,,68.73,
PRESSTONIC,2026-08-29,,,54.2,20.8,,,1.3382716049382717,1.0085959885386822,,6.54,3.4583665868582067,9.8,,17.68,6.419753086419753,-32.10606479172466,,,,24.414763069260715,0.31438127090301005,,,,0.0,,,,44.03,
PREVEST,2026-08-29,,,464.0,21.4,,2.0568699432102893,6.1866666666666665,3.7211538461538463,,17.8,16.541353383458645,24.2,,35.0,29.333333333333332,10.404158060961134,,,,10.227784577092303,0.0,,,,0.26,,,,73.6,
PRIMECAB,2026-08-29,,,374.0,27.2,,0.5278724413071827,1.5914893617021277,6.144578313253011,,36.4,7.2727272727272725,27.8,,10.0,5.106382978723404,51.52759998730756,,9.108489423923881,,46.98692829105815,0.8524590163934426,,,,0.0,,,,68.53,
PRITIKA,2026-08-29,,,163.0,19.7,,0.561627556542095,0.9157303370786517,3.0594059405940595,,14.8,3.5398230088495577,11.2,,13.0,4.49438202247191,35.07662644135847,,,,26.95025665717814,1.849056603773585,,,,0.0,,,,70.81,
PRIZOR,2026-08-29,,,1174.0,99.6,,,16.535211267605632,23.837719298245613,,41.0,17.543859649122805,45.2,,21.0,14.084507042253522,,,,,,0.18604651162790697,,,,0.0,,,,67.93,
PRLIND,2026-08-29,,,97.4,7.06,,,0.2933734939759036,0.9466666666666667,,14.4,8.0,14.9,,8.0,4.216867469879518,,,,,,0.5436893203883495,,,,0.0,,,,73.7,
PRODOCS,2026-08-29,,,117.0,12.4,,,2.1272727272727274,2.3479490806223478,,19.0,12.82051282051282,,,28.0,18.181818181818183,,,,,,0.28,,,,0.0,,,,51.99,
PROFX,2026-08-29,,,137.0,8.9,,,0.7740112994350282,1.5374015748031495,,24.1,13.392857142857142,31.9,,11.0,8.47457627118644,-87.50142640930476,,-58.09975055399579,,22.621703288100427,0.022222222222222223,,,,0.0,,,,50.3,
PROLIFE,2026-08-29,,,33.0,7.76,,,0.6052824651504035,0.6652892561983471,,8.94,7.813936385364957,12.2,,7.52,7.795304475421863,-14.962926900765494,,-5.02172707139853,,-11.309802582934381,0.005443548387096775,,,,0.37,,,,73.74,
PROMAX,2026-08-29,,,26.8,58.4,,,0.49129239230064164,0.8916666666666666,,4.04,1.8858682341415627,7.79,,3.3,1.4115490375802018,,,,,,0.428997867803838,,,,0.0,,,,68.97,
PROPEQUITY,2026-08-29,,,228.0,14.6,,0.9650419562754884,4.851063829787234,2.1,,16.1,13.114754098360656,21.3,,31.0,34.04255319148936,15.128875905403817,,,,17.46269297383025,0.0,,,,0.0,,,,72.26,
PROPSHOP,2026-08-29,,,109.0,13.6,,,1.5507184521269026,,,52.3,29.528718703976438,70.7,,15.82,11.409873381704367,-3.618195340589103,,-29.231551977074854,,32.11725046897962,0.008794619762027937,,,,0.0,,,,67.5,
PROV,2026-08-29,,,650.0,45.9,,0.9844012658432413,0.7027027027027027,4.5,,10.3,7.07070707070707,11.5,,2.0,1.5135135135135136,46.627327282723385,,43.11788391150173,,30.20946962678497,0.1875,,,,0.0,,,,67.21,
PSFL,2026-08-29,,,61.1,14.4,,,0.5091666666666667,1.083916083916084,,7.87,3.125,9.41,,6.0,3.3333333333333335,,,,,2.9428498400178693,0.49122807017543857,,,,0.0,,,,72.29,
PSPL,2026-08-29,,,15.2,12.1,,,0.5457809694793536,0.7525773195876289,,6.44,5.655296229802513,9.51,,6.71,4.524236983842011,-73.91836777897257,,-0.1409117859121789,,7.401322928690357,0.0,,,,0.0,,,,70.75,
PSRAJ,2026-08-29,,,304.0,35.4,,,1.1428571428571428,4.133333333333333,,12.4,10.843373493975903,16.1,,4.9,3.3834586466165413,-42.13897430640969,,,,5.895589606372331,0.013513513513513514,,,,0.0,,,,73.22,
PULZ,2026-08-29,,,48.7,10.5,,,1.4399763453577765,1.2873563218390804,,13.0,10.345596432552954,18.3,,17.89,13.719692489651091,-11.663462027678928,,,,-9.006996748599194,0.0076275644397685435,,,,0.0,,,,68.98,
PURPLEUTED,2026-08-29,,,400.0,26.3,,0.35344618923639465,2.3391812865497075,5.279187817258883,,22.3,6.4655172413793105,22.0,,21.0,8.771929824561402,74.41019538736582,,,,87.35886815524043,1.2763157894736843,,,,0.0,,,,63.82,
PURPLEWAVE,2026-08-29,,,356.0,26.5,,,2.4383561643835616,,,,,,,13.0,8.904109589041095,,,,,,,,,,0.0,,,,71.92,
PURVFLEXI,2026-08-29,,,103.0,23.2,,,0.15606060606060607,0.7462006079027356,,3.23,1.5981735159817352,8.1,,0.2,1.0606060606060608,-37.291167539493344,,-47.334342027240616,,25.612608398570845,1.5144927536231885,,,,0.0,,,,67.65,
PUSHPA,2026-08-29,,,275.0,10.3,,,0.6578947368421053,1.786833855799373,,25.2,14.606741573033707,30.4,,9.0,6.220095693779904,-68.73124540903225,,-32.45416995291788,,36.04713420245154,0.11688311688311688,,,,0.0,,,,72.67,
PYXISFIN,2026-08-29,,,11.2,,,,,0.5987730061349693,,-5.74,-5.614567526555388,-7.34,,,,,,,,,,,,,0.0,,,,73.42,
QFIL,2026-08-29,,,17.1,11.6,,,0.09293478260869566,0.5405405405405406,,4.76,0.9433962264150944,7.0,,4.7,0.5434782608695652,-22.769566039048605,,-40.41531936752264,,-0.3597153388041008,2.0625,,,,0.0,,,,59.59,
QLINE,2026-08-29,,,1281.0,22.7,,,3.745614035087719,,,25.9,10.01788908765653,22.5,,29.0,16.374269005847953,-44.82155944620747,,,,23.175690475631328,0.9146341463414634,,,,0.0,,,,67.51,
QLL,2026-08-29,,,537.0,36.7,,,4.296,3.519083969465649,,12.2,5.535055350553505,11.9,,24.0,12.0,-57.21642913734297,,,,175.1606040745522,0.6078431372549019,,,,0.0,,,,56.46,
QRIL,2026-08-29,,,8.03,,,,0.5114649681528662,0.5449826989619377,,-3.44,-1.921182266009852,0.44,,2.42,-2.4840764331210194,,,,,41.68379847310122,0.6322869955156951,,,,0.0,,,,47.58,
QUADPRO,2026-08-29,,,12.1,57.8,,,1.8788819875776397,0.6045340050377833,,1.05,0.9485094850948509,2.05,,10.4,3.260869565217391,-37.00394750525634,,-53.19114716602434,,-9.366256150337449,0.05129482071713148,,,,0.0,,,,65.93,
QUESTFLOW,2026-08-29,,,168.0,,,,2.6940346375881976,2.055137844611529,,-4.6,-3.4457773126157316,3.38,,0.1,-6.8633739576651696,,,,,,0.06691086691086691,,,,0.0,,,,32.52,
QUESTLAB,2026-08-29,,,144.0,9.6,,,1.2857142857142858,1.4890016920473772,,16.8,13.513513513513514,18.4,,16.0,13.392857142857142,,,,,21.789200001353535,0.08333333333333333,,,,0.0,,,,66.78,
QUICKTOUCH,2026-08-29,,,20.6,,,,1.8727272727272728,0.11267605633802817,,-5.3,-8.88888888888889,-2.84,,-214.0,-254.54545454545453,,,,,-55.15875953778839,0.6758241758241759,,,,0.0,,,,55.94,
QVCEL,2026-08-29,,,28.3,8.48,,,0.06431818181818182,0.4648370497427102,,5.61,2.2556390977443606,9.19,,1.2,0.6818181818181818,-16.416002112772322,,-21.652681095443395,,28.576256467965933,1.0833333333333333,,,,3.69,,,,73.22,
RACHIT,2026-08-29,,,92.1,20.1,,,1.7299023290758826,2.6308345120226306,,19.4,8.879410624272975,20.8,,15.97,8.602554470323065,-17.868254082845947,,,,18.101541145311174,0.3120343839541548,,,,0.0,,,,67.68,
RACONTEUR,2026-08-29,,,12.8,,,,3.2,0.5572254335260116,,-115.0,-17.073170731707318,-24.2,,-574.0,-525.0,,,,,,5.2105263157894735,,,,0.0,,,,0.01,
RADIOWALLA,2026-08-29,,,19.4,149.0,,,0.9519136408243376,0.9927797833935018,,0.68,0.502706883217324,1.87,,3.14,0.6378802747791954,-80.48242282839766,,-40.28205811464396,,13.333607952319682,0.0706967213114754,,,,0.0,,,,41.54,
RAFL,2026-08-29,,,40.6,9.75,,,5.293350717079531,0.5120481927710843,,5.4,4.167864328830123,6.47,,26.34,56.714471968709255,-11.294242775208685,,-1.8420836997337875,,-11.934622199156308,0.19441284287700672,,,,0.0,,,,21.11,
RAJESH,2026-08-29,,,1447.0,10.1,,,0.8888206388206388,3.5575221238938055,,42.9,15.180467091295116,48.6,,12.0,8.783783783783784,,,,,,0.312807881773399,,,,0.12,,,,72.7,
RAJINDLTD,2026-08-29,,,145.0,11.0,,,0.19727891156462585,1.8953488372093026,,17.4,5.158730158730158,19.7,,4.1,1.7687074829931975,,,,,30.992529574549145,0.8289473684210527,,,,0.0,,,,66.08,
RAJPUTANA,2026-08-29,,,163.0,18.0,,0.3454529570179686,1.3360655737704918,3.258110014104372,,20.0,12.087912087912088,22.0,,12.0,9.01639344262295,52.10550274451331,,,,74.39900315243186,0.56,,,,0.0,,,,65.77,
RAL,2026-08-29,,,10.5,6.96,,0.7237514464604389,0.4001524390243903,0.573082489146165,,8.58,4.311821816105082,11.9,,9.91,5.754573170731708,9.61656109157143,,,,11.696055612966916,0.6855585831062669,,,,0.0,,,,61.41,
RANJEET,2026-08-29,,,28.0,84.7,,,0.9608785175017158,1.3163841807909606,,1.56,0.9075907590759077,5.45,,5.53,1.1324639670555936,-33.333333333333336,,21.67286837864115,,-8.251089862689875,0.42063118228921337,,,,0.0,,,,68.1,
RAPID,2026-08-29,,,52.5,27.8,,,0.36713286713286714,3.2624113475177308,,12.5,9.090909090909092,17.0,,1.7,1.3986013986013985,-76.85410945474123,,,,25.12316627192883,0.0,,,,0.0,,,,73.47,
RAPIDFLEET,2026-08-29,,,167.0,13.4,,,0.8186274509803921,2.0454545454545454,,16.6,9.090909090909092,19.2,,13.0,5.88235294117647,-67.10190741576223,,,,24.386935235286543,0.20987654320987653,,,,0.0,,,,67.54,
RAPPID,2026-08-29,,,155.0,24.0,,,2.911891790343791,3.002008032128514,,13.4,8.60329261816251,16.2,,19.37,12.173586323501787,,,,,48.05992988244932,0.3450009669309611,,,,0.0,,,,51.69,
RAVEL,2026-08-29,,,75.4,14.6,,,2.7977736549165124,2.018348623853211,,21.6,13.68588891841616,29.6,,26.2,19.109461966604826,-81.14294049842259,,,,97.84565117544066,0.0,,,,0.0,,,,72.94,
RBMINFRA,2026-08-29,,,250.0,5.52,,,0.508130081300813,1.2634408602150538,,27.6,6.686478454680535,28.2,,15.0,9.146341463414634,,,,,,0.7553191489361702,,,,0.0,,,,62.5,
RBS,2026-08-29,,,223.0,19.5,,,0.2709599027946537,1.3015427769985974,,7.27,1.839464882943144,5.39,,3.1,1.336573511543135,-75.00650702788371,,-48.23418137598128,,5.644802982207708,2.2024539877300615,,,,0.0,,,,64.39,
RCAN,2026-08-29,,,17.2,7.67,,0.2716122091319391,0.4034717335209946,1.2058823529411764,,17.1,8.217168011738812,17.5,,12.81,5.254515599343186,28.23878950255214,,44.337818542932816,,9.297622658732063,0.5312280701754386,,,,0.0,,,,61.57,
RCDL,2026-08-29,,,86.1,6.82,,,0.09873853211009173,0.9,,14.2,4.693140794223827,16.6,,2.7,1.4908256880733946,-41.03929226343641,,,,26.67368296093131,0.8,,,,0.56,,,,60.02,
RDEL,2026-08-29,,,26.3,6.17,,3.3856379427570684,0.9037800687285223,0.7069767441860465,,17.9,7.134483336124601,20.6,,26.46,14.639175257731956,1.8224039617702026,,,,18.405086015131246,0.23296525720441696,,,,0.0,,,,71.43,
RDGAIL,2026-08-29,,,132.0,14.9,,0.10614431060780517,0.28633405639913234,2.1194879089615934,,18.7,11.25,18.5,,3.2,1.9522776572668112,140.37492838456808,,,,22.956006205401792,0.19047619047619047,,,,0.0,,,,73.23,
READYMIX,2026-08-29,,,92.6,12.4,,,1.0220750551876379,1.3498402555910542,,11.5,6.868056193187036,16.0,,13.94,8.256070640176603,-51.49511086123193,,-15.580847946869236,,18.1802730236444,0.2459183673469388,,,,0.0,,,,72.06,
RECODE,2026-08-29,,,318.0,28.4,,,3.975,,,78.0,31.428571428571427,73.9,,21.0,13.750000000000002,-72.51189352457226,,,,53.77619196572583,0.3,,,,0.0,,,,65.02,
REETECH,2026-08-29,,,6.97,17.0,,,,0.5749128919860628,,3.44,2.708058124174372,4.48,,-6.37,,-23.063803850707842,,-37.084836846447054,,,0.06018136850783182,,,,0.0,,,,73.62,
REFRACTORY,2026-08-29,,,58.9,12.3,,,1.0326086956521738,1.1637931034482758,,9.96,6.2119050706782515,10.7,,13.97,8.397615708274895,,,,,14.528341907658483,0.39294909883145174,,,,0.0,,,,72.48,
REMUS,2026-08-29,,,1090.0,29.5,,,1.2763466042154568,3.1040268456375837,,12.2,7.9447322970639025,16.8,,7.0,5.386416861826698,,,,,,0.07692307692307693,,,,0.05,,,,70.95,
REPONO,2026-08-29,,,85.8,13.0,,,1.291002106530244,,,,85.67708333333334,,,16.78,9.90069214565152,,,,,,0.3141683778234086,,,,0.0,,,,72.47,
RESGEN,2026-08-29,,,92.4,9.06,,,1.3014084507042254,1.365325077399381,,16.3,13.333333333333334,18.8,,19.0,14.084507042253522,,,,,,0.014705882352941176,,,,0.0,,,,66.98,
RETAGGIO,2026-08-29,,,98.8,11.0,,0.7683149226423839,1.176470588235294,1.3971014492753624,,21.4,10.108425570363675,20.8,,14.31,10.657299356989757,14.317045882915913,,,,53.830608723521834,0.30219955371373924,,,,0.0,,,,55.06,
RETINA,2026-08-29,,,62.7,19.4,,,5.377358490566038,2.540372670807453,,3.35,2.156177156177156,,,-31.3,6.34648370497427,,,,,,0.29185520361990946,,,,0.0,,,,53.87,
REXPIPES,2026-08-29,,,152.0,35.7,,6.695219249106174,1.256198347107438,3.6926605504587156,,10.9,6.097560975609756,13.2,,7.0,4.132231404958678,5.332162946682595,,,,1.1268554122493724,0.7317073170731707,,,,0.0,,,,57.0,
REXPRO,2026-08-29,,,44.7,20.3,,,0.6065951960917357,0.6987740805604202,,3.5,2.240097749719988,5.22,,3.19,2.9854797123083188,-57.160479849115205,,,,5.430275448733757,0.25015625,,,,0.0,,,,66.98,
REXSEAL,2026-08-29,,,27.1,15.1,,0.21509283482386254,0.7096098455092957,1.0769230769230769,,8.43,4.909983633387889,11.5,,10.32,4.713275726630008,70.20224552047605,,-9.28896902765457,,15.016102199547475,0.15331715210355987,,,,0.0,,,,62.71,
RFBL,2026-08-29,,,223.0,27.0,,,1.5067567567567568,,,37.1,16.0,34.3,,9.0,5.405405405405405,-1.772526396889873,,,,46.57321675338033,0.38461538461538464,,,,0.0,,,,69.7,
RFIL,2026-08-29,,,33.2,5.59,,,0.894155669270132,,,48.5,16.522948539638385,40.6,,23.13,15.997845408025855,-22.13693349795963,,,,9.850982809987908,0.8206307490144547,,,,0.0,,,,70.11,
RICHA,2026-08-29,,,101.0,13.5,,0.7832977287044114,0.7062937062937062,0.7656903765690377,,6.41,4.605263157894736,8.77,,8.0,4.895104895104895,17.234825922870023,,-62.477186576984245,,61.418152930974436,0.09848484848484848,,,,0.0,,,,23.33,
RIKHAV,2026-08-29,,,167.0,8.79,,,0.08451417004048584,0.6786271450858035,,8.03,4.773869346733668,13.1,,0.8,0.9615384615384616,-27.048929133945464,,,,242.92326766936236,0.0326530612244898,,,,0.0,,,,64.06,
RILINFRA,2026-08-29,,,66.8,6.59,,0.10131320917632708,0.4840579710144927,0.6179001721170395,,9.84,7.936507936507936,17.1,,13.0,7.246376811594203,65.04581242245186,,-9.457542863459011,,29.191231309090583,0.08333333333333333,,,,0.0,,,,68.32,
RITEZONE,2026-08-29,,,7.21,21.2,,,0.2823022709475333,0.46703296703296704,,2.23,1.5017667844522968,4.11,,2.58,1.331245105716523,-25.821512830698513,,-39.65823663454837,,4.376736457666608,0.10376134889753567,,,,0.0,,,,41.89,
RITHWIKFMS,2026-08-29,,,47.7,,,,,1.9024390243902438,,,,,,,,,,,,,,,,,0.64,,,,73.53,
RIYAASAT,2026-08-29,,,68.2,13.2,,,2.0437518729397666,,,33.1,6.439205955334988,27.8,,36.56,15.552891818999104,-27.996948782505036,,,,16.823171645041235,2.262582056892779,,,,0.0,,,,73.39,
RNFI,2026-08-29,,,733.0,25.8,,1.0332354274188404,0.7411526794742164,4.268833087149187,,20.6,8.86426592797784,27.3,,6.0,3.2355915065722956,24.970107794747065,,-53.54109735422086,,1.8892174993426991,0.17058823529411765,,,,0.0,,,,64.35,
RNPL,2026-08-29,,,90.9,11.0,,,1.0101122346927438,0.8383500557413601,,13.6,4.110408051417467,14.5,,13.07,9.167685298366486,,,,,,0.15776363133130364,,,,0.0,,,,51.1,
ROBU,2026-08-29,,,1145.0,43.2,,1.3585749311737243,3.459214501510574,11.93304535637149,,30.8,16.875,34.2,,12.0,8.157099697885197,31.798025275409646,,,,38.3479283321845,0.375,,,,0.0,,,,69.12,
ROCKINGDCE,2026-08-29,,,218.0,21.5,,,1.8166666666666667,2.7823050058207217,,18.1,10.1010101010101,20.4,,14.0,8.333333333333332,-44.77625108413069,,,,100.0,0.2112676056338028,,,,0.0,,,,50.95,
RONI,2026-08-29,,,29.9,,,,12.406639004149376,1.8840579710144927,,-3.1,-2.2319474835886215,-2.11,,-58.09,-21.16182572614108,,,,,-44.78911930060367,0.16352201257861634,,,,0.0,,,,60.11,
ROOPSHRI,2026-08-29,,,49.2,492.0,,12.01583316333548,18.426966292134832,3.1574074074074074,,0.64,0.6242197253433209,2.73,,5.24,3.7453183520599254,40.94597464129783,,47.57731615945522,,59.33913013777181,0.003203074951953876,,,,0.0,,,,67.38,
ROXHITECH,2026-08-29,,,118.0,3.98,,,0.6310160427807486,0.9827255278310941,,18.0,9.70873786407767,,,16.0,10.695187165775401,,,,,,0.42727272727272725,,,,0.0,,,,60.53,
ROYAL,2026-08-29,,,56.3,7.87,,,0.5466019417475728,1.3870541611624834,,21.0,11.475409836065573,26.2,,11.0,6.796116504854369,,,,,,0.325,,,,0.0,,,,62.24,
ROYALARC,2026-08-29,,,189.0,18.8,,,1.6293103448275863,2.322404371584699,,13.1,10.989010989010989,18.0,,13.0,8.620689655172415,-44.37423468901671,,0.9549357430769456,,6.14399229654039,0.0,,,,0.59,,,,72.96,
RSTL,2026-08-29,,,256.0,22.4,,0.44982658555227434,0.5589519650655022,3.4797297297297294,,16.9,5.0691244239631335,14.7,,6.0,2.4017467248908297,49.796967808157476,,54.09578266288224,,14.764512575461964,1.8767123287671232,,,,0.0,,,,74.61,
RTL,2026-08-29,,,110.0,37.8,,,2.195170624625823,2.6246056782334386,,9.98,4.260614934114202,11.9,,7.54,5.807224106964678,-68.05720095291477,,,,14.823858412360224,0.26653928827322665,,,,0.0,,,,71.28,
RUDRAGAS,2026-08-29,,,56.3,6.57,,,0.4540322580645161,1.3775510204081634,,23.4,7.258064516129033,22.0,,14.0,7.258064516129033,-58.592896592135666,,,,36.27259779307541,1.4146341463414633,,,,0.0,,,,73.19,
RULKA,2026-08-29,,,46.0,14.0,,,0.41818181818181815,1.228668941979522,,9.2,4.10958904109589,12.4,,5.0,2.727272727272727,-68.76410771892523,,-30.90648416963634,,32.76948654944989,0.13513513513513514,,,,0.0,,,,60.05,
SAAKSHI,2026-08-29,,,523.0,42.5,,,4.508620689655173,4.736,,11.8,7.643312101910828,14.3,,19.0,10.344827586206897,,,,,-1.6669780117221866,0.22522522522522523,,,,0.0,,,,74.82,
SABAR,2026-08-29,,,14.4,55.5,,,0.13846153846153847,0.1194620253164557,,0.33,0.0,1.02,,1.8,0.0,,,,,,0.2892561983471074,,,,0.0,,,,15.96,
SACHEEROME,2026-08-29,,,1019.0,35.8,,,6.703947368421052,6.877828054298643,,27.0,16.27906976744186,35.7,,24.0,18.421052631578945,-4.668049480762337,,,,29.493663001001067,0.0,,,,0.0,,,,71.54,
SADHAV,2026-08-29,,,183.0,12.4,,,1.8673469387755102,1.6005665722379605,,14.7,7.0754716981132075,8.89,,25.0,15.306122448979592,,,,,,0.801980198019802,,,,0.0,,,,61.78,
SAFE,2026-08-29,,,85.8,89.4,,,23.506849315068493,5.033333333333333,,6.19,20.245040840140025,12.8,,55.07,95.06849315068494,-16.06817058117709,,12.832604189737395,,38.294399441801595,0.0,,,,0.5,,,,73.58,
SAFECURE,2026-08-29,,,21.8,3.62,,,0.3259569377990431,0.42913385826771655,,16.7,8.98524810013411,16.6,,17.14,9.016148325358852,-35.435283315688714,,,,12.050129383009423,0.20501764014112117,,,,0.0,,,,66.14,
SAFEENTP,2026-08-29,,,1173.0,18.2,,,5.3807339449541285,4.077669902912621,,35.9,20.125786163522015,47.0,,36.0,29.357798165137616,,,,,,0.0,,,,0.0,,,,70.07,
SAHAJSOLAR,2026-08-29,,,224.0,7.58,,0.15357962926185734,0.5346062052505967,1.6216216216216217,,24.0,6.263048016701461,21.6,,12.0,7.159904534606206,49.35550395863959,,87.55274001145558,,31.32500666640785,1.2753623188405796,,,,0.49,,,,71.28,
SAHANA,2026-08-29,,,976.0,14.4,,0.15295631762053227,2.9486404833836857,3.865546218487395,,31.7,19.4300518134715,39.8,,30.0,22.658610271903324,94.1445258621145,,,,139.8127397304343,0.07142857142857142,,,,0.09,,,,57.31,
SAHASRA,2026-08-29,,,788.0,55.5,,,5.669064748201439,3.3475026567481403,,6.22,3.183023872679045,6.04,,13.0,8.633093525179856,,,,,,0.2851063829787234,,,,0.32,,,,69.9,
SAIFL,2026-08-29,,,29.8,2.05,,,0.10875912408759124,0.22123893805309733,,11.4,7.9787234042553195,14.8,,9.0,5.474452554744526,,,,,,0.05185185185185185,,,,0.0,,,,68.43,
SAILANI,2026-08-29,,,6.47,25.9,,,0.3006505576208178,0.8466257668711656,,3.31,2.242152466367713,5.25,,4.04,1.1617100371747213,,,,,,0.29296875,,,,0.0,,,,36.03,
SAJHOTELS,2026-08-29,,,58.2,20.1,,,3.4478672985781995,0.4865229110512129,,2.44,1.9104765845920406,5.02,,31.46,16.409952606635073,-77.27342629267362,,,,9.919724339620938,0.19032500626618767,,,,0.0,,,,64.27,
SAMAY,2026-08-29,,,71.6,11.7,,,1.427432216905901,1.7923076923076924,,20.2,13.347791798107256,27.2,,14.91,13.496810207336523,,,,,,0.09186746987951809,,,,0.0,,,,69.19,
SAMPAT,2026-08-29,,,32.1,5.41,,,0.1803370786516854,0.5673652694610778,,15.0,5.769230769230769,14.7,,5.0,3.3707865168539324,,,,,11.329458665605173,0.35714285714285715,,,,0.0,,,,63.67,
SANCODE,2026-08-29,,,423.0,900.0,,,26.84010152284264,30.159574468085104,,7.14,4.633204633204633,6.56,,3.11,3.045685279187817,-14.408871279803071,,,,116.64142566134048,0.2424639580602883,,,,0.0,,,,65.58,
SANGANI,2026-08-29,,,73.2,24.5,,1.983126152141648,0.6841121495327103,1.7852348993288591,,7.76,3.508771929824561,17.4,,8.0,3.7383177570093453,12.354231713167408,,,,88.40305108480902,0.04878048780487805,,,,0.0,,,,74.09,
SAROJA,2026-08-29,,,16.0,9.85,,2.635984336822905,0.22779043280182235,0.9232558139534884,,9.83,3.880239520958084,13.0,,5.42,2.3063781321184513,3.736744510353196,,-64.64942866837411,,11.85509450381974,0.8334297281665703,,,,0.0,,,,73.02,
SARTELE,2026-08-29,,,487.0,6.78,,0.21919185050178547,0.9329501915708812,0.5025906735751295,,7.95,6.504065040650407,8.84,,18.0,13.793103448275861,30.931806928400253,,,,153.61416609923856,0.0020964360587002098,,,,0.0,,,,45.3,
SATECH,2026-08-29,,,50.1,23.7,,,0.4473214285714286,1.2,,5.05,2.380952380952381,,,4.9,1.7857142857142856,,,,,,0.6666666666666666,,,,0.0,,,,69.64,
SATIPOLY,2026-08-29,,,19.0,5.51,,,0.0695970695970696,0.9672544080604533,,19.3,4.0,20.3,,2.7,1.098901098901099,-71.15478787317964,,,,12.64443990098776,0.6,,,,0.0,,,,63.01,
SATKARTAR,2026-08-29,,,220.0,13.9,,,1.0945273631840795,3.2400932400932403,,26.5,20.0,35.6,,12.0,8.45771144278607,,,,,,0.029411764705882353,,,,0.5,,,,63.62,
SATTRIX,2026-08-29,,,388.0,47.1,,,6.378431694887391,1.910614525139665,,6.89,3.499047289104452,9.6,,20.5,13.282919612033536,-87.80189942676573,,-67.29403420935401,,18.463657102999996,0.030338907799319224,,,,0.0,,,,74.96,
SATTVAENGG,2026-08-29,,,114.0,8.82,,,0.7972027972027972,1.297029702970297,,19.7,8.227848101265822,22.8,,15.0,9.090909090909092,-10.392637178172759,,,,19.40401137029506,0.3409090909090909,,,,0.0,,,,62.91,
SAVY,2026-08-29,,,285.0,6.79,,,0.44670846394984326,1.8002628120893562,,39.9,14.893617021276595,42.8,,9.0,6.583072100313479,-15.933270755004092,,,,373.757912147623,0.3270440251572327,,,,0.0,,,,61.81,
SAWALIYA,2026-08-29,,,169.0,21.1,,,4.091019123698862,3.4343434343434343,,25.9,10.297335564422706,25.0,,29.44,19.365770999757927,-44.69236960788311,,,,39.8906382788728,0.30841311876145855,,,,0.0,,,,67.78,
SBLI,2026-08-29,,,3.81,23.8,,,0.10554016620498614,0.9611451942740287,,4.11,2.753872633390706,4.18,,0.47,0.4432132963988919,,,130.92395888238656,,,0.04534005037783375,,,,0.0,,,,3.84,
SBRANDS,2026-08-29,,,10.9,6.92,,,0.7460643394934977,1.5350877192982457,,25.0,14.389799635701275,30.5,,11.5,10.814510609171801,,,,,20.64489873148765,-0.0,,,,0.0,,,,53.46,
SBVCL,2026-08-29,,,101.0,11.8,,,1.0432806528251213,1.9135802469135803,,17.6,8.84937454771012,17.9,,16.26,8.842061770478256,-88.2582320270634,,,,15.814852523091005,0.4338374291115311,,,,0.0,,,,73.53,
SCARNOSE,2026-08-29,,,11.9,1188.0,,,1.1805555555555556,1.220064724919094,,0.1,0.10224948875255625,0.1,,-0.5,0.0992063492063492,-38.662514620347885,,-64.70866076690949,,-37.38977328111245,0.0,,,,0.0,,,,0.0,
SCDL,2026-08-29,,,131.0,9.08,,0.11691941645569227,1.1196581196581197,,,28.6,7.142857142857142,29.5,,23.0,11.965811965811966,77.66032601985276,,66.7093115047622,,34.58031530218211,0.8305084745762712,,,,0.0,,,,46.4,
SCML,2026-08-29,,,103.0,11.2,,0.6866377987036693,0.3759124087591241,0.9604072398190046,,9.64,3.0716723549488054,12.3,,12.0,3.2846715328467155,16.31136535323998,,17.59243363398495,,16.341262283824797,1.1415094339622642,,,,0.0,,,,68.25,
SDC,2026-08-29,,,11.7,,,,1.2394067796610169,163.63636363636363,,-188.0,-8.624898291293736,-10.5,,13.88,-22.45762711864407,,,,,-5.818735532176456,127.85714285714232,,,,0.0,,,,74.87,
SDREAMS,2026-08-29,,,163.0,15.3,,,0.9421965317919075,1.3598130841121494,,9.26,5.747126436781609,12.2,,10.0,5.780346820809249,-57.651172917387974,,-2.4523964800197917,,12.655805613553262,0.13333333333333333,,,,0.0,,,,65.29,
SEALMATIC,2026-08-29,,,435.0,45.2,,,4.223300970873787,3.8932038834951457,,8.65,6.993006993006993,,,15.0,9.70873786407767,-67.02038438450882,,,,46.1417919620426,0.08035714285714286,,,,0.27,,,,72.46,
SEEMAX,2026-08-29,,,23.5,13.4,,,1.710334788937409,,,26.5,7.608695652173914,23.3,,25.55,12.736535662299856,-80.53084267767437,,,,6.765498032030726,1.643908969210174,,,,0.0,,,,68.18,
SEL,2026-08-29,,,72.0,18.8,,,0.9699582379092011,4.769230769230769,,29.1,5.366400448367662,23.4,,11.01,5.1596389599892225,,,,,,1.8088918380889185,,,,0.0,,,,62.0,
SELLOWRAP,2026-08-29,,,88.6,9.37,,,0.40642201834862385,0.9862385321100916,,14.3,4.891304347826087,14.0,,10.0,4.128440366972478,,,,,16.746886913582593,0.5,,,,0.0,,,,69.22,
SEML,2026-08-29,,,72.4,7.35,,,0.41609195402298854,0.7039106145251396,,,,,,7.0,5.747126436781609,,,,,,,,,,0.0,,,,41.46,
SERVICE,2026-08-29,,,96.0,19.1,,,0.49740932642487046,1.8414322250639386,,10.1,6.8493150684931505,10.8,,2.5,2.5906735751295336,-11.342660392080084,,-56.05366086651466,,6.672726332896506,0.019230769230769232,,,,0.0,,,,65.35,
SEVL,2026-08-29,,,43.1,11.0,,0.18832809167617506,0.5522808815991799,0.8512195121951219,,11.7,5.521989602360546,14.4,,8.59,5.035879036391594,58.40870526588351,,,,220.0713251374983,0.1477384949634604,,,,0.0,,,,69.31,
SFML,2026-08-29,,,57.1,5.11,,,0.11558704453441296,0.5927835051546392,,12.1,2.7027027027027026,10.4,,8.0,1.6194331983805668,-75.80160115194026,,-51.07370550413995,,14.394287153635199,1.5051546391752577,,,,0.0,,,,71.52,
SFSL,2026-08-29,,,15.6,,,,0.651356993736952,4.65,,-11.1,-6.283662477558348,-2.99,,-0.25,-1.4613778705636742,,,,,,0.4444444444444444,,,,0.0,,,,57.97,
SGFRL,2026-08-29,,,221.0,37.2,,,4.438642297650131,5.426829268292684,,18.2,2.2557531182469575,9.65,,49.19,11.950190801365737,,,,,,4.168792934249264,,,,0.56,,,,63.32,
SHAIVAL,2026-08-29,,,38.2,6.57,,,955.0,1.7553191489361701,,30.8,25.39335664335664,31.0,,-2200.0,14525.0,-4.700217851260313,,,,-75.5895511105943,0.0,,,,0.0,,,,72.63,
SHANMUGA,2026-08-29,,,56.6,13.3,,,1.1930860033726813,1.3333333333333335,,10.2,7.934413871089332,12.6,,17.45,8.874367622259696,-82.68268708234085,,,,8.53035960416788,0.15835294117647059,,,,0.0,,,,72.06,
SHANTHALA,2026-08-29,,,10.9,8.24,,,0.2066350710900474,0.4615384615384615,,4.36,3.894018466479326,5.98,,0.64,1.8388625592417063,,,,,,0.004839419269687637,,,,0.0,,,,61.91,
SHANTIDENM,2026-08-29,,,62.5,6.31,,,0.08877840909090909,0.5910543130990416,,9.37,4.329004329004329,,,2.3,1.4204545454545454,,,,,,0.44339622641509435,,,,0.0,,,,73.57,
SHANTIGURU,2026-08-29,,,11.1,0.99,,,,0.44603960396039605,,58.2,39.285714285714285,71.7,,-443.0,,,,116.89435423953971,,,0.0,,,,0.0,,,,33.01,
SHARVAYA,2026-08-29,,,148.0,12.7,,,0.6434782608695652,1.91958495460441,,23.3,12.121212121212121,28.5,,8.0,5.217391304347826,-43.634520240075226,,,,48.665409684523084,0.15584415584415584,,,,0.0,,,,61.31,
SHAYONAENG,2026-08-29,,,55.0,13.6,,0.6563481690813179,1.3657809783958281,2.06140350877193,,22.1,7.562710595282665,19.7,,18.7,10.032282095852992,20.720709892488532,,17.321091443622482,,47.45652559347835,0.7575075075075075,,,,0.0,,,,64.14,
SHEEL,2026-08-29,,,120.0,10.2,,,1.0909090909090908,,,14.0,9.67741935483871,15.7,,15.0,10.909090909090908,-22.17022240600002,,-12.975035297465453,,7.316761752004952,0.32142857142857145,,,,0.0,,,,72.29,
SHEETAL,2026-08-29,,,389.0,33.8,,1.6188427033994985,2.210227272727273,7.112970711297072,,23.3,9.448818897637794,22.5,,12.0,6.8181818181818175,20.879113164621543,,69.8953696085967,,10.910922915185894,0.7037037037037037,,,,0.15,,,,65.32,
SHELTER,2026-08-29,,,55.1,6.11,,,0.7534527553671545,0.7114967462039045,,15.1,10.720645850647037,20.4,,17.39,12.34787364966498,-6.8474792016768316,,45.64787795242009,,26.47239919940978,0.010439775544825787,,,,1.07,,,,44.38,
SHERA,2026-08-29,,,444.0,13.0,,0.3331092284489163,0.2550258472142447,2.2950819672131146,,16.9,5.422446406052964,19.5,,6.0,2.469844916714532,39.02623791160924,,33.35152615913688,,25.775747199744735,1.3575129533678756,,,,0.0,,,,62.35,
SHETHJI,2026-08-29,,,404.0,20.3,,0.9447621828092592,0.5274151436031331,3.0689655172413794,,24.6,8.16326530612245,25.6,,3.5,2.610966057441253,21.48688883760965,,,,17.93352952987599,0.3409090909090909,,,,0.0,,,,70.13,
SHIGAN,2026-08-29,,,144.0,21.4,,1.3420954967156118,0.6605504587155964,1.4549180327868854,,7.02,3.431372549019608,11.0,,9.0,3.211009174311927,15.945214071852764,,,,9.952273860131577,0.6666666666666666,,,,0.7,,,,69.74,
SHINEFASH,2026-08-29,,,68.5,7.26,,0.1776804284729466,0.6715686274509803,2.1610169491525424,,34.3,2.631578947368421,30.0,,12.0,2.941176470588235,40.85987445210038,,61.24464467960622,,69.3532851810357,0.6451612903225806,,,,0.06,,,,67.47,
SHIPWAVES,2026-08-29,,,50.2,14.1,,,0.5506197213995833,0.5897009966777409,,6.43,2.892344677334535,8.38,,9.07,4.222880333443019,,,,,,0.2992135227139335,,,,0.0,,,,67.4,
SHIVAEXPO,2026-08-29,,,15.5,,,,1.3213981244671782,0.5353591160220994,,-0.25,-0.16034206306787813,1.59,,5.88,-0.5115089514066495,,,,,34.230772996179226,0.1720250521920668,,,,0.0,,,,44.46,
SHIVAM,2026-08-29,,,166.0,27.5,,,0.5845070422535211,4.0,,15.7,8.450704225352112,16.8,,3.2,2.112676056338028,-66.07778666681045,,,,21.84458391076154,0.5,,,,0.0,,,,73.0,
SHIVASHRIT,2026-08-29,,,226.0,16.1,,0.48814503935269193,1.9824561403508771,2.206405693950178,,20.5,8.860759493670885,19.2,,21.0,12.280701754385964,32.98200063929671,,,,36.32142352200898,0.47058823529411764,,,,0.0,,,,73.0,
SHIVTEXCHEM,2026-08-29,,,256.0,3.29,,,0.09221902017291066,0.6214689265536724,,20.9,5.259608900876602,15.3,,4.9,2.809798270893372,-30.53722885203758,,-20.835333367884445,,35.41264444282444,1.7097560975609756,,,,0.0,,,,73.65,
SHKSIL,2026-08-29,,,65.4,10.5,,,0.9813925570228093,0.6115107913669064,,6.88,4.296902072215677,7.76,,9.77,9.30372148859544,-64.88067772350587,,-38.53558568768506,,-10.909122408042105,0.2691297824456114,,,,0.0,,,,73.58,
SHLOKKA,2026-08-29,,,53.5,10.8,,,0.6529167683670979,0.6265664160401003,,8.81,3.7781840341255335,10.6,,13.91,6.053209665608982,-79.77358962526262,,,,110.6196024791045,0.3134590605599157,,,,0.0,,,,70.34,
SHOORA,2026-08-29,,,31.7,793.0,,,2.6910016977928692,1.5842956120092377,,0.2,0.189753320683112,0.24,,0.17,0.33955857385398985,-55.480790329919074,,,,77.40027077607459,0.035429141716566866,,,,0.0,,,,26.01,
SHREE,2026-08-29,,,16.7,4.62,,,0.11133333333333333,0.44220183486238535,,12.1,6.0606060606060606,16.7,,4.3,2.666666666666667,,,,,,0.13513513513513514,,,,0.0,,,,58.3,
SHREEDHAR,2026-08-29,,,238.0,38.6,,,1.63013698630137,,,24.6,3.488372093023256,12.1,,12.0,4.10958904109589,,,,,,3.8666666666666667,,,,0.0,,,,70.48,
SHREEKARNI,2026-08-29,,,271.0,17.8,,,1.3284313725490196,2.329192546583851,,14.6,5.9760956175298805,12.8,,15.0,7.352941176470589,,,,,17.11400027999277,0.8448275862068966,,,,0.0,,,,69.21,
SHREENATH,2026-08-29,,,23.6,8.25,,,0.20521739130434785,0.5217391304347826,,6.36,3.75,8.97,,-0.1,2.608695652173913,-70.79976826512188,,-36.27202451363316,,-17.39191441610083,0.5869565217391305,,,,0.0,,,,72.98,
SHREEOSFM,2026-08-29,,,96.3,12.7,,0.6782665727888209,0.6294117647058823,1.1446886446886446,,9.43,6.106870229007633,12.3,,11.0,5.228758169934641,18.724201530058536,,-0.04060090660794602,,23.109771758945065,0.15476190476190477,,,,0.0,,,,52.24,
SHREEREF,2026-08-29,,,1435.0,66.7,,,9.318181818181818,6.617161716171617,,13.0,7.482993197278912,13.8,,21.0,14.285714285714285,,,,,44.53849053277344,0.1712962962962963,,,,0.0,,,,44.6,
SHREESHAY,2026-08-29,,,31.7,138.0,,32.391627767269746,19.937106918238992,1.3114754098360655,,0.96,0.8345428156748913,1.54,,-2.52,14.465408805031446,4.260360145884445,,-13.448185816888959,,-38.573231400613636,0.0,,,,0.0,,,,73.1,
SHRIAHIMSA,2026-08-29,,,1157.0,39.7,,,9.40650406504065,5.987878787878788,,16.7,13.302752293577983,21.7,,29.0,23.577235772357724,-44.58601143785079,,,,5.752487283920038,0.10362694300518134,,,,0.0,,,,68.4,
SHRIKANHA,2026-08-29,,,34.3,3.92,,,0.16650485436893203,0.5583756345177665,,23.8,6.0,23.8,,9.0,4.368932038834951,-12.169738696149901,,,,15.12716684899502,0.9032258064516129,,,,0.0,,,,68.59,
SHRITECH,2026-08-29,,,152.0,7.95,,0.5598113843355297,1.8095238095238095,1.292372881355932,,17.7,14.17910447761194,22.7,,28.0,22.61904761904762,14.201211733906206,,-32.76730568104046,,13.798047356553855,0.025423728813559324,,,,0.0,,,,70.34,
SHTL,2026-08-29,,,57.2,14.7,,,3.1273920174959,2.210065645514223,,23.0,10.805555555555555,22.4,,36.47,21.26845270639694,,,87.0540416902475,,21.016522610093435,0.24361948955916474,,,,0.0,,,,70.68,
SHUBHLAXMI,2026-08-29,,,20.6,19.4,,,0.3288108539505188,0.8699551569506726,,4.59,2.016359140194027,6.86,,4.2,1.6919393455706306,-4.826946434467272,,-12.139569570279674,,-6.748579278912947,0.5658061785865425,,,,0.0,,,,57.31,
SHUBHSHREE,2026-08-29,,,176.0,16.7,,,0.8712871287128713,4.318766066838046,,29.6,15.714285714285714,32.6,,7.0,5.445544554455446,,,,,,0.3170731707317073,,,,0.0,,,,73.58,
SHYAMDHANI,2026-08-29,,,118.0,13.8,,,0.8082191780821918,1.7168674698795179,,18.5,7.627118644067797,17.0,,11.0,6.164383561643835,-45.50502464196493,,14.48435755676265,,29.007407453361655,0.5217391304347826,,,,0.0,,,,72.0,
SIDDHICOTS,2026-08-29,,,68.1,7.06,,,0.1424686192468619,0.5,,8.94,5.649717514124294,10.6,,5.0,2.092050209205021,-35.51409740673146,,-7.928641129759184,,33.92395719392989,0.19852941176470587,,,,0.0,,,,66.24,
SIDDHIKA,2026-08-29,,,134.0,13.3,,0.32936508926475694,2.310344827586207,2.851511169513798,,23.6,16.666666666666664,31.6,,22.0,17.24137931034483,40.380721677848875,,48.488908227362536,,19.485817377915016,-0.0,,,,1.84,,,,63.09,
SIGNORIA,2026-08-29,,,77.1,,,,,3.246492985971944,,,,,,,,,,,,,,,,,0.0,,,,70.05,
SIHORA,2026-08-29,,,33.6,34.6,,,1.7758985200845665,2.093023255813953,,9.11,4.982023626091423,11.5,,10.41,5.1268498942917535,,,,,,0.08909657320872273,,,,0.0,,,,69.97,
SILKFLEX,2026-08-29,,,282.0,23.2,,0.4973655977261868,2.5636363636363635,5.926829268292683,,29.2,9.090909090909092,22.7,,20.0,10.909090909090908,46.64576743157098,,36.74155470342815,,35.72088082974532,1.2916666666666667,,,,0.0,,,,70.14,
SILKY,2026-08-29,,,42.4,8.74,,,0.4257455567828095,0.7294633077765608,,16.2,5.261444998915165,17.9,,11.86,4.869966864142985,-28.18900512470721,,24.54038043446527,,-1.7509504023089817,0.4237783895388851,,,,0.0,,,,60.53,
SILL,2026-08-29,,,114.0,10.8,,1.5813037907749183,0.5112107623318386,,,24.9,8.59375,23.1,,9.0,4.932735426008969,6.829807190120918,,,,5.856046813447735,0.8125,,,,0.0,,,,71.94,
SILVERPRL,2026-08-29,,,3.55,29.6,,,6.454545454545454,0.2627906976744186,,0.89,0.8765522279035792,1.26,,-87.27,21.818181818181813,,,-28.271320854415716,,-15.139277172341847,0.0,,,,0.0,,,,27.27,
SIMCA,2026-08-29,,,311.0,18.7,,,2.4488188976377954,,,71.7,25.757575757575758,97.5,,18.0,13.385826771653544,-60.816721593621956,,,,119.55373264604484,0.0,,,,0.0,,,,,
SIROHIA,2026-08-29,,,6.69,223.0,,,,0.23537906137184114,,0.11,0.10334137099552188,0.25,,-400.0,,,,,,,0.0,,,,0.0,,,,50.11,
SISL,2026-08-29,,,106.0,73.7,,4.454492437590488,2.354509107063527,9.076923076923077,,13.3,13.597733711048157,18.2,,8.97,3.198578409595735,16.545094875021405,,-46.337363993540215,,66.46332213440887,0.005132591958939264,,,,0.0,,,,72.07,
SIYARAM,2026-08-29,,,77.5,20.5,,,0.21408839779005526,0.5963149078726968,,2.95,1.4598540145985401,7.34,,4.7,1.1049723756906076,-30.530533529900573,,11.056096572989382,,-9.722160752221365,0.8769230769230769,,,,0.0,,,,51.12,
SJLOGISTIC,2026-08-29,,,529.0,6.98,,0.28741284491874963,0.808868501529052,1.6868686868686869,,29.1,15.800415800415802,32.4,,18.0,11.62079510703364,24.285623010249303,,,,69.62543848150055,0.38613861386138615,,,,0.0,,,,50.81,
SKIEL,2026-08-29,,,14.4,,,,96.0,2.17199558985667,,-4.41,-4.464285714285714,-2.49,,-1466.67,-200.0,,,,,-72.09079990001759,0.003007518796992481,,,,0.0,,,,72.12,
SKIFL,2026-08-29,,,10.2,114.0,,2.9478498314320234,340.0,0.862037037037037,,0.76,0.8317929759704251,0.92,,-1700.0,300.0,38.672254870126956,,21.67286837864115,,-64.83661130830407,0.0,,,,0.0,,,,0.0,
SKL,2026-08-29,,,14.1,13.8,,0.08390148029599484,0.45542635658914726,0.5643564356435644,,4.16,2.323232323232323,3.78,,5.91,2.971576227390181,164.47862363471035,,,,3.604171080171059,0.4244116473873155,,,,0.0,,,,67.24,
SKM,2026-08-29,,,531.0,26.3,,3.366240710896331,1.669811320754717,6.595744680851064,,34.8,9.67741935483871,26.2,,10.0,5.660377358490567,7.812869684235113,,,,34.05542574388099,1.25,,,,0.0,,,,73.53,
SKP,2026-08-29,,,244.0,414.0,,,2.3689320388349513,5.176056338028169,,1.79,0.9009009009009009,11.4,,9.0,0.9708737864077669,-61.74420989689967,,,,25.586982883949894,0.8541666666666666,,,,0.75,,,,74.9,
SLONE,2026-08-29,,,90.6,10.1,,0.16424336741605233,0.3759336099585062,1.8963616317530319,,20.8,8.256880733944955,26.0,,7.0,3.7344398340248963,61.49411181040407,,,,100.27739286589674,0.1875,,,,0.29,,,,73.33,
SMARITIME,2026-08-29,,,7.14,9.15,,,0.39123287671232876,0.5672371638141809,,6.41,5.583392984967788,8.46,,6.85,4.273972602739726,-21.144016569380952,,-67.00986657577408,,-11.242010998604712,0.036653386454183264,,,,0.0,,,,72.33,
SMARTEN,2026-08-29,,,114.0,12.9,,,0.4691358024691358,1.3590909090909091,,14.4,6.474820143884892,17.8,,4.9,3.7037037037037033,-55.231030641048484,,-45.519919264395384,,11.351960710989362,0.05952380952380952,,,,0.0,,,,67.1,
SMAUTO,2026-08-29,,,38.4,11.3,,6.161477150361088,0.5384938998737905,1.486772486772487,,14.1,7.9271178419309045,16.1,,5.82,4.69779834525312,1.8339758022697161,,,,1.270327033168961,0.29156999226604796,,,,5.34,,,,72.95,
SMEL,2026-08-29,,,22.1,1106.0,,,25.113636363636367,1.8962264150943398,,0.17,0.17152658662092624,0.34,,6.82,2.272727272727273,0.0,,0.0,,6.917810999860885,0.0,,,,0.0,,,,57.87,
SMR,2026-08-29,,,169.0,6.82,,,0.3912037037037037,,,67.2,29.069767441860467,71.9,,8.0,5.787037037037037,-73.52336719394741,,,,85.20737569958247,0.34,,,,0.0,,,,65.74,
SMVD,2026-08-29,,,17.0,,,,,1.3709677419354838,,,220.00000000000003,,,-947.0,,117.94491883648158,,71.62531082937846,,,-0.9,,,,0.0,,,,65.53,
SNEHAA,2026-08-29,,,43.3,5.37,,,0.8770508405914523,0.8366141732283465,,24.2,12.511642347097176,29.4,,23.76,16.325703868746206,-34.19986339686042,,,,53.50062871284631,0.06993817619783617,,,,0.0,,,,73.68,
SOCL,2026-08-29,,,39.9,7.24,,,0.35945945945945945,0.866279069767442,,17.9,8.571428571428571,19.7,,7.0,5.405405405405405,,,,,,0.391304347826087,,,,0.0,,,,72.01,
SODHACAP,2026-08-29,,,55.6,23.7,,,11.656184486373167,3.111111111111111,,18.6,13.019390581717452,25.0,,69.6,49.26624737945493,-86.48850240281712,,,,24.362344088539345,0.0,,,,0.71,,,,73.57,
SOLARIUM,2026-08-29,,,318.0,17.4,,,0.8641304347826086,1.951219512195122,,12.0,4.357298474945534,12.9,,8.0,5.434782608695652,,,,,,0.9631901840490797,,,,0.0,,,,58.58,
SOLVEX,2026-08-29,,,19.2,274.0,,,0.12467532467532468,0.5071090047393364,,0.24,0.0,6.76,,4.9,0.0,,,,,,1.4473684210526316,,,,0.0,,,,70.72,
SONALIS,2026-08-29,,,20.9,2.41,,,0.13933333333333334,0.6358381502890174,,42.2,18.367346938775512,47.1,,7.0,6.0,,,,,177.75661214391206,0.09090909090909091,,,,0.0,,,,35.91,
SONAMAC,2026-08-29,,,44.7,,,,0.528931487397941,0.6791666666666667,,-5.12,-3.88327721661055,-5.9,,-4.11,-4.09419003668205,,,,,1.4909378261646733,0.1145374449339207,,,,0.0,,,,73.59,
SONUINFRA,2026-08-29,,,41.1,3.16,,,0.21185567010309278,0.5094614264919941,,18.6,7.784431137724551,19.1,,15.0,6.701030927835052,,,,,,0.5679012345679012,,,,0.0,,,,52.7,
SOTAC,2026-08-29,,,99.5,17.2,,1.2840131592548236,0.9851485148514851,1.6885553470919326,,10.3,4.511278195488721,12.6,,18.0,5.9405940594059405,13.395501343601502,,68.0046024121935,,9.465403655630112,0.6440677966101694,,,,0.11,,,,72.85,
SOTEFIN,2026-08-29,,,463.0,26.7,,,3.9572649572649574,,,24.7,13.178294573643413,31.2,,24.0,14.529914529914532,-31.269459194074635,,,,46.77813975959759,0.2857142857142857,,,,0.0,,,,45.7,
SPCL,2026-08-29,,,150.0,12.7,,,0.967741935483871,1.2030947775628626,,9.91,6.842105263157896,12.8,,12.0,8.38709677419355,,,,,,0.304,,,,0.0,,,,71.34,
SPCON,2026-08-29,,,118.0,14.4,,,1.3080589735062633,2.868068833652008,,28.8,10.21398357800448,28.6,,16.59,9.100986586852901,-59.644342593209544,,,,50.71553554686501,0.37153284671532844,,,,0.0,,,,62.1,
SPEB,2026-08-29,,,206.0,29.9,,,4.073561400039549,3.689516129032258,,16.9,11.850957391754356,22.9,,17.88,13.585129523432865,,,,,9.658557443709714,0.0,,,,0.0,,,,73.18,
SPECTSTM,2026-08-29,,,139.0,11.3,,,0.09586206896551724,0.8053691275167785,,7.39,4.270462633451958,7.57,,1.0,0.8275862068965517,-30.088626331743807,,-11.92647879500024,,23.59538672270627,0.1744186046511628,,,,0.0,,,,74.52,
SPINAROO,2026-08-29,,,32.9,60.9,,,0.837789661319073,1.950207468879668,,4.44,1.9396551724137931,6.27,,3.69,1.3750954927425516,-56.41511288093534,,,,-9.579352717473954,0.38680926916221037,,,,0.0,,,,47.66,
SPITZE,2026-08-29,,,190.0,18.2,,0.4893734170082249,3.5849056603773586,4.115334207077326,,25.6,11.11111111111111,21.2,,13.0,18.867924528301888,37.190414042645294,,-33.44724395021128,,11.728531583684099,0.5869565217391305,,,,0.0,,,,66.72,
SPL,2026-08-29,,,41.9,5.21,,0.25196099892620727,0.27385620915032677,0.4479166666666667,,9.0,3.619909502262444,9.42,,15.0,5.228758169934641,20.67780339895331,,,,49.27183319275166,0.946236559139785,,,,0.0,,,,44.46,
SPML,2026-08-29,,,136.0,80.1,,,5.867126833477135,,,,,,,15.44,7.333908541846419,,,,,,,,,,0.0,,,,43.43,
SPPPOLY,2026-08-29,,,19.2,,,,0.17297297297297295,0.4166666666666667,,-8.56,-4.878048780487805,-5.5,,-2.4,-3.6036036036036037,,,,,18.92130903339455,0.2826086956521739,,,,4.0,,,,67.08,
SPRL,2026-08-29,,,18.3,5.2,,0.06611087022210813,0.6500888099467141,1.1320754716981132,,24.6,18.8066062866276,28.6,,18.79,12.539964476021314,78.65574878276324,,31.43523925629279,,1.1013835019484386,0.06575682382133995,,,,0.0,,,,69.42,
SPUNWEB,2026-08-29,,,243.0,10.6,,0.1020854661783815,0.75,1.9765166340508806,,27.4,9.05511811023622,26.9,,17.0,7.098765432098765,103.83456526003255,,,,40.83016031253044,0.6260162601626016,,,,0.0,,,,65.27,
SRGFFL,2026-08-29,,,16.7,79.6,,,,1.1309090909090909,,1.42,1.355713363460297,1.9,,,,-26.192987909922106,,-16.311034330944587,,,,,,,0.0,,,,69.01,
SRIGEE,2026-08-29,,,49.6,7.22,,,0.6859355552482368,1.1840228245363766,,22.4,10.944718814720407,22.5,,7.99,9.500760614022957,-9.470793433242275,,,,15.328398459147285,0.19723018147086915,,,,0.0,,,,45.37,
SRIVASAVI,2026-08-29,,,107.0,19.1,,,0.9727272727272728,2.278787878787879,,12.8,7.0588235294117645,14.8,,8.0,5.454545454545454,,,,,,0.40425531914893614,,,,0.0,,,,74.57,
SRSOLTD,2026-08-29,,,89.1,8.7,,,0.781578947368421,0.8082901554404145,,9.69,8.0,12.6,,35.0,8.771929824561402,-4.780558062955887,,-68.06361642478946,,46.84780191517228,0.05454545454545454,,,,1.28,,,,66.69,
SSEGL,2026-08-29,,,1081.0,10.5,,,1.1390937829293994,3.0144927536231885,,31.0,15.327380952380953,37.1,,15.0,10.853530031612223,-32.511760901019656,,55.621001369859904,,56.62331787206638,0.25069637883008355,,,,0.0,,,,58.27,
SSFL,2026-08-29,,,214.0,13.2,,,1.2298850574712643,2.8768699654775602,,24.4,13.114754098360656,29.3,,17.0,9.195402298850574,,,,,,0.4533333333333333,,,,0.2,,,,58.28,
SSL,2026-08-29,,,58.7,101.0,,,9.452495974235106,1.425595238095238,,1.52,1.0302197802197801,1.58,,-7.25,7.246376811594203,-52.26121403347969,,,,31.03706971044482,0.006539113586824898,,,,0.0,,,,62.52,
SSMD,2026-08-29,,,52.6,9.56,,,0.4573913043478261,1.316702819956616,,23.5,12.244897959183673,30.7,,7.0,5.217391304347826,,,,,,0.025,,,,0.0,,,,68.24,
SSPNFIN,2026-08-29,,,2.41,241.0,,,7.774193548387097,0.5491379310344828,,0.23,0.14144271570014144,1.71,,35.48,3.225806451612903,,,-28.451545944737223,,6.038306207109678,0.5804988662131519,,,,0.0,,,,0.0,
SSPRL,2026-08-29,,,282.0,14.8,,,6.409090909090909,,,15.5,8.878504672897195,16.2,,68.0,43.18181818181818,,,,,,0.48872180451127817,,,,0.0,,,,50.97,
SSTL,2026-08-29,,,58.8,12.4,,,0.13579676674364896,1.3801169590643274,,11.8,3.90625,8.05,,1.1,1.1547344110854503,,,,,,1.372093023255814,,,,0.0,,,,44.35,
STAL,2026-08-29,,,43.0,,,,0.506060962692715,1.0947712418300652,,-7.89,-4.400912384274788,-4.46,,-0.74,-3.8601859479816403,,,,,1.4784641648194707,0.36451695131277084,,,,0.9,,,,70.36,
STANBIK,2026-08-29,,,36.1,8.28,,,0.420256111757858,1.084,,17.4,12.729927007299272,19.1,,5.63,5.0756693830034925,-85.25485004360291,,,,62.65879186659984,0.0038945476333133618,,,,0.0,,,,68.52,
STARIMAGIN,2026-08-29,,,145.0,7.5,,0.17877012198388675,1.6292134831460674,1.2462462462462462,,23.6,12.337662337662337,26.0,,37.0,21.34831460674157,41.95331925027161,,,,15.341962818541921,0.1810344827586207,,,,0.0,,,,71.92,
STELLAR,2026-08-29,,,14.2,,,,6.255506607929515,0.252212389380531,,-0.38,-0.3054367745876604,-0.19,,11.45,-8.81057268722467,,,,,-10.250493401295358,0.01064018442986345,,,,0.0,,,,24.05,
STML,2026-08-29,,,65.8,,,,0.2860869565217391,2.2972972972972974,,-19.8,-11.11111111111111,-3.56,,6.0,-6.521739130434782,,,,,19.43492903386488,2.7241379310344827,,,,0.0,,,,71.98,
STRIDERS,2026-08-29,,,120.0,21.4,,,1.6019223067681219,2.2283737024221457,,16.3,6.095176010430247,16.8,,12.82,7.4889867841409705,,,,,,0.3867906976744186,,,,0.0,,,,69.52,
STUDIOLSD,2026-08-29,,,46.2,,,,0.6406878380252392,0.5816993464052288,,-3.9,-1.0735373054213633,-3.22,,-3.48,-1.3867702121758425,,,,,15.59921441434524,0.0,,,,0.0,,,,73.5,
SUBAHOTELS,2026-08-29,,,256.0,14.2,,,2.245614035087719,1.8596491228070176,,19.4,8.181818181818182,16.9,,22.0,15.789473684210526,-15.852583503022888,,,,48.233240357647375,0.37681159420289856,,,,0.0,,,,60.93,
SUBAM,2026-08-29,,,577.0,176.0,,,0.9428104575163399,1.4482758620689655,,3.0,0.2812939521800281,5.02,,7.0,0.32679738562091504,-80.17425227310414,,-60.17583320671783,,7.4009586231831515,0.42462311557788945,,,,0.0,,,,58.93,
SUDARSHAN,2026-08-29,,,995.0,39.6,,1.3663248810251851,1.3592896174863387,6.195652173913043,,16.3,3.894080996884735,15.1,,8.0,3.415300546448088,28.982857993691226,,13.785963934846258,,16.411986472844518,1.8387096774193548,,,,0.0,,,,58.93,
SUGSLLOYD,2026-08-29,,,434.0,14.2,,2.0279533518329314,1.35625,3.1166666666666667,,32.4,11.397058823529411,28.7,,15.0,9.6875,7.002133450044878,,-31.605587941269153,,70.11614811319606,0.49640287769784175,,,,0.0,,,,70.54,
SUNITATOOL,2026-08-29,,,670.0,106.0,,,14.161910801099133,9.526785714285714,,10.8,4.564896755162243,10.1,,19.34,13.083914605791588,,,,,,0.6144646924829157,,,,0.0,,,,62.75,
SUNLITE,2026-08-29,,,738.0,18.0,,,0.2644213543532784,4.564102564102564,,25.4,17.4468085106383,,,2.2,1.46900752418488,,,,,,0.12962962962962962,,,,0.0,,,,74.47,
SUNREST,2026-08-29,,,34.0,8.25,,,0.4800225892983199,1.6638655462184875,,22.4,11.202912757316904,28.6,,14.41,11.29464915996047,,,,,,0.854625550660793,,,,0.0,,,,53.5,
SUNRETAIL,2026-08-29,,,4.81,,,,0.4974146845915201,0.29245283018867924,,-0.97,-0.6394884092725819,-0.77,,-1.65,-1.6546018614270943,,,,,-8.298526844862486,0.21372191863995144,,,,0.0,,,,0.0,
SUNSKY,2026-08-29,,,42.0,14.7,,,1.6613924050632911,1.8674033149171267,,21.0,7.177033492822966,20.0,,18.04,11.273734177215191,-84.54219120687176,,-58.22537159358021,,9.33860617234914,0.6323725055432373,,,,0.0,,,,67.04,
SUNTECH,2026-08-29,,,102.0,7.48,,,0.5795454545454546,1.075356415478615,,18.8,6.730769230769231,16.3,,20.0,7.954545454545454,-33.228675914004455,,,,26.96131311574801,0.8210526315789474,,,,0.0,,,,69.72,
SUPERIRON,2026-08-29,,,88.9,5.34,,,0.347265625,0.46568627450980393,,9.15,4.207920792079208,8.97,,13.0,6.640625,,,,,,0.6387434554973822,,,,0.0,,,,70.88,
SUPERSHAKT,2026-08-29,,,317.0,11.1,,,0.44964539007092197,1.065891472868217,,10.0,8.235294117647058,11.3,,1.6,3.9716312056737593,,,,,,0.0,,,,0.18,,,,72.23,
SUPREMEPWR,2026-08-29,,,565.0,27.1,,,3.1043956043956045,4.778012684989429,,19.4,8.045977011494253,22.0,,18.0,11.538461538461538,-68.95434571772785,,,,22.092914974679402,0.423728813559322,,,,0.0,,,,57.16,
SURANI,2026-08-29,,,151.0,206.0,,,1.636324230602514,1.2170639899623588,,0.59,0.8180693563190868,0.76,,-1.74,2.2214997832683134,,,,,,0.0,,,,0.0,,,,30.84,
SUSAN,2026-08-29,,,660.0,26.4,,0.4865396435917506,2.453531598513011,,,64.6,13.846153846153847,37.0,,12.0,6.691449814126393,54.26073773785207,,61.374393658532256,,51.08426138952904,1.7179487179487178,,,,0.0,,,,66.97,
SVJ,2026-08-29,,,110.0,152.0,,,22.088353413654616,,,26.8,5.462822458270106,23.2,,23.49,14.457831325301203,,,,,,0.35301062573789854,,,,0.0,,,,69.44,
SVS,2026-08-29,,,14.7,14.4,,1.0824408780492607,0.8734402852049912,0.430625,,3.03,2.3578363384188625,4.21,,5.59,6.060606060606061,13.30326698854094,,-71.81776093391335,,36.41334628993278,-0.0,,,,0.0,,,,21.07,
SWANAGRO,2026-08-29,,,83.6,8.37,,,0.5573333333333333,,,40.1,7.751937984496124,25.4,,14.0,6.666666666666667,,,,,,1.3,,,,1.14,,,,74.6,
SWARAJ,2026-08-29,,,968.0,15.8,,0.4587113273771656,1.417276720351391,2.8372093023255816,,21.7,7.109557109557109,17.9,,18.0,8.931185944363104,34.44432054979272,,50.76216503207498,,28.75286699871429,0.961764705882353,,,,0.0,,,,64.68,
SWASTH,2026-08-29,,,10.3,,,,0.048815165876777256,0.49858356940509924,,-6.46,-1.9607843137254901,0.29,,0.0,-0.47393364928909953,,,,,28.26086123844085,0.9523809523809523,,,,0.0,,,,72.89,
SWASTIK,2026-08-29,,,48.6,,,,0.12590673575129535,0.3265625,,-36.9,-16.76300578034682,-20.6,,-17.0,-15.025906735751295,,,,,-18.345456251185965,1.027027027027027,,,,0.0,,,,64.51,
SWASTIKAAL,2026-08-29,,,102.0,31.0,,24.301380405121023,2.885431400282885,3.943217665615142,,18.0,7.52638825149151,19.6,,15.22,9.278642149929277,1.275647699151583,,,,13.809909969728128,0.4030139103554869,,,,0.0,,,,73.49,
SYLVANPLY,2026-08-29,,,114.0,15.8,,,0.4505928853754941,0.8594436310395316,,5.58,2.5735294117647056,9.87,,9.0,2.766798418972332,-0.7957896980223311,,55.352415607143236,,10.404698809841051,0.48484848484848486,,,,0.0,,,,73.68,
SYNOPTICS,2026-08-29,,,48.8,11.9,,,0.8553900087642419,0.6620689655172414,,5.7,3.3804446648483344,7.22,,17.62,7.169149868536372,-20.15782611831114,,6.793178504856634,,3.807442358394475,0.4463728813559322,,,,0.0,,,,73.11,
SYSTANGO,2026-08-29,,,343.0,10.8,,0.3420523654959961,3.811111111111111,2.5324675324675323,,26.8,21.333333333333336,33.0,,38.0,35.55555555555556,31.57411288280192,,59.576188001003835,,20.06406835173418,0.0,,,,2.99,,,,72.17,
SYSTEMATIC,2026-08-29,,,488.0,22.7,,,0.8160535117056856,2.4168514412416853,,14.9,9.787234042553191,17.4,,6.0,3.8461538461538463,-56.27001476791717,,-29.201622797363758,,17.35451960266243,0.04975124378109453,,,,0.0,,,,73.42,
TAC,2026-08-29,,,890.0,32.3,,,15.614035087719298,10.681818181818182,,32.5,27.083333333333332,38.1,,54.0,45.614035087719294,,,,,,0.012048192771084338,,,,0.0,,,,56.66,
TAKYON,2026-08-29,,,27.4,7.5,,,0.3856439127375088,0.47512437810945274,,7.87,5.231474845922316,11.7,,7.54,5.1372273047149895,-31.718578343806925,,,,3.9578782273776314,0.12159110647906896,,,,0.0,,,,73.52,
TANKUP,2026-08-29,,,723.0,151.0,,,12.62882096069869,24.331550802139038,,26.3,6.58946787979046,19.0,,12.61,8.349344978165938,-34.1331507756366,,,,69.24214894608853,1.214550353654429,,,,0.0,,,,73.65,
TANVI,2026-08-29,,,63.8,29.7,,2.8676348820632533,0.6194174757281553,0.8361774744027304,,2.9,1.550387596899225,5.6,,5.0,1.9417475728155338,10.356967055244827,,-5.077196235991799,,7.896607754199958,0.44,,,,0.0,,,,34.91,
TAPIFRUIT,2026-08-29,,,21.9,,,,0.7676130389064142,2.0816326530612246,,-14.9,-6.446661550268611,-4.96,,6.03,-5.888538380651945,,,,,11.358614309365045,1.0749525616698292,,,,0.0,,,,65.72,
TARINI,2026-08-29,,,10.9,6.61,,0.9140632903238559,4.6781115879828326,0.3976303317535545,,6.05,3.904401325130147,1.57,,23.61,70.81545064377683,7.231446738943048,,5.321134609791733,,9.186169449464753,0.4945375091041515,,,,0.0,,,,69.39,
TAURIAN,2026-08-29,,,460.0,28.4,,0.10647225952608556,4.646464646464646,5.291113381001021,,26.7,11.940298507462686,29.7,,25.0,16.161616161616163,266.73614447941753,,,,108.00838230519041,0.28735632183908044,,,,0.0,,,,63.8,
TBI,2026-08-29,,,128.0,6.9,,,0.42105263157894735,1.0695915279878974,,16.8,7.916666666666666,18.3,,11.0,6.25,,,,,,0.5916666666666667,,,,0.0,,,,56.47,
TCL,2026-08-29,,,323.0,25.4,,,2.212328767123288,2.910284463894967,,13.1,4.513888888888888,13.1,,25.0,8.904109589041095,,,,,,1.1081081081081081,,,,0.0,,,,60.41,
TEAMTECH,2026-08-29,,,420.0,36.2,,,7.9245283018867925,,,42.3,17.91044776119403,41.2,,33.0,22.641509433962266,-22.99638954230636,,,,38.3827503644459,0.5151515151515151,,,,0.0,,,,59.67,
TECHD,2026-08-29,,,419.0,29.8,,,8.057692307692308,5.833333333333333,,29.9,16.470588235294116,40.9,,36.0,26.923076923076923,-72.87026991243984,,,,86.62555784086241,0.0,,,,0.0,,,,63.24,
TECHERA,2026-08-29,,,279.0,101.0,,,5.752577319587629,5.314465408805031,,5.41,2.7282576578351225,8.59,,17.15,5.711340206185566,,,,,,0.6123574144486693,,,,0.0,,,,36.89,
TECHKGREEN,2026-08-29,,,101.0,10.4,,,2.459215972729486,2.2459016393442623,,24.1,16.655196145905023,28.0,,36.23,23.569515461407352,,,,,,0.19213682807641047,,,,0.0,,,,65.58,
TECHLABS,2026-08-29,,,207.0,34.0,,,2.128753599341835,3.3057851239669422,,10.1,6.069393060693931,16.4,,13.29,6.242287124640066,-40.54383656622639,,41.90426751944758,,13.023594920129323,0.35812320459623365,,,,0.84,,,,68.0,
TECHNICHEM,2026-08-29,,,71.1,26.2,,,1.257072135785007,1.4731182795698925,,5.78,3.5402837433294287,6.11,,7.8,4.809052333804809,-38.62239196924674,,,,3.9735620451717857,0.37691670120182347,,,,0.0,,,,71.95,
TECHNOPACK,2026-08-29,,,12.9,10.7,,,1.5123094958968348,0.6071428571428571,,5.89,4.946852003270646,7.81,,35.99,14.1852286049238,-20.030452991141857,,62.12261661978984,,-9.531195640990575,0.1348155156102176,,,,0.0,,,,73.56,
TEJA,2026-08-29,,,166.0,26.6,,,2.143595041322314,,,39.6,12.13356629780625,33.1,,12.87,8.070764462809917,,,,,,1.004756871035941,,,,0.0,,,,67.17,
TEJASCARGO,2026-08-29,,,980.0,46.8,,,1.5580286168521462,5.067985166872682,,11.4,4.697986577181208,12.1,,17.0,3.338632750397456,,,,,,1.1398963730569949,,,,0.0,,,,74.71,
TELGE,2026-08-29,,,178.0,23.4,,,3.6497847037112976,4.0176600441501105,,22.0,13.243287761489045,23.7,,24.48,16.48554439204429,-33.05670499178305,,,,57.977178137627796,0.22599139990444342,,,,0.0,,,,72.16,
TGIF,2026-08-29,,,26.6,13.2,,,8.012048192771084,2.0934959349593494,,17.2,15.562403697996919,17.9,,59.64,60.8433734939759,,,,,,0.0,,,,0.0,,,,73.28,
TGL,2026-08-29,,,19.5,,,,0.1652542372881356,0.34249471458773784,,27.0,7.428571428571429,30.7,,21.0,11.016949152542372,,,,,,0.3157894736842105,,,,0.0,,,,63.37,
THESL,2026-08-29,,,22.3,18.0,,,0.9481292517006803,0.7606837606837608,,4.34,2.602308499475341,5.96,,9.86,5.272108843537415,-66.5114305276377,,,,2.020597397515833,0.3704210886682643,,,,0.0,,,,56.79,
THREEMPAPE,2026-08-29,,,48.7,7.35,,,0.1489296636085627,,,,,,,6.0,2.1406727828746175,,,,,,,,,,0.0,,,,70.13,
TIMESCAN,2026-08-29,,,27.6,4.43,,,0.0809384164222874,0.8494623655913979,,21.2,8.108108108108109,25.6,,3.0,1.7595307917888565,,,,,,0.24242424242424243,,,,0.0,,,,72.94,
TIMESGREEN,2026-08-29,,,46.0,209.0,,,2.087114337568058,1.0604113110539846,,0.57,0.31482541499713795,1.74,,3.4,0.9981851179673321,-19.585484828218835,,-3.6629485687158736,,2.3441036273719185,0.017750115260488704,,,,0.0,,,,39.75,
TIPCO,2026-08-29,,,502.0,19.8,,,3.462068965517241,,,38.0,13.440860215053762,36.2,,26.0,17.24137931034483,-83.17631040676332,,,,59.106711822667336,0.40594059405940597,,,,0.0,,,,57.79,
TIRUPATI,2026-08-29,,,329.0,116.0,,,1.6206896551724137,3.4611288604898824,,3.03,1.4285714285714286,6.82,,7.0,1.477832512315271,-31.885207730580657,,-9.878704763106471,,4.872379821950967,1.105263157894737,,,,0.0,,,,66.15,
TITAANIUM,2026-08-29,,,13.5,4.13,,0.16053262521529116,0.08881578947368421,0.5698005698005698,,14.8,4.545454545454546,15.9,,5.0,1.9736842105263157,25.726857668098525,,31.129456755301522,,-13.146924613601163,1.0416666666666667,,,,0.0,,,,67.36,
TLL,2026-08-29,,,319.0,15.2,,0.319101338564903,2.2624113475177303,3.174791914387634,,23.1,9.282700421940929,20.6,,22.0,15.602836879432624,47.63377072737796,,29.120844349908516,,46.33072790864601,0.73,,,,0.0,,,,62.59,
TRADEUNO,2026-08-29,,,206.0,11.3,,,1.4820143884892085,2.3421588594704685,,33.5,16.363636363636363,39.8,,19.0,12.949640287769784,,,,,,0.14772727272727273,,,,0.0,,,,69.02,
TRANSPACT,2026-08-29,,,3.32,36.9,,,18.444444444444443,6.128571428571428,,18.4,11.538461538461538,14.0,,66.67,50.0,,,,,-22.047573908216588,0.1111111111111111,,,,0.0,,,,16.16,
TRANSTEEL,2026-08-29,,,187.0,8.37,,,1.3453237410071943,1.3465346534653464,,19.0,7.612456747404845,21.0,,24.0,15.827338129496402,-59.88035821072921,,,,33.062066182722496,0.26865671641791045,,,,0.0,,,,37.81,
TRANSVOY,2026-08-29,,,23.4,13.5,,0.335892108481138,0.36077705827937095,0.9482758620689655,,10.4,3.4131031777167515,11.2,,9.88,2.682701202590194,40.191477141411,,,,70.48222282084382,0.7473684210526316,,,,0.0,,,,61.07,
TRANSWIND,2026-08-29,,,8.64,9.29,,0.6495783465020385,0.4020474639367148,0.4556451612903226,,5.26,2.6259541984732824,7.88,,5.82,4.001861330851559,14.301585097511937,,,,-3.84174171291386,0.23137876386687797,,,,0.0,,,,65.49,
TRAVELS,2026-08-29,,,22.4,7.36,,,1.9563318777292575,0.7894736842105263,,15.0,6.120509408857632,24.1,,66.46,28.12227074235808,-56.29567025506883,,,,58.97184290567845,0.7014872521246459,,,,0.0,,,,49.03,
TRIDHYA,2026-08-29,,,18.9,27.7,,,0.6830502349114563,0.43315508021390375,,1.57,0.38845726970033295,5.65,,11.2,1.7708709794000723,-46.27388172916247,,,,8.756757158338102,1.7473635946813388,,,,0.0,,,,61.74,
TROM,2026-08-29,,,49.1,7.1,,,0.3991869918699187,0.9143835616438356,,13.8,6.666666666666667,16.2,,9.0,5.691056910569105,-70.38814190971148,,-51.8186021542145,,72.41086201913652,0.6037735849056604,,,,0.0,,,,69.52,
TRUECOLORS,2026-08-29,,,374.0,12.0,,,1.2384105960264902,2.0026350461133067,,25.7,10.801393728222997,25.2,,15.0,10.264900662251655,-63.56495850272979,,,,55.062687951920395,0.24598930481283424,,,,0.0,,,,68.89,
TRUST,2026-08-29,,,68.0,8.64,,,1.590643274853801,0.5872689938398358,,6.98,5.998475609756098,10.2,,22.78,18.4093567251462,,,,,,0.0025857610756766076,,,,1.75,,,,69.01,
TSC,2026-08-29,,,65.3,17.7,,,2.2904244124868467,1.4563106796116505,,12.2,4.472125791300796,12.8,,23.47,15.363030515608559,-20.20887823514198,,,,45.268490220380286,0.41848552338530065,,,,0.0,,,,64.68,
TTC,2026-08-29,,,34.8,12.9,,,2.3721881390593045,2.453333333333333,,19.9,17.31879409878127,27.0,,25.02,18.404907975460123,-53.406275454353725,,,,45.32290553565754,0.0021156558533145273,,,,4.07,,,,58.67,
TUNWAL,2026-08-29,,,149.0,11.6,,,0.5379061371841155,1.18348623853211,,11.2,5.963302752293578,13.3,,7.0,4.693140794223827,,,,,,0.21428571428571427,,,,0.39,,,,63.9,
UCL,2026-08-29,,,354.0,,,,2.5467625899280577,7.083333333333333,,-0.42,-3.571428571428571,1.29,,0.2,-3.597122302158273,,,,,46.730604896580495,1.08,,,,0.0,,,,54.91,
UHMVL,2026-08-29,,,22.6,3.59,,0.41179656545613197,0.46454265159301134,,,25.5,15.345206147840937,29.7,,15.5,12.929085303186023,8.717896896550092,,,,33.51620644804865,0.013375571981696584,,,,0.0,,,,65.42,
UHTL,2026-08-29,,,273.0,54.5,,,3.745883644346872,4.311377245508982,,8.21,5.326953748006379,11.8,,14.35,6.874313940724479,,,,,1.5468309954014492,0.2974972453958759,,,,0.0,,,,67.74,
UMA,2026-08-29,,,38.6,12.2,,0.2816763764143696,0.15502008032128514,0.49222797927461137,,4.13,1.5706806282722512,7.19,,6.0,1.2048192771084338,43.31211639151724,,-12.433822101716952,,11.838958725252535,0.9615384615384616,,,,0.0,,,,69.45,
UML,2026-08-29,,,85.3,9.28,,0.3642605931871456,0.1020334928229665,1.7647058823529411,,29.5,5.421686746987952,31.0,,-4.0,1.076555023923445,25.476266644172043,,,,35.91081433741128,0.125,,,,0.0,,,,73.8,
UNIFIED,2026-08-29,,,740.0,18.2,,,2.5694444444444446,5.333333333333333,,34.5,20.812182741116754,45.2,,14.0,14.23611111111111,-90.08403758659612,,,,37.8266713165379,0.0,,,,2.99,,,,60.39,
UNIHEALTH,2026-08-29,,,1142.0,44.5,,,8.651515151515152,8.196347031963471,,21.5,18.11023622047244,24.5,,41.0,34.84848484848485,,,,,44.22495703074083,0.2391304347826087,,,,0.0,,,,69.53,
UNILEX,2026-08-29,,,34.9,4.26,,,0.24068965517241378,0.43986254295532645,,10.3,5.839416058394161,,,2.6,5.517241379310345,,,,,,0.3125,,,,0.0,,,,73.56,
UNISEM,2026-08-29,,,53.3,10.0,,0.8022585544220819,0.7605593607305936,1.6151202749140892,,24.9,6.392473766735014,26.8,,14.88,7.562785388127854,12.46480943690733,,,,21.637097550996852,0.5145454545454545,,,,0.0,,,,70.89,
UNISHIRE,2026-08-29,,,2.68,,,,1.2465116279069768,0.10679611650485438,,-0.08,1.0516826923076923,-0.04,,-3.26,16.279069767441857,91.29311827723892,,,,499.0726414895092,0.0,,,,0.0,,,,0.29,
URBAN,2026-08-29,,,121.0,8.13,,0.10772734388684076,0.6648351648351648,2.5925925925925926,,37.8,11.194029850746269,33.2,,17.0,8.241758241758241,75.46830457956837,,,,67.10993116548616,0.723404255319149,,,,0.0,,,,51.19,
USASEEDS,2026-08-29,,,94.2,12.6,,0.7702894755449875,0.8563636363636364,1.51869918699187,,12.8,5.833333333333333,11.0,,13.0,6.363636363636363,16.357486892944205,,19.538021742240662,,9.842783804893052,0.8709677419354839,,,,0.0,,,,71.15,
USHAFIN,2026-08-29,,,205.0,8.15,,,,0.893939393939394,,10.2,5.813953488372093,13.5,,,,-1.287937285322771,,,,,,,,,0.0,,,,74.97,
UTKAL,2026-08-29,,,99.6,13.6,,,1.8017366136034731,,,28.9,14.661578630247037,27.0,,19.46,13.205499276410999,-2.603421749290036,,,,6.394321570569539,0.5637746284134116,,,,0.0,,,,,
UTSSAV,2026-08-29,,,1099.0,18.6,,1.4475468576303159,0.9515151515151515,5.548780487804878,,36.4,14.460784313725492,28.8,,8.0,5.108225108225108,12.849324981747978,,44.66845040496934,,69.3044379659866,0.9393939393939394,,,,0.0,,,,72.55,
UWCSL,2026-08-29,,,52.4,15.8,,1.1170529166217178,0.8116480793060719,2.0954356846473026,,14.1,7.001265288907634,18.2,,9.74,5.142503097893432,14.144361260685523,,29.525872376025617,,13.350105880601504,0.10885167464114834,,,,0.5,,,,74.13,
VAHH,2026-08-29,,,45.1,9.38,,,1.045191193511008,,,44.2,11.602461819010713,36.9,,19.35,11.796060254924681,,,,,,0.7585513078470825,,,,0.0,,,,64.63,
VALENCIA,2026-08-29,,,108.0,99.2,,,13.705583756345177,2.369565217391304,,2.77,1.8458933107535986,2.56,,2.03,13.83248730964467,,,,,,0.35861578573121594,,,,0.0,,,,64.18,
VALINDIA,2026-08-29,,,25.4,11.5,,,2.8443449048152294,0.4482758620689655,,6.48,3.106467099689354,9.23,,51.62,24.636058230683094,-85.5489448249098,,,,19.52257013082692,0.2143994339288873,,,,0.0,,,,60.0,
VALPLAST,2026-08-29,,,70.7,11.6,,,1.1188479189745213,,,22.4,8.079873049457815,24.7,,20.62,9.669251463839217,,,,,,0.7432432432432433,,,,2.78,,,,63.68,
VALUE360,2026-08-29,,,117.0,11.8,,,1.6956521739130435,,,31.6,12.987012987012985,38.6,,27.0,14.492753623188406,-80.96457587675131,,,,10.60114886613992,0.5135135135135135,,,,0.0,,,,59.51,
VANDAN,2026-08-29,,,19.1,14.5,,,0.07346153846153847,0.3979057591623037,,4.1,0.8403361344537815,6.71,,2.0,0.38461538461538464,-67.77591832354155,,,,178.78155357897313,0.5208333333333334,,,,0.0,,,,66.42,
VANDU,2026-08-29,,,115.0,11.0,,,0.6609195402298851,1.5542168674698795,,14.2,7.4324324324324325,,,11.0,6.321839080459771,,,,,,0.5,,,,0.0,,,,38.11,
VANTABIO,2026-08-29,,,14.0,127.0,,,7.692307692307692,0.6577181208053692,,0.7,0.16641452344931923,1.19,,56.04,6.043956043956044,,,-26.723185380533444,,-32.162847315307005,1.7987718469532354,,,,0.0,,,,72.81,
VARYAA,2026-08-29,,,12.2,23.4,,,0.34926996850844544,0.503968253968254,,2.18,1.7567567567567568,5.07,,3.69,1.4886916690523906,-72.54502454002285,,,,88.32109277204643,0.179296066252588,,,,0.0,,,,71.98,
VASA,2026-08-29,,,2.55,,,,,-0.14214046822742477,,,-1.543739279588336,-1.93,,-157.62,,,,,,,-1.2591973244147159,,,,0.0,,,,61.69,
VASHISHTHA,2026-08-29,,,15.6,7.74,,,1.092436974789916,1.026438569206843,,19.7,11.33032694475761,27.0,,16.95,14.07563025210084,,,,,,0.0,,,,0.0,,,,66.09,
VDEAL,2026-08-29,,,78.5,18.9,,,1.7401906450897806,2.6272577996715927,,15.0,6.490872210953347,17.2,,16.98,9.221902017291066,-71.53900542852007,,-35.65942212947246,,22.76645309306766,0.6855704697986577,,,,0.0,,,,67.0,
VEDANTASSET,2026-08-29,,,19.8,59.9,,,5.641025641025641,3.5098039215686274,,5.27,4.1358936484490405,7.31,,4.84,7.9772079772079785,,,,,,0.0036697247706422025,,,,0.0,,,,73.16,
VEEFIN,2026-08-29,,,603.0,26.5,,0.4695596114587212,1.7478260869565216,1.0085470085470085,,4.35,3.1840796019900495,9.85,,22.0,9.27536231884058,56.435858948080764,,,,191.00270086752582,0.16946308724832215,,,,0.0,,,,34.73,
VEEKAYEM,2026-08-29,,,60.5,6.04,,,0.16575342465753426,0.7518248175182481,,12.4,3.436426116838488,,,8.0,2.73972602739726,,,,,,1.6296296296296295,,,,0.0,,,,73.61,
VEERKRUPA,2026-08-29,,,6.42,37.8,,,0.10809900656676208,0.47115384615384615,,1.25,0.7808911345888838,0.55,,0.24,0.28624347533254757,,,,,46.72985622902823,0.5825385179750551,,,,0.0,,,,26.77,
VELS,2026-08-29,,,94.2,,,,47.1,1.5565031982942432,,-36.4,-11.442786069651742,-12.4,,-972.0,-1150.0,,,,,-67.81702051314566,0.9344262295081968,,,,0.0,,,,74.33,
VERA,2026-08-29,,,42.6,12.1,,0.49048606072375106,0.8420636489424788,1.6052141527001862,,14.3,11.615663047054952,19.1,,11.01,6.977663569875468,24.669406470278666,,13.656149397218043,,7.520206563861054,0.001132502831257078,,,,0.0,,,,68.66,
VERITAAS,2026-08-29,,,8.88,4.96,,,0.6020338983050848,0.6514522821576763,,14.1,6.6443949517446175,17.2,,23.12,12.135593220338983,-48.994809868098024,,-49.85682234509377,,23.926287408362825,0.6116005873715125,,,,0.0,,,,67.14,
VERTEXPLUS,2026-08-29,,,28.2,,,,1.2450331125827816,1.4519774011299436,,-21.4,-13.243707093821511,-12.8,,-14.79,-20.44150110375276,,,,,2.3264108093813185,0.63659793814433,,,,0.0,,,,73.0,
VGINFOTECH,2026-08-29,,,369.0,22.5,,0.16344725219135894,5.765625,,,48.0,13.675213675213676,34.3,,49.0,25.0,137.65909000206196,,,,15.073916532957599,0.8863636363636364,,,,0.67,,,,65.0,
VIAZ,2026-08-29,,,100.0,19.0,,,0.9259259259259259,1.6355140186915889,,10.8,5.681818181818182,13.0,,9.0,4.62962962962963,,,,,,0.32786885245901637,,,,0.0,,,,69.89,
VICTORYEV,2026-08-29,,,38.5,17.9,,,1.2001246882793017,0.8205128205128205,,6.95,3.9391718578233785,10.5,,12.0,6.701995012468828,-38.733037804558364,,,,-14.557762708925893,0.039157267503724204,,,,0.0,,,,63.33,
VIESL,2026-08-29,,,866.0,27.9,,,1.9548532731376975,5.254491017964072,,33.1,6.538461538461539,19.6,,27.0,7.674943566591422,,,,,,1.690909090909091,,,,0.14,,,,69.69,
VIGOR,2026-08-29,,,104.0,15.8,,,2.2817025010969725,2.8939828080229226,,40.0,8.567648031756532,,,26.7,11.364633611232996,,,,,,0.18146611341632088,,,,0.0,,,,70.05,
VIJAYPD,2026-08-29,,,142.0,28.4,,,1.42,,,,,,,4.7,5.0,,,,,,,,,,0.0,,,,56.43,
VILAS,2026-08-29,,,884.0,22.3,,,1.9175704989154012,2.6940298507462686,,12.8,9.852216748768473,16.1,,11.0,8.676789587852495,-37.866626169503135,,-1.501686648117484,,17.662524814932446,0.11890243902439024,,,,0.0,,,,73.14,
VILINBIO,2026-08-29,,,68.2,35.3,,133.78637988330513,1.6138192143871275,2.403225806451613,,7.51,5.523755008586148,10.8,,7.57,4.566966398485565,0.26385346573238877,,28.6767976087104,,50.854109870738974,0.007402185407120198,,,,0.0,,,,56.65,
VINSYS,2026-08-29,,,891.0,30.0,,2.853180638909241,3.324626865671642,5.490909090909091,,20.3,12.345679012345679,21.3,,16.0,11.194029850746269,10.514581373112385,,42.07389251121325,,41.29834104426682,0.32098765432098764,,,,0.0,,,,64.74,
VINYAS,2026-08-29,,,1981.0,64.2,,,3.8540856031128405,8.417112299465241,,13.1,6.623931623931624,,,12.0,6.031128404669261,,,,,,0.5508474576271186,,,,0.0,,,,29.4,
VISAMAN,2026-08-29,,,159.0,26.2,,,0.6385542168674698,1.927007299270073,,7.35,3.571428571428571,,,6.0,2.4096385542168677,,,,,,0.9634146341463414,,,,0.0,,,,56.56,
VISDEM,2026-08-29,,,91.0,11.7,,3.2093894883646255,0.8666666666666667,1.8972162740899354,,17.6,8.0,19.1,,16.0,7.6190476190476195,3.6455531628109883,,-21.689646328772373,,20.507113208761506,0.7291666666666666,,,,0.0,,,,72.28,
VISHNUINFR,2026-08-29,,,402.0,9.51,,,1.1043956043956045,1.716500553709856,,18.1,11.444141689373296,19.9,,16.0,11.538461538461538,-2.606142546256529,,11.371096207496478,,40.23050051910957,0.2777777777777778,,,,0.65,,,,59.06,
VISHWAS,2026-08-29,,,43.0,20.1,,,0.37719298245614036,0.8285163776493256,,4.21,1.7699115044247788,7.01,,8.0,1.7543859649122806,-34.85352259384773,,-37.91521840275129,,21.858202395720227,0.9230769230769231,,,,0.0,,,,70.16,
VIVAA,2026-08-29,,,48.8,55.5,,6.398005996048399,0.1712280701754386,2.175438596491228,,3.98,1.0204081632653061,5.22,,0.5,0.3508771929824561,8.674577678463958,,,,28.60169336757188,0.18181818181818182,,,,0.0,,,,30.11,
VIVIDEL,2026-08-29,,,1336.0,42.3,,0.4409387349650155,6.68,,,54.9,16.41025641025641,58.6,,23.0,16.0,95.93169446398515,,17.027639347523895,,50.219390199821824,0.4520547945205479,,,,0.0,,,,73.53,
VIVO,2026-08-29,,,32.2,,,,9.907692307692308,2.807017543859649,,-8.06,-7.060755336617405,-8.06,,-39.38,-26.46153846153846,,,,,-24.25965929802736,0.0,,,,0.0,,,,73.4,
VLINFRA,2026-08-29,,,43.5,5.17,,0.2362123535435824,0.29,0.865625,,18.3,7.547169811320755,22.4,,11.0,5.333333333333334,21.887085592439636,,12.08420925146676,,48.28975322639244,0.5490196078431373,,,,0.0,,,,65.7,
VMARCIND,2026-08-29,,,5509.0,47.3,,,3.065664997217585,18.98989898989899,,41.2,9.658536585365853,41.3,,11.0,5.509181969949917,,,,,,0.740484429065744,,,,0.0,,,,64.87,
VMOBILE,2026-08-29,,,40.0,6.98,,,0.5562508691419831,,,76.6,19.095143047238857,69.4,,11.14,7.982199972187458,,,,,,0.6506256015399422,,,,0.0,,,,64.86,
VOLERCAR,2026-08-29,,,261.0,79.0,,,4.7714808043875685,6.446280991735538,,8.95,7.125890736342042,12.0,,3.42,6.03290676416819,-82.61894678374084,,-45.70110619895268,,20.969610500341986,0.0,,,,0.0,,,,67.87,
VPAL,2026-08-29,,,382.0,31.6,,,2.7092198581560285,,,59.4,35.294117647058826,65.7,,12.0,8.51063829787234,-61.486708698135594,,,,102.42154271643935,0.14814814814814814,,,,0.0,,,,69.55,
VPL,2026-08-29,,,21.0,11.9,,0.1351333006113903,0.500595947556615,0.7296137339055794,,6.72,3.902976846747519,9.06,,8.15,4.219308700834326,88.06119547262028,,,,185.11351005385382,0.38786828422876946,,,,0.0,,,,58.63,
VR,2026-08-29,,,104.0,26.6,,5.044891989442744,1.3970983342289092,2.5827814569536427,,10.2,5.254267425320057,19.2,,15.13,7.939279957012359,5.272659960939663,,31.771995310421364,,60.394674209944974,0.7886097985575727,,,,0.0,,,,72.97,
VRUDDHI,2026-08-29,,,49.4,16.1,,,1.1488372093023256,4.288840262582057,,30.8,14.821944177093357,29.9,,12.63,7.162790697674419,-53.12892347841316,,,,48.72967285425764,0.5481352992194276,,,,0.0,,,,72.05,
VSCL,2026-08-29,,,34.6,,,,0.7557885539536916,-6.676300578034683,,,-4.230074800103172,-2.05,,1.31,-3.582350371341197,,,,,1.5775467010486377,-7.1877828054298645,,,,0.0,,,,71.73,
VVIPIL,2026-08-29,,,350.0,11.6,,,1.0115606936416186,1.5267175572519083,,14.0,5.0588235294117645,18.9,,21.0,12.427745664739884,-62.280423817939834,,,,18.29778260968895,0.834061135371179,,,,0.0,,,,68.57,
WAA,2026-08-29,,,61.0,93.9,,,2.19661505221462,0.33093525179856115,,0.35,0.15776699029126215,3.28,,55.78,2.3406553835073822,-59.579899260015836,,-30.62879344462224,,-17.098297087678414,0.964740291393598,,,,0.0,,,,67.86,
WAAREE,2026-08-29,,,232.0,,,,32.53856942496494,-37.985865724381625,,,-23.49634626194491,-32.2,,-49.79,-58.62552594670406,,,,,-37.63885702474121,-3.4679802955665027,,,,0.0,,,,58.8,
WALPAR,2026-08-29,,,25.4,10.3,,0.17355169617449687,0.3223759360324914,1.3432835820895521,,13.9,4.54063871651279,14.8,,8.45,3.8075897956593474,59.34831077446749,,64.2504671912721,,30.884970999673868,0.8873015873015874,,,,0.0,,,,68.82,
WEBSL,2026-08-29,,,,,,,,,,5.97,5.5762081784386615,7.3,,6.01,19.313304721030043,12.787776387601735,,85.56007362580844,,4.530232860064776,0.0,,,,,,,,21.91,
WHITEFORCE,2026-08-29,,,52.8,8.53,,,0.4844036697247706,1.253443526170799,,22.7,9.836065573770492,18.6,,7.0,5.5045871559633035,-85.77721212952842,,,,27.16966955102107,0.16666666666666666,,,,0.0,,,,60.9,
WINNY,2026-08-29,,,6.95,,,,3.088888888888889,-16.161616161616163,,-231.0,-132.4267782426778,-98.2,,-210.67,-281.33333333333337,,,,,-42.39387199783202,-9.534883720930228,,,,0.0,,,,58.51,
WINSOL,2026-08-29,,,136.0,9.42,,,0.9927007299270073,2.1299638989169676,,25.5,8.860759493670885,24.5,,18.0,10.218978102189782,-83.1032970659216,,,,28.21408484434409,1.0625,,,,0.0,,,,73.73,
WOL3D,2026-08-29,,,92.9,13.9,,1.580770856925189,0.9508700102354146,2.1621621621621623,,16.9,9.32606263982103,20.6,,9.0,6.827021494370522,8.79317830228561,,,,61.23182261002877,0.27939464493597205,,,,0.0,,,,64.73,
WOMANCART,2026-08-29,,,96.2,11.8,,,0.7179104477611941,0.9596774193548387,,8.27,5.0,12.6,,13.0,5.970149253731343,,,,,137.5207738061588,0.24,,,,0.0,,,,42.8,
WORKMATES,2026-08-29,,,429.0,26.9,,,2.9791666666666665,4.86090775988287,,28.6,14.814814814814813,36.7,,15.0,11.11111111111111,-81.21984144591265,,,,70.60358959716706,0.0,,,,0.6,,,,72.03,
WOSAL,2026-08-29,,,9.8,3.59,,,0.4832347140039448,0.5292207792207793,,21.8,12.198391420911529,26.7,,22.14,13.461538461538462,-78.39200621026635,,,,25.950714676065555,0.11332973556395035,,,,0.0,,,,70.09,
WTICAB,2026-08-29,,,256.0,8.68,,,0.309552599758162,1.264775413711584,,15.8,5.811623246492986,16.3,,11.0,3.506650544135429,-27.643169934182954,,15.473057839408488,,49.000765727338205,0.7277227722772277,,,,0.0,,,,69.25,
YAAP,2026-08-29,,,272.0,14.7,,,1.4702702702702704,2.50965250965251,,28.2,10.185185185185185,30.9,,15.0,11.891891891891893,-19.312555107581876,,,,40.291806828037146,0.29357798165137616,,,,0.0,,,,59.02,
YAASHVI,2026-08-29,,,147.0,8.02,,0.16815459852393344,0.328125,,,75.7,25.352112676056336,45.6,,7.0,4.017857142857143,47.694205632196926,,,,33.09900361782048,1.7916666666666667,,,,0.0,,,,66.01,
YAJUR,2026-08-29,,,87.4,11.6,,,0.8653465346534654,0.5362116991643454,,7.09,3.4482758620689653,9.12,,15.0,7.920792079207921,-38.63881022574066,,,,17.663897020663555,0.2822085889570552,,,,0.0,,,,69.82,
YASHHTEJ,2026-08-29,,,132.0,10.5,,,0.49070631970260226,1.163265306122449,,18.9,5.579399141630901,15.0,,7.0,4.83271375464684,,,,,181.96184562795526,0.8495575221238938,,,,0.0,,,,64.99,
YASHHV,2026-08-29,,,2947.0,75.7,,,12.540425531914893,15.310559006211179,,23.5,14.015151515151514,28.6,,24.0,15.74468085106383,,,,,,0.20652173913043478,,,,0.14,,,,54.79,
YASHOPTICS,2026-08-29,,,290.0,32.1,,,5.371365067605112,2.9104477611940296,,9.53,7.844326948080091,12.8,,27.3,16.762363400629745,-92.3111904017137,,-67.8339746527866,,10.791797098674216,0.045545948119847184,,,,0.0,,,,73.19,
YCCL,2026-08-29,,,18.6,19.8,,,0.19210906837430286,0.4488372093023256,,2.29,1.383777417930222,5.26,,-0.61,0.9708737864077671,-41.27898262805112,,,,38.088384709537195,0.3217035611164581,,,,0.0,,,,51.47,
YUDIZ,2026-08-29,,,24.6,37.9,,,1.1310344827586207,0.7020648967551623,,1.58,-0.4863066291272076,2.54,,-0.78,-0.8735632183908046,,,,,19.423406388561993,0.0005724098454493418,,,,0.0,,,,73.67,
YUG,2026-08-29,,,38.0,475.0,,,0.9806451612903225,2.238095238095238,,0.56,0.21990104452996154,5.72,,5.21,0.2064516129032258,-58.508673331687824,,-6.508012385152984,,7.849449546783527,0.7874852420306965,,,,0.0,,,,59.86,
ZAPPFRESH,2026-08-29,,,159.0,10.9,,,0.7194570135746606,1.3711538461538462,,12.5,7.216494845360824,,,14.0,6.334841628959276,,,,,,0.5517241379310345,,,,0.0,,,,28.16,
ZEAL,2026-08-29,,,83.2,7.46,,,0.2909090909090909,0.9005763688760806,,12.8,7.6923076923076925,16.6,,6.0,3.8461538461538463,-5.971141863670571,,-23.183109228396326,,36.683472433576725,0.21739130434782608,,,,0.0,,,,73.4,
ZELIO,2026-08-29,,,1865.0,65.7,,,5.996784565916399,16.736242884250473,,25.5,18.064516129032256,,,11.0,9.003215434083602,,,,,,0.18018018018018017,,,,0.0,,,,72.77,
ZENITHDRUG,2026-08-29,,,76.0,7.24,,,0.5801526717557252,1.2231404958677687,,26.3,7.4074074074074066,27.1,,13.0,7.633587786259542,,,,,,0.4032258064516129,,,,0.0,,,,69.98,
ZINEMA,2026-08-29,,,12.1,23.7,,,2.5854700854700856,0.821256038647343,,4.3,2.2280471821756227,4.59,,6.62,10.8974358974359,,,,,,0.4204081632653061,,,,0.29,,,,20.87,
ZTECH,2026-08-29,,,699.0,34.7,,,7.4361702127659575,3.9831932773109244,,20.9,9.66183574879227,28.2,,30.0,21.27659574468085,,,,,44.74005053526513,0.011695906432748537,,,,0.0,,,,53.54,
