ticker,as_of,sector,industry,market_cap,pe,forward_pe,peg,ps,pb,pfcf,roe,roa,roi,gross_margin,oper_margin,net_margin,eps_growth,eps_growth_next_y,eps_growth_5y,eps_growth_past5y,sales_growth,debt_equity,lt_debt_equity,current_ratio,quick_ratio,dividend_yield,insider_own,inst_own,short_float,promoter_holding,pledged_pct
20MICRONS,2026-10-03,,,731.0,10.8,,1.6588574917046335,0.768664563617245,1.510948905109489,,14.5,9.006622516556291,17.3,,13.0,7.150368033648791,6.510505003598577,,14.397104082317004,,6.967825186081611,0.32231404958677684,,,,0.6,,,,45.04,
21STCENMGM,2026-10-03,,,39.9,,,,,1.2063492063492063,,-57.2,-42.5,-57.0,,162.0,154.54545454545453,,,,,,0.0,,,,0.0,,,,64.43,
360ONE,2026-10-03,Financial Services,,42423.0,33.6,,2.9080253308776864,9.180480415494483,4.297520661157025,,14.4,4.6398764660465455,12.1,,62.0,27.310106037654187,11.554232228733374,,13.828004431662011,,16.520266837828657,1.6196624644164295,,,,1.15,,,,6.2,
3BBLACKBIO,2026-10-03,,,1413.0,25.4,,1.267146290305447,9.235294117647058,4.357142857142857,,19.8,14.814814814814813,25.5,,35.0,36.60130718954248,20.045041519142437,,8.569952266118186,,27.39525047802285,0.009230769230769232,,,,0.3,,,,40.95,
3MINDIA,2026-10-03,Diversified,,34706.0,56.8,,1.8325748775225612,8.290969899665551,16.156873032528857,,30.5,18.811576354679804,40.5,,19.0,14.596273291925465,30.994640762939696,,13.668517088739375,,7.859332268287411,0.008383791336748951,,,,0.52,,,,75.0,
3PLAND,2026-10-03,,,56.0,24.7,,3.2285116796919344,11.642411642411643,0.5352839931153184,,1.78,2.0210113960113962,2.38,,64.86,47.19334719334719,7.650584061804255,,14.50860244617913,,10.551598391641592,0.0,,,,0.0,,,,73.3,
5PAISA,2026-10-03,,,1483.0,33.6,,,4.493939393939394,2.289855072463768,,7.04,2.3072889355007864,9.94,,31.0,13.333333333333334,-6.751040897088812,,24.758866337639972,,-5.817051709308241,0.5839753466872111,,,,0.0,,,,36.5,
63MOONS,2026-10-03,,,3697.0,,,,11.625786163522013,1.0402075226977952,,-1.98,-2.548918640576725,-3.7,,-94.0,-31.132075471698112,,,,,-4.8372644152035456,0.0014076576576576576,,,,0.25,,,,45.63,
A2ZINFRA,2026-10-03,,,255.0,60.4,,,0.7005494505494505,5.124555160142349,,10.4,1.0845986984815619,13.1,,0.7,1.3736263736263736,,,,,-2.1058921832264765,1.9795918367346939,,,,0.0,,,,27.92,
AAATECH,2026-10-03,,,119.0,57.2,,,6.143520908621579,3.8464730290456433,,6.67,6.372549019607843,8.96,,8.0,10.738255033557047,-13.465025781555495,,-2.4083220901683244,,-1.3725584894846543,0.0,,,,1.08,,,,34.38,
AADHARHFC,2026-10-03,Financial Services,,19658.0,17.0,,1.4955149917377013,,2.5895953757225434,,15.9,4.164385561516844,11.4,,,,11.367321687793307,,18.406317602248624,,,,,,,0.0,,,,64.66,
AAKASH,2026-10-03,,,84.4,16.6,,,0.8194174757281554,1.4111675126903553,,11.2,5.747126436781609,12.6,,14.0,4.854368932038835,,,,,,0.23333333333333334,,,,0.0,,,,66.54,
AAREYDRUGS,2026-10-03,,,331.0,79.4,,,0.7975903614457831,1.9622641509433962,,2.75,1.3468013468013467,5.58,,1.6,0.9638554216867471,-4.162909363537293,,-10.640747797222861,,1.574408879883249,0.3333333333333333,,,,0.0,,,,42.79,
AARON,2026-10-03,,,258.0,31.1,,3.365514019965275,2.6540479374549943,5.301724137931035,,15.0,9.091906119763104,18.7,,19.52,8.527929225388334,9.240787533644234,,16.38180096232855,,15.415088017007017,0.5705470999588645,,,,0.41,,,,73.07,
AARTIDRUGS,2026-10-03,Healthcare,,3842.0,19.9,,5.0347498790972285,1.4346527259148618,2.476470588235294,,13.4,6.785079928952042,12.0,,12.0,7.132188200149366,3.952530011991029,,-1.0988635160692817,,1.9265319928296831,0.3724983860555197,,,,0.48,,,,54.43,
AARTIIND,2026-10-03,Chemicals,,16871.0,32.3,,3.8401713844504455,1.8724750277469477,2.8353658536585367,,7.13,3.992481203007519,6.86,,15.0,5.893451720310766,8.411082935201431,,-14.852459754172752,,12.246393337593586,0.8339210747271201,,,,0.22,,,,41.82,
AARTIPHARM,2026-10-03,Healthcare,,8782.0,40.8,,,4.460132046724225,4.136752136752137,,8.59,6.117174037909248,10.7,,22.0,10.817673946165566,-0.5884961829437207,,,,2.044616751083228,0.3549905838041431,,,,0.36,,,,42.86,
AARVI,2026-10-03,,,204.0,10.3,,0.5289298496695735,0.30402384500745155,1.4285714285714284,,13.5,8.016877637130802,14.7,,3.3,2.8315946348733236,19.47328177155154,,9.896412921346087,,18.231217606167682,0.19014084507042253,,,,1.46,,,,73.36,
AASTHA,2026-10-03,,,286.0,11.7,,0.06872409475517849,0.6455981941309256,,,16.8,7.0588235294117645,19.0,,12.0,5.417607223476298,170.24596746861306,,41.545956146810845,,22.83871794035257,0.6645962732919255,,,,0.15,,,,53.21,
AAVAS,2026-10-03,Financial Services,,9443.0,19.2,,1.0109977850085612,,2.49685534591195,,13.9,2.9723348870997035,9.91,,,,18.99113953037732,,22.429917138052357,,,,,,,0.0,,,,48.88,
ABANSENT,2026-10-03,,,193.0,6.02,,0.11776340825525672,0.013385116859699009,0.8903225806451613,,1.84,8.16326530612245,4.92,,0.2,0.22192939871003536,51.11944439440321,,2.944805108216242,,101.17415858004617,0.7453703703703703,,,,0.0,,,,74.56,
ABB,2026-10-03,Capital Goods,,146217.0,94.9,,0.5368297211667155,10.849373005861839,15.646258503401361,,22.4,18.988307066598882,29.9,,14.0,22.171106329301775,176.7785878057379,,,,20.996899403352053,0.015526287611093264,,,,0.57,,,,75.0,
ABBOTINDIA,2026-10-03,Healthcare,,57035.0,35.3,,3.4064737991986056,8.143203883495145,11.94481530930129,,34.4,24.838511227314672,44.8,,28.0,23.058252427184467,10.362621901951673,,15.117531950269214,,6.1911128302977625,0.03602848764139087,,,,1.96,,,,74.99,
ABCAPITAL,2026-10-03,Financial Services,,102681.0,25.5,,4.687152184718932,,2.8625954198473282,,12.0,1.2296770418490235,8.72,,,,5.440403681180905,,16.32916935589739,,,,,,,0.0,,,,68.81,
ABCOTS,2026-10-03,,,417.0,29.9,,,1.2522522522522523,2.7220630372492836,,9.82,4.472843450479233,9.82,,12.0,4.2042042042042045,-0.7740248420580853,,,,9.16114676619959,0.9607843137254902,,,,0.0,,,,52.5,
ABDL,2026-10-03,Fast Moving Consumer Goods,,19005.0,85.2,,0.22230630107103702,4.776325709977381,11.43097643097643,,14.3,5.044439106413644,18.4,,14.0,5.277707966825836,383.2549936260003,,165.39648595119436,,6.136201467767766,0.6921226698737222,,,,0.79,,,,80.91,
ABFRL,2026-10-03,Consumer Services,,5435.0,,,,0.649265320750209,0.9309623430962344,,-13.6,-4.857717734981317,-3.76,,8.0,-10.094373432086968,,,,,9.129294502383022,1.0597602739726026,,,,0.0,,,,46.61,
ABLBL,2026-10-03,Consumer Services,,9086.0,42.6,,,1.05638879200093,6.413793103448277,,14.9,2.0183486238532113,15.0,,16.0,2.046273689105918,,,,,,2.1358811040339702,,,,0.67,,,,46.6,
ABMKNO,2026-10-03,,,336.0,39.8,,,3.2,1.3884297520661157,,3.96,3.508771929824561,6.54,,14.0,9.523809523809524,-16.46702256710978,,-10.45492691340737,,4.885624628838681,0.0,,,,0.74,,,,66.93,
ABREL,2026-10-03,Realty,,12292.0,,,,27.315555555555555,3.323262839879154,,-2.64,-0.6029753373202195,-4.48,,-86.0,-27.111111111111114,,,,,-25.787841247695063,1.5228316671169955,,,,0.23,,,,50.21,
ABSLAMC,2026-10-03,Financial Services,,28697.0,28.4,,3.2347539876124243,15.420204191295003,7.085714285714285,,25.2,22.808607021517556,32.2,,59.0,54.11069317571199,8.779647574053095,,8.341743887593633,,4.388908823408166,0.015837663944568176,,,,2.57,,,,74.72,
ACC,2026-10-03,Construction Materials,,22211.0,11.7,,,0.8730052668815345,1.0813528336380256,,10.9,6.935513169845595,11.2,,10.0,7.503340932316642,-6.498639294225617,,0.4851398669555973,,8.427012065230134,0.02087489659870566,,,,0.63,,,,56.69,
ACCELYA,2026-10-03,,,1633.0,15.7,,,3.069548872180451,6.511904761904762,,39.3,25.333333333333336,49.4,,33.0,17.857142857142858,-9.037080813184406,,17.715868166249837,,4.290863471248563,0.064,,,,7.31,,,,74.66,
ACE,2026-10-03,Capital Goods,,14436.0,33.0,,3.300778667202089,4.22847100175747,7.171597633136095,,22.8,13.44201784066441,31.6,,16.0,12.800234329232572,9.997640959056643,,32.98178200879358,,5.42039920107682,0.003978120338140228,,,,0.16,,,,65.42,
ACEINTEG,2026-10-03,,,17.5,,,,2.046783625730994,0.994186046511628,,-8.59,-8.566721581548599,-11.3,,-28.07,-18.24561403508772,,,,,,0.007981755986316992,,,,0.0,,,,73.53,
ACGL,2026-10-03,,,988.0,16.3,,1.1018398485004601,1.0669546436285098,3.201183431952663,,25.7,12.636165577342048,29.6,,8.0,6.263498920086392,14.793438467653308,,75.96902553254672,,16.609172428977082,0.032467532467532464,,,,1.69,,,,48.98,
ACI,2026-10-03,Chemicals,,5865.0,60.6,,,5.255376344086022,3.0254777070063694,,5.42,3.602251407129456,7.41,,20.0,8.60215053763441,-32.78445828781133,,-16.672371985529544,,-5.679914766046523,0.2408268733850129,,,,0.53,,,,53.43,
ACL,2026-10-03,,,363.0,,,,0.7484536082474227,4.486301369863013,,-64.0,-5.140845070422535,-6.01,,2.7,-15.051546391752577,,,,,21.86219081592389,13.91358024691358,,,,0.0,,,,75.0,
ACMESOLAR,2026-10-03,Power,,30576.0,51.4,,,12.90126582278481,5.18562874251497,,10.4,2.1389234322259725,8.91,,87.0,25.400843881856538,-47.970532165017275,,9.637881621955646,,21.57226745048866,3.931238885595732,,,,0.05,,,,71.4,
ACUTAAS,2026-10-03,Healthcare,,26170.0,67.8,,0.6706214346701752,17.90013679890561,15.821782178217822,,24.0,19.506048387096776,31.6,,37.0,26.47058823529412,101.10025790235197,,36.73186725741617,,26.80685717711424,0.02176541717049577,,,,0.08,,,,32.66,
ADANIENSOL,2026-10-03,Power,,162213.0,55.6,,1.6568512627345997,5.321948818897638,6.254716981132075,,9.44,3.3312849704065464,9.65,,30.0,10.137795275590552,33.55762901024279,,17.283908616583044,,22.435659714693855,1.9340071577457034,,,,0.0,,,,73.39,
ADANIENT,2026-10-03,Metals & Mining,,381234.0,161.0,,5.008870354375209,3.421256203390439,4.492822966507177,,-3.38,2.8800006133370135,5.8,,14.0,6.742288950112625,32.142976082295235,,56.17892662959012,,4.9409034755576675,1.3175246521513482,,,,0.05,,,,71.97,
ADANIGREEN,2026-10-03,Power,,210196.0,108.0,,6.75394534787196,15.502323180175528,10.545454545454545,,11.4,1.500825244076426,7.39,,86.0,15.827125894239988,15.990653527279242,,28.178983690980598,,13.71879432904224,5.186326070623592,,,,0.0,,,,62.43,
ADANIPORTS,2026-10-03,Services,,400382.0,30.1,,1.9467005916432718,9.903091763541925,4.177884615384615,,16.4,7.166068629539211,14.1,,58.0,32.453623546871135,15.462059306506726,,20.10205574397077,,14.81656011383603,0.6624287456101043,,,,0.43,,,,66.03,
ADANIPOWER,2026-10-03,Power,,378385.0,26.5,,,6.409719987125845,5.816023738872403,,21.1,10.272921982907917,17.2,,37.0,24.618433757389933,-11.880188194987051,,23.714570460228934,,5.445710621201649,0.8418929115912346,,,,0.0,,,,74.96,
ADDIND,2026-10-03,,,82.5,34.2,,,11.442441054091539,1.0105820105820107,,2.93,2.8615530752790312,4.37,,-23.16,33.42579750346741,-19.963450111538016,,-42.272852691571394,,,0.0,,,,0.0,,,,74.27,
ADFFOODS,2026-10-03,,,3092.0,32.0,,4.63207533964578,4.306406685236769,5.393474088291747,,17.7,12.415654520917679,21.8,,19.0,12.813370473537605,6.908350502443916,,12.767137012376306,,11.354310602534223,0.09615384615384616,,,,0.43,,,,36.14,
ADL,2026-10-03,,,40.4,,,,1.0366948935078266,,,-2.15,-1.288936627282492,,,4.59,-2.771362586605081,,,,,,0.4286568353925867,,,,0.0,,,,72.97,
ADOR,2026-10-03,,,2733.0,23.6,,27.516256361853674,2.2813021702838063,4.921630094043887,,15.8,13.701923076923078,22.8,,13.0,9.515859766277128,0.8576748119238031,,,,3.70925445796797,0.005415162454873646,,,,1.46,,,,53.76,
ADROITINFO,2026-10-03,,,76.2,21.2,,3.1177088780990725,1.415041782729805,0.972027972027972,,4.34,3.1449288023062816,6.54,,9.06,6.685236768802229,6.799865166668817,,36.76952965558622,,29.388256589343055,0.3410263022176379,,,,0.0,,,,42.99,
ADSL,2026-10-03,,,603.0,15.5,,,0.597621407333994,0.9724770642201835,,4.82,3.5916824196597354,7.39,,6.0,3.7661050545094152,-3.2652251022088796,,-9.647898001048972,,13.669725108370123,0.22185970636215335,,,,1.41,,,,51.03,
ADVAIT,2026-10-03,,,2040.0,35.3,,1.008204107346027,2.632258064516129,7.334645669291339,,21.5,9.145427286356822,27.9,,12.0,7.870967741935483,35.0127516271709,,58.845981250798076,,54.781293647662196,0.34172661870503596,,,,0.11,,,,66.76,
ADVANCE,2026-10-03,,,751.0,29.3,,,1.5141129032258065,,,29.1,7.4074074074074066,28.0,,10.0,5.241935483870968,,,,,,0.7920792079207921,,,,0.0,,,,69.89,
ADVANIHOTR,2026-10-03,,,434.0,,,,13.5625,16.967509025270758,,-19.9,-18.9873417721519,-13.0,,-25.0,-46.875,,,,,-20.62994740159002,1.36,,,,3.83,,,,50.24,
ADVENTHTL,2026-10-03,,,668.0,13.8,,,1.7216494845360826,0.7380952380952381,,4.65,1.0017530678687703,6.84,,35.0,10.309278350515463,,,,,24.512195032514008,0.8838495575221239,,,,0.0,,,,47.69,
ADVENZYMES,2026-10-03,Healthcare,,3071.0,19.5,,2.5901237361665417,4.094666666666667,1.8767123287671232,,10.2,9.378407851690294,14.0,,30.0,22.933333333333334,7.528597853344476,,6.731566887120133,,6.322592570747543,0.0196078431372549,,,,1.95,,,,43.25,
ADVIKCA,2026-10-03,,,60.8,,,,,0.425531914893617,,-14.4,-7.2607260726072615,-5.15,,,,,,,,,,,,,0.0,,,,22.49,
AEGISLOG,2026-10-03,Oil Gas & Consumable Fuels,,49179.0,39.3,,1.3092221287892063,5.481997547653551,8.098265895953757,,16.3,10.34410260004205,13.3,,21.0,16.453015271430164,30.017824428575302,,28.46270720530242,,8.384224019709684,0.685383980181668,,,,0.62,,,,58.1,
AEGISVOPAK,2026-10-03,Oil Gas & Consumable Fuels,,32215.0,119.0,,,35.63606194690266,7.5193798449612395,,11.0,3.3962712266951667,7.56,,75.0,31.63716814159292,-85.85347631062668,,,,17.16845545268766,0.8694942903752039,,,,0.07,,,,86.94,
AEPL,2026-10-03,,,385.0,44.4,,1.5543998170444095,4.994810586403736,4.058355437665782,,9.65,6.094474905103333,12.9,,16.13,11.248053969901402,28.564079532911755,,,,23.06098642720351,0.01806656101426307,,,,0.0,,,,72.45,
AEQUS,2026-10-03,Capital Goods,,18447.0,,,,13.464963503649635,12.387387387387388,,-9.96,-6.220270764727406,1.69,,6.0,-12.408759124087592,,,,,12.39088334604823,0.4714189643577673,,,,0.0,,,,59.09,
AEROENTER,2026-10-03,,,1380.0,9.08,,,1.8351063829787233,1.6689466484268127,,8.41,15.051903114186851,12.6,,16.0,23.138297872340424,-16.415391390960476,,33.51034413909106,,14.573086319648754,0.049576783555018135,,,,0.33,,,,52.3,
AEROFLEX,2026-10-03,,,6899.0,103.0,,6.177528141243695,13.715705765407554,15.414201183431954,,14.1,11.858407079646017,18.9,,23.0,13.320079522862823,16.673335619846075,,-15.672282087277978,,16.514583849435873,0.020134228187919462,,,,0.08,,,,65.47,
AERONEU,2026-10-03,,,182.0,1011.0,,166.41772594037002,1.421875,1.7828282828282827,,1.6,0.6896551724137931,4.76,,2.9,0.78125,6.0750740000032,,-32.75037161476506,,5.502112866364928,0.23529411764705882,,,,0.0,,,,60.46,
AEROPLANE,2026-10-03,,,2155.0,17.4,,,0.8541418945699564,,,15.8,5.846298915605846,15.7,,10.0,4.914783987316686,-85.37485380464753,,-15.061787194098297,,17.75958204427215,0.8194594594594594,,,,0.0,,,,78.78,
AETHER,2026-10-03,Chemicals,,22166.0,92.4,,2.211161552907246,18.006498781478474,9.027027027027026,,9.66,7.341455795064042,11.9,,31.0,19.09017059301381,41.787991419492634,,12.890254549041202,,27.2093273871183,0.18648208469055375,,,,0.0,,,,74.92,
AFCONS,2026-10-03,Construction,,8915.0,43.5,,,0.7925148902124634,1.635135135135135,,5.61,0.7527050337149129,13.9,,9.0,1.280113787892257,-33.16959440498518,,-39.721746707222,,-5.353879317201848,0.6655045871559633,,,,0.83,,,,50.17,
AFFLE,2026-10-03,Information Technology,,20427.0,42.8,,2.5183609831613376,7.202750352609309,5.598455598455598,,13.8,10.83654500113353,16.8,,22.0,16.854724964739066,16.995180709269285,,16.164371856487826,,15.449918436333853,0.004107338444687842,,,,0.0,,,,54.91,
AFFORDABLE,2026-10-03,,,213.0,36.4,,,1.9017857142857142,1.7125382262996942,,6.6,2.3255813953488373,8.8,,13.0,5.357142857142857,-1.7797385317643077,,20.651488742180145,,-11.757702682377936,0.6272727272727273,,,,0.0,,,,41.41,
AFIL,2026-10-03,,,346.0,7.81,,0.3701800087700133,,0.7915407854984895,,10.5,4.710920770877944,13.9,,,,21.097843792132554,,40.2221832454686,,,,,,,0.0,,,,39.02,
AFSL,2026-10-03,,,1029.0,8.02,,0.5076552986618845,0.0399658212607294,0.8137651821862348,,8.29,4.756980351602896,7.9,,0.8,0.535984774925234,15.798121325906989,,15.581816731381505,,165.22584936031475,0.6032,,,,0.0,,,,71.11,
AGARIND,2026-10-03,,,577.0,14.1,,,0.3867292225201072,0.8373101952277657,,6.21,3.4109816971713807,7.73,,7.0,2.7479892761394105,-27.924849063759936,,-10.728206324025392,,-11.120153425254188,0.4949201741654572,,,,0.85,,,,57.2,
AGARWALEYE,2026-10-03,Healthcare,,15422.0,104.0,,,6.987766198459447,7.605633802816902,,5.99,4.6942400405988325,10.9,,28.0,8.382419574082466,,,,,18.33122744074529,0.5261599210266535,,,,0.0,,,,32.34,
AGI,2026-10-03,,,5116.0,14.0,,0.17627221659187944,1.851610568222946,2.1263440860215055,,15.7,10.191441441441441,19.5,,23.0,13.101701049583786,79.42261276724058,,32.18305017607519,,0.622954871701209,0.10012463647694225,,,,0.89,,,,60.39,
AGIIL,2026-10-03,,,3250.0,31.8,,1.2823720742354576,9.103641456582633,6.989247311827956,,25.0,6.4638783269961975,20.2,,37.0,28.57142857142857,24.797795147682834,,22.67690608842756,,6.928905511821792,0.40086206896551724,,,,0.08,,,,71.29,
AGL,2026-10-03,Services,,1237.0,,,,0.09695877096723625,,,-20.1,-5.647517039922103,-6.09,,0.1,-2.2730835554162097,,,,,,1.0324074074074074,,,,0.0,,,,63.28,
AGRITECH,2026-10-03,,,53.4,,,,184.13793103448276,0.5172413793103449,,-0.36,-2.2478789469080733,0.27,,-803.45,-886.2068965517242,,,,,19.485817377914994,0.09779454439930355,,,,0.0,,,,30.9,
AGROPHOS,2026-10-03,,,46.6,6.63,,0.5476789780010298,0.31486486486486487,0.6609195402298851,,10.3,4.545454545454546,15.0,,11.0,4.72972972972973,12.10563170454122,,,,4.151006975889815,0.42857142857142855,,,,0.0,,,,54.27,
AHCL,2026-10-03,,,1747.0,55.2,,,10.156976744186046,7.5981524249422625,,18.4,7.754010695187167,20.8,,28.0,16.86046511627907,,,,,,0.19130434782608696,,,,0.0,,,,52.68,
AHLADA,2026-10-03,,,47.9,,,,0.49108058232519985,0.35000000000000003,,0.13,-0.15455268038505693,2.69,,13.28,-0.3588271478367848,,,,,-27.827661200617637,0.27948998178506373,,,,4.32,,,,49.3,
AHLEAST,2026-10-03,,,235.0,22.0,,,1.8951612903225807,1.2830188679245282,,-3.08,-6.837606837606838,5.6,,30.0,-38.70967741935484,,,,,4.71268841304644,2.3442622950819674,,,,0.0,,,,65.63,
AHLUCONT,2026-10-03,Construction,,3724.0,16.6,,,0.7947076397780624,1.8051948051948052,,13.8,5.274261603375527,20.4,,8.0,4.801536491677337,-15.645012382824374,,7.71019050268742,,6.723313512946949,0.035454103933948516,,,,0.13,,,,55.32,
AIAENG,2026-10-03,Capital Goods,,35689.0,28.1,,6.906784292123694,7.845460540778193,4.446511627906977,,17.0,14.826535396155649,21.1,,28.0,27.808309518575513,4.0684635296985405,,15.61029106407017,,-2.1399601492861464,0.00124595066035385,,,,0.42,,,,58.5,
AIIL,2026-10-03,Financial Services,,45799.0,21.8,,,,3.115606936416185,,12.8,10.906913785922532,13.3,,,,-21.17901948751727,,,,,,,,,0.02,,,,68.81,
AIRAN,2026-10-03,,,195.0,12.1,,1.567005443854861,1.7256637168141593,1.248,,4.4,8.290155440414509,7.27,,12.0,14.15929203539823,7.721734501594191,,10.17520254037143,,2.154505553603747,0.00641025641025641,,,,0.0,,,,72.21,
AIROLAM,2026-10-03,,,134.0,25.6,,,0.551440329218107,1.7099236641221374,,6.93,2.2123893805309733,9.76,,8.0,2.05761316872428,-10.791334701625122,,-0.7813457628780496,,7.064878325541235,1.0379746835443038,,,,0.0,,,,53.41,
AJANTPHARM,2026-10-03,Healthcare,,44748.0,39.4,,3.137256870634418,7.747229916897507,9.892265193370166,,27.1,18.800728838827233,34.5,,25.0,19.650277008310248,12.558742119204446,,10.304597218762424,,11.1261034124297,0.05743317870554451,,,,0.89,,,,63.49,
AJAXENGG,2026-10-03,,,6709.0,29.2,,72.1232134605243,3.178114637612506,4.80327868852459,,17.8,13.013698630136986,23.9,,12.0,10.800568450971104,0.4048627147760442,,,,6.6341931989361225,0.0014367816091954023,,,,0.0,,,,80.0,
AJMERA,2026-10-03,,,2354.0,15.2,,1.425634981597774,2.0487380330722367,1.6877637130801688,,11.5,6.283731688511951,14.3,,27.0,14.186248912097476,10.661915705073866,,25.151631678821307,,17.961602258746325,0.5085836909871244,,,,0.84,,,,68.56,
AJOONI,2026-10-03,,,53.4,13.5,,0.5574519958820762,0.2483720930232558,0.5860113421550095,,4.28,3.3333333333333335,6.11,,3.4,1.8604651162790697,24.21733189534727,,35.6911634828607,,39.03244416303089,0.1978021978021978,,,,0.0,,,,30.53,
AKASH,2026-10-03,,,42.1,42.1,,1.0048130498057972,0.42235152487961475,0.49407114624505927,,1.05,0.3002593148628361,3.81,,6.92,0.6621187800963082,41.89834119703837,,-21.93862784715498,,18.84061793761591,1.0828055360075064,,,,0.0,,,,74.59,
AKCAPIT,2026-10-03,,,1131.0,9.88,,1.289087698955423,,1.0813880126182964,,11.0,2.7550782162035956,9.33,,,,7.664335023913416,,6.825853431130802,,,,,,,3.5,,,,72.24,
AKG,2026-10-03,,,30.9,83.4,,,0.39348019865019734,0.5779761904761905,,-1.18,0.5977382875605816,0.79,,0.53,0.4711575194193302,-40.02906273159951,,-29.007483667871938,,-24.652286578033333,0.10822429906542057,,,,0.0,,,,50.69,
AKI,2026-10-03,,,63.6,21.0,,0.9578118530174405,0.534453781512605,0.6337448559670782,,2.32,1.875,4.49,,-2.2,2.5210084033613445,21.92497402683282,,3.012896281839894,,18.785347052385816,0.26732673267326734,,,,0.0,,,,53.92,
AKSHAR,2026-10-03,,,32.3,,,,0.26694214876033057,0.39805825242718446,,-10.6,-6.25,-10.2,,-1.6,-4.958677685950414,,,,,-11.573498991664843,0.06172839506172839,,,,0.0,,,,0.27,
AKUMS,2026-10-03,Healthcare,,12798.0,42.0,,,2.8427365615282096,3.853080568720379,,8.45,5.396942346656843,14.9,,13.0,6.508218569524655,,,,,2.5208862149658673,0.047374773687386844,,,,0.12,,,,75.26,
ALANKIT,2026-10-03,,,207.0,10.8,,,0.6272727272727273,0.653846153846154,,3.84,4.329004329004329,5.72,,6.0,6.0606060606060606,-3.9001328612664365,,33.09504440445239,,11.82373114541626,0.056782334384858045,,,,0.0,,,,54.14,
ALBERTDAVD,2026-10-03,,,489.0,21.7,,,1.3434065934065933,1.249271137026239,,-0.44,4.431599229287091,0.82,,7.0,6.318681318681318,-33.11021909255882,,-8.533993706643594,,0.18382394313973816,0.07653061224489796,,,,0.58,,,,62.23,
ALEMBICLTD,2026-10-03,,,2673.0,8.34,,1.375719576539821,11.184100418410042,1.0924369747899159,,13.0,12.393822393822393,6.07,,36.0,134.30962343096235,6.06228198116987,,7.60679479513795,,15.035729128370523,0.004498977505112475,,,,2.31,,,,70.88,
ALFREDHE,2026-10-03,,,214.0,5.81,,0.020745625067869835,,0.37318450779989243,,-24.8,6.303236797274275,11.7,,,,280.05904767836296,,84.0970298008388,,,,,,,0.72,,,,73.87,
ALGOQUANT,2026-10-03,,,1898.0,41.8,,3.276498327377368,7.328185328185328,14.12133891213389,,28.4,16.363636363636363,32.0,,27.0,17.374517374517374,12.757522154286672,,,,18.41091086791613,0.2537313432835821,,,,0.0,,,,73.68,
ALICON,2026-10-03,,,1431.0,38.5,,,0.7410668047643708,2.264935064935065,,7.03,2.565880721220527,10.6,,10.0,1.9161056447436562,-16.268871950815445,,8.297447670849767,,7.393678804992954,0.5636942675159236,,,,0.57,,,,53.79,
ALIVUS,2026-10-03,Healthcare,,16871.0,48.0,,,8.950132625994694,,,,,,,31.0,18.6737400530504,,,,,,,,,,0.36,,,,74.87,
ALKEM,2026-10-03,Healthcare,,62413.0,27.5,,4.358527168193532,4.138518665870963,4.515570934256055,,18.9,10.566689040176431,21.2,,20.0,14.614415489689012,6.309470823236341,,5.567139852477987,,5.984094845060772,0.14811866859623735,,,,1.02,,,,49.7,
ALKYLAMINE,2026-10-03,Chemicals,,8907.0,47.0,,0.8216509491536934,8.969788519637461,16.580952380952382,,41.4,25.67049808429119,41.3,,26.0,20.241691842900302,57.201905563926324,,34.85429133690059,,25.613748041727824,0.1623134328358209,,,,0.57,,,,72.04,
ALLCARGO,2026-10-03,,,1516.0,33.0,,,0.7174633222905821,2.637075718015666,,0.88,2.5921658986175116,4.83,,12.0,2.1296734500709893,-40.51116507409971,,-49.158329100105625,,-45.38260250620518,1.2073170731707317,,,,0.0,,,,40.28,
ALLDIGI,2026-10-03,,,1153.0,12.5,,1.235589537263326,1.905785123966942,4.581818181818182,,31.5,16.377649325626205,27.9,,28.0,14.049586776859504,10.11662823536521,,19.112010894090204,,8.858123579321852,0.6812749003984063,,,,7.93,,,,73.39,
ALLTIME,2026-10-03,,,1232.0,32.8,,,2.006514657980456,2.0085470085470085,,8.96,4.464285714285714,11.5,,14.0,5.700325732899023,,,,,,0.1402936378466558,,,,0.0,,,,70.15,
ALMONDZ,2026-10-03,,,365.0,10.7,,,1.806930693069307,1.2322580645161292,,11.4,8.854166666666668,12.2,,14.0,16.831683168316832,-2.4164106531673113,,10.607315771126057,,19.965168744909832,0.1821561338289963,,,,0.0,,,,55.01,
ALOKINDS,2026-10-03,Textiles,,3505.0,,,,0.928476821192053,-0.16267281105990783,,,-10.980694980694981,-3.95,,1.7,-18.834437086092713,,,,,-11.843341750586688,-1.2127096204766108,,,,0.0,,,,75.0,
ALPA,2026-10-03,,,125.0,30.7,,,1.1261261261261262,0.6700564971751413,,8.38,1.6528925619834711,9.4,,-1.0,3.6036036036036037,-37.588261592255904,,-21.954945999601726,,0.6079176673898345,0.016129032258064516,,,,0.0,,,,57.19,
ALPINETEX,2026-10-03,,,178.0,8.31,,,0.5189504373177842,,,34.6,7.213114754098362,17.9,,14.0,6.41399416909621,,,,,,2.452054794520548,,,,0.0,,,,68.56,
ALUFLUOR,2026-10-03,,,496.0,20.0,,1.6721250788299684,2.5833333333333335,3.937888198757764,,22.0,12.886597938144329,24.2,,22.0,13.020833333333334,11.960827723482591,,47.75491795347983,,5.181435773171805,0.35714285714285715,,,,0.63,,,,59.93,
AMAGI,2026-10-03,,,12196.0,120.0,,,7.5657568238213395,6.822660098522167,,10.3,4.3348916277093075,8.02,,5.0,6.327543424317618,,,,,22.402997739637254,0.017643710870802503,,,,0.0,,,,14.92,
AMAL,2026-10-03,,,868.0,29.2,,0.18342403220269346,3.0034602076124566,7.207392197125256,,20.4,19.480519480519483,26.0,,14.0,10.380622837370241,159.19397065555958,,92.88668633897579,,49.78435852958478,0.0,,,,0.21,,,,71.35,
AMARJOTHI,2026-10-03,,,101.0,7.86,,0.4813212287054936,0.4122448979591837,0.5067567567567568,,4.84,4.207119741100324,9.14,,12.0,5.3061224489795915,16.330050559247834,,-9.965339708410347,,6.644444972121821,0.28,,,,1.47,,,,60.08,
AMBER,2026-10-03,Consumer Durables,,22924.0,111.0,,,1.8157623762376238,5.233494363929147,,5.99,0.9012282869394579,10.3,,7.0,0.9821782178217822,-11.584247320567165,,-3.4017265557245713,,23.33706784135483,0.6180237877401646,,,,0.0,,,,38.09,
AMBICAAGAR,2026-10-03,,,41.0,32.3,,,0.41806872641990417,1.138095238095238,,3.52,1.1375850949480473,,,12.95,1.2949933720811666,,,,,,1.6861657887441086,,,,0.0,,,,46.08,
AMBIKCO,2026-10-03,,,862.0,10.6,,1.189937177488994,1.0177095631641087,0.9034193161367726,,7.7,7.336956521739131,11.6,,15.0,9.563164108618654,8.908033298336072,,-14.678236184460102,,0.9627547500461242,0.0,,,,2.46,,,,50.35,
AMBUJACEM,2026-10-03,Construction Materials,,90012.0,19.1,,6.1214704928867,2.2578072089698247,1.5083333333333333,,8.85,5.8298166878781785,5.61,,15.0,13.098552687686556,3.120165329914548,,4.955369397547593,,6.332578346820439,0.014592144506040744,,,,0.55,,,,67.33,
AMDIND,2026-10-03,,,99.8,102.0,,,0.35390070921985817,0.6528822055137845,,-4.28,-1.21580547112462,0.41,,5.0,-1.4184397163120568,,,,,21.557889712741975,0.5098039215686274,,,,0.0,,,,66.73,
AMJLAND,2026-10-03,,,152.0,10.4,,1.0924330998050102,2.8679245283018866,0.710172744721689,,3.42,6.0,7.56,,26.0,28.30188679245283,9.520033768526703,,10.509407228267609,,-1.818586365006336,0.0,,,,0.54,,,,65.94,
AMNPLST,2026-10-03,,,910.0,23.6,,,1.5662650602409638,3.1073446327683616,,13.2,9.24170616113744,16.7,,11.0,6.712564543889846,-1.0703474215082553,,10.06409265095336,,-3.5229644189194165,0.09246575342465753,,,,0.3,,,,73.17,
AMRUTANJAN,2026-10-03,,,1484.0,72.8,,2.731268365247849,8.384180790960452,13.79032258064516,,20.0,15.0,31.4,,18.0,11.864406779661017,26.654283016013245,,-25.04604207815119,,10.5521832155272,0.01834862385321101,,,,0.95,,,,46.52,
ANANDRATHI,2026-10-03,Financial Services,,35159.0,75.6,,2.7259509090764134,29.372598162071846,35.24126455906822,,47.3,35.13920240782543,59.2,,39.0,39.01420217209691,27.733441474782182,,29.80753512350871,,16.75946686005998,0.08308308308308308,,,,0.31,,,,41.37,
ANANTRAJ,2026-10-03,Realty,,20795.0,35.9,,1.25147251820762,8.151705213641709,3.590062111801242,,11.2,8.443732712185179,12.1,,27.0,22.736181889455114,28.686207230036963,,54.284223615826185,,19.8182859472527,0.11763689756434617,,,,0.17,,,,57.43,
ANDHRAPAP,2026-10-03,,,1419.0,51.4,,,0.8337250293772033,0.7323076923076923,,-1.66,1.103230890464933,0.04,,4.8,1.645123384253819,-56.664649721959535,,-27.687746635953214,,-1.866953628989898,0.11958762886597939,,,,0.7,,,,72.45,
ANDHRSUGAR,2026-10-03,,,1234.0,10.5,,0.8761562612701799,0.49498596068993184,0.740650406504065,,6.14,5.0137994480220796,8.44,,9.0,4.3722422783794626,11.984163629416923,,-15.321918697906934,,9.592483312545586,0.0005984440454817474,,,,1.1,,,,50.49,
ANDREWYU,2026-10-03,,,1221.0,,,,4.097315436241611,3.7593984962406015,,-24.0,-5.607476635514018,-16.2,,-27.0,-14.093959731543624,,,,,-1.307339464685553,0.37116564417177916,,,,0.0,,,,89.25,
ANGELONE,2026-10-03,Financial Services,,25316.0,24.5,,,4.66568374493181,4.122023809523809,,15.6,4.317269076305221,14.8,,37.0,19.01953556948028,-5.4119907002720735,,8.50464783413971,,8.296939070911492,1.2996077149395227,,,,1.46,,,,28.59,
ANIKINDS,2026-10-03,,,122.0,,,,1.1090909090909091,0.31654676258992803,,-0.24,-0.20920502092050208,0.3,,-1.2,-0.9090909090909091,,,,,2.8861944351566082,0.08031088082901554,,,,0.0,,,,37.14,
ANMOL,2026-10-03,,,76.8,6.67,,,0.059259259259259255,0.645933014354067,,9.99,3.488372093023256,8.8,,1.4,0.9259259259259258,-18.047582664945438,,-5.846223442711096,,-4.777092827321461,1.6554621848739495,,,,0.0,,,,50.21,
ANNAPURNA,2026-10-03,,,281.0,8.29,,0.17529891975246378,0.5414258188824663,0.8543046357615894,,9.71,4.92845786963434,12.4,,14.0,5.973025048169557,47.29065080210504,,,,48.02979069165576,0.7575757575757576,,,,0.0,,,,40.17,
ANSALBU,2026-10-03,,,62.8,13.7,,,1.308060820662362,0.4835227272727272,,0.61,0.829004289825692,4.59,,14.91,9.539679233493024,-31.921541792464236,,-16.60431804635264,,5.086935704393514,0.3795120449472793,,,,0.0,,,,54.83,
ANTELOPUS,2026-10-03,,,3905.0,27.8,,1.3517656765981836,10.877437325905293,5.946236559139785,,15.0,16.14077669902913,19.9,,62.0,37.04735376044568,20.565694544013514,,42.03675930837021,,29.318935249211343,0.0061068702290076335,,,,0.0,,,,69.94,
ANTGRAPHIC,2026-10-03,,,10.7,9.82,,,0.10882831570382424,0.6216216216216215,,7.71,1.9926873857404024,6.51,,1.27,1.1086248982912938,,,,,389.1636699209033,0.5353828306264502,,,,0.0,,,,0.96,
ANTHEM,2026-10-03,Healthcare,,48208.0,81.2,,5.0810917785387995,24.07992007992008,15.793357933579335,,22.3,16.79790026246719,30.4,,40.0,28.771228771228774,15.98081741860431,,-53.31262471376908,,12.157217375596119,0.01775147928994083,,,,0.23,,,,71.42,
ANUHPHR,2026-10-03,,,860.0,19.5,,,1.10397946084724,2.444444444444444,,10.7,7.899461400359066,14.9,,9.0,5.648267008985879,-9.703568163292742,,7.6533998501311595,,6.384345406494485,0.0,,,,1.75,,,,71.79,
ANUP,2026-10-03,Capital Goods,,3138.0,36.6,,2.0759429443033977,4.064766839378239,4.542028985507247,,17.1,8.753861997940268,21.0,,19.0,11.010362694300518,17.63054235205943,,9.241718097700957,,23.383899780517915,0.15918958031837915,,,,0.77,,,,40.92,
ANURAS,2026-10-03,Chemicals,,13249.0,75.8,,8.028001471316971,5.2264299802761345,4.0137931034482754,,5.55,2.8079371022089106,7.38,,22.0,8.875739644970414,9.441951433469931,,0.22298227784844915,,19.783035451583775,0.5654149000605694,,,,0.13,,,,59.07,
APARINDS,2026-10-03,Capital Goods,,73896.0,61.3,,4.822461159683297,3.029890524416745,13.140729709605361,,20.3,8.620815403690466,31.8,,9.0,4.846447168805609,12.711351728963582,,34.391980194763065,,14.722059145197619,0.1772668273688114,,,,0.34,,,,55.42,
APCL,2026-10-03,,,278.0,,,,0.6864197530864198,0.7523809523809524,,-10.1,-3.606557377049181,0.04,,6.0,-8.148148148148149,,,,,-13.41882450517604,0.7506775067750677,,,,0.0,,,,75.0,
APCOTEXIND,2026-10-03,,,3076.0,82.0,,,8.520775623268698,15.523560209424083,,24.4,13.148788927335639,19.8,,10.0,10.526315789473683,,,,,,0.16243654822335024,,,,1.35,,,,58.23,
APEX,2026-10-03,,,1020.0,20.6,,0.3949850589390563,1.1003236245954693,1.9289940828402368,,7.6,8.600337268128163,10.4,,7.0,5.501618122977346,52.15387147891701,,4.595766629559961,,4.8595271844599,0.011363636363636364,,,,0.77,,,,72.62,
APLAPOLLO,2026-10-03,Capital Goods,,58744.0,47.8,,2.539832913017963,2.5468892261001517,11.078534031413612,,25.4,13.91373259368278,31.8,,8.0,5.328419683503143,18.82013566916161,,12.35103591659199,,8.377653710613497,0.0940154804606381,,,,0.4,,,,28.25,
APLLTD,2026-10-03,Healthcare,,16025.0,21.5,,5.338237814255321,2.058710174717369,2.820069204152249,,13.4,7.874015748031496,12.6,,15.0,8.864337101747173,4.0275463079943785,,5.884384674797216,,7.711357351587633,0.25198237885462554,,,,1.47,,,,69.87,
APOLLO,2026-10-03,Capital Goods,,14641.0,121.0,,2.6331614656416704,14.325831702544031,10.706521739130435,,11.8,4.856418918918918,14.5,,23.0,11.252446183953033,45.95236622548467,,37.33638550572991,,40.05630096026043,0.4135567402894136,,,,0.06,,,,49.98,
APOLLOHOSP,2026-10-03,Healthcare,,116947.0,55.6,,1.7118525987401043,4.424782444192206,12.342943854324734,,21.2,9.791281612045259,17.4,,15.0,8.217934165720772,32.47943195630319,,14.631031871582723,,11.514759225554606,0.8958860759493671,,,,0.25,,,,28.02,
APOLLOPIPE,2026-10-03,,,2258.0,,,,2.007111111111111,2.7580645161290325,,-0.88,-1.1764705882352942,1.23,,4.3,-1.3333333333333335,,,,,4.458821842167859,0.1514041514041514,,,,0.14,,,,51.72,
APOLLOTYRE,2026-10-03,Automobile and Auto Components,,25706.0,12.0,,,0.877098403166371,1.5399239543726235,,13.1,5.882758145622374,13.9,,14.0,5.827760338474137,-0.2712379244131702,,21.730264116458198,,4.916291223684244,0.2198492462311558,,,,1.48,,,,36.93,
APOLSINHOT,2026-10-03,,,301.0,31.0,,,0.4479166666666667,1.913907284768212,,8.47,2.0779220779220777,11.9,,4.6,1.1904761904761905,-9.084723621872115,,-10.894583952041003,,8.993509920262998,0.5796178343949044,,,,0.26,,,,64.68,
APOORVA,2026-10-03,,,65.9,220.0,,,51.88976377952756,0.44414535666218036,,0.22,0.18427518427518427,0.23,,13.39,23.62204724409449,-47.388016151578974,,-46.30295381071103,,-29.983456750605132,0.0003367910548295837,,,,0.0,,,,52.66,
APTUS,2026-10-03,Financial Services,,11339.0,11.5,,0.6737779938415646,,2.237623762376238,,20.1,7.549049662783569,15.4,,,,17.067936479243585,,21.43101284265736,,,,,,,1.99,,,,23.86,
AQYLON,2026-10-03,,,392.0,,,,78.4,-35.22727272727273,,391.0,-43.63636363636363,39.2,,-9.0,-480.0,,,,,,-0.0,,,,0.0,,,,45.6,
ARCHIDPLY,2026-10-03,,,202.0,14.6,,0.6493573262684608,0.28370786516853935,1.8117229129662522,,8.23,3.359173126614987,10.2,,7.0,1.8258426966292134,22.483768811694272,,9.018160072656233,,18.122351025012563,1.625,,,,0.0,,,,69.89,
ARCHIES,2026-10-03,,,41.8,5.09,,,0.3572649572649572,0.5166666666666667,,11.0,6.106870229007633,15.9,,13.0,6.837606837606838,,,,,,0.23170731707317074,,,,0.0,,,,61.03,
ARCL,2026-10-03,,,184.0,19.2,,,0.6764705882352942,2.233009708737864,,6.93,4.545454545454546,17.0,,12.0,3.6764705882352944,-2.967250449257841,,-0.39829697567412836,,12.506732624458916,0.8658536585365854,,,,0.0,,,,69.22,
ARDEE,2026-10-03,,,1538.0,17.9,,,1.3167808219178083,,,80.9,23.415977961432507,49.1,,13.0,7.277397260273973,-76.8922531210453,,,,41.53001159440593,1.251700680272109,,,,0.0,,,,67.62,
ARE&M,2026-10-03,Automobile and Auto Components,,13679.0,18.7,,,0.9351883503110686,1.6900452488687783,,7.18,8.074262194587968,12.2,,11.0,6.3034114992821495,-0.4459953023373209,,10.912677891336276,,7.702102775164232,0.05012964563526361,,,,1.42,,,,32.86,
ARENTERP,2026-10-03,,,10.5,,,,18.42105263157895,0.5136778115501519,,-0.85,-0.2912621359223301,0.19,,-50.88,-10.526315789473685,,,,,-28.81214242073825,0.0,,,,0.0,,,,63.66,
ARFIN,2026-10-03,,,1472.0,79.9,,2.855642862406277,2.038781163434903,8.633663366336634,,9.43,4.8517520215633425,14.8,,7.0,2.4930747922437675,27.9796892853307,,,,10.508191561341707,0.7588235294117647,,,,0.14,,,,69.77,
ARIES,2026-10-03,,,621.0,13.0,,0.37192311850072796,0.7971758664955071,1.8560311284046693,,12.7,7.355242566510173,20.5,,12.0,6.033376123234917,34.953460415165225,,29.148794085791142,,14.717388535977861,0.16766467065868262,,,,0.31,,,,52.66,
ARIHANT,2026-10-03,,,971.0,14.2,,0.2294787145597015,2.0572033898305087,2.396782841823056,,17.1,6.679764243614931,16.4,,21.0,14.40677966101695,61.879377471873134,,,,56.13733814111828,1.2884097035040432,,,,0.0,,,,37.29,
ARIHANTCAP,2026-10-03,,,971.0,24.2,,,4.167381974248927,2.203980099502487,,7.67,3.646308113035551,11.5,,35.0,17.167381974248926,-18.020225185982607,,-5.076729284644566,,-0.284496558625591,0.5419501133786848,,,,0.56,,,,67.68,
ARIHANTSUP,2026-10-03,,,937.0,23.5,,,1.6702317290552584,2.5833333333333335,,13.7,2.2598870056497176,10.6,,21.0,7.130124777183601,-18.159493243572623,,-1.6896048647483952,,3.636031642816695,2.4077134986225897,,,,0.12,,,,71.1,
ARIS,2026-10-03,,,1134.0,17.2,,,0.9895287958115183,1.5376106194690264,,11.2,7.204610951008646,15.6,,10.0,6.544502617801047,,,,,18.027700646741884,0.09472259810554803,,,,0.0,,,,37.57,
ARKADE,2026-10-03,,,2204.0,12.4,,,2.7412935323383083,2.5052631578947366,,20.3,-0.354924578527063,18.9,,23.0,-0.4975124378109453,,,,,8.18343689427481,0.11224489795918367,,,,0.84,,,,71.19,
ARMANFIN,2026-10-03,,,1861.0,16.0,,,,1.9864864864864864,,6.26,4.145818441744103,11.8,,,,-12.58311116459414,,24.26472434219351,,,,,,,0.0,,,,22.0,
AROGRANITE,2026-10-03,,,34.2,,,,0.5104477611940299,0.19649122807017544,,-7.46,-4.822335025380711,0.57,,-10.0,-28.35820895522388,,,,,-24.22638146391167,0.8735632183908046,,,,0.0,,,,41.08,
ARSSBL,2026-10-03,,,3286.0,22.6,,3.853584095104077,3.3633572159672465,2.4232558139534883,,14.0,1.8312438371601636,19.7,,41.0,13.30603889457523,5.8646702504074,,,,12.729279093739976,0.6231454005934718,,,,0.96,,,,69.62,
ARTEMISMED,2026-10-03,,,5325.0,45.9,,1.6875825707298162,4.780071813285458,5.694915254237288,,12.0,7.977606717984605,14.6,,18.0,10.23339317773788,27.19866914728206,,25.426414127848652,,8.217817734050858,0.2802139037433155,,,,0.13,,,,58.39,
ARTNIRMAN,2026-10-03,,,99.8,256.0,,,2.949172576832151,2.684563758389262,,1.4,0.27393411533328654,5.85,,14.48,1.152482269503546,-30.17557388931018,,,,-0.43937297812937093,1.9591836734693875,,,,0.0,,,,73.75,
ARVEE,2026-10-03,,,237.0,58.6,,1.0297165125456693,5.744062045564712,7.0032573289902285,,7.32,9.442760550244813,7.53,,12.94,9.815802229762483,56.90886694157098,,9.512080227716124,,10.77884753532594,0.0328499556081681,,,,0.0,,,,73.5,
ARVIND,2026-10-03,Textiles,,14528.0,33.1,,4.692652662028631,1.482751581955501,3.4675324675324677,,10.8,4.880817253121453,14.7,,11.0,4.38865074505001,7.0535797946083,,11.554523853600385,,8.185627870928979,0.410484668644906,,,,0.84,,,,38.09,
ARVINDFASN,2026-10-03,Consumer Services,,5077.0,38.7,,2.7880433538509264,0.9337870148979216,5.38243626062323,,14.1,4.411764705882353,19.6,,13.0,3.421004230274048,13.880702373779963,,,,8.480221755430462,1.4167550371155886,,,,0.42,,,,35.1,
ARVSMART,2026-10-03,,,2721.0,14.8,,0.23257090671696537,3.4884615384615385,4.169014084507042,,14.2,5.2675585284280935,12.4,,37.0,24.23076923076923,63.63650642688226,,46.76807028953309,,31.75893462616124,0.8983050847457628,,,,0.38,,,,53.83,
ARYAMAN,2026-10-03,,,764.0,25.8,,1.5148292826723715,,4.763358778625954,,20.4,16.455696202531644,22.2,,,,17.031622173612316,,43.430082633862675,,,,,,,0.0,,,,63.92,
ASAHIINDIA,2026-10-03,Automobile and Auto Components,,24072.0,53.9,,6.437674216485717,4.651594202898551,6.12987012987013,,10.3,5.648481729284612,11.5,,20.0,8.483091787439614,8.372588948656624,,3.900781190047331,,6.032790109603736,0.559003051881994,,,,0.21,,,,51.58,
ASAL,2026-10-03,,,677.0,21.9,,1.5689062831555984,0.6972193614830072,18.728070175438596,,128.0,8.955223880597014,25.3,,6.0,3.089598352214212,13.958768751917884,,-10.617197023503577,,3.334542076906377,3.4444444444444446,,,,0.0,,,,75.0,
ASALCBR,2026-10-03,,,1227.0,14.8,,0.17663180483653312,1.1866537717601546,1.7658959537572254,,14.6,9.69626168224299,18.0,,13.0,8.027079303675048,83.79011930324162,,87.43899749094284,,51.39147659743233,0.09928057553956834,,,,0.33,,,,62.35,
ASHAPURMIN,2026-10-03,Metals & Mining,,4680.0,11.4,,1.0624651331630173,0.8512186249545289,2.832369942196532,,28.0,8.748403575989784,20.7,,10.0,7.47544561658785,10.729763870990826,,35.10869547742998,,27.477813445668907,0.8756822316555488,,,,0.41,,,,48.04,
ASHIANA,2026-10-03,,,3860.0,32.6,,2.640060635259232,4.029227557411273,4.4188722669735325,,13.8,2.754435107376284,14.0,,13.0,12.31732776617954,12.348201236218559,,,,0.4919263986012279,0.3760186263096624,,,,0.65,,,,61.11,
ASHIMASYN,2026-10-03,,,293.0,,,,14.65,1.0625,,-7.39,-2.872531418312388,0.43,,-18.0,-80.0,,,,,-39.42931357226202,0.592057761732852,,,,0.0,,,,73.49,
ASHOKA,2026-10-03,Construction,,2956.0,4.37,,0.06265993571220621,0.414469994391475,0.44871794871794873,,0.73,19.21763427506985,26.4,,22.0,34.71676948962423,69.7415334109371,,25.87819298187959,,-10.045139763483569,0.2444140446876425,,,,0.0,,,,54.47,
ASHOKAMET,2026-10-03,,,36.3,2.82,,0.07224758942128787,1.396153846153846,0.29713114754098363,,8.4,6.25,8.89,,20.0,50.0,39.03244416303089,,34.09745885247302,,-26.693389818720448,0.47540983606557374,,,,0.0,,,,53.64,
ASHOKLEY,2026-10-03,Capital Goods,,88390.0,23.7,,1.9989374093557493,1.5312786930686209,6.198347107438017,,27.4,3.7049173816333014,13.6,,19.0,6.463628016561855,11.856299196300712,,,,8.093951987741633,4.489572361491469,,,,2.33,,,,51.51,
ASIANENE,2026-10-03,,,2271.0,35.2,,1.3234636850864823,2.3980992608236535,4.245454545454545,,12.8,6.427015250544662,16.3,,11.0,6.2302006335797255,26.596876360608146,,4.370324604962605,,45.88704017925189,0.32186234817813764,,,,0.27,,,,56.14,
ASIANHOTNR,2026-10-03,,,1484.0,111.0,,,4.351906158357771,1.6111111111111112,,0.57,-6.028368794326241,3.52,,13.0,-29.91202346041056,,,,,67.16441761576561,0.36264929424538545,,,,0.0,,,,0.0,
ASIANPAINT,2026-10-03,Consumer Durables,,230879.0,47.3,,,6.208594401269261,10.79372197309417,,21.8,14.012572786001911,26.3,,19.0,13.007233710705354,-4.433525431563057,,9.477883375509077,,1.564356469036876,0.18383866741530974,,,,1.14,,,,52.63,
ASIANTILES,2026-10-03,,,1422.0,109.0,,,0.7337461300309598,0.933852140077821,,1.27,0.4449838187702265,2.85,,4.8,0.5675954592363261,,,-36.15736244364821,,8.198385552319753,0.28843626806833117,,,,0.0,,,,38.79,
ASIANTNE,2026-10-03,,,22.3,67.6,,1.6509559387021917,0.34040604487864445,0.3162544169611307,,-0.33,0.3573362208987548,1.22,,0.64,0.5037398870401466,40.94597464129783,,-37.2587584112108,,16.08255955267106,0.19154370034052212,,,,0.0,,,,59.42,
ASKAUTOLTD,2026-10-03,Automobile and Auto Components,,12186.0,38.5,,1.739483634888315,2.624596166271807,9.293233082706767,,25.1,12.35823230348064,25.4,,12.0,6.805944432479001,22.13300500666793,,31.318720630098063,,15.735684791611515,0.5179252479023646,,,,0.3,,,,74.95,
ASPINWALL,2026-10-03,,,188.0,15.8,,1.146738320898506,0.42727272727272725,0.933852140077821,,3.83,4.804804804804805,6.5,,4.7,3.6363636363636362,13.778208778808576,,0.5970271520653325,,14.126628720201229,0.39303482587064675,,,,2.71,,,,64.46,
ASSAMENT,2026-10-03,,,115.0,60.9,,5.015287188391166,,1.7109207708779444,,2.97,2.606537029375258,4.7,,,,12.142873919755704,,-3.339057223634523,,,,,,,0.0,,,,54.42,
ASTAR,2026-10-03,,,1064.0,32.1,,,0.37945791726105566,0.640926640926641,,2.43,1.334411645774363,3.6,,2.0,1.1768901569186876,-24.579221788291463,,-18.794600684861084,,-7.32659459350592,0.2973462002412545,,,,0.23,,,,74.66,
ASTEC,2026-10-03,,,1579.0,,,,3.580498866213152,4.051428571428572,,-25.2,-7.112526539278131,-5.44,,1.3,-15.192743764172336,,,,,-1.2528953749250782,1.1512820512820512,,,,0.0,,,,71.97,
ASTERDM,2026-10-03,Healthcare,,61793.0,171.0,,5.1180680902610485,12.672887612797375,8.7422934648582,,11.3,4.49479940564636,11.6,,19.0,7.444626743232158,33.41104435976312,,-10.19730938875516,,9.64608308472583,0.617472030468936,,,,0.42,,,,53.72,
ASTRAL,2026-10-03,Capital Goods,,36107.0,61.0,,34.4245846509001,5.321591746499632,8.900662251655628,,13.8,9.949904992226637,19.2,,16.0,8.489314664701547,1.7719894261209346,,3.481063880202262,,6.348471107597864,0.06160670280926565,,,,0.3,,,,54.22,
ASTRAMICRO,2026-10-03,Capital Goods,,15424.0,81.6,,5.094695148857564,13.529824561403508,11.768115942028986,,16.0,9.507042253521126,20.3,,29.0,16.57894736842105,16.016659999430583,,35.43096238451056,,7.840110129260225,0.21901140684410647,,,,0.15,,,,6.54,
ASTRAZEN,2026-10-03,,,15078.0,86.9,,52.678660030278685,6.199835526315789,17.280802292263612,,23.3,8.547008547008547,29.3,,9.0,6.990131578947369,1.649624344090217,,22.456496403562532,,23.34442450914549,0.12714776632302405,,,,0.6,,,,75.0,
ATALREAL,2026-10-03,,,158.0,23.2,,,1.3166666666666667,1.65374677002584,,7.96,5.88235294117647,10.7,,10.0,5.833333333333333,,,,,,0.14583333333333334,,,,0.0,,,,30.15,
ATAM,2026-10-03,,,63.4,34.9,,,1.3429358186824825,1.6686746987951806,,6.49,3.131991051454139,8.53,,8.3,3.8551154416437194,-32.14844882290454,,-0.7380880858188332,,-3.3615934973378447,0.3925380977404098,,,,0.63,,,,52.29,
ATGL,2026-10-03,Oil Gas & Consumable Fuels,,64124.0,101.0,,,10.228744616366246,13.190045248868778,,14.4,6.618494083150068,15.3,,19.0,10.081352687829,-1.7890939040394405,,4.42809864347109,,11.892697367368221,0.4635149023638232,,,,0.04,,,,74.8,
ATHERENERG,2026-10-03,Automobile and Auto Components,,55766.0,,,,15.18681917211329,,,,,,,-11.0,-14.079520697167755,,,,,,,,,,0.0,,,,39.58,
ATL,2026-10-03,,,688.0,16.3,,,0.8113207547169812,1.950413223140496,,12.8,3.2931726907630523,11.2,,21.0,4.834905660377359,-3.0856883757134357,,,,4.977757805013039,2.184659090909091,,,,0.0,,,,67.17,
ATLANTAA,2026-10-03,,,291.0,,,,3.744209984559959,1.367816091954023,,-0.89,-0.89415091005478,1.94,,41.3,-6.510550694801852,,,,,-16.347752788764957,1.4941198607583026,,,,0.0,,,,74.67,
ATLANTAELE,2026-10-03,Capital Goods,,13199.0,60.5,,,6.5896155766350475,14.181818181818182,,31.7,14.380384360503646,45.3,,19.0,10.833749375936096,-13.940927969349426,,18.466445254224407,,32.14591468196881,0.05489773950484392,,,,0.0,,,,87.28,
ATLASCYCLE,2026-10-03,,,59.7,,,,9.38679245283019,0.15783132530120483,,-28.0,0.1368584758942457,-26.6,,-731.76,10.377358490566039,,,,,-28.363063685116153,0.02380763431473693,,,,0.0,,,,41.92,
ATUL,2026-10-03,Chemicals,,17256.0,21.7,,0.6192561621295323,2.597621556525666,2.7737813535257927,,11.5,10.304955527318933,14.9,,18.0,12.20833960559988,35.04204128607593,,5.756417826395688,,12.018609748481213,0.029416492525317472,,,,0.51,,,,45.33,
ATULAUTO,2026-10-03,,,1179.0,24.4,,0.3304648611819633,1.3247191011235955,2.442528735632184,,9.3,6.422018348623854,11.3,,10.0,5.50561797752809,73.83538423035141,,,,19.085750262217793,0.29958677685950413,,,,0.71,,,,42.7,
AUBANK,2026-10-03,Financial Services,,74160.0,218.0,,45.649941577551424,,,,22.3,7.766000815328169,12.4,,,,4.775471609961546,,,,,,,,,0.1,,,,22.74,
AUGMONT,2026-10-03,,,10921.0,33.8,,,0.11595141528464953,,,50.9,27.684964200477324,68.5,,0.4,0.3694816639415624,-23.433143881397868,,-1.205462008924718,,45.60193547097961,0.019845644983461964,,,,0.0,,,,81.91,
AURIONPRO,2026-10-03,Information Technology,,3359.0,16.0,,1.539799626835264,2.3456703910614527,1.9363057324840764,,13.2,8.833619210977702,16.3,,19.0,14.385474860335195,10.390962383128155,,18.943012447454223,,17.311287000304265,0.035097813578826235,,,,0.66,,,,26.86,
AUROPHARMA,2026-10-03,Healthcare,,96479.0,25.5,,4.412934844487172,2.761671675969658,2.5720858895705523,,10.1,6.376726922812565,12.9,,20.0,10.622584800343494,5.778467368911122,,7.233471894632482,,6.400646421698797,0.2130585099363965,,,,0.24,,,,51.88,
AURUM,2026-10-03,,,1611.0,1714.0,,,3.737819025522042,3.1676136363636362,,-3.76,5.9071729957805905,1.33,,25.0,12.993039443155451,,,,,26.285793942523927,0.44466403162055335,,,,0.0,,,,38.09,
AURUS,2026-10-03,,,13.0,,,,0.7647058823529411,0.7871198568872988,,-63.0,-22.727272727272727,-45.1,,-90.0,-88.23529411764706,,,,,6.685884434218181,0.8125,,,,0.0,,,,36.37,
AUSOMENT,2026-10-03,,,189.0,7.63,,0.19357473171594453,0.042974079126875855,1.1779661016949152,,12.6,12.626262626262626,16.2,,0.6,0.5684402000909504,39.41630156148901,,35.81969309989663,,65.62527888959939,0.05555555555555555,,,,0.72,,,,73.7,
AUSTENG,2026-10-03,,,58.4,13.7,,2.7840656018804526,0.4826446280991735,0.8275862068965517,,7.06,3.6363636363636362,10.9,,5.0,3.3057851239669422,4.920861056846704,,20.549661077386048,,2.9170819165784234,0.014285714285714285,,,,0.0,,,,34.17,
AUTOAXLES,2026-10-03,,,2543.0,13.9,,8.707467056845838,1.1532879818594104,2.314993122420908,,16.2,11.447368421052632,21.6,,11.0,7.891156462585033,1.596331046589694,,18.564640401133925,,-0.36020123016966554,0.012738853503184714,,,,1.9,,,,71.04,
AUTOIND,2026-10-03,,,369.0,15.2,,0.547496839867495,0.39339019189765456,1.8755760368663597,,11.2,5.34045393858478,13.1,,9.0,4.264392324093817,27.76271732212865,,34.02928339930933,,12.773838635118073,1.649746192893401,,,,0.0,,,,32.6,
AVADHSUGAR,2026-10-03,,,1531.0,22.8,,,0.5555152394775036,1.3612099644128113,,5.63,2.2916666666666665,6.83,,8.0,2.39477503628447,-19.860270238834264,,-11.924221138819924,,0.7613259657982097,1.251779359430605,,,,1.31,,,,60.39,
AVALON,2026-10-03,Capital Goods,,15250.0,114.0,,1.690253758096262,8.645124716553289,21.11111111111111,,16.5,10.60965954077593,19.3,,11.0,7.596371882086168,67.44549417739414,,-65.26960330480439,,26.71455257433164,0.29542302357836336,,,,0.0,,,,44.39,
AVANCE,2026-10-03,,,159.0,11.3,,0.21802277096491085,0.8736263736263736,0.4020100502512563,,3.42,2.157164869029276,2.68,,0.2,7.6923076923076925,51.829448593783134,,,,8.11923527860583,0.41624365482233505,,,,0.0,,,,0.68,
AVANTEL,2026-10-03,,,3994.0,233.0,,,16.57261410788382,11.811023622047244,,5.29,4.146341463414634,9.63,,23.0,7.053941908713693,-31.60096213293212,,-1.2051713658030372,,2.4683338911380304,0.10059171597633136,,,,0.13,,,,37.04,
AVANTIFEED,2026-10-03,Fast Moving Consumer Goods,,9695.0,18.0,,1.2733806351056063,1.52437106918239,2.954356846473029,,18.3,13.779342723004696,24.4,,10.0,9.229559748427672,14.135600545320992,,19.102800392279807,,5.808665572467286,0.003956177723676202,,,,1.41,,,,43.23,
AVL,2026-10-03,Consumer Services,,7391.0,52.7,,2.459599249363197,2.5277017783857727,10.731707317073171,,18.7,9.449354180829369,17.1,,9.0,4.753761969904241,21.426254709438663,,29.71462073857605,,18.82103391796153,0.8316400580551524,,,,0.22,,,,47.14,
AVONMORE,2026-10-03,,,361.0,23.4,,3.3121589533118168,,0.9343065693430658,,2.16,5.507745266781412,6.14,,,,7.064878325541235,,-13.420682851633426,,,,,,,0.0,,,,58.46,
AVROIND,2026-10-03,,,89.6,21.1,,,0.9114027057267825,0.9925705794947993,,5.01,3.502684840974804,7.25,,2.21,4.312887803885667,,,,,,0.19740811082560608,,,,0.0,,,,53.64,
AVTNPL,2026-10-03,,,1338.0,16.0,,0.9839899178922836,1.6277372262773722,2.392370572207084,,12.2,9.929078014184398,14.2,,14.0,10.218978102189782,16.260329205681458,,2.8458942108207985,,16.71511209706984,0.2039355992844365,,,,0.91,,,,75.0,
AWFIS,2026-10-03,Services,,1684.0,19.8,,,1.0631313131313131,3.044041450777202,,14.0,2.9209621993127146,13.2,,37.0,5.366161616161616,,,,,23.106928445817367,2.7142857142857144,,,,0.0,,,,17.0,
AWHCL,2026-10-03,,,1009.0,17.3,,,0.9456419868791003,1.3653846153846154,,10.9,4.034582132564841,11.2,,18.0,6.560449859418932,-12.150926635536718,,-3.0184723154407678,,7.205115520004846,0.6211096075778079,,,,0.14,,,,46.08,
AWL,2026-10-03,Fast Moving Consumer Goods,,22800.0,19.4,,0.19719714669267932,0.29336078229541945,2.1793275217932755,,10.7,4.68143596377749,18.3,,3.2,1.489963973237262,98.37870539898739,,7.5673095571195725,,14.908002442603486,0.10622605363984675,,,,0.57,,,,56.94,
AXISBANK,2026-10-03,Financial Services,,378967.0,13.6,,9.055344126005,,1.7092696629213484,,13.1,1.4356773978058117,6.24,,,,1.5018755566609254,,14.218071169085956,,,,,,,0.08,,,,7.87,
AXISCADES,2026-10-03,Capital Goods,,9814.0,299.0,,99.0202982932061,10.507494646680943,13.491228070175438,,11.5,2.460697197539303,15.4,,13.0,3.854389721627409,3.019582905260898,,7.848398334225992,,-0.7384235654895321,0.5337001375515819,,,,0.0,,,,58.03,
AXITA,2026-10-03,,,290.0,,,,0.4434250764525994,4.621951219512195,,0.77,-1.2987012987012987,,,-0.8,-0.1529051987767584,,,,,,0.031746031746031744,,,,0.66,,,,41.91,
AXTEL,2026-10-03,,,703.0,22.5,,,3.069868995633188,5.634715025906735,,20.5,14.351851851851851,30.0,,18.0,13.537117903930133,-0.9645271115299447,,17.681087064730416,,0.888935508416755,0.0,,,,2.76,,,,49.95,
AYE,2026-10-03,,,4030.0,17.0,,,,1.5825242718446602,,9.24,3.0618808696770876,11.4,,,,-68.40563835773735,,,,,,,,,0.0,,,,,
AYMSYNTEX,2026-10-03,,,1646.0,87.7,,0.878832812199351,1.1841726618705035,2.8,,1.12,1.7723880597014925,5.35,,8.0,1.3669064748201438,99.79144927523083,,,,0.77937873396412,0.31918505942275044,,,,0.0,,,,65.73,
AZAD,2026-10-03,Capital Goods,,18476.0,133.0,,4.509092794120527,28.95924764890282,12.071729957805907,,9.09,6.318181818181818,11.9,,38.0,21.786833855799372,29.495955411124086,,-35.62759657346414,,23.222145577329844,0.31000654022236757,,,,0.0,,,,55.84,
AZADIND,2026-10-03,,,468.0,152.0,,,6.3500678426051556,3.495934959349593,,2.46,2.0364982808780745,3.2,,3.55,4.179104477611941,,,,,,0.004855456786434601,,,,0.0,,,,15.53,
BAGFILMS,2026-10-03,,,88.7,18.9,,3.9631321207757866,0.564968152866242,0.49333333333333335,,2.27,1.4354066985645932,4.58,,12.0,3.821656050955414,4.768955317164725,,10.438362870438155,,5.951857199110333,0.6976744186046512,,,,0.0,,,,51.74,
BAIDFIN,2026-10-03,,,167.0,10.9,,1.9799075782306637,,0.6866666666666668,,7.27,2.782931354359926,10.9,,,,5.505307479928301,,11.35093610911233,,,,,,,0.97,,,,49.73,
BAJAJ-AUTO,2026-10-03,Automobile and Auto Components,,276040.0,23.4,,1.5516353917045824,3.862860341449762,7.231821454283657,,29.2,15.020672439347843,28.2,,20.0,16.167086481947944,15.080862504878434,,14.579417119570891,,16.780137100013448,0.5849042027194067,,,,1.49,,,,55.01,
BAJAJCON,2026-10-03,,,6492.0,29.1,,1.7939200001496978,5.235483870967742,8.598615916955017,,24.7,23.597883597883598,30.0,,21.0,17.983870967741936,16.221459149556104,,8.23257853246222,,8.012875740444713,0.02119205298013245,,,,0.0,,,,42.97,
BAJAJELEC,2026-10-03,Consumer Durables,,3460.0,,,,0.7711165589480722,2.1739130434782608,,-0.72,-1.0093896713615023,2.89,,4.1,-0.9583240472476042,,,,,-1.1043401872239622,0.09974905897114178,,,,1.0,,,,62.7,
BAJAJFINSV,2026-10-03,Financial Services,,277573.0,27.0,,3.606546718134238,1.7607807563974067,3.5585215605749485,,13.2,2.7207826023902597,10.6,,38.0,13.091054414432701,7.486385761825876,,17.24139518135224,,12.61369949248088,5.517730860553167,,,,0.09,,,,58.72,
BAJAJHCARE,2026-10-03,,,1087.0,19.3,,,1.730891719745223,2.0443037974683542,,8.26,1.9501625135427951,11.5,,17.0,2.8662420382165608,,,-25.94997475070394,,9.908893164176359,0.46716697936210133,,,,0.46,,,,58.59,
BAJAJHFL,2026-10-03,Financial Services,,69083.0,25.6,,3.2915986469440375,,3.0703703703703704,,12.1,2.1172343822504662,8.85,,,,7.777375903276473,,17.37264837083996,,,,,,,0.0,,,,86.7,
BAJAJHIND,2026-10-03,,,4588.0,35.4,,,0.8604651162790697,4.5605700712589075,,24.4,0.8039709172259508,3.11,,5.0,2.1567891972993247,,,,,-4.407195027332856,6.356,,,,0.0,,,,13.33,
BAJAJHLDNG,2026-10-03,Financial Services,,118702.0,13.4,,1.9662068413997345,104.215978928885,1.6226989198235204,,11.9,10.556775094791458,11.0,,85.0,789.5522388059701,6.815152769207433,,16.907302085242716,,-12.530886941803344,0.0001367053998632946,,,,1.36,,,,51.46,
BAJAJINDEF,2026-10-03,,,667.0,28.2,,,3.301980198019802,2.479240806642942,,9.2,6.927710843373494,9.45,,9.0,11.386138613861387,,,,,,0.011111111111111112,,,,0.96,,,,69.61,
BAJAJST,2026-10-03,,,698.0,23.9,,,1.2998137802607077,1.6470588235294117,,9.11,4.148783977110158,11.7,,10.0,5.400372439478584,-20.873071140513154,,-4.326613586980255,,-0.8542211082710804,0.14858490566037735,,,,0.3,,,,56.62,
BAJEL,2026-10-03,,,1894.0,70.2,,0.9679495670049174,0.6884769174845511,2.538699690402477,,4.1,0.8668242710795903,11.0,,3.4,0.7997091966557615,72.52443969494887,,,,33.012368367048,0.49129852744310576,,,,0.37,,,,62.53,
BAJFINANCE,2026-10-03,Financial Services,,590407.0,28.8,,2.4429578196468476,,5.180327868852459,,18.2,3.687458925050718,10.9,,,,11.788987827945107,,22.950513639759684,,,,,,,0.57,,,,54.68,
BALAJEE,2026-10-03,,,206.0,22.3,,,0.3527397260273973,0.675603217158177,,3.68,1.5948963317384368,6.89,,6.0,1.7123287671232876,-36.339783539964664,,-58.260934841701314,,2.645448286472396,0.760655737704918,,,,0.0,,,,65.42,
BALAJITELE,2026-10-03,,,1098.0,,,,2.9047619047619047,1.7578125,,-8.29,-2.453271028037383,-10.1,,-8.0,-5.555555555555555,,,,,-15.432415215221296,0.030448717948717948,,,,0.0,,,,31.3,
BALAMINES,2026-10-03,Chemicals,,6649.0,32.6,,,4.365725541694025,3.363934426229508,,8.74,7.6923076923076925,11.0,,21.0,13.854235062376889,-0.1108472800818383,,-11.136755862668624,,-2.25782908212121,0.0673076923076923,,,,0.54,,,,54.56,
BALAXI,2026-10-03,,,123.0,50.8,,,0.4392857142857143,0.49445676274944567,,0.59,0.5934718100890208,3.47,,3.2,0.7142857142857143,,,-45.696987554902776,,5.126852766082202,0.23293172690763053,,,,0.0,,,,65.99,
BALKRISHNA,2026-10-03,,,51.4,,,,0.2595959595959596,0.6824034334763949,,-22.6,8.212560386473431,-5.94,,-1.7,8.585858585858585,,,,,,1.0933333333333333,,,,0.0,,,,59.95,
BALKRISIND,2026-10-03,Automobile and Auto Components,,40278.0,28.7,,,3.496961277999653,3.675485008818342,,9.66,7.913993020375999,11.2,,22.0,12.20698037853794,-1.5161264897624482,,-0.41829969981485027,,7.1259316103955195,0.3752281854691493,,,,0.77,,,,58.3,
BALMLAWRIE,2026-10-03,,,2724.0,9.76,,1.8791136811373659,0.978096947935368,1.3140495867768596,,13.7,8.181546730367275,14.6,,13.0,9.838420107719928,5.193938024064937,,15.182063529306289,,6.156699586533287,0.10633156114064765,,,,5.34,,,,,
BALPHARMA,2026-10-03,,,168.0,23.4,,,0.5029940119760479,2.054263565891473,,7.87,1.8617021276595744,9.69,,10.0,2.095808383233533,-1.1528404788833768,,3.6404588294643547,,-0.4940792067956057,1.951219512195122,,,,1.13,,,,50.87,
BALRAMCHIN,2026-10-03,Fast Moving Consumer Goods,,13734.0,37.0,,,2.1573986804901035,3.1658536585365855,,9.51,4.413514156554841,9.27,,11.0,5.827835375431983,-11.631379029113075,,-4.297643385352035,,4.403419702324229,0.7660705654905752,,,,0.54,,,,42.86,
BALUFORGE,2026-10-03,Capital Goods,,5935.0,22.2,,0.622350758451982,5.051063829787234,3.732824427480916,,19.6,14.478660183684495,22.7,,27.0,22.80851063829787,35.67120261124075,,44.34939074370084,,28.021608610072768,0.09535759096612297,,,,0.03,,,,53.51,
BANARBEADS,2026-10-03,,,77.0,40.7,,,2.7170077628793226,1.334867663981588,,3.12,2.346368715083799,5.71,,15.74,6.669019054340156,-11.805940562032047,,-8.383618938747905,,0.14154300561688427,0.3561144839549003,,,,0.0,,,,58.48,
BANARISUG,2026-10-03,,,4139.0,34.0,,,2.478443113772455,2.162516382699869,,7.26,5.656003708854891,8.75,,9.0,7.3053892215568865,-7.1905225783434386,,8.767212178218742,,-9.053114268210916,0.004702194357366771,,,,0.38,,,,58.69,
BANCOINDIA,2026-10-03,Automobile and Auto Components,,8437.0,17.5,,0.7905750915001619,2.0527980535279804,5.0,,30.2,16.18705035971223,30.9,,17.0,12.043795620437956,22.135784681494,,26.535841277186933,,14.084132764279378,0.36439169139465877,,,,3.9,,,,67.88,
BANDHANBNK,2026-10-03,Financial Services,,28356.0,21.0,,,,1.1069182389937107,,4.88,0.6408556109205964,6.41,,,,-15.332955759438605,,60.85587842416407,,,,,,,0.85,,,,37.54,
BANG,2026-10-03,,,42.6,6.68,,,0.18283261802575107,0.455732946298984,,8.55,2.631578947368421,7.15,,3.6,2.1459227467811157,,,-1.3549024365101414,,20.24961859251473,0.43617021276595747,,,,0.0,,,,67.89,
BANKA,2026-10-03,,,74.9,118.0,,,1.3258983890954152,1.8922651933701655,,1.74,0.3474980142970611,5.06,,11.74,0.6195786864931846,,,-35.923916387560105,,4.151898350753114,1.031605562579014,,,,0.0,,,,52.02,
BANKBARODA,2026-10-03,Financial Services,,119365.0,5.4,,,,0.7085889570552147,,12.7,0.8751906390005164,5.63,,,,-1.0770496651111627,,18.27181883948379,,,,,,,3.68,,,,63.97,
BANKINDIA,2026-10-03,Financial Services,,58948.0,5.0,,0.23245495602002242,,0.645,,12.4,0.9989504365268435,5.93,,,,21.509543550318313,,24.903144969022726,,,,,,,3.59,,,,73.38,
BANSALWIRE,2026-10-03,,,5058.0,35.0,,2.154093049172747,1.1524265208475735,3.533916849015317,,12.1,5.641636869288836,13.8,,7.0,3.2353611300979725,16.248137476438785,,-32.10377578425273,,21.18740971209858,0.3881118881118881,,,,0.0,,,,75.0,
BANSWRAS,2026-10-03,,,360.0,8.56,,5.524689965844251,0.2635431918008785,0.6140350877192983,,6.53,2.908805031446541,8.98,,10.0,2.7086383601756956,1.5494082116682018,,-4.012486229578749,,2.620598168481192,0.811965811965812,,,,0.95,,,,54.19,
BASF,2026-10-03,,,14791.0,24.0,,5.322222769382907,0.922880139764148,3.738512035010941,,10.9,7.6220957799905165,14.5,,6.0,4.011979784114307,4.509394108428633,,44.521888079450875,,5.197230926419394,0.03361132170836492,,,,0.73,,,,73.33,
BATAINDIA,2026-10-03,Consumer Durables,,7879.0,45.3,,,2.2175626231353784,4.943548387096774,,10.6,3.8644785600847014,12.7,,20.0,4.1092034900084435,-17.73124804157985,,7.256986226164175,,0.7040475385888589,0.8695924764890283,,,,4.08,,,,50.16,
BATLIBOI,2026-10-03,,,389.0,26.2,,,0.7842741935483871,1.685071574642127,,4.02,1.9148936170212765,6.77,,5.0,1.8145161290322582,-24.276017020192985,,,,6.123409218123199,0.3722943722943723,,,,0.73,,,,72.41,
BAYERCROP,2026-10-03,Chemicals,,15973.0,324.0,,,21.97111416781293,42.05917159763314,,15.8,6.017505470459518,20.1,,4.8,7.565337001375516,,,,,,0.33532934131736525,,,,4.22,,,,71.44,
BBL,2026-10-03,,,2339.0,20.9,,,0.9927843803056027,1.1532033426183843,,6.05,3.5989717223650386,8.37,,6.0,4.753820033955857,-5.248272870519532,,15.00263604561869,,7.9666966515582915,0.1483489403647117,,,,1.69,,,,33.65,
BBOX,2026-10-03,Information Technology,,14134.0,49.5,,2.978240897339585,2.124135858130448,10.979310344827587,,25.7,5.263157894736842,21.6,,9.0,3.3964532611962728,16.62054941365474,,24.005539167525836,,1.9361643998530909,0.8958818958818959,,,,0.13,,,,69.95,
BBTC,2026-10-03,Fast Moving Consumer Goods,,9309.0,7.51,,0.3191434362184012,0.46743660557368816,1.3221010901883052,,18.7,17.776554760594387,33.0,,18.0,12.975144363545066,23.531738860079955,,82.67507868119219,,5.192609358035738,0.2257881283726214,,,,1.27,,,,74.04,
BBTCL,2026-10-03,,,471.0,14.1,,0.5561744036761317,0.7302325581395349,3.555900621118012,,17.0,7.289293849658314,13.7,,16.0,4.961240310077519,25.351759999747546,,6.367377767424021,,19.814528297901845,1.7669172932330828,,,,0.44,,,,73.76,
BCG,2026-10-03,,,1921.0,1.9,,0.1380984060180112,0.26588235294117646,0.18167938931297709,,9.99,8.451526781244786,14.9,,25.0,14.02076124567474,13.75830507234237,,2.120529145005512,,15.723580085998101,0.0,,,,0.0,,,,18.38,
BCLIND,2026-10-03,,,922.0,7.91,,1.326580886673108,0.35694928377855206,1.0129870129870129,,13.4,7.766990291262135,13.9,,10.0,4.955478126209833,5.962697095566671,,2.3901067609227056,,6.655416230314715,0.6252747252747253,,,,1.12,,,,58.23,
BCONCEPTS,2026-10-03,,,175.0,97.9,,,0.49157303370786515,2.1116138763197587,,1.76,0.2762430939226519,7.41,,8.0,0.2808988764044944,-57.68163657907544,,6.446777983654006,,7.0739933331049,2.2195121951219514,,,,0.0,,,,52.11,
BCPL,2026-10-03,,,112.0,13.6,,0.9127329200735318,0.5137614678899083,1.1546391752577319,,6.78,5.154639175257731,9.31,,9.0,4.587155963302752,14.900306213239634,,2.161824089553188,,35.30835281141815,0.7551020408163265,,,,1.49,,,,72.86,
BDL,2026-10-03,Capital Goods,,39878.0,76.6,,,14.417208966015908,9.379310344827585,,10.2,3.6367443808460145,13.9,,13.0,18.83586406362979,-5.258728423424685,,0.8221470122183661,,5.300161762349376,0.001178967224711153,,,,0.45,,,,74.93,
BEARDSELL,2026-10-03,,,87.3,8.09,,0.8686709839140833,0.30957446808510636,0.9484978540772533,,13.2,6.214689265536723,17.1,,8.0,3.900709219858156,9.313077275296845,,29.485243173431886,,4.799933720897065,0.2391304347826087,,,,0.45,,,,52.68,
BECTORFOOD,2026-10-03,Fast Moving Consumer Goods,,6540.0,44.0,,90.38714696684349,3.0863614912694666,5.144927536231884,,11.4,8.837485172004746,14.1,,13.0,7.031618688060407,0.486794876003116,,20.062871592809106,,9.273531108470667,0.15027537372147914,,,,0.61,,,,49.04,
BEDMUTHA,2026-10-03,,,356.0,21.3,,,0.20965842167255594,2.3404255319148937,,-0.61,2.3415977961432506,11.8,,3.9,1.0011778563015312,-7.299527288951335,,12.181052631978396,,27.877425890979545,1.368421052631579,,,,0.0,,,,57.09,
BEEKAY,2026-10-03,,,830.0,19.0,,,0.6550907655880032,0.7923497267759563,,1.4,2.779573367808662,4.18,,9.0,3.3938437253354383,-30.670635085942553,,-22.73022599583786,,8.207875806341969,0.3173996175908222,,,,0.23,,,,71.92,
BEL,2026-10-03,Capital Goods,,280038.0,45.6,,2.9396348594001465,9.75164536685587,11.676829268292684,,27.4,13.807352842095808,36.4,,29.0,21.408921544729605,15.512130649214374,,20.69272376856006,,12.31628344576572,0.0027096881774220445,,,,0.65,,,,51.14,
BELLACASA,2026-10-03,,,323.0,18.0,,0.8625458426288685,0.7242152466367713,1.928,,12.7,5.960264900662252,15.2,,7.0,4.0358744394618835,20.86845604071266,,10.007299321721064,,24.700733362988238,0.47305389221556887,,,,0.0,,,,58.34,
BELRISE,2026-10-03,Automobile and Auto Components,,22970.0,45.0,,7.912725168388724,2.3455529459818236,4.054514480408859,,12.6,5.9298245614035086,14.5,,12.0,5.17716736444399,5.687041953608429,,,,9.377331909255403,0.291044776119403,,,,0.0,,,,61.14,
BEML,2026-10-03,Capital Goods,,16344.0,91.6,,,3.6031746031746033,5.573863636363637,,4.78,2.4947442186405047,7.66,,8.0,3.9241622574955906,-14.117095328243057,,6.748685610777949,,3.815715269615527,0.10531697341513292,,,,0.87,,,,54.03,
BENARAS,2026-10-03,,,1332.0,30.3,,4.452281431841946,9.0,6.264669926650367,,22.5,17.120622568093385,29.8,,42.0,29.72972972972973,6.805499711518603,,50.69757728890725,,6.944580608140205,0.018867924528301886,,,,0.24,,,,62.58,
BENGALASM,2026-10-03,,,6943.0,9.03,,,,0.6495945369184806,,8.11,6.293256075969741,3.92,,,,-42.1058591119769,,3.7666136276215845,,,,,,,0.82,,,,72.87,
BEPL,2026-10-03,,,3080.0,15.4,,4.163549070170179,2.138888888888889,2.8505747126436782,,17.3,15.56420233463035,23.8,,17.0,13.88888888888889,3.6987675035064616,,-10.575989016727217,,5.624280124798853,-0.0,,,,3.23,,,,57.48,
BERGEPAINT,2026-10-03,Consumer Durables,,52750.0,43.0,,31.201790755035024,4.301557530783658,7.622259696458685,,17.3,12.137518684603886,21.6,,16.0,9.932316725108048,1.3781260292908382,,7.894785852510577,,3.0716340502903394,0.0918028046841116,,,,0.88,,,,74.98,
BESTAGRO,2026-10-03,,,620.0,20.9,,,0.48742138364779874,0.8064516129032259,,1.11,1.784651992861392,5.15,,10.0,2.358490566037736,-34.5058214796819,,-22.215788428676397,,-12.101166561595967,0.5755208333333334,,,,0.57,,,,50.44,
BETA,2026-10-03,,,2298.0,50.4,,7.651168603356963,5.6048780487804875,8.601659751037344,,18.8,9.274193548387096,19.2,,20.0,11.219512195121952,6.587229038174236,,12.19152031901498,,11.471552198378166,0.6040816326530613,,,,0.0,,,,59.1,
BFINVEST,2026-10-03,,,1614.0,4.14,,,20.692307692307693,0.18923687692986327,,3.65,4.151586118799234,4.86,,85.0,500.0,-3.5147645910321046,,14.524246814351116,,21.957556864842175,0.0,,,,2.33,,,,74.13,
BFUTILITIE,2026-10-03,,,1901.0,12.4,,0.29299425229450177,2.271206690561529,9.439252336448599,,113.0,13.926658426040378,29.9,,74.0,40.38231780167264,42.32164932551714,,49.348278676564036,,17.7251803114417,4.6138613861386135,,,,0.0,,,,56.73,
BHAGCHEM,2026-10-03,,,3062.0,111.0,,16.812721460946577,5.0444810543657335,4.386617100371748,,2.63,2.5,4.53,,13.0,4.612850082372323,6.602143517207271,,-9.436890975400614,,14.158830060594664,0.336676217765043,,,,0.06,,,,19.6,
BHAGYANGR,2026-10-03,,,1349.0,21.5,,1.9226477388784797,0.5194455140546784,5.0062111801242235,,20.2,9.921259842519685,20.2,,4.9,2.4258760107816713,11.182495662227442,,41.51845445548539,,22.033735935099475,1.0077821011673151,,,,0.0,,,,65.8,
BHANDARI,2026-10-03,,,93.9,213.0,,,4.465049928673324,,,4.35,2.767295597484277,8.79,,-0.33,2.0922491678554445,,,,,,0.36524822695035464,,,,0.35,,,,41.83,
BHARATCOAL,2026-10-03,,,14786.0,,,,1.1452250019363333,2.564516129032258,,1.91,-0.5609089601610815,4.05,,-6.0,-0.9062040120827201,,,,,-3.2266785733156444,0.38795639383976466,,,,0.0,,,,90.0,
BHARATFORG,2026-10-03,Automobile and Auto Components,,91626.0,90.7,,,5.222937923958274,9.375,,12.0,3.219714003057829,12.6,,17.0,4.081399988599442,-10.249396771084518,,-8.65889585865175,,3.808792159929708,0.7629436325678497,,,,0.45,,,,43.12,
BHARATRAS,2026-10-03,,,1660.0,11.4,,0.7896899304760506,1.3798836242726518,1.302477183833116,,12.2,9.979064898813677,16.0,,15.0,11.886949293433084,14.436045794743402,,-4.0461708785884065,,4.8387199159842575,0.0007849293563579278,,,,0.05,,,,74.99,
BHARATSE,2026-10-03,,,1285.0,27.2,,1.1984322658929953,0.6113225499524263,5.601092896174864,,20.4,6.241519674355495,20.2,,5.0,2.1883920076117986,22.69631816006914,,31.14229433514084,,25.359166941947752,0.4782608695652174,,,,0.73,,,,74.66,
BHARATWIRE,2026-10-03,,,1101.0,11.4,,,1.770096463022508,3.9215686274509807,,42.2,11.497005988023952,18.7,,26.0,15.434083601286176,,,,,,1.8525179856115108,,,,0.0,,,,41.27,
BHARTIARTL,2026-10-03,Telecommunication,,1086728.0,34.8,,0.6389165062780638,4.93857277242796,7.106122448979592,,20.3,6.676714835534579,17.6,,57.0,16.547678017168906,54.46721075140706,,46.41612523073264,,13.630108028239807,1.310988413828267,,,,1.38,,,,50.07,
BHARTIHEXA,2026-10-03,Telecommunication,,68960.0,37.3,,0.697627208954914,7.182585147380482,9.643356643356643,,26.0,9.574300561650308,21.4,,53.0,18.998021039475056,53.46695129032819,,-11.448051059451503,,10.639574727851597,0.8565247732030705,,,,1.31,,,,70.0,
BHEL,2026-10-03,Capital Goods,,146595.0,60.3,,0.573657514932418,4.0728752813046984,5.605858854860187,,6.23,3.1630423473103733,9.14,,9.0,6.756869391270524,105.11498312212275,,40.42791289862584,,14.634617912128189,0.313126290828425,,,,0.33,,,,58.17,
BIGBLOC,2026-10-03,,,549.0,327.0,,,1.7941176470588236,3.9958805355303806,,-1.25,-1.0282776349614395,1.87,,7.0,-1.3071895424836601,-61.959905762990374,,-36.25365645308462,,7.987060042582783,1.4744525547445255,,,,0.0,,,,72.81,
BIKAJI,2026-10-03,Fast Moving Consumer Goods,,12638.0,48.3,,,4.109918699186992,7.862714508580344,,17.5,11.429852084267145,19.8,,13.0,8.292682926829269,-0.9515324919378565,,27.004998662286404,,9.704694034600948,0.18606098319850653,,,,0.25,,,,73.88,
BIL,2026-10-03,,,1324.0,51.7,,0.1384778098504211,0.912474155754652,2.721763085399449,,2.87,1.914580265095729,9.53,,8.0,1.7918676774638183,373.3450150305275,,,,23.091842314267865,1.1129363449691991,,,,0.0,,,,61.17,
BIMETAL,2026-10-03,,,245.0,21.4,,5.432838197464095,0.8032786885245902,1.0684474123539232,,5.08,3.6544850498338874,6.85,,6.0,3.606557377049181,3.939009265909843,,20.60484076720539,,9.234877834550549,0.017467248908296942,,,,2.11,,,,74.88,
BIOCON,2026-10-03,Healthcare,,60413.0,83.1,,,3.4878471219906473,1.7666666666666666,,1.4,0.6560582882556104,3.61,,20.0,2.401708908261648,-26.666925336211623,,-9.052848045112638,,5.487606506061349,0.45352766595163235,,,,0.13,,,,44.68,
BIOFILCHEM,2026-10-03,,,47.7,99.4,,,1.38986013986014,2.2196969696969697,,-2.83,1.1204481792717085,2.97,,2.27,1.3986013986013985,-11.985101445609192,,-6.946961300879407,,-5.008574840700342,0.14007421150278293,,,,0.0,,,,46.79,
BIRLACORPN,2026-10-03,Construction Materials,,6384.0,11.5,,1.197020352123349,0.6482534524776604,0.8671548117154811,,7.83,3.8075601374570445,9.78,,15.0,5.625507717303005,9.607188365344488,,6.796987945664923,,0.6584551830540963,0.46042090970807875,,,,1.51,,,,62.9,
BIRLAMONEY,2026-10-03,,,638.0,67.0,,1.6143380534222138,3.7093023255813953,38.6986301369863,,26.0,2.0202020202020203,12.4,,19.0,5.813953488372093,41.503079146259104,,,,10.639000049405013,15.823529411764707,,,,0.0,,,,73.53,
BIRLANU,2026-10-03,,,1049.0,,,,0.27232606438213913,0.9449728260869565,,-14.9,-3.5493324649951155,-4.29,,1.1,-2.829698857736241,,,,,4.505103673368738,1.0009000900090008,,,,1.08,,,,40.57,
BIRLAPREC,2026-10-03,,,383.0,27.8,,2.27809737716744,1.5443548387096775,2.1875,,6.54,4.375,9.4,,5.0,5.64516129032258,12.203165799069659,,3.38821845771875,,3.1448971686827587,0.3028571428571429,,,,0.09,,,,61.68,
BLACKBUCK,2026-10-03,Services,,11047.0,64.3,,,15.493688639551193,7.749360613810741,,12.2,9.735023041474653,12.8,,25.0,23.70266479663394,,,,,33.899110973209076,0.04149085794655415,,,,0.0,,,,25.0,
BLAL,2026-10-03,,,657.0,287.0,,,335.2040816326531,585.1851851851851,,0.9,17.480916030534353,-193.0,,55.1,116.83673469387756,,,,,,0.0,,,,0.0,,,,54.03,
BLBLIMITED,2026-10-03,,,88.0,3.22,,0.016328923536349668,0.11796246648793565,0.6747967479674797,,29.3,24.81203007518797,40.2,,6.0,4.423592493297587,197.19609763815646,,76.29003544111777,,17.065419261724312,0.0,,,,0.0,,,,45.77,
BLEL,2026-10-03,,,1980.0,28.9,,,3.7148217636022514,,,23.6,17.66304347826087,30.9,,17.0,12.195121951219512,-38.730743247715836,,,,4.880579382564676,0.058823529411764705,,,,0.0,,,,70.84,
BLIL,2026-10-03,,,1443.0,8.05,,1.5785818559346574,0.5162790697674419,1.0030864197530864,,12.7,7.987492893689597,16.9,,13.0,10.053667262969588,5.099513826119395,,15.27209089480197,,5.607482845308898,0.15288394718554552,,,,6.61,,,,59.67,
BLKASHYAP,2026-10-03,,,1132.0,30.8,,,0.8155619596541787,2.1452991452991457,,1.97,0.060168471720818295,12.6,,8.0,0.07204610951008646,-79.52496317403374,,-59.987187697563606,,3.690755364411835,0.5673624288425048,,,,0.0,,,,61.73,
BLS,2026-10-03,Consumer Services,,8915.0,12.6,,0.40430408167866383,2.8052234109502834,3.62876254180602,,32.1,19.776714513556616,29.8,,27.0,23.41095028319698,31.164661874510415,,44.5236908522834,,23.748594987243333,0.1749898497766951,,,,1.15,,,,70.39,
BLSE,2026-10-03,,,2926.0,50.3,,2.216860819686285,2.4838709677419355,5.6,,10.7,9.186351706036746,16.4,,7.0,5.942275042444821,22.689741978081468,,-74.00177389313723,,57.589132549545205,0.011472275334608031,,,,0.31,,,,71.87,
BLUECLOUDS,2026-10-03,,,1835.0,28.6,,0.7489053341562586,1.6865808823529411,1.6178861788617884,,11.6,4.681784930504755,14.2,,15.0,5.88235294117647,38.189072364161625,,,,29.41215207115406,0.2914409534127844,,,,0.0,,,,38.44,
BLUEDART,2026-10-03,Services,,10671.0,32.9,,,1.678621991505427,6.004005340453938,,15.7,6.954204022292222,15.8,,16.0,4.51470819568979,-1.5695151485737635,,-5.564694013164062,,6.463845362192555,0.642656162070906,,,,0.56,,,,75.0,
BLUEJET,2026-10-03,Healthcare,,10255.0,72.8,,,20.551102204408817,,,52.1,25.37313432835821,57.3,,41.0,27.25450901803607,,,,,,0.15588235294117647,,,,0.22,,,,73.15,
BLUESTARCO,2026-10-03,Consumer Durables,,30012.0,56.7,,8.019668057822013,2.345053914674168,8.74251497005988,,17.2,5.9414030582467605,21.2,,7.0,3.977183934989842,7.070118063639486,,23.248479547174217,,9.735587623650677,0.23608277470125327,,,,0.58,,,,36.49,
BLUESTONE,2026-10-03,Consumer Durables,,12038.0,214.0,,,4.490115628496829,6.677966101694915,,1.11,1.0884902237452125,6.78,,16.0,2.0141738157403952,,,,,,1.1022222222222222,,,,0.0,,,,16.25,
BLUSPRING,2026-10-03,,,2210.0,146.0,,,0.6253537068477646,3.303571428571429,,-0.53,-1.0083036773428233,5.22,,2.5,-0.48104131295981895,,,,,9.631643290844249,0.20359281437125748,,,,0.0,,,,58.05,
BMWVENTLTD,2026-10-03,,,441.0,11.0,,,0.18352059925093633,0.9960784313725489,,11.5,5.319148936170213,12.0,,3.5,1.6645859342488558,-0.7812819162562712,,-25.53637701758642,,7.4319188320537855,0.583710407239819,,,,2.95,,,,73.01,
BNAGROCHEM,2026-10-03,,,2228.0,130.0,,,2.4034519956850056,4.779874213836478,,8.01,3.2319391634980987,4.44,,-0.5,1.8338727076591153,,,,,409.71478532645847,0.10920770877944326,,,,0.0,,,,5.93,
BODALCHEM,2026-10-03,,,2390.0,34.8,,0.2890415415322491,1.0542567269519187,2.0674646354733404,,1.97,2.953767123287671,5.59,,8.0,3.043670048522276,120.3979186366098,,-8.493358401574525,,17.568895300907794,0.7026793431287813,,,,0.0,,,,57.0,
BOHRAIND,2026-10-03,,,31.2,,,,,0.4224137931034483,,-4.68,-3.548669249031613,-4.93,,-9952.17,,,,,,,0.015991326738040386,,,,0.0,,,,33.39,
BOMDYEING,2026-10-03,,,2120.0,99.0,,,1.419959812458138,0.9279279279279279,,0.28,0.6749915626054674,1.27,,-2.8,1.3395847287340925,-81.06007485449078,,,,-4.009308158501668,0.001312910284463895,,,,0.39,,,,53.57,
BONLON,2026-10-03,,,65.5,24.9,,4.960554916267466,0.10061443932411675,0.6578947368421053,,2.9,1.8292682926829267,5.4,,1.0,0.4608294930875576,5.019599706142519,,-9.070412193189048,,60.31517515971214,0.3838383838383838,,,,0.0,,,,71.21,
BORANA,2026-10-03,,,727.0,10.6,,,1.7818627450980393,2.5754716981132075,,34.5,18.852459016393443,32.5,,25.0,16.911764705882355,-83.66176566820153,,-57.200607121638605,,27.038598974503515,0.25177304964539005,,,,0.0,,,,65.23,
BOROLTD,2026-10-03,,,3351.0,45.9,,72.43661259302347,2.7534921939194743,3.7735849056603774,,8.82,5.46021840873635,11.1,,14.0,5.751848808545604,0.6336574607358259,,-4.377800683324507,,9.223117276155723,0.1668545659526494,,,,0.0,,,,64.68,
BORORENEW,2026-10-03,Capital Goods,,6617.0,17.8,,,4.097213622291021,4.166666666666667,,25.7,22.904109589041095,25.3,,31.0,25.882352941176475,,,35.930303454638434,,5.6116166474309725,0.10721376571806751,,,,0.0,,,,56.01,
BOROSCI,2026-10-03,,,1003.0,22.6,,1.0125301202137529,2.098326359832636,2.278225806451613,,9.51,7.962962962962964,12.1,,14.0,8.99581589958159,22.320323661313868,,,,6.835095655843126,0.02040816326530612,,,,0.0,,,,68.27,
BOSCH-HCIL,2026-10-03,,,5349.0,265.0,,,1.818150917743032,10.690217391304348,,2.36,0.26109660574412535,4.78,,2.5,0.1699524133242692,,,-22.019092780500536,,15.307059700478053,0.164,,,,1.83,,,,74.52,
BOSCHLTD,2026-10-03,Automobile and Auto Components,,134148.0,56.8,,,6.361342943854325,9.036360023842638,,14.6,10.899446494464945,21.5,,13.0,11.205424886191198,-1.7449027483962043,,14.16889390430991,,8.028690575146925,0.008015627104944092,,,,0.59,,,,70.54,
BPCL,2026-10-03,Oil Gas & Consumable Fuels,,130415.0,8.41,,,0.26402256080525716,1.303030303030303,,28.8,6.890948289731956,25.6,,5.0,3.4683391570875024,-13.925974727157842,,7.951369956331966,,3.302146662370231,0.5433109382955147,,,,5.82,,,,52.98,
BPL,2026-10-03,,,222.0,,,,2.775,0.9340206185567009,,-0.47,-2.100840336134454,0.99,,-14.0,-18.75,,,,,6.622456426143497,0.44813278008298757,,,,0.0,,,,63.13,
BPLPHARMA,2026-10-03,,,1186.0,,,,3.671826625386997,3.675213675213675,,-2.54,-4.893964110929853,-1.87,,3.3,-9.287925696594428,,,,,7.362843438414002,0.453416149068323,,,,0.06,,,,67.2,
BRAHMINFRA,2026-10-03,,,432.0,7.08,,0.1344246607850435,1.1134020618556701,1.2521008403361344,,18.9,8.507670850767084,18.2,,23.0,15.721649484536082,52.66890731695075,,53.72150851141988,,20.81930919765249,0.3681159420289855,,,,0.0,,,,74.05,
BRIGADE,2026-10-03,Realty,,18582.0,27.3,,2.058608116844134,3.359002169197397,2.727272727272727,,10.5,2.9919096321172343,10.5,,26.0,14.172089660159074,13.26138752520376,,51.148265518907586,,4.147941180568715,0.9300689048526609,,,,0.35,,,,41.1,
BRIGHOTEL,2026-10-03,,,2163.0,31.7,,,4.096590909090909,2.257936507936508,,11.2,5.426917510853835,12.8,,33.0,14.204545454545455,-80.69251311220964,,,,9.513911226375726,0.32254697286012524,,,,0.0,,,,74.09,
BRIGHTBR,2026-10-03,,,137.0,24.0,,,0.345088161209068,1.704225352112676,,7.53,2.3529411764705883,11.7,,7.0,1.5113350125944585,,,-29.087491240924923,,17.45589201889084,0.8765432098765432,,,,0.0,,,,54.54,
BRITANNIA,2026-10-03,Fast Moving Consumer Goods,,115087.0,44.2,,6.5359562267980715,5.893133288954887,22.537735849056602,,53.5,26.82425488180884,56.0,,18.0,13.364739618003993,6.762591190371747,,11.295783396603643,,5.21014364819834,0.2702702702702703,,,,1.89,,,,50.55,
BRNL,2026-10-03,,,135.0,,,,0.8709677419354839,0.3333333333333333,,-8.15,-11.142061281337048,-6.53,,-81.0,-103.2258064516129,,,,,-25.837783611472553,1.0769230769230769,,,,0.0,,,,51.73,
BSE,2026-10-03,Financial Services,,124241.0,43.9,,0.8181274747665789,22.83002572583609,18.573170731707318,,46.0,20.98765432098765,60.0,,64.0,51.85593531789783,53.65911957977596,,61.81020894883433,,51.404050175107145,0.0,,,,0.33,,,,,
BSHSL,2026-10-03,,,881.0,30.7,,3.490620447109575,2.355614973262032,6.72,,22.6,11.41732283464567,16.0,,10.0,7.754010695187167,8.794998042660662,,22.245400977020502,,13.468996040435655,0.8244274809160306,,,,0.0,,,,73.85,
BSL,2026-10-03,,,122.0,33.5,,,0.18236173393124067,1.0085470085470085,,1.85,0.625,5.99,,8.0,0.5979073243647235,-31.34850724850118,,-20.548890265382546,,0.14992526197643574,3.658333333333333,,,,0.0,,,,56.72,
BSOFT,2026-10-03,Information Technology,,7544.0,12.6,,,1.3960029607698001,1.836734693877551,,14.1,10.881124192935815,21.2,,17.0,10.603256846780162,-3.181370366306868,,4.343690739466388,,0.7895063613786002,0.034281546316557256,,,,2.41,,,,40.38,
BTML,2026-10-03,,,129.0,19.6,,0.8255494695193752,1.015748031496063,1.5514223194748358,,13.6,4.733727810650888,16.7,,12.0,6.299212598425196,23.741763181570306,,14.869835499703509,,25.66314238283698,0.43373493975903615,,,,0.0,,,,24.27,
BUILDPRO,2026-10-03,,,3029.0,22.8,,,0.42381418777109275,5.551111111111111,,25.9,8.224299065420562,39.0,,3.3,1.846928781306842,-91.26132491922803,,,,13.968677019753262,0.11192660550458716,,,,0.4,,,,40.17,
BURNPUR,2026-10-03,,,21.6,18.5,,,0.2623906705539359,0.9264705882352942,,1.08,0.3620833720174543,2.42,,8.41,1.4212827988338192,-6.266887573435875,,-15.759134699787136,,21.198109465245164,1.5295375568029939,,,,0.0,,,,1.98,
BUTTERFLY,2026-10-03,,,984.0,20.0,,0.23053978083236096,1.0144329896907216,2.644230769230769,,12.0,8.586762075134168,16.8,,9.0,4.948453608247423,86.75292362901645,,24.425429484750637,,1.3772916036498994,0.021505376344086023,,,,0.0,,,,75.0,
BVCL,2026-10-03,,,91.7,45.4,,,0.42453703703703705,0.7314487632508834,,0.23,0.9523809523809524,4.48,,6.0,0.9259259259259258,-34.71232345590612,,,,-2.6328111832561674,0.232,,,,0.0,,,,52.72,
CALSOFT,2026-10-03,,,296.0,20.3,,0.11778797559489147,11.84,6.232876712328767,,32.7,30.0,42.0,,82.0,60.0,172.34356815688767,,22.24298041980464,,84.20157493201931,0.04878048780487805,,,,0.0,,,,62.26,
CAMLINFINE,2026-10-03,,,1748.0,,,,0.9474254742547426,1.6789667896678966,,3.75,0.04310344827586207,4.78,,4.6,0.05420054200542006,,,-39.05812941667802,,8.262317952210395,0.69164265129683,,,,0.0,,,,48.03,
CAMPUS,2026-10-03,Consumer Durables,,6292.0,46.3,,,5.269681742043551,,,29.5,11.20331950207469,31.8,,20.0,9.045226130653267,-90.32957059912987,,,,26.133114737827825,0.6768149882903981,,,,0.73,,,,72.08,
CAMS,2026-10-03,Financial Services,,16824.0,34.0,,2.9457198414605474,10.80539499036609,12.701688555347092,,36.3,27.142067440574902,47.0,,46.0,31.535003211303792,11.542170277517672,,11.209526998507503,,11.047652613871573,0.04844814534443603,,,,1.85,,,,0.0,
CANBK,2026-10-03,Financial Services,,107360.0,5.41,,0.5921651641987487,,0.8676470588235294,,16.1,1.0505874716861165,6.52,,,,9.135964638041827,,26.528511145051816,,,,,,,3.55,,,,62.93,
CANFINHOME,2026-10-03,Financial Services,,9467.0,8.38,,0.574243356451393,,1.5835189309576838,,19.7,2.546134607151709,9.14,,,,14.593116151635144,,19.115579039168807,,,,,,,2.11,,,,29.99,
CANHLIFE,2026-10-03,Financial Services,,13666.0,104.0,,19.568112823795072,1.1133197556008148,8.372093023255815,,8.11,0.2725929625236698,8.35,,0.5,1.0672097759674135,5.314769029414768,,66.08271012834541,,1.20711379151055,0.1557632398753894,,,,0.28,,,,62.0,
CANTABIL,2026-10-03,,,1879.0,19.3,,1.199531950347112,2.152348224513173,3.9335664335664333,,22.1,8.319039451114923,19.4,,31.0,11.11111111111111,16.089608946568788,,20.09181615265394,,12.32536638234565,1.1380753138075315,,,,0.67,,,,74.46,
CAPACITE,2026-10-03,,,1526.0,8.23,,0.53218440256493,0.5732531930879038,0.7964601769911505,,10.4,4.742478327383988,15.5,,16.0,6.987227648384674,15.4645644636229,,25.504150172735642,,11.275693521414487,0.25301204819277107,,,,0.0,,,,31.69,
CAPILLARY,2026-10-03,Information Technology,,4415.0,86.2,,,5.443896424167694,4.3023255813953485,,2.95,3.233256351039261,3.42,,14.0,5.178791615289765,,,,,15.598939597325456,0.052734375,,,,0.0,,,,51.45,
CAPITALSFB,2026-10-03,,,1262.0,8.37,,0.8166531431499495,,0.8501529051987767,,10.1,1.2434123847167327,7.07,,,,10.249149311684146,,,,,,,,,1.8,,,,18.29,
CAPLIPOINT,2026-10-03,Healthcare,,20006.0,30.1,,2.2640037856615502,8.74770441626585,5.941309255079007,,20.9,16.79049034175334,24.2,,35.0,29.645824223874072,13.29503077275318,,17.214173365762562,,10.52255586384334,0.0655786350148368,,,,0.3,,,,70.57,
CARBORUNIV,2026-10-03,Capital Goods,,23617.0,94.2,,,4.362209087550794,6.048780487804878,,6.92,3.566685638398786,10.5,,11.0,3.47247875877355,-23.177513643964065,,-8.946921014235265,,4.812209330472839,0.1058974358974359,,,,0.32,,,,38.9,
CARERATING,2026-10-03,,,4827.0,27.2,,1.3159927909561662,9.830957230142566,5.170967741935484,,19.7,16.289592760180994,26.3,,42.0,36.65987780040733,20.66880623277365,,18.479799605285695,,13.932546087184217,0.027896995708154508,,,,1.37,,,,,
CARRARO,2026-10-03,,,2945.0,21.1,,0.7389271564258432,1.2765496315561335,5.216515609264854,,26.7,10.480693459416864,29.3,,9.0,5.76506285218899,28.554912099941944,,42.76853336489521,,8.84598603388309,0.2743362831858407,,,,1.3,,,,68.77,
CARTRADE,2026-10-03,Consumer Services,,13644.0,57.3,,0.37886324501558777,16.907063197026023,5.408477842003854,,9.65,8.40810900631439,11.8,,34.0,31.350681536555143,151.24190787534027,,,,18.093452147478907,0.05636070853462158,,,,0.0,,,,,
CARYSIL,2026-10-03,,,2972.0,27.6,,1.3623293259789095,3.099061522419187,4.883177570093458,,17.4,10.36468330134357,18.0,,19.0,11.261730969760167,20.25941853682689,,9.129918021786597,,11.923384666930925,0.46469622331691296,,,,0.29,,,,41.34,
CASTROLIND,2026-10-03,Oil Gas & Consumable Fuels,,19687.0,18.2,,2.559692366489936,3.165621482553465,10.310880829015543,,45.9,27.37113402061856,60.3,,24.0,17.0767004341534,7.110229431577109,,6.992935300560155,,7.010937805557682,0.02776322682032478,,,,4.4,,,,51.0,
CCAVENUE,2026-10-03,Financial Services,,5330.0,18.0,,0.692517978335353,0.5601092896174863,1.125,,6.64,4.396055875102712,7.72,,4.0,3.373266078184111,25.99210498948732,,28.189906950220678,,44.559940186651104,0.09060261272650653,,,,0.0,,,,27.29,
CCCL,2026-10-03,,,601.0,,,,1.651098901098901,2.1474358974358974,,-4.32,-0.8080808080808081,-1.85,,-6.0,-1.098901098901099,,,,,40.586417021611254,0.0,,,,0.0,,,,60.05,
CCHHL,2026-10-03,,,212.0,26.7,,,3.0285714285714285,0.7142857142857143,,-5.74,-3.4682080924855487,-3.72,,-25.0,-25.71428571428571,,,,,10.415886963424924,0.0802675585284281,,,,0.0,,,,73.8,
CCL,2026-10-03,Fast Moving Consumer Goods,,14109.0,32.6,,1.6275305730809628,3.0658409387222947,6.005681818181818,,18.0,10.009246417013408,15.8,,17.0,9.408952629291614,20.03034569008879,,16.092441947591716,,20.13841517969397,0.5646055437100214,,,,0.54,,,,46.14,
CDSL,2026-10-03,Financial Services,,25968.0,55.1,,13.793675731594734,22.025445292620866,13.2409381663113,,24.5,19.429516329061595,32.0,,50.0,39.86429177268872,3.9945842625394024,,8.655163511441021,,13.236366473905136,0.0010204081632653062,,,,1.03,,,,15.0,
CEATLTD,2026-10-03,Automobile and Auto Components,,13294.0,20.9,,,0.8073115928827351,2.635926222935044,,16.1,4.236800460365415,19.2,,12.0,3.576850671039048,-2.8233447673889245,,52.63109278519662,,11.301329251570369,0.6484344034879113,,,,1.06,,,,47.29,
CEIGALL,2026-10-03,,,6622.0,20.6,,,1.5941261434761675,3.089430894308943,,15.7,5.81205866376969,17.3,,15.0,7.727491574386133,-1.9366479149844573,,2.775436252179442,,11.102135415714297,0.6131898971000935,,,,0.13,,,,82.05,
CEINSYS,2026-10-03,,,1370.0,10.2,,0.2146973500815382,2.069486404833837,2.0373831775700935,,24.8,14.301075268817204,27.7,,23.0,20.090634441087612,47.508737281229706,,63.08172199216231,,37.79892284159501,0.08469539375928678,,,,0.53,,,,50.88,
CELEBRITY,2026-10-03,,,40.4,,,,0.25569620253164554,4.201342281879194,,-104.0,-9.821428571428571,-12.3,,-1.6,-6.962025316455696,,,,,-22.769711774996793,5.8,,,,0.0,,,,33.15,
CELLO,2026-10-03,Consumer Durables,,7287.0,22.9,,,3.139595002154244,2.6475409836065573,,13.2,10.792804796802132,17.4,,20.0,13.959500215424386,-3.3365855744207695,,-85.28175034968709,,5.086851798212488,0.014068863383931877,,,,0.46,,,,73.5,
CEMPRO,2026-10-03,Construction,,20252.0,33.7,,1.121861856354209,1.984517393434591,8.42142857142857,,27.8,8.495625176404177,32.8,,10.0,5.899069083782459,30.039349149027306,,54.26206935939653,,9.757973087305349,0.41725719049604004,,,,0.25,,,,67.46,
CENTENKA,2026-10-03,,,1175.0,7.91,,0.15508467928594644,0.6324004305705059,0.7854014598540145,,6.14,7.941653160453808,8.23,,11.0,7.911733046286329,51.00439344763048,,,,2.133075456325617,0.014705882352941176,,,,2.05,,,,24.87,
CENTEXT,2026-10-03,,,200.0,15.6,,0.8620536538517763,0.3898635477582846,2.413793103448276,,14.0,6.417112299465241,19.3,,7.0,2.3391812865497075,18.096321418390858,,14.869835499703509,,11.00998205823094,0.7469879518072289,,,,0.0,,,,52.04,
CENTRALBK,2026-10-03,Financial Services,,27154.0,5.95,,0.3311450719620415,,0.663716814159292,,11.9,0.8294636522168328,5.64,,,,17.9679557504695,,32.37371895505046,,,,,,,4.0,,,,81.19,
CENTRUM,2026-10-03,,,969.0,,,,0.2659895690365084,3.1093749999999996,,-84.6,-1.5035144067402133,7.33,,26.0,-8.866318967883613,,,,,17.91571956007938,51.467948717948715,,,,0.0,,,,39.44,
CENTUM,2026-10-03,,,6941.0,79.4,,0.4197838153071155,6.554296506137866,20.180257510729614,,-12.5,3.760552570990023,25.5,,12.0,4.627006610009444,189.14497678265812,,,,-0.9874140781886642,0.358600583090379,,,,0.11,,,,46.82,
CENTURYPLY,2026-10-03,Consumer Durables,,14807.0,49.9,,,2.5577820003454828,5.6923076923076925,,10.8,5.895110410094637,11.5,,12.0,5.1649680428398685,-3.7710049696982106,,-1.46154906869701,,14.208979535100386,0.6762452107279694,,,,0.15,,,,71.83,
CERA,2026-10-03,Consumer Durables,,6573.0,26.6,,4.578939286323049,3.374229979466119,4.857959961868446,,18.2,13.311862587224907,22.4,,15.0,12.73100616016427,5.8092056558714855,,19.74057110829954,,2.4794515674993134,0.04951958610495196,,,,1.47,,,,54.41,
CESC,2026-10-03,Power,,17447.0,11.2,,2.711725186330709,0.9254230096005941,1.3968253968253967,,12.0,3.5076393372068,10.9,,18.0,8.645838858537102,4.130212034927827,,2.716626911301856,,7.224968254753228,1.7295291300877893,,,,4.56,,,,52.11,
CEWATER,2026-10-03,,,525.0,,,,0.9704251386321626,0.9166666666666666,,3.57,-0.7352941176470588,6.76,,2.5,-1.2939001848428837,,,,,2.867999036294311,0.29246935201401053,,,,0.0,,,,51.43,
CFEL,2026-10-03,,,113.0,15.8,,,0.738562091503268,0.6711111111111111,,3.8,1.9704433497536946,3.28,,11.0,5.228758169934641,-5.859936975398172,,17.71061673420389,,-4.560917780044649,1.0,,,,0.55,,,,61.87,
CGCL,2026-10-03,Financial Services,,23980.0,21.3,,0.4162969468024643,,3.3244325767690253,,16.5,3.452074917370547,11.7,,,,51.16540047579785,,36.29235933324091,,,,,,,0.08,,,,59.92,
CGPOWER,2026-10-03,Capital Goods,,138484.0,109.0,,,10.801341549021137,17.371541501976285,,20.5,9.807023093957607,26.7,,13.0,9.671632477965836,-5.269199170659611,,4.636537111583072,,16.80119622597356,0.014805520702634882,,,,0.15,,,,56.36,
CGVAK,2026-10-03,,,74.4,7.28,,,1.0062212604814715,0.901840490797546,,12.3,9.214323890967396,17.2,,19.79,11.65810116310522,-2.256974795321809,,-0.9229193710737493,,-2.0083341754627115,0.029608057274602598,,,,0.68,,,,53.87,
CHALET,2026-10-03,Consumer Services,,18182.0,34.0,,1.6020105511951177,7.61709258483452,4.911242603550296,,19.0,7.245780156442981,17.0,,45.0,22.119815668202765,21.223330879210266,,,,18.98554100117311,0.6403461330448891,,,,0.24,,,,67.29,
CHAMBLFERT,2026-10-03,Chemicals,,15998.0,8.3,,0.5623945878652294,0.7950106842916066,1.5346153846153847,,20.0,13.387029579225107,25.2,,14.0,9.581076380261393,14.758321255376284,,5.046446443811203,,3.8517399754635084,0.10261337432744043,,,,2.75,,,,61.34,
CHEMBOND,2026-10-03,,,239.0,15.8,,1.6748337087431742,0.9018867924528302,1.424,,8.84,6.8493150684931505,10.8,,7.0,5.660377358490567,9.433772390368599,,1.0185017192066326,,14.184886325377732,0.023952095808383235,,,,1.13,,,,68.11,
CHEMCRUX,2026-10-03,,,116.0,27.9,,,1.3475836431226766,1.506743737957611,,3.01,3.2564344005021977,6.43,,14.17,4.8210966542750935,-21.096840866245948,,-22.523245531198665,,3.1334474616300456,0.447234873129473,,,,1.28,,,,72.92,
CHEMFAB,2026-10-03,,,472.0,,,,1.6109215017064846,1.2567049808429118,,-2.49,-0.0,1.03,,9.0,-0.0,,,,,-3.5934320045909907,0.336,,,,0.38,,,,72.14,
CHEMPLASTS,2026-10-03,,,3029.0,,,,0.7128736173217227,1.7297297297297298,,-6.8,-6.191607284243863,0.34,,1.6,-9.202165215344788,,,,,2.696617838851867,1.1122507122507121,,,,0.0,,,,54.99,
CHENNPETRO,2026-10-03,Oil Gas & Consumable Fuels,,20049.0,4.8,,0.320169566367327,0.26312059529902754,1.804289544235925,,31.8,20.78167786905651,34.9,,8.0,5.4779059543026625,14.992055786129942,,25.290175141515636,,4.892719888632269,0.17679359078224863,,,,4.6,,,,67.29,
CHEVIOT,2026-10-03,,,682.0,64.1,,,5.590163934426229,,,9.08,8.02919708029197,,,11.0,9.01639344262295,,,,,,0.03418803418803419,,,,2.14,,,,74.88,
CHOICEIN,2026-10-03,Financial Services,,16027.0,70.3,,4.19643140827174,13.422948073701843,9.586666666666666,,16.1,7.044625315745158,17.9,,35.0,21.02177554438861,16.75232910072808,,31.156447157157952,,16.45572508459434,0.5430622009569378,,,,0.0,,,,53.66,
CHOLAFIN,2026-10-03,Financial Services,,134990.0,23.5,,1.2686056406236885,,4.42577030812325,,19.4,2.343062481666178,9.71,,,,18.524275194335903,,20.916698480500905,,,,,,,0.13,,,,49.23,
CHOLAHLDNG,2026-10-03,Financial Services,,25718.0,9.64,,0.6595771036463692,,1.6646415552855407,,17.5,2.241634399305336,9.75,,,,14.61542546990604,,21.134451787479858,,,,,,,0.09,,,,46.44,
CIEINDIA,2026-10-03,Automobile and Auto Components,,14277.0,15.9,,,1.4281284385315596,1.8431372549019607,,11.8,7.981967647838769,14.7,,15.0,9.032709812943883,-7.061409245265738,,18.085378995648927,,2.511810847123752,0.06625339015885316,,,,1.86,,,,65.7,
CIFL,2026-10-03,,,812.0,,,,,1.2093023255813955,,-8.63,1.4626218851570965,1.17,,,,49.380158218572156,,,,,,,,,0.0,,,,72.59,
CINELINE,2026-10-03,,,328.0,39.6,,,1.5545023696682465,2.057416267942584,,5.66,-5.7324840764331215,4.75,,19.0,-8.530805687203792,,,,,67.37476509694062,0.7412587412587412,,,,1.45,,,,68.18,
CINEVISTA,2026-10-03,,,78.3,12.8,,,2.918374953410362,1.3793103448275863,,11.4,4.411870893205286,14.4,,41.71,22.773015281401417,,,,,293.6008237974413,0.2712822324267043,,,,0.0,,,,67.49,
CIPLA,2026-10-03,Healthcare,,108578.0,30.3,,,3.8334274819940686,3.1549295774647885,,11.6,7.925749238362894,15.5,,19.0,11.848608953537635,-6.491254033610661,,6.000378005354645,,3.1947461785736486,0.01783224907063197,,,,0.97,,,,29.22,
CLEAN,2026-10-03,Chemicals,,8535.0,36.6,,,8.691446028513239,5.389261744966443,,15.3,13.163841807909604,20.7,,36.0,23.727087576374746,-1.5475522371604877,,0.3783442978870122,,7.4760429211102375,0.0012626262626262627,,,,0.75,,,,51.29,
CLEANMAX,2026-10-03,,,15279.0,97.4,,,6.52112676056338,3.282828282828283,,1.76,0.6960762580359122,6.16,,55.0,6.700810926163039,,,-30.062446803223043,,19.010650620097703,2.734209959042897,,,,0.0,,,,49.43,
CLSEL,2026-10-03,,,1402.0,11.2,,2.7720220371886866,0.9485791610284168,1.668639053254438,,14.4,12.01923076923077,18.2,,12.0,8.457374830852503,4.040371919755281,,14.915527572831033,,2.9133182639176747,0.09904534606205251,,,,1.06,,,,74.05,
CMLL,2026-10-03,,,3419.0,21.9,,0.9429375148293656,2.037544696066746,,,34.8,7.607125662012518,21.2,,26.0,9.415971394517282,23.225292933607623,,-13.80227352274187,,24.716893006202902,1.728395061728395,,,,0.0,,,,74.18,
CMPDI,2026-10-03,,,14593.0,21.9,,,6.939134569662387,,,32.7,24.860231084606784,,,40.0,31.716595339990487,,,,,,0.0004897159647404506,,,,0.52,,,,85.0,
CMRGREEN,2026-10-03,,,4893.0,20.6,,0.6809712248474206,0.5663194444444445,,,15.8,6.007905138339921,14.1,,5.0,2.638888888888889,30.250911122736014,,-54.75570806962189,,13.758330813254327,0.9308093994778068,,,,0.0,,,,84.0,
CMSINFO,2026-10-03,Services,,3532.0,11.8,,,1.4161988773055332,1.4932432432432432,,12.7,9.048795552810377,17.9,,24.0,11.748195669607057,-5.5360117793253005,,4.209922341282524,,3.262526731954085,0.0,,,,2.38,,,,0.0,
CNL,2026-10-03,,,1621.0,22.0,,1.3536437757326507,0.5816289917473987,4.458677685950414,,18.8,7.897545357524013,18.8,,3.7,2.6551847865087908,16.252429475467167,,29.7857339335863,,17.431704904319222,0.8901098901098901,,,,0.05,,,,56.62,
COALINDIA,2026-10-03,Oil Gas & Consumable Fuels,,259081.0,8.3,,,1.6412489864180013,2.1761658031088085,,28.2,10.98268745862035,35.0,,26.0,19.755980133792825,-5.862297107866032,,12.440874873010088,,2.928467446456673,0.11815082870144918,,,,6.3,,,,61.13,
COASTCORP,2026-10-03,,,240.0,7.44,,0.07996174671243432,0.23054755043227665,0.8443396226415094,,9.77,3.804994054696789,9.64,,6.0,3.073967339097022,93.0444907207493,,19.2349045876449,,33.65588320091404,1.6996466431095407,,,,0.78,,,,42.31,
COCHINSHIP,2026-10-03,Capital Goods,,33858.0,49.8,,,6.70853972657024,5.771300448430493,,12.5,4.679650402587572,16.2,,15.0,13.473350505250645,-4.58502035889774,,3.819933868469927,,9.633894969862155,0.2846926613315171,,,,0.7,,,,67.91,
COCKERILL,2026-10-03,,,3945.0,,,,4.100831600831601,-41.18041237113402,,,-1.9463087248322148,,,-3.2,-3.0145530145530146,,,,,,-0.4895833333333333,,,,0.09,,,,70.44,
COFORGE,2026-10-03,Information Technology,,80899.0,42.2,,1.8349886140301956,4.446221489420171,6.429577464788732,,21.4,12.932776505456015,23.5,,19.0,10.55234954657873,22.997417900766102,,17.486175890391454,,26.403322940448447,0.07633427702631855,,,,0.66,,,,,
COHANCE,2026-10-03,Healthcare,,17267.0,160.0,,,8.061157796451914,4.421568627450981,,4.89,1.030207787672429,5.81,,15.0,2.754435107376284,-38.238059942883076,,-31.04294737029184,,26.78627726676739,0.10227563283047814,,,,0.0,,,,57.49,
COLPAL,2026-10-03,Fast Moving Consumer Goods,,47190.0,109.0,,2.535970262462083,24.0765306122449,143.38842975206612,,158.0,49.26553672316384,179.0,,22.0,22.244897959183675,42.98157656398376,,,,14.932611898217907,0.015105740181268883,,,,2.77,,,,51.0,
COMFINTE,2026-10-03,,,199.0,,,,1.2756410256410255,1.1537037037037037,,-1.81,-1.36986301369863,2.68,,7.0,-1.9230769230769231,,,,,0.21459293277183988,0.10982658959537572,,,,0.8,,,,56.12,
COMPEAU,2026-10-03,,,223.0,9.33,,,0.08427815570672713,0.575516693163752,,5.99,2.558139534883721,8.35,,3.5,0.8314436885865457,-7.699178150876406,,,,7.939740124331673,1.0932642487046633,,,,0.28,,,,74.92,
COMPUSOFT,2026-10-03,,,103.0,,,,3.0810649117559077,0.7222222222222222,,-1.84,1.4322980755032733,1.9,,4.4,8.704756206999702,-17.956853661777306,,-25.479601332832015,,-21.953666595293654,0.34175167077031304,,,,1.92,,,,71.6,
COMSYN,2026-10-03,,,1101.0,37.1,,0.6699272367985992,2.7118226600985222,5.954545454545454,,16.1,8.379888268156424,13.9,,13.0,7.389162561576355,55.379148603198836,,8.476550682345607,,12.127252849089775,0.7288135593220338,,,,0.19,,,,60.75,
CONCOR,2026-10-03,Services,,33664.0,27.1,,,3.7054485415520086,2.6,,9.81,8.216921454928835,12.6,,22.0,13.72592184920198,-0.5060815373717942,,3.311238091258084,,1.6372118101888766,0.07455767596384145,,,,1.95,,,,54.8,
CONCORDBIO,2026-10-03,Healthcare,,14375.0,51.8,,,12.973826714801444,7.119170984455959,,12.5,12.231182795698924,17.1,,35.0,24.638989169675092,-3.6762174508161216,,-32.216082812013994,,2.897842576727361,0.0009915716410510659,,,,0.55,,,,44.08,
CONFIPET,2026-10-03,,,2859.0,21.2,,3.13542629311173,0.4764205965672388,2.0140515222482436,,6.76,5.080409356725147,9.23,,7.0,2.316280619896684,6.761441034852145,,5.036164940748145,,30.53507623566678,0.5366713681241185,,,,0.12,,,,57.38,
CONTROLPR,2026-10-03,,,988.0,25.4,,,2.0329218106995883,2.1837455830388692,,9.52,6.712564543889846,16.4,,18.0,8.024691358024691,-10.4746896715606,,-0.15526756297752353,,10.623469085680771,0.01545253863134658,,,,1.62,,,,52.99,
CORALFINAC,2026-10-03,,,126.0,8.76,,,8.4,0.6070038910505836,,6.91,6.278026905829597,8.06,,77.0,93.33333333333333,-11.497882375028679,,-3.6973608123380353,,-21.49273369806194,0.0,,,,0.64,,,,74.96,
CORDELIA,2026-10-03,,,7305.0,182.0,,,12.594827586206897,,,92.3,15.204678362573098,64.0,,20.0,8.96551724137931,,,,,,1.475,,,,0.0,,,,89.35,
CORDSCABLE,2026-10-03,,,412.0,16.8,,0.4851008224443904,0.42256410256410254,2.0448717948717947,,10.8,5.1020408163265305,17.6,,6.0,2.564102564102564,34.631975916565,,30.98665131851788,,15.792827071344728,0.5495049504950495,,,,0.38,,,,52.45,
COROMANDEL,2026-10-03,Chemicals,,52029.0,27.9,,7.6479862339994105,1.5958836881172933,4.140845070422535,,16.4,7.268713462246024,22.0,,10.0,5.45365315011349,3.648019118545154,,3.5852958417118774,,13.909349102234092,0.11992355470616341,,,,0.62,,,,56.35,
CORONA,2026-10-03,Healthcare,,12412.0,58.5,,1.947889163781567,8.392156862745098,16.631147540983605,,29.5,16.51452282157676,33.3,,21.0,13.45503718728871,30.032509594349843,,,,13.407925524849551,0.22088353413654618,,,,0.49,,,,69.0,
COSMOFIRST,2026-10-03,,,2170.0,12.7,,0.32595953417947154,0.541958041958042,1.3425324675324675,,10.4,3.568376068376068,11.2,,11.0,4.170829170829171,38.961891487449016,,-15.236422899354086,,15.673145815333168,1.0396039603960396,,,,0.48,,,,40.78,
CPCAP,2026-10-03,,,256.0,5.68,,4.577613045306323,,0.44761904761904764,,7.61,6.787330316742081,9.83,,,,1.240821350293908,,14.722068700007007,,,,,,,0.0,,,,63.8,
CPEDU,2026-10-03,,,321.0,13.4,,,6.294117647058823,4.240963855421687,,34.6,27.906976744186046,46.6,,51.0,47.05882352941176,-62.81833052468194,,,,2.7600024749230068,0.0,,,,1.42,,,,63.7,
CPL,2026-10-03,,,376.0,13.4,,1.1474256578411108,0.8764568764568764,1.9654088050314464,,16.3,8.045977011494253,18.6,,11.0,6.526806526806526,11.678316506545784,,53.45344147085296,,13.42357209801548,0.46596858638743455,,,,0.0,,,,68.79,
CPPLUS,2026-10-03,Capital Goods,,46593.0,97.6,,,9.541879991808315,23.89937106918239,,25.4,11.951891756452017,28.6,,15.0,9.768584886340365,-58.35708802308637,,-36.32963189223501,,20.626631285835238,0.13638785295684602,,,,0.04,,,,74.71,
CRAFTSMAN,2026-10-03,Automobile and Auto Components,,26850.0,57.3,,6.014081067984755,3.080188138120913,7.504385964912281,,12.5,5.1793272443751395,13.9,,16.0,5.334404038086498,9.527640108649305,,19.657755905845555,,25.10383704939134,1.1099877450980393,,,,0.11,,,,42.41,
CRAMC,2026-10-03,Financial Services,,4318.0,19.8,,,9.03347280334728,5.802139037433156,,30.3,26.61782661782662,40.1,,63.0,45.60669456066946,-28.763110414798433,,-1.9288269959092719,,14.551362426742065,0.024161073825503355,,,,1.85,,,,75.0,
CRAVATEX,2026-10-03,,,90.0,10.5,,0.49429062479428365,0.5625,0.7554112554112554,,5.95,6.164383561643835,7.82,,-2.2,5.625,21.242563531060178,,,,-7.627794105927355,0.0,,,,3.72,,,,75.0,
CREATIVEYE,2026-10-03,,,12.4,,,,17.222222222222225,0.8394557823129252,,-10.7,-20.167696381288618,-4.79,,-170.83,-634.7222222222223,,,,,15.277587606658072,0.45318860244233383,,,,0.0,,,,56.26,
CREDITACC,2026-10-03,Financial Services,,19888.0,16.4,,,,2.5285714285714285,,10.5,3.7926714688380834,9.98,,,,-5.892248105988685,,27.263014533890995,,,,,,,0.0,,,,66.21,
CREST,2026-10-03,,,1031.0,31.2,,,,0.7886710239651417,,3.75,1.7680707228289132,5.67,,,,-18.131342507731862,,22.24013245995671,,,,,,,0.28,,,,69.84,
CRISIL,2026-10-03,Financial Services,,32386.0,36.6,,3.5453669332158846,7.849248666989821,9.9082774049217,,24.5,17.595541401273884,32.6,,30.0,21.42510906446922,10.323332024423593,,13.60029451620579,,9.53002627574655,0.10241516355854478,,,,0.56,,,,66.64,
CRIZAC,2026-10-03,Consumer Services,,2920.0,13.2,,0.5524027527482984,2.8239845261121856,5.0,,40.3,25.11415525114155,52.3,,28.0,21.27659574468085,23.895608655691404,,-28.583650211239952,,24.953441780307294,0.003418803418803419,,,,4.79,,,,79.94,
CROMPTON,2026-10-03,Consumer Durables,,13052.0,28.8,,,1.5664906385021604,4.403470715835141,,10.6,-3.4879894702204672,18.1,,10.0,-2.5444071051368216,,,,,4.44425648954887,0.0670711156049882,,,,1.48,,,,,
CROWN,2026-10-03,,,129.0,14.3,,0.8572043853399012,3.023201312397469,1.6766467065868265,,12.7,4.208220710224624,13.4,,52.03,21.16240918678228,16.68213584130198,,,,14.940242124648329,0.7486430602222796,,,,0.0,,,,67.82,
CSBBANK,2026-10-03,Financial Services,,5287.0,7.95,,1.4582117741319023,,1.0815602836879432,,13.5,1.1519739463336047,7.05,,,,5.451883012488201,,7.7067689256126615,,,,,,,0.0,,,,40.0,
CSLFINANCE,2026-10-03,,,475.0,5.45,,0.4899926168212242,,0.7619047619047619,,14.9,5.846774193548387,14.5,,,,11.122616571972666,,18.794080337328857,,,,,,,1.44,,,,48.16,
CSM,2026-10-03,,,486.0,19.6,,,2.150442477876106,,,28.5,11.162790697674419,29.2,,20.0,10.619469026548673,-37.61166435218107,,,,12.200851329591522,0.6990291262135923,,,,0.53,,,,71.18,
CUB,2026-10-03,Financial Services,,22792.0,16.2,,1.4314895186781444,,2.149532710280374,,13.2,1.4460339709762533,6.74,,,,11.31688342011703,,12.959918550098015,,,,,,,0.87,,,,,
CUBEXTUB,2026-10-03,,,238.0,31.5,,1.3339360385417687,0.7854785478547854,2.852233676975945,,9.36,3.8461538461538463,11.5,,1.9,2.6402640264026402,23.614325642206314,,25.54076828485039,,11.092170393011624,0.5180722891566265,,,,0.0,,,,44.42,
CUMMINSIND,2026-10-03,Capital Goods,,134719.0,55.2,,4.920662279959055,10.639630390143736,15.882352941176471,,30.2,20.939490445859875,39.5,,20.0,18.693729268677934,11.21800214268298,,20.45005042475154,,12.052082730399082,0.004365781710914454,,,,1.36,,,,51.0,
CUPID,2026-10-03,Fast Moving Consumer Goods,,42021.0,306.0,,6.0751098444477964,92.76158940397352,93.13432835820895,,27.6,24.77396021699819,33.9,,35.0,30.242825607064017,50.36945962049748,,,,38.0988043072092,0.12444444444444444,,,,0.0,,,,46.24,
CURAA,2026-10-03,,,71.5,,,,3.051643192488263,-0.568503937007874,,,-17.023991832567635,,,-12.55,-28.4677763551003,,,,,-15.264332163517203,-0.6968071941258971,,,,0.0,,,,74.94,
CYBERMEDIA,2026-10-03,,,46.4,11.8,,0.36943342646810334,0.3625,-6.101694915254237,,,8.88888888888889,59.8,,4.5,3.125,31.940802197601915,,28.473515712343932,,7.862363557487706,-1.4285714285714286,,,,0.0,,,,67.13,
CYIENT,2026-10-03,Information Technology,,12279.0,30.1,,,1.608883647798742,2.162426614481409,,8.61,5.0181818181818185,12.3,,12.0,5.4245283018867925,-17.925773345763506,,-6.387484907115359,,2.2126998395382014,0.07585357268567405,,,,1.45,,,,24.7,
CYIENTDLM,2026-10-03,,,7096.0,86.4,,8.445481254293846,5.229182019159912,6.984375,,7.49,4.993909866017052,9.9,,10.0,6.0427413411938105,10.230322867163144,,,,4.416195221247743,0.16996047430830039,,,,0.0,,,,52.11,
DABUR,2026-10-03,Fast Moving Consumer Goods,,66390.0,33.5,,14.846683807532454,4.8989079102715465,5.807453416149068,,17.0,11.138443935926773,20.3,,19.0,14.366883116883116,2.2563961376347086,,2.4759463762990874,,2.9944632103300117,0.11270689202206849,,,,2.2,,,,66.24,
DAICHI,2026-10-03,,,236.0,99.7,,,1.3111111111111111,1.278225806451613,,-0.34,0.8928571428571428,-1.06,,4.5,1.1111111111111112,-46.164173567999136,,,,10.891823393038823,0.07065217391304347,,,,0.47,,,,63.98,
DALBHARAT,2026-10-03,Construction Materials,,31550.0,28.7,,6.943301685635041,2.0952317704874486,1.753910323253389,,6.11,2.8653898192970324,7.59,,20.0,6.328861734626113,4.133480194210382,,2.6895048981498526,,0.8258699798485258,0.4119250236386896,,,,0.54,,,,55.84,
DALMIASUG,2026-10-03,,,3211.0,15.6,,,0.9109219858156028,0.9900249376558603,,7.3,3.6768701322224233,8.18,,11.0,5.75886524822695,-9.036193235232693,,-7.0617789455156394,,6.734208856421198,0.5561381863047502,,,,1.51,,,,74.92,
DAMCAPITAL,2026-10-03,,,1036.0,14.3,,,4.389830508474576,3.127659574468085,,24.4,16.114790286975715,35.4,,51.0,30.93220338983051,,,,,9.247408249181976,0.009036144578313253,,,,0.68,,,,40.0,
DANGEE,2026-10-03,,,44.6,52.5,,,2.2423328305681247,,,,3.349282296650718,,,23.48,4.57516339869281,,,,,,-4.268011527377522,,,,0.0,,,,55.68,
DATAMATICS,2026-10-03,Information Technology,,4671.0,18.4,,6.381744510655506,2.2964601769911503,3.0268199233716473,,16.0,9.214437367303608,20.4,,20.0,10.668633235004917,2.883224166883802,,6.491259265429372,,9.481250711848045,0.14313471502590674,,,,0.63,,,,66.33,
DATAPATTNS,2026-10-03,Capital Goods,,23800.0,88.1,,6.370701260548444,25.292242295430395,13.712903225806452,,15.2,13.893208916537066,21.9,,40.0,28.480340063761954,13.82893285949114,,21.453727680385313,,21.860257998736678,0.002880184331797235,,,,0.24,,,,42.41,
DAVANGERE,2026-10-03,,,383.0,47.1,,,1.538152610441767,0.6402266288951841,,1.99,0.9535160905840285,5.52,,19.0,3.2128514056224895,-12.64195352637011,,8.447177119769854,,4.691929590395527,0.49504950495049505,,,,0.0,,,,35.1,
DBCORP,2026-10-03,,,3075.0,8.74,,,1.28125,1.2720588235294117,,14.3,11.010322177040976,18.3,,21.0,14.666666666666666,-6.162376699491867,,19.64932519369267,,-0.027762355674354477,0.10786331823795801,,,,4.06,,,,74.5,
DBL,2026-10-03,Construction,,6483.0,11.6,,0.15152764528340792,0.7416771536437479,0.95,,5.55,6.637402157816798,13.1,,19.0,14.357624985699577,76.55368746939925,,,,-10.053983909653263,1.1774784009371797,,,,0.25,,,,63.14,
DBOL,2026-10-03,,,803.0,31.4,,1.440054364610966,0.3944007858546169,0.7806451612903226,,2.61,3.6175710594315245,4.98,,6.0,4.12573673870334,21.80473235708902,,,,2.985786146544389,1.0331384015594542,,,,1.24,,,,50.78,
DBREALTY,2026-10-03,Realty,,4974.0,,,,5.756944444444445,1.216180371352785,,-0.19,0.18870891649630445,1.55,,9.0,1.3888888888888888,-78.91322830736652,,-26.049877228933525,,34.26057684739918,0.18259594231239307,,,,0.0,,,,47.17,
DCAL,2026-10-03,,,2357.0,130.0,,,0.8124784557049294,0.352112676056338,,1.58,0.13432961128368734,3.14,,17.0,0.5515339538090314,,,-2.1799508111852384,,3.5070655441926446,0.46068593679796316,,,,0.0,,,,59.32,
DCBBANK,2026-10-03,Financial Services,,6434.0,8.17,,0.6379624997785285,,0.9852216748768473,,12.0,0.8947529777787872,7.4,,,,12.80639536467465,,21.597139685089385,,,,,,,0.73,,,,16.22,
DCI,2026-10-03,,,562.0,25.8,,,0.7433862433862434,5.220700152207002,,23.6,5.898123324396782,22.9,,4.9,2.91005291005291,,,,,,0.8130841121495327,,,,0.03,,,,62.2,
DCMFINSERV,2026-10-03,,,11.2,,,,,-0.22043478260869567,,,-4.724409448818897,-4.86,,-163.64,,,,,,,-1.3596233078281341,,,,0.0,,,,39.5,
DCMNVL,2026-10-03,,,311.0,10.4,,,0.2928436911487759,0.9431818181818182,,1.15,3.8147138964577656,4.27,,8.0,2.6365348399246704,,,-24.8624908498565,,-0.589343711080137,0.9969604863221885,,,,0.0,,,,50.11,
DCMSHRIRAM,2026-10-03,Diversified,,14142.0,10.3,,0.2171681298424045,1.021820809248555,1.8323232323232324,,11.5,10.173574211831385,11.5,,11.0,10.375722543352602,47.42869042282838,,6.0620587282504745,,8.21263507807457,0.37901970954356845,,,,1.24,,,,66.53,
DCMSIL,2026-10-03,,,698.0,287.0,,,1.5650224215246638,1.8694638694638697,,2.75,-2.901023890784983,3.57,,3.3,-3.811659192825112,,,,,,0.19839142091152814,,,,0.5,,,,50.11,
DCMSRIND,2026-10-03,,,328.0,5.38,,12.445578622811787,0.16482412060301507,0.35904761904761906,,11.8,3.128205128205128,13.7,,7.0,3.0653266331658293,0.432282030675446,,-1.2118116957887115,,-5.40529748417129,0.33114035087719296,,,,1.06,,,,50.11,
DCW,2026-10-03,,,1317.0,,,,1.0510774142059058,1.702290076335878,,-0.73,-0.3250270855904659,1.23,,5.0,-0.4788507581803671,,,,,1.9347140093446624,1.3910714285714285,,,,0.67,,,,45.59,
DCXINDIA,2026-10-03,,,1771.0,,,,2.8381410256410255,1.1691176470588236,,-0.53,-0.9510223490252021,0.87,,-4.7,-3.205128205128205,,,,,-24.044679586121376,0.0019828155981493722,,,,0.0,,,,52.17,
DDEVPLSTIK,2026-10-03,,,2562.0,12.0,,2.181600721598716,0.8087121212121212,2.533197139938713,,21.8,14.750692520775624,31.0,,10.0,6.723484848484848,5.500548235612146,,,,9.227854890090237,0.0562685093780849,,,,0.71,,,,74.99,
DECCANCE,2026-10-03,,,769.0,,,,1.0923295454545454,1.0242537313432836,,1.89,0.5844535359438925,3.33,,9.0,1.4204545454545454,,,,,,1.0026631158455392,,,,0.09,,,,56.24,
DECNGOLD,2026-10-03,,,3888.0,,,,277.7142857142857,7.808764940239043,,-17.2,-7.992895204262878,-15.9,,-224.0,-321.42857142857144,,,,,67.10993116548616,0.1028225806451613,,,,0.0,,,,20.53,
DEEDEV,2026-10-03,,,4990.0,60.9,,1.852318317136025,4.113767518549052,5.1395348837209305,,9.31,4.158004158004158,10.7,,17.0,6.595218466611706,32.877718390303976,,8.437822580070598,,15.414736899287384,0.8662921348314607,,,,0.15,,,,65.13,
DEEP,2026-10-03,,,103.0,15.0,,,1.043354943273906,0.9838709677419356,,6.54,4.598168870803663,8.51,,14.13,6.867909238249595,-11.937422726341328,,26.04774247635946,,-6.419054394540213,0.28638050823260686,,,,0.0,,,,65.89,
DEEPAKFERT,2026-10-03,Chemicals,,16422.0,16.7,,0.5654706935537058,1.3567415730337078,2.4003690036900367,,10.9,6.0499969289355695,11.4,,17.0,8.137805684071381,29.532918664712216,,6.749365832878995,,11.738573811614783,0.8284628872004676,,,,0.77,,,,45.63,
DEEPAKNTR,2026-10-03,Chemicals,,20361.0,25.7,,,2.3744606413994167,3.4883177570093458,,9.82,9.047839149526231,11.4,,16.0,9.131195335276967,-1.145680132477911,,-5.987324450242404,,3.7337174995244693,0.2806236080178174,,,,0.5,,,,49.34,
DEEPINDS,2026-10-03,,,4794.0,11.6,,0.6244830697284287,4.942268041237114,2.4006410256410255,,19.2,8.695652173913043,16.5,,39.0,23.09278350515464,18.575363468291517,,23.40935696795583,,31.456264298467595,0.10155077538769385,,,,0.33,,,,63.49,
DELHIVERY,2026-10-03,Services,,29972.0,251.0,,,2.6892777030058324,3.10077519379845,,-0.21,0.727870392110824,1.01,,6.0,0.8344549125168237,,,,,11.032382341596957,0.15102714978837617,,,,0.0,,,,,
DELTACORP,2026-10-03,,,1968.0,12.8,,,2.9242199108469538,0.8739595719381689,,3.52,-6.188411509657075,5.08,,18.0,-23.328380386329865,,,,,-7.415190498139868,0.021758436944937832,,,,0.68,,,,34.46,
DELTAMAGNT,2026-10-03,,,58.7,,,,0.8761194029850746,25.5188679245283,,-12.5,-16.176470588235293,-0.45,,2.9,-16.417910447761194,,,,,0.0,20.0,,,,0.0,,,,72.12,
DEN,2026-10-03,,,1213.0,8.18,,,1.242827868852459,0.3203026481715006,,1.17,3.4321737100163436,3.23,,6.0,15.061475409836063,-11.587034350977522,,-3.3622511610897354,,-3.3486240236163645,0.005284015852047556,,,,0.0,,,,74.9,
DENORA,2026-10-03,,,384.0,31.5,,,3.3391304347826085,2.9672131147540983,,2.25,7.5,5.83,,9.0,10.434782608695652,-13.77050270470085,,-4.62912241533191,,15.830262405076923,-0.0,,,,0.55,,,,53.68,
DENTA,2026-10-03,,,696.0,13.0,,,2.87603305785124,1.5174418604651163,,13.3,11.15702479338843,18.4,,27.0,22.31404958677686,-13.984836567875547,,-24.16111623712712,,0.4166714792755988,0.026143790849673203,,,,0.96,,,,71.91,
DEVIT,2026-10-03,,,118.0,21.2,,0.20947613032263723,0.6178010471204188,1.0721649484536084,,-41.7,40.42553191489361,2.62,,1.6,39.79057591623037,101.20484833927162,,267.68325745050885,,5.2114904759523295,0.28440366972477066,,,,0.48,,,,41.58,
DEVX,2026-10-03,,,343.0,29.8,,,1.53125,1.7970297029702968,,6.6,1.5527950310559007,11.9,,50.0,4.464285714285714,-84.71092012860265,,,,27.52874551815927,2.0549450549450547,,,,0.0,,,,35.08,
DEVYANI,2026-10-03,Consumer Services,,15667.0,,,,2.685004284490146,10.16,,-1.56,-0.4148148148148148,4.75,,15.0,-0.47986289631533846,,,,,17.948666720004034,2.485732814526589,,,,0.0,,,,61.37,
DGCONTENT,2026-10-03,,,148.0,8.69,,,0.2948207171314741,4.0,,11.6,0.3952569169960474,24.0,,7.0,0.199203187250996,-40.36131850925885,,-43.414892559145265,,6.549612222331147,2.6486486486486487,,,,0.0,,,,66.81,
DHAMPURSUG,2026-10-03,,,1100.0,15.6,,,0.5502751375687844,0.9193548387096774,,5.47,2.9399585921325055,6.43,,9.0,3.551775887943972,-18.96488721751379,,-12.808906977713319,,-2.683963182489957,0.7510442773600668,,,,1.17,,,,49.86,
DHANBANK,2026-10-03,,,1064.0,9.22,,0.35277326072788545,,0.7049608355091385,,7.15,0.5414822487993219,5.81,,,,26.135767719401848,,26.347090528323093,,,,,,,0.0,,,,,
DHANUKA,2026-10-03,,,4168.0,14.3,,1.0457288288731927,2.0481572481572483,3.0064308681672025,,22.0,16.5,28.3,,20.0,14.594594594594595,13.674673208931921,,17.265480581278414,,11.249139343431569,0.05274411974340699,,,,0.21,,,,69.81,
DHARMAJ,2026-10-03,,,905.0,15.0,,1.405077488584403,0.784908933217693,2.0150375939849625,,13.3,7.13436385255648,16.8,,9.0,5.203816131830009,10.675567804528917,,,,20.804706068031997,0.29398663697104677,,,,0.0,,,,70.4,
DHATRE,2026-10-03,,,43.8,,,,4.802631578947368,0.9157175398633257,,-3.22,-3.716561159893813,-3.87,,-48.25,-19.956140350877195,,,,,-56.00515528294929,0.0,,,,0.0,,,,61.92,
DHOOTTRANS,2026-10-03,,,29524.0,65.9,,,6.5246408839779,,,24.0,9.668777398928398,24.4,,16.0,8.773480662983426,-55.461698155582525,,,,43.105753872192444,0.37700205338809034,,,,0.0,,,,82.78,
DHRUV,2026-10-03,,,37.4,,,,1.0108108108108107,0.5170603674540682,,-32.5,-29.411764705882355,-32.6,,-107.0,-94.5945945945946,,,,,-23.2998952219858,0.3194444444444444,,,,0.0,,,,49.44,
DHUNINV,2026-10-03,,,590.0,6.22,,0.23755787222232466,,0.21498443752779012,,0.66,3.198587127158556,3.24,,,,26.183093583945105,,-8.614556499852588,,,,,,,0.31,,,,74.95,
DIACABS,2026-10-03,Capital Goods,,20633.0,105.0,,0.8379338591341937,8.978677110530896,-30.0,,,8.02828618968386,26.5,,12.0,8.398607484769364,125.30821956340641,,,,88.51762862437633,-4.198675496688741,,,,0.0,,,,74.04,
DIAMINESQ,2026-10-03,,,238.0,,,,5.804878048780488,1.5031847133757963,,-7.93,-5.747126436781609,-8.26,,-23.0,-24.390243902439025,,,,,-26.6753206510719,0.050955414012738856,,,,0.0,,,,57.5,
DIAMONDYD,2026-10-03,,,2568.0,126.0,,,1.5535390199637023,3.7256944444444446,,3.14,2.1929824561403506,1.15,,3.8,1.2099213551119177,-24.359057001028017,,-14.397312672024775,,5.844921852414342,0.08862629246676514,,,,0.05,,,,56.77,
DICIND,2026-10-03,,,563.0,25.6,,1.8084553976832336,1.1192842942345924,2.658008658008658,,10.8,6.451612903225806,15.2,,8.0,4.3737574552683895,14.155726501629795,,,,10.480691648103612,0.2028301886792453,,,,0.49,,,,71.75,
DIFFNKG,2026-10-03,,,1738.0,31.4,,3.086563869890769,3.9862385321100917,4.296296296296297,,12.4,10.784313725490197,15.8,,14.0,12.614678899082568,10.173124977683102,,-20.31615904529306,,16.1842425810655,0.07160493827160494,,,,0.32,,,,69.76,
DIGIDRIVE,2026-10-03,,,67.9,11.0,,0.9074416064804569,1.450854700854701,0.249645390070922,,2.01,1.8619863346394223,2.85,,-2.48,12.286324786324787,12.121992116565906,,,,-0.5842735074873762,0.0032000588516570417,,,,0.0,,,,61.75,
DIGISPICE,2026-10-03,,,347.0,14.1,,0.8313331453672281,0.7728285077951003,1.48,,9.57,2.357320099255583,12.1,,5.0,4.231625835189309,16.96070952851465,,28.31352329086403,,0.7536079271700524,0.3574468085106383,,,,0.0,,,,72.64,
DIGITIDE,2026-10-03,,,1079.0,955.0,,,0.3458333333333333,1.286476868327402,,-0.74,-0.04911591355599214,10.3,,11.0,-0.03205128205128205,,,,,,0.6336515513126492,,,,0.0,,,,57.33,
DIGJAMLMTD,2026-10-03,,,95.9,24.8,,,2.606686599619462,21.71945701357466,,47.2,-1.5195947747267395,5.21,,10.6,-3.0986681163359604,,,,,147.72593368368186,13.604072398190047,,,,0.0,,,,75.0,
DISAQ,2026-10-03,,,1636.0,30.5,,5.033136364827713,3.9902439024390244,5.361773117254528,,19.7,10.73684210526316,26.6,,16.0,12.439024390243903,6.059839787600119,,5.800162104635809,,7.612483174608897,0.0,,,,1.78,,,,74.82,
DISHTV,2026-10-03,,,396.0,,,,0.36032757051865333,-0.09772727272727272,,,-56.988020536223615,,,-17.0,-90.90081892629664,,,,,-16.042029955920924,-0.007667573583972298,,,,0.0,,,,4.23,
DIVGIITTS,2026-10-03,,,3475.0,55.0,,3.2805857594562693,8.313397129186603,5.461538461538462,,7.59,8.571428571428571,10.2,,22.0,15.07177033492823,16.765298648713213,,4.293034546523211,,18.2184480011945,0.0031496062992125984,,,,0.29,,,,60.56,
DIVISLAB,2026-10-03,Healthcare,,245532.0,82.4,,3.6993926405387323,21.86393588601959,14.657686212361332,,16.5,14.611119436535292,22.0,,35.0,26.046304541406943,22.273926562172196,,-0.24147906842665323,,12.70130272157175,0.0004176361792255832,,,,0.32,,,,51.88,
DIXON,2026-10-03,Consumer Durables,,77687.0,41.4,,0.5808763160420785,1.5059998061451974,16.514954486345903,,18.9,10.87092731829574,29.2,,3.6,4.036056993312009,71.27162677605365,,57.31795398636588,,42.864288990618135,0.21252939918751337,,,,0.08,,,,28.55,
DJML,2026-10-03,,,261.0,22.2,,0.7293170430526944,1.7516778523489933,2.7604562737642584,,14.1,8.571428571428571,16.5,,18.0,8.053691275167784,30.439436746298565,,,,37.75386862422607,0.43333333333333335,,,,0.21,,,,56.33,
DLF,2026-10-03,Realty,,162975.0,37.9,,2.143481641240854,24.11586268126665,3.5760869565217392,,9.5,6.051861430613218,6.32,,18.0,65.78869488014205,17.68151369752802,,24.27012684602703,,1.688060127797275,0.006729267917225607,,,,1.22,,,,74.08,
DLINKINDIA,2026-10-03,,,1444.0,13.5,,2.6828659014163456,0.8636363636363636,2.8661971830985915,,18.1,13.19358816276202,25.9,,8.0,6.399521531100478,5.0319324543478094,,20.477314171868642,,10.595961194984739,0.029644268774703556,,,,6.39,,,,51.02,
DMART,2026-10-03,Consumer Services,,248701.0,81.3,,12.705103558760806,3.4902464353878973,10.168,,12.9,10.356392709533166,17.2,,8.0,4.29016503873358,6.399003331534403,,15.295437626850905,,11.948237146759254,0.09912524525833878,,,,0.0,,,,74.48,
DMCC,2026-10-03,,,770.0,19.3,,0.37795910818588685,1.0875706214689265,3.1055276381909547,,11.5,8.968609865470851,14.8,,11.0,5.649717514124294,51.06372510146766,,13.368382817070202,,29.236881924659897,0.4435483870967742,,,,0.81,,,,53.84,
DNAMEDIA,2026-10-03,,,28.5,,,,3.8306451612903225,-0.11255813953488372,,,-3.452792622864927,-1.17,,-6.45,-88.57526881720429,,,,,-8.46221476448349,-1.7271179730799684,,,,0.0,,,,62.17,
DODLA,2026-10-03,,,6071.0,24.5,,1.8665040689391272,1.4066265060240963,3.618705035971223,,16.4,11.74496644295302,16.7,,7.0,5.676552363299351,13.126143364865616,,12.699910326817676,,11.3637392499649,0.034050179211469536,,,,0.5,,,,58.92,
DOLATALGO,2026-10-03,,,1106.0,7.69,,,2.5542725173210163,0.9797507788161993,,12.1,9.375,18.1,,57.0,33.25635103926097,-2.9180267701061635,,-2.968095111400637,,4.724633394004241,0.251105216622458,,,,0.16,,,,74.49,
DOLLAR,2026-10-03,,,1543.0,13.8,,1.8322554701721896,0.8177000529941706,1.6287425149700598,,11.8,7.249190938511327,13.6,,11.0,5.9353471118177,7.531700805184727,,-5.280187320096131,,6.277122248242484,0.3069620253164557,,,,1.1,,,,72.58,
DOLPHIN,2026-10-03,,,2513.0,34.9,,0.2588455190713558,17.573426573426573,7.104072398190045,,21.9,11.842105263157894,14.9,,57.0,50.349650349650354,134.829453973971,,,,187.7806543156078,0.5750708215297451,,,,0.0,,,,74.99,
DOMS,2026-10-03,Fast Moving Consumer Goods,,12729.0,58.6,,4.728787128374017,5.227515400410677,10.437810945273633,,20.7,13.278495887191538,24.3,,16.0,9.281314168377824,12.392183959473236,,-37.82436350974636,,16.575789676253926,0.11557377049180328,,,,0.17,,,,63.38,
DONEAR,2026-10-03,,,418.0,9.1,,0.9335700233535097,0.4504310344827586,1.5093984962406013,,17.0,5.39906103286385,13.7,,10.0,4.956896551724138,9.74752806148549,,,,5.115573867551393,1.5471014492753623,,,,0.25,,,,74.56,
DPABHUSHAN,2026-10-03,,,4278.0,106.0,,,2.4756944444444446,30.225806451612904,,34.5,9.903381642512077,24.4,,4.3,2.372685185185185,,,,,,1.2318840579710144,,,,0.0,,,,74.89,
DRAGARWQ,2026-10-03,,,2493.0,32.7,,1.930910829503348,5.016096579476861,7.195258019525802,,24.2,9.921671018276761,17.2,,30.0,15.29175050301811,16.935013000269315,,25.195220781727336,,15.928060091108476,0.9421965317919075,,,,0.14,,,,72.67,
DRCSYSTEMS,2026-10-03,,,188.0,8.81,,0.48640990889921254,1.8613861386138615,1.6645326504481435,,22.6,13.636363636363635,25.4,,27.0,20.792079207920793,18.11229549154907,,89.07902334789325,,28.14255493482365,0.0,,,,0.0,,,,20.63,
DREAMFOLKS,2026-10-03,,,328.0,,,,0.9344729344729344,1.0441426146010186,,3.76,-5.989583333333334,5.77,,-13.0,-6.552706552706552,,,,,-32.37554911243924,0.03821656050955414,,,,0.0,,,,65.72,
DREDGECORP,2026-10-03,,,2507.0,63.7,,10.953349891804896,1.8963691376701968,2.015765765765766,,0.39,1.2720156555772992,4.28,,20.0,2.950075642965204,5.8155724622345195,,61.44753837722163,,11.801279266186683,0.883739837398374,,,,0.0,,,,73.47,
DRREDDY,2026-10-03,Healthcare,,100679.0,31.2,,,3.0299446250150477,2.656387665198238,,11.2,5.625961079590646,13.0,,15.0,9.579270494763453,-16.729822039847054,,8.038936928703965,,5.85836844467662,0.20410640768499946,,,,0.66,,,,26.63,
DSSL,2026-10-03,,,1208.0,14.2,,0.8712408788397001,0.8573456352022711,3.8421052631578947,,31.0,8.390918065153011,30.3,,11.0,6.0326472675656495,16.298592438535774,,35.5198572368284,,11.225323820461263,0.7523809523809524,,,,0.05,,,,60.89,
DTIL,2026-10-03,,,167.0,,,,0.3786848072562358,0.31547619047619047,,-2.33,-1.2435233160621761,1.8,,-2.5,-2.7210884353741496,,,,,3.7402199892106136,0.47735849056603774,,,,1.26,,,,69.0,
DUCON,2026-10-03,,,74.7,7.46,,0.7975086957865939,0.18043478260869567,0.44982698961937717,,6.6,3.278688524590164,9.34,,6.0,2.4154589371980677,9.354129979287684,,13.564157249607756,,-0.3993652771972278,0.6325301204819277,,,,0.0,,,,38.08,
DVL,2026-10-03,,,976.0,5.11,,0.6215172487532261,2.2031602708803613,0.2971246006389776,,4.86,3.9155391553915537,6.74,,-12.0,43.115124153498876,8.22181525975465,,-11.583122760735787,,1.076177951789803,0.2895377128953771,,,,1.79,,,,75.0,
DWARKESH,2026-10-03,,,778.0,,,,1.4018018018018017,,,,,,,11.0,-1.6216216216216217,,,,,,,,,,0.24,,,,42.15,
DYCL,2026-10-03,,,2074.0,22.8,,0.7617672877799931,1.6140077821011674,4.533898305084746,,19.9,13.323572474377746,26.2,,11.0,7.081712062256809,29.930400485489074,,21.802583884835936,,18.717288620051576,0.09409190371991247,,,,0.12,,,,68.18,
DYNAMATECH,2026-10-03,Capital Goods,,9342.0,159.0,,,5.577313432835821,10.996003197442047,,6.67,2.27027027027027,10.2,,12.0,2.5074626865671643,-29.639525796578603,,22.354582851717055,,5.437280105930253,0.8035264483627204,,,,0.07,,,,41.5,
DYNPRO,2026-10-03,,,279.0,13.7,,0.1807726860873586,0.7520215633423181,1.1421319796954315,,8.53,4.842615012106537,11.3,,14.0,5.3908355795148255,75.78578543320123,,6.346366932196035,,9.316366964343793,0.2979591836734694,,,,0.67,,,,29.42,
EASEMYTRIP,2026-10-03,,,2295.0,,,,4.120287253141831,2.6181818181818177,,-0.46,-4.9916805324459235,0.61,,-6.0,-10.771992818671453,,,,,-1.955650048253943,0.043640897755610975,,,,0.0,,,,43.56,
EASTWEST,2026-10-03,,,29.2,,,,0.15287958115183245,0.4654471544715447,,-6.07,-1.9867549668874174,2.87,,1.3,-1.5706806282722512,,,,,-2.802145766417763,1.126984126984127,,,,0.0,,,,60.29,
EBGNG,2026-10-03,,,8034.0,56.4,,,4.035158211953792,10.601503759398497,,26.8,11.323763955342903,20.2,,11.0,7.132094424912104,-90.24094514782176,,-70.08564694198182,,20.497027243430765,0.5870712401055409,,,,0.0,,,,74.78,
EBIX,2026-10-03,,,362.0,,,,0.14848236259228875,-0.1840958605664488,,,-11.702402479979334,5.95,,4.1,-18.580803937653815,,,,,,-0.695675105485232,,,,0.0,,,,42.7,
ECLERX,2026-10-03,Services,,16956.0,23.3,,1.6659075908548806,3.9114186851211072,6.6286764705882355,,28.4,19.750745055540502,34.4,,25.0,16.81660899653979,13.986370029110272,,13.454015737897528,,14.0000197757854,0.15033190160093712,,,,0.06,,,,54.53,
ECORECO,2026-10-03,,,750.0,31.2,,2.994115678969558,13.636363636363637,6.788830715532287,,23.6,17.77777777777778,30.8,,59.0,43.63636363636363,10.420439069587871,,13.584454687410163,,25.237643157623534,0.03636363636363636,,,,0.26,,,,73.35,
ECOSMOBLTY,2026-10-03,,,630.0,10.7,,,0.7517899761336515,2.3755656108597285,,20.5,14.285714285714285,28.0,,11.0,7.040572792362769,-2.0240569841764144,,-77.35292936255851,,15.279538917449553,0.03018867924528302,,,,2.27,,,,67.79,
EDELWEISS,2026-10-03,Financial Services,,13053.0,20.7,,1.6407254996609537,1.2421964217738866,2.8278688524590168,,14.2,1.6543904082533634,14.1,,28.0,6.775789874381425,12.616370016969647,,26.072941947081407,,3.3353131549824333,4.022279904823708,,,,1.09,,,,32.26,
EFCIL,2026-10-03,,,2533.0,9.85,,0.1913819552731992,2.3027272727272727,3.131868131868132,,33.4,9.68586387434555,19.8,,44.0,23.545454545454543,51.46775716623362,,351.6807374349202,,37.9514344501247,1.742255266418835,,,,0.0,,,,56.08,
EICHERMOT,2026-10-03,Automobile and Auto Components,,189969.0,32.7,,2.5307155681188687,7.599367949435955,7.562841530054645,,24.0,17.948638229075986,30.5,,25.0,23.093847507800625,12.92124662761156,,27.965484707876854,,14.769088736516656,0.020478087649402392,,,,1.18,,,,49.03,
EIDPARRY,2026-10-03,Fast Moving Consumer Goods,,12004.0,14.8,,,0.30909465444433,1.3691683569979716,,7.85,4.200328632069013,17.0,,9.0,3.1594396951282313,-19.813559673048143,,-12.560087788626728,,9.706339166373246,0.4024640657084189,,,,0.0,,,,41.28,
EIEL,2026-10-03,Utilities,,3230.0,17.6,,1.9153891358759163,2.555379746835443,2.621082621082621,,16.8,9.353574926542606,20.2,,23.0,15.110759493670885,9.188733333788823,,-40.783998004530844,,20.13600390556054,0.3422546634225466,,,,0.0,,,,70.19,
EIHAHOTELS,2026-10-03,,,1804.0,156.0,,9.007385806752595,9.157360406091371,17.514792899408285,,11.5,3.116883116883117,13.2,,28.0,6.091370558375635,17.31912048033415,,1.708565781638982,,5.661454563503887,2.233009708737864,,,,1.18,,,,75.0,
EIHOTEL,2026-10-03,Consumer Services,,18626.0,25.6,,7.016229963921068,6.161429043996031,3.539192399049881,,14.5,11.316432498472816,20.7,,34.0,24.51207409857757,3.6486831434603184,,,,6.380937057450264,0.04789053591790194,,,,0.5,,,,32.85,
EIMCOELECO,2026-10-03,,,1309.0,34.2,,0.6753496241849375,5.741228070175438,3.391629297458894,,10.4,8.666666666666668,13.2,,18.0,17.105263157894736,50.64043685709476,,10.716902180676712,,21.858202395720227,0.0,,,,0.18,,,,48.96,
EKC,2026-10-03,,,1190.0,8.95,,1.1035385040182257,0.8321678321678322,0.848,,11.3,6.4867669953295275,12.0,,13.0,8.741258741258742,8.11027432881688,,-13.916901584929642,,5.350481969642984,0.14224446032880628,,,,0.66,,,,67.38,
EKI,2026-10-03,,,271.0,,,,3.3048780487804876,0.7153284671532847,,-6.16,-5.656934306569343,-6.15,,-24.0,-37.80487804878049,,,,,-32.191203775863166,0.013157894736842105,,,,0.0,,,,65.89,
ELANTAS,2026-10-03,,,10682.0,60.2,,6.725960093427166,11.400213447171826,9.672648959081119,,15.7,13.5258358662614,21.2,,23.0,18.996798292422625,8.950395060896877,,21.566673735812447,,11.278234341183602,0.0,,,,0.06,,,,75.0,
ELCIDIN,2026-10-03,,,2043.0,21.4,,,17.765217391304347,0.23555820989134646,,1.21,0.95,1.43,,95.0,82.6086956521739,-18.404645519059095,,-0.9308018491983039,,-21.196895702375606,0.0,,,,0.02,,,,75.0,
ELDEHSG,2026-10-03,,,769.0,21.2,,9.222714188852892,4.1567567567567565,1.9261083743842364,,6.2,3.418803418803419,7.72,,24.0,19.45945945945946,2.2986725562441856,,-6.523219280494919,,18.209188312271117,0.385,,,,1.15,,,,54.83,
ELECON,2026-10-03,Capital Goods,,9874.0,32.7,,,4.121035058430718,4.271844660194175,,16.4,7.2974644403215825,20.9,,21.0,9.84974958263773,-12.743115687733386,,10.961113842963211,,7.345966607720222,0.11843817787418655,,,,0.45,,,,59.28,
ELECTCAST,2026-10-03,Capital Goods,,4608.0,29.0,,,0.7964051157967508,0.7776617954070981,,3.04,1.2789345735123137,5.0,,5.0,2.091254752851711,-45.291605032729365,,-19.616179267143117,,-8.195425336450112,0.2635043889264011,,,,1.21,,,,50.14,
ELECTHERM,2026-10-03,,,948.0,,,,0.25139220365950676,-6.148760330578512,,,-1.7883755588673622,0.45,,0.1,-0.9546539379474941,,,,,-4.072801176080221,-6.909090909090909,,,,0.0,,,,29.86,
ELGIEQUIP,2026-10-03,Capital Goods,,18528.0,39.9,,3.1218614529277544,4.4688856729377715,8.30965909090909,,19.0,12.662521198417185,22.1,,15.0,10.805595754944525,12.780836241973791,,20.20616819673191,,8.813075649478508,0.23879928315412186,,,,0.46,,,,31.19,
ELGIRUBCO,2026-10-03,,,257.0,,,,0.7321937321937322,3.403973509933775,,-67.5,-45.622119815668206,-12.9,,-17.0,-56.41025641025641,,,,,-3.1187045691125626,4.118421052631579,,,,0.0,,,,65.03,
ELIN,2026-10-03,,,396.0,23.1,,,0.2922509225092251,0.7116071428571429,,4.07,-1.0443864229765014,6.64,,3.1,-0.5904059040590406,,,,,9.150029833497108,0.030575539568345324,,,,0.0,,,,32.97,
ELITECON,2026-10-03,,,1245.0,7.69,,,0.24532019704433497,3.5733944954128436,,63.6,9.424350483953132,46.3,,4.5,3.645320197044335,,,,,1618.4834297326877,0.8108882521489972,,,,0.64,,,,59.43,
ELLEN,2026-10-03,Chemicals,,4816.0,39.9,,,13.490196078431373,4.935064935064935,,12.9,9.314857582755966,14.5,,35.0,33.89355742296919,-50.169214212426304,,-33.83609470522321,,9.893493230254013,0.18833162743091095,,,,0.0,,,,77.15,
ELPROINTL,2026-10-03,,,2954.0,22.9,,1.5553650194472672,5.209876543209877,1.45,,4.35,3.565505804311774,6.61,,36.0,22.75132275132275,14.723231983279405,,-34.33867537071821,,30.18171198084234,0.5952732644017725,,,,0.0,,,,75.0,
EMAMILTD,2026-10-03,Fast Moving Consumer Goods,,16266.0,21.5,,18.974964043726864,4.154789272030651,5.567164179104478,,26.2,19.57713390759593,28.1,,25.0,19.157088122605366,1.1330719758126717,,-2.0485831531422916,,3.0458430575324824,0.05540355677154583,,,,2.68,,,,54.84,
EMAMIREAL,2026-10-03,,,349.0,,,,3.752688172043011,-1.1855123674911658,,,-6.733275412684622,-6.9,,-119.0,-166.66666666666669,,,,,15.093563778777842,-8.07258064516129,,,,0.0,,,,73.42,
EMBDL,2026-10-03,Realty,,7806.0,,,,6.170750988142292,0.7901408450704226,,-9.19,-4.384986993682646,-2.44,,-47.0,-74.62450592885375,,,,,45.10979485289353,0.539319010944467,,,,0.0,,,,42.65,
EMCURE,2026-10-03,Healthcare,,36891.0,35.8,,1.4487136684598536,3.8098729732520913,7.452107279693487,,20.1,10.710531847803237,24.0,,20.0,10.523598058452958,24.711577435491062,,7.811958207314484,,13.297948734870136,0.30727272727272725,,,,0.19,,,,77.83,
EMIL,2026-10-03,Consumer Services,,7851.0,40.0,,10.279477783817736,0.9984738649370469,4.822695035460994,,6.24,5.425335791414274,8.17,,7.0,2.6198651914027726,3.8912482561097805,,9.148491578680474,,7.752576763587249,1.2281672816728166,,,,0.0,,,,65.17,
EMKAY,2026-10-03,,,801.0,41.0,,,2.007518796992481,1.9793103448275862,,4.52,1.1494252873563218,8.01,,8.0,5.012531328320802,-17.680472344521448,,-11.783469621593934,,8.084131628320756,0.2894736842105263,,,,0.52,,,,72.83,
EMMVEE,2026-10-03,Capital Goods,,21179.0,16.6,,,3.7968806023664396,5.730337078651686,,50.7,22.07207207207207,44.6,,35.0,22.83972750089638,-10.841679600171261,,8.504405213438936,,80.27984964011274,0.09745533297238766,,,,0.33,,,,80.03,
EMPIND,2026-10-03,,,636.0,163.0,,1.3783613314209806,8.315899581589958,,,15.1,3.815163576351811,16.8,,-1.16,5.1385983263598325,118.25636448460143,,,,4.998039675056565,0.9524160826263371,,,,2.36,,,,72.55,
EMPOWER,2026-10-03,,,179.0,9.27,,0.2397067362927619,1.0914634146341464,0.555956678700361,,5.75,4.4186046511627906,5.29,,1.6,11.585365853658537,38.672254870126956,,,,11.914406375165543,0.11180124223602485,,,,0.0,,,,15.02,
EMSLIMITED,2026-10-03,,,1841.0,27.0,,,2.8236196319018405,1.7473684210526317,,8.91,5.184072126220887,12.8,,17.0,10.582822085889571,-23.509983737605666,,-28.671632597857887,,-6.317572395373272,0.14583333333333334,,,,0.45,,,,69.7,
EMUDHRA,2026-10-03,,,4803.0,41.7,,2.7241331013707586,6.446979865771812,5.2727272727272725,,12.6,9.64550700741962,15.7,,23.0,15.704697986577182,15.307622075814486,,18.677952993727985,,25.935783075415706,0.031833150384193196,,,,0.22,,,,54.4,
ENDURANCE,2026-10-03,Automobile and Auto Components,,36592.0,37.2,,2.967576759608812,2.3468445356593124,5.351851851851852,,14.9,8.354146929635691,17.8,,13.0,6.221139045664444,12.535480297029867,,16.055197032563683,,15.041133807540241,0.1939774886712469,,,,0.44,,,,75.0,
ENERGYDEV,2026-10-03,,,69.0,287.0,,,1.6308201370834317,17.682926829268293,,33.2,-2.0505431168255375,14.3,,55.47,-8.744977546679273,,,,,12.130995189024695,35.16112531969312,,,,0.0,,,,58.14,
ENGINERSIN,2026-10-03,Construction,,17578.0,22.4,,1.0771178452654033,4.532748839608045,5.589285714285714,,23.4,13.358323394104618,30.4,,19.0,20.216606498194945,20.796238868812544,,41.28197179710873,,5.73055813507537,0.00540368722186904,,,,1.6,,,,51.32,
ENIL,2026-10-03,,,445.0,333.0,,,0.791814946619217,0.5874213836477987,,0.25,-0.6633499170812603,-0.75,,8.0,-1.4234875444839856,,,,,1.4654096965215357,0.22559366754617413,,,,2.14,,,,71.15,
ENKEIWHEL,2026-10-03,,,706.0,27.7,,1.2033288049326085,0.62533215234721,2.954887218045113,,4.13,3.6363636363636362,7.66,,10.0,1.9486271036315321,23.019477208934024,,5.992438652989063,,16.393029760041134,0.875,,,,0.0,,,,74.97,
ENRIN,2026-10-03,Capital Goods,,118731.0,77.8,,,12.58276812208563,24.696296296296296,,50.5,14.562536699941282,67.8,,21.0,15.769393810936839,,,,,,0.04488778054862843,,,,0.12,,,,75.0,
ENTERO,2026-10-03,Consumer Services,,7315.0,56.7,,1.1949421751269447,1.0262345679012346,4.332474226804123,,6.94,4.666666666666667,10.5,,4.4,2.356902356902357,47.449994803285335,,,,22.035644909991035,0.40082889283599765,,,,0.0,,,,52.4,
EPACK,2026-10-03,,,1652.0,,,,0.7799811142587346,1.723446893787575,,0.33,-0.3193612774451098,4.54,,4.9,-0.3777148253068933,,,,,14.256049477050258,0.7697916666666667,,,,0.0,,,,46.44,
EPACKPEB,2026-10-03,,,2436.0,25.7,,,1.5263157894736843,3.315068493150685,,17.0,6.657323055360898,21.7,,10.0,5.952380952380952,-56.0196516305851,,-28.473339568658616,,20.817015305318588,0.1566757493188011,,,,0.0,,,,64.95,
EPIGRAL,2026-10-03,,,4237.0,15.6,,1.5530452753795865,1.6134805788271134,1.9067961165048544,,16.0,7.731811697574893,15.5,,22.0,10.31987814166032,10.044781209734621,,0.6425762539211899,,10.82919140790628,0.2575416479063485,,,,0.51,,,,68.83,
EPL,2026-10-03,Capital Goods,,7456.0,18.2,,0.8356912106799614,1.4784850287527265,2.600896860986547,,15.7,8.126550868486353,17.8,,20.0,7.792980368828078,21.778379103917512,,12.249165039578758,,8.796626277644016,0.3365990202939118,,,,1.08,,,,26.38,
EQUITASBNK,2026-10-03,Financial Services,,7827.0,15.3,,,,1.2737430167597765,,1.68,0.8414453060551065,6.43,,,,-14.050183333067556,,14.818508474958803,,,,,,,0.0,,,,,
ERIS,2026-10-03,Healthcare,,16507.0,25.2,,1.4401926786043031,5.110526315789474,4.219858156028369,,18.7,9.349992980485752,14.1,,35.0,20.61919504643963,17.497658733011633,,9.365465147351792,,17.149613972041735,0.6044068665129387,,,,0.61,,,,54.14,
ESABINDIA,2026-10-03,,,8467.0,158.0,,,24.976401179941004,81.36094674556213,,59.3,33.33333333333333,90.8,,24.0,15.929203539823009,,,,,,0.0,,,,1.36,,,,73.72,
ESCORTS,2026-10-03,Capital Goods,,29841.0,21.0,,2.543718940045776,2.436397779229262,2.411392405063291,,18.7,8.757598784194528,13.9,,12.0,11.291639451338995,8.255629059247438,,17.235673146542908,,7.70122054110276,0.013093025135375413,,,,1.24,,,,68.04,
ESSARSHPNG,2026-10-03,,,356.0,,,,,-0.172,,,28.706624605678233,,,-10969.0,,,,,,,-0.779064158224795,,,,0.0,,,,73.75,
ESSENTIA,2026-10-03,,,176.0,,,,0.34714003944773175,1.0309278350515465,,1.37,-0.0,3.1,,-0.1,-0.0,-51.92501432308638,,0.0,,22.323358566193253,0.25882352941176473,,,,0.0,,,,9.72,
ESTER,2026-10-03,,,996.0,,,,0.6780122532334921,1.1907730673316708,,-3.56,-0.11947431302270012,2.75,,8.0,-0.13614703880190604,,,,,11.385718444689141,0.9310344827586207,,,,0.26,,,,62.32,
ETERNAL,2026-10-03,Consumer Services,,302925.0,700.0,,146.78267113984396,4.493902800854498,9.781931464174454,,0.38,1.0633073031776434,2.48,,2.5,0.6423569902682175,4.768955317164725,,,,77.20445014617916,0.14822466107165913,,,,0.0,,,,,
ETHOSLTD,2026-10-03,Consumer Durables,,6775.0,64.2,,8.177328440588735,3.9207175925925926,4.553956834532374,,7.69,4.8247610377787895,10.4,,13.0,6.1342592592592595,7.85097485889632,,28.35849895160667,,20.040026687424707,0.2163978494623656,,,,0.0,,,,50.58,
EUREKAFORB,2026-10-03,Consumer Durables,,6820.0,33.5,,1.4159887999971732,2.4339757316202713,1.4789915966386555,,4.28,2.687852687852688,5.91,,11.0,6.459671663097788,23.65837921886591,,135.2158045049347,,8.577738009229163,0.006305718634485757,,,,0.0,,,,62.55,
EUROBOND,2026-10-03,,,363.0,14.2,,,0.7007722007722008,2.2664624808575806,,17.6,6.701030927835052,16.5,,11.0,5.019305019305019,,,,,,1.00625,,,,0.0,,,,63.93,
EUROPRATIK,2026-10-03,,,1946.0,22.6,,,5.2032085561497325,6.270627062706271,,29.3,22.16624685138539,36.9,,31.0,23.52941176470588,-70.14752990521016,,,,19.16803444819315,0.07741935483870968,,,,0.11,,,,73.91,
EVEREADY,2026-10-03,,,2296.0,14.5,,0.3747021818749215,1.541974479516454,3.6872812135355892,,18.5,14.662273476112025,17.2,,12.0,11.9543317662861,38.697399431851224,,30.859097734168817,,4.255692537867017,0.32423756019261635,,,,0.79,,,,43.6,
EXCELINDUS,2026-10-03,,,1159.0,16.2,,0.2642770031842256,1.0741427247451343,0.6804428044280443,,4.62,3.3729216152019,6.17,,10.0,6.580166821130677,61.2993177794857,,-15.034787254444204,,9.315177874411006,0.004697592483852026,,,,1.49,,,,51.86,
EXCELSOFT,2026-10-03,,,901.0,18.0,,,3.0336700336700337,1.5597609561752988,,9.85,6.932153392330384,13.6,,25.0,15.824915824915825,-62.568215324307694,,-46.347923788919864,,14.471424255333186,0.012110726643598616,,,,0.0,,,,59.08,
EXICOM,2026-10-03,,,2102.0,,,,1.6460454189506657,3.2264957264957266,,-40.8,-13.323278029160383,-14.7,,-7.0,-20.751761942051683,,,,,7.778030166140826,1.0952380952380953,,,,0.0,,,,65.2,
EXIDEIND,2026-10-03,Automobile and Auto Components,,34803.0,37.1,,18.295769478763045,1.8483721918317488,2.4939024390243905,,5.97,4.4160618342916385,8.54,,10.0,4.976366243560465,2.027791181074079,,-26.595277051027455,,3.9356965539546707,0.11326860841423948,,,,0.49,,,,45.99,
EXPLEOSOL,2026-10-03,,,1317.0,8.97,,0.595791393027474,1.1552631578947368,1.698,,18.7,14.854682454251883,24.2,,16.0,12.105263157894736,15.055605208426304,,6.09910631276076,,5.712378877816238,0.010296010296010296,,,,13.0,,,,71.05,
EXXARO,2026-10-03,,,270.0,65.9,,3.0447180965085545,0.8307692307692308,0.9664,,1.01,0.819672131147541,4.31,,8.0,1.2307692307692308,21.644039911467992,,-25.794430304897066,,2.590139838686989,0.33214285714285713,,,,0.0,,,,42.07,
FABTECH,2026-10-03,,,631.0,13.0,,,1.5095693779904307,1.5042372881355932,,12.5,7.492354740061162,13.6,,11.0,11.722488038277511,-47.58695722252098,,-30.866155938479167,,22.750314698377693,0.16706443914081145,,,,0.42,,,,68.94,
FACT,2026-10-03,Chemicals,,47557.0,3211.0,,,8.98488569809182,34.66981132075472,,1.61,0.419350007488393,8.65,,2.0,0.5290005667863216,-64.32427352613139,,-39.758769564516484,,-5.125367344941578,2.7905454545454544,,,,0.0,,,,90.0,
FAZE3Q,2026-10-03,,,1065.0,35.0,,,1.1329787234042554,2.327956989247312,,6.44,3.6630036630036633,10.1,,8.0,3.1914893617021276,-13.246447415879537,,-9.841307886847906,,18.493120103799754,0.6084070796460177,,,,0.0,,,,58.01,
FCL,2026-10-03,,,6489.0,53.0,,,6.41205533596838,7.348284960422164,,13.5,12.76962899050906,18.3,,17.0,14.624505928853754,-0.6211340376051422,,16.216334139411682,,21.159112110796976,0.009070294784580499,,,,0.23,,,,62.3,
FCSSOFT,2026-10-03,,,236.0,60.2,,,3.5779260157671318,0.5679012345679012,,0.82,0.6144326302945791,2.4,,7.96,4.275318374772589,,,,,21.582628329993025,0.0,,,,0.0,,,,19.65,
FDC,2026-10-03,,,5469.0,17.8,,,2.4972602739726026,2.196078431372549,,11.2,10.037684138403563,15.4,,15.0,13.378995433789953,-1.4063522148298313,,6.987246508499156,,4.069572705000968,0.006036217303822937,,,,1.49,,,,69.65,
FEDDERSHOL,2026-10-03,,,1282.0,16.8,,,,1.7765363128491622,,11.6,10.29940119760479,11.2,,,,-23.431913198818798,,-23.603724898514788,,,,,,,0.0,,,,65.84,
FEDERALBNK,2026-10-03,Financial Services,,78681.0,16.8,,2.7766425878571024,,1.962962962962963,,11.6,1.20448367368764,6.39,,,,6.0504726367989425,,15.186823522071613,,,,,,,0.38,,,,,
FEDFINA,2026-10-03,Financial Services,,5618.0,14.7,,0.941535760184931,,1.918158567774936,,12.6,2.26962962962963,9.06,,,,15.61278989245476,,26.009692685666195,,,,,,,0.0,,,,60.67,
FERMENTA,2026-10-03,,,1628.0,29.8,,,3.1859099804305284,4.007246376811594,,16.4,8.950617283950617,20.6,,18.0,11.350293542074363,,,31.033315336204524,,15.113262937499105,0.27832512315270935,,,,0.68,,,,64.09,
FIBERWEB,2026-10-03,,,76.4,12.5,,,0.9098487555079195,0.438943894389439,,6.55,3.232804232804233,8.03,,7.09,7.2764082410384665,-16.02481974073656,,-29.995790655833233,,-5.077964677368052,0.0025790921595598352,,,,0.0,,,,47.04,
FIEMIND,2026-10-03,Automobile and Auto Components,,4724.0,18.0,,1.08172083667612,1.61118690313779,3.8852813852813854,,22.6,15.461493239271018,29.3,,14.0,8.969986357435197,16.64015279146316,,22.784963783432154,,13.056092992924428,0.05432098765432099,,,,2.23,,,,54.51,
FILATEX,2026-10-03,,,4711.0,24.6,,0.8156465592860679,1.106907894736842,3.1268436578171093,,12.9,7.732793522267206,19.0,,8.0,4.487781954887218,30.160122322507288,,35.83043808784867,,13.982528071238164,0.09973404255319149,,,,0.28,,,,65.47,
FILATFASH,2026-10-03,,,150.0,48.6,,,1.6812373907195697,0.06474820143884892,,0.12,0.12135731678579846,0.17,,4.11,3.463349024882313,,,,,-20.326663186423776,0.0250286232745026,,,,0.0,,,,2.02,
FINCABLES,2026-10-03,Capital Goods,,22311.0,27.9,,3.9430535769394512,3.2153047989623866,3.6658291457286434,,12.3,11.444921316165951,16.0,,10.0,11.529038766392851,7.07573444174594,,5.9507554523638095,,11.439080316626704,0.0031219191587249424,,,,0.62,,,,35.86,
FINEORG,2026-10-03,,,15732.0,35.9,,17.27620427787665,6.364077669902913,5.904487917146145,,16.5,14.60486828942981,21.5,,21.0,17.718446601941746,2.078002750058494,,11.033608765393875,,5.2041384364654775,0.025525525525525526,,,,0.21,,,,75.0,
FINKURVE,2026-10-03,,,988.0,50.1,,0.23396120602869316,,5.64,,13.3,10.75268817204301,14.3,,,,214.13806523913928,,91.61790585463947,,,,,,,0.0,,,,56.21,
FINOPB,2026-10-03,,,1067.0,43.6,,,,1.322314049586777,,6.76,0.3953313253012048,4.41,,,,-37.659350595454356,,-13.355276429063167,,,,,,,0.0,,,,75.0,
FINPIPE,2026-10-03,Capital Goods,,9338.0,15.2,,1.6624820485268585,2.3616590794132524,1.5,,8.57,8.096366508688783,11.8,,18.0,15.553869499241275,9.142955867384472,,-10.149674816708709,,-2.885322541458102,0.07176186645213194,,,,1.33,,,,52.47,
FIRSTCRY,2026-10-03,Consumer Services,,9124.0,,,,1.037761601455869,1.8918918918918919,,-2.37,-2.048438207333635,0.57,,3.3,-2.058689717925387,,,,,10.700237506228106,0.33022581313445204,,,,0.0,,,,,
FISCHER,2026-10-03,,,2338.0,95.5,,0.7174713771424694,6.370572207084469,5.697278911564626,,8.91,3.5767511177347244,11.4,,12.0,6.539509536784741,133.10635523936227,,,,159.50690802325758,0.2779220779220779,,,,0.15,,,,63.09,
FIVESTAR,2026-10-03,Financial Services,,14944.0,95.4,,1.31991527917645,,,,16.0,6.680851063829787,17.0,,,,72.27736621059803,,,,,,,,,0.4,,,,18.61,
FLAIR,2026-10-03,,,2388.0,17.1,,3.1048759824128283,1.864168618266979,2.1018518518518516,,12.9,10.314557425018288,16.8,,18.0,11.00702576112412,5.507466351912527,,-11.248151274226426,,9.376027520868856,0.05779334500875657,,,,0.44,,,,78.59,
FLUOROCHEM,2026-10-03,Chemicals,,47691.0,77.2,,6.634795891052148,8.99321138977937,6.064245810055866,,7.82,5.0594485201113075,9.64,,26.0,11.314350367716388,11.635625461231424,,-5.126827021684255,,7.396995803829021,0.34591914569031273,,,,0.07,,,,61.39,
FMGOETZE,2026-10-03,,,2471.0,13.6,,1.3050623663393108,1.2348825587206398,1.7209302325581395,,13.5,8.851317752362009,18.6,,15.0,8.895552223888057,10.42095791800961,,25.89605377263893,,5.667252081650642,0.0006958942240779402,,,,1.69,,,,74.98,
FMNL,2026-10-03,,,49.0,5.88,,,0.4963030487187278,0.4415300546448087,,3.95,2.4949258391881344,7.88,,42.9,8.09277828420946,,,,,2.0020042501389668,1.3128889690628665,,,,0.0,,,,69.95,
FOODSIN,2026-10-03,,,363.0,14.9,,,0.4600760456273764,0.6415584415584416,,5.03,1.8475750577367205,9.19,,12.0,3.041825095057034,-19.940796014300176,,1.7777627301617915,,-8.203608291717945,0.7646017699115044,,,,0.61,,,,25.39,
FORCEMOT,2026-10-03,Automobile and Auto Components,,22136.0,20.1,,0.4209044266304074,2.4060869565217393,5.27803958529689,,26.1,19.14958702967268,36.0,,16.0,13.608695652173914,47.754308884115495,,,,9.579370842217516,0.0,,,,0.3,,,,61.63,
FORTIS,2026-10-03,Healthcare,,59264.0,55.6,,2.7102980277096727,6.234378287397433,5.99236641221374,,11.2,6.758037011305501,13.4,,22.0,11.256048811277088,20.514349134875243,,13.558703464957444,,11.308887934696799,0.3509498787388844,,,,0.13,,,,31.17,
FOSECOIND,2026-10-03,,,4811.0,46.2,,,6.223803363518758,4.641454545454545,,12.6,7.456140350877193,17.4,,21.0,13.195342820181114,,,,,,0.0028929604628736743,,,,0.39,,,,63.54,
FRACTAL,2026-10-03,,,12628.0,38.0,,,3.6581691772885283,3.9297297297297296,,12.0,7.39972337482711,12.6,,14.0,9.298957126303591,,,,,16.27316217992396,0.13124018838304552,,,,0.0,,,,16.97,
FREDUN,2026-10-03,,,2241.0,51.2,,,2.9959893048128343,7.970588235294118,,15.6,6.853582554517133,21.3,,15.0,5.88235294117647,,,,,,0.7985611510791367,,,,0.02,,,,44.57,
FRONTSP,2026-10-03,,,1673.0,,,,,71.15577889447236,,,,,,,,,,,,,,,,,0.05,,,,51.76,
FSL,2026-10-03,Services,,17704.0,22.2,,2.4423789776733154,1.759141494435612,4.032258064516129,,17.6,7.3485927061658085,16.8,,16.0,6.667329093799681,9.08949847789322,,4.296077330138348,,16.67697290935868,0.6663625997719498,,,,2.2,,,,53.66,
FUSION,2026-10-03,,,2775.0,16.5,,,,1.125,,0.68,2.0373719107896324,5.92,,,,-30.552827968681306,,45.33657604666652,,,,,,,0.0,,,,53.97,
GABRIEL,2026-10-03,Automobile and Auto Components,,23306.0,64.7,,2.8660141219686595,4.512294288480155,13.798530954879329,,20.2,14.456342668863261,25.6,,9.0,6.795740561471443,22.574906210007683,,,,14.921898596892213,0.10818713450292397,,,,0.38,,,,66.29,
GAEL,2026-10-03,Fast Moving Consumer Goods,,7233.0,17.3,,2.7235881460125575,1.199104774535809,2.200557103064067,,9.72,10.0,12.5,,10.0,6.896551724137931,6.351914853693241,,-2.6245435773460835,,6.977618002663832,0.1338391502276176,,,,0.19,,,,63.84,
GAIL,2026-10-03,Oil Gas & Consumable Fuels,,112579.0,11.4,,,0.763325083906838,1.2666666666666666,,8.71,7.021462769173857,9.67,,10.0,6.6922059870495305,-0.06644520228763495,,-3.9652895007910915,,3.4468922313521277,0.27884647778189536,,,,3.21,,,,51.79,
GAJA,2026-10-03,,,1907.0,22.1,,,14.022058823529411,,,15.9,11.614730878186968,17.0,,53.0,60.29411764705882,-92.95421937639807,,,,34.41579152532328,0.08745874587458746,,,,0.55,,,,54.23,
GALAPREC,2026-10-03,,,1484.0,39.0,,4.067315525494847,4.538226299694189,5.056768558951965,,13.2,9.893048128342247,15.6,,17.0,11.314984709480122,9.588634015615272,,2.070317073328498,,17.224189387738488,0.1296928327645051,,,,0.0,,,,54.34,
GALAXYSURF,2026-10-03,,,8427.0,23.2,,4.233296447976821,1.4650556328233657,3.0710594315245476,,10.9,9.159120310478656,13.5,,10.0,6.154381084840056,5.480362711448605,,6.128083682035657,,14.899158913098631,0.08564139941690962,,,,0.93,,,,70.91,
GALLANTT,2026-10-03,Capital Goods,,12792.0,29.4,,1.1948564820936132,2.8830290736984447,3.8686131386861313,,15.6,10.210772833723654,18.2,,15.0,9.826459319359927,24.605465543849814,,-3.5237325954493137,,1.6293294924386803,0.1652593486127865,,,,0.38,,,,70.03,
GANDHAR,2026-10-03,,,2766.0,9.18,,0.3169551474354333,0.5475059382422803,2.050724637681159,,10.5,14.247191011235955,13.3,,9.0,6.274742676167855,28.96308854510732,,10.828694655383252,,7.0947572564246775,0.2328159645232816,,,,0.71,,,,66.6,
GANDHITUBE,2026-10-03,,,1101.0,14.6,,1.4108660489091274,5.477611940298507,3.753846153846154,,20.0,22.058823529411764,28.4,,45.0,37.3134328358209,10.348253834082,,14.129292937554204,,5.535842706071725,0.0,,,,1.54,,,,71.7,
GANECOS,2026-10-03,,,2616.0,46.3,,4.829622252906084,1.6683673469387754,2.0504201680672267,,3.3,2.7958062905641534,5.58,,11.0,3.571428571428571,9.586671084294496,,-5.789387219071129,,11.769189258516711,0.3887147335423197,,,,0.36,,,,39.33,
GANESHCP,2026-10-03,,,602.0,13.3,,0.8978458009848581,0.7024504084014003,1.6248636859323882,,14.2,9.977827050997783,19.3,,10.0,5.250875145857643,14.813234060248504,,8.55371648297596,,4.130914388323159,0.07277628032345014,,,,3.36,,,,65.65,
GANESHHOU,2026-10-03,,,5830.0,22.0,,,9.109375,2.7628458498023716,,16.0,9.37721160651097,18.8,,63.0,41.40625,-16.82628846016937,,30.28110202126888,,-10.442748504801946,0.24928909952606634,,,,0.21,,,,73.06,
GANGAFORGE,2026-10-03,,,49.9,,,,1.4228685486170516,1.7411764705882353,,-13.2,-3.802281368821293,-6.43,,-3.91,-6.558311947533505,,,,,-1.95501931802049,0.7056140350877192,,,,0.0,,,,35.51,
GANGESSECU,2026-10-03,,,114.0,39.6,,,3.044058744993324,0.2111111111111111,,0.44,0.49630357235175515,0.76,,11.64,7.690253671562082,-6.1132264583130365,,-18.46029391277162,,1.6269734618848508,0.0,,,,0.0,,,,66.64,
GARFIBRES,2026-10-03,,,7503.0,34.0,,32.22034798495084,4.563868613138686,5.647058823529412,,16.1,11.176157530601385,22.0,,19.0,12.773722627737227,1.0552337925052946,,5.905807831126375,,7.428479690018275,0.03175775480059084,,,,1.17,,,,54.25,
GARUDA,2026-10-03,,,1602.0,11.8,,,2.757314974182444,3.5245901639344264,,31.2,21.11801242236025,41.8,,32.0,23.407917383820998,,,,,,0.026373626373626374,,,,0.0,,,,67.56,
GATEWAY,2026-10-03,,,2592.0,10.6,,,1.1723202170963365,1.130718954248366,,11.5,7.04145371947757,10.8,,22.0,11.216644052464948,-1.5844256525330835,,1.7668118193497895,,12.910026403510177,0.2817269952027911,,,,3.86,,,,33.93,
GAYAHWS,2026-10-03,,,41.2,,,,1.9038817005545288,-0.06564885496183206,,,-0.1948628892209523,11.0,,-3.79,-8.918669131238447,,,,,132.58209055646995,-1.497496491899477,,,,0.0,,,,61.16,
GAYAPROJ,2026-10-03,,,1042.0,8.34,,0.03114759246064903,1.043043043043043,0.691358024691358,,,98.3451536643026,4.85,,3.0,208.20820820820822,267.7574522183862,,,,13.680382233581124,0.5132013201320133,,,,0.0,,,,23.56,
GCSL,2026-10-03,,,1700.0,62.4,,,8.762886597938145,9.392265193370164,,12.7,15.209125475285171,16.7,,30.0,20.618556701030926,-1.9182832386454018,,49.05884354466481,,19.740507771464323,0.08823529411764706,,,,0.1,,,,60.53,
GEEKAYWIRE,2026-10-03,,,305.0,10.6,,,0.6869369369369369,1.7804878048780488,,19.0,8.285714285714285,16.8,,9.0,6.531531531531531,-9.33588167438546,,26.173121778528994,,2.607801579603075,0.8421052631578947,,,,1.2,,,,60.47,
GEMAROMA,2026-10-03,,,811.0,,,,2.1455026455026456,1.8002322880371662,,0.39,-2.1806853582554515,3.43,,8.0,-3.7037037037037033,,,,,-5.785491172031887,0.33853006681514475,,,,0.0,,,,57.44,
GENCON,2026-10-03,,,232.0,27.3,,,0.760655737704918,0.7937743190661478,,2.94,1.5444015444015444,7.1,,11.0,2.622950819672131,,,,,,0.21843003412969283,,,,0.0,,,,40.3,
GENESYS,2026-10-03,,,1881.0,54.1,,5.564970855770341,5.56508875739645,2.676190476190476,,5.72,3.189300411522634,8.32,,32.0,9.171597633136095,9.721524407248872,,11.541872989378298,,19.513556396294707,0.24573863636363635,,,,0.0,,,,32.72,
GENUSPAPER,2026-10-03,,,271.0,28.7,,,0.2805383022774327,0.5172413793103449,,0.61,0.7738607050730868,4.73,,8.0,0.9316770186335404,,,4.2836189040638795,,10.191131575749912,0.8486590038314177,,,,0.0,,,,50.84,
GENUSPOWER,2026-10-03,,,8519.0,13.1,,0.13662819412646174,1.6468200270635995,3.8408779149519887,,30.9,10.279047769194387,25.3,,19.0,12.603904890779043,95.88064955227884,,57.21823655679024,,62.704597056519006,1.0378719567177637,,,,0.18,,,,39.34,
GEOJITFSL,2026-10-03,,,2113.0,27.2,,,3.144345238095238,1.7604651162790699,,7.32,3.5145267104029996,9.02,,21.0,11.160714285714286,-20.57900383651292,,-13.59956726714956,,2.555842991834889,0.10241465445462115,,,,1.98,,,,38.47,
GESHIP,2026-10-03,Services,,21852.0,5.83,,0.4573532586045609,3.517141477547079,1.2887205387205387,,15.9,19.254881808838643,15.8,,62.0,60.30902945436986,12.747258033730912,,42.868993789047984,,5.740869619733813,0.0640806461121264,,,,2.29,,,,30.08,
GFLLIMITED,2026-10-03,,,607.0,10.0,,,151.75,0.2369098712446352,,1.77,2.228717573986116,2.07,,40.0,1525.0,,,,,0.0,0.0,,,,0.0,,,,68.72,
GHCL,2026-10-03,Chemicals,,3701.0,8.11,,,1.2078981723237598,1.0414507772020725,,13.0,10.976744186046512,17.4,,22.0,15.404699738903393,-24.50017010991078,,8.402915531944167,,-12.354967080982194,0.023367117117117118,,,,2.99,,,,19.83,
GHCLTEXTIL,2026-10-03,,,1235.0,12.8,,0.22618615455385613,0.8458904109589042,0.821656050955414,,4.34,5.133689839572193,5.75,,12.0,6.575342465753424,56.59055491370606,,,,11.47327185454763,0.08921438082556592,,,,0.46,,,,19.2,
GICHSGFIN,2026-10-03,,,716.0,4.54,,3.4331280493434857,,0.340153452685422,,7.61,1.3895034958845915,7.72,,,,1.3224091658533332,,-1.9222788400870772,,,,,,,3.39,,,,42.41,
GICL,2026-10-03,,,249.0,25.0,,0.49301014925170433,1.4067796610169492,2.5456621004566213,,12.5,5.911330049261084,15.9,,11.0,6.779661016949152,50.708895218374806,,44.761273215532604,,15.794910575502929,0.4897959183673469,,,,0.0,,,,63.96,
GICRE,2026-10-03,Financial Services,,56825.0,6.4,,0.6458126160918181,1.0769857665409472,0.7677725118483413,,14.6,4.313948514543474,17.4,,18.0,16.82049921346398,9.909995315251141,,30.053583031380416,,4.695127047676495,0.0,,,,4.09,,,,77.4,
GILLANDERS,2026-10-03,,,241.0,13.8,,,0.5552995391705069,0.9338842975206612,,2.95,3.074141048824593,5.65,,7.0,3.9170506912442393,,,1.297483714670844,,6.13558911140335,0.5775193798449613,,,,0.0,,,,69.05,
GILLETTE,2026-10-03,Fast Moving Consumer Goods,,22484.0,33.6,,1.9189380378180945,7.079345088161209,23.78965517241379,,66.5,35.70283270978087,90.7,,30.0,21.03274559193955,17.509684699462458,,18.218769508104216,,6.449398446239418,0.0,,,,2.61,,,,75.0,
GIPCL,2026-10-03,,,2714.0,7.71,,0.7278985255523952,1.9289267945984363,1.0294117647058822,,14.2,6.656225528582615,16.2,,39.0,18.123667377398718,10.5921357570397,,6.484744981060708,,1.33803261556793,0.22295719844357978,,,,2.35,,,,56.57,
GKB,2026-10-03,,,32.4,8.84,,,0.216,0.6133333333333334,,3.28,4.545454545454546,10.9,,7.0,4.0,,,20.566567673499247,,19.45459557942599,0.22641509433962265,,,,0.0,,,,51.15,
GKENERGY,2026-10-03,,,2328.0,10.3,,,1.2278481012658229,2.625570776255708,,37.3,17.39463601532567,41.4,,18.0,11.972573839662447,-65.73367935821888,,,,66.46853991275175,0.23198198198198197,,,,0.44,,,,79.2,
GKSL,2026-10-03,,,1532.0,96.8,,,15.168316831683168,6.0625,,11.1,5.704697986577181,14.5,,26.0,16.831683168316832,-70.74842738001392,,,,172.34356815688767,0.11462450592885376,,,,0.0,,,,71.45,
GKWLIMITED,2026-10-03,,,913.0,248.0,,,64.93598862019914,8.693181818181818,,3.56,3.046521202140799,4.86,,34.85,26.31578947368421,-0.0539665512256704,,-23.071026701800523,,-6.261658244159129,0.0,,,,0.0,,,,75.0,
GLAND,2026-10-03,Healthcare,,47431.0,41.4,,3.0772536161811708,7.052936802973978,4.5691573926868045,,10.7,9.069001526227007,15.1,,26.0,16.78810408921933,13.45355474839829,,-1.4689687351186365,,5.884110231809014,0.0274210678767983,,,,0.7,,,,51.77,
GLAXO,2026-10-03,Healthcare,,46944.0,44.6,,2.0389641225591872,11.86953223767383,20.67910447761194,,45.6,24.699352451433857,61.4,,34.0,27.00379266750948,21.873852269661676,,-8.819434455837227,,4.618394640457257,0.014556682840758712,,,,2.06,,,,75.0,
GLENMARK,2026-10-03,Healthcare,,65787.0,21.1,,,3.7090263291424703,6.266129032258065,,23.6,9.031998794393932,39.8,,27.0,10.137001747758923,,,13.807341812677487,,14.50909632673918,0.05650684931506849,,,,0.21,,,,46.65,
GLFL,2026-10-03,,,14.9,,,,212.85714285714283,-2.0408921933085504,,,-3.9024390243902447,-4.61,,-428.57,-457.1428571428571,,,,,-16.44503441725692,-2.057613168724279,,,,0.0,,,,45.67,
GLOBAL,2026-10-03,,,695.0,26.6,,,7.473118279569892,5.150375939849623,,22.0,18.571428571428573,29.2,,38.0,27.956989247311824,-8.346418874594008,,19.173054694133462,,7.915479045840446,0.0,,,,0.73,,,,72.73,
GLOBALE,2026-10-03,,,11.2,,,,0.454914703493095,1.1738648947951273,,-13.6,-4.61599681655392,-3.65,,-4.87,-4.71161657189277,,,,,-23.161995843282067,1.075078206465068,,,,0.0,,,,65.43,
GLOBALVECT,2026-10-03,,,183.0,,,,0.34990439770554493,-22.625215889464595,,-676.0,-3.9414414414414414,-4.09,,4.4,-6.692160611854685,,,,,1.3081927380032665,-75.125,,,,0.0,,,,75.0,
GLOBE,2026-10-03,,,95.0,8.92,,1.8704306093820116,0.13991163475699558,0.6512345679012345,,7.51,2.669902912621359,10.9,,4.6,1.6200294550810017,4.768955317164725,,,,13.942487462901521,1.143835616438356,,,,0.0,,,,34.35,
GLOBECIVIL,2026-10-03,,,248.0,9.77,,,0.5754060324825986,1.042713567839196,,13.7,4.621072088724584,16.3,,13.0,5.800464037122969,-59.13687878867569,,-27.391417081173397,,9.088690575953873,0.6302521008403361,,,,0.0,,,,63.44,
GLOBUSSPR,2026-10-03,,,2476.0,24.6,,21.35596787183353,0.8846016434440872,2.0986666666666665,,8.76,4.44642063139173,11.2,,10.0,3.5727045373347623,1.1519028380092777,,-6.663007094824103,,5.041743377683083,0.4830430797433547,,,,0.83,,,,46.74,
GLOSTERLTD,2026-10-03,,,590.0,46.1,,,0.38113695090439276,0.5417085427135678,,1.84,0.5179282868525896,5.85,,10.0,0.8397932816537468,-19.308430046338454,,-27.87396810014603,,33.817469410438996,0.8806244260789715,,,,3.71,,,,72.68,
GLOTTIS,2026-10-03,,,540.0,14.4,,,0.7468879668049793,1.9210526315789473,,13.4,10.354223433242508,,,7.0,5.255878284923928,,,,,,0.18928571428571428,,,,0.0,,,,74.23,
GMBREW,2026-10-03,,,2175.0,15.8,,,2.907754010695187,2.016949152542373,,12.5,12.816326530612246,18.0,,24.0,20.989304812834224,,,,,,0.0,,,,0.95,,,,74.43,
GMDCLTD,2026-10-03,Metals & Mining,,15507.0,27.2,,1.601012660379273,5.485320127343473,2.1981981981981984,,4.22,10.641139804096172,10.8,,16.0,33.816766890696854,16.989247288997976,,16.486898687848605,,4.701715834443565,0.04481832320090485,,,,1.95,,,,74.0,
GMMPFAUDLR,2026-10-03,Capital Goods,,6489.0,51.5,,,1.7758620689655173,5.384328358208955,,6.69,1.6294810729506142,13.6,,11.0,1.7788724685276411,-25.621229248277643,,-3.6785117821336866,,1.9728185130673648,0.8639004149377594,,,,0.14,,,,25.18,
GMRAIRPORT,2026-10-03,Services,,98367.0,175.0,,,6.318132185753742,-35.84615384615385,,,1.3875142050661682,11.6,,39.0,4.862226218768065,,,,,21.153190654326238,-15.853658536585366,,,,0.0,,,,67.16,
GMRP&UI,2026-10-03,Power,,7956.0,,,,1.07673568818514,4.180327868852459,,-42.8,3.4314875645236977,12.0,,22.0,7.917174177831912,,,,,18.071574246224497,6.089285714285714,,,,0.0,,,,46.28,
GNA,2026-10-03,,,2493.0,18.8,,1.922322498593644,1.5532710280373832,2.482905982905983,,12.2,8.68421052631579,14.3,,16.0,8.224299065420562,9.779836637064765,,8.282442920337196,,2.144900165218022,0.21713147410358566,,,,0.52,,,,65.78,
GNFC,2026-10-03,Chemicals,,8657.0,8.35,,0.3006508157329882,1.0293697978596907,0.95,,9.14,9.094098044374288,12.0,,15.0,12.330558858501783,27.773082802528435,,-8.50317708884859,,1.9782612361527674,0.0005485463521667581,,,,3.56,,,,41.3,
GNRL,2026-10-03,,,1491.0,77.2,,,45.18181818181818,7.147058823529412,,5.47,7.786885245901639,7.26,,68.0,57.57575757575758,,,,,6.917810999860885,0.0625,,,,0.0,,,,1.93,
GOACARBON,2026-10-03,,,369.0,39.8,,1.1895092763071493,1.268041237113402,4.584755403868032,,12.1,3.4090909090909087,8.61,,5.0,3.0927835051546393,33.45917580698465,,-2.698699064045651,,-0.11428581385686254,1.9875,,,,0.0,,,,59.72,
GOCLCORP,2026-10-03,,,1743.0,6.52,,0.07109096529953432,158.45454545454547,0.555205047318612,,56.0,9.563994374120956,6.98,,-287.0,3090.909090909091,91.71348247317594,,14.056376541626104,,-73.77668349700495,0.0003181673560292714,,,,8.53,,,,67.82,
GOCOLORS,2026-10-03,,,1551.0,87.6,,,8.163157894736843,,,19.3,8.780487804878048,22.7,,18.0,9.473684210526317,,,,,,0.37410071942446044,,,,0.0,,,,55.45,
GODAVARIB,2026-10-03,,,1163.0,40.1,,,0.5777446597118728,1.474025974025974,,4.28,0.0,6.55,,6.0,0.0,-78.28543111335128,,-63.37126066785825,,6.066009739546008,0.6738578680203046,,,,0.0,,,,63.31,
GODFRYPHLP,2026-10-03,Fast Moving Consumer Goods,,28852.0,21.1,,1.3423894099859723,4.722094926350246,4.648241206030151,,23.4,16.462093862815884,30.2,,23.0,22.389525368248773,15.718240804820184,,25.58573275493943,,14.994506185066214,0.03766902768834514,,,,2.7,,,,72.58,
GODIGIT,2026-10-03,Financial Services,,23712.0,48.2,,1.3082684348084497,2.3256178893683797,5.079365079365079,,12.2,1.9717858287912793,13.1,,1.1,4.8254217340133385,36.84259186996071,,,,7.76490990326415,0.07507507507507508,,,,0.0,,,,73.0,
GODREJAGRO,2026-10-03,Fast Moving Consumer Goods,,12158.0,25.9,,3.4700114197177245,1.1607790719877793,5.962264150943396,,20.9,6.898230806687226,19.2,,8.0,4.057666603016995,7.463952381490113,,2.0690769786376517,,3.086805991165109,0.7746062992125984,,,,1.74,,,,67.75,
GODREJCP,2026-10-03,Fast Moving Consumer Goods,,85958.0,41.4,,,5.38955420402533,6.774193548387097,,16.1,9.139528220800305,18.8,,20.0,12.000752398269483,,,1.4157627591165456,,4.202752033131585,0.3495414294750158,,,,2.38,,,,53.06,
GODREJIND,2026-10-03,Diversified,,34345.0,28.5,,0.16799207594587778,1.478794402583423,3.072289156626506,,9.26,1.7553474555404642,8.17,,10.0,9.515608180839614,169.65085906303034,,12.438551019658316,,11.842575059741357,4.613402523038382,,,,0.0,,,,74.64,
GODREJPROP,2026-10-03,Realty,,48070.0,29.7,,1.1095204100559977,9.238900634249472,2.509433962264151,,8.82,1.951219512195122,7.63,,-11.0,30.59773207764751,26.76832235875772,,33.18156455407435,,19.669649645956035,0.8297139277510963,,,,0.63,,,,51.66,
GOKEX,2026-10-03,Textiles,,5047.0,49.0,,,1.205973715651135,2.335593220338983,,3.09,2.365640790078089,7.65,,9.0,2.4611708482676224,-12.060902881367607,,-6.678188028640286,,20.716603276961965,0.5890791300323924,,,,0.0,,,,9.15,
GOKUL,2026-10-03,,,383.0,18.5,,0.1463115729864112,0.09095226786986464,1.0544959128065394,,4.86,2.307692307692308,8.25,,0.9,0.49869389693659466,126.44249270505897,,-4.851422811392736,,11.731091858515462,1.0604395604395604,,,,0.0,,,,73.6,
GOKULAGRO,2026-10-03,Fast Moving Consumer Goods,,6200.0,14.8,,0.32331436063104324,0.2537343973808062,4.356846473029045,,30.0,8.522727272727272,36.7,,3.1,1.7188459177409454,45.775881934577356,,27.86031259638435,,20.82191641992064,0.4139142656359803,,,,0.0,,,,74.24,
GOLDIAM,2026-10-03,,,4679.0,22.2,,0.7405235811209265,4.36067101584343,4.237057220708446,,20.0,15.50330639235856,25.8,,21.0,19.664492078285182,29.97878874619493,,14.114258816639126,,21.17902948608148,0.06962025316455696,,,,0.66,,,,58.51,
GOODLUCK,2026-10-03,,,4979.0,24.4,,1.7623846373041574,1.1305631244323342,3.3266666666666667,,13.0,6.894287590282337,14.4,,10.0,4.768392370572207,13.844877834003144,,16.313728113458282,,7.703395765369625,0.7505030181086519,,,,0.4,,,,54.0,
GOODYEAR,2026-10-03,,,1602.0,26.1,,,0.6175790285273709,2.6387832699619773,,12.6,4.30622009569378,17.4,,4.7,2.081727062451812,-17.167290267823866,,-12.12905483334753,,0.5456070570800664,0.04455445544554455,,,,3.82,,,,74.0,
GOPAL,2026-10-03,,,3176.0,57.8,,,1.9751243781094527,6.640625,,4.72,11.748251748251748,11.7,,7.0,5.223880597014925,-5.559974652590505,,-55.04884752178031,,4.675732880845729,0.32217573221757323,,,,0.39,,,,81.45,
GOYALALUM,2026-10-03,,,84.4,17.5,,0.7815870233193978,1.093547551179062,3.3202247191011236,,12.9,10.52401746724891,10.1,,5.83,6.245141228297486,22.39034103416604,,36.35880292817131,,4.092493350621207,0.42096964919195906,,,,0.0,,,,69.94,
GPIL,2026-10-03,Capital Goods,,14520.0,17.7,,,2.5,2.4971098265895955,,15.3,11.074561403508772,20.5,,22.0,13.911845730027547,-4.432947597221948,,-10.411103874962135,,2.174590985807079,0.07626097435014632,,,,0.46,,,,63.18,
GPPL,2026-10-03,Services,,8019.0,14.7,,0.8269906278224958,6.466935483870968,3.360323886639676,,20.8,18.485449735449734,28.1,,62.0,45.08064516129032,17.775292132035126,,23.135807919718676,,7.866912217028266,0.015494137353433836,,,,6.27,,,,44.01,
GPTHEALTH,2026-10-03,,,1243.0,29.8,,,3.688427299703264,,,28.5,13.003095975232199,23.7,,22.0,12.462908011869436,,,,,,0.6075949367088608,,,,1.65,,,,65.57,
GPTINFRA,2026-10-03,,,1499.0,15.2,,0.940535636700705,1.1720093823299453,2.494758909853249,,17.3,7.084870848708487,21.4,,14.0,7.505863956215794,16.16100380132317,,30.100280918834876,,7.904839266715302,0.4883720930232558,,,,2.32,,,,69.37,
GRADIENTE,2026-10-03,,,5.31,5.53,,0.059590886266980614,3.0693641618497107,0.253763440860215,,0.8,2.4193548387096775,0.86,,45.09,55.49132947976878,92.79942532192511,,,,-28.077564834247482,0.2620525059665871,,,,0.0,,,,20.99,
GRANDOAK,2026-10-03,,,1806.0,368.0,,8.321093443781136,,2.1219512195121952,,0.01,0.14030736170723485,0.0,,,,44.22495703074083,,-27.83993170751653,,,,,,,0.0,,,,0.0,
GRANULES,2026-10-03,Healthcare,,22416.0,34.5,,1.9984875073704478,3.9801136363636362,4.009756097560976,,13.8,8.616425875309124,15.5,,23.0,11.754261363636363,17.26305512181765,,10.131946007844483,,7.718546902181145,0.2973451327433628,,,,0.21,,,,37.39,
GRAPHITE,2026-10-03,Capital Goods,,15359.0,70.1,,,5.070650379663255,2.62,,3.11,2.758347630988518,4.58,,3.0,6.899966985803896,-35.88662253209024,,-15.848779666638336,,0.8848035050551095,0.06280935313193378,,,,0.89,,,,65.34,
GRASIM,2026-10-03,Construction Materials,,201575.0,35.1,,,1.0953436686609175,1.9486842105263158,,4.98,1.9786201492091493,8.01,,21.0,6.119144265306012,-1.0529588687452018,,-5.698128692346227,,12.002909342250545,2.20211655552334,,,,0.34,,,,43.73,
GRAUWEIL,2026-10-03,,,3709.0,23.2,,7.721021724264426,3.000809061488673,3.422594142259414,,15.2,11.072664359861593,20.6,,15.0,12.944983818770226,3.0047836709344633,,15.198040380577549,,4.990274860022881,0.013876040703052728,,,,0.61,,,,69.04,
GRAVISSHO,2026-10-03,,,226.0,11283.0,,,3.4651947255443116,1.1764705882352942,,-0.41,0.013115900843789621,1.1,,14.29,0.045998160073597055,,,,,6.4030754802915535,0.04914786053056757,,,,0.0,,,,74.91,
GRAVITA,2026-10-03,Metals & Mining,,10426.0,26.6,,1.7395344021153762,2.2182978723404254,4.256024096385542,,15.5,11.472051507170033,16.2,,9.0,8.340425531914894,15.291448083839466,,21.336549462053057,,14.136474578827185,0.300163132137031,,,,0.45,,,,55.88,
GREAVESCOT,2026-10-03,Capital Goods,,5264.0,52.8,,,1.4362892223738062,3.680781758957655,,8.1,0.732728541521284,10.1,,7.0,0.572987721691678,,,,,11.654022372757389,0.2753319357092942,,,,0.89,,,,55.77,
GREENLAM,2026-10-03,,,5450.0,59.1,,,1.719785421268539,4.632034632034632,,5.02,3.1010336778926306,8.12,,11.0,2.9346797096875985,-12.347455892454285,,-0.5920760763891364,,11.178543116098627,0.9830508474576272,,,,0.19,,,,50.98,
GREENPANEL,2026-10-03,,,1945.0,13.6,,0.4937378631892499,1.2412252712188896,1.485981308411215,,11.4,7.562136435748282,12.9,,16.0,9.125717932354819,27.544980877407642,,,,15.34915519108797,0.22475322703113135,,,,0.32,,,,53.26,
GREENPLY,2026-10-03,,,3793.0,34.0,,2.9038326113185904,1.3248340901152638,4.245810055865922,,11.8,5.051020408163265,14.3,,9.0,3.4579112818721622,11.708663876655434,,0.41058604953878586,,9.510295656090317,0.5760626398210291,,,,0.16,,,,51.93,
GREENPOWER,2026-10-03,,,1029.0,19.2,,1.0343094365758856,3.5853658536585367,0.8930753564154785,,5.27,3.868360277136259,7.19,,62.0,23.34494773519164,18.56311014966876,,12.888132073019754,,1.9305111225809135,0.4548611111111111,,,,0.0,,,,24.38,
GRINDWELL,2026-10-03,,,21876.0,50.1,,11.450691062553979,6.89442168294989,8.62882096069869,,16.2,12.747380675203726,21.2,,19.0,13.803971005357706,4.375281782235563,,8.092856071646803,,5.6981700776636,0.024072612470402526,,,,0.96,,,,58.04,
GRINFRA,2026-10-03,,,7646.0,8.14,,,0.8315388798259924,0.8152734778121775,,9.2,6.335349504271373,11.9,,18.0,11.0494834148994,-8.457481754791985,,4.067308482839849,,0.7917840191513204,0.519458364431176,,,,0.32,,,,74.69,
GRMOVER,2026-10-03,,,1614.0,21.1,,3.8268332695890797,0.8635634028892456,2.6862068965517243,,14.2,6.551724137931035,14.0,,5.0,4.066345639379347,5.513697230469017,,-3.4981280128166814,,12.51881648526425,0.6123128119800333,,,,0.0,,,,63.06,
GROBTEA,2026-10-03,,,102.0,12.6,,,0.8571428571428571,1.100250626566416,,6.81,4.9079754601226995,7.35,,9.0,6.722689075630252,,,13.064038075558603,,5.969850212481487,0.5698924731182796,,,,0.23,,,,74.99,
GROWW,2026-10-03,Financial Services,,112994.0,46.3,,,21.555513162914917,11.688311688311687,,28.8,13.181351628761275,37.3,,62.0,46.547119420068675,,,,,23.336098132598938,0.030252797347699957,,,,0.0,,,,27.14,
GRPLTD,2026-10-03,,,1011.0,148.0,,,1.7799295774647887,5.673652694610778,,2.48,1.2987012987012987,6.94,,8.0,1.056338028169014,-37.08269265295233,,-0.42681090661444987,,7.205188168833332,1.1685393258426966,,,,0.18,,,,40.05,
GRSE,2026-10-03,Capital Goods,,24183.0,30.2,,0.9784823505497705,3.2213933661915544,9.218340611353712,,31.6,7.524659464537342,42.8,,11.0,10.670041294791528,30.86412338764395,,33.39385867082192,,27.84087452957904,0.014084507042253521,,,,0.93,,,,74.5,
GRWRHITECH,2026-10-03,Capital Goods,,16090.0,41.5,,1.7268426816324196,7.12577502214349,6.059492563429571,,13.5,12.890365448504983,18.1,,22.0,17.183348095659877,24.03229920213068,,18.332558952843247,,10.424038143652648,0.0,,,,0.17,,,,60.73,
GSFC,2026-10-03,Chemicals,,5854.0,8.45,,1.1919635494001222,0.47423849643551524,0.4772727272727273,,5.51,4.815844336344684,7.16,,7.0,5.614063512637719,7.089142955967587,,-5.0640704321611825,,10.47546921955822,0.0022010271460014674,,,,3.4,,,,37.84,
GSLSU,2026-10-03,,,127.0,,,,0.5669642857142857,0.4702194357366771,,-10.8,-5.730129390018484,-1.69,,-4.9,-13.839285714285715,,,,,-0.14836817041991024,0.7925925925925926,,,,0.0,,,,73.25,
GSPCROP,2026-10-03,,,2114.0,20.2,,,1.385321100917431,2.7349397590361444,,16.5,6.399482870071105,18.9,,12.0,6.487549148099607,-53.369062865252126,,-37.75946611811703,,9.824866707942492,0.3393782383419689,,,,0.22,,,,71.72,
GSS,2026-10-03,,,27.0,8.07,,,0.3068181818181818,0.08956521739130435,,-0.14,-10.144927536231885,0.41,,6.0,-55.68181818181818,,,,,-19.863779839088213,0.5231788079470199,,,,0.0,,,,12.71,
GTL,2026-10-03,,,107.0,,,,0.5404040404040404,-0.015088495575221239,,,303.83141762452107,,,1.2,400.5050505050505,,,,,-3.304330404160971,-0.9258686172457449,,,,0.0,,,,14.29,
GTLINFRA,2026-10-03,,,1371.0,,,,1.440126050420168,-0.18416523235800347,,,-14.804812177755956,4.4,,41.0,-63.34033613445378,,,,,-1.8872447186110586,-3.425472358292512,,,,0.0,,,,3.28,
GTPL,2026-10-03,,,623.0,78.1,,,0.16262072565909685,0.5431372549019607,,1.44,0.1851851851851852,3.47,,11.0,0.15661707126076743,-58.698601077729194,,-48.0751454042209,,6.050374165075101,0.43804537521815007,,,,3.61,,,,75.0,
GUFICBIO,2026-10-03,,,4196.0,57.1,,,4.2772680937818555,6.304675716440423,,10.1,5.439642324888227,12.3,,17.0,7.44138634046891,-5.193239818771933,,,,6.724752801266054,0.6090225563909775,,,,0.02,,,,72.5,
GUJALKALI,2026-10-03,,,4433.0,66.8,,,0.9855491329479769,0.8543140028288543,,-0.05,0.8761449621664675,1.42,,11.0,1.4673188083592708,,,-34.71402457476638,,5.717169028725855,0.11078998073217726,,,,2.93,,,,47.28,
GUJAPOLLO,2026-10-03,,,421.0,75.1,,,8.114880493446414,0.8312020460358056,,1.02,0.9939230728345412,1.81,,-22.86,10.813415574402468,-22.319187351153523,,-8.27328174886276,,-2.94076172063622,0.08057675996607294,,,,0.62,,,,47.3,
GUJENERGY,2026-10-03,,,21586.0,11.0,,0.8755361609379122,0.9477520196698279,0.8646616541353384,,10.2,6.193951276186327,11.7,,13.0,7.490340709518792,12.563730078511348,,4.844267745304709,,13.227391822931377,0.17707764551709074,,,,3.87,,,,38.94,
GUJRAFFIA,2026-10-03,,,21.8,18.4,,0.6202841193744634,0.25234402129876143,0.9805352798053527,,3.69,4.256854256854257,5.49,,3.18,1.365898830883204,29.663825697417188,,1.0409055094421138,,40.860153173090154,0.08415841584158416,,,,0.0,,,,39.6,
GUJTHEM,2026-10-03,,,4969.0,102.0,,,29.933734939759034,,,,,,,46.0,28.313253012048197,,,,,,,,,,0.18,,,,59.33,
GULFOILLUB,2026-10-03,,,5416.0,13.9,,2.1026581019929633,1.2402106709411496,3.514469453376206,,24.1,12.33377659574468,25.9,,13.0,8.495534692008244,6.610680065782049,,12.641342550016233,,9.777302747003947,0.369140625,,,,4.67,,,,66.85,
GULPOLY,2026-10-03,,,1009.0,23.6,,,0.4464601769911504,1.5728155339805825,,3.91,3.3307513555383426,6.3,,6.0,1.9026548672566372,-1.876617253701096,,,,24.186811665151886,0.7078125,,,,0.93,,,,66.8,
GVPIL,2026-10-03,,,4568.0,12.4,,,3.5383423702556156,7.852193995381063,,62.2,12.722170252572498,82.0,,24.0,21.06893880712626,,,,,7.507038434879099,0.030927835051546393,,,,1.03,,,,68.58,
GVPTECH,2026-10-03,,,142.0,3.61,,,0.2689393939393939,0.8611111111111112,,43.6,7.647058823529412,72.0,,13.0,7.386363636363637,-17.64743131463552,,,,-6.7900856436486805,0.02702702702702703,,,,2.58,,,,74.8,
GVT&D,2026-10-03,Capital Goods,,108903.0,583.0,,,27.090298507462688,101.5035799522673,,18.6,4.18531781557744,,,12.0,4.651741293532338,,,,,,0.8933200398803589,,,,0.24,,,,51.0,
GYFTR,2026-10-03,,,1204.0,55.2,,3.407006364931851,3.168421052631579,2.4841772151898733,,5.24,4.271844660194175,6.77,,-8.0,5.7894736842105265,16.201906919861052,,-18.503632840105045,,138.52936668500558,0.002061855670103093,,,,0.0,,,,50.08,
HAL,2026-10-03,Capital Goods,,307703.0,33.0,,4.753498275972604,9.107680923486754,7.493485342019544,,24.0,6.935525875218572,32.0,,30.0,27.589166789995563,6.942255594538516,,12.907580455959478,,3.603386824794419,0.0016081479496113642,,,,0.98,,,,71.64,
HALDER,2026-10-03,,,289.0,9.07,,0.32591805367887566,0.3958904109589041,1.6180555555555556,,17.3,5.427631578947369,13.7,,5.0,4.52054794520548,27.82908126021333,,1.5511278397481565,,4.2667085816394,2.016759776536313,,,,0.0,,,,73.69,
HALEOSLABS,2026-10-03,,,450.0,28.5,,1.4061509242184476,1.3888888888888888,2.1104815864022664,,8.44,3.303964757709251,9.91,,13.0,4.62962962962963,20.26809463275827,,-8.983531440585358,,1.9235467531193207,0.5186915887850467,,,,0.1,,,,72.1,
HAMPTON,2026-10-03,,,222.0,,,,15.857142857142858,1.6083499005964215,,3.84,-6.153846153846154,6.07,,-127.0,-142.85714285714286,,,,,-42.06622258522583,0.45985401459854014,,,,0.0,,,,75.01,
HAPPSTMNDS,2026-10-03,Information Technology,,4640.0,19.8,,,1.9381787802840433,2.7477477477477477,,13.8,6.218627997769103,13.3,,18.0,9.314954051796157,-3.492736083002246,,3.505579719365115,,13.786374564661873,0.8845470692717584,,,,2.1,,,,44.21,
HAPPYFORGE,2026-10-03,,,18915.0,57.8,,5.553346160673663,11.519488428745433,8.867256637168142,,15.0,12.419293581466007,18.0,,31.0,19.914738124238735,10.40813922411572,,16.899188908479612,,6.534709901542235,0.1550751879699248,,,,0.2,,,,78.46,
HARDWYN,2026-10-03,,,628.0,50.8,,8.107430581753196,3.2708333333333335,1.547138047138047,,3.3,2.575107296137339,4.81,,10.0,6.25,6.265856918261115,,,,8.098386987445227,0.014778325123152709,,,,0.0,,,,43.77,
HARIOMPIPE,2026-10-03,,,1029.0,15.0,,3.68841478568013,0.6293577981651376,1.5885167464114833,,12.4,5.655737704918033,15.7,,12.0,4.220183486238533,4.06678773174749,,,,6.330930943659996,0.5842349304482226,,,,0.23,,,,57.27,
HARRMALAYA,2026-10-03,,,332.0,12.2,,,0.6058394160583942,1.863354037267081,,11.7,5.378486055776892,11.8,,4.1,4.927007299270073,,,3.244113189969844,,4.083390232205297,0.6235955056179775,,,,0.0,,,,54.12,
HARSHA,2026-10-03,,,4320.0,27.9,,2.415526450845475,2.513089005235602,3.0779220779220777,,10.5,7.498790517658442,13.0,,15.0,9.016870273414776,11.550277162245326,,7.381454805578058,,7.286616001839197,0.2653352353780314,,,,0.32,,,,75.0,
HATHWAY,2026-10-03,,,1650.0,21.8,,,0.7554945054945055,0.36984126984126986,,1.9,1.466615206483983,2.62,,14.0,3.47985347985348,-9.143970358393016,,-10.466556899264601,,3.3053276542348353,0.002015677491601344,,,,0.0,,,,75.0,
HATSUN,2026-10-03,,,24905.0,71.5,,,2.5878013300083125,13.61753958587089,,16.7,7.857304131858207,12.9,,12.0,3.6159600997506236,,,,,103.55885060813867,1.099507927829415,,,,0.89,,,,73.17,
HAVELLS,2026-10-03,Consumer Durables,,65266.0,39.2,,4.503538268052613,2.7665635199864353,6.887417218543046,,19.0,11.060626610606267,24.9,,9.0,6.913653511932516,8.704267104396246,,6.4032447930098435,,8.265226034418195,0.028024534686971234,,,,0.96,,,,59.35,
HAVISHA,2026-10-03,,,20.7,,,,,0.1985294117647059,,-8.71,-7.136425033768572,-7.84,,-7600.0,,,,,,,0.08845491097070649,,,,0.0,,,,33.99,
HAWKINCOOK,2026-10-03,,,4246.0,31.3,,4.29770889998366,3.1876876876876876,9.53206650831354,,31.7,19.767441860465116,40.9,,14.0,10.21021021021021,7.282950224971962,,10.084474149025269,,9.16114676619959,0.0651685393258427,,,,1.74,,,,56.03,
HAZOOR,2026-10-03,,,486.0,16.6,,,0.9364161849710982,0.7782608695652173,,7.89,1.7190278601066984,12.0,,49.0,5.5876685934489405,-33.18745394768353,,,,-1.6161941824874848,0.7291666666666666,,,,0.0,,,,13.7,
HBESD,2026-10-03,,,149.0,11.6,,0.28214529979214353,1.2314049586776858,0.7722419928825622,,6.37,2.6476578411405294,7.54,,34.0,10.743801652892563,41.11356811028119,,,,3.8613280728291954,1.3367875647668395,,,,0.0,,,,67.75,
HBLENGINE,2026-10-03,Capital Goods,,21603.0,27.0,,0.6646334042524109,6.469901168014376,9.749687108886107,,45.3,26.512576478586,59.3,,32.0,23.360287511230908,40.6238985691217,,52.727565733046,,14.35168418441286,0.030248306997742665,,,,0.38,,,,59.11,
HBPOR,2026-10-03,,,64.4,17.3,,,1.9700214132762315,0.24916666666666665,,0.1,1.391731477691363,0.73,,15.17,11.440807586417865,-19.117015771331126,,-10.477218181193615,,-15.804142084559947,0.007873710340547669,,,,2.09,,,,61.45,
HBSL,2026-10-03,,,40.7,,,,,0.5181818181818182,,-12.8,-10.989010989010989,-11.9,,,,,,,,,,,,,0.0,,,,53.22,
HCC,2026-10-03,Construction,,5299.0,39.1,,,1.368543388429752,2.4876847290640396,,11.9,1.955932602804289,24.8,,13.0,4.287190082644629,-31.371433439988085,,-22.773774186861772,,-17.939452467919992,0.4790785143394452,,,,0.0,,,,16.18,
HCG,2026-10-03,Healthcare,,9985.0,207.0,,,3.800913589645984,7.5,,2.54,0.8418367346938775,8.3,,18.0,1.2561857632280167,-22.36672764004647,,-15.961224993973467,,11.248432591344049,1.3025525525525525,,,,0.0,,,,64.21,
HCL-INSYS,2026-10-03,,,331.0,,,,17.42105263157895,-1.1098779134295227,,,-10.227272727272728,-51.6,,-335.0,-236.84210526315786,,,,,-15.950614830025911,-1.125,,,,0.0,,,,62.89,
HCLTECH,2026-10-03,Information Technology,,337336.0,18.6,,5.266087265221662,2.5104261241013885,4.487364620938628,,23.8,15.145249843630552,30.4,,20.0,12.974236087338326,3.532034139053919,,5.239645815601124,,6.927331305887119,0.06938069580256769,,,,4.34,,,,60.88,
HDBFS,2026-10-03,Financial Services,,51360.0,23.6,,1.0245848741493164,,,,14.7,2.0025215574758657,9.79,,,,23.0337189191812,,,,,,,,,0.65,,,,74.12,
HDFCAMC,2026-10-03,Financial Services,,99034.0,33.6,,2.272780145000844,23.28020686412788,10.734883720930233,,32.9,29.50655590031028,42.9,,79.0,69.29948283968031,14.783656075976292,,,,10.41721806114495,0.0,,,,2.34,,,,52.34,
HDFCBANK,2026-10-03,Financial Services,,1111989.0,14.1,,2.0753785048444935,,1.8487179487179488,,13.6,1.6812760190565805,7.02,,,,6.79394142662979,,8.3986680847419,,,,,,,1.8,,,,,
HDFCLIFE,2026-10-03,Financial Services,,116060.0,58.8,,7.653781151063092,1.1188986474109923,5.933333333333334,,11.3,0.5057592534737338,10.3,,1.2,1.904036557501904,7.682477306243962,,7.794675728907419,,0.7320331895709575,0.17459154929577464,,,,0.39,,,,50.54,
HEADSUP,2026-10-03,,,14.1,,,,0.8169177288528389,0.9221902017291066,,-0.2,-0.0665335994677312,,,-8.92,-0.17381228273464655,,,,,,0.0,,,,0.0,,,,13.56,
HEALTHX,2026-10-03,,,868.0,,,,0.5912806539509536,1.3582089552238805,,0.44,-2.795698924731183,0.03,,-4.5,-1.7711171662125342,,,,,0.8310630362208471,0.0405616224648986,,,,0.0,,,,74.07,
HECPROJECT,2026-10-03,,,121.0,9.61,,0.26932319032605384,0.6722222222222223,1.8451400329489291,,21.2,9.62962962962963,21.4,,11.0,7.222222222222221,35.6820368434138,,87.67075241887414,,34.48698634346845,0.6666666666666666,,,,0.0,,,,74.93,
HEIDELBERG,2026-10-03,,,2959.0,24.4,,,1.2538135593220339,2.165289256198347,,10.1,4.7579983593109105,14.7,,11.0,4.915254237288136,-11.438737360966345,,-14.317211697420973,,-0.08460240925322049,0.01020408163265306,,,,5.36,,,,69.39,
HEMIPROP,2026-10-03,Services,,3178.0,,,,3178.0,7.36842105263158,,-2.7,-1.0318142734307825,-1.14,,-971.0,-1200.0,,,,,0.0,0.20046082949308755,,,,0.0,,,,51.12,
HERANBA,2026-10-03,,,689.0,,,,0.45150720838794234,0.9052631578947369,,-9.69,-3.9126016260162597,-1.72,,6.0,-5.045871559633028,,,,,6.677562861968722,0.7559055118110236,,,,0.0,,,,74.95,
HERITGFOOD,2026-10-03,Fast Moving Consumer Goods,,3739.0,29.5,,3.6438776363053047,0.7909879416120161,3.3865546218487395,,12.6,6.923076923076923,14.8,,5.0,2.8559339961920878,8.09577130309771,,6.8521966003074475,,7.604250107453603,0.3272892112420671,,,,0.62,,,,41.3,
HEROMOTOCO,2026-10-03,Automobile and Auto Components,,103433.0,18.7,,1.4074432412173006,2.0356819523715806,4.785185185185185,,28.1,16.405105670642396,35.2,,14.0,10.8010234205865,13.286503819384098,,18.621919296638524,,10.372597964933771,0.03604645782240526,,,,3.58,,,,34.73,
HESTERBIO,2026-10-03,,,1809.0,34.1,,0.3660154162114313,5.549079754601227,5.028368794326241,,15.9,20.206489675516224,15.2,,27.0,42.02453987730061,93.16547470312535,,28.20395613194089,,2.2443347555768822,0.5401662049861495,,,,0.52,,,,53.73,
HEXATRADEX,2026-10-03,,,856.0,,,,186.8995633187773,0.18562874251497005,,-0.19,-0.12948961545906792,-0.12,,-108.08,-150.43668122270742,,,,,-67.48469615506478,0.001869782537574396,,,,0.0,,,,92.13,
HEXT,2026-10-03,Information Technology,,29967.0,21.2,,,2.0781553398058255,4.454545454545454,,24.9,11.601589495507946,30.1,,15.0,9.313453536754508,-12.822019388362527,,-2.4607183495328644,,11.580756694653772,0.1017580452920143,,,,2.34,,,,74.3,
HFCL,2026-10-03,Telecommunication,,36483.0,63.7,,3.5236392577009203,6.0876022025696646,7.4375,,6.98,6.811005863779883,10.8,,19.0,10.078424828967128,18.077900528773917,,10.67845769188429,,10.308150968683982,0.38765078716008994,,,,0.08,,,,28.29,
HGINFRA,2026-10-03,Construction,,2737.0,10.5,,,0.5639810426540285,0.8383233532934131,,8.52,1.7184035476718404,11.3,,22.0,3.832680815990109,-29.782960225687848,,-13.272872306297556,,-3.3660279580940977,1.5402756508422664,,,,0.48,,,,71.78,
HGM,2026-10-03,,,50.8,,,,0.8964178577730721,2.493827160493827,,-13.8,-9.366428963247394,-0.4,,-8.03,-12.052232221634021,,,,,52.05337294721375,1.152525747915645,,,,0.0,,,,50.41,
HGS,2026-10-03,,,1708.0,,,,0.3971169495466171,0.2052572706935123,,0.39,-0.6249457512368718,1.46,,0.8,-1.6740292955126714,,,,,-2.32849475755178,0.23662378261392328,,,,1.36,,,,67.99,
HIKAL,2026-10-03,,,2690.0,63.4,,,1.5504322766570606,2.242798353909465,,2.21,-1.437632135306554,3.5,,13.0,-1.9596541786743515,,,,,-0.9425631558556136,0.5704753961634695,,,,0.28,,,,68.85,
HILINFRA,2026-10-03,,,323.0,12.5,,,0.40425531914893614,1.4182389937106918,,18.8,6.896551724137931,18.8,,2.3,3.254067584480601,-43.19056169755917,,-16.015586849445274,,11.719946515361768,0.45614035087719296,,,,0.0,,,,70.04,
HILTON,2026-10-03,,,86.8,17.0,,,0.3250936329588015,0.5748299319727891,,2.59,2.11864406779661,5.55,,5.0,1.8726591760299627,-11.649163461878487,,16.801503633750126,,24.607464268083934,0.3708609271523179,,,,0.0,,,,18.56,
HIMATSEIDE,2026-10-03,,,807.0,14.4,,,0.32553448971359417,0.37764705882352945,,2.97,0.9525429494812042,8.8,,13.0,2.2589753933037517,-26.989820918280717,,-20.786397584704254,,-4.441696468869405,1.2312003736571695,,,,0.39,,,,37.48,
HINDADH,2026-10-03,,,197.0,8.73,,0.8802011099368249,0.7323420074349443,1.8028169014084507,,16.0,7.638888888888889,13.5,,18.0,8.178438661710038,9.918187902110898,,11.720979364963679,,-3.8897108509908906,1.1192660550458715,,,,0.0,,,,68.48,
HINDALCO,2026-10-03,Metals & Mining,,211655.0,10.2,,0.5885936575740076,0.7161709024589138,1.549342105263158,,13.0,4.758022635422318,13.2,,14.0,5.549220571366698,17.329442593793985,,3.6202010705201237,,11.022628851889916,0.7260420403710565,,,,0.53,,,,34.67,
HINDALUMI,2026-10-03,,,57.2,15.4,,,4.969591659426586,0.6305555555555555,,4.97,3.6703601108033244,-2.7,,-22.68,32.23284100781929,-38.5820613731227,,,,105.30895581860564,0.08559797557487073,,,,0.0,,,,66.47,
HINDCOMPOS,2026-10-03,,,562.0,32.2,,,2.5429864253393664,0.4916129032258065,,2.97,2.5316455696202533,3.94,,14.0,14.479638009049776,-2.0443709441912095,,8.402664650074488,,-9.484003590524049,0.0017467248908296944,,,,0.53,,,,74.97,
HINDCON,2026-10-03,,,170.0,39.5,,,2.379619260918253,2.9732142857142856,,5.54,5.307883383448816,7.85,,7.03,5.683090705487122,-11.454878423837101,,0.2398109084068123,,3.459760326988759,0.18914185639229422,,,,0.0,,,,68.81,
HINDCOPPER,2026-10-03,Metals & Mining,,44691.0,37.0,,0.6518229338843062,12.776157804459691,13.352601156069364,,32.9,24.54663212435233,42.4,,50.0,32.504288164665525,56.76388184059695,,24.87208991307639,,26.77000379437151,0.03320370924319473,,,,0.62,,,,66.14,
HINDOILEXP,2026-10-03,,,2213.0,88.1,,,7.40133779264214,1.5904761904761904,,2.13,1.1520737327188941,3.49,,28.0,8.361204013377927,-51.9437424066632,,4.7020851401835095,,-26.368588899536306,0.036127167630057806,,,,0.0,,,,,
HINDPETRO,2026-10-03,Oil Gas & Consumable Fuels,,73410.0,43.9,,,0.15568468602209828,1.12012987012987,,30.9,0.8228932750265925,22.2,,1.5,0.3543783004262719,-52.92736811164601,,-25.532672391518073,,2.814469739804304,0.8536823479162853,,,,7.03,,,,54.9,
HINDUNILVR,2026-10-03,Fast Moving Consumer Goods,,431385.0,39.1,,2.934129551733807,6.530990734572761,8.869565217391305,,31.0,18.775238907421805,28.4,,23.0,22.665475685823292,13.32592829000867,,10.993602763095955,,2.189858107427378,0.03032479123494532,,,,2.23,,,,61.9,
HINDWAREAP,2026-10-03,,,1426.0,,,,0.5476190476190477,1.9409761634506244,,0.14,-0.24469820554649263,7.07,,8.0,-0.2304147465437788,,,,,-2.3899992331492315,1.1614654002713705,,,,0.0,,,,52.74,
HINDZINC,2026-10-03,Metals & Mining,,234526.0,13.8,,0.4591276874799775,5.0090986757795815,10.354477611940299,,76.6,40.280859098418695,69.5,,56.0,36.452370781717214,30.05699803412927,,12.125890598135847,,17.404384927197537,0.3856997657872641,,,,1.98,,,,60.71,
HIRECT,2026-10-03,,,3985.0,102.0,,2.0911288988297114,3.8207094918504314,18.517298187808894,,25.2,4.833836858006042,18.8,,7.0,3.0680728667305845,48.77748093725056,,,,26.27523426741629,1.1722488038277512,,,,0.12,,,,42.58,
HISARMETAL,2026-10-03,,,79.3,16.7,,,0.30037878787878786,1.2049180327868851,,4.96,3.048780487804878,7.92,,6.0,1.893939393939394,-9.7377067041029,,-16.973364927368962,,2.9428498400178693,1.3384615384615384,,,,0.68,,,,61.21,
HITECH,2026-10-03,,,1451.0,19.3,,2.330202680968078,0.3009124844462878,1.0884146341463417,,5.88,3.705533596837945,9.77,,3.8,1.5553712152633763,8.282541324680759,,2.487148137172812,,21.341150152726264,0.2010502625656414,,,,0.0,,,,43.43,
HLEGLAS,2026-10-03,,,3070.0,77.9,,13.300010926184637,2.240875912408759,5.747724317295188,,10.6,2.997076023391813,12.1,,9.0,2.9927007299270074,5.857138045400623,,-9.54303310290564,,12.274656910147419,0.651685393258427,,,,0.25,,,,65.64,
HLVLTD,2026-10-03,,,416.0,2.44,,,2.8493150684931505,0.8703448275862068,,47.2,29.393939393939394,7.85,,-25.0,132.87671232876713,,,,,-40.63928212880632,0.07221006564551423,,,,0.0,,,,39.07,
HMAAGRO,2026-10-03,,,1175.0,5.48,,0.19126190698094972,0.1486589068825911,1.25,,19.1,8.91007045171985,16.2,,2.1,2.7201417004048585,28.651810946054333,,12.079369870567437,,17.98053375704547,0.9032943676939427,,,,0.0,,,,75.0,
HNDFDS,2026-10-03,,,6970.0,43.1,,2.451428942489732,1.584090909090909,5.897435897435898,,14.6,4.990524320909665,14.1,,9.0,3.5909090909090913,17.58158242034402,,27.22596365393921,,16.889910050240786,0.9339055793991416,,,,0.0,,,,61.84,
HOMEFIRST,2026-10-03,Financial Services,,11771.0,20.2,,1.16321557891005,,2.6937799043062203,,15.7,3.830685039889233,11.1,,,,17.365654626915926,,21.327201233139604,,,,,,,0.46,,,,6.98,
HONASA,2026-10-03,Fast Moving Consumer Goods,,13951.0,55.3,,1.8190216594016582,5.464551508029769,9.861751152073733,,15.7,11.817750355956335,19.2,,12.0,9.753231492361927,30.40095741256328,,-78.12192028353874,,9.963831083869223,0.0956768249468462,,,,0.7,,,,35.47,
HONAUT,2026-10-03,Capital Goods,,29587.0,52.9,,16.526209076217178,6.29109079311078,6.631662373687339,,12.6,8.845721624658854,17.0,,14.0,11.715926004677865,3.2009760832645062,,10.197891749537513,,5.039902997003209,0.024647098364328927,,,,0.33,,,,75.0,
HONDAPOWER,2026-10-03,,,1913.0,26.2,,,2.1255555555555556,2.3813131313131315,,8.61,6.333973128598848,11.5,,10.0,7.333333333333333,-10.616857821825054,,-2.446720764675736,,-3.0944302548181146,0.0012453300124533001,,,,6.71,,,,66.67,
HORIZONIND,2026-10-03,,,14025.0,,,,20.296671490593344,,,-6.18,-1.5116709892552798,3.18,,77.0,-29.52243125904486,,,,,66.0225321472937,1.218711385701677,,,,0.0,,,,75.4,
HPAL,2026-10-03,,,311.0,129.0,,,1.2540322580645162,1.656862745098039,,3.97,0.8620689655172413,5.52,,2.5,0.8064516129032258,-55.304823245171605,,,,1.6669728629223002,0.0213903743315508,,,,1.18,,,,71.35,
HPIL,2026-10-03,,,131.0,84.9,,,1.3165829145728642,2.5968109339407746,,3.32,1.829988193624557,6.96,,3.94,1.5577889447236182,,,,,,0.4453965723395776,,,,0.0,,,,74.85,
HPL,2026-10-03,,,1718.0,18.0,,0.6440825335392912,0.8841996911991765,1.7115384615384615,,9.95,3.7948290241868223,13.5,,15.0,4.683479155944416,27.946728971345316,,63.59806856918955,,9.969992361575164,0.755,,,,0.37,,,,72.66,
HRYNSHP,2026-10-03,,,60.4,3.51,,0.41111103799288473,17.257142857142856,0.4100418410041841,,3.99,2.6597114889232354,8.43,,22.29,118.0,8.537839356336496,,17.590356689661448,,-71.33643116329795,0.02974129150539825,,,,0.0,,,,74.95,
HSCL,2026-10-03,Chemicals,,33562.0,42.0,,1.748342312465382,6.747486932046643,7.127545551982851,,17.8,12.749762131303521,22.1,,20.0,16.164053075995174,24.022755555675325,,74.61792404925791,,5.926211431119022,0.16362090947726307,,,,0.12,,,,52.49,
HTMEDIA,2026-10-03,,,521.0,4.28,,,0.274789029535865,0.3218390804597701,,0.87,0.15117157974300832,6.32,,7.0,0.31645569620253167,,,,,3.806100462677753,0.47313156269302037,,,,0.0,,,,69.5,
HUBTOWN,2026-10-03,,,2521.0,26.8,,,4.119281045751634,0.9567567567567568,,6.44,1.7137416693113299,9.48,,23.0,17.647058823529413,,,,,33.36562525354321,0.4554794520547945,,,,0.0,,,,33.17,
HUDCO,2026-10-03,Financial Services,,32339.0,7.6,,0.289744004101522,,1.4727272727272727,,20.0,2.5503782111988875,8.41,,,,26.23005098437541,,19.926866846325055,,,,,,,3.75,,,,75.0,
HUHTAMAKI,2026-10-03,,,1758.0,20.8,,2.289982058440555,0.8071625344352618,2.502685284640172,,13.0,5.380894800483675,17.6,,11.0,4.0863177226813585,9.083040595595104,,,,26.10801315512148,0.6026587887740029,,,,0.86,,,,67.73,
HYUNDAI,2026-10-03,Automobile and Auto Components,,164458.0,33.2,,,2.3266322416354246,8.227642276422765,,29.9,14.39076851528892,38.4,,11.0,7.004314918299498,,,,,0.40695883957124757,0.05485885585810642,,,,1.04,,,,82.5,
IBULLSLTD,2026-10-03,,,6864.0,14.2,,,6.23433242506812,2.2105263157894735,,23.1,11.718188353702372,16.2,,38.0,44.4141689373297,,,,,,0.14883268482490272,,,,0.0,,,,32.91,
ICDSLTD,2026-10-03,,,60.6,93.2,,,27.17488789237668,2.0217391304347827,,5.5,1.968503937007874,7.23,,-4.04,29.14798206278027,-32.168387303300996,,-35.76324214382803,,-0.7364037453166938,0.0,,,,0.0,,,,51.4,
ICEMAKE,2026-10-03,,,1132.0,94.6,,,1.5380434782608696,7.402135231316726,,9.49,2.380952380952381,11.6,,6.0,1.6304347826086956,-23.022674484769023,,10.248114775861804,,24.87111936851718,1.1879699248120301,,,,0.36,,,,64.52,
ICICIAMC,2026-10-03,Financial Services,,152449.0,51.8,,,30.630701225637935,,,,,,,73.0,53.2650190878039,,,,,,,,,,0.88,,,,87.59,
ICICIBANK,2026-10-03,Financial Services,,940846.0,16.8,,2.230413411757399,,2.487666034155598,,15.9,2.05030162998911,7.18,,,,7.532235912607277,,16.74042117473613,,,,,,,0.92,,,,,
ICICIGI,2026-10-03,Financial Services,,78090.0,32.2,,4.144323747909129,2.8204572543070756,4.583577712609971,,16.6,3.1900776497483934,21.9,,11.0,8.769458590674324,7.769663269247573,,13.488196608493276,,10.407809879278297,0.0,,,,0.86,,,,51.22,
ICICIPRULI,2026-10-03,Financial Services,,65022.0,40.4,,1.6027460890210257,1.0262796533926797,4.76595744680851,,12.6,0.502916477708102,10.1,,2.1,2.53799895828401,25.206737534250824,,10.736670979204966,,7.869207622462593,0.19037488078644266,,,,0.37,,,,72.73,
ICIL,2026-10-03,Textiles,,8787.0,58.2,,,2.0015945330296128,3.73109243697479,,5.52,3.36228011578713,8.19,,10.0,3.439635535307517,-23.59263725083547,,-15.97549824408393,,7.265538742662558,0.5696095076400679,,,,0.34,,,,58.74,
ICRA,2026-10-03,,,4168.0,21.2,,2.376238145485692,6.532915360501567,3.5306623058053965,,16.7,13.23430114787306,23.0,,36.0,30.721003134796238,8.921664707838794,,11.698129129806233,,12.675269802821365,0.015241320914479255,,,,1.62,,,,51.86,
IDBI,2026-10-03,Financial Services,,93084.0,9.99,,0.57943795045199,,1.3573667711598745,,14.1,1.9989901280740117,5.92,,,,17.240845188354182,,29.724324794194423,,,,,,,0.0,,,,94.72,
IDEA,2026-10-03,Telecommunication,,136946.0,,,,3.007224576736424,-3.8181818181818183,,,19.519908156342954,-1.72,,43.0,82.14058279716288,,,,,2.2071699281710044,-5.3841937468538505,,,,0.0,,,,25.64,
IDEAFORGE,2026-10-03,,,3654.0,930.0,,,12.957446808510639,5.326086956521739,,-3.34,0.5006257822277848,-2.81,,9.0,1.4184397163120568,-56.15614869857701,,-82.11464747451261,,-3.519438997479507,0.14023372287145242,,,,0.0,,,,25.26,
IDFCFIRSTB,2026-10-03,Financial Services,,69319.0,30.1,,,,1.4306049822064058,,3.76,0.5765743230567194,5.98,,,,-12.993357350729596,,67.14995100080594,,,,,,,0.31,,,,0.0,
IEX,2026-10-03,Financial Services,,9450.0,18.6,,1.4167310419446093,14.95253164556962,6.928104575163398,,39.4,20.8128078817734,51.4,,85.0,80.22151898734177,13.128815173322938,,10.588703035888592,,12.070225491681509,0.008064516129032258,,,,3.3,,,,,
IFBAGRO,2026-10-03,,,812.0,13.6,,,0.538104705102717,1.2058414464534075,,8.9,6.8807339449541285,12.7,,7.0,3.9761431411530817,,,0.37162757494513254,,17.42424481514213,0.11144130757800892,,,,0.0,,,,65.0,
IFBIND,2026-10-03,Consumer Durables,,4725.0,27.7,,0.5877210260327748,0.8054892601431981,4.739837398373984,,15.7,6.44122383252818,19.5,,6.0,2.727582679849983,47.13120472646708,,,,9.74504483144063,0.15678391959798996,,,,0.0,,,,74.96,
IFCI,2026-10-03,Financial Services,,17551.0,97.9,,9.031892345247487,,1.9608433734939756,,1.97,1.6296575084681975,4.9,,,,10.839367461184835,,,,,,,,,0.0,,,,72.57,
IFGLEXPOR,2026-10-03,,,1366.0,31.9,,,0.699436763952893,1.165644171779141,,3.22,2.459508098380324,4.92,,7.0,2.0993343573988734,-20.559956137280132,,-11.978660304541966,,6.016736168636827,0.1778723404255319,,,,1.13,,,,72.44,
IGARASHI,2026-10-03,,,1256.0,,,,7.136363636363637,,,-6.68,0.53475935828877,,,-0.2,0.5681818181818182,,,,,,0.8732394366197183,,,,0.33,,,,75.0,
IGCL,2026-10-03,,,345.0,8.96,,,0.5043859649122807,0.7520661157024794,,10.9,4.738760631834751,12.2,,11.0,5.701754385964912,-20.191429924556314,,-11.521966293980256,,7.408588157813001,0.39869281045751637,,,,0.0,,,,69.05,
IGIL,2026-10-03,Services,,13481.0,22.1,,,9.89068231841526,9.069767441860465,,55.8,32.91958985429034,69.2,,61.0,44.754218635363166,,,,,14.922881426253575,0.0961021505376344,,,,0.82,,,,76.55,
IGL,2026-10-03,Oil Gas & Consumable Fuels,,19991.0,14.7,,,1.1871140142517815,1.7396593673965937,,13.3,7.948341649545054,17.5,,10.0,8.040380047505938,-11.828138181569836,,-1.9577411623663554,,6.350128053434112,0.008518776077885953,,,,3.33,,,,45.0,
IGPL,2026-10-03,,,1754.0,21.5,,0.7851237880762378,0.8461167390255668,1.3163972286374135,,0.16,3.5652173913043477,3.11,,10.0,3.9556198745779065,27.384216764952086,,-20.945575144070272,,-0.41461168208398735,0.27156789197299325,,,,0.88,,,,68.74,
IIFL,2026-10-03,Financial Services,,24917.0,11.8,,1.9894442058411752,,1.7859327217125383,,12.6,2.535201771045209,10.9,,,,5.931304816367411,,11.919749409905457,,,,,,,0.69,,,,24.84,
IIFLCAPS,2026-10-03,Financial Services,,10899.0,19.1,,6.000864612771127,4.477814297452753,3.516260162601626,,16.2,5.984515589035363,21.1,,35.0,23.500410846343467,3.182874674317948,,12.665083827423196,,3.161653284843058,0.5941272430668841,,,,0.87,,,,30.67,
IITL,2026-10-03,,,277.0,,,,,0.6963350785340314,,-2.85,-1.9167605105105106,-3.5,,142.96,201.7283950617284,,,,,,0.004573418456181079,,,,0.0,,,,62.58,
IKIO,2026-10-03,,,1476.0,31.7,,,2.2919254658385095,2.45186136071887,,7.13,6.426735218508997,9.49,,14.0,7.763975155279502,-8.428539093881838,,-21.511498875435464,,13.71137706608958,0.11627906976744186,,,,0.0,,,,72.55,
IKS,2026-10-03,Information Technology,,30494.0,39.9,,1.4730454039589191,9.110845533313414,10.895705521472392,,31.4,18.374218374218373,31.5,,34.0,22.826411711980878,27.086741449221986,,26.736111244845382,,22.56146527325933,0.2689285714285714,,,,0.0,,,,63.72,
IMAGICAA,2026-10-03,,,2988.0,235.0,,,7.41439205955335,2.2837837837837838,,-0.09,0.798175598631699,1.81,,33.0,3.4739454094292808,-71.86889765194765,,,,14.424122008519568,0.27352472089314195,,,,0.0,,,,73.95,
IMFA,2026-10-03,Metals & Mining,,6349.0,12.1,,0.7996967372940188,2.0187599364069952,2.3353174603174605,,16.8,12.161223071577485,18.4,,24.0,16.69316375198728,15.130735734828038,,0.6654799303134284,,4.197816423529388,0.3524650478292862,,,,1.06,,,,58.69,
IMPAL,2026-10-03,,,1259.0,16.0,,1.7987635292516366,1.6719787516600266,0.49876421156697975,,3.72,2.7455121436114043,4.58,,8.0,10.358565737051793,8.894999114562152,,9.626809269328419,,5.241610656687468,0.0,,,,3.27,,,,35.21,
INA,2026-10-03,,,1919.0,9.85,,0.20008022183882462,0.76,2.3770491803278686,,28.1,9.095127610208817,22.2,,12.0,7.762376237623762,49.23025329277526,,80.60879150320153,,50.75253767965031,1.100371747211896,,,,0.0,,,,66.12,
INCREDIBLE,2026-10-03,,,147.0,12.5,,0.49343828971434284,0.17625899280575538,0.9345238095238094,,7.23,5.429864253393665,10.4,,2.8,1.4388489208633095,25.332448374114612,,27.09175875210739,,0.7299528414196788,0.21656050955414013,,,,0.0,,,,74.97,
INDBANK,2026-10-03,,,112.0,15.4,,,4.423380726698262,1.135135135135135,,7.34,5.985057657950301,10.3,,40.68,29.10742496050553,-6.487281315044447,,1.1210771553102683,,0.7482907888502144,0.0,,,,0.0,,,,64.84,
INDGN,2026-10-03,Healthcare,,14299.0,34.4,,10.615950927514612,3.7500655651717807,4.569230769230769,,14.4,8.679653679653681,18.8,,17.0,10.51665355363231,3.2404068401297392,,-55.33992610076447,,13.75985078351234,0.04587448231920994,,,,0.38,,,,,
INDHOTEL,2026-10-03,Consumer Services,,102202.0,52.6,,2.709330704890643,10.233503554621008,7.829880043620501,,14.2,11.418822016715296,17.1,,33.0,23.120056072894762,19.414388913487436,,,,13.842260822389441,0.2173613239350291,,,,0.45,,,,38.12,
INDIACEM,2026-10-03,Construction Materials,,9147.0,67.8,,,2.042196918955124,0.9021406727828746,,0.37,0.6864134895172722,1.24,,10.0,2.054029917392275,,,3.3282677198680277,,-3.588626445050125,0.12890161991307783,,,,0.0,,,,75.0,
INDIAGLYCO,2026-10-03,Fast Moving Consumer Goods,,2003.0,6.32,,0.31852985185227817,0.46570564984887236,0.682648401826484,,11.3,4.844396749961674,12.4,,16.0,7.347128574750059,19.841154489127668,,-2.610424973777614,,9.298772001831734,0.5765427889532901,,,,2.51,,,,59.63,
INDIAMART,2026-10-03,Consumer Services,,9745.0,19.8,,1.4328132179472077,6.049037864680323,4.06015037593985,,20.7,10.659459459459459,28.0,,30.0,30.60211049037865,13.818967993865572,,11.005629885583733,,10.407979781575815,0.009583333333333333,,,,1.85,,,,49.07,
INDIANB,2026-10-03,Financial Services,,106834.0,8.36,,0.5597405266769013,,1.2728731942215088,,15.4,1.2895931937072451,6.32,,,,14.93549171726427,,23.332616656941706,,,,,,,2.3,,,,73.84,
INDIANCARD,2026-10-03,,,112.0,16.3,,,2.6565464895635675,0.32582322357019067,,0.23,1.6314281816941754,0.98,,-31.81,14.184060721062622,-9.12892796910464,,-49.972957667620754,,-8.734442233297457,0.009271677648842498,,,,0.0,,,,67.33,
INDIANHUME,2026-10-03,,,1823.0,19.5,,0.8670171652537261,1.4012298232129132,1.2269503546099292,,4.21,5.099857346647646,9.51,,11.0,10.991544965411222,22.490904195989557,,17.823986376590707,,-2.1580686328497967,0.2808080808080808,,,,0.58,,,,72.34,
INDIASHLTR,2026-10-03,Financial Services,,7050.0,14.0,,1.502405176406765,,2.197278911564626,,17.0,5.231409256370255,12.8,,,,9.318391749343657,,17.872813541235267,,,,,,,1.55,,,,46.05,
INDIGO,2026-10-03,Services,,190623.0,,,,2.140628860190904,27.38888888888889,,-27.1,-3.5352421287922238,5.24,,11.0,-5.39921392476137,,,,,8.925567144997594,11.153206139721703,,,,0.0,,,,41.57,
INDIGOPNTS,2026-10-03,Consumer Durables,,5029.0,30.4,,10.30423583309484,3.430422919508868,4.355371900826446,,13.7,10.006138735420503,18.6,,19.0,11.118690313778991,2.9502430352343234,,,,3.927448334117889,0.018197573656845753,,,,0.47,,,,53.88,
INDIQUBE,2026-10-03,,,4187.0,,,,2.6771099744245523,8.106995884773662,,-42.2,-1.4283520196590385,6.38,,61.0,-5.946291560102302,,,,,23.465392575532373,10.110679611650486,,,,0.0,,,,60.11,
INDNIPPON,2026-10-03,,,2770.0,30.4,,0.9472215059658969,2.593632958801498,3.371900826446281,,11.9,10.402999062792876,17.0,,11.0,10.393258426966293,32.09386591048799,,22.90801650403138,,17.640213614158395,0.00243605359317905,,,,1.27,,,,70.37,
INDOBORAX,2026-10-03,,,1507.0,30.8,,2.361894102281002,6.495689655172414,3.9166666666666665,,10.1,13.82716049382716,15.4,,22.0,24.137931034482758,13.040381433805548,,9.146406619197833,,6.6968355618288955,0.0025906735751295338,,,,2.13,,,,38.41,
INDOCO,2026-10-03,,,2324.0,,,,1.2407901761879339,2.4705882352941178,,-9.36,0.11569610489780179,0.96,,9.0,0.16017084890549918,-61.48887601614237,,-48.476647868520615,,1.0169573534745346,1.1608093716719914,,,,0.08,,,,58.86,
INDOFARM,2026-10-03,,,633.0,25.4,,3.106945616052217,1.394273127753304,1.1379310344827587,,4.82,3.2467532467532463,7.7,,13.0,5.506607929515418,8.175231606491407,,-6.620832840504565,,8.039968948668207,0.2697841726618705,,,,0.0,,,,70.62,
INDOKEM,2026-10-03,,,1684.0,752.0,,,9.67816091954023,26.147186147186147,,1.69,1.3793103448275863,5.45,,3.0,1.1494252873563218,,,,,1.786090690515918,0.4153846153846154,,,,0.0,,,,68.67,
INDOMIM,2026-10-03,,,62888.0,97.4,,,14.998330550918197,,,23.4,10.904635491117011,25.0,,26.0,12.735511566897209,-39.22848906791354,,-28.159904134098003,,15.05519081062312,0.48527846754168147,,,,0.0,,,,77.65,
INDORAMA,2026-10-03,,,2502.0,15.3,,,0.5509799603611539,4.814070351758795,,34.4,4.963008631319359,17.9,,7.0,3.5454745650737722,,,-9.711954855256577,,5.447106800065904,2.1965317919075145,,,,0.0,,,,74.84,
INDOSTAR,2026-10-03,,,3336.0,,,,,0.8803418803418803,,-23.6,-4.139960071451087,-2.58,,,,,,,,,,,,,0.0,,,,70.36,
INDOTECH,2026-10-03,,,3555.0,35.8,,1.2584623176281178,4.202127659574468,9.511363636363637,,28.4,17.7737881508079,40.4,,15.0,11.702127659574469,28.44741514984248,,52.115666468487,,18.923438941856396,0.013368983957219251,,,,0.3,,,,72.18,
INDOTHAI,2026-10-03,,,467.0,6.81,,0.1359483989510814,4.245454545454545,1.5927601809954752,,28.7,18.449197860962567,34.6,,83.0,62.727272727272734,50.09253549540114,,40.44698291081787,,52.52592370221958,0.0880281690140845,,,,0.57,,,,56.07,
INDOUS,2026-10-03,,,154.0,30.4,,,3.11804008908686,3.657142857142857,,16.9,9.097446961524632,15.4,,13.75,10.244988864142538,,,,,,0.33341989093741886,,,,0.0,,,,68.29,
INDOWIND,2026-10-03,,,136.0,,,,3.63150867823765,0.44188481675392666,,0.0,-0.13804607287682263,1.44,,32.92,-1.281708945260347,,,,,-1.182000021000218,0.03103347321167171,,,,0.0,,,,48.2,
INDPRUD,2026-10-03,,,1048.0,17.2,,2.3970844119669836,174.66666666666666,1.2334384858044165,,7.71,6.931818181818182,7.72,,83.0,1016.6666666666666,7.175383525975265,,10.553923015265454,,0.0,0.0,,,,1.92,,,,68.17,
INDRAMEDCO,2026-10-03,,,3104.0,16.5,,1.1071932749215112,2.036745406824147,4.195544554455446,,27.4,18.970736629667005,35.8,,18.0,12.335958005249344,14.90254716473931,,26.267900813609323,,6.9724325738784065,0.04993252361673414,,,,1.18,,,,51.0,
INDSWFTLAB,2026-10-03,,,3436.0,52.8,,,5.166917293233083,2.4842767295597485,,4.02,3.407053197848177,4.86,,9.0,8.571428571428571,-54.45608246108551,,,,-19.63057919638651,0.01300578034682081,,,,0.0,,,,42.93,
INDTERRAIN,2026-10-03,,,148.0,181.0,,,0.37851662404092073,0.8044077134986226,,-2.74,0.0,8.8,,10.0,0.0,,,,,-4.997003221002583,0.5543478260869565,,,,0.0,,,,31.55,
INDUSINDBK,2026-10-03,Financial Services,,69098.0,52.3,,,,1.0509478672985781,,1.36,0.24328571901787652,5.68,,,,-47.20809930553387,,-22.835772596224903,,,,,,,0.17,,,,15.82,
INDUSTOWER,2026-10-03,Telecommunication,,99261.0,13.9,,2.112080766241592,3.0200809322420663,2.506666666666667,,18.6,10.03155016476197,19.5,,55.0,21.76651352420361,6.581187718845993,,2.775999268813867,,4.743307184111467,0.532891086112092,,,,3.72,,,,51.26,
INFOBEAN,2026-10-03,,,1392.0,16.4,,0.293159000701889,2.512635379061372,3.380281690140845,,23.2,17.598343685300208,29.2,,22.0,15.342960288808664,55.94233832403128,,9.013019205644346,,14.505882843885122,0.036231884057971016,,,,0.35,,,,72.82,
INFOMEDIA,2026-10-03,,,26.7,,,,0.1907142857142857,2.509433962264151,,-107.0,-38.333333333333336,-38.5,,-19.0,-32.857142857142854,,,,,-8.707155808635525,1.9090909090909092,,,,0.0,,,,50.69,
INFY,2026-10-03,Information Technology,,420032.0,13.5,,2.4465484090106213,2.2755848349243153,4.6,,31.9,19.654801410349478,40.0,,24.0,16.42901257977484,5.517977878663505,,7.15395870520994,,6.300037738001096,0.09882393486408478,,,,4.64,,,,13.82,
INGERRAND,2026-10-03,,,13128.0,47.8,,7.528044887264398,9.010295126973233,21.328205128205127,,43.0,26.826826826826828,57.1,,24.0,18.393960192175705,6.349590194509314,,19.420118568497656,,6.741731791087235,0.01461038961038961,,,,1.8,,,,75.0,
INNOVACAP,2026-10-03,,,6684.0,43.4,,2.4474342503326887,3.8216123499142367,6.115183246073299,,13.7,8.387799564270153,15.0,,15.0,8.80503144654088,17.732856355221994,,-44.9635597899381,,17.396379954873844,0.3153070577451879,,,,0.17,,,,50.9,
INNOVANA,2026-10-03,,,600.0,19.5,,,4.316546762589928,2.196969696969697,,15.0,7.967032967032966,15.8,,26.0,20.863309352517987,-9.194524580738772,,8.088310289433554,,11.232357561218254,0.21245421245421245,,,,0.0,,,,72.65,
INNOVISION,2026-10-03,,,602.0,35.0,,2.1809333665430817,0.589041095890411,2.0403225806451615,,19.6,3.5864978902953584,20.3,,2.9,1.663405088062622,16.04817484886172,,-22.147384657282664,,26.07439900700026,0.42517006802721086,,,,0.0,,,,74.17,
INOXGREEN,2026-10-03,Services,,6672.0,54.4,,1.1183583627737714,24.17391304347826,3.7411764705882353,,5.62,5.773781353525793,8.42,,9.0,44.20289855072464,48.64272652736838,,,,7.20631161853913,0.051552431165787935,,,,0.0,,,,56.12,
INOXINDIA,2026-10-03,Capital Goods,,19680.0,76.5,,8.355052840143676,12.163164400494438,17.6260162601626,,26.1,12.673956262425449,33.5,,21.0,15.760197775030901,9.156135989043545,,14.321428750498711,,12.61153261105461,0.07251566696508505,,,,0.09,,,,74.86,
INOXWIND,2026-10-03,Capital Goods,,11882.0,34.5,,,2.709692132269099,1.8644986449864498,,7.5,3.4857477221432753,10.6,,20.0,9.509692132269098,,,,,35.92785161294938,0.2486681291131307,,,,0.0,,,,44.18,
INSECTICID,2026-10-03,,,1655.0,13.2,,1.7267003379365768,0.8033980582524272,1.3579952267303104,,12.0,6.25,15.8,,10.0,6.067961165048544,7.644638568713158,,3.461003767130899,,1.5690138002607767,0.12868852459016394,,,,0.35,,,,72.3,
INSPIRISYS,2026-10-03,,,332.0,8.17,,0.06802463007900629,0.6666666666666666,3.3122529644268774,,53.6,10.684931506849315,27.4,,8.0,7.83132530120482,120.10355646934153,,,,0.5412825329821569,0.8118811881188119,,,,0.0,,,,69.95,
INTELLECT,2026-10-03,Information Technology,,8582.0,23.2,,9.25309847713607,2.697045883092395,2.6916299559471364,,12.4,7.732980832782552,16.0,,19.0,11.030798240100566,2.5072682472067065,,-0.514126016958838,,8.286180696565015,0.050157728706624605,,,,0.65,,,,29.63,
INTENTECH,2026-10-03,,,194.0,12.4,,,1.552,1.5471698113207548,,11.5,-10.0,7.55,,9.0,-12.8,,,,,3.118135984641923,0.0,,,,0.0,,,,4.68,
INTERARCH,2026-10-03,,,2803.0,20.5,,2.005500014739808,1.4178047546788062,3.1752380952380954,,16.8,10.29976940814758,23.7,,9.0,6.777946383409206,10.22188972791389,,47.64740139919515,,15.204483578230231,0.02043132803632236,,,,0.75,,,,59.44,
INTLCONV,2026-10-03,,,510.0,3.75,,0.12746793786109906,2.3943661971830985,1.2030075187969924,,18.7,23.901581722319857,22.0,,20.0,63.84976525821596,29.41916267670659,,54.79464151401607,,16.705574730528006,0.1721698113207547,,,,0.62,,,,70.23,
INVENTURE,2026-10-03,,,89.2,34.7,,,1.7832866853258695,0.3231939163498099,,1.27,0.837009087527236,2.22,,4.08,6.297481007596961,-35.15006827519721,,-25.41773292157967,,-6.85181403140006,0.13277030700641562,,,,0.0,,,,26.4,
IOB,2026-10-03,Financial Services,,58502.0,9.82,,0.3285245863988259,,1.504950495049505,,15.6,1.26016561088844,6.12,,,,29.891217907443334,,27.980320665844904,,,,,,,0.0,,,,92.44,
IOC,2026-10-03,Oil Gas & Consumable Fuels,,185468.0,5.51,,,0.21604180402151704,0.8451612903225807,,20.5,6.749384152699905,18.7,,8.0,4.161764603101754,-6.907165213542809,,6.041264745513608,,3.408801764499514,0.6005065643819641,,,,6.28,,,,51.5,
IOLCP,2026-10-03,,,6146.0,34.8,,4.52514263155741,2.4350237717908083,3.409461663947798,,8.41,6.494008504058756,11.3,,12.0,6.656101426307448,7.690365328445559,,0.03500175866228972,,5.770891543816847,0.07504168982768204,,,,0.48,,,,62.28,
IONEXCHANG,2026-10-03,Utilities,,5961.0,54.2,,,1.9660290237467017,4.446878422782038,,12.0,2.907149213883121,14.2,,6.0,3.2321899736147754,-20.610164237112127,,-9.630760438788554,,8.895609021340656,0.35997012696041825,,,,0.31,,,,25.43,
IPCALAB,2026-10-03,Healthcare,,49300.0,35.9,,1.0631519601413397,4.868654947659491,6.110062893081761,,15.7,11.133603238866396,17.0,,22.0,13.578905787082757,33.767515224472056,,8.178229311466257,,9.740076464702119,0.1003348629542354,,,,0.31,,,,44.72,
IPL,2026-10-03,,,1505.0,14.0,,0.6541477508817174,1.4555125725338491,1.4937286202964652,,12.5,8.08383233532934,16.6,,16.0,10.444874274661508,21.401892739262006,,-7.402651069995914,,14.992771701797935,0.10891089108910891,,,,0.57,,,,63.65,
IPRINGLTD,2026-10-03,,,180.0,48.4,,,0.5128205128205128,1.7466174661746618,,2.53,0.9287925696594427,8.25,,9.0,0.8547008547008548,,,-17.787018469408768,,3.454475860321704,1.1941747572815533,,,,0.0,,,,56.58,
IRB,2026-10-03,Construction,,20533.0,20.9,,1.2688715462114681,2.6714806141035647,0.9826589595375722,,4.29,1.766732101188933,7.47,,54.0,12.412177985948478,16.471328451175495,,21.367153789240856,,1.2310158765060475,0.9559883526659984,,,,0.91,,,,30.81,
IRCON,2026-10-03,Construction,,10369.0,19.8,,,1.1220647116112974,1.558073654390935,,8.19,2.4405125076266017,9.27,,8.0,5.627096634563359,-17.38997564600532,,-2.433005014439693,,-9.612659841391002,0.8624792890495556,,,,1.72,,,,65.17,
IRCTC,2026-10-03,Consumer Services,,36328.0,26.3,,3.35436988685825,6.696405529953917,8.42300556586271,,34.4,18.37730870712401,46.1,,31.0,25.677419354838708,7.840518752281356,,,,8.391871392141926,0.018797864933859366,,,,1.98,,,,62.4,
IREDA,2026-10-03,Financial Services,,31182.0,15.9,,1.094590035387339,,2.2606924643584523,,15.6,2.0957700835749615,8.69,,,,14.525986429589155,,20.633935273161462,,,,,,,1.22,,,,71.76,
IRFC,2026-10-03,Financial Services,,100706.0,14.0,,3.6317247719320367,,1.7764976958525345,,12.8,1.391781309756985,5.64,,,,3.8549176711296207,,3.370199527847717,,,,,,,2.73,,,,82.9,
IRIS,2026-10-03,,,463.0,36.1,,0.26051045150766283,3.4044117647058822,2.305327868852459,,89.5,49.40711462450593,10.6,,6.0,91.91176470588235,138.5740947861285,,159.3119734302729,,10.064241629820891,0.009950248756218905,,,,0.0,,,,34.63,
IRISDOREME,2026-10-03,,,1151.0,65.5,,4.937295442550238,5.72636815920398,8.120805369127517,,14.4,8.823529411764707,16.0,,16.0,8.955223880597014,13.266372402087324,,11.902919127544953,,18.760386903079397,0.23943661971830985,,,,0.0,,,,58.79,
IRMENERGY,2026-10-03,,,1058.0,14.5,,,0.9362831858407079,1.0617283950617284,,5.49,5.632716049382716,8.63,,13.0,6.460176991150443,-5.150459182072953,,-16.39993277662919,,8.243106193858907,0.0732196589769308,,,,0.58,,,,50.74,
ISFT,2026-10-03,,,160.0,11.6,,0.9751603931336967,0.29357798165137616,0.6006134969325154,,5.37,4.3343653250774,6.29,,3.1,2.5688073394495414,11.895479022402844,,-0.6521283016835078,,3.9644645669302703,0.06390977443609022,,,,0.0,,,,43.06,
ISGEC,2026-10-03,,,6763.0,25.9,,,0.9068114776079378,2.4731182795698925,,4.18,3.0223880597014925,11.2,,8.0,3.258246178600161,-7.007432972289895,,12.48305408650956,,6.248764130943862,0.3475877192982456,,,,0.65,,,,62.43,
ISHANCH,2026-10-03,,,129.0,,,,1.307388263910003,0.9096153846153846,,-5.78,-2.8321418805422085,0.96,,5.35,-7.347724739029086,,,,,8.782154573534262,0.6351931330472104,,,,0.0,,,,40.15,
ISTLTD,2026-10-03,,,741.0,4.51,,0.48824795534926435,5.613636363636363,0.4376292212267402,,9.94,9.001097694840835,13.1,,52.0,124.24242424242425,9.237109854917481,,11.209902331994481,,6.265856918261115,0.002364066193853428,,,,0.0,,,,74.98,
ITC,2026-10-03,Fast Moving Consumer Goods,,320656.0,16.2,,,4.1922393055119755,4.4214162348877375,,29.3,21.55558166109551,38.9,,34.0,26.38845309068089,-1.1313187895383048,,5.069604021733376,,4.033442120319464,0.03308646061759554,,,,5.67,,,,,
ITCHOTELS,2026-10-03,Consumer Services,,33019.0,35.8,,,7.75093896713615,2.8392857142857144,,7.89,6.446587537091989,11.2,,35.0,20.399061032863848,,,,,24.191423597193506,0.006347572482415509,,,,0.63,,,,39.85,
ITDC,2026-10-03,,,5709.0,69.0,,8.1828008511119,10.671028037383177,13.509127789046653,,21.0,10.761154855643044,29.9,,17.0,15.327102803738319,8.432320577693652,,81.3071914973297,,1.674489353164632,0.002364066193853428,,,,0.44,,,,87.03,
ITI,2026-10-03,Telecommunication,,23264.0,,,,11.020369493131218,12.222222222222221,,-8.86,3.4663528404835775,1.41,,2.5,15.348176219801044,,,21.434292290611268,,18.644347745947186,0.40136411332633787,,,,0.0,,,,90.02,
ITL,2026-10-03,,,112.0,13.0,,7.3003024057256525,0.5517241379310345,1.2608695652173914,,10.2,5.228758169934641,13.4,,7.0,3.9408866995073892,1.7807481495292654,,10.411053063541885,,12.127252849089775,0.26136363636363635,,,,0.36,,,,44.98,
IVALUE,2026-10-03,,,1201.0,11.2,,,1.1926514399205561,2.105769230769231,,19.8,7.217210270645386,25.4,,14.0,10.327706057596822,-51.63888068239522,,-28.95809565084855,,8.88756582484267,0.12147887323943662,,,,0.0,,,,32.1,
IVC,2026-10-03,,,245.0,60.3,,,4.277234636871508,1.28665568369028,,1.95,2.36543270610421,4.11,,-2.23,10.073324022346368,-20.62994740159002,,-8.538989614534731,,-4.1269484267731364,0.0,,,,15.4,,,,50.42,
IWP,2026-10-03,,,233.0,39.5,,2.228468162577871,0.9628099173553719,0.642605633802817,,1.26,1.1363636363636365,3.0,,6.0,2.479338842975207,17.725180311441726,,,,8.020134182489302,0.18732782369146006,,,,0.55,,,,71.25,
IXIGO,2026-10-03,Consumer Services,,7141.0,81.6,,,5.636148382004736,3.468950749464668,,5.54,3.4238488783943333,6.8,,4.6,6.866614048934491,-1.5002267647419743,,,,24.534856646072424,0.02149487054225696,,,,0.0,,,,,
IZMO,2026-10-03,,,1282.0,23.8,,0.9561889381909545,4.360544217687075,3.1355311355311355,,12.4,10.931174089068826,12.6,,20.0,18.367346938775512,24.890478282490914,,24.524651546046506,,16.279165941138384,0.04156479217603912,,,,0.0,,,,34.79,
J&KBANK,2026-10-03,Financial Services,,15414.0,6.69,,0.7311691756158338,,0.9090909090909091,,15.4,1.2193056731583405,5.84,,,,9.149729259805417,,31.587801991967,,,,,,,0.0,,,,59.4,
JAGRAN,2026-10-03,,,1340.0,7.1,,8.242048550123618,0.6993736951983298,0.6652267818574514,,9.02,6.66170450316338,12.2,,13.0,9.342379958246347,0.8614363233632627,,0.5159748683661869,,-0.31120533194219924,0.054563492063492064,,,,11.4,,,,69.0,
JAGSNPHARM,2026-10-03,,,1528.0,32.5,,1.2386300662558634,5.197278911564626,5.631067961165048,,17.3,14.195583596214512,22.7,,21.0,15.306122448979592,26.238665510713098,,18.88654957871243,,12.047029690880851,0.028985507246376812,,,,1.73,,,,69.06,
JAIBALAJI,2026-10-03,Metals & Mining,,5631.0,19.2,,0.3222938477976034,0.9732111994469409,2.528688524590164,,30.7,7.429006085192698,36.1,,9.0,5.063947459384722,59.57296464454191,,,,-1.8800212620600387,0.20666366501575867,,,,0.0,,,,64.84,
JAICORPLTD,2026-10-03,,,1571.0,16.6,,0.7621040633088607,2.9038817005545288,1.25,,12.0,6.023316062176166,11.8,,13.0,17.190388170055453,21.781802248799266,,12.474611314209483,,5.3267680399366135,0.18789808917197454,,,,0.56,,,,73.91,
JAINREC,2026-10-03,Metals & Mining,,9749.0,26.8,,,0.9095913416682216,6.238938053097344,,30.4,10.644589000591367,25.7,,5.0,3.3588356036573987,-36.055912218203055,,,,34.26682320654819,0.8174247277386291,,,,0.0,,,,73.59,
JAIPURKURT,2026-10-03,,,50.6,26.1,,0.5901645078333904,0.42521008403361343,0.7658959537572254,,3.46,1.5625,7.65,,8.0,1.680672268907563,44.22495703074083,,24.57309396155174,,38.28597917878507,0.5757575757575758,,,,0.0,,,,41.65,
JAMNAAUTO,2026-10-03,Automobile and Auto Components,,5266.0,21.8,,5.023399285238256,1.9871698113207548,4.599303135888502,,22.3,14.199029126213592,26.0,,15.0,8.830188679245284,4.3396908671109236,,10.630845659060938,,2.9734742736860387,0.13077593722755013,,,,1.9,,,,49.84,
JARO,2026-10-03,,,910.0,22.9,,,4.57286432160804,,,40.6,18.81188118811881,40.2,,31.0,19.09547738693467,,,,,60.64625770694035,0.3504273504273504,,,,1.22,,,,61.43,
JASH,2026-10-03,,,3642.0,42.3,,5.205379492756952,4.804749340369393,7.015834348355664,,16.0,9.783845278725826,17.7,,15.0,11.345646437994723,8.126208676784952,,20.405166066943647,,13.677147681754587,0.19845857418111754,,,,0.28,,,,43.24,
JAYAGROGN,2026-10-03,,,634.0,11.7,,6.121133257446589,0.25059288537549407,1.0394088669950738,,8.53,5.4989816700611,11.6,,4.4,2.1343873517786562,1.9114107646270417,,-9.315930591400512,,5.574902030109241,0.21475409836065573,,,,1.66,,,,67.13,
JAYBARMARU,2026-10-03,,,1416.0,10.2,,0.16339085222191466,0.5402518122853872,2.037325038880249,,22.3,7.536865101037685,16.6,,11.0,5.265165967188096,62.42699552204143,,37.48126193606729,,4.572494812772043,0.7629310344827587,,,,0.54,,,,59.35,
JAYKAY,2026-10-03,,,3039.0,74.6,,0.40661078695661546,11.733590733590734,4.3982494529540475,,3.56,23.980815347721823,4.76,,11.0,77.22007722007721,183.4678331048794,,56.26662627946073,,69.6971824032837,0.05652173913043478,,,,0.0,,,,66.01,
JAYNECOIND,2026-10-03,Capital Goods,,8863.0,,,,3.377667682926829,2.7499999999999996,,-0.87,-1.3243167089320935,2.93,,9.0,-3.5823170731707314,,,,,1.0241832549034102,1.9396511079679397,,,,0.0,,,,55.15,
JAYSREETEA,2026-10-03,,,242.0,,,,0.2558139534883721,0.6102189781021897,,-7.51,-2.301255230125523,0.51,,2.6,-2.3255813953488373,,,,,8.433233915018823,1.0580808080808082,,,,0.0,,,,50.68,
JBCHEPHARM,2026-10-03,Healthcare,,38677.0,53.8,,2.8917136478252994,9.324252651880425,9.301158301158301,,18.9,14.288593309149537,25.4,,27.0,17.092574734811958,18.604885044706986,,8.799140895323454,,9.619721834441886,0.0009617696561673479,,,,0.91,,,,48.8,
JBMA,2026-10-03,Automobile and Auto Components,,12881.0,56.0,,7.146863268142097,2.0520949498167913,8.384615384615385,,15.7,3.2971506105834463,15.1,,11.0,3.8712760873028516,7.835605341664498,,7.5109947879521854,,7.811982546061325,1.9681611435997401,,,,0.16,,,,67.53,
JENBURPH,2026-10-03,,,404.0,11.3,,1.3930148681923313,2.3905325443786984,2.0515695067264574,,20.2,14.666666666666666,27.0,,24.0,19.526627218934912,8.111901931573517,,8.891387570939969,,5.974030812541553,0.01015228426395939,,,,2.26,,,,46.62,
JETFREIGHT,2026-10-03,,,99.8,13.2,,0.05407189256983203,0.198015873015873,1.281045751633987,,10.0,4.166666666666666,13.6,,4.0,1.5873015873015872,244.11943752389735,,20.559524410939577,,7.918372687688935,1.0422535211267605,,,,0.0,,,,53.67,
JGCHEM,2026-10-03,,,2392.0,31.8,,0.9206868592219177,2.2334267040149394,4.518518518518518,,13.2,13.708260105448156,17.7,,9.0,7.282913165266107,34.53943073204555,,-43.3169164322138,,17.15794549998193,0.011363636363636364,,,,0.18,,,,70.99,
JHS,2026-10-03,,,102.0,,,,0.9357798165137615,0.585,,-1.17,-0.9259259259259258,-0.84,,2.8,-1.834862385321101,,,,,15.360213129419042,0.08620689655172414,,,,0.0,,,,33.85,
JINDALPHOT,2026-10-03,,,1058.0,,,,52.9,1.0403225806451613,,-2.29,-4.98793242156074,-1.38,,-506.0,-310.0,,,,,0.0,0.06366307541625857,,,,0.0,,,,74.2,
JINDALPOLY,2026-10-03,,,2862.0,48.9,,,1.2235998289867465,0.9383070301291249,,-0.97,-11.36077037716382,-1.99,,-25.0,-42.36853356135101,,,,,-15.855324063734589,1.3123566043920025,,,,0.0,,,,74.54,
JINDALSAW,2026-10-03,Capital Goods,,17286.0,26.4,,,0.9465038602639216,1.3705583756345177,,8.2,2.7860189134062674,10.4,,11.0,3.2908065487597873,-26.952380178248013,,9.676354260748132,,-4.4844470151159666,0.3730714172101161,,,,0.74,,,,63.25,
JINDALSTEL,2026-10-03,Metals & Mining,,112261.0,36.4,,,1.9899845780227963,2.2044088176352705,,8.22,2.7746197572591798,9.7,,16.0,4.802084625884104,-22.92742458783412,,-13.92369378603393,,3.86002116014843,0.4442130493722863,,,,0.18,,,,62.71,
JINDRILL,2026-10-03,,,1703.0,8.74,,0.1579771666840379,1.6728880157170924,0.9363057324840764,,10.2,7.658556043079377,13.7,,33.0,18.860510805500983,55.324450890301314,,24.34457292820884,,18.164640490333063,0.0510989010989011,,,,0.17,,,,66.78,
JINDWORLD,2026-10-03,,,4594.0,54.2,,14.078353434933874,1.9973913043478262,5.337995337995338,,7.79,5.123568414707655,8.63,,5.0,3.6956521739130435,3.8498820370220788,,-5.077196235991799,,8.233952353442643,0.6488372093023256,,,,0.0,,,,61.76,
JIOFIN,2026-10-03,Financial Services,,140317.0,67.9,,8.33554285332108,28.606931702344546,1.004739336492891,,1.19,1.2638636544378987,1.86,,66.0,42.120285423037714,8.14584019239335,,,,38.281802711043824,0.1626261645237686,,,,0.28,,,,49.13,
JISLDVREQS,2026-10-03,,,36.1,,,,,,,,,,,,,,,,,,,,,,0.0,,,,30.37,
JISLJALEQS,2026-10-03,,,1951.0,,,,0.3066645708896573,0.3333333333333333,,-0.48,-0.5698711595639246,5.3,,12.0,-1.0845646023263125,,,,,1.500493340211717,0.736068376068376,,,,0.0,,,,26.68,
JITFINFRA,2026-10-03,,,708.0,,,,0.24229979466119098,-1.375,,,-0.14104372355430184,15.4,,20.0,-0.23956194387405885,,,,,4.849754029382924,-7.692007797270955,,,,0.0,,,,63.03,
JKCEMENT,2026-10-03,Construction Materials,,38263.0,39.2,,6.38861454214961,2.6569682660926324,5.435784851811197,,15.6,5.07027027027027,15.1,,16.0,6.513436566905076,6.135915657670932,,6.592177336621341,,7.612248474846828,0.8786414665340344,,,,0.4,,,,45.66,
JKIL,2026-10-03,,,3495.0,8.98,,1.8684543165339955,0.6078260869565217,1.0382022471910113,,12.4,6.148136194933032,18.4,,14.0,6.626086956521739,4.806111618858311,,29.25081342767819,,5.6279883463185465,0.18432769367764915,,,,0.87,,,,46.64,
JKIPL,2026-10-03,,,370.0,43.4,,,1.0136986301369864,1.9071146245059287,,8.64,2.21606648199446,9.75,,2.9,2.191780821917808,-88.17030213630485,,,,15.159115666083567,0.520618556701031,,,,0.0,,,,74.99,
JKLAKSHMI,2026-10-03,Construction Materials,,5917.0,15.4,,,0.854317066127635,1.523961661341853,,10.7,4.340196537201685,12.0,,14.0,5.3566272018481085,-10.440397787633005,,-5.433589533957517,,0.6731253268010828,0.6654657745753989,,,,1.36,,,,45.12,
JKPAPER,2026-10-03,Forest Materials,,6937.0,21.2,,,0.9478070774695997,1.2598684210526316,,4.77,3.105118222391036,7.39,,13.0,4.4678234731520705,-35.342146206517434,,-10.985815286752675,,3.2002883519525627,0.46702898550724636,,,,1.05,,,,52.94,
JKTYRE,2026-10-03,Automobile and Auto Components,,9812.0,13.6,,,0.5981467934650085,1.619047619047619,,16.0,4.128440366972478,15.5,,12.0,4.005120702267739,-8.387133844381045,,22.14349522606667,,3.0228436499744715,0.805477643953143,,,,1.18,,,,51.72,
JLHL,2026-10-03,Healthcare,,8519.0,44.6,,22.29411086386314,5.46790757381258,5.520169851380042,,13.1,7.955988150655946,14.8,,22.0,12.066752246469834,2.0005283131651064,,23.265060804272085,,13.2372317323026,0.3779935275080906,,,,0.08,,,,40.91,
JMA,2026-10-03,,,200.0,6.25,,0.8047320963589458,0.3110419906687403,0.73,,11.3,9.34844192634561,15.2,,6.0,5.132192846034215,7.7665598629388155,,5.747097874829121,,6.387328958558625,0.0,,,,2.28,,,,51.0,
JMFINANCIL,2026-10-03,Financial Services,,11809.0,11.2,,0.30828698599971627,2.8251196172248805,1.1081081081081081,,11.9,4.218399969624483,11.6,,56.0,26.57894736842105,36.32978526057635,,6.059336296632423,,-4.419136123648748,1.0916682304372303,,,,2.63,,,,57.03,
JNKINDIA,2026-10-03,,,2421.0,32.2,,24.848059662528367,2.692992213570634,4.245098039215686,,12.1,6.87382297551789,17.4,,12.0,8.120133481646272,1.2958758324521646,,-18.520361118660922,,23.264916197070495,0.1602112676056338,,,,0.07,,,,67.8,
JNPR,2026-10-03,,,15263.0,579.0,,,21.228094575799723,,,0.43,0.20512820512820512,3.3,,85.0,5.563282336578582,,,,,29.50910403572764,4.018983644859813,,,,0.0,,,,85.94,
JPOLYINVST,2026-10-03,,,957.0,1.18,,0.029602962716096068,0.922854387656702,0.5965946299934513,,54.8,45.19553072625698,63.4,,88.0,78.01350048216008,39.8608751197189,,0.330580951742121,,206.54348129496398,0.014330218068535825,,,,0.0,,,,74.63,
JPPOWER,2026-10-03,Power,,10143.0,12.2,,,1.7621612230715775,0.7956989247311828,,3.6,3.569439803987081,6.97,,26.0,11.136205698401668,-14.234255536458374,,42.49563932239631,,-5.2322726221009646,0.26633678919258563,,,,0.0,,,,24.0,
JSFB,2026-10-03,Financial Services,,5105.0,13.4,,,,1.1367924528301887,,7.6,0.8008767492834261,7.45,,,,-17.406952514002217,,102.09355935081841,,,,,,,0.0,,,,16.94,
JSL,2026-10-03,Metals & Mining,,60405.0,18.4,,2.9966014069078635,1.3720301639940036,3.0541666666666667,,17.7,8.009198585593829,19.3,,13.0,7.35701630854495,6.140289448434388,,-7.629234070972279,,4.5161073603017465,0.37693901268253244,,,,0.55,,,,62.04,
JSLL,2026-10-03,Consumer Services,,5976.0,25.3,,0.27723103871875615,7.0223266745005875,12.792553191489361,,61.3,35.01483679525222,64.4,,43.0,27.73207990599295,91.25962272091117,,,,60.71579700619245,0.27194860813704497,,,,0.94,,,,63.62,
JSWCEMENT,2026-10-03,Construction Materials,,15215.0,19.3,,0.2327425513702454,2.2214921886406773,2.3333333333333335,,14.7,5.012165450121654,11.1,,18.0,10.527084245875312,82.92424348866778,,17.565718632482152,,4.498580653968953,0.6815267175572519,,,,0.45,,,,72.02,
JSWDULUX,2026-10-03,Consumer Durables,,13756.0,35.8,,0.5398729858315332,3.84460592509782,5.615241635687732,,19.1,51.69960474308301,22.7,,14.0,54.8351034097261,66.31189361116014,,46.57350559889397,,-3.341076286236555,0.03221859706362153,,,,1.66,,,,61.2,
JSWENERGY,2026-10-03,Power,,88924.0,44.3,,22.178768891421132,4.688847877669391,2.7714285714285714,,7.51,1.986155871638922,8.16,,54.0,12.96598998154495,1.9974057269308343,,1.1165558449265367,,18.193795283292257,2.5022275698351275,,,,0.41,,,,66.53,
JSWHL,2026-10-03,,,12496.0,89.8,,,67.91304347826087,0.37853468276117147,,0.46,0.3682498723221246,0.59,,86.0,74.45652173913044,-4.058295556916591,,-1.9533096386786686,,2.673011512363943,0.0,,,,0.0,,,,66.28,
JSWINFRA,2026-10-03,Services,,83286.0,53.7,,6.793834351189357,14.92045861698316,6.891891891891892,,15.3,7.494434825624537,13.6,,48.0,27.140809745610895,7.904225688193156,,-33.71966519814528,,14.047351610155978,0.6342741564769697,,,,0.25,,,,73.93,
JSWSTEEL,2026-10-03,Metals & Mining,,301524.0,25.0,,0.6073465760242285,1.5895870565721426,3.0146699266503667,,10.2,10.381668632119203,11.0,,16.0,14.75852325146162,41.162658993903165,,3.462194822136988,,2.7215450719414225,0.9925739358140185,,,,0.58,,,,44.29,
JTEKTINDIA,2026-10-03,,,3213.0,41.0,,0.44409445088278116,1.557440620455647,4.218181818181818,,12.4,7.646559048428207,15.9,,9.0,4.362578768783325,92.32270279103749,,2.772362033437892,,15.670610081235004,0.09400544959128065,,,,0.65,,,,74.98,
JTLIND,2026-10-03,,,3294.0,28.7,,,1.4235090751944683,2.2159383033419027,,7.31,6.112224448897796,9.61,,8.0,5.2722558340535866,-3.029019793009402,,3.0624138001266177,,4.290415022194893,0.1641991924629879,,,,0.14,,,,49.26,
JUBLCPL,2026-10-03,,,3087.0,23.3,,,1.565415821501014,6.7006578947368425,,33.2,13.903743315508022,40.4,,10.0,6.592292089249494,,,,,16.599183728177014,0.1108695652173913,,,,0.0,,,,74.36,
JUBLFOOD,2026-10-03,Consumer Services,,29258.0,76.8,,27.560083202013487,2.9739784509046556,12.766570605187319,,21.0,4.804099498238497,14.8,,20.0,4.57410042691604,2.7866389022508153,,0.620202599319386,,20.27021010392618,2.1387434554973823,,,,0.27,,,,40.27,
JUBLINGREA,2026-10-03,Chemicals,,10162.0,32.0,,1.6797937854637996,2.1849064717265105,3.2551020408163267,,9.52,5.6489945155393055,11.4,,13.0,6.643732530638573,19.049957367930514,,-8.334780912691786,,3.989287635711003,0.2533589251439539,,,,0.78,,,,45.22,
JUBLPHARMA,2026-10-03,Healthcare,,15919.0,41.0,,0.6219093537893216,1.8493262081784387,2.244943820224719,,6.53,2.2983237297014143,8.99,,14.0,4.077602230483271,65.92600633868129,,-3.1744619117069495,,8.69536192888225,0.5096574087128155,,,,0.5,,,,47.67,
JUNIPER,2026-10-03,,,4784.0,25.8,,0.2836661732818464,4.446096654275093,1.6666666666666667,,6.19,3.871268656716418,8.04,,40.0,15.427509293680297,90.95197958046803,,,,9.568652985063641,0.41631799163179917,,,,0.0,,,,77.53,
JUSTDIAL,2026-10-03,Consumer Services,,5555.0,39.8,,5.500214248849778,5.325982742090124,1.3805496828752644,,3.63,7.467599259411643,4.81,,21.0,34.80345158197507,7.2360817596011096,,5.968771553146968,,15.609497060245236,0.021128511061396966,,,,0.0,,,,74.14,
JWL,2026-10-03,Capital Goods,,9570.0,53.8,,,3.0604413175567635,3.2137733142037304,,6.37,3.4168081494057727,9.14,,11.0,5.148704828909498,-21.42769036565705,,-6.81321581343629,,-4.972383215683129,0.33445265278710545,,,,0.45,,,,68.31,
JYOTHYLAB,2026-10-03,Fast Moving Consumer Goods,,6717.0,18.4,,0.5791573135746431,2.359325605900948,3.2795698924731185,,19.0,13.749535488665924,24.6,,18.0,12.996136283807516,31.770297238297008,,16.808551149837747,,9.039799382870006,0.02975609756097561,,,,1.91,,,,62.89,
JYOTICNC,2026-10-03,Capital Goods,,23472.0,73.0,,2.541802072860554,10.712916476494751,11.727272727272727,,18.2,8.907330567081605,21.3,,24.0,14.696485623003195,28.719781441457993,,,,17.86786618554903,0.42628685657171417,,,,0.0,,,,62.55,
JYOTIRES,2026-10-03,,,1009.0,25220.0,,,501.9900497512438,19.244851258581235,,0.08,0.0744324525493115,0.23,,10.95,1.9900497512437814,,,,,4.133872323273091,0.0183206106870229,,,,1.07,,,,54.37,
JYOTISTRUC,2026-10-03,,,1062.0,16.5,,0.5796965851447137,1.2553191489361701,2.2361809045226133,,10.8,2.1790943139257744,2.25,,7.0,7.5650118203309695,28.46316577124737,,,,23.328828754287635,4.387368421052631,,,,0.0,,,,,
KABRAEXTRU,2026-10-03,,,2676.0,3824.0,,,5.461224489795918,6.071428571428571,,-1.91,0.1303780964797914,0.06,,4.0,0.20408163265306123,-75.62747522483446,,-56.9152806249302,,-6.93976028168275,0.3287981859410431,,,,0.0,,,,60.44,
KAJARIACER,2026-10-03,Consumer Durables,,19252.0,33.4,,3.727899324436741,3.8077531645569622,6.380208333333333,,17.9,13.608145021107523,23.4,,19.0,10.838607594936708,8.95946942050172,,7.6792006764980325,,4.160653306072004,0.07469015003261578,,,,1.14,,,,47.69,
KAKATCEM,2026-10-03,,,80.1,,,,1.1281690140845069,0.43829787234042555,,-8.52,-11.587982832618025,-7.54,,-34.0,-38.028169014084504,,,,,-23.079059888416797,0.1092896174863388,,,,2.91,,,,54.25,
KALAMANDIR,2026-10-03,,,1141.0,21.0,,,1.0044014084507042,,,,,,,12.0,4.753521126760563,,,,,,,,,,2.02,,,,60.97,
KALPATARU,2026-10-03,,,5632.0,45.8,,,1.6253968253968254,1.37,,2.73,0.5825132903517702,1.27,,2.9,2.9725829725829724,,,,,21.538902400216298,2.2268642215205245,,,,0.0,,,,81.34,
KALYANIFRG,2026-10-03,,,344.0,27.8,,0.7016337427051766,1.4514767932489452,3.593155893536122,,10.1,4.780876494023905,12.2,,14.0,5.063291139240507,39.62181164893239,,31.681187090878016,,0.0,1.1041666666666667,,,,0.42,,,,58.76,
KALYANKJIL,2026-10-03,Consumer Durables,,54581.0,37.3,,1.1028182153676194,1.3972557151268463,8.641571194762683,,24.8,6.926678573152484,21.2,,7.0,3.6735529785218746,33.82243735207639,,44.84771927356967,,28.254557660931788,0.9695672848311936,,,,0.47,,,,62.86,
KAMAHOLD,2026-10-03,,,7262.0,6.4,,0.8247458363168193,0.42358842743817077,0.9062875450540648,,12.6,8.617950754567117,14.0,,22.0,12.657489500699953,7.759966426240306,,2.8250162587521332,,8.452016076110658,0.6337993010484274,,,,1.83,,,,75.0,
KAMANWALA,2026-10-03,,,24.2,,,,3.09462915601023,0.2142857142857143,,-2.51,-2.0350176624174474,-2.26,,-78.26,-33.887468030690535,,,,,40.82602056237925,0.1511379800853485,,,,0.0,,,,41.36,
KAMATHOTEL,2026-10-03,,,700.0,16.7,,,1.7766497461928934,2.2149532710280373,,11.6,6.470588235294119,15.8,,26.0,11.16751269035533,-7.680520645845212,,,,9.028711443868565,0.7373417721518988,,,,0.0,,,,57.78,
KAMOPAINTS,2026-10-03,,,135.0,,,,0.5601659751037344,0.7550644567219152,,0.12,-1.7421602787456445,2.23,,1.7,-2.0746887966804977,,,,,-6.1981514604919745,0.18994413407821228,,,,0.0,,,,52.54,
KANANIIND,2026-10-03,,,26.5,11.7,,0.1991824829185599,0.17207792207792208,0.38176638176638183,,3.84,1.9230769230769231,3.95,,0.7,1.2987012987012987,58.74010519681994,,5.922384104881218,,-11.609562005863626,0.0,,,,0.0,,,,33.79,
KANCHI,2026-10-03,,,165.0,21.6,,0.16162999252717167,1.064516129032258,0.77079107505071,,2.43,3.571428571428571,3.98,,7.0,5.161290322580645,133.63856337720748,,,,2.013961808422904,0.0,,,,0.26,,,,51.17,
KANCOTEA,2026-10-03,,,27.2,,,,0.35366012222077753,0.48623853211009177,,-9.32,-3.977883581631086,-2.93,,-2.24,-6.735144974645689,,,,,0.16960241237469198,0.9548387096774195,,,,0.0,,,,70.34,
KANPRPLA,2026-10-03,,,603.0,13.3,,0.04995158436342754,0.8137651821862348,2.2363636363636363,,14.9,9.574468085106384,17.0,,9.0,6.0728744939271255,266.25782083776517,,8.882202534866689,,14.240634467489599,0.417910447761194,,,,0.49,,,,68.15,
KANSAINER,2026-10-03,Consumer Durables,,14177.0,22.0,,,1.7157206825608133,2.108433734939759,,8.82,6.761565836298933,12.0,,12.0,7.128161684618177,-20.30642458926579,,10.81643815792317,,1.9363686336836272,0.0451295799821269,,,,1.43,,,,74.96,
KAPSTON,2026-10-03,,,1650.0,54.1,,1.5739965106490459,1.916376306620209,14.18848167539267,,27.4,8.595988538681947,14.9,,6.0,3.484320557491289,34.371105421124206,,,,18.30413812212488,1.5862068965517242,,,,0.0,,,,72.87,
KARMAENG,2026-10-03,,,42.0,,,,1.326595072646873,1.3908045977011492,,-8.08,-2.555205047318612,4.07,,26.06,-5.116866708780797,,,,,-3.0099584802541712,0.6226415094339622,,,,0.0,,,,74.7,
KARURVYSYA,2026-10-03,Financial Services,,31442.0,11.5,,0.5888505970625162,,2.2260273972602738,,19.1,2.009472705577476,7.62,,,,19.529571774857324,,32.28788236333466,,,,,,,0.8,,,,2.07,
KAVDEFENCE,2026-10-03,,,467.0,,,,78.48739495798318,4.172043010752687,,1.25,-0.8376135914658238,1.14,,-65.71,-17.81512605042017,,,,,55.2529807690457,0.03947368421052632,,,,0.0,,,,24.56,
KAYNES,2026-10-03,Capital Goods,,22849.0,65.8,,3.0460691280443473,5.8602205693767635,4.8008474576271185,,8.69,5.01885697708152,12.7,,16.0,8.874070274429341,21.60161087422374,,41.69087303111518,,29.268291720833517,0.19229149115417019,,,,0.0,,,,53.46,
KCP,2026-10-03,,,1988.0,11.2,,,0.7420679357969392,1.1159420289855073,,12.2,6.756002233389167,12.2,,11.0,9.033221351250468,-3.321691567770957,,-1.9527916669675571,,-1.9955176111464912,0.372615039281706,,,,0.32,,,,44.39,
KDDL,2026-10-03,,,4810.0,49.0,,,2.0714900947459087,4.454441913439635,,8.9,5.44464609800363,11.7,,14.0,6.459948320413436,-1.2362206614475402,,25.76213287305422,,18.625583537912927,0.4740740740740741,,,,0.59,,,,50.15,
KEC,2026-10-03,Construction,,9912.0,16.5,,1.062659585279569,0.42167957117331745,1.6103896103896105,,11.4,2.20427326622369,16.5,,7.0,2.3568450608355316,15.52707962979425,,9.991763273681897,,5.683391785929315,0.8731937002760188,,,,1.48,,,,50.1,
KECL,2026-10-03,,,842.0,54.9,,,1.500891265597148,6.0606060606060606,,6.78,1.1041009463722398,14.6,,5.0,1.2477718360071302,-18.91991521045906,,-35.535223656250594,,0.23880687698600855,0.7633587786259542,,,,0.0,,,,49.74,
KEEPLEARN,2026-10-03,,,28.6,,,,3.9231824417009604,4.6,,-14.6,-8.628318584070795,-11.1,,-14.13,-16.049382716049383,,,,,4.874559577102522,0.26375404530744334,,,,0.0,,,,55.42,
KEI,2026-10-03,Capital Goods,,43039.0,43.2,,2.4744506283821344,3.4869156606983713,6.459110473457676,,14.7,11.132201875837428,20.0,,11.0,8.077452807259174,17.458420671034112,,20.10207964492734,,15.055424441441945,0.03795948987246812,,,,0.1,,,,35.0,
KELLTONTEC,2026-10-03,,,660.0,7.23,,0.744359767663716,0.5335489086499596,0.8157894736842106,,13.6,8.060230292294065,14.7,,11.0,7.3565076798706555,9.713045108136932,,3.451942432101407,,7.962283225566558,0.27137546468401486,,,,0.0,,,,36.02,
KENNAMET,2026-10-03,,,9401.0,80.3,,1.5689835686570832,9.20763956904995,14.551020408163266,,18.4,14.096385542168674,24.6,,18.0,11.459353574926542,51.17963094331828,,,,13.138966794082885,-0.0,,,,0.94,,,,75.0,
KERNEX,2026-10-03,,,2762.0,14.5,,,3.145785876993166,11.108108108108109,,43.5,20.783460282916213,47.8,,34.0,21.753986332574033,,,,,252.76718003081328,0.6532258064516129,,,,0.0,,,,28.73,
KEYFINSERV,2026-10-03,,,136.0,23.3,,,4.485488126649076,0.9384615384615385,,4.87,3.566047212456052,6.9,,38.89,18.733509234828492,-35.568062046774486,,-14.925357931606042,,-14.918895258175324,0.028636646607179912,,,,0.41,,,,71.87,
KFINTECH,2026-10-03,Financial Services,,14383.0,41.0,,3.6526403322917975,10.392341040462428,8.577319587628866,,21.6,12.346570397111915,29.2,,39.0,24.710982658959537,11.224756962116533,,17.421686589295106,,18.203596437218984,0.032855436081242535,,,,1.44,,,,22.82,
KHAICHEM,2026-10-03,,,477.0,8.2,,,0.48279352226720645,1.6400000000000001,,25.4,7.906295754026354,18.5,,11.0,5.465587044534413,,,-7.443213346365452,,22.611362446148185,1.0515463917525774,,,,0.1,,,,72.65,
KHAITANLTD,2026-10-03,,,69.9,10.1,,,0.5637096774193548,2.0821529745042495,,18.0,8.974358974358974,,,7.0,5.64516129032258,,,,,33.599894085535674,0.14705882352941177,,,,0.0,,,,60.24,
KHANDSE,2026-10-03,,,25.6,,,,2.83499446290144,0.9230769230769231,,-4.49,-1.5032035485460817,-3.46,,-18.6,-6.755260243632337,,,,,1.2487101430441294,0.11067051189617878,,,,0.0,,,,48.78,
KICL,2026-10-03,,,2051.0,50.5,,,26.294871794871796,0.1798428817781184,,0.37,0.32974103265240473,0.49,,63.0,52.56410256410257,-16.602280706029436,,-6.600717138554913,,5.197786066575727,0.0,,,,0.21,,,,74.98,
KIMS,2026-10-03,Healthcare,,30923.0,148.0,,,7.3416429249762585,13.096085409252668,,11.3,2.522428812898193,9.5,,20.0,4.605887939221272,-13.304499424619342,,-9.503119212184474,,19.023296974348945,1.892745883400089,,,,0.0,,,,32.49,
KINGFA,2026-10-03,,,8926.0,39.6,,2.19123535812036,4.017101710171017,6.3756050338818975,,17.4,12.884834663625996,23.2,,14.0,10.171017101710172,18.071997539309905,,45.78362013724882,,14.300213374239679,0.010714285714285714,,,,0.3,,,,67.02,
KIOCL,2026-10-03,,,19682.0,506.0,,,28.901615271659324,11.328671328671328,,0.92,1.6504443504020312,1.35,,-1.8,5.726872246696035,,,-33.922632729499824,,-28.38360420306545,0.11059907834101383,,,,0.0,,,,99.03,
KIRANVYPAR,2026-10-03,,,489.0,70.8,,,,0.21909424724602203,,0.05,0.20768431983385255,1.59,,,,-49.033288658468486,,-43.351786288386265,,,,,,,0.56,,,,74.95,
KIRIINDUS,2026-10-03,,,3549.0,4.41,,0.018714869026981395,3.7357894736842105,0.5083955223880597,,-9.09,83.06577638869157,3.4,,-20.0,615.4736842105264,235.64151016189658,,66.86470215714237,,0.03511236243600724,0.006525792417650715,,,,0.0,,,,41.71,
KIRLFER,2026-10-03,,,7694.0,20.0,,,1.1051422005170928,1.9914529914529915,,14.5,5.296706632265898,13.4,,12.0,5.0129273197357085,-0.28155944415634293,,-3.2683200521006706,,4.2430607118585595,0.26825479026411186,,,,1.29,,,,50.78,
KIRLOSBROS,2026-10-03,Capital Goods,,14036.0,34.7,,14.692996903162431,3.009433962264151,5.703225806451613,,17.3,8.55457227138643,20.4,,12.0,8.08319039451115,2.3616693196560457,,31.671940758385333,,5.243834616286902,0.10146103896103896,,,,0.4,,,,65.95,
KIRLOSENG,2026-10-03,Capital Goods,,32646.0,57.3,,7.93639449409078,4.113140985258914,9.008032128514056,,17.5,4.932694080767104,14.6,,18.0,6.740582083910797,7.2199031994520935,,25.495104630577448,,10.403761618437368,1.4845303867403314,,,,0.31,,,,41.06,
KIRLOSIND,2026-10-03,,,3650.0,11.9,,1.227210274160035,0.5218012866333095,0.583655624684715,,3.77,3.0453378956372967,7.01,,12.0,5.089349535382416,9.696789743831769,,6.1244135922861265,,3.0290640535986846,0.17808,,,,0.37,,,,71.87,
KIRLPNU,2026-10-03,Capital Goods,,8860.0,33.7,,0.3663390921731961,4.900442477876106,7.096774193548388,,22.6,14.911781445645989,29.6,,19.0,14.491150442477876,91.99127453225077,,48.107971425046195,,52.578572690943574,0.0024019215372297837,,,,0.88,,,,38.81,
KISSHT,2026-10-03,,,6579.0,20.8,,,2.9782707107288364,,,24.0,7.044372023063425,22.7,,33.0,12.720688094160254,-25.230967259931404,,,,30.23625676689217,1.8086373790022339,,,,0.0,,,,23.57,
KITEX,2026-10-03,Textiles,,2328.0,,,,3.7011128775834656,2.2674418604651163,,-3.22,-1.6436554898093358,1.59,,0.7,-7.94912559618442,,,,,0.6441401431270588,1.1640776699029127,,,,0.43,,,,56.66,
KJMCFIN,2026-10-03,,,27.9,11.7,,0.28971560890599796,,0.27942583732057413,,1.24,1.8598549158820805,2.56,,,,40.384430939639905,,,,,,,,,1.71,,,,74.4,
KKCL,2026-10-03,,,2931.0,19.8,,,2.3298887122416536,3.051282051282051,,14.7,10.754843019372078,17.2,,20.0,12.798092209856915,-1.3241222786434026,,12.63449726742083,,13.516954201699694,0.13646055437100213,,,,0.84,,,,74.29,
KLBRENG-B,2026-10-03,,,2934.0,33.4,,2.9264354488671276,4.755267423014587,4.225806451612903,,17.1,9.843400447427292,23.2,,22.0,14.26256077795786,11.413202369773678,,,,23.31893213771028,0.13761467889908258,,,,0.57,,,,44.54,
KMCSHIL,2026-10-03,,,2804.0,50.3,,2.234576023937962,8.471299093655588,13.333333333333332,,24.9,16.867469879518072,26.2,,30.0,16.91842900302115,22.50986292753514,,18.55903344486405,,23.202137434611814,0.4,,,,0.0,,,,75.0,
KMEW,2026-10-03,,,7483.0,57.8,,1.0356132755093368,23.1671826625387,12.660944206008583,,20.0,15.975609756097562,16.3,,47.0,40.55727554179567,55.81233976705515,,40.023101242366785,,25.348620303116576,0.3894736842105263,,,,0.0,,,,49.99,
KMSUGAR,2026-10-03,,,255.0,5.3,,0.2691366970053982,0.3984375,0.6502347417840375,,13.8,6.4,13.0,,12.0,7.5,19.69259509747827,,3.006594546201158,,-0.8700543331723876,0.639386189258312,,,,0.0,,,,56.51,
KNACK,2026-10-03,,,2211.0,21.4,,,2.686512758201701,,,43.6,20.71269487750557,35.3,,18.0,11.300121506682867,-40.65792443896886,,,,16.91337617266622,0.8744186046511628,,,,0.0,,,,70.59,
KNAGRI,2026-10-03,,,501.0,14.1,,2.974177336948852,0.25758354755784063,1.2987012987012987,,8.86,8.294930875576037,13.6,,2.8,1.8508997429305913,4.740806751780613,,-5.448260074440647,,4.775240412968684,0.08831168831168831,,,,0.0,,,,68.86,
KNRCON,2026-10-03,Construction,,3186.0,9.32,,,1.1919191919191918,0.6384180790960452,,8.7,4.8510219157842895,10.4,,23.0,14.739992517770295,-20.22994758018928,,0.6541255568490723,,-15.492012482787576,0.4915526950925181,,,,0.22,,,,48.81,
KOHINOOR,2026-10-03,,,111.0,,,,0.6894409937888198,-1.1857707509881423,,,92.3913043478261,-1.46,,-3.6,52.79503105590062,,,,,19.22502538679385,-1.574468085106383,,,,0.0,,,,37.67,
KOKUYOCMLN,2026-10-03,,,750.0,49.5,,1.1516562201089275,1.0885341074020318,3.0161290322580645,,6.22,2.7027027027027026,8.56,,7.0,2.1770682148040637,42.98157656398376,,,,3.9162860952493217,0.6947791164658634,,,,0.4,,,,74.99,
KOLTEPATIL,2026-10-03,,,3714.0,29.9,,,2.3625954198473282,3.0808823529411766,,-4.36,1.6540955405584226,-0.32,,10.0,7.951653944020356,,,6.053826948680929,,4.665855840539956,0.980115990057995,,,,0.0,,,,73.81,
KOPRAN,2026-10-03,,,1363.0,54.5,,,1.947142857142857,2.5636363636363635,,4.91,2.753303964757709,6.65,,9.0,3.571428571428571,-21.15909681692767,,-16.366704368991634,,4.409730493605091,0.28867924528301886,,,,1.06,,,,44.43,
KOTAKBANK,2026-10-03,Financial Services,,416170.0,20.8,,5.699030255267995,,2.2967032967032965,,11.4,2.0228174929461518,6.98,,,,3.6497437403097077,,10.865539780473,,,,,,,0.16,,,,25.87,
KOTHARIPET,2026-10-03,,,745.0,78.7,,3.561417976284981,3.5141509433962264,10.948275862068966,,14.2,8.928571428571429,18.0,,7.0,4.716981132075472,22.097939788043153,,,,-3.647607056370039,0.2647058823529412,,,,0.79,,,,72.22,
KOTHARIPRO,2026-10-03,,,381.0,38.8,,,0.36954413191076624,0.3288659793814433,,1.9,1.4253563390847712,2.63,,-6.0,1.842870999030068,-14.501202666165158,,6.686326632682782,,1.2936757322426384,0.08549222797927461,,,,0.0,,,,74.99,
KOTIC,2026-10-03,,,1589.0,,,,8.065989847715736,6.869158878504673,,-35.0,-27.652733118971064,-28.9,,-34.0,-43.65482233502538,,,,,141.4234194381944,0.2510822510822511,,,,0.0,,,,47.32,
KOVAI,2026-10-03,,,6557.0,113.0,,7.740936609187051,11.076013513513514,22.704545454545453,,22.2,9.570957095709572,24.1,,22.0,9.797297297297296,14.597716749920163,,23.199776599040554,,13.771080993611395,0.698961937716263,,,,0.25,,,,56.53,
KPEL,2026-10-03,,,1478.0,8.12,,0.177629841362294,0.8224819143016138,2.8165374677002584,,43.4,6.763285024154589,39.2,,18.0,10.127991096271565,45.71303975573811,,58.07064480895452,,56.25804629476809,0.8435114503816794,,,,0.41,,,,45.31,
KPIGREEN,2026-10-03,Power,,6832.0,15.0,,0.40106609018501765,2.4513814137064944,2.2467532467532467,,16.9,4.9888686500708355,13.7,,36.0,17.689271618227483,37.400319715586726,,54.1998042514938,,39.61936892926514,1.7129202373104813,,,,0.26,,,,49.41,
KPIL,2026-10-03,Construction,,23164.0,20.8,,0.729851304787678,0.8460189919649379,2.9802197802197803,,13.7,4.075518013139845,18.3,,8.0,4.123447772096421,28.498955696257823,,12.903968401515531,,11.73791152246013,0.4556327160493827,,,,0.81,,,,33.58,
KPITTECH,2026-10-03,Information Technology,,13488.0,21.6,,,2.04642694583523,3.813953488372093,,20.9,8.1730094087909,26.3,,18.0,8.830223031406463,-0.6808194999756823,,16.271101521949817,,10.598187736614095,0.23665631177633437,,,,1.52,,,,38.59,
KPL,2026-10-03,,,3698.0,45.3,,0.8980489506563882,6.675090252707581,11.1375,,22.6,13.682432432432432,24.1,,24.0,14.620938628158845,50.44268462970756,,-7.547276137902892,,21.746680784584306,0.39274924471299094,,,,0.0,,,,54.86,
KPRMILL,2026-10-03,Textiles,,36608.0,40.1,,9.44505693509745,5.367741935483871,6.413173652694611,,15.7,13.346992536221281,19.6,,20.0,13.372434017595308,4.245607017040842,,1.7519921682789485,,4.016902493610641,0.10461646480603827,,,,0.47,,,,67.52,
KRBL,2026-10-03,Fast Moving Consumer Goods,,8604.0,11.4,,1.3617358757239402,1.4318522216674987,1.4803149606299213,,11.7,11.488329796908154,15.2,,17.0,12.614411715759694,8.371667518812643,,11.159945329208876,,3.7223064367847503,0.029275012915446874,,,,1.2,,,,60.17,
KREBSBIO,2026-10-03,,,147.0,,,,5.88,-0.9006622516556292,,,-8.588957055214724,-15.4,,-10.0,-56.00000000000001,,,,,-20.62994740159002,-1.3888888888888888,,,,0.0,,,,72.74,
KRISHANA,2026-10-03,,,5706.0,29.0,,0.41830181270492794,2.2332681017612526,10.22099447513812,,38.2,12.004875076173064,27.2,,13.0,7.710371819960861,69.32793289245613,,45.06558182673173,,40.40947036135405,1.3065953654188949,,,,0.05,,,,72.93,
KRISHIVAL,2026-10-03,,,1120.0,50.9,,1.5417308819731252,3.3734939759036147,5.23936170212766,,13.1,9.2,16.2,,10.0,6.927710843373494,33.01484104337171,,42.53714694357327,,47.71806826332225,0.1875,,,,0.09,,,,37.23,
KRISHNADEF,2026-10-03,,,1496.0,34.6,,0.5826472919523674,6.3931623931623935,7.7,,25.4,19.81566820276498,30.7,,23.0,18.37606837606838,59.384125658698885,,,,30.207698948691196,0.010309278350515464,,,,0.12,,,,59.9,
KRITI,2026-10-03,,,320.0,,,,0.5970149253731343,1.4407582938388623,,1.32,-1.6563146997929608,6.97,,4.7,-1.4925373134328357,,,,,-14.811318330882006,0.4099099099099099,,,,0.0,,,,69.08,
KRITIKA,2026-10-03,,,131.0,16.6,,,0.20184899845916796,1.2955145118733509,,7.72,3.389830508474576,8.91,,2.0,0.9244992295839755,-14.941925943401968,,9.856054330611785,,14.530278468404134,0.5445544554455446,,,,0.0,,,,63.32,
KRITINUT,2026-10-03,,,333.0,10.0,,,0.35425531914893615,1.4551422319474836,,15.1,12.087912087912088,20.0,,4.7,3.5106382978723407,-9.68318798117227,,,,11.179295381557308,0.039301310043668124,,,,0.0,,,,66.69,
KRN,2026-10-03,Capital Goods,,9260.0,95.5,,4.42958696784182,12.564450474898235,15.313852813852813,,14.3,10.407725321888412,16.1,,20.0,13.161465400271371,21.559572188855668,,,,33.89870316134904,0.32578397212543553,,,,0.0,,,,65.69,
KROSS,2026-10-03,,,1667.0,28.8,,11.148558134710141,2.3217270194986073,3.399209486166008,,12.0,9.090909090909092,16.4,,13.0,8.07799442896936,2.583293700584788,,-0.08904733629488959,,5.013286788117433,0.11020408163265306,,,,0.0,,,,68.57,
KRSNAA,2026-10-03,,,1800.0,18.5,,0.9483452766338164,2.208588957055215,1.8377483443708609,,10.9,5.332600329851567,12.7,,27.0,11.901840490797547,19.507662932288095,,6.642031724192865,,9.5440112493004,0.5448979591836735,,,,0.36,,,,27.11,
KRYSTAL,2026-10-03,,,853.0,13.0,,0.5433807464891691,0.6486692015209126,1.7086834733893557,,13.8,7.719714964370546,16.2,,6.0,4.942965779467681,23.924292651136692,,0.5080812248378086,,8.765614790008303,0.24048096192384769,,,,0.25,,,,69.96,
KSB,2026-10-03,Capital Goods,,14035.0,53.6,,9.661739790377593,5.148569332355099,8.266666666666667,,18.4,8.732694355697552,24.7,,13.0,9.024211298606016,5.547655097623494,,10.435008765929886,,6.653290675488588,0.0035335689045936395,,,,0.55,,,,69.8,
KSCL,2026-10-03,Fast Moving Consumer Goods,,3678.0,14.7,,,2.875684128225176,2.090643274853801,,15.0,9.041394335511981,15.8,,23.0,19.468334636434715,-5.8186897249036695,,5.899113408043544,,3.727833930585378,0.0,,,,0.7,,,,60.5,
KSE,2026-10-03,,,559.0,12.1,,0.3172108195007281,0.32537834691501744,1.6055045871559632,,25.9,11.08433734939759,33.6,,3.5,2.6775320139697323,38.144978847331615,,47.88455820135336,,0.6884559822114111,0.07163323782234957,,,,7.15,,,,22.95,
KSHINTL,2026-10-03,,,6967.0,53.2,,,1.876885775862069,8.638655462184873,,20.1,9.82615268329554,21.5,,6.0,3.5021551724137927,-68.79181768086733,,-47.78506235955544,,38.9724122024441,0.3972772277227723,,,,0.0,,,,74.58,
KSHITIJPOL,2026-10-03,,,97.2,25.0,,2.1819563424864845,1.944,1.3493150684931507,,7.76,4.227569147740049,8.07,,12.52,7.519999999999999,11.457607795906144,,43.096908110525554,,-5.559407296434937,0.2978588421887391,,,,0.0,,,,0.0,
KSL,2026-10-03,,,3986.0,14.8,,7.21402993765486,2.134975897161221,1.8941908713692945,,13.2,8.811748998664887,14.8,,20.0,14.140332083556508,2.0515578848306237,,6.800710266204013,,-1.5905901686171564,0.22565320665083136,,,,1.1,,,,64.7,
KSOLVES,2026-10-03,,,572.0,15.4,,5.520062459851602,3.4457831325301207,19.43548387096774,,137.0,59.67741935483871,131.0,,31.0,22.289156626506024,2.789823505079325,,18.491693859513305,,15.051918077722126,0.2,,,,4.56,,,,58.92,
KSR,2026-10-03,,,68.7,,,,0.3435,0.9099756690997566,,-16.8,-4.395604395604396,-10.6,,-1.7,-4.0,,,,,,0.4533333333333333,,,,0.0,,,,60.94,
KTKBANK,2026-10-03,Financial Services,,12169.0,8.47,,2.6948293778667716,,0.92,,10.4,1.1108963704534034,6.06,,,,3.143056131703914,,18.40835208161524,,,,,,,1.55,,,,,
KUANTUM,2026-10-03,,,669.0,18.5,,,0.5698466780238501,0.5439716312056738,,3.45,1.5006252605252188,5.24,,14.0,3.0664395229982966,-41.91082988508806,,21.810819831041563,,-1.0289940283952137,0.7078925956061839,,,,3.26,,,,70.31,
KUSUMGAR,2026-10-03,,,6221.0,46.3,,,8.989884393063583,,,25.9,10.828729281767956,23.8,,27.0,14.16184971098266,-82.70246740012308,,,,31.83570638054245,0.5788423153692615,,,,0.0,,,,75.01,
KWIL,2026-10-03,,,9013.0,,,,4.721320062860136,13.426573426573427,,-1.01,-6700.0,,,-5.0,-17.54845468831849,,,,,,0.0,,,,0.0,,,,61.91,
LADDERUP,2026-10-03,,,53.3,9.38,,,,0.7473997028231798,,5.12,6.285161744022504,9.01,,,,,,23.796165180455752,,,,,,,0.0,,,,68.91,
LAGNAM,2026-10-03,,,127.0,6.94,,0.8760885551276086,0.20126782884310618,0.9386422976501307,,11.2,3.146853146853147,10.1,,11.0,2.8526148969889067,7.9215736347441945,,-8.647964146663512,,13.027114561852994,2.6323529411764706,,,,0.0,,,,68.5,
LAHOTIOV,2026-10-03,,,115.0,7.23,,0.7569838704791529,0.2979274611398964,0.5317997293640053,,6.9,6.106870229007633,7.95,,1.5,4.145077720207254,9.551062158594714,,-7.732498605282901,,-7.518295059880476,0.14814814814814814,,,,0.51,,,,59.8,
LAKSHMIMIL,2026-10-03,,,544.0,55.7,,,2.2113821138211383,0.763671875,,-2.0,1.1135857461024499,2.09,,13.0,4.0650406504065035,,,-16.803251433190802,,-0.9309050923086648,0.11376404494382023,,,,0.13,,,,65.93,
LAL,2026-10-03,,,146.0,26.2,,,1.8193146417445483,2.8073089700996676,,5.66,6.3354603463992705,10.7,,10.59,6.92834890965732,-2.000538994071077,,100.0,,13.5866263068535,0.3857389967326542,,,,0.0,,,,56.17,
LALITHAA,2026-10-03,,,21708.0,22.7,,,0.8674872122762148,,,41.7,9.227957971676565,38.6,,7.0,4.036125319693094,,,,,,0.6979522184300341,,,,0.0,,,,82.85,
LALPATHLAB,2026-10-03,Healthcare,,33655.0,59.9,,4.069217191272245,11.641300588031823,13.366666666666667,,22.3,17.388535031847134,28.0,,29.0,18.886198547215496,14.720275960810092,,9.344238647204751,,9.087743456480268,0.07931446791550419,,,,0.7,,,,53.19,
LAMBODHARA,2026-10-03,,,134.0,10.8,,0.2756653602791783,0.575107296137339,1.0403225806451613,,7.87,6.185567010309279,11.7,,11.0,5.150214592274678,39.177936571582194,,-4.728092335130219,,6.114264905153077,0.3046875,,,,0.39,,,,73.17,
LANCER,2026-10-03,,,411.0,26.5,,,0.9809069212410502,0.5555555555555556,,0.19,1.7878426698450536,1.36,,0.2,3.579952267303103,-44.75290778059752,,-23.110029446100246,,-12.849455605827254,0.042796005706134094,,,,0.0,,,,35.07,
LANCORHOL,2026-10-03,,,232.0,4.03,,0.043907317522809734,1.7185185185185186,0.9723076923076923,,18.7,13.647058823529413,20.5,,1.6,42.96296296296296,91.78424525493789,,,,-0.729953030699193,0.44583333333333336,,,,0.63,,,,51.32,
LANDMARK,2026-10-03,,,1921.0,40.8,,,0.37395366945688147,3.2836879432624113,,6.86,2.2738756947953513,9.26,,5.0,0.8759976640062294,-7.191048943779421,,-9.524216321018953,,16.03595625035965,1.4974358974358974,,,,0.32,,,,49.93,
LANDSMILL,2026-10-03,,,148.0,75.2,,2.8931862206010304,98.01324503311258,0.8467741935483871,,0.55,1.1049413876269,0.61,,-268.87,130.46357615894038,25.99210498948732,,,,-16.352606282624784,0.00444824636441403,,,,0.0,,,,14.2,
LAOPALA,2026-10-03,,,1733.0,18.3,,,5.501587301587302,2.1109607577807847,,10.2,10.391061452513966,14.2,,37.0,29.523809523809526,-10.002824614110306,,1.2878717066848067,,-4.792192714538657,0.01097560975609756,,,,3.2,,,,66.28,
LASA,2026-10-03,,,28.1,,,,4.683333333333334,0.5656565656565656,,-19.7,-25.37313432835821,-18.2,,-130.0,-283.33333333333337,,,,,-61.35980551127863,0.2,,,,0.0,,,,53.65,
LASERPOWER,2026-10-03,,,3688.0,33.6,,,1.5855546001719691,,,16.8,5.775075987841945,20.5,,13.0,6.534823731728288,-66.14094584849425,,,,20.96826405598151,1.199724517906336,,,,0.0,,,,75.3,
LATENTVIEW,2026-10-03,Information Technology,,4856.0,24.8,,3.510322309492877,4.370837083708371,2.759433962264151,,11.9,9.55352856457033,15.8,,22.0,17.911791179117913,7.064878325541213,,7.904574891489791,,20.120927383547226,0.01879271070615034,,,,0.0,,,,65.1,
LATTEYS,2026-10-03,,,120.0,33.2,,0.847525101357752,1.0256410256410255,5.036144578313253,,16.4,4.819277108433735,16.3,,6.0,3.418803418803419,39.172881070794176,,,,30.207698948691196,0.9166666666666666,,,,0.0,,,,74.37,
LAURUSLABS,2026-10-03,Healthcare,,107198.0,98.0,,1.0964565870055103,14.74525447042641,20.20366598778004,,18.3,10.379602321377604,17.8,,28.0,15.006877579092158,89.37882371398211,,5.618004403862731,,12.981127497740585,0.4750943396226415,,,,0.1,,,,27.47,
LAXMICOT,2026-10-03,,,22.8,,,,0.19322033898305085,0.37464788732394366,,-3.09,-2.6785714285714284,1.85,,-0.5,-2.5423728813559325,,,,,-6.4221265333084805,0.7049180327868853,,,,0.0,,,,58.63,
LAXMIDENTL,2026-10-03,,,1067.0,30.7,,,3.7177700348432055,4.379232505643341,,14.8,10.437710437710438,15.0,,16.0,10.801393728222997,-80.89751653534269,,,,13.944505751582547,0.053497942386831275,,,,0.0,,,,41.8,
LAXMIINDIA,2026-10-03,,,624.0,11.0,,,,1.3370786516853932,,13.8,3.1353135313531353,12.7,,,,,,,,,,,,,0.0,,,,60.17,
LCCINFOTEC,2026-10-03,,,65.8,,,,,43.333333333333336,,-1.89,-760.0,-1.61,,-5580.0,,,,,,,2.0,,,,0.0,,,,34.43,
LCL,2026-10-03,,,5849.0,23.6,,,3.406523005241701,,,44.6,14.800613496932517,43.8,,19.0,11.24053581828771,,,,,,0.33524904214559387,,,,0.0,,,,68.66,
LEAPIND,2026-10-03,,,6037.0,104.0,,1.4383719647198152,8.26986301369863,,,8.09,2.5822573927530197,8.34,,49.0,8.493150684931507,72.30396764598959,,,,42.36419595452831,2.1230101302460205,,,,0.0,,,,55.64,
LEENEE,2026-10-03,,,42.3,111.0,,,3.343873517786561,0.7368932038834951,,0.56,0.6398383566256945,1.02,,-2.53,3.0039525691699605,-3.850028646172776,,9.856054330611762,,14.037362646454099,0.0019227407795839888,,,,0.0,,,,69.92,
LEMERITE,2026-10-03,,,241.0,86.5,,5.648737546126471,0.7151335311572701,1.787037037037037,,9.33,1.1583011583011582,9.95,,-0.6,0.8902077151335311,15.313156133323268,,-37.797738236060454,,-10.36835867171253,0.6666666666666666,,,,0.0,,,,59.65,
LEMONTREE,2026-10-03,Consumer Services,,8530.0,33.3,,2.0130282372727426,5.790902919212492,6.136363636363636,,19.2,6.987104337631887,14.1,,47.0,20.23082145281738,16.542241873921725,,,,11.208442569975062,1.4396551724137931,,,,0.0,,,,22.32,
LENSKART,2026-10-03,Consumer Services,,120212.0,183.0,,,12.477890803404609,13.737574552683897,,6.33,4.68936468936469,8.08,,21.0,6.933776209258875,,,,,21.075313154104293,0.35442893110551615,,,,0.0,,,,17.53,
LEXUS,2026-10-03,,,22.0,,,,0.4640371229698376,1.2086659064994298,,9.2,-2.0510942221408297,6.98,,-16.22,-4.724741615692893,,,,,-26.166433981623893,3.0509868421052633,,,,0.0,,,,52.91,
LFIC,2026-10-03,,,40.2,29.3,,,3.3388704318936884,0.7015706806282722,,-1.22,2.29020394516884,-2.1,,11.21,11.378737541528242,-49.0360446670506,,-24.78831162835754,,-6.774248592263577,0.0,,,,1.87,,,,47.0,
LGBBROSLTD,2026-10-03,,,5457.0,17.1,,3.444960929539314,1.6963009014609884,2.5348148148148146,,15.5,10.651085141903172,19.6,,15.0,9.916070873484612,4.963771824920737,,5.030445856703092,,11.09836928813528,0.10724233983286909,,,,1.29,,,,34.84,
LGEINDIA,2026-10-03,Consumer Durables,,116871.0,64.0,,,4.569736070381231,15.238938053097344,,24.7,13.383690231739513,32.3,,10.0,7.1358748778103624,,,,,6.2002878475684975,0.059874771719279934,,,,0.0,,,,85.0,
LGHL,2026-10-03,,,1099.0,93.5,,,12.488636363636363,16.846153846153847,,19.1,6.077348066298343,17.0,,26.0,12.5,,,,,,1.5692307692307692,,,,0.0,,,,74.97,
LIBAS,2026-10-03,,,29.7,15.6,,,0.4092600248036379,0.34984520123839014,,2.91,1.6687159669769893,3.97,,2.32,2.6181617748380877,-28.623414449639185,,-26.2497135780978,,-0.7777841455368084,0.15531015037593984,,,,0.0,,,,31.93,
LIBERTSHOE,2026-10-03,,,369.0,54.9,,,0.7424547283702213,2.2794117647058822,,4.23,1.4084507042253522,8.81,,8.0,1.2072434607645874,-21.62733707618216,,7.849870727612407,,0.887418395255013,0.8827160493827161,,,,0.0,,,,59.34,
LICHSGFIN,2026-10-03,Financial Services,,27998.0,4.88,,0.76136731751375,,0.6759628154050464,,14.4,1.764689603429137,8.59,,,,6.409521249133299,,20.21748437626625,,,,,,,1.96,,,,45.24,
LICI,2026-10-03,Financial Services,,495690.0,8.25,,0.6038019916023014,0.4986379475458913,2.8,,37.8,1.0095727433683066,35.1,,4.7,6.041215667023443,13.663419655352715,,70.87436509469075,,5.525473006682624,0.0,,,,2.55,,,,96.5,
LIKHITHA,2026-10-03,,,890.0,27.2,,,2.124105011933174,2.173076923076923,,9.99,6.911447084233262,13.7,,12.0,7.637231503579953,-20.66187421621669,,-6.585246681125712,,-0.23753058571401864,0.0,,,,0.0,,,,70.25,
LINC,2026-10-03,,,515.0,16.3,,,0.944954128440367,1.9976905311778292,,13.2,8.96358543417367,19.1,,11.0,5.871559633027523,-2.736223356940648,,,,2.371153452078789,0.10465116279069768,,,,1.73,,,,61.02,
LINCOLN,2026-10-03,,,1166.0,12.1,,10.821710666324902,1.680115273775216,1.5396825396825398,,12.3,10.786516853932584,16.3,,15.0,13.8328530259366,1.1181226677638767,,6.818579260048763,,6.103028305538638,0.005277044854881266,,,,0.31,,,,49.78,
LINDEINDIA,2026-10-03,Chemicals,,53279.0,97.5,,12.238484542894575,20.074981160512433,12.496,,13.6,9.400826446280993,18.2,,34.0,20.57272042200452,7.966672643028061,,1.498073507556108,,-1.403994374034645,0.018518518518518517,,,,0.06,,,,75.0,
LKPSEC,2026-10-03,,,120.0,16.5,,,1.1320754716981132,1.186991869918699,,10.5,2.3890784982935154,13.5,,22.0,6.60377358490566,-9.057769140044803,,-13.335340825699205,,3.001775353652625,0.7425742574257426,,,,1.37,,,,72.07,
LLOYDSENGG,2026-10-03,Capital Goods,,15248.0,68.2,,,9.464928615766604,8.191666666666666,,15.1,9.978858350951374,16.1,,14.0,14.649286157666047,,,,,,0.06523040095751047,,,,0.25,,,,40.0,
LLOYDSENT,2026-10-03,Metals & Mining,,11917.0,104.0,,,5.994466800804829,2.815884476534296,,0.33,3.871866295264624,3.67,,9.0,13.98390342052314,-0.8734070556583484,,-5.401290088240229,,27.55092828874377,0.19261404779145547,,,,0.19,,,,62.72,
LLOYDSME,2026-10-03,Metals & Mining,,100043.0,21.0,,0.4056352741528316,4.5301122984966495,7.223577235772358,,36.6,11.815126050420167,27.3,,37.0,22.283100887520376,51.77064554816751,,100.71457255419558,,50.16393765647356,1.4934755965683801,,,,0.06,,,,61.63,
LMW,2026-10-03,,,17678.0,96.8,,,5.239478363959692,6.16772269847186,,4.05,4.1060534960112625,5.58,,6.0,5.186721991701245,-22.373662546340768,,-0.7013365357492085,,-10.434862560579127,0.0,,,,0.21,,,,30.8,
LODHA,2026-10-03,Realty,,110492.0,26.8,,0.697966233349374,6.0773334800066,4.746781115879829,,15.5,7.036468984321745,16.4,,32.0,22.710521973488806,38.3972729904041,,27.021583540160044,,20.791250619056314,0.42497638065790605,,,,0.38,,,,70.31,
LOKESHMACH,2026-10-03,,,874.0,198.0,,,4.046296296296297,3.517543859649123,,1.76,0.8064516129032258,6.38,,18.0,1.8518518518518516,-33.62761367264228,,-9.20892625004135,,-9.663753068671621,0.7412280701754386,,,,0.0,,,,49.17,
LORDSCHLO,2026-10-03,,,398.0,12.1,,,1.005050505050505,1.6430260047281324,,12.1,6.8893528183716075,13.1,,17.0,8.333333333333332,,,-1.0506867488219607,,21.460287305577474,0.7160493827160493,,,,0.0,,,,74.96,
LOTUSCHO,2026-10-03,,,694.0,64.6,,,2.260586319218241,17.704918032786885,,4.42,15.714285714285714,,,4.5,3.5830618892508146,,,,,,0.1282051282051282,,,,0.0,,,,72.07,
LOTUSDEV,2026-10-03,Realty,,11244.0,43.8,,,13.385714285714286,5.88235294117647,,16.7,11.186729051467461,21.2,,36.0,31.30952380952381,,,,,22.855242834597878,0.0685504971219257,,,,0.22,,,,81.87,
LOTUSEYE,2026-10-03,,,241.0,1504.0,,,4.208871812783793,4.013840830449827,,0.13,0.18159806295399517,1.41,,8.49,0.2619629758994062,-63.159685013596125,,-45.304398779661135,,5.909463602898413,0.26321915530428996,,,,0.0,,,,40.14,
LOVABLE,2026-10-03,,,101.0,13.0,,,2.622014537902388,0.5598360655737704,,0.96,1.5945905031033965,-0.31,,-3.04,8.203530633437175,-9.67098934667333,,-11.211144123452033,,-15.463163850400118,0.015098722415795586,,,,0.0,,,,63.96,
LOYALTEX,2026-10-03,,,100.0,,,,0.2638522427440633,0.491725768321513,,-25.8,-8.925318761384334,-3.47,,-4.2,-12.928759894459102,,,,,-26.097713991901884,1.0588235294117647,,,,0.0,,,,73.5,
LPDC,2026-10-03,,,83.3,9.85,,,5.09480122324159,2.0097087378640777,,3.66,19.6105702364395,4.86,,55.6,51.74311926605505,,,,,137.5304594389961,0.0,,,,0.0,,,,64.87,
LT,2026-10-03,Construction,,508173.0,28.8,,3.480253745377936,1.7514932600805826,4.651133501259446,,15.9,4.337917207322114,14.6,,12.0,6.763701285944227,8.27525867567811,,14.34185305400244,,9.478695283844928,1.1482935309726416,,,,1.03,,,,,
LTF,2026-10-03,Financial Services,,66255.0,20.7,,1.9000469927888968,,2.357142857142857,,11.2,2.2491982220221685,8.4,,,,10.89446738873361,,24.031367165201445,,,,,,,1.04,,,,65.96,
LTFOODS,2026-10-03,Fast Moving Consumer Goods,,13861.0,21.6,,8.415551011981028,1.191524112438752,3.0692307692307694,,14.7,7.0969172765579955,17.6,,11.0,5.50159030344709,2.5666768544624796,,15.070220207966889,,14.389539606760327,0.356115903561159,,,,0.75,,,,51.0,
LTM,2026-10-03,Information Technology,,118856.0,21.2,,4.744657899939664,2.6966761202495744,4.946913580246914,,23.1,13.989986001938192,29.6,,18.0,11.79126488939308,4.468183048617602,,-4.773232056999255,,7.461281477044723,0.09614984391259106,,,,1.87,,,,68.49,
LTTS,2026-10-03,Information Technology,,34667.0,25.8,,77.83362592666298,2.9975789018590575,5.3486088379705405,,21.5,12.603680045762228,26.7,,18.0,11.431041936878513,0.33147626996472557,,6.546342106296543,,6.230963265553813,0.08929399042175189,,,,1.77,,,,73.52,
LUMAXIND,2026-10-03,,,5189.0,25.8,,1.353609312401648,1.1569676700111482,5.65173116089613,,22.0,5.443959243085881,17.7,,10.0,4.1694537346711265,19.060152559252288,,35.70118430683693,,19.36695239480175,1.0610687022900764,,,,0.99,,,,75.0,
LUMAXTECH,2026-10-03,Automobile and Auto Components,,13488.0,40.7,,1.145474485208253,2.589861751152074,11.117977528089888,,26.4,9.678236635419307,21.2,,14.0,7.334869431643626,35.53112751577399,,36.10702728361357,,22.660478736634325,1.0165152766308836,,,,0.28,,,,55.98,
LUPIN,2026-10-03,Healthcare,,92885.0,15.6,,0.3690361394134096,3.0995762004872027,4.136456211812627,,28.7,14.551984480679495,29.9,,32.0,18.52370941368839,42.2722826680241,,,,14.408464959292466,0.2947255880256593,,,,0.89,,,,46.85,
LUXIND,2026-10-03,,,3284.0,30.9,,,1.119672690078418,1.7901639344262295,,5.94,3.4315312398834577,7.96,,6.0,3.614047050801227,-7.543334450499506,,-21.32791444598339,,8.066722395563254,0.33696837513631406,,,,0.18,,,,74.19,
LXCHEM,2026-10-03,Chemicals,,5041.0,40.1,,31.321775725605676,1.6146700832799488,2.527932960893855,,4.11,3.6595991867557363,4.72,,8.0,4.0358744394618835,1.2802594703217318,,-14.122791767967591,,2.9049084940862,0.27355163727959697,,,,0.17,,,,69.34,
M&M,2026-10-03,Automobile and Auto Components,,355649.0,18.6,,1.0390038903458498,1.6825499704316973,3.8184245660881175,,20.3,6.4049181468989485,15.1,,19.0,9.576818450620934,17.901761651545577,,22.927609377401794,,14.973670056669985,1.4708959472378271,,,,1.15,,,,18.44,
M&MFIN,2026-10-03,Financial Services,,44451.0,13.3,,0.7014829055535311,,1.6666666666666667,,12.3,2.0549154080835077,8.72,,,,18.95983479384311,,23.393564717944002,,,,,,,2.35,,,,52.49,
MAANALU,2026-10-03,,,596.0,784.0,,,14.136622390891842,20.644490644490645,,2.9,2.569303583502367,,,6.29,1.8026565464895636,,,,,,0.061879297173414824,,,,0.0,,,,55.82,
MACPOWER,2026-10-03,,,2146.0,,,,,,,,,,,,,,,,,,,,,,0.07,,,,73.22,
MADHAV,2026-10-03,,,30.9,,,,1.0101340307289963,0.25,,-1.41,-0.17496537143690313,-0.73,,-6.7,-0.7845701209545604,,,,,-8.4758873240947,0.06423204330613234,,,,0.0,,,,45.77,
MADHAVIPL,2026-10-03,,,197.0,7.52,,1.1336293012310594,0.39165009940357853,0.8222722159730033,,10.7,4.29042904290429,15.0,,11.0,5.168986083499006,6.63356177529435,,32.22455025952682,,3.023599106695918,0.6875,,,,0.0,,,,68.81,
MADRASFERT,2026-10-03,,,926.0,11.9,,0.08967820638787828,0.37919737919737917,10.070052539404553,,292.0,3.043291898842692,14.8,,4.0,2.9074529074529076,132.69667714505619,,-15.239089846378228,,3.104310993896675,6.891304347826087,,,,0.0,,,,85.27,
MAFATIND,2026-10-03,,,826.0,13.8,,,0.2311782815561153,1.0654205607476634,,12.1,3.314285714285714,12.8,,1.9,1.6232857542681218,-16.052172910051066,,14.841736221511571,,19.782353605126524,0.08300907911802853,,,,2.19,,,,69.3,
MAGADSUGAR,2026-10-03,,,721.0,14.0,,,0.5900163666121113,0.8192,,7.39,3.0357142857142856,7.75,,11.0,4.173486088379706,-24.016635093289985,,2.1020358477355394,,3.6624636520851572,0.7852272727272728,,,,2.44,,,,61.02,
MAGNUM,2026-10-03,,,127.0,,,,0.26849894291754756,0.18674698795180725,,-1.64,-0.08176614881439084,2.55,,16.0,-0.21141649048625794,,,,,,0.3889695210449927,,,,0.0,,,,55.21,
MAHABANK,2026-10-03,Financial Services,,61917.0,8.22,,0.42262256865453535,,1.7349137931034484,,22.6,1.7629266078868506,6.03,,,,19.449978798267352,,41.79012750769475,,,,,,,2.73,,,,73.6,
MAHAPEXLTD,2026-10-03,,,141.0,,,,70.5,0.3079754601226994,,-1.69,-5.037313432835821,-1.51,,-1629.0,-1350.0,,,,,-39.42931357226202,0.0,,,,0.0,,,,71.57,
MAHEPC,2026-10-03,,,269.0,24.3,,0.30972251898097236,0.8848684210526315,1.4546827794561932,,7.93,2.840909090909091,10.3,,6.0,3.289473684210526,78.45732392965866,,,,5.080975888004113,0.24324324324324326,,,,0.0,,,,54.18,
MAHLIFE,2026-10-03,,,7493.0,24.1,,0.4813428853113378,3.554554079696395,2.0647058823529414,,9.91,4.002411091018685,7.64,,1.3,15.749525616698293,50.068258481501935,,16.46799750808574,,115.03620249516726,0.18251998897160188,,,,1.0,,,,52.41,
MAHLOG,2026-10-03,,,4134.0,105.0,,,0.5603144483599891,3.5254237288135593,,0.32,1.5458937198067633,7.36,,6.0,0.6505828137706696,,,16.864429864198826,,10.24717790944667,0.5531914893617021,,,,0.6,,,,59.58,
MAHSCOOTER,2026-10-03,Financial Services,,14149.0,50.8,,4.305597044100789,48.95847750865052,0.5119933829611248,,1.06,0.9061089279334871,1.06,,99.0,96.53979238754326,11.798595985567761,,14.308752067535547,,9.026229570172184,0.0,,,,1.78,,,,51.0,
MAHSEAMLES,2026-10-03,Capital Goods,,9363.0,12.7,,,2.0266233766233768,1.3625730994152048,,10.7,9.52319421113839,14.3,,15.0,15.95238095238095,-8.142690377664042,,1.2876050916585502,,-5.09067637266829,0.0018906340895869691,,,,1.43,,,,70.28,
MAITHANALL,2026-10-03,,,2699.0,9.29,,,1.2975961538461538,0.6509831460674157,,0.54,6.109521863506334,7.67,,14.0,14.374999999999998,-5.925190983841199,,-18.701645908344766,,6.416143107980732,0.057163531114327065,,,,1.83,,,,74.96,
MAKERSL,2026-10-03,,,108.0,31.8,,,0.7297297297297297,1.4838709677419355,,3.17,6.58682634730539,9.28,,13.0,7.4324324324324325,,,-7.292028548213225,,12.480211777541573,0.1232876712328767,,,,0.0,,,,61.28,
MALLCOM,2026-10-03,,,584.0,21.8,,,1.1081593927893738,1.8333333333333333,,9.88,5.2734375,11.6,,11.0,5.1233396584440225,-9.6795382924575,,-3.88213988859073,,7.772884430696547,0.37735849056603776,,,,0.32,,,,73.68,
MALUPAPER,2026-10-03,,,53.0,,,,0.14560439560439561,-2.0805369127516777,,,-6.629834254143646,-8.73,,1.1,-3.296703296703297,,,,,9.930180301493907,-5.961538461538462,,,,0.0,,,,69.8,
MAMATA,2026-10-03,,,984.0,89.7,,,4.259740259740259,5.319148936170213,,9.64,3.3582089552238807,12.6,,6.0,3.896103896103896,-69.68369332195802,,-65.38224443192138,,-0.8511051047524365,0.043243243243243246,,,,0.13,,,,62.45,
MANAKALUCO,2026-10-03,,,221.0,25.0,,1.2647419044663535,0.3884007029876977,1.5576036866359446,,5.45,1.6333938294010888,10.2,,9.0,1.5817223198594026,19.766878848335878,,3.285650578684285,,9.61656109157143,1.6853146853146854,,,,0.15,,,,74.87,
MANAKCOAT,2026-10-03,,,1350.0,33.1,,0.9069630175327488,1.5050167224080269,3.8484848484848486,,11.0,5.430463576158941,17.8,,9.0,4.570791527313267,36.49542413542217,,23.808784136769123,,6.623657115960446,0.37249283667621774,,,,0.04,,,,57.78,
MANAKSIA,2026-10-03,,,390.0,6.21,,,0.468187274909964,0.5418181818181819,,6.97,7.424593967517401,9.83,,6.0,7.6830732292917165,-5.95628717851211,,-19.260257687584847,,5.869118354992886,0.04149377593360996,,,,0.0,,,,74.93,
MANAKSTEEL,2026-10-03,,,714.0,12.7,,0.4969844014271618,0.5753424657534246,2.193158953722334,,13.0,9.443507588532883,14.4,,8.0,4.512489927477841,25.554121947349117,,9.718133619035306,,22.14477387959384,0.46319018404907975,,,,0.0,,,,74.75,
MANALIPETC,2026-10-03,,,1344.0,11.3,,0.1021172083109829,1.265536723163842,1.0496644295302013,,4.38,11.278195488721805,7.25,,13.0,16.94915254237288,110.6571574654442,,-13.925326278360117,,0.9597515493877884,0.10694769711163153,,,,0.64,,,,44.87,
MANAPPURAM,2026-10-03,Financial Services,,29016.0,20.0,,,,1.8070175438596492,,6.97,1.938062474013868,8.25,,,,-14.84199763794537,,0.3416071492705841,,,,,,,0.65,,,,41.66,
MANBA,2026-10-03,,,698.0,14.3,,2.587612392896643,,1.7034313725490198,,11.6,2.47599797877716,12.5,,,,5.5263300018408845,,5.316054517544044,,,,,,,0.72,,,,74.98,
MANCREDIT,2026-10-03,,,462.0,66.1,,5.091424795296815,,4.451219512195122,,7.68,4.49438202247191,11.4,,,,12.98261344468048,,2.0545010061334246,,,,,,,0.34,,,,55.25,
MANGALAM,2026-10-03,,,46.1,,,,0.19870689655172413,0.44854070660522277,,-35.2,-12.063492063492063,-14.3,,-3.9,-16.379310344827587,,,,,-14.331622926753962,1.0194174757281553,,,,0.0,,,,35.65,
MANGLMCEM,2026-10-03,,,2708.0,20.8,,0.8553787411651458,1.5368898978433598,2.7746478873239435,,16.3,4.742268041237113,11.0,,11.0,6.526674233825198,24.3167137538016,,8.107355894476864,,0.7099239980448147,0.9079754601226994,,,,0.15,,,,40.01,
MANINDS,2026-10-03,,,6913.0,33.8,,1.7963757885563876,1.784,3.316546762589928,,9.18,4.062935670185222,16.2,,14.0,5.264516129032258,18.815662187900294,,9.682657378790992,,7.2395975230612475,0.3009103977000479,,,,0.0,,,,43.21,
MANINFRA,2026-10-03,,,5018.0,23.2,,,7.534534534534535,2.206405693950178,,9.16,7.753335737468446,13.2,,24.0,32.28228228228228,-12.822296827221336,,-1.6670095287920184,,-19.210120654945804,0.0282311424790472,,,,0.72,,,,62.52,
MANIPALHOS,2026-10-03,,,91550.0,103.0,,,8.857391640866872,,,12.7,3.707297351930463,12.1,,25.0,8.871904024767801,-48.921711435261415,,,,29.0791939469224,1.5265843816757654,,,,0.0,,,,72.08,
MANKIND,2026-10-03,Healthcare,,104707.0,49.1,,41.380016842530054,7.104559641742434,6.417721518987341,,13.1,7.450909745991713,13.5,,26.0,14.031754647849098,1.1865630743179256,,6.694078006216331,,12.83150919090319,0.38723926380368096,,,,0.04,,,,72.63,
MANOMAY,2026-10-03,,,433.0,21.5,,1.3638662472724905,0.581989247311828,2.5343189017951424,,12.3,2.9585798816568047,11.4,,11.0,2.6881720430107525,15.76400914898839,,16.299748066443186,,8.46795699729328,2.0350877192982457,,,,0.0,,,,57.3,
MANORAMA,2026-10-03,Fast Moving Consumer Goods,,11869.0,46.0,,,8.014179608372721,16.49122807017544,,39.3,21.5,34.9,,27.0,17.420661715057395,,,,,,0.5219941348973607,,,,0.04,,,,54.32,
MANORG,2026-10-03,,,374.0,15.9,,0.2349301245216416,0.5709923664122137,1.174731182795699,,8.44,2.837837837837838,9.9,,14.0,3.2061068702290076,67.67969851620839,,-17.295909424986846,,9.859626208144668,1.1253918495297806,,,,0.0,,,,58.64,
MANYAVAR,2026-10-03,Consumer Services,,12615.0,31.3,,3.6816092063769315,9.37918215613383,8.251192368839428,,26.7,16.362159967519286,30.7,,48.0,29.962825278810406,8.501717114838026,,-2.5852894566937845,,8.915707836684073,0.30320890635232484,,,,1.49,,,,74.94,
MAPMYINDIA,2026-10-03,Information Technology,,4636.0,33.6,,62.755203878114806,9.422764227642276,5.127272727272727,,12.0,13.294797687861271,19.1,,35.0,28.04878048780488,0.5354137652912261,,9.025034473965011,,9.087577521454616,0.0077348066298342545,,,,0.41,,,,51.41,
MARALOVER,2026-10-03,,,240.0,10.7,,,0.23552502453385674,2.161048689138577,,3.84,3.1884057971014492,7.57,,6.0,2.1589793915603535,,,-20.08718253283388,,2.008019788921289,3.369369369369369,,,,0.0,,,,74.95,
MARATHON,2026-10-03,,,2618.0,13.4,,,4.734177215189874,1.1513353115727003,,4.69,7.140268213120696,7.6,,25.0,35.62386980108499,-4.111830531779681,,27.929510400693335,,-7.775706249394421,0.04351648351648352,,,,0.26,,,,56.42,
MARICO,2026-10-03,Fast Moving Consumer Goods,,101591.0,53.8,,6.465543201837683,7.1157105834559085,24.10493827160494,,42.8,19.618090452261306,47.0,,17.0,13.672340127477762,8.321033255907807,,8.930930599656195,,13.935278376687688,0.1323040380047506,,,,0.51,,,,58.92,
MARINE,2026-10-03,,,6109.0,94.0,,2.8382229717543286,6.304437564499484,12.414772727272727,,13.1,7.303370786516854,18.0,,11.0,6.707946336429309,33.11931477388397,,34.11902675696019,,15.925184950110904,0.18052738336713997,,,,0.07,,,,68.2,
MARKOLINES,2026-10-03,,,371.0,13.8,,0.8820619428621915,1.0539772727272727,1.8311403508771928,,13.9,7.964601769911504,15.4,,12.0,7.670454545454546,15.64515974379368,,21.519392186715415,,0.47801873666799555,0.42574257425742573,,,,0.0,,,,55.0,
MARKSANS,2026-10-03,Healthcare,,14755.0,28.6,,1.576715691583114,4.651639344262295,4.887556221889056,,15.2,13.511410788381742,18.8,,22.0,16.424968474148802,18.138970870064686,,20.398706331254246,,13.368286667099415,0.11346344690704598,,,,0.28,,,,43.87,
MARSONS,2026-10-03,,,1966.0,44.4,,0.14800000000000002,7.92741935483871,9.047619047619047,,26.2,15.120274914089347,24.4,,17.0,17.741935483870968,299.99999999999994,,,,245.75367917605067,0.004608294930875576,,,,0.04,,,,53.65,
MARUTI,2026-10-03,Automobile and Auto Components,,357979.0,25.0,,12.207866962713037,1.8154842505109519,3.340962441314554,,14.3,9.627888232133262,18.9,,11.0,7.269463082142804,2.04785980027129,,28.837570626535292,,11.601597360729944,0.0009518832356564262,,,,1.23,,,,58.65,
MASFIN,2026-10-03,,,4951.0,12.4,,1.0028902940001596,,1.6646341463414633,,13.4,2.9024514439514078,11.3,,,,12.364263642976315,,17.47031090882394,,,,,,,0.73,,,,66.66,
MASKINVEST,2026-10-03,,,43.8,486.0,,8.018768910154403,136.875,0.715,,0.08,0.1457725947521866,0.1,,34.38,28.125,60.607807189026715,,,,-24.379521773285628,0.011982928430728826,,,,0.0,,,,72.25,
MASTEK,2026-10-03,Information Technology,,4823.0,11.0,,0.9599719798757647,1.2796497744759883,1.6124352331606218,,15.3,9.736780805963194,17.7,,16.0,11.090474927036349,11.458667784682186,,6.516294013322432,,7.251894988438701,0.1463903743315508,,,,1.54,,,,35.77,
MASTERTR,2026-10-03,,,1005.0,7.52,,2.48252995226161,1.6919191919191918,1.230421686746988,,17.3,5.971479500891266,23.8,,41.0,22.55892255892256,3.0291678830095092,,16.45667149960788,,5.91045005978188,0.27906976744186046,,,,0.0,,,,71.93,
MATRIMONY,2026-10-03,,,1027.0,22.9,,,2.1621052631578945,4.974974974974975,,15.2,10.227272727272728,17.4,,14.0,9.473684210526317,-1.3355164490928662,,-1.7893990054978604,,-0.41754139750307395,0.23786407766990292,,,,1.01,,,,58.43,
MAWANASUG,2026-10-03,,,543.0,16.0,,,0.34237074401008827,1.037313432835821,,8.09,2.4933214603739984,8.35,,6.0,1.7654476670870116,-9.884562456900625,,1.0251044830909661,,5.387223431907451,0.8,,,,2.88,,,,63.49,
MAXESTATES,2026-10-03,,,9263.0,1578.0,,,46.315,3.824324324324324,,-1.27,0.09666505558240696,1.4,,9.0,6.0,,,,,29.077045384344856,0.9971062422488631,,,,0.0,,,,45.25,
MAXHEALTH,2026-10-03,Healthcare,,91584.0,61.2,,5.4407078309694255,10.512396694214877,8.554545454545455,,14.7,8.478817504655494,14.7,,27.0,16.724058769513313,11.248536385585584,,19.142153228230185,,17.241295439305414,0.32362519772959897,,,,0.21,,,,23.71,
MAXIND,2026-10-03,,,917.0,,,,4.285046728971962,2.0978120978120978,,-32.8,-19.730941704035875,-23.0,,-54.0,-61.6822429906542,,,,,3.862826058349822,0.23471882640586797,,,,0.0,,,,48.33,
MAYURUNIQ,2026-10-03,,,3092.0,14.9,,0.7599531458126825,3.0313725490196077,2.7279693486590038,,18.0,16.40253565768621,24.5,,25.0,20.294117647058822,19.606471901719893,,17.626414436959692,,8.299938206744928,0.00706090026478376,,,,0.84,,,,58.77,
MAZDOCK,2026-10-03,Capital Goods,,83258.0,29.1,,2.1021626920140837,6.249193124671621,8.52892561983471,,29.2,10.388003203028317,36.0,,19.0,21.421601741349548,13.842886714024626,,36.15788474203334,,12.063250884750577,0.04582265504869298,,,,0.88,,,,81.22,
MBAPL,2026-10-03,,,7266.0,46.9,,0.560738382038001,3.8772678762006403,13.174603174603176,,31.3,9.215219976218787,19.3,,13.0,8.271077908217716,83.63971774063721,,22.114228673977987,,31.98887461842501,1.5563636363636364,,,,0.06,,,,71.38,
MBEL,2026-10-03,,,1439.0,14.8,,0.6554433034086374,1.095963442498096,2.1913043478260867,,19.4,8.354866494401378,22.9,,11.0,7.387661843107388,22.58013763056621,,11.75351051128477,,18.204097777281312,0.1278538812785388,,,,0.4,,,,70.61,
MBLINFRA,2026-10-03,,,357.0,,,,1.6604651162790698,0.3684210526315789,,-7.18,-0.5084745762711864,7.74,,9.0,-6.976744186046512,,,,,20.78867290797859,1.0334728033472804,,,,0.0,,,,74.57,
MCCHRLS-B,2026-10-03,,,904.0,,,,7.471074380165289,-86.14232209737828,,-143.0,-7.2738772928526245,4.96,,75.0,-95.0413223140496,,,,,122.39800905693153,-137.0909090909091,,,,0.0,,,,73.78,
MCL,2026-10-03,,,148.0,32.8,,0.5982922530053776,0.5522388059701493,2.9513513513513514,,9.36,4.424778761061947,12.6,,4.2,1.8656716417910446,54.82270551764137,,,,97.10104033003238,0.803921568627451,,,,0.0,,,,65.21,
MCLEODRUSS,2026-10-03,,,444.0,8.33,,,0.37,-8.799171842650104,,788.0,-3.9524011899702503,-4.56,,-0.3,-7.75,,,,,1.843731883552091,-29.313725490196077,,,,0.0,,,,6.25,
MCLOUD,2026-10-03,,,1428.0,12.8,,5.7581240133827345,2.0,2.086206896551724,,19.0,9.540329575021683,19.7,,29.0,15.406162464985995,2.222946218291044,,26.08434525355372,,8.37067626618271,0.42503639010189226,,,,0.0,,,,54.04,
MCX,2026-10-03,Financial Services,,81699.0,53.0,,0.3218016851434535,31.052451539338655,28.607142857142858,,56.3,20.55725903212905,71.4,,72.0,58.60889395667047,164.69770808183787,,60.7651646341278,,56.68289312234269,0.0017556179775280898,,,,0.25,,,,,
MEDANTA,2026-10-03,Healthcare,,36494.0,63.7,,12.433468088343913,7.792867819773649,9.231292517006803,,15.2,9.34801016088061,17.4,,21.0,11.787315823190262,5.123268869746589,,21.700330497858843,,12.660312394549479,0.3003533568904594,,,,0.04,,,,33.0,
MEDIASSIST,2026-10-03,,,2230.0,22.6,,2.344610007228439,2.344900105152471,2.6607142857142856,,13.4,6.851311953352769,13.2,,19.0,9.884332281808621,9.639129718940097,,6.125952008424562,,14.411302697921503,0.06436233611442194,,,,0.67,,,,4.61,
MEDICAMEQ,2026-10-03,,,432.0,39.9,,,2.12807881773399,1.5714285714285714,,3.95,2.6881720430107525,5.82,,10.0,4.926108374384237,-2.4225548932866103,,-8.116529647537263,,4.283196716573334,0.17753623188405798,,,,0.31,,,,40.46,
MEDICAPQ,2026-10-03,,,32.5,,,,2.5875796178343946,0.2905027932960894,,-9.21,-1.5416594491598823,-9.19,,-62.58,-14.171974522292993,,,,,-22.848548185127992,0.0,,,,0.0,,,,51.44,
MEDICO,2026-10-03,,,181.0,13.1,,0.7027105471121414,0.7605042016806722,2.4065934065934065,,19.0,9.15032679738562,23.3,,7.0,5.88235294117647,18.642099586857984,,23.554251913909606,,17.960422194299163,0.25,,,,0.0,,,,61.38,
MEDPLUS,2026-10-03,Consumer Services,,7861.0,37.4,,0.7894881790430232,1.0874256467007886,3.963636363636364,,11.6,5.339435545385203,12.6,,8.0,2.9049661087287313,47.37246356916243,,16.91300109091265,,8.722283664509334,0.7210126582278481,,,,0.0,,,,40.19,
MEESHO,2026-10-03,Consumer Services,,101221.0,,,,7.316299241055295,22.788761706555672,,-46.2,-15.189072973314785,-40.0,,-11.0,-8.680881821467294,,,,,22.021516623863157,0.014363885088919288,,,,0.0,,,,16.41,
MEGASTAR,2026-10-03,,,302.0,30.4,,1.8849130638673048,0.5412186379928315,2.9308452250274426,,9.47,3.731343283582089,11.6,,6.0,1.7921146953405016,16.128064780678987,,9.981748085526544,,26.6000377077644,1.2718446601941749,,,,0.0,,,,61.47,
MEIL,2026-10-03,,,724.0,15.4,,2.7767681535568762,1.1753246753246753,1.2242990654205608,,11.3,6.647807637906649,14.6,,11.0,7.629870129870129,5.546015781070346,,32.310975430455954,,11.116390081614224,0.07614213197969544,,,,0.0,,,,74.79,
MENNPIS,2026-10-03,,,363.0,13.8,,,1.1824104234527688,2.0459770114942533,,15.4,11.304347826086957,21.5,,16.0,8.469055374592834,-0.5814084891635818,,6.686326632682782,,6.242790744990767,0.028089887640449437,,,,1.4,,,,74.37,
MERCANTILE,2026-10-03,,,258.0,38.2,,,2.707808564231738,0.9426229508196722,,1.97,1.1993072121826085,0.82,,0.72,3.8518052057094874,,,-9.946930183260694,,16.415883817066067,0.0,,,,0.0,,,,72.76,
MERCURYEV,2026-10-03,,,704.0,154.0,,4.892493069487989,6.230088495575221,2.5067567567567566,,1.51,1.3966480446927374,2.64,,6.0,4.424778761061947,31.476794716464763,,90.36539387158786,,72.53819652777129,0.025,,,,0.0,,,,59.17,
METROBRAND,2026-10-03,,,22722.0,55.9,,,7.686738836265223,11.40902872777018,,22.1,10.261519302615193,20.1,,30.0,13.937753721244924,-0.552375385285675,,13.879689171437825,,7.840431202849341,0.7877571500250878,,,,0.72,,,,71.8,
METROGLOBL,2026-10-03,,,162.0,7.65,,0.6264904736682418,0.6428571428571429,0.3987915407854985,,1.32,5.386416861826698,4.6,,8.0,9.126984126984127,12.210880007811674,,14.227861369535733,,2.355431347184944,0.007352941176470588,,,,1.9,,,,74.73,
METROPOLIS,2026-10-03,Healthcare,,11159.0,53.6,,3.3583279969533226,6.525730994152047,7.36986301369863,,13.6,9.52604411074613,17.8,,25.0,11.871345029239766,15.960323127647435,,-1.4364740795715925,,12.281892850353394,0.1533377395902181,,,,0.37,,,,48.86,
MFML,2026-10-03,,,19.9,6.21,,,0.15075757575757576,0.20326086956521738,,5.37,-1.5,6.64,,7.0,-2.272727272727273,,,,,-7.35500809127524,0.7857142857142857,,,,0.0,,,,64.81,
MFSL,2026-10-03,Financial Services,,48040.0,443.0,,,0.964232668299145,9.098039215686274,,1.52,0.06886636908352435,2.87,,0.5,0.27497892497290355,-31.32719015657629,,-15.351566667131177,,2.2711147509769436,0.35195001893222266,,,,0.0,,,,1.25,
MGL,2026-10-03,Oil Gas & Consumable Fuels,,10326.0,14.4,,,1.209841827768014,1.6052227342549923,,12.2,7.96125153100991,17.0,,15.0,8.37727006444054,-17.730613832875974,,,,10.709348063359547,0.03469197261978842,,,,2.87,,,,32.5,
MHRIL,2026-10-03,,,3937.0,84.2,,,1.3023486602712537,5.064935064935065,,9.9,0.4556419190565532,8.12,,20.0,1.6870658286470392,-22.915258413959194,,-4.910124651641512,,3.7744146983996973,4.92159383033419,,,,0.0,,,,66.73,
MIDHANI,2026-10-03,Capital Goods,,8123.0,60.2,,4.3813818263487505,6.35602503912363,5.305623471882641,,8.92,4.191244954982925,11.4,,19.0,10.56338028169014,13.739957480530297,,-5.22698120176387,,6.001101272752241,0.26566579634464754,,,,0.2,,,,74.0,
MIDWESTLTD,2026-10-03,,,3269.0,29.4,,,4.703597122302158,3.398496240601504,,13.6,8.284457478005864,15.8,,27.0,16.258992805755394,-68.49661555165018,,-67.47606765326839,,5.851186274986753,0.1995841995841996,,,,0.0,,,,77.12,
MIIL,2026-10-03,,,1471.0,324.0,,25.508043998539904,33.31823329558324,53.730158730158735,,21.9,8.038808038808039,31.3,,20.63,10.509626274065685,12.701875534578267,,,,-7.431654406156807,0.8235509904622157,,,,0.04,,,,47.01,
MILKYMIST,2026-10-03,,,23746.0,129.0,,,7.567240280433397,,,31.9,4.7458893871449925,13.7,,14.0,4.0471637985978335,-70.58547331749547,,,,31.057955440749186,3.6220302375809936,,,,0.0,,,,79.51,
MINDACORP,2026-10-03,Automobile and Auto Components,,15955.0,39.6,,1.312876441241201,2.4006921456515196,6.0636363636363635,,14.7,9.094222708219428,12.7,,12.0,7.50827565452904,30.162777513595973,,21.141709069371693,,12.634473282233039,0.559302766199318,,,,0.21,,,,64.84,
MINDTECK,2026-10-03,,,482.0,14.6,,3.483208084385293,1.175609756097561,1.5894736842105264,,12.1,8.378378378378379,15.1,,9.0,7.560975609756097,4.191538273423756,,-1.24446355825516,,2.0310095964756414,0.013157894736842105,,,,0.66,,,,64.2,
MIRZAINT,2026-10-03,,,382.0,,,,0.7431906614785992,0.6781326781326781,,-3.58,-3.1791907514450863,-1.81,,1.5,-4.280155642023346,,,,,-6.558273001226745,0.02664298401420959,,,,0.0,,,,72.99,
MITTAL,2026-10-03,,,31.1,12.0,,,0.3460169114374722,0.48275862068965514,,3.76,2.679625760741212,7.89,,11.11,3.2821539830885627,,,,,,0.2949774529622142,,,,0.0,,,,34.04,
MKEXIM,2026-10-03,,,268.0,14.3,,3.4740234092605746,2.7628865979381443,2.2542372881355934,,17.1,15.079365079365079,24.5,,26.0,19.587628865979383,4.1162647211532954,,18.61989971348401,,-2.2958978106841332,0.01680672268907563,,,,0.9,,,,43.97,
MKPL,2026-10-03,,,146.0,31.2,,,0.381201044386423,1.9211822660098523,,9.37,3.816793893129771,10.1,,2.2,1.3054830287206265,-24.327043978353835,,-13.59956726714956,,16.05866300860246,0.4805194805194805,,,,0.0,,,,74.82,
MLKFOOD,2026-10-03,,,215.0,,,,0.513126491646778,1.2135642135642135,,2.52,-1.643835616438356,6.24,,2.0,-1.431980906921241,,,,,-3.550707227889127,0.757396449704142,,,,0.0,,,,53.36,
MMFL,2026-10-03,,,2761.0,24.6,,3.1358030858041515,1.6743480897513645,2.8316831683168315,,10.5,6.770833333333333,8.97,,18.0,10.248635536688901,7.844880347036054,,13.232468063039793,,1.8014332778458986,1.2666666666666666,,,,0.7,,,,56.33,
MMP,2026-10-03,,,1142.0,25.6,,1.5462242814236193,1.3081328751431844,3.3088235294117645,,11.6,8.0,12.6,,8.0,5.72737686139748,16.55645969834978,,11.575357788669049,,14.668789170706553,0.5346820809248555,,,,0.44,,,,74.49,
MMTC,2026-10-03,Services,,8444.0,41.9,,1.287785287323459,2814.6666666666665,3.99290780141844,,-14.3,15.987124463519315,8.67,,-6547.0,14900.0,32.53647980952261,,,,0.0,0.000942951438000943,,,,0.0,,,,89.93,
MMWL,2026-10-03,,,1763.0,248.0,,32.117136369917816,1.2141873278236914,26.440677966101696,,6.58,4.201680672268908,9.71,,1.5,0.6887052341597797,7.721734501594191,,37.97296614612149,,0.9355080196041587,1.6119402985074627,,,,0.0,,,,59.41,
MOBIKWIK,2026-10-03,,,1545.0,526.0,,,1.3684676705048715,2.8654970760233915,,-8.28,-0.9226401703335699,-2.25,,0.8,-1.1514614703277237,,,,,8.866759571761683,0.5120593692022264,,,,0.0,,,,25.08,
MODINATUR,2026-10-03,,,432.0,8.88,,,0.6,2.511627906976744,,30.2,12.776412776412776,22.2,,11.0,7.222222222222221,,,39.640071275528484,,21.74557922398288,0.936046511627907,,,,0.0,,,,69.09,
MODIRUBBER,2026-10-03,,,300.0,29978.0,,,8.578781812982557,0.4444444444444444,,0.05,0.0012958739373833713,0.71,,-73.72,0.028595939376608523,-88.2725721385089,,-75.0,,15.937587725294211,0.03364815253434392,,,,0.0,,,,62.69,
MODIS,2026-10-03,,,721.0,23.3,,0.36630455318604255,3.814814814814815,4.6,,20.5,9.508196721311474,25.8,,19.0,15.343915343915343,63.60827294485241,,,,65.09636244473134,0.03821656050955414,,,,0.0,,,,63.79,
MODISONLTD,2026-10-03,,,1577.0,14.7,,0.2156642876714795,1.8618654073199528,5.74468085106383,,32.0,20.278330019880716,31.0,,19.0,12.04250295159386,68.16149376753766,,47.314604539819285,,27.88201254587326,0.635036496350365,,,,1.13,,,,52.23,
MODTHREAD,2026-10-03,,,159.0,18.6,,,0.5389830508474577,,,6.16,4.705882352941177,10.9,,4.8,4.067796610169491,,,,,,0.23972602739726026,,,,0.0,,,,65.16,
MOHITE,2026-10-03,,,50.0,23.0,,,0.3424657534246575,0.43079584775086505,,3.15,0.7905138339920948,6.77,,9.0,1.36986301369863,-15.139277172341847,,-19.72584382397693,,5.3127485634287375,0.8879310344827587,,,,0.0,,,,68.82,
MOHITIND,2026-10-03,,,32.2,,,,0.24393939393939396,0.3496932515337423,,-1.04,-0.6666666666666667,1.32,,1.1,-0.7575757575757576,,,,,0.0,0.6086956521739131,,,,0.0,,,,54.94,
MOIL,2026-10-03,Metals & Mining,,4734.0,45.5,,,4.850409836065574,2.043859649122807,,8.31,2.26576852418861,11.4,,14.0,7.581967213114754,-42.25072631060648,,-9.502143036972843,,-9.436857454062952,0.0,,,,2.29,,,,64.68,
MOKSH,2026-10-03,,,81.1,7.69,,0.42176622899718974,0.10188442211055275,0.6294520547945205,,8.21,5.9459459459459465,11.4,,2.0,1.3819095477386936,18.232849079178504,,15.063873490384827,,21.0288506164221,0.1937984496124031,,,,0.0,,,,40.09,
MOL,2026-10-03,,,1402.0,21.8,,,0.6666666666666666,0.9077429983525536,,1.9,2.118503806686528,6.71,,10.0,3.0432715168806466,,,-26.774680030582452,,10.327176794381021,0.47020725388601037,,,,0.0,,,,48.95,
MOLBIO,2026-10-03,,,17437.0,69.8,,,12.05878284923928,,,15.6,7.754137115839244,18.5,,22.0,11.341632088520056,,,,,,0.3849443969204448,,,,0.0,,,,41.29,
MOLDTKPAC,2026-10-03,,,2189.0,34.4,,1.5902294228772584,3.469096671949287,4.513698630136986,,17.8,11.149825783972126,22.2,,19.0,10.142630744849445,21.632098806069667,,18.90552681650761,,15.928828005870654,0.0962800875273523,,,,0.38,,,,33.21,
MONARCH,2026-10-03,,,2718.0,15.0,,1.8989497416103656,7.446575342465754,2.7886178861788617,,20.5,11.513994910941475,27.6,,70.0,49.589041095890416,7.899103210219538,,21.30351634073513,,9.500479979207821,0.03810504634397528,,,,0.29,,,,53.83,
MONEYBOXX,2026-10-03,,,377.0,288.0,,,,1.2735849056603774,,0.48,0.10050251256281408,9.1,,,,-49.77875818054224,,,,,,,,,0.0,,,,46.8,
MONTECARLO,2026-10-03,,,1084.0,10.3,,0.5025079601731903,0.8429237947122862,1.196796338672769,,12.7,5.46875,14.0,,17.0,8.164852255054432,20.497187738976486,,-1.6472697839488348,,6.587305611417782,0.6401766004415012,,,,3.83,,,,73.17,
MOREPENLAB,2026-10-03,,,7327.0,62.4,,5.681248090426656,3.7555099948744233,5.87719298245614,,5.33,7.283057851239668,8.05,,9.0,7.227063044592516,10.98350204159344,,3.8270952416643134,,4.903550731499973,0.16680032076984763,,,,0.15,,,,35.66,
MOSCHIP,2026-10-03,,,3865.0,121.0,,3.192200873048825,6.828621908127208,9.38388625592417,,11.0,3.6339165545087484,11.0,,9.0,4.770318021201414,37.90488281034603,,28.289455478124136,,24.40075999980291,0.21515892420537897,,,,0.0,,,,39.31,
MOTHERSON,2026-10-03,Automobile and Auto Components,,165736.0,36.3,,2.2921660046534886,1.263857856407519,4.04639175257732,,11.2,4.162630453457131,13.4,,10.0,3.4735196553170393,15.836549327712213,,36.996644219990586,,9.937424067327738,0.46780058078528025,,,,0.38,,,,48.6,
MOTILALOFS,2026-10-03,Financial Services,,59689.0,30.1,,,5.93153135247938,4.626168224299065,,15.5,4.569019147024262,12.7,,41.0,19.705853125310544,-7.024905983369356,,8.424131969094262,,12.492395136797407,1.6492085661080074,,,,0.61,,,,67.2,
MOTISONS,2026-10-03,,,2034.0,30.4,,1.1695859189663738,3.988235294117647,3.59437751004016,,14.0,11.69284467713787,17.8,,18.0,13.137254901960786,25.99210498948732,,23.470503712683577,,6.941114795498571,0.0781563126252505,,,,0.0,,,,57.12,
MPHASIS,2026-10-03,Information Technology,,42967.0,22.2,,3.2647396091052143,2.5991773032484424,3.996447602131439,,18.5,10.84672610596854,22.1,,19.0,11.554049966729176,6.7999297518507085,,5.635838750007238,,7.574974463597406,0.24385703648548027,,,,2.76,,,,30.54,
MPSLTD,2026-10-03,,,4496.0,24.6,,1.4801449925526848,5.578163771712159,7.530085959885387,,29.7,20.614035087719298,38.7,,33.0,23.325062034739457,16.619993395089217,,16.675186916742213,,13.932120320739205,0.10234899328859061,,,,0.0,,,,68.34,
MRF,2026-10-03,Automobile and Auto Components,,52469.0,21.3,,4.156593444150708,1.6453636050048606,2.5015670811849158,,12.5,7.5671277461350686,15.7,,15.0,7.5825519771708105,5.124388585555328,,29.291717756671055,,8.207736682772726,0.15290359492705255,,,,0.19,,,,27.76,
MRPL,2026-10-03,Oil Gas & Consumable Fuels,,28876.0,10.4,,,0.26355372202548283,2.037037037037037,,14.5,7.060330875741773,18.0,,7.0,2.8668175678142456,-4.3978532744981536,,1.2142285892136062,,6.615890914362099,1.0805804043107698,,,,2.43,,,,88.58,
MSL,2026-10-03,,,159.0,11.4,,5.812523947133038,0.828125,1.7990074441687347,,9.79,8.536585365853659,10.0,,14.0,7.291666666666667,1.9612822422216292,,21.98129532427,,19.681696117715084,0.550561797752809,,,,0.0,,,,73.24,
MSPL,2026-10-03,,,1843.0,13.2,,0.6030953707495721,0.6228455559310578,1.846590909090909,,13.9,2.199074074074074,9.69,,6.0,1.2842176410949644,21.887085592439636,,0.0,,0.9762877550784532,0.35235235235235235,,,,0.0,,,,45.12,
MSTCLTD,2026-10-03,Services,,4969.0,21.2,,1.708996655490954,12.873056994818652,5.515625,,26.6,11.63600198906017,30.3,,60.0,60.62176165803109,12.404939431499207,,3.3158321420585057,,6.897301156464941,0.16039823008849557,,,,2.22,,,,64.75,
MSUMI,2026-10-03,Automobile and Auto Components,,22236.0,35.4,,,1.7945282866596723,10.276073619631903,,32.4,13.211125158027812,38.9,,9.0,5.060124283754338,-0.34843488080427143,,8.9096552145296,,14.166651682004838,0.1078204534937529,,,,1.73,,,,61.72,
MTARTECH,2026-10-03,Capital Goods,,23983.0,176.0,,5.255000785537879,22.206481481481482,29.202247191011235,,12.4,7.630522088353414,15.1,,21.0,12.314814814814815,33.49190745781885,,17.000783812476072,,22.955853184070452,0.4580801944106926,,,,0.0,,,,29.35,
MTNL,2026-10-03,,,1554.0,,,,1.5728744939271255,-0.051890756302521004,,,-29.75942975942976,-9.32,,-11.0,-304.251012145749,,,,,7.333853519045497,-1.1830774365821095,,,,0.0,,,,56.25,
MUFIN,2026-10-03,,,2588.0,68.4,,2.589447577583546,,4.517241379310345,,6.69,1.8737672583826428,10.7,,,,26.414900456811097,,,,,,,,,0.0,,,,47.3,
MUFTI,2026-10-03,,,459.0,6.64,,,0.7427184466019418,1.1178343949044587,,18.4,8.84265279583875,19.1,,29.0,11.003236245954692,-54.61123829539417,,,,21.920864103886718,0.5780487804878048,,,,2.85,,,,54.99,
MUKANDLTD,2026-10-03,,,2495.0,3.94,,0.04770418231490441,0.48720952938879125,1.6476190476190475,,5.57,15.50159430954133,4.44,,2.6,12.34133958211287,82.592339053027,,28.54702160535276,,-0.3490429794966943,1.11424819435325,,,,1.16,,,,74.7,
MUKESHB,2026-10-03,,,89.8,27.1,,,,0.2621951219512195,,1.61,0.7187167493124009,3.33,,,,-17.877332423355085,,12.912268943319827,,,,,,,0.93,,,,62.86,
MUKKA,2026-10-03,,,771.0,11.2,,,0.43608597285067874,1.5481927710843373,,11.1,4.565083281924738,11.6,,8.0,4.18552036199095,-0.42918983118079845,,15.996225865400127,,8.609477592035809,1.5611222444889779,,,,0.0,,,,73.33,
MUNJALAU,2026-10-03,,,1041.0,20.3,,2.1950194023200615,0.4159009188973232,2.3214285714285716,,3.73,3.814147018030513,9.77,,5.0,2.1973631642029567,9.24820982381458,,13.374082277188236,,9.971566177580172,0.9441964285714286,,,,0.96,,,,74.81,
MUNJALSHOW,2026-10-03,,,498.0,18.8,,,0.3616557734204793,0.7352941176470589,,3.31,2.8901734104046244,4.53,,1.3,1.815541031227306,-6.877401343278711,,15.356907073387527,,5.490166075087788,-0.0,,,,3.61,,,,65.02,
MURUDCERA,2026-10-03,,,170.0,17.6,,0.7498428802324247,0.8133971291866029,0.4474522292993631,,2.99,1.6233766233766231,5.2,,16.0,4.784688995215311,23.47158379972165,,32.62062648088118,,4.338075276461928,0.37270341207349084,,,,0.0,,,,73.93,
MUTHOOTCAP,2026-10-03,,,359.0,14.3,,,,0.5343137254901961,,1.86,0.591715976331361,10.3,,,,-41.975368516780534,,,,,,,,,0.0,,,,63.33,
MUTHOOTFIN,2026-10-03,Financial Services,,108280.0,9.52,,0.25030119813061363,,2.6676557863501484,,30.9,5.853740784075291,15.8,,,,38.034176708304116,,23.13279095929124,,,,,,,1.11,,,,73.35,
MUTHOOTMF,2026-10-03,,,2968.0,12.1,,,,1.0419161676646707,,6.22,1.931415057154119,9.31,,,,-18.282158233471424,,28.233808083414203,,,,,,,0.0,,,,55.47,
MVELECTRO,2026-10-03,,,2283.0,,,,46.59183673469388,,,-31.4,-8.904109589041095,-15.1,,-20.0,-26.53061224489796,,,,,-10.347503190457685,0.8870967741935484,,,,0.0,,,,57.68,
MVGJL,2026-10-03,,,1010.0,8.4,,0.574068791057527,0.3471983499484359,1.2105263157894737,,15.1,6.541554959785523,15.8,,7.0,4.193881058783087,14.632392721655973,,-11.004513350831346,,10.637702354171275,0.5887290167865707,,,,0.0,,,,74.28,
MWL,2026-10-03,,,1281.0,24.7,,0.8990154165590617,1.0264423076923077,4.267326732673268,,18.0,5.597416576964478,17.7,,8.0,4.166666666666666,27.4745010430834,,20.320611793864487,,15.12078982389815,0.7866666666666666,,,,0.07,,,,66.5,
NACLIND,2026-10-03,,,3055.0,118.0,,,2.011191573403555,4.452054794520548,,2.37,0.8797653958944283,8.13,,7.0,0.7899934167215273,,,-30.161156777563527,,-5.130355044623003,0.4568081991215227,,,,0.0,,,,53.68,
NAGREEKCAP,2026-10-03,,,32.0,4.33,,,0.5048114844612714,1.1194690265486724,,29.8,5.0963331261653195,14.5,,28.27,11.642214860388075,-17.896760545106005,,15.468148270605052,,0.26962858496228925,3.315697266993693,,,,0.0,,,,53.53,
NAGREEKEXP,2026-10-03,,,66.5,9.36,,,0.37359550561797755,,,6.77,16.74641148325359,,,-10.0,19.662921348314608,,,,,,0.780952380952381,,,,0.0,,,,57.32,
NAHARCAP,2026-10-03,,,397.0,3.34,,0.028726793776275766,12.40625,0.246875,,3.98,6.677890011223345,5.03,,57.0,371.875,116.26776124101825,,-12.063024159094727,,-14.941925943401968,0.006222775357809583,,,,0.63,,,,72.53,
NAHARINDUS,2026-10-03,,,552.0,7.55,,0.07935488190620522,0.41317365269461076,0.5311203319502075,,-0.59,3.7894736842105265,3.79,,6.0,5.389221556886228,95.14222463242832,,-15.754248196938036,,-3.1797463558794425,0.6538830297219559,,,,0.0,,,,71.25,
NAHARPOLY,2026-10-03,,,555.0,7.67,,0.05746284918931924,0.8320839580209896,0.6402266288951841,,9.27,7.199999999999999,10.6,,14.0,10.794602698650674,133.47754433007896,,-5.849226241133576,,3.5916763916712613,0.09111880046136102,,,,0.66,,,,72.51,
NAHARSPING,2026-10-03,,,921.0,12.1,,,0.2736998514115899,0.6109785202863962,,1.24,2.8221314519123655,3.26,,7.0,2.2585438335809807,,,-31.500180572663638,,3.3304711777061735,0.6501322751322751,,,,0.39,,,,68.02,
NAM-INDIA,2026-10-03,Financial Services,,66948.0,40.9,,3.044355271626096,23.33495991634716,14.32876712328767,,34.5,31.529275808936823,43.8,,67.0,57.058208434994775,13.434700076300189,,16.49441222494632,,12.111696602568255,0.016097875080489377,,,,2.06,,,,71.8,
NARMADA,2026-10-03,,,93.4,26.0,,,1.1914785049113408,,,,,,,6.35,4.924097461410894,,,,,,,,,,0.0,,,,50.3,
NATCAPSUQ,2026-10-03,,,169.0,,,,0.8848167539267016,0.9642857142857143,,-9.45,-5.89622641509434,-4.58,,-0.4,-13.089005235602095,,,,,7.209652836256764,0.9257142857142857,,,,0.0,,,,50.92,
NATCOPHARM,2026-10-03,Healthcare,,16111.0,14.1,,,4.622955523672884,1.7468085106382978,,17.1,10.339534043705978,17.4,,30.0,32.85509325681492,-6.247021847847789,,46.98222694537972,,-4.482313995577125,0.07743194881249323,,,,0.61,,,,49.41,
NATHBIOGEN,2026-10-03,,,262.0,7.73,,,0.5346938775510204,0.3854748603351955,,5.47,3.555150410209663,7.1,,10.0,7.959183673469387,-0.8058367980884329,,,,25.48200991025564,0.20294117647058824,,,,1.45,,,,45.59,
NATIONALUM,2026-10-03,Metals & Mining,,61509.0,9.11,,0.18111820848618834,3.18073223704623,2.8389830508474576,,29.4,25.433242917420134,39.6,,47.0,34.910538835453515,50.29864239571864,,18.00367984432807,,13.720722487154745,0.002777392028884877,,,,3.43,,,,51.28,
NATIONSTD,2026-10-03,,,230.0,20.5,,,12.105263157894736,0.8156028368794326,,3.49,3.8596491228070176,4.79,,-23.0,57.89473684210527,-8.748464793547484,,-14.56091609569128,,-3.2810806630399703,0.0,,,,0.0,,,,73.94,
NAUKRI,2026-10-03,Consumer Services,,77810.0,52.8,,1.302876535635995,23.054814814814815,2.051282051282051,,1.81,4.016064257028113,3.45,,37.0,56.592592592592595,40.52571257200963,,-34.07796109853793,,9.995480865172212,0.006831249670306483,,,,0.7,,,,37.48,
NAVA,2026-10-03,Power,,15653.0,20.7,,,3.6317865429234337,1.7864077669902914,,9.33,6.7664462234597975,12.8,,38.0,22.552204176334108,-14.871561010401557,,8.398502424606846,,4.123106167959878,0.2545454545454545,,,,1.54,,,,50.03,
NAVINFLUOR,2026-10-03,Chemicals,,41752.0,52.5,,1.269982852745276,11.48926802421574,10.498064516129032,,19.6,12.384386267440037,21.0,,34.0,21.73913043478261,41.33914082895895,,23.74560846622633,,20.731785187036223,0.32008052340211374,,,,0.19,,,,27.08,
NAVKARCORP,2026-10-03,,,1280.0,14.2,,,3.1067961165048543,0.8569989929506545,,6.18,4.261363636363636,6.93,,37.0,21.844660194174757,0.0,,-30.45575473981732,,7.787179070853023,0.2762541806020067,,,,0.0,,,,70.37,
NAVNETEDUL,2026-10-03,,,2740.0,21.9,,1.998895217099635,1.597667638483965,1.343445287107259,,8.03,13.756819953234606,10.2,,14.0,20.58309037900875,10.956052029468832,,35.38241639636579,,-0.6332927486301987,0.05288932419196866,,,,2.42,,,,63.29,
NAZARA,2026-10-03,Media Entertainment & Publication,,14765.0,,,,8.393973848777714,4.104477611940299,,30.6,-1.1976047904191618,27.1,,-5.0,-2.956225127913587,,,,,15.622190366593358,0.06190613302620213,,,,0.0,,,,33.98,
NBCC,2026-10-03,Construction,,20898.0,30.5,,1.3546722486243863,1.6382878645343368,6.9107142857142865,,20.4,4.691236892132213,29.3,,5.0,5.997177798682973,22.51467100693285,,26.979757717830278,,7.019516691882344,0.0,,,,1.29,,,,61.75,
NBIFIN,2026-10-03,,,549.0,33.9,,,,0.17066225773858731,,0.26,0.46975924838520255,,,,,,,,,,,,,,0.04,,,,74.17,
NCC,2026-10-03,Construction,,8166.0,11.3,,,0.38059284116331094,1.04,,9.19,2.8808010783747355,16.8,,9.0,3.4862043251304993,-0.5328697942488025,,7.088230258050876,,0.9676590081428182,0.43931884610496885,,,,1.69,,,,23.09,
NCLIND,2026-10-03,,,769.0,6.19,,,0.5373864430468204,0.8173076923076923,,11.4,5.844980940279543,14.6,,12.0,6.429070580013977,-0.2594466011555552,,-0.3962242935504845,,-12.057670368040785,0.2542553191489362,,,,2.06,,,,41.67,
NDGL,2026-10-03,,,241.0,,,,,0.1863790970933828,,-1.06,-0.32876712328767127,0.14,,,,,,,,,,,,,0.1,,,,73.58,
NDL,2026-10-03,,,366.0,9.97,,,0.14957090314671026,0.5619469026548674,,5.22,3.5852713178294575,7.32,,3.4,1.5120555782590928,-5.694457430615596,,-11.166842706390801,,6.777390725108634,0.18125960061443933,,,,0.0,,,,51.01,
NDLVENTURE,2026-10-03,,,422.0,,,,0.4042145593869732,1.7006802721088434,,-10.2,-1.3120899718837862,1.84,,14.0,-2.681992337164751,,,,,1.4456664396954144,5.012096774193548,,,,0.4,,,,66.2,
NDRAUTO,2026-10-03,,,1703.0,26.0,,1.3800754362537357,1.9825378346915017,4.773333333333333,,18.9,11.545293072824157,22.2,,11.0,7.566938300349244,18.839549865895687,,34.2412045665432,,12.581118095025534,0.17318435754189945,,,,0.56,,,,73.13,
NDTV,2026-10-03,,,768.0,,,,1.4275092936802973,5.973684210526315,,-340.0,-47.58522727272727,-72.6,,-51.0,-62.26765799256505,,,,,13.290506174491302,2.015625,,,,0.0,,,,69.02,
NEAGI,2026-10-03,,,206.0,5.6,,,8.24,0.6289678768295001,,9.33,10.946745562130179,9.68,,-6.0,148.0,-1.9869708394140928,,2.475252496761926,,0.0,0.0,,,,0.6,,,,72.45,
NECLIFE,2026-10-03,,,199.0,,,,99.5,0.33999999999999997,,-31.3,-39.38906752411576,0.05,,-3520.0,-12250.0,,,,,-89.40580404935915,0.0,,,,0.0,,,,51.84,
NELCAST,2026-10-03,,,1053.0,25.6,,,0.7869955156950673,1.763848396501458,,8.43,3.419516263552961,11.4,,7.0,3.0642750373692076,-8.870208954905745,,23.747008018115423,,1.834085154659748,0.4312080536912752,,,,0.58,,,,74.87,
NELCO,2026-10-03,,,2029.0,340.0,,,6.503205128205129,15.734513274336283,,0.46,1.1527377521613833,7.21,,9.0,1.282051282051282,-45.270259577981655,,-24.759450113759396,,-0.8403758659612626,0.5658914728682171,,,,0.11,,,,50.09,
NEOGEN,2026-10-03,Chemicals,,7232.0,203.0,,,7.809935205183585,7.789644012944984,,3.58,1.2405237767057202,6.46,,17.0,3.8876889848812093,-0.6456599186510648,,-5.838673186501076,,10.24975840069018,1.7095588235294117,,,,0.04,,,,48.31,
NEPHROPLUS,2026-10-03,,,6526.0,76.7,,,6.197530864197531,5.846846846846847,,8.83,5.794137695978187,15.3,,22.0,8.072174738841406,-70.88779758940673,,,,22.990239344188936,0.07168458781362007,,,,0.0,,,,63.85,
NESCO,2026-10-03,Services,,7245.0,17.4,,3.6866863626536226,7.618296529968454,2.418823529411765,,14.8,11.303876389265383,18.5,,51.0,43.84858044164038,4.719685454196254,,17.104266400753907,,11.939563143048314,0.09078771695594126,,,,0.68,,,,68.54,
NESTLEIND,2026-10-03,Fast Moving Consumer Goods,,252166.0,68.0,,,10.319024430167369,48.98876404494382,,74.2,28.91063571536944,85.3,,23.0,15.59520399394361,-1.0568822843607495,,,,0.058723127186799395,0.08609656777196044,,,,0.92,,,,62.76,
NETWEB,2026-10-03,Information Technology,,26872.0,103.0,,2.041697487618095,9.945225758697262,35.59055118110236,,32.8,11.574279379157428,37.5,,13.0,9.659511472982976,50.44821802673758,,2.941718803731641,,55.113260249407325,0.3900414937759336,,,,0.07,,,,66.98,
NETWORK18,2026-10-03,Media Entertainment & Publication,,3921.0,,,,1.8077455048409405,0.7962382445141065,,0.75,-0.35571365051133835,3.01,,2.2,-1.4753342554172428,,,,,-38.439013074003725,0.6685644570963807,,,,0.0,,,,56.89,
NEULANDLAB,2026-10-03,Healthcare,,27591.0,55.4,,3.014868867249562,11.631956155143339,14.71937029431896,,21.2,16.99658703071672,26.5,,32.0,20.994940978077572,18.375591921031354,,50.805948596510135,,15.015451822139392,0.16053333333333333,,,,0.16,,,,32.62,
NEWGEN,2026-10-03,Information Technology,,6503.0,19.0,,2.6558551664102477,4.039130434782609,3.648,,19.6,12.858312858312859,25.0,,26.0,19.503105590062113,7.154004570844541,,13.464890721740929,,8.977079563260082,0.021947101857062466,,,,1.31,,,,53.45,
NEXTMEDIA,2026-10-03,,,24.0,,,,0.8,-0.9572192513368983,,,540.0,-12.3,,-8.0,180.0,,,,,4.885624628838681,-1.36,,,,0.0,,,,74.99,
NFL,2026-10-03,Chemicals,,3132.0,8.6,,0.24994784599007963,0.1393238434163701,1.1018998272884284,,7.47,3.1036834924965895,9.1,,4.4,1.6192170818505338,34.40717788918786,,,,-1.546403140598518,1.3952833509327702,,,,1.63,,,,74.71,
NGIL,2026-10-03,,,67.4,41.4,,,1.5027870680044595,2.327272727272727,,5.28,3.6457168418698274,8.42,,11.06,3.634336677814938,,,4.119930909646752,,-1.6323290936149149,0.4463237832240249,,,,0.0,,,,57.29,
NGLFINE,2026-10-03,,,1807.0,31.6,,2.757324403279487,3.371268656716418,5.485928705440901,,17.4,10.458715596330276,18.6,,16.0,10.634328358208956,11.460385278720132,,2.7735978245200466,,16.498865786272066,0.3738601823708207,,,,0.06,,,,72.49,
NH,2026-10-03,Healthcare,,35587.0,41.3,,36.66005195591624,3.9227292768959434,7.842342342342342,,20.5,6.545425412594136,15.5,,19.0,9.00573192239859,1.1265668703815068,,19.009717398181536,,22.875338564544045,1.2911615605025346,,,,0.26,,,,63.27,
NHPC,2026-10-03,Power,,72073.0,19.0,,10.390704874542447,5.902784602784603,1.7427184466019416,,9.32,3.5556259218212274,5.75,,43.0,34.946764946764944,1.828557372132722,,1.4931978945393665,,8.230108467691188,1.2628086010087602,,,,2.24,,,,61.39,
NIACL,2026-10-03,Financial Services,,26403.0,34.3,,,0.528461630839438,0.9248554913294798,,4.92,0.7032234093648334,4.29,,-0.1,1.553180417117009,-11.579616380882207,,31.726383670791037,,4.898061940454146,0.0,,,,0.94,,,,85.44,
NIBE,2026-10-03,,,1914.0,,,,4.206593406593407,5.296137339055794,,1.57,-1.9908116385911179,4.87,,6.0,-2.857142857142857,,,,,17.288139184548832,0.3448275862068966,,,,0.11,,,,51.46,
NIBL,2026-10-03,,,76.0,,,,1.0,-0.6361788617886178,,,-25.6198347107438,-18.2,,-14.0,-40.78947368421053,,,,,1.3515148022100965,-1.6974789915966386,,,,0.0,,,,74.78,
NICCOPAR,2026-10-03,,,372.0,63.0,,,6.2944162436548226,3.5491071428571432,,-490.0,4.34080058758722,13.5,,8.78,10.0,-37.8488241379242,,4.076834896984272,,-9.346757589135347,0.0,,,,1.57,,,,69.57,
NIITLTD,2026-10-03,,,1164.0,82.8,,,2.8955223880597014,1.0815286624203821,,0.87,0.7182761372705506,2.24,,-1.8,2.2388059701492535,-38.51886658898279,,-47.71430837042517,,9.882316931863965,0.0065420560747663555,,,,1.18,,,,40.87,
NIITMTS,2026-10-03,,,2640.0,11.5,,1.997429373276411,1.2778315585672797,1.7053571428571428,,15.5,8.398950131233596,20.9,,18.0,12.39109390125847,5.757400063230467,,,,9.957899301163465,0.20609202851587816,,,,1.7,,,,34.25,
NILAINFRA,2026-10-03,,,259.0,10.3,,0.34899585289691337,0.8519736842105263,1.3802521008403363,,12.9,2.796420581655481,22.3,,10.0,8.223684210526317,29.513244683289752,,,,18.005056836894752,0.12834224598930483,,,,0.0,,,,61.9,
NILASPACES,2026-10-03,,,442.0,14.2,,0.43760687686159244,2.3141361256544504,2.5806451612903225,,16.9,8.791208791208792,30.5,,33.0,16.75392670157068,32.44921583919993,,,,28.03557561963266,0.4647058823529412,,,,0.0,,,,61.9,
NILE,2026-10-03,,,373.0,7.7,,0.4857551943847115,0.3466542750929368,1.1804368471035138,,19.0,13.559322033898304,25.0,,6.0,4.4609665427509295,15.85160609502758,,15.237739220613777,,8.689957157259354,0.056962025316455694,,,,0.4,,,,50.39,
NILKAMAL,2026-10-03,,,2793.0,20.8,,31.567874608063782,0.7518169582772544,1.7710501419110691,,8.22,4.964257347100873,10.6,,9.0,3.3647375504710633,0.6588977008508135,,8.384980690788968,,5.143884015396782,0.26506024096385544,,,,1.07,,,,64.54,
NIMBSPROJ,2026-10-03,,,366.0,,,,1.605263157894737,1.3125,,-18.4,-4.0196882690730105,-6.78,,-24.0,-21.49122807017544,,,,,219.35883524234973,0.9748201438848921,,,,0.0,,,,70.5,
NINSYS,2026-10-03,,,1495.0,44.5,,1.5175597224395356,8.44632768361582,16.328600405679513,,40.6,23.61111111111111,54.0,,27.0,19.2090395480226,29.323392906385614,,,,28.715759805168073,0.021739130434782608,,,,0.0,,,,47.6,
NIPPOBATRY,2026-10-03,,,236.0,,,,0.5256124721603563,0.7791563275434243,,-7.11,-6.0324825986078885,-5.47,,-4.6,-5.79064587973274,,,,,-11.189815867827113,0.11221122112211221,,,,1.19,,,,65.35,
NIRAJ,2026-10-03,,,166.0,6.99,,0.3875110044176226,0.3007246376811594,0.6210762331838565,,8.19,5.139186295503212,10.7,,3.9,4.3478260869565215,18.03819741972241,,45.515966241573615,,5.432067624113057,0.2857142857142857,,,,0.0,,,,24.89,
NIRAJISPAT,2026-10-03,,,18.0,11.8,,0.5052398673579813,5.070422535211268,1.1278195488721805,,10.7,7.014305491462851,11.3,,20.56,42.81690140845071,23.355243246549385,,15.18059548519306,,2.8814123670839464,0.2862523540489642,,,,0.0,,,,74.44,
NIRLON,2026-10-03,,,5468.0,15.3,,0.7575428420105654,8.112759643916913,11.673076923076923,,83.8,15.866666666666667,30.8,,77.0,52.967359050445104,20.196877524963284,,26.351367367727896,,3.780126277180562,2.450854700854701,,,,4.94,,,,67.66,
NITCO,2026-10-03,,,2025.0,,,,3.986220472440945,5.5394736842105265,,10.8,-2.6605504587155964,7.16,,-6.0,-5.708661417322835,,,,,16.05400089471423,0.8602739726027397,,,,0.0,,,,23.96,
NITINSPIN,2026-10-03,,,3343.0,15.8,,0.9171758398466445,1.014259708737864,2.2709923664122136,,12.8,7.2727272727272725,12.2,,15.0,6.432038834951456,17.226794812477642,,-8.267842988401974,,4.334978680656354,0.7641060503059144,,,,0.5,,,,56.71,
NITIRAJ,2026-10-03,,,206.0,,,,4.470486111111112,3.0500758725341424,,-0.35,-0.2881483337509397,0.38,,7.57,-0.4991319444444445,,,,,-1.2554218671044892,0.04735128736312519,,,,0.0,,,,69.07,
NITTAGELA,2026-10-03,,,1511.0,14.6,,1.8942512971230725,2.5610169491525423,2.955595026642984,,21.0,17.576791808873722,27.7,,24.0,17.457627118644066,7.707530686226272,,25.686735951673633,,3.444705499782419,0.007827788649706457,,,,0.42,,,,74.49,
NIVABUPA,2026-10-03,Financial Services,,13496.0,77.4,,,1.7068420386998862,3.5609756097560976,,3.46,1.5431003902092941,3.15,,2.8,2.2005817629948146,,,,,24.32180294588928,0.06603275224511358,,,,0.0,,,,55.3,
NKIND,2026-10-03,,,36.0,,,,3.1746031746031744,-0.10256410256410256,,,-0.1893568742363576,,,-9.08,-31.569664902998234,,,,,-14.368851375431667,-0.0027870204476296108,,,,0.0,,,,73.28,
NLCINDIA,2026-10-03,Power,,35110.0,10.9,,0.5432777239204879,1.9101245851694684,1.632258064516129,,11.9,5.196148029260162,8.42,,33.0,18.31782819215494,20.063403154728434,,24.041619394323234,,12.235641259697271,1.2957955865272939,,,,1.52,,,,69.47,
NMDC,2026-10-03,Metals & Mining,,65622.0,8.8,,0.8607915996498458,2.0425810066299372,1.9276485788113693,,23.4,15.436672185430464,27.6,,29.0,23.21723161203972,10.223148092499601,,-4.557329824926737,,14.668067935550066,0.18809817391814926,,,,4.69,,,,60.79,
NOCIL,2026-10-03,,,2820.0,40.5,,,2.0583941605839415,1.5943396226415094,,2.6,3.1264803410705824,3.93,,8.0,4.817518248175182,-20.82937048465997,,-17.827965517772228,,-1.760930556197693,0.0045121263395375075,,,,0.89,,,,33.76,
NOIDATOLL,2026-10-03,,,66.3,2.34,,,1.5068181818181818,-5.235294117647059,,,26.168224299065418,162.0,,28.0,63.63636363636363,,,,,27.961049656566452,-3.3076923076923075,,,,0.0,,,,26.37,
NORBTEAEXP,2026-10-03,,,107.0,,,,13.161131611316112,5.702479338842975,,-1.65,-0.8861174926156876,2.96,,16.36,-3.3210332103321036,,,,,7.305393293806084,0.4691817215727949,,,,0.0,,,,38.89,
NORTHARC,2026-10-03,,,4671.0,10.6,,,,1.1991701244813278,,11.1,2.621678112869513,9.74,,,,-7.621266377853164,,6.984656234659559,,,,,,,0.0,,,,,
NOVARTIND,2026-10-03,,,4852.0,49.6,,10.52696518365521,13.078167115902964,5.936555891238671,,11.6,10.020449897750511,16.3,,27.0,26.41509433962264,4.711709323121149,,,,3.4609275237658332,0.0036719706242350062,,,,0.0,,,,70.68,
NPST,2026-10-03,,,3686.0,82.5,,5.29238941363626,16.908256880733944,8.369668246445498,,15.0,8.858267716535433,19.7,,25.0,20.642201834862387,15.588422081608776,,94.4758813094216,,19.421404525875417,0.031746031746031744,,,,0.11,,,,60.48,
NRAIL,2026-10-03,,,1122.0,17.0,,,0.4794871794871795,1.3778705636743216,,6.04,3.052683407188577,8.49,,10.0,2.6495726495726495,-20.881963235933732,,0.3655189696456951,,21.86316243327031,1.007361963190184,,,,0.3,,,,74.28,
NRBBEARING,2026-10-03,,,5259.0,35.2,,,3.7698924731182797,5.468277945619335,,15.6,11.135693215339233,18.4,,18.0,10.824372759856631,-14.934755187322823,,15.00626086711312,,8.43903110545039,0.1600831600831601,,,,1.47,,,,44.73,
NSIL,2026-10-03,,,2654.0,47.9,,,27.081632653061224,0.1748078941132663,,0.34,0.3375232774674115,0.48,,77.0,59.183673469387756,-0.535293034943185,,-3.4712676476104765,,3.2631470185832567,0.00019771963355961247,,,,0.0,,,,55.61,
NSLNISP,2026-10-03,Metals & Mining,,12001.0,143.0,,,0.861027407088535,0.9111111111111111,,0.45,0.2974820271275277,3.06,,11.0,0.6026689625484287,,,,,65.96417265088684,0.35015940488841657,,,,0.0,,,,60.79,
NTCIND,2026-10-03,,,188.0,9.4,,0.19532547318461382,1.709090909090909,0.896551724137931,,9.31,6.25,11.1,,20.0,18.181818181818183,48.12480342036851,,12.817266899716717,,37.84186217649961,0.36666666666666664,,,,0.0,,,,54.34,
NTPC,2026-10-03,Power,,305542.0,11.0,,1.0906631037018049,1.599202340638232,1.5,,15.1,5.073758778888408,8.92,,27.0,14.829973987092993,10.08560751955856,,10.728286725191683,,2.2875601395730083,1.3338435642004962,,,,2.86,,,,51.1,
NTPCGREEN,2026-10-03,Power,,76755.0,126.0,,21.831072646922166,23.365296803652967,4.0488888888888885,,2.79,1.0036103474545395,3.56,,86.0,18.447488584474886,5.7715899735125475,,,,18.723955671828875,1.6723437911943053,,,,0.0,,,,89.01,
NUCLEUS,2026-10-03,,,1703.0,14.9,,,1.959723820483314,1.8753623188405797,,13.1,8.293838862559241,16.8,,11.0,12.082853855005753,-17.597337255238287,,21.247876968944478,,1.7060004954938535,0.009922822491730982,,,,1.93,,,,73.59,
NUVAMA,2026-10-03,Financial Services,,31394.0,29.0,,1.5324920780379816,6.427927927927928,7.5265486725663715,,27.4,3.137050244991447,17.5,,52.0,22.153972153972155,18.92342571658061,,,,15.667909603936048,2.8012618296529967,,,,1.63,,,,53.98,
NUVOCO,2026-10-03,Construction Materials,,11504.0,27.7,,0.7333663109322066,0.9922373641538726,1.2290076335877862,,4.17,1.9015715059855165,6.99,,16.0,3.329308262894601,37.77102873022569,,64.37518295172258,,2.6055191793385335,0.5262256476129309,,,,0.0,,,,72.02,
NYKAA,2026-10-03,Consumer Services,,93075.0,350.0,,3.473782524972861,8.740257301155038,64.74103585657372,,15.3,5.6170028193450445,17.2,,8.0,2.4321532538266504,100.7547241325173,,44.761273215532604,,18.584147995701382,0.8609179415855355,,,,0.0,,,,52.07,
OAL,2026-10-03,,,1791.0,337.0,,,1.6816901408450704,2.700507614213198,,0.5,0.41876046901172526,4.47,,7.0,0.4694835680751174,-16.180618206672015,,-36.85653801292936,,8.146509142631153,0.606015037593985,,,,0.09,,,,74.17,
OBCL,2026-10-03,,,115.0,,,,0.33430232558139533,1.3668341708542715,,-8.18,-4.651162790697675,-0.57,,0.4,-2.3255813953488373,,,,,1.0891945807417702,0.8571428571428571,,,,0.0,,,,72.19,
OBEROIRLTY,2026-10-03,Realty,,63798.0,24.1,,2.206359116190666,10.09142676368238,3.559837728194726,,14.6,10.3841749911162,17.3,,56.0,41.600759253400824,10.922972522083917,,20.219020711762514,,12.032165241703252,0.15762749693114608,,,,0.46,,,,67.71,
ODIGMA,2026-10-03,,,66.0,,,,1.3692946058091287,1.2339181286549707,,-1.58,-1.6592214422463305,-2.18,,-3.98,-2.1576763485477177,,,,,4.415601552136672,0.0,,,,0.0,,,,27.45,
ODYCORP,2026-10-03,,,61.8,9.03,,,,0.3155251141552512,,2.73,7.731958762886598,6.57,,,,-3.4117820646152652,,-11.727691521271556,,,,,,,0.72,,,,48.24,
OFSS,2026-10-03,Information Technology,,90760.0,26.6,,1.7424248242608185,10.146450531022918,11.590656284760845,,32.6,34.55852571891454,45.3,,50.0,38.15539407490218,15.266081858816726,,12.357957509799999,,11.964103955991412,0.0040884119074996806,,,,3.84,,,,72.41,
OIL,2026-10-03,Oil Gas & Consumable Fuels,,72221.0,8.65,,0.895657174619338,1.8748474857869732,1.2436974789915967,,12.2,7.671133647229265,11.5,,35.0,24.74234832948262,9.657713068257756,,8.245601046954686,,6.65695172920735,0.6461835548888774,,,,2.59,,,,56.66,
OLAELEC,2026-10-03,Automobile and Auto Components,,17162.0,,,,9.12872340425532,4.881578947368421,,-43.2,-22.354904982023626,-19.9,,-49.0,-92.6063829787234,,,,,-27.87153202102012,0.8245299910474485,,,,0.0,,,,32.96,
OLECTRA,2026-10-03,Automobile and Auto Components,,8998.0,50.7,,1.5761006536040256,3.54251968503937,7.306666666666667,,15.6,7.012076353720296,21.0,,14.0,7.086614173228346,32.167996304084845,,38.04971021852144,,30.079632893525066,0.30944625407166126,,,,0.05,,,,50.02,
OMAXAUTO,2026-10-03,,,430.0,,,,0.3926940639269406,2.129237288135593,,-2.97,0.0,3.26,,4.6,0.0,-77.48932581766499,,-57.68764220701365,,-5.242878930991235,1.592039800995025,,,,2.49,,,,54.63,
OMAXE,2026-10-03,,,1990.0,,,,1.4451706608569355,-2.210953346855984,,,-3.08679336642053,-112.0,,-38.0,-37.03703703703704,,,,,-5.155939993799552,-1.6270810210876803,,,,0.0,,,,74.14,
OMINFRAL,2026-10-03,,,733.0,22.7,,,1.4096153846153847,0.9608585858585857,,2.73,2.2540983606557377,4.7,,8.0,6.346153846153846,-11.965188571953655,,4.026125343417397,,-22.42781028320664,0.1127129750982962,,,,0.66,,,,67.05,
OMNI,2026-10-03,,,7527.0,72.4,,2.1465218465469964,13.090434782608696,11.072727272727272,,18.0,8.286852589641434,17.6,,34.0,18.086956521739133,33.7289835258217,,,,47.82547419127556,0.6397058823529411,,,,0.0,,,,74.19,
OMPOWER,2026-10-03,,,540.0,12.8,,,1.2026726057906458,,,38.2,11.695906432748536,42.7,,13.0,8.908685968819599,-47.54553631609832,,,,55.24645726045492,0.35036496350364965,,,,0.0,,,,69.05,
ONEGLOBAL,2026-10-03,,,1027.0,13.9,,0.2492029000321317,2.0019493177387915,7.261410788381743,,65.3,29.133858267716533,87.0,,19.0,14.42495126705653,55.77784206446941,,91.22201157084868,,101.18345949587253,0.0,,,,0.19,,,,68.4,
ONEPOINT,2026-10-03,,,1955.0,42.5,,2.357353628689895,4.851116625310174,4.376470588235295,,7.17,5.376344086021505,9.59,,23.0,11.166253101736972,18.02869093663282,,56.871742653604976,,33.33741817550779,0.49217002237136465,,,,0.0,,,,52.3,
ONESOURCE,2026-10-03,Healthcare,,17293.0,,,,11.207388204795853,2.9626719056974458,,-1.09,-0.5900770712909441,0.59,,22.0,-3.175631885936488,,,,,107.78418684982628,0.21883038929857657,,,,0.0,,,,30.48,
ONGC,2026-10-03,Oil Gas & Consumable Fuels,,279748.0,6.4,,,0.39729990356798456,0.75,,11.6,5.7017421035078835,14.2,,13.0,6.3615305848552035,-3.9701815760675996,,-0.9002872184544986,,5.386457558864244,0.46888382001678464,,,,5.96,,,,58.89,
ONIDA,2026-10-03,,,1158.0,,,,1.5236842105263158,5.424610051993068,,-26.4,-3.225806451612903,-3.46,,-0.4,-2.5,,,,,-16.575941267217598,1.4492753623188406,,,,0.0,,,,40.51,
ONIXSOLAR,2026-10-03,,,1252.0,27.7,,,7.587878787878788,1.619047619047619,,8.08,3.5838150289017343,11.3,,28.0,18.787878787878785,,,,,,0.07364341085271318,,,,0.0,,,,50.22,
ONWARDTEC,2026-10-03,,,648.0,14.4,,1.8265715760053884,1.1571428571428573,2.6216216216216215,,19.5,11.716621253405995,22.9,,13.0,7.678571428571429,7.88362207600537,,11.958381849355092,,5.864091808676575,0.15810276679841898,,,,2.75,,,,39.97,
OPTIEMUS,2026-10-03,Telecommunication,,7247.0,99.7,,13.383567652078842,3.270306859205776,9.178082191780822,,9.15,3.9803707742639043,10.9,,4.6,3.2942238267148016,7.449433707948105,,,,13.191930591593515,0.4800514800514801,,,,0.0,,,,71.4,
OPTIFIN,2026-10-03,,,108.0,19.1,,5.916955292745877,,1.6328828828828827,,9.34,5.154639175257731,11.6,,,,3.228011545636722,,10.376996822418217,,,,,,,0.0,,,,53.89,
ORCHASP,2026-10-03,,,44.3,56.1,,,2.8433889602053912,0.36363636363636365,,0.9,0.34045854163075334,0.83,,-25.03,5.070603337612323,-15.65673346982508,,24.57309396155174,,5.548125557418904,0.06017568344142517,,,,0.0,,,,18.48,
ORCHPHARMA,2026-10-03,,,5929.0,328.0,,,5.525629077353215,3.3,,1.49,0.48715677590788303,1.86,,4.1,1.0251630941286114,-51.289626931438036,,,,9.422157449386015,0.20210664911125742,,,,0.0,,,,69.84,
ORICONENT,2026-10-03,,,785.0,47.3,,,17.444444444444443,0.6821282401091405,,1.17,2.3596419853539463,1.64,,-130.0,64.44444444444444,-1.2368760369624199,,-25.72568013597931,,-32.45085038592865,0.0026064291920069507,,,,0.4,,,,65.7,
ORIENTALTL,2026-10-03,,,35.4,14.1,,,1.293859649122807,0.35367647058823526,,2.34,1.46419251957089,3.84,,13.49,7.383040935672515,,,,,95.70762331046842,0.028760396833350035,,,,0.0,,,,25.85,
ORIENTBELL,2026-10-03,,,588.0,26.6,,0.1437449993361902,0.7819148936170213,1.78125,,4.14,3.977272727272727,5.86,,7.0,2.7925531914893615,185.0499156341991,,-8.43468918846144,,3.717645202093367,0.09422492401215805,,,,0.25,,,,65.92,
ORIENTCEM,2026-10-03,Construction Materials,,2381.0,11.2,,1.834131126655712,0.9407348873962861,1.1153846153846154,,17.3,6.670922438557294,16.5,,20.0,8.257605689450811,6.106433633467456,,-4.5327942555648875,,-7.37513894806675,0.033550792171481825,,,,0.43,,,,72.66,
ORIENTCER,2026-10-03,,,528.0,15.7,,1.3940008628731233,1.3037037037037038,1.743083003952569,,9.13,6.25,11.4,,13.0,6.419753086419753,11.262546830596154,,30.892225486727387,,8.969149658257525,0.13245033112582782,,,,0.79,,,,63.9,
ORIENTELEC,2026-10-03,,,3296.0,27.6,,2.0459307980786714,0.939834616481323,4.325842696629214,,14.2,6.5986802639472115,19.9,,7.0,3.136583974907328,13.490192349574626,,-2.8740959836750957,,7.639948964220511,0.12236842105263158,,,,0.97,,,,38.3,
ORIENTHOT,2026-10-03,,,2500.0,37.2,,3.6135067553664557,5.020080321285141,3.2786885245901636,,9.49,6.829765545361875,12.1,,26.0,13.453815261044177,10.294708857193612,,,,8.212873820510126,0.17191601049868765,,,,0.46,,,,68.53,
ORIENTPPR,2026-10-03,,,344.0,2.18,,0.22664931053774276,0.2130030959752322,0.4175257731958763,,22.1,9.19674039580908,22.2,,19.0,9.78328173374613,9.618383549580557,,,,10.87102402588247,0.6670967741935484,,,,0.0,,,,38.73,
ORIENTTECH,2026-10-03,,,1050.0,42.7,,,1.206896551724138,3.1198910081743865,,7.32,0.8771929824561403,,,5.0,0.5747126436781609,,,,,,0.18397626112759644,,,,0.0,,,,70.66,
ORIRAIL,2026-10-03,,,833.0,17.7,,1.373611104595154,1.4047217537942664,1.9808306709265175,,11.0,5.522914218566393,12.0,,15.0,7.925801011804384,12.885743236049873,,19.422966196997503,,4.077371722162182,0.7595238095238095,,,,0.08,,,,57.69,
ORISSAMINE,2026-10-03,,,2123.0,640.0,,114.89171544498623,20.611650485436893,-38.84742041712404,,,0.5172413793103449,9.64,,17.0,2.912621359223301,5.570462565740453,,,,7.896607754199958,-3.8970588235294117,,,,0.0,,,,50.01,
ORKLAINDIA,2026-10-03,Fast Moving Consumer Goods,,7359.0,24.1,,,2.8623103850641773,2.671641791044776,,11.2,8.641975308641975,14.9,,16.0,11.435239206534423,-49.71268245585676,,-25.719445468773884,,2.953772158385237,0.02290909090909091,,,,0.0,,,,75.0,
ORTINGLOBE,2026-10-03,,,11.8,,,,,,,,,,,,,,,,,,,,,,0.0,,,,1.23,
OSWALAGRO,2026-10-03,,,444.0,,,,,0.4955089820359282,,-2.0,-3.7694013303769403,2.03,,-56333.0,,,,,,,0.0,,,,0.0,,,,51.88,
OSWALGREEN,2026-10-03,,,495.0,11.8,,0.9156070989061019,4.805825242718447,0.2185730464326161,,1.87,1.8181818181818181,3.11,,69.0,40.77669902912621,12.887623975499697,,,,20.409773010338284,0.0,,,,0.0,,,,70.65,
OSWALPUMPS,2026-10-03,Capital Goods,,3013.0,8.95,,,1.4886363636363635,1.7837837837837838,,35.2,15.65703634669152,38.2,,22.0,16.600790513833992,-43.91117774987418,,0.356931310270614,,38.672254870126935,0.1408199643493761,,,,0.0,,,,75.65,
OSWALSEEDS,2026-10-03,,,113.0,9.28,,,0.4232209737827715,2.2222222222222223,,15.4,8.51063829787234,14.4,,8.0,4.49438202247191,,,17.652165683240618,,-0.24844822862550853,1.2156862745098038,,,,0.0,,,,66.63,
PACEDIGITK,2026-10-03,,,3612.0,12.0,,,1.2763250883392225,1.6372549019607843,,17.6,5.9277380504328185,21.4,,16.0,11.130742049469964,-67.89002692900911,,-7.911415338582472,,5.153069324504811,0.44449478930675124,,,,0.0,,,,69.52,
PACIFICI,2026-10-03,,,93.7,34.0,,,0.5544378698224852,0.2115085536547434,,0.41,0.5434782608695652,1.09,,4.8,1.7751479289940828,-38.500860796975125,,-29.52755235992972,,-3.8289477484672707,0.13318284424379231,,,,0.0,,,,71.6,
PAGEIND,2026-10-03,Textiles,,40890.0,52.3,,5.275102615427235,7.641562324799103,27.216035634743875,,54.3,26.47058823529412,64.4,,21.0,14.12820033638572,9.914499074775662,,7.094503059250079,,5.40743961906931,0.18442077230359522,,,,1.5,,,,42.89,
PAISALO,2026-10-03,,,7304.0,29.0,,2.517403694001152,,4.055837563451777,,14.4,3.984126984126984,12.4,,,,11.519805134593852,,25.121895365706372,,,,,,,0.13,,,,46.71,
PAKKA,2026-10-03,,,344.0,24.7,,,0.8775510204081632,0.7019417475728155,,1.49,1.2533572068039391,3.31,,10.0,3.571428571428571,-35.09159220047997,,-21.446301658081968,,-1.0816155914895265,0.9935205183585313,,,,0.0,,,,39.27,
PALASHSECU,2026-10-03,,,84.5,5.23,,,2.3472222222222223,0.17458677685950413,,3.0,2.480916030534351,2.65,,-24.0,36.11111111111111,,,,,-4.242481876573024,0.0,,,,0.0,,,,72.18,
PANACEABIO,2026-10-03,,,2199.0,,,,3.2674591381872213,2.639705882352941,,-2.42,-0.7131537242472267,-2.43,,0.3,-1.337295690936107,,,,,6.381902322302602,0.02874251497005988,,,,0.0,,,,72.48,
PANAMAPET,2026-10-03,,,2947.0,6.15,,0.1763769063236093,0.7177301509985388,2.0041152263374484,,15.6,24.960917144346016,19.2,,15.0,11.665854846566,34.8685104427233,,15.755016508659558,,20.324238226420775,0.07556160653505786,,,,0.62,,,,63.16,
PANCHMAHQ,2026-10-03,,,549.0,137.0,,13.378455881086744,1.4040920716112533,3.6455696202531644,,-1.48,1.7857142857142856,3.1,,5.0,1.0230179028132993,10.24034471673807,,-41.578420574478905,,-2.9688907707561607,0.23178807947019867,,,,0.0,,,,73.81,
PANORAMA,2026-10-03,,,1587.0,65.7,,,4.470422535211267,7.190082644628099,,7.59,2.3142509135200973,8.7,,10.0,5.352112676056338,-17.35814168724272,,98.30484019293976,,-6.90524238544673,0.5882352941176471,,,,0.0,,,,66.61,
PANSARI,2026-10-03,,,454.0,23.0,,0.4121077261922307,4.881720430107527,2.941176470588235,,3.16,4.132231404958678,7.18,,14.0,21.50537634408602,55.81064983302808,,40.172643511055654,,18.421795224156124,0.6493506493506493,,,,0.0,,,,73.88,
PAR,2026-10-03,,,153.0,10.5,,,1.4036697247706422,1.3626373626373627,,9.95,10.852713178294573,14.6,,18.0,12.844036697247708,0.0,,9.47947208372879,,4.324206065175806,0.0,,,,0.0,,,,73.41,
PARACABLES,2026-10-03,,,1849.0,30.4,,,0.9282128514056225,2.215686274509804,,8.01,5.403011514614704,12.4,,4.3,3.0622489959839356,-10.821472766519502,,36.63316893604747,,23.094701767637616,0.15809768637532134,,,,0.0,,,,45.88,
PARADEEP,2026-10-03,Chemicals,,15704.0,14.4,,0.13217838264765924,0.6697658549068111,2.312404287901991,,16.2,5.976806422836753,15.4,,10.0,4.572013477203907,108.94368437224186,,10.148186817349213,,26.528617048452,1.0181335692171605,,,,0.99,,,,57.86,
PARAGMILK,2026-10-03,,,3316.0,24.6,,2.258574998169943,0.8478649961646638,2.613861386138614,,12.1,5.699254712845243,13.4,,7.0,3.323958066990539,10.891823393038823,,,,7.6049293655613415,0.48212867355043687,,,,0.42,,,,40.49,
PARAS,2026-10-03,Capital Goods,,10283.0,111.0,,2.6551076612490743,20.123287671232877,14.177777777777777,,12.4,9.95850622406639,17.2,,26.0,18.786692759295498,41.80621434679637,,27.561502906008982,,26.23963431930165,0.037241379310344824,,,,0.08,,,,53.2,
PARASPETRO,2026-10-03,,,67.5,,,,,4.04,,7.38,-2.144638403990025,6.15,,-885.71,,,,,,,0.20216606498194944,,,,0.0,,,,40.19,
PARKHOSPS,2026-10-03,Healthcare,,11697.0,42.1,,,6.661161731207289,5.790598290598291,,16.8,10.618519842688595,19.5,,27.0,16.91343963553531,-12.744195105380275,,-10.82949189123884,,12.569866975161936,0.18001978239366964,,,,0.0,,,,82.89,
PARKHOTELS,2026-10-03,,,2209.0,34.3,,,3.0766016713091924,1.6534181240063592,,5.09,3.11587147030185,9.43,,31.0,8.913649025069638,-2.440004365244264,,,,7.435702227910235,0.2779433681073025,,,,0.72,,,,68.21,
PARNAXLAB,2026-10-03,,,130.0,13.0,,,0.5158730158730159,1.3647342995169083,,14.2,3.9473684210526314,13.8,,10.0,3.571428571428571,-2.3653441214960935,,-1.4965062792941408,,10.064241629820891,0.8736842105263158,,,,0.0,,,,72.3,
PASHUPATI,2026-10-03,,,1247.0,79.7,,3.4954530672234614,1.7839771101573676,7.596153846153846,,6.53,5.211726384364821,9.99,,4.8,2.28898426323319,22.801049954679552,,,,1.8806965224098304,0.6036585365853658,,,,0.06,,,,65.99,
PATANJALI,2026-10-03,Fast Moving Consumer Goods,,38644.0,17.8,,,0.9038686438695794,2.9583333333333335,,16.0,10.477608765024996,12.1,,4.6,4.607755999438648,,,,,49.75942208452444,0.2129495304268153,,,,1.41,,,,68.25,
PATELENG,2026-10-03,,,2572.0,6.55,,,0.4994174757281553,0.578125,,8.95,3.0140726738080237,13.3,,14.0,5.572815533980583,-3.9128635688876146,,27.196014035823346,,4.261259927198036,0.27387387387387385,,,,0.0,,,,31.49,
PATELRMART,2026-10-03,,,705.0,16.9,,1.6081254719167877,0.6,1.9357798165137614,,15.6,6.774193548387098,15.6,,6.0,3.5744680851063833,10.509130223437246,,-16.012717979774393,,13.015450506690684,0.4490358126721763,,,,0.0,,,,70.0,
PAUSHAKLTD,2026-10-03,,,1603.0,37.8,,,6.516260162601626,3.2663316582914574,,6.98,6.363636363636363,8.3,,28.0,17.073170731707318,-8.020003875679226,,2.3702298154996804,,6.093626702436605,0.15682281059063136,,,,0.38,,,,67.28,
PAVNAIND,2026-10-03,,,214.0,28.3,,,0.6504559270516718,1.0547945205479452,,2.64,2.15633423180593,5.49,,10.0,2.43161094224924,-14.69820520141647,,-3.640157685769696,,1.567652912590356,0.553921568627451,,,,0.0,,,,61.5,
PAYTM,2026-10-03,Financial Services,,106250.0,131.0,,,11.849001895840303,6.624,,4.64,2.7137779636211583,4.96,,7.0,7.237649158023865,,,,,-3.4983905125981263,0.010732559590665169,,,,0.0,,,,,
PBMPOLY,2026-10-03,,,40.5,22.0,,,0.25471698113207547,0.3563636363636363,,-7.84,1.5267175572519083,-7.77,,-1.3,1.257861635220126,,,-39.10644229761526,,-6.092856144473203,0.008771929824561403,,,,0.0,,,,68.24,
PCBL,2026-10-03,Chemicals,,12650.0,47.8,,,1.4797052286817172,3.156862745098039,,5.56,2.2930500221336874,7.75,,13.0,3.0295941045736345,-20.084639863137344,,-10.072022221750142,,10.017075522602736,1.245381927109336,,,,1.87,,,,53.38,
PCJEWELLER,2026-10-03,Consumer Durables,,12574.0,16.2,,,3.5874465049928674,1.3544973544973546,,9.96,8.212201591511937,9.6,,22.0,22.082738944365193,,,,,79.70094511244896,0.14276975776853437,,,,0.0,,,,38.5,
PDMJEPAPER,2026-10-03,,,907.0,9.96,,,1.1142506142506143,1.3560283687943262,,12.8,9.891304347826086,18.1,,15.0,11.179361179361178,-2.4787282574332936,,21.37896912764523,,1.2165622501895568,0.06716417910447761,,,,0.63,,,,71.56,
PDSL,2026-10-03,,,4916.0,41.8,,,0.36269735871329495,2.784,,6.48,3.5320926699582227,12.5,,3.1,1.3722886232846392,-8.730230454730215,,-15.315382418435842,,9.325389792843852,0.7169597277368123,,,,0.95,,,,61.37,
PEARLPOLY,2026-10-03,,,28.8,,,,1.4523449319213315,0.994186046511628,,-17.0,-14.754098360655735,-17.2,,-36.66,-26.77760968229955,,,,,6.535158264743535,0.0,,,,0.0,,,,55.58,
PENIND,2026-10-03,,,2352.0,16.5,,1.261838944956497,0.6452674897119342,2.0185614849187936,,12.4,4.001127078050155,15.2,,10.0,3.8957475994513033,13.076153708799065,,29.09179989143955,,5.197355311198071,0.999140154772141,,,,0.0,,,,39.67,
PERMAGN,2026-10-03,,,741.0,56.2,,,3.139830508474576,4.704918032786885,,10.5,4.25531914893617,13.8,,16.0,5.084745762711865,-14.972111932897182,,,,5.496645019095925,0.5569620253164557,,,,0.26,,,,58.01,
PERSISTENT,2026-10-03,Information Technology,,84664.0,42.5,,2.141554035318373,5.386435933324851,10.798792756539235,,27.2,16.951692524682652,34.4,,18.0,12.2343809644993,19.84540165650397,,22.030523182301366,,16.967655469149957,0.06085736157182955,,,,0.75,,,,30.29,
PETRONET,2026-10-03,Oil Gas & Consumable Fuels,,42825.0,10.2,,2.1071695127812182,1.1520458397223792,1.919463087248322,,18.3,15.317414094350612,22.6,,15.0,11.320044118042667,4.840616731654013,,4.129698441189755,,-10.999449644723757,0.10504823872560018,,,,3.5,,,,50.0,
PFC,2026-10-03,Financial Services,,104943.0,4.03,,0.4178556224306709,,0.7344110854503464,,20.7,2.7030827291799073,9.71,,,,9.64447953711247,,13.196231419429537,,,,,,,5.83,,,,55.99,
PFIZER,2026-10-03,Healthcare,,17654.0,115.0,,,26.03834808259587,12.778145695364238,,19.8,27.322404371584703,27.2,,-12.0,44.24778761061947,,,,,,0.0,,,,1.94,,,,63.92,
PFOCUS,2026-10-03,Media Entertainment & Publication,,23484.0,132.0,,,4.774141085586502,11.226765799256507,,15.7,1.3649628165301704,11.3,,30.0,2.9477536084570035,,,,,7.577950040063253,2.7367161321206317,,,,0.0,,,,60.73,
PFS,2026-10-03,,,1850.0,8.23,,0.7126558460579318,,0.6,,11.0,4.499596448748991,11.8,,,,11.548351207001794,,11.428329837081975,,,,,,,0.0,,,,64.99,
PGEL,2026-10-03,Consumer Durables,,13796.0,67.0,,5.749832760419998,2.37126160192506,4.4953271028037385,,6.7,3.463349024882313,10.3,,7.0,3.5407356479889995,11.652512828061102,,32.58198574828801,,28.437268667995387,0.19580190226303706,,,,0.05,,,,43.37,
PGHH,2026-10-03,,,21551.0,27.2,,5.023587574141671,5.076796230859835,28.61637931034483,,115.0,43.8470066518847,157.0,,25.0,18.63368669022379,5.414457217787705,,6.550589757796699,,0.3081318359616114,0.0013280212483399733,,,,3.46,,,,70.64,
PGHL,2026-10-03,,,8897.0,26.7,,1.2658856397923657,6.208653175157013,16.962025316455698,,61.9,42.44946492271106,83.9,,33.0,24.912770411723656,21.09195266989474,,13.137618050982303,,7.578038710233259,0.017142857142857144,,,,2.89,,,,51.82,
PGIL,2026-10-03,Textiles,,11668.0,37.2,,1.97468709147519,2.191173708920188,7.993670886075949,,21.0,9.368258859784284,19.9,,10.0,5.708920187793427,18.838427698542226,,33.72175484160347,,15.723657778536705,0.6458904109589041,,,,0.57,,,,59.91,
PHOENIXLTD,2026-10-03,Realty,,69032.0,53.2,,10.274134255538199,15.188558855885589,6.286644951140065,,11.0,7.150377259168275,12.4,,60.0,35.863586358635864,5.178051860800137,,40.019334971138896,,4.594347726260395,0.4843934843934844,,,,0.13,,,,47.25,
PHOENXINTL,2026-10-03,,,47.3,17.1,,3.3325152708233783,1.63216011042098,0.13364928909952606,,0.71,0.6315549475604195,2.62,,48.52,9.55831608005521,5.131259307260438,,7.675232594309245,,1.8244354259910889,0.14413830057249216,,,,0.0,,,,70.22,
PICCADIL,2026-10-03,Fast Moving Consumer Goods,,5728.0,40.8,,5.8021231147906,5.328372093023256,6.356673960612691,,17.4,8.60280658938377,18.0,,22.0,13.116279069767442,7.031908698385569,,35.6911634828607,,13.153550669519198,0.5893451720310766,,,,0.17,,,,68.56,
PIDILITIND,2026-10-03,Chemicals,,149114.0,56.3,,3.693183513009871,9.683356062081954,13.81132075471698,,23.9,17.37775180206507,31.0,,24.0,17.37775180206507,15.244300696586999,,16.976378098287736,,7.536413666508013,0.03849704579025111,,,,0.79,,,,69.24,
PIGL,2026-10-03,,,199.0,13.6,,0.7784850528813754,0.8805309734513275,1.302357836338419,,10.8,6.41025641025641,15.5,,11.0,6.637168141592921,17.469828032873423,,17.638999005162994,,32.57009524278109,0.09210526315789473,,,,0.0,,,,50.7,
PIIND,2026-10-03,Chemicals,,33924.0,31.4,,,5.206261510128914,3.0216216216216214,,11.2,8.690787019768743,15.0,,24.0,17.879066912216082,-11.508553221137364,,6.666009296104614,,-5.273660862207885,0.030454140694568123,,,,0.67,,,,46.09,
PILANIINVS,2026-10-03,,,4310.0,,,,17.379032258064516,0.2715222547788475,,0.2,-0.061283897655890915,1.41,,87.0,-4.838709677419355,,,,,-4.640957302846194,0.15065213282086826,,,,0.23,,,,58.68,
PILITA,2026-10-03,,,175.0,55.8,,,1.7326732673267327,2.0868347338935576,,5.09,2.727272727272727,7.67,,7.0,2.9702970297029703,-11.209599825739925,,4.941452284458392,,2.0624343742738693,0.17857142857142858,,,,0.0,,,,50.09,
PINELABS,2026-10-03,Financial Services,,19352.0,150.0,,,6.833333333333333,3.274853801169591,,2.46,0.9557495484647802,4.15,,14.0,4.484463276836158,,,,,16.96070952851465,0.07479647218453189,,,,0.0,,,,,
PIONEEREMB,2026-10-03,,,61.8,,,,0.1780979827089337,0.39644970414201186,,-2.61,-0.0,2.19,,4.1,-0.0,,,,,1.0795731194393587,0.5833333333333334,,,,0.0,,,,32.71,
PIRAMALFIN,2026-10-03,Financial Services,,47877.0,107.0,,,3.8051979017644255,1.6288244766505635,,0.86,1.5296799522370779,6.47,,59.0,13.43983468446988,,,212.57059516925514,,23.196882324136748,2.8417294301548957,,,,0.54,,,,44.22,
PITTIENG,2026-10-03,,,4232.0,34.0,,5.980899599463943,2.1319899244332494,4.290076335877862,,12.5,5.799812909260991,14.8,,16.0,6.246851385390428,5.684763543438742,,15.348593750516182,,16.854841383992603,0.8216818642350557,,,,0.22,,,,54.17,
PIXTRANS,2026-10-03,,,2466.0,18.7,,1.1220764452619743,4.0426229508196725,3.540117416829746,,16.4,15.903614457831324,21.7,,25.0,21.639344262295083,16.665531193495518,,13.870332606833502,,7.356325538723474,0.03443328550932568,,,,0.5,,,,62.06,
PKTEA,2026-10-03,,,321.0,382.0,,,5.977653631284916,1.6796116504854368,,0.45,2.369980250164582,1.5,,11.21,10.05586592178771,-22.049142178166147,,13.013693532220838,,-9.64181014719725,0.11259282501830353,,,,0.07,,,,66.33,
PLASTIBLEN,2026-10-03,,,503.0,11.8,,1.6107423350084238,0.6202219482120839,1.1213872832369942,,7.59,7.706093189964158,10.7,,8.0,5.30209617755857,7.325814777158812,,3.0767159442075753,,1.2643563871623575,0.04899777282850779,,,,1.55,,,,62.82,
PLATIND,2026-10-03,,,1109.0,21.9,,4.498718570371523,2.4977477477477477,2.5030978934324657,,12.7,8.925318761384334,15.7,,13.0,11.036036036036036,4.868052903827547,,-44.129627328699684,,18.92130903339455,0.022573363431151242,,,,0.0,,,,70.03,
PLAZACABLE,2026-10-03,,,250.0,23.3,,0.5434151205260788,0.7288629737609329,1.929054054054054,,5.7,6.0109289617486334,8.38,,6.0,3.206997084548105,42.87698137188993,,4.67098102600354,,19.89848104869061,0.24615384615384617,,,,0.0,,,,69.83,
PML,2026-10-03,,,146.0,7.1,,,0.07083939835031539,0.16259883121347543,,-31.8,-1.0638297872340425,-30.8,,-0.3,-0.4852013585638039,,,,,-31.830834493462735,0.011148272017837236,,,,0.0,,,,74.66,
PNB,2026-10-03,Financial Services,,125928.0,5.7,,0.1756042474810937,,0.8088235294117647,,13.0,1.088558626214817,6.13,,,,32.459351534840785,,40.50418280727839,,,,,,,2.74,,,,70.08,
PNBGILTS,2026-10-03,,,1289.0,12.7,,0.928696882139199,0.7378362907842015,0.7536842105263157,,11.0,0.376940133037694,6.15,,83.0,5.838580423583286,13.675075521677527,,-9.246227776462746,,3.4714187312061995,14.55204678362573,,,,2.79,,,,74.07,
PNBHOUSING,2026-10-03,Financial Services,,28480.0,12.3,,0.8069951486020136,,1.4796747967479675,,12.7,2.47561810248952,9.4,,,,15.241727315595055,,22.44880653600745,,,,,,,0.73,,,,28.03,
PNC,2026-10-03,,,26.2,7.29,,,1.4555555555555555,0.4299287410926366,,7.39,-20.0,-0.13,,-10.0,-77.77777777777779,,,,,-32.295920600976515,0.016666666666666666,,,,0.0,,,,59.71,
PNCINFRA,2026-10-03,Construction,,3544.0,5.84,,,0.6290379836705715,0.518796992481203,,2.41,5.282147496031174,7.97,,23.0,12.99254526091587,-6.97223729208395,,4.759224215339475,,-13.317070846363654,0.758843387641274,,,,0.43,,,,56.07,
PNGJL,2026-10-03,Consumer Durables,,8566.0,19.1,,0.5354234597317178,0.74890715159993,4.0137931034482754,,23.5,8.984689766317485,21.0,,6.0,3.899283091449554,35.67269915586133,,25.78352691901746,,23.576323203251558,0.8848700967906266,,,,0.0,,,,76.62,
PNGSREVA,2026-10-03,,,1599.0,18.9,,,3.1789264413518885,3.0920245398773005,,21.0,11.748251748251748,22.0,,23.0,16.69980119284294,,,,,36.910672772669685,0.32945736434108525,,,,0.0,,,,64.77,
POCL,2026-10-03,,,3333.0,23.3,,0.42689734237906235,1.0130699088145896,4.242718446601942,,19.2,14.547304170905392,23.4,,7.0,4.346504559270517,54.57986660247425,,135.14036645076493,,28.7649765462052,0.19289340101522842,,,,0.46,,,,36.39,
PODDARMENT,2026-10-03,,,269.0,17.7,,,0.7192513368983957,0.7696969696969697,,5.16,3.640776699029126,7.25,,6.0,4.010695187165775,-19.138543799201614,,-6.439033795222803,,0.4496463347708701,0.017094017094017096,,,,1.58,,,,62.43,
POEL,2026-10-03,,,420.0,11.5,,,0.2754098360655738,2.151898734177215,,28.4,9.863013698630137,26.6,,4.2,2.360655737704918,,,,,,0.6907216494845361,,,,0.88,,,,40.29,
POKARNA,2026-10-03,,,2167.0,22.8,,8.155957823874848,3.6728813559322036,2.532608695652174,,9.85,5.889646621202728,11.5,,30.0,16.101694915254235,2.795502440345854,,3.9250852493571076,,-4.9471612627978505,0.5344224037339557,,,,0.09,,,,56.66,
POLICYBZR,2026-10-03,Financial Services,,45350.0,60.6,,0.4967725068003647,6.183528770111808,6.2025316455696204,,9.75,8.59078902032847,10.3,,8.0,10.199072811562585,121.98742718335053,,,,28.729577664944593,0.04923413566739606,,,,0.0,,,,,
POLYCAB,2026-10-03,Capital Goods,,120406.0,42.0,,2.469145176485862,3.8606515326407593,10.012531328320803,,23.0,14.194967016858051,33.2,,14.0,9.314479928177505,17.00993542217524,,25.62603464784383,,20.021308065180854,0.01965192772087601,,,,0.59,,,,61.46,
POLYMED,2026-10-03,Healthcare,,16604.0,51.9,,10.526006756776702,8.314471707561342,5.352941176470588,,9.02,8.106708106708107,12.5,,23.0,15.673510265398097,4.930644754392399,,15.265535845522127,,13.246587005601441,0.11397295556986478,,,,0.21,,,,62.42,
POLYPLEX,2026-10-03,,,3227.0,20.8,,0.3459619030687561,0.4245494013945533,0.7609178386380459,,0.54,3.0665163472378807,0.89,,8.0,3.5784765162478624,60.12222679867219,,-22.86676662716379,,6.4182143002230685,0.2205188679245283,,,,0.29,,,,26.72,
POLYSPIN,2026-10-03,,,29.5,5.21,,,0.13288288288288289,0.4238505747126437,,8.29,3.6809815950920246,7.63,,4.6,2.7027027027027026,,,-9.29795017531121,,3.1970307479940896,1.0142857142857142,,,,0.0,,,,47.03,
PONNIERODE,2026-10-03,,,320.0,10.7,,5.860479157646894,0.7174887892376681,0.5627836611195158,,-2.14,7.515337423312883,7.27,,10.0,10.986547085201794,1.825789276298062,,11.082874541065557,,1.9414768347194133,0.0,,,,1.34,,,,47.34,
POONAWALLA,2026-10-03,Financial Services,,38165.0,48.5,,,,3.409448818897638,,5.86,1.3057472790018583,7.51,,,,-24.424498565328058,,13.867910589603905,,,,,,,0.0,,,,59.02,
POWERGRID,2026-10-03,Power,,236747.0,14.9,,21.52768628458647,5.033635957731805,2.361111111111111,,15.3,5.394435885079783,9.1,,73.0,33.79754640358897,0.6921319738233178,,-1.1308730555085078,,0.8578912317729115,1.4734312496268434,,,,3.54,,,,51.34,
POWERICA,2026-10-03,,,7456.0,26.5,,,2.347607052896725,,,17.4,7.402696514881709,15.7,,12.0,9.162468513853904,-33.48967204615716,,33.68905994049876,,12.848573435636101,0.287292817679558,,,,0.0,,,,77.18,
POWERINDIA,2026-10-03,Capital Goods,,139467.0,117.0,,1.3246313061633235,15.222331368696791,26.95090439276486,,21.9,9.548322816340086,29.4,,16.0,12.551844575420215,88.3264644702382,,39.99872663089512,,20.49505877144324,0.01661514683153014,,,,0.03,,,,71.31,
POWERMECH,2026-10-03,Construction,,7829.0,20.0,,1.2207316593145288,1.2248122653316647,3.1066499372647427,,15.4,7.514761137949543,21.7,,11.0,6.570713391739674,16.383617027865483,,21.219795760854176,,14.962116682455818,0.2635966653433902,,,,0.06,,,,58.41,
PPLPHARMA,2026-10-03,Healthcare,,26357.0,,,,2.863335143943509,3.224755700325733,,-3.83,-1.783381609587096,2.52,,11.0,-3.411189570885388,,,,,4.051783214739957,0.6952952707669688,,,,0.0,,,,34.8,
PRABHA,2026-10-03,,,3408.0,3098.0,,,511.7117117117117,7.364864864864865,,-0.15,0.1639843852036744,-0.09,,-1.2,16.966966966966964,,,,,33.64621860176038,0.37625722110980686,,,,0.0,,,,74.94,
PRAENG,2026-10-03,,,141.0,,,,4.862068965517241,0.293859649122807,,-3.86,-2.2388059701492535,-2.62,,-68.0,-62.06896551724138,,,,,-20.168483238393787,0.34309623430962344,,,,0.0,,,,36.8,
PRAJIND,2026-10-03,Capital Goods,,5574.0,110.0,,,1.718249075215783,4.25561797752809,,1.48,0.981675392670157,6.12,,4.6,0.9247842170160296,-52.62093439587813,,-27.486626694783787,,-2.182304038501004,0.13216195569136746,,,,1.19,,,,32.81,
PRAKASH,2026-10-03,,,2126.0,5.51,,,0.7243611584327087,0.6839080459770115,,14.1,9.915232468533265,,,20.0,13.151618398637138,,,,,,0.2989766081871345,,,,1.52,,,,44.38,
PRAKASHSTL,2026-10-03,,,62.3,,,,0.1102654867256637,0.5641838351822505,,-45.1,-17.706237424547282,-10.6,,-7.0,-15.575221238938052,,,,,,1.8288288288288288,,,,0.0,,,,33.56,
PRAVEG,2026-10-03,,,622.0,,,,2.5080645161290325,1.3837209302325582,,-2.49,-2.3743016759776534,1.73,,22.0,-6.854838709677419,,,,,39.172881070794176,0.37861915367483295,,,,0.21,,,,46.19,
PRAXIS,2026-10-03,,,81.6,,,,0.8242424242424242,-1.0578313253012046,,,-31.770833333333332,-23.4,,-26.0,-61.61616161616161,,,,,-23.36905676064469,-2.4545454545454546,,,,0.0,,,,7.23,
PRECAM,2026-10-03,,,1044.0,33.1,,70.66746883421864,1.3629242819843341,1.25,,3.03,3.9122137404580157,7.28,,8.0,5.352480417754569,0.4683909095095862,,-2.292841882429242,,-9.428818158628971,0.0645933014354067,,,,0.91,,,,65.37,
PRECOT,2026-10-03,,,766.0,15.0,,0.3331635688918004,0.8281081081081081,1.5910224438902743,,7.71,5.472103004291846,11.1,,14.0,5.513513513513513,45.022929877640564,,-13.460359639047702,,3.224291885373143,0.7214137214137214,,,,0.63,,,,61.51,
PRECWIRE,2026-10-03,,,9166.0,541.0,,,10.873072360616845,44.73214285714286,,8.88,4.761904761904762,16.9,,6.0,2.0166073546856467,,,,,,0.14358974358974358,,,,0.25,,,,56.61,
PREMCO,2026-10-03,,,132.0,49.1,,,1.5778149653358835,1.3157894736842106,,0.7,1.8292214280224421,4.38,,4.55,2.8448481950753046,-38.55275187705184,,-32.17139049950431,,-5.098159916832811,0.1779990044798407,,,,2.0,,,,66.98,
PREMEXPLN,2026-10-03,,,3667.0,107.0,,18.651791969065755,10.507163323782235,12.67657992565056,,18.8,7.039337474120083,23.0,,7.0,9.742120343839542,5.736714208343141,,44.467637382564206,,8.663954951904174,0.11072664359861592,,,,0.07,,,,41.33,
PREMIERENE,2026-10-03,Capital Goods,,39859.0,23.9,,0.3909722855215327,4.708126624143634,9.232386961093587,,41.0,15.44280442804428,32.7,,30.0,19.773210489014883,61.129652625169804,,,,39.122885163450086,0.8606918969120038,,,,0.11,,,,58.48,
PREMIERPOL,2026-10-03,,,949.0,27.2,,1.4136249966967225,2.9472049689440993,6.471428571428571,,24.0,17.5,28.9,,16.0,10.869565217391305,19.241312274159974,,29.13759785749237,,7.527290514768614,0.12837837837837837,,,,0.17,,,,71.09,
PRESTIGE,2026-10-03,Realty,,64011.0,56.2,,,4.903930131004367,3.931216931216931,,7.53,1.737518027607994,10.4,,28.0,9.691258714471768,-8.280512145626629,,-1.6127038408088934,,18.33589437947756,1.085171756897929,,,,0.13,,,,60.95,
PRICOLLTD,2026-10-03,Automobile and Auto Components,,8952.0,33.4,,1.3930234563124944,2.1058574453069867,7.12621359223301,,21.8,10.828282828282829,24.5,,12.0,6.304398964949423,23.976624261887114,,39.31639926774611,,23.22370403748357,0.30199203187250995,,,,0.27,,,,38.51,
PRIMESECU,2026-10-03,,,1024.0,60.0,,,8.192,3.994708994708995,,7.83,1.7361111111111112,8.25,,10.0,4.0,-36.928773146946426,,-23.801520259820165,,23.10576844950678,0.0078125,,,,0.0,,,,,
PRIMO,2026-10-03,,,616.0,39.4,,,1.1,1.5119047619047619,,3.78,2.312138728323699,6.4,,12.0,2.857142857142857,,,-23.24534816116346,,12.624788044360603,0.3226600985221675,,,,0.0,,,,32.4,
PRINCEPIPE,2026-10-03,,,2730.0,26.2,,,1.0392082223068138,1.657718120805369,,4.6,4.207920792079208,6.03,,10.0,3.8827559954320514,-17.620678766576738,,-16.36799260739036,,0.7469690845912202,0.08814589665653495,,,,0.41,,,,60.95,
PRISMX,2026-10-03,,,22.8,4.6,,,3.897435897435898,0.2988505747126437,,5.79,6.483660130718954,2.73,,-22.05,84.7863247863248,,,61.53942662021781,,-22.831068405332754,0.0009162303664921466,,,,0.0,,,,1.29,
PRIVISCL,2026-10-03,Chemicals,,13957.0,39.9,,0.7323933934522476,5.225383751403968,9.897506925207756,,26.0,10.788643533123029,22.3,,25.0,12.804193186072633,54.478918511164174,,29.139988073515212,,15.092386478681608,0.7230878186968839,,,,0.28,,,,60.6,
PROSTARM,2026-10-03,,,797.0,22.3,,6.08758806961358,1.9582309582309583,2.7720739219712525,,16.9,6.70391061452514,18.0,,12.0,8.845208845208845,3.66319135673967,,-13.536060816538631,,16.410342700089807,0.3240418118466899,,,,0.0,,,,72.83,
PROTEAN,2026-10-03,,,2609.0,30.3,,,2.5134874759152215,2.4150943396226414,,10.0,5.630936227951153,12.7,,11.0,7.996146435452794,-5.431763747131535,,-10.666370218740928,,5.578686856807247,0.08070500927643785,,,,1.56,,,,,
PROZONER,2026-10-03,,,802.0,,,,5.76978417266187,1.7558528428093647,,2.22,1.0578279266572637,6.05,,23.0,10.79136690647482,35.72088082974532,,,,-9.089434913340211,1.4442013129102844,,,,0.0,,,,53.63,
PRSMJOHNSN,2026-10-03,Construction Materials,,5215.0,44.4,,,0.6903627217368282,3.4210526315789473,,-5.41,2.0185488270594654,5.92,,10.0,1.9592268996558113,-1.218490593073407,,13.776250469144792,,0.5667739739271482,1.0975130890052356,,,,0.0,,,,74.87,
PRUDENT,2026-10-03,Financial Services,,12915.0,52.7,,2.5238279558559134,9.420131291028447,14.64319248826291,,28.6,20.032706459525755,37.5,,24.0,17.87016776075857,20.880979576172297,,24.994044793420024,,18.543898756615995,0.03850509626274066,,,,0.11,,,,55.31,
PSB,2026-10-03,,,14872.0,10.7,,0.3522993819258719,,1.0194174757281553,,9.62,0.7720198583142746,5.95,,,,30.371895464328148,,4.970831195077574,,,,,,,1.86,,,,93.85,
PSPPROJECT,2026-10-03,,,2962.0,40.3,,,0.8501722158438576,2.341692789968652,,4.55,2.3632243444480414,7.88,,6.0,2.095292766934558,-18.444638124895462,,-16.73209314907026,,11.608951074720796,0.2610759493670886,,,,0.0,,,,68.82,
PTC,2026-10-03,Power,,4582.0,8.96,,4.135392596913779,0.2613059595095523,0.7673267326732673,,10.2,4.647296334415327,13.4,,4.2,3.347590533219276,2.1666624848839744,,0.09339264474643727,,1.5121458601068172,0.2957699381374352,,,,14.9,,,,16.22,
PTCIL,2026-10-03,Capital Goods,,33021.0,263.0,,6.257066337190583,47.37589670014347,21.915422885572138,,7.16,6.441717791411043,8.59,,25.0,18.077474892395983,42.03247749457084,,53.6598129717746,,39.45472007234243,0.17319177173191772,,,,0.0,,,,59.72,
PTL,2026-10-03,,,501.0,11.0,,0.2844416504013358,1.1133333333333333,0.6445578231292517,,9.74,4.440154440154441,14.1,,19.0,10.222222222222223,38.672254870126935,,23.445550092271294,,20.37351319544982,0.08740359897172237,,,,6.6,,,,69.82,
PUNJABCHEM,2026-10-03,,,1276.0,19.1,,2.7827714206669336,1.2060491493383743,3.017391304347826,,16.6,7.897934386391252,18.6,,12.0,6.143667296786389,6.863661117887432,,-4.760758538113674,,4.242846961975277,0.3640661938534279,,,,0.29,,,,39.24,
PURVA,2026-10-03,Realty,,4853.0,30.3,,0.5401531441376854,1.1941437007874016,2.718832891246684,,3.54,0.8755653484866056,11.2,,20.0,3.7155511811023625,56.09520249738009,,1.709063802937938,,22.97988596139291,3.129194630872483,,,,0.0,,,,75.0,
PVP,2026-10-03,,,1314.0,86.1,,,11.135593220338983,6.026252983293555,,-2.24,0.1277139208173691,6.37,,23.0,0.847457627118644,-57.920444829762296,,,,145.2434065762008,1.1788990825688073,,,,0.0,,,,61.3,
PVRINOX,2026-10-03,Media Entertainment & Publication,,11934.0,37.6,,,1.7442268342589886,1.6178428761651131,,4.92,2.8439661798616447,6.79,,32.0,6.4893306050862325,,,,,3.860812708724226,0.9188126863648686,,,,0.0,,,,27.53,
PVSL,2026-10-03,,,640.0,,,,0.09195402298850575,1.0192743764172336,,-8.28,-0.0837871805613741,4.27,,3.0,-0.028735632183908046,,,,,7.413956439917002,2.238853503184713,,,,0.0,,,,61.38,
PWL,2026-10-03,Consumer Services,,34909.0,571.0,,,8.501948368241598,9.30232558139535,,-0.63,0.19488112251526568,3.99,,9.0,0.3653190452995616,,,-60.879128961294924,,28.39232746118414,0.5074384636191507,,,,0.0,,,,71.27,
PYRAMID,2026-10-03,,,568.0,18.1,,8.202699874587093,0.7675675675675676,2.0478723404255317,,11.0,5.88235294117647,12.3,,9.0,4.1891891891891895,2.20659054661696,,-33.77199783449045,,11.628056231302963,0.6642599277978339,,,,0.32,,,,74.94,
QPOWER,2026-10-03,Capital Goods,,12117.0,90.9,,1.850544904969231,12.080757726819542,22.357142857142858,,25.3,17.59927797833935,31.7,,19.0,19.441674975074775,49.120666975390904,,-82.67104316586536,,49.198570931563964,0.07380073800738007,,,,0.06,,,,73.91,
QUADFUTURE,2026-10-03,,,2126.0,,,,12.884848484848485,8.232558139534884,,-15.4,-12.149532710280374,-15.5,,-20.0,-23.636363636363637,,,,,2.999630243058826,0.09302325581395349,,,,0.0,,,,70.0,
QUESS,2026-10-03,Services,,5022.0,19.4,,,0.3171455636248816,4.302176696542894,,21.3,8.32510694307338,24.0,,2.1,1.5977265550994633,-3.296500541653802,,0.7494191209374446,,4.958756569074119,0.10634648370497427,,,,2.38,,,,56.82,
QUINT,2026-10-03,,,325.0,,,,3.009259259259259,1.991304347826087,,-2.47,6.319702602230483,-0.91,,-8.0,31.48148148148148,-24.520839028201426,,,,17.840146380897437,0.40923076923076923,,,,0.0,,,,62.57,
RACE,2026-10-03,,,195.0,26.0,,0.38939281553619715,0.2986217457886677,2.627906976744186,,9.28,3.7037037037037033,11.1,,2.3,1.2251148545176112,66.77062072703572,,,,23.46046323911033,1.2162162162162162,,,,0.0,,,,44.79,
RACLGEAR,2026-10-03,,,1813.0,36.4,,7.568098404973639,3.4731800766283527,5.1438127090301,,17.0,7.132667617689016,16.9,,22.0,9.578544061302683,4.809662619619015,,13.658571672755947,,8.383261410444764,0.6704545454545454,,,,0.1,,,,42.7,
RADAAN,2026-10-03,,,16.1,,,,2.4357034795763997,-0.9966555183946487,,,-49.01960784313725,-38.0,,-48.87,-56.732223903177,,,,,-32.32885346622455,-0.903205918618989,,,,0.0,,,,51.42,
RADHIKAJWE,2026-10-03,,,814.0,10.2,,0.597307651332397,1.1746031746031746,2.0474777448071215,,20.7,16.458333333333332,25.0,,16.0,11.3997113997114,17.07662705683939,,24.098028718075383,,8.403867899580074,0.1457286432160804,,,,0.0,,,,57.68,
RADIANTCMS,2026-10-03,,,383.0,12.1,,,0.8804597701149425,1.375478927203065,,12.5,5.31496062992126,13.1,,10.0,6.206896551724138,-11.139019191747057,,,,4.06403247256073,0.697841726618705,,,,6.97,,,,56.95,
RADICO,2026-10-03,Fast Moving Consumer Goods,,56771.0,79.9,,2.0549809605597016,9.115446371226717,17.08467741935484,,20.3,14.094094094094094,24.2,,18.0,11.30378933847142,38.881138820010364,,21.68368044978266,,14.897316686421224,0.15018094089264172,,,,0.21,,,,40.19,
RADIOCITY,2026-10-03,,,203.0,4.33,,,1.0099502487562189,,,139.0,11.959287531806616,21.7,,31.0,23.383084577114428,,,,,,5.140350877192983,,,,0.0,,,,74.05,
RAILTEL,2026-10-03,Telecommunication,,8255.0,44.0,,3.004839326918412,3.710112359550562,4.78584729981378,,12.0,6.056338028169014,16.2,,16.0,9.662921348314606,14.643045838036151,,9.65355933433849,,17.31681553507729,0.027858386535113175,,,,1.26,,,,72.84,
RAIN,2026-10-03,Chemicals,,7014.0,13.1,,,0.3798743500866551,0.8781512605042017,,0.6,2.9299363057324843,8.26,,15.0,3.6124350086655115,,,-1.53017562322606,,0.5900110948106052,1.3503877908431323,,,,0.48,,,,41.35,
RAINBOW,2026-10-03,Healthcare,,12998.0,45.4,,4.759731620765227,7.141758241758242,7.901234567901234,,15.9,10.45045045045045,17.4,,32.0,15.934065934065933,9.538352919297788,,13.835520338140572,,11.95507983098787,0.5403274711946634,,,,0.27,,,,49.84,
RAJMET,2026-10-03,,,85.2,40.8,,,0.35352697095435687,1.5098039215686274,,-0.21,1.680672268907563,4.87,,2.3,0.8298755186721992,-49.69878791518209,,-27.929238996486283,,-41.63244862503419,0.22807017543859648,,,,0.0,,,,31.61,
RAJPALAYAM,2026-10-03,,,680.0,5.52,,0.13534036886845424,0.6699507389162561,0.28028864413216864,,4.79,3.3324375167965603,1.81,,13.0,12.216748768472907,40.78605700687304,,-5.808099748006379,,5.720114820709221,0.471993410214168,,,,0.07,,,,56.28,
RAJRATAN,2026-10-03,,,2303.0,28.9,,8.248632814866452,1.8754071661237786,3.546875,,11.5,6.9025021570319245,13.2,,12.0,6.514657980456026,3.5036109193651743,,-8.519857657952967,,11.327584637364385,0.49846153846153846,,,,0.44,,,,65.2,
RAJSREESUG,2026-10-03,,,91.9,3.48,,,0.1664855072463768,0.5931477516059956,,22.3,3.552631578947368,11.0,,6.0,4.891304347826087,,,32.34653749096032,,-8.091327712218888,3.49618320610687,,,,0.0,,,,40.71,
RAJTV,2026-10-03,,,56.1,,,,0.8196960841613092,0.45,,0.43,-0.33397785199507823,2.56,,3.48,-0.8328462887200467,,,,,-13.693962097662826,0.17985842985842987,,,,0.0,,,,70.96,
RALLIS,2026-10-03,Chemicals,,3883.0,24.6,,13.346604895173188,1.491167434715822,2.293577981651376,,9.61,5.7382785164450665,12.8,,11.0,6.29800307219662,1.843165373757083,,-11.216920823235977,,9.487978497197226,0.05483490566037736,,,,1.5,,,,55.08,
RAMANEWS,2026-10-03,,,433.0,,,,13.121212121212121,-5.25,,,-14.838709677419354,0.93,,-4.6,-209.0909090909091,,,,,-11.119730938306837,-4.585365853658536,,,,0.0,,,,74.76,
RAMAPHO,2026-10-03,,,425.0,7.9,,,0.4579741379310345,1.0084033613445378,,13.2,7.510431154381085,15.4,,10.0,5.818965517241379,,,-5.165754027962343,,15.45432894131884,0.32860520094562645,,,,0.62,,,,75.0,
RAMBHAJO,2026-10-03,,,1323.0,36.1,,,7.922155688622754,,,45.6,19.767441860465116,32.2,,30.0,20.35928143712575,-89.88895031232104,,,,52.5947309208016,0.7849462365591398,,,,0.0,,,,69.88,
RAMCOCEM,2026-10-03,Construction Materials,,19632.0,103.0,,4.799547943553449,2.1274382314694407,2.422740524781341,,0.38,3.8787660111852786,6.13,,15.0,6.98959687906372,21.460354435743323,,-6.058186282597777,,-0.5289591421931972,0.47825549789967875,,,,0.3,,,,42.55,
RAMCOIND,2026-10-03,,,2625.0,8.34,,0.18245660000422007,1.401494927923118,0.5796545105566219,,6.75,6.570223025919228,4.57,,14.0,17.458622530699415,45.70950023077873,,1.5155899439097453,,7.659500795247509,0.037815126050420166,,,,0.41,,,,54.84,
RAMCOSYS,2026-10-03,,,2056.0,32.6,,,2.8876404494382024,5.845824411134903,,18.1,5.6375838926174495,19.7,,22.0,5.8988764044943816,,,,,10.61943004810364,0.12285714285714286,,,,0.0,,,,55.51,
RAMKY,2026-10-03,,,1900.0,10.2,,,0.9803921568627451,0.8814102564102564,,11.1,5.940834141610087,13.7,,9.0,12.64189886480908,-8.468134530563255,,58.49861371716085,,-3.5653736809529324,0.27335800185013875,,,,0.36,,,,69.81,
RAMRAT,2026-10-03,,,5755.0,44.5,,1.550390859202183,0.9517115925252191,9.935587761674718,,20.6,6.41925777331996,23.6,,5.0,2.1167521084835457,28.70243960474541,,18.023642883168044,,26.559739356896838,1.1637931034482758,,,,0.41,,,,69.3,
RANASUG,2026-10-03,,,201.0,,,,0.11985688729874776,0.35215053763440857,,-4.09,0.4552352048558422,3.29,,1.4,0.35778175313059035,-40.675046992334615,,-41.507777587581366,,1.7276695775573003,0.6101398601398601,,,,0.0,,,,22.64,
RANEHOLDIN,2026-10-03,,,2169.0,27.5,,,0.35389133627019087,1.879950495049505,,7.0,3.34290937581614,9.52,,6.0,2.088432044379181,-11.963672907185197,,28.458317141504175,,20.066328764197074,0.8847487001733102,,,,3.09,,,,46.64,
RATEGAIN,2026-10-03,Information Technology,,9964.0,38.1,,2.068897708335439,4.265410958904109,4.947058823529412,,11.9,7.069821793748174,13.9,,20.0,10.35958904109589,18.41560355859928,,92.26023603011086,,34.64398813229743,0.47308075772681957,,,,0.0,,,,48.78,
RATNAMANI,2026-10-03,Capital Goods,,18360.0,41.8,,,4.255910987482615,4.469283276450512,,12.6,9.545032497678738,17.9,,17.0,11.914696337505795,-11.421869508811412,,6.052081624253036,,-5.171585988946836,0.07735344198491852,,,,0.38,,,,59.77,
RATNAVEER,2026-10-03,,,2899.0,45.4,,,2.7118802619270346,4.116945107398569,,11.6,5.071315372424722,11.9,,10.0,5.9869036482694105,,,,,,0.5007473841554559,,,,0.0,,,,38.71,
RAYMOND,2026-10-03,,,7970.0,47.4,,,3.475795900566943,2.80327868852459,,168.0,1.351922264469793,3.14,,11.0,2.791103358046228,-71.70608778237428,,-32.27361346246062,,33.075182821209225,0.3709563994374121,,,,0.0,,,,48.87,
RAYMONDLSL,2026-10-03,Textiles,,3824.0,25.6,,,0.5484009751900186,0.3969658659924147,,1.14,0.30749427917620137,3.52,,10.0,0.6166642764950523,,,,,2.185990219870404,0.22685761726857617,,,,0.16,,,,59.61,
RAYMONDREL,2026-10-03,,,4317.0,14.3,,,1.3761555626394644,2.7574468085106383,,36.3,4.276408949306146,29.6,,15.0,9.627032196365954,,,,,914.9962117087584,0.6466836734693877,,,,0.31,,,,50.93,
RBA,2026-10-03,Consumer Services,,6567.0,,,,2.2276119402985075,7.435483870967742,,-22.7,-5.677114133648729,-0.47,,12.0,-6.512890094979647,,,,,6.550947660426276,2.7281553398058254,,,,0.0,,,,9.22,
RBLBANK,2026-10-03,Financial Services,,63835.0,71.0,,,,1.5166051660516606,,5.43,0.4973803161324946,5.81,,,,-16.113826197698135,,,,,,,,,0.24,,,,60.0,
RBZJEWEL,2026-10-03,,,787.0,13.9,,0.3650196926717407,1.153958944281525,2.6266666666666665,,20.1,11.728395061728394,22.0,,14.0,8.357771260997067,38.080137261252254,,-16.99815667599667,,27.765090621542843,0.5666666666666667,,,,0.0,,,,75.0,
RCF,2026-10-03,Chemicals,,5892.0,14.2,,0.5540209798384036,0.31516448248194706,1.1530172413793103,,7.84,2.674884806414936,10.4,,5.0,2.3910136400106983,25.630798321287116,,-8.667778006796134,,3.257293111570636,0.8059351815696993,,,,2.19,,,,75.0,
RECLTD,2026-10-03,Financial Services,,75771.0,4.72,,1.1053207869505535,,0.897196261682243,,20.1,2.5048503650661242,9.71,,,,4.27025353700432,,9.82865592558202,,,,,,,6.45,,,,52.63,
REDINGTON,2026-10-03,Services,,31111.0,17.3,,1.4715865188494426,0.24280240063059477,3.0615384615384613,,16.9,4.44779383515087,18.4,,2.0,1.1745608079105305,11.756019628071869,,5.844671340259988,,12.77044481700711,0.2797244094488189,,,,1.51,,,,,
REDTAPE,2026-10-03,Consumer Durables,,6373.0,25.9,,2.2070466017243593,2.6161740558292284,6.216216216216216,,26.6,10.667823070251519,24.5,,17.0,10.098522167487685,11.735139611354107,,,,9.744807969518622,0.7045009784735812,,,,1.73,,,,71.83,
REFEX,2026-10-03,Utilities,,3723.0,13.0,,0.423686783476797,1.310454065469905,2.463636363636364,,17.8,8.723179739711572,22.7,,15.0,8.729320661738825,30.683043481605175,,35.932340145917976,,27.120722105868666,0.14960106382978725,,,,0.55,,,,56.57,
REGAAL,2026-10-03,,,886.0,13.6,,,0.8128440366972477,1.8067226890756303,,16.5,4.487658937920718,12.0,,12.0,5.5045871559633035,-36.80459157989279,,-27.219926735528244,,22.01833162381932,1.2556237218813906,,,,0.29,,,,71.32,
REGENCERAM,2026-10-03,,,84.6,,,,1.692,-1.0062893081761006,,,-19.834710743801654,-116.0,,-69.0,-48.0,,,,,192.4017738212866,-1.2976190476190477,,,,0.0,,,,60.43,
RELAXO,2026-10-03,Consumer Durables,,7103.0,38.3,,,2.580094442426444,3.2167042889390522,,8.33,6.273312987453374,11.2,,14.0,6.719941881583727,-2.548888379412728,,-4.441586153958288,,-1.8766828932956559,0.1056210335448776,,,,1.23,,,,71.27,
RELCHEMQ,2026-10-03,,,86.3,15.5,,0.769007230510963,0.23451086956521738,0.6031746031746031,,3.53,1.171875,7.27,,11.0,1.6304347826086956,20.15585729889835,,-21.008905123545894,,0.18181858215711166,1.8741258741258742,,,,0.44,,,,67.69,
RELIABLE,2026-10-03,,,145.0,15.8,,0.7278166593139378,0.7073170731707317,2.03757225433526,,10.9,4.918032786885246,11.1,,9.0,4.390243902439024,21.708763873162184,,21.108025331074366,,37.417567496372286,0.647887323943662,,,,0.04,,,,67.79,
RELIANCE,2026-10-03,Oil Gas & Consumable Fuels,,1580194.0,21.2,,8.888297505508598,1.4070495211721599,1.748502994011976,,8.91,4.048915614182203,10.3,,16.0,7.850639550155602,2.385158686110711,,4.238479198937539,,7.697885342491251,0.44573963253431853,,,,0.51,,,,50.48,
RELIGARE,2026-10-03,Financial Services,,7742.0,156.0,,,0.8646415010051374,2.574370709382151,,3.18,0.12408658486143666,3.5,,0.7,0.20102747375474647,-40.196846973516486,,,,12.63557138353011,0.16953232462173315,,,,0.0,,,,30.55,
RELTD,2026-10-03,,,2918.0,48.9,,,5.824351297405189,7.101449275362319,,19.1,5.361930294906166,14.4,,28.0,11.976047904191617,,,6.567426018348277,,56.382737078397625,1.354368932038835,,,,0.0,,,,58.26,
REMSONSIND,2026-10-03,,,393.0,22.0,,2.4188274531008878,0.803680981595092,2.6463700234192036,,13.5,5.263157894736842,15.4,,10.0,3.885480572597137,9.095315985353336,,21.542457716175644,,16.158614080083833,0.6577181208053692,,,,0.27,,,,62.83,
RENUKA,2026-10-03,Fast Moving Consumer Goods,,4542.0,,,,0.4849973304858516,-1.6904761904761907,,,-10.529157667386608,-3.06,,0.3,-8.32888414308596,,,,,-6.124171054043137,-2.6798655211057154,,,,0.0,,,,62.48,
REPCOHOME,2026-10-03,,,2113.0,4.38,,0.8318979952693407,,0.5232198142414861,,12.4,2.931160301629774,10.1,,,,5.265068584017807,,19.943198102244295,,,,,,,2.22,,,,37.13,
REPRO,2026-10-03,,,436.0,,,,0.8433268858800773,1.2459016393442623,,-4.42,15.654952076677317,1.21,,6.0,18.95551257253385,101.07555474776278,,,,2.5773975503200486,0.5329512893982808,,,,0.0,,,,46.71,
RESPONIND,2026-10-03,,,4335.0,42.6,,,3.4735576923076925,2.786324786324786,,10.3,5.450620615218565,10.8,,15.0,8.092948717948719,-14.360115285937813,,,,4.71165257677757,0.12508017960230916,,,,0.06,,,,59.14,
RETAIL,2026-10-03,,,28.7,,,,1.698224852071006,1.1221864951768488,,-1.18,-0.48465266558966075,,,-16.15,-1.0650887573964496,,,,,,0.3986671893375147,,,,0.0,,,,44.52,
RGL,2026-10-03,,,1745.0,16.0,,1.5236630969432365,0.5697029056480575,1.148936170212766,,6.91,4.5171985080812265,8.31,,7.0,3.558602677113941,10.501009069589662,,-1.9477375329986946,,13.28197717452888,0.4250663129973475,,,,0.0,,,,61.95,
RHETAN,2026-10-03,,,1326.0,104.0,,2.0647432151064407,57.65217391304348,12.205882352941178,,10.2,7.878787878787878,11.0,,23.0,56.52173913043478,50.36945962049748,,27.730844458753978,,-29.269809715907424,0.3853211009174312,,,,0.0,,,,62.11,
RHIM,2026-10-03,Capital Goods,,7947.0,42.4,,,1.950662739322533,2.238372093023256,,2.83,-7.323127844435251,6.46,,12.0,-8.689248895434462,,,,,2.519099412657888,0.12580735748385286,,,,0.65,,,,56.07,
RHL,2026-10-03,,,282.0,10.5,,0.13437031809625521,1.8926174496644295,0.37995337995337997,,3.46,2.915766738660907,5.71,,34.0,18.120805369127517,78.14225752206971,,,,6.891247567463332,0.20485175202156333,,,,0.0,,,,65.63,
RICOAUTO,2026-10-03,,,1646.0,46.0,,,0.6121234659724805,2.1180555555555554,,7.69,1.4939309056956116,9.15,,8.0,1.190033469691335,-7.359968469927358,,5.154749679728043,,7.575246611700814,0.9333333333333333,,,,0.45,,,,50.33,
RIIL,2026-10-03,,,1007.0,83.0,,,23.976190476190474,2.124203821656051,,2.65,2.2641509433962264,3.01,,-21.0,28.57142857142857,-3.079498338866893,,7.745237500205859,,-10.200531621108656,-0.0,,,,0.52,,,,45.43,
RIR,2026-10-03,,,1408.0,218.0,,42.28125116523492,15.494662704963133,10.114285714285714,,5.08,3.6579178006365605,7.93,,11.22,8.726752503576538,5.155949599222054,,39.39566877351219,,16.594893148518473,0.09951247490679668,,,,0.06,,,,58.61,
RISHABH,2026-10-03,,,2704.0,33.4,,1.2624885280187248,3.4533844189016603,3.621761658031088,,12.0,8.183632734530939,14.5,,17.0,10.472541507024266,26.4556859399079,,-8.19099518873536,,4.304782971943899,0.1087248322147651,,,,0.29,,,,69.4,
RITCO,2026-10-03,,,792.0,24.9,,,0.5245033112582781,2.1811023622047245,,10.5,3.0162412993039442,10.2,,6.0,1.7218543046357615,-6.185833575420919,,,,17.49221430624468,1.2986301369863014,,,,0.0,,,,62.69,
RITES,2026-10-03,Construction,,10068.0,24.1,,,4.096013018714402,3.745519713261649,,15.4,7.774030354131535,23.0,,23.0,18.755085435313262,-2.933302610870059,,-4.191737722053035,,0.06789790244685623,0.002609992542878449,,,,3.8,,,,72.2,
RKDL,2026-10-03,,,41.4,33.1,,,2.0866935483870965,0.9828571428571428,,2.88,0.1355115561243695,1.56,,-6.25,0.9072580645161289,,,,,-7.941243868888548,1.0918173168411036,,,,0.0,,,,23.62,
RKEC,2026-10-03,,,56.6,,,,0.46776859504132234,0.373083475298126,,-19.4,-9.96376811594203,-5.53,,-41.0,-45.45454545454545,,,,,-29.815839638750862,1.4023668639053255,,,,0.0,,,,57.74,
RKFORGE,2026-10-03,Automobile and Auto Components,,12905.0,112.0,,,2.9065315315315314,3.839779005524862,,2.51,1.4939960904775202,5.6,,16.0,2.40990990990991,-28.534912703002913,,-13.807044812712698,,6.218032493747039,0.7443768996960486,,,,0.14,,,,39.82,
RKSWAMY,2026-10-03,,,437.0,17.8,,,1.2593659942363113,1.653919694072658,,9.48,5.373831775700935,12.3,,13.0,6.628242074927954,-16.999776759539877,,,,1.4838957161231514,0.16287878787878787,,,,2.31,,,,69.61,
RMC,2026-10-03,,,214.0,10.6,,0.465330626607928,0.5323383084577115,1.6504065040650406,,18.8,5.994550408719346,22.0,,12.0,5.472636815920398,22.779502130065477,,50.093034231562015,,47.60645384196209,0.8015267175572519,,,,0.0,,,,51.97,
RML,2026-10-03,,,3712.0,30.7,,3.589164808579932,0.9224652087475149,4.9375,,15.4,4.7203490678302265,14.0,,9.0,2.957256461232604,8.55352195770207,,45.74266759540968,,5.132056593438028,1.0013315579227697,,,,1.19,,,,70.45,
RNBDENIMS,2026-10-03,,,244.0,11.6,,3.1146728356774607,0.505175983436853,1.2186234817813764,,9.9,5.8988764044943816,11.4,,8.0,4.3478260869565215,3.724307692007378,,-5.093021979413182,,11.439862594556116,0.37,,,,0.0,,,,57.38,
ROHLTD,2026-10-03,,,819.0,30.7,,,1.9830508474576272,3.1774707757704572,,11.6,2.783109404990403,10.7,,23.0,7.021791767554479,-17.05256352430471,,-1.185576991267956,,11.995586155825677,2.4844961240310077,,,,0.84,,,,64.07,
ROLEXRINGS,2026-10-03,,,5151.0,26.6,,,4.455882352941177,4.394618834080718,,15.6,11.086797957695113,21.1,,21.0,13.148788927335639,-0.880327370742573,,2.8863516607341877,,-1.833748112982747,0.0,,,,0.0,,,,52.24,
ROML,2026-10-03,,,69.3,15.9,,0.4317945149057949,0.45294117647058824,60.138888888888886,,,9.30232558139535,19.2,,4.4,2.6143790849673203,36.8230708152208,,10.908982403443112,,6.969624824787268,13.0,,,,0.0,,,,70.31,
ROSSARI,2026-10-03,,,2368.0,15.7,,3.282409290321297,0.9286274509803921,1.7759336099585061,,10.8,6.640281442392261,13.3,,12.0,5.921568627450981,4.78307200942123,,8.939882137980181,,11.673624534583848,0.32708177044261066,,,,0.12,,,,68.14,
ROSSELLIND,2026-10-03,,,189.0,13.2,,,0.5094339622641509,0.6378653113087674,,4.5,2.4475524475524475,6.38,,10.0,3.7735849056603774,-23.44546547480506,,120.75655334885194,,7.45688339280921,0.6531986531986532,,,,0.8,,,,74.8,
ROSSTECH,2026-10-03,,,5739.0,217.0,,,10.396739130434783,37.0316301703163,,15.7,4.120443740095087,11.5,,13.0,4.710144927536232,-85.510627127202,,,,36.50852727691913,2.638709677419355,,,,0.02,,,,74.8,
ROTO,2026-10-03,,,1181.0,42.6,,,4.017006802721088,4.8984375,,10.7,8.092485549132949,15.2,,18.0,9.523809523809524,-10.925922498501128,,-1.6805432126360098,,2.376180472291556,0.13333333333333333,,,,0.3,,,,66.8,
ROUTE,2026-10-03,Telecommunication,,2749.0,7.77,,,0.6096695497893103,0.990909090909091,,12.6,7.561597281223449,17.4,,12.0,5.921490352628077,-12.932945396390604,,8.386770005693634,,3.8747681827235647,0.01516245487364621,,,,2.52,,,,74.85,
RPEL,2026-10-03,,,8353.0,133.0,,3.89994144454764,29.206293706293707,34.127579737335836,,24.3,22.183098591549296,30.3,,30.0,22.02797202797203,34.10307613360253,,27.257055046619637,,29.07381028959466,0.02040816326530612,,,,0.05,,,,62.89,
RPGLIFE,2026-10-03,,,4847.0,41.5,,,6.6035422343324255,8.008196721311476,,19.3,15.132408575031524,25.7,,21.0,16.348773841961854,,,,,,0.03305785123966942,,,,0.82,,,,72.95,
RPOWER,2026-10-03,Power,,8028.0,2236.0,,,1.0439531859557867,0.5,,-0.9,-0.7676845954520136,6.11,,31.0,-4.1222366710013,,,,,-0.8647561942194515,0.9234413965087281,,,,0.0,,,,24.98,
RPPINFRA,2026-10-03,,,261.0,126.0,,,0.1750503018108652,0.48703703703703705,,1.74,0.3864734299516908,4.94,,0.1,0.2682763246143528,-61.80915084192564,,-10.466556899264601,,3.2903975468494995,0.19626168224299065,,,,0.0,,,,39.18,
RPSGVENT,2026-10-03,,,2746.0,,,,0.23021462105969148,1.0964332892998678,,-5.35,0.021369804466289135,10.6,,15.0,0.0335345405767941,,,,,14.476223090932638,3.2893056664006384,,,,0.0,,,,63.51,
RPTECH,2026-10-03,,,6329.0,19.8,,0.634387267876683,0.3560218259548855,3.1042345276872965,,14.7,6.100994931481134,17.0,,2.9,1.8282049839680488,31.211219081163645,,,,17.01558871935709,0.4893827160493827,,,,0.21,,,,64.04,
RRECL,2026-10-03,,,346.0,,,,1.3622047244094488,1.3862433862433863,,-4.54,-1.555104800540906,2.95,,5.0,-9.05511811023622,,,,,80.76808350644123,2.25,,,,0.0,,,,70.02,
RRIL,2026-10-03,,,183.0,20.4,,1.314290765662098,1.4296875,1.606382978723404,,7.91,5.844155844155844,9.26,,8.0,7.03125,15.521679473813489,,16.153616167554617,,10.449084766677075,0.2982456140350877,,,,0.0,,,,70.93,
RRKABEL,2026-10-03,Capital Goods,,28482.0,46.6,,1.7471699431228578,2.6294313146233383,11.043859649122806,,21.3,13.157325254273966,28.1,,9.0,5.612998522895126,26.67170425145253,,-9.689079745873642,,17.986218977798796,0.13087378640776698,,,,0.38,,,,61.38,
RSL,2026-10-03,,,1458.0,24.8,,,1.3475046210720887,4.0,,19.2,9.833333333333332,25.3,,9.0,5.452865064695009,-5.69182341830885,,26.152173226522457,,5.940484835895976,0.18956043956043955,,,,0.29,,,,57.09,
RSSOFTWARE,2026-10-03,,,77.6,,,,3.3739130434782605,2.654867256637168,,-66.8,-57.14285714285714,-51.8,,-105.0,-139.1304347826087,,,,,-27.357263628905958,0.5172413793103449,,,,0.0,,,,40.88,
RSYSTEMS,2026-10-03,,,3124.0,14.8,,1.3242388135557943,1.400896860986547,2.8478964401294498,,24.4,9.14691943127962,19.5,,17.0,8.654708520179371,11.176231846172534,,6.348476960170024,,9.791399058933582,0.3360655737704918,,,,3.03,,,,51.85,
RTNINDIA,2026-10-03,Consumer Services,,3500.0,,,,0.4547226192022866,4.550359712230216,,-19.6,-23.721436343852012,-4.76,,-8.0,-8.496816941665584,,,,,7.550835911474385,1.43359375,,,,0.0,,,,74.87,
RTNPOWER,2026-10-03,Power,,3619.0,32.5,,,1.2193396226415094,0.7800925925925926,,1.14,1.1546863622178298,6.21,,15.0,3.7398921832884096,-76.68516951901614,,,,-4.088804764078613,0.8001293661060802,,,,0.0,,,,44.06,
RTSPOWR,2026-10-03,,,105.0,39.3,,,0.6730769230769231,0.7080745341614907,,1.11,1.4084507042253522,3.52,,4.5,1.9230769230769231,-13.623587702012541,,11.013018167248688,,3.6729653706913057,0.20945945945945946,,,,0.0,,,,74.0,
RUBFILA,2026-10-03,,,343.0,13.4,,37.7608835494602,0.5803722504230119,1.0840480274442539,,8.79,6.860158311345646,12.3,,7.0,4.39932318104907,0.35486457784941194,,-10.485732717752395,,7.9352266063792865,0.0032258064516129032,,,,3.16,,,,58.47,
RUBICON,2026-10-03,Healthcare,,26997.0,93.7,,2.151457092168449,13.944731404958677,20.88348271446863,,27.0,12.376450365277181,28.4,,23.0,14.87603305785124,43.55187948719905,,,,31.365854184460538,0.24127230411171452,,,,0.09,,,,59.76,
RUCHINFRA,2026-10-03,,,114.0,19.0,,,1.82956186807896,0.5481313703284258,,1.64,1.8921297460397284,2.96,,39.05,9.661370566522226,-26.12183388091882,,-32.69423160050876,,-0.805340502962637,0.4088336850182237,,,,0.0,,,,53.7,
RUCHIRA,2026-10-03,,,302.0,9.08,,,0.46106870229007635,0.608433734939759,,9.18,4.319371727748691,11.1,,10.0,5.038167938931298,-12.184941344975186,,-1.3585931027257914,,-0.15220723678014414,0.3696969696969697,,,,2.47,,,,68.67,
RUDRA,2026-10-03,,,183.0,11.6,,,0.2890995260663507,1.3188405797101448,,10.4,3.9408866995073892,13.0,,6.0,2.527646129541864,-8.99789931968451,,13.179836563100178,,4.480900962007661,0.9712230215827338,,,,0.0,,,,72.88,
RUPA,2026-10-03,,,1038.0,13.3,,5.276719550638272,0.812206572769953,0.9776119402985075,,7.36,4.646840148698884,9.59,,9.0,5.868544600938967,2.520505376942239,,-17.089239065997518,,1.6436125042330163,0.24202626641651032,,,,2.3,,,,73.28,
RUSHIL,2026-10-03,,,467.0,20.5,,,0.5120614035087719,0.7162162162162162,,1.04,1.7041053446940357,4.5,,10.0,2.4122807017543857,,,,,,0.39938556067588327,,,,0.31,,,,55.11,
RUSTOMJEE,2026-10-03,,,4563.0,38.8,,,1.611228813559322,1.5903083700440528,,2.8,1.9523099850968704,4.68,,7.0,4.625706214689266,-1.8618613028419606,,-7.7826044404181065,,8.421746337957936,0.5183374083129584,,,,0.0,,,,74.59,
RVHL,2026-10-03,,,228.0,4.78,,,3.04,0.6305084745762712,,16.2,13.079019073569482,22.0,,82.0,64.0,,,,,321.71633265087456,0.0,,,,0.0,,,,74.74,
RVNL,2026-10-03,Construction,,41075.0,45.7,,,1.972388955582233,4.182590233545647,,9.02,4.128651737167082,10.8,,4.3,4.302521008403361,-16.638002692152888,,-4.123288956041837,,-1.6323006908892879,0.4905314599877825,,,,0.87,,,,72.84,
RVTH,2026-10-03,,,238.0,15.4,,,1.576158940397351,1.6965065502183405,,8.6,5.597014925373134,14.7,,14.0,9.933774834437086,,,,,-10.69405669494483,0.4857142857142857,,,,0.0,,,,63.9,
S&SPOWER,2026-10-03,,,363.0,44.9,,3.7540953060536024,1.315217391304348,4.066390041493776,,12.8,2.93040293040293,9.59,,3.1,2.898550724637681,11.960271740463613,,,,19.930515328992104,0.43820224719101125,,,,0.0,,,,74.97,
SAATVIKGL,2026-10-03,Capital Goods,,5155.0,20.7,,,1.2439671814671815,3.794392523364486,,42.4,7.897271268057785,32.9,,10.0,5.936293436293436,-59.74525866837255,,,,56.1697627252919,0.6899338721528288,,,,0.0,,,,75.99,
SAB,2026-10-03,,,259.0,,,,8.633333333333333,0.7522123893805309,,-0.81,-3.7383177570093453,0.69,,-153.0,-66.66666666666666,,,,,-13.279626234163977,0.22448979591836735,,,,0.0,,,,73.56,
SADBHAV,2026-10-03,,,117.0,,,,0.1225130890052356,-1.0526315789473684,,,1.8777739842949812,12.7,,56.0,11.518324607329843,,,,,-20.80920629605326,-32.990990990990994,,,,0.0,,,,25.53,
SAFARI,2026-10-03,Consumer Durables,,6756.0,40.9,,,3.204933586337761,6.048245614035087,,15.9,11.44244105409154,19.3,,13.0,7.827324478178369,-2.2315836298167913,,46.514326505041524,,10.793165135089279,0.10493273542600896,,,,0.29,,,,44.7,
SAGARDEEP,2026-10-03,,,38.4,13.4,,0.2281235274451883,0.192,1.0922330097087378,,7.54,6.122448979591836,10.6,,2.5,1.5,58.74010519681994,,43.096908110525554,,25.99210498948732,0.2571428571428571,,,,0.0,,,,72.69,
SAGCEM,2026-10-03,,,1961.0,,,,0.7303538175046554,1.1538461538461537,,-1.05,-0.8051889957503914,1.97,,9.0,-1.3407821229050279,,,,,2.340025286765157,1.008860011813349,,,,0.0,,,,48.33,
SAGILITY,2026-10-03,Information Technology,,20209.0,19.7,,0.33537563363210515,2.653144282525929,2.0970873786407767,,10.6,7.975903614457831,13.4,,24.0,13.036628593934621,58.74010519681994,,,,17.015015028306244,0.1150222590330262,,,,0.35,,,,50.95,
SAHLIBHFI,2026-10-03,,,243.0,12.3,,0.849950895155814,,1.4129263913824057,,11.9,8.620689655172415,14.7,,,,14.471424255333186,,16.35731911385716,,,,,,,0.64,,,,58.1,
SAHYADRI,2026-10-03,,,389.0,8.62,,0.4469311282027095,0.5380359612724758,0.9595687331536388,,7.51,8.458646616541353,9.72,,11.0,6.224066390041494,19.287088000928687,,-8.757687858981223,,4.475954233173729,0.04187192118226601,,,,0.7,,,,71.12,
SAICAPI,2026-10-03,,,44.6,3.6,,,44.6,0.12185534591194969,,3.4,3.350515463917526,4.98,,-297.0,1300.0,,,2.743448509511359,,-61.10888812671797,0.03825136612021858,,,,0.0,,,,73.73,
SAIL,2026-10-03,Metals & Mining,,72078.0,14.9,,1.2739045920447878,0.6485625590498043,1.1917808219178083,,6.57,3.136011275546159,7.92,,12.0,3.843973545687677,11.69632332989985,,-18.991895945884842,,1.7888717808422605,0.5289946318510172,,,,1.35,,,,65.0,
SAILIFE,2026-10-03,Healthcare,,32738.0,89.0,,,14.550222222222223,13.17094017094017,,15.4,10.019374481040687,19.6,,29.0,16.08888888888889,,,,,15.37586351751683,0.11594202898550725,,,,0.0,,,,34.53,
SAIPARENT,2026-10-03,,,2313.0,111.0,,,6.070866141732283,,,4.88,0.9831460674157303,5.28,,10.0,3.674540682414698,-19.23050839471592,,,,57.779683471903894,0.955193482688391,,,,0.0,,,,51.16,
SAKAR,2026-10-03,,,2392.0,66.3,,1.4881329318616563,8.794117647058824,7.363013698630137,,9.99,7.484407484407485,12.4,,28.0,13.23529411764706,44.552471476495455,,12.754054787860515,,21.14137285547597,0.2191358024691358,,,,0.0,,,,52.52,
SAKHTISUG,2026-10-03,,,209.0,,,,0.3950850661625709,0.8110599078341014,,-59.4,-9.521247982786445,-7.03,,-7.0,-33.459357277882795,,,,,-14.182326244212074,3.548262548262548,,,,0.0,,,,59.84,
SAKSOFT,2026-10-03,,,1847.0,13.8,,1.296609791912168,1.8341608738828203,2.363945578231293,,19.6,12.070566388115136,25.5,,19.0,12.909632571996028,10.643140354237591,,15.439701439205411,,9.73828441520359,0.05648267008985879,,,,0.72,,,,66.72,
SAKUMA,2026-10-03,,,241.0,22.6,,,0.1446578631452581,0.32217573221757323,,1.31,1.1689691817215728,1.74,,0.3,0.6602641056422569,-37.855349880922816,,-19.72584382397693,,-7.7912741588310634,0.012016021361815754,,,,0.0,,,,46.29,
SALASAR,2026-10-03,,,722.0,52.7,,,0.4819759679572764,0.8658280922431867,,2.13,0.6499535747446611,8.13,,7.0,0.9345794392523363,-38.26420810013917,,-18.316664954179764,,7.435619649537029,0.5059952038369304,,,,0.0,,,,44.5,
SALONA,2026-10-03,,,134.0,58.4,,,0.21169036334913113,1.5974842767295598,,1.45,0.6578947368421052,8.26,,6.0,0.315955766192733,-27.990834632568873,,-35.0413209703631,,-4.290399346201057,2.289156626506024,,,,0.24,,,,68.42,
SALSTEEL,2026-10-03,,,1432.0,,,,8.574850299401197,9.792079207920793,,-17.7,1.932367149758454,1.08,,20.0,7.18562874251497,170.6856525571884,,-2.6352819384831916,,-33.852482073642484,2.3741496598639458,,,,0.0,,,,70.98,
SALZERELEC,2026-10-03,,,939.0,21.5,,,0.5173553719008265,1.5850746268656717,,9.4,3.279883381924198,11.3,,8.0,2.479338842975207,-2.1555134145238464,,11.83590613607468,,15.893574941545774,0.9021922428330523,,,,0.47,,,,37.47,
SAMBANDAM,2026-10-03,,,45.6,,,,0.1753846153846154,0.5661375661375662,,-6.65,-2.307692307692308,2.31,,4.4,-2.307692307692308,,,,,6.048765696840874,1.7375,,,,0.0,,,,51.32,
SAMBHAAV,2026-10-03,,,104.0,,,,2.3908045977011496,1.240274599542334,,0.29,-1.812344656172328,2.26,,7.77,-4.022988505747127,,,,,2.8698071823584304,0.060577038189871896,,,,0.0,,,,62.93,
SAMBHV,2026-10-03,,,4757.0,28.4,,1.5896414526766054,1.8388094317742558,4.4972067039106145,,18.7,7.990314769975787,19.4,,12.0,6.378044066486277,17.86566395345357,,,,26.236560598500745,0.3538899430740038,,,,0.0,,,,56.11,
SAMHI,2026-10-03,Consumer Services,,3433.0,8.17,,,2.679937548790008,1.5682281059063137,,24.5,13.119266055045872,8.9,,34.0,44.65261514441842,,,,,10.207816331630148,0.84967919340055,,,,0.0,,,,,
SAMMAANCAP,2026-10-03,Financial Services,,15388.0,,,,,0.8048780487804879,,-3.21,-9.746373395471627,4.92,,,,,,,,,,,,,0.0,,,,28.34,
SAMPANN,2026-10-03,,,123.0,17.5,,,0.8092105263157895,2.4539877300613497,,21.3,4.635761589403973,8.3,,11.0,4.605263157894736,,,,,28.882834753780994,2.0869565217391304,,,,0.0,,,,40.4,
SANATHAN,2026-10-03,,,4257.0,70.1,,,0.967280163599182,2.27027027027027,,3.78,1.3003623960775954,6.89,,7.0,1.3860486253124291,-27.16711625475221,,-31.98567562973319,,14.160991750238438,0.8076923076923077,,,,0.0,,,,78.58,
SANDESH,2026-10-03,,,749.0,6.87,,,0.9089805825242718,0.5249204665959704,,4.83,7.007203667321546,7.03,,1.1,12.985436893203882,-17.13825810161711,,3.6165447490787317,,36.78037182870524,0.0,,,,0.51,,,,74.81,
SANDHAR,2026-10-03,,,3394.0,16.2,,0.6830287572460338,0.6597978227060654,2.5520361990950224,,11.5,5.982168536094335,12.3,,9.0,4.043545878693624,23.717888636663353,,30.119465103156685,,13.469283262124154,0.8612153038259565,,,,0.71,,,,70.38,
SANDUMA,2026-10-03,Metals & Mining,,8637.0,11.6,,0.2630694525861613,1.6210585585585586,2.6606875934230194,,23.0,13.018287162773856,24.2,,24.0,13.494744744744743,44.0948193945123,,1.2087252671866722,,62.0515897054299,0.3070067609096497,,,,0.28,,,,74.22,
SANGAMIND,2026-10-03,,,3188.0,25.2,,0.5746529347018534,0.9645990922844175,2.6569037656903767,,8.38,3.6500754147812975,10.4,,11.0,3.6611195158850225,43.852556000735454,,-3.500707737281772,,7.939905699126215,1.187732342007435,,,,0.32,,,,70.52,
SANGHVIMOV,2026-10-03,,,3718.0,18.1,,0.8543291099314607,3.1588785046728973,2.847682119205298,,13.9,8.493384549722578,15.6,,36.0,16.90739167374681,21.186214761489385,,,,37.17360113649415,0.5141113653699466,,,,0.47,,,,47.25,
SANOFI,2026-10-03,,,6995.0,15.8,,,3.4749130650769997,8.120320855614974,,47.1,25.620347394540943,49.2,,24.0,20.516641828117237,,,,,,0.022067363530778164,,,,2.47,,,,60.4,
SANOFICONR,2026-10-03,Healthcare,,8722.0,32.8,,2.395752240503414,9.181052631578947,25.079470198675498,,71.6,37.6770538243626,89.9,,37.0,28.000000000000004,13.690898184491651,,,,9.478375973161214,0.0603448275862069,,,,1.98,,,,71.27,
SANSERA,2026-10-03,Automobile and Auto Components,,26694.0,71.6,,4.136033628785392,7.112709832134293,8.640404040404041,,11.8,7.8086763070077865,14.5,,18.0,9.352517985611511,17.311271238630233,,17.468589514361767,,10.113163425590832,0.19144800777453838,,,,0.09,,,,29.21,
SANSTAR,2026-10-03,,,2063.0,46.9,,,2.6280254777070065,,,,6.4393939393939394,,,4.8,4.3312101910828025,-29.527012679351085,,,,15.916797315216957,0.5039370078740157,,,,0.0,,,,64.18,
SAPPHIRE,2026-10-03,Consumer Services,,6743.0,2740.0,,,2.0818153751157764,4.849884526558892,,-1.03,-0.4915514592933948,3.98,,15.0,-0.4939796233405372,,,,,7.682961763695739,1.0194244604316547,,,,0.0,,,,26.06,
SAPPL,2026-10-03,,,274.0,6.61,,0.09257384792707907,0.3779310344827586,0.9840255591054313,,11.4,6.8181818181818175,14.3,,15.0,5.793103448275862,71.40245488344326,,13.956910499583186,,34.94972281690218,0.920863309352518,,,,0.0,,,,59.6,
SARDAEN,2026-10-03,Metals & Mining,,17434.0,15.5,,0.5297304102796819,3.077493380406002,2.3684210526315788,,15.1,10.122240787969396,16.9,,32.0,20.317740511915268,29.260166490756045,,7.514166574386683,,13.563250892269485,0.35712347354138396,,,,0.4,,,,73.16,
SAREGAMA,2026-10-03,Media Entertainment & Publication,,9539.0,41.8,,10.608423756016856,9.163304514889528,5.637813211845103,,12.7,9.529969814575248,17.3,,36.0,21.229586935638807,3.940264921665859,,7.790321687382296,,9.038129997032684,0.04314420803782506,,,,0.91,,,,60.84,
SARLAPOLY,2026-10-03,,,732.0,9.26,,,1.7766990291262137,1.7590822179732315,,14.4,0.24067388688327318,10.5,,13.0,0.48543689320388345,-51.124951284001185,,-39.20755460158757,,2.4627829401915546,0.6330275229357798,,,,2.17,,,,59.98,
SARVESHWAR,2026-10-03,,,424.0,12.8,,0.5230044315398712,0.3024251069900143,0.8888888888888888,,8.37,3.0303030303030303,10.4,,4.6,2.353780313837375,24.473980004936525,,46.50780257917609,,17.285073872358026,0.5283018867924528,,,,0.0,,,,40.87,
SASKEN,2026-10-03,,,2614.0,35.4,,,2.2171331636980494,3.0550621669626996,,7.0,6.174957118353345,9.9,,9.0,6.106870229007633,-4.342101509597185,,-11.715364771202285,,42.668881734083165,0.03274853801169591,,,,1.45,,,,42.94,
SATIA,2026-10-03,,,683.0,,,,0.4733194733194733,0.6266055045871559,,3.83,-0.5134788189987163,3.94,,8.0,-0.5544005544005544,,,,,-5.648735740833855,0.28768382352941174,,,,0.59,,,,52.46,
SATIN,2026-10-03,,,2513.0,6.13,,,,0.8764478764478765,,12.3,2.8515788009458896,13.8,,,,-2.0435019218720485,,68.13942204251433,,,,,,,0.0,,,,36.17,
SAURASHCEM,2026-10-03,,,594.0,37.0,,,0.3496174220129488,0.6180555555555555,,2.29,0.4408060453400504,2.51,,2.3,0.4120070629782225,-51.00026949703553,,-28.847351481351,,-1.2623265576474307,0.1113423517169615,,,,0.0,,,,66.62,
SAYAJIHOTL,2026-10-03,,,534.0,,,,4.015037593984962,3.434684684684685,,-14.6,-0.32786885245901637,-0.49,,15.0,-0.7518796992481203,,,,,5.895589606372331,0.8076923076923077,,,,0.0,,,,66.82,
SAYAJIIND,2026-10-03,,,302.0,24.3,,,0.2775735294117647,3.2697547683923704,,1.49,2.3679417122040074,8.18,,4.9,1.1948529411764706,,,-7.987833833536307,,3.7229260644438433,2.4408602150537635,,,,0.0,,,,74.94,
SBC,2026-10-03,,,2788.0,72.9,,1.1730142901072456,6.168141592920354,34.82142857142857,,37.2,8.695652173913043,18.2,,9.0,8.4070796460177,62.14758048116784,,63.183932866663554,,28.706611888588096,2.802469135802469,,,,0.0,,,,50.28,
SBCL,2026-10-03,,,6143.0,57.6,,7.234611804150781,9.972402597402597,12.751196172248804,,21.8,16.666666666666664,26.6,,23.0,17.20779220779221,7.961726428355509,,13.979925860281295,,6.5665673023265425,0.14730290456431536,,,,0.38,,,,33.61,
SBFC,2026-10-03,Financial Services,,9337.0,27.0,,0.4467254483495048,,2.863945578231293,,11.6,4.0134946486738015,11.6,,,,60.43980726810083,,,,,,,,,0.0,,,,52.31,
SBGLP,2026-10-03,,,395.0,9.41,,0.6363043235739642,2.337278106508876,3.7873754152823924,,42.9,15.96958174904943,30.8,,35.0,24.85207100591716,14.788521233277741,,24.165317307036972,,32.897884989246265,0.7980769230769231,,,,0.53,,,,73.39,
SBICARD,2026-10-03,Financial Services,,53597.0,23.6,,,,3.412121212121212,,14.7,3.4299240139910743,10.1,,,,-1.9054829856510858,,6.8753171931515755,,,,,,,0.44,,,,68.86,
SBIFUNDS,2026-10-03,,,101913.0,32.9,,1.0504108139014854,20.489143546441497,,,43.0,47.77258566978193,56.5,,82.0,61.6606353035786,31.32107891940037,,28.430904254969704,,27.40805917009368,0.0,,,,0.0,,,,88.19,
SBILIFE,2026-10-03,Financial Services,,172746.0,66.4,,5.983415587020134,1.4436885739118808,8.567164179104477,,13.7,0.5201521460025678,15.0,,0.7,2.173731363241292,11.09734047958193,,11.494438157357223,,-3.2167925330365055,0.0,,,,0.16,,,,55.32,
SBIN,2026-10-03,Financial Services,,880707.0,10.5,,1.3995314395945042,,1.4154302670623145,,15.4,1.0775520190896095,6.13,,,,7.502510985421118,,18.695251751269137,,,,,,,1.82,,,,55.47,
SCHAEFFLER,2026-10-03,Automobile and Auto Components,,60733.0,48.4,,4.1324575505426795,5.781342217991432,9.888040712468193,,20.2,14.720394736842104,27.3,,18.0,11.927653498334125,11.712159025963631,,,,13.152994201079293,0.007808687164470474,,,,0.9,,,,74.13,
SCHAND,2026-10-03,,,506.0,6.84,,0.8619298175025045,0.623921085080148,0.4816053511705686,,7.2,4.874551971326166,9.97,,18.0,8.384710234278668,7.935680911723564,,54.5927539194015,,6.947123629430929,0.12903225806451613,,,,2.79,,,,46.99,
SCHNEIDER,2026-10-03,Capital Goods,,30495.0,157.0,,69.27634629847886,10.443493150684931,44.270833333333336,,38.2,7.849829351535837,29.6,,11.0,6.301369863013699,2.2662858015571663,,45.9801044698158,,9.78091328574453,0.9173913043478261,,,,0.0,,,,75.0,
SCI,2026-10-03,Services,,12439.0,7.69,,0.2291117008028613,1.9713153724247228,1.3692307692307693,,15.0,12.148971317014565,13.9,,40.0,25.641838351822503,33.5644140960607,,13.345317168914207,,7.728848603748117,0.29452506596306066,,,,2.81,,,,63.75,
SCILAL,2026-10-03,,,1707.0,59.9,,,68.28,0.5674418604651164,,0.96,0.7887323943661971,1.31,,-162.0,112.00000000000001,-15.748710932676858,,,,13.71830097629767,0.0,,,,1.5,,,,63.75,
SCODATUBES,2026-10-03,,,737.0,19.9,,,1.34981684981685,1.8865030674846626,,14.4,5.377906976744186,16.5,,14.0,6.7765567765567765,,,,,10.928775019696735,0.4794871794871795,,,,0.0,,,,66.43,
SDBL,2026-10-03,,,1558.0,,,,1.6061855670103093,2.002673796791444,,2.32,-2.04778156996587,5.67,,3.1,-3.0927835051546393,,,,,-8.853317064640665,0.27214377406931967,,,,0.0,,,,39.43,
SEAMECLTD,2026-10-03,,,4055.0,15.8,,0.5452766057576918,3.9065510597302504,3.115234375,,21.2,13.917248790972595,19.7,,41.0,24.951830443159924,28.976119336799776,,25.28055629595012,,12.501058433029954,0.27132974634896234,,,,0.13,,,,72.72,
SECMARK,2026-10-03,,,144.0,43.8,,,3.4926024739267527,6.116071428571429,,11.7,6.80780406807804,11.7,,20.42,7.955372301722047,,,4.3323972478057415,,18.800500056758594,0.548910721913712,,,,0.0,,,,75.0,
SECURKLOUD,2026-10-03,,,56.0,,,,1.4,-1.0909090909090908,,-214.0,-77.77777777777779,-7.86,,-17.0,-35.0,,,,,-51.00026949703553,-1.1176470588235294,,,,0.0,,,,43.35,
SEDEMAC,2026-10-03,,,15163.0,129.0,,,14.331758034026466,33.65686274509804,,26.9,12.776412776412776,35.3,,20.0,9.829867674858223,-85.51800650223316,,-67.64061670641064,,35.74226766918376,0.1603563474387528,,,,0.0,,,,26.23,
SEIL,2026-10-03,,,3006.0,517.0,,32.097942736986035,52.997179125528916,39.285714285714285,,7.99,5.749628896585849,10.3,,11.35,10.24330042313117,16.10695128458397,,,,45.51043685206784,0.07740503850672235,,,,0.0,,,,49.88,
SEJALLTD,2026-10-03,,,748.0,23.8,,0.22520685211141758,1.7116704805491991,4.932330827067669,,31.1,6.808510638297872,18.6,,15.0,7.322654462242563,105.680621068427,,-27.803159029127535,,38.637014143102455,1.3377483443708609,,,,0.0,,,,69.96,
SEKURITIND,2026-10-03,,,995.0,22.4,,1.7961169747491494,3.995983935742972,4.082397003745318,,17.8,15.120274914089347,24.0,,20.0,17.670682730923694,12.471348088633505,,-1.3757697473984254,,7.399212408100775,0.00411522633744856,,,,2.29,,,,75.0,
SELMC,2026-10-03,,,83.1,,,,0.22219251336898393,-1.4764705882352942,,-452.0,-18.29383886255924,-15.1,,-15.0,-51.60427807486631,,,,,25.546111505043623,-16.49122807017544,,,,0.0,,,,75.0,
SEMAC,2026-10-03,,,75.4,11.4,,,0.33963963963963967,0.9236641221374046,,9.19,3.414634146341464,10.3,,3.4,3.153153153153153,,,24.328557117838322,,20.46191173670071,0.34146341463414637,,,,0.0,,,,62.85,
SENCO,2026-10-03,Consumer Durables,,5202.0,9.11,,0.20657103427119142,0.5385093167701863,2.0718954248366015,,25.6,8.085528178986124,21.2,,10.0,5.910973084886129,44.10105236748814,,23.507495855856455,,22.608615644289777,1.073587907716786,,,,0.55,,,,64.48,
SENORES,2026-10-03,,,6215.0,49.2,,1.2757453012087276,9.033430232558139,6.650246305418719,,13.4,8.16708229426434,15.1,,29.0,19.040697674418606,38.565691720270955,,93.54452334482039,,47.361259945615465,0.36616702355460384,,,,0.0,,,,45.82,
SEPC,2026-10-03,,,973.0,36.2,,13.387561772686196,0.8641207815275311,0.4980392156862746,,3.18,0.8406078241189783,5.61,,6.0,2.3090586145648313,2.70400246248399,,,,26.14165065507099,0.1839499739447629,,,,0.0,,,,11.67,
SERVOTECH,2026-10-03,,,1563.0,41.7,,0.9184545458744795,2.081225033288948,5.40625,,12.8,5.109489051094891,12.8,,10.0,4.660452729693742,45.40235571516125,,49.8087159028632,,28.61404891921646,0.7326388888888888,,,,0.03,,,,58.61,
SESHAPAPER,2026-10-03,,,1491.0,15.1,,,0.8205833791964777,0.7283950617283951,,4.1,3.9568345323741005,5.6,,6.0,5.448541552008805,-28.48789071228859,,-2.0801737100472284,,0.276703125969191,0.0,,,,0.85,,,,43.27,
SETL,2026-10-03,,,8318.0,97.2,,,9.797408716136632,10.556962025316455,,10.7,7.097288676236045,14.7,,15.0,10.482921083627797,-48.93390695630189,,-23.597355459242884,,15.994197210366966,0.10532994923857868,,,,0.0,,,,60.47,
SFL,2026-10-03,Consumer Durables,,6734.0,33.1,,6.064983090364555,1.670553212602332,2.0704697986577183,,4.8,4.247406537482874,6.11,,11.0,5.383279583229967,5.4575584971681135,,-2.4424297297051756,,10.569425483230654,0.27921279212792127,,,,0.16,,,,65.39,
SGFIN,2026-10-03,,,4164.0,26.6,,1.2473756432899443,,2.8214285714285716,,10.3,3.76228133237479,9.32,,,,21.32477104478543,,74.884457573635,,,,,,,0.0,,,,56.95,
SGIL,2026-10-03,,,954.0,192.0,,,2.6065573770491803,8.587412587412587,,4.55,1.0570824524312896,9.24,,11.0,1.366120218579235,,,,,,2.232142857142857,,,,0.0,,,,69.5,
SGL,2026-10-03,,,23.3,2.21,,,0.08597785977859779,,,,,,,13.0,4.059040590405904,,,,,,,,,,0.0,,,,65.76,
SGLRES,2026-10-03,,,56.9,,,,1.8057759441447159,0.3071718538565629,,0.06,-0.17424362426738477,0.14,,-29.83,-1.7454776261504286,,,,,2.186843777924863,0.43538885586121173,,,,0.0,,,,6.9,
SGMART,2026-10-03,,,9357.0,75.3,,3.451424967154497,1.4439814814814815,5.84251968503937,,7.92,5.511111111111111,10.2,,2.5,1.9135802469135803,21.81707576337102,,101.1125532073765,,34.168771861645084,0.16781465247338762,,,,0.0,,,,57.9,
SGRL,2026-10-03,,,891.0,57.7,,,9.0,5.464566929133858,,10.8,7.211538461538461,14.1,,31.0,15.151515151515152,-18.19923272320182,,8.001610784746148,,-7.724115558366041,0.1901840490797546,,,,0.0,,,,72.83,
SHADOWFAX,2026-10-03,,,16032.0,94.8,,,3.3844205193160226,9.1,,10.4,5.963302752293578,10.0,,6.0,3.5676588558159175,,,,,35.95567592994748,0.14154727793696276,,,,0.0,,,,16.51,
SHAH,2026-10-03,,,301.0,22.8,,1.4368943573802666,1.2754237288135593,0.9805825242718447,,5.16,2.2968197879858656,4.85,,1.4,5.508474576271186,15.867554829548336,,,,34.49725566134156,0.7810457516339869,,,,0.0,,,,32.51,
SHAHALLOYS,2026-10-03,,,169.0,,,,4.5675675675675675,1.5035211267605635,,-101.0,51.92307692307693,0.49,,13.0,291.8918918918919,,,,,-61.04686072995187,0.5575221238938053,,,,0.0,,,,53.75,
SHAILY,2026-10-03,Consumer Durables,,13840.0,78.3,,1.7214796523502875,13.502439024390243,19.28846153846154,,26.9,15.431560592850916,29.3,,29.0,17.268292682926827,45.48412750223287,,38.01605577543321,,16.756033554048287,0.24720670391061453,,,,0.1,,,,41.09,
SHAKTIPUMP,2026-10-03,Capital Goods,,5604.0,26.4,,1.9646877602423871,1.9100204498977504,3.289855072463768,,18.0,6.959947472094551,23.6,,12.0,7.2256305385139745,13.437249691392683,,23.959754897992735,,28.866752697503184,0.2961876832844575,,,,0.22,,,,50.36,
SHALBY,2026-10-03,,,1442.0,36.7,,,1.2261904761904763,1.439312567132116,,2.45,2.0562770562770565,6.12,,12.0,3.231292517006803,-22.36803205016097,,-6.189223328728377,,7.982525819364383,0.5914512922465208,,,,0.0,,,,74.33,
SHANKARA,2026-10-03,,,302.0,58.0,,,0.21710999281092738,0.6702702702702703,,0.71,0.6605019815059445,2.92,,1.7,0.35945363048166784,-60.53721450751694,,-32.8159556338502,,-33.952970537116926,0.42953020134228187,,,,0.0,,,,45.39,
SHANKESH,2026-10-03,,,1293.0,12.1,,,0.7927651747394237,,,68.8,26.48514851485149,50.3,,10.0,6.560392397302269,-37.616258904785425,,,,21.515037692181327,0.8,,,,0.0,,,,69.53,
SHANTI,2026-10-03,,,6.11,,,,0.5869356388088377,1.5277777777777777,,-120.0,-28.746746002231315,4.22,,-72.62,-74.25552353506244,,,,,-0.7879306275328735,4.040000000000001,,,,0.0,,,,0.0,
SHANTIGEAR,2026-10-03,,,4401.0,65.4,,,8.819639278557114,10.0,,19.0,11.510791366906476,25.6,,18.0,12.825651302605209,-8.138102321330265,,8.447177119769854,,-2.3560697133180653,0.0,,,,0.87,,,,70.47,
SHANTIGOLD,2026-10-03,,,2329.0,14.9,,,1.1535413571074788,,,,,,,10.0,6.934125804853888,,,,,,,,,,0.0,,,,70.35,
SHARDACROP,2026-10-03,Chemicals,,6398.0,10.2,,0.060032483217658056,1.1943251820048535,2.0373563218390807,,23.2,10.873718950842452,30.2,,20.0,11.685644950532016,169.90801401664748,,12.387956477322248,,19.199422542793343,0.0,,,,2.12,,,,74.82,
SHARDAMOTR,2026-10-03,,,5332.0,15.9,,3.3649299438739084,1.4600219058050383,4.056768558951965,,25.2,14.988713318284425,34.5,,12.0,9.090909090909092,4.725209815719067,,18.18575448403299,,9.14227694974825,0.037319116527037316,,,,2.15,,,,64.31,
SHAREINDIA,2026-10-03,Financial Services,,4488.0,12.4,,,2.8459099556119214,1.7083333333333333,,13.0,7.930283224400872,18.4,,40.0,23.081800887761574,-9.24403214600198,,6.08896985370726,,2.069702144631358,0.2637571157495256,,,,0.78,,,,48.62,
SHBAJRG,2026-10-03,,,155.0,3.46,,0.9819945686627112,0.5400696864111498,0.40375586854460094,,12.3,8.47457627118644,1.12,,1.4,15.6794425087108,3.5234410763715918,,-8.855686688097386,,-20.444719069164265,0.2708333333333333,,,,0.0,,,,63.96,
SHERVANI,2026-10-03,,,86.2,332.0,,,5.370716510903427,0.6492248062015504,,-0.54,0.07557700133713156,1.4,,-19.63,1.61993769470405,-79.32114890297457,,,,-51.729289878068094,0.5431261770244821,,,,0.75,,,,62.07,
SHILCTECH,2026-10-03,,,4614.0,33.6,,2.3576165248043908,7.3471337579617835,9.400932400932401,,37.8,23.3502538071066,50.7,,25.0,21.97452229299363,14.251681580314578,,57.71507367377862,,16.517112183582427,0.0,,,,0.31,,,,62.12,
SHILGRAVQ,2026-10-03,,,85.7,10.0,,,0.872264631043257,0.8128654970760234,,7.86,5.564401240258108,10.1,,14.64,6.758269720101781,-16.528679518030465,,-3.431261671719432,,3.946035075876053,0.002763747260078147,,,,1.51,,,,60.83,
SHILPAMED,2026-10-03,Healthcare,,20812.0,73.2,,0.7165883168994022,12.366013071895425,8.06060606060606,,8.99,8.014031300593633,10.9,,28.0,17.647058823529413,102.15070253549241,,34.21579623980826,,13.666677617850898,0.25462962962962965,,,,0.06,,,,40.13,
SHINDL,2026-10-03,,,624.0,37.1,,0.8801512762800351,1.1773584905660377,4.035532994923858,,10.9,5.379746835443038,12.9,,7.0,3.207547169811321,42.15184480195653,,37.2120394052184,,20.621014139712468,0.8181818181818182,,,,0.0,,,,45.01,
SHIPROCKET,2026-10-03,,,8729.0,,,,4.312747035573122,,,-5.14,-3.153692614770459,-2.68,,-3.3,-3.903162055335968,,,,,22.949719651863433,0.2263779527559055,,,,0.0,,,,,
SHIVAAGRO,2026-10-03,,,39.2,,,,0.1356401384083045,0.43946188340807174,,-0.01,1.342281879194631,4.41,,2.1,0.6920415224913495,,,,,-7.402594199468238,0.2696629213483146,,,,0.0,,,,58.06,
SHIVACEM,2026-10-03,,,394.0,,,,0.8191268191268192,-5.88495575221239,,,-6.1096605744125325,-1.43,,7.0,-24.324324324324326,,,,,11.499229739202587,-25.970149253731343,,,,0.0,,,,66.5,
SHIVAMAUTO,2026-10-03,,,224.0,,,,0.5233644859813084,-5.533980582524273,,,-18.123667377398718,-1.28,,8.0,-19.859813084112147,,,,,-3.0721371753975935,-9.829268292682928,,,,0.0,,,,69.52,
SHIVAMILLS,2026-10-03,,,48.9,14.5,,,0.34928571428571425,0.5289719626168224,,-0.8,2.7777777777777777,-0.73,,7.0,2.142857142857143,,,-28.23813086471536,,-3.951559842442376,0.0,,,,0.0,,,,74.93,
SHIVATEX,2026-10-03,,,224.0,23.3,,,0.6627218934911243,1.5446428571428572,,9.04,3.6900369003690034,12.6,,10.0,2.9585798816568047,,,1.2591378687089927,,0.29762080250912426,0.503448275862069,,,,0.35,,,,74.04,
SHIVAUM,2026-10-03,,,754.0,79.6,,,1.246280991735537,6.25,,6.08,4.017857142857143,8.03,,3.1,1.487603305785124,-3.2237448256580814,,,,2.9170819165784234,0.8016528925619835,,,,0.0,,,,73.53,
SHK,2026-10-03,,,1908.0,40.4,,,0.7787755102040816,1.4024390243902438,,3.71,3.085991678224688,5.85,,10.0,3.63265306122449,-10.066898866810703,,-9.734404797771745,,8.277010985059352,0.7560617193240264,,,,0.73,,,,54.87,
SHOPERSTOP,2026-10-03,,,4460.0,,,,0.8620023192887515,15.340909090909092,,-6.37,-0.5563503417580671,7.03,,15.0,-0.6764592191727871,,,,,6.2220776896101615,11.398625429553265,,,,0.0,,,,66.06,
SHRADDHA,2026-10-03,,,627.0,9.66,,0.08413091243151682,1.0754716981132075,4.740061162079511,,51.2,9.15593705293276,23.6,,14.0,10.977701543739279,114.82105353205708,,,,90.74936003340906,1.9848484848484849,,,,0.0,,,,74.78,
SHRADHA,2026-10-03,,,242.0,9.1,,0.7180204311218887,2.1415929203539825,0.8147138964577656,,7.03,5.930470347648262,8.29,,18.0,25.663716814159294,12.673734068794506,,78.80706664150875,,0.900949433292153,0.3434343434343434,,,,2.01,,,,74.98,
SHREDIGCEM,2026-10-03,,,986.0,54.8,,,1.107865168539326,2.700404858299595,,6.84,1.6901408450704223,6.4,,9.0,2.0224719101123596,-41.03228647585425,,-20.492935096926836,,3.9652674247262265,1.4043715846994536,,,,1.5,,,,63.71,
SHREECEM,2026-10-03,Construction Materials,,79017.0,48.5,,,3.608741322616003,3.395875329508451,,7.51,5.202238616128212,10.3,,21.0,7.471684325904275,-12.044349913259412,,-6.910420142288198,,2.3803216973599994,0.08028538273090643,,,,0.68,,,,62.56,
SHREEJISPG,2026-10-03,,,12632.0,79.0,,,16.686922060766182,16.419491525423727,,27.5,13.104013104013104,26.4,,28.0,21.136063408190225,,,,,1.1718055970532104,0.36150845253576075,,,,0.13,,,,90.0,
SHREEPUSHK,2026-10-03,,,1589.0,22.0,,0.9206173398461751,1.5858283433133733,2.6031746031746033,,12.1,7.422680412371134,12.9,,10.0,7.18562874251497,23.897008070341098,,4.356443822602585,,11.338072963188694,0.21475409836065573,,,,0.43,,,,69.36,
SHREERAMA,2026-10-03,,,576.0,22.6,,0.6222223087238177,2.1735849056603773,3.2481203007518795,,15.4,10.964912280701753,18.2,,16.0,9.433962264150944,36.32142352200898,,,,14.184886325377732,0.12359550561797752,,,,0.0,,,,61.57,
SHREYANIND,2026-10-03,,,175.0,,,,0.27821939586645467,0.4077669902912621,,1.46,-2.2082018927444795,2.44,,-2.8,-2.2257551669316373,,,,,-3.4561775281314544,0.14285714285714285,,,,1.19,,,,50.29,
SHRIKRISH,2026-10-03,,,101.0,24.9,,,4.953408533594899,1.1042944785276072,,5.13,1.912903835254109,6.7,,40.17,19.86267778322707,-3.0256316870632127,,7.9310896244752405,,-7.122650528734309,0.5017555409260478,,,,0.0,,,,54.88,
SHRINGARMS,2026-10-03,,,2134.0,17.6,,,0.8667749796913079,3.143669985775249,,26.3,13.565022421524663,26.8,,7.0,4.914703493095045,-29.017146729027143,,-11.302066853137848,,30.728060516069135,0.2791728212703102,,,,0.0,,,,74.8,
SHRIPISTON,2026-10-03,Automobile and Auto Components,,20830.0,35.7,,4.254968715267199,4.191146881287726,6.813353566009105,,21.4,9.361771409964181,20.8,,19.0,11.569416498993963,8.390190948268383,,28.038150505284555,,17.178021306884528,0.6783867631851086,,,,0.22,,,,41.55,
SHRIRAMFIN,2026-10-03,Financial Services,,222363.0,19.6,,1.5140211349637354,,2.7,,16.4,3.5217425126409956,11.5,,,,12.94565812020152,,22.928715130004186,,,,,,,1.14,,,,20.3,
SHRIRAMPPS,2026-10-03,,,1150.0,12.6,,1.9408721394247372,0.9207365892714171,0.7873831775700936,,6.78,2.450188476036618,7.79,,3.1,7.285828662930344,6.491926873521181,,55.949920497364715,,13.026976508663267,0.42191780821917807,,,,0.0,,,,27.89,
SHRJAGP,2026-10-03,,,589.0,13.2,,1.1596747798032314,1.2194616977225672,1.7898936170212767,,10.3,9.503239740820735,12.6,,12.0,9.109730848861282,11.382501568448111,,,,10.08957287159673,0.28277791291656534,,,,0.15,,,,72.94,
SHUKRAPHAR,2026-10-03,,,2724.0,80.2,,,36.32,30.146341463414636,,28.9,29.059829059829063,37.0,,62.0,45.33333333333333,,,,,,0.05555555555555555,,,,0.02,,,,51.16,
SHYAMMETL,2026-10-03,Capital Goods,,29247.0,26.0,,9.376584642749163,1.4934129901960784,2.5375302663438255,,9.7,5.581580783414732,13.0,,13.0,5.718954248366013,2.7728646400164036,,-9.85753971560902,,14.06804596795872,0.08721687060661286,,,,0.43,,,,74.59,
SHYAMTEL,2026-10-03,,,11.6,,,,0.03569230769230769,0.8174603174603176,,-20.2,-15.69767441860465,-22.8,,-2.0,-8.307692307692308,,,,,-25.906713214630273,0.0,,,,0.0,,,,66.15,
SICAGEN,2026-10-03,,,202.0,9.75,,0.3919271507621963,0.19146919431279621,0.408,,3.81,2.7027027027027026,6.03,,4.0,1.8957345971563981,24.87707213199899,,,,9.890911828644455,0.3212121212121212,,,,1.96,,,,61.13,
SIEL,2026-10-03,,,42.2,34.6,,,1.0040447299547943,0.6301652892561984,,1.54,1.5633915325801668,2.81,,6.21,3.259576492981204,-38.2090868280896,,-9.505343894935903,,-0.3152357586440391,0.18914890445669993,,,,0.0,,,,47.15,
SIEMENS,2026-10-03,Capital Goods,,135468.0,90.1,,4.831686628479059,7.500166094563172,9.77892030848329,,19.2,15.44807429406496,21.4,,11.0,18.143062783744877,18.647732547249674,,24.646357937308807,,-2.6109620529463196,0.02218208092485549,,,,0.47,,,,75.0,
SIGACHI,2026-10-03,,,1083.0,48.2,,,2.299363057324841,2.0808823529411766,,5.78,3.0915576694411415,6.14,,10.0,5.520169851380043,-27.24851685522366,,-12.415694601337822,,5.6856453808249,0.3103448275862069,,,,0.35,,,,36.69,
SIGMA,2026-10-03,,,462.0,14.8,,0.6006455956198918,4.714285714285714,5.986666666666666,,37.8,34.831460674157306,48.3,,32.0,31.63265306122449,24.640154040796336,,28.431296342161417,,14.666768361648419,0.025974025974025976,,,,1.11,,,,73.21,
SIGNATURE,2026-10-03,Realty,,10375.0,,,,4.546450482033304,5.583333333333333,,-30.3,6.050420168067227,2.38,,-6.0,45.74934268185802,301.2461139687634,,,,22.512749370191987,1.6102702702702703,,,,0.0,,,,69.54,
SIGNPOST,2026-10-03,,,1386.0,18.9,,1.0165746987839703,2.3451776649746194,4.814126394052045,,27.6,10.755813953488373,24.9,,25.0,12.521150592216582,18.59184575674393,,,,15.157485129164971,0.7048611111111112,,,,0.19,,,,60.38,
SIKA,2026-10-03,,,2159.0,62.3,,2.9062674381656417,11.60752688172043,13.169469598965073,,25.1,20.0,34.6,,22.0,18.817204301075268,21.43643051629209,,15.86471534163698,,20.61528841335445,0.0,,,,0.34,,,,71.72,
SIL,2026-10-03,,,102.0,1.64,,,0.4722222222222222,0.8826815642458101,,-16.6,32.29166666666667,-12.8,,35.0,28.703703703703702,,,-19.62543806138647,,100.0,0.034782608695652174,,,,5.05,,,,20.31,
SILGO,2026-10-03,,,224.0,33.3,,,4.645375362919951,1.62877030162413,,5.81,4.163058270444142,8.11,,23.21,13.95686437163003,,,,,,0.14644412191582,,,,0.0,,,,40.54,
SILINV,2026-10-03,,,450.0,8.98,,0.46229192875420283,6.081081081081081,0.1756198347107438,,1.32,1.7850892544627233,1.75,,86.0,68.91891891891892,19.424955188379677,,8.712784079732817,,13.21062322933404,0.0,,,,0.59,,,,63.79,
SILVERTUC,2026-10-03,,,1759.0,42.2,,1.119289554938746,4.886111111111111,10.373134328358208,,24.4,14.18918918918919,29.8,,20.0,11.666666666666666,37.70248709442252,,45.186135108262995,,17.134499842861995,0.1952662721893491,,,,0.07,,,,74.66,
SIMPLEXINF,2026-10-03,,,1938.0,42.9,,,1.812909260991581,1.991869918699187,,5.09,1.1852615305333678,2.38,,6.0,4.303086997193639,,,,,-8.33657519212042,1.6823770491803278,,,,0.0,,,,35.99,
SIMPLXREA,2026-10-03,,,36.9,,,,3.477851083883129,0.33066666666666666,,-3.28,-2.3049199564160587,-0.32,,-36.95,-25.918944392082942,,,,,81.99840085248182,0.0,,,,0.0,,,,55.1,
SINCLAIR,2026-10-03,,,393.0,144.0,,,20.02037697401936,5.7669172932330826,,3.4,2.0615156262884473,,,26.69,12.73560876209883,,,,,,0.21358499937911335,,,,1.04,,,,64.02,
SINDHUTRAD,2026-10-03,,,4096.0,52.9,,5.010508877684649,8.39344262295082,1.7209302325581395,,2.52,2.667128507100797,4.55,,6.0,15.778688524590164,10.557809853526301,,,,-33.83830255775554,0.26411865373645177,,,,0.0,,,,73.93,
SINGERIND,2026-10-03,,,465.0,58.0,,,1.0310421286031042,6.2250000000000005,,13.0,4.761904761904762,18.2,,3.4,1.7738359201773837,,,,,86.07705928355145,0.3076923076923077,,,,0.54,,,,30.49,
SINTERCOM,2026-10-03,,,209.0,126.0,,9.980365575823132,1.9904761904761905,2.0294117647058827,,1.4,0.975609756097561,5.92,,17.0,1.9047619047619049,12.624788044360603,,,,6.0642134415163085,0.5096153846153846,,,,0.0,,,,69.74,
SIRCA,2026-10-03,,,2281.0,34.0,,4.276229121338699,4.49015748031496,4.802867383512544,,15.8,11.37521222410866,20.3,,20.0,13.188976377952756,7.950930372354814,,18.45306375097382,,17.769936553516107,0.06736842105263158,,,,0.5,,,,65.19,
SIS,2026-10-03,,,5835.0,14.5,,,0.3424898749779891,2.2944444444444443,,13.9,1.9390581717451523,13.7,,4.5,0.8628279626694841,-7.705039782373002,,-14.051559150346016,,11.589263273520146,0.7026708562450903,,,,1.7,,,,71.86,
SIYSIL,2026-10-03,,,2412.0,10.2,,1.172354350641209,0.9174591099277292,1.6521739130434783,,14.9,10.812043795620438,18.8,,13.0,9.01483453784709,8.70044112040118,,2.537994675343791,,7.91363009527235,0.2410958904109589,,,,2.26,,,,67.45,
SJS,2026-10-03,,,6965.0,36.6,,1.0713150414733676,6.923459244532803,7.970479704797048,,22.0,19.255222524977295,28.6,,29.0,21.07355864811133,34.16362002130058,,29.559451845424167,,17.00725179746534,0.026497695852534562,,,,0.16,,,,20.15,
SJVN,2026-10-03,Power,,22757.0,35.6,,,4.546853146853147,1.5994475138121544,,4.58,1.2344009581578643,5.73,,68.0,12.767232767232766,-11.282558281086663,,-8.457473433049822,,24.733826792540103,2.266872673642812,,,,2.59,,,,81.85,
SKFINDIA,2026-10-03,Automobile and Auto Components,,7169.0,30.9,,,2.3367014341590613,5.390334572490707,,14.8,10.1010101010101,24.2,,12.0,6.844850065189048,-27.577537724228797,,-11.901013405580708,,-12.438528436786155,0.002257336343115124,,,,2.76,,,,52.58,
SKFINDUS,2026-10-03,Capital Goods,,13517.0,35.2,,,3.7651810584958216,9.143812709030101,,26.6,7.778608825729244,29.9,,11.0,5.793871866295264,,,,,,0.0033875338753387536,,,,0.73,,,,52.58,
SKIPPER,2026-10-03,Capital Goods,,6112.0,26.3,,0.6551568472291782,1.0896773043323231,4.098484848484849,,16.6,4.963600264725347,23.6,,10.0,4.011410233553217,40.143059041860376,,54.92076849700833,,19.55900381330702,0.6244131455399061,,,,0.02,,,,61.48,
SKMEGGPROD,2026-10-03,,,1081.0,9.71,,1.049181589040031,1.3912483912483913,2.7296937416777634,,29.7,18.65546218487395,30.7,,22.0,14.285714285714285,9.254832625193465,,71.8609365215556,,3.4906227445689497,0.3594936708860759,,,,0.61,,,,57.47,
SKYGOLD,2026-10-03,Consumer Durables,,12555.0,37.5,,0.40784897914552476,1.749581939799331,10.478036175710594,,29.2,15.62642369020501,27.0,,7.0,4.779821627647714,91.94579836528072,,68.77963132516018,,60.21223030376754,0.7247706422018348,,,,0.0,,,,51.74,
SKYWAYS,2026-10-03,,,1603.0,30.0,,,0.5698542481336651,,,14.0,4.244031830238726,13.2,,4.6,2.2751510842516884,-79.15892162868401,,,,23.73173217189619,1.8885542168674698,,,,0.59,,,,56.82,
SMARTWORKS,2026-10-03,Services,,5841.0,210.0,,,2.97554763117677,11.01293103448276,,3.14,0.4331683168316832,8.29,,64.0,1.4263881813550687,,,,,23.623656257654524,9.015094339622642,,,,0.0,,,,58.33,
SMCGLOBAL,2026-10-03,,,2074.0,19.1,,,1.054397559735638,1.5906902086677368,,8.07,1.915041782729805,11.4,,19.0,5.592272496187086,-16.47174636459603,,-7.5394081555416275,,6.204699805067726,1.5613496932515338,,,,1.21,,,,66.71,
SMLMAH,2026-10-03,Capital Goods,,9045.0,57.8,,4.385761443182944,3.0661016949152544,17.41225626740947,,35.4,11.166785969935576,30.9,,9.0,5.288135593220339,13.17901138691482,,,,10.339215894963116,0.5568400770712909,,,,0.38,,,,58.97,
SMLT,2026-10-03,,,102.0,20.8,,,0.5074626865671642,0.8091603053435115,,3.77,3.64963503649635,5.76,,3.9,2.4875621890547266,-29.295191972549073,,-29.201481695031916,,-12.977396394055985,0.0,,,,0.0,,,,68.81,
SMSPHARMA,2026-10-03,,,4414.0,43.1,,1.8775537504385729,4.9153674832962135,5.613825983313468,,14.3,7.488986784140969,13.3,,19.0,11.358574610244988,22.95540140458423,,8.259636508133351,,8.195708169720618,0.46496815286624205,,,,0.08,,,,68.07,
SNOWMAN,2026-10-03,,,570.0,243.0,,,0.9208400646203554,1.4149377593360997,,0.95,0.6418485237483954,3.65,,15.0,0.8077544426494345,-25.048764643136913,,26.19146889603865,,7.162019146313581,0.7761194029850746,,,,1.47,,,,50.01,
SOBHA,2026-10-03,Realty,,12972.0,56.2,,0.8326036526917348,2.3094178387039346,2.750566893424036,,4.16,1.184676137237807,6.86,,6.0,4.112515577710521,67.49910334684495,,5.906022907914932,,21.951666520645063,0.2239406779661017,,,,0.49,,,,52.88,
SOFTTECH,2026-10-03,,,657.0,130.0,,14.024449209123976,4.726618705035971,3.8225806451612905,,2.9,1.968503937007874,6.21,,24.0,3.597122302158273,9.269526243884506,,-5.063792846052662,,20.724635545824597,0.22674418604651161,,,,0.0,,,,18.89,
SOLARA,2026-10-03,,,3469.0,812.0,,,2.424178895877009,2.066473988439306,,-0.13,-0.08572653236176596,4.86,,13.0,-0.1397624039133473,,,,,3.544945884321571,0.5482841181165203,,,,0.0,,,,41.93,
SOLARINDS,2026-10-03,Chemicals,,175551.0,88.2,,2.62865929757674,15.465685842657034,27.953890489913544,,32.6,19.099972048821392,38.1,,27.0,18.060082812087042,33.55322619455028,,35.169177335758285,,23.201258509532696,0.2427911422654134,,,,0.06,,,,73.15,
SOLARWORLD,2026-10-03,,,1088.0,9.3,,,0.7371273712737128,1.2883435582822087,,20.8,6.93127962085308,23.8,,10.0,7.926829268292683,-79.70138113732399,,-27.776832850728116,,43.35611090430125,0.3010625737898465,,,,0.0,,,,65.77,
SOLEX,2026-10-03,,,725.0,9.09,,0.08757768059243613,0.4478072884496603,2.8675213675213675,,46.5,6.943268416596105,34.9,,11.0,5.06485484867202,103.79356861827054,,,,64.15543052188902,1.3399209486166008,,,,0.08,,,,66.15,
SOMANYCERA,2026-10-03,,,2519.0,22.9,,7.282452277347156,0.8582623509369677,2.995121951219512,,10.4,5.047476261869066,12.8,,10.0,3.4412265758091998,3.144545151532663,,4.4273853983385125,,4.055919833716692,0.44418052256532065,,,,0.98,,,,55.19,
SOMATEX,2026-10-03,,,250.0,60.9,,,2.336448598130841,1.4921259842519685,,-2.06,3.9301310043668125,-0.66,,2.9,8.411214953271028,-24.736789203951403,,,,161.26275918342182,0.0,,,,0.66,,,,80.6,
SOMICONVEY,2026-10-03,,,98.6,22.3,,,1.09421817778271,1.2095375722543353,,6.36,3.9830965653659414,9.46,,10.22,4.916213516812784,-0.8711244002680418,,20.82783610936536,,-4.081678313991466,0.16566523605150216,,,,0.0,,,,59.09,
SONACOMS,2026-10-03,Automobile and Auto Components,,50242.0,69.1,,8.336649653006296,10.259750867878292,8.367983367983367,,11.3,9.190782422293676,14.2,,24.0,14.008576679599754,8.288701441961365,,12.59146621214191,,15.418003013197934,0.07387598194885509,,,,0.42,,,,28.01,
SONAL,2026-10-03,,,129.0,6.49,,,,0.33435114503816793,,6.91,2.8694404591104736,6.09,,,,-6.3417010720180915,,3.1539809572703748,,,,,,,0.0,,,,24.92,
SONAMLTD,2026-10-03,,,276.0,30.7,,1.7519801808205608,1.38,3.854748603351956,,10.9,7.82608695652174,14.1,,8.0,4.5,17.523029276290835,,21.38522244476697,,31.476794716464763,0.29577464788732394,,,,0.44,,,,58.12,
SONATSOFTW,2026-10-03,Information Technology,,7124.0,14.1,,0.9712311242193877,0.6467544257830231,3.7407952871870394,,28.2,9.293456443195504,30.7,,7.0,4.203359055832955,14.517656661109024,,4.244105102206985,,8.545048765277329,0.3795275590551181,,,,3.11,,,,28.17,
SOTL,2026-10-03,,,5001.0,12.1,,0.43810271168668186,1.0304966000412117,2.7547169811320753,,8.26,15.265486725663715,13.4,,11.0,8.530805687203792,27.61909405539942,,9.877900293030905,,9.071904492949212,0.0011019283746556473,,,,0.69,,,,68.93,
SOUTHBANK,2026-10-03,Financial Services,,12427.0,8.22,,0.6762812625153477,,1.0509977827050998,,13.5,1.0659160811535313,6.42,,,,12.154706119502245,,102.36964896827038,,,,,,,0.95,,,,,
SOUTHWEST,2026-10-03,,,593.0,14.8,,0.2263513841915588,2.246212121212121,2.6686217008797652,,17.5,12.048192771084338,20.1,,25.0,15.151515151515152,65.38506514046725,,27.91479051336654,,25.675540577635346,0.39215686274509803,,,,0.0,,,,65.94,
SPAL,2026-10-03,,,2352.0,22.4,,4.144758949746752,1.4923857868020305,2.4893617021276597,,11.2,6.599622878692646,14.0,,14.0,6.662436548223351,5.404415617793323,,4.881800030530226,,13.181528925662755,0.4429175475687104,,,,0.32,,,,61.81,
SPANDANA,2026-10-03,,,1918.0,,,,,0.9,,-29.4,-5.235350624399616,-5.78,,,,,,,,,,,,,0.0,,,,48.16,
SPARC,2026-10-03,Healthcare,,6300.0,3.95,,,3.3001571503404925,4.697336561743342,,279.0,72.961768770152,164.0,,85.0,82.97537977998952,,,,,192.8627337654219,0.41778774289985054,,,,0.0,,,,65.68,
SPCENET,2026-10-03,,,184.0,7.35,,0.22074210816477166,0.968421052631579,1.0384615384615385,,9.8,10.612244897959183,9.95,,6.0,13.684210526315791,33.29677360204259,,114.11273683383239,,14.072565884674159,0.14124293785310735,,,,0.31,,,,15.52,
SPELS,2026-10-03,,,576.0,,,,16.14802354920101,9.84251968503937,,-15.2,-7.150393636880124,-7.61,,-3.62,-24.698626296607795,,,,,-17.441691586454233,0.4835560123329907,,,,0.0,,,,59.18,
SPENCERS,2026-10-03,,,237.0,,,,0.127831715210356,-0.2594059405940594,,,-17.765042979942695,-9.34,,0.2,-13.3764832793959,,,,,-7.532533013244802,-2.1018619934282583,,,,0.0,,,,58.81,
SPIC,2026-10-03,,,1267.0,6.18,,0.28080384311350326,0.41898148148148145,0.924219910846954,,15.0,8.200000000000001,16.8,,9.0,6.779100529100529,22.008245797056247,,4.678437817489489,,15.867554829548336,0.5131386861313869,,,,3.21,,,,53.38,
SPLIL,2026-10-03,,,82.6,,,,0.5543624161073825,1.9791666666666665,,-91.3,-42.68292682926829,-35.5,,-42.0,-46.97986577181208,,,,,-20.451587133037908,2.0238095238095237,,,,0.0,,,,74.85,
SPLPETRO,2026-10-03,Chemicals,,14676.0,29.8,,0.15172885493578286,2.566182899108236,6.190476190476191,,13.7,13.896848137535816,,,13.0,8.480503584542753,196.40298486805582,,72.86747495300408,,60.04740232296761,0.055952881783761045,,,,1.35,,,,64.24,
SPMLINFRA,2026-10-03,,,1352.0,15.9,,,1.3587939698492462,1.325,,8.28,3.702090592334495,6.47,,8.0,8.542713567839195,,,167.2679931888434,,-8.968277245379863,0.3772391991570074,,,,0.0,,,,40.51,
SPORTKING,2026-10-03,,,2650.0,16.4,,0.5137104490711709,1.0137719969395562,2.558139534883721,,12.1,9.288990825688073,13.2,,13.0,6.197398622800306,31.924598827320906,,-16.20550567227531,,3.233277474919216,0.5283926852743022,,,,0.48,,,,74.36,
SRD,2026-10-03,,,244.0,13.2,,0.3180486911219884,0.5104602510460251,1.9843750000000002,,11.6,11.464968152866243,14.0,,5.0,3.765690376569038,41.503079146259104,,-7.335903613518635,,18.39820992275083,0.2032520325203252,,,,0.13,,,,73.6,
SREEL,2026-10-03,,,678.0,20.6,,2.986261991763812,2.627906976744186,1.3627906976744186,,4.7,6.25,6.97,,15.0,12.790697674418606,6.8982560997043585,,14.692317344251737,,6.265856918261115,0.004016064257028112,,,,0.68,,,,75.0,
SRF,2026-10-03,Chemicals,,73697.0,32.9,,1.8897208803229757,4.3348626551379335,5.244725738396625,,14.3,8.972071212184089,14.6,,22.0,12.716899005940826,17.40997855428099,,2.736812986805859,,8.969272525747618,0.3619854721549637,,,,0.36,,,,50.26,
SRGHFL,2026-10-03,,,213.0,6.24,,0.5568748542567701,,0.7195767195767195,,11.6,2.893617021276596,11.8,,,,11.205390138019755,,6.8513196468449555,,,,,,,0.0,,,,59.02,
SRHHYPOLTD,2026-10-03,,,933.0,9.47,,1.9167117572920986,1.336676217765043,0.9611307420494699,,10.5,8.251121076233185,14.0,,12.0,13.18051575931232,4.940753331308967,,-2.326908299481467,,-6.936543907210712,0.012358393408856848,,,,0.55,,,,61.84,
SRIKPRIND,2026-10-03,,,55.4,8.71,,,3.9599714081486774,0.42834890965732086,,3.89,4.6976090014064695,4.49,,52.11,47.748391708363116,-5.4016099148803125,,81.0822218081002,,0.5784655061507049,0.00926214196762142,,,,3.64,,,,59.63,
SRM,2026-10-03,,,915.0,7.75,,0.16407193584229413,0.8480074142724745,2.462962962962963,,34.3,11.85929648241206,37.1,,17.0,10.936051899907321,47.23537855644793,,-46.327088931368806,,46.6667874920468,0.3638814016172507,,,,0.0,,,,72.59,
SRTL,2026-10-03,,,146.0,10.2,,0.42703807255911946,0.48344370860927155,0.7338709677419354,,10.4,4.53074433656958,13.9,,12.0,4.635761589403973,23.885458125253933,,6.463522797756771,,9.187516013804164,0.15151515151515152,,,,0.0,,,,34.59,
SSDL,2026-10-03,,,275.0,9.31,,,0.4568106312292359,,,58.9,14.563106796116504,45.2,,7.0,4.983388704318937,,,,,,0.6615384615384615,,,,4.32,,,,74.99,
SSWL,2026-10-03,,,6146.0,28.9,,,1.116236832546313,3.4,,11.0,5.533803184547115,14.8,,10.0,3.8503450780966215,-31.99569359267922,,0.5412222387485954,,8.114235675485615,0.4587257617728532,,,,0.38,,,,61.15,
STANLEY,2026-10-03,,,778.0,113.0,,,1.897560975609756,1.6666666666666667,,3.07,0.6734006734006733,6.43,,17.0,1.4634146341463417,-47.99460102542288,,-50.976641689482385,,-1.7271910004938884,0.6630901287553648,,,,0.0,,,,56.88,
STAR,2026-10-03,Healthcare,,9999.0,17.3,,,1.9982014388489209,3.2195845697329375,,20.0,9.313941530777141,18.3,,19.0,12.66986410871303,,,,,8.75666958943051,0.5658191181203733,,,,0.46,,,,27.91,
STARCEMENT,2026-10-03,Construction Materials,,7210.0,19.1,,2.4547832156801075,1.893879695298135,2.2531645569620253,,13.2,7.876049063912201,16.6,,24.0,9.613869188337274,7.7807277962458565,,8.387948697141434,,9.357076239484563,0.18896897524287057,,,,1.12,,,,58.1,
STARHEALTH,2026-10-03,Financial Services,,31650.0,37.5,,,1.6558543475986187,4.170542635658915,,7.61,3.5073138297872344,9.69,,6.0,4.415611593596317,-0.23137519044360566,,,,10.881101293145434,0.062046204620462043,,,,0.0,,,,58.01,
STARPAPER,2026-10-03,,,237.0,15.8,,,0.6583333333333333,2.054054054054054,,13.7,6.779661016949152,19.9,,10.0,4.444444444444445,,,,,,0.3017241379310345,,,,1.65,,,,44.93,
STARTECK,2026-10-03,,,288.0,11.8,,0.7919020501300291,,1.0981132075471698,,9.53,3.5555555555555554,9.11,,,,14.900832745744829,,19.085528058448077,,,,,,,0.09,,,,73.3,
STCINDIA,2026-10-03,,,636.0,13.2,,0.07622848925564792,,-0.16109422492401215,,,29.28151830094894,,,-37.0,,173.16360495786665,,,,,-0.2976190476190476,,,,0.0,,,,90.0,
STEELCAS,2026-10-03,,,3607.0,39.8,,6.126466507755584,8.179138321995465,9.128205128205128,,24.0,19.782608695652172,32.3,,27.0,20.634920634920633,6.496403750778135,,22.158988345874263,,2.4593455620505855,-0.0,,,,0.48,,,,45.0,
STEELCITY,2026-10-03,,,121.0,7.11,,0.5578999484903474,1.8059701492537314,0.8763676148796498,,10.7,7.172995780590717,14.5,,31.0,25.37313432835821,12.74422057080189,,4.218852166805176,,2.073126578466522,0.07246376811594203,,,,4.99,,,,74.7,
STEELXIND,2026-10-03,,,1431.0,45.0,,,1.3512747875354107,,,,22.5,,,12.0,2.5495750708215295,,,,,,2.3181818181818183,,,,0.0,,,,49.67,
STEL,2026-10-03,,,1060.0,54.0,,3.8792020280618136,39.25925925925926,0.658256880733945,,1.18,1.1675423234092235,1.58,,97.0,74.07407407407408,13.92038868029266,,6.062440636745281,,14.471424255333186,-0.0,,,,0.0,,,,72.05,
STLNETWORK,2026-10-03,,,2304.0,,,,2.4380952380952383,2.878048780487805,,-11.3,-3.474903474903475,0.48,,4.5,-10.476190476190476,,,,,-13.792193268912333,1.1660424469413233,,,,0.0,,,,44.14,
STLSTRINF,2026-10-03,,,18.6,,,,6.2,0.27741935483870966,,-4.99,-15.66265060240964,-5.01,,-1094.0,-433.3333333333333,,,,,44.22495703074083,0.0,,,,0.0,,,,50.22,
STLTECH,2026-10-03,Telecommunication,,49110.0,208.0,,,8.70436015597306,20.537634408602152,,1.24,3.8645038167938934,7.65,,15.0,4.306983339241404,,,26.955195646700925,,11.382740862444773,0.8562610229276896,,,,0.0,,,,42.29,
STOVEKRAFT,2026-10-03,,,2679.0,32.9,,,3.118742724097788,8.745945945945946,,67.5,14.210526315789473,31.8,,13.0,9.429569266589057,,,,,17.910901262747103,0.17218543046357615,,,,0.43,,,,55.79,
STUDDS,2026-10-03,,,1574.0,21.1,,,2.403053435114504,3.007518796992481,,17.0,11.755485893416928,22.9,,17.0,11.450381679389313,-13.251811500356247,,5.456345694705234,,7.381271628619235,0.015296367112810707,,,,0.75,,,,61.75,
STYL,2026-10-03,Financial Services,,5922.0,22.4,,,3.929661579296616,4.149659863945578,,23.3,15.836832633473305,27.7,,26.0,17.51824817518248,-47.81248230967658,,,,-1.103269768711912,0.05890603085553997,,,,0.68,,,,81.8,
STYLAMIND,2026-10-03,,,5457.0,32.1,,3.293175856778488,4.6521739130434785,6.764705882352941,,19.9,17.364657814096017,26.6,,20.0,14.492753623188406,9.747429653332107,,22.759777133866834,,8.671902971056976,0.03598014888337469,,,,0.0,,,,56.86,
STYLEBAAZA,2026-10-03,,,2804.0,103.0,,3.952577616148735,1.437948717948718,6.102819237147596,,2.19,2.496016994158258,7.57,,14.0,2.41025641025641,26.05894431501636,,,,26.078371435467183,2.2111111111111112,,,,0.0,,,,44.8,
STYRENIX,2026-10-03,Chemicals,,3615.0,13.2,,0.8068075970418145,1.0313837375178316,2.6447876447876446,,14.2,10.99476439790576,13.8,,13.0,7.788873038516406,16.360778019937115,,,,16.4075965639203,0.40087783467446964,,,,2.63,,,,46.24,
SUBEXLTD,2026-10-03,,,1090.0,33.7,,,3.732876712328767,3.174342105263158,,9.9,5.434782608695652,12.8,,14.0,10.273972602739725,,,7.4520805832128945,,-1.9742021314739566,0.08163265306122448,,,,0.0,,,,,
SUBROS,2026-10-03,Capital Goods,,4468.0,26.0,,1.3364451547631262,1.1430033256587362,3.586387434554974,,14.5,7.778819119025304,19.2,,8.0,4.246610386288053,19.45459557942599,,38.63157826486703,,8.374877103335866,0.06028938906752412,,,,0.44,,,,36.79,
SUDARCOLOR,2026-10-03,,,850.0,7.21,,0.10987053192095873,0.8872651356993737,2.021978021978022,,27.7,38.04755944931164,36.2,,-12.0,31.732776617954073,65.62269130713685,,53.53916609366234,,1.690967051619352,0.0,,,,0.0,,,,70.26,
SUDARSCHEM,2026-10-03,Chemicals,,9884.0,97.3,,,0.9961701269905261,2.8291571753986333,,0.54,0.9316445095781429,5.46,,7.0,0.8969965732715178,-44.0351318765008,,-13.57550285349034,,57.51146611933598,0.7168115942028985,,,,0.4,,,,8.19,
SUDEEPPHRM,2026-10-03,Chemicals,,13552.0,74.2,,,20.047337278106507,15.345268542199488,,25.2,15.67291311754685,28.2,,34.0,27.218934911242602,-73.8872905726393,,-45.685340069236304,,13.77443045282356,0.16987542468856173,,,,0.13,,,,76.16,
SUKHJITS,2026-10-03,,,472.0,13.8,,,0.32350925291295407,0.8296703296703297,,1.47,3.1221303948576673,5.88,,6.0,2.3303632625085675,-11.920400742353966,,-14.06974760270393,,1.9962483911362128,0.6073943661971831,,,,0.66,,,,66.15,
SULA,2026-10-03,,,1106.0,42.7,,,1.9785330948121647,1.8821839080459772,,4.61,2.295684113865932,7.55,,18.0,4.47227191413238,-35.70200935453548,,-15.010209167941468,,-0.5309834581697093,0.5663265306122449,,,,1.53,,,,24.62,
SUMEDHA,2026-10-03,,,34.7,12.3,,,0.3098214285714286,0.5318627450980392,,2.56,4.3478260869565215,3.96,,3.9,2.6785714285714284,-28.240525284253902,,-1.5624269830945003,,5.272659960939663,0.0,,,,2.3,,,,50.25,
SUMEETINDS,2026-10-03,,,721.0,29.2,,,0.6713221601489758,3.4098360655737707,,14.7,4.537205081669692,13.2,,4.9,2.3277467411545625,,,56.03727114243022,,2.925428473998948,0.7594339622641509,,,,0.0,,,,68.06,
SUMICHEM,2026-10-03,Chemicals,,20844.0,36.5,,2.2533082759745238,6.42342064714946,6.156111929307805,,16.2,12.941439427805095,22.1,,21.0,17.842835130970723,16.1984049804345,,6.4596185886544255,,4.494885963578121,0.018584070796460177,,,,0.31,,,,75.0,
SUMIT,2026-10-03,,,229.0,34.3,,,2.3417527354535226,1.2193877551020407,,3.5,1.638001638001638,6.55,,14.84,6.749156355455567,-21.724846597382598,,,,-18.472430055181587,0.6301633045148896,,,,0.42,,,,60.85,
SUMMITSEC,2026-10-03,,,1434.0,12.0,,0.7276419423875391,7.391752577319588,0.16770740410347904,,1.14,1.2231169095912753,1.52,,79.0,61.855670103092784,16.491627682463704,,18.68701428684274,,23.89882451828722,0.0,,,,0.0,,,,74.64,
SUNCLAY,2026-10-03,,,2608.0,,,,1.238366571699905,2.011904761904762,,-17.0,7.6477757464960385,-3.34,,4.8,11.918328584995251,,,,,14.174024316670074,1.0023166023166024,,,,0.38,,,,59.08,
SUNDARAM,2026-10-03,,,51.2,,,,0.5278894731415611,0.29427792915531337,,-3.08,-1.7076718740117638,5.15,,6.79,-2.783792143519951,,,,,-0.7615281825020137,0.4042702485966319,,,,0.0,,,,31.11,
SUNDARMFIN,2026-10-03,Financial Services,,48840.0,21.4,,1.36935554268231,,3.278150633855332,,15.0,2.58756337781922,9.44,,,,15.627789374614443,,13.601073519593655,,,,,,,0.91,,,,37.21,
SUNDRMFAST,2026-10-03,,,23610.0,38.0,,7.026946459247565,3.5761890336261737,5.536945812807882,,14.9,10.34366576819407,17.6,,16.0,9.300212056952438,5.407754309838442,,5.990507708512727,,5.228403944104176,0.14619883040935672,,,,0.71,,,,46.94,
SUNDROP,2026-10-03,,,2839.0,102.0,,5.043454896676497,1.7688473520249222,1.9209183673469388,,1.3,1.582815149802148,1.93,,4.4,1.7445482866043613,20.22423162091036,,-6.902567419072215,,28.298175817191627,0.00878972278566599,,,,0.0,,,,43.9,
SUNFLAG,2026-10-03,,,7813.0,36.8,,2.878392494456629,1.955694618272841,0.8821138211382114,,2.37,1.8243003896563939,4.07,,12.0,5.156445556946183,12.784913826335886,,-1.05179426298605,,5.367989114415717,0.059062218214607755,,,,0.23,,,,51.16,
SUNLOC,2026-10-03,,,71.9,19.5,,,0.8552396812180327,1.03240058910162,,6.01,2.1702127659574466,6.43,,14.77,4.24646128226478,,,-11.028642133779321,,-2.315073628313069,0.8530172413793103,,,,0.0,,,,73.53,
SUNPHARMA,2026-10-03,Healthcare,,432120.0,34.2,,4.224044290065745,7.212698836607634,5.175287356321839,,16.0,11.177322497624692,20.5,,30.0,20.225000417285642,8.0965060144925,,29.879457348114723,,7.299384684723598,0.0553667584061266,,,,0.89,,,,54.48,
SUNRAKSHAK,2026-10-03,,,1113.0,25.6,,0.4186322861509353,1.466403162055336,6.013400335008375,,29.6,13.580246913580247,29.2,,9.0,5.797101449275362,61.15151852088656,,,,86.5027778331588,0.25405405405405407,,,,0.0,,,,69.66,
SUNSHIEL,2026-10-03,,,931.0,25.7,,1.0531218857295348,2.050660792951542,3.6898954703832754,,17.0,11.80327868852459,19.9,,13.0,7.929515418502203,24.403632996570668,,5.7180964040802085,,17.063940570212566,0.0,,,,0.28,,,,66.54,
SUNSHINE,2026-10-03,,,1411.0,42.4,,,13.699029126213592,,,37.9,25.954198473282442,46.1,,47.0,33.00970873786408,,,,,,0.10476190476190476,,,,0.0,,,,74.84,
SUNTECK,2026-10-03,Realty,,4104.0,19.2,,0.4338192967671596,3.6415261756876665,1.1341463414634145,,5.85,2.129592248687929,7.48,,29.0,18.722271517302573,44.25805892702155,,53.41008154433,,25.88050873535488,0.21434505677097757,,,,0.54,,,,63.14,
SUNTV,2026-10-03,Media Entertainment & Publication,,23641.0,15.0,,,5.251221679253665,1.8691588785046729,,12.2,11.054114587096308,16.4,,51.0,33.98489560195468,-7.390461673338322,,-1.412355133127674,,1.6840750648447589,0.008384086055524795,,,,2.08,,,,75.0,
SUPERHOUSE,2026-10-03,,,171.0,21.9,,,0.25258493353028066,0.36729857819905215,,-0.08,0.9334889148191364,3.84,,7.0,1.1816838995568686,-14.521348472126228,,-26.174758531900654,,0.5979215323756559,0.38924731182795697,,,,0.52,,,,54.88,
SUPRAJIT,2026-10-03,,,6599.0,35.1,,8.655583019133799,1.6370627635822377,4.580952380952381,,13.1,5.802047781569966,15.5,,11.0,4.639047382783428,4.055186106170883,,1.6998150455468153,,11.653261445264707,0.6910229645093946,,,,0.73,,,,45.26,
SUPREME,2026-10-03,,,120.0,167.0,,,20.442930153321974,0.21156462585034014,,-0.12,0.11429339787548742,-0.03,,-32.71,11.584327086882453,-55.17808766107179,,-44.566870802997784,,-56.580369205067846,0.01060667358533711,,,,0.0,,,,58.17,
SUPREMEIND,2026-10-03,Capital Goods,,42935.0,41.6,,,3.7908352463358646,6.954732510288066,,15.8,13.23925593329057,20.7,,14.0,9.111778209429632,-1.1775695437740263,,1.2860126328584576,,3.7763884075707077,0.014751175230993677,,,,1.07,,,,48.96,
SUPREMEINF,2026-10-03,,,653.0,,,,8.061728395061728,2.7875,,,228.22610635924136,,,3.1,7576.543209876543,,,,,11.14186217280826,6.239316239316239,,,,0.0,,,,47.32,
SUPRIYA,2026-10-03,Healthcare,,7493.0,37.7,,2.0338360477447113,8.583046964490263,6.248322147651007,,19.1,14.591009579955786,25.2,,33.0,22.68041237113402,18.53640072994327,,5.500628542244668,,15.269160266354142,0.004173622704507512,,,,0.11,,,,68.3,
SURAJEST,2026-10-03,,,956.0,10.4,,1.285772659438918,1.6830985915492958,0.9615384615384616,,9.52,4.691483936766955,14.5,,39.0,16.19718309859155,8.088521655561042,,19.37023234918287,,11.297063666165098,0.649546827794562,,,,0.0,,,,69.8,
SURAJLTD,2026-10-03,,,355.0,42.7,,,1.8205128205128205,2.5866666666666664,,4.98,3.5398230088495577,7.11,,8.0,4.102564102564102,-27.210242189662427,,44.00020651758376,,-16.16947116511357,0.43795620437956206,,,,0.78,,,,75.0,
SURAKSHA,2026-10-03,,,1824.0,50.9,,,5.612307692307692,7.446808510638298,,14.2,7.8125,17.3,,31.0,10.76923076923077,-72.81519667773387,,-54.2748104537196,,14.06342691925413,0.5327868852459017,,,,0.14,,,,49.1,
SURANASOL,2026-10-03,,,119.0,,,,3.0670103092783507,2.1228070175438596,,-0.2,-0.08372404554588078,,,1.16,-0.1288659793814433,,,,,,0.0,,,,0.0,,,,45.75,
SURANAT&P,2026-10-03,,,217.0,6.62,,0.10979478449536781,3.6166666666666667,1.1940298507462686,,14.7,11.07011070110701,13.4,,-5.0,50.0,60.29430296189793,,33.17897130359915,,33.88659001643391,0.36813186813186816,,,,0.0,,,,72.05,
SURYALA,2026-10-03,,,161.0,4.54,,0.18963140270604023,0.33402489626556015,0.54,,12.6,8.144796380090497,14.0,,11.0,7.468879668049793,23.941182394973602,,,,2.089939256096063,0.28523489932885904,,,,0.53,,,,70.36,
SURYALAXMI,2026-10-03,,,105.0,3.47,,,0.14442916093535077,0.3950704225352113,,15.8,4.418262150220913,13.8,,14.0,4.126547455295736,,,,,19.68953638607147,1.766990291262136,,,,0.0,,,,60.93,
SURYAROSNI,2026-10-03,Capital Goods,,4803.0,15.4,,,0.6017288900025056,1.8264462809917354,,10.9,8.801128349788435,15.6,,7.0,3.908794788273615,-1.794512891497213,,8.752451977967347,,0.7330770142909948,0.030372057706909643,,,,2.27,,,,63.02,
SURYODAY,2026-10-03,,,1526.0,7.95,,,,0.7346938775510204,,7.58,0.9656004828002415,7.33,,,,-3.9032383810871263,,,,,,,,,1.04,,,,22.48,
SUVEN,2026-10-03,,,8711.0,,,,967.8888888888889,13.75,,-81.5,-56.41025641025641,-79.5,,-4152.0,-3911.1111111111113,,,,,-9.143970358393016,0.028764805414551606,,,,0.0,,,,65.47,
SUVIDHAA,2026-10-03,,,43.4,,,,8.89344262295082,1.6171874999999998,,-31.3,-12.164720732092142,-28.0,,-141.8,-157.99180327868854,,,,,-13.766028411619068,0.048399106478034255,,,,0.0,,,,38.33,
SUYOG,2026-10-03,,,808.0,13.4,,,3.2191235059760954,1.6507177033492824,,14.2,6.362672322375397,14.6,,66.0,23.904382470119522,-4.272205162666176,,,,14.547535597076156,0.7571428571428571,,,,0.14,,,,51.64,
SUZLON,2026-10-03,Capital Goods,,53058.0,16.9,,0.24971773827515456,3.044236617132366,5.5890804597701145,,39.7,16.662250251735653,34.2,,17.0,18.038900682770095,67.67640984069192,,,,38.72091149524406,0.05874894336432798,,,,0.0,,,,11.7,
SVGLOBAL,2026-10-03,,,240.0,,,,89.88764044943821,4.27652733118971,,-48.2,-8.441775108441774,-34.1,,-831.84,-189.5131086142322,,,,,-24.07342513714995,0.0,,,,0.0,,,,68.89,
SVPGLOB,2026-10-03,,,39.2,,,,,-0.03681710213776722,,,1.6019935920256319,-14.7,,-4194.0,,,,-1.2358448304436664,,,-2.744360902255639,,,,0.0,,,,52.75,
SWANCORP,2026-10-03,Chemicals,,8551.0,38.2,,,2.0496164908916588,1.1375,,-4.5,1.5014798238648668,-0.58,,-6.0,4.985618408437201,-9.428490059530926,,,,-5.9627183879958245,0.28264331210191085,,,,0.05,,,,53.96,
SWARAJENG,2026-10-03,,,4304.0,21.1,,1.5575040524959045,2.038844149692089,8.813432835820896,,43.6,25.930680359435172,58.4,,13.0,9.568924680246328,13.547316275798572,,13.01127793301886,,14.156841965081446,0.00408997955010225,,,,3.1,,,,52.11,
SWARNSAR,2026-10-03,,,80.3,6.46,,0.17237658941507092,0.08709327548806942,0.5714285714285714,,9.19,5.3097345132743365,11.0,,2.3,1.3015184381778742,37.47608664216442,,10.632952682496267,,6.1891306411032465,0.5,,,,0.0,,,,60.11,
SWELECTES,2026-10-03,,,899.0,20.9,,,1.4713584288052373,0.975328947368421,,5.34,2.1133525456292026,8.0,,23.0,7.201309328968904,-12.368569521987204,,5.18098017151547,,35.98102554238114,0.8664495114006515,,,,0.59,,,,56.36,
SWIGGY,2026-10-03,Consumer Services,,65695.0,,,,2.6379296498554448,3.58433734939759,,-29.1,-14.851210524230297,-24.1,,-12.0,-15.049791198201094,,,,,30.339926226233736,0.13929234465436277,,,,0.0,,,,,
SWISSMLTRY,2026-10-03,,,329.0,45.6,,,1.2751937984496124,2.422145328719723,,5.88,3.867403314917127,8.05,,3.9,2.7131782945736433,-5.008574840700342,,,,11.12726321530777,0.11764705882352941,,,,0.72,,,,63.1,
SWSOLAR,2026-10-03,Construction,,3849.0,12.3,,,0.5217568117120781,5.935251798561151,,40.1,-5.28493511378597,26.8,,4.0,-3.80913650535448,,,,,34.453990410193015,1.835130970724191,,,,0.0,,,,45.73,
SYMBIOTEC,2026-10-03,,,7698.0,77.4,,,8.858457997698505,,,11.7,6.176305446378439,13.0,,27.0,12.658227848101266,-6.584855552710744,,-31.09400104924308,,15.29546870975671,0.34,,,,0.0,,,,33.28,
SYMPHONY,2026-10-03,,,3926.0,1009.0,,,3.5305755395683454,7.204030226700251,,2.96,-13.592233009708737,20.6,,13.0,-12.589928057553957,,,,,-1.285189143882326,0.3174311926605505,,,,1.57,,,,73.42,
SYNCOMF,2026-10-03,,,2252.0,26.3,,0.5267228585526805,4.522088353413655,5.442176870748299,,17.6,16.10486891385768,24.7,,18.0,17.269076305220885,49.93138150918048,,31.662686163398046,,23.872817889964516,0.0024096385542168677,,,,0.42,,,,50.57,
SYNGENE,2026-10-03,Healthcare,,14585.0,49.2,,,4.051388888888889,3.0083333333333333,,7.78,3.132530120481928,9.99,,22.0,6.138888888888889,-24.368350185262745,,-11.087447125428508,,1.049424342452232,0.0946476544740649,,,,0.35,,,,52.59,
SYRMA,2026-10-03,Capital Goods,,33126.0,89.2,,1.9068171621293155,6.062591508052709,11.608108108108109,,14.0,6.970695335529737,16.8,,11.0,7.357247437774523,46.77952441984088,,27.856941654353996,,20.101841724966473,0.13971358714635,,,,0.09,,,,42.28,
TAALTECH,2026-10-03,,,1471.0,23.7,,1.2534802238598832,6.810185185185185,6.012738853503185,,18.3,22.878228782287824,27.5,,31.0,28.703703703703702,18.907358527779405,,14.365752570490354,,4.923003685684013,0.004081632653061225,,,,1.38,,,,50.8,
TAINWALCHM,2026-10-03,,,190.0,23.6,,1.2766299699701706,10.692177827799663,1.1032608695652173,,6.29,4.271772172150818,7.91,,2.93,45.07597073719752,18.486171055933642,,84.49356576179387,,-0.4830095738771911,0.0,,,,1.48,,,,68.11,
TAJGVK,2026-10-03,,,1974.0,13.8,,0.21257457378152766,3.4814814814814814,1.9325153374233128,,12.0,23.370786516853933,13.3,,31.0,73.36860670194002,64.91839430515746,,188.8366541006362,,11.594030952636047,0.1248780487804878,,,,0.64,,,,71.0,
TAKE,2026-10-03,,,187.0,31.7,,,2.2,6.0,,16.5,36.11111111111111,18.5,,-2.1,15.294117647058824,,,,,176.9829128377232,0.0,,,,0.0,,,,0.0,
TALBROAUTO,2026-10-03,,,2591.0,23.1,,40.06643725991602,2.8725055432372506,3.5,,14.9,10.32258064516129,18.4,,16.0,12.416851441241686,0.5765424025637067,,20.019906737097905,,5.053126053519241,0.11305518169582772,,,,0.18,,,,58.43,
TANAA,2026-10-03,,,827.0,43.2,,2.2095004551586874,19.69047619047619,5.346534653465347,,11.4,10.857142857142858,15.6,,61.0,45.23809523809524,19.551930799171235,,27.628221794513188,,11.868894208139679,0.0,,,,0.77,,,,52.03,
TANLA,2026-10-03,Information Technology,,6469.0,12.1,,,1.4053877905713665,2.595744680851064,,21.4,14.289544235924934,26.3,,17.0,11.579404736041713,-0.48460719476041136,,0.23049801185692775,,5.428128828819556,0.02130225080385852,,,,2.46,,,,46.17,
TARACHAND,2026-10-03,,,365.0,16.9,,,1.280701754385965,2.4550264550264553,,19.4,5.426356589147287,17.8,,36.0,9.824561403508772,,,,,,0.9261744966442953,,,,0.43,,,,71.64,
TARAPUR,2026-10-03,,,23.8,,,,,-12.842105263157894,,,-20.446735395189002,2.6,,-368.75,,,,,,,-4.634408602150539,,,,0.0,,,,21.95,
TARC,2026-10-03,Realty,,3706.0,,,,7.868365180467091,3.5,,1.81,-0.28260869565217395,2.26,,-22.0,-2.7600849256900215,,,,,61.89470426300936,1.7843691148775895,,,,0.0,,,,65.12,
TARIL,2026-10-03,Capital Goods,,8429.0,32.6,,0.42490568397170986,3.302899686520376,5.564356435643564,,19.1,10.086239220097488,23.3,,15.0,10.540752351097177,76.72290870594827,,74.64069715056655,,25.502239603744115,0.30165016501650166,,,,0.09,,,,64.36,
TARMAT,2026-10-03,,,143.0,20.3,,,1.1171875,0.7677852348993289,,3.05,2.681992337164751,3.39,,6.0,5.46875,,,-0.3472306096024447,,12.877310836032896,0.08021390374331551,,,,0.0,,,,29.05,
TARSONS,2026-10-03,,,1753.0,148.0,,,3.9750566893424035,2.764705882352941,,2.44,0.927487352445194,4.59,,27.0,2.494331065759637,-36.09945091111236,,-77.44858301554144,,14.213022870317872,0.6188976377952756,,,,0.0,,,,47.3,
TASTYBITE,2026-10-03,,,2426.0,66.8,,,4.161234991423671,7.092273068267067,,10.9,7.578947368421053,14.0,,10.0,6.174957118353345,-4.679659490827614,,28.33279958514583,,2.58682722958381,0.12280701754385964,,,,0.11,,,,74.23,
TATACAP,2026-10-03,Financial Services,,135539.0,24.9,,1.6341162106287543,,2.9537037037037037,,12.4,1.8856883209869744,8.58,,,,15.237594387745101,,22.371741560265377,,,,,,,0.18,,,,85.41,
TATACHEM,2026-10-03,Chemicals,,15484.0,,,,1.0240740740740741,0.7307692307692307,,1.27,-5.05410533873532,3.42,,11.0,-13.035714285714286,,,,,-0.6549076082796867,0.3772988776761294,,,,1.81,,,,37.98,
TATACOMM,2026-10-03,Telecommunication,,47980.0,46.1,,,1.8870447573350113,13.909090909090908,,32.6,3.3089405027044223,14.6,,19.0,3.68127113977818,-0.7810501774969003,,-8.584995075028178,,6.635082099701806,3.553524804177546,,,,1.04,,,,58.86,
TATACONSUM,2026-10-03,Fast Moving Consumer Goods,,94714.0,57.4,,4.616369520259588,4.54046021093001,4.35,,7.35,4.790104728842732,9.24,,14.0,7.871524448705657,12.434013297265745,,11.067449680625252,,11.113400608510094,0.1294290435101891,,,,1.04,,,,33.83,
TATAELXSI,2026-10-03,Information Technology,,19270.0,189.0,,4.35071753106219,22.69729093050648,67.97802197802197,,39.3,21.888412017167383,60.0,,21.0,12.014134275618375,43.44111026528934,,15.877620069349497,,16.351764814905145,-0.0,,,,2.42,,,,43.9,
TATAINVEST,2026-10-03,Financial Services,,31119.0,72.2,,18.817354099512688,77.02722772277228,1.0640138408304498,,1.44,1.3199803993629793,1.57,,89.0,106.68316831683168,3.836883741368813,,15.032311164196255,,1.6186790549776342,3.422079255355554e-05,,,,0.55,,,,73.38,
TATAPOWER,2026-10-03,Power,,111885.0,28.6,,19.013455344840168,1.7634959413665379,2.8225806451612905,,10.2,3.010930088678078,10.5,,20.0,8.284340767593978,1.5041979209613476,,17.294533843457003,,1.0712245064084858,1.9291831357048748,,,,0.71,,,,46.86,
TATASTEEL,2026-10-03,Metals & Mining,,222207.0,18.8,,,0.9268047514973556,2.176039119804401,,11.7,3.7987960136923933,12.5,,15.0,4.698109744907322,,,-23.121344603171266,,1.516493474494518,0.9042254348272926,,,,2.25,,,,32.94,
TATATECH,2026-10-03,Information Technology,,28375.0,43.6,,,4.788221397232535,7.236024844720498,,16.3,6.286681715575621,20.9,,16.0,9.399257509281133,-6.435069356537493,,,,5.014372922333088,0.23910272750446088,,,,1.19,,,,55.17,
TATVA,2026-10-03,,,4078.0,77.8,,4.050899759802173,7.33453237410072,5.218562874251497,,5.54,5.079681274900398,7.18,,19.0,9.172661870503598,19.205609768976206,,-12.668928439813765,,12.165558527797614,0.15364916773367476,,,,0.11,,,,72.02,
TBOTEK,2026-10-03,Consumer Services,,18150.0,67.5,,8.525231782162004,5.869987063389392,11.692307692307692,,17.4,2.8485434805976566,18.3,,14.0,8.570504527813712,7.91767329320423,,49.806480635803574,,30.44560648074741,0.4874274661508704,,,,0.0,,,,44.4,
TBZ,2026-10-03,,,4160.0,19.5,,0.3377876343595664,1.2163742690058479,4.944444444444445,,27.1,10.180780209324453,21.9,,11.0,6.257309941520468,57.7285785993064,,60.35513690820575,,14.155203240353753,1.0572792362768497,,,,0.4,,,,74.12,
TCC,2026-10-03,,,1128.0,17.1,,1.1452766581832816,3.944055944055944,0.6874095513748192,,5.5,3.2288698955365627,5.65,,44.0,23.776223776223777,14.930890172096255,,,,54.866839700624205,0.17711503347534996,,,,0.0,,,,45.69,
TCI,2026-10-03,,,6739.0,14.8,,1.5320490474456419,1.3408276959808993,2.625748502994012,,19.2,13.210798391728892,19.4,,11.0,9.152407481098288,9.660265136208125,,9.70161690485214,,7.693172460085229,0.12159002338269681,,,,1.14,,,,68.66,
TCIEXP,2026-10-03,,,1940.0,23.1,,,1.5348101265822784,2.3708920187793425,,10.4,8.0,13.8,,10.0,6.487341772151899,-14.517804374802656,,,,0.2651125873382787,0.07692307692307693,,,,1.39,,,,69.46,
TCPLPACK,2026-10-03,,,3574.0,28.7,,5.590330122964543,1.9030883919062833,4.970886075949367,,15.7,6.701631701631702,17.7,,16.0,6.123535676251332,5.133864971963487,,19.524035408274678,,6.8146896710368665,0.8817802503477051,,,,0.64,,,,55.73,
TCS,2026-10-03,Information Technology,,750753.0,14.0,,5.0900329275098155,2.7215099017976576,7.010135135135135,,51.8,27.629203994104884,63.0,,27.0,18.145139364675433,2.7504733661613434,,5.613181723973781,,4.621512057706401,0.10521260723610593,,,,3.08,,,,71.77,
TDPOWERSYS,2026-10-03,Capital Goods,,24850.0,90.4,,2.7885533566126566,11.699623352165725,23.090379008746357,,24.7,14.651038891848694,34.0,,18.0,12.947269303201505,32.41824288053492,,31.12676984144651,,28.501090027506535,0.016791044776119403,,,,0.13,,,,26.87,
TEAMGTY,2026-10-03,,,211.0,470.0,,,,,,,,,,,,,,,,,,,,,0.0,,,,74.91,
TEAMLEASE,2026-10-03,,,1802.0,11.8,,1.2175836122137433,0.15039225504924053,1.8954983922829582,,14.0,5.392857142857143,14.6,,1.3,1.2602236688365882,9.69132623142479,,31.462947097265538,,8.72766771745841,0.1111111111111111,,,,0.0,,,,33.29,
TECHM,2026-10-03,Information Technology,,150258.0,28.2,,0.9563588478218846,2.539171285656347,5.076158940397351,,17.5,10.500732183534007,23.1,,17.0,8.724820873327024,29.486839656710174,,-1.7579547328307354,,4.405943778065535,0.07381145326850351,,,,3.33,,,,34.96,
TECHNOCRAF,2026-10-03,,,1894.0,42.4,,609.2878033621872,5.489855072463768,,,30.6,12.146892655367232,30.8,,20.0,12.46376811594203,0.06958944486665786,,,,24.44821966065682,0.5521472392638037,,,,0.0,,,,70.01,
TECHNOE,2026-10-03,Construction,,11614.0,26.9,,1.908062946028771,3.4606674612634087,2.7983193277310923,,12.0,7.279175814896133,14.9,,14.0,12.842669845053637,14.098067391323044,,9.087511159628225,,30.732632514987635,0.01732018282415203,,,,0.7,,,,56.93,
TECHNVISN,2026-10-03,,,2363.0,788.0,,,8.262237762237762,427.24177071509644,,3.32,1.4851485148514851,13.6,,2.8,1.048951048951049,-39.51840892748039,,-24.90957212002177,,14.008240016221984,5.8,,,,0.0,,,,74.32,
TECILCHEM,2026-10-03,,,17.5,,,,,,,,-4.361702127659574,,,,,,,,,,0.0,,,,0.0,,,,47.71,
TEGA,2026-10-03,Capital Goods,,15727.0,,,,5.141222621771821,4.610132158590308,,5.94,-0.02320185614849188,8.14,,8.0,-0.032690421706440015,-71.99535045626604,,-48.47885189572576,,27.01057722058089,0.11681831523334311,,,,0.1,,,,67.51,
TEJASNET,2026-10-03,Telecommunication,,8280.0,,,,6.354566385264774,2.8181818181818183,,-26.8,-9.752206742528982,-14.6,,-50.0,-70.376055257099,,,,,-19.21007156305935,1.4251108836574549,,,,0.0,,,,53.33,
TEMBO,2026-10-03,,,1060.0,10.4,,0.1604709507469727,0.9265734265734266,2.3442622950819674,,27.5,8.346094946401225,22.8,,14.0,9.527972027972027,64.80923775667353,,90.23278113825603,,37.61121670700385,0.8520971302428256,,,,0.17,,,,39.04,
TEMPSENS,2026-10-03,,,4236.0,61.7,,,9.519101123595506,,,14.4,10.741301059001513,17.8,,23.0,15.955056179775282,-83.01347346587875,,-61.21369920753084,,22.852195753993577,0.15694164989939638,,,,0.0,,,,65.67,
TENNIND,2026-10-03,Automobile and Auto Components,,19995.0,32.2,,,3.530814056153982,16.666666666666668,,44.4,23.728813559322035,60.8,,17.0,10.630407911001235,-8.535909414517896,,,,1.1748770369862438,0.04340567612687813,,,,0.0,,,,74.79,
TERAI,2026-10-03,,,79.8,11.6,,0.37864060674884836,1.2112932604735884,0.48132780082987553,,5.64,3.235971967452142,3.71,,-5.68,10.443230115361263,30.635911186605135,,-6.028388266299778,,-15.2064387194918,0.23193916349809887,,,,0.0,,,,74.18,
TERASOFT,2026-10-03,,,260.0,10.5,,0.12352030631857543,1.0196078431372548,1.7777777777777777,,18.5,7.6923076923076925,24.5,,14.0,9.803921568627452,85.00626587598555,,,,44.79502207512507,0.2671232876712329,,,,0.58,,,,47.53,
TEXINFRA,2026-10-03,,,1521.0,168.0,,8.535849704984862,89.36545240893068,1.4217443249701314,,0.91,0.7055535101099282,1.35,,-34.14,55.17038777908344,19.681696117715084,,,,1.9118073843355399,0.026295560221988902,,,,0.13,,,,66.55,
TEXMOPIPES,2026-10-03,,,157.0,10.4,,0.21557020712438074,0.40463917525773196,0.679746835443038,,6.3,4.010695187165775,9.2,,9.0,3.865979381443299,48.24414346830106,,1.241870339872797,,-9.873614941566554,0.2391304347826087,,,,0.0,,,,44.24,
TEXRAIL,2026-10-03,Capital Goods,,5161.0,23.8,,1.01635465059321,1.222116978451338,2.1746575342465753,,7.3,4.2342698852394145,11.2,,9.0,5.067487568079565,23.417022774588368,,52.737729952870694,,6.4290816387160055,0.37700084245998317,,,,0.59,,,,48.34,
TFCILTD,2026-10-03,,,6426.0,75.2,,,,6.465116279069767,,9.87,4.361210877373011,10.4,,,,-1.8585399904427424,,,,,,,,,0.43,,,,3.85,
TFL,2026-10-03,,,65.2,,,,,2.269230769230769,,-12.5,-5.768328904173831,-0.38,,,,,,,,,,,,,0.0,,,,53.99,
TGBHOTELS,2026-10-03,,,27.6,,,,1.025260029717682,0.27304347826086955,,0.86,-0.8733894945490585,1.46,,-64.97,-5.237741456166418,,,,,-39.02394305847569,0.13014240506329114,,,,0.0,,,,31.22,
TGVSL,2026-10-03,,,1246.0,8.98,,0.2839522848834844,0.6223776223776224,0.9586776859504132,,10.5,6.544256120527307,13.0,,18.0,6.943056943056942,31.625031662220326,,0.6304676103825235,,8.997916012757589,0.27525057825751736,,,,0.86,,,,64.27,
THAKDEV,2026-10-03,,,116.0,8.46,,,2.6363636363636362,0.6972972972972973,,3.33,6.60377358490566,4.55,,27.0,31.818181818181817,,,-16.643395115014116,,12.382061455639448,0.10897435897435898,,,,0.0,,,,71.31,
THANGAMAYL,2026-10-03,Consumer Durables,,15109.0,38.5,,0.819662273839229,1.5702556641030971,10.660087719298245,,28.1,10.235602094240837,25.5,,7.0,4.063604240282685,46.970564864074134,,58.84697779359929,,35.97809840112382,0.644774011299435,,,,0.37,,,,61.61,
THEINVEST,2026-10-03,,,472.0,14.5,,0.6719012761630642,1.7226277372262773,0.6404255319148936,,4.01,3.707414829659319,8.54,,17.0,13.503649635036496,21.5805513613595,,83.10145566535286,,-3.191266176759666,0.0761904761904762,,,,0.0,,,,72.12,
THEJO,2026-10-03,,,2247.0,38.8,,,3.333827893175074,6.333333333333333,,15.7,9.836065573770492,19.4,,13.0,8.011869436201781,-0.03870718404885842,,7.894891219335576,,6.434566638985251,0.11549295774647887,,,,0.24,,,,53.61,
THELEELA,2026-10-03,Consumer Services,,19001.0,42.4,,,11.846009975062344,2.9635416666666665,,8.21,4.964141640519946,8.73,,48.0,27.618453865336654,,,,,11.057823073290107,0.28279200499687696,,,,0.0,,,,75.91,
THEMISMED,2026-10-03,,,1042.0,,,,3.13855421686747,2.609699769053118,,0.41,6.688963210702341,2.74,,-13.0,12.048192771084338,-2.7530389156495527,,-11.294036983990585,,-4.568538796886368,0.25125628140703515,,,,0.44,,,,67.1,
THERMAX,2026-10-03,Capital Goods,,40044.0,72.8,,,3.6944367561583173,7.21244635193133,,10.6,4.463072043497961,13.9,,8.0,5.452532521450318,-2.7528324929738,,13.697905502775853,,5.150460103660626,0.42396396396396396,,,,0.42,,,,61.99,
THOMASCOOK,2026-10-03,Consumer Services,,4737.0,21.0,,,0.5861172976985894,1.8669131238447318,,9.21,2.716271884654995,14.9,,4.9,2.6107399158624105,-5.499569995683496,,,,3.4550815741950958,0.21170463472113119,,,,0.5,,,,64.77,
THOMASCOTT,2026-10-03,,,446.0,20.1,,1.657940730238046,1.6704119850187267,3.2051282051282053,,16.8,8.823529411764707,20.4,,13.0,7.865168539325842,12.123473193830069,,66.11623594877129,,43.68879982523062,0.3333333333333333,,,,0.0,,,,51.68,
THYROCARE,2026-10-03,Healthcare,,8493.0,47.0,,1.3225414292760782,9.695205479452055,14.510869565217392,,28.4,23.560910307898258,35.4,,32.0,20.091324200913242,35.53763909363994,,-0.03606203606710823,,15.266390172143085,0.08717948717948718,,,,1.75,,,,60.92,
TI,2026-10-03,Fast Moving Consumer Goods,,13450.0,59.5,,,4.459549071618037,4.487603305785124,,13.1,-0.5844155844155844,11.8,,16.0,-1.1936339522546418,,,,,29.3370212356443,0.7716297786720322,,,,0.18,,,,31.67,
TIGERLOGS,2026-10-03,,,272.0,,,,1.5813953488372092,7.321937321937322,,-21.0,-42.64705882352941,-8.12,,-16.0,-16.86046511627907,,,,,-19.029315209757304,0.3783783783783784,,,,0.0,,,,57.48,
TIIL,2026-10-03,,,6561.0,19.3,,2.1004754626360818,2.2384851586489254,3.2443946188340806,,15.3,10.710987996306557,16.3,,18.0,11.87308085977482,9.188395838615815,,6.502250852477065,,10.336793152400858,0.40484429065743943,,,,0.69,,,,74.74,
TIINDIA,2026-10-03,Automobile and Auto Components,,45296.0,72.3,,,1.9068788414582807,5.85,,9.95,5.176196032672112,17.1,,10.0,4.6686873789677525,-20.375064301402812,,-4.6909516296780644,,12.038951061067738,0.09727777061024384,,,,0.15,,,,44.11,
TIJARIA,2026-10-03,,,18.5,,,,,-0.5466101694915254,,,-2.8501127742464627,-1.88,,-200.0,,,,,,,-2.1550754661142344,,,,0.0,,,,36.14,
TIMETECHNO,2026-10-03,Capital Goods,,8870.0,18.1,,1.2976421795909785,1.3762606671838635,2.1739130434782608,,13.1,8.831353076786664,16.5,,14.0,7.726920093095423,13.94837520286616,,19.45860430932791,,8.888692174142188,0.17930528375733856,,,,0.83,,,,47.57,
TIMEX,2026-10-03,,,7364.0,82.5,,1.3660649609014297,8.673733804475853,97.72423025435074,,158.0,25.443786982248522,82.8,,15.0,10.129564193168433,60.39244279097859,,92.68760976998603,,26.540988416121092,0.9466666666666667,,,,0.0,,,,51.0,
TIMKEN,2026-10-03,Capital Goods,,23309.0,54.7,,,6.476521255904418,8.007751937984496,,14.3,11.516626115166261,19.0,,18.0,11.836621283689913,,,,,,0.005147563486616335,,,,0.08,,,,51.05,
TINNARUBR,2026-10-03,,,1691.0,27.4,,2.0546856338717734,2.9562937062937062,5.622754491017964,,22.1,11.720226843100189,22.5,,19.0,10.839160839160838,13.33537332831225,,28.21987887469204,,16.36699011798588,0.43,,,,0.35,,,,67.21,
TIPSFILMS,2026-10-03,,,136.0,,,,1.2252252252252251,4.558610709117222,,-42.1,-20.66115702479339,-6.69,,-47.0,-45.04504504504504,,,,,12.480211777541573,6.266666666666667,,,,0.0,,,,74.98,
TIPSMUSIC,2026-10-03,Media Entertainment & Publication,,8235.0,38.4,,1.9944226654893937,20.901015228426395,31.72413793103448,,87.6,59.392265193370164,118.0,,69.0,54.568527918781726,19.25369214081678,,27.515879507299744,,17.641427375880415,0.019230769230769232,,,,2.02,,,,64.15,
TIRUMALCHM,2026-10-03,,,1763.0,,,,0.9623362445414847,1.123076923076923,,-11.8,-3.208104685521317,-3.15,,1.1,-8.296943231441048,,,,,-4.1897294657424755,1.3906649616368287,,,,0.0,,,,37.13,
TITAGARH,2026-10-03,Capital Goods,,10843.0,55.8,,,3.3138753056234718,4.423076923076923,,6.78,4.654617479574152,10.9,,11.0,5.745721271393643,-12.98588640421775,,,,-5.302591256915012,0.2536644951140065,,,,0.12,,,,40.46,
TITAN,2026-10-03,Consumer Durables,,400898.0,68.7,,3.7926858600255433,4.337924840667842,25.51412429378531,,37.7,9.511071481646605,20.5,,10.0,6.232619539695078,18.11381235764602,,21.527138525152445,,21.84909935008912,1.9500095523148444,,,,0.33,,,,52.9,
TMB,2026-10-03,Financial Services,,13809.0,9.56,,0.915154536238304,,1.3073463268365817,,14.0,1.9176626826029215,7.51,,,,10.44632313062217,,9.602005477736974,,,,,,,1.43,,,,,
TMCV,2026-10-03,Capital Goods,,153020.0,20.6,,,1.754876887966329,12.023121387283236,,34.0,8.004358714561548,35.9,,13.0,4.80177070312052,,,,,,0.44094550023558976,,,,0.96,,,,42.56,
TMPV,2026-10-03,Automobile and Auto Components,,102903.0,103.0,,3.2622011756151297,0.29939511729603757,0.9177631578947368,,75.7,20.966325499948574,2.73,,4.9,23.13101718634984,31.57377318416852,,,,-7.482079873891523,0.7059017739229754,,,,1.07,,,,42.51,
TNPETRO,2026-10-03,,,1108.0,8.12,,0.1947129786543095,0.6214245653393158,1.0884955752212389,,9.2,8.352941176470589,10.9,,11.0,7.9641054402692095,41.70240759562374,,-4.086679153495954,,2.2268555169035142,0.4567779960707269,,,,1.22,,,,34.54,
TNPL,2026-10-03,,,1022.0,3.92,,0.5014616611725747,0.2198322219832222,0.4417910447761194,,11.2,4.202898550724638,6.41,,11.0,5.6141105614110565,7.81714795670283,,78.67928294779061,,-0.29225343075864885,0.6964594127806563,,,,2.71,,,,35.32,
TNTELE,2026-10-03,,,52.8,,,,,-0.2691415313225058,,,-78.94736842105263,,,-359.0,,,,,,,-0.19689119170984457,,,,0.0,,,,63.63,
TOKYOPLAST,2026-10-03,,,67.5,193.0,,,0.8339510748702743,1.0757575757575757,,1.01,0.25773195876288657,3.94,,8.07,0.4324190758586607,-30.009719522479838,,22.594737959695777,,6.839159013278406,0.771733928856277,,,,0.0,,,,68.89,
TOLINS,2026-10-03,,,334.0,10.3,,,1.053627760252366,0.9256017505470459,,10.4,8.396946564885496,13.0,,14.0,10.410094637223976,-0.9123872377917674,,,,11.774945900913792,0.030470914127423823,,,,0.0,,,,68.53,
TORNTPHARM,2026-10-03,Healthcare,,181333.0,81.3,,8.852475918822709,11.532977167207276,19.221774193548388,,27.4,4.943366808822855,15.2,,33.0,13.712395853208676,9.183871353677976,,22.629706104016243,,13.589681862989679,1.7913686218407248,,,,0.8,,,,60.78,
TORNTPOWER,2026-10-03,Power,,62630.0,27.0,,4.134832402142026,2.1460389254385963,3.2796833773087073,,12.5,5.305805305805306,13.7,,19.0,8.189418859649123,6.529889817544432,,37.30067196936731,,2.3958786922412045,0.7324246395806029,,,,1.61,,,,51.09,
TOTAL,2026-10-03,,,113.0,12.6,,0.13594522251293847,0.1691616766467066,1.251336898395722,,8.97,4.712041884816754,11.7,,2.5,1.347305389221557,92.68438983797908,,-2.886336834737613,,11.033035618323673,0.4444444444444444,,,,1.78,,,,49.74,
TOUCHWOOD,2026-10-03,,,63.3,19.9,,,1.0270971929255233,1.434673366834171,,9.72,5.5371756921469615,13.2,,8.91,5.1598247606685055,-0.6873069424027323,,6.7535461207715475,,22.83821756844544,0.08002720471548401,,,,0.0,,,,62.89,
TOYAMSL,2026-10-03,,,39.9,,,,39.9,0.1408163265306122,,-3.36,-6.354515050167224,-6.5,,-1999.0,-1900.0,,,,,-64.83661130830407,0.0,,,,0.0,,,,,
TPLPLASTEH,2026-10-03,,,537.0,17.8,,1.189044798448677,1.175054704595186,3.189814814814815,,18.3,11.71875,22.3,,11.0,6.564551422319474,14.96999946782771,,30.24168791885011,,13.446374371433635,0.11242603550295859,,,,1.89,,,,74.86,
TRACXN,2026-10-03,,,339.0,,,,4.035714285714286,6.443089430894309,,-27.7,-12.244897959183673,-6.81,,-13.0,-14.285714285714285,,,,,0.40000425823527586,0.0,,,,0.0,,,,34.63,
TRANSCOR,2026-10-03,,,77.4,8.11,,0.018828139322948776,0.08216560509554141,1.056768558951965,,12.0,5.747126436781609,15.3,,1.1,1.0615711252653928,430.738261540007,,-1.2245962254714415,,-23.989334416922738,0.2054794520547945,,,,2.48,,,,72.69,
TRANSRAILL,2026-10-03,Capital Goods,,6376.0,15.3,,0.8963395827781849,0.9166187464059804,2.7941176470588234,,20.0,5.5072069621974435,33.6,,12.0,5.822311673375504,17.069423568886677,,1.1591932676238814,,19.49221747752801,0.29723805348531346,,,,0.63,,,,71.12,
TRAVELFOOD,2026-10-03,Consumer Services,,15912.0,33.4,,,9.224347826086957,10.981818181818182,,35.3,21.31578947368421,42.4,,39.0,28.17391304347826,-63.49809108002954,,2.4375370902517624,,7.308607779475618,0.16978516978516978,,,,0.85,,,,86.19,
TREEHOUSE,2026-10-03,,,24.0,,,,6.0,0.13302107728337234,,-5.42,-5.7894736842105265,-7.02,,-367.0,-275.0,,,,,-20.62994740159002,0.03333333333333333,,,,0.0,,,,24.56,
TREJHARA,2026-10-03,,,318.0,24.4,,,1.7966101694915255,1.0731707317073171,,3.31,3.2828282828282833,4.28,,7.0,7.344632768361582,-22.792394692270012,,-7.601183568922099,,97.4309082590968,0.07744107744107744,,,,0.0,,,,33.88,
TREL,2026-10-03,,,670.0,17.5,,,7.882352941176471,0.5239923224568138,,1.56,2.9948867786705624,2.92,,52.0,48.23529411764706,-45.275631031585874,,,,-4.306509274291715,0.0,,,,0.0,,,,71.36,
TRENT,2026-10-03,Consumer Services,,137574.0,75.2,,11.115449097078843,6.568345667223681,19.69465648854962,,27.7,15.474465001278881,28.3,,19.0,8.665552637861065,6.765358677209243,,76.51586037293544,,19.1731409097599,0.36664280601288474,,,,0.16,,,,37.01,
TRF,2026-10-03,,,212.0,40.4,,,2.4187107815173987,-0.6254071661237784,,,-1.748953495039853,9.42,,7.82,-6.959498003422702,,,,,-14.444225156790269,-1.6327459791863765,,,,0.0,,,,34.12,
TRIDENT,2026-10-03,Textiles,,11293.0,28.6,,6.856210109503921,1.6653885857543136,2.371794871794872,,7.91,5.240811994162133,9.79,,13.0,5.825099542840289,4.171400751029397,,-13.811335581112461,,-0.13726180299841184,0.38327745180217937,,,,2.26,,,,73.68,
TRIGYN,2026-10-03,,,159.0,14.6,,,0.1582089552238806,0.19999999999999998,,0.26,1.0183299389002036,2.29,,0.9,0.9950248756218906,-20.466969423202297,,-23.80066247794246,,-7.745966348773692,0.012547051442910916,,,,0.0,,,,44.51,
TRITONV,2026-10-03,,,552.0,28.3,,0.3501177557891746,0.8761904761904762,4.312,,8.91,5.538461538461538,11.3,,7.0,2.857142857142857,80.82994801623545,,,,13.75371620779191,1.03125,,,,0.23,,,,46.11,
TRITURBINE,2026-10-03,Capital Goods,,16849.0,48.5,,6.274083650117345,7.481793960923623,11.648351648351648,,25.2,13.343923749007146,34.1,,19.0,14.92007104795737,7.730212522603663,,4.84263718232576,,10.835178995494354,0.024896265560165973,,,,0.8,,,,55.84,
TRIVENI,2026-10-03,Fast Moving Consumer Goods,,5089.0,19.4,,,0.8243965656892921,1.5098039215686274,,8.68,4.136029411764706,9.02,,8.0,4.373886278956747,-11.409155866418653,,-6.4760529470965,,5.748753768350201,0.6464253664373317,,,,1.19,,,,60.58,
TRU,2026-10-03,,,50.5,,,,,0.9836829836829836,,-101.0,-26.785714285714285,-13.7,,,,,,,,,,,,,0.0,,,,30.97,
TRUALT,2026-10-03,,,3810.0,24.4,,0.47090092607558715,1.8585365853658538,2.5084745762711864,,8.38,4.20857596611964,10.4,,19.0,7.7560975609756095,51.81557021632064,,,,18.788883755619246,1.0861275476660093,,,,0.0,,,,70.55,
TSFINV,2026-10-03,Financial Services,,9087.0,18.7,,,8.171762589928058,1.5036764705882353,,8.23,7.37060655494587,3.38,,20.0,44.694244604316545,-2.9913683712380235,,24.41450262098266,,56.34017704091059,0.038952428310956404,,,,2.73,,,,54.99,
TTKHLTCARE,2026-10-03,,,1431.0,18.7,,3.3502027869750783,1.6114864864864864,1.2839036755386566,,6.3,5.568096313017306,8.04,,4.3,8.333333333333332,5.581751669690527,,12.204090872081785,,5.650769168972514,0.021524663677130046,,,,0.99,,,,74.57,
TTKPRESTIG,2026-10-03,,,6936.0,33.5,,,2.182504719949654,3.489655172413793,,8.97,7.000736919675756,12.1,,10.0,5.978602894902455,-5.043812616730747,,-8.491727480153354,,5.871997423806308,0.08787878787878788,,,,1.48,,,,70.52,
TTL,2026-10-03,,,203.0,383.0,,,1.068421052631579,1.6219008264462809,,-0.07,0.4405286343612335,5.82,,6.0,0.5263157894736842,-45.95080650627739,,-44.88702579587282,,-3.43411718344494,0.64,,,,0.0,,,,51.11,
TTML,2026-10-03,Telecommunication,,6807.0,,,,3.0039717563989408,-12.125435540069684,,,1.3682230203523174,-12.7,,-28.0,3.5304501323918798,,,,,,-7.541329011345219,,,,0.0,,,,74.36,
TURTLEMINT,2026-10-03,,,2055.0,,,,1.8715846994535519,,,-36.4,-40.88888888888889,-35.7,,-12.0,-16.757741347905284,,,,,37.75827097214457,0.066006600660066,,,,0.0,,,,13.21,
TUTIALKA,2026-10-03,,,658.0,19.7,,,1.9239766081871346,3.6486486486486487,,22.7,5.314009661835748,22.2,,16.0,9.649122807017543,-21.71026587403614,,,,2.2410676415067554,0.6629834254143646,,,,0.0,,,,75.0,
TVSELECT,2026-10-03,,,741.0,75.2,,2.902039034741339,0.26838102136906916,8.501070663811563,,11.6,5.454545454545454,18.6,,0.6,0.3259688518652662,25.912814782900618,,74.17601355344775,,66.88859324927809,0.0,,,,0.0,,,,59.78,
TVSHLTD,2026-10-03,,,24048.0,12.1,,0.34545663856682435,0.3848418896428114,3.713214620431115,,30.6,6.108117449295398,17.0,,16.0,6.2219946229676095,35.02610356598894,,34.91900935058649,,16.14661715478669,5.591710485617074,,,,0.72,,,,74.45,
TVSMOTOR,2026-10-03,Automobile and Auto Components,,191033.0,55.2,,2.0698418565368657,3.1756794946388496,20.00497512437811,,33.6,6.413635877889787,17.4,,15.0,5.986202310697365,26.668704097209293,,35.27081664728209,,15.759961895129958,3.4282279142707788,,,,0.3,,,,50.27,
TVSSCS,2026-10-03,Services,,5666.0,80.0,,,0.4823769793972416,2.7765726681127982,,9.7,0.9523809523809524,10.1,,7.0,0.5789204835688745,,,,,8.48442457117995,1.355140186915888,,,,0.0,,,,43.03,
TVSSRICHAK,2026-10-03,,,3332.0,32.5,,,0.8561151079136691,2.7985842985842986,,5.75,3.0273116156630473,7.85,,8.0,2.36382322713258,-5.063633226481901,,16.26989672746293,,9.976401016584923,0.6439966414777498,,,,0.87,,,,45.7,
TVTODAY,2026-10-03,,,607.0,22.2,,,0.7420537897310513,0.6845637583892618,,2.11,1.5057573073516386,4.49,,4.8,2.078239608801956,-32.70436537040102,,-37.59108164919959,,-4.392384904422853,0.016835016835016835,,,,0.0,,,,63.2,
UBL,2026-10-03,Fast Moving Consumer Goods,,31432.0,90.9,,,3.32895572971828,6.953216374269005,,7.69,4.085422469823584,10.7,,8.0,4.19402668926075,-1.1962870571693873,,1.5978950410089343,,5.143520491195552,0.29124281291463955,,,,0.84,,,,70.84,
UCOBANK,2026-10-03,Financial Services,,28753.0,11.6,,0.3364187507279657,,0.9308943089430893,,8.5,0.681088748513223,5.76,,,,34.480836680176516,,,,,,,,,1.92,,,,90.95,
UDAYJEW,2026-10-03,,,542.0,16.2,,0.38566140782008407,0.764456981664316,2.5769854132901133,,19.4,8.661417322834646,19.2,,6.0,4.65444287729196,42.00575860459832,,34.35773010930687,,60.02949841475236,0.782608695652174,,,,0.31,,,,74.38,
UDS,2026-10-03,,,1396.0,15.3,,1.7967481128888962,0.4647137150466045,1.3312101910828025,,8.83,5.147058823529411,9.92,,4.6,2.796271637816245,8.515383926242137,,,,7.118934033047708,0.04277566539923954,,,,0.48,,,,59.09,
UEL,2026-10-03,,,2450.0,148.0,,11.349361270700898,7.335329341317365,107.60233918128655,,8.03,3.0852994555353903,10.6,,12.0,5.089820359281437,13.040381433805571,,,,44.36918208387362,0.641860465116279,,,,0.0,,,,74.96,
UFLEX,2026-10-03,,,4693.0,6.78,,,0.2782521048262777,0.5777777777777777,,4.27,3.076090388345136,7.03,,14.0,4.043638088461995,,,-9.07665166130257,,8.066696663161132,1.2499384388081753,,,,0.46,,,,44.58,
UFO,2026-10-03,,,219.0,9.13,,0.6792004620620954,0.4506172839506173,0.6742243436754177,,6.33,3.827751196172249,11.2,,16.0,4.938271604938271,13.44227589639846,,,,6.004760394618969,0.28923076923076924,,,,0.0,,,,16.46,
UGARSUGAR,2026-10-03,,,630.0,9.21,,0.1565605337873936,0.3879310344827586,3.6363636363636362,,60.2,10.793650793650794,27.3,,10.0,4.1871921182266005,58.8270860937854,,73.2648780033574,,19.318937527540303,1.308139534883721,,,,0.18,,,,44.54,
UGROCAP,2026-10-03,,,1279.0,7.32,,,,0.44064171122994655,,6.02,1.2433392539964476,,,,,,,,,,,,,,0.0,,,,2.88,
UJJIVANSFB,2026-10-03,Financial Services,,12782.0,14.1,,,,1.8689458689458687,,10.8,1.5745294659460212,7.73,,,,-10.61875958588091,,,,,,,,,0.0,,,,0.0,
ULTRACEMCO,2026-10-03,Construction Materials,,315601.0,36.6,,6.005854954758259,3.434776457272213,4.119230769230769,,11.1,6.065173548455578,12.7,,19.0,9.328065822123548,6.09405326563921,,2.636169311327885,,9.022185975514763,0.3100203591564001,,,,2.24,,,,59.33,
ULTRAMAR,2026-10-03,,,1186.0,13.2,,0.7775899604573571,1.4289156626506023,1.3624161073825503,,8.59,8.409506398537477,10.8,,17.0,11.08433734939759,16.97552781190246,,9.599055663521039,,13.9475723650621,0.09885057471264368,,,,1.48,,,,40.49,
UMESLTD,2026-10-03,,,12.1,29.4,,0.8230480132930589,14.069767441860465,4.913978494623656,,19.2,12.225705329153605,18.0,,51.16,45.34883720930233,35.72088082974532,,49.62778697388448,,5.614901184954357,0.09387755102040816,,,,0.0,,,,39.83,
UMIYA-MRO,2026-10-03,,,171.0,19.1,,0.4861747440881178,2.25,1.4926829268292683,,-3.61,4.119850187265917,12.8,,39.0,14.473684210526317,39.28628591315344,,-35.20343748281456,,29.493663001001067,1.1043478260869566,,,,0.0,,,,65.45,
UNICHEMLAB,2026-10-03,,,3767.0,30.8,,,1.632149046793761,1.3860103626943006,,3.17,8.227677367143242,4.13,,10.0,13.214904679376083,,,55.904246847417596,,8.942965950464309,0.1840264998159735,,,,0.0,,,,70.22,
UNIECOM,2026-10-03,,,928.0,43.7,,,4.398104265402844,4.8023255813953485,,15.5,7.7490774907749085,21.1,,15.0,9.95260663507109,-5.198273648419227,,,,26.59494720655575,0.046632124352331605,,,,0.0,,,,36.01,
UNIENTER,2026-10-03,,,605.0,29.9,,,23.26923076923077,0.2471590909090909,,0.8,0.7636502481863306,0.8,,-16.0,76.92307692307693,-19.36319063534353,,-18.001734396321766,,-20.114543007954055,0.0,,,,4.02,,,,73.79,
UNIINFO,2026-10-03,,,11.6,,,,0.2672811059907834,0.36241610738255037,,-1.86,-2.630320420851268,-0.77,,0.94,-2.5345622119815667,,,,,-4.54550274191986,0.1684475172847266,,,,0.0,,,,50.91,
UNIMECH,2026-10-03,,,9025.0,125.0,,53.37544773989431,31.666666666666668,12.227586206896552,,7.96,7.792207792207792,11.2,,33.0,25.263157894736842,2.341900729510349,,-46.574922823881046,,10.891823393038823,0.1723202170963365,,,,0.0,,,,79.82,
UNIONBANK,2026-10-03,Financial Services,,127932.0,6.2,,0.4307366618124439,,0.9180327868852459,,15.7,1.3004069913568668,6.3,,,,14.393945418789711,,28.568716643615446,,,,,,,2.98,,,,74.76,
UNIPARTS,2026-10-03,,,3700.0,20.2,,1.5412280304296853,2.9742765273311895,4.243523316062176,,18.3,14.263074484944532,21.6,,22.0,14.469453376205788,13.106431755181847,,1.343112287425119,,2.952882278424629,0.1781609195402299,,,,1.86,,,,65.87,
UNITDSPR,2026-10-03,Fast Moving Consumer Goods,,97109.0,52.4,,5.13651902949844,7.691192776809758,10.853658536585366,,21.4,13.037160058127464,26.4,,18.0,14.921590369079677,10.201461281282675,,17.84536675241233,,3.7035598784101564,0.046129788897576234,,,,1.27,,,,56.68,
UNITECH,2026-10-03,,,1028.0,,,,2.003898635477583,-0.10977653631284917,,,-11.75913876730155,,,2.0,-581.2865497076024,,,,,2.4549617119013822,-0.8027973521247064,,,,0.0,,,,5.14,
UNITEDPOLY,2026-10-03,,,1080.0,39.4,,0.6556075977970894,1.5168539325842696,8.131487889273355,,21.1,9.89010989010989,17.8,,7.0,3.7921348314606744,60.096924032589236,,,,-7.785747879962468,0.7969924812030075,,,,0.0,,,,51.51,
UNITEDTEA,2026-10-03,,,208.0,17.8,,,3.3548387096774195,1.7896995708154506,,10.8,9.6,14.0,,21.0,19.35483870967742,,,,,,0.0,,,,0.77,,,,49.86,
UNIVCABLES,2026-10-03,,,5035.0,25.2,,1.1086345200703234,1.4949524940617578,2.6623853211009174,,8.9,4.626416840157298,11.7,,9.0,5.938242280285035,22.730665105396053,,21.698206337602134,,18.578759979595727,0.6224219989423585,,,,0.31,,,,61.89,
UNOMINDA,2026-10-03,Automobile and Auto Components,,64157.0,52.5,,4.887300702969355,3.095633293124246,9.415254237288135,,19.3,9.424733537742735,19.6,,11.0,6.2291917973462,10.742126009988052,,27.291245434777434,,13.8855538483325,0.401230048323327,,,,0.24,,,,68.36,
UPHOT,2026-10-03,,,826.0,26.1,,,5.067484662576687,3.8734177215189876,,16.2,12.955465587044534,21.7,,25.0,19.631901840490798,-0.15295741074647928,,36.32164034094308,,3.503910092580176,0.0,,,,0.0,,,,88.38,
UPL,2026-10-03,Chemicals,,43613.0,22.1,,,0.8259412165745019,1.2579075425790753,,5.64,2.4946573738979154,10.1,,17.0,4.399287932732369,,,-10.702399649244098,,7.004793981180302,0.6795019598801014,,,,1.16,,,,33.5,
URBANCO,2026-10-03,Consumer Services,,24110.0,,,,14.041933605125218,11.223021582733812,,-12.0,-12.288447387785135,-7.82,,-20.0,-19.45253348864298,,,,,27.520493900826757,0.06346243583761083,,,,0.0,,,,19.02,
URJA,2026-10-03,,,495.0,349.0,,,8.02919708029197,2.804560260586319,,0.77,0.5886859400830612,1.3,,3.34,2.368207623682076,-9.143970358393016,,24.57309396155174,,11.503538707550787,0.05224429727740986,,,,0.0,,,,17.37,
USHAMART,2026-10-03,Capital Goods,,14984.0,27.5,,4.467626737620174,3.9051342194422727,4.555555555555555,,15.1,12.089481199428844,19.5,,20.0,13.239510033880636,6.155393369914508,,11.722098856104889,,5.962946639158195,0.0693519079345851,,,,0.76,,,,40.28,
USK,2026-10-03,,,102.0,8.6,,,0.5125628140703518,0.5974025974025974,,0.98,3.287671232876712,3.74,,14.0,6.030150753768844,-26.842267772440852,,-8.875327381915444,,-29.87184372772893,0.45294117647058824,,,,0.0,,,,67.35,
UTIAMC,2026-10-03,Financial Services,,11359.0,21.3,,,5.950235725510739,2.525714285714286,,10.3,10.152686892722587,15.6,,45.0,26.820324777370352,-15.822152627245323,,-3.1367790135578444,,3.1973875700110233,0.03129855715871254,,,,4.53,,,,,
UTKARSHBNK,2026-10-03,,,2390.0,,,,,0.858974358974359,,-40.0,-3.2734074612906574,1.46,,,,,,,,,,,,,0.0,,,,42.67,
UTLSOLAR,2026-10-03,Capital Goods,,12327.0,29.5,,,4.642937853107345,,,,126.14107883817427,,,18.0,11.450094161958567,,,,,,3.227272727272727,,,,0.0,,,,86.63,
UTTAMSUGAR,2026-10-03,,,1053.0,12.0,,,0.48324919687930246,1.2,,12.0,4.491481672689726,11.4,,9.0,3.9926571821936667,-13.038504107333726,,,,2.1048713662801033,0.8242009132420092,,,,0.91,,,,74.71,
V2RETAIL,2026-10-03,Consumer Services,,7343.0,46.3,,0.5539237499505153,2.1395687645687644,8.10483870967742,,22.9,7.390586292320396,19.3,,15.0,5.215617715617716,83.58551155124907,,,,43.353109562057156,1.1031042128603104,,,,0.0,,,,51.43,
VADILALIND,2026-10-03,,,5167.0,23.6,,1.628615114843867,3.0829355608591884,6.075232459847845,,19.6,17.271293375394322,22.0,,19.0,13.066825775656325,14.490839354799,,37.41651522288934,,14.21079746193563,0.27058823529411763,,,,0.6,,,,64.72,
VADILENT,2026-10-03,,,852.0,4486.0,,,1.7459016393442623,212.66094420600857,,4.79,0.0,11.3,,1.5,0.0,,,,,,1.2953367875647668,,,,0.02,,,,51.03,
VAIBHAVGBL,2026-10-03,Consumer Durables,,3415.0,12.0,,0.3966568144044059,0.8998682476943346,2.0689655172413794,,17.9,11.202830188679245,16.4,,10.0,7.5098814229249005,30.252852249666805,,3.3052052518176334,,7.66266356712253,0.2524271844660194,,,,2.95,,,,57.33,
VAISHALI,2026-10-03,,,109.0,24.5,,,1.0092592592592593,1.5811320754716982,,6.02,3.2520325203252036,,,3.9,3.7037037037037033,,,,,,0.2753623188405797,,,,0.0,,,,30.54,
VAKRANGEE,2026-10-03,,,555.0,52.0,,1.455731179974118,2.293388429752066,2.5989847715736043,,5.39,3.205128205128205,7.51,,11.0,4.132231404958678,35.72088082974532,,,,4.346668430452061,0.018779342723004695,,,,0.0,,,,40.05,
VAML,2026-10-03,,,157491.0,9.95,,,2.354442301654931,,,,,,,38.0,21.158302312717705,,,,,,,,,,1.99,,,,56.38,
VARDMNPOLY,2026-10-03,,,290.0,,,,0.3125,-0.456,,,-4.9079754601226995,28.4,,6.0,-1.7241379310344827,,,,,4.723835175789048,-1.4532967032967032,,,,0.0,,,,40.63,
VARROC,2026-10-03,Automobile and Auto Components,,12690.0,44.5,,,1.33621143519006,7.102564102564102,,15.1,4.108463434675431,19.0,,9.0,2.1059281878487943,-27.871234868937144,,,,7.938112390943242,0.5196629213483146,,,,0.18,,,,75.0,
VASCONEQ,2026-10-03,,,755.0,26.5,,,0.8579545454545454,0.657258064516129,,2.22,1.1859381617958493,4.68,,5.0,3.1818181818181817,-25.276959686475408,,-4.902060720441037,,4.824573611186489,0.26109660574412535,,,,0.0,,,,30.38,
VASUPRADA,2026-10-03,,,79.1,,,,0.5344594594594594,0.8025210084033614,,-7.03,-1.9047619047619049,-0.7,,4.9,-2.7027027027027026,,,,,11.07406172153178,0.8367346938775511,,,,0.0,,,,74.9,
VASWANI,2026-10-03,,,146.0,19.9,,,0.37532133676092544,,,,,,,5.0,2.056555269922879,,,,,,,,,,0.0,,,,62.06,
VBL,2026-10-03,Fast Moving Consumer Goods,,143858.0,42.5,,2.5750236689125723,5.96277874492249,7.3402417962003454,,16.2,13.34716729963588,19.7,,23.0,14.129984249357538,16.504702660829395,,36.14574125743826,,14.568856903459793,0.12810297272448667,,,,0.35,,,,59.43,
VEDAVAAG,2026-10-03,,,52.0,12.5,,,0.43333333333333335,0.34101382488479265,,3.45,2.0,5.6,,9.0,3.3333333333333335,-19.86819209202689,,-13.333164524677576,,11.315078730200367,0.013157894736842105,,,,0.0,,,,35.16,
VEDL,2026-10-03,Metals & Mining,,98561.0,8.96,,0.1398925323380032,1.1086976084951292,1.984251968503937,,38.2,12.292142860217552,16.1,,31.0,32.122207473733944,64.04916581502134,,-0.09904932281351586,,-14.79772130514717,0.6635583662289535,,,,13.5,,,,54.72,
VEDPOWER,2026-10-03,,,12814.0,20.9,,,1.4563018524832367,,,,,,,18.0,-19.16126832594613,,,,,,,,,,0.0,,,,56.38,
VEEDOL,2026-10-03,,,2364.0,10.8,,0.6995490076668632,1.044631020768891,2.2845117845117846,,19.5,15.658362989323843,24.1,,12.0,9.721608484312858,15.438518076124751,,12.335726157134474,,5.394407486219377,0.015458937198067632,,,,4.28,,,,64.58,
VENKEYS,2026-10-03,,,2272.0,13.1,,0.43778319387292647,0.5708542713567839,1.4236540158870257,,9.07,7.492420961455175,11.9,,6.0,4.346733668341709,29.923487660886504,,1.026826884841614,,2.1130523696440973,0.10463659147869674,,,,0.62,,,,56.11,
VENTIVE,2026-10-03,,,12896.0,26.6,,,5.166666666666667,2.3389830508474576,,8.33,5.50561797752809,10.8,,43.0,23.557692307692307,-49.483122004233984,,,,73.48911360989905,0.46749001089720305,,,,0.0,,,,88.99,
VENUSPIPES,2026-10-03,,,4568.0,43.9,,7.639748395324786,3.772089182493807,6.826625386996904,,17.0,8.0,21.3,,16.0,8.587943848059455,5.7462625375025445,,19.205361825945477,,14.724610425466844,0.4289985052316891,,,,0.05,,,,48.41,
VERANDA,2026-10-03,,,2063.0,32.0,,,3.9295238095238094,2.1485943775100402,,3.84,8.695652173913043,12.8,,35.0,30.0952380952381,,,,,13.192306865783298,0.3987473903966597,,,,0.0,,,,33.75,
VERTOZ,2026-10-03,,,304.0,11.5,,0.6295136479628463,1.0033003300330032,1.332089552238806,,12.4,6.413301662707839,14.2,,18.0,8.91089108910891,18.268070973861917,,4.132269692034085,,25.03654845242842,0.38596491228070173,,,,0.28,,,,64.8,
VESUVIUS,2026-10-03,,,8202.0,32.0,,5.057107624449391,3.8434864104967197,4.68677494199536,,15.0,11.557562076749434,21.3,,17.0,11.996251171508904,6.32772770057155,,30.356909572128732,,10.006994016440185,0.008009153318077803,,,,0.37,,,,55.57,
VGCL,2026-10-03,,,110.0,4.18,,,,0.6570644718792866,,10.5,11.344537815126051,10.9,,,,-17.27735668147723,,-10.250945598464266,,,,,,,4.18,,,,71.59,
VGL,2026-10-03,,,325.0,,,,0.5752212389380531,1.282520325203252,,-15.9,-4.98220640569395,-0.11,,6.0,-7.433628318584071,,,,,,1.8138528138528138,,,,0.0,,,,65.64,
VGUARD,2026-10-03,Consumer Durables,,12869.0,33.9,,2.7949991205445146,2.03946117274168,5.432780847145488,,14.4,9.870200108166577,18.4,,9.0,5.784469096671949,12.12880524749349,,9.626227935295418,,9.115660342732944,0.0695322376738306,,,,0.51,,,,53.22,
VHL,2026-10-03,,,1096.0,4.36,,0.4034414612716487,54.8,0.2911263666412408,,5.91,6.686123640222871,6.28,,87.0,1260.0,10.807020146757518,,-10.130848620646471,,10.064241629820891,0.0,,,,0.15,,,,74.9,
VIDHIING,2026-10-03,,,1749.0,32.8,,2.4383326673731958,3.993150684931507,5.335365853658537,,15.6,12.649164677804295,18.8,,19.0,12.100456621004566,13.451815020521906,,-1.894842685515219,,13.69794506411548,0.17682926829268292,,,,0.86,,,,64.28,
VIDYAWIRES,2026-10-03,,,1935.0,30.9,,,0.9782608695652174,4.0265486725663715,,17.7,10.396039603960396,20.6,,4.5,3.185035389282103,-63.58406147581866,,-42.46296683300071,,18.72338491072687,0.17708333333333334,,,,0.0,,,,72.8,
VIJAYA,2026-10-03,Healthcare,,14708.0,78.4,,4.8305677128661,17.162193698949824,15.35483870967742,,18.3,12.408759124087592,20.5,,42.0,21.820303383897315,16.22997640446764,,11.120677204389828,,16.073591163562373,0.44200626959247646,,,,0.14,,,,52.51,
VIJSOLX,2026-10-03,,,200.0,8.38,,0.08309395950637925,0.07911392405063292,0.5658492279745686,,5.92,5.183585313174946,9.0,,1.5,0.949367088607595,100.84968931293562,,-16.12952669991984,,11.392116217304803,0.1846590909090909,,,,0.0,,,,69.59,
VIKASECO,2026-10-03,,,179.0,108.0,,,0.48509485094850946,0.45291479820627806,,0.8,0.5847953216374269,2.34,,1.6,0.8130081300813009,-41.51964523574267,,-24.2141716744801,,12.52323272504492,0.0759493670886076,,,,0.0,,,,10.65,
VIKASLIFE,2026-10-03,,,223.0,12.1,,,0.4468937875751503,0.404040404040404,,3.4,2.368421052631579,2.16,,-23.0,3.6072144288577155,,,,,1.5853772242604425,0.19021739130434784,,,,0.0,,,,14.2,
VIKRAMSOLR,2026-10-03,Capital Goods,,5593.0,15.5,,0.32713402063471236,1.0689984709480123,1.7579908675799087,,21.4,6.334279630943931,30.6,,15.0,6.823394495412844,47.38119248473935,,,,27.724342060124975,0.19445319886542703,,,,0.0,,,,63.01,
VIKRAN,2026-10-03,,,1503.0,16.5,,,1.2033626901521217,1.2145833333333333,,10.8,3.6741214057507987,16.8,,14.0,7.365892714171338,,,,,,0.2431340872374798,,,,0.31,,,,56.27,
VIMTALABS,2026-10-03,,,2612.0,43.0,,3.0789336357415023,7.939209726443769,7.564766839378238,,13.5,13.863636363636363,17.6,,34.0,18.541033434650455,13.965874256216072,,54.93904629083839,,5.775162372528153,0.03508771929824561,,,,0.34,,,,35.66,
VINATIORGA,2026-10-03,,,12524.0,27.9,,2.4116557634417455,5.25997480050399,3.960655737704918,,14.9,12.51746297848561,19.8,,28.0,18.81562368752625,11.568815260840992,,5.108972305776893,,7.812371258280093,0.0,,,,0.7,,,,74.29,
VINCOFE,2026-10-03,,,2621.0,33.3,,0.48936752940318384,4.282679738562091,4.578005115089514,,16.6,10.896551724137932,18.2,,18.0,12.908496732026146,68.04701578915862,,,,67.17065425628297,0.21754385964912282,,,,0.08,,,,34.65,
VINDHYATEL,2026-10-03,,,3101.0,13.2,,,0.91071953010279,0.7375986471251409,,5.31,2.8219538443142413,8.15,,7.0,6.930983847283406,-5.863796555114076,,4.05927214793298,,-5.911745930125367,0.3412604042806183,,,,0.23,,,,43.55,
VINEETLAB,2026-10-03,,,69.0,62.1,,,1.1616161616161615,1.5084033613445378,,3.68,0.8895656355185126,8.49,,14.29,1.868686868686869,-3.726917152734288,,-9.010975489632568,,-34.59379227531289,0.9938609953957466,,,,0.0,,,,5.98,
VINNY,2026-10-03,,,41.9,49.3,,,0.3150375939849624,0.5056179775280899,,1.11,0.8064516129032258,2.44,,4.5,0.7518796992481203,-50.0,,,,6.21264416178291,0.1927710843373494,,,,0.0,,,,39.66,
VINYLINDIA,2026-10-03,,,393.0,21.0,,,0.653910149750416,3.0140845070422535,,9.8,8.15450643776824,14.9,,2.0,3.1613976705490847,-5.097277315632665,,-11.742192962700582,,0.22284196253670174,0.0,,,,3.27,,,,50.41,
VIPCLOTHNG,2026-10-03,,,181.0,19.1,,,0.7154150197628458,0.9305555555555556,,5.18,3.048780487804878,8.31,,9.0,3.9525691699604746,,,,,11.401184981872259,0.36082474226804123,,,,0.0,,,,46.55,
VIPIND,2026-10-03,Consumer Durables,,3988.0,,,,2.126933333333333,13.77450980392157,,-92.4,-23.566084788029926,-28.9,,-15.0,-20.16,,,,,-5.826587291867147,2.5536332179930796,,,,0.0,,,,42.35,
VIRAT,2026-10-03,,,488.0,78.9,,1.95941204508146,17.649186256781196,3.7333333333333334,,5.08,4.584909859781883,7.51,,7.81,22.350813743218804,40.26718126902187,,9.176124412624098,,-5.166733842458537,0.004130335016062414,,,,0.0,,,,74.55,
VIRINCHI,2026-10-03,,,150.0,,,,0.5454545454545454,0.29359823399558505,,-4.67,-3.5294117647058822,2.12,,19.0,-10.909090909090908,,,,,-2.641888016423033,0.5537525354969574,,,,0.0,,,,39.46,
VIRTUALG,2026-10-03,,,24.9,,,,830.0,0.3308270676691729,,-0.49,-0.29744199881023203,-0.46,,-2933.33,-833.3333333333334,,,,,,0.02358113509192646,,,,0.0,,,,8.59,
VISACHROME,2026-10-03,,,524.0,,,,1.025440313111546,-2.111764705882353,,,193.6448598130841,-5.58,,0.2,202.73972602739727,,,,,-8.63454265876099,-1.7818181818181817,,,,0.0,,,,62.4,
VISAKAIND,2026-10-03,,,722.0,10.6,,0.029182715792784503,0.4097616345062429,0.8735632183908045,,1.68,6.375092661230541,6.82,,10.0,4.880817253121453,363.2287027453722,,-6.201350124076699,,4.887150992780764,0.36638452237001207,,,,1.44,,,,53.4,
VISHAL,2026-10-03,,,430.0,12.8,,,0.27146464646464646,0.6666666666666666,,6.33,3.3203125,10.0,,7.0,2.146464646464646,,,,,,0.34775888717156106,,,,0.0,,,,55.05,
VISHNU,2026-10-03,,,4431.0,29.6,,2.2840299843086744,2.612617924528302,4.138364779874214,,14.3,7.180469123982768,16.4,,15.0,8.84433962264151,12.959549657120316,,10.287879188339266,,11.820565012104979,0.4929840972871843,,,,0.05,,,,69.21,
VISHWARAJ,2026-10-03,,,113.0,,,,0.32193732193732194,0.49807692307692303,,-10.6,-4.3478260869565215,-3.28,,-3.7,-10.256410256410255,,,,,-13.69456260028179,1.6640316205533596,,,,0.0,,,,29.05,
VISL,2026-10-03,,,12189.0,,,,0.8971075292559064,,,,,,,8.0,-21.6015308751012,,,,,,,,,,0.0,,,,56.38,
VITAL,2026-10-03,,,128.0,48.9,,,1.0158730158730158,1.2891566265060241,,1.01,0.45662100456621,3.18,,8.0,0.7936507936507936,-49.60628300216656,,,,2.501029596576787,0.6262626262626263,,,,0.0,,,,73.43,
VIVIDHA,2026-10-03,,,14.6,,,,60.833333333333336,-50.0,,-428.0,-22.166666666666668,-16.5,,-220.83,-554.1666666666667,,,,,-69.19489489870367,-15.341463414634141,,,,0.0,,,,5.63,
VIVOBIOT,2026-10-03,,,38.0,,,,0.689655172413793,0.4071428571428572,,-2.24,-1.5972650339068541,7.74,,37.04,-5.172413793103448,,,,,6.628320925161213,0.723271790468012,,,,0.0,,,,30.62,
VIYASH,2026-10-03,Healthcare,,10235.0,46.2,,,2.8629370629370627,3.4834834834834836,,7.39,5.809399477806789,13.4,,20.0,7.468531468531468,,,28.406706775674916,,37.6739669285171,0.1683270353830299,,,,0.0,,,,61.31,
VLSFINANCE,2026-10-03,,,724.0,15.6,,,11.3125,0.34323922734026746,,0.95,2.131519274376417,0.96,,65.0,73.4375,-46.541615897762945,,-23.50551391203526,,-46.11280778545589,0.0,,,,0.65,,,,56.39,
VMART,2026-10-03,Consumer Services,,5937.0,42.8,,,1.4868519909842224,6.216666666666667,,14.2,4.9640287769784175,13.2,,14.0,3.4560480841472576,,,63.755519311690875,,12.747278080210812,1.0073606729758149,,,,0.13,,,,44.15,
VMM,2026-10-03,Consumer Services,,46614.0,52.3,,2.248799798839625,3.454680204550508,6.2578616352201255,,12.2,7.791073456197048,15.2,,15.0,6.610835247906321,23.256850177141896,,33.52548702231246,,14.827113434524431,0.26817752596789424,,,,0.0,,,,40.09,
VMSTMT,2026-10-03,,,232.0,13.7,,,0.2654462242562929,1.0130434782608695,,14.0,3.275529865125241,13.9,,6.0,1.9450800915331807,-30.36765810529285,,-13.273081667225739,,0.03816794263744594,1.013157894736842,,,,0.0,,,,67.18,
VOEPL,2026-10-03,,,1689.0,95.7,,7.437394130640944,1.6957831325301205,3.8217054263565893,,4.3,1.8575851393188854,9.5,,10.0,1.8072289156626504,12.867410052363692,,,,23.326083330509427,0.837378640776699,,,,0.0,,,,46.22,
VOGL,2026-10-03,,,12505.0,58.2,,,1.3017905475744327,,,,,,,31.0,-5.132209036019154,,,,,,,,,,0.0,,,,56.38,
VOITHPAPR,2026-10-03,,,618.0,13.8,,3.0179249535492016,2.9711538461538463,1.4580310880829015,,11.1,8.898305084745763,14.9,,27.0,20.192307692307693,4.572678317852352,,7.2022133111510955,,4.937394442096221,0.0,,,,0.71,,,,74.04,
VOLTAMP,2026-10-03,Capital Goods,,10548.0,33.3,,32.010890460258146,4.638522427440633,5.887069452286844,,17.4,15.70862239841427,23.5,,16.0,13.940193491644678,1.0402709678239752,,19.003931700006916,,12.05976343345787,0.0005580357142857143,,,,0.96,,,,30.0,
VOLTAS,2026-10-03,Consumer Durables,,34849.0,74.6,,3.5121331058344127,2.326523799986648,5.455958549222798,,6.1,3.0491169977924946,9.04,,4.0,2.950797783563656,21.240652831771456,,-2.2672828061114814,,6.2701138528055145,0.15558343789209536,,,,0.38,,,,30.3,
VPRPL,2026-10-03,,,354.0,,,,0.4964936886395512,0.5623762376237623,,-19.9,-10.425531914893616,-6.75,,-21.0,-27.489481065918653,,,,,-21.501019675297506,1.0317460317460319,,,,0.0,,,,38.03,
VRAJ,2026-10-03,,,402.0,11.2,,,0.6251944012441679,0.9384615384615385,,7.75,7.258064516129033,10.5,,10.0,5.598755832037325,-22.30580794809032,,-28.444152283934987,,15.253439314703087,0.1,,,,0.0,,,,74.96,
VRLLOG,2026-10-03,,,4987.0,18.7,,0.42193587482504236,1.4859952324195471,4.3644716692189895,,21.7,10.249520153550863,18.3,,20.0,7.955899880810488,44.31953080015782,,11.004904589061182,,5.1214808315334315,1.0096237970253719,,,,1.75,,,,60.24,
VSSL,2026-10-03,,,3707.0,40.3,,,2.1014739229024944,3.9241803278688527,,12.1,8.18661971830986,16.5,,8.0,5.272108843537415,,,,,,0.15037593984962405,,,,0.91,,,,51.06,
VSTIND,2026-10-03,,,3417.0,55.6,,14.895998637002393,7.254777070063694,13.673469387755103,,24.9,11.071428571428571,34.4,,15.0,13.163481953290871,3.732545991370251,,,,12.25151845841932,0.0,,,,5.97,,,,32.16,
VSTL,2026-10-03,,,206.0,,,,,,,,,,,,,,,,,,,,,,0.0,,,,74.74,
VSTTILLERS,2026-10-03,,,3755.0,34.5,,,2.954366640440598,3.4335443037974684,,10.0,8.110119047619047,13.7,,13.0,8.575924468922109,-3.493437576800229,,,,9.502339459914033,0.0018281535648994515,,,,0.58,,,,55.55,
VTL,2026-10-03,Textiles,,15326.0,18.1,,1.7567523911895477,1.50461417632044,1.4573002754820936,,6.86,6.2013267955004325,8.55,,14.0,8.442960926762224,10.303102526443109,,-11.352296289471731,,2.333348128313606,0.17643142476697737,,,,0.94,,,,65.08,
VTMLTD,2026-10-03,,,384.0,34.8,,,0.964824120603015,1.220447284345048,,4.09,2.0089285714285716,5.09,,6.0,2.261306532663317,-22.41415176446876,,-10.49826750913121,,24.148052833628576,0.23809523809523808,,,,0.0,,,,74.99,
WAAREEENER,2026-10-03,Capital Goods,,67310.0,16.7,,0.5891985187315958,2.240455347335486,4.661354581673307,,32.5,13.350008337502084,38.4,,21.0,13.324235262790001,28.343587889445352,,103.09294989126796,,38.135365679786794,0.22253774761047238,,,,0.17,,,,64.12,
WAAREEINDO,2026-10-03,,,846.0,5.08,,,1.5270758122743682,2.9420289855072466,,151.0,48.25581395348838,124.0,,46.0,29.96389891696751,,,,,,0.010452961672473868,,,,0.0,,,,74.93,
WAAREERTL,2026-10-03,Capital Goods,,8442.0,16.6,,0.3209557076251029,2.3116100766703176,9.039106145251397,,68.3,21.524852569502947,83.2,,19.0,13.992332968236582,51.72053216573384,,125.80098778484378,,60.94428291656004,0.15631691648822268,,,,0.0,,,,74.32,
WABAG,2026-10-03,Utilities,,12529.0,31.4,,1.8382434666333016,3.0580912863070537,4.866504854368932,,15.9,6.435805292388109,21.3,,11.0,9.616792775201368,17.081524058131613,,24.475051109082237,,12.7809946079938,0.08878504672897196,,,,0.25,,,,19.08,
WAKEFIT,2026-10-03,Consumer Durables,,4639.0,23.6,,,2.9987071751777634,4.081632653061225,,23.1,11.02227298686465,10.9,,12.0,12.475759534583064,,,,,16.19955536857196,0.24028268551236748,,,,0.0,,,,36.88,
WALCHANNAG,2026-10-03,,,1331.0,,,,4.198738170347003,3.7051039697542536,,-4.41,-0.340522133938706,4.17,,8.0,-0.9463722397476341,,,,,1.628950269749585,0.6100278551532033,,,,0.0,,,,31.59,
WANBURY,2026-10-03,,,692.0,16.1,,,1.0984126984126985,10.939226519337016,,76.5,10.38647342995169,36.6,,14.0,6.825396825396825,,,,,9.110430745720954,3.0338983050847457,,,,0.0,,,,43.01,
WARDINMOBI,2026-10-03,,,160.0,170.0,,,0.5797101449275363,1.0619999999999998,,1.48,0.25510204081632654,7.06,,7.0,0.36231884057971014,-59.1471029678378,,-36.027599914147466,,-4.910035947266877,1.02,,,,0.0,,,,22.33,
WATERBASE,2026-10-03,,,188.0,,,,0.4895833333333333,1.3313782991202345,,-9.91,-3.9840637450199203,-7.36,,-1.1,-2.604166666666667,,,,,4.969802533854573,0.41843971631205673,,,,0.0,,,,69.05,
WCIL,2026-10-03,,,948.0,25.8,,,0.5047923322683706,1.0941176470588236,,4.58,3.0705394190871367,6.83,,4.4,1.970181043663472,-29.35323937287394,,-25.360229177773764,,3.660350402006496,0.2606689734717416,,,,0.0,,,,73.03,
WEALTH,2026-10-03,,,948.0,28.7,,,16.344827586206897,6.3120567375886525,,28.2,18.333333333333332,35.0,,64.0,56.896551724137936,-8.191353889290143,,11.873383267545435,,-4.694551316453954,0.0,,,,1.01,,,,74.04,
WEBELSOLAR,2026-10-03,Capital Goods,,2983.0,9.5,,,2.4796342477140483,4.7379310344827585,,66.9,33.72717508055854,63.2,,37.0,26.101413133832086,,,,,,0.20793650793650795,,,,0.36,,,,29.72,
WEIZMANIND,2026-10-03,,,111.0,18.0,,,0.8671875,1.676056338028169,,9.55,6.382978723404255,14.3,,11.0,4.6875,-11.172198641799302,,12.577140756466786,,1.337056668661285,0.09090909090909091,,,,0.7,,,,68.34,
WEL,2026-10-03,,,961.0,80.2,,,1.3092643051771118,9.18053777208707,,8.95,2.891566265060241,9.39,,4.4,1.6348773841961852,,,,,,1.0865384615384615,,,,0.14,,,,71.79,
WELCORP,2026-10-03,Capital Goods,,68739.0,29.8,,1.0915924211959478,3.9733526011560696,7.510086455331412,,19.4,11.367647058823529,22.9,,14.0,13.404624277456648,27.29956659771524,,39.08683729716529,,-0.0769527044965912,0.2572083879423329,,,,0.19,,,,49.73,
WELENT,2026-10-03,Construction,,10027.0,28.3,,24.097481475225305,2.829288939051919,3.290909090909091,,13.6,4.7658175842235,16.7,,20.0,9.81941309255079,1.1743965870082862,,21.526450543525467,,7.234776214711225,0.6527595269382391,,,,0.41,,,,56.13,
WELSPLSOL,2026-10-03,,,3484.0,122.0,,,3.963594994311718,7.634252539912918,,4.8,3.329506314580941,9.9,,6.0,3.299203640500569,-22.94865916193579,,,,8.040196565118274,0.07658643326039387,,,,0.0,,,,55.17,
WELSPUNLIV,2026-10-03,Textiles,,22596.0,81.2,,,2.2746124421179785,4.658869395711501,,4.48,2.75211701308699,6.26,,9.0,2.879001409301389,-25.317024759798922,,-13.356430968533129,,0.8705886549044584,0.4708155379296319,,,,0.04,,,,66.36,
WENDT,2026-10-03,,,1623.0,95.8,,,6.364705882352941,6.39558707643814,,4.89,5.555555555555555,7.82,,14.0,6.666666666666667,-25.47443701616885,,-8.93818769478143,,3.9532586316427087,0.0,,,,0.37,,,,37.5,
WESTLIFE,2026-10-03,Consumer Services,,9170.0,,,,3.3912721893491122,14.811083123425691,,-3.79,1.1307420494699647,6.34,,13.0,1.183431952662722,-22.835822309125398,,,,4.171400751029397,2.9159935379644586,,,,0.13,,,,56.39,
WEWIN,2026-10-03,,,52.5,11.7,,0.5029199113010064,0.5605979711692471,1.6862745098039216,,15.1,8.389387144992526,10.9,,6.21,4.7944474105712755,23.26414154041585,,32.07052883435742,,24.277446463802054,0.10825570189527788,,,,0.0,,,,70.96,
WEWORK,2026-10-03,Services,,9160.0,103.0,,,3.5380455774430284,30.0,,31.6,1.1985335589396504,20.7,,65.0,3.28312089609888,,,,,15.852640740719725,18.624161073825505,,,,0.0,,,,48.3,
WHBRADY,2026-10-03,,,119.0,23.6,,,1.4094516167239133,1.3716814159292035,,4.32,4.87055389106553,7.31,,4.83,7.509179201705554,-17.516252429090017,,3.92113265253875,,-1.9177835807697385,0.08814343551185656,,,,0.0,,,,73.76,
WHEELS,2026-10-03,,,6021.0,36.8,,0.9792550152423095,1.0581722319859403,5.26056338028169,,15.8,4.723961297666477,18.8,,8.0,2.9173989455184532,37.57958797984211,,16.05248517617399,,4.563844333326217,0.7377521613832853,,,,0.64,,,,56.86,
WHIRLPOOL,2026-10-03,Consumer Durables,,10932.0,40.1,,8.097195543486519,1.3125225117060872,2.6280487804878048,,7.71,3.4355828220858897,10.7,,4.9,3.02557329811502,4.952331925867459,,-15.023190690470711,,6.837582615988125,0.08627733717856284,,,,0.58,,,,39.76,
WILLAMAGOR,2026-10-03,,,23.2,,,,23.2,-0.10495049504950495,,,-4.030226700251889,0.43,,-14452.0,-1600.0,,,,,-30.663872564936533,-2.506787330316742,,,,0.0,,,,62.01,
WINDLAS,2026-10-03,,,2234.0,33.6,,2.0666022640251875,2.4712389380530975,3.9345454545454546,,12.2,7.2767364939360535,15.9,,12.0,7.300884955752212,16.258571174966296,,4.985740097478719,,20.786117522880133,0.060240963855421686,,,,0.58,,,,63.31,
WINDMACHIN,2026-10-03,,,3033.0,1018.0,,,5.0049504950495045,5.213523131672598,,0.4,0.9060022650056626,2.01,,4.9,1.3201320132013201,,,21.5858347642385,,19.625322253454858,0.17408906882591094,,,,0.0,,,,42.95,
WIPL,2026-10-03,,,137.0,,,,1.1810344827586208,3.055028462998102,,1.0,-0.0,4.04,,2.0,-0.0,,,,,2.0964160578223368,0.20454545454545456,,,,0.62,,,,37.88,
WIPRO,2026-10-03,Information Technology,,157840.0,11.9,,1.8137321907061004,1.6620335270828068,1.8951132300357567,,15.5,9.429743618863746,17.8,,19.0,13.988922584449497,6.561056842337476,,2.7824901799905044,,1.8978019814373637,0.23052977198104954,,,,6.9,,,,72.59,
WOCKPHARMA,2026-10-03,Healthcare,,33862.0,84.9,,,9.501122334455667,6.855263157894737,,6.11,4.826299836791793,7.55,,22.0,11.616161616161616,,,,,8.40017793198584,0.4520242914979757,,,,0.0,,,,49.09,
WONDERLA,2026-10-03,,,3142.0,29.7,,,5.298482293423271,1.7491166077738516,,4.6,5.238828967642527,6.2,,34.0,17.200674536256326,-16.8344669144886,,,,7.078559689205477,0.0033407572383073497,,,,0.4,,,,62.22,
WORTHPERI,2026-10-03,,,226.0,14.6,,,0.7266881028938906,1.2100840336134453,,8.14,6.83453237410072,12.9,,11.0,6.109324758842444,-1.0696007262664842,,-4.286167129403795,,9.32709558264111,0.22340425531914893,,,,0.7,,,,68.2,
WPIL,2026-10-03,,,4206.0,24.8,,,2.1274658573596357,2.644171779141104,,10.7,7.14943234120896,14.6,,17.0,11.78553363682347,-29.0430475405943,,11.76558509640211,,5.913450222262773,0.3155248271527341,,,,0.46,,,,70.79,
WSI,2026-10-03,,,404.0,136.0,,,6.132361870066789,1.021113243761996,,0.8,0.4905408907482136,3.06,,4.86,4.022465088038859,-65.89850960541675,,,,-41.33982546819244,0.17341128236276668,,,,0.0,,,,51.66,
WSTCSTPAPR,2026-10-03,,,4806.0,20.9,,,1.0985142857142858,1.3333333333333333,,4.25,4.344637946837763,6.17,,12.0,5.417142857142857,-30.75885973240805,,-5.638680263002927,,-0.5500827116810658,0.09562084257206209,,,,0.41,,,,56.58,
XCHANGING,2026-10-03,,,665.0,10.9,,0.1693933397496291,3.21256038647343,1.6769662921348314,,15.8,11.663479923518166,18.0,,34.0,29.468599033816425,64.347276086006,,2.955636723032895,,5.959613557644561,0.17929292929292928,,,,3.35,,,,75.0,
XELPMOC,2026-10-03,,,139.0,,,,35.45918367346939,1.8481262327416172,,-10.5,-9.23849567857977,-10.6,,-181.38,-201.78571428571428,,,,,-15.382421017521974,0.009222133119486766,,,,0.0,,,,49.39,
XPROINDIA,2026-10-03,,,2667.0,81.6,,,4.985046728971962,3.506172839506173,,2.8,2.70935960591133,3.78,,9.0,6.16822429906542,-11.245715942155886,,-11.319216086264827,,4.9359415589022015,0.4281949934123847,,,,0.18,,,,40.32,
XTGLOBAL,2026-10-03,,,385.0,32.8,,,1.0405405405405406,1.8881578947368423,,7.57,5.208333333333334,8.48,,7.0,4.054054054054054,0.0,,-10.354639745865136,,19.466827260402276,0.24630541871921183,,,,0.17,,,,62.54,
XTRANET,2026-10-03,,,1424.0,33.2,,5.4174144216955,3.9013698630136986,,,34.8,11.988304093567251,32.8,,17.0,11.232876712328768,6.128384763595274,,,,17.849931330405244,0.6323529411764706,,,,0.0,,,,83.63,
YASHO,2026-10-03,,,4866.0,84.4,,,5.182108626198083,10.967391304347826,,5.85,5.021645021645021,8.95,,20.0,6.17678381256656,-2.007367748953881,,0.8403462332215117,,16.491181236909824,1.2567567567567568,,,,0.01,,,,67.91,
YATHARTH,2026-10-03,Healthcare,,9960.0,55.0,,4.528999248433511,7.466266866566716,5.589189189189189,,10.2,7.6923076923076925,12.9,,23.0,13.043478260869565,12.143963154558568,,22.772073452744813,,28.073919737668685,0.14831460674157304,,,,0.05,,,,55.8,
YATRA,2026-10-03,,,1551.0,45.1,,,1.5746192893401014,1.8676748582230625,,6.23,2.3255813953488373,7.23,,7.0,3.1472081218274113,,,,,32.650205313578496,0.12394705174488568,,,,0.0,,,,62.66,
YESBANK,2026-10-03,Financial Services,,65131.0,17.2,,0.44925062304612073,,1.2455089820359282,,7.1,0.8028430213269134,5.98,,,,38.28597917878507,,23.15712275705608,,,,,,,0.0,,,,,
YOGI,2026-10-03,,,717.0,54.9,,,,4.937888198757763,,16.8,1.8258426966292134,12.6,,,,,,,,,,,,,0.16,,,,62.68,
YUKEN,2026-10-03,,,1550.0,99.1,,,3.1504065040650406,4.149090909090909,,4.3,2.5236593059936907,7.4,,11.0,3.2520325203252036,-7.3663193064712695,,0.15712368022362533,,5.165892484076995,0.3074866310160428,,,,0.13,,,,58.05,
ZAGGLE,2026-10-03,Information Technology,,2309.0,17.8,,0.45648744624524407,1.1550775387693848,1.6538461538461537,,10.4,8.365508365508365,14.0,,9.0,6.503251625812906,38.993405287288226,,,,37.08302864526583,0.03917378917378917,,,,0.0,,,,44.3,
ZEEL,2026-10-03,Media Entertainment & Publication,,6908.0,33.0,,2.577465624610785,0.8443955506661778,0.589344262295082,,2.4,1.4209341586944289,2.72,,3.2,2.4691358024691357,12.803274536390074,,-26.800224601725898,,-1.791783454862672,0.022591645353793693,,,,2.78,,,,3.99,
ZEEMEDIA,2026-10-03,,,472.0,140.0,,,0.6145833333333334,2.011173184357542,,3.0,-0.11454753722794961,5.27,,13.0,-0.13020833333333331,,,,,6.376781692864397,0.3705357142857143,,,,0.0,,,,9.04,
ZENITHEXPO,2026-10-03,,,110.0,378.0,,,1.8251202920192466,1.3012820512820513,,2.85,0.29603919967333603,4.97,,-4.15,0.48116807698689223,-0.598816752785214,,-21.71037432364947,,-9.636060916825162,0.025083214455539703,,,,0.0,,,,45.55,
ZENITHSTL,2026-10-03,,,72.6,26.1,,,1.7322834645669292,-0.2914285714285714,,,2.61140704170456,39.2,,-28.06,9.591982820329276,,,-19.338027909464863,,-33.60969500077896,-1.079219057566384,,,,0.0,,,,15.64,
ZENSARTECH,2026-10-03,Information Technology,,9885.0,12.4,,2.393676612915888,1.7010841507485803,2.0966183574879227,,17.3,12.779973649538867,22.8,,16.0,13.353983823782482,5.180315474985897,,13.159009866213122,,5.834157318094091,0.016740834922653103,,,,3.45,,,,49.0,
ZENTEC,2026-10-03,Capital Goods,,14231.0,78.3,,8.27845885650114,21.208643815201192,7.54066985645933,,10.7,9.1415313225058,16.2,,33.0,29.359165424739196,9.458282194458256,,140.12871987722826,,15.103875898157337,0.010058231868713605,,,,0.06,,,,48.51,
ZFCVINDIA,2026-10-03,Automobile and Auto Components,,25504.0,50.5,,7.121929575708316,6.057957244655582,6.916666666666667,,14.6,11.274288296430186,19.4,,16.0,11.852731591448931,7.090774973715952,,28.585089004189257,,3.3295591742784847,0.014905149051490514,,,,0.18,,,,60.0,
ZFSTEERING,2026-10-03,,,643.0,31.9,,,1.1067125645438898,1.3358490566037735,,3.29,2.37741456166419,6.48,,12.0,2.753872633390706,-23.20143155215414,,1.605973181496978,,6.720883496659713,0.2203742203742204,,,,0.0,,,,62.75,
ZIMLAB,2026-10-03,,,735.0,199.0,,,1.8513853904282116,2.472924187725632,,1.59,0.7421150278293136,4.76,,7.0,1.0075566750629723,-40.12161062134633,,-23.962385964924838,,2.653748853367821,0.4276094276094276,,,,0.0,,,,30.36,
ZODIAC,2026-10-03,,,329.0,12.9,,,0.5604770017035775,2.8072445019404917,,18.7,5.186721991701245,15.0,,11.0,4.258943781942079,,,,,,2.076923076923077,,,,0.35,,,,69.97,
ZODIACLOTH,2026-10-03,,,183.0,,,,1.1730769230769231,1.0060331825037707,,-18.1,-10.23391812865497,-8.03,,-8.0,-22.435897435897438,,,,,2.232876560904362,0.5879120879120879,,,,0.0,,,,72.93,
ZOTA,2026-10-03,,,4391.0,,,,7.210180623973727,6.34,,-15.0,-9.195402298850574,-8.47,,0.5,-17.077175697865353,,,,,50.12335531875103,0.38904899135446686,,,,0.08,,,,49.38,
ZSARACOM,2026-10-03,,,1098.0,8.3,,1.345953372053791,,0.9967164179104477,,8.92,10.83743842364532,10.9,,,,6.166632642953318,,13.87828889282372,,,,,,,0.0,,,,74.88,
ZUARI,2026-10-03,,,895.0,2.89,,0.026012538613208222,0.34838458544180617,0.42857142857142855,,1.24,30.043183220234422,16.4,,9.0,37.91358505254963,111.10026756606382,,48.41884922555486,,-17.619163749220434,0.30732407850646243,,,,0.0,,,,65.2,
ZUARIIND,2026-10-03,,,839.0,7.27,,,0.7634212920837125,0.23578595317725753,,2.71,1.4800335101926836,5.45,,4.3,9.64513193812557,-46.63071722165092,,,,9.458936591724164,0.7457198989615492,,,,0.35,,,,56.71,
ZYDUSLIFE,2026-10-03,Healthcare,,114284.0,23.5,,4.336736377318991,3.9970621152770005,4.260223048327138,,21.2,9.063998579124979,21.1,,29.0,16.06393396754337,5.418821425923959,,0.5014481103353674,,13.515406160109467,0.46090292121569787,,,,0.09,,,,75.02,
ZYDUSWELL,2026-10-03,Fast Moving Consumer Goods,,15693.0,70.8,,,3.4588935419880977,2.6939890710382515,,3.98,1.8449460255152108,4.91,,13.0,4.14370729556976,-10.973373828100607,,-9.422465447292627,,24.909441855212357,0.549776862341229,,,,0.24,,,,69.63,
7SEASL,2026-10-03,,,231.0,,,,18.494795836669336,,,-0.75,-0.5295950155763239,3.21,,27.7,-1.3610888710968776,,,,,20.716887664271532,0.2343612334801762,,,,0.0,,,,31.07,
A1L,2026-10-03,,,263.0,30.7,,0.2842371984912572,0.5805739514348786,4.838983050847458,,11.8,8.571428571428571,11.9,,3.5,1.9867549668874174,108.00838230519041,,5.154749679728043,,29.004615568677327,0.7777777777777778,,,,0.88,,,,70.03,
AAYUSH,2026-10-03,,,116.0,27.3,,0.28955515343280963,0.6987951807228916,9.444444444444445,,38.8,22.22222222222222,34.8,,1.3,2.4096385542168677,94.28255610838188,,,,449.58646600950124,0.4166666666666667,,,,0.11,,,,0.0,
ABATEAS,2026-10-03,,,126.0,10.2,,,0.8873239436619719,0.7254545454545455,,5.1,5.381165919282512,6.63,,10.0,8.450704225352112,,,,,,0.05747126436781609,,,,0.0,,,,32.42,
ACEMEN,2026-10-03,,,147.0,918.0,,,13.523459061637535,2.200772200772201,,0.24,0.1871563925605334,,,2.67,1.471941122355106,,,,,,0.1891366152925333,,,,0.0,,,,0.61,
ACESOFT,2026-10-03,,,350.0,82.0,,,6.049083995852056,2.91350531107739,,3.98,2.9610772425805587,5.82,,10.28,7.639128931904597,-4.892306150399428,,,,34.61328261322352,0.12308715901530272,,,,0.0,,,,62.03,
ACKNIT,2026-10-03,,,92.7,10.7,,24.502689175932993,0.3753036437246964,0.9744408945686901,,8.97,4.787234042553192,9.65,,8.0,3.643724696356275,0.4366867621415915,,1.7522111009444785,,3.777107043295369,0.7473684210526316,,,,0.49,,,,56.14,
ACTIVE,2026-10-03,,,152.0,15.0,,0.538730207456327,0.475,1.636060100166945,,11.8,3.278688524590164,10.5,,9.0,3.125,27.84325028073722,,80.64242979684313,,14.710904920418733,1.3978494623655915,,,,0.0,,,,73.58,
ADCINDIA,2026-10-03,,,1031.0,45.8,,15.899960298544842,4.729357798165138,11.920212765957446,,24.2,17.037037037037038,31.4,,12.0,10.550458715596331,2.8805103371353447,,21.590232559119784,,6.790959240579597,0.0,,,,1.12,,,,72.02,
AEIM,2026-10-03,,,159.0,3.27,,,0.8195876288659794,1.3061224489795917,,30.1,18.352059925093634,,,34.0,25.257731958762886,,,,,,0.9016393442622951,,,,0.0,,,,24.98,
AEL,2026-10-03,,,150.0,17.0,,1.3392022881773766,0.3740648379052369,3.0279898218829517,,17.7,7.258064516129033,22.1,,3.0,2.2443890274314215,12.694124069289492,,6.614543635949621,,12.451457328336302,0.061224489795918366,,,,0.63,,,,43.01,
AERPACE,2026-10-03,,,592.0,,,,,15.737704918032787,,-35.2,-22.61904761904762,-21.5,,,,,,,,,1.0810810810810811,,,,0.0,,,,45.25,
AGOL,2026-10-03,,,145.0,7.02,,0.17920560878106684,0.44072948328267475,0.868,,11.8,12.138728323699421,16.0,,8.0,6.382978723404255,39.172881070794176,,47.105813495469604,,25.864711469864865,0.0,,,,0.0,,,,48.06,
AGRIBIO,2026-10-03,,,338.0,78.7,,,8.831983276718056,4.7913446676970635,,4.27,4.723629156573442,4.24,,-1.36,11.209824928142147,-1.5576309232270824,,14.070464726578624,,22.030024498127432,0.2143972738889678,,,,0.1,,,,43.27,
AGVENTURES,2026-10-03,,,127.0,5.61,,,0.9407407407407408,0.46863468634686345,,1.85,7.002801120448179,2.31,,23.0,18.51851851851852,-22.94238249960121,,-12.069344615613497,,18.079173701957217,0.1070110701107011,,,,0.0,,,,51.76,
AHMDSTE,2026-10-03,,,239.0,14.2,,,1.1013824884792627,1.811926605504587,,16.8,7.727272727272727,22.2,,11.0,7.834101382488479,,,,,500.9245006917366,0.030303030303030304,,,,0.0,,,,71.41,
AJANTSOY,2026-10-03,,,173.0,12.0,,0.22773797512371957,0.13046757164404224,1.028708133971292,,4.13,5.555555555555555,8.87,,1.7,1.0558069381598794,52.69213442984619,,-19.42176634104934,,9.06804854154335,0.047619047619047616,,,,0.0,,,,49.8,
ALANSCOTT,2026-10-03,,,207.0,,,,5.993051534452809,18.452380952380953,,-77.7,-13.190184049079756,-19.1,,1.24,-13.694267515923569,,,,,44.61679854463072,0.8577777777777779,,,,0.0,,,,64.66,
ALPHALOGIC,2026-10-03,,,248.0,48.5,,7.53197869796128,5.037578712167378,4.765342960288809,,10.5,6.533945890760591,13.0,,18.16,15.600243753808654,6.439210988890309,,18.562995052566443,,-2.9877335867538934,0.8768728390318862,,,,0.0,,,,73.78,
ALPINEHOU,2026-10-03,,,166.0,22.2,,0.7551294049866709,2.206859877692103,1.852998065764023,,6.99,4.272570442783208,9.18,,16.64,9.877692103164051,29.398934610938454,,29.019456841547097,,11.080990107588985,0.16264791248046437,,,,0.0,,,,73.86,
ALSL,2026-10-03,,,220.0,22.5,,,0.4878048780487805,2.383838383838384,,6.43,7.8125,9.2,,2.8,2.2172949002217295,-27.258516784306185,,4.714696810645824,,9.66048069480967,0.09782608695652174,,,,0.21,,,,54.34,
AMBARPIL,2026-10-03,,,112.0,11.2,,0.23797513214075622,0.22535211267605634,2.6859504132231407,,18.4,12.195121951219512,17.8,,3.1,2.0120724346076457,47.063741069278976,,17.62815503518256,,13.938991329382011,0.6190476190476191,,,,0.0,,,,73.76,
AMPL,2026-10-03,,,211.0,8.97,,0.05573182086135464,,1.5426008968609863,,23.6,9.090909090909092,21.6,,,,160.94934386434062,,79.20098536795155,,,,,,,0.0,,,,26.03,
AMRAPLIN,2026-10-03,,,176.0,11.1,,0.07026841191848625,0.003378054164027562,3.862612612612612,,31.8,5.904059040590406,20.5,,0.1,0.030709583309341468,157.96571598738245,,,,24.038308359966543,3.782608695652174,,,,0.0,,,,73.43,
ANDHRAPET,2026-10-03,,,330.0,,,,1.0060975609756098,0.6521008403361344,,-2.53,-1.6051364365971106,-1.69,,-4.6,-3.048780487804878,,,,,-25.36676267759317,0.16237623762376238,,,,0.0,,,,45.04,
ANKIN,2026-10-03,,,93.8,,,,6.270053475935828,3.5546875,,-3.47,-1.2686330478908976,0.42,,6.08,-2.6737967914438503,,,,,117.69804574175006,0.10265151515151515,,,,0.0,,,,91.29,
APIS,2026-10-03,,,701.0,27.8,,2.3746002376278184,1.792838874680307,3.534722222222222,,13.6,8.116883116883116,14.6,,9.0,6.3938618925831205,11.707233731169708,,31.95079107728942,,5.603802908100963,0.33668341708542715,,,,0.0,,,,74.72,
APLAB,2026-10-03,,,181.0,,,,2.5492957746478875,-29.42622950819672,,-450.0,-13.432835820895523,-7.66,,-7.0,-25.352112676056336,,,,,0.0,-16.8,,,,0.0,,,,43.83,
APMIN,2026-10-03,,,124.0,9.59,,,0.4492753623188406,0.6526674233825199,,7.02,4.3624161073825505,9.93,,7.0,4.710144927536232,,,,,,0.24736842105263157,,,,0.0,,,,65.88,
APOLLOFI,2026-10-03,,,192.0,24.1,,,,2.5879396984924625,,6.16,7.6284132136719505,11.6,,,,-0.10879710175396573,,-8.891823508502405,,,,,,,0.0,,,,70.7,
ARCHITORG,2026-10-03,,,127.0,317.0,,5.518908084098148,1.1238938053097345,1.97444089456869,,0.64,2.7777777777777777,3.6,,6.0,2.6548672566371683,57.43889826927629,,,,75.23454136580025,0.4,,,,1.62,,,,65.88,
ARTSON,2026-10-03,,,577.0,,,,3.9793103448275864,1560.0,,-429.0,-9.75609756097561,-14.6,,-5.0,-8.275862068965518,,,,,4.244386442532577,54.0,,,,0.0,,,,75.0,
ARVAYA,2026-10-03,,,576.0,433.0,,,63.227222832052696,,,,,,,7.9,9.879253567508234,,,,,,,,,,0.0,,,,30.62,
ARYACAPM,2026-10-03,,,502.0,20.4,,0.3630136507956537,11.674418604651162,4.640088593576966,,30.0,21.1864406779661,32.0,,65.0,58.139534883720934,56.19623382009811,,137.81943062999144,,8.142526799205418,0.0,,,,0.0,,,,74.28,
ASGARD,2026-10-03,,,1048.0,412.0,,,7.879699248120301,8.96,,9.18,1.4851485148514851,7.38,,8.0,2.2556390977443606,,,,,,1.6222222222222222,,,,0.0,,,,59.95,
ASIIL,2026-10-03,,,204.0,,,,1.2670807453416149,0.7027863777089783,,-15.8,-19.020172910662826,-8.69,,-29.0,-40.993788819875775,,,,,-8.183476031760751,0.09278350515463918,,,,1.76,,,,73.07,
ASMTEC,2026-10-03,,,9633.0,132.0,,,15.948675496688741,31.447619047619046,,25.5,14.314115308151093,27.0,,20.0,11.920529801324504,,,30.03282877742315,,44.06611884382854,0.4169381107491857,,,,0.25,,,,57.65,
ASTALLTD,2026-10-03,,,305.0,20.7,,,1.22,0.8786346396965866,,7.96,2.8901734104046244,9.15,,8.0,6.0,,,,,,0.1467065868263473,,,,0.0,,,,4.53,
ATISHAY,2026-10-03,,,156.0,27.9,,84.81538915872123,2.7325275880189173,2.8456913827655312,,13.1,8.84858044164038,17.0,,14.7,9.826589595375722,0.32894973750328127,,119.540189742749,,9.687677929173066,0.10275962236746551,,,,0.71,,,,74.65,
ATVOENT,2026-10-03,,,410.0,2048.0,,,63.66459627329192,34.81818181818181,,1.8,1.3774104683195594,2.48,,-1.55,3.1055900621118013,0.0,,0.0,,20.18141671998881,0.0,,,,0.0,,,,55.8,
ATVPR,2026-10-03,,,119.0,16.6,,4.8358040327761005,1.629690495754588,0.5586034912718204,,3.42,2.6564410359008557,2.87,,11.39,9.819227608874282,3.432728019474851,,-2.215197205922159,,5.872939499247942,0.17093656156156156,,,,0.0,,,,26.83,
AUROLAB,2026-10-03,,,152.0,69.1,,,7.835051546391753,3.490701001430615,,4.28,1.661099575697391,,,17.53,9.484536082474229,,,,,,1.0082606700321248,,,,0.0,,,,52.4,
AUTOINT,2026-10-03,,,87.0,10.5,,,0.8529411764705882,1.4880952380952381,,14.8,7.6190476190476195,16.8,,27.0,7.8431372549019605,,,,,,0.5689655172413793,,,,0.0,,,,62.43,
AVAILFC,2026-10-03,,,137.0,0.93,,0.12589578646629854,137.0,0.10460577673692428,,8.57,11.247130833970925,0.02,,59.0,14700.0,7.387062157548496,,-6.773030357875031,,0.0,0.0,,,,0.0,,,,65.53,
AVEER,2026-10-03,,,272.0,68.7,,1.6560132055433765,1.8888888888888888,5.333333333333333,,10.0,5.797101449275362,15.1,,6.0,2.7777777777777777,41.48517642856473,,,,14.871677247026739,0.058823529411764705,,,,0.04,,,,74.88,
AVIVA,2026-10-03,,,209.0,80.5,,,1.7131147540983607,2.0980392156862746,,4.82,3.79746835443038,6.46,,2.9,2.459016393442623,,,,,395.96756638423,0.013513513513513514,,,,0.0,,,,3.01,
AXISOL,2026-10-03,,,3025.0,98.8,,,11.545801526717558,21.05263157894737,,22.1,10.56338028169014,23.3,,18.0,11.450381679389313,-37.29248308793965,,98.61181509982579,,24.428766059801777,0.5625,,,,0.09,,,,85.64,
BALGOPAL,2026-10-03,,,372.0,,,,18600.0,5.947955390334573,,-16.7,-5.560733146940044,-18.0,,-10300.0,-26850.0,,,,,-89.45365751139526,0.06627576403695806,,,,0.0,,,,55.37,
BAMBINO,2026-10-03,,,199.0,20.3,,,0.5102564102564102,1.8175182481751824,,9.48,4.25531914893617,12.3,,8.0,2.564102564102564,-3.5428381522206065,,2.08331440735654,,5.940882849536866,0.8272727272727273,,,,0.0,,,,74.96,
BARODARY,2026-10-03,,,274.0,13.9,,,4.807017543859649,0.6976744186046512,,5.08,4.644808743169399,3.55,,31.0,59.64912280701754,-0.6286650217172118,,-38.266167015517816,,-9.539001563466465,0.44556962025316454,,,,0.0,,,,67.52,
BAROEXT,2026-10-03,,,178.0,19.6,,,0.9270833333333334,7.171875,,281.0,16.363636363636363,56.2,,6.0,4.6875,,,39.17815329492746,,14.771089036875008,0.24,,,,0.0,,,,54.94,
BASANTGL,2026-10-03,,,99.1,13.6,,0.6167172703290336,0.15881410256410255,0.5369458128078818,,3.72,1.443298969072165,6.94,,5.0,1.1217948717948718,22.052244447028492,,-17.553136521892476,,15.12078982389815,1.016304347826087,,,,0.46,,,,53.09,
BCCFUBA,2026-10-03,,,773.0,93.8,,,10.640055058499655,13.826086956521738,,16.9,6.8825427171705105,18.4,,14.73,7.92842395044735,,,,,,0.4029232111692844,,,,0.0,,,,32.34,
BDH,2026-10-03,,,278.0,23.7,,4.048247531547406,2.78,3.5970149253731343,,14.8,12.121212121212121,20.5,,15.0,12.0,5.85438509263807,,10.145806804451318,,5.155949599222054,0.025974025974025976,,,,1.04,,,,49.7,
BELDING,2026-10-03,,,1301.0,,,,,1.2386206896551724,,-1.14,-0.8741258741258742,0.53,,-1832.0,,,,,,,0.03622497616777884,,,,0.0,,,,55.78,
BEMHY,2026-10-03,,,440.0,27.2,,1.0061624015322446,4.356435643564357,5.233160621761658,,18.5,10.884353741496598,23.3,,24.0,15.841584158415841,27.03340927724809,,22.826050431430446,,6.33609213825812,0.21428571428571427,,,,0.1,,,,74.69,
BENGALT,2026-10-03,,,123.0,18.6,,,2.338847689674843,0.631336405529954,,2.32,3.0221410636840904,4.76,,5.25,12.587944476136148,,,-18.395241639234793,,-2.142262733589295,0.046818297981088684,,,,1.09,,,,74.89,
BGDL,2026-10-03,,,1101.0,,,,178.73376623376623,5.797872340425532,,-0.01,-0.534715868659144,-0.01,,-49.35,-42.69480519480519,,,,,-37.930494633923985,0.42788815305371597,,,,0.0,,,,,
BGWTATO,2026-10-03,,,207.0,14.3,,0.5131572970530358,1.1311475409836065,3.5294117647058822,,24.7,15.217391304347828,31.6,,14.0,7.650273224043716,27.866699123489358,,,,10.946966029373396,0.15254237288135594,,,,0.49,,,,74.06,
BHARATAGRI,2026-10-03,,,116.0,,,,3.9698836413415473,2.1965897693079235,,-14.8,-8.63060989643268,-6.14,,-10.57,-28.234086242299796,,,,,8.924744461757106,0.5114778979320812,,,,0.0,,,,67.83,
BHATIA,2026-10-03,,,518.0,25.9,,1.531845151761908,0.7731343283582089,3.902439024390244,,15.2,10.050251256281408,21.3,,4.3,2.9850746268656714,16.907714183910926,,28.473515712343932,,17.40632311285688,0.07518796992481203,,,,0.11,,,,69.45,
BHILSPIN,2026-10-03,,,113.0,13.0,,0.17807421877620305,1.0660377358490567,2.234234234234234,,8.56,5.660377358490567,5.85,,16.0,8.49056603773585,73.00326846491973,,36.46145610861922,,127.52080655190383,2.08,,,,0.0,,,,59.12,
BIHSPONG,2026-10-03,,,110.0,9.41,,0.577184565971355,0.6547619047619048,-3.236074270557029,,,13.043478260869565,16.2,,-7.0,7.142857142857142,16.303277244019387,,6.9942346731201255,,-14.309500685080323,-3.2941176470588234,,,,0.0,,,,69.23,
BIRLACOT,2026-10-03,,,370.0,,,,185.0,1.4141414141414141,,,-4.615384615384616,-3.12,,-453.0,-750.0,,,,,-73.12196034667846,0.15708812260536398,,,,0.0,,,,94.57,
BMW,2026-10-03,,,1196.0,14.1,,1.4055273146163167,1.7510980966325036,1.487394957983193,,10.6,6.584043377226956,12.4,,24.0,12.445095168374817,10.03182211641973,,19.76501793988177,,4.529732715409951,0.4577114427860697,,,,0.81,,,,74.36,
BOMOXY-B1,2026-10-03,,,269.0,161.0,,2.5092369459337758,,1.3382671750018689,,1.7,1.2115866679045584,2.12,,,,64.16293218577897,,,,,,,,,0.14,,,,73.29,
BPAGRI,2026-10-03,,,423.0,403.0,,,8.655616942909761,6.88235294117647,,1.69,1.2626262626262628,2.23,,2.8,2.148557397176182,,,,,472.8263628242292,0.0006504065040650406,,,,0.0,,,,0.08,
BRADYM,2026-10-03,,,145.0,30.1,,,2.0506293310705703,2.7361702127659573,,10.7,6.94284064665127,14.1,,7.48,6.802432470654788,-17.004398831470002,,8.548957850016947,,-2.035569936705217,0.09140698772426817,,,,0.0,,,,73.98,
BRPL,2026-10-03,,,222.0,19.9,,0.4262628647126603,1.353658536585366,5.25,,28.0,17.741935483870968,34.4,,10.0,6.707317073170732,46.68480800788124,,23.210380957979957,,15.658971921573418,0.07142857142857142,,,,1.19,,,,73.27,
CANDOUR,2026-10-03,,,170.0,458.0,,,3.498662276188516,5.0,,1.67,1.2862918044836458,2.68,,0.7,0.7203128215682238,,,,,,0.015198927134555208,,,,0.0,,,,25.27,
CAPPIPES,2026-10-03,,,119.0,19.1,,,1.478811979619734,2.3403614457831323,,14.7,6.708167865192658,14.9,,9.68,7.766869640859948,,,,,,0.6114375244810027,,,,0.0,,,,64.39,
CAPRIHANS,2026-10-03,,,196.0,,,,0.2596026490066225,0.676829268292683,,-16.6,-2.278481012658228,2.27,,9.0,-3.576158940397351,,,,,2.358700622445742,2.99618320610687,,,,0.0,,,,55.99,
CCME,2026-10-03,,,188.0,,,,43.418013856812934,5.615696887686062,,-0.31,-0.2439024390243902,,,4.16,-0.6928406466512702,,,,,,0.15400624349635797,,,,0.0,,,,74.35,
CHANDRIMA,2026-10-03,,,384.0,154.0,,,5.2011377488825685,3.80794701986755,,3.96,2.090329079919409,4.73,,5.96,3.3726127590410404,-4.353440861380542,,47.57731615945522,,56.1534868993244,0.0600734783040413,,,,0.0,,,,,
CHEMTECH,2026-10-03,,,103.0,38.0,,,3.2217704097591495,0.9538461538461538,,4.61,2.341050449205252,7.53,,2.38,8.476696903346888,-19.166576435841076,,,,0.6228388167313081,0.0,,,,0.0,,,,40.68,
CHLLTD,2026-10-03,,,155.0,14.2,,,1.091549295774648,0.40988372093023256,,5.17,1.2035010940919038,6.45,,12.0,7.746478873239436,-8.207244224375465,,,,1.6993534600199034,0.6949602122015915,,,,0.0,,,,72.84,
CHLOGIST,2026-10-03,,,102.0,,,,1.462155963302752,1.5472061657032752,,-5.54,-2.604508645217772,1.13,,1.19,-3.411697247706422,,,,,-0.8825094087736018,0.3246930422919509,,,,0.0,,,,35.06,
CHOKSI,2026-10-03,,,117.0,22.5,,0.6117444997006137,2.5091143040960753,3.183229813664596,,15.6,10.942441492726124,18.5,,14.52,11.130173707913361,36.7800609748211,,,,42.86932205047653,0.19907407407407407,,,,0.0,,,,71.15,
CHOKSILA,2026-10-03,,,126.0,66.4,,2.6638229421399164,2.691157624946604,4.931880108991825,,4.19,3.003337041156841,9.44,,26.72,4.613413071337035,24.92658162432493,,59.532102114910245,,8.456382584104327,1.3358092259577796,,,,0.0,,,,31.48,
CIANAGRO,2026-10-03,,,2843.0,8.82,,0.02904481761021305,1.2307359307359307,1.3194805194805195,,10.8,7.585394581861013,12.3,,24.0,13.939393939393941,303.66863095393023,,240.90597182042038,,138.16171911295143,0.5563805104408353,,,,0.0,,,,67.61,
CITIZEN,2026-10-03,,,226.0,11.4,,0.01088168178431403,1.1894736842105262,2.0747422680412373,,69.3,11.299435028248588,34.8,,13.0,10.526315789473683,1047.6321791024186,,,,262.157822172087,2.5238095238095237,,,,0.0,,,,53.49,
CMBL,2026-10-03,,,310.0,,,,,4.9,,-0.3,-1.4705882352941178,-0.29,,-10.0,,,,,,,0.0,,,,0.0,,,,3.12,
COCHINM,2026-10-03,,,230.0,9.36,,0.2596985078593933,0.6686046511627907,1.3318181818181818,,9.36,8.906882591093117,14.2,,8.0,6.395348837209303,36.04179352877806,,28.34829310238911,,4.66763131264154,0.03488372093023256,,,,2.73,,,,51.36,
CONCORD,2026-10-03,,,99.7,48.6,,0.9636706892419371,1.1576869484440315,2.0570652173913047,,2.57,2.7373481105621575,5.46,,6.77,2.380399442638179,50.43216582443817,,-2.5437449061137984,,24.228552394069713,0.29905193734542457,,,,0.0,,,,45.08,
CORALAB,2026-10-03,,,196.0,10.3,,1.525664509589271,2.020618556701031,0.9384615384615385,,7.79,7.883817427385892,11.0,,19.0,19.587628865979383,6.751156584728379,,16.246790019377787,,4.913364811202969,0.01904761904761905,,,,0.36,,,,71.51,
COROENGG,2026-10-03,,,181.0,111.0,,,7.5668896321070225,,,34.5,6.518196632265074,,,7.32,5.016722408026755,,,,,,1.1059322033898304,,,,0.0,,,,70.87,
COSMOFE,2026-10-03,,,205.0,,,,2.0297029702970297,8.854166666666668,,-5.98,-0.8620689655172413,4.46,,7.0,-0.9900990099009901,,,,,1.010169380837378,3.0,,,,0.0,,,,63.65,
COVANCE,2026-10-03,,,346.0,8.83,,,2.436619718309859,2.047244094488189,,17.4,13.978494623655912,21.0,,25.0,27.464788732394368,,,,,32.5316189395773,0.44970414201183434,,,,0.0,,,,71.7,
CRESCENTIS,2026-10-03,,,166.0,921.0,,,,11.664670658682637,,1.28,1.2474012474012472,1.7,,,,-20.62994740159002,,-14.446794027255072,,,,,,,0.0,,,,74.98,
CTL,2026-10-03,,,354.0,187.0,,,,4.833040421792618,,2.63,0.879642557944708,6.96,,,,,,,,,,,,,0.0,,,,39.85,
CUPIDALBV,2026-10-03,,,216.0,,,,,0.3121693121693122,,-0.53,-0.7646962946865152,,,,,,,,,,0.04209322193423205,,,,0.0,,,,54.0,
DANLAW,2026-10-03,,,731.0,144.0,,,5.297101449275362,22.42152466367713,,7.11,4.901960784313726,8.22,,6.0,3.6231884057971016,,,28.699769270165977,,35.885191983940935,1.28,,,,0.0,,,,61.87,
DEEPAKSP,2026-10-03,,,106.0,11.0,,,0.3569023569023569,1.6315205327413986,,16.3,4.958677685950414,17.3,,12.0,4.040404040404041,,,78.95078590699003,,27.88591103115281,1.5384615384615385,,,,0.0,,,,46.39,
DEL,2026-10-03,,,177.0,51.5,,,1.6238532110091743,2.540650406504065,,6.6,1.9230769230769231,10.0,,-0.7,2.7522935779816518,-4.287477696238429,,11.727508229129512,,9.952273860131577,0.8,,,,0.08,,,,74.59,
DHAMPURE,2026-10-03,,,126.0,19.6,,0.23814164151634254,1.9137302551640338,2.962962962962963,,14.8,12.416107382550337,19.7,,12.8,9.553462940461726,82.30395942179203,,67.30715530730124,,31.415733816420378,0.0,,,,0.0,,,,60.27,
DHINDIA,2026-10-03,,,205.0,22.7,,0.45987382211248934,0.7706766917293233,2.628120893561104,,13.3,5.960264900662252,14.4,,7.0,3.3834586466165413,49.36136589755129,,27.899309410900088,,18.961979798888628,0.6025641025641025,,,,0.0,,,,44.86,
DHOOTIN,2026-10-03,,,155.0,2.77,,,1.8674698795180722,0.35507246376811596,,-3.19,12.5,-0.87,,79.0,67.46987951807229,-27.800441407502774,,24.44636623832497,,35.99451237862552,0.0,,,,0.61,,,,69.07,
DHPIND,2026-10-03,,,151.0,13.5,,,2.0405405405405403,0.6400506970849176,,4.0,4.417670682730924,6.02,,24.0,14.864864864864865,-24.875627237216314,,-20.663158619189225,,11.768292630308741,0.029535864978902954,,,,0.79,,,,73.36,
DLTNCBL,2026-10-03,,,597.0,31.1,,3.2909796842573305,0.5349462365591398,1.7405541561712847,,6.65,2.2041763341067284,16.6,,7.0,1.702508960573477,9.450073529402015,,90.36539387158786,,40.660861824554,0.5348837209302325,,,,0.29,,,,73.04,
DOLFIN,2026-10-03,,,174.0,27.9,,2.96117287645958,0.9560439560439561,4.458762886597938,,13.7,7.228915662650602,14.0,,5.0,3.296703296703297,9.421942305968178,,17.269942920948033,,13.040381433805548,0.48717948717948717,,,,0.0,,,,37.68,
DUNCANENG,2026-10-03,,,119.0,,,,2.2037037037037037,3.4401709401709404,,-48.2,24.096385542168676,-15.9,,-11.0,37.03703703703704,150.57443665493594,,-5.276150008062219,,1.2659571768745437,0.6857142857142857,,,,0.93,,,,74.56,
DUROPLY,2026-10-03,,,105.0,,,,0.481651376146789,1.0114583333333333,,-10.5,-3.0864197530864197,2.51,,1.8,-2.293577981651376,,,,,,1.2727272727272727,,,,0.0,,,,50.22,
EASTINDIA,2026-10-03,,,140.0,29.5,,,0.5691056910569106,6.590277777777778,,16.9,4.0650406504065035,19.5,,7.0,2.0325203252032518,-31.113966022646412,,,,,2.5,,,,1.58,,,,94.68,
ECOBOAR,2026-10-03,,,156.0,,,,4.7272727272727275,6.888888888888888,,-123.0,-16.39344262295082,-43.0,,-28.0,-30.303030303030305,,,,,3.228011545636722,0.36363636363636365,,,,0.0,,,,44.84,
ECOPLAST,2026-10-03,,,224.0,18.5,,9.661068576627546,1.0566037735849056,1.3583815028901733,,10.6,8.391608391608392,14.4,,9.0,5.660377358490567,1.914902047663336,,,,23.334848822086673,0.01680672268907563,,,,0.0,,,,74.45,
EKANSH,2026-10-03,,,305.0,,,,12.112787926926131,6.7,,-6.54,-2.9866387215090384,1.43,,-7.94,-13.58220810166799,,,,,-16.59565704376241,0.5739762219286658,,,,0.0,,,,,
ELNET,2026-10-03,,,119.0,13.2,,0.7805001403244408,5.357946870778928,1.7633136094674555,,14.2,10.184451737014824,18.5,,52.45,40.5222872579919,16.91223270570199,,10.789480307570255,,1.1202404985089398,0.0628689492325856,,,,0.67,,,,52.85,
EMERALD,2026-10-03,,,203.0,12.6,,0.250580087871188,,2.0964285714285715,,16.0,14.049586776859504,21.2,,,,50.28332501214978,,40.477511548179315,,,,,,,0.17,,,,59.7,
EMERALL,2026-10-03,,,436.0,,,,26.666666666666664,-5.178571428571429,,,-8.630863086308633,8.85,,41.65,-52.78287461773701,,,,,1.1684762694183615,-1.756271549161812,,,,0.0,,,,73.76,
EMERGENT,2026-10-03,,,182.0,120.0,,,0.3279279279279279,6.2578616352201255,,4.47,6.451612903225806,11.4,,0.7,0.36036036036036034,-3.8928953354717355,,2.184344639606395,,15.84436740550923,0.0,,,,0.0,,,,73.83,
EMROCK,2026-10-03,,,396.0,322.0,,,167.79661016949154,16.666666666666668,,7.78,3.5354987065248635,8.48,,56.78,52.118644067796616,,,,,,0.4427609427609427,,,,0.0,,,,74.63,
ESCORP,2026-10-03,,,122.0,19.3,,,16.920943134535367,1.7571884984025559,,4.37,8.694459681843115,5.36,,88.35,87.93342579750346,-28.38658576880375,,12.450947392208068,,-28.57835915074721,0.0,,,,0.0,,,,67.62,
ESPIRE,2026-10-03,,,221.0,23.7,,0.48643236171092313,1.5785714285714285,4.327485380116959,,17.2,3.8135593220338984,12.4,,17.0,6.428571428571428,48.722087314750716,,,,57.2564660105511,2.764705882352941,,,,0.0,,,,69.25,
EVERESTO,2026-10-03,,,219.0,41.7,,0.19771003720116398,1.1465968586387434,2.831402831402831,,7.63,2.083333333333333,12.0,,10.0,2.6178010471204187,210.91493679489582,,30.67177310410849,,-1.02571333346958,0.6578947368421053,,,,0.0,,,,59.6,
EVEXIA,2026-10-03,,,377.0,203.0,,,3.168067226890756,0.6655629139072847,,,0.10793308148947653,,,1.7,1.680672268907563,,,,,28.564079532911755,2.1552028218694885,,,,0.0,,,,3.36,
EXPOEAPL,2026-10-03,,,237.0,181.0,,14.444344731458656,3.6956182753781386,5.313953488372094,,4.89,1.5059202207150248,9.07,,9.43,2.0427257133946672,12.530855733856594,,12.239306718204613,,-5.378799577694371,0.8307026476578412,,,,0.0,,,,55.72,
EY,2026-10-03,,,103.0,,,,1.097729937120324,3.645390070921986,,-16.4,-7.810578105781057,-8.42,,0.21,-5.414046680166258,,,,,77.56440101614588,0.580599647266314,,,,0.0,,,,62.29,
FILTRON,2026-10-03,,,457.0,79.4,,,4.6476151733957085,7.586933614330874,,12.8,4.5736064792758455,9.87,,6.2,5.857825689006407,,,,,,0.2665008291873963,,,,0.0,,,,73.36,
FLUIDOM,2026-10-03,,,355.0,37.0,,0.8324422683436863,7.817661308081921,7.217217217217216,,21.2,16.035374603704323,28.5,,27.26,21.162739484695,44.44752676196879,,,,21.225473413314553,0.0,,,,1.04,,,,53.45,
FORBESCO,2026-10-03,,,373.0,30.7,,,5.567164179104478,1.864516129032258,,1.67,4.780876494023905,5.11,,9.0,17.91044776119403,,,-68.97826128339307,,-18.7690379910864,0.03015075376884422,,,,0.0,,,,73.85,
FOSECOC,2026-10-03,,,1095.0,74.8,,3.782294578771007,9.864864864864865,12.452229299363058,,18.2,13.559322033898304,29.6,,26.0,14.414414414414415,19.776354919532736,,7.253826106043237,,3.1970307479940896,0.0,,,,0.64,,,,75.0,
FRATELLI,2026-10-03,,,530.0,,,,2.789473684210526,3.8977635782747604,,-17.3,-6.628242074927954,-4.94,,-2.4,-12.105263157894736,,,,,-23.294971605026717,1.0222222222222221,,,,0.0,,,,57.19,
FYNX,2026-10-03,,,125.0,,,,,18.38235294117647,,-5.08,-2.206809583858764,-0.75,,,,,,,,,,,,,0.0,,,,74.9,
GALAGEX,2026-10-03,,,140.0,560.0,,,25.36231884057971,30.413793103448278,,3.28,4.409171075837742,2.25,,9.06,4.528985507246378,-16.752224563919892,,,,-1.1217002778315055,0.0,,,,0.0,,,,0.05,
GALXBRG,2026-10-03,,,308.0,83.0,,,4.6260138179633525,2.7976878612716765,,3.04,2.6589263957571845,5.24,,9.48,5.57224391709222,-41.8172603353655,,-22.518200783718857,,-19.39228031726936,0.16478924418604649,,,,0.0,,,,46.83,
GAMCO,2026-10-03,,,253.0,,,,0.7027777777777777,1.5194805194805194,,-35.5,-5.893909626719057,-8.19,,-2.8,-8.333333333333332,,,,,17.662139846489566,1.7245508982035929,,,,0.0,,,,72.02,
GANGAPA,2026-10-03,,,91.8,51.3,,8.021920750012885,0.3019736842105263,2.8461538461538463,,5.09,2.0,7.51,,2.5,0.6578947368421052,6.394977163033877,,-19.790555037640022,,7.311473649022515,1.375,,,,0.0,,,,74.99,
GARGFUR,2026-10-03,,,157.0,14.4,,,0.5340136054421769,1.5862068965517242,,10.6,6.666666666666667,,,5.0,3.741496598639456,,,,,,0.18181818181818182,,,,0.0,,,,56.91,
GARNETINT,2026-10-03,,,97.9,31.2,,,29.84756097560976,2.310185185185185,,11.8,6.915598762704375,11.2,,49.09,95.42682926829269,,,,,-45.54288370715691,0.0237758945386064,,,,0.0,,,,49.27,
GARWAOFFS,2026-10-03,,,124.0,,,,2.883720930232558,0.9901477832512315,,-12.6,-4.854368932038835,-5.85,,30.0,-23.25581395348837,,,,,3.3081575495288007,0.512,,,,0.0,,,,30.34,
GEE,2026-10-03,,,650.0,36.2,,2.643543477260174,1.6539440203562341,3.0193236714975846,,7.53,6.031746031746032,11.4,,9.0,4.8346055979643765,13.693741113544489,,4.592784586713217,,2.1226465991291077,0.2837209302325581,,,,0.0,,,,63.58,
GENNEX,2026-10-03,,,238.0,12.7,,1.3470487750187856,1.3005464480874316,1.069868995633188,,10.5,6.017191977077363,11.8,,14.0,11.475409836065573,9.428017927430199,,29.335831501345865,,28.127970077545996,0.16216216216216217,,,,0.0,,,,23.63,
GGAUTO,2026-10-03,,,209.0,21.8,,1.0064182290039874,2.0096153846153846,3.5972461273666094,,21.2,9.174311926605505,20.4,,18.0,9.615384615384617,21.66097490262533,,78.4094802005866,,4.171400751029397,0.5,,,,0.0,,,,39.6,
GHVINFRA,2026-10-03,,,2121.0,41.3,,,2.812997347480106,14.505494505494505,,37.3,8.600337268128163,,,15.0,6.763925729442971,,,,,,1.465648854961832,,,,0.0,,,,63.98,
GLITTEKG,2026-10-03,,,207.0,,,,4140.0,18.978622327790976,,-3.91,-5.914467697907188,-3.65,,-5000.0,-1300.0,,,,,-80.6768055934759,0.0,,,,0.0,,,,70.59,
GLOBUSCON,2026-10-03,,,160.0,14.8,,,40.0,1.732620320855615,,-6.92,5.612244897959184,-2.74,,-10.0,275.0,,,,,0.0,0.0,,,,0.0,,,,73.68,
GODAVARI,2026-10-03,,,129.0,33.1,,,1.1727272727272726,1.5775401069518717,,6.14,2.0,6.55,,9.0,3.6363636363636362,-13.864045013194437,,-7.539204463415594,,-11.18267732555327,1.0789473684210527,,,,0.0,,,,40.23,
GOLDENCREST,2026-10-03,,,170.0,710.0,,13.27601634768792,395.34883720930236,15.476190476190476,,1.65,2.175883952855848,2.2,,48.84,55.81395348837209,53.479897990909734,,42.49563932239631,,26.984209656030835,0.0,,,,0.0,,,,58.17,
GOLKUNDIA,2026-10-03,,,214.0,13.6,,0.7666754108665422,0.7205387205387206,2.6695652173913045,,18.8,10.526315789473683,20.1,,9.0,5.387205387205387,17.738928113826514,,16.330514481696824,,8.895400815502974,0.4375,,,,0.49,,,,72.82,
GOODRICKE,2026-10-03,,,471.0,9.73,,,0.5620525059665871,1.5460992907801419,,6.31,10.51752921535893,5.11,,6.0,7.517899761336516,,,64.3639536045108,,0.5631655341822528,0.0625,,,,0.92,,,,74.0,
GOURMET,2026-10-03,,,158.0,219.0,,,0.7860696517412935,2.5060240963855422,,-2.31,1.0582010582010581,6.31,,16.0,0.9950248756218906,-48.21279156743569,,,,11.245145199540252,1.2698412698412698,,,,0.0,,,,46.84,
GRAVITY,2026-10-03,,,107.0,5.69,,,0.4476987447698745,7.172774869109948,,151.0,47.5,159.0,,11.0,7.949790794979079,,,199.75267897118493,,392.5564022772348,0.13333333333333333,,,,0.0,,,,6.05,
GSTL,2026-10-03,,,103.0,30.4,,,1.796616082330368,1.8072289156626504,,5.13,5.076370170709794,4.55,,12.33,5.913134484563056,,,-9.895096414834404,,25.4330362570774,0.04899034240561897,,,,0.0,,,,55.84,
GTTDATA,2026-10-03,,,131.0,,,,0.9290780141843972,1.7499999999999998,,-32.8,-10.344827586206897,-16.9,,-1.8,-10.638297872340425,,,,,115.9552131324221,0.49333333333333335,,,,0.0,,,,62.24,
GTV,2026-10-03,,,345.0,21.2,,,3.3823529411764706,,,,,,,18.0,13.725490196078432,,,,,,,,,,0.0,,,,57.88,
GUJINJEC,2026-10-03,,,134.0,44.8,,0.2613132271061213,2.8904227782571184,11.333333333333332,,16.6,8.181074447777474,22.9,,8.41,6.47109577221743,171.44176165949062,,,,100.05755396001148,0.0,,,,0.0,,,,,
GUJINTRX,2026-10-03,,,146.0,13.9,,1.1276627456613895,2.085714285714286,2.21875,,15.5,13.88888888888889,21.2,,21.0,14.285714285714285,12.32638043021228,,28.049089455346632,,7.088062578826659,0.0,,,,5.87,,,,58.48,
GUJJUBHAI,2026-10-03,,,247.0,43.7,,,1.8571428571428572,6.082474226804124,,13.8,10.526315789473683,16.5,,6.0,4.511278195488721,-10.669379454010885,,57.54152303712527,,34.22383725984031,0.14634146341463414,,,,0.0,,,,64.06,
HBGHOTELS,2026-10-03,,,141.0,45.5,,,4.351851851851852,0.378021978021978,,0.77,0.3901825047199497,0.73,,21.91,9.567901234567902,-77.83216761060694,,,,5.656312722178636,0.9481923519494767,,,,0.22,,,,69.8,
HERCULES,2026-10-03,,,346.0,9.33,,,1.9548022598870056,0.36486486486486486,,4.35,3.5204567078972406,5.66,,17.0,20.903954802259886,,,,,,0.005274261603375527,,,,2.31,,,,69.61,
HIGHENE,2026-10-03,,,513.0,37.4,,,6.576923076923077,4.612903225806452,,15.4,9.352517985611511,20.4,,21.0,16.666666666666664,-9.344839592111953,,-6.485517618716374,,0.0,0.10714285714285714,,,,0.52,,,,43.06,
HIKLASS,2026-10-03,,,272.0,37.5,,,,5.142857142857143,,-4.69,13.5498320268757,-1.46,,,,,,,,,,,,,0.0,,,,28.6,
HIMTEK,2026-10-03,,,262.0,32.6,,,0.7024128686327078,,,,,,,9.0,1.876675603217158,,,,,,,,,,0.32,,,,54.37,
HINDHARD,2026-10-03,,,115.0,17.5,,1.6587166064370567,1.0849056603773586,3.064,,25.0,10.9375,27.8,,9.0,6.60377358490566,10.550325433583385,,12.322565639319304,,15.948637819501933,0.23684210526315788,,,,0.37,,,,66.16,
HINDMOTORS,2026-10-03,,,309.0,,,,309.0,-3.3109619686800897,,,-61.53846153846154,,,-2632.0,-3200.0,,,,,-88.86336948112434,-0.40425531914893614,,,,0.0,,,,32.33,
HINDTIN,2026-10-03,,,114.0,12.2,,,0.26697892271662765,0.5116279069767442,,3.89,2.5423728813559325,7.36,,7.0,2.107728337236534,-18.11182632594175,,-9.23499023727803,,0.7930545306994663,0.3183856502242152,,,,0.68,,,,41.11,
HPBL,2026-10-03,,,367.0,11.1,,,0.5770440251572327,4.466145833333334,,32.9,10.582010582010582,19.7,,13.0,6.289308176100629,,,,,29.184884093235365,3.0,,,,0.29,,,,75.0,
HYPERSOFT,2026-10-03,,,1656.0,405.0,,,22.977660607742475,7.5675675675675675,,3.7,1.454273929739724,4.83,,7.03,5.675038157347024,,,,,,0.0,,,,0.0,,,,59.24,
ICONIKSPEV,2026-10-03,,,108.0,22.6,,,2.3736263736263736,1.5533980582524272,,8.13,5.488084326306141,10.5,,13.49,10.527472527472527,,,8.144247310122177,,1048.9383186228135,0.0,,,,0.0,,,,8.68,
IFINSEC,2026-10-03,,,730.0,44.5,,1.9746524203562823,,5.643340857787811,,12.6,3.898305084745763,13.3,,,,22.53561160498867,,22.272343168297137,,,,,,,0.0,,,,55.98,
IIRM,2026-10-03,,,823.0,33.4,,12.208848168610816,3.189922480620155,5.130434782608695,,16.9,8.865248226950355,20.4,,23.0,9.689922480620156,2.735720809918174,,,,13.170499973348115,0.6050955414012739,,,,0.0,,,,56.59,
IKOMA,2026-10-03,,,121.0,,,,864.2857142857142,13.148614609571789,,2.53,-4.858548585485854,3.06,,-614.29,-564.2857142857142,,,,,-84.51847481911675,0.1910966340933768,,,,0.0,,,,37.72,
INDAG,2026-10-03,,,277.0,20.2,,,1.1541666666666666,1.1931818181818181,,4.44,3.9473684210526314,5.07,,6.0,5.0,-5.258077966885166,,40.070278102179714,,-1.4826986748483484,0.07792207792207792,,,,2.28,,,,73.34,
INDGELA,2026-10-03,,,262.0,10.0,,,1.4886363636363635,1.3516483516483517,,11.5,11.981566820276496,15.9,,17.0,14.772727272727273,-2.7654199484969166,,35.998546566396605,,-5.1111574530684045,0.02072538860103627,,,,1.62,,,,69.05,
INDIAHOMES,2026-10-03,,,1059.0,,,,353.0,28.602150537634408,,-50.4,-7.352941176470589,-19.0,,-488.0,-1000.0,,,,,-72.48393959254477,2.027027027027027,,,,0.0,,,,34.25,
INDSILHYD,2026-10-03,,,106.0,7.04,,,0.6973684210526315,0.5337078651685393,,7.58,6.607929515418502,,,10.0,9.868421052631579,-46.05052849200892,,,,-9.927250969940694,0.0,,,,1.58,,,,62.81,
INDSUCR,2026-10-03,,,124.0,2.96,,,0.2594142259414226,0.4238095238095238,,15.4,4.739336492890995,17.1,,15.0,6.2761506276150625,-3.4055303190777653,,-4.926932683901564,,-3.322797521280063,0.6575342465753424,,,,0.0,,,,64.48,
INDTONER,2026-10-03,,,242.0,8.91,,0.2201177570376445,1.6462585034013606,1.4263803680981595,,11.6,13.5,14.3,,21.0,18.367346938775512,40.47833359703104,,6.395654877706125,,16.907714183910926,0.0,,,,2.58,,,,69.25,
INDUSFINL,2026-10-03,,,304.0,100.0,,1.9599453852570827,,13.225806451612902,,10.5,7.480429109886924,15.0,,,,51.02182986944974,,,,,,,,,0.18,,,,74.79,
INTEGFD,2026-10-03,,,242.0,,,,,20.476190476190478,,,,,,,,,,,,,,,,,0.0,,,,2.24,
INTEGRAEN,2026-10-03,,,621.0,41.8,,59.35404438826498,3.718562874251497,5.572755417956657,,14.9,9.868421052631579,18.5,,16.0,8.982035928143713,0.7042485551037592,,10.184478889963277,,4.343735119556569,0.1981981981981982,,,,0.0,,,,54.39,
INTLCOMBQ,2026-10-03,,,105.0,,,,1.0683760683760684,1.2005494505494505,,-1.61,-4.985935302390999,-0.02,,-3.44,-7.214082214082214,,,,,-2.9868768149935887,0.1829997699562917,,,,0.0,,,,52.88,
ISERA,2026-10-03,,,121.0,,,,7.396088019559903,7200.0,,-7.92,-0.7361268403171009,3.4,,2.44,-0.7946210268948656,,,,,-13.752263479646443,22.166666666666647,,,,0.0,,,,58.63,
ISTRNETWK,2026-10-03,,,321.0,,,,17.455138662316475,27.701863354037265,,-94.4,-71.68949771689498,,,-17.51,-17.074497009244155,,,,,,0.0,,,,0.22,,,,16.58,
ITHL,2026-10-03,,,226.0,10.5,,,0.9826086956521739,1.2633928571428572,,13.2,6.827309236947792,18.2,,14.0,7.391304347826087,-8.509838588519713,,,,1.9583270140522746,0.00558659217877095,,,,1.94,,,,61.69,
JAFINANCE,2026-10-03,,,169.0,291.0,,,,8.144329896907218,,2.65,2.483940042826552,7.79,,,,-16.654972401380764,,-19.230286689891095,,,,,,,0.0,,,,59.9,
JAGAJITIND,2026-10-03,,,650.0,56.0,,3.80821812052292,2.006172839506173,10.296296296296296,,17.1,1.6689847009735743,10.5,,-13.0,3.7037037037037033,14.70504005487754,,89.75228807622307,,-16.523684525469807,5.761904761904762,,,,0.0,,,,87.34,
JAMESWARREN,2026-10-03,,,93.3,4.96,,,0.7346456692913386,1.96875,,2.93,22.302158273381295,4.2,,14.0,24.409448818897637,,,,,3.065957885856485,0.0,,,,0.0,,,,68.61,
JASCH,2026-10-03,,,195.0,8.65,,0.10158433523147388,0.8590308370044053,2.6574074074074074,,20.0,13.609467455621301,26.3,,14.0,10.13215859030837,85.1509239125283,,38.718733363695314,,19.80749156045114,0.08196721311475409,,,,0.0,,,,57.64,
JATTAINDUS,2026-10-03,,,261.0,143.0,,,1.5818181818181818,13.378378378378379,,1.79,9.523809523809524,3.43,,1.3,1.2121212121212122,-21.7076415858232,,15.090953278255736,,117.66469227934029,0.0,,,,0.0,,,,72.56,
JAYSYNTH,2026-10-03,,,219.0,11.9,,,0.8455598455598455,1.634712411705348,,8.59,8.181818181818182,11.4,,10.0,6.94980694980695,-47.1484741269942,,,,6.902526108873497,0.3157894736842105,,,,0.31,,,,73.68,
JAYUSH,2026-10-03,,,299.0,39.4,,,0.4390602055800294,3.803921568627451,,13.9,2.083333333333333,,,4.7,1.1747430249632893,,,,,,1.5696202531645569,,,,0.52,,,,62.86,
JGTL,2026-10-03,,,251.0,16.6,,,4.254237288135593,2.529680365296804,,15.7,13.392857142857142,21.3,,26.0,25.423728813559322,-1.90083645387914,,,,0.0,0.0,,,,1.8,,,,57.63,
JHACC,2026-10-03,,,219.0,80.3,,,1.972972972972973,1.5590551181102361,,2.39,1.4388489208633095,2.4,,-2.4,1.8018018018018018,,,,,,0.08333333333333333,,,,0.0,,,,64.4,
JKAGRI,2026-10-03,,,135.0,,,,0.8544303797468354,1.3518518518518519,,-8.06,-2.5735294117647056,5.25,,1.6,-4.430379746835443,,,,,,0.0,,,,0.0,,,,73.11,
JOJO,2026-10-03,,,1553.0,221.0,,83.72061675421156,58.0777860882573,21.22641509433962,,11.3,8.800300864986838,16.8,,46.56,26.252804786836197,2.6397321062363366,,71.36488202439537,,77.1490287238135,0.05900792919048497,,,,0.01,,,,67.79,
JOLYPLS,2026-10-03,,,106.0,,,,706.6666666666667,4.274509803921569,,0.0,0.0,0.0,,-80.0,0.0,,,,,-71.89944779206614,0.0,,,,0.0,,,,0.01,
JOSTS,2026-10-03,,,255.0,42.6,,0.8250337518299736,1.0408163265306123,1.6240601503759398,,-7.96,16.431924882629108,7.81,,6.0,14.285714285714285,51.63425121155429,,48.70430146509692,,9.422884558846988,0.050955414012738856,,,,0.58,,,,48.15,
JSTL,2026-10-03,,,170.0,48.9,,,2.3936919177696425,2.3462603878116344,,1.89,4.803452481471057,5.01,,20.47,7.209236834694453,,,-24.448807226965563,,21.444865650026724,0.2958020572699472,,,,0.0,,,,30.25,
JTLDEFENCE,2026-10-03,,,751.0,1342.0,,,18.52948433259314,3.838709677419355,,1.29,0.16945562380851514,0.68,,20.87,1.3816925734024181,,,,,160.2253427568675,0.3048774272463177,,,,0.0,,,,95.0,
JUJHARLOGI,2026-10-03,,,197.0,25.9,,,1.6416666666666666,3.645655877342419,,24.4,9.219858156028367,27.2,,21.0,10.833333333333334,,,,,43.04273207895313,0.4117647058823529,,,,0.0,,,,73.75,
JYOTI,2026-10-03,,,133.0,7.96,,0.2952234185154398,0.4716312056737589,-6.333699231613612,,,5.230769230769231,12.8,,9.0,6.028368794326241,26.96263067485516,,62.96016249026359,,17.238526984430848,-9.952380952380953,,,,0.0,,,,24.21,
KAIRA,2026-10-03,,,124.0,58.4,,0.354157401047313,1.1376146788990826,7.176470588235294,,13.0,3.3333333333333335,20.0,,6.0,1.834862385321101,164.89843167839985,,,,-0.6042443591762092,1.1229314420803782,,,,0.89,,,,44.8,
KAJARIR,2026-10-03,,,103.0,2.67,,0.39275783339812775,0.20038910505836577,0.6481069042316259,,27.7,9.948979591836734,27.1,,12.0,7.587548638132295,6.798082107998327,,,,-15.403614111742414,0.9811320754716981,,,,0.0,,,,66.26,
KALIND,2026-10-03,,,388.0,9.38,,,3.8415841584158414,1.827586206896552,,25.0,17.154811715481173,32.0,,55.0,40.5940594059406,,,,,365.7009507803835,0.04716981132075472,,,,3.14,,,,13.56,
KANELIND,2026-10-03,,,119.0,,,,,7.7142857142857135,,-2.23,-3.1847133757961785,-2.2,,-240.0,,,,,,,0.010369410239792612,,,,0.0,,,,95.0,
KANSHST,2026-10-03,,,121.0,238.0,,,0.44485294117647056,2.572289156626506,,1.14,3.1645569620253164,9.23,,0.8,1.8382352941176472,,,,,,0.46808510638297873,,,,0.0,,,,66.72,
KARTKIN,2026-10-03,,,171.0,33.0,,,29.131175468483814,20.28985507246377,,81.0,58.22072072072072,94.8,,98.13,88.07495741056218,,,,,337.70350105177744,0.0,,,,0.0,,,,74.81,
KAYCEEI,2026-10-03,,,257.0,61.9,,,4.202780049059689,7.714285714285714,,13.9,8.826031475967673,22.5,,12.71,6.78659035159444,-4.423469245115319,,,,7.987278060401892,0.019513659561693184,,,,0.25,,,,71.7,
KEIL,2026-10-03,,,148.0,40.0,,,0.5174825174825175,1.611111111111111,,0.41,-1.8796992481203008,6.82,,7.0,-1.7482517482517483,,,,,-6.331061982396546,0.8924731182795699,,,,0.29,,,,73.94,
KELENRG,2026-10-03,,,1387.0,53.0,,3.868740244986222,2.424825174825175,9.067320261437908,,17.7,8.169014084507042,20.4,,7.0,5.06993006993007,13.699549890610129,,33.892931002584035,,8.405145313120999,0.477124183006536,,,,0.01,,,,54.33,
KEMP,2026-10-03,,,119.0,,,,33.71104815864023,0.7185863874345549,,-1.5,-0.7092614302461899,-1.46,,-76.49,-34.27762039660057,,,,,6.165700537601326,0.0,,,,0.0,,,,74.88,
KERALAYUR,2026-10-03,,,191.0,,,,1.4044117647058822,17.17289719626168,,-161.0,-18.84057971014493,-9.77,,-13.0,-19.11764705882353,,,,,7.987060042582783,7.818181818181818,,,,0.0,,,,35.6,
KESARPE,2026-10-03,,,129.0,30.0,,,0.6898395721925134,0.7419354838709677,,6.17,1.6326530612244898,7.22,,9.0,2.13903743315508,-5.416268377977785,,9.460878422315755,,7.866133782369578,0.48,,,,0.0,,,,68.17,
KETOMOTORS,2026-10-03,,,1754.0,,,,,18.444444444444443,,-1.73,-1.435810810810811,-2.2,,-33.05,,,,,,,0.0,,,,0.0,,,,92.33,
KIFS,2026-10-03,,,121.0,14.5,,2.6506434518385746,,1.9112627986348123,,13.4,1.848895982974195,8.2,,,,5.470369841685918,,6.366984770636441,,,,,,,1.39,,,,74.41,
KIMIABL,2026-10-03,,,147.0,20.4,,,1.3125,8.266666666666667,,53.7,6.796116504854369,25.1,,13.0,6.25,,,,,2.174590985807079,1.9444444444444444,,,,0.0,,,,74.94,
KINETICENG,2026-10-03,,,657.0,,,,3.7976878612716765,4.404332129963899,,-2.32,-4.436860068259386,1.32,,-1.6,-7.514450867052023,,,,,6.554064838150264,0.4899328859060403,,,,0.0,,,,65.04,
KINGSINFR,2026-10-03,,,174.0,11.8,,0.47267325401090937,1.10828025477707,2.0,,20.5,8.333333333333332,19.4,,18.0,9.554140127388536,24.964391151540923,,,,20.379457272946787,0.896551724137931,,,,0.0,,,,69.0,
KISAN,2026-10-03,,,258.0,,,,1.015748031496063,1.3333333333333335,,-5.29,-4.53074433656958,-3.14,,-3.5,-5.511811023622047,,,,,-1.772526396889873,0.16580310880829016,,,,0.0,,,,70.55,
KPT,2026-10-03,,,165.0,35.7,,,1.5566037735849056,5.68075117370892,,18.3,8.98876404494382,16.2,,11.0,7.547169811320755,,,,,15.948637819501933,1.206896551724138,,,,0.62,,,,44.48,
KREONFIN,2026-10-03,,,172.0,818.0,,,,7.203389830508474,,1.99,1.2195121951219514,1.72,,,,,,,,,,,,,0.0,,,,60.53,
KSSMART,2026-10-03,,,1477.0,19.9,,,1.1257621951219512,5.0,,43.6,4.2675893886966545,36.8,,9.0,5.640243902439025,,,4.517952621315846,,,0.688135593220339,,,,0.0,,,,60.95,
KVFORGE,2026-10-03,,,148.0,16.4,,0.39522379585001755,1.6818181818181819,2.893617021276596,,16.9,16.176470588235293,26.6,,14.0,12.5,41.495477175730564,,24.621340720392148,,1.9690077523468297,-0.0392156862745098,,,,2.21,,,,72.46,
LACTOSE,2026-10-03,,,133.0,19.1,,25.92731541405692,0.7777777777777778,2.0388349514563107,,9.81,3.825136612021858,11.3,,11.0,4.093567251461988,0.7366748039654203,,23.090177370813958,,14.471424255333186,0.9538461538461539,,,,0.0,,,,53.65,
LAKSELEC,2026-10-03,,,188.0,19.1,,,1.1823899371069182,4.052910052910053,,23.3,5.263157894736842,16.0,,16.0,6.289308176100629,,,,,,1.9130434782608696,,,,0.39,,,,36.14,
LAKSHMIEW,2026-10-03,,,162.0,79.7,,,10.553745928338762,7.1117647058823525,,7.41,4.931972789115646,11.5,,30.16,13.224755700325733,-4.219127823098068,,-4.8329761585742315,,1.2465115694713313,0.44356609574000877,,,,0.41,,,,37.57,
LANDMARC,2026-10-03,,,196.0,,,,,4.444444444444445,,-2.57,-0.8557457212713936,-2.12,,,,,,,,,,,,,0.0,,,,61.22,
LASTMILE,2026-10-03,,,191.0,21.5,,1.008377735419463,,0.4881818181818182,,3.04,2.0637898686679175,5.43,,,,21.321375160129328,,,,,,,,,0.37,,,,25.32,
LATIMMETAL,2026-10-03,,,131.0,14.2,,,0.29772727272727273,1.663893510815308,,10.5,5.056179775280898,,,4.1,2.0454545454545454,-19.85931617171638,,,,-8.159385636051075,0.6666666666666666,,,,0.0,,,,62.68,
LEHAR,2026-10-03,,,350.0,310.0,,10.828300504727965,5.421313506815365,9.209302325581396,,4.12,2.149514932470991,7.72,,6.29,1.7503097893432462,28.628684608876952,,9.803188062457412,,31.921648140919444,0.44923599320882857,,,,0.25,,,,72.93,
LEXGLOBAL,2026-10-03,,,102.0,364.0,,,3.663793103448276,10.099009900990099,,2.39,1.275626423690205,6.21,,2.01,1.0057471264367819,,,,,,0.5897435897435898,,,,0.0,,,,70.55,
LGBFORGE,2026-10-03,,,113.0,,,,1.0865384615384615,6.999999999999999,,-12.7,11.11111111111111,2.12,,2.8,6.730769230769231,,,16.46586157796568,,5.328955511755318,1.75,,,,0.0,,,,70.81,
LIKHAMI,2026-10-03,,,311.0,971.0,,37.35749760909043,388.75,8.838526912181305,,0.66,0.9083167754754472,0.89,,41.25,40.0,25.99210498948732,,,,8.288701441961365,0.0,,,,0.0,,,,60.86,
LIPPISYS,2026-10-03,,,150.0,37.6,,,,6.011235955056179,,16.4,13.69721936148301,20.9,,-9.65,,,,36.56478393234042,,,0.1188277800080289,,,,0.0,,,,49.77,
LORDSMARK,2026-10-03,,,3389.0,40.6,,,3.4163306451612905,3.2145748987854255,,10.4,5.751905751905752,12.2,,13.0,8.366935483870968,,,,,,0.3847695390781563,,,,0.0,,,,79.84,
LOYAL,2026-10-03,,,146.0,,,,4.9727520435967305,8.242424242424242,,-26.8,-5.686769089658336,-10.2,,3.07,-8.446866485013624,,,,,-4.773231972740066,0.7724836212030971,,,,0.0,,,,70.75,
LUDLOWJUT,2026-10-03,,,355.0,203.0,,,1.062874251497006,2.22972972972973,,1.1,0.7782101167315175,3.31,,2.6,0.5988023952095809,,,-26.589765251000287,,12.59269206426854,0.39622641509433965,,,,0.0,,,,67.21,
LYKISLTD,2026-10-03,,,95.5,8.82,,0.21584831639346533,0.21128318584070796,2.3364928909952605,,17.3,5.7894736842105265,11.5,,3.0,2.433628318584071,40.862028239878455,,34.92746438093892,,3.8131470208560225,2.6097560975609757,,,,0.0,,,,67.17,
MACPLASQ,2026-10-03,,,172.0,17226.0,,,0.3359375,1.2600896860986548,,1.3,0.0,6.71,,8.0,0.0,-85.07027386676074,,,,14.84649713283841,1.8248175182481752,,,,0.0,,,,75.0,
MADALA,2026-10-03,,,244.0,11.9,,0.15855243293231644,2.975609756097561,1.3865546218487395,,3.02,9.803921568627452,5.02,,18.0,24.390243902439025,75.05403594204023,,28.050714886485583,,50.614760968263184,0.0,,,,0.0,,,,73.47,
MAGNAELQ,2026-10-03,,,550.0,35.4,,36.80693339809348,2.763819095477387,3.7900874635568513,,13.4,8.24742268041237,17.4,,15.0,8.040201005025125,0.9617753160015674,,14.995308038707055,,11.385893963344639,0.10344827586206896,,,,0.38,,,,53.66,
MAINFRA,2026-10-03,,,105.0,,,,2.82333960742135,4.148148148148148,,5.88,-0.9762118491921004,5.86,,1.43,-2.339338531863404,,,,,13.389256231933011,1.6620716817644743,,,,0.0,,,,52.31,
MARBLE,2026-10-03,,,432.0,60.3,,,4.235294117647059,5.2037617554858935,,10.1,3.614457831325301,13.9,,27.0,8.823529411764707,,,,,,1.548780487804878,,,,0.0,,,,39.99,
MAXGROW,2026-10-03,,,668.0,1.15,,,0.025436959750199915,0.3217726396917148,,25.5,19.588671611598112,23.5,,2.2,2.212406229770382,,,,,,0.0009652509652509653,,,,0.0,,,,92.82,
MAXIMUS,2026-10-03,,,202.0,22.6,,21.58143045620401,0.9853658536585366,2.328125,,11.6,5.0,12.6,,7.0,4.390243902439024,1.0471965723432008,,14.519616065931418,,23.43617468283883,0.4482758620689655,,,,0.0,,,,57.58,
MEEIND,2026-10-03,,,409.0,25.5,,,2.7086092715231787,,,9.39,6.172839506172839,13.8,,9.0,6.622516556291391,,,,,0.6711610267946089,0.03076923076923077,,,,0.0,,,,71.22,
MEGAMONT,2026-10-03,,,562.0,63.7,,,0.6820388349514563,15.476190476190476,,36.5,9.574468085106384,23.0,,1.5,1.0922330097087378,,,,,,1.4166666666666667,,,,0.0,,,,58.55,
MENAMANI,2026-10-03,,,163.0,147.0,,1.47,,13.592233009708737,,4.3,3.8302277432712217,1.3,,,,100.0,,-7.7892088518272224,,,,,,,0.0,,,,41.73,
META,2026-10-03,,,892.0,7.35,,0.10918152735414258,0.7062549485352335,3.137339055793991,,43.9,35.38011695906433,44.0,,11.0,9.58036421219319,67.31908023377844,,,,102.99038522570787,0.01812688821752266,,,,0.0,,,,74.95,
MINID,2026-10-03,,,95.0,48.7,,,0.14328808446455504,1.4925925925925927,,2.06,0.6872852233676976,2.63,,0.4,0.301659125188537,-49.193409598126735,,,,39.16375557859892,0.046875,,,,0.0,,,,4.73,
MISHTANN,2026-10-03,,,331.0,1.86,,,0.42875647668393785,0.2537190082644628,,23.3,7.793345008756567,22.5,,23.0,23.05699481865285,-20.306644229422155,,78.9156320321801,,-15.685847475082637,0.04765564950038432,,,,0.0,,,,43.48,
MITSU,2026-10-03,,,242.0,10.5,,0.27886251209230034,0.6722222222222223,2.1497584541062804,,15.0,10.550458715596331,16.3,,13.0,6.388888888888888,37.652963538263684,,14.951188155999118,,4.997921957255325,0.5663716814159292,,,,0.11,,,,67.79,
MKVENTURES,2026-10-03,,,402.0,55.8,,,22.185430463576157,3.542372881355932,,9.81,6.258692628650904,13.2,,56.07,39.735099337748345,-30.201201218467865,,,,-24.154103789819725,0.0,,,,0.02,,,,74.36,
MOBAVENUE,2026-10-03,,,2238.0,63.9,,,9.13469387755102,24.786324786324787,,57.7,17.073170731707318,71.6,,21.0,14.285714285714285,,,,,,0.14444444444444443,,,,0.1,,,,65.6,
MODAIRY,2026-10-03,,,172.0,32.1,,,0.48725212464589235,2.769230769230769,,10.2,3.787878787878788,13.7,,3.0,1.41643059490085,-48.54416303519024,,-1.1586139329545109,,-0.835693666306836,0.21818181818181817,,,,0.0,,,,60.33,
MODINSU,2026-10-03,,,1996.0,21.2,,0.5621258327619377,2.6023468057366363,3.6782608695652175,,15.7,12.335958005249344,19.3,,15.0,12.25554106910039,37.713975705112766,,33.73827605840087,,20.07811985454524,0.1252302025782689,,,,0.0,,,,60.18,
MRUTR,2026-10-03,,,5477.0,,,,,75.8,,-0.53,-0.2407060711420166,-0.49,,,,,,,,,,,,,0.0,,,,0.25,
MULTIBASE,2026-10-03,,,213.0,18.6,,18.45408980634655,3.0,2.397163120567376,,12.5,10.576923076923077,16.7,,18.0,15.492957746478872,1.0079066589132601,,12.658232157112682,,2.986823723982046,0.0,,,,0.0,,,,75.0,
NAGPI,2026-10-03,,,219.0,,,,2.5578135949544496,2.638230647709321,,-3.53,-1.8799102132435468,0.4,,-0.18,-3.130109787432843,,,,,22.479414689940434,0.2831826401446655,,,,0.0,,,,61.23,
NAGTECH,2026-10-03,,,113.0,88.6,,,2.012108262108262,0.7429718875502008,,1.68,0.39586975884933856,2.54,,4.33,2.1367521367521367,,,,,,0.5914598205514441,,,,0.0,,,,35.9,
NAPEROL,2026-10-03,,,357.0,10.1,,0.5398882511861238,0.9394736842105263,0.3888541014402004,,3.36,3.4965034965034967,4.88,,16.0,9.210526315789473,18.707575091346218,,-25.443180451468507,,18.736956601227806,0.015367727771679473,,,,3.14,,,,70.77,
NAPL,2026-10-03,,,82.5,,,,2.888655462184874,8.36734693877551,,-7.32,-3.0303030303030303,2.08,,1.82,-2.5560224089635852,,,,,44.22495703074083,0.900709219858156,,,,0.0,,,,69.05,
NATFIT,2026-10-03,,,283.0,,,,,6.933333333333334,,,,,,,,,,,,,,,,,0.32,,,,34.72,
NATPLASTI,2026-10-03,,,129.0,13.4,,3.206420930051322,0.356353591160221,2.1580547112462005,,17.3,5.813953488372093,17.2,,7.0,2.7624309392265194,4.179114437038534,,21.272822464885046,,10.541306224403147,0.8666666666666667,,,,0.7,,,,66.34,
NCLRESE,2026-10-03,,,113.0,,,,,1.0285714285714287,,-2.34,-2.520939398916078,-2.53,,,,,,,,,,,,,0.0,,,,,
NEWINFRA,2026-10-03,,,96.0,,,,26.96629213483146,2.691176470588235,,-20.4,-6.293103448275862,-2.58,,-97.75,-164.04494382022472,,,,,-21.714373603759807,0.8991596638655464,,,,0.0,,,,71.3,
NEXOME,2026-10-03,,,89.2,7.35,,0.12136169096882449,2.623529411764706,0.4261538461538461,,7.46,6.0109289617486334,10.4,,37.0,32.35294117647059,60.56276854191225,,37.69590976068362,,-47.650782984445115,0.040697674418604654,,,,1.8,,,,51.81,
NHCFOODS,2026-10-03,,,168.0,6.27,,0.056086714928266834,0.19534883720930232,0.6544117647058824,,9.45,9.003215434083602,11.6,,4.4,3.255813953488372,111.79117921274467,,,,60.24484045209897,0.2905027932960894,,,,0.0,,,,0.0,
NIDHGRN,2026-10-03,,,196.0,23.5,,0.18007198649492526,3.2010452392618,8.687943262411348,,41.0,25.559301256512406,51.0,,21.97,13.62077413032827,130.5033640013866,,39.08623360262522,,16.135821505759452,0.12289263531499557,,,,0.0,,,,66.75,
NIKHILAD,2026-10-03,,,373.0,105.0,,,1.6077586206896552,22.681564245810055,,25.6,0.0,20.0,,5.0,0.0,-51.92501432308638,,,,21.296483617543128,3.142857142857143,,,,0.27,,,,54.46,
NITINCAST,2026-10-03,,,243.0,29.8,,,1.7482014388489209,2.657303370786517,,12.7,5.714285714285714,15.5,,7.0,5.755395683453238,-14.431188936265393,,8.040887802357144,,-2.2891381522850085,0.15217391304347827,,,,0.0,,,,71.39,
NIYOGIN,2026-10-03,,,539.0,,,,,1.6575342465753424,,-0.12,-0.4231311706629055,5.79,,,,,,,,,,,,,0.0,,,,39.5,
NOVELIX,2026-10-03,,,199.0,,,,45.22727272727273,7.874015748031495,,-25.0,-30.05917159763314,-25.7,,-66.82,-57.72727272727273,,,,,-25.98138075551102,0.1416666666666667,,,,0.0,,,,54.29,
NPL,2026-10-03,,,346.0,18.6,,7.594254400847073,1.084639498432602,0.9710144927536232,,1.77,3.9215686274509802,2.57,,12.0,5.6426332288401255,2.449220031123178,,,,-1.421512634845612,0.036414565826330535,,,,1.16,,,,70.77,
NSDL,2026-10-03,,,15055.0,38.8,,3.1952842624376916,8.677233429394812,6.38135593220339,,16.0,10.18324607329843,22.1,,25.0,22.420749279538903,12.14289459504907,,-18.238435822398447,,11.01800238189714,0.007172995780590718,,,,0.53,,,,,
NSL,2026-10-03,,,201.0,6.91,,0.33622717752052544,0.08466722830665543,1.3455328310010763,,20.0,7.611548556430446,15.7,,2.2,1.2215669755686605,20.551580782247058,,37.04568463025257,,24.338202783904507,1.4026845637583893,,,,0.28,,,,66.97,
NUTRICIRCLE,2026-10-03,,,300.0,,,,,-1227.2727272727273,,,,,,,,,,,,,,,,,0.0,,,,62.61,
NWIL,2026-10-03,,,466.0,8.03,,0.3296975094019805,0.5016146393972013,1.2578616352201257,,21.3,12.966252220248666,22.9,,9.0,7.857911733046287,24.355658659858115,,,,41.057410447155426,0.0945945945945946,,,,0.0,,,,53.81,
OKPLA,2026-10-03,,,114.0,32.6,,2.252715380656873,0.5643564356435643,0.6840958605664489,,2.53,0.5434782608695652,4.9,,13.0,0.9900990099009901,14.471424255333186,,,,3.72678842260461,0.6626506024096386,,,,0.0,,,,47.47,
OMEGAIN,2026-10-03,,,140.0,11.9,,,0.9395973154362416,,,,900.0,,,8.0,6.0402684563758395,,,,,,-0.0,,,,0.0,,,,7.94,
OMNITEX,2026-10-03,,,313.0,5213.0,,,,95.14687100893997,,1.86,3.8348082595870205,1.85,,-51.58,,,,,,,0.0030395136778115497,,,,0.0,,,,37.95,
OSIAJEE,2026-10-03,,,123.0,20.8,,0.2895251188518697,17.083333333333332,5.973684210526316,,28.0,21.839080459770116,25.0,,76.39,81.80555555555556,71.84178036946751,,52.79554468925281,,44.62782213186418,0.2710872745002438,,,,0.0,,,,2.78,
OVOBELE,2026-10-03,,,247.0,6.37,,0.21642811934556166,0.8884892086330936,2.2413793103448274,,24.9,23.076923076923077,28.3,,15.0,14.028776978417264,29.432404713683667,,359.18730932680234,,16.68156596239736,0.26126126126126126,,,,0.0,,,,69.65,
OXYGENTAPH,2026-10-03,,,178.0,,,,1.3185185185185184,-4.173913043478261,,,-11.666666666666666,-33.6,,-6.0,-10.37037037037037,,,,,50.0,-2.558139534883721,,,,0.0,,,,56.53,
PANAENERG,2026-10-03,,,180.0,26.1,,,0.6521739130434783,1.7318840579710144,,5.19,2.73972602739726,9.48,,3.9,1.4492753623188406,-28.177799123184343,,-14.412034456793387,,-1.8608986498685254,0.009615384615384616,,,,0.81,,,,58.06,
PANAFIC,2026-10-03,,,112.0,65.7,,,,15.2,,-27.0,11.46112600536193,-17.1,,,,,,0.0,,,,,,,0.0,,,,16.4,
PANCARBON,2026-10-03,,,189.0,9.84,,9.244182221907787,3.78,1.0051150895140666,,11.8,9.793814432989691,16.8,,30.0,38.0,1.064453270585708,,4.56657086198371,,-0.6579137841035809,0.0,,,,3.05,,,,63.27,
PANCHSHEEL,2026-10-03,,,135.0,13.2,,,1.25,0.9626168224299065,,7.89,5.813953488372093,10.3,,12.0,9.25925925925926,-9.990740732770021,,-1.2808956464067767,,0.9434519443984435,0.0425531914893617,,,,3.11,,,,56.12,
PARSHVA,2026-10-03,,,183.0,679.0,,,7.317073170731707,17.142857142857142,,2.53,1.8261504747991237,3.55,,2.08,0.9996001599360255,0.0,,,,-0.14617961038773108,0.013979496738117428,,,,0.0,,,,74.89,
PARVATI,2026-10-03,,,103.0,,,,2.019211919231523,1.1613445378151261,,-13.7,-6.11162667373724,-9.98,,-7.86,-18.07488727700451,,,,,-14.136348532767585,0.2004278797432722,,,,0.0,,,,66.0,
PATELSAI,2026-10-03,,,201.0,13.6,,2.120589965703338,0.5417789757412399,1.4099616858237547,,10.9,4.0431266846361185,14.4,,9.0,4.0431266846361185,6.413309607210782,,13.316969239196252,,13.312523035227697,0.6549295774647887,,,,0.82,,,,46.45,
PCCOSMA,2026-10-03,,,126.0,14.5,,,0.7544910179640718,2.2358490566037736,,15.7,14.0625,21.0,,8.0,5.389221556886228,-5.929804418701701,,,,7.61444186635456,0.0,,,,0.63,,,,72.58,
PERVASIVE,2026-10-03,,,1090.0,,,,27.318295739348372,12.1,,22.1,-0.12330456226880394,22.1,,-0.88,-0.32581453634085217,,,,,214.7175598810558,0.003557136505113384,,,,0.0,,,,0.06,
PGFOILQ,2026-10-03,,,235.0,,,,0.649171270718232,0.7142857142857143,,-3.22,-0.5952380952380952,0.42,,0.9,-0.8287292817679558,,,,,4.524099841017537,0.4303030303030303,,,,0.0,,,,54.38,
PHARMAID,2026-10-03,,,106.0,,,,4.183109707971586,2.237037037037037,,-26.5,-5.0767820307128115,-18.5,,-35.2,-17.482241515390687,,,,,18.808464238679477,0.49076793957196807,,,,0.0,,,,32.99,
PHCAP,2026-10-03,,,400.0,,,,7.186489399928136,6.953125,,5.39,-6.897138964577657,8.19,,-12.45,-7.276320517427237,,,,,-29.872418733390194,0.0,,,,0.0,,,,72.7,
PMCFIN,2026-10-03,,,136.0,21.3,,,,0.7318007662835249,,3.47,3.3593091828138166,6.07,,,,-17.45181877763433,,24.57309396155174,,,,,,,0.0,,,,20.89,
POLSON,2026-10-03,,,127.0,20.6,,,1.1869158878504673,4.66637323943662,,,,,,14.0,5.607476635514018,,,,,,,,,,0.0,,,,74.98,
POOJAENT,2026-10-03,,,420.0,163.0,,,27.131782945736433,2.844155844155844,,2.24,1.1740872047516,2.54,,1.68,16.472868217054263,-43.80159898999608,,-12.5139569715774,,-35.64143134255973,0.0382118219937779,,,,0.0,,,,74.48,
PQIF,2026-10-03,,,262.0,115.0,,,3.720533939221812,1.3535528596187176,,1.34,1.023339317773788,2.48,,5.42,3.2377165577960803,-12.64195352637011,,8.447177119769854,,0.9551953030265903,0.051972901691058594,,,,0.0,,,,74.84,
PRECISIO,2026-10-03,,,265.0,,,,3.7840925317720977,17.850467289719628,,3.93,-1.3716647876738068,7.15,,7.38,-2.0848207910895327,,,,,13.942381119798553,4.8175675675675675,,,,0.0,,,,50.54,
PRIMAPLA,2026-10-03,,,152.0,7.71,,,0.8042328042328042,0.8117647058823529,,10.8,8.936170212765958,14.3,,16.0,11.11111111111111,-3.411385865400629,,17.77986370357645,,0.897714080436729,0.1497326203208556,,,,1.45,,,,58.27,
PRIMEFRESH,2026-10-03,,,218.0,14.9,,0.5427175868590131,0.7730496453900709,2.3932926829268295,,16.4,12.5,21.4,,8.0,5.319148936170213,27.454426318177738,,30.363457275905148,,23.695608099637887,0.0989010989010989,,,,0.0,,,,50.71,
PURETROP,2026-10-03,,,125.0,11.1,,,1.0245901639344261,1.0520231213872833,,18.3,9.868421052631579,6.3,,13.0,12.295081967213115,-31.84738094437908,,22.72297541377437,,4.470101742942889,0.007246376811594203,,,,0.0,,,,64.27,
PURPLEFIN,2026-10-03,,,458.0,,,,,3.0582959641255605,,-6.33,-0.4984678243105209,1.46,,,,,,,,,,,,,0.0,,,,29.73,
QUESTCAP,2026-10-03,,,230.0,14.4,,0.20855435181053505,5.0,0.47619047619047616,,4.5,3.2388663967611335,5.77,,45.0,34.78260869565217,69.04674908477546,,20.514572257284303,,52.38357558060513,0.0,,,,1.09,,,,75.0,
RAAJMEDI,2026-10-03,,,162.0,68.5,,,1.7298451681793912,3.456140350877193,,4.91,1.9447878038730944,11.9,,14.11,2.5200213561131872,-13.171993331551535,,-6.264505138772658,,29.3820512169513,1.3836114676936242,,,,0.0,,,,59.08,
RAAMA,2026-10-03,,,123.0,16.6,,,,3.756906077348066,,18.5,16.856232939035486,22.9,,,,,,,,,,,,,0.0,,,,54.93,
RADIXIND,2026-10-03,,,193.0,65.6,,6.855066604821619,4.210296684118673,8.258064516129032,,14.5,12.462908011869436,19.6,,7.74,6.4136125654450264,9.569564204359327,,14.179185206415191,,11.577567643960363,0.009442060085836911,,,,0.0,,,,74.96,
RAGHUSYN,2026-10-03,,,304.0,,,,1.192156862745098,8.949771689497718,,-3.7,-0.8403361344537815,1.4,,3.1,-0.39215686274509803,,,,,39.96488037229964,2.264705882352941,,,,0.0,,,,74.91,
RAINBOWF,2026-10-03,,,145.0,14.7,,,0.8682634730538922,1.659090909090909,,9.05,0.8323424494649228,6.85,,28.0,4.191616766467066,,,,,,7.409090909090909,,,,0.0,,,,41.48,
RAJABAH,2026-10-03,,,124.0,952.0,,,4.239316239316239,9.482758620689655,,9.58,0.03579689393104968,7.06,,56.51,0.4444444444444444,-52.84722871530781,,,,11.273553850611062,23.882848392036756,,,,0.0,,,,75.0,
RAJSEC,2026-10-03,,,455.0,6.84,,,6.893939393939394,3.8947368421052637,,33.9,47.5177304964539,78.6,,37.0,101.51515151515152,,,,,,0.0,,,,0.0,,,,,
RAMAVISION,2026-10-03,,,180.0,24.0,,0.8841558459397395,1.0227272727272727,4.942857142857143,,19.4,9.210526315789473,19.8,,8.0,3.977272727272727,27.14453578542051,,35.545380590164854,,25.05183035779357,0.5833333333333334,,,,0.0,,,,54.72,
RAPICUT,2026-10-03,,,145.0,12.4,,0.06606302689602206,0.8630952380952381,6.683168316831684,,9.98,18.181818181818183,11.3,,9.0,7.142857142857142,187.69954364211335,,,,40.94597464129783,0.0,,,,0.0,,,,41.72,
RATHIST,2026-10-03,,,177.0,,,,,,,,,,,,,,,,,,,,,,0.0,,,,41.3,
RATNABHUMI,2026-10-03,,,240.0,195.0,,2.870035479377167,5.155746509129968,5.451713395638629,,7.4,0.6226842321943187,11.0,,41.22,2.599355531686359,67.94341094428471,,49.62778697388448,,,2.749602363099296,,,,0.0,,,,73.56,
RDBIPL,2026-10-03,,,331.0,23.3,,,3.7191011235955056,1.1653543307086616,,4.68,3.7940379403794036,,,3.5,15.730337078651685,-11.469222360841048,,24.209900915409776,,-11.637750099584077,0.21428571428571427,,,,0.0,,,,66.49,
RDBRL,2026-10-03,,,283.0,7.65,,0.5047722902632673,2.319672131147541,1.1510791366906474,,14.4,14.50980392156863,19.6,,20.0,30.327868852459016,15.15534855530618,,10.905687337740599,,5.805327382608727,0.004048582995951417,,,,0.0,,,,69.83,
REGENCY,2026-10-03,,,445.0,33.2,,,13.088235294117647,2.505,,9.51,3.939393939393939,10.5,,69.0,38.23529411764706,,,,,,0.975,,,,0.0,,,,21.43,
REMAGNET,2026-10-03,,,4903.0,,,,350.2142857142857,12.154340836012862,,-5.75,-1.5406162464985995,-2.53,,-54.0,-78.57142857142857,,,,,,0.7531172069825436,,,,0.0,,,,58.45,
REMIEDEL,2026-10-03,,,283.0,94.8,,3.7185063571442476,1.8866666666666667,3.8112522686025407,,3.72,2.1739130434782608,6.24,,6.0,2.0,25.49410728258237,,34.044545217445844,,8.634674084667404,0.7571428571428571,,,,0.0,,,,68.84,
RESONANCE,2026-10-03,,,227.0,15.7,,0.22524645046144323,2.2254901960784315,3.107255520504732,,15.0,16.304347826086957,20.0,,19.0,14.705882352941178,69.70143133370912,,3.2381072620362605,,22.860561013161075,0.02702702702702703,,,,0.51,,,,54.25,
REXNORD,2026-10-03,,,125.0,19.2,,,1.0080645161290323,1.290983606557377,,5.69,4.37956204379562,8.37,,15.0,4.838709677419355,-12.83915069018513,,-11.60182345556462,,8.905584618126227,0.2268041237113402,,,,0.0,,,,73.4,
RGIL,2026-10-03,,,293.0,262.0,,,6.490917146654851,19.475982532751093,,9.3,6.6350710900473935,12.4,,0.09,2.4811696942844486,,,76.23403478323169,,391.57824268166087,0.04850498338870431,,,,0.0,,,,54.29,
RIDDHI,2026-10-03,,,507.0,35.8,,,2.9649122807017543,0.3358526216343883,,-0.8,-0.8989952406134322,2.74,,-9.0,-9.941520467836257,,,,,-13.909789023383778,0.18754141815772035,,,,0.42,,,,75.0,
RISHILASE,2026-10-03,,,145.0,30.4,,,1.0820895522388059,2.983539094650206,,11.3,5.952380952380952,13.8,,7.0,3.731343283582089,,,,,13.354558651041915,0.20454545454545456,,,,0.0,,,,16.12,
RNITAI,2026-10-03,,,949.0,76.1,,,17.90566037735849,6.829268292682928,,16.6,7.18562874251497,20.2,,40.0,22.641509433962266,,,1.4931978945393887,,,0.12949640287769784,,,,0.0,,,,63.24,
RUDRAECO,2026-10-03,,,267.0,,,,8.524904214559387,2.426868905742145,,-3.94,-3.0075730256040387,-2.56,,-8.14,-13.314176245210726,,,,,16.871221575039907,0.15981113229819308,,,,0.0,,,,15.57,
RUNGTAIR,2026-10-03,,,99.4,69.0,,,1.5973003374578179,1.296103896103896,,1.93,2.047327838340867,3.71,,-0.4,3.712035995500563,,,,,,0.25156576200417535,,,,0.0,,,,41.6,
SAKTHIFIN,2026-10-03,,,160.0,27.3,,1.0768151769672367,,1.0040650406504064,,8.55,1.0601921372098493,13.4,,,,25.3525401423931,,,,,,,,,3.24,,,,67.01,
SALSAIN,2026-10-03,,,254.0,11.9,,0.06458138845113878,2.1166666666666667,3.6683417085427137,,30.3,7.9422382671480145,20.3,,30.0,18.333333333333332,184.26361348677636,,86.34150967315777,,100.0,1.3333333333333333,,,,0.0,,,,67.12,
SAMKRG,2026-10-03,,,109.0,11.4,,,0.3707482993197279,0.5388349514563107,,4.92,3.1746031746031744,9.54,,13.0,3.4013605442176873,-8.861806964205499,,-7.209221026704416,,6.265856918261115,0.3251231527093596,,,,0.45,,,,66.87,
SAMOR,2026-10-03,,,209.0,1903.0,,,12.066974595842956,17.638095238095236,,1.53,0.9337860780984721,1.55,,0.64,0.6351039260969976,,,,,,0.024822695035460994,,,,0.0,,,,63.28,
SAMRATFORG,2026-10-03,,,112.0,24.6,,1.5838074614807955,0.5572139303482587,2.717391304347826,,11.2,2.5380710659898478,10.6,,8.0,2.4875621890547266,15.532191000666206,,5.167874336861811,,7.6771107456589105,2.3658536585365852,,,,0.0,,,,74.98,
SANCTRN,2026-10-03,,,122.0,25.0,,,1.0252100840336134,1.1678200692041523,,4.86,5.755395683453238,7.3,,9.0,6.722689075630252,,,,,3.9314609252725896,0.15384615384615385,,,,0.67,,,,72.49,
SANGAMFIN,2026-10-03,,,176.0,23.2,,,,1.2935153583617747,,2.42,3.9703270295684887,4.73,,,,-1.3918310823425872,,0.12315308269310599,,,,,,,0.0,,,,63.08,
SANJIVIN,2026-10-03,,,203.0,27.2,,5.649075724011957,2.7208149041683423,4.198473282442748,,15.7,8.479199818140486,18.0,,15.86,9.998659697091544,4.814946962807332,,,,11.09796518558639,0.2960199004975124,,,,0.0,,,,31.56,
SAPL,2026-10-03,,,3883.0,4220.0,,,223.1609195402299,216.15384615384613,,3.8,2.0503677289948743,2.14,,12.7,5.287356321839081,-7.769605279537117,,-4.024188561038811,,-4.567773051022106,1.4399332591768632,,,,0.0,,,,74.49,
SAVERA,2026-10-03,,,191.0,68.2,,,3.0604069860599266,3.9408866995073892,,5.8,3.339717500598516,9.78,,18.39,4.4704374298990555,-25.80856945455564,,,,6.8013171860801025,0.4697751186300805,,,,1.87,,,,64.62,
SBECSUG,2026-10-03,,,334.0,6.19,,,0.6325757575757576,1.9943019943019942,,11.8,5.9734513274336285,16.2,,3.0,10.227272727272728,,,,,-6.932608670791063,1.625,,,,0.0,,,,65.13,
SCAGRO,2026-10-03,,,279.0,21.6,,0.24663799995800043,2.25,2.3677419354838714,,5.53,9.558823529411764,7.77,,14.0,10.483870967741936,87.57774553669033,,165.53072804614666,,398.6630952238645,0.0,,,,0.0,,,,0.0,
SCOOBEEDAY,2026-10-03,,,113.0,,,,4.505582137161085,1.197841726618705,,-11.1,-4.761904761904763,-6.12,,-17.98,-26.993620414673046,,,,,-14.952358676740584,0.2496016994158258,,,,0.0,,,,79.75,
SELECTRIC,2026-10-03,,,2482.0,458.0,,,17.985507246376812,24.399524375743166,,11.1,5.434782608695652,16.8,,9.0,3.6231884057971016,,,,,,0.3137254901960784,,,,0.0,,,,74.12,
SERA,2026-10-03,,,384.0,3.72,,0.04711610056088707,,1.3051224944320714,,18.2,29.68299711815562,21.0,,,,78.95390229063479,,,,,,,,,0.17,,,,57.69,
SHAHFOOD,2026-10-03,,,766.0,233.0,,,192.46231155778895,4.3403693931398415,,1.86,1.2148290377372424,,,-6.03,82.66331658291458,,,,,,0.32618899508002036,,,,0.0,,,,1.26,
SHAHLON,2026-10-03,,,207.0,50.3,,23.13078658391092,0.8346774193548387,1.8861788617886177,,3.93,1.4388489208633095,9.08,,9.0,1.6129032258064515,2.174590985807079,,5.922384104881218,,-7.26782831482462,1.1181818181818182,,,,0.3,,,,71.56,
SHAWGELTIN,2026-10-03,,,265.0,7.62,,,1.1725663716814159,1.8291666666666666,,23.7,19.553072625698324,29.5,,20.0,15.486725663716813,,,,,,0.05517241379310345,,,,2.51,,,,75.0,
SHHARICH,2026-10-03,,,204.0,17.4,,0.2959613482693027,0.9488372093023256,4.0375,,10.2,11.214953271028037,10.8,,8.0,5.5813953488372094,58.79146078280228,,,,15.927496668915818,0.7333333333333333,,,,0.0,,,,64.26,
SHILINDORE,2026-10-03,,,402.0,45.3,,15.918744492320076,3.688073394495413,5.739130434782608,,13.9,3.5555555555555554,11.6,,21.0,7.339449541284404,2.8457018090751296,,,,4.324206065175806,1.8857142857142857,,,,0.06,,,,79.52,
SHISHIND,2026-10-03,,,543.0,159.0,,,3.9635036496350367,2.9384965831435084,,5.01,0.3952569169960474,6.8,,7.0,0.7299270072992701,-26.857204018717027,,2.3836255539609663,,16.79046080237363,0.2648648648648649,,,,0.0,,,,54.81,
SHPLPUNE,2026-10-03,,,258.0,12.4,,1.5944183747821827,3.1463414634146343,2.5542168674698793,,21.3,18.75,28.5,,34.0,25.609756097560975,7.777130642823904,,,,5.415693642233976,0.0,,,,0.0,,,,74.95,
SHRAAITECH,2026-10-03,,,122.0,12.7,,,7.3053892215568865,1.5625,,13.2,11.004223369310184,17.2,,57.78,56.16766467065869,,,,,106.01287739104262,0.005271277963486757,,,,3.01,,,,74.66,
SHRIDINE,2026-10-03,,,206.0,15.1,,,2.942857142857143,1.0279329608938548,,4.76,4.8034934497816595,5.76,,7.0,15.714285714285714,-39.67976167165479,,-18.0570616239916,,2.501029596576787,0.009950248756218905,,,,0.41,,,,49.79,
SHRIGANG,2026-10-03,,,105.0,5.35,,0.7196947537513396,0.28846153846153844,1.9760956175298805,,62.9,12.82051282051282,30.0,,10.0,5.4945054945054945,7.433707098896636,,11.44785998410578,,11.021370033491195,1.12,,,,0.0,,,,38.46,
SIMMOND,2026-10-03,,,260.0,15.8,,0.22132432508552385,1.0441767068273093,4.452975047984645,,28.8,9.467455621301776,19.7,,13.0,6.425702811244979,71.38844767241281,,,,9.05176678637094,1.1551724137931034,,,,0.34,,,,59.7,
SIMPLEXCAS,2026-10-03,,,530.0,114.0,,,5.829941700582994,8.657718120805368,,-2.44,3.816447069513857,7.79,,21.59,7.391926080739193,,,,,-12.836472908325058,1.3960982025427442,,,,0.0,,,,50.36,
SIZEMASTER,2026-10-03,,,419.0,116.0,,9.876651737714564,10.880290833549727,23.021978021978022,,26.9,13.011152416356877,24.2,,14.59,10.906258114775385,11.744870942148067,,,,44.58881448865162,0.17491749174917492,,,,0.0,,,,64.86,
SKCIL,2026-10-03,,,172.0,,,,1.0238095238095237,1.923828125,,-7.02,-3.546099290780142,6.25,,20.0,-8.928571428571429,,,,,10.064241629820891,2.6333333333333333,,,,0.0,,,,62.33,
SKPMIL,2026-10-03,,,127.0,35.9,,0.11812894214103414,0.5474137931034483,2.4092071611253196,,-9.88,18.248175182481752,10.1,,4.2,10.775862068965516,303.905201801765,,,,17.230827599961064,0.7924528301886793,,,,0.0,,,,42.25,
SMFIL,2026-10-03,,,90.9,132.0,,4.48995862424507,6.502145922746782,4.2631578947368425,,1.36,5.764304013663535,4.86,,8.23,9.656652360515022,29.398934610938454,,-1.471229526229867,,6.235469196581889,0.0,,,,0.0,,,,28.69,
SMRUTHIORG,2026-10-03,,,177.0,22.3,,0.818344929449764,1.5803571428571428,2.4143302180685358,,5.17,6.730769230769231,7.99,,17.0,6.25,27.250123019634277,,-6.532764271678859,,-4.353440861380542,0.1095890410958904,,,,0.97,,,,64.73,
SMTEL,2026-10-03,,,597.0,24.3,,,3.5963855421686746,4.947526236881559,,25.2,9.363295880149813,25.4,,26.0,15.060240963855422,,,151.26037035944137,,281.0619724382096,0.6833333333333333,,,,0.0,,,,67.44,
SNL,2026-10-03,,,160.0,13.7,,0.9724396337147974,2.6666666666666665,2.104761904761905,,14.8,14.285714285714285,20.1,,25.0,20.0,14.08827810489881,,5.628332232247502,,7.721734501594191,0.0,,,,3.39,,,,74.39,
SOBME,2026-10-03,,,1365.0,66.6,,3.64645743806372,6.148648648648648,5.831111111111111,,16.2,5.714285714285714,23.4,,14.0,9.00900900900901,18.264302033198774,,11.81574319371823,,24.51405533932327,0.11398963730569948,,,,0.0,,,,60.58,
SPICEISLIN,2026-10-03,,,310.0,177.0,,12.430037070419118,17.39618406285073,15.370370370370368,,24.7,9.9601593625498,28.2,,4.49,9.820426487093153,14.239700090776308,,,,13.245524002804544,0.08608321377331421,,,,0.32,,,,43.11,
SPICEJET,2026-10-03,,,1419.0,,,,0.2964897618052654,-0.5081967213114754,,,-13.198228882833787,29.4,,-13.0,-16.193063100710408,,,,,-18.60124607609044,-1.5051804215791353,,,,0.0,,,,24.19,
SPICELOUNG,2026-10-03,,,1945.0,124.0,,,11.716867469879517,15.852272727272727,,8.36,5.47945205479452,6.42,,11.0,9.63855421686747,,,,,,0.959349593495935,,,,0.0,,,,64.36,
SRAMSET,2026-10-03,,,441.0,,,,33.92307692307692,2.8619153674832964,,-18.9,-15.286624203821656,-18.8,,-190.0,-184.6153846153846,,,,,17.566734386037865,0.0,,,,0.0,,,,70.85,
STARDELTA,2026-10-03,,,130.0,11.0,,5.120654594399817,0.7222222222222222,1.3489096573208723,,13.2,10.16949152542373,18.1,,9.0,6.666666666666667,2.148162856371938,,26.549753478117566,,8.738037300289214,0.11458333333333333,,,,0.0,,,,71.69,
STARLENT,2026-10-03,,,339.0,57.6,,,3.2285714285714286,2.0283505154639174,,5.94,0.5649717514124294,7.05,,5.0,0.9523809523809524,-26.319370027192267,,,,51.82944859378311,0.023952095808383235,,,,0.0,,,,32.97,
STEELCO,2026-10-03,,,128.0,,,,0.25296442687747034,-1015.0,,-431.0,-1.4134275618374559,5.26,,1.6,-0.7905138339920948,,,,,,-17.6,,,,0.0,,,,74.65,
STELLANT,2026-10-03,,,535.0,6694.0,,,3147.0588235294117,5541.176470588235,,8.96,23.52941176470588,8.96,,47.06,47.05882352941176,,,,,4.260360145884445,-0.0,,,,0.02,,,,45.25,
STHINPA,2026-10-03,,,221.0,15.0,,,0.4966292134831461,0.9915966386554622,,4.76,3.34075723830735,9.07,,12.0,3.3707865168539324,,,-11.453567044958579,,12.685111991644504,0.6995515695067265,,,,0.0,,,,27.82,
STOVACQ,2026-10-03,,,335.0,11.9,,0.7741842056089476,1.7179487179487178,2.3698224852071004,,21.8,19.2090395480226,32.3,,21.0,17.435897435897434,15.371018827024319,,26.000371014522507,,6.3750716476651315,0.0,,,,0.75,,,,71.06,
STRATMONT,2026-10-03,,,160.0,72.9,,,0.8333333333333334,5.0,,8.48,2.7777777777777777,10.6,,3.0,1.0416666666666665,-29.203737570730283,,-12.717047733330533,,30.194905895067038,0.9375,,,,0.18,,,,67.58,
SUDTIND-B,2026-10-03,,,364.0,36.2,,,3.309090909090909,4.401315789473685,,20.6,8.403361344537815,20.0,,13.0,9.090909090909092,,,,,17.970284693588013,0.09210526315789473,,,,0.0,,,,56.8,
SUPER,2026-10-03,,,331.0,29.9,,,0.7806603773584906,0.6801261829652997,,0.69,1.6591251885369533,2.73,,9.0,2.5943396226415096,-18.39115367754346,,-25.844979105023903,,0.3962006514632632,0.22587268993839835,,,,0.23,,,,59.43,
SUPRAPFSL,2026-10-03,,,165.0,17.7,,0.13682107619528613,,1.4058577405857742,,8.66,1.8926868850796228,12.1,,,,129.36603403657347,,39.71400158301359,,,,,,,0.6,,,,32.17,
SURATRAML,2026-10-03,,,101.0,6.67,,,0.643312101910828,0.9763440860215054,,14.6,14.40677966101695,,,8.0,10.828025477707007,,,,,,0.009708737864077669,,,,0.0,,,,68.45,
SURJIND,2026-10-03,,,267.0,64.8,,,3.6975488159534695,1.8338870431893688,,-0.52,1.4259362281497967,1.32,,13.96,6.744218252319624,-3.186904440604932,,,,12.69692289963702,1.2010316368638239,,,,0.0,,,,39.59,
SWADPOL,2026-10-03,,,125.0,29.2,,,12500.0,1.0915254237288137,,0.01,3.584411192831177,1.33,,-27100.0,42400.0,-62.76847190407755,,-30.13863939840763,,-95.34690510384361,0.0,,,,0.0,,,,72.04,
SWASTIKA,2026-10-03,,,293.0,21.6,,,2.6160714285714284,2.162962962962963,,10.5,2.783300198807157,20.4,,28.0,12.5,-6.520323561700014,,-0.058892855940984035,,-0.8772381831625209,0.10294117647058823,,,,0.41,,,,59.88,
SYSCHEM,2026-10-03,,,187.0,30.4,,1.1177356423288005,0.32578397212543553,1.392,,10.2,2.054794520547945,15.9,,3.3,1.0452961672473868,27.197844328075327,,,,42.34851427172648,0.0,,,,0.0,,,,63.38,
TALBROSENG,2026-10-03,,,332.0,11.1,,,0.6194029850746269,,,,,,,11.0,5.410447761194029,,,,,,,,,,0.46,,,,72.59,
TANDHANIN,2026-10-03,,,722.0,67.1,,,7.443298969072165,4.142857142857143,,6.18,3.728813559322034,,,16.0,11.34020618556701,,,,,,0.6149425287356322,,,,0.01,,,,65.06,
TANFACIND,2026-10-03,,,7050.0,104.0,,12.499243911027087,9.76454293628809,17.427807486631018,,20.3,12.878787878787879,23.9,,15.0,9.418282548476455,8.320503283262525,,4.595337004053168,,24.074290161386912,0.24932975871313673,,,,0.14,,,,48.73,
TCIIND,2026-10-03,,,109.0,311.0,,,21.330724070450096,18.445121951219512,,9.95,1.8363064008394543,4.33,,15.07,6.8493150684931505,,,,,54.336518743593686,1.9387755102040818,,,,0.0,,,,69.53,
TIERRA,2026-10-03,,,260.0,,,,2.3214285714285716,2.646666666666667,,-4.94,-3.664921465968586,-6.53,,-9.0,-6.25,,,,,18.68096620157036,0.1919191919191919,,,,0.0,,,,9.34,
TILAK,2026-10-03,,,168.0,27.1,,,6.306306306306306,1.2233009708737863,,5.77,4.21505670173521,7.46,,31.61,23.16066066066066,,,,,89.90141745379286,0.058094893154654104,,,,0.0,,,,61.98,
TIRUSTA,2026-10-03,,,116.0,20.4,,0.5436759824388583,0.31955922865013775,1.7285714285714286,,10.1,2.857142857142857,10.2,,6.0,1.6528925619834711,37.522349080951315,,,,5.85914927672071,1.6176470588235294,,,,0.0,,,,72.88,
TITANBIO,2026-10-03,,,1618.0,47.8,,4.386964521560294,7.3881278538812785,8.929384965831435,,17.8,15.887850467289718,22.8,,19.0,15.52511415525114,10.895916701646623,,9.354528084517288,,10.120140187744319,0.03314917127071823,,,,0.13,,,,55.78,
TITANSEC,2026-10-03,,,96.2,6.77,,0.5555899854871754,,0.9058823529411765,,12.0,13.20754716981132,1.14,,,,12.185244833136522,,-2.2937643047456824,,,,,,,0.0,,,,73.95,
TOTEM,2026-10-03,,,751.0,22.1,,,2.8233082706766917,4.464831804281345,,16.4,13.545816733067728,21.0,,23.0,12.781954887218044,,,,,5.272659960939663,0.10059171597633136,,,,3.43,,,,73.85,
TRADWIN,2026-10-03,,,138.0,102.0,,,0.5267175572519084,-15.081967213114755,,,1.7857142857142856,46.4,,-0.7,0.38167938931297707,-24.291509739420558,,,,2.682233915315946,-2.2222222222222223,,,,0.0,,,,74.97,
TRANSCHEM,2026-10-03,,,508.0,75.6,,4.453630323260597,,6.076134699853587,,5.29,7.659865496409438,6.9,,-55.51,,16.974915858003147,,18.596342984446057,,,0.0,,,,0.0,,,,56.45,
TRISHAKT,2026-10-03,,,425.0,39.1,,0.27367323945026933,11.18421052631579,9.29889298892989,,23.0,3.8062283737024223,14.8,,55.0,28.947368421052634,142.8711118359275,,,,-34.46349516722943,1.9318181818181819,,,,0.08,,,,67.27,
TRUEGREEN,2026-10-03,,,600.0,11.2,,0.040234975113034546,1.1904761904761905,3.775933609958506,,22.6,9.67741935483871,13.8,,19.0,10.714285714285714,278.3647801082308,,41.250861245095514,,,2.138364779874214,,,,0.0,,,,61.27,
TRUSTEDGE,2026-10-03,,,124.0,108.0,,7.30677240989198,17.2461752433936,2.2370617696160267,,1.44,1.6192621796676994,0.93,,18.64,15.994436717663419,14.780807987640143,,19.445640010326915,,91.11607688199402,0.18096272167933405,,,,0.0,,,,74.99,
TYCHE,2026-10-03,,,108.0,24.2,,,2.158273381294964,0.7664233576642335,,5.01,3.0059443393677387,6.83,,-2.8,8.892885691446843,-28.6333790715124,,-13.763788806894983,,-10.376203366145631,0.0,,,,3.33,,,,61.97,
UCIL,2026-10-03,,,455.0,5.19,,,,2.7762803234501345,,72.1,18.37160751565762,55.2,,,,,,96.84213982971276,,,,,,,0.49,,,,19.84,
UNIABEXAL,2026-10-03,,,902.0,19.6,,0.196984417484829,4.081447963800905,2.1767508337303476,,17.0,57.200811359026375,19.2,,22.0,127.60180995475112,99.50025616371163,,87.0374608292795,,7.079562851623811,0.03132530120481928,,,,0.88,,,,63.63,
UPSURGE,2026-10-03,,,135.0,11.6,,,,1.153558052434457,,0.59,9.75609756097561,3.76,,,,-10.202450085226033,,-2.6714366896593567,,,,,,,0.81,,,,54.56,
UVDRHOR,2026-10-03,,,244.0,46.6,,,7.639323731997495,4.591439688715953,,9.83,5.151186841327687,,,37.63,16.374452097683157,,,,,,0.6323114538273462,,,,1.13,,,,74.94,
UVS,2026-10-03,,,313.0,13.7,,0.06126796163218534,,1.5410821643286574,,9.25,10.69767441860465,9.49,,,,223.6078961178154,,,,,,,,,0.0,,,,40.32,
VAARAD,2026-10-03,,,224.0,,,,,10.204545454545455,,-0.99,-6.57243816254417,-0.85,,,,,,,,,,,,,0.0,,,,71.19,
VALIANT,2026-10-03,,,1972.0,72.4,,1.1463845283306502,21.434782608695652,20.0,,27.8,24.107142857142858,37.7,,38.0,29.347826086956523,63.155074244963785,,,,25.99210498948732,0.03125,,,,0.09,,,,39.65,
VEGA,2026-10-03,,,331.0,6.04,,,0.3009090909090909,2.0186335403726705,,27.7,9.411764705882353,,,11.0,5.818181818181818,,,,,169.8163229166183,1.6951219512195121,,,,0.0,,,,71.15,
VEL,2026-10-03,,,170.0,,,,1.9540229885057472,2.95067264573991,,-10.6,-5.88235294117647,,,-4.9,-13.793103448275861,,,,,72.32836877112739,1.0,,,,0.0,,,,,
VERITAS,2026-10-03,,,397.0,,,,0.11598013438504236,0.13857677902621723,,0.71,-0.021204410517387615,1.52,,2.0,-0.029214139643587496,,,,,-3.8843356225481074,0.15287958115183245,,,,0.03,,,,55.01,
VGIL,2026-10-03,,,247.0,1301.0,,,19.088098918083464,15.591397849462364,,1.5,0.5368748233964397,2.36,,2.09,1.4683153013910357,,,,,,0.09893758300132802,,,,0.0,,,,70.05,
VIKRAMTH,2026-10-03,,,1273.0,29.0,,1.4504654290898242,8.840277777777779,8.12,,27.4,23.404255319148938,36.2,,42.0,30.555555555555557,19.993582348389836,,38.29142993049519,,12.55039912704805,0.03184713375796178,,,,0.31,,,,66.01,
VIPPYSP,2026-10-03,,,107.0,7.45,,0.15831187499204136,0.3485342019543974,1.0705882352941176,,12.7,6.086956521739131,11.8,,12.0,4.5602605863192185,47.05900931547002,,2.653292600147461,,7.086022767352063,1.12,,,,0.0,,,,66.57,
VIPULORG,2026-10-03,,,495.0,60.6,,1.9415075994411826,2.6052631578947367,4.227642276422764,,7.63,3.463203463203463,8.43,,10.0,4.2105263157894735,31.21285748118745,,1.336351798236013,,8.198385552319753,0.452991452991453,,,,0.31,,,,63.94,
VIRYA,2026-10-03,,,116.0,,,,11600.0,22.148997134670488,,-5.29,-5.53935860058309,-4.64,,-3800.0,-3800.0,,,,,,0.15105162523900573,,,,0.0,,,,74.98,
VISTARAMAR,2026-10-03,,,100.0,8.11,,0.1629555912719906,0.5128205128205128,1.8451749734888654,,18.9,14.285714285714285,25.6,,10.0,6.153846153846154,49.768160372377324,,30.228282664264185,,38.12351776591632,0.0,,,,0.0,,,,65.65,
VJTFEDU,2026-10-03,,,120.0,,,,65.21739130434783,1.1067961165048545,,-0.2,-0.6980572933816267,-1.07,,-88.04,-57.608695652173914,,,,,-73.25859898078514,0.03968764354616445,,,,0.0,,,,74.01,
VLL,2026-10-03,,,141.0,1179.0,,,,8.993399339933994,,0.76,0.7604562737642585,1.06,,,,,,37.97296614612149,,,,,,,0.0,,,,,
VSL,2026-10-03,,,110.0,14.4,,0.32035796279652523,4.647232784114913,1.7219251336898396,,17.0,11.558323207776427,22.3,,26.36,32.15040135192226,44.949717729183256,,13.867910589603905,,6.9848136719902865,0.0,,,,0.0,,,,65.01,
WARDWIZFBL,2026-10-03,,,213.0,49.3,,,0.8801652892561983,2.615141955835962,,1.73,1.9607843137254901,4.4,,4.3,1.6528925619834711,,,,,142.35695176328286,0.4634146341463415,,,,0.0,,,,53.32,
WEPSOLN,2026-10-03,,,124.0,42.5,,,1.203883495145631,2.366197183098592,,-2.64,4.054054054054054,0.69,,13.0,2.912621359223301,,,49.079685106377966,,10.183230091811147,0.0784313725490196,,,,1.49,,,,41.18,
WINSOMTX,2026-10-03,,,155.0,8.63,,,0.30876494023904383,1.2416534181240062,,15.5,2.3225806451612905,15.7,,18.0,3.5856573705179287,,,,,,3.336,,,,0.0,,,,63.45,
WORTH,2026-10-03,,,103.0,25.9,,1.5928336795881342,5.760626398210291,2.3166666666666664,,8.17,1.1572795208048616,5.21,,87.64,22.25950782997763,16.260329205681458,,22.423992536427463,,59.577483716919645,6.640646029609691,,,,0.0,,,,57.11,
YSL,2026-10-03,,,798.0,8.71,,,11.083333333333334,0.6186969783624059,,4.09,7.037896365042537,4.17,,2.5,126.38888888888889,-9.76814771993454,,10.873525840107146,,4.0041911525952045,0.0,,,,1.93,,,,74.87,
ZBINTXPP,2026-10-03,,,115.0,51.8,,,0.4474708171206226,1.166184971098266,,4.21,0.91324200913242,6.09,,4.9,0.7782101167315175,-26.475223373100253,,-15.030567908357684,,7.13440099334135,0.48627292067672984,,,,0.0,,,,59.1,
ZEAL,2026-10-03,,,130.0,8.85,,0.420896501313003,0.18705035971223022,1.2576312576312578,,14.7,4.398826979472141,14.9,,4.0,2.158273381294964,21.026546840831607,,20.5273494598889,,20.42054197694756,1.7884615384615385,,,,0.0,,,,68.42,
ZENOTECH,2026-10-03,,,256.0,,,,36.57142857142857,2.6582278481012658,,-12.2,-11.711711711711711,-9.08,,-143.0,-185.71428571428572,,,,,-18.64487889528523,0.10416666666666667,,,,0.0,,,,68.84,
ZMILGFIN,2026-10-03,,,97.4,,,,4.137638062871708,2.973684210526316,,-3.83,-1.8806442603109579,-1.62,,-2.12,-8.581138487680544,,,,,319.00463461512896,1.5521341463414635,,,,0.0,,,,0.0,
