ticker,as_of,sector,industry,market_cap,pe,forward_pe,peg,ps,pb,pfcf,roe,roa,roi,gross_margin,oper_margin,net_margin,eps_growth,eps_growth_next_y,eps_growth_5y,eps_growth_past5y,sales_growth,debt_equity,lt_debt_equity,current_ratio,quick_ratio,dividend_yield,insider_own,inst_own,short_float,promoter_holding,pledged_pct
360ONE,2026-07-28,Financial Services,,45930.0,36.4,,3.150360775117494,9.939407054750054,4.6652892561983474,,14.4,4.6395353112017945,12.1,,62.0,27.310106037654187,11.554232228733374,,13.828004431662011,,16.520266837828657,1.6196624644164295,,,,1.07,,,,6.2,
3MINDIA,2026-07-28,Diversified,,39428.0,64.5,,2.081004922538824,9.419015766841854,18.355194123819516,,30.5,18.811576354679804,40.5,,19.0,14.596273291925465,30.994640762939696,,13.668517088739375,,7.859332268287411,0.008383791336748951,,,,0.46,,,,75.0,
AADHARHFC,2026-07-28,Financial Services,,21714.0,19.6,,0.8849564199243536,,2.867052023121387,,15.9,4.000145990729589,11.4,,,,22.14798328902503,,23.8814114047321,,,,,,,0.0,,,,64.66,
AARTIDRUGS,2026-07-28,Healthcare,,3701.0,19.0,,3.1936250569104345,1.4428849902534113,2.388235294117647,,13.4,6.927175843694494,11.9,,12.0,7.602339181286549,5.9493521191184895,,-6.623882553668247,,-1.8886613661022178,0.3724983860555197,,,,0.48,,,,54.43,
AARTIIND,2026-07-28,Chemicals,,17266.0,42.0,,,2.083755732560946,2.902439024390244,,7.13,3.150612828032183,6.85,,14.0,5.056722181993725,-8.39834240219396,,-5.101886237013186,,7.7748720561739315,0.8339210747271201,,,,0.21,,,,41.82,
AARTIPHARM,2026-07-28,Healthcare,,6130.0,34.7,,,3.36998350742166,2.888888888888889,,8.59,5.0258472142446875,10.7,,20.0,9.620670698185817,-3.3590304331914456,,,,-2.207766664168098,0.3549905838041431,,,,0.74,,,,42.86,
AAVAS,2026-07-28,Financial Services,,10914.0,22.3,,1.1742318023797353,,2.8846960167714886,,13.9,2.9723348870997035,9.91,,,,18.99113953037732,,22.429917138052357,,,,,,,0.0,,,,48.88,
ABB,2026-07-28,Capital Goods,,153008.0,100.0,,0.5667294487893528,11.68624455816085,19.513513513513512,,22.4,21.828713887666815,29.9,,14.0,22.737340563659973,176.4510388751104,,,,19.836620945527184,0.010847371107708014,,,,0.54,,,,75.0,
ABBOTINDIA,2026-07-28,Healthcare,,59288.0,38.4,,2.157240005651751,8.556501659691152,12.416555407209612,,34.4,23.869578591202707,44.8,,27.0,22.398614518689566,17.80052284372433,,17.577332174148587,,9.009911688840177,0.03602848764139087,,,,1.89,,,,74.99,
ABCAPITAL,2026-07-28,Financial Services,,107269.0,27.5,,,,2.9923664122137406,,12.0,1.1535499125284356,8.72,,,,-9.394109024525132,,25.916087505854748,,,,,,,0.0,,,,68.81,
ABDL,2026-07-28,Fast Moving Consumer Goods,,17444.0,78.1,,0.2037807759817839,4.384016084443328,10.505050505050505,,14.3,5.044439106413644,18.4,,14.0,5.277707966825836,383.2549936260003,,165.39648595119436,,6.136201467767766,0.6921226698737222,,,,0.88,,,,80.91,
ABFRL,2026-07-28,Consumer Services,,6920.0,,,,0.8462761403937874,1.186192468619247,,-11.7,-4.674212986427888,-3.07,,8.0,-10.150421915127797,,,,,-13.001029371018069,1.0597602739726026,,,,0.0,,,,46.61,
ABLBL,2026-07-28,Consumer Services,,11510.0,55.1,,,1.3708909004287757,8.129310344827585,,15.6,1.9610091743119267,14.7,,16.0,2.0366841353025253,,,,,,2.1358811040339702,,,,0.52,,,,46.6,
ABREL,2026-07-28,Realty,,15583.0,,,,38.287469287469285,4.214501510574018,,-2.64,-0.5683783917362725,-4.48,,-90.0,-28.255528255528255,,,,,-52.64240531244803,1.5228316671169955,,,,0.18,,,,50.21,
ABSLAMC,2026-07-28,Financial Services,,29100.0,28.8,,3.2803139029309096,15.636754433100483,7.185714285714286,,25.2,22.808607021517556,32.2,,59.0,54.11069317571199,8.779647574053095,,8.341743887593633,,4.388908823408166,0.015837663944568176,,,,2.54,,,,74.72,
ACC,2026-07-28,Construction Materials,,25163.0,13.3,,,0.9890338809841993,1.2248628884826325,,10.9,6.935513169845595,11.2,,10.0,7.503340932316642,-6.498639294225617,,0.4851398669555973,,8.427012065230134,0.02087489659870566,,,,0.55,,,,56.69,
ACE,2026-07-28,Capital Goods,,12790.0,29.3,,2.930691362091552,3.7463386057410664,6.355029585798817,,22.9,13.43788437884379,31.7,,16.0,12.800234329232572,9.997640959056643,,32.98178200879358,,5.42039920107682,0.003978120338140228,,,,0.19,,,,65.42,
ACI,2026-07-28,Chemicals,,6852.0,66.6,,,6.338575393154486,3.535031847133758,,5.42,3.9399624765478425,7.41,,22.0,9.71322849213691,-34.69209936221063,,,,-9.13696526741371,0.2408268733850129,,,,0.43,,,,53.43,
ACMESOLAR,2026-07-28,Power,,25059.0,50.4,,,12.387048937221948,4.2395209580838324,,10.4,1.7449194113524877,8.89,,88.0,24.616905585763718,,,41.3218766418493,,16.03135701436862,3.931238885595732,,,,0.06,,,,71.4,
ACUTAAS,2026-07-28,Healthcare,,27532.0,71.2,,0.704251418119712,18.83173734610123,16.64851485148515,,24.0,19.506048387096776,31.6,,37.0,26.47058823529412,101.10025790235197,,36.73186725741617,,26.80685717711424,0.02176541717049577,,,,0.04,,,,32.66,
ADANIENSOL,2026-07-28,Power,,197010.0,67.4,,2.0084851638185617,6.463582677165355,7.735849056603773,,9.44,3.3312849704065464,9.65,,30.0,10.137795275590552,33.55762901024279,,17.283908616583044,,22.435659714693855,1.9340071577457034,,,,0.0,,,,74.71,
ADANIENT,2026-07-28,Metals & Mining,,406024.0,,,,4.0412863669390555,4.784688995215311,,-3.38,3.8145728874373246,5.8,,14.0,9.904547671421035,55.315101266327616,,57.37774158374294,,-7.6446860482450525,1.3175246521513482,,,,0.04,,,,71.97,
ADANIGREEN,2026-07-28,Power,,226487.0,117.0,,7.316774126861291,16.703812965557933,11.363636363636363,,11.4,1.500825244076426,7.39,,86.0,15.827125894239988,15.990653527279242,,28.178983690980598,,13.71879432904224,5.186326070623592,,,,0.0,,,,62.43,
ADANIPORTS,2026-07-28,Services,,408711.0,31.5,,1.0078741718772157,10.551192688971499,4.264423076923077,,16.4,6.980922888710479,14.1,,59.0,32.99772821148286,31.253901408476104,,17.724629625226317,,22.92937831245141,0.6624287456101043,,,,0.42,,,,66.03,
ADANIPOWER,2026-07-28,Power,,402086.0,28.2,,,6.811207290837328,6.172106824925815,,21.1,10.272921982907917,17.2,,37.0,24.618433757389933,-11.880188194987051,,23.714570460228934,,5.445710621201649,0.8418929115912346,,,,0.0,,,,74.96,
ADVENZYMES,2026-07-28,Healthcare,,3475.0,22.4,,1.3308267678965808,4.658176943699732,2.1232876712328768,,10.2,9.487459105779717,14.0,,31.0,23.324396782841823,16.8316422094545,,2.8572055564717314,,11.304789879163835,0.0196078431372549,,,,1.75,,,,43.25,
AEGISLOG,2026-07-28,Oil Gas & Consumable Fuels,,44284.0,51.0,,2.0629695193896627,5.314292571702868,7.294797687861272,,16.3,7.758076950031537,13.3,,17.0,13.284531381255249,24.72164494950393,,32.10602773155544,,-1.149122721467366,0.685383980181668,,,,0.69,,,,58.1,
AEGISVOPAK,2026-07-28,Oil Gas & Consumable Fuels,,32331.0,104.0,,,35.028169014084504,7.5452196382428935,,11.0,4.061275382971143,7.56,,74.0,37.05308775731311,,,,,37.766089746312545,0.8694942903752039,,,,0.07,,,,86.94,
AEQUS,2026-07-28,Capital Goods,,15372.0,,,,12.497560975609757,10.315315315315315,,-9.99,-4.200743494423792,1.55,,7.0,-9.1869918699187,,,,,14.84612880724876,0.4714189643577673,,,,0.0,,,,59.09,
AETHER,2026-07-28,Chemicals,,19416.0,85.8,,5.210982160818842,16.73793103448276,7.908108108108108,,9.66,6.841611996251172,11.9,,31.0,18.879310344827584,16.465226199607173,,,,21.23434401465094,0.18648208469055375,,,,0.0,,,,74.92,
AFCONS,2026-07-28,Construction,,10322.0,34.4,,,0.8639102778707733,1.8986486486486487,,5.61,1.3120066907114107,13.9,,10.0,2.1007700033478405,-50.70169134755393,,-21.67261577089884,,-1.851482794040582,0.6655045871559633,,,,0.71,,,,50.17,
AFFLE,2026-07-28,Information Technology,,22879.0,50.3,,2.4262325340508433,8.445551864156515,6.274131274131274,,13.8,10.291789187966524,16.8,,23.0,16.795865633074936,20.731730901332448,,25.040987302947727,,23.61939616707529,0.004107338444687842,,,,0.0,,,,54.91,
AGARWALEYE,2026-07-28,Healthcare,,15585.0,118.0,,,7.492788461538462,7.699530516431925,,6.81,4.26179604261796,11.1,,27.0,8.076923076923077,,,,,26.893249496672887,0.5261599210266535,,,,0.0,,,,32.34,
AGL,2026-07-28,Services,,1209.0,,,,,,,,,,,,,,,,,,,,,,0.0,,,,63.28,
AHLUCONT,2026-07-28,Construction,,5547.0,20.9,,1.8866455563695452,1.2151150054764512,2.6970684039087947,,13.8,6.236811254396248,20.4,,10.0,5.826944140197153,11.07786246835769,,28.069502942795733,,17.168120539267086,0.035454103933948516,,,,0.07,,,,55.32,
AIAENG,2026-07-28,Capital Goods,,42944.0,33.8,,5.021896570957107,9.715837104072397,5.351162790697674,,17.0,14.862965565706254,21.1,,28.0,28.710407239819002,6.730524916716507,,17.79281715630907,,-3.437223261077671,0.00124595066035385,,,,0.35,,,,58.5,
AIIL,2026-07-28,Financial Services,,47017.0,22.4,,,,3.2023121387283235,,13.1,10.905210556452033,13.7,,,,-21.17901948751727,,,,,,,,,0.04,,,,68.81,
AJANTPHARM,2026-07-28,Healthcare,,41878.0,37.1,,1.6431662127370925,7.6798092792958,9.259668508287293,,27.1,17.492131853569653,34.5,,28.0,19.365486887951587,22.578361040056283,,10.902226450355146,,13.363146117639246,0.05743317870554451,,,,0.84,,,,63.49,
AKUMS,2026-07-28,Healthcare,,10372.0,38.6,,1.1118396802078685,2.3794448267951367,3.123222748815166,,8.45,4.715417203904955,14.9,,12.0,5.872906629961,34.717235485590315,,-55.63820172130324,,6.047352140836781,0.047374773687386844,,,,0.15,,,,75.26,
ALIVUS,2026-07-28,Healthcare,,13534.0,38.5,,,7.179840848806366,,,,,,,31.0,18.6737400530504,,,,,,,,,,0.44,,,,74.87,
ALKEM,2026-07-28,Healthcare,,67387.0,27.6,,0.8430179523916183,4.580410549211528,4.875432525951557,,18.9,11.263354572893212,21.2,,20.0,15.980152256661228,32.73951630768903,,7.746111968311609,,8.247295844811497,0.14811866859623735,,,,0.8,,,,49.7,
ALKYLAMINE,2026-07-28,Chemicals,,9308.0,49.1,,0.858363012839284,9.37361530715005,17.333333333333332,,41.4,25.67049808429119,41.3,,26.0,20.241691842900302,57.201905563926324,,34.85429133690059,,25.613748041727824,0.1623134328358209,,,,0.55,,,,72.04,
ALOKINDS,2026-07-28,Textiles,,5943.0,,,,1.5743046357615893,-0.2764976958525346,,,-10.980694980694981,-3.95,,1.7,-18.834437086092713,,,,,-11.843341750586688,-1.2127096204766108,,,,0.0,,,,75.0,
AMBER,2026-07-28,Consumer Durables,,25470.0,129.0,,48.53817778444249,2.090103397341211,5.814814814814815,,5.95,1.6416067407568826,10.2,,7.0,1.8545872312489744,2.6577017491857147,,15.821461682182969,,20.71798992295706,0.6180237877401646,,,,0.0,,,,38.09,
AMBUJACEM,2026-07-28,Construction Materials,,105828.0,21.2,,1.5459062319138568,2.6030106257378987,1.775,,8.85,6.293120771652489,5.61,,16.0,13.865112160566706,13.713639004969957,,9.941242721791665,,1.4504676975112707,0.014592144506040744,,,,0.46,,,,67.33,
ANANDRATHI,2026-07-28,Financial Services,,33801.0,72.7,,2.6213840091250695,28.238095238095237,33.876871880199666,,47.3,35.13920240782543,59.2,,39.0,39.01420217209691,27.733441474782182,,29.80753512350871,,16.75946686005998,0.08308308308308308,,,,0.32,,,,41.37,
ANANTRAJ,2026-07-28,Realty,,21987.0,39.6,,0.8202627806899125,8.752786624203821,3.7950310559006213,,11.2,8.13801135536468,12.1,,26.0,22.253184713375795,48.277211806066525,,112.01001393979615,,37.94392077445752,0.11763689756434617,,,,0.16,,,,57.43,
ANGELONE,2026-07-28,Financial Services,,27675.0,26.8,,,5.100442314780685,4.508928571428571,,15.6,4.317269076305221,14.8,,37.0,19.01953556948028,-5.4119907002720735,,8.50464783413971,,8.296939070911492,1.2996077149395227,,,,1.34,,,,28.59,
ANTHEM,2026-07-28,Healthcare,,44492.0,75.0,,4.693126642739039,22.223776223776223,14.575645756457563,,22.3,16.79790026246719,30.4,,40.0,28.771228771228774,15.98081741860431,,-53.31262471376908,,12.157217375596119,0.01775147928994083,,,,0.25,,,,71.42,
ANUP,2026-07-28,Capital Goods,,4267.0,38.2,,1.8453312742693013,5.190997566909975,6.173913043478261,,17.1,11.328527291452112,20.7,,21.0,13.381995133819952,20.700890150537397,,21.214453790977682,,41.84905382204285,0.15918958031837915,,,,0.78,,,,40.92,
ANURAS,2026-07-28,Chemicals,,13855.0,81.5,,,5.858350951374208,4.15358361774744,,5.5,2.770497940846125,7.36,,22.0,9.386892177589852,-3.8928953354717244,,16.2399963539009,,13.864814887978373,0.5599880023995201,,,,0.06,,,,59.07,
APARINDS,2026-07-28,Capital Goods,,54071.0,44.8,,3.5244088083819203,2.2170240682274795,10.019359642591214,,20.2,8.620815403690466,31.1,,9.0,4.846447168805609,12.711351728963582,,34.391980194763065,,14.722059145197619,0.1772668273688114,,,,0.36,,,,57.76,
APLAPOLLO,2026-07-28,Capital Goods,,51342.0,42.6,,1.831776957332112,2.22461978421942,9.680628272251308,,25.3,13.619381863466545,31.6,,8.0,5.2125308722215,23.256106497837315,,24.613382810199024,,12.599934417303583,0.0940154804606381,,,,0.31,,,,28.25,
APLLTD,2026-07-28,Healthcare,,16098.0,22.0,,0.865381072329066,2.191695030633084,2.8339100346020762,,13.4,7.6571950245349765,12.6,,15.0,9.135466303607895,25.422326306247633,,-10.059278859417454,,9.119978452857946,0.25198237885462554,,,,1.44,,,,69.87,
APOLLO,2026-07-28,Capital Goods,,13998.0,124.0,,2.385076577738726,15.484513274336283,10.244565217391305,,11.8,4.51667370198396,14.5,,24.0,11.836283185840708,51.98994495915243,,45.17712796537412,,44.76071587685595,0.4135567402894136,,,,0.06,,,,49.98,
APOLLOHOSP,2026-07-28,Healthcare,,128529.0,65.8,,1.9740000000000002,5.0946963691136835,13.564491654021245,,22.1,9.02374194710997,17.9,,15.0,7.939590930711908,33.33333333333333,,66.79619875565163,,14.944174763984087,0.8958860759493671,,,,0.23,,,,28.02,
APOLLOTYRE,2026-07-28,Automobile and Auto Components,,26976.0,13.0,,1.3718332882079012,0.9474904288574338,1.6159695817490494,,13.1,4.7254942481228905,13.9,,15.0,4.818938569070283,9.47637013312499,,31.43185382861993,,5.037482928903914,0.2198492462311558,,,,1.42,,,,36.93,
APTUS,2026-07-28,Financial Services,,14022.0,14.9,,0.6456691638419145,,2.772277227722772,,20.1,7.2271612507664,15.4,,,,23.076833825144718,,-8.128228295153972,,,,,,,1.62,,,,23.86,
ARE&M,2026-07-28,Automobile and Auto Components,,15785.0,28.4,,6.203508086266728,1.1426813377732734,1.9502262443438914,,7.18,7.846571503634293,12.2,,11.0,6.486173447227451,4.578054804647014,,5.262512510674688,,9.952920980044677,0.05012964563526361,,,,1.21,,,,32.86,
ARVIND,2026-07-28,Textiles,,13422.0,31.5,,45.9984105696685,1.4427603998710095,3.324675324675325,,10.9,4.8325033952014484,13.8,,11.0,4.5899172310007526,0.6848062706925617,,,,3.5360967131292442,0.410484668644906,,,,0.72,,,,39.53,
ARVINDFASN,2026-07-28,Consumer Services,,6109.0,46.6,,3.357178818848919,1.1235975721905462,6.473087818696884,,14.1,4.411764705882353,18.9,,13.0,3.421004230274048,13.880702373779963,,,,8.480221755430462,1.4167550371155886,,,,0.35,,,,35.1,
ASAHIINDIA,2026-07-28,Automobile and Auto Components,,22181.0,62.8,,,4.4450901803607215,5.64935064935065,,10.7,4.439011837364899,11.8,,18.0,6.913827655310621,-3.4248629510707507,,19.83891629841519,,7.479964209838275,0.559003051881994,,,,0.23,,,,51.58,
ASHAPURMIN,2026-07-28,Metals & Mining,,6520.0,16.1,,0.3308648228966352,1.24498758831392,3.9421965317919074,,28.0,8.85483184333759,20.7,,11.0,7.943479091082681,48.66035578835097,,33.09802570721458,,41.948696848784216,0.8756822316555488,,,,0.14,,,,48.04,
ASHOKA,2026-07-28,Construction,,3449.0,4.28,,0.040449259775611736,0.4586436170212766,0.5256410256410257,,15.3,19.739463601532567,26.5,,25.0,34.25531914893617,105.81157785687245,,55.975506798830054,,-2.4461813942360022,0.2444140446876425,,,,0.0,,,,54.47,
ASHOKLEY,2026-07-28,Capital Goods,,92954.0,25.6,,0.6249713547628462,1.9239557892122365,6.528925619834711,,27.4,3.694987289482046,13.6,,6.0,7.701701370203254,40.96187738030692,,,,5.0524236273685075,4.489572361491469,,,,2.21,,,,51.51,
ASIANPAINT,2026-07-28,Consumer Durables,,262628.0,59.1,,33.874593509071815,7.3805080935251794,12.278026905829597,,21.8,12.732118543410875,26.3,,19.0,12.35105665467626,1.7446703820718223,,6.617095217914515,,1.047301745919893,0.18383866741530974,,,,1.01,,,,52.63,
ASKAUTOLTD,2026-07-28,Automobile and Auto Components,,10350.0,35.0,,1.0235175672619263,2.478448275862069,7.894736842105263,,25.1,11.61517403206883,25.4,,13.0,7.112068965517242,34.195798019989645,,23.636347834823447,,17.794006929673078,0.5179252479023646,,,,0.36,,,,74.95,
ASTERDM,2026-07-28,Healthcare,,71163.0,174.0,,,15.326943786345035,9.241223103057758,,10.7,5.263806706114398,11.4,,19.0,9.196640103381434,-4.166484640653012,,20.40319774028523,,15.748568648424111,0.48513986013986016,,,,0.62,,,,53.72,
ASTRAL,2026-07-28,Capital Goods,,39414.0,71.5,,13.26412340649985,6.0,9.71523178807947,,14.4,9.20509291121817,19.9,,16.0,8.14431420307505,5.390480607633874,,5.675722514824932,,8.394182595448285,0.06160670280926565,,,,0.26,,,,54.22,
ASTRAMICRO,2026-07-28,Capital Goods,,16141.0,83.7,,2.3184637128443306,13.878761822871883,12.318840579710145,,16.0,9.70824949698189,20.2,,29.0,16.59501289767842,36.101492353018294,,43.580643036435916,,12.537307081444759,0.21901140684410647,,,,0.12,,,,6.54,
ATGL,2026-07-28,Oil Gas & Consumable Fuels,,71433.0,113.0,,,11.394640293507736,14.705882352941176,,14.4,6.618494083150068,15.3,,19.0,10.081352687829,-1.7890939040394405,,4.42809864347109,,11.892697367368221,0.4635149023638232,,,,0.04,,,,74.8,
ATHERENERG,2026-07-28,Automobile and Auto Components,,47768.0,,,,13.008714596949892,18.035714285714285,,-33.4,-10.94875052943668,-19.8,,-11.0,-14.079520697167755,,,,,27.275921773425438,0.2581648522550544,,,,0.0,,,,40.72,
ATLANTAELE,2026-07-28,Capital Goods,,11797.0,54.1,,,5.889665501747379,12.677685950413224,,31.7,14.380384360503646,45.3,,19.0,10.833749375936096,-13.940927969349426,,18.466445254224407,,32.14591468196881,0.05489773950484392,,,,0.0,,,,87.28,
ATUL,2026-07-28,Chemicals,,19603.0,24.6,,0.702013898082327,2.950925786542225,3.150970184571699,,11.5,10.304955527318933,14.9,,18.0,12.20833960559988,35.04204128607593,,5.756417826395688,,12.018609748481213,0.029416492525317472,,,,0.44,,,,45.33,
AUBANK,2026-07-28,Financial Services,,78707.0,231.0,,48.37218580006596,,,,22.3,7.766000815328169,12.4,,,,4.775471609961546,,,,,,,,,0.1,,,,22.74,
AURIONPRO,2026-07-28,Information Technology,,4087.0,19.5,,1.8766307952054782,2.8540502793296088,2.356687898089172,,13.4,8.822269807280513,16.3,,19.0,14.385474860335195,10.390962383128155,,18.943012447454223,,17.311287000304265,0.035097813578826235,,,,0.55,,,,26.86,
AUROPHARMA,2026-07-28,Healthcare,,90553.0,25.5,,1.1380818600381541,2.6907853683178318,2.3911042944785277,,10.1,5.987829475915353,12.8,,20.0,10.409176002139482,22.406121119569654,,-7.898846142025617,,10.629259645869404,0.2130585099363965,,,,0.26,,,,51.88,
AVALON,2026-07-28,Capital Goods,,10950.0,96.9,,4.186276497344104,6.830941983780412,15.175925925925926,,16.9,8.93987341772152,19.5,,11.0,7.049282595134124,23.14706160987603,,-58.32326883238077,,19.261583465094766,0.29542302357836336,,,,0.0,,,,44.39,
AVANTIFEED,2026-07-28,Fast Moving Consumer Goods,,13049.0,23.4,,0.7914541308284293,2.15117045829212,3.975103734439834,,18.3,15.422535211267604,24.4,,12.0,10.83086053412463,29.565832167060393,,10.9720280774938,,6.042564683616414,0.003956177723676202,,,,1.02,,,,43.23,
AVL,2026-07-28,Consumer Services,,8083.0,68.5,,3.5492221383925675,3.025074850299401,11.74484052532833,,18.6,7.953772943575799,17.0,,9.0,4.378742514970059,19.30000358642625,,39.71400158301359,,26.435296947971466,0.8316400580551524,,,,0.18,,,,47.14,
AWFIS,2026-07-28,Services,,2015.0,28.4,,,1.349631614199598,3.652849740932642,,14.0,2.4398625429553267,13.2,,37.0,4.755525787006029,,,,,39.922568428169434,2.7142857142857144,,,,0.0,,,,17.0,
AWL,2026-07-28,Fast Moving Consumer Goods,,24168.0,22.8,,1.0593199972126974,0.32339992774083043,2.316313823163138,,10.7,4.22461190168176,18.3,,2.9,1.3983487441623956,21.523241381255698,,-33.904970931606584,,8.700093677054221,0.10622605363984675,,,,0.53,,,,56.94,
AXISBANK,2026-07-28,Financial Services,,380299.0,13.7,,9.121927538696212,,1.7162921348314606,,13.1,1.4356773978058117,6.24,,,,1.5018755566609254,,14.218071169085956,,,,,,,0.08,,,,7.87,
AXISCADES,2026-07-28,Capital Goods,,6265.0,79.3,,,5.405522001725625,8.614035087719298,,11.5,4.911323328785812,15.3,,15.0,6.212251941328732,,,,,12.1339720449668,0.5337001375515819,,,,0.0,,,,58.03,
AZAD,2026-07-28,Capital Goods,,15493.0,117.0,,,25.693200663349916,10.122362869198312,,9.09,6.090909090909091,11.9,,37.0,22.22222222222222,-26.238039482005384,,-22.99368249466186,,33.75363403025575,0.31000654022236757,,,,0.0,,,,55.84,
BAJAJ-AUTO,2026-07-28,Automobile and Auto Components,,311395.0,26.4,,1.7505630060256827,4.3576126504338095,8.15838732901368,,29.2,15.020672439347843,28.2,,20.0,16.167086481947944,15.080862504878434,,14.579417119570891,,16.780137100013448,0.5849042027194067,,,,1.34,,,,55.01,
BAJAJELEC,2026-07-28,Consumer Durables,,3785.0,,,,0.8484644698498095,2.3768115942028984,,-0.72,-2.136150234741784,2.89,,3.1,-2.039901367406411,,,,,-3.007669325007889,0.09974905897114178,,,,0.91,,,,62.7,
BAJAJFINSV,2026-07-28,Financial Services,,307786.0,31.0,,2.069779488446135,2.044682123164818,3.948665297741273,,13.2,2.5931614578869997,10.6,,38.0,13.06649837241746,14.977440917279994,,16.868289734326925,,22.407872075250012,5.517730860553167,,,,0.08,,,,58.72,
BAJAJHFL,2026-07-28,Financial Services,,71366.0,27.8,,1.5471628978172534,,3.17037037037037,,12.1,2.0134175403273376,8.85,,,,17.96837297431344,,26.978761079018465,,,,,,,0.0,,,,86.7,
BAJAJHLDNG,2026-07-28,Financial Services,,119869.0,14.8,,0.5755734675996834,106.93041926851026,1.6386733607180892,,11.9,11.491189970300633,11.0,,86.0,873.2381801962534,25.713485476876663,,21.43140438447857,,29.01643478977678,0.0001367053998632946,,,,1.34,,,,51.46,
BAJFINANCE,2026-07-28,Financial Services,,653103.0,33.9,,1.9772532279441966,,5.73224043715847,,18.2,3.4524387804668972,10.9,,,,17.144996665524094,,33.04846703924134,,,,,,,0.52,,,,54.68,
BALAMINES,2026-07-28,Chemicals,,7225.0,35.4,,,4.743926460932371,3.6557377049180326,,8.74,7.6923076923076925,11.0,,21.0,13.854235062376889,-0.1108472800818383,,-11.136755862668624,,-2.25782908212121,0.0673076923076923,,,,0.49,,,,54.56,
BALKRISIND,2026-07-28,Automobile and Auto Components,,39050.0,37.9,,6.843919449707315,3.6080569158274045,3.562610229276896,,9.66,6.996510187999549,11.2,,21.0,11.484800886999908,5.537762429629534,,1.0891336726385648,,3.506100426168901,0.3752281854691493,,,,0.79,,,,58.3,
BALRAMCHIN,2026-07-28,Fast Moving Consumer Goods,,12752.0,33.7,,3.3791128836808166,2.0334874820602775,2.946341463414634,,9.54,4.496788008565311,9.28,,12.0,6.027746770849944,9.973031727573156,,-3.8882076233883955,,10.356356998492465,0.7660705654905752,,,,0.57,,,,42.86,
BALUFORGE,2026-07-28,Capital Goods,,5402.0,20.9,,0.31706459468964027,4.879855465221319,3.3969465648854964,,19.6,13.992436520799567,22.7,,27.0,23.396567299006325,65.91716751111247,,80.6065827076879,,50.15274959638181,0.09535759096612297,,,,0.03,,,,53.51,
BANCOINDIA,2026-07-28,Automobile and Auto Components,,8911.0,19.2,,0.7129965548737007,2.287217659137577,5.279661016949152,,31.2,15.761935905820797,30.9,,17.0,12.371663244353183,26.928601363860814,,33.475326179051336,,18.657939003056924,0.36439169139465877,,,,2.38,,,,67.88,
BANDHANBNK,2026-07-28,Financial Services,,27220.0,20.1,,,,1.0764331210191083,,4.91,0.6408556109205964,6.41,,,,-15.332955759438605,,60.85587842416407,,,,,,,0.89,,,,37.54,
BANKBARODA,2026-07-28,Financial Services,,123802.0,5.69,,,,0.7331288343558282,,12.7,0.8751906390005164,5.63,,,,-1.0770496651111627,,18.27181883948379,,,,,,,3.49,,,,63.97,
BANKINDIA,2026-07-28,Financial Services,,61985.0,5.28,,0.24547243355714368,,0.68,,12.4,0.9989504365268435,5.93,,,,21.509543550318313,,24.903144969022726,,,,,,,3.38,,,,73.38,
BATAINDIA,2026-07-28,Consumer Durables,,8933.0,53.1,,,2.5406712172923775,5.604838709677419,,10.6,3.5468501852832186,12.7,,21.0,3.8111490329920366,-25.383305953820155,,,,0.61421885537285,0.8695924764890283,,,,1.3,,,,50.16,
BAYERCROP,2026-07-28,Chemicals,,18893.0,384.0,,,25.987620357634114,49.751479289940825,,15.8,6.017505470459518,20.1,,4.8,7.565337001375516,,,,,,0.33532934131736525,,,,3.56,,,,71.44,
BBOX,2026-07-28,Information Technology,,12983.0,47.2,,0.4470714767930999,2.053622271433091,10.082758620689654,,26.8,5.076851420586865,22.2,,9.0,3.4482758620689653,105.57595921478051,,20.608792725067527,,0.17991360622053865,0.8958818958818959,,,,0.13,,,,69.95,
BBTC,2026-07-28,Fast Moving Consumer Goods,,10421.0,8.81,,,0.533343569271713,1.4806739345887017,,18.7,17.19179966978536,33.0,,18.0,12.789805005373866,,,27.450982757909802,,5.535274155154091,0.2257881283726214,,,,1.14,,,,74.04,
BDL,2026-07-28,Capital Goods,,46235.0,110.0,,18.106775324867165,18.933251433251435,10.870689655172415,,10.2,2.944888514934792,13.8,,9.0,17.1990171990172,6.0750740000032,,10.286313147852999,,-0.6334401782916665,0.0,,,,0.36,,,,74.93,
BECTORFOOD,2026-07-28,Fast Moving Consumer Goods,,6461.0,45.8,,3.1648578047265263,3.160958904109589,5.072463768115942,,11.6,8.35803200948429,14.2,,13.0,6.898238747553815,14.471424255333186,,13.285810378571483,,14.490098223732218,0.15027537372147914,,,,0.56,,,,49.04,
BEL,2026-07-28,Capital Goods,,284277.0,46.3,,2.984760833119008,9.899258279068148,11.859756097560977,,27.6,13.803942700615204,36.5,,29.0,21.408921544729605,15.512130649214374,,20.69272376856006,,12.31628344576572,0.0027096881774220445,,,,0.62,,,,51.14,
BELRISE,2026-07-28,Automobile and Auto Components,,22138.0,44.2,,,2.328110211378694,3.9011925042589435,,12.6,5.812865497076023,14.5,,12.0,5.226627405615733,,,,,13.046986497535729,0.291044776119403,,,,0.24,,,,61.14,
BEML,2026-07-28,Capital Goods,,14601.0,103.0,,,3.3557802803953116,4.980113636363637,,4.86,2.011125374411639,7.71,,7.0,3.240634336934038,-3.6286735929344616,,15.460987233105673,,3.723847035458294,0.10531697341513292,,,,0.6,,,,54.03,
BERGEPAINT,2026-07-28,Consumer Durables,,58271.0,51.5,,5.456412239836928,4.90496632996633,8.431703204047217,,17.3,11.2406576980568,21.6,,15.0,9.494949494949495,9.438436418715156,,9.38011923858182,,3.9779407246370635,0.0918028046841116,,,,0.79,,,,74.98,
BHARATFORG,2026-07-28,Automobile and Auto Components,,103315.0,91.5,,3.5506815999597223,6.145312871758268,10.805,,12.0,4.897023113589351,12.6,,17.0,6.477516059957174,25.769700105196126,,,,9.202114143973873,0.7629436325678497,,,,0.39,,,,44.07,
BHARTIARTL,2026-07-28,Telecommunication,,1187417.0,44.6,,1.0363010006458737,5.628288927967086,7.7673469387755105,,20.3,6.2018105040036815,17.6,,55.0,16.031909296450255,43.037688829985775,,,,14.882291893724497,1.310988413828267,,,,1.26,,,,50.07,
BHARTIHEXA,2026-07-28,Telecommunication,,80208.0,47.2,,2.8758622402645715,8.574727389352148,11.216783216783217,,26.0,9.096635347225867,21.4,,52.0,18.52683344023947,16.412469046381627,,,,12.446470023062716,0.8565247732030705,,,,1.1,,,,70.0,
BHEL,2026-07-28,Capital Goods,,141232.0,58.0,,0.551776714197019,3.9238740866279556,5.406125166444741,,6.23,3.1630423473103733,9.14,,9.0,6.756869391270524,105.11498312212275,,40.42791289862584,,14.634617912128189,0.313126290828425,,,,0.34,,,,58.17,
BIKAJI,2026-07-28,Fast Moving Consumer Goods,,15922.0,60.8,,2.6138439632983212,5.317969271877088,9.906396255850234,,17.5,11.385029134917078,19.8,,14.0,8.483633934535737,23.260761106519357,,-22.60860713538939,,15.050742948995467,0.18606098319850653,,,,0.19,,,,73.88,
BIOCON,2026-07-28,Healthcare,,70387.0,181.0,,,4.158267856087907,2.057142857142857,,1.4,0.5819363181882699,3.61,,21.0,2.17994919359603,-14.813244848480734,,-17.347050030476762,,14.848089667177899,0.45352766595163235,,,,0.11,,,,44.68,
BIRLACORPN,2026-07-28,Construction Materials,,6738.0,12.0,,1.2490647152591468,0.684199837530463,0.9152719665271967,,7.83,3.8075601374570445,9.78,,15.0,5.625507717303005,9.607188365344488,,6.796987945664923,,0.6584551830540963,0.46042090970807875,,,,1.44,,,,62.9,
BLACKBUCK,2026-07-28,Services,,9909.0,60.5,,,15.197852760736197,6.956521739130435,,12.3,9.216589861751153,12.8,,26.0,24.539877300613497,,,,,54.73134808315952,0.04149085794655415,,,,0.0,,,,25.0,
BLS,2026-07-28,Consumer Services,,9717.0,14.1,,0.2790306676541307,3.241160773849233,3.9464882943143813,,32.7,19.20424403183024,29.3,,27.0,24.149432955303535,50.53207992706197,,68.72026277395476,,25.519386842580683,0.1749898497766951,,,,0.84,,,,70.39,
BLUEDART,2026-07-28,Services,,12091.0,43.1,,,1.9688975736850676,6.8024032042723634,,16.8,5.984976980857766,16.6,,15.0,4.022146230255658,-12.599086180007612,,19.429562454075054,,5.89127894978505,0.642656162070906,,,,0.49,,,,75.0,
BLUEJET,2026-07-28,Healthcare,,10812.0,76.7,,,21.66733466933868,,,52.1,25.37313432835821,57.3,,41.0,27.25450901803607,,,,,,0.15588235294117647,,,,0.21,,,,73.15,
BLUESTARCO,2026-07-28,Consumer Durables,,33761.0,60.4,,8.311191406579086,2.7222222222222223,9.832335329341317,,17.2,6.151511614334073,21.2,,8.0,4.249314626673117,7.267309468073102,,37.55734527009773,,15.846800820465589,0.23608277470125327,,,,0.52,,,,36.49,
BLUESTONE,2026-07-28,Consumer Durables,,11659.0,207.0,,,4.3487504662439385,6.483050847457627,,1.1,1.0884902237452125,7.07,,16.0,2.0141738157403952,,,,,,0.9438888888888889,,,,0.0,,,,16.25,
BORORENEW,2026-07-28,Capital Goods,,8031.0,21.6,,,4.972755417956656,5.287037037037037,,26.1,22.904109589041095,25.3,,31.0,25.882352941176475,,,35.930303454638434,,5.6116166474309725,0.10721376571806751,,,,0.0,,,,58.78,
BOSCHLTD,2026-07-28,Automobile and Auto Components,,122166.0,58.5,,2.355549055201023,6.097629148989268,8.229286707728988,,14.6,12.790590405904059,21.5,,13.0,13.840778637384577,24.83497419458649,,41.900576486049616,,10.302716840206605,0.008015627104944092,,,,0.65,,,,70.54,
BPCL,2026-07-28,Oil Gas & Consumable Fuels,,138789.0,8.92,,,0.2809755564283314,1.3852813852813852,,28.8,6.890948289731956,25.7,,5.0,3.4683391570875024,-13.925974727157842,,7.951369956331966,,3.302146662370231,0.5433109382955147,,,,5.43,,,,52.98,
BRIGADE,2026-07-28,Realty,,18294.0,28.1,,1.0113465864888416,3.2111637704054767,2.6842105263157894,,10.5,2.76675316745535,10.5,,25.0,12.725996138318413,27.784738066459113,,,,18.254859854830308,0.9300689048526609,,,,0.37,,,,41.1,
BRITANNIA,2026-07-28,Fast Moving Consumer Goods,,131996.0,52.1,,17.6505527064654,6.8920217209690895,25.849056603773583,,53.5,26.073997944501542,56.0,,18.0,13.246658312447787,2.9517489263050534,,6.331242377915425,,5.5196386272794,0.2702702702702703,,,,1.7,,,,50.55,
BSE,2026-07-28,Financial Services,,140926.0,56.7,,0.45600055986369925,29.153082333471247,21.097560975609756,,44.8,18.49620705042392,58.0,,64.0,51.448076127430696,124.34195259968081,,76.4938829490831,,73.53548921137967,0.0,,,,0.28,,,,,
BSOFT,2026-07-28,Information Technology,,8423.0,15.8,,1.0237410815390946,1.5862523540489641,2.0476190476190474,,14.1,9.836688188378275,21.2,,16.0,9.75517890772128,15.433589884120158,,9.901118144562894,,3.4590858023934468,0.034281546316557256,,,,2.12,,,,40.38,
CAMPUS,2026-07-28,Consumer Durables,,6635.0,48.9,,,5.556951423785595,,,29.5,11.20331950207469,31.8,,20.0,9.045226130653267,-90.32957059912987,,,,26.133114737827825,0.6768149882903981,,,,0.68,,,,72.08,
CAMS,2026-07-28,Financial Services,,19906.0,45.0,,2.478755878887702,13.130606860158311,15.046904315196999,,36.3,26.09176340519624,47.0,,45.0,31.13456464379947,18.154268592271762,,17.950842300963888,,15.969640833747079,0.04844814534443603,,,,1.58,,,,0.0,
CANBK,2026-07-28,Financial Services,,113020.0,5.65,,0.6184349681558097,,0.9191176470588235,,16.1,1.0505874716861165,6.52,,,,9.135964638041827,,26.528511145051816,,,,,,,3.39,,,,62.93,
CANFINHOME,2026-07-28,Financial Services,,10812.0,9.59,,0.6571591632898399,,1.8084632516703787,,19.7,2.546134607151709,9.14,,,,14.593116151635144,,19.115579039168807,,,,,,,1.85,,,,29.99,
CANHLIFE,2026-07-28,Financial Services,,13457.0,102.0,,19.191802961799013,1.0962932790224034,8.255813953488373,,8.11,0.2725929625236698,8.35,,0.5,1.0672097759674135,5.314769029414768,,66.08271012834541,,1.20711379151055,0.1557632398753894,,,,0.0,,,,62.0,
CAPILLARY,2026-07-28,Information Technology,,4043.0,136.0,,,5.500680272108844,3.937984496124031,,3.72,4.0,3.62,,13.0,7.07482993197279,,,,,31.53104551474697,0.052734375,,,,0.0,,,,51.45,
CAPLIPOINT,2026-07-28,Healthcare,,19623.0,30.6,,1.5780301757124364,8.972565157750344,5.470338983050848,,20.6,16.069221260815823,24.6,,35.0,29.72107910379515,19.391264166532785,,21.371278429436515,,14.236851007300299,0.0013943112102621305,,,,0.23,,,,70.57,
CARBORUNIV,2026-07-28,Capital Goods,,20230.0,78.6,,,3.885900883595851,5.180487804878049,,6.92,3.187250996015936,10.5,,11.0,3.2270457164809834,-22.316020066935348,,-7.387005357170128,,3.806829830841618,0.1058974358974359,,,,0.37,,,,38.9,
CARTRADE,2026-07-28,Consumer Services,,14301.0,62.8,,0.7317817958523276,18.358151476251603,5.737957610789981,,9.69,8.109006314390163,11.8,,33.0,31.322207958921695,85.81793145982131,,-28.994434187860442,,28.86807999294758,0.05636070853462158,,,,0.0,,,,,
CASTROLIND,2026-07-28,Oil Gas & Consumable Fuels,,18180.0,18.6,,5.315335892258093,3.1103507271171944,9.583333333333334,,45.9,28.24742268041237,60.3,,23.0,16.407185628742514,3.4993084871816516,,4.813929110854676,,4.821287471380242,0.03314045239347712,,,,4.77,,,,51.0,
CCAVENUE,2026-07-28,Financial Services,,5763.0,20.5,,0.8556062652692866,0.7100788565795959,1.2132352941176472,,6.64,4.039989044097507,7.71,,4.3,3.6347954657466737,23.95961884821869,,29.45936165164078,,60.52684806777444,0.09060261272650653,,,,0.0,,,,27.29,
CCL,2026-07-28,Fast Moving Consumer Goods,,15863.0,36.7,,1.8322200009837832,3.446979574098218,6.75,,18.0,10.009246417013408,15.8,,17.0,9.408952629291614,20.03034569008879,,16.092441947591716,,20.13841517969397,0.5646055437100214,,,,0.43,,,,46.14,
CDSL,2026-07-28,Financial Services,,28152.0,61.7,,3.3828849571298276,24.586899563318777,14.360341151385928,,24.5,18.809425382389417,32.0,,51.0,39.737991266375545,18.23887030800737,,17.8710705062749,,27.30266668779695,0.0010204081632653062,,,,0.95,,,,15.0,
CEATLTD,2026-07-28,Automobile and Auto Components,,13753.0,21.6,,,0.835185522560272,2.72654370489174,,16.1,4.236800460365415,19.2,,12.0,3.576850671039048,-2.8233447673889245,,52.63109278519662,,11.301329251570369,0.6484344034879113,,,,1.01,,,,47.29,
CELLO,2026-07-28,Consumer Durables,,7632.0,22.6,,7.026157305005091,3.2839931153184163,2.8360655737704916,,13.2,11.05929380413058,17.4,,20.0,14.285714285714285,3.216551952786606,,-84.17419609266368,,8.95053040550431,0.014068863383931877,,,,0.44,,,,75.0,
CEMPRO,2026-07-28,Construction,,23329.0,39.6,,0.575365977271981,2.3187555908955373,9.7,,27.8,8.439175839683884,32.8,,10.0,5.943743166683232,68.82575884614863,,106.79180322555437,,25.49103002561759,0.41725719049604004,,,,0.23,,,,67.46,
CENTRALBK,2026-07-28,Financial Services,,27987.0,6.17,,0.34338909142954555,,0.6836283185840707,,11.9,0.8294636522168328,5.64,,,,17.9679557504695,,32.37371895505046,,,,,,,3.87,,,,81.19,
CENTURYPLY,2026-07-28,Consumer Durables,,17619.0,65.7,,,3.264591439688716,6.777777777777778,,10.8,5.2507836990595615,11.4,,12.0,4.965721697239207,-11.839077540329946,,6.517764222225453,,13.956443017668274,0.6762452107279694,,,,0.13,,,,71.83,
CERA,2026-07-28,Consumer Durables,,8026.0,32.5,,5.594568676898462,4.120123203285421,5.932316491897045,,18.2,13.311862587224907,22.4,,15.0,12.73100616016427,5.8092056558714855,,19.74057110829954,,2.4794515674993134,0.04951958610495196,,,,1.18,,,,54.41,
CESC,2026-07-28,Power,,21660.0,14.1,,2.9933348121247985,1.1663974151857834,1.7248677248677249,,12.6,3.4818162255218423,10.6,,19.0,8.712977921378567,4.710465378910023,,2.983868189231087,,9.237810777915744,1.7295291300877893,,,,3.64,,,,52.11,
CGCL,2026-07-28,Financial Services,,21879.0,19.5,,0.3811169231290166,,3.0307076101468624,,16.5,3.452074917370547,11.7,,,,51.16540047579785,,36.29235933324091,,,,,,,0.08,,,,59.92,
CGPOWER,2026-07-28,Capital Goods,,132931.0,104.0,,,10.368224007487715,16.6798418972332,,20.5,9.807023093957607,26.7,,13.0,9.671632477965836,-5.269199170659611,,4.636537111583072,,16.80119622597356,0.014805520702634882,,,,0.15,,,,56.36,
CHALET,2026-07-28,Consumer Services,,18489.0,28.6,,0.5859470473308611,6.674729241877256,4.994082840236686,,19.2,8.824736626077438,17.1,,43.0,23.28519855595668,48.80987135318853,,,,34.91395996951112,0.6403461330448891,,,,0.12,,,,67.29,
CHAMBLFERT,2026-07-28,Chemicals,,17605.0,9.07,,0.360024534691235,0.8466384534000192,1.6884615384615385,,20.4,13.560616581030413,25.5,,13.0,9.392132345869001,25.192727511692038,,4.165394804085998,,-9.195978712919683,0.10261337432744043,,,,2.52,,,,61.34,
CHENNPETRO,2026-07-28,Oil Gas & Consumable Fuels,,17583.0,4.27,,0.28481751008093464,0.23075711642190638,1.5831099195710456,,32.1,20.833541302720242,35.1,,8.0,5.4779059543026625,14.992055786129942,,25.290175141515636,,4.892719888632269,0.17679359078224863,,,,5.1,,,,67.29,
CHOICEIN,2026-07-28,Financial Services,,17687.0,81.3,,1.6973539978221204,15.806076854334227,10.586666666666666,,16.1,6.674144699943915,18.0,,36.0,21.26899016979446,47.89808142810295,,52.8768552150815,,41.73567577986279,0.5430622009569378,,,,0.0,,,,53.66,
CHOLAFIN,2026-07-28,Financial Services,,150648.0,28.8,,1.21364851249118,,4.949579831932773,,19.4,2.132019816824745,9.71,,,,23.730099533417672,,27.051277631323313,,,,,,,0.11,,,,49.23,
CHOLAHLDNG,2026-07-28,Financial Services,,28317.0,11.5,,0.4855282598682874,,1.8323207776427703,,17.5,2.04411715381376,9.75,,,,23.68554201792432,,24.23475589865025,,,,,,,0.09,,,,46.44,
CIEINDIA,2026-07-28,Automobile and Auto Components,,15478.0,17.2,,,1.5482644793438032,2.0,,11.8,7.981967647838769,14.7,,15.0,9.032709812943883,-7.061409245265738,,18.085378995648927,,2.511810847123752,0.06625339015885316,,,,1.67,,,,65.7,
CIPLA,2026-07-28,Healthcare,,116831.0,32.6,,,4.124805818387234,3.3943661971830985,,11.6,7.925749238362894,15.5,,19.0,11.848608953537635,-6.491254033610661,,6.000378005354645,,3.1947461785736486,0.01783224907063197,,,,0.91,,,,29.22,
CLEAN,2026-07-28,Chemicals,,7825.0,34.1,,,8.176593521421108,4.939597315436242,,15.3,12.899607403252944,20.6,,37.0,24.033437826541274,-8.0311318245061,,2.9569287741129324,,0.7423389408794723,0.0012626262626262627,,,,0.81,,,,51.29,
CMSINFO,2026-07-28,Services,,4505.0,14.6,,,1.8114193807800563,1.8445945945945945,,13.2,9.35762816553428,17.6,,24.0,12.18335343787696,-1.4405660758754046,,10.103296564899944,,9.102742867969127,0.09083436087135224,,,,2.31,,,,0.0,
COALINDIA,2026-07-28,Oil Gas & Consumable Fuels,,252918.0,8.09,,,1.6022070748023516,2.1243523316062176,,28.5,10.917174263109992,35.3,,26.0,19.755980133792825,-5.862297107866032,,12.440874873010088,,2.928467446456673,0.11815082870144918,,,,6.45,,,,61.13,
COCHINSHIP,2026-07-28,Capital Goods,,36526.0,50.9,,1.542693284432473,7.273197929111908,6.2242152466367715,,12.5,4.934278439198954,16.0,,16.0,14.277180406212665,32.99424487915958,,3.3252093984389663,,28.53316086531994,0.2846926613315171,,,,0.7,,,,67.91,
COFORGE,2026-07-28,Information Technology,,74319.0,38.8,,1.6871459294874782,4.084583676834296,5.911971830985915,,20.6,12.90235871245212,23.5,,19.0,10.55234954657873,22.997417900766102,,17.486175890391454,,26.403322940448447,0.07633427702631855,,,,0.91,,,,,
COHANCE,2026-07-28,Healthcare,,16387.0,83.0,,,7.222124283825473,4.196078431372549,,7.04,2.6178010471204187,8.35,,19.0,6.610841780520054,-33.839085603938955,,-19.94136325093607,,19.190936611227126,0.10227563283047814,,,,0.0,,,,57.49,
COLPAL,2026-07-28,Fast Moving Consumer Goods,,58232.0,135.0,,3.1408806002970753,29.710204081632654,176.94214876033058,,158.0,49.26553672316384,179.0,,22.0,22.244897959183675,42.98157656398376,,,,14.932611898217907,0.015105740181268883,,,,2.38,,,,51.0,
CONCOR,2026-07-28,Services,,39909.0,32.1,,,4.39284534947716,3.0823529411764707,,9.81,8.216921454928835,12.4,,22.0,13.72592184920198,-0.5060815373717942,,3.311238091258084,,1.6372118101888766,0.07455767596384145,,,,1.44,,,,54.8,
CONCORDBIO,2026-07-28,Healthcare,,13088.0,54.9,,19.53315287080494,12.40568720379147,6.481865284974093,,12.5,11.60394265232975,17.1,,35.0,24.549763033175356,2.8106061711141272,,-36.80462308721144,,7.341536981575381,0.0009915716410510659,,,,0.6,,,,44.08,
COROMANDEL,2026-07-28,Chemicals,,59916.0,32.1,,8.799295989655237,1.8378013618796394,4.767605633802817,,16.4,7.268713462246024,22.0,,10.0,5.45365315011349,3.648019118545154,,3.5852958417118774,,13.909349102234092,0.11992355470616341,,,,0.55,,,,56.35,
CORONA,2026-07-28,Healthcare,,12599.0,63.1,,2.128214658939658,8.980042765502494,16.885245901639344,,29.5,15.352697095435685,33.3,,21.0,13.186029935851746,29.649264812149333,,,,16.6456288186096,0.22088353413654618,,,,0.48,,,,69.0,
CPPLUS,2026-07-28,Capital Goods,,40305.0,110.0,,,9.548685145700071,21.50943396226415,,25.4,9.220746680030068,28.6,,13.0,8.718313195925136,-61.04177353892457,,-23.251871472727082,,22.699572402200975,0.13638785295684602,,,,0.05,,,,74.71,
CRAFTSMAN,2026-07-28,Automobile and Auto Components,,24298.0,63.6,,5.759979058478689,3.011277729582352,6.79093567251462,,12.5,4.2771218534194695,13.9,,15.0,4.75895402156401,11.041706810787932,,28.42249364870364,,36.35184713032184,1.1099877450980393,,,,0.12,,,,42.41,
CRAMC,2026-07-28,Financial Services,,5225.0,23.9,,,10.930962343096235,7.005347593582888,,30.3,26.61782661782662,40.1,,63.0,45.60669456066946,-28.763110414798433,,-1.9288269959092719,,14.551362426742065,0.024161073825503355,,,,1.55,,,,75.0,
CREDITACC,2026-07-28,Financial Services,,25341.0,20.9,,,,3.226530612244898,,10.5,3.7926714688380834,9.98,,,,-5.892248105988685,,27.263014533890995,,,,,,,0.0,,,,66.21,
CRISIL,2026-07-28,Financial Services,,32887.0,37.2,,3.6034877026128664,7.97067377605429,10.060402684563758,,24.5,17.595541401273884,32.6,,30.0,21.42510906446922,10.323332024423593,,13.60029451620579,,9.53002627574655,0.10241516355854478,,,,0.57,,,,66.64,
CRIZAC,2026-07-28,Consumer Services,,3325.0,15.2,,,3.190978886756238,5.688622754491019,,40.3,25.0,52.3,,27.0,21.017274472168907,-51.84940216689009,,-73.91470359189458,,30.117444770610334,0.003418803418803419,,,,4.22,,,,79.94,
CROMPTON,2026-07-28,Consumer Durables,,15956.0,47.6,,,1.9708498023715415,5.379609544468546,,10.6,-3.8005923000987165,18.1,,10.0,-2.8532608695652173,,,,,5.626102281602785,0.0670711156049882,,,,1.2,,,,,
CSBBANK,2026-07-28,Financial Services,,5887.0,8.9,,1.632463495569048,,1.202127659574468,,13.5,1.1519739463336047,7.05,,,,5.451883012488201,,7.7067689256126615,,,,,,,0.0,,,,40.0,
CUB,2026-07-28,Financial Services,,23680.0,17.8,,1.4685665283675178,,2.2336448598130842,,13.2,1.3666721635883905,6.74,,,,12.120663011288135,,17.337496292305367,,,,,,,0.82,,,,,
CUMMINSIND,2026-07-28,Capital Goods,,151573.0,62.5,,2.566730324948916,12.482335501935271,17.869281045751634,,30.2,20.89525831564048,39.5,,21.0,19.45153586428395,24.350045422572354,,30.041778702712385,,16.037331913715256,0.004365781710914454,,,,1.18,,,,51.0,
CUPID,2026-07-28,Fast Moving Consumer Goods,,31196.0,288.0,,5.355529825978685,87.13966480446928,69.25373134328358,,27.3,19.529837251356238,33.5,,33.0,30.16759776536313,53.77619196572583,,,,33.93649184364733,0.12444444444444444,,,,0.0,,,,46.24,
CYIENT,2026-07-28,Information Technology,,9303.0,22.8,,,1.2189465408805031,1.6379647749510764,,8.61,5.0181818181818185,12.3,,12.0,5.4245283018867925,-17.925773345763506,,-6.387484907115359,,2.2126998395382014,0.07585357268567405,,,,3.05,,,,24.7,
DABUR,2026-07-28,Fast Moving Consumer Goods,,75535.0,40.1,,11.54275680247578,5.725384673690593,6.614906832298136,,17.0,10.692219679633867,20.3,,19.0,14.166603501857045,3.4740401003163335,,2.197706302936031,,4.593513421412743,0.11270689202206849,,,,1.92,,,,66.24,
DALBHARAT,2026-07-28,Construction Materials,,34065.0,31.0,,7.499733528037849,2.2622526231903306,1.8936392075078206,,6.11,2.8653898192970324,7.59,,20.0,6.328861734626113,4.133480194210382,,2.6895048981498526,,0.8258699798485258,0.4119250236386896,,,,0.49,,,,55.84,
DATAMATICS,2026-07-28,Information Technology,,4965.0,20.8,,24.89721672650484,2.498741821841973,3.218390804597701,,16.4,8.280254777070063,20.8,,19.0,9.813789632611977,0.8354347487306457,,19.41914363682049,,10.844510984550059,0.14313471502590674,,,,0.59,,,,66.33,
DATAPATTNS,2026-07-28,Capital Goods,,24575.0,99.4,,3.332504016056366,26.56756756756757,14.161290322580646,,15.2,14.048729911871435,21.9,,40.0,29.2972972972973,29.827420918648563,,-31.73120320743241,,26.866758493294228,0.002880184331797235,,,,0.22,,,,42.41,
DBL,2026-07-28,Construction,,7066.0,11.5,,0.011483676110257383,0.7865093499554764,1.0357142857142858,,10.3,7.393695790141738,13.3,,20.0,15.56099732858415,1001.4214864287261,,32.69055447907465,,-5.4534920536216,1.1774784009371797,,,,0.24,,,,63.14,
DBREALTY,2026-07-28,Realty,,6178.0,,,,3.8782172002510986,1.5119363395225462,,-0.19,0.42459506211668496,1.55,,1.6,1.694915254237288,,,,,31.659878828651266,0.18259594231239307,,,,0.0,,,,47.17,
DCBBANK,2026-07-28,Financial Services,,6326.0,8.02,,0.6262496019857771,,0.9655172413793104,,12.0,0.8947529777787872,7.4,,,,12.80639536467465,,21.597139685089385,,,,,,,0.74,,,,16.22,
DCMSHRIRAM,2026-07-28,Diversified,,16326.0,19.3,,,1.2059388388240508,2.1151515151515152,,11.5,6.064470421537371,11.5,,11.0,6.322942827596395,-2.1458127933968063,,4.859716664614444,,5.445596510722983,0.37901970954356845,,,,1.08,,,,66.53,
DEEPAKFERT,2026-07-28,Chemicals,,20815.0,28.2,,,1.8090561446201983,3.0424354243542435,,11.3,4.482047549733139,11.6,,15.0,6.42273596384495,-15.226820098810778,,8.4156361311986,,0.6010464476635224,0.8284628872004676,,,,0.61,,,,45.63,
DEEPAKNTR,2026-07-28,Chemicals,,22475.0,40.8,,,2.8496259667807786,3.850467289719626,,9.82,6.366997920036978,11.4,,13.0,6.986179789527069,-13.551017926726171,,-6.6319445509576465,,-0.35668130674066933,0.2806236080178174,,,,0.45,,,,49.34,
DELHIVERY,2026-07-28,Services,,35232.0,197.0,,,3.3528740007613247,3.643410852713178,,1.87,1.1974641934726462,2.82,,6.0,1.4560334982870193,,,,,13.29934632460521,0.15102714978837617,,,,0.0,,,,,
DEVYANI,2026-07-28,Consumer Services,,14056.0,,,,2.5050793085011582,9.12,,-1.56,-0.637037037037037,4.75,,15.0,-0.7663518089467118,,,,,23.23560837431784,2.485732814526589,,,,0.0,,,,61.37,
DIACABS,2026-07-28,Capital Goods,,16968.0,107.0,,,8.883769633507853,-28.0,,,6.572379367720465,26.5,,12.0,8.272251308900524,,,,,19.084961549574263,-4.198675496688741,,,,0.0,,,,84.02,
DIVISLAB,2026-07-28,Healthcare,,197446.0,75.3,,6.2297479059521645,18.69753787878788,11.787638668779715,,16.5,12.827813577101754,22.0,,33.0,24.31818181818182,12.087166469136768,,5.290696401329553,,10.777501844579929,0.0004176361792255832,,,,0.4,,,,51.88,
DIXON,2026-07-28,Consumer Durables,,85155.0,59.2,,0.7720210339229403,1.7423730894358849,18.110533159947984,,37.4,8.579480221271266,42.0,,3.8,3.3638205143944506,76.68184854910194,,54.04150246141137,,58.853948722551095,0.21252939918751337,,,,0.06,,,,28.55,
DLF,2026-07-28,Realty,,164559.0,39.3,,1.334585135700978,20.08286551134977,3.614130434782609,,9.5,6.009664466072279,6.32,,18.0,53.88088845496705,29.447353300063583,,32.17393348735589,,12.893103026347985,0.006729267917225607,,,,1.25,,,,74.08,
DMART,2026-07-28,Consumer Services,,251310.0,82.2,,12.845750461625318,3.5268608959245538,10.274666666666667,,12.9,10.356392709533166,17.2,,8.0,4.29016503873358,6.399003331534403,,15.295437626850905,,11.948237146759254,0.09912524525833878,,,,0.0,,,,74.48,
DOMS,2026-07-28,Fast Moving Consumer Goods,,13844.0,60.1,,,5.951848667239897,11.348258706467663,,20.7,14.018691588785046,24.3,,17.0,10.318142734307825,-75.47742206554643,,,,24.270781700521415,0.11557377049180328,,,,0.14,,,,63.38,
DRREDDY,2026-07-28,Healthcare,,94702.0,29.4,,,2.8500662092211386,2.5,,11.2,5.625961079590646,13.0,,15.0,9.579270494763453,-16.729822039847054,,8.038936928703965,,5.85836844467662,0.20410640768499946,,,,0.7,,,,26.63,
DYNAMATECH,2026-07-28,Capital Goods,,7026.0,140.0,,,4.334361505243677,8.269384492406076,,6.62,1.7297297297297298,9.98,,11.0,1.974090067859346,-8.845747154959982,,,,7.195291232809908,0.8035264483627204,,,,0.09,,,,41.5,
ECLERX,2026-07-28,Services,,17776.0,25.2,,1.7204564605261923,4.317707068253583,6.948529411764706,,29.0,19.096564782255886,34.8,,26.0,17.148409035705612,14.64727563770647,,22.708838115559395,,15.84775678117818,0.15033190160093712,,,,0.03,,,,54.53,
EDELWEISS,2026-07-28,Financial Services,,10790.0,17.6,,1.0628802670336295,1.0358068541806662,2.336065573770492,,13.5,1.554605518849592,14.1,,30.0,6.527791110684459,16.558779521911227,,15.271488085065599,,7.0141598218531165,4.022279904823708,,,,1.26,,,,32.26,
EICHERMOT,2026-07-28,Automobile and Auto Components,,215481.0,38.7,,1.6416991339162628,9.205442583732058,8.579234972677595,,24.0,17.14649919164283,30.5,,25.0,23.56032125768968,23.57313785485249,,32.47410552647671,,17.466038536149764,0.020478087649402392,,,,1.07,,,,49.03,
EIDPARRY,2026-07-28,Fast Moving Consumer Goods,,13560.0,20.7,,,0.3518970260030103,1.5456389452332657,,7.85,4.724085992058058,17.0,,9.0,3.5812529194996627,-15.6584894505578,,4.857040575145621,,3.0195464384859205,0.4024640657084189,,,,0.0,,,,41.28,
EIEL,2026-07-28,Utilities,,3798.0,20.1,,,3.3141361256544504,3.0769230769230766,,17.0,9.20666013712047,20.4,,24.0,16.404886561954623,-21.40178789959093,,-21.64924024313032,,50.22975965888028,0.3422546634225466,,,,0.0,,,,70.19,
EIHOTEL,2026-07-28,Consumer Services,,20512.0,28.7,,1.1059583529996815,6.976870748299319,3.895486935866983,,14.5,10.033598045204643,20.7,,35.0,22.346938775510203,25.950344262202307,,,,13.345340244167403,0.04789053591790194,,,,0.45,,,,32.85,
ELECON,2026-07-28,Capital Goods,,9319.0,30.8,,,3.889398998330551,4.029126213592233,,16.4,7.2974644403215825,20.9,,21.0,9.84974958263773,-12.743115687733386,,10.961113842963211,,7.345966607720222,0.11843817787418655,,,,0.47,,,,59.28,
ELECTCAST,2026-07-28,Capital Goods,,4426.0,23.4,,,0.7478877999324096,0.7473903966597076,,3.24,1.7017228622767149,5.21,,6.0,2.720513687056438,-21.0809233432937,,,,-6.654348722863013,0.2635043889264011,,,,1.96,,,,50.14,
ELGIEQUIP,2026-07-28,Capital Goods,,17969.0,46.1,,9.09881112583545,4.547962541128828,8.053977272727272,,19.0,12.15375918598078,22.1,,15.0,10.883320678309289,5.066595993964773,,33.252530476782425,,9.118118729686952,0.23879928315412186,,,,0.47,,,,31.19,
ELLEN,2026-07-28,Chemicals,,3862.0,37.0,,,11.292397660818713,3.953823953823954,,14.2,8.006158583525789,15.2,,34.0,30.409356725146196,-44.343323957417205,,-27.400135321805784,,18.60165472655502,0.18833162743091095,,,,0.0,,,,77.15,
EMAMILTD,2026-07-28,Fast Moving Consumer Goods,,17761.0,22.6,,3.2314668502418487,4.698677248677249,6.074626865671642,,27.9,20.203336809176225,29.6,,25.0,20.502645502645503,6.993727940705496,,11.664073166005595,,3.5338551155860154,0.05540355677154583,,,,2.4,,,,54.84,
EMBDL,2026-07-28,Realty,,8590.0,,,,4.959584295612009,0.8704225352112676,,-9.1,-4.048658185532547,-2.38,,-27.0,-50.34642032332564,,,,,43.42887615099762,0.539319010944467,,,,0.0,,,,42.65,
EMCURE,2026-07-28,Healthcare,,35858.0,37.9,,2.0662517848899307,3.8959148196436333,7.241379310344827,,20.1,9.789846025801081,24.0,,20.0,10.223815732290308,18.342391898777688,,16.06533795912157,,15.419706558812841,0.3147474747474747,,,,0.16,,,,77.83,
EMIL,2026-07-28,Consumer Services,,4892.0,47.7,,,0.6810524850341083,3.0023640661938535,,6.5,2.8180142217540163,8.14,,6.0,1.4896282890157315,-4.482113517817188,,7.349997068129777,,9.667028586038228,1.2281672816728166,,,,0.0,,,,65.17,
EMMVEE,2026-07-28,Capital Goods,,22754.0,17.9,,,4.079239870921477,6.1610486891385765,,51.1,22.07207207207207,44.8,,35.0,22.83972750089638,-10.841679600171261,,8.504405213438936,,80.27984964011274,0.09745533297238766,,,,0.0,,,,80.03,
ENDURANCE,2026-07-28,Automobile and Auto Components,,38301.0,41.0,,1.5971342746703667,2.6240750890654976,5.602880658436214,,14.9,8.199121522693996,17.8,,13.0,6.522334886270211,25.670978733746107,,12.860900247041783,,18.354454185840495,0.1939774886712469,,,,0.43,,,,75.0,
ENGINERSIN,2026-07-28,Construction,,12520.0,18.1,,0.6981976716699833,3.1873727087576373,3.982142857142857,,23.8,11.790765036633157,30.6,,18.0,17.617107942973522,25.923890517577263,,22.65924214195256,,5.6596291078343075,0.00540368722186904,,,,1.81,,,,51.32,
ENRIN,2026-07-28,Capital Goods,,113140.0,84.0,,,12.952489982827705,23.533333333333335,,50.5,12.82051282051282,67.8,,20.0,14.997137950772753,,,,,,0.04488778054862843,,,,0.12,,,,75.0,
ENTERO,2026-07-28,Consumer Services,,5371.0,45.0,,,0.8148991048399332,3.1804123711340204,,6.99,4.055555555555555,10.6,,4.0,2.2151418601122743,,,,,25.934809799690363,0.40082889283599765,,,,0.0,,,,52.4,
EPL,2026-07-28,Capital Goods,,7591.0,18.4,,0.9452123613214846,1.593743439009028,2.6569506726457397,,15.8,8.040816326530614,17.8,,20.0,8.272097417593953,19.466524934434084,,9.877785056497368,,8.841511299634774,0.3365990202939118,,,,2.05,,,,26.38,
EQUITASBNK,2026-07-28,Financial Services,,8579.0,83.2,,,,1.3966480446927374,,1.69,0.16993895396799208,6.44,,,,-44.127564528925966,,-23.206843048969027,,,,,,,0.0,,,,,
ERIS,2026-07-28,Healthcare,,19294.0,30.5,,1.8206538946329833,6.16618728028124,4.9361702127659575,,18.7,8.797176215042086,14.1,,36.0,20.709491850431448,16.752222973245743,,11.319900900973057,,22.914151075358234,0.6044068665129387,,,,0.52,,,,54.14,
ESCORTS,2026-07-28,Capital Goods,,33785.0,15.9,,0.24733005378466258,2.9276429809358753,2.7305605786618443,,18.7,15.159574468085108,13.9,,13.0,20.745233968804158,64.28656670185057,,27.055030435791426,,11.039266685133931,0.013093025135375413,,,,1.1,,,,68.04,
ETERNAL,2026-07-28,Consumer Services,,296604.0,685.0,,143.6373281868473,4.400130548302872,9.56386292834891,,1.19,1.0629418695993715,2.97,,2.5,0.6423569902682175,4.768955317164725,,,,77.20445014617916,0.14822466107165913,,,,0.0,,,,,
ETHOSLTD,2026-07-28,Consumer Durables,,6756.0,70.4,,4.884738456410906,4.19106699751861,4.5413669064748206,,7.77,4.369594902139281,9.82,,13.0,5.955334987593052,14.412235297389264,,71.46288672824423,,26.890568974280484,0.2163978494623656,,,,0.0,,,,50.58,
EUREKAFORB,2026-07-28,Consumer Durables,,8897.0,46.2,,0.5559469047064723,3.2842377260981914,1.9327731092436975,,4.27,2.4201930215293244,5.9,,12.0,6.016980435585087,83.10146096486062,,,,9.11915190559709,0.006305718634485757,,,,0.0,,,,62.55,
EXIDEIND,2026-07-28,Automobile and Auto Components,,35938.0,43.2,,34.33456122560045,1.9971103084190054,2.5792682926829267,,5.97,4.053162409275144,8.54,,10.0,4.77910530702973,1.2582074288396417,,1.0682235354419367,,6.072475389905585,0.11326860841423948,,,,0.46,,,,45.99,
FACT,2026-07-28,Chemicals,,52736.0,3561.0,,,9.963347817872663,38.443396226415096,,1.61,0.419350007488393,8.65,,2.0,0.5290005667863216,-64.32427352613139,,-39.758769564516484,,-5.125367344941578,2.7905454545454544,,,,0.02,,,,90.0,
FEDERALBNK,2026-07-28,Financial Services,,88296.0,18.9,,3.1237229113392395,,2.2098765432098766,,11.6,1.20448367368764,6.39,,,,6.0504726367989425,,15.186823522071613,,,,,,,0.34,,,,,
FEDFINA,2026-07-28,Financial Services,,5643.0,14.7,,0.941535760184931,,1.918158567774936,,12.6,2.26962962962963,9.06,,,,15.61278989245476,,26.009692685666195,,,,,,,0.0,,,,60.67,
FIEMIND,2026-07-28,Automobile and Auto Components,,6187.0,24.3,,1.0928228907393067,2.1970880681818183,5.088744588744588,,22.6,15.04997060552616,29.3,,14.0,9.090909090909092,22.23599103379028,,40.4795538696981,,15.073916532957599,0.05432098765432099,,,,1.68,,,,54.51,
FINCABLES,2026-07-28,Capital Goods,,15003.0,21.1,,1.7181006733479252,2.373516848599905,2.4648241206030153,,12.3,10.214592274678111,16.0,,10.0,11.295681063122924,12.281003277231783,,9.117020328241733,,12.151120113130908,0.0031219191587249424,,,,0.79,,,,35.86,
FINPIPE,2026-07-28,Capital Goods,,10114.0,16.8,,0.49889345198905777,2.4590323364940434,1.63,,9.73,7.885729331226962,12.7,,16.0,14.563578896182836,33.67452495722168,,-4.0888514538132466,,-2.2010749500271154,0.07176186645213194,,,,1.22,,,,52.47,
FIRSTCRY,2026-07-28,Consumer Services,,11058.0,,,,1.2936359382311653,2.291891891891892,,-2.37,-2.259636685866194,0.57,,3.1,-2.3865231633130555,,,,,14.914523547995916,0.33022581313445204,,,,0.0,,,,,
FIVESTAR,2026-07-28,Financial Services,,16550.0,106.0,,1.4665725324182775,,,,16.0,6.680851063829787,17.0,,,,72.27736621059803,,,,,,,,,0.36,,,,18.61,
FLUOROCHEM,2026-07-28,Chemicals,,49070.0,83.4,,,9.82185748598879,6.238826815642458,,7.78,4.830430026087688,9.86,,26.0,11.489191353082466,-24.409096192048597,,,,-4.215040438058548,0.2911263666412408,,,,0.07,,,,61.39,
FORCEMOT,2026-07-28,Automobile and Auto Components,,22637.0,21.5,,0.1981176512224693,2.4993927349011815,5.397423814011939,,29.2,18.53777913735087,36.1,,16.0,13.381914541238821,108.52137539152089,,,,21.665537014111113,0.0,,,,0.23,,,,61.63,
FORTIS,2026-07-28,Healthcare,,71411.0,67.6,,3.2272041332004435,7.82329097283085,7.221374045801527,,11.2,6.720141476662667,13.4,,23.0,11.65644171779141,20.946924089664122,,,,13.16817831383963,0.3509498787388844,,,,0.11,,,,31.17,
FSL,2026-07-28,Services,,18524.0,24.8,,2.7011519849968844,1.9384679782335705,4.225806451612903,,17.6,7.381447815135253,16.8,,17.0,7.053160318124739,9.18126789523419,,12.903916208434541,,16.63936052634527,0.6663625997719498,,,,2.12,,,,53.66,
GABRIEL,2026-07-28,Automobile and Auto Components,,20267.0,56.2,,2.2444408155293702,3.923910939012585,14.805876180482686,,34.7,14.444444444444443,40.4,,9.0,6.795740561471443,25.039644445578645,,,,14.921898596892213,0.10818713450292397,,,,0.34,,,,63.55,
GAEL,2026-07-28,Fast Moving Consumer Goods,,7153.0,23.3,,,1.2485599581078721,2.1727019498607243,,9.76,7.307692307692308,12.5,,8.0,5.306336184325362,-2.7117606354254864,,-2.094022430132225,,5.283891767616256,0.1338391502276176,,,,0.16,,,,63.84,
GAIL,2026-07-28,Oil Gas & Consumable Fuels,,115163.0,15.2,,1.4442984933612042,0.813309510021328,1.2962962962962963,,8.71,5.395020528401774,9.68,,8.0,5.354595403889886,10.524140314393193,,4.595725206691537,,-0.9401527620775063,0.27884647778189536,,,,4.27,,,,51.79,
GALLANTT,2026-07-28,Capital Goods,,13935.0,32.0,,1.300524062142708,3.140635564570656,4.218978102189781,,15.7,10.210772833723654,18.2,,15.0,9.826459319359927,24.605465543849814,,-3.5237325954493137,,1.6293294924386803,0.1652593486127865,,,,0.22,,,,70.03,
GESHIP,2026-07-28,Services,,19759.0,7.95,,1.747661904528917,3.6529857644666297,1.164983164983165,,15.9,15.12332990750257,15.8,,58.0,54.409317803660564,4.548934767873725,,26.953245881318644,,-1.6740302563280407,0.0640806461121264,,,,2.54,,,,30.08,
GHCL,2026-07-28,Chemicals,,3995.0,8.75,,,1.303851174934726,1.1269430051813472,,13.0,10.976744186046512,17.4,,22.0,15.404699738903393,-24.50017010991078,,8.402915531944167,,-12.354967080982194,0.023367117117117118,,,,2.75,,,,19.83,
GICRE,2026-07-28,Financial Services,,62799.0,6.52,,0.5505278278443742,1.1851998641150492,0.8905472636815921,,14.6,4.69637831558379,17.4,,19.0,18.23500547314385,11.843179709061147,,37.15120069742346,,4.345503503490078,0.0,,,,2.75,,,,77.4,
GILLETTE,2026-07-28,Fast Moving Consumer Goods,,25508.0,39.0,,1.730933769776355,8.228387096774194,26.989655172413794,,66.4,34.95456974879744,90.6,,30.0,21.096774193548388,22.53119136097217,,16.085972722047547,,7.765205747031834,0.0,,,,2.29,,,,75.0,
GLAND,2026-07-28,Healthcare,,40168.0,38.4,,4.019605955184291,6.245995957082879,3.8712241653418125,,10.7,8.20877627687635,15.1,,25.0,15.969522624786192,9.553175218698629,,0.4585259993974189,,21.057072216242023,0.0274210678767983,,,,0.8,,,,51.77,
GLAXO,2026-07-28,Healthcare,,45062.0,46.8,,2.4298282774165205,11.790162218733647,19.850746268656717,,45.6,23.959296947271046,61.4,,34.0,27.106227106227106,19.26062036357541,,23.668272907621567,,5.530998812681309,0.014556682840758712,,,,2.17,,,,75.0,
GLENMARK,2026-07-28,Healthcare,,61808.0,21.0,,0.3176697888870534,3.6394041099923453,5.887096774193548,,30.5,6.841470765521398,39.8,,27.0,8.019784490372725,66.10638069667523,,7.017866593978206,,13.6050885183163,0.05650684931506849,,,,0.11,,,,46.65,
GMDCLTD,2026-07-28,Metals & Mining,,17598.0,31.3,,,6.633245382585752,2.490990990990991,,8.34,10.653456528999222,10.8,,17.0,36.07237090086694,-7.397519405024033,,,,-8.804694694570337,0.04481832320090485,,,,1.82,,,,74.0,
GMMPFAUDLR,2026-07-28,Capital Goods,,3654.0,49.0,,,1.0368898978433598,3.033582089552239,,6.69,1.3035848583604914,13.6,,11.0,1.4755959137343928,-29.728614254810804,,-5.125608048658503,,3.504842526637497,0.8639004149377594,,,,0.24,,,,25.18,
GMRAIRPORT,2026-07-28,Services,,114512.0,551.0,,,7.7336394948335245,-45.95744680851064,,,0.8618800671974289,11.6,,39.0,3.187681501992301,,,,,30.42483361416446,-17.45282258064516,,,,0.0,,,,67.16,
GMRP&UI,2026-07-28,Power,,7545.0,,,,1.029050736497545,3.959016393442623,,-14.3,3.601173020527859,12.0,,22.0,8.374249863611565,-26.792301093974313,,,,9.951054682415062,6.089285714285714,,,,0.0,,,,46.28,
GNFC,2026-07-28,Chemicals,,7518.0,9.27,,,0.967194133539174,0.8258064516129032,,9.13,7.113302227308742,12.0,,11.0,10.394956902097002,-16.566238526601694,,4.165432918024825,,-8.740068752498653,0.0006582556226001097,,,,3.51,,,,41.3,
GODFRYPHLP,2026-07-28,Fast Moving Consumer Goods,,31769.0,23.2,,1.4759921474727278,5.199509001636661,5.118090452261306,,26.6,16.462093862815884,32.8,,23.0,22.389525368248773,15.718240804820184,,25.58573275493943,,14.994506185066214,0.03766902768834514,,,,1.5,,,,72.58,
GODIGIT,2026-07-28,Financial Services,,22731.0,46.2,,1.253983437513493,2.2294036877206747,,,12.2,1.9717858287912793,13.1,,1.1,4.8254217340133385,36.84259186996071,,,,7.76490990326415,0.07507507507507508,,,,0.0,,,,73.0,
GODREJAGRO,2026-07-28,Fast Moving Consumer Goods,,11110.0,24.2,,1.5038627218876561,1.0857031173653866,5.452830188679245,,20.9,7.222853432884271,19.2,,8.0,4.348675852633637,16.091894325051182,,8.522337288610583,,2.9657233864587074,0.7746062992125984,,,,1.89,,,,67.75,
GODREJCP,2026-07-28,Fast Moving Consumer Goods,,109391.0,55.3,,18.478721514801432,7.207207800764264,8.620967741935484,,16.1,8.886448285741572,18.8,,21.0,12.261167479246279,2.9926312789391174,,1.5663198709224835,,4.45925416553159,0.3495414294750158,,,,1.83,,,,53.06,
GODREJIND,2026-07-28,Diversified,,43962.0,44.5,,5.333781387344683,1.9769753114179072,3.930722891566265,,9.26,1.9157909786260634,8.17,,10.0,10.84678688672033,8.343049099384526,,29.946045273412516,,9.92764247851583,4.613402523038382,,,,0.0,,,,74.64,
GODREJPROP,2026-07-28,Realty,,64553.0,40.2,,0.9125331229190878,12.580978366790099,3.369496855345912,,8.82,2.256403971074887,7.63,,-9.0,35.879945429740786,44.05319542966819,,,,31.586461818825185,0.8297139277510963,,,,0.48,,,,51.66,
GOKEX,2026-07-28,Textiles,,5970.0,59.7,,,1.4969909729187563,2.76271186440678,,4.72,2.296738631143776,8.39,,9.0,2.507522567703109,-21.76745342844444,,17.207663337185863,,21.52632503690817,0.5890791300323924,,,,0.0,,,,9.15,
GOKULAGRO,2026-07-28,Fast Moving Consumer Goods,,6222.0,16.8,,0.4122559742131638,0.25842089961373926,4.37759336099585,,30.0,7.487824675324675,36.7,,2.8,1.5325829629937284,40.75138033369841,,50.15925197637054,,30.87781337477957,0.4139142656359803,,,,0.0,,,,74.24,
GPIL,2026-07-28,Capital Goods,,16477.0,20.3,,10.435228577411642,3.062070247165954,2.832369942196532,,15.2,10.992324561403509,20.4,,23.0,14.904292882363873,1.9453335257017645,,5.658015455768406,,-2.158225719627316,0.07626097435014632,,,,0.42,,,,63.18,
GPPL,2026-07-28,Services,,7203.0,14.4,,0.7978471137645902,6.22020725388601,3.016194331983806,,21.2,17.03042328042328,28.0,,61.0,44.47322970639033,18.04857064914922,,18.355625186230352,,8.088562540695898,0.015494137353433836,,,,5.48,,,,44.01,
GRANULES,2026-07-28,Healthcare,,21141.0,32.5,,1.8826331591170886,3.7537286931818183,4.160975609756098,,13.8,8.616425875309124,15.5,,23.0,11.754261363636363,17.26305512181765,,10.131946007844483,,7.718546902181145,0.2973451327433628,,,,0.21,,,,38.01,
GRAPHITE,2026-07-28,Capital Goods,,12662.0,69.5,,,4.439691444600281,2.16,,3.11,2.2568298798996964,4.58,,7.0,5.995792426367461,-4.192959756518944,,,,-3.573748541095101,0.06280935313193378,,,,1.07,,,,65.34,
GRASIM,2026-07-28,Construction Materials,,212264.0,42.4,,,1.2099571911463767,2.0519736842105263,,4.98,1.8097671198698373,8.01,,21.0,5.871254225307956,-10.065909103494985,,2.886887621694778,,14.252691415005359,2.20211655552334,,,,0.32,,,,43.73,
GRAVITA,2026-07-28,Metals & Mining,,12068.0,30.8,,2.0141977287651724,2.567659574468085,4.924698795180723,,16.8,11.472051507170033,17.0,,9.0,8.340425531914894,15.291448083839466,,21.336549462053057,,14.136474578827185,0.300163132137031,,,,0.35,,,,55.88,
GREAVESCOT,2026-07-28,Capital Goods,,5544.0,48.3,,4.41968804763203,1.6130346232179227,3.8762214983713354,,8.1,1.2212142358688067,10.1,,7.0,1.0183299389002036,10.928373106757627,,,,8.390748627498601,0.2753319357092942,,,,0.81,,,,55.77,
GROWW,2026-07-28,Financial Services,,122994.0,50.5,,,23.463181991606255,12.727272727272727,,28.8,13.160023731190334,37.3,,62.0,46.547119420068675,,,,,23.336098132598938,0.030252797347699957,,,,0.0,,,,27.14,
GRSE,2026-07-28,Capital Goods,,29787.0,39.8,,0.8194704222906203,4.254070265638389,11.353711790393014,,31.8,7.032719067318541,43.0,,11.0,10.682662096543845,48.56795183497808,,37.26138415822309,,39.831229396408084,0.014084507042253521,,,,0.53,,,,74.5,
GRWRHITECH,2026-07-28,Capital Goods,,16496.0,48.8,,1.8248242363553744,7.781132075471698,6.21172353455818,,13.4,11.225506476253736,18.0,,20.0,15.943396226415093,26.742301547608594,,21.845761847950683,,13.813118947665327,0.006024096385542169,,,,0.17,,,,60.73,
GSFC,2026-07-28,Chemicals,,6366.0,9.37,,,0.5815823131737621,0.5194805194805194,,5.51,4.6768589298123695,7.16,,7.0,6.148364699433583,-19.006206121734802,,8.357455895390874,,-1.2559219851605574,0.0022010271460014674,,,,3.16,,,,37.84,
GVT&D,2026-07-28,Capital Goods,,105413.0,565.0,,,26.22213930348259,98.25775656324582,,18.6,4.18531781557744,,,12.0,4.651741293532338,,,,,,0.8933200398803589,,,,0.24,,,,51.0,
HAL,2026-07-28,Capital Goods,,307891.0,33.7,,2.09570029028523,9.304935174831515,7.498371335504886,,24.0,6.884416418079523,32.0,,30.0,27.549941068028648,16.080543652266876,,22.98675541129782,,7.1104615311553765,0.0002680246582685607,,,,0.98,,,,71.64,
HAPPSTMNDS,2026-07-28,Information Technology,,5818.0,24.8,,,2.4302422723475354,3.4414414414414414,,13.8,6.218627997769103,13.3,,18.0,9.314954051796157,-3.492736083002246,,3.505579719365115,,13.786374564661873,0.8845470692717584,,,,1.65,,,,44.21,
HAVELLS,2026-07-28,Consumer Durables,,77190.0,46.3,,5.3192301482356115,3.272010512483574,8.14569536423841,,19.0,11.060626610606267,24.9,,9.0,6.913653511932516,8.704267104396246,,6.4032447930098435,,8.265226034418195,0.028024534686971234,,,,0.81,,,,59.35,
HBLENGINE,2026-07-28,Capital Goods,,19262.0,23.0,,0.22520146044161268,5.831668180442023,8.698372966207758,,45.3,27.668252889191024,58.4,,34.0,24.644262791401754,102.13077639415728,,125.87879655169418,,34.12252117893348,0.030248306997742665,,,,0.28,,,,59.11,
HCC,2026-07-28,Construction,,5524.0,30.6,,,1.3914357682619647,2.598522167487685,,11.9,1.955932602804289,24.8,,16.0,4.181360201511335,,,,,-21.7000173659593,0.4790785143394452,,,,0.0,,,,16.18,
HCG,2026-07-28,Healthcare,,10108.0,352.0,,,3.9717092337917483,7.589686098654708,,2.55,0.5862860056079531,8.31,,18.0,0.9037328094302555,-22.676485796543556,,,,14.599149106119768,1.3025525525525525,,,,0.0,,,,64.21,
HCLTECH,2026-07-28,Information Technology,,358367.0,19.8,,5.605834830719834,2.6669370562757675,4.768953068592058,,23.8,15.145249843630552,30.4,,20.0,12.974236087338326,3.532034139053919,,5.239645815601124,,6.927331305887119,0.06938069580256769,,,,4.11,,,,60.88,
HDBFS,2026-07-28,Financial Services,,56773.0,26.1,,1.1331214074278457,,,,14.7,2.0025215574758657,9.79,,,,23.0337189191812,,,,,,,,,0.58,,,,74.12,
HDFCAMC,2026-07-28,Financial Services,,108532.0,36.9,,2.495999623527712,25.51292900799248,11.772093023255813,,32.9,29.50655590031028,42.9,,79.0,69.29948283968031,14.783656075976292,,,,10.41721806114495,0.0,,,,2.1,,,,52.34,
HDFCBANK,2026-07-28,Financial Services,,1135205.0,14.3,,2.104816497821011,,1.8897435897435897,,13.6,1.6812760190565805,7.02,,,,6.79394142662979,,8.3986680847419,,,,,,,1.76,,,,,
HDFCLIFE,2026-07-28,Financial Services,,121126.0,61.3,,7.979197016329381,1.167738390197345,6.2,,11.3,0.5057592534737338,10.3,,1.2,1.904036557501904,7.682477306243962,,7.794675728907419,,0.7320331895709575,0.17459154929577464,,,,0.38,,,,50.54,
HEG,2026-07-28,Capital Goods,,12507.0,35.3,,7.322679579771658,4.73929518757105,2.623481781376518,,7.42,5.822251054168018,8.35,,10.0,13.603637741568775,4.820639714663133,,-3.5893869957730917,,3.3155195177710484,0.16729718369062632,,,,0.52,,,,56.27,
HEMIPROP,2026-07-28,Services,,3820.0,,,,3820.0,8.81578947368421,,-2.7,-0.9458297506448838,-1.14,,-958.0,-1100.0,,,,,-20.62994740159002,0.20046082949308755,,,,0.0,,,,51.12,
HERITGFOOD,2026-07-28,Fast Moving Consumer Goods,,2997.0,23.6,,2.915102109044244,0.6340173471546435,2.7142857142857144,,12.6,6.923076923076923,14.8,,5.0,2.8559339961920878,8.09577130309771,,6.8521966003074475,,7.604250107453603,0.3272892112420671,,,,0.76,,,,41.3,
HEROMOTOCO,2026-07-28,Automobile and Auto Components,,103268.0,17.9,,0.666826876494031,2.1781443125013182,4.7787037037037035,,28.1,17.266015006128,35.2,,15.0,12.182826770158824,26.843549099449394,,14.46269326234486,,11.54811279148773,0.03604645782240526,,,,3.54,,,,34.73,
HEXT,2026-07-28,Information Technology,,36157.0,24.7,,,2.613255276091356,5.747572815533981,,24.9,12.77747202348193,30.1,,14.0,10.067938710610003,-11.726802390083268,,-1.727323327080832,,10.05363711663938,0.1078214059531349,,,,1.94,,,,74.3,
HFCL,2026-07-28,Telecommunication,,28921.0,50.6,,2.7989975893197263,4.825796762890039,5.90625,,6.95,6.811005863779883,10.9,,19.0,10.078424828967128,18.077900528773917,,10.67845769188429,,10.308150968683982,0.3565732978940912,,,,0.05,,,,28.29,
HGINFRA,2026-07-28,Construction,,3496.0,11.8,,,0.6678127984718243,1.0698602794411178,,9.56,3.027245206861756,11.3,,19.0,6.303724928366762,-12.505573408742677,,6.900370020953828,,4.238682831154317,1.5402756508422664,,,,0.37,,,,71.78,
HINDALCO,2026-07-28,Metals & Mining,,210790.0,12.5,,1.2664684333218525,0.7666652118249534,1.542763157894737,,13.0,3.885041531154894,13.2,,13.0,4.870446345437617,9.869965702353456,,30.908647963634863,,7.19685771317724,0.7260420403710565,,,,0.53,,,,34.67,
HINDCOPPER,2026-07-28,Metals & Mining,,45837.0,46.4,,1.011297104387294,14.891812865497077,13.699421965317919,,32.9,20.8106884057971,42.5,,48.0,29.85705003248863,45.88166998471925,,51.507917496174514,,22.436766333255886,0.03320370924319473,,,,0.3,,,,66.14,
HINDPETRO,2026-07-28,Oil Gas & Consumable Fuels,,85113.0,51.0,,,0.1805038915869616,1.2987012987012987,,30.9,0.8229945970971094,22.2,,1.5,0.3543783004262719,-52.92736811164601,,-25.532672391518073,,2.814469739804304,0.8536823479162853,,,,6.14,,,,54.9,
HINDUNILVR,2026-07-28,Fast Moving Consumer Goods,,474585.0,43.0,,3.2267920901420384,7.185020892630049,9.758454106280194,,31.0,18.775238907421805,28.4,,23.0,22.665475685823292,13.32592829000867,,10.993602763095955,,2.189858107427378,0.03032479123494532,,,,2.01,,,,61.9,
HINDZINC,2026-07-28,Metals & Mining,,223097.0,13.2,,0.4391656141112828,4.764993592481845,9.850746268656716,,76.6,40.280859098418695,69.5,,56.0,36.452370781717214,30.05699803412927,,12.125890598135847,,17.404384927197537,0.3856997657872641,,,,2.08,,,,60.71,
HOMEFIRST,2026-07-28,Financial Services,,12335.0,21.2,,1.2208005085590625,,2.8229665071770333,,15.7,3.830685039889233,11.1,,,,17.365654626915926,,21.327201233139604,,,,,,,0.45,,,,6.98,
HONASA,2026-07-28,Fast Moving Consumer Goods,,14744.0,72.4,,,6.1638795986622075,10.414746543778802,,15.7,9.560229445506693,19.2,,10.0,8.361204013377927,,,,,17.012912485469876,0.0956768249468462,,,,0.0,,,,35.47,
HONAUT,2026-07-28,Capital Goods,,33194.0,62.1,,9.975194915216331,7.089705254164887,7.440063404002378,,12.6,8.428319152351902,17.0,,13.0,11.213156770610851,6.225442262313252,,2.6768347223066424,,10.735800820554896,0.024647098364328927,,,,0.29,,,,75.0,
HSCL,2026-07-28,Chemicals,,37664.0,47.2,,1.9648037416277628,7.572175311620426,7.995712754555199,,17.8,12.749762131303521,22.1,,20.0,16.164053075995174,24.022755555675325,,74.61792404925791,,5.926211431119022,0.16362090947726307,,,,0.1,,,,52.49,
HUDCO,2026-07-28,Financial Services,,39027.0,9.15,,0.3488365312538061,,1.7727272727272727,,20.2,2.5503782111988875,8.41,,,,26.23005098437541,,19.926866846325055,,,,,,,2.29,,,,75.0,
HYUNDAI,2026-07-28,Automobile and Auto Components,,162427.0,29.9,,,2.2953662224608906,8.126016260162602,,29.9,15.788861760260433,38.4,,12.0,7.676328024532594,,,,,5.473600153654923,0.05485885585810642,,,,1.06,,,,82.5,
ICICIAMC,2026-07-28,Financial Services,,154159.0,52.4,,,30.974281695800684,,,,,,,73.0,53.2650190878039,,,,,,,,,,0.87,,,,87.59,
ICICIBANK,2026-07-28,Financial Services,,1018083.0,18.2,,2.416281196070515,,2.6925996204933584,,15.9,2.05030162998911,7.18,,,,7.532235912607277,,16.74042117473613,,,,,,,0.84,,,,,
ICICIGI,2026-07-28,Financial Services,,84691.0,34.9,,4.491829155342503,3.058872394986817,4.973607038123167,,16.6,3.1900776497483934,21.9,,11.0,8.769458590674324,7.769663269247573,,13.488196608493276,,10.407809879278297,0.0,,,,0.79,,,,51.22,
ICICIPRULI,2026-07-28,Financial Services,,73882.0,45.9,,1.8209417199521059,1.1661221333080796,5.414893617021277,,12.6,0.502916477708102,10.1,,2.1,2.53799895828401,25.206737534250824,,10.736670979204966,,7.869207622462593,0.19037488078644266,,,,0.32,,,,72.73,
ICIL,2026-07-28,Textiles,,8120.0,64.2,,,1.9608790147307413,3.4453781512605044,,5.47,2.827248441674087,8.14,,9.0,3.0668920550591645,-22.910625360601124,,-12.808278858639222,,11.194529359251003,0.5696095076400679,,,,0.5,,,,58.74,
IDBI,2026-07-28,Financial Services,,91503.0,9.73,,0.5643574832730593,,1.3338557993730407,,14.1,1.9989901280740117,5.92,,,,17.240845188354182,,29.724324794194423,,,,,,,2.36,,,,94.72,
IDEA,2026-07-28,Telecommunication,,140196.0,,,,3.124284090655851,-3.9090909090909096,,,18.029827069787828,-1.6,,42.0,76.9995320125688,,,,,2.086850749906821,-5.3841937468538505,,,,0.0,,,,25.64,
IDFCFIRSTB,2026-07-28,Financial Services,,74062.0,32.2,,,,1.5302491103202847,,3.78,0.5765743230567194,5.98,,,,-12.993357350729596,,67.14995100080594,,,,,,,0.29,,,,0.0,
IEX,2026-07-28,Financial Services,,11779.0,23.2,,1.7671053856513403,18.6376582278481,8.627450980392156,,39.4,20.8128078817734,51.4,,85.0,80.22151898734177,13.128815173322938,,10.588703035888592,,12.070225491681509,0.008064516129032258,,,,2.6,,,,,
IFBIND,2026-07-28,Consumer Durables,,5336.0,36.9,,0.32787260337912105,0.9496351663997152,5.353658536585366,,15.7,5.797101449275362,19.5,,6.0,2.562733582487987,112.54371246545509,,17.49866564367233,,10.232338894120563,0.15678391959798996,,,,0.0,,,,74.96,
IFCI,2026-07-28,Financial Services,,18459.0,100.0,,,,2.0632530120481927,,2.09,1.6371847948814453,5.03,,,,,,,,,,,,,0.0,,,,72.57,
IGIL,2026-07-28,Services,,14186.0,23.2,,,10.407923697725606,9.534883720930234,,54.4,39.3041237113402,68.0,,61.0,44.754218635363166,,,,,40.541565838605706,0.10670978172999192,,,,0.76,,,,76.55,
IGL,2026-07-28,Oil Gas & Consumable Fuels,,21028.0,13.6,,,1.3005937654626423,1.8248175182481752,,14.0,9.067418369743951,17.9,,11.0,9.549727857496288,-1.856040458885,,5.725736808005943,,4.586102888174648,0.008518776077885953,,,,2.81,,,,45.0,
IIFL,2026-07-28,Financial Services,,24715.0,11.7,,1.972584509181504,,1.7767584097859328,,12.6,2.535201771045209,10.9,,,,5.931304816367411,,11.919749409905457,,,,,,,0.68,,,,24.84,
IIFLCAPS,2026-07-28,Financial Services,,10598.0,18.6,,5.843773916101726,4.354149548069022,3.4247967479674797,,20.2,5.984515589035363,23.2,,35.0,23.500410846343467,3.182874674317948,,12.665083827423196,,3.161653284843058,0.5941272430668841,,,,0.89,,,,30.67,
IKS,2026-07-28,Information Technology,,31157.0,43.2,,1.3085929351280352,9.754852849092048,13.854961832061068,,40.3,20.02218524681087,36.9,,34.0,22.60488415779587,33.01255787062096,,-26.808194537027262,,45.77803173352124,0.34181169120928157,,,,0.0,,,,63.72,
IMFA,2026-07-28,Metals & Mining,,7268.0,17.1,,0.7277002210438631,2.5718329794762917,2.6726190476190474,,16.8,9.844799629372249,18.4,,21.0,15.038924274593066,23.498687379083915,,20.588481697207662,,1.8345970972546866,0.3524650478292862,,,,0.92,,,,58.69,
INDGN,2026-07-28,Healthcare,,12201.0,29.5,,2.5505893446385985,3.476068376068376,3.8923076923076922,,14.4,8.679653679653681,18.8,,18.0,11.424501424501425,11.565954379135835,,-55.479594890836296,,15.03127614496873,0.04587448231920994,,,,0.43,,,,,
INDHOTEL,2026-07-28,Consumer Services,,104907.0,54.0,,2.781442168518911,10.50435566236107,8.037077426390404,,14.2,11.418822016715296,17.1,,33.0,23.120056072894762,19.414388913487436,,,,13.842260822389441,0.2173613239350291,,,,0.44,,,,38.12,
INDIACEM,2026-07-28,Construction Materials,,12064.0,89.4,,,2.6934583612413485,1.1896024464831805,,0.37,0.6864134895172722,1.24,,10.0,2.054029917392275,,,3.3282677198680277,,-3.588626445050125,0.12890161991307783,,,,0.0,,,,75.0,
INDIAGLYCO,2026-07-28,Fast Moving Consumer Goods,,7654.0,26.1,,0.8910241752627206,1.8176205176917597,2.6073059360730593,,11.3,4.491798252337881,12.4,,15.0,6.9579672286867735,29.29213451734276,,15.489865057597463,,16.678768831751988,0.5765427889532901,,,,0.64,,,,59.63,
INDIAMART,2026-07-28,Consumer Services,,10519.0,21.3,,1.5413596738522992,6.529484792054625,4.383458646616542,,20.7,10.659459459459459,28.0,,30.0,30.60211049037865,13.818967993865572,,11.005629885583733,,10.407979781575815,0.009583333333333333,,,,1.69,,,,49.07,
INDIANB,2026-07-28,Financial Services,,112606.0,8.81,,0.58987010048128,,1.3418940609951846,,15.4,1.2895931937072451,6.32,,,,14.93549171726427,,23.332616656941706,,,,,,,2.16,,,,73.84,
INDIASHLTR,2026-07-28,Financial Services,,7955.0,15.8,,1.6955715562304918,,2.4863945578231292,,17.0,5.231409256370255,12.8,,,,9.318391749343657,,17.872813541235267,,,,,,,1.36,,,,46.05,
INDIGO,2026-07-28,Services,,203773.0,,,,2.288298708590679,29.27777777777778,,-12.2,-3.5352421287922238,7.12,,11.0,-5.39921392476137,,,,,8.925567144997594,11.153206139721703,,,,0.19,,,,41.57,
INDIGOPNTS,2026-07-28,Consumer Durables,,5097.0,34.1,,10.840549189931604,3.627758007117438,4.413223140495868,,13.7,9.085328422344997,18.6,,18.0,10.533807829181494,3.145597091305219,,,,9.402068669182562,0.018197573656845753,,,,0.33,,,,53.88,
INDUSINDBK,2026-07-28,Financial Services,,77274.0,58.4,,,,1.178147268408551,,1.36,0.24328571901787652,5.68,,,,-47.20809930553387,,-22.835772596224903,,,,,,,0.15,,,,15.82,
INDUSTOWER,2026-07-28,Telecommunication,,100514.0,14.1,,2.1424704175544207,3.058204277847081,2.54,,19.8,10.031409501374165,19.5,,55.0,21.76651352420361,6.581187718845993,,2.775999268813867,,4.743307184111467,0.532891086112092,,,,0.0,,,,51.26,
INFY,2026-07-28,Information Technology,,448667.0,14.4,,2.609651636277996,2.430719138377523,4.915555555555556,,31.9,19.654801410349478,40.0,,24.0,16.42901257977484,5.517977878663505,,7.15395870520994,,6.300037738001096,0.09882393486408478,,,,4.33,,,,13.82,
INOXGREEN,2026-07-28,Services,,7767.0,75.2,,,27.640569395017792,4.541176470588235,,5.62,4.874585896829153,8.42,,8.0,36.654804270462634,,,,,3.4246836315814377,0.051552431165787935,,,,0.0,,,,56.12,
INOXINDIA,2026-07-28,Capital Goods,,17191.0,66.0,,3.557215565141312,10.832388153749212,15.398373983739837,,26.1,12.823061630218687,33.5,,22.0,16.257088846880908,18.55383762703684,,-23.135951205539772,,17.995813862247644,0.07251566696508505,,,,0.1,,,,74.86,
INOXWIND,2026-07-28,Capital Goods,,13122.0,32.4,,,2.984307482374346,2.0569105691056913,,7.09,3.7205833609545906,10.5,,20.0,10.211507846258813,,,,,81.36897248549997,0.2486681291131307,,,,0.0,,,,44.18,
INTELLECT,2026-07-28,Information Technology,,10180.0,27.6,,3.4968208965642513,3.3508887425938116,3.198237885462555,,12.4,7.556730557391496,16.0,,19.0,11.29032258064516,7.892883512311988,,4.589343079033226,,10.839884974117876,0.050157728706624605,,,,0.55,,,,29.63,
IOB,2026-07-28,Financial Services,,65357.0,11.0,,0.3680010641942042,,1.6782178217821782,,15.6,1.26016561088844,6.12,,,,29.891217907443334,,27.980320665844904,,,,,,,0.0,,,,92.44,
IOC,2026-07-28,Oil Gas & Consumable Fuels,,199533.0,4.73,,0.07551888531582143,0.25437172925046053,0.9096774193548387,,20.7,8.25722414950232,18.8,,10.0,5.568098519278698,62.63333972977818,,14.240643866716752,,-2.3242945835953877,0.6005065643819641,,,,5.0,,,,51.5,
IONEXCHANG,2026-07-28,Utilities,,6116.0,39.6,,,2.09811320754717,4.567360350492881,,12.1,4.230769230769231,14.1,,7.0,4.905660377358491,-10.141046984434476,,-0.1636335217125584,,13.569529757561604,0.35997012696041825,,,,0.29,,,,25.43,
IPCALAB,2026-07-28,Healthcare,,45413.0,38.5,,1.1233073466380776,4.7310136472549225,5.628930817610063,,15.7,9.587044534412955,17.0,,21.0,12.334618189394728,34.27378990729992,,0.01779517863382818,,15.66041178276274,0.1003348629542354,,,,0.34,,,,44.72,
IRB,2026-07-28,Construction,,23480.0,26.8,,5.082823508160359,3.0700836820083683,1.121387283236994,,4.31,1.5725015725015727,7.48,,52.0,11.114016736401673,5.272659960939663,,32.71799855827655,,6.107008324105223,0.9559883526659984,,,,0.79,,,,30.81,
IRCON,2026-07-28,Construction,,11719.0,19.6,,,1.2919193032741705,1.7705382436260624,,9.19,2.7784296240672077,9.69,,8.0,6.526292580751846,-8.041241009575428,,8.758216198408398,,-4.35695534086703,0.8624792890495556,,,,2.13,,,,65.17,
IRCTC,2026-07-28,Consumer Services,,38868.0,28.2,,2.454214390957228,7.453116011505273,9.01669758812616,,34.6,18.37730870712401,46.1,,32.0,26.711409395973156,11.490438693500217,,,,13.773939302582704,0.018797864933859366,,,,1.72,,,,62.4,
IREDA,2026-07-28,Financial Services,,33767.0,18.0,,1.2172192564908926,,2.4439918533604885,,15.6,1.997697424526693,8.69,,,,14.787804172513663,,15.968420690306417,,,,,,,0.5,,,,71.76,
IRFC,2026-07-28,Financial Services,,114219.0,16.3,,4.8096730992975365,,2.013824884792627,,12.8,1.3565561396310262,5.64,,,,3.3890037146975027,,9.660347527318592,,,,,,,2.37,,,,82.9,
ITC,2026-07-28,Fast Moving Consumer Goods,,357090.0,17.0,,7.526721257710131,4.52769183952934,4.922279792746114,,29.3,22.44625521962472,38.9,,35.0,26.649591722878736,2.2586195792206,,9.082196303157431,,3.6046882367709587,0.03308646061759554,,,,5.12,,,,,
ITCHOTELS,2026-07-28,Consumer Services,,33536.0,36.4,,,7.872300469483568,2.875,,7.89,6.446587537091989,11.2,,35.0,20.399061032863848,,,,,24.191423597193506,0.006347572482415509,,,,0.6,,,,39.85,
ITI,2026-07-28,Telecommunication,,26376.0,,,,12.076923076923077,13.838383838383837,,-8.86,3.1346956242644697,1.41,,2.0,13.415750915750916,,,97.9587563373977,,16.11619841358809,0.40136411332633787,,,,0.0,,,,90.02,
IXIGO,2026-07-28,Consumer Services,,8437.0,114.0,,2.7341951704587673,6.870521172638436,4.102564102564103,,5.54,2.7941755214482487,6.8,,5.0,5.781758957654723,41.69417063993719,,-60.63657168179852,,34.83010735387062,0.02149487054225696,,,,0.0,,,,,
J&KBANK,2026-07-28,Financial Services,,19546.0,8.31,,0.35707737722746286,,1.1866666666666668,,15.4,1.2489415749364945,5.84,,,,23.272266824975652,,28.952432774100757,,,,,,,1.15,,,,59.4,
JAIBALAJI,2026-07-28,Metals & Mining,,5434.0,18.5,,0.3105435512633158,0.9391634980988594,2.4426229508196724,,30.7,7.429006085192698,36.1,,9.0,5.063947459384722,59.57296464454191,,,,-1.8800212620600387,0.20666366501575867,,,,0.0,,,,64.84,
JAINREC,2026-07-28,Metals & Mining,,11654.0,33.1,,,1.2212092633343812,7.47787610619469,,30.8,10.2602010644589,25.5,,6.0,3.63617311118097,-24.02234901290924,,,,46.037835564926866,0.8174247277386291,,,,0.0,,,,73.59,
JAMNAAUTO,2026-07-28,Automobile and Auto Components,,5272.0,22.0,,1.9900338226855825,2.0183767228177643,4.599303135888502,,22.4,14.016990291262136,27.5,,15.0,8.843797856049004,11.055088486039221,,25.862208995229665,,3.9561223996381623,0.010462074978204011,,,,1.58,,,,49.84,
JAYNECOIND,2026-07-28,Capital Goods,,8642.0,,,,3.2934451219512195,2.6807228915662646,,-0.87,-1.3243167089320935,2.93,,9.0,-3.5823170731707314,,,,,1.0241832549034102,1.9396511079679397,,,,0.0,,,,55.15,
JBCHEPHARM,2026-07-28,Healthcare,,38677.0,53.8,,2.8917136478252994,9.324252651880425,9.301158301158301,,18.9,14.288593309149537,25.4,,27.0,17.092574734811958,18.604885044706986,,8.799140895323454,,9.619721834441886,0.0009617696561673479,,,,0.91,,,,48.8,
JBMA,2026-07-28,Automobile and Auto Components,,15643.0,69.6,,3.3618046076371693,2.5694809461235217,10.169230769230769,,15.6,3.229308005427409,14.8,,11.0,3.9093298291721417,20.703166341638777,,34.77696721890746,,16.432708858933974,1.9681611435997401,,,,0.13,,,,67.53,
JINDALSAW,2026-07-28,Capital Goods,,16496.0,25.3,,,0.9032470021354652,1.3096446700507614,,8.2,2.7860189134062674,10.4,,11.0,3.2908065487597873,-26.952380178248013,,9.676354260748132,,-4.4844470151159666,0.3730714172101161,,,,0.77,,,,63.25,
JINDALSTEL,2026-07-28,Metals & Mining,,107568.0,34.9,,,1.9067945331749774,2.1122244488977957,,8.22,2.7710153229271084,9.7,,16.0,4.802084625884104,-22.92742458783412,,-13.92369378603393,,3.86002116014843,0.4442130493722863,,,,0.19,,,,62.71,
JIOFIN,2026-07-28,Financial Services,,156825.0,75.8,,9.305363008567566,31.972477064220183,1.127962085308057,,1.19,1.2636317485947755,1.86,,66.0,42.120285423037714,8.14584019239335,,,,38.281802711043824,0.1626261645237686,,,,0.21,,,,49.13,
JKCEMENT,2026-07-28,Construction Materials,,43390.0,44.4,,7.236083818149047,3.012985209360461,6.164654226125137,,15.6,5.07027027027027,15.1,,16.0,6.513436566905076,6.135915657670932,,6.592177336621341,,7.612248474846828,0.8786414665340344,,,,0.35,,,,45.66,
JKLAKSHMI,2026-07-28,Construction Materials,,6977.0,17.5,,6.076485019255442,1.0316427620878308,1.7955271565495208,,10.7,4.831539541413196,12.0,,15.0,6.106757356202869,2.8799544382229536,,-0.7424376484409856,,1.581590761174989,0.6654657745753989,,,,1.14,,,,45.12,
JKPAPER,2026-07-28,Forest Materials,,7177.0,22.0,,,0.9805984424101654,1.3026315789473684,,5.08,3.103055608274815,7.64,,13.0,4.4678234731520705,-35.342146206517434,,-10.985815286752675,,3.2002883519525627,0.46702898550724636,,,,1.26,,,,52.94,
JKTYRE,2026-07-28,Automobile and Auto Components,,11560.0,13.1,,0.3621016552820225,0.7080296441477307,1.9095238095238096,,16.0,4.876209626743748,15.5,,12.0,4.752863355178539,36.17768604177487,,15.72495375171561,,3.6905088121583773,0.805477643953143,,,,1.0,,,,51.72,
JLHL,2026-07-28,Healthcare,,10720.0,56.6,,1.7744770474944436,7.1466666666666665,6.942675159235669,,13.1,8.209902666102412,14.8,,23.0,12.933333333333334,31.89672139175823,,,,18.872099548048404,0.3779935275080906,,,,0.06,,,,40.91,
JMFINANCIL,2026-07-28,Financial Services,,11723.0,9.71,,0.3711829983320259,2.7759886336727444,1.0990990990990992,,11.9,4.560124539621065,11.6,,63.0,28.43949798721288,26.159603332139515,,15.220279854163387,,8.65600963369313,1.0916682304372303,,,,2.71,,,,57.03,
JPPOWER,2026-07-28,Power,,11603.0,13.9,,,2.015809589993051,0.9086021505376343,,3.6,3.569439803987081,6.97,,26.0,11.136205698401668,-14.234255536458374,,42.49563932239631,,-5.2322726221009646,0.26633678919258563,,,,0.0,,,,24.0,
JSFB,2026-07-28,Financial Services,,5619.0,14.8,,,,1.2636579572446556,,7.63,0.8008767492834261,7.45,,,,-17.406952514002217,,102.09355935081841,,,,,,,0.0,,,,16.94,
JSL,2026-07-28,Metals & Mining,,59725.0,18.4,,1.2526432917031236,1.39040856710511,3.0166666666666666,,17.8,7.824783805031446,19.3,,13.0,7.414736351996274,14.6889382810512,,35.12391913574506,,6.363838363720986,0.37693901268253244,,,,0.41,,,,62.04,
JSLL,2026-07-28,Consumer Services,,7035.0,31.7,,0.22026387081171406,8.782771535580524,15.053191489361701,,61.3,32.93768545994065,64.1,,44.0,27.715355805243448,143.91829165255064,,,,75.96990265124597,0.27194860813704497,,,,0.19,,,,63.62,
JSWCEMENT,2026-07-28,Construction Materials,,18228.0,27.9,,,2.8038763267189664,2.7916666666666665,,14.7,-5.554396941258255,11.1,,19.0,-12.290416858944777,,,,,3.816889153865133,0.6815267175572519,,,,0.37,,,,72.02,
JSWDULUX,2026-07-28,Consumer Durables,,13325.0,36.9,,0.45781958456492294,3.702417338149486,5.438661710037175,,19.1,52.015810276679844,22.7,,14.0,54.848569046957486,80.5994353322979,,56.89455477971119,,-1.8124150694969754,0.03221859706362153,,,,1.72,,,,61.2,
JSWENERGY,2026-07-28,Power,,99668.0,49.6,,24.832210767821405,5.255365146322172,3.1085714285714285,,7.51,1.986155871638922,8.16,,54.0,12.96598998154495,1.9974057269308343,,1.1165558449265367,,18.193795283292257,2.5022275698351275,,,,0.36,,,,66.53,
JSWINFRA,2026-07-28,Services,,73861.0,47.6,,6.02209525356822,13.231995700465783,6.11969111969112,,15.4,7.441791924550545,13.7,,48.0,27.140809745610895,7.904225688193156,,-33.71966519814528,,14.047351610155978,0.6342741564769697,,,,0.28,,,,73.93,
JSWSTEEL,2026-07-28,Metals & Mining,,305119.0,25.3,,0.6146347349365192,1.6085393305814315,3.0513447432762835,,10.2,10.381668632119203,11.0,,16.0,14.75852325146162,41.162658993903165,,3.462194822136988,,2.7215450719414225,0.9925739358140185,,,,0.57,,,,44.29,
JUBLFOOD,2026-07-28,Consumer Services,,28439.0,68.4,,10.28465904249618,2.9894880689582677,12.420749279538905,,18.9,4.643865704424224,14.6,,20.0,4.667297382529171,6.650682314053524,,13.080446871596973,,22.634327256065845,2.1387434554973823,,,,0.28,,,,40.27,
JUBLINGREA,2026-07-28,Chemicals,,11576.0,36.4,,1.9107654309650721,2.488927112448936,3.7091836734693877,,9.51,5.634573304157549,11.4,,13.0,6.643732530638573,19.049957367930514,,-8.334780912691786,,3.989287635711003,0.2533589251439539,,,,0.67,,,,45.22,
JUBLPHARMA,2026-07-28,Healthcare,,15372.0,35.2,,,1.8565217391304347,2.168539325842697,,6.55,2.563937383237776,8.99,,15.0,4.806763285024155,,,-13.76665192660801,,9.642131091243167,0.5096574087128155,,,,0.51,,,,47.67,
JUSTDIAL,2026-07-28,Consumer Services,,6169.0,44.2,,6.108278135657292,5.914669223394055,1.53276955602537,,3.63,7.467599259411643,4.81,,21.0,34.80345158197507,7.2360817596011096,,5.968771553146968,,15.609497060245236,0.021128511061396966,,,,0.0,,,,74.14,
JWL,2026-07-28,Capital Goods,,10507.0,57.4,,6.647616277946751,3.603223593964335,3.5294117647058822,,6.39,3.5229202037351444,9.16,,12.0,5.692729766803841,8.634674084667404,,-7.696720409912516,,12.136155285376216,0.33445265278710545,,,,0.4,,,,68.31,
JYOTHYLAB,2026-07-28,Fast Moving Consumer Goods,,7539.0,20.6,,0.6484043836759592,2.6480505795574287,3.673835125448029,,19.0,13.749535488665924,24.6,,18.0,12.996136283807516,31.770297238297008,,16.808551149837747,,9.039799382870006,0.02975609756097561,,,,1.67,,,,62.89,
JYOTICNC,2026-07-28,Capital Goods,,18330.0,54.5,,,8.75776397515528,9.159090909090908,,18.2,9.294605809128631,21.3,,25.0,16.05351170568562,,,,,31.09451005281436,0.42628685657171417,,,,0.0,,,,62.55,
KAJARIACER,2026-07-28,Consumer Durables,,18973.0,36.5,,3.0177977871598713,3.9281573498964804,6.286458333333333,,17.9,12.087366592206502,23.3,,18.0,10.082815734989648,12.094912440886606,,9.501967352219687,,3.297922178540702,0.07469015003261578,,,,0.74,,,,47.69,
KALYANKJIL,2026-07-28,Consumer Durables,,62873.0,45.7,,0.9927529283457674,1.7590297400889685,9.967266775777414,,24.8,6.5163875078438,20.5,,7.0,3.7769633214895224,46.03360886192529,,,,36.44428379565146,0.9695672848311936,,,,0.27,,,,62.86,
KANSAINER,2026-07-28,Consumer Durables,,15980.0,27.6,,3.655682372956256,1.9846000993541977,2.3855421686746987,,8.82,6.612329238893354,12.0,,12.0,7.153502235469449,7.549890057237274,,2.1638488011905377,,2.2005468246584448,0.0451295799821269,,,,1.24,,,,74.96,
KARURVYSYA,2026-07-28,Financial Services,,32539.0,11.9,,0.6093323569603429,,2.308219178082192,,19.1,2.009472705577476,7.62,,,,19.529571774857324,,32.28788236333466,,,,,,,0.77,,,,2.07,
KAYNES,2026-07-28,Capital Goods,,21643.0,59.2,,1.205258135435259,5.968836183121898,4.5607344632768365,,9.64,5.279953582825645,13.2,,16.0,10.038610038610038,49.11810861050186,,31.527060618778748,,47.671426357442904,0.19229149115417019,,,,0.0,,,,53.46,
KEC,2026-07-28,Construction,,12393.0,19.0,,0.38619292012996564,0.5272270909555007,2.017316017316017,,11.3,2.4087765323157644,14.5,,7.0,2.578065174848975,49.198209002914716,,1.1366555971116687,,10.797061819302044,0.8731937002760188,,,,1.19,,,,50.1,
KEI,2026-07-28,Capital Goods,,46353.0,50.5,,2.297347415659363,3.945607763023493,6.956958393113343,,14.8,10.250111656989727,20.1,,10.0,7.814096016343207,21.981873379610704,,25.934022660665335,,19.340193073065848,0.03795948987246812,,,,0.09,,,,35.0,
KFINTECH,2026-07-28,Financial Services,,16730.0,47.7,,4.249535215861433,12.08815028901734,9.97938144329897,,21.6,12.346570397111915,29.2,,39.0,24.710982658959537,11.224756962116533,,17.421686589295106,,18.203596437218984,0.032855436081242535,,,,1.24,,,,22.82,
KIMS,2026-07-28,Healthcare,,33523.0,135.0,,,8.584635083226633,14.199288256227756,,11.3,3.118958628689264,9.29,,21.0,6.197183098591549,-10.49641339833448,,3.0457277761090085,,21.114958129942462,1.892745883400089,,,,0.0,,,,32.49,
KIRLOSBROS,2026-07-28,Capital Goods,,14693.0,37.4,,2.237095903452987,3.237769942706038,5.967741935483871,,17.3,8.55457227138643,20.4,,12.0,8.307624504186867,16.71810311854427,,18.31927943626692,,6.754261343650092,0.10146103896103896,,,,0.38,,,,65.95,
KIRLOSENG,2026-07-28,Capital Goods,,31917.0,54.4,,2.7428288294349494,4.144526684846124,8.811244979919678,,17.5,5.181633782039461,14.6,,18.0,7.297753538501493,19.833538067049904,,23.994787170763377,,15.331463243441746,1.4845303867403314,,,,0.32,,,,41.06,
KIRLPNU,2026-07-28,Capital Goods,,9387.0,35.6,,0.3874639237395792,5.191924778761062,7.526041666666667,,22.6,14.911781445645989,29.6,,19.0,14.491150442477876,91.87952172787921,,48.05587574861994,,52.578572690943574,0.0024019215372297837,,,,0.84,,,,38.81,
KITEX,2026-07-28,Textiles,,2901.0,289.0,,,4.349325337331335,2.810077519379845,,0.97,-0.4273504273504274,1.53,,4.3,-1.9490254872563717,-52.948198555948565,,-35.65564228114003,,6.191611859813517,1.1640776699029127,,,,0.34,,,,56.66,
KNRCON,2026-07-28,Construction,,3394.0,7.78,,,1.2579688658265382,0.6836158192090396,,9.19,5.3804481654764835,10.4,,26.0,16.19718309859155,-1.5588579672686897,,1.4090059927290843,,-12.749616990736968,0.4915526950925181,,,,0.2,,,,48.81,
KOTAKBANK,2026-07-28,Financial Services,,383322.0,19.1,,5.233244128635515,,2.1153846153846154,,11.4,2.0228174929461518,6.98,,,,3.6497437403097077,,10.865539780473,,,,,,,0.17,,,,25.87,
KPIGREEN,2026-07-28,Power,,7650.0,16.2,,0.305780199446002,2.8375370919881306,2.512987012987013,,17.4,5.150779194495041,13.8,,36.0,18.879821958456976,52.97923158317768,,78.01012726581536,,61.167699491323745,1.7129202373104813,,,,0.17,,,,49.41,
KPIL,2026-07-28,Construction,,21587.0,22.1,,0.7144006038880607,0.7953063404929448,2.778021978021978,,13.7,3.7217529420258466,18.3,,9.0,3.798401061047047,30.935024242312714,,6.209954074486634,,18.38118074477164,0.4556327160493827,,,,0.86,,,,33.58,
KPITTECH,2026-07-28,Information Technology,,16517.0,24.4,,1.3044569313547874,2.558791634391944,4.666666666666667,,21.0,8.778941565600883,26.3,,19.0,9.868319132455461,18.705102034038458,,34.2576835313221,,24.252096704797243,0.23665631177633437,,,,1.41,,,,38.59,
KPRMILL,2026-07-28,Textiles,,35549.0,42.3,,20.17373685761079,5.345714285714286,6.227544910179641,,15.7,12.67378896531538,19.6,,19.0,13.022556390977444,2.096785553343916,,11.109510085235419,,2.4402374690065676,0.10461646480603827,,,,0.47,,,,67.52,
KRBL,2026-07-28,Fast Moving Consumer Goods,,7925.0,12.3,,,1.2996064283371598,1.3622047244094488,,11.7,9.821157926644437,15.2,,15.0,10.626434896687439,-1.6732407901163815,,3.583798035502417,,4.3612401395846545,0.029275012915446874,,,,1.0,,,,60.17,
KRN,2026-07-28,Capital Goods,,8102.0,106.0,,,13.503333333333334,13.398268398268398,,14.3,8.15450643776824,16.1,,19.0,12.666666666666668,,,,,,0.32578397212543553,,,,0.0,,,,65.69,
KSB,2026-07-28,Capital Goods,,14710.0,53.5,,7.220328652102672,5.444115470022206,8.756476683937823,,18.4,9.273182957393484,24.7,,13.0,9.585492227979273,7.409635014940763,,11.599837168583171,,6.339371889421086,0.0029779630732578916,,,,0.51,,,,69.8,
KSCL,2026-07-28,Fast Moving Consumer Goods,,4254.0,14.4,,2.4918471882024527,3.0494623655913977,2.41812865497076,,18.2,10.728524827836171,18.8,,24.0,21.21863799283154,5.778845536024924,,2.2440019329947214,,9.311952504727895,0.0,,,,0.6,,,,60.5,
KTKBANK,2026-07-28,Financial Services,,10465.0,7.96,,,,0.7914285714285715,,10.4,1.013490008117197,6.06,,,,-2.823663014638289,,17.432246283303286,,,,,,,1.8,,,,,
LALPATHLAB,2026-07-28,Healthcare,,30279.0,53.9,,3.6616161370546583,10.47353856796956,12.04,,22.3,17.388535031847134,28.0,,29.0,18.886198547215496,14.720275960810092,,9.344238647204751,,9.087743456480268,0.07931446791550419,,,,0.76,,,,53.19,
LATENTVIEW,2026-07-28,Information Technology,,6445.0,33.3,,4.145363726695326,6.080188679245283,3.6674528301886795,,11.9,9.69755160825732,15.8,,22.0,19.056603773584907,8.033070725628866,,-38.90496113377749,,25.28691052822778,0.01879271070615034,,,,0.0,,,,65.1,
LAURUSLABS,2026-07-28,Healthcare,,94976.0,86.8,,0.9711472627763091,13.064099037138927,17.90224032586558,,18.3,10.379602321377604,17.8,,28.0,15.006877579092158,89.37882371398211,,5.618004403862731,,12.981127497740585,0.4750943396226415,,,,0.12,,,,27.47,
LEMONTREE,2026-07-28,Consumer Services,,8735.0,35.2,,1.37735966121644,6.049168975069252,6.249999999999999,,19.4,6.721120186697783,14.0,,48.0,19.94459833795014,25.556142662775883,,,,18.173395234635926,1.4396551724137931,,,,0.0,,,,22.32,
LENSKART,2026-07-28,Consumer Services,,96673.0,192.0,,,10.96811890174722,11.053677932405567,,6.86,3.476028585304933,8.44,,20.0,5.684138869979578,,,-5.607861356340593,,32.51174058463737,0.35442893110551615,,,,0.0,,,,17.53,
LGEINDIA,2026-07-28,Consumer Durables,,102559.0,60.9,,,4.168217841902052,13.371681415929203,,24.7,12.356996186564976,32.2,,10.0,6.848201585043691,,,,,7.393566817809871,0.059874771719279934,,,,0.0,,,,85.0,
LICHSGFIN,2026-07-28,Financial Services,,30135.0,5.47,,0.22156546858882195,,0.7277556440903055,,14.4,1.7231783477290268,8.59,,,,24.68796259109829,,13.40528665040852,,,,,,,1.79,,,,45.24,
LICI,2026-07-28,Financial Services,,540092.0,9.37,,0.5557101345301306,0.5523700821868492,3.05,,37.8,0.9658310352966333,35.1,,5.0,5.8759097212847164,16.861308473207192,,,,7.611313253053642,0.0,,,,2.37,,,,96.5,
LINDEINDIA,2026-07-28,Chemicals,,57010.0,104.0,,154.81723307379195,22.524693796918214,13.37,,13.6,9.452479338842975,18.2,,36.0,21.691031212959306,0.6717598418157333,,29.43268436866513,,-6.895208820689902,0.018518518518518517,,,,0.06,,,,75.0,
LLOYDSENGG,2026-07-28,Capital Goods,,13347.0,70.3,,,10.259031514219831,7.608333333333333,,16.4,8.357956943858168,17.1,,15.0,15.219062259800154,,,,,,0.06523040095751047,,,,0.27,,,,41.92,
LLOYDSENT,2026-07-28,Metals & Mining,,12155.0,1103.0,,13.60403075504383,6.921981776765376,2.88086642599278,,0.33,5.807799442896936,3.67,,7.0,23.74715261958998,81.0789110860435,,185.5950791414727,,66.56367906448925,0.19261404779145547,,,,0.18,,,,62.72,
LLOYDSME,2026-07-28,Metals & Mining,,111425.0,30.0,,,6.511131888038333,8.044715447154472,,36.6,9.193277310924369,27.3,,36.0,22.374802781511132,,,479.58288143748337,,72.17266387561526,1.4934755965683801,,,,0.05,,,,61.63,
LODHA,2026-07-28,Realty,,130007.0,31.5,,0.8203707593472119,7.150706781805181,5.583690987124464,,15.5,7.036468984321745,16.4,,32.0,22.710521973488806,38.3972729904041,,27.021583540160044,,20.791250619056314,0.42497638065790605,,,,0.34,,,,70.31,
LOTUSDEV,2026-07-28,Realty,,9198.0,38.8,,,11.960988296488948,4.8081841432225065,,16.7,10.336027222458528,21.2,,36.0,31.599479843953187,,,,,65.70917115499554,0.0685504971219257,,,,0.0,,,,81.87,
LT,2026-07-28,Construction,,527152.0,32.1,,1.9802369760543292,1.84400120332734,4.826196473551637,,15.9,4.189812614532376,14.6,,12.0,6.6301937217095634,16.210181098607723,,7.230557129451998,,15.959149368587134,1.1482935309726416,,,,1.0,,,,,
LTF,2026-07-28,Financial Services,,77863.0,24.3,,2.230489948056531,,2.7767857142857144,,11.2,2.2491982220221685,8.4,,,,10.89446738873361,,24.031367165201445,,,,,,,0.89,,,,65.96,
LTFOODS,2026-07-28,Fast Moving Consumer Goods,,12866.0,20.6,,1.3043107213291876,1.1754065412022656,2.8461538461538463,,14.9,6.89541041482789,17.7,,11.0,5.709848346427919,15.793782618766716,,16.012978828917433,,16.425680878770542,0.356115903561159,,,,0.8,,,,51.0,
LTM,2026-07-28,Information Technology,,127547.0,22.8,,5.102745288614356,2.893862733976177,5.308641975308642,,23.1,13.989986001938192,29.6,,18.0,11.79126488939308,4.468183048617602,,-4.773232056999255,,7.461281477044723,0.09614984391259106,,,,1.75,,,,68.49,
LTTS,2026-07-28,Information Technology,,38185.0,28.4,,85.67732466345846,3.3017725897103327,5.8919803600654665,,21.5,12.603680045762228,26.7,,18.0,11.431041936878513,0.33147626996472557,,6.546342106296543,,6.230963265553813,0.08929399042175189,,,,1.61,,,,73.52,
LUMAXTECH,2026-07-28,Automobile and Auto Components,,10128.0,35.2,,0.7955077766665364,2.079671457905544,8.348314606741573,,26.8,8.538130225487713,21.4,,14.0,6.9199178644763855,44.24846749770399,,42.71521838761472,,38.15099651331679,1.0165152766308836,,,,0.38,,,,55.98,
LUPIN,2026-07-28,Healthcare,,109665.0,19.3,,0.1472052901854151,3.9224908791759066,4.883910386965376,,28.7,14.038169139621454,29.9,,29.0,19.15373059589384,131.1094185249072,,34.18920682124149,,18.877645352363892,0.2947255880256593,,,,0.75,,,,46.85,
LXCHEM,2026-07-28,Chemicals,,5436.0,68.0,,,1.9093782929399368,2.7374301675977657,,4.11,2.2945106012198666,4.72,,6.0,2.7748507200562,-15.259818134071345,,-9.912652689950697,,0.592360693992533,0.27355163727959697,,,,0.16,,,,69.34,
M&M,2026-07-28,Automobile and Auto Components,,406932.0,23.4,,1.2664388331851757,2.0486007279537253,4.36849132176235,,20.3,5.892031108608023,15.1,,19.0,9.37479548326361,18.477007642878007,,56.64229405833143,,17.84936997453506,1.4708959472378271,,,,1.02,,,,18.44,
M&MFIN,2026-07-28,Financial Services,,52054.0,15.5,,0.8175176718856941,,1.9479166666666667,,12.3,2.0549154080835077,8.72,,,,18.95983479384311,,23.393564717944002,,,,,,,2.01,,,,52.49,
MAHABANK,2026-07-28,Financial Services,,61917.0,8.33,,0.4282781018117128,,1.7349137931034484,,22.6,1.7629266078868506,6.03,,,,19.449978798267352,,41.79012750769475,,,,,,,2.72,,,,73.6,
MAHSCOOTER,2026-07-28,Financial Services,,14515.0,46.7,,2.7926656880707665,46.373801916932905,0.5252688172043011,,1.06,1.0100353999545322,1.06,,99.0,99.36102236421725,16.722373966739056,,103.90122671744635,,12.986928118619968,-0.0,,,,1.72,,,,51.0,
MAHSEAMLES,2026-07-28,Capital Goods,,7715.0,11.0,,,1.6506204535729567,1.1228070175438596,,10.6,9.05801783176121,14.3,,14.0,14.997860504920837,-2.8427347526700397,,48.205570490953995,,-6.4883982637391036,0.0018906340895869691,,,,1.72,,,,70.28,
MANAPPURAM,2026-07-28,Financial Services,,33990.0,34.2,,,,2.1169590643274856,,6.97,1.3318311672635095,8.25,,,,-15.450397972222774,,-12.11473942217972,,,,,,,0.96,,,,41.66,
MANKIND,2026-07-28,Healthcare,,108535.0,53.8,,4.0955178714769165,7.601554839613391,6.653164556962025,,13.1,6.9825256710502615,13.5,,25.0,13.57332959798291,13.136311862948546,,7.964575298843979,,17.734294855006148,0.38723926380368096,,,,0.04,,,,72.63,
MANORAMA,2026-07-28,Fast Moving Consumer Goods,,10314.0,45.9,,,7.544989027066569,14.333333333333334,,39.4,18.75,35.0,,26.0,16.459400146305782,,,,,,0.5219941348973607,,,,0.04,,,,54.32,
MANYAVAR,2026-07-28,Consumer Services,,9921.0,24.6,,2.8935331142770773,7.376208178438661,6.486486486486487,,26.7,16.362159967519286,30.7,,48.0,29.962825278810406,8.501717114838026,,-2.5852894566937845,,8.915707836684073,0.30320890635232484,,,,1.97,,,,74.94,
MAPMYINDIA,2026-07-28,Information Technology,,6237.0,60.7,,8.650929418218848,13.158227848101266,6.903030303030303,,12.0,12.909441233140656,19.1,,36.0,28.270042194092827,7.0165871278715874,,-30.949102017414056,,19.03938484537704,0.0077348066298342545,,,,0.31,,,,51.41,
MARICO,2026-07-28,Fast Moving Consumer Goods,,114680.0,65.4,,6.255672527069185,8.425538167658512,27.25308641975309,,42.8,18.22110552763819,47.0,,17.0,13.320108735581515,10.454511440137715,,8.367436462101718,,11.708808881168608,0.1323040380047506,,,,0.47,,,,58.92,
MARKSANS,2026-07-28,Healthcare,,11646.0,27.9,,1.7247362168385088,3.9464588275160963,3.8530734632683656,,15.2,10.878010878010878,18.8,,20.0,14.23246357167062,16.176386700536447,,9.865588791294421,,16.799973000464853,0.11346344690704598,,,,0.34,,,,43.87,
MARUTI,2026-07-28,Automobile and Auto Components,,433876.0,29.5,,1.4928656474672337,2.3668201357219227,4.049295774647887,,14.4,9.860223937238466,19.0,,12.0,8.008029850094918,19.760652976407567,,26.296597891579054,,15.957823026954365,0.0009518832356564262,,,,1.02,,,,58.65,
MASTEK,2026-07-28,Information Technology,,5813.0,13.3,,1.1606933938497883,1.542318917484744,1.9430051813471503,,15.6,9.700626595497795,18.0,,16.0,11.090474927036349,11.458667784682186,,6.516294013322432,,7.251894988438701,0.1463903743315508,,,,1.2,,,,35.77,
MAXHEALTH,2026-07-28,Healthcare,,107261.0,72.3,,7.828748284577232,12.81034276842231,10.018181818181818,,14.7,8.391527001862197,14.7,,27.0,17.22202316971217,9.235192826729687,,,,22.42690602828523,0.32362519772959897,,,,0.18,,,,23.71,
MAZDOCK,2026-07-28,Capital Goods,,92455.0,35.7,,1.1099178696069827,7.108642165154544,9.47107438016529,,29.2,9.388884842304611,36.0,,17.0,19.821620790404427,32.16454205989243,,38.11993937406237,,18.444838092044137,0.04582265504869298,,,,0.74,,,,81.22,
MCX,2026-07-28,Financial Services,,69358.0,52.0,,0.48345608484536445,30.129452649869677,24.285714285714285,,56.3,17.75763231569124,71.4,,71.0,57.862728062554304,107.55889031085921,,42.683985854064076,,64.83422863389193,0.0017556179775280898,,,,0.22,,,,,
MEDANTA,2026-07-28,Healthcare,,37590.0,67.5,,3.478990466276361,8.523809523809524,9.510204081632653,,15.2,9.381879762912785,17.1,,21.0,12.562358276643993,19.402180217023336,,28.931442792384576,,17.622326759740716,0.3003533568904594,,,,0.04,,,,33.0,
MEDPLUS,2026-07-28,Consumer Services,,8426.0,40.0,,0.8443723840032333,1.1655830681975377,4.248484848484848,,11.6,5.339435545385203,12.6,,8.0,2.9049661087287313,47.37246356916243,,16.91300109091265,,8.722283664509334,0.7210126582278481,,,,0.0,,,,40.19,
MEESHO,2026-07-28,Consumer Services,,83850.0,,,,6.060715576436574,18.83454734651405,,-42.3,-15.189072973314785,-35.6,,-11.0,-8.680881821467294,,,,,22.021516623863157,0.014363885088919288,,,,0.0,,,,16.41,
METROPOLIS,2026-07-28,Healthcare,,12080.0,61.5,,6.458167553918106,7.339003645200486,7.986301369863014,,13.8,8.93358278765201,17.8,,24.0,11.603888213851763,9.522825087232146,,0.48685639272054715,,12.761968189755724,0.1533377395902181,,,,0.35,,,,48.86,
MFSL,2026-07-28,Financial Services,,51886.0,625.0,,,1.0883500440491674,9.823529411764707,,1.57,0.05328346805002614,2.95,,0.4,0.2223434156982842,-39.49379952291623,,-27.73489477322898,,14.916266910813913,0.35195001893222266,,,,0.0,,,,1.25,
MGL,2026-07-28,Oil Gas & Consumable Fuels,,10649.0,12.7,,6.019309719853655,1.2914140189182635,1.6559139784946237,,13.7,9.364213339271796,18.1,,18.0,10.198884307543052,2.109876479376238,,,,9.393262321494733,0.03469197261978842,,,,2.77,,,,32.5,
MIDHANI,2026-07-28,Capital Goods,,7360.0,56.0,,,6.08767576509512,4.80440097799511,,8.92,4.0670599192797265,11.3,,20.0,10.835401157981803,-5.581516553145116,,-4.5919918126509085,,11.507292783354872,0.26566579634464754,,,,0.21,,,,74.0,
MINDACORP,2026-07-28,Automobile and Auto Components,,16312.0,45.2,,5.5186497471944875,2.637348423605497,6.1441441441441444,,14.9,6.51501364877161,12.8,,12.0,5.788197251414713,8.190409261428178,,46.806131850940005,,12.881754111468346,0.5563540090771558,,,,0.2,,,,64.84,
MMTC,2026-07-28,Services,,9084.0,90.8,,,9084.0,4.297872340425532,,5.23,13.841201716738198,8.66,,-13025.0,38700.0,-37.20611851211261,,,,-93.43051215481415,0.0,,,,0.0,,,,89.93,
MOIL,2026-07-28,Metals & Mining,,5438.0,52.3,,,5.57172131147541,2.3421052631578947,,8.31,2.26576852418861,11.4,,14.0,7.581967213114754,-42.25072631060648,,-9.502143036972843,,-9.436857454062952,0.0,,,,2.09,,,,64.68,
MOTHERSON,2026-07-28,Automobile and Auto Components,,155836.0,36.6,,1.0299421990908966,1.2357736471483856,3.814432989690722,,11.2,3.734030303584157,13.4,,10.0,3.2401827063376265,35.53597476858981,,20.178186427889578,,17.01715560545274,0.46780058078528025,,,,0.4,,,,48.6,
MOTILALOFS,2026-07-28,Financial Services,,51484.0,26.1,,,5.116168140713505,3.9953271028037385,,15.5,4.569019147024262,12.7,,41.0,19.705853125310544,-7.024905983369356,,8.424131969094262,,12.492395136797407,1.6492085661080074,,,,0.69,,,,67.2,
MPHASIS,2026-07-28,Information Technology,,46073.0,23.8,,3.500036157509194,2.7870667231262476,4.287744227353463,,18.5,10.84672610596854,22.1,,19.0,11.554049966729176,6.7999297518507085,,5.635838750007238,,7.574974463597406,0.24385703648548027,,,,2.58,,,,30.54,
MRF,2026-07-28,Automobile and Auto Components,,56325.0,22.8,,0.48853958065481673,1.8082442454011365,2.6853907592761095,,12.5,7.592163735369593,15.7,,16.0,7.78837201836335,46.66970886870598,,13.69444789064136,,10.62545756183142,0.15290359492705255,,,,0.18,,,,27.76,
MRPL,2026-07-28,Oil Gas & Consumable Fuels,,28042.0,10.1,,,0.25594173268591874,1.9753086419753085,,14.5,7.060330875741773,18.0,,7.0,2.8668175678142456,-4.3978532744981536,,1.2142285892136062,,6.615890914362099,1.0805804043107698,,,,2.51,,,,88.58,
MSTCLTD,2026-07-28,Services,,4210.0,19.3,,,11.378378378378379,4.671875,,26.6,10.840377921432124,30.3,,59.0,58.91891891891892,-3.3502471466270944,,14.093616842292779,,-19.938789333552098,0.16039823008849557,,,,6.76,,,,64.75,
MSUMI,2026-07-28,Automobile and Auto Components,,27528.0,44.1,,5.015251423769844,2.3983272347098796,12.730061349693253,,32.4,13.16898440792246,38.9,,9.0,5.445199512110124,8.79317830228561,,,,17.54113856218926,0.1078204534937529,,,,1.39,,,,61.72,
MTARTECH,2026-07-28,Capital Goods,,16782.0,173.0,,,19.15753424657534,20.43445692883895,,12.5,5.393000573723465,15.1,,20.0,10.730593607305936,-3.1203465665236574,,15.333832861674734,,15.132359365012249,0.4580801944106926,,,,0.0,,,,29.35,
MUTHOOTFIN,2026-07-28,Financial Services,,121645.0,11.5,,0.2666898726280383,,3.1076923076923078,,30.9,5.418535508852948,15.8,,,,43.12124748748691,,22.70507224110552,,,,,,,1.0,,,,73.35,
NAM-INDIA,2026-07-28,Financial Services,,73490.0,44.9,,3.3420917285088443,25.615196932729173,15.753424657534246,,34.5,31.529275808936823,43.8,,67.0,57.058208434994775,13.434700076300189,,16.49441222494632,,12.111696602568255,0.016097875080489377,,,,1.86,,,,71.8,
NATCOPHARM,2026-07-28,Healthcare,,16639.0,11.8,,0.4462815558823554,4.080186365865621,1.803883495145631,,16.9,12.804767924869061,17.1,,35.0,34.771947032859245,26.4407073168639,,26.780884402465645,,14.63563875413245,0.07743194881249323,,,,0.65,,,,49.41,
NATIONALUM,2026-07-28,Metals & Mining,,61426.0,10.7,,0.1804984990145329,3.442582525360085,2.830508474576271,,29.4,21.83921036769138,39.6,,44.0,32.48893123353696,59.280271350835356,,34.87874494047731,,7.765539794311893,0.002777392028884877,,,,3.13,,,,51.28,
NAUKRI,2026-07-28,Consumer Services,,79950.0,56.1,,,24.337899543378995,2.1076923076923078,,3.91,3.7069744948379904,5.43,,36.0,53.668188736681884,,,0.3251513725637034,,11.875705929170222,0.006831249670306483,,,,0.69,,,,37.48,
NAVA,2026-07-28,Power,,15658.0,20.5,,,3.649032859473316,1.7896440129449838,,9.33,7.23285764009746,12.8,,40.0,24.21347005360056,-12.919502804479443,,15.491334559782622,,6.7439605939922265,0.2545454545454545,,,,1.54,,,,50.03,
NAVINFLUOR,2026-07-28,Chemicals,,38395.0,59.2,,3.020960796094141,11.58569704284852,9.656774193548387,,19.6,10.409155039974918,21.0,,33.0,20.03621001810501,19.596414517043993,,20.00326186338155,,16.852677808909398,0.32008052340211374,,,,0.2,,,,27.08,
NAZARA,2026-07-28,Media Entertainment & Publication,,11273.0,11.7,,0.5781513068881046,6.163477310005468,3.2409381663113006,,30.5,1.8760009151223975,27.2,,-1.6,4.48332422088573,20.236916981084363,,46.792285892387774,,18.79449571707994,0.06190613302620213,,,,0.0,,,,34.25,
NBCC,2026-07-28,Construction,,25515.0,38.6,,0.9848056390120259,1.9795950034913492,8.4375,,24.1,4.559419933636475,31.0,,4.8,5.756846923733416,39.19555135643231,,26.022007941246027,,13.24020408076354,0.0,,,,0.71,,,,61.75,
NCC,2026-07-28,Construction,,8677.0,12.4,,3.525293734907762,0.41670268453152765,1.104,,9.2,2.783972929324002,16.8,,9.0,3.4769245545790715,3.5174373917311152,,19.5836813625069,,10.215593182492078,0.43931884610496885,,,,1.61,,,,23.09,
NEOGEN,2026-07-28,Chemicals,,5547.0,156.0,,,5.990280777537797,6.55663430420712,,3.58,1.2405237767057202,6.46,,17.0,3.8876889848812093,-0.6456599186510648,,-5.838673186501076,,10.24975840069018,1.7095588235294117,,,,0.05,,,,53.0,
NESCO,2026-07-28,Services,,7283.0,17.5,,3.7078742153125517,7.658254468980021,2.4329411764705884,,14.8,11.303876389265383,18.5,,51.0,43.84858044164038,4.719685454196254,,17.104266400753907,,11.939563143048314,0.09078771695594126,,,,0.67,,,,68.54,
NESTLEIND,2026-07-28,Fast Moving Consumer Goods,,288283.0,77.8,,,11.796988173671073,55.99250936329588,,74.2,28.91063571536944,85.3,,23.0,15.59520399394361,-1.0568822843607495,,,,0.058723127186799395,0.08609656777196044,,,,0.82,,,,62.76,
NETWEB,2026-07-28,Information Technology,,25101.0,122.0,,2.114906899847802,11.493131868131869,34.70866141732284,,32.8,9.135254988913525,37.5,,13.0,9.432234432234432,57.68575439835184,,19.96348166216839,,69.94075407851076,0.3900414937759336,,,,0.06,,,,66.98,
NETWORK18,2026-07-28,Media Entertainment & Publication,,4452.0,,,,2.052558782849239,0.9059561128526645,,0.76,-0.35571365051133835,3.02,,2.2,-1.4753342554172428,,,,,-38.439013074003725,0.6685644570963807,,,,0.0,,,,56.89,
NEULANDLAB,2026-07-28,Healthcare,,24352.0,67.5,,2.2080138688967095,12.037567968363817,12.991786447638603,,21.2,12.42320819112628,26.5,,29.0,17.99307958477509,30.570460154640287,,35.180445181962284,,19.314907007563043,0.16053333333333333,,,,0.18,,,,32.62,
NEWGEN,2026-07-28,Information Technology,,7478.0,21.8,,3.0472443488286,4.64472049689441,4.2,,19.6,12.858312858312859,25.0,,26.0,19.503105590062113,7.154004570844541,,13.464890721740929,,8.977079563260082,0.021947101857062466,,,,1.13,,,,53.45,
NFL,2026-07-28,Chemicals,,3496.0,16.5,,,0.16249883796597564,1.231433506044905,,7.61,1.7997270556124192,9.09,,3.9,0.9807567165566607,-22.72420803577241,,-2.2524168962640867,,-10.076456786388333,1.3952833509327702,,,,2.2,,,,74.71,
NH,2026-07-28,Healthcare,,42466.0,50.7,,5.103555014730839,5.3781661600810535,9.36036036036036,,20.5,6.45729850985419,15.5,,21.0,10.207700101317123,9.93425168410258,,,,20.39159975707254,1.2911615605025346,,,,0.22,,,,63.27,
NHPC,2026-07-28,Power,,78582.0,20.9,,,6.7655617735686615,1.8980582524271845,,9.29,3.5163443351026156,5.73,,45.0,36.332328885062424,-1.2143438606023071,,2.8401576035667286,,3.0723588360677345,1.2628086010087602,,,,2.42,,,,61.39,
NIACL,2026-07-28,Financial Services,,26673.0,34.7,,,0.5338657379608502,0.9364161849710982,,4.92,0.7032234093648334,4.29,,-0.1,1.553180417117009,-11.579616380882207,,31.726383670791037,,4.898061940454146,0.0,,,,0.92,,,,85.44,
NIVABUPA,2026-07-28,Financial Services,,16038.0,123.0,,,2.395519044062733,4.229268292682927,,3.46,1.1617594891805605,3.15,,2.4,1.9566840926064226,,,,,32.887134472698044,0.06603275224511358,,,,0.0,,,,55.3,
NLCINDIA,2026-07-28,Power,,41460.0,11.8,,0.32665250954645025,2.3704974271012005,1.929032258064516,,17.5,5.780497530750591,10.4,,32.0,21.5494568324757,36.12401452658067,,21.813871870528722,,2.6608132217047276,1.2957955865272939,,,,1.2,,,,69.47,
NMDC,2026-07-28,Metals & Mining,,73790.0,9.88,,0.9916335676386019,2.3008325278288795,2.1679586563307494,,23.4,15.418046357615895,27.6,,29.0,23.229709082972157,9.963357758781255,,3.475382321770093,,21.987846401879363,0.18809817391814926,,,,3.87,,,,60.79,
NSLNISP,2026-07-28,Metals & Mining,,12273.0,209.0,,,0.8996481454332209,0.9311111111111111,,0.45,0.2089457095300492,3.06,,11.0,0.432487904999267,,,,,,0.35015940488841657,,,,0.0,,,,60.79,
NTPC,2026-07-28,Power,,333371.0,12.0,,1.1898142949474235,1.7448589179258762,1.638095238095238,,14.0,5.071924159214097,8.33,,27.0,14.829973987092993,10.08560751955856,,10.728286725191683,,2.2875601395730083,1.3338435642004962,,,,2.42,,,,51.1,
NTPCGREEN,2026-07-28,Power,,77767.0,128.0,,22.177597609571723,23.673363774733637,4.102222222222222,,2.79,1.0036103474545395,3.53,,86.0,18.447488584474886,5.7715899735125475,,,,18.723955671828875,1.6723437911943053,,,,0.0,,,,89.01,
NUVAMA,2026-07-28,Financial Services,,33003.0,31.8,,,7.126538544590801,8.0,,27.4,3.015279348235772,17.5,,53.0,22.457352623623407,,,,,27.715940566952057,2.8012618296529967,,,,1.47,,,,53.98,
NUVOCO,2026-07-28,Construction Materials,,12538.0,30.2,,0.7995546061426946,1.0814214248749354,1.2272727272727273,,4.05,1.9015715059855165,7.07,,16.0,3.329308262894601,37.77102873022569,,64.37518295172258,,2.6055191793385335,0.480594388503275,,,,0.0,,,,72.02,
NYKAA,2026-07-28,Consumer Services,,94093.0,449.0,,3.889349513462727,9.388644981041708,65.5378486055777,,15.3,4.424202992843201,17.2,,8.0,2.0355218519257634,115.44346900318834,,-36.57467035760492,,24.89675248284311,0.8609179415855355,,,,0.0,,,,52.07,
OBEROIRLTY,2026-07-28,Realty,,66612.0,25.1,,2.2979092869869593,10.536539069914584,3.716024340770791,,14.6,10.3841749911162,17.3,,56.0,41.600759253400824,10.922972522083917,,20.219020711762514,,12.032165241703252,0.15762749693114608,,,,0.44,,,,67.71,
OFSS,2026-07-28,Information Technology,,98662.0,28.9,,1.8930856173360018,11.029849077697037,12.60400444938821,,32.6,34.55852571891454,45.3,,50.0,38.15539407490218,15.266081858816726,,12.357957509799999,,11.964103955991412,0.0040884119074996806,,,,3.5,,,,72.41,
OIL,2026-07-28,Oil Gas & Consumable Fuels,,72335.0,10.9,,,2.130884345725564,1.246498599439776,,12.3,6.09698985853627,11.6,,31.0,22.24415247746421,-8.80285408443564,,13.414079281679726,,-2.0153653619925493,0.6461835548888774,,,,2.58,,,,56.66,
OLAELEC,2026-07-28,Automobile and Auto Components,,17176.0,,,,7.623612960497115,4.881578947368421,,-43.2,-23.536209553158706,-19.6,,-43.0,-81.35818908122504,,,,,-5.038671612615142,0.8245299910474485,,,,0.0,,,,32.96,
OLECTRA,2026-07-28,Automobile and Auto Components,,10780.0,60.7,,1.5426170607086627,4.662629757785467,8.753333333333334,,15.6,7.012076353720296,21.0,,14.0,7.7854671280276815,39.34871559900617,,85.66323903813637,,28.446130769878764,0.30944625407166126,,,,0.03,,,,50.02,
ONESOURCE,2026-07-28,Healthcare,,19834.0,,,,12.854180168502916,3.398821218074656,,-1.09,-0.5968331303288672,0.57,,22.0,-3.175631885936488,,,,,107.78418684982628,0.25793174412622194,,,,0.0,,,,30.48,
ONGC,2026-07-28,Oil Gas & Consumable Fuels,,300417.0,7.14,,1.3365739101871088,0.453632859038999,0.8074324324324325,,11.7,6.28774916183128,14.2,,16.0,7.518795857134876,5.342016588518073,,20.50285758898289,,1.5549273526924923,0.46888382001678464,,,,5.17,,,,58.89,
OPTIEMUS,2026-07-28,Telecommunication,,5558.0,84.2,,5.578536734868977,3.141888072357264,7.1118721461187215,,9.16,3.5908596300326447,10.9,,6.0,3.730921424533635,15.093563778777842,,-7.556098061676197,,14.644505485482217,0.4800514800514801,,,,0.0,,,,72.13,
ORIENTCEM,2026-07-28,Construction Materials,,2769.0,13.0,,2.128902200582523,1.0940339786645594,1.2980769230769231,,17.3,6.670922438557294,16.5,,20.0,8.257605689450811,6.106433633467456,,-4.5327942555648875,,-7.37513894806675,0.033550792171481825,,,,0.37,,,,72.66,
ORKLAINDIA,2026-07-28,Fast Moving Consumer Goods,,7693.0,25.8,,,3.066161817457154,2.7960199004975124,,11.4,8.406819517930629,15.2,,17.0,11.398963730569948,-57.67762152201756,,-26.920568857780193,,4.925314622207999,0.02290909090909091,,,,0.0,,,,75.0,
OSWALPUMPS,2026-07-28,Capital Goods,,3922.0,10.5,,,1.9001937984496124,2.324324324324324,,35.2,17.520969245107175,38.2,,25.0,18.217054263565892,-17.336883943174342,,,,75.018109266521,0.1408199643493761,,,,0.0,,,,75.65,
PAGEIND,2026-07-28,Textiles,,44621.0,56.5,,5.556640047600859,8.504097579569278,29.699331848552337,,54.3,26.750700280112046,64.4,,22.0,14.560701353154185,10.168015116328167,,17.53119867989208,,3.635169489249912,0.18442077230359522,,,,2.24,,,,42.89,
PARADEEP,2026-07-28,Chemicals,,14446.0,14.1,,0.38064754805933654,0.661871162833318,2.1286370597243494,,18.9,5.55307760927743,17.1,,10.0,4.563364794282049,37.042140615081664,,-52.28113117802242,,17.83163998045836,1.0181335692171605,,,,0.71,,,,57.86,
PARAS,2026-07-28,Capital Goods,,9571.0,111.0,,3.3385868445682307,20.064989517819708,13.2,,12.6,9.22279792746114,16.9,,25.0,18.658280922431867,33.24760000794746,,32.9636359846057,,29.039241484870516,0.037241379310344824,,,,0.02,,,,53.2,
PARKHOSPS,2026-07-28,Healthcare,,11997.0,46.4,,,7.1453245979749855,5.94017094017094,,16.7,9.740490579452542,19.3,,26.0,16.319237641453245,-25.20205749421146,,-40.551909184742165,,10.18834414973211,0.18001978239366964,,,,0.0,,,,82.89,
PATANJALI,2026-07-28,Fast Moving Consumer Goods,,37338.0,18.4,,,0.9294996265870052,2.8583333333333334,,16.5,9.647909796830124,12.0,,4.4,4.515807816778691,,,,,49.47945540325529,0.2129495304268153,,,,1.0,,,,68.25,
PAYTM,2026-07-28,Financial Services,,83718.0,103.0,,,9.336232853797256,5.228,,4.7,2.7137779636211583,5.01,,7.0,7.237649158023865,,,,,-3.4983905125981263,0.012105328840633969,,,,0.0,,,,,
PCBL,2026-07-28,Chemicals,,12577.0,58.6,,,1.5358407619978018,3.1372549019607843,,5.58,1.7529880478087652,7.75,,13.0,2.417877640737575,-24.526578077861316,,-11.18111466251971,,12.353006193571137,1.245381927109336,,,,1.87,,,,53.38,
PCJEWELLER,2026-07-28,Consumer Durables,,8963.0,12.5,,,2.6731285416045334,0.9767195767195769,,9.96,7.575596816976127,9.58,,20.0,21.29436325678497,,,44.88617527649639,,10.695091180407745,0.14276975776853437,,,,0.0,,,,38.5,
PERSISTENT,2026-07-28,Information Technology,,85594.0,44.4,,1.7617049718089093,5.803770002712232,10.917505030181086,,27.2,16.440409026798307,34.4,,19.0,12.6457824789802,25.202857862409456,,32.02009534992738,,20.87362545135005,0.06085736157182955,,,,0.74,,,,30.29,
PETRONET,2026-07-28,Oil Gas & Consumable Fuels,,41902.0,10.8,,1.9412084736130808,0.9633751005862743,1.8724832214765101,,18.6,14.260204081632653,22.7,,12.0,8.996436371996781,5.563544640776508,,5.889922442605777,,-10.117890956600316,0.10504823872560018,,,,3.57,,,,50.0,
PFC,2026-07-28,Financial Services,,138604.0,5.37,,0.3035623430722685,,1.0421836228287842,,20.7,2.70171680544184,9.71,,,,17.68994120170424,,17.131273791278634,,,,,,,4.38,,,,55.99,
PFIZER,2026-07-28,Healthcare,,21595.0,141.0,,,31.85103244837758,15.632450331125828,,19.8,27.322404371584703,27.2,,-12.0,44.24778761061947,,,,,,0.0,,,,1.58,,,,63.92,
PFOCUS,2026-07-28,Media Entertainment & Publication,,22266.0,94.8,,,4.761762189905903,10.66914498141264,,16.5,2.8265564841769177,11.5,,30.0,6.437125748502994,-16.933100256952006,,,,0.2291615003130687,2.7367161321206317,,,,0.0,,,,60.73,
PGEL,2026-07-28,Consumer Durables,,16853.0,85.7,,3.243546443103247,3.1870272314674737,5.4953271028037385,,6.69,3.312594585505297,10.3,,7.0,3.7254160363086237,26.42169659146516,,63.48331748648004,,34.7760006993022,0.19580190226303706,,,,0.04,,,,43.37,
PGIL,2026-07-28,Textiles,,9236.0,33.6,,1.6466167358278567,1.8380099502487561,6.329113924050633,,21.0,8.320493066255779,19.9,,10.0,5.3731343283582085,20.405477042055686,,72.06059609619,,16.745812891944478,0.6458904109589041,,,,0.72,,,,61.11,
PHOENIXLTD,2026-07-28,Realty,,72646.0,58.5,,,16.424598688672848,6.615635179153094,,11.6,6.813109876165055,12.8,,60.0,35.202351345240785,-2.892605325610753,,82.72339031521491,,19.13144234827122,0.4843934843934844,,,,0.12,,,,47.25,
PICCADIL,2026-07-28,Fast Moving Consumer Goods,,7289.0,53.1,,0.6591800184218937,7.0221579961464355,8.096280087527353,,17.4,8.419768151311775,18.0,,22.0,13.294797687861271,80.55462622657126,,48.99240185851992,,20.179960381553073,0.5893451720310766,,,,0.0,,,,68.56,
PIDILITIND,2026-07-28,Chemicals,,165416.0,67.2,,2.7624177303607986,11.329087048832271,15.330188679245284,,23.9,16.046496525748424,31.0,,24.0,16.923498390521196,24.326516319898882,,16.67024013092433,,7.360815069327797,0.03849704579025111,,,,0.71,,,,69.24,
PIIND,2026-07-28,Chemicals,,41154.0,34.2,,14.148355426787594,6.129579982126899,3.6648648648648647,,11.2,9.854531891085417,15.0,,26.0,19.675305332141793,2.4172420729018373,,12.338678736313401,,1.127112885141468,0.030454140694568123,,,,0.55,,,,46.09,
PINELABS,2026-07-28,Financial Services,,17654.0,154.0,,,6.51198819623755,2.982456140350877,,2.46,0.849815747913063,4.16,,13.0,4.16820361490225,,,,,19.26625455799771,0.07479647218453189,,,,0.0,,,,,
PIRAMALFIN,2026-07-28,Financial Services,,45379.0,101.0,,,3.6066603083770468,1.6119162640901772,,0.86,1.5296799522370779,6.47,,59.0,13.43983468446988,,,212.57059516925514,,23.196882324136748,2.8417294301548957,,,,0.54,,,,46.16,
PNB,2026-07-28,Financial Services,,128261.0,5.83,,0.1796092566341713,,0.8235294117647058,,13.0,1.088558626214817,6.13,,,,32.459351534840785,,40.50418280727839,,,,,,,2.71,,,,70.08,
PNBHOUSING,2026-07-28,Financial Services,,27991.0,12.2,,0.41083811887982,,1.4552845528455285,,12.7,2.4499529472153303,9.4,,,,29.69539446160494,,19.5840769541066,,,,,,,0.74,,,,28.03,
PNCINFRA,2026-07-28,Construction,,5990.0,13.4,,1.6558464206887888,1.1158718330849478,0.8796992481203008,,7.0,6.0037523452157595,8.46,,21.0,15.499254843517138,8.092537950727309,,10.827373317027655,,-12.291992668103102,0.758843387641274,,,,0.25,,,,56.07,
PNGJL,2026-07-28,Consumer Durables,,9146.0,20.4,,0.5718658941637195,0.7996153173631754,4.6482758620689655,,23.4,8.984689766317485,20.9,,6.0,3.899283091449554,35.67269915586133,,25.78352691901746,,23.576323203251558,0.8848700967906266,,,,0.0,,,,83.11,
POLICYBZR,2026-07-28,Financial Services,,73296.0,110.0,,,10.788342655284074,10.025316455696203,,9.75,7.694958079705984,10.3,,7.0,9.861642625846336,,,,,38.48678531427956,0.04923413566739606,,,,0.0,,,,,
POLYCAB,2026-07-28,Capital Goods,,137425.0,48.0,,2.821880201698128,4.406342182890856,11.431077694235588,,23.0,14.194967016858051,33.2,,14.0,9.314479928177505,17.00993542217524,,25.62603464784383,,20.021308065180854,0.01965192772087601,,,,0.52,,,,61.46,
POLYMED,2026-07-28,Healthcare,,16766.0,51.3,,2.6501926688333053,8.941866666666666,5.405228758169935,,11.2,8.190865016585864,14.0,,24.0,17.119999999999997,19.357083205042525,,17.532184588554166,,18.916504520257725,0.11397295556986478,,,,0.21,,,,62.42,
POONAWALLA,2026-07-28,Financial Services,,41204.0,52.3,,,,3.6850393700787403,,5.86,1.3057472790018583,7.51,,,,-24.424498565328058,,13.867910589603905,,,,,,,0.0,,,,59.02,
POWERGRID,2026-07-28,Power,,265346.0,16.7,,15.268661661121802,5.677914963730126,2.638888888888889,,16.5,5.4043233229395335,9.74,,75.0,34.08298204694755,1.0937435363128634,,5.7705146041158395,,0.835456965229131,1.4734312496268434,,,,3.11,,,,51.34,
POWERINDIA,2026-07-28,Capital Goods,,139066.0,135.0,,1.1693050588862752,17.067501227295043,26.873385012919897,,21.9,8.203254732646961,29.0,,15.0,12.12567501227295,115.453190742699,,43.99556093507358,,22.165025099832825,0.01661514683153014,,,,0.03,,,,71.31,
POWERMECH,2026-07-28,Construction,,8329.0,22.9,,1.2763745239792486,1.3739689871329595,3.304893350062735,,15.6,7.371622830560029,21.8,,12.0,6.796436819531508,17.941442397805417,,,,18.959081849542315,0.2635966653433902,,,,0.05,,,,58.41,
PPLPHARMA,2026-07-28,Healthcare,,25748.0,,,,2.903145788702221,3.1433224755700326,,-3.83,-1.8515363207815074,2.52,,10.0,-3.6757244334197767,,,,,7.788619768244298,0.6952952707669688,,,,0.07,,,,34.8,
PRAJIND,2026-07-28,Capital Goods,,5560.0,280.0,,,1.755050505050505,4.241573033707865,,1.48,0.7853403141361256,6.12,,4.9,0.7575757575757576,-53.643467084549876,,-21.71037432364947,,-3.52409404723113,0.13216195569136746,,,,1.21,,,,32.81,
PREMIERENE,2026-07-28,Capital Goods,,45854.0,30.4,,,5.860685071574642,10.620399579390117,,42.4,13.92346703550023,33.3,,30.0,19.299591002044988,,,104.14629010355476,,76.25124942140414,0.8606918969120038,,,,0.1,,,,58.48,
PRESTIGE,2026-07-28,Realty,,72473.0,60.6,,10.584648210471407,5.713283405597162,4.4523809523809526,,7.54,1.7787046123650638,10.4,,29.0,10.287741426882144,5.725272941999937,,-16.74707834118543,,15.117868405369684,1.085171756897929,,,,0.11,,,,60.95,
PRICOLLTD,2026-07-28,Automobile and Auto Components,,8154.0,32.9,,1.2539092303648907,2.0178173719376393,6.495145631067961,,21.8,10.141414141414142,24.5,,12.0,6.211333828260331,26.237943866499826,,43.34854549448679,,27.296991020346816,0.30199203187250995,,,,0.3,,,,38.51,
PRIVISCL,2026-07-28,Chemicals,,14180.0,43.3,,0.2981402751511916,5.530421216848674,10.055401662049862,,26.0,10.0,22.3,,25.0,12.363494539781591,145.23364875155457,,22.88064022398373,,16.82720647539209,0.7230878186968839,,,,0.28,,,,60.6,
PRSMJOHNSN,2026-07-28,Construction Materials,,5386.0,,,,0.7297114212166373,3.5197368421052633,,-5.41,0.4091653027823241,5.92,,9.0,0.4064489906516732,,,-15.670831712024935,,0.09048550383159437,1.0975130890052356,,,,0.0,,,,74.87,
PRUDENT,2026-07-28,Financial Services,,12932.0,52.8,,2.528617003210478,9.432530999270606,14.661971830985916,,28.6,20.032706459525755,37.5,,24.0,17.87016776075857,20.880979576172297,,24.994044793420024,,18.543898756615995,0.03850509626274066,,,,0.12,,,,55.31,
PTC,2026-07-28,Power,,4914.0,8.04,,0.7459135762864303,0.293005783793453,0.8217821782178217,,10.3,5.676510173382947,13.4,,5.0,4.275237016278099,10.778728602886623,,6.179649064469128,,1.6425650628982158,0.2957699381374352,,,,7.08,,,,16.22,
PTCIL,2026-07-28,Capital Goods,,26665.0,263.0,,5.057894284359042,44.22056384742952,17.696517412935325,,7.02,5.214723926380368,8.43,,22.0,16.91542288557214,51.997923486320644,,82.78536559228473,,40.160100135512366,0.17319177173191772,,,,0.0,,,,59.72,
PURVA,2026-07-28,Realty,,5087.0,79.8,,,1.3601604278074866,2.838196286472148,,3.62,0.3302816085293777,11.2,,18.0,1.5240641711229945,-1.327056702700835,,,,44.63865583893642,3.129194630872483,,,,0.0,,,,75.0,
PVRINOX,2026-07-28,Media Entertainment & Publication,,10915.0,34.4,,,1.5952937737503654,1.4806924101198402,,3.28,2.8439661798616447,6.96,,32.0,6.4893306050862325,,,,,3.860812708724226,0.9188126863648686,,,,0.0,,,,27.53,
PWL,2026-07-28,Consumer Services,,35971.0,,,,9.223333333333333,7.848101265822785,,-0.48,-0.31262211801484957,4.02,,9.0,-0.6153846153846154,,,,,73.71229466099199,0.2327433628318584,,,,0.0,,,,71.27,
QPOWER,2026-07-28,Capital Goods,,8583.0,70.7,,,9.063357972544878,15.82857142857143,,25.1,16.72661870503597,31.5,,19.0,19.640971488912353,-95.15053211165416,,,,55.26604332796297,0.07380073800738007,,,,0.09,,,,73.91,
QUESS,2026-07-28,Services,,4562.0,19.9,,,0.29807252531852335,3.9052496798975675,,20.4,7.305034550839092,23.0,,2.0,1.4505063704671675,-0.6649132793771995,,30.505725945274342,,-3.737850118436825,0.10634648370497427,,,,2.6,,,,56.82,
RADICO,2026-07-28,Fast Moving Consumer Goods,,57431.0,93.4,,2.33989993784544,9.51316879244658,17.282258064516128,,20.3,12.092092092092093,24.2,,17.0,10.004969355640219,39.91623679686147,,16.817710621276348,,24.438163682342974,0.15018094089264172,,,,0.22,,,,40.19,
RAILTEL,2026-07-28,Telecommunication,,9208.0,49.0,,3.3462983413409586,4.138426966292135,5.344506517690875,,12.0,6.056338028169014,16.2,,16.0,9.662921348314606,14.643045838036151,,9.65355933433849,,17.31681553507729,0.027858386535113175,,,,0.98,,,,72.84,
RAIN,2026-07-28,Chemicals,,7386.0,24.5,,,0.4173117125261314,0.995475113122172,,0.6,1.970229779854521,8.26,,14.0,2.310865020622634,,,-12.278957955623781,,-0.8188433683034457,1.3188347429185125,,,,0.45,,,,41.35,
RAINBOW,2026-07-28,Healthcare,,14897.0,60.2,,6.222702073572679,8.747504403992954,9.055555555555555,,15.9,10.162162162162163,17.4,,32.0,16.559013505578392,9.674253931529941,,24.6642228768698,,13.200631692917653,0.5403274711946634,,,,0.24,,,,49.84,
RALLIS,2026-07-28,Chemicals,,4203.0,26.6,,14.431694724049056,1.6140552995391706,2.477064220183486,,9.61,5.7382785164450665,12.8,,11.0,6.29800307219662,1.843165373757083,,-11.216920823235977,,9.487978497197226,0.05483490566037736,,,,1.37,,,,55.08,
RAMCOCEM,2026-07-28,Construction Materials,,21661.0,731.0,,23.97967574135049,2.399047513567394,2.673469387755102,,0.38,4.20349990979614,6.13,,16.0,7.741721120832872,30.484148655082333,,-2.300950335470764,,3.4434659731970907,0.47825549789967875,,,,0.27,,,,42.55,
RATEGAIN,2026-07-28,Information Technology,,10682.0,48.3,,1.2835603994021636,5.856359649122807,5.305882352941176,,12.0,5.44943820224719,13.7,,19.0,10.635964912280702,37.629705639482495,,,,47.79467791191283,0.47308075772681957,,,,0.0,,,,48.78,
RATNAMANI,2026-07-28,Capital Goods,,16542.0,33.8,,,3.6809078771695596,4.027303754266212,,12.6,9.916434540389972,17.9,,17.0,11.882510013351135,-1.8558213413266245,,11.827265677181376,,0.1487876022545187,0.07735344198491852,,,,0.44,,,,59.77,
RAYMONDLSL,2026-07-28,Textiles,,4322.0,39.3,,,0.6274680603948897,0.4481668773704172,,1.14,0.3289473684210526,3.52,,10.0,0.667828106852497,,,,,,0.22685761726857617,,,,0.14,,,,59.61,
RBA,2026-07-28,Consumer Services,,4738.0,,,,1.6783563584838823,5.370967741935483,,-22.7,-6.0319337670017745,-0.46,,12.0,-7.226354941551541,,,,,11.182596719024907,2.7281553398058254,,,,0.0,,,,9.22,
RBLBANK,2026-07-28,Financial Services,,56445.0,62.7,,,,1.3582089552238805,,5.46,0.4973803161324946,5.81,,,,-16.113826197698135,,,,,,,,,0.28,,,,60.0,
RCF,2026-07-28,Chemicals,,6948.0,17.6,,,0.37597402597402596,1.3577586206896552,,8.02,2.5567331297527094,10.2,,5.0,2.3106060606060606,-23.80569122277204,,2.1735522254036743,,-4.8494303088988495,0.8059351815696993,,,,1.04,,,,75.0,
RECLTD,2026-07-28,Financial Services,,97034.0,6.08,,1.4238030475973231,,1.1393188854489165,,20.0,2.5048503650661242,9.71,,,,4.27025353700432,,9.82865592558202,,,,,,,4.95,,,,52.63,
REDINGTON,2026-07-28,Services,,21741.0,13.6,,5.997321945786043,0.18244910290193184,2.1384615384615384,,16.9,3.7946626473978187,18.4,,2.0,1.0775247142545443,2.267678827806785,,14.370175593458123,,14.502341438087306,0.2797244094488189,,,,2.14,,,,,
REDTAPE,2026-07-28,Consumer Durables,,7032.0,29.2,,1.5228114318597088,2.9069863579991733,6.864864864864865,,26.6,10.450997398091934,24.1,,14.0,9.962794543199669,19.17505962267434,,,,18.114514979964568,0.7045009784735812,,,,1.55,,,,71.83,
REFEX,2026-07-28,Utilities,,4515.0,18.7,,1.5362529255412771,1.9828722002635046,2.9909090909090907,,17.8,7.1755188181498415,22.7,,16.0,8.959156785243742,12.172474785303544,,36.21728633783741,,11.810000333497129,0.14960106382978725,,,,0.45,,,,56.57,
RELAXO,2026-07-28,Consumer Durables,,9796.0,54.7,,10.822572222679788,3.625462620281273,4.446952595936795,,8.33,6.069854187860291,11.1,,14.0,6.624722427831236,5.054251325333792,,-9.315538191830953,,-0.979743697663582,0.1056210335448776,,,,0.74,,,,71.27,
RELIANCE,2026-07-28,Oil Gas & Consumable Fuels,,1715790.0,23.0,,9.642964274844235,1.5277880424378147,1.8982035928143712,,8.91,4.048915614182203,10.3,,16.0,7.850639550155602,2.385158686110711,,4.238479198937539,,7.697885342491251,0.44573963253431853,,,,0.47,,,,50.48,
RELIGARE,2026-07-28,Financial Services,,8342.0,97.1,,,0.9861685778460811,2.871853546910755,,3.17,0.5032400386047153,3.06,,1.6,0.862986168577846,-69.96690385457482,,,,21.82095317120534,0.16953232462173315,,,,0.0,,,,30.55,
RENUKA,2026-07-28,Fast Moving Consumer Goods,,4606.0,,,,0.5023448576725924,-1.7142857142857144,,,-10.685375067458176,-3.12,,0.2,-8.637801286945141,,,,,0.5587734995608384,-2.6798655211057154,,,,0.0,,,,62.48,
RHIM,2026-07-28,Capital Goods,,8074.0,73.3,,,2.008457711442786,2.2732558139534884,,2.91,-7.879037235136803,6.52,,11.0,-9.5273631840796,,,,,13.82388390044158,0.12580735748385286,,,,0.62,,,,56.07,
RITES,2026-07-28,Construction,,10297.0,25.1,,,4.263768115942029,3.835125448028674,,15.4,7.661154235572056,22.0,,23.0,18.799171842650104,-8.85848213610052,,-1.043785741671377,,-2.778140176751298,0.002609992542878449,,,,3.51,,,,72.2,
RKFORGE,2026-07-28,Automobile and Auto Components,,11481.0,99.9,,,2.585810810810811,3.4806629834254146,,2.56,1.4906659236556143,5.6,,16.0,2.40990990990991,-28.534912703002913,,-13.807044812712698,,6.218032493747039,0.7443768996960486,,,,0.32,,,,43.39,
ROUTE,2026-07-28,Telecommunication,,3454.0,9.78,,,0.7660235085384786,1.2454545454545454,,12.5,7.508436445444319,17.2,,12.0,5.921490352628077,-12.932945396390604,,8.386770005693634,,3.8747681827235647,0.01516245487364621,,,,1.6,,,,74.85,
RPOWER,2026-07-28,Power,,9702.0,,,,1.273228346456693,0.6056701030927836,,-0.9,-0.8161189547865256,6.11,,31.0,-4.42257217847769,,,,,0.46803931655168274,0.9234413965087281,,,,0.0,,,,24.98,
RRKABEL,2026-07-28,Capital Goods,,29157.0,47.7,,1.7884121520806935,2.6917466765140325,11.307017543859649,,21.3,13.157325254273966,28.1,,9.0,5.612998522895126,26.67170425145253,,-9.689079745873642,,17.986218977798796,0.13087378640776698,,,,0.36,,,,61.38,
RTNINDIA,2026-07-28,Consumer Services,,4354.0,,,,0.5781436728190147,5.665467625899281,,-19.6,-5.990617105738001,-4.76,,-1.1,-2.204222546806533,,,,,22.230052133602097,1.43359375,,,,0.0,,,,74.87,
RTNPOWER,2026-07-28,Power,,4570.0,41.0,,,1.539757412398922,0.9849537037037036,,1.14,1.1546863622178298,6.21,,15.0,3.7398921832884096,-76.68516951901614,,,,-4.088804764078613,0.8001293661060802,,,,0.0,,,,44.06,
RUBICON,2026-07-28,Healthcare,,25369.0,103.0,,,14.46351197263398,19.641485275288094,,27.0,10.614525139664805,28.4,,23.0,14.082098061573548,,,-24.39785740597341,,64.50450248047359,0.24127230411171452,,,,0.1,,,,59.76,
RVNL,2026-07-28,Construction,,46131.0,52.7,,,2.2599941211052323,4.692144373673036,,9.02,4.013454981107732,10.8,,3.8,4.267097785616304,-13.279626234163977,,-2.4721910440527295,,0.21319928088829876,0.4905314599877825,,,,0.77,,,,72.84,
SAATVIKGL,2026-07-28,Capital Goods,,5542.0,15.4,,0.59214715439075,1.2185576077396658,4.074766355140187,,42.4,11.46067415730337,32.9,,12.0,7.849604221635883,26.007048899601305,,,,95.46442268389004,0.6899338721528288,,,,0.0,,,,75.99,
SAFARI,2026-07-28,Consumer Durables,,7663.0,46.5,,5.127812663818478,3.7435271128480703,6.859649122807017,,15.9,11.650485436893204,19.3,,13.0,8.207132388861748,9.068193993922801,,,,19.089025357796086,0.10493273542600896,,,,0.25,,,,44.7,
SAGILITY,2026-07-28,Information Technology,,20214.0,19.6,,0.3336732192481859,2.6538007089405276,2.0970873786407767,,10.5,7.880326958177922,13.4,,24.0,13.036628593934621,58.74010519681994,,,,17.015015028306244,0.1150222590330262,,,,0.35,,,,50.95,
SAIL,2026-07-28,Metals & Mining,,68505.0,14.1,,1.2055070300558057,0.6164124713186665,1.1369863013698631,,6.43,3.143580385000294,7.79,,12.0,3.843973545687677,11.69632332989985,,-18.991895945884842,,1.7888717808422605,0.5289946318510172,,,,0.96,,,,65.0,
SAILIFE,2026-07-28,Healthcare,,27605.0,77.7,,,12.593521897810218,11.11111111111111,,15.4,9.624931053502483,19.6,,29.0,15.921532846715328,,,,,21.669948397597395,0.11594202898550725,,,,0.0,,,,34.53,
SAMHI,2026-07-28,Consumer Services,,3932.0,9.55,,,3.1506410256410255,1.8024439918533603,,24.8,12.730130220026942,8.92,,35.0,45.43269230769231,,,,,19.08490530403808,0.84967919340055,,,,0.0,,,,,
SAMMAANCAP,2026-07-28,Financial Services,,18922.0,,,,,0.9939024390243902,,-3.18,-9.623802917446762,4.92,,,,,,,,,,,,,0.0,,,,28.34,
SANDUMA,2026-07-28,Metals & Mining,,9798.0,14.4,,0.41910433424174903,1.9257075471698113,3.019431988041853,,23.2,11.905192690428803,24.4,,24.0,12.932389937106919,34.358986112736666,,34.319595083742094,,33.76051970645844,0.3070067609096497,,,,0.25,,,,74.22,
SANOFICONR,2026-07-28,Healthcare,,10842.0,42.9,,3.4245331469091127,11.59572192513369,28.191616766467067,,71.6,47.16636197440585,89.9,,36.0,27.593582887700535,12.527255003713522,,,,8.89911446693359,0.06510416666666667,,,,1.6,,,,71.27,
SANSERA,2026-07-28,Automobile and Auto Components,,19818.0,58.9,,2.509467152878319,5.665523156089193,6.416161616161616,,11.5,7.2747497219132375,14.1,,18.0,9.34819897084048,23.471118134558022,,17.706552469767423,,14.373417851036052,0.19144800777453838,,,,0.1,,,,29.21,
SAPPHIRE,2026-07-28,Consumer Services,,5881.0,2389.0,,,1.815683853041062,4.226327944572748,,-1.03,-0.4915514592933948,3.98,,15.0,-0.4939796233405372,,,,,7.682961763695739,1.0194244604316547,,,,0.0,,,,26.06,
SARDAEN,2026-07-28,Metals & Mining,,18007.0,16.4,,0.7304067308365381,3.1646748681898065,2.444976076555024,,16.1,9.75288013367338,17.4,,31.0,19.490333919156413,22.45324325149223,,24.71650158697505,,10.545559292759688,0.35712347354138396,,,,0.29,,,,73.16,
SAREGAMA,2026-07-28,Media Entertainment & Publication,,10038.0,47.1,,12.476118990713024,10.190862944162436,5.933940774487472,,13.0,8.871662360034453,17.8,,34.0,20.913705583756347,3.775212470725897,,10.667474741381477,,10.151288292632742,0.04314420803782506,,,,0.83,,,,60.84,
SBFC,2026-07-28,Financial Services,,10023.0,29.0,,0.47981622230131993,,3.078231292517007,,11.6,4.0134946486738015,11.6,,,,60.43980726810083,,,,,,,,,0.0,,,,52.31,
SBICARD,2026-07-28,Financial Services,,62323.0,27.3,,,,3.9696969696969697,,14.7,3.4299240139910743,10.1,,,,-1.9054829856510858,,6.8753171931515755,,,,,,,0.39,,,,68.86,
SBILIFE,2026-07-28,Financial Services,,189115.0,72.7,,6.551119174342826,1.580489068663502,9.378109452736318,,13.7,0.5201521460025678,15.0,,0.7,2.173731363241292,11.09734047958193,,11.494438157357223,,-3.2167925330365055,0.0,,,,0.14,,,,55.32,
SBIN,2026-07-28,Financial Services,,934877.0,11.3,,0.8615972705071206,,1.568111455108359,,15.4,1.0415114402098933,6.13,,,,13.115176181267408,,29.15477726449356,,,,,,,1.7,,,,55.47,
SCHAEFFLER,2026-07-28,Automobile and Auto Components,,64710.0,51.6,,4.405677884462857,6.15992384578772,10.534351145038167,,20.2,14.720394736842104,27.3,,18.0,11.927653498334125,11.712159025963631,,,,13.152994201079293,0.007808687164470474,,,,0.86,,,,74.13,
SCHNEIDER,2026-07-28,Capital Goods,,31800.0,143.0,,7.220855263919608,10.999654098927707,41.04938271604939,,35.6,9.08703071672355,29.6,,13.0,7.367692839847803,19.80374827820286,,,,17.612519791335934,0.7070967741935484,,,,0.0,,,,75.0,
SCI,2026-07-28,Services,,13019.0,9.63,,0.607294497083277,2.25242214532872,1.435897435897436,,15.5,10.159183060519597,14.3,,38.0,23.408304498269896,15.857215973882699,,14.224458489960789,,-0.08060804967138235,0.29452506596306066,,,,2.31,,,,63.75,
SENCO,2026-07-28,Consumer Durables,,6881.0,12.0,,0.34101017851298854,0.8162514827995255,2.7450980392156863,,25.6,8.128009062588502,20.9,,11.0,6.809015421115065,35.18956546202605,,43.409134467150025,,27.397905422213874,1.073587907716786,,,,0.24,,,,64.48,
SFL,2026-07-28,Consumer Durables,,8302.0,55.1,,,2.1727296519235804,2.5503355704697985,,4.8,3.1513016245840673,6.11,,10.0,4.213556660560063,-10.495806771369198,,-9.707013521758013,,9.971581470269797,0.27921279212792127,,,,0.13,,,,65.39,
SHAILY,2026-07-28,Consumer Durables,,13926.0,82.0,,1.188493898165808,14.05247225025227,19.41025641025641,,26.9,14.821272885789014,29.3,,28.0,17.15438950554995,68.9948851454348,,,,17.750200275068728,0.24720670391061453,,,,0.07,,,,41.09,
SHAKTIPUMP,2026-07-28,Capital Goods,,6409.0,30.2,,2.2474837257318216,2.1843899113837764,3.760869565217391,,18.0,6.959947472094551,23.6,,12.0,7.2256305385139745,13.437249691392683,,23.959754897992735,,28.866752697503184,0.2961876832844575,,,,0.19,,,,50.36,
SHARDACROP,2026-07-28,Chemicals,,7919.0,12.1,,0.46882868742735023,1.5032270311313591,2.5229885057471266,,23.2,11.829077644606565,30.2,,20.0,12.927107061503417,25.809000866387933,,24.333490673143675,,9.204972404254175,0.0,,,,1.72,,,,74.82,
SHAREINDIA,2026-07-28,Financial Services,,3926.0,10.9,,,2.4895370957514267,1.4916666666666667,,13.0,7.930283224400872,18.4,,40.0,23.081800887761574,-9.24403214600198,,6.08896985370726,,2.069702144631358,0.2637571157495256,,,,0.58,,,,48.62,
SHILPAMED,2026-07-28,Healthcare,,11839.0,50.7,,,7.692657569850552,4.583333333333333,,9.4,6.556934700485699,11.0,,28.0,15.789473684210526,,,6.546315660030633,,13.737142187311058,0.25462962962962965,,,,0.08,,,,40.13,
SHREECEM,2026-07-28,Construction Materials,,97003.0,57.7,,5.187993877972807,4.631762402712123,4.1688633896728176,,7.51,5.56156194352582,10.3,,22.0,8.35123907749606,11.12183270781848,,-5.272131095843946,,5.467181035092916,0.08028538273090643,,,,0.56,,,,62.56,
SHRIPISTON,2026-07-28,Automobile and Auto Components,,18726.0,33.2,,1.416909991097239,4.199596322045301,6.450682852807284,,21.4,9.133832627808532,20.8,,20.0,12.581296254765642,23.43126959976498,,44.58664559844219,,19.56052069321579,0.6783867631851086,,,,0.24,,,,43.75,
SHRIRAMFIN,2026-07-28,Financial Services,,246119.0,21.8,,1.6839622827657872,,2.9885714285714284,,16.4,3.5217425126409956,11.5,,,,12.94565812020152,,22.928715130004186,,,,,,,1.03,,,,20.3,
SHYAMMETL,2026-07-28,Capital Goods,,28527.0,25.4,,9.160201920224184,1.4566482843137254,2.4745762711864407,,9.7,5.58297193559643,13.0,,13.0,5.718954248366013,2.7728646400164036,,-9.85753971560902,,14.06804596795872,0.08721687060661286,,,,0.43,,,,74.59,
SIEMENS,2026-07-28,Capital Goods,,131088.0,46.8,,2.2006471543549235,5.276020284955325,9.462724935732648,,19.2,12.982605006364023,21.4,,12.0,11.08427915962328,21.266471504705397,,29.060069421844183,,15.46993550764244,0.02218208092485549,,,,0.48,,,,75.0,
SIGNATURE,2026-07-28,Realty,,11256.0,314.0,,,4.335901386748844,6.0606060606060606,,2.79,6.345986670530281,2.6,,-1.9,42.18027734976887,,,,,18.654594067254536,1.6102702702702703,,,,0.0,,,,69.54,
SJVN,2026-07-28,Power,,26593.0,41.5,,,5.8730123674911665,1.8701657458563534,,4.52,1.2401962678205771,5.57,,73.0,14.17844522968198,-22.18968588488831,,-17.206790913432634,,15.509634304070175,2.266872673642812,,,,2.16,,,,81.85,
SKFINDIA,2026-07-28,Automobile and Auto Components,,7276.0,24.9,,,1.933563646027106,5.4721189591078065,,14.8,12.794612794612794,24.2,,12.0,7.068828062715918,-20.280393372085836,,-2.2314778562307236,,-4.386249451969871,0.002257336343115124,,,,2.72,,,,52.58,
SKFINDUS,2026-07-28,Capital Goods,,13549.0,36.5,,,3.9386627906976743,9.167224080267559,,26.6,8.152580403889305,29.9,,11.0,6.337209302325582,,,,,,0.0033875338753387536,,,,0.37,,,,52.58,
SKIPPER,2026-07-28,Capital Goods,,5714.0,25.8,,0.31611501247683627,1.0289933369349902,3.8333333333333335,,16.5,4.698874917273329,23.3,,10.0,3.835764451647758,81.61586442178393,,58.271843109911536,,41.02220287392,0.635814889336016,,,,0.02,,,,66.5,
SKYGOLD,2026-07-28,Consumer Durables,,10359.0,37.6,,0.3202238554412698,1.6455917394757744,8.643410852713178,,29.2,12.84738041002278,27.0,,7.0,4.479745830023829,117.41786054067411,,,,76.03403419620913,0.7247706422018348,,,,0.0,,,,51.74,
SMARTWORKS,2026-07-28,Services,,5451.0,196.0,,,2.7768721344880287,10.280172413793103,,3.3,0.4331683168316832,8.3,,64.0,1.4263881813550687,,,,,23.623656257654524,9.015094339622642,,,,0.0,,,,58.33,
SMLMAH,2026-07-28,Capital Goods,,5509.0,35.2,,2.6709135432532816,1.867457627118644,10.604456824512535,,35.4,11.166785969935576,30.9,,9.0,5.288135593220339,13.17901138691482,,,,10.339215894963116,0.5568400770712909,,,,0.61,,,,58.97,
SOBHA,2026-07-28,Realty,,14366.0,62.3,,0.9229752235354995,2.5575930211856863,3.0476190476190474,,4.16,1.184676137237807,6.86,,6.0,4.112515577710521,67.49910334684495,,5.906022907914932,,21.951666520645063,0.2239406779661017,,,,0.44,,,,52.88,
SOLARINDS,2026-07-28,Chemicals,,165081.0,94.6,,3.1158583295132702,16.779934946127263,26.286743515850144,,32.6,16.183732414050127,38.1,,28.0,17.656027647895915,30.36081554284835,,43.429593980854044,,12.454132636169701,0.2427911422654134,,,,0.06,,,,73.15,
SONACOMS,2026-07-28,Automobile and Auto Components,,44398.0,61.1,,7.37148037335289,9.066367163569533,7.411642411642411,,11.3,9.190782422293676,14.2,,24.0,14.008576679599754,8.288701441961365,,12.59146621214191,,15.418003013197934,0.07387598194885509,,,,0.47,,,,28.01,
SONATSOFTW,2026-07-28,Information Technology,,8359.0,16.4,,18.1881094948156,0.7811419493505279,4.38880706921944,,28.2,9.313528703331995,30.7,,7.0,4.336043360433604,0.9016879959225399,,13.738688445319891,,12.83455745986819,0.3795275590551181,,,,2.63,,,,28.17,
SOUTHBANK,2026-07-28,Financial Services,,12355.0,8.2,,0.6746358093218795,,1.0465631929046564,,13.5,1.0659160811535313,6.42,,,,12.154706119502245,,102.36964896827038,,,,,,,0.94,,,,,
SPARC,2026-07-28,Healthcare,,6812.0,4.39,,,3.6253326237360297,5.084745762711865,,279.0,71.53385536619069,164.0,,85.0,82.65034592868548,,,,,98.84268845207906,0.41778774289985054,,,,0.0,,,,65.68,
SPLPETRO,2026-07-28,Chemicals,,13896.0,28.2,,0.14358233923453279,2.429795418779507,5.865079365079365,,13.7,13.896848137535816,,,13.0,8.480503584542753,196.40298486805582,,72.86747495300408,,60.04740232296761,0.055952881783761045,,,,1.41,,,,64.24,
SRF,2026-07-28,Chemicals,,78151.0,34.8,,1.9988536971197433,4.596847244279748,5.561181434599156,,14.3,8.972071212184089,14.6,,22.0,12.716899005940826,17.40997855428099,,2.736812986805859,,8.969272525747618,0.3619854721549637,,,,0.34,,,,50.26,
STAR,2026-07-28,Healthcare,,9545.0,16.9,,,1.9643959662481991,3.0741839762611276,,20.0,8.4471867195534,18.3,,19.0,11.833710640049393,,,15.053469026090038,,9.627285910324467,0.5658191181203733,,,,0.47,,,,27.91,
STARCEMENT,2026-07-28,Construction Materials,,8164.0,20.3,,1.219231437571966,2.1620762711864407,2.5569620253164556,,13.2,8.392511297611362,16.7,,25.0,10.328389830508474,16.64983314441626,,16.46928181354006,,11.760474947591625,0.18896897524287057,,,,1.0,,,,58.1,
STARHEALTH,2026-07-28,Financial Services,,34382.0,61.7,,,1.9288639551192146,3.5828220858895707,,6.7,2.3582708836106523,8.57,,4.2,3.1248246844319776,-3.7784744520568347,,,,13.796591352262922,0.051158905825850906,,,,0.0,,,,58.01,
STLTECH,2026-07-28,Telecommunication,,27242.0,115.0,,,4.828429634881248,11.397849462365592,,2.24,3.829183737787583,7.75,,15.0,4.306983339241404,,,26.955195646700925,,11.382740862444773,0.8562610229276896,,,,0.0,,,,42.29,
STYL,2026-07-28,Financial Services,,5550.0,21.0,,,3.682813536828135,3.888888888888889,,23.3,15.836832633473305,27.7,,26.0,17.51824817518248,-47.81248230967658,,,,-1.103269768711912,0.05890603085553997,,,,0.0,,,,81.8,
STYRENIX,2026-07-28,Chemicals,,4307.0,23.3,,0.20619506869143883,1.252763234438627,3.1518661518661517,,14.6,7.370116794200563,15.1,,10.0,5.322862129144852,112.99979261321398,,,,19.612154151960205,0.23847841989758595,,,,2.23,,,,46.24,
SUBROS,2026-07-28,Capital Goods,,5079.0,29.6,,0.5784921159287744,1.3522364217252396,4.0785340314136125,,14.7,7.778819119025304,19.8,,9.0,4.419595314164004,51.167508052338675,,28.453285254571448,,10.20787765208322,0.024115755627009645,,,,0.33,,,,36.79,
SUDARSCHEM,2026-07-28,Chemicals,,8185.0,482.0,,,0.836313477061408,2.3416856492027334,,0.49,0.42168055127018406,5.51,,6.0,0.41892306120363754,-24.001558471292427,,-32.57470859944283,,61.99990368622874,0.7168115942028985,,,,0.43,,,,8.19,
SUDEEPPHRM,2026-07-28,Chemicals,,9714.0,56.2,,,15.130841121495328,10.997442455242966,,25.2,14.821124361158432,28.2,,35.0,27.102803738317753,-67.4091338138798,,-42.16482019846768,,14.382410670249012,0.16987542468856173,,,,0.17,,,,76.16,
SUMICHEM,2026-07-28,Chemicals,,26305.0,46.0,,2.8397857724610436,8.106317411402157,7.76141384388807,,16.2,12.941439427805095,22.1,,21.0,17.842835130970723,16.1984049804345,,6.4596185886544255,,4.494885963578121,0.018584070796460177,,,,0.24,,,,75.0,
SUNDARMFIN,2026-07-28,Financial Services,,48758.0,23.1,,1.4670386613000002,,3.2721849366144666,,15.0,2.3999067544728714,9.44,,,,15.746006297836889,,12.060925439159309,,,,,,,0.92,,,,37.21,
SUNPHARMA,2026-07-28,Healthcare,,474397.0,38.0,,3.5704604019321953,8.114621463514762,5.681034482758621,,16.0,10.61647310598024,20.5,,28.0,19.68629195032671,10.642885152692315,,31.64402736636669,,10.031210271725621,0.0553667584061266,,,,0.8,,,,54.48,
SUNTECK,2026-07-28,Realty,,4511.0,21.2,,0.47900880684707203,4.002661934338953,1.2479674796747968,,5.95,2.1285181075355593,7.54,,29.0,18.722271517302573,44.25805892702155,,53.41008154433,,25.88050873535488,0.21434505677097757,,,,0.48,,,,63.14,
SUNTV,2026-07-28,Media Entertainment & Publication,,19428.0,13.0,,,4.4816608996539795,1.5358255451713396,,12.3,10.411097464056066,16.5,,50.0,33.24106113033449,-5.509693304508545,,-1.14748082252909,,4.746408079992981,0.008384086055524795,,,,3.05,,,,75.0,
SUPREMEIND,2026-07-28,Capital Goods,,43033.0,46.1,,,3.799487903937842,6.97119341563786,,15.8,13.23925593329057,20.7,,14.0,9.111778209429632,-1.1775695437740263,,1.2860126328584576,,3.7763884075707077,0.014751175230993677,,,,1.07,,,,48.96,
SUPRIYA,2026-07-28,Healthcare,,6686.0,31.8,,0.9786503620241265,8.07487922705314,5.577181208053691,,19.1,15.401621223286662,25.1,,36.0,25.24154589371981,32.49372935828541,,8.993826397779682,,21.556019591361487,0.004173622704507512,,,,0.12,,,,68.3,
SURYAROSNI,2026-07-28,Capital Goods,,5195.0,18.2,,,0.6889920424403183,1.975206611570248,,11.2,8.067700987306065,15.8,,6.0,3.793103448275862,-5.217800177257049,,12.519208715745522,,-1.9423645260982059,0.030372057706909643,,,,1.81,,,,63.02,
SUZLON,2026-07-28,Capital Goods,,65482.0,20.7,,0.30586728889323667,3.7570715474209653,6.8965517241379315,,40.6,16.662250251735653,35.1,,17.0,18.038900682770095,67.67640984069192,,,,38.72091149524406,0.05874894336432798,,,,0.0,,,,11.7,
SWANCORP,2026-07-28,Chemicals,,9676.0,35.2,,,2.213681079844429,1.2875,,3.68,1.9562549628239372,3.87,,-4.7,6.199954243880119,,,,,44.85738473300094,0.27906050955414013,,,,0.05,,,,53.96,
SWIGGY,2026-07-28,Consumer Services,,74073.0,,,,3.2131609768793647,4.036144578313253,,-29.1,-16.459959583151722,-24.1,,-14.0,-18.01934672276927,,,,,40.76505816769163,0.13929234465436277,,,,0.0,,,,,
SWSOLAR,2026-07-28,Construction,,4840.0,15.5,,,0.6560932628439745,7.446043165467626,,40.1,-5.28493511378597,26.8,,4.0,-3.80913650535448,,,,,34.453990410193015,1.835130970724191,,,,0.0,,,,45.73,
SYNGENE,2026-07-28,Healthcare,,16556.0,44.5,,,4.427921904252474,3.4166666666666665,,7.78,4.493267186392629,9.99,,25.0,8.47820272800214,-12.091730883665598,,-4.928924549384261,,5.402808311668128,0.0946476544740649,,,,0.3,,,,52.59,
SYRMA,2026-07-28,Capital Goods,,25195.0,78.6,,2.268165808787028,5.228263125129695,8.83108108108108,,13.9,5.996533795493934,16.7,,11.0,7.1799128449885865,34.65355120666147,,-55.23697076060179,,33.00735527095367,0.13971358714635,,,,0.11,,,,42.28,
TANLA,2026-07-28,Information Technology,,7915.0,14.8,,,1.7195307408212035,3.175531914893617,,21.4,14.289544235924934,26.3,,17.0,11.579404736041713,-0.48460719476041136,,0.23049801185692775,,5.428128828819556,0.02130225080385852,,,,1.93,,,,46.17,
TARC,2026-07-28,Realty,,3838.0,201.0,,,11.63030303030303,3.611111111111111,,1.81,0.4130434782608695,2.26,,-80.0,5.757575757575758,-1.9709587142771157,,25.354177711631976,,-3.654997743899502,1.7843691148775895,,,,0.0,,,,65.12,
TARIL,2026-07-28,Capital Goods,,8871.0,34.3,,0.44706334233833267,3.4760971786833856,5.861386138613861,,19.1,10.090022505626408,23.3,,15.0,10.540752351097177,76.72290870594827,,74.64069715056655,,25.502239603744115,0.30165016501650166,,,,0.07,,,,64.36,
TATACAP,2026-07-28,Financial Services,,150672.0,30.9,,2.999753281151804,,3.287037037037037,,12.4,1.683625698785559,8.58,,,,10.300847137713752,,28.974313563577205,,,,,,,0.16,,,,85.41,
TATACHEM,2026-07-28,Chemicals,,17199.0,,,,1.1375,0.8112980769230769,,1.27,-5.05410533873532,3.42,,11.0,-13.035714285714286,,,,,-0.6549076082796867,0.3772988776761294,,,,1.62,,,,37.98,
TATACOMM,2026-07-28,Telecommunication,,50020.0,48.1,,,1.9672775898686383,14.50413223140496,,32.6,3.3089405027044223,14.6,,19.0,3.68127113977818,-0.7810501774969003,,-8.584995075028178,,6.635082099701806,3.553524804177546,,,,1.0,,,,58.86,
TATACONSUM,2026-07-28,Fast Moving Consumer Goods,,107674.0,65.3,,5.251723513466047,5.161744966442953,4.945454545454545,,7.35,4.790104728842732,9.24,,14.0,7.871524448705657,12.434013297265745,,11.067449680625252,,11.113400608510094,0.1294290435101891,,,,0.9,,,,33.83,
TATAELXSI,2026-07-28,Information Technology,,22277.0,218.0,,5.018287945881257,26.239104829210838,78.5934065934066,,39.3,21.888412017167383,60.0,,21.0,12.014134275618375,43.44111026528934,,15.877620069349497,,16.351764814905145,0.0,,,,2.05,,,,43.9,
TATAINVEST,2026-07-28,Financial Services,,33117.0,76.3,,3.846727746265891,82.17617866004963,1.1332179930795847,,1.44,1.3291681979664338,1.57,,90.0,107.6923076923077,19.835040333713817,,23.03295292205958,,13.311787953225895,3.422079255355554e-05,,,,0.52,,,,73.38,
TATAPOWER,2026-07-28,Power,,118547.0,30.3,,20.14362576743556,1.8685002758294587,2.9919354838709675,,10.2,3.010930088678078,10.5,,20.0,8.284340767593978,1.5041979209613476,,17.294533843457003,,1.0712245064084858,1.9291831357048748,,,,0.66,,,,46.86,
TATASTEEL,2026-07-28,Metals & Mining,,228074.0,20.1,,3.1139141380388446,0.9824847075040923,2.237163814180929,,11.7,3.671315110534037,12.5,,15.0,4.6894115619884555,6.454898596741354,,6.681313648606846,,-1.560116316308291,0.9042254348272926,,,,2.16,,,,32.94,
TATATECH,2026-07-28,Information Technology,,29971.0,46.1,,,5.057543030712116,7.6397515527950315,,16.3,6.286681715575621,20.9,,16.0,9.399257509281133,-6.435069356537493,,,,5.014372922333088,0.23910272750446088,,,,1.12,,,,55.17,
TBOTEK,2026-07-28,Consumer Services,,16449.0,67.9,,3.86143052568469,6.144564811355996,10.594405594405595,,17.6,2.621119346868622,18.0,,14.0,9.114680612626074,17.58415684248529,,,,35.96681398095962,0.4874274661508704,,,,0.0,,,,44.4,
TCS,2026-07-28,Information Technology,,867545.0,16.2,,5.889895244689929,3.1448856118524318,8.10135135135135,,51.8,27.629203994104884,63.0,,27.0,18.145139364675433,2.7504733661613434,,5.613181723973781,,4.621512057706401,0.10521260723610593,,,,2.67,,,,71.77,
TDPOWERSYS,2026-07-28,Capital Goods,,17462.0,73.1,,2.084063993511034,9.408405172413794,16.297376093294464,,24.7,12.733084709643046,34.0,,18.0,12.877155172413794,35.075698360321475,,39.23489785762153,,28.63342371007529,0.016791044776119403,,,,0.18,,,,26.87,
TECHM,2026-07-28,Information Technology,,160259.0,30.1,,1.0207943730297422,2.708175611734487,5.413907284768212,,17.5,10.500732183534007,23.1,,17.0,8.724820873327024,29.486839656710174,,-1.7579547328307354,,4.405943778065535,0.07381145326850351,,,,3.2,,,,34.96,
TECHNOE,2026-07-28,Construction,,11549.0,25.8,,0.7841873578939168,3.5513530135301354,2.7815126050420167,,11.4,7.9824856854159645,14.8,,14.0,14.575645756457565,32.900300853218,,19.77631618951716,,57.648852830743635,0.01732018282415203,,,,0.9,,,,56.93,
TEGA,2026-07-28,Capital Goods,,11335.0,79.4,,,6.699172576832152,3.3237885462555066,,5.94,3.314789058878071,8.09,,14.0,8.451536643026005,-11.856214454981373,,-4.3183505824273,,11.701899224644041,0.11681831523334311,,,,0.13,,,,67.51,
TEJASNET,2026-07-28,Telecommunication,,8803.0,,,,6.755947812739831,3.0,,-26.8,-9.752206742528982,-14.6,,-50.0,-70.376055257099,,,,,-19.21007156305935,1.4251108836574549,,,,0.51,,,,53.33,
TENNIND,2026-07-28,Automobile and Auto Components,,21268.0,34.1,,,3.9356032568467803,17.744107744107744,,44.4,23.807646826960976,60.8,,17.0,11.176905995558846,-5.650327549317947,,,,3.835537139811196,0.04257095158597663,,,,0.0,,,,74.79,
TEXRAIL,2026-07-28,Capital Goods,,4461.0,22.6,,0.27914614821754546,1.0191912268677177,1.8835616438356164,,7.63,3.838543727740404,11.4,,9.0,4.432259538496687,80.96117443966043,,61.27153223232356,,24.96328242411352,0.37700084245998317,,,,0.68,,,,48.34,
THANGAMAYL,2026-07-28,Consumer Durables,,22292.0,63.0,,0.9866761355343282,2.6228968113895754,15.728070175438596,,28.1,9.214659685863873,25.5,,7.0,4.141663725144134,63.850738586965775,,32.28452668133639,,39.17074523983559,0.644774011299435,,,,0.25,,,,61.61,
THELEELA,2026-07-28,Consumer Services,,15883.0,38.9,,,10.401440733464309,2.4791666666666665,,8.2,4.515912147019273,8.72,,48.0,26.39161755075311,,,,,21.091463649368116,0.28279200499687696,,,,0.0,,,,75.91,
THERMAX,2026-07-28,Capital Goods,,52667.0,95.2,,5.611692730153652,4.888342305550399,9.484978540772532,,10.6,5.437245129134572,13.9,,10.0,6.682754780025989,16.96457817236785,,28.380237591931,,10.021142336632716,0.42396396396396396,,,,0.31,,,,61.99,
THOMASCOOK,2026-07-28,Consumer Services,,4619.0,20.8,,0.09392800295900992,0.5500119075970469,1.8151571164510167,,9.27,2.785162678820104,14.8,,5.0,2.6196713503215054,221.44620714524396,,,,18.491039102667205,0.21170463472113119,,,,0.51,,,,64.77,
THYROCARE,2026-07-28,Healthcare,,9216.0,50.9,,1.4322842287266464,10.520547945205479,15.733695652173914,,28.4,23.560910307898258,35.4,,32.0,20.091324200913242,35.53763909363994,,-0.03606203606710823,,15.266390172143085,0.08717948717948718,,,,1.61,,,,60.92,
TI,2026-07-28,Fast Moving Consumer Goods,,11062.0,48.9,,,3.6677718832891246,3.6942148760330578,,13.1,-0.5844155844155844,11.8,,16.0,-1.1936339522546418,,,,,29.3370212356443,0.7716297786720322,,,,0.22,,,,31.67,
TIINDIA,2026-07-28,Automobile and Auto Components,,54625.0,82.6,,,2.390904713966823,7.055,,9.95,5.218203033838973,17.1,,10.0,4.893421455770999,-12.718526595355018,,18.166273037139202,,15.149085726855915,0.09727777061024384,,,,0.12,,,,43.93,
TIMETECHNO,2026-07-28,Capital Goods,,10389.0,22.2,,0.8807332111494445,1.7017199017199016,2.536231884057971,,13.4,8.458946621741443,16.7,,15.0,7.813267813267813,25.206271001211356,,32.9161106462063,,12.488952857136715,0.17930528375733856,,,,0.6,,,,47.57,
TIMKEN,2026-07-28,Capital Goods,,23082.0,55.6,,,6.636572742955722,7.930232558139535,,14.3,11.219248445525817,19.0,,18.0,11.932144910868315,,,,,,0.005147563486616335,,,,0.08,,,,51.05,
TIPSMUSIC,2026-07-28,Media Entertainment & Publication,,8855.0,41.3,,2.1450431272060406,22.4746192893401,34.137931034482754,,92.3,59.392265193370164,122.0,,69.0,54.568527918781726,19.25369214081678,,27.515879507299744,,17.641427375880415,0.019230769230769232,,,,1.84,,,,64.15,
TITAGARH,2026-07-28,Capital Goods,,10882.0,68.1,,,3.4155681104833646,4.43956043956044,,6.47,3.0453082446150037,10.6,,10.0,3.8606403013182673,-5.706671592463042,,,,4.648656828435782,0.2536644951140065,,,,0.12,,,,40.46,
TITAN,2026-07-28,Consumer Durables,,431020.0,83.8,,5.238475358779434,4.921218487394958,27.429378531073446,,37.7,8.376678060137714,20.5,,10.0,5.792153818048959,15.997020938459737,,39.13165025727099,,29.237559737181407,1.9500095523148444,,,,0.32,,,,52.9,
TMB,2026-07-28,Financial Services,,13736.0,9.47,,0.9065390646628388,,1.2998500749625188,,14.0,1.9176626826029215,7.51,,,,10.44632313062217,,9.602005477736974,,,,,,,1.47,,,,,
TMCV,2026-07-28,Capital Goods,,153421.0,38.8,,,1.8295987120624888,12.052023121387283,,34.0,5.7925022462673725,35.9,,9.0,3.613380239699481,,,,,,0.44094550023558976,,,,0.96,,,,42.56,
TMPV,2026-07-28,Automobile and Auto Components,,119371.0,1.39,,0.006514233839040654,0.3557133576890298,1.0657894736842106,,75.7,21.795199755267163,2.73,,6.0,24.627363803779705,213.37889218368989,,,,-1.0107590439286773,0.7059017739229754,,,,0.92,,,,42.51,
TORNTPHARM,2026-07-28,Healthcare,,186190.0,84.9,,4.19925748781484,13.318311874105866,19.737903225806452,,27.4,4.902095657357729,15.2,,33.0,15.293276108726753,20.217860001764087,,11.56050897709826,,13.268904399504034,1.7913686218407248,,,,0.76,,,,60.78,
TORNTPOWER,2026-07-28,Power,,72058.0,31.5,,11.012600183649278,2.487675205413243,3.7730870712401057,,12.5,5.481185481185482,13.7,,19.0,8.5237865083201,2.8603599036282956,,12.288820674911328,,4.07640174324424,0.7324246395806029,,,,1.38,,,,51.09,
TRANSRAILL,2026-07-28,Capital Goods,,6462.0,15.6,,,0.9392441860465116,2.8294117647058825,,20.0,5.4936089203154745,29.2,,12.0,5.872093023255814,-13.951425540194261,,-25.353439747706474,,29.71814906431982,0.29723805348531346,,,,0.16,,,,71.12,
TRAVELFOOD,2026-07-28,Consumer Services,,16900.0,38.3,,,10.254854368932039,11.663636363636364,,35.3,19.824561403508774,42.4,,39.0,27.427184466019416,-62.39072399962326,,,,15.592838740830018,0.16978516978516978,,,,0.0,,,,86.19,
TRENT,2026-07-28,Consumer Services,,156234.0,90.5,,1.5888453650351688,7.782903257945601,22.366412213740457,,27.7,14.673032654105208,28.3,,19.0,8.573278868187707,56.95960223164751,,,,34.544857548858786,0.36664280601288474,,,,0.14,,,,37.01,
TRIDENT,2026-07-28,Textiles,,12633.0,32.0,,7.671284038605785,1.8629995575873766,2.64957264957265,,7.91,5.240811994162133,9.79,,13.0,5.825099542840289,4.171400751029397,,-13.811335581112461,,-0.13726180299841184,0.38327745180217937,,,,2.0,,,,73.68,
TRITURBINE,2026-07-28,Capital Goods,,19392.0,53.7,,2.4425664791877795,8.89133425034388,13.406593406593407,,27.1,13.976772126551861,35.9,,21.0,16.001834021091245,21.9850720369571,,28.252749570841807,,20.451910675517816,0.024896265560165973,,,,0.63,,,,55.84,
TRIVENI,2026-07-28,Fast Moving Consumer Goods,,5073.0,18.2,,,0.8065182829888712,1.5032679738562091,,8.65,4.125134181873945,8.99,,9.0,4.276629570747218,-46.86562920066408,,0.16366699721630518,,3.8441590919340296,0.6464253664373317,,,,1.21,,,,60.58,
TSFINV,2026-07-28,Financial Services,,9918.0,20.7,,0.6907599367436824,9.657254138266797,1.6433823529411764,,8.23,7.860002966038855,3.38,,24.0,51.606621226874395,29.966995621636737,,47.80453404289497,,124.30709822020577,0.038952428310956404,,,,2.54,,,,54.99,
TTML,2026-07-28,Telecommunication,,7613.0,,,,3.3596646072374226,-13.554006968641113,,,1.3682230203523174,-12.7,,-28.0,3.5304501323918798,,,,,,-7.541329011345219,,,,0.0,,,,74.36,
TVSMOTOR,2026-07-28,Automobile and Auto Components,,189648.0,54.8,,2.05484300250399,3.152655639597706,19.860696517412936,,33.6,6.413635877889787,17.4,,15.0,5.986202310697365,26.668704097209293,,35.27081664728209,,15.759961895129958,3.4282279142707788,,,,0.31,,,,50.27,
TVSSCS,2026-07-28,Services,,5960.0,32.0,,0.9568933503752183,0.5416704535126784,2.928416485900217,,9.7,1.6386554621848741,10.1,,7.0,1.0633463600836135,33.441553321958104,,,,3.258050799187062,1.355140186915888,,,,0.0,,,,43.03,
UBL,2026-07-28,Fast Moving Consumer Goods,,37942.0,111.0,,10.306840305494669,4.106277056277056,8.391812865497077,,7.69,4.260806767770556,10.7,,9.0,4.46969696969697,10.769546894097592,,29.569577254634094,,7.202168219307259,0.29124281291463955,,,,0.71,,,,70.84,
UCOBANK,2026-07-28,Financial Services,,33456.0,13.6,,0.39442198361209774,,1.0853658536585364,,8.5,0.681088748513223,5.76,,,,34.480836680176516,,,,,,,,,1.62,,,,90.95,
UJJIVANSFB,2026-07-28,Financial Services,,13640.0,15.0,,,,1.9971509971509969,,10.8,1.5745294659460212,7.73,,,,-10.61875958588091,,,,,,,,,0.0,,,,0.0,
ULTRACEMCO,2026-07-28,Construction Materials,,353164.0,41.0,,6.727870304510619,3.8435853902746944,4.609615384615385,,11.1,6.065173548455578,12.7,,19.0,9.328065822123548,6.09405326563921,,2.636169311327885,,9.022185975514763,0.3100203591564001,,,,2.01,,,,59.33,
UNIONBANK,2026-07-28,Financial Services,,128474.0,6.27,,0.43559981767161665,,0.9180327868852459,,15.7,1.3004069913568668,6.3,,,,14.393945418789711,,28.568716643615446,,,,,,,2.93,,,,74.76,
UNITDSPR,2026-07-28,Fast Moving Consumer Goods,,109466.0,59.1,,5.793287684033546,8.6698875336607,12.235772357723578,,21.4,13.037160058127464,26.4,,18.0,14.921590369079677,10.201461281282675,,17.84536675241233,,3.7035598784101564,0.046129788897576234,,,,1.14,,,,56.68,
UNOMINDA,2026-07-28,Automobile and Auto Components,,67275.0,55.5,,2.520215204501757,3.4222708312137553,9.872881355932204,,19.3,9.373631187034604,19.6,,11.0,6.531691932037847,22.021928881653686,,40.39871763991514,,20.4968979712576,0.401230048323327,,,,0.23,,,,68.36,
UPL,2026-07-28,Chemicals,,50714.0,28.2,,,0.9782981924805648,1.4622871046228711,,5.64,2.3840462204276247,10.1,,18.0,4.2824900171685405,-18.628389106081933,,-7.367912621546013,,-1.0926020954660665,0.6795019598801014,,,,0.99,,,,33.5,
URBANCO,2026-07-28,Consumer Services,,20087.0,,,,12.909383033419022,9.352517985611511,,-12.0,-8.64606328182487,-7.82,,-16.0,-15.102827763496144,,,,,34.675951770920975,0.06346243583761083,,,,0.0,,,,19.02,
USHAMART,2026-07-28,Capital Goods,,15540.0,28.6,,4.646331807124981,4.0500390930414385,4.722222222222222,,16.6,12.060778727445394,20.2,,20.0,13.239510033880636,6.155393369914508,,11.722098856104889,,5.962946639158195,0.0693519079345851,,,,0.73,,,,40.28,
UTIAMC,2026-07-28,Financial Services,,11578.0,21.7,,,6.064955474070194,2.5742857142857143,,10.3,10.152686892722587,15.6,,45.0,26.820324777370352,-15.822152627245323,,-3.1367790135578444,,3.1973875700110233,0.03129855715871254,,,,4.42,,,,,
UTLSOLAR,2026-07-28,Capital Goods,,11730.0,594.0,,,28.962962962962962,,,58.0,8.29875518672199,16.6,,9.0,4.938271604938271,,,,,,3.227272727272727,,,,0.0,,,,86.63,
V2RETAIL,2026-07-28,Consumer Services,,8095.0,56.7,,,2.6393870231496575,8.951612903225806,,22.9,6.688687035507845,19.3,,15.0,5.28203456146071,,,,,54.04606358411104,1.1031042128603104,,,,0.0,,,,51.43,
VAIBHAVGBL,2026-07-28,Consumer Durables,,4518.0,16.9,,0.47198547994188883,1.223726977248104,2.7383367139959436,,17.9,10.455974842767295,16.4,,10.0,7.204767063921993,35.80618624556149,,-0.9396493539386541,,11.117551961575444,0.2524271844660194,,,,2.19,,,,57.33,
VARROC,2026-07-28,Automobile and Auto Components,,10007.0,39.4,,,1.125646794150731,5.598290598290598,,15.2,4.717948717948718,19.0,,9.0,2.5871766029246346,,,,,8.861213291262459,0.5196629213483146,,,,0.23,,,,75.0,
VBL,2026-07-28,Fast Moving Consumer Goods,,145547.0,45.7,,2.7689078039836366,6.032786205753129,7.426597582037997,,16.2,13.34716729963588,19.7,,23.0,14.129984249357538,16.504702660829395,,36.14574125743826,,14.568856903459793,0.12810297272448667,,,,0.32,,,,59.43,
VEDL,2026-07-28,Metals & Mining,,101436.0,5.88,,0.3662546793347162,1.2932162117368078,2.0393700787401574,,38.2,10.802760093150992,16.1,,30.0,31.9951043512628,16.054402392020585,,7.338289967994038,,-18.947786351105755,0.6635583662289535,,,,16.8,,,,54.72,
VGUARD,2026-07-28,Consumer Durables,,12768.0,39.7,,2.3015448948675816,2.140127388535032,5.377532228360958,,14.4,8.328826392644672,18.4,,9.0,5.162587998659069,17.249283335089636,,8.616940146690123,,13.070573094671566,0.0695322376738306,,,,0.52,,,,53.22,
VIJAYA,2026-07-28,Healthcare,,14016.0,81.1,,3.052082053853796,17.218673218673217,14.634408602150538,,19.7,11.479761114797611,21.3,,41.0,21.253071253071255,26.572024791272185,,-2.0455070058617797,,21.042320176103967,0.44200626959247646,,,,0.15,,,,52.51,
VIKRAMSOLR,2026-07-28,Capital Goods,,6450.0,13.6,,0.07355288984823774,1.3429106808244846,2.031963470319635,,21.4,8.321504613200851,30.6,,19.0,9.764730376847803,184.90096076525325,,-4.414888802949424,,32.323738241319376,0.19445319886542703,,,,0.0,,,,63.01,
VIPIND,2026-07-28,Consumer Durables,,4123.0,,,,2.2190527448869752,14.215686274509805,,-91.8,-21.07231920199501,-28.9,,-13.0,-18.191603875134554,,,,,-3.72319678252212,2.5536332179930796,,,,0.0,,,,42.35,
VIYASH,2026-07-28,Healthcare,,11081.0,56.2,,,3.2400584795321636,3.8138138138138142,,7.39,4.89556135770235,13.4,,19.0,6.578947368421052,,,1.1204426024345793,,34.01209896268813,0.1683270353830299,,,,0.0,,,,61.31,
VMART,2026-07-28,Consumer Services,,5650.0,40.7,,,1.4149762083646382,5.916666666666667,,14.2,4.9640287769784175,13.2,,14.0,3.4560480841472576,,,63.755519311690875,,12.747278080210812,1.0073606729758149,,,,0.14,,,,44.15,
VMM,2026-07-28,Consumer Services,,51246.0,57.5,,2.4723898362003527,3.7979693174238496,6.855345911949685,,12.2,7.791073456197048,14.8,,15.0,6.610835247906321,23.256850177141896,,33.52548702231246,,14.827113434524431,0.26817752596789424,,,,0.0,,,,40.09,
VOLTAMP,2026-07-28,Capital Goods,,9419.0,32.1,,2.117002717985952,4.372794800371402,5.256916996047431,,17.4,15.113974231912785,23.5,,16.0,14.159702878365831,15.162946994484216,,22.167662356968542,,15.85958676881216,0.0005580357142857143,,,,1.07,,,,30.0,
VOLTAS,2026-07-28,Consumer Durables,,43511.0,111.0,,2.7284608372326282,3.054689693906206,6.813471502590674,,6.1,2.55242825607064,9.04,,3.6,2.597584948048301,40.68227715981549,,-6.467987091845884,,14.45937209434125,0.15558343789209536,,,,0.3,,,,30.3,
VTL,2026-07-28,Textiles,,17687.0,23.7,,,1.7921775255851657,1.6831955922865014,,7.3,5.430549545651233,8.86,,13.0,7.629952376127267,-2.15520636208244,,12.33540963588393,,-0.8891423810061805,0.17643142476697737,,,,0.81,,,,65.08,
WAAREEENER,2026-07-28,Capital Goods,,77526.0,19.7,,0.2662063636730833,2.9214304555903077,5.368525896414343,,32.8,12.897227295367758,38.8,,22.0,14.636168368692767,74.00273880827555,,120.06116398675077,,57.81970920194526,0.22253774761047238,,,,0.07,,,,64.12,
WAAREERTL,2026-07-28,Capital Goods,,9635.0,19.0,,0.36735894246246714,2.638280394304491,10.312849162011172,,68.9,21.524852569502947,83.6,,19.0,13.992332968236582,51.72053216573384,,125.80098778484378,,60.94428291656004,0.15631691648822268,,,,0.11,,,,74.32,
WABAG,2026-07-28,Utilities,,11828.0,31.7,,0.1544261246514227,2.9989858012170387,4.599514563106796,,15.9,6.043776543613198,21.3,,12.0,9.38133874239351,205.2761478768868,,27.409340801456892,,10.039446800950858,0.08878504672897196,,,,0.25,,,,19.08,
WAKEFIT,2026-07-28,Consumer Durables,,4185.0,21.7,,,2.8106111484217595,3.6734693877551026,,23.6,10.793832095945174,11.2,,12.0,12.693082605775688,,,,,22.349270446842628,0.24028268551236748,,,,0.0,,,,36.88,
WEBELSOLAR,2026-07-28,Capital Goods,,4313.0,14.2,,,4.111534795042898,6.855172413793104,,66.9,32.54564983888292,63.2,,41.0,28.88465204957102,,,,,,0.20793650793650795,,,,0.0,,,,29.72,
WELCORP,2026-07-28,Capital Goods,,43367.0,18.8,,0.6886556214256314,2.5067630057803467,4.737752161383285,,19.4,11.367647058823529,22.9,,14.0,13.404624277456648,27.29956659771524,,39.08683729716529,,-0.0769527044965912,0.2572083879423329,,,,0.31,,,,49.73,
WELENT,2026-07-28,Construction,,8266.0,21.0,,,2.2865836791147993,2.713636363636364,,14.1,5.362259516987311,16.8,,21.0,10.87136929460581,-19.349564949148956,,23.89444527788811,,9.43880611027328,0.6527595269382391,,,,0.5,,,,56.13,
WELSPUNLIV,2026-07-28,Textiles,,15370.0,70.6,,28.652144298959758,1.635280348973295,3.118908382066277,,4.47,2.0373027259684364,6.25,,8.0,2.2661985317586977,2.464038965577986,,-16.884683394349498,,5.108898090100311,0.4708155379296319,,,,0.06,,,,66.36,
WESTLIFE,2026-07-28,Consumer Services,,7298.0,1417.0,,,2.779131759329779,11.788413098236775,,0.84,1.1307420494699647,6.11,,13.0,1.2185833968012185,-33.877016479041565,,,,4.852872816680609,2.9159935379644586,,,,0.16,,,,56.39,
WEWORK,2026-07-28,Services,,9832.0,111.0,,,3.7976052529934337,32.22727272727273,,31.6,1.1985335589396504,20.7,,65.0,3.28312089609888,,,,,15.852640740719725,18.624161073825505,,,,0.0,,,,48.3,
WHIRLPOOL,2026-07-28,Consumer Durables,,9896.0,31.5,,3.0636995391838093,1.23176499875529,2.3780487804878048,,7.75,3.9951245937161426,11.1,,6.0,3.6718944485934775,10.281687090109305,,-3.5460039148948685,,6.409093981299896,0.017063205960105743,,,,0.63,,,,39.76,
WIPRO,2026-07-28,Information Technology,,179364.0,13.5,,2.057595342397677,1.888678291635077,2.1573301549463646,,15.5,9.429743618863746,17.8,,19.0,13.988922584449497,6.561056842337476,,2.7824901799905044,,1.8978019814373637,0.23052977198104954,,,,6.14,,,,72.59,
WOCKPHARMA,2026-07-28,Healthcare,,30660.0,108.0,,,9.089831010969464,6.207236842105263,,6.11,2.319888085800886,7.55,,19.0,5.899792469611622,,,-22.745072770821963,,8.359968759318615,0.4520242914979757,,,,0.0,,,,49.09,
YATHARTH,2026-07-28,Healthcare,,8034.0,45.8,,2.08841023129882,6.656172328086164,4.508108108108108,,10.4,7.449605609114812,12.4,,24.0,14.084507042253522,21.930557183449608,,10.414972435274894,,36.17366443669863,0.14831460674157304,,,,0.0,,,,55.8,
YESBANK,2026-07-28,Financial Services,,71627.0,19.0,,0.4962652231323427,,1.3652694610778444,,7.1,0.8028430213269134,5.98,,,,38.28597917878507,,23.15712275705608,,,,,,,0.0,,,,,
ZAGGLE,2026-07-28,Information Technology,,2740.0,19.8,,0.32681101822389685,1.4360587002096437,1.9615384615384615,,10.4,8.944658944658945,14.0,,10.0,7.285115303983228,60.58547263065379,,,,51.106940717000924,0.03917378917378917,,,,0.0,,,,44.3,
ZEEL,2026-07-28,Media Entertainment & Publication,,10340.0,37.0,,0.47434310782566574,1.276700827262625,0.8852459016393442,,2.4,1.906302757456387,2.75,,4.9,3.346092110137054,78.002609059935,,-19.476837839344675,,0.04531411536750074,0.022591645353793693,,,,2.25,,,,3.99,
ZENSARTECH,2026-07-28,Information Technology,,11924.0,15.7,,0.4756197684875254,2.0967117988394586,2.531400966183575,,17.3,12.763504611330697,22.8,,16.0,13.627571654650957,33.00956150314383,,20.6849445021817,,5.464639470771404,0.016740834922653103,,,,2.85,,,,49.0,
ZENTEC,2026-07-28,Capital Goods,,14810.0,81.4,,8.606213932556743,22.071535022354695,7.84688995215311,,10.7,9.12037037037037,16.2,,33.0,29.359165424739196,9.458282194458256,,140.12871987722826,,15.103875898157337,0.010058231868713605,,,,0.06,,,,48.51,
ZFCVINDIA,2026-07-28,Automobile and Auto Components,,27050.0,53.6,,7.559117331840906,6.425178147268409,7.33641975308642,,14.6,11.274288296430186,19.4,,16.0,11.852731591448931,7.090774973715952,,28.585089004189257,,3.3295591742784847,0.014905149051490514,,,,0.17,,,,60.0,
ZYDUSLIFE,2026-07-28,Healthcare,,109890.0,20.2,,0.5421525461754676,4.047811993517018,4.096654275092937,,21.2,10.111893907998343,21.1,,31.0,18.87431855016944,37.25888616128028,,19.171021885015872,,16.347945718824477,0.46090292121569787,,,,0.09,,,,75.02,
ZYDUSWELL,2026-07-28,Fast Moving Consumer Goods,,17467.0,76.3,,,4.409745013885383,3.0,,3.98,1.933267909715407,4.91,,13.0,4.9734915425397626,-14.007146983985896,,10.69718360117653,,20.657067378716153,0.549776862341229,,,,0.21,,,,69.63,
7SEASL,2026-07-28,,,169.0,,,,13.530824659727783,,,-0.75,-0.5295950155763239,3.21,,27.7,-1.3610888710968776,,,,,20.716887664271532,0.2343612334801762,,,,0.0,,,,31.07,
A1L,2026-07-28,,,263.0,43.9,,0.4064499353018303,0.5805739514348786,4.838983050847458,,11.6,8.571428571428571,11.7,,3.5,1.9867549668874174,108.00838230519041,,5.154749679728043,,29.004615568677327,0.7777777777777778,,,,0.66,,,,70.03,
AAIL,2026-07-28,,,127.0,107.0,,,0.3724340175953079,2.505307855626327,,2.36,0.390625,12.4,,6.0,0.2932551319648094,-48.926053683427426,,,,-2.3307698492173845,1.86,,,,0.5,,,,73.06,
AAYUSH,2026-07-28,,,114.0,28.7,,,0.7354838709677419,9.285714285714285,,38.8,22.22222222222222,34.8,,1.2,2.5806451612903225,,,,,,0.4166666666666667,,,,0.11,,,,0.0,
ABATEAS,2026-07-28,,,151.0,12.2,,,0.949685534591195,0.8681818181818183,,7.3,5.381165919282512,6.7,,8.0,7.547169811320755,,,,,,0.05747126436781609,,,,0.0,,,,32.42,
ACEMEN,2026-07-28,,,124.0,777.0,,,11.40754369825207,1.859073359073359,,0.24,0.18713450292397663,,,2.67,1.471941122355106,,,,,,0.1891366152925333,,,,0.0,,,,0.61,
ACESOFT,2026-07-28,,,226.0,51.6,,0.28757751234626205,3.9781728568913923,2.2541603630862332,,4.19,2.9811750519193407,5.83,,10.77,7.833127970427742,179.42988510822863,,,,76.569233071976,0.12308715901530272,,,,0.0,,,,62.03,
ACGL,2026-07-28,,,1313.0,18.2,,0.5070381457375179,1.405781584582441,4.254437869822485,,25.7,15.250544662309368,29.6,,9.0,7.494646680942184,35.89473524428224,,,,22.668235926967917,0.032467532467532464,,,,1.25,,,,48.98,
ACTIVE,2026-07-28,,,183.0,18.2,,0.2828765101618596,0.5791139240506329,1.969949916527546,,11.8,3.278688524590164,10.6,,9.0,3.1645569620253164,64.33902903279636,,176.63237344451835,,16.471328451175495,1.3548387096774193,,,,0.0,,,,73.58,
ADCINDIA,2026-07-28,,,992.0,52.4,,1.6210303899625116,4.96,11.47340425531915,,24.2,14.074074074074074,31.4,,10.0,9.5,32.325118840746605,,39.21275283903376,,11.831629417171975,-0.0,,,,1.17,,,,72.02,
AEIM,2026-07-28,,,243.0,6.62,,,1.62,1.9886621315192743,,30.1,13.857677902621724,,,33.0,24.666666666666668,,,,,,0.9016393442622951,,,,0.0,,,,24.98,
AEL,2026-07-28,,,139.0,17.0,,0.8533613977590427,0.3564102564102564,2.7989821882951658,,17.7,6.451612903225806,22.1,,3.0,2.051282051282051,19.921219830944548,,30.410548294075014,,21.39553249837496,0.061224489795918366,,,,0.69,,,,43.01,
AERPACE,2026-07-28,,,487.0,,,,,12.950819672131148,,-35.2,-19.047619047619047,-21.5,,,,,,,,,1.0810810810810811,,,,0.0,,,,45.25,
AGOL,2026-07-28,,,123.0,6.66,,0.05382349309165274,0.38801261829652994,0.74,,11.8,10.982658959537572,16.0,,8.0,5.993690851735016,123.73778841627936,,47.57731615945522,,26.124868106669297,0.0,,,,0.0,,,,48.06,
AGRIBIO,2026-07-28,,,348.0,86.4,,17.424935929017256,7.733333333333333,4.848484848484849,,5.83,4.332867433609289,5.52,,-1.04,8.955555555555556,4.958411345210201,,15.889927598287468,,34.53548508057666,0.2557427258805513,,,,0.08,,,,43.27,
AGVENTURES,2026-07-28,,,113.0,22.8,,,1.0462962962962963,0.41697416974169743,,1.85,2.2408963585434174,2.31,,8.0,7.4074074074074066,-52.937882440414306,,-42.26008055991679,,-41.410945441438564,0.1070110701107011,,,,0.0,,,,51.76,
AHMDSTE,2026-07-28,,,252.0,13.5,,,1.1402714932126696,1.915137614678899,,16.8,8.636363636363637,22.2,,11.0,8.597285067873303,,,,,379.8668612225332,0.030303030303030304,,,,0.0,,,,71.41,
AICHAMP,2026-07-28,,,117.0,,,,2.4893617021276597,2.857142857142857,,-71.6,-18.9873417721519,-43.2,,-106.0,-95.74468085106383,,,,,2.222946218291044,1.024390243902439,,,,0.0,,,,58.9,
AIRLTD,2026-07-28,,,1296.0,,,,,104.8913043478261,,-16.9,-3.572514442079659,2.34,,77.08,,,,,,,2.320129345189976,,,,0.0,,,,34.69,
AJANTSOY,2026-07-28,,,171.0,20.4,,0.3718092769933661,0.13073394495412843,1.014354066985646,,5.13,3.1746031746031744,9.57,,0.9,0.6116207951070336,54.866839700624205,,-19.72584382397693,,1.9052184760197655,0.047619047619047616,,,,0.0,,,,49.8,
ALANSCOTT,2026-07-28,,,183.0,,,,5.327510917030567,16.243654822335024,,-45.8,-11.991076408254322,-14.1,,2.1,-12.51819505094614,,,,,87.3924457662383,0.8577777777777779,,,,0.0,,,,63.57,
ALFREDHE,2026-07-28,,,208.0,5.83,,0.01153165846871674,,0.36256051640667025,,10.2,77.51277683134583,11.7,,,,505.56474732717015,,,,,,,,,0.18,,,,73.87,
ALPHALOGIC,2026-07-28,,,247.0,49.6,,3.928778829847836,4.8862512363996045,4.753309265944645,,10.1,6.456826882177796,12.5,,17.35,15.014836795252226,12.624788044360603,,43.82332569706961,,31.52017208507436,0.8768728390318862,,,,0.0,,,,73.78,
ALPINEHOU,2026-07-28,,,229.0,37.8,,1.040958280282454,3.0219055159672736,2.553191489361702,,6.99,3.4560092006900516,9.18,,14.17,7.930852467669569,36.312694481611054,,16.170838853499326,,16.700518262742815,0.16264791248046437,,,,0.0,,,,73.86,
ALSL,2026-07-28,,,305.0,31.2,,,0.6762749445676275,3.303030303030303,,6.42,7.8125,9.2,,2.8,2.2172949002217295,-27.258516784306185,,4.714696810645824,,9.66048069480967,0.09782608695652174,,,,0.0,,,,54.34,
ALUFLUOR,2026-07-28,,,382.0,15.2,,0.6042832607261746,1.8277511961722488,3.031055900621118,,22.0,12.886597938144329,24.2,,22.0,11.961722488038278,25.153766433533132,,,,15.3991099605848,0.35714285714285715,,,,0.84,,,,59.93,
AMAL,2026-07-28,,,912.0,30.7,,0.19284649961036607,3.1557093425605536,7.57700205338809,,20.4,19.480519480519483,26.0,,14.0,10.380622837370241,159.19397065555958,,92.88668633897579,,49.78435852958478,0.0,,,,0.19,,,,71.35,
AMARJOTHI,2026-07-28,,,114.0,8.83,,0.540720922324365,0.46530612244897956,0.5709459459459459,,4.86,4.207119741100324,8.64,,12.0,5.3061224489795915,16.330050559247834,,-9.965339708410347,,6.644444972121821,0.42,,,,1.31,,,,60.08,
AMBARPIL,2026-07-28,,,114.0,16.3,,0.45607952118990813,0.2275449101796407,2.741046831955923,,18.4,8.536585365853659,17.8,,2.4,1.3972055888223553,35.73938149530025,,15.306832281700533,,13.24165562947095,0.6190476190476191,,,,0.0,,,,73.76,
AMPL,2026-07-28,,,197.0,7.9,,0.16928145373758896,,1.4394618834080717,,23.6,9.469696969696969,21.6,,,,46.66784119331913,,,,,,,,,0.0,,,,26.03,
AMRAPLIN,2026-07-28,,,184.0,14.7,,0.0925015172865193,0.003800239580321368,4.02027027027027,,31.8,4.428044280442804,20.5,,0.1,0.024784171176008923,158.91631219915462,,,,18.539720306854356,3.782608695652174,,,,0.0,,,,73.43,
ANDHRAPET,2026-07-28,,,416.0,,,,0.9122807017543859,0.8218487394957983,,-2.45,-2.568218298555377,-1.62,,-4.5,-3.508771929824561,,,,,-12.599339838405054,0.16237623762376238,,,,0.0,,,,45.04,
ANDREWYU,2026-07-28,,,1439.0,,,,4.877966101694915,4.421052631578947,,-5.78,-2.53671562082777,-6.25,,-32.0,-6.440677966101695,,,,,-7.604645110080455,0.37116564417177916,,,,0.0,,,,89.25,
ANKIN,2026-07-28,,,128.0,,,,7.075732448866777,4.84375,,-3.39,-1.4589280050745324,0.42,,4.53,-2.5428413488114985,,,,,,0.10265151515151515,,,,0.0,,,,91.29,
APIS,2026-07-28,,,782.0,30.9,,2.6393937893057404,2.0,3.944444444444444,,13.6,8.116883116883116,14.6,,9.0,6.3938618925831205,11.707233731169708,,31.95079107728942,,5.603802908100963,0.33668341708542715,,,,0.0,,,,74.72,
APLAB,2026-07-28,,,171.0,,,,2.408450704225352,-34.221311475409834,,-450.0,-13.432835820895523,-7.66,,-7.0,-25.352112676056336,,,,,0.0,-16.8,,,,0.0,,,,43.83,
APMIN,2026-07-28,,,104.0,8.05,,,0.37681159420289856,0.547105561861521,,7.02,4.3624161073825505,9.93,,7.0,4.710144927536232,,,,,,0.24736842105263157,,,,0.0,,,,65.88,
APOLLOFI,2026-07-28,,,126.0,22.0,,,,1.6984924623115578,,8.09,6.635478327286615,11.6,,,,-11.672058211941671,,11.121065449078937,,,,,,,0.0,,,,70.7,
APOLLOIN,2026-07-28,,,135.0,190.0,,,27.551020408163264,19.345238095238095,,17.2,9.833795013850416,22.9,,18.78,14.489795918367346,,,,,,0.004291845493562232,,,,0.0,,,,66.58,
ARCHITORG,2026-07-28,,,117.0,292.0,,5.083662967055707,1.0353982300884956,1.8210862619808306,,0.64,2.7777777777777777,3.6,,6.0,2.6548672566371683,57.43889826927629,,,,75.23454136580025,0.4,,,,0.88,,,,65.88,
ARCL,2026-07-28,,,165.0,30.8,,,0.6066176470588235,2.0,,6.71,2.272727272727273,17.0,,9.0,1.8382352941176472,-23.663929266410666,,-8.374633038990764,,18.130394219305778,0.8658536585365854,,,,0.0,,,,69.22,
ARL,2026-07-28,,,102.0,14.1,,0.8201338557922315,0.23556581986143188,1.0021008403361344,,8.1,4.57516339869281,10.4,,2.3,1.6166281755196306,17.192315498766607,,47.75258662528983,,8.821875450155892,0.35294117647058826,,,,0.0,,,,53.52,
ARTSON,2026-07-28,,,543.0,,,,3.7448275862068967,1336.3636363636363,,-428.0,-9.75609756097561,-14.6,,-5.0,-8.275862068965518,,,,,4.244386442532577,54.0,,,,0.0,,,,75.0,
ARVAYA,2026-07-28,,,669.0,,,,,11.487603305785123,,-3.9,-1.755155770074594,-3.75,,-182.14,,,,,,,0.04345576823590274,,,,0.0,,,,30.62,
ARYACAPM,2026-07-28,,,479.0,17.2,,0.10394378115239394,8.11864406779661,4.4296788482834994,,30.0,23.728813559322035,31.9,,54.0,47.45762711864407,165.4740650119583,,156.2440194312736,,7.874315066012949,0.0,,,,0.0,,,,74.28,
ARYAMAN,2026-07-28,,,726.0,24.6,,0.2646315854641133,,4.526717557251908,,20.4,16.033755274261605,22.1,,,,92.95942491844387,,105.41808018993719,,,,,,,0.0,,,,63.92,
ASGARD,2026-07-28,,,997.0,563.0,,,9.77450980392157,8.533333333333333,,5.85,0.49504950495049505,7.36,,7.0,0.9803921568627451,,,,,,1.6222222222222222,,,,0.0,,,,59.95,
ASHNI,2026-07-28,,,105.0,420.0,,,8.171206225680933,0.9565217391304348,,0.29,0.18421634367401077,0.25,,-13.23,1.9455252918287937,-30.663872564936522,,,,-13.186510191930157,0.049029435888088946,,,,0.0,,,,6.61,
ASIIL,2026-07-28,,,257.0,,,,1.5962732919254659,0.8823529411764707,,-15.8,-19.020172910662826,-8.69,,-29.0,-40.993788819875775,,,,,-8.183476031760751,0.09278350515463918,,,,1.41,,,,73.07,
ASMTEC,2026-07-28,,,6638.0,110.0,,1.6019191144133034,12.54820415879017,21.666666666666668,,25.5,12.127236580516898,27.0,,19.0,11.531190926275993,68.66763684275475,,40.01507875331738,,33.97106107355352,0.4169381107491857,,,,0.36,,,,57.65,
ASPIRA,2026-07-28,,,115.0,47.8,,,5.083996463306808,15.811965811965813,,33.0,13.737836290784204,17.0,,15.34,10.610079575596815,,,,,,1.12448132780083,,,,0.0,,,,46.58,
ASTALLTD,2026-07-28,,,338.0,23.0,,,1.357429718875502,0.9759797724399495,,7.96,2.8957528957528957,9.13,,8.0,6.024096385542169,,,,,,0.1497005988023952,,,,0.0,,,,4.53,
ATISHAY,2026-07-28,,,185.0,33.0,,100.31927749956276,3.2404974601506393,3.366733466933868,,13.1,8.84858044164038,17.0,,14.7,9.826589595375722,0.32894973750328127,,119.540189742749,,9.687677929173066,0.10275962236746551,,,,0.59,,,,74.65,
ATVOENT,2026-07-28,,,338.0,1691.0,,,52.48447204968944,28.727272727272727,,1.8,1.3783597518952446,2.48,,-1.55,3.1055900621118013,0.0,,0.0,,20.18141671998881,0.0,,,,0.0,,,,55.8,
ATVPR,2026-07-28,,,122.0,17.1,,1.4208418277794812,1.8033998521803398,0.57356608478803,,3.42,2.652736097217591,2.87,,12.09,10.583887657058389,12.035118663929122,,0.7576624052174186,,12.27419971272463,0.17093656156156156,,,,0.0,,,,26.83,
AUROLAB,2026-07-28,,,148.0,67.1,,,7.628865979381444,3.3905579399141628,,4.28,1.661099575697391,,,17.53,9.484536082474229,,,,,,1.0082606700321248,,,,0.0,,,,52.4,
AVAILFC,2026-07-28,,,146.0,1.35,,,146.0,0.11163153786104606,,8.58,8.180428134556575,0.02,,52.0,10700.0,-14.566784808818733,,4.787991498884758,,0.0,0.0,,,,0.0,,,,65.53,
AVANCE,2026-07-28,,,176.0,13.3,,,1.1069182389937107,0.4472361809045226,,3.42,2.0030816640986133,2.68,,-0.3,8.176100628930817,,,,,72.4560667569235,0.41624365482233505,,,,0.0,,,,0.68,
AVEER,2026-07-28,,,271.0,68.3,,1.4697634389452106,1.8951048951048952,5.307017543859649,,10.1,5.797101449275362,15.1,,6.0,2.797202797202797,46.47006327019274,,,,14.205828349173144,0.058823529411764705,,,,0.04,,,,74.88,
AVIVA,2026-07-28,,,187.0,99.3,,0.8112877061081292,2.286902286902287,1.875816993464052,,4.82,2.376738305941846,6.46,,3.14,2.299131710896417,122.39800905693153,,,,391.1886267280811,0.012281404351888934,,,,0.0,,,,3.01,
AXENTRA,2026-07-28,,,618.0,594.0,,34.72019037959644,59.7678916827853,19.748427672955973,,6.85,2.516940948693127,6.94,,6.96,10.058027079303676,17.108201121761944,,,,,0.03456,,,,0.0,,,,30.48,
AXISOL,2026-07-28,,,1653.0,57.3,,0.23494708397856698,6.858921161825726,11.513157894736842,,22.1,10.211267605633804,23.3,,19.0,12.033195020746888,243.88470386475274,,47.9674797455832,,81.9640874276768,0.5625,,,,0.14,,,,85.64,
AXTEL,2026-07-28,,,667.0,26.3,,1.2137000627959402,2.9776785714285716,5.3497409326424865,,20.5,14.351851851851851,30.0,,18.0,13.839285714285715,21.669274647159533,,7.915384754979304,,7.561909734969574,0.0,,,,2.9,,,,49.95,
AZADIND,2026-07-28,,,512.0,216.0,,,7.884200800739144,3.8211382113821135,,2.46,1.5670457550912458,3.2,,3.25,3.649522636279643,,,,,,0.004855456786434601,,,,0.0,,,,15.53,
BALGOPAL,2026-07-28,,,441.0,,,,22050.0,7.063197026022305,,-15.7,-9.164336750543647,-17.2,,-7900.0,-44250.0,,,,,-83.20271149570154,0.06609808102345416,,,,0.0,,,,55.37,
BAMBINO,2026-07-28,,,165.0,16.5,,5.911972401753218,0.41878172588832485,1.5036496350364963,,9.48,4.25531914893617,12.3,,8.0,2.5380710659898478,2.7909467228072415,,3.0267578938931505,,9.511145653728104,0.8272727272727273,,,,0.78,,,,74.96,
BARODARY,2026-07-28,,,288.0,14.2,,,4.645161290322581,0.7325581395348837,,5.29,3.0054644808743167,3.69,,31.0,35.483870967741936,-56.66119292491909,,,,2.2479396046704236,0.44556962025316454,,,,0.0,,,,67.52,
BAROEXT,2026-07-28,,,156.0,21.3,,,0.8524590163934426,6.273437499999999,,280.0,12.727272727272727,55.9,,5.0,3.825136612021858,,,,,12.073408181149347,0.24,,,,0.0,,,,54.94,
BCCFUBA,2026-07-28,,,372.0,63.9,,,5.120440467997247,8.173913043478262,,16.9,6.8825427171705105,18.4,,14.73,7.92842395044735,,,,,,0.4027050610820244,,,,0.0,,,,32.34,
BDH,2026-07-28,,,331.0,30.6,,3.166574123259985,3.4479166666666665,4.291044776119403,,14.8,11.11111111111111,20.5,,14.0,11.458333333333332,9.663440301374449,,11.190238551307473,,9.063602228919532,0.025974025974025976,,,,0.79,,,,49.7,
BELDING,2026-07-28,,,1398.0,,,,46600.0,1.3324137931034483,,-1.14,-0.31038522741182434,0.53,,-2600.0,-11833.333333333332,,,,,,0.036593733323168405,,,,0.0,,,,55.78,
BEMHY,2026-07-28,,,469.0,32.8,,0.5762944987420203,4.835051546391752,5.544041450777202,,18.5,10.204081632653061,23.3,,24.0,15.463917525773196,56.915344622581586,,30.450960619249035,,26.42806730415732,0.21428571428571427,,,,0.1,,,,74.69,
BENARAS,2026-07-28,,,1329.0,30.2,,4.437587433717055,8.97972972972973,6.247555012224939,,22.5,17.120622568093385,29.8,,42.0,29.72972972972973,6.805499711518603,,50.69757728890725,,6.944580608140205,0.018867924528301886,,,,0.24,,,,62.58,
BENGALT,2026-07-28,,,124.0,27.6,,0.1577349794239645,2.3605558728345706,0.6359447004608295,,2.32,2.04976032869208,4.76,,4.04,8.547496668570341,174.97704124217083,,6.22208844764458,,1.9863983468014101,0.046818297981088684,,,,1.07,,,,74.89,
BGDL,2026-07-28,,,886.0,,,,33.933358866334736,4.654255319148936,,-0.06,-0.02439768222018908,-0.04,,-4.14,-0.4595940252776714,,,,,,0.42788815305371597,,,,0.0,,,,,
BGWTATO,2026-07-28,,,184.0,12.7,,0.4557410959841646,1.005464480874317,3.1372549019607843,,24.7,15.217391304347828,31.6,,14.0,7.650273224043716,27.866699123489358,,,,10.946966029373396,0.15254237288135594,,,,0.52,,,,74.06,
BHARATAGRI,2026-07-28,,,120.0,,,,4.106776180698152,2.276830491474423,,-14.8,-8.63060989643268,-6.14,,-10.57,-28.234086242299796,,,,,8.924744461757106,0.5114778979320812,,,,0.0,,,,67.83,
BHATIA,2026-07-28,,,335.0,20.0,,0.9752713507942783,0.5668358714043993,2.523860021208908,,15.2,8.542713567839195,21.3,,4.2,2.8764805414551606,20.507113208761485,,31.73013634539319,,20.001624409459673,0.07518796992481203,,,,0.17,,,,69.45,
BHILSPIN,2026-07-28,,,120.0,13.9,,0.19040243392224787,1.1320754716981132,2.3963963963963963,,9.35,5.660377358490567,5.85,,16.0,8.49056603773585,73.00326846491973,,36.46145610861922,,127.52080655190383,2.08,,,,0.0,,,,59.12,
BIHSPONG,2026-07-28,,,114.0,10.1,,,0.46530612244897956,-3.3687002652519893,,,11.956521739130435,39.0,,-5.0,4.489795918367347,-2.532742059571136,,23.22291185589467,,-19.11617185129362,-0.7941176470588235,,,,0.0,,,,69.23,
BIRLACOT,2026-07-28,,,716.0,,,,358.0,2.7373737373737375,,,-4.615384615384616,-3.12,,-453.0,-750.0,,,,,-73.12196034667846,0.15708812260536398,,,,0.0,,,,94.57,
BLUECLOUDS,2026-07-28,,,1830.0,30.2,,,1.8263473053892216,1.6097560975609755,,11.6,4.389173372348208,14.2,,13.0,5.9880239520958085,,,,,,0.2914409534127844,,,,0.0,,,,38.44,
BMW,2026-07-28,,,1205.0,14.9,,1.0526164652672012,1.8120300751879699,1.5014005602240896,,10.6,6.27420604182804,12.4,,25.0,12.180451127819548,14.155203240353753,,,,5.769822754539211,0.4577114427860697,,,,0.78,,,,74.36,
BOMOXY-B1,2026-07-28,,,285.0,170.0,,2.649504849743739,,1.4185542348807656,,1.7,1.2115866679045584,2.12,,,,64.16293218577897,,,,,,,,,0.13,,,,73.29,
BPAGRI,2026-07-28,,,544.0,528.0,,,10.88,8.852941176470587,,1.69,1.2384273175423832,2.23,,2.74,2.06,,,,,510.2612222351424,0.0006504065040650406,,,,0.0,,,,0.08,
BPLPHARMA,2026-07-28,,,1043.0,,,,3.0231884057971015,3.235042735042735,,-2.51,-4.404567699836868,-1.82,,4.6,-7.82608695652174,,,,,16.534415034421414,0.453416149068323,,,,0.07,,,,67.2,
BRADYM,2026-07-28,,,166.0,29.9,,8.96861924929496,2.2705512241827384,3.148936170212766,,11.1,8.039838337182449,14.4,,8.95,7.618656818492683,3.333846511808436,,16.194942625531294,,6.5905089811859385,0.09140698772426817,,,,0.0,,,,73.98,
BRAHMINFRA,2026-07-28,,,479.0,8.03,,0.10380514635400295,1.2981029810298104,1.3865546218487395,,18.9,8.368200836820083,18.2,,24.0,16.260162601626014,77.35647298849307,,,,27.269531399178625,0.3681159420289855,,,,0.0,,,,74.05,
BRIGHTBR,2026-07-28,,,128.0,21.7,,,0.3413333333333333,1.591549295774648,,7.53,2.3529411764705883,11.7,,7.0,1.6,,,,,21.90465996880495,0.8765432098765432,,,,1.09,,,,54.54,
BRPL,2026-07-28,,,168.0,16.0,,0.44087891789081257,1.0909090909090908,4.0,,28.0,17.741935483870968,34.4,,10.0,7.142857142857142,36.29114332920436,,36.47108880117569,,18.307585413289562,0.07142857142857142,,,,0.79,,,,73.27,
CALCOM,2026-07-28,,,106.0,67.3,,,0.48623853211009177,1.2520593080724876,,1.88,0.4694835680751174,6.61,,6.0,0.45871559633027525,-36.53240261891042,,,,10.86101154833159,0.7529411764705882,,,,0.0,,,,64.32,
CANDOUR,2026-07-28,,,194.0,524.0,,,3.9925910681210124,5.712230215827338,,1.67,1.2862918044836458,2.68,,0.7,0.7203128215682238,,,,,,0.015198927134555208,,,,0.0,,,,25.27,
CAPPIPES,2026-07-28,,,145.0,20.8,,,1.8654316222822591,2.8463855421686746,,14.7,7.491681871847161,14.8,,10.79,8.97980187829667,,,,,,0.6112416764590678,,,,0.0,,,,64.39,
CAPRIHANS,2026-07-28,,,130.0,,,,0.18181818181818182,0.29133858267716534,,-13.2,-3.9662447257383966,2.27,,6.0,-6.573426573426573,,,,,,1.5891089108910892,,,,0.0,,,,55.99,
CCME,2026-07-28,,,527.0,,,,121.70900692840647,15.696887686062247,,-0.31,-0.2439024390243902,,,4.16,-0.6928406466512702,,,,,,0.15400624349635797,,,,0.0,,,,74.35,
CDG,2026-07-28,,,270.0,61.2,,,3.605769230769231,5.232974910394265,,17.2,5.4350907029478455,28.8,,22.38,10.243055555555557,,,,,13.76926686788169,0.4065166795965865,,,,0.0,,,,73.75,
CEENIK,2026-07-28,,,107.0,,,,17.065390749601278,5.236220472440945,,-5.22,0.9151785714285715,1.44,,-14.83,6.539074960127592,,,,,,0.951747907434761,,,,4.7,,,,64.95,
CHANDRIMA,2026-07-28,,,234.0,39.1,,0.24124761753916443,3.017797265927263,2.3201320132013206,,5.92,5.028542646071188,4.73,,6.13,7.725045137993293,162.07413942088965,,,,52.461255918455365,0.05692505692505693,,,,0.0,,,,,
CHEMCRUX,2026-07-28,,,133.0,35.7,,,1.6491010539367637,1.7341040462427746,,4.93,2.9268675455116133,7.4,,13.83,4.624922504649721,-36.19183301509309,,,,-5.36207859388762,0.447234873129473,,,,1.09,,,,72.92,
CHEMTECH,2026-07-28,,,135.0,26.8,,6.998252766734315,4.474643685780577,1.2478632478632479,,4.93,4.336558396682792,7.77,,12.23,16.63904540934703,3.8295272967835414,,35.75110659128313,,13.895489157251006,0.0,,,,0.0,,,,40.68,
CHLLTD,2026-07-28,,,148.0,352.0,,,1.064748201438849,0.3511053315994798,,0.28,0.0,6.37,,12.0,0.0,-47.4092821134141,,,,4.444359237943107,0.6223277909738717,,,,0.0,,,,72.84,
CHOKSI,2026-07-28,,,117.0,22.0,,,2.3727438653417154,2.787550744248985,,14.5,11.237613324899854,18.5,,13.77,10.809166497667816,,,13.794980612635687,,300.0811523657892,0.04559487057706008,,,,0.0,,,,71.15,
CITIZEN,2026-07-28,,,439.0,19.6,,0.01666536867141912,1.4115755627009647,4.020618556701031,,96.4,12.429378531073446,42.6,,11.0,7.07395498392283,1176.0915936779563,,,,437.74551610504705,2.5238095238095237,,,,0.0,,,,13.36,
CITURGIA,2026-07-28,,,1493.0,,,,,-191.52542372881356,,,-7.067812798471823,,,,,,,,,,-0.8913324708926265,,,,0.0,,,,99.36,
CMBL,2026-07-28,,,283.0,,,,,4.46,,-0.3,-1.4705882352941178,-0.29,,-10.0,,,,,,,0.0,,,,0.0,,,,3.12,
COCHINM,2026-07-28,,,193.0,12.2,,,0.6724738675958188,1.1181818181818182,,9.36,5.241935483870968,13.6,,5.0,4.529616724738676,-39.4741703802841,,9.054453043176824,,-13.536467357452386,0.03488372093023256,,,,3.25,,,,51.36,
COLAB,2026-07-28,,,2866.0,620.0,,,18.139240506329113,97.9020979020979,,17.2,11.627906976744185,23.1,,0.9,3.1645569620253164,,,,,,0.06896551724137931,,,,0.01,,,,33.88,
COMPEAU,2026-07-28,,,230.0,10.1,,,0.09449465899753492,0.5945945945945946,,6.05,2.4447031431897557,8.24,,3.7,0.8627773212818405,,,,,,1.0906735751295338,,,,0.26,,,,74.92,
CORALAB,2026-07-28,,,206.0,12.8,,0.35122500089239933,2.395348837209302,0.9863247863247864,,7.88,6.639004149377594,11.0,,18.0,18.6046511627907,36.443874916300125,,3.8654960190629195,,3.3081575495288007,0.01904761904761905,,,,0.26,,,,71.51,
COROENGG,2026-07-28,,,191.0,117.0,,,7.984949832775919,,,34.5,6.518196632265074,,,7.32,5.016722408026755,,,,,,1.1059322033898304,,,,0.0,,,,70.87,
COSMOFE,2026-07-28,,,247.0,,,,2.505325083679886,10.729166666666668,,-5.57,-1.3623038454906018,4.55,,6.33,-1.6025966122324777,,,,,-2.785534973683368,2.9974059662775616,,,,0.0,,,,63.65,
COVANCE,2026-07-28,,,569.0,16.6,,,3.8972602739726026,3.372703412073491,,26.5,12.142857142857142,31.4,,29.0,23.28767123287671,,,,,,0.0,,,,0.0,,,,71.7,
CRESCENTIS,2026-07-28,,,178.0,988.0,,,,12.574850299401199,,1.28,1.2474012474012472,1.7,,,,-20.62994740159002,,-14.446794027255072,,,,,,,0.0,,,,74.98,
CTL,2026-07-28,,,336.0,179.0,,,,4.586994727592267,,2.63,0.8749883645164291,6.96,,,,,,,,,,,,,0.0,,,,39.85,
CUPIDALBV,2026-07-28,,,265.0,,,,,0.3835978835978836,,-0.53,-0.7646962946865152,,,,,,,,,,0.04209322193423205,,,,0.0,,,,54.0,
DANLAW,2026-07-28,,,494.0,97.2,,,3.579710144927536,15.156950672645738,,7.11,4.901960784313726,8.22,,6.0,3.6231884057971016,,,28.699769270165977,,35.885191983940935,1.28,,,,0.0,,,,61.87,
DEL,2026-07-28,,,199.0,53.8,,4.88142579702117,1.7767857142857142,2.8455284552845526,,6.6,2.564102564102564,10.0,,-0.1,3.571428571428571,11.021370033491195,,17.11654935423581,,31.7267512016699,0.8,,,,0.06,,,,74.59,
DHABRIYA,2026-07-28,,,469.0,15.6,,0.29667998268927004,1.7765151515151516,3.6166666666666667,,26.3,13.274336283185843,25.6,,21.0,11.363636363636363,52.58190949922892,,46.47888639031237,,15.576429093134902,0.5846153846153846,,,,0.16,,,,67.75,
DHAMPURE,2026-07-28,,,107.0,19.0,,0.5469295201023272,1.832505566021579,2.5308641975308643,,14.8,10.957551826258637,19.7,,12.45,9.505052234971743,34.7393938371533,,25.16916470120858,,39.38945057186596,0.0,,,,0.0,,,,60.27,
DHINDIA,2026-07-28,,,240.0,28.6,,1.2180344092333977,0.9486166007905138,3.074901445466492,,13.4,5.298013245033113,14.4,,7.0,3.1620553359683794,23.48045324762227,,,,22.09613234885015,0.6025641025641025,,,,0.0,,,,44.86,
DHOOTIN,2026-07-28,,,151.0,8.42,,0.3999681367238508,3.682926829268293,0.3463768115942029,,4.06,4.017857142857143,5.0,,58.0,43.90243902439025,21.051676938489237,,-11.553562544634977,,5.415693642233976,0.0,,,,0.63,,,,69.07,
DHPIND,2026-07-28,,,152.0,13.7,,,2.111111111111111,0.6400506970849176,,4.66,4.417670682730924,6.49,,22.0,15.277777777777779,-22.13528447866655,,-13.724008050586356,,-12.909924677648322,0.029535864978902954,,,,0.8,,,,73.36,
DHRUVCA,2026-07-28,,,108.0,41.9,,0.3172333216043718,,3.4965034965034967,,12.3,3.4951456310679614,13.0,,,,132.07944168063892,,90.36539387158786,,,,,,,0.0,,,,45.97,
DLTNCBL,2026-07-28,,,360.0,24.8,,0.12778260766318172,0.36511156186612576,1.0503778337531486,,6.71,1.740139211136891,14.8,,6.0,1.5212981744421907,194.07962048614286,,88.29007082612446,,53.61584128429235,0.5348837209302325,,,,0.46,,,,73.04,
DOLFIN,2026-07-28,,,169.0,30.4,,1.6250906152835083,0.9941176470588236,4.3298969072164954,,15.3,7.228915662650602,14.9,,5.0,3.5294117647058822,18.70664916411231,,14.215263894454843,,18.56311014966876,0.48717948717948717,,,,0.0,,,,37.68,
DUNCANENG,2026-07-28,,,139.0,,,,2.574074074074074,4.006410256410256,,-48.2,24.096385542168676,-15.9,,-11.0,37.03703703703704,150.57443665493594,,-5.276150008062219,,1.2659571768745437,0.6857142857142857,,,,0.8,,,,74.56,
DUROPLY,2026-07-28,,,113.0,,,,0.518348623853211,1.0833333333333333,,-10.5,-3.0864197530864197,2.51,,1.8,-2.293577981651376,,,,,,1.2727272727272727,,,,0.0,,,,50.22,
EASTINDIA,2026-07-28,,,144.0,30.8,,,0.5806451612903226,6.763888888888889,,23.2,4.0650406504065035,21.2,,7.0,2.0161290322580645,,,,,,2.1818181818181817,,,,1.54,,,,94.68,
EBIX,2026-07-28,,,450.0,,,,0.184577522559475,-0.22875816993464054,,,-11.702402479979334,5.95,,4.1,-18.580803937653815,,,,,,-0.695675105485232,,,,0.0,,,,42.7,
ECOBOAR,2026-07-28,,,143.0,,,,5.958333333333333,6.323185011709603,,-123.0,-16.39344262295082,-44.3,,-39.0,-41.66666666666667,,,,,-14.941925943401968,0.36363636363636365,,,,0.0,,,,44.84,
ECOPLAST,2026-07-28,,,242.0,20.1,,0.6119122920071758,1.0950226244343892,1.4710982658959537,,10.6,8.391608391608392,14.4,,8.0,5.429864253393665,32.84784480152965,,120.3058236420818,,32.040455409351566,0.01680672268907563,,,,0.0,,,,74.45,
ECORECO,2026-07-28,,,974.0,42.2,,0.7656876650967461,20.291666666666668,8.81326352530541,,23.3,17.037037037037038,30.0,,60.0,47.91666666666667,55.11385637205994,,38.865309561463214,,38.672254870126935,0.05454545454545454,,,,0.0,,,,73.35,
EKANSH,2026-07-28,,,354.0,,,,13.140311804008908,7.8,,-6.48,-2.6547899746747006,1.48,,-8.69,-11.284335560504825,,,,,-26.308426817470554,0.5739762219286658,,,,0.0,,,,,
EKI,2026-07-28,,,231.0,,,,2.6551724137931036,0.6080291970802919,,-3.9,-3.102189781021898,-3.84,,-10.0,-19.54022988505747,,,,,-59.253270018791035,0.013157894736842105,,,,2.42,,,,65.89,
ELNET,2026-07-28,,,128.0,14.2,,0.8396289388338681,5.763169743358847,1.893491124260355,,14.2,10.184451737014824,18.5,,52.45,40.5222872579919,16.91223270570199,,10.789480307570255,,1.1202404985089398,0.0628689492325856,,,,0.6,,,,52.85,
EMERALD,2026-07-28,,,180.0,11.2,,0.22273785588550046,,1.8607142857142858,,16.0,14.049586776859504,21.2,,,,50.28332501214978,,40.477511548179315,,,,,,,0.29,,,,59.7,
EMERALL,2026-07-28,,,270.0,,,,16.343825665859566,-3.2142857142857144,,,-8.560856085608561,8.85,,44.13,-51.81598062953996,,,,,,-1.756271549161812,,,,0.0,,,,73.76,
EMERGENT,2026-07-28,,,195.0,154.0,,,0.4513888888888889,6.713836477987421,,4.47,3.225806451612903,11.4,,0.2,0.23148148148148145,-2.9362489364869626,,-21.200268013530476,,41.96096183235003,0.0,,,,0.0,,,,73.83,
EMPIND,2026-07-28,,,619.0,11.9,,0.9001328844897094,0.8467852257181943,1.7593856655290103,,15.6,6.38036809815951,18.0,,12.0,7.113543091655266,13.220270256814558,,31.297177680708742,,2.3397458471043686,0.49002849002849,,,,2.44,,,,72.55,
EMROCK,2026-07-28,,,404.0,334.0,,,196.11650485436894,17.066666666666666,,7.78,3.4780109226789304,8.48,,57.77,58.7378640776699,,,,,,0.4427609427609427,,,,0.0,,,,74.63,
ENKEIWHEL,2026-07-28,,,660.0,48.7,,,0.6327900287631831,2.7593984962406015,,4.13,1.6528925619834711,7.66,,9.0,0.9587727708533078,-5.636918952295799,,-9.599293262172626,,13.359284317393794,0.875,,,,0.0,,,,74.97,
ESCORP,2026-07-28,,,114.0,38.4,,1.9938330343367334,35.9621451104101,1.645367412140575,,4.37,4.086109968462909,5.36,,75.08,94.00630914826499,19.25938598603574,,,,10.33562338755305,0.0,,,,0.0,,,,67.62,
ESPIRE,2026-07-28,,,245.0,30.2,,0.1541701679033615,1.828358208955224,4.7953216374269,,17.2,3.389830508474576,12.2,,19.0,5.970149253731343,195.88744314613623,,,,91.77135306309647,2.764705882352941,,,,0.0,,,,69.25,
EVERESTO,2026-07-28,,,289.0,52.1,,,1.4744897959183674,3.7323037323037322,,7.63,2.5,12.0,,10.0,3.061224489795918,,,-19.716484589004533,,2.313983506513262,0.6578947368421053,,,,0.0,,,,59.6,
EVEXIA,2026-07-28,,,295.0,182.0,,,2.6818181818181817,0.5198675496688742,,,0.10793308148947653,,,2.6,1.8181818181818181,0.0,,-12.944943670387588,,16.260329205681458,2.1552028218694885,,,,0.0,,,,3.36,
EXPOEAPL,2026-07-28,,,171.0,98.3,,,2.506228931555034,4.3604651162790695,,4.89,2.000229911484079,9.08,,9.26,2.5501978601788067,,,,,-5.253268295544511,0.8307026476578412,,,,0.0,,,,56.95,
EY,2026-07-28,,,147.0,,,,1.5601783060921248,5.191489361702128,,-16.4,-7.30319803198032,-8.42,,0.45,-5.041392485671832,,,,,,0.580599647266314,,,,0.0,,,,62.29,
FILTRON,2026-07-28,,,405.0,97.6,,,5.324043644012095,6.722866174920969,,14.8,3.295219946006035,11.3,,4.9,5.45550151176548,,,,,,0.2665008291873963,,,,0.0,,,,73.36,
FLUIDOM,2026-07-28,,,435.0,45.3,,1.0191793177288915,9.579387800044044,8.828828828828827,,21.2,16.035374603704323,28.5,,27.26,21.162739484695,44.44752676196879,,,,21.225473413314553,0.0,,,,0.86,,,,53.45,
FORBESCO,2026-07-28,,,334.0,95.4,,,4.394736842105263,1.6709677419354838,,1.67,5.179282868525896,5.11,,10.0,17.105263157894736,-58.80826014751418,,,,17.374001688995257,0.03015075376884422,,,,0.0,,,,73.85,
FOSECOC,2026-07-28,,,733.0,50.1,,2.5333283208078536,6.603603603603603,8.337579617834395,,18.2,13.559322033898304,29.6,,26.0,14.414414414414415,19.776354919532736,,7.253826106043237,,3.1970307479940896,0.0,,,,0.95,,,,75.0,
FRATELLI,2026-07-28,,,416.0,,,,2.298342541436464,3.0543130990415333,,-17.0,-7.204610951008646,-4.87,,-4.3,-13.812154696132598,,,,,-9.599500493691782,1.0222222222222221,,,,0.0,,,,57.19,
FREDUN,2026-07-28,,,1493.0,45.8,,,2.351181102362205,5.311764705882353,,15.6,5.14018691588785,21.3,,14.0,5.196850393700787,,,,,,0.7985611510791367,,,,0.03,,,,44.57,
GALAGEX,2026-07-28,,,106.0,426.0,,,19.20289855072464,23.10344827586207,,3.28,4.409171075837742,2.25,,9.06,4.528985507246378,-16.752224563919892,,,,-1.1217002778315055,0.0,,,,0.0,,,,0.05,
GALXBRG,2026-07-28,,,277.0,83.6,,,4.10309583765368,2.514450867052023,,3.05,2.3722496954060057,5.2,,9.54,4.902977336690861,-40.794179986959975,,-15.88364356534001,,-17.14281200945501,0.16469840116279066,,,,0.0,,,,46.83,
GAMCO,2026-07-28,,,272.0,,,,0.7555555555555555,1.62987012987013,,-35.5,-5.893909626719057,-8.19,,-2.8,-8.333333333333332,,,,,17.662139846489566,1.7245508982035929,,,,0.2,,,,72.02,
GANGAPA,2026-07-28,,,107.0,67.1,,,0.3821428571428571,3.327759197324415,,5.09,2.0,7.51,,2.7,0.7142857142857143,-21.07188335734329,,-17.317692526819684,,-1.9455757402566998,1.375,,,,0.0,,,,74.99,
GARNETINT,2026-07-28,,,132.0,27.7,,1.4878397130102554,27.104722792607802,3.106481481481481,,11.8,10.49259995582063,11.2,,69.4,97.5359342915811,18.617596880752885,,,,-56.540485441094,0.023770298893857376,,,,0.0,,,,49.27,
GARWAOFFS,2026-07-28,,,132.0,,,,3.6954087346024638,1.0591133004926108,,-11.6,-4.505334626576139,-5.87,,18.34,-26.007838745800672,,,,,-11.198825699751957,0.5164105027217419,,,,0.0,,,,30.34,
GEE,2026-07-28,,,540.0,35.3,,2.339525019021783,1.4634146341463414,2.5120772946859904,,7.48,4.1269841269841265,11.1,,9.0,3.523035230352303,15.0885328060137,,0.5696056090860546,,-2.3264303446064116,0.29767441860465116,,,,0.0,,,,63.58,
GENNEX,2026-07-28,,,218.0,11.5,,0.29119217220797844,1.260115606936416,0.9814410480349345,,9.25,6.017191977077363,10.8,,13.0,12.138728323699421,39.492819854327486,,29.335831501345865,,37.87982468521503,0.35585585585585583,,,,0.0,,,,23.63,
GGAUTO,2026-07-28,,,161.0,14.4,,0.21944922801131125,1.3879310344827587,2.7710843373493974,,21.2,10.091743119266056,20.4,,18.0,9.482758620689655,65.61882277051241,,,,14.636368898834217,0.5,,,,0.0,,,,39.6,
GHVINFRA,2026-07-28,,,1919.0,39.2,,,3.1203252032520323,14.615384615384617,,37.3,8.263069139966273,,,16.0,7.967479674796748,,,,,,1.465648854961832,,,,0.0,,,,63.98,
GLITTEKG,2026-07-28,,,158.0,,,,3160.0,14.441805225653207,,-3.47,-3.548680618744313,-3.38,,-3400.0,-780.0,,,,,-84.49735402187628,0.0,,,,0.0,,,,70.59,
GLOBUSCON,2026-07-28,,,124.0,11.4,,,31.0,1.3368983957219251,,-6.92,5.612244897959184,-2.74,,-10.0,275.0,,,,,0.0,0.0,,,,0.0,,,,73.68,
GODAVARI,2026-07-28,,,111.0,29.3,,,1.0471698113207548,1.4705882352941178,,6.38,2.0,6.69,,10.0,3.7735849056603774,-7.045348562651721,,-5.9150493763491685,,-12.824329936743585,1.0,,,,0.0,,,,40.23,
GOLDENCREST,2026-07-28,,,179.0,997.0,,26.39132144552195,426.1904761904762,16.285714285714285,,1.65,1.6319129646418857,2.2,,47.62,42.857142857142854,37.77757025384456,,41.470384317198224,,7.297628793540634,0.0,,,,0.0,,,,58.17,
GOLKUNDIA,2026-07-28,,,165.0,12.0,,0.9065511079185247,0.5851063829787234,2.0608695652173914,,18.8,9.210526315789473,20.1,,8.0,4.964539007092199,13.23698123049284,,38.48388599284576,,6.569042175811557,0.4375,,,,0.6,,,,72.82,
GOODRICKE,2026-07-28,,,397.0,22.0,,,0.49563046192259674,1.3049645390070923,,6.31,4.340567612687813,5.11,,2.4,3.245942571785269,,,5.526920048722883,,-3.1600305750860147,0.0625,,,,1.08,,,,74.0,
GOURMET,2026-07-28,,,168.0,,,,0.8704663212435233,2.6746987951807224,,-0.75,0.0,6.01,,15.0,0.0,,,,,46.01199666553719,1.2698412698412698,,,,0.0,,,,46.84,
GTTDATA,2026-07-28,,,199.0,,,,1.4962406015037595,2.5714285714285716,,-30.2,-11.03448275862069,-16.5,,-2.1,-12.030075187969924,,,,,,0.4358974358974359,,,,0.0,,,,62.24,
GTV,2026-07-28,,,342.0,24.0,,0.46529907437895496,3.3529411764705883,5.176923076923076,,26.3,15.053763440860216,30.4,,18.0,13.725490196078432,51.57972865523821,,90.74461081023846,,2.041377547933698,0.11475409836065574,,,,0.19,,,,57.88,
GUJINJEC,2026-07-28,,,165.0,54.9,,0.320225360895671,3.5591026747195857,13.827160493827158,,16.6,8.181074447777474,22.9,,8.41,6.47109577221743,171.44176165949062,,,,100.05755396001148,0.0,,,,0.0,,,,,
GUJINTRX,2026-07-28,,,149.0,14.4,,1.1682261537787058,2.1285714285714286,2.2552083333333335,,15.6,13.88888888888889,21.3,,21.0,14.285714285714285,12.32638043021228,,28.049089455346632,,7.088062578826659,0.0,,,,5.8,,,,58.48,
GUJJUBHAI,2026-07-28,,,249.0,47.5,,,1.9606299212598426,6.134020618556701,,18.5,8.771929824561402,21.4,,6.0,3.937007874015748,-8.712490204124556,,25.70857920858569,,65.53197491883986,0.14634146341463414,,,,0.0,,,,64.06,
HAMPTON,2026-07-28,,,236.0,,,,16.857142857142858,1.7137176938369778,,3.84,-6.153846153846154,6.07,,-127.0,-142.85714285714286,,,,,-42.06622258522583,0.45985401459854014,,,,0.0,,,,75.01,
HAZOOR,2026-07-28,,,615.0,14.4,,0.03268181398966979,1.0603448275862069,0.9869565217391304,,7.89,2.5489033787788973,12.0,,45.0,7.413793103448276,440.6120175750225,,,,,0.7291666666666666,,,,1.68,,,,13.7,
HBGHOTELS,2026-07-28,,,177.0,64.1,,1.5949814111075349,5.5765595463138,0.47362637362637366,,0.77,0.34738829452485837,0.73,,22.46,8.695652173913043,40.18855615093957,,,,7.0679450326443405,0.9481923519494767,,,,0.28,,,,69.8,
HERCULES,2026-07-28,,,374.0,10.0,,,2.1129943502824857,0.3952702702702703,,4.35,3.5204567078972406,5.66,,17.0,20.903954802259886,,,,,,0.005274261603375527,,,,2.14,,,,69.61,
HIGHENE,2026-07-28,,,506.0,36.9,,,6.487179487179487,4.548387096774194,,15.4,9.352517985611511,20.4,,21.0,16.666666666666664,-9.344839592111953,,-6.485517618716374,,0.0,0.10714285714285714,,,,0.51,,,,43.06,
HIIL,2026-07-28,,,954.0,,,,1.8524271844660194,3.291044776119403,,-11.5,-5.6720098643649814,-6.82,,-6.0,-8.932038834951456,,,,,-4.159194675627365,1.3356401384083045,,,,0.04,,,,75.0,
HIKLASS,2026-07-28,,,246.0,,,,53.131749460043196,4.6571428571428575,,-4.69,-2.7622247107129527,-1.46,,-10.37,-31.96544276457883,,,,,161.1374833266778,0.009811320754716982,,,,0.0,,,,28.6,
HIMTEK,2026-07-28,,,268.0,33.4,,,0.7184986595174263,,,,,,,9.0,1.876675603217158,,,,,,,,,,0.19,,,,54.37,
HINDADH,2026-07-28,,,130.0,8.14,,0.17983662367706219,0.5078125,1.187793427230047,,15.9,5.208333333333334,13.4,,14.0,5.859375,45.26330529101366,,25.590009027943662,,-7.2647221256454735,1.1192660550458715,,,,0.0,,,,68.48,
HINDAPL,2026-07-28,,,107.0,,,,,7.379310344827586,,-0.41,-0.1179245283018868,-0.22,,,,,,,,,2.475928473177442,,,,0.0,,,,70.82,
HINDHARD,2026-07-28,,,121.0,14.5,,0.4882177328728615,1.110091743119266,3.24,,25.0,12.307692307692308,27.8,,11.0,7.339449541284404,29.69986344960558,,21.38481384762261,,20.0499498111111,0.23684210526315788,,,,0.35,,,,66.16,
HINDMOTORS,2026-07-28,,,324.0,,,,324.0,-3.4899328859060406,,,-61.53846153846154,,,-2632.0,-3200.0,,,,,-88.86336948112434,-0.40425531914893614,,,,0.0,,,,32.33,
HINDTIN,2026-07-28,,,107.0,12.8,,,0.25476190476190474,0.4744186046511628,,3.79,2.2598870056497176,7.27,,6.0,1.9047619047619049,-20.446989801469172,,-10.64932830747276,,-3.2664550890476485,0.3183856502242152,,,,0.78,,,,41.11,
HPBL,2026-07-28,,,195.0,8.37,,,0.33163265306122447,2.3828125,,32.9,7.671957671957672,19.4,,10.0,4.931972789115646,,,-10.94301474950693,,18.76543666866517,3.0,,,,0.56,,,,75.0,
HRMNYCP,2026-07-28,,,119.0,70.2,,,26.984126984126984,29.36936936936937,,31.0,144.44444444444443,32.2,,29.25,38.321995464852606,,,,,661.1662611020245,0.0,,,,0.0,,,,59.37,
HYPERSOFT,2026-07-28,,,1815.0,444.0,,,25.183849035659776,8.301158301158301,,1.87,1.454273929739724,,,7.03,5.675038157347024,,,,,,0.0,,,,0.0,,,,59.24,
ICONIKSPEV,2026-07-28,,,113.0,26.1,,0.6749024614068054,2.4829707756537025,1.6213592233009706,,8.13,4.972502291475711,10.5,,12.09,9.536365633926609,38.672254870126956,,39.76542375431586,,521.0373855352058,0.0,,,,0.0,,,,8.68,
IFINSEC,2026-07-28,,,613.0,39.8,,0.6376327221006483,,7.777777777777778,,16.0,27.848101265822784,28.6,,,,62.41837757146613,,29.625255261880934,,,,,,,0.0,,,,55.98,
IIRM,2026-07-28,,,900.0,36.8,,,3.5714285714285716,5.739130434782608,,16.9,8.51063829787234,20.4,,23.0,9.523809523809524,,,,,,0.6050955414012739,,,,0.0,,,,57.89,
IKOMA,2026-07-28,,,154.0,671.0,,,92.77108433734941,16.750629722921914,,2.53,1.4145141451414514,3.06,,26.51,13.855421686746988,,,,,,0.1910966340933768,,,,0.0,,,,37.72,
INDAG,2026-07-28,,,254.0,24.9,,0.35580854480383717,1.1813953488372093,1.0977272727272727,,4.44,2.631578947368421,5.07,,3.9,3.7209302325581395,69.98145593644402,,-5.395378407784623,,8.78624747610246,0.07792207792207792,,,,2.46,,,,73.34,
INDGELA,2026-07-28,,,267.0,10.6,,6.446030875401093,1.5705882352941176,1.3772893772893773,,13.8,11.52073732718894,17.6,,17.0,14.705882352941178,1.6444227781239773,,28.70711873880527,,-6.049660580030425,0.02072538860103627,,,,1.59,,,,69.05,
INDIAHOMES,2026-07-28,,,875.0,,,,291.6666666666667,23.655913978494624,,-50.4,-7.352941176470589,-19.0,,-488.0,-1000.0,,,,,-72.48393959254477,2.027027027027027,,,,0.0,,,,34.25,
INDOKEM,2026-07-28,,,1581.0,846.0,,,9.355029585798816,24.545454545454543,,2.96,1.3793103448275863,6.29,,2.8,1.183431952662722,,,,,1.6296140253681868,0.4153846153846154,,,,0.0,,,,68.67,
INDSILHYD,2026-07-28,,,108.0,7.22,,,0.7105263157894737,0.547752808988764,,7.58,6.607929515418502,,,10.0,9.868421052631579,-46.05052849200892,,,,-9.927250969940694,0.0,,,,1.28,,,,62.81,
INDSUCR,2026-07-28,,,130.0,3.02,,2.5536116849138333,0.25440313111545987,0.44642857142857145,,15.8,4.897314375987362,17.5,,15.0,6.066536203522505,1.1826386986876214,,4.3346015639872615,,4.174355381338457,0.6575342465753424,,,,0.0,,,,64.48,
INDTONER,2026-07-28,,,247.0,9.16,,0.22629390061333596,1.6802721088435375,1.460122699386503,,11.6,13.5,14.3,,21.0,18.367346938775512,40.47833359703104,,6.395654877706125,,16.907714183910926,0.0,,,,2.49,,,,69.25,
INDUSFINL,2026-07-28,,,145.0,60.3,,0.8274233671613295,,6.330645161290322,,10.5,5.827776167004927,15.0,,,,72.87683958802533,,32.07274210907436,,,,,,,0.37,,,,74.79,
INLCM,2026-07-28,,,130.0,,,,,5.741176470588235,,-1.61,-0.8746355685131194,-1.6,,-304.55,,,,,,,0.007479102507699077,,,,0.0,,,,37.38,
INOVSYNTH,2026-07-28,,,1249.0,,,,,15.32349602724177,,-11.1,-12.767665952890791,-9.18,,,,,,,,,0.1603960396039604,,,,0.0,,,,75.04,
INTEGFD,2026-07-28,,,275.0,,,,,23.296354992076072,,,,,,,,,,,,,,,,,0.0,,,,2.24,
INTEGRAEN,2026-07-28,,,568.0,38.2,,54.24221281415604,3.4011976047904193,5.108359133126935,,14.9,9.868421052631579,18.5,,16.0,8.982035928143713,0.7042485551037592,,10.184478889963277,,4.343735119556569,0.1981981981981982,,,,0.0,,,,54.39,
INTLCOMBQ,2026-07-28,,,143.0,,,,1.4550264550264551,1.6456043956043955,,-1.61,-4.985935302390999,-0.02,,-3.44,-7.214082214082214,,,,,-2.9868768149935887,0.1829997699562917,,,,0.67,,,,52.88,
IPRINGLTD,2026-07-28,,,170.0,66.6,,66.59558183437005,0.5044510385756676,1.6482164821648218,,2.49,0.6191950464396285,8.26,,9.0,0.5934718100890208,1.000066343224404,,,,1.424402872768793,1.1941747572815533,,,,0.0,,,,56.58,
ISERA,2026-07-28,,,121.0,,,,7.396088019559903,7200.0,,-7.92,-0.7361268403171009,3.4,,2.44,-0.7946210268948656,,,,,-13.752263479646443,22.166666666666647,,,,0.0,,,,58.63,
ISTLTD,2026-07-28,,,737.0,4.81,,0.20574016583449528,5.849206349206349,0.4355616815988973,,9.7,8.45225027442371,12.7,,59.0,122.22222222222223,23.37900322229416,,9.904200461395373,,1.3588617768500066,0.002364066193853428,,,,0.0,,,,74.98,
ISTRNETWK,2026-07-28,,,332.0,,,,18.053289831430124,29.19254658385093,,-94.4,-71.68949771689498,,,-17.51,-17.074497009244155,,,,,,0.0,,,,0.2,,,,16.58,
ITHL,2026-07-28,,,250.0,11.6,,,1.0869565217391304,1.3973214285714286,,13.2,6.827309236947792,17.9,,14.0,7.391304347826087,-8.509838588519713,,,,1.9583270140522746,0.00558659217877095,,,,1.75,,,,61.69,
JAGAJITIND,2026-07-28,,,599.0,59.9,,5.412212000207322,2.358267716535433,9.481481481481481,,17.1,1.3908205841446455,10.5,,-19.0,3.937007874015748,11.067563502262189,,14.761262682275644,,-20.57779886319776,5.761904761904762,,,,0.0,,,,87.34,
JAGSONSER,2026-07-28,,,105.0,,,,,9.368932038834952,,-35.8,-29.4717887154862,-35.5,,,,,,,,,,,,,0.0,,,,61.1,
JAMESWARREN,2026-07-28,,,95.8,5.1,,,0.7543307086614173,2.0234375,,2.93,22.302158273381295,4.2,,14.0,24.409448818897637,,,,,3.065957885856485,0.0,,,,0.0,,,,68.61,
JASCH,2026-07-28,,,214.0,9.5,,0.11156661094786148,0.9427312775330396,2.9166666666666665,,20.0,13.609467455621301,26.3,,14.0,10.13215859030837,85.1509239125283,,38.718733363695314,,19.80749156045114,0.08196721311475409,,,,0.0,,,,57.64,
JATTAINDUS,2026-07-28,,,193.0,187.0,,7.5508571836146805,1.496124031007752,9.90990990990991,,5.43,4.761904761904762,6.54,,0.4,0.7751937984496124,24.765400199303066,,11.890344958197407,,100.51948285292002,0.0,,,,0.0,,,,72.56,
JAYSYNTH,2026-07-28,,,177.0,12.0,,0.5127104709964525,0.6807692307692308,1.3218970736629667,,11.4,6.8181818181818175,13.0,,8.0,5.769230769230769,23.405022286121845,,,,10.63453285514775,0.3157894736842105,,,,0.39,,,,73.68,
JAYUSH,2026-07-28,,,323.0,42.6,,,0.47430249632892807,4.102941176470588,,13.9,2.083333333333333,,,4.7,1.1747430249632893,,,,,,1.5696202531645569,,,,0.48,,,,62.86,
JENBURPH,2026-07-28,,,468.0,12.5,,1.0261564170872088,2.769230769230769,2.381165919282511,,20.4,15.486725663716813,27.2,,26.0,20.710059171597635,12.181378776036711,,16.970740193281863,,7.247879103416577,0.01015228426395939,,,,1.69,,,,46.62,
JGTL,2026-07-28,,,233.0,15.8,,,4.087719298245614,2.34703196347032,,15.7,13.392857142857142,21.2,,26.0,26.31578947368421,,,,,-4.769300718637126,0.0,,,,1.94,,,,57.63,
JHACC,2026-07-28,,,201.0,73.6,,,1.8108108108108107,1.4251968503937007,,2.39,1.4388489208633095,2.4,,-2.4,1.8018018018018018,,,,,,0.08333333333333333,,,,0.0,,,,64.4,
JKAGRI,2026-07-28,,,146.0,,,,0.9240506329113924,1.4537037037037037,,-8.06,-2.5735294117647056,5.25,,1.6,-4.430379746835443,,,,,,0.0,,,,0.0,,,,73.11,
JOJO,2026-07-28,,,852.0,152.0,,0.3012320631568611,35.48521449396085,11.596244131455398,,11.6,7.044372023063425,17.0,,42.69,23.40691378592253,504.5943596012513,,,,521.5328012198205,0.05900792919048497,,,,0.02,,,,67.79,
JOSTS,2026-07-28,,,295.0,74.0,,1.2349254330380537,1.194331983805668,1.8721804511278195,,3.38,14.553990610328638,7.28,,6.0,12.550607287449392,59.922646356024735,,50.77863734224752,,12.82088499526508,0.050955414012738856,,,,0.5,,,,48.15,
JSLINDL,2026-07-28,,,98.6,30.0,,,1.76544315129812,2.1105527638190953,,7.1,5.176211453744493,9.93,,7.45,5.8907788719785135,-1.4662165029626917,,6.519333720612752,,4.8086919680462525,0.04536700192595763,,,,0.0,,,,40.58,
JSTL,2026-07-28,,,146.0,127.0,,,2.3724406889827754,2.0166204986149583,,1.89,0.9663195421709354,5.01,,15.92,1.6737081572960677,,,-40.334054660113516,,19.37030672440152,0.2958020572699472,,,,0.0,,,,30.25,
JTLDEFENCE,2026-07-28,,,665.0,2461.0,,,34.473820632452046,3.39247311827957,,1.29,0.08170181862196266,0.68,,21.88,1.3996889580093315,,,,,-5.722302057428019,0.3048774272463177,,,,0.0,,,,95.0,
JYOTIRES,2026-07-28,,,1108.0,27704.0,,,551.2437810945274,21.12128146453089,,0.08,0.0744324525493115,0.23,,10.95,1.9900497512437814,,,,,,0.0183206106870229,,,,0.94,,,,54.37,
KAIRA,2026-07-28,,,147.0,69.6,,0.4220779985084415,1.348623853211009,8.550802139037433,,13.0,3.3333333333333335,20.0,,6.0,1.834862385321101,164.89843167839985,,,,-0.6042443591762092,1.1229314420803782,,,,0.75,,,,44.8,
KAJARIR,2026-07-28,,,127.0,3.28,,0.4824890237999472,0.24708171206225682,0.7973273942093541,,27.7,9.948979591836734,27.1,,12.0,7.587548638132295,6.798082107998327,,,,-15.403614111742414,0.9811320754716981,,,,0.0,,,,66.26,
KALIND,2026-07-28,,,983.0,36.1,,,12.2875,4.655172413793104,,25.0,11.297071129707113,32.0,,49.0,33.75,,,,,198.76031643714433,0.04716981132075472,,,,1.2,,,,13.76,
KANSHST,2026-07-28,,,153.0,299.0,,,0.5625,3.228915662650602,,1.14,3.1645569620253164,9.23,,0.8,1.8382352941176472,,,,,,0.46808510638297873,,,,0.0,,,,66.72,
KARTKIN,2026-07-28,,,196.0,38.4,,,33.3901192504259,23.269565217391303,,80.9,57.43243243243242,94.7,,98.47,86.88245315161839,,,,,389.6540665369365,0.0,,,,0.0,,,,74.81,
KAYCEEI,2026-07-28,,,287.0,65.3,,1.71691169780231,4.779350541215654,8.619047619047619,,14.0,9.357720119098257,21.7,,13.06,7.327227310574521,38.033406192983385,,,,37.51910153435474,0.09156409486640647,,,,0.21,,,,71.7,
KEIL,2026-07-28,,,145.0,39.2,,,0.506993006993007,1.574074074074074,,0.41,-1.8796992481203008,6.82,,7.0,-1.7482517482517483,,,,,-6.331061982396546,0.8924731182795699,,,,0.29,,,,73.94,
KELENRG,2026-07-28,,,859.0,35.0,,1.0303918002745147,1.6146616541353382,5.612418300653594,,17.7,8.169014084507042,20.4,,8.0,5.451127819548872,33.96766161248117,,72.43430357676377,,-1.8701626172697439,0.477124183006536,,,,0.02,,,,54.33,
KEMP,2026-07-28,,,122.0,,,,40.666666666666664,0.7388743455497382,,-1.5,-1.2954279015240329,-1.46,,-103.0,-73.66666666666667,,,,,0.2232150263300703,0.0,,,,0.0,,,,74.88,
KERALAYUR,2026-07-28,,,205.0,,,,1.5648854961832062,18.457943925233643,,-161.0,-11.594202898550725,-9.77,,-14.0,-12.213740458015266,,,,,12.097548690433468,7.818181818181818,,,,0.0,,,,35.6,
KESARPE,2026-07-28,,,197.0,20.3,,0.11840755603246124,1.053475935828877,1.135483870967742,,6.6,4.081632653061225,7.46,,11.0,5.347593582887701,171.44176165949062,,82.05642030260802,,15.936482600016767,0.48,,,,0.0,,,,68.17,
KETOMOTORS,2026-07-28,,,1524.0,,,,,16.0,,-1.73,-1.435810810810811,-2.2,,-33.05,,,,,,,0.0,,,,0.0,,,,92.33,
KIFS,2026-07-28,,,119.0,14.9,,1.9418261912818016,,1.8771331058020477,,13.3,1.7713044249357097,8.18,,,,7.673189323996343,,16.122206315429864,,,,,,,1.36,,,,74.41,
KIMIABL,2026-07-28,,,149.0,20.0,,,1.2956521739130435,8.4,,53.7,6.796116504854369,25.1,,12.0,6.086956521739131,,,7.769329136442726,,-3.7569502033898305,1.9444444444444444,,,,0.0,,,,74.94,
KINETICENG,2026-07-28,,,607.0,339.0,,,3.8417721518987342,4.073482428115016,,1.42,0.3412969283276451,3.61,,3.2,0.6329113924050633,-34.780281626850716,,,,5.383941925360758,0.47651006711409394,,,,0.0,,,,65.04,
KINGSINFR,2026-07-28,,,284.0,17.6,,0.4461058011530927,1.763975155279503,3.267605633802817,,20.5,8.88888888888889,19.4,,18.0,9.937888198757763,39.45252438885032,,,,38.197020660070336,0.896551724137931,,,,0.0,,,,69.0,
KISAN,2026-07-28,,,274.0,,,,1.078740157480315,1.4135802469135803,,-5.29,-4.53074433656958,-3.14,,-3.5,-5.511811023622047,,,,,-1.772526396889873,0.16580310880829016,,,,0.0,,,,70.55,
KMCSHIL,2026-07-28,,,2124.0,45.4,,2.2138659663030094,6.9411764705882355,10.077519379844961,,24.9,14.156626506024098,26.0,,29.0,15.359477124183007,20.507113208761506,,29.764966455965936,,25.179230069318905,0.4,,,,0.0,,,,75.0,
KPT,2026-07-28,,,176.0,38.3,,,1.6603773584905661,6.091549295774648,,18.3,8.98876404494382,16.2,,11.0,7.547169811320755,,,,,15.948637819501933,1.206896551724138,,,,0.58,,,,44.48,
KREONFIN,2026-07-28,,,170.0,809.0,,,,7.11864406779661,,1.99,1.2195121951219514,1.72,,,,,,,,,,,,,0.0,,,,60.53,
KSE,2026-07-28,,,624.0,7.44,,,0.37142857142857144,1.7889908256880733,,26.0,20.240963855421686,33.6,,7.0,5.0,,,-5.7397444862438025,,1.4287644623016904,0.07163323782234957,,,,6.39,,,,22.95,
KSSMART,2026-07-28,,,1880.0,25.2,,,1.4329268292682926,6.388888888888889,,25.2,4.2675893886966545,,,9.0,5.640243902439025,,,4.517952621315846,,,0.688135593220339,,,,0.0,,,,60.95,
KVFORGE,2026-07-28,,,166.0,17.9,,0.1973889513051942,1.8651685393258426,3.234042553191489,,19.8,16.176470588235293,26.2,,14.0,12.359550561797752,90.68390039888199,,26.036727205503784,,3.189378304174717,0.0,,,,1.65,,,,72.46,
LACTOSE,2026-07-28,,,125.0,20.6,,0.28966652377313157,0.7668711656441718,1.9223300970873787,,9.81,3.278688524590164,11.3,,11.0,3.6809815950920246,71.11626062849443,,,,35.17028296776053,0.9538461538461539,,,,0.0,,,,53.65,
LAKSELEC,2026-07-28,,,192.0,19.5,,,1.2075471698113207,4.126984126984127,,23.3,5.263157894736842,16.0,,16.0,6.289308176100629,,,,,,1.9130434782608696,,,,0.39,,,,36.14,
LAKSHMIEW,2026-07-28,,,147.0,89.2,,,10.251046025104603,6.470588235294118,,7.41,4.057337220602527,11.5,,27.13,11.645746164574616,-7.7917665242888905,,-7.204628487870146,,4.104107904234233,0.44356609574000877,,,,0.45,,,,37.57,
LAKSHMIMIL,2026-07-28,,,550.0,,,,2.272727272727273,0.77158203125,,-2.01,-1.7817371937639197,1.96,,12.0,-6.6115702479338845,,,,,0.2770097253592896,0.11376404494382023,,,,0.0,,,,65.93,
LANCER,2026-07-28,,,382.0,67.9,,,0.9695431472081218,0.5202020202020202,,0.95,0.7151370679380215,1.95,,0.1,1.5228426395939088,-61.97443597610641,,-21.594731831688428,,-22.21003287620742,0.04136947218259629,,,,0.0,,,,31.66,
LANDMARC,2026-07-28,,,188.0,,,,,4.266666666666667,,-1.87,-1.3240985944184152,-1.55,,,,,,,,,,,,,0.0,,,,61.22,
LASTMILE,2026-07-28,,,217.0,18.2,,,,0.5545454545454546,,3.11,3.0018761726078798,5.48,,,,-4.470368311860229,,,,,,,,,0.31,,,,25.32,
LATIMMETAL,2026-07-28,,,108.0,13.2,,,0.27692307692307694,1.3743760399334444,,10.4,4.49438202247191,,,4.0,2.051282051282051,-22.462222314714953,,,,-0.5912300344495969,0.6666666666666666,,,,0.0,,,,62.68,
LEHAR,2026-07-28,,,438.0,388.0,,13.552840631724033,6.784386617100371,11.534883720930232,,4.12,2.149514932470991,7.72,,6.29,1.7503097893432462,28.628684608876952,,9.803188062457412,,31.921648140919444,0.44923599320882857,,,,0.2,,,,72.93,
LEXGLOBAL,2026-07-28,,,196.0,1400.0,,,10.077120822622108,19.405940594059405,,2.39,0.6378132118451025,6.21,,1.9,0.7197943444730078,,,,,,0.5897435897435898,,,,0.0,,,,70.55,
LGBFORGE,2026-07-28,,,135.0,,,,1.3106796116504855,8.308823529411764,,-12.7,-3.1746031746031744,2.12,,3.2,-1.9417475728155338,,,,,3.8364421660247228,1.75,,,,0.0,,,,70.81,
LIKHAMI,2026-07-28,,,298.0,1294.0,,122.06224215311582,382.05128205128204,8.470254957507082,,0.66,0.6528526823729777,0.89,,41.03,29.48717948717949,10.60114886613992,,18.12601880431084,,7.952897730893849,0.0,,,,0.0,,,,60.86,
LIPPISYS,2026-07-28,,,178.0,47.3,,,,7.162921348314606,,16.4,12.94642857142857,20.8,,-9.65,,,,,,,0.1188277800080289,,,,0.0,,,,51.68,
LKPSEC,2026-07-28,,,131.0,12.8,,0.3406039681986486,1.2242990654205608,1.2845528455284552,,10.5,3.4129692832764507,13.5,,25.0,9.345794392523365,37.58030203727611,,18.277803460425844,,11.112535594273165,0.7425742574257426,,,,1.26,,,,72.07,
LORDSMARK,2026-07-28,,,3820.0,74.1,,,5.576642335766423,3.8290598290598292,,10.4,3.3957033957033955,12.2,,12.0,7.153284671532846,,,,,455.32027073833603,0.3847695390781563,,,,0.0,,,,79.84,
LOTUSCHO,2026-07-28,,,836.0,77.8,,,2.7231270358306188,21.34426229508197,,4.42,15.714285714285714,,,4.5,3.5830618892508146,,,,,,0.1282051282051282,,,,0.0,,,,72.07,
LOYAL,2026-07-28,,,168.0,,,,5.722070844686648,9.454545454545455,,-26.8,-5.686769089658336,-10.2,,3.07,-8.446866485013624,,,,,-4.773231972740066,0.7724836212030971,,,,0.63,,,,70.75,
LUDLOWJUT,2026-07-28,,,407.0,233.0,,,1.218562874251497,2.554054054054054,,1.1,0.7782101167315175,3.31,,2.6,0.5988023952095809,,,-26.589765251000287,,12.59269206426854,0.39622641509433965,,,,0.0,,,,67.21,
MACPLASQ,2026-07-28,,,163.0,124.0,,,0.3313008130081301,1.1928251121076232,,1.32,0.1798561151079137,6.72,,7.0,0.20325203252032523,-6.258337622423705,,,,14.12453902472488,1.8248175182481752,,,,0.0,,,,75.0,
MADALA,2026-07-28,,,282.0,13.8,,0.18386752726604763,3.4390243902439024,1.6050420168067228,,3.02,9.803921568627452,5.02,,18.0,24.390243902439025,75.05403594204023,,28.050714886485583,,50.614760968263184,0.0,,,,0.0,,,,73.47,
MAGNAELQ,2026-07-28,,,491.0,26.6,,10.380353626399753,2.5051020408163267,3.381924198250729,,13.5,9.278350515463918,17.4,,17.0,9.183673469387756,2.5625331233754656,,28.949797604993943,,5.906847908562884,0.10344827586206896,,,,0.52,,,,53.66,
MANBRO,2026-07-28,,,292.0,97.8,,,4.610041048310704,6.131386861313868,,6.27,4.737130339539979,,,12.85,8.193874329017998,,,,,,0.45546007126388605,,,,0.0,,,,56.64,
MARBLE,2026-07-28,,,306.0,42.9,,,3.1478242979117375,3.699059561128527,,10.1,3.556678295039897,13.8,,27.09,9.124575660940232,,,,,,1.540122699386503,,,,0.0,,,,39.99,
MAXGROW,2026-07-28,,,354.0,1.07,,,0.019978554094474858,0.20749414519906323,,3.45,13.88888888888889,,,1.8,1.834189288334556,,,,,,0.0011723329425556857,,,,0.0,,,,92.82,
MAXIMUS,2026-07-28,,,185.0,20.0,,2.7290394127505526,1.0,2.125,,11.6,5.0,12.6,,7.0,4.864864864864865,7.328585987639635,,22.155712398421755,,22.760102619214862,0.4482758620689655,,,,0.0,,,,57.58,
MEGAMONT,2026-07-28,,,413.0,66.3,,,0.6871880199667221,11.34920634920635,,36.4,6.382978723404255,23.7,,0.8,0.9983361064891847,,,,,,1.4166666666666667,,,,0.0,,,,58.55,
MENAMANI,2026-07-28,,,133.0,554.0,,,,9.193548387096774,,3.54,0.5367856015156299,1.22,,,,-37.00394750525634,,,,,,,,,0.0,,,,41.73,
MIIL,2026-07-28,,,1570.0,291.0,,,33.98268398268398,57.38095238095238,,21.9,9.702009702009702,31.3,,22.14,12.12121212121212,,,,,,0.8235509904622157,,,,0.01,,,,47.01,
MINID,2026-07-28,,,123.0,88.3,,,0.21693121693121692,1.9296296296296296,,2.2,0.3436426116838488,2.62,,0.3,0.1763668430335097,,,,,,0.046875,,,,0.0,,,,4.73,
MISHTANN,2026-07-28,,,386.0,1.52,,0.0211280276384174,0.3347788378143972,0.2958677685950413,,23.3,11.514886164623467,22.5,,23.0,22.810060711188203,71.9423519323764,,109.82040220387796,,21.052004007063108,0.04765564950038432,,,,0.0,,,,43.48,
MITSU,2026-07-28,,,196.0,12.5,,1.271452153273013,0.56,1.7391304347826086,,15.0,7.339449541284404,16.3,,10.0,4.571428571428571,9.831278328344562,,10.063563398275011,,4.24050859168299,0.5663716814159292,,,,0.14,,,,67.79,
MIZVEN,2026-07-28,,,137.0,135.0,,,53.515625,2.7043478260869565,,2.1,1.8679489550582578,3.64,,48.44,39.453125,,,,,,0.029446640316205534,,,,0.0,,,,65.17,
MKEXIM,2026-07-28,,,221.0,12.4,,1.208689384513521,2.3763440860215055,2.2016129032258065,,19.2,17.307692307692307,27.5,,26.0,19.35483870967742,10.259046003776074,,45.771545186712025,,8.406010691988207,0.01,,,,0.0,,,,43.97,
MKVENTURES,2026-07-28,,,415.0,39.1,,,23.055555555555557,3.6576271186440676,,9.81,9.565217391304348,13.2,,75.0,61.111111111111114,-13.782206523742657,,,,-12.64195352637011,0.0,,,,0.02,,,,74.36,
MLKFOOD,2026-07-28,,,173.0,,,,0.4128878281622912,0.9754689754689754,,2.52,-1.643835616438356,6.24,,2.0,-1.431980906921241,,,,,-3.550707227889127,0.757396449704142,,,,0.94,,,,53.36,
MOBAVENUE,2026-07-28,,,2422.0,82.5,,,11.110091743119266,26.752136752136753,,55.5,14.146341463414632,75.9,,21.0,13.302752293577983,,,,,,0.14444444444444443,,,,0.07,,,,65.6,
MODINSU,2026-07-28,,,2263.0,28.4,,0.6779602033173301,3.1430555555555557,4.173913043478261,,15.8,10.498687664041995,19.4,,13.0,11.11111111111111,41.890364450650395,,18.499107637257882,,18.654735464457527,0.1252302025782689,,,,0.0,,,,60.18,
MRCAGRO,2026-07-28,,,117.0,88.7,,,1.3017356475300401,2.1999999999999997,,3.14,1.2295081967213113,3.83,,1.77,1.5687583444592792,,,,,,0.18612933458294284,,,,0.0,,,,21.31,
MRUTR,2026-07-28,,,5946.0,,,,,82.3,,-0.53,-0.32094142818935545,-0.49,,,,,,,,,,,,,0.0,,,,0.25,
MSL,2026-07-28,,,140.0,17.1,,,1.25,1.588089330024814,,9.72,4.878048780487805,10.0,,15.0,7.142857142857142,-9.546349544851774,,5.941325877212922,,19.885931490189,0.550561797752809,,,,0.0,,,,73.24,
MTPL,2026-07-28,,,156.0,157.0,,,,4.492099322799097,,4.19,1.5875561257216164,8.8,,,,-4.658049800559006,,10.197228772148016,,,,,,,0.0,,,,48.35,
MUL,2026-07-28,,,104.0,4.34,,,0.24528301886792453,1.852731591448931,,54.3,5.660377358490567,21.8,,8.0,5.660377358490567,,,,,22.262317571448364,2.4642857142857144,,,,0.0,,,,74.54,
MULTIBASE,2026-07-28,,,227.0,21.8,,10.365055238123398,3.388059701492537,2.5531914893617023,,12.5,9.70873786407767,16.7,,17.0,14.925373134328357,2.1032208221928306,,9.197748266052352,,-2.370566622489123,0.0,,,,29.4,,,,75.0,
NAGPI,2026-07-28,,,183.0,,,,2.17546362339515,2.211690363349131,,-2.55,-1.5012276394247632,0.91,,3.38,-2.543984783642416,,,,,24.27275637704378,0.2831826401446655,,,,0.0,,,,61.23,
NAGTECH,2026-07-28,,,144.0,107.0,,,2.738163148887621,0.9417670682730924,,0.88,0.39586975884933856,,,4.45,2.281802624073017,,,,,,0.5817014866723427,,,,0.0,,,,35.9,
NAPEROL,2026-07-28,,,368.0,10.4,,0.5559245358748206,0.968421052631579,0.4007514088916719,,3.36,3.4965034965034967,4.88,,16.0,9.210526315789473,18.707575091346218,,-25.443180451468507,,18.736956601227806,0.015367727771679473,,,,1.41,,,,70.77,
NATFIT,2026-07-28,,,139.0,,,,,3.4,,,,,,,,,,,,,,,,,0.65,,,,34.27,
NATPLASTI,2026-07-28,,,144.0,15.4,,1.0811002384847097,0.4222873900293255,2.3910840932117527,,16.8,5.232558139534884,16.8,,8.0,2.6392961876832843,14.244747574549542,,48.49389218784352,,17.53801754698978,0.8666666666666667,,,,0.63,,,,66.34,
NEWINFRA,2026-07-28,,,104.0,,,,27.882037533512065,2.926470588235294,,-20.4,-5.8405172413793105,-2.58,,-71.58,-145.30831099195711,,,,,3.2372382181514947,0.8991596638655464,,,,0.0,,,,70.02,
NEXOME,2026-07-28,,,133.0,10.9,,0.06371644639566951,2.607843137254902,0.6307692307692307,,7.46,6.0109289617486334,10.4,,38.0,21.568627450980394,171.0704318365881,,105.68966346256738,,-3.63963416490265,0.040697674418604654,,,,1.21,,,,51.81,
NICCOPAR,2026-07-28,,,342.0,,,,5.154483798040694,3.2589285714285716,,-490.0,-2.005141388174807,13.5,,15.72,-4.1145440844009045,,,,,-4.688047303296283,0.0,,,,1.71,,,,69.57,
NIDHGRN,2026-07-28,,,235.0,30.6,,0.24256724807317004,3.5894302734076677,10.425531914893618,,41.0,23.536622739809985,51.0,,19.28,11.730563616923781,126.150583984733,,82.82461814871075,,36.68098713493273,0.12289263531499557,,,,0.0,,,,66.75,
NIKHILAD,2026-07-28,,,331.0,93.6,,,1.4267241379310345,20.139664804469273,,25.6,0.0,20.0,,5.0,0.0,-51.92501432308638,,,,21.296483617543128,3.142857142857143,,,,0.3,,,,54.46,
NITINCAST,2026-07-28,,,282.0,25.4,,0.8593930184456783,1.9183673469387754,3.0842696629213484,,12.7,7.857142857142857,15.5,,9.0,7.482993197278912,29.55574394348599,,26.675391535844952,,3.3923876378405105,0.15217391304347827,,,,0.55,,,,71.39,
NIYOGIN,2026-07-28,,,464.0,,,,,1.428082191780822,,-0.12,0.0,5.57,,,,,,,,,,,,,0.0,,,,39.5,
NOVELIX,2026-07-28,,,203.0,,,,46.13636363636363,8.008998875140607,,-25.0,-30.05917159763314,-25.7,,-66.82,-57.72727272727273,,,,,-25.98138075551102,0.1416666666666667,,,,0.0,,,,54.29,
NPL,2026-07-28,,,323.0,28.1,,,1.1137931034482758,0.8904761904761904,,3.23,2.4070021881838075,4.42,,11.0,3.793103448275862,,,,,-8.373967292582096,0.03591160220994475,,,,0.0,,,,70.77,
NSDL,2026-07-28,,,16400.0,43.2,,2.484655413333786,10.718954248366012,6.9491525423728815,,17.4,9.950248756218906,23.2,,28.0,24.836601307189543,17.386716793068867,,-16.626683556405997,,14.396703983282721,0.007172995780590718,,,,0.24,,,,,
NSL,2026-07-28,,,212.0,7.81,,0.22553720497951982,0.09181463837158943,1.4208826695371366,,20.0,7.086614173228346,15.7,,2.2,1.1693373754872238,34.62843303706453,,55.66621861993903,,36.64438318535965,1.4026845637583893,,,,0.23,,,,66.97,
NTCIND,2026-07-28,,,196.0,10.0,,0.27356893498278967,1.7345132743362832,0.9310344827586207,,9.31,6.25,11.1,,19.0,17.699115044247787,36.55385799059789,,14.886898755878274,,32.11763406018597,0.36666666666666664,,,,0.0,,,,54.34,
NUTRICIRCLE,2026-07-28,,,304.0,,,,,-1245.4545454545455,,,,,,,,,,,,,,,,,0.0,,,,62.61,
NWIL,2026-07-28,,,589.0,8.75,,0.05028658056816544,0.5740740740740741,1.5911949685534592,,21.3,15.097690941385435,22.9,,9.0,8.284600389863547,174.00268423777652,,,,489.82854349493505,0.0945945945945946,,,,0.0,,,,53.81,
OKPLA,2026-07-28,,,147.0,35.8,,,0.7424242424242424,0.8823529411764706,,2.53,0.8152173913043478,4.9,,12.0,1.5151515151515151,,,,,4.2019182277278855,0.6626506024096386,,,,0.0,,,,47.47,
OMEGAIN,2026-07-28,,,375.0,9382.0,,,9375.0,-58.641975308641975,,,-54.28571428571429,,,-25.0,-950.0,,,,,58.74010519681994,-0.0,,,,0.0,,,,7.94,
OMNITEX,2026-07-28,,,311.0,5180.0,,,,94.50830140485313,,1.86,3.8348082595870205,1.85,,-51.58,,,,,,,0.0030395136778115497,,,,1.07,,,,37.95,
ONEGLOBAL,2026-07-28,,,1139.0,16.4,,0.10020436775936312,2.28714859437751,8.063623789764868,,65.3,27.450980392156865,87.0,,19.0,14.056224899598394,163.6655204430206,,61.0710840909906,,202.4490879567455,0.0,,,,0.0,,,,68.4,
ONIXSOLAR,2026-07-28,,,2268.0,34.2,,,9.410788381742739,,,,,,,22.0,21.991701244813278,,,,,,,,,,0.0,,,,50.22,
ORIRAIL,2026-07-28,,,736.0,17.4,,0.14475128735699963,1.2844677137870855,1.7571884984025559,,11.0,4.935370152761457,12.2,,15.0,7.329842931937172,120.20618481330972,,17.110248700586574,,20.806532873420647,0.7261904761904762,,,,0.09,,,,57.69,
OSIAJEE,2026-07-28,,,167.0,30.1,,0.42627786060751033,25.731895223420647,8.157894736842104,,31.3,20.57842046718576,27.5,,81.66,85.51617873651772,70.61122047742042,,69.25919810020575,,38.364986211444,0.2710872745002438,,,,0.0,,,,2.78,
OSWALOR,2026-07-28,,,155.0,,,,38.65336658354115,-16.216216216216214,,,-10.94141510559599,-38.6,,-127.18,-228.6783042394015,,,,,-73.27825772883642,-2.7395397489539755,,,,0.0,,,,74.89,
OVOBELE,2026-07-28,,,177.0,7.27,,,0.688715953307393,1.603448275862069,,24.9,14.201183431952662,28.2,,11.0,9.33852140077821,-14.398097960915868,,,,5.159121628713259,0.26126126126126126,,,,0.0,,,,69.65,
OXYGENTAPH,2026-07-28,,,190.0,,,,1.4074074074074074,-4.478260869565218,,,-11.666666666666666,-33.4,,-6.0,-10.37037037037037,,,,,50.0,-2.558139534883721,,,,0.0,,,,56.53,
PANAENERG,2026-07-28,,,186.0,34.7,,,0.6888888888888889,1.7971014492753623,,5.08,2.054794520547945,9.21,,3.9,1.1111111111111112,,,-19.505370862741124,,2.1914153877225395,0.009615384615384616,,,,3.83,,,,58.06,
PANCARBON,2026-07-28,,,221.0,10.4,,0.5684185891031065,4.0181818181818185,1.1764705882352942,,11.8,10.824742268041238,16.8,,33.0,38.18181818181819,18.29637559251871,,2.3593484136378295,,3.228011545636722,-0.0,,,,2.61,,,,63.27,
PANCHMAHQ,2026-07-28,,,525.0,,,,1.3671875,3.481012658227848,,-1.45,-0.8928571428571428,3.11,,2.9,-0.5208333333333333,,,,,-7.741273588594522,0.23178807947019867,,,,1.09,,,,73.81,
PANCHSHEEL,2026-07-28,,,159.0,14.6,,,1.485981308411215,1.1308411214953271,,7.89,6.395348837209303,10.3,,13.0,10.2803738317757,-11.700990831164182,,10.409595384671189,,1.2780935572852092,0.0425531914893617,,,,2.66,,,,56.12,
PANORAMA,2026-07-28,,,1296.0,82.7,,,4.207792207792208,5.867768595041322,,7.59,1.2180267965895248,8.7,,8.0,3.2467532467532463,-29.468187120050217,,9.565425774785385,,-6.014915628852647,0.5882352941176471,,,,0.12,,,,66.61,
PARNAXLAB,2026-07-28,,,158.0,12.3,,1.1221923194178323,0.6345381526104418,1.6545893719806763,,14.4,5.263157894736842,13.9,,11.0,4.819277108433735,10.960688098793048,,,,14.015357968417309,0.8736842105263158,,,,0.0,,,,72.3,
PARSHVA,2026-07-28,,,190.0,680.0,,113.63668086894567,7.673667205169628,17.80952380952381,,2.29,1.8991964937910883,3.32,,1.98,1.050080775444265,5.983983294832651,,,,10.623054248501361,0.013979496738117428,,,,0.0,,,,74.89,
PATELSAI,2026-07-28,,,183.0,12.4,,1.933479086376573,0.49326145552560646,1.2796934865900382,,10.9,4.0431266846361185,14.4,,9.0,4.0431266846361185,6.413309607210782,,13.316969239196252,,13.312523035227697,0.6549295774647887,,,,0.89,,,,46.45,
PERMAGN,2026-07-28,,,734.0,46.3,,,3.247787610619469,4.666666666666667,,10.5,5.319148936170213,13.8,,16.0,6.637168141592921,,,,,,0.5569620253164557,,,,0.26,,,,58.01,
PERVASIVE,2026-07-28,,,460.0,,,,10.682768230376219,5.11,,-0.05,-0.03794346423828496,0.03,,-1.05,-0.09289363678588017,,,,,,0.003557136505113384,,,,0.0,,,,0.06,
PGFOILQ,2026-07-28,,,216.0,,,,0.6792452830188679,0.6535714285714286,,-2.47,-1.5873015873015872,0.87,,-1.7,-2.515723270440252,,,,,-1.9157957489978394,0.4303030303030303,,,,0.0,,,,54.38,
PHARMAID,2026-07-28,,,106.0,,,,3.7857142857142856,2.2222222222222223,,-26.5,-13.793103448275861,-18.5,,-49.0,-42.857142857142854,,,,,,0.48936170212765956,,,,0.0,,,,32.99,
PHCAP,2026-07-28,,,303.0,93.5,,,2.6814159292035398,5.260416666666667,,5.8,5.084745762711865,8.47,,3.2,2.6548672566371683,,,-20.649441029034232,,14.135729001614505,0.0,,,,0.02,,,,72.7,
PIPAN,2026-07-28,,,318.0,,,,,1654.5454545454545,,,-181.57894736842107,-38.7,,-3100.0,,,,,,,4.450000000000006,,,,0.0,,,,74.88,
PMCFIN,2026-07-28,,,122.0,19.9,,,,0.6590038314176245,,3.47,3.238205560235889,6.07,,,,,,24.57309396155174,,,,,,,0.57,,,,20.89,
POEL,2026-07-28,,,535.0,12.8,,,0.37360335195530725,2.7531645569620253,,28.5,11.232876712328768,26.4,,5.0,2.863128491620112,,,,,,0.6907216494845361,,,,0.37,,,,40.29,
POLSON,2026-07-28,,,131.0,21.2,,,1.2242990654205608,4.810739436619718,,,,,,14.0,5.607476635514018,,,,,,,,,,0.0,,,,74.98,
POOJAENT,2026-07-28,,,466.0,148.0,,,32.31622746185853,3.155844155844156,,2.41,1.4411344905382384,2.72,,7.49,21.705963938973646,-15.7711749489576,,22.175665962439474,,-32.30832852018805,0.0382118219937779,,,,0.0,,,,74.48,
POPEES,2026-07-28,,,147.0,,,,,,,-3.03,-2.075471698113208,-2.41,,,,,,,,,0.37254901960784315,,,,0.0,,,,72.15,
PQIF,2026-07-28,,,345.0,134.0,,29.440250442521602,4.547851305035592,1.7881944444444446,,1.34,1.1535008976660681,2.48,,5.62,3.387819667809122,4.551591714942038,,51.571656651039824,,-0.3880401776612086,0.051972901691058594,,,,0.0,,,,74.84,
PRECISIO,2026-07-28,,,292.0,479.0,,1.893019997731955,3.69526702100734,19.719626168224302,,4.2,0.5731466691722259,7.43,,8.36,0.7719564667172868,253.03483353260629,,1.422372146612827,,30.469909318026133,4.4972972972972975,,,,0.0,,,,50.54,
PRIMAPLA,2026-07-28,,,140.0,7.06,,0.9143023498855636,0.875,0.7470588235294118,,10.8,8.936170212765958,14.3,,17.0,13.125,7.721734501594191,,5.836761842355664,,-5.896397111897144,0.1497326203208556,,,,1.59,,,,58.27,
PRIMEFRESH,2026-07-28,,,262.0,19.8,,0.6006929928066116,0.9562043795620438,2.88109756097561,,16.4,11.666666666666666,21.4,,7.0,5.109489051094891,32.961929366761325,,36.35061959960439,,40.40151349407228,0.10989010989010989,,,,0.0,,,,50.75,
PURETROP,2026-07-28,,,122.0,16.8,,0.30644237349055925,1.0,0.884393063583815,,5.8,16.447368421052634,8.02,,10.0,20.491803278688526,54.82270551764137,,29.565703997888892,,4.470101742942889,0.007246376811594203,,,,0.0,,,,64.27,
PURPLEFIN,2026-07-28,,,439.0,,,,,3.3408071748878925,,-6.33,-0.4984678243105209,1.46,,,,,,,,,,,,,0.0,,,,24.46,
QUESTCAP,2026-07-28,,,270.0,16.9,,0.2447617045554196,5.869565217391305,0.5590062111801242,,4.5,3.2388663967611335,5.77,,45.0,34.78260869565217,69.04674908477546,,20.514572257284303,,52.38357558060513,0.0,,,,0.92,,,,75.0,
RAAMA,2026-07-28,,,160.0,49.4,,,,5.441988950276243,,18.5,7.370336669699727,22.9,,,,,,,,,,,,,0.0,,,,54.93,
RADIXIND,2026-07-28,,,215.0,73.0,,7.62835155719479,4.69022687609075,9.225806451612904,,14.5,12.462908011869436,19.6,,7.74,6.4136125654450264,9.569564204359327,,14.179185206415191,,11.577567643960363,0.009442060085836911,,,,0.35,,,,74.96,
RAGHUSYN,2026-07-28,,,398.0,,,,1.5607843137254902,11.75799086757991,,-3.7,-0.8403361344537815,1.4,,3.1,-0.39215686274509803,,,,,39.96488037229964,2.264705882352941,,,,0.0,,,,74.91,
RAINBOWF,2026-07-28,,,186.0,24.5,,,1.1137724550898203,2.1363636363636362,,9.08,0.8323424494649228,10.5,,28.0,4.191616766467066,,,,,,5.465909090909091,,,,0.0,,,,41.48,
RAJABAH,2026-07-28,,,133.0,107.0,,,4.642233856893543,10.189655172413794,,9.98,0.34144729595770457,7.08,,45.62,4.328097731239092,,,-40.99013453692856,,14.914336042085186,23.882848392036756,,,,0.0,,,,75.0,
RAJSEC,2026-07-28,,,418.0,5.16,,,6.852459016393443,3.5789473684210527,,106.0,57.446808510638306,138.0,,55.0,132.78688524590163,,,,,,0.0,,,,0.0,,,,,
RAMAVISION,2026-07-28,,,138.0,21.4,,0.6916370058431922,0.8679245283018868,3.8,,19.4,7.894736842105263,19.8,,8.0,3.7735849056603774,30.94108588639024,,78.89463993585738,,24.69846016661603,0.5833333333333334,,,,0.0,,,,54.72,
RAPICUT,2026-07-28,,,133.0,64.3,,,1.3813876194432904,6.113861386138614,,9.98,3.143118706133659,11.3,,3.11,2.139592854175322,,,,,34.500328106700074,0.0,,,,0.0,,,,41.72,
RATHIST,2026-07-28,,,220.0,,,,,,,,,,,,,,,,,,,,,,0.0,,,,41.3,
RATNABHUMI,2026-07-28,,,251.0,80.0,,0.5799744428052599,4.084621643612693,5.700934579439252,,7.4,1.6159744737790132,11.1,,29.42,5.109845402766477,137.93711256146142,,30.71843700897452,,,2.7289252442626677,,,,0.0,,,,73.56,
RDBIPL,2026-07-28,,,379.0,30.4,,1.2021405792318252,2.9609375,1.3385826771653544,,4.68,3.2520325203252036,,,2.8,9.375,25.28822379444655,,11.654085522403058,,22.284283493151946,0.21428571428571427,,,,0.0,,,,66.49,
RDBRL,2026-07-28,,,290.0,8.55,,0.7316046263646047,2.457627118644068,1.1798561151079137,,14.8,13.333333333333334,19.8,,18.0,28.8135593220339,11.68664014945553,,12.30639278383725,,2.6798368139537176,0.004048582995951417,,,,0.0,,,,69.83,
REFEXRENEW,2026-07-28,,,144.0,,,,2.1818181818181817,-1.803370786516854,,,-8.317214700193423,3.19,,40.0,-65.15151515151516,,,,,-4.593759861860047,-6.012345679012346,,,,0.0,,,,74.87,
REGENCY,2026-07-28,,,373.0,27.8,,,10.970588235294118,2.1,,9.51,3.939393939393939,10.5,,69.0,38.23529411764706,,,,,,0.975,,,,0.0,,,,21.43,
REMAGNET,2026-07-28,,,4955.0,,,,550.5555555555555,12.282958199356914,,-5.73,-1.9607843137254901,-2.55,,-115.0,-155.55555555555557,,,,,,0.7531172069825436,,,,0.0,,,,58.45,
REMIEDEL,2026-07-28,,,250.0,91.1,,0.6100519378312577,1.7605633802816902,3.5934664246823957,,4.75,2.1739130434782608,6.29,,6.0,2.112676056338028,149.33154761193225,,61.096441630674846,,1.6993534600199034,0.7571428571428571,,,,0.0,,,,68.84,
RESONANCE,2026-07-28,,,168.0,16.4,,0.5927619794733082,1.8666666666666667,2.302839116719243,,15.0,10.869565217391305,20.0,,16.0,11.11111111111111,27.667091628535335,,-0.22050931325000578,,15.772347264219455,0.02702702702702703,,,,0.69,,,,54.25,
REXNORD,2026-07-28,,,102.0,19.0,,,0.8360655737704918,1.0519125683060109,,5.68,3.64963503649635,8.37,,15.0,4.098360655737705,-13.286400469536296,,8.741874882227263,,11.504497834166227,0.2268041237113402,,,,0.0,,,,73.4,
RGIL,2026-07-28,,,388.0,435.0,,3.5218221804920287,9.412906356137798,25.87719298245614,,9.3,5.213270142180095,12.4,,-0.22,2.134885977680738,123.51560575929668,,86.11899963676312,,620.9499246266856,0.04850498338870431,,,,0.0,,,,54.29,
RIDDHI,2026-07-28,,,534.0,26.8,,,2.26271186440678,0.35333018422295703,,1.3,-0.6345848757271285,2.74,,-5.0,-5.084745762711865,,,,,10.906065857027048,0.18754141815772035,,,,0.4,,,,75.0,
RISHILASE,2026-07-28,,,116.0,24.4,,,0.8656716417910447,2.3868312757201644,,11.3,5.952380952380952,13.8,,7.0,3.731343283582089,,,,,13.354558651041915,0.20454545454545456,,,,0.0,,,,16.12,
RNITAI,2026-07-28,,,500.0,41.6,,,9.615384615384615,3.5975609756097566,,16.6,7.18562874251497,20.2,,40.0,23.076923076923077,-0.9217114272929372,,-6.898117739453435,,14.106863110398216,0.12949640287769784,,,,0.0,,,,63.24,
RRECL,2026-07-28,,,449.0,,,,1.9188034188034189,1.8095238095238095,,-4.54,-0.6085192697768762,2.95,,10.0,-3.8461538461538463,,,,,61.06800399422041,2.25,,,,0.0,,,,70.02,
RRP,2026-07-28,,,11877.0,,,,,1312.9518072289156,,-61.0,-47.753846153846155,-32.7,,35.87,113.78299120234603,,,,,,0.6493362831858408,,,,0.0,,,,1.28,
RRPDEFENSE,2026-07-28,,,923.0,,,,74.5557350565428,68.2555780933063,,-13.4,-3.328050713153724,-10.7,,-8.64,-8.481421647819062,,,,,,0.204730229120473,,,,0.0,,,,74.65,
RUDRAECO,2026-07-28,,,209.0,,,,6.613924050632911,1.75,,-3.78,-2.935448972232239,-2.65,,-7.47,-12.879746835443036,,,,,5.606051064031625,0.007038123167155425,,,,0.0,,,,15.57,
SAB,2026-07-28,,,281.0,,,,9.270867700428902,0.8185840707964602,,-0.59,-0.3865690595353701,0.84,,2.38,-6.829429231276807,,,,,,0.1530864916829318,,,,0.0,,,,73.56,
SAKTHIFIN,2026-07-28,,,179.0,30.5,,1.2030352709707224,,1.121951219512195,,8.55,1.0601921372098493,13.4,,,,25.3525401423931,,,,,,,,,2.9,,,,67.01,
SALSAIN,2026-07-28,,,287.0,15.7,,0.04503756619675573,2.5625,4.14070351758794,,30.3,6.4981949458483745,20.3,,27.0,16.071428571428573,348.5978778562627,,43.25044591891049,,203.65889718756623,1.3333333333333333,,,,0.0,,,,67.12,
SAMKRG,2026-07-28,,,118.0,12.1,,,0.4125874125874126,0.5825242718446602,,4.92,3.1746031746031744,10.1,,12.0,3.4965034965034967,-12.749213206866617,,-10.85640723212612,,6.917810999860885,0.18226600985221675,,,,0.41,,,,66.87,
SAMOR,2026-07-28,,,214.0,1942.0,,,12.355658198614318,18.0,,1.53,0.9337860780984721,1.55,,0.64,0.6351039260969976,,,,,,0.024822695035460994,,,,0.0,,,,63.28,
SAMRATFORG,2026-07-28,,,112.0,25.6,,,0.5517241379310345,2.717391304347826,,11.2,2.030456852791878,10.6,,8.0,1.9704433497536946,-3.5315678171472187,,14.302676635756528,,4.283196716573334,2.3658536585365852,,,,0.0,,,,74.98,
SANCTRN,2026-07-28,,,128.0,26.4,,,1.0756302521008403,1.231833910034602,,4.86,5.755395683453238,7.3,,9.0,6.722689075630252,,,,,3.9314609252725896,0.15384615384615385,,,,0.63,,,,72.49,
SANGAMFIN,2026-07-28,,,170.0,52.2,,,,1.2457337883959043,,2.42,1.7030613311043779,4.73,,,,-20.24835474420931,,-11.231503571216717,,,,,,,0.0,,,,63.08,
SANJIVIN,2026-07-28,,,210.0,31.3,,,3.058103975535168,4.351145038167939,,15.5,7.6048652949869275,18.0,,15.01,9.742245522062037,,,,,,0.2960199004975124,,,,0.29,,,,31.56,
SAPL,2026-07-28,,,1817.0,2712.0,,988.157813874555,126.62020905923345,101.16710875331565,,3.8,1.4932025852462671,2.14,,13.45,4.668989547038327,2.7445008903651535,,8.447177119769854,,7.379857107201571,1.4399332591768632,,,,0.0,,,,74.49,
SATANIBRG,2026-07-28,,,551.0,11020.0,,,15.547404063205418,30.769230769230766,,0.56,0.1174812030075188,1.0,,0.06,0.1410835214446953,,,,,1424.6303861025833,-0.0,,,,0.0,,,,72.87,
SAVERA,2026-07-28,,,195.0,69.7,,,3.124499278961705,4.039408866995074,,5.8,3.339717500598516,9.78,,18.39,4.4704374298990555,-25.80856945455564,,,,6.8013171860801025,0.4697751186300805,,,,1.83,,,,64.62,
SAYAJIIND,2026-07-28,,,248.0,181.0,,,0.23134328358208955,2.670299727520436,,1.49,0.36363636363636365,8.18,,3.6,0.18656716417910446,-42.56416137648663,,-39.25701699579699,,1.0152978419236236,2.4408602150537635,,,,0.0,,,,74.94,
SBECSUG,2026-07-28,,,290.0,15.5,,,0.5291970802919708,1.732193732193732,,33.7,2.101769911504425,21.9,,-0.9,3.4671532846715327,,,,,-5.915469589697187,1.625,,,,0.0,,,,65.13,
SCAGRO,2026-07-28,,,249.0,74.6,,,2.8276175334998865,2.116129032258064,,5.53,2.447245017584994,7.17,,5.33,3.7928684987508516,-49.01549612382657,,40.62823883876352,,892.7625606534857,0.08556421552016266,,,,0.0,,,,0.0,
SCOOBEEDAY,2026-07-28,,,116.0,,,,3.5419847328244276,1.2320143884892085,,-11.1,-3.8756418372371106,-6.12,,-8.21,-16.82442748091603,,,,,-13.675102948166273,0.2496016994158258,,,,0.0,,,,79.75,
SEKURITIND,2026-07-28,,,1203.0,29.3,,1.7611376560742487,4.950617283950617,4.943820224719102,,17.8,15.807560137457044,24.0,,21.0,18.930041152263374,16.63697320816626,,32.108753370649865,,9.319535187362149,0.00411522633744856,,,,1.91,,,,75.0,
SELECTRIC,2026-07-28,,,2746.0,507.0,,,19.89855072463768,26.991676575505352,,11.1,5.434782608695652,16.8,,9.0,3.6231884057971016,,,,,,0.3137254901960784,,,,0.0,,,,74.12,
SERA,2026-07-28,,,265.0,4.94,,,,0.9020044543429845,,18.2,15.561959654178676,21.0,,,,,,,,,,,,,0.0,,,,57.69,
SGRL,2026-07-28,,,801.0,45.1,,2.0518537806721384,7.348623853211009,4.913385826771654,,11.5,8.653846153846153,14.6,,32.0,16.51376146788991,21.98012374216369,,23.163060329292584,,30.539959204584456,0.1901840490797546,,,,0.0,,,,72.83,
SHAHFOOD,2026-07-28,,,944.0,287.0,,,237.1859296482412,5.3430079155672825,,1.86,1.2148290377372424,,,-6.03,82.66331658291458,,,,,,0.32618899508002036,,,,0.0,,,,1.26,
SHAHLON,2026-07-28,,,233.0,53.6,,8.957244256728659,0.8961538461538462,2.113821138211382,,4.03,1.4388489208633095,9.07,,10.0,1.5384615384615385,5.983983294832651,,5.09476404473832,,-5.5928350000824745,1.1181818181818182,,,,0.26,,,,71.56,
SHARP,2026-07-28,,,312.0,,,,,-2.2018348623853212,,,-800.0,-6733.0,,-29467.0,,,,,,,-1.0,,,,0.0,,,,0.0,
SHAWGELTIN,2026-07-28,,,298.0,9.49,,,1.386046511627907,2.05,,23.7,17.318435754189945,29.5,,19.0,14.418604651162791,,,,,,0.05517241379310345,,,,2.25,,,,75.0,
SHILINDORE,2026-07-28,,,405.0,45.6,,,3.7850467289719627,5.782608695652174,,13.4,3.5555555555555554,11.3,,22.0,7.476635514018691,,,,,2.6241392868386226,1.8857142857142857,,,,0.06,,,,79.52,
SHISHIND,2026-07-28,,,544.0,74.9,,,4.059701492537314,2.9384965831435084,,4.99,2.371541501976284,6.74,,9.0,4.477611940298507,-5.273176281409042,,33.56042305195701,,25.371444160194766,0.2648648648648649,,,,0.0,,,,54.81,
SHIVACEM,2026-07-28,,,523.0,,,,1.0873180873180872,-7.831858407079647,,,-6.1096605744125325,-1.43,,7.0,-24.324324324324326,,,,,11.499229739202587,-25.970149253731343,,,,0.0,,,,66.5,
SHPLPUNE,2026-07-28,,,250.0,12.9,,,3.0864197530864197,2.4698795180722892,,21.2,16.964285714285715,28.4,,35.0,23.456790123456788,,,,,7.064878325541235,0.0,,,,0.0,,,,74.95,
SHRAAITECH,2026-07-28,,,146.0,15.2,,,8.742514970059881,1.875,,13.2,11.004223369310184,17.2,,57.78,56.16766467065869,,,,,106.01287739104262,0.005271277963486757,,,,2.53,,,,74.66,
SHRADDHA,2026-07-28,,,634.0,11.7,,0.03073207014468505,1.2480314960629921,4.801223241590214,,51.2,7.582260371959943,23.6,,13.0,10.433070866141732,380.7097909420675,,,,283.59570359904194,1.9848484848484849,,,,0.22,,,,74.78,
SHRIDINE,2026-07-28,,,192.0,20.5,,,2.9055690072639226,0.9581005586592178,,4.76,3.2251025573884964,5.76,,5.15,11.183414043583536,-31.592223103536764,,-4.99212898377378,,-11.879706636407384,0.01188276998352389,,,,0.44,,,,49.79,
SHRIGANG,2026-07-28,,,143.0,7.67,,0.9299788187022364,0.3907103825136612,2.604651162790698,,61.3,12.179487179487179,30.7,,10.0,5.191256830601093,8.247499669619685,,,,38.08783746968118,0.9615384615384616,,,,0.0,,,,38.46,
SHRJAGP,2026-07-28,,,513.0,14.6,,,1.1902552204176333,1.5585106382978724,,11.4,7.775377969762419,13.0,,10.0,8.352668213457076,,,,,,0.28277791291656534,,,,0.13,,,,72.94,
SHUKRAPHAR,2026-07-28,,,1356.0,61.4,,,23.789473684210527,15.121951219512196,,28.9,18.803418803418804,36.9,,51.0,38.59649122807017,,,,,,0.05555555555555555,,,,0.03,,,,50.95,
SIMMOND,2026-07-28,,,218.0,14.8,,,0.9159663865546218,3.742802303262956,,28.9,8.875739644970414,19.7,,13.0,6.302521008403361,,,,,8.564541932131409,1.1551724137931034,,,,0.0,,,,59.7,
SIMPLEXCAS,2026-07-28,,,399.0,85.8,,,4.388956110438896,6.530201342281879,,-2.44,3.816447069513857,7.79,,21.59,7.391926080739193,,,,,-12.836472908325058,1.3960982025427442,,,,0.0,,,,50.36,
SIZEMASTER,2026-07-28,,,341.0,83.8,,0.37461506497898894,9.474854126146152,18.736263736263737,,25.2,13.564571074636111,24.2,,15.5,12.17004723534315,223.69628942899053,,,,275.4547859203775,0.17491749174917492,,,,0.0,,,,64.86,
SJCORP,2026-07-28,,,769.0,,,,31.387755102040817,15.803571428571429,,-0.84,-0.1076474545862301,0.14,,-2.53,-0.9795918367346939,,,,,,3.322527359074953,,,,0.0,,,,13.65,
SKCIL,2026-07-28,,,208.0,,,,1.2919254658385093,2.3046875,,-7.02,-1.6548463356973995,6.25,,22.0,-4.3478260869565215,,,,,9.388983887617242,2.6333333333333333,,,,0.0,,,,62.33,
SKPMIL,2026-07-28,,,143.0,39.0,,2.4876909809637873,0.6271929824561403,2.710997442455243,,8.43,13.86861313868613,10.1,,4.6,8.333333333333332,15.677188323804803,,,,8.602114611989053,0.7924528301886793,,,,0.0,,,,42.25,
SMFIL,2026-07-28,,,129.0,187.0,,6.360774717680516,9.227467811158798,6.076555023923445,,1.36,5.764304013663535,4.86,,8.23,9.656652360515022,29.398934610938454,,-1.471229526229867,,6.235469196581889,0.0,,,,0.0,,,,28.69,
SMRUTHIORG,2026-07-28,,,134.0,35.7,,,1.3137254901960784,1.822429906542056,,5.17,2.8846153846153846,7.99,,13.0,2.941176470588235,-5.983369067997025,,-27.473618113840594,,-10.230869281653543,0.1095890410958904,,,,1.27,,,,64.73,
SMTEL,2026-07-28,,,877.0,38.0,,,5.41358024691358,7.271364317841079,,25.2,8.614232209737828,25.2,,25.0,14.19753086419753,,,,,445.13617784964185,0.6833333333333333,,,,0.0,,,,67.44,
SNL,2026-07-28,,,136.0,12.8,,1.2969217927820162,2.3859649122807016,1.8,,14.8,13.095238095238097,20.1,,25.0,19.298245614035086,9.869523414008508,,11.876229752234678,,5.895589606372331,0.0,,,,3.96,,,,74.39,
SOBME,2026-07-28,,,928.0,42.1,,2.006949048485946,4.0,4.51010101010101,,16.2,6.2857142857142865,23.4,,14.0,9.482758620689655,20.977114507097472,,19.137897594032882,,28.63342371007529,0.11398963730569948,,,,0.0,,,,60.58,
SPELS,2026-07-28,,,722.0,,,,20.241098962713764,12.36220472440945,,-15.2,-7.150393636880124,-7.61,,-3.62,-24.698626296607795,,,,,-17.441691586454233,0.4835560123329907,,,,0.0,,,,59.18,
SPICEISLIN,2026-07-28,,,310.0,177.0,,12.471617776655899,17.39618406285073,15.37037037037037,,24.7,9.9601593625498,28.2,,4.49,9.820426487093153,14.19222455095639,,,,13.245524002804544,0.08608321377331421,,,,0.31,,,,43.11,
SPICEJET,2026-07-28,,,1747.0,,,,0.3650229837024655,-0.6229508196721312,,,-13.198228882833787,29.4,,-13.0,-16.193063100710408,,,,,-18.60124607609044,-1.5051804215791353,,,,0.0,,,,24.19,
SPICELOUNG,2026-07-28,,,1610.0,166.0,,,10.189873417721518,13.125,,8.36,3.4246575342465753,6.42,,8.0,6.329113924050633,,,,,,0.959349593495935,,,,0.0,,,,64.36,
SRAMSET,2026-07-28,,,477.0,,,,39.75,3.129175946547884,,-18.9,-12.738853503184714,-18.8,,-163.0,-166.66666666666669,,,,,25.99210498948732,0.0,,,,0.0,,,,70.85,
STARDELTA,2026-07-28,,,173.0,14.5,,0.527176508178624,1.0,1.794392523364486,,13.2,10.16949152542373,18.1,,10.0,6.9364161849710975,27.505019239375784,,46.48940400989308,,34.564112519061126,0.11458333333333333,,,,0.0,,,,71.69,
STARLENT,2026-07-28,,,435.0,73.2,,,4.45468509984639,2.6030927835051547,,5.94,0.6326611308817714,7.05,,6.13,1.146953405017921,,,,,,0.02359335802174173,,,,0.0,,,,32.97,
STELLANT,2026-07-28,,,381.0,4760.0,,,2241.176470588235,4047.0588235294113,,8.96,23.52941176470588,8.96,,47.06,47.05882352941176,,,,,4.260360145884445,0.0,,,,0.0,,,,45.25,
STHINPA,2026-07-28,,,195.0,18.2,,,0.44930875576036866,0.8739495798319328,,4.96,2.4498886414253898,9.06,,12.0,2.5345622119815667,,,-14.715485752325142,,14.780807987640143,0.6995515695067265,,,,0.0,,,,26.91,
STOVACQ,2026-07-28,,,358.0,12.7,,0.8262302026246752,1.8358974358974358,2.53698224852071,,21.8,19.2090395480226,32.3,,21.0,17.435897435897434,15.371018827024319,,26.000371014522507,,6.3750716476651315,0.0,,,,0.7,,,,71.06,
STRATMONT,2026-07-28,,,171.0,65.2,,,0.9144385026737968,5.357142857142858,,8.48,4.166666666666666,11.2,,3.4,1.6042780748663104,-23.929924537993273,,98.30484019293976,,52.23759423641445,0.75,,,,0.17,,,,67.58,
SUDTIND-B,2026-07-28,,,407.0,38.8,,,3.3636363636363638,5.394736842105264,,20.6,9.243697478991598,20.0,,11.0,9.090909090909092,,,,,5.85914927672071,0.09210526315789473,,,,0.0,,,,53.22,
SUNRAKSHAK,2026-07-28,,,1085.0,31.0,,,1.7845394736842106,5.862646566164154,,29.6,10.802469135802468,29.2,,10.0,5.756578947368421,,,,,,0.25405405405405407,,,,0.0,,,,69.66,
SUNSHIEL,2026-07-28,,,1038.0,35.1,,1.1921875153303654,2.3537414965986394,4.111498257839721,,17.0,9.836065573770492,19.9,,12.0,6.802721088435375,29.441677209875404,,15.87872664822485,,21.644039911467992,0.0,,,,0.25,,,,66.54,
SUPER,2026-07-28,,,341.0,30.8,,,0.8042452830188679,0.7003154574132492,,0.69,1.6591251885369533,2.73,,9.0,2.5943396226415096,-18.39115367754346,,-25.844979105023903,,0.3962006514632632,0.22587268993839835,,,,0.23,,,,59.43,
SUPRAPFSL,2026-07-28,,,164.0,20.8,,0.15168506763035522,,1.397489539748954,,8.66,1.598539405619231,12.0,,,,137.12622029933752,,70.82265182294908,,,,,,,0.59,,,,32.17,
SURATRAML,2026-07-28,,,108.0,7.16,,,0.6878980891719745,1.0430107526881718,,14.6,14.40677966101695,,,8.0,10.828025477707007,,,,,,0.009708737864077669,,,,0.0,,,,68.45,
SURJIND,2026-07-28,,,135.0,,,,2.697841726618705,1.9166666666666667,,-0.51,-0.19617603138816506,1.25,,6.06,-1.3389288569144686,,,,,-9.441594982407564,1.2009628610729024,,,,0.0,,,,39.59,
SVGLOBAL,2026-07-28,,,226.0,,,,65.5072463768116,4.019292604501608,,-48.2,-15.065065065065063,-34.1,,-591.88,-261.73913043478257,,,,,-20.514583790683318,0.0,,,,0.0,,,,68.89,
SWADPOL,2026-07-28,,,146.0,14617.0,,,14600.0,1.271186440677966,,0.01,3.5336883929326226,1.33,,-28200.0,41799.99999999999,-50.71870786841088,,,,-93.91302613498026,0.0,,,,0.0,,,,72.04,
SWASTIKA,2026-07-28,,,221.0,16.2,,,1.9732142857142858,1.6296296296296295,,10.5,2.783300198807157,20.4,,28.0,12.5,-6.520323561700014,,-0.058892855940984035,,-0.8772381831625209,0.10294117647058823,,,,0.54,,,,59.88,
SWISSMLTRY,2026-07-28,,,355.0,45.6,,6.362975992781193,1.3653846153846154,2.5951557093425603,,5.88,4.41988950276243,8.05,,4.0,3.076923076923077,7.166457967424877,,,,25.99210498948732,0.11764705882352941,,,,0.0,,,,63.1,
SYSCHEM,2026-07-28,,,209.0,19.1,,0.7510184157370174,0.3641114982578397,1.696,,10.2,3.767123287671233,15.9,,3.7,1.9163763066202089,25.432132687793118,,,,71.39665701262452,0.0,,,,0.0,,,,63.38,
TALBROSENG,2026-07-28,,,354.0,12.2,,8.442039676353625,0.6604477611940298,1.9442896935933147,,17.3,7.591623036649215,16.8,,11.0,5.410447761194029,1.4451483844801771,,22.315582948185163,,6.478176877196451,0.8131868131868132,,,,0.36,,,,72.59,
TANAA,2026-07-28,,,760.0,44.9,,3.133935178389002,19.0,4.917491749174918,,11.4,9.714285714285714,15.6,,59.0,42.5,14.327035322753812,,21.391724527926325,,7.721734501594191,0.0,,,,0.84,,,,52.03,
TANDHANIN,2026-07-28,,,699.0,,,,,5.88235294117647,,-0.33,-0.1687336539272758,-0.32,,-175.0,,,,,,,0.0,,,,0.0,,,,65.06,
TANFACIND,2026-07-28,,,6071.0,89.7,,10.780597873260863,8.408587257617729,15.304812834224599,,20.5,12.878787878787879,23.7,,15.0,9.418282548476455,8.320503283262525,,4.595337004053168,,24.074290161386912,0.24932975871313673,,,,0.17,,,,48.73,
TCIIND,2026-07-28,,,116.0,237.0,,,22.924901185770754,19.634146341463417,,9.95,2.5708289611752364,4.33,,18.58,9.683794466403164,,,,,38.12843651944655,1.9387755102040818,,,,0.0,,,,69.53,
TGVSL,2026-07-28,,,1120.0,8.56,,,0.5743589743589743,0.8677685950413223,,10.7,6.214689265536723,12.7,,18.0,6.769230769230769,-28.545999437170412,,35.47195205744147,,-5.707974062959165,0.2744795682343871,,,,0.94,,,,64.27,
TIERRA,2026-07-28,,,262.0,,,,2.660708845333604,2.6599999999999997,,-4.94,-2.6130758736488615,-6.53,,-7.64,-5.057377881588302,,,,,17.88333214393949,0.19627025374503212,,,,0.0,,,,9.34,
TILAK,2026-07-28,,,150.0,24.1,,,5.63063063063063,1.0873786407766992,,5.77,4.21505670173521,7.46,,31.61,23.16066066066066,,,,,89.90141745379286,0.058094893154654104,,,,0.0,,,,61.98,
TIRUSTA,2026-07-28,,,157.0,24.3,,,0.4325068870523416,2.342857142857143,,10.1,2.857142857142857,10.2,,7.0,1.6528925619834711,-6.020177067836441,,,,-0.09165907977536358,1.6176470588235294,,,,0.0,,,,72.88,
TITANBIO,2026-07-28,,,1768.0,59.1,,9.300947981786587,8.58252427184466,9.749430523917995,,17.8,14.018691588785046,22.8,,19.0,14.563106796116504,6.3541910045870065,,-0.32868418805070965,,12.676905029144825,0.03314917127071823,,,,0.1,,,,55.78,
TITANSEC,2026-07-28,,,106.0,8.47,,,,0.9929411764705883,,12.0,11.320754716981133,1.14,,,,-3.1388558469014116,,3.9654642479375335,,,,,,,0.0,,,,73.95,
TOTEM,2026-07-28,,,675.0,24.6,,,2.689243027888446,4.00611620795107,,16.4,11.553784860557768,21.0,,21.0,11.553784860557768,,,,,,0.10059171597633136,,,,3.82,,,,73.85,
TRADWIN,2026-07-28,,,178.0,74.6,,,0.6793893129770993,-19.475409836065573,,,3.571428571428571,50.0,,-0.2,0.7633587786259541,-10.454221976171784,,,,6.978336238375049,-2.0,,,,0.0,,,,74.97,
TRANSCHEM,2026-07-28,,,419.0,97.3,,1.890396555538085,,5.0073206442166915,,5.28,4.901402028952467,6.89,,-56.81,,51.470682019045675,,-29.199551921165735,,,0.0,,,,0.0,,,,56.45,
TRISHAKT,2026-07-28,,,354.0,32.6,,0.2281776881350072,9.31578947368421,7.9335793357933575,,21.1,3.8062283737024223,13.9,,55.0,28.947368421052634,142.8711118359275,,,,-34.46349516722943,1.9318181818181819,,,,0.0,,,,68.97,
TRITONV,2026-07-28,,,504.0,47.2,,,0.8719723183391004,3.936,,8.99,3.076923076923077,11.4,,7.0,1.7301038062283738,,,-0.06317124436975297,,16.87987971042095,1.03125,,,,0.26,,,,46.11,
TRUEGREEN,2026-07-28,,,613.0,19.6,,,2.158450704225352,3.8589211618257258,,22.8,5.555555555555555,13.9,,21.0,10.915492957746478,,,37.00703196870132,,,2.138364779874214,,,,0.0,,,,61.27,
TRUSTEDGE,2026-07-28,,,125.0,226.0,,,23.946360153256705,2.2537562604340566,,1.41,0.7743207095593412,0.91,,4.79,10.536398467432951,-15.65673346982508,,-3.3106634333750162,,73.4696495064666,0.18096272167933405,,,,0.0,,,,74.99,
TUTIALKA,2026-07-28,,,732.0,20.0,,,2.165680473372781,4.0608108108108105,,22.7,5.958132045088567,22.0,,18.0,10.946745562130179,-28.76702969790412,,,,-12.870490990281592,0.6629834254143646,,,,0.0,,,,75.0,
TYCHE,2026-07-28,,,129.0,18.6,,,2.4053701286593325,0.9197080291970803,,5.01,4.687922183193732,6.83,,4.18,12.940518366585865,-21.169634192911758,,-19.061460045578027,,-10.73154509673393,0.0,,,,2.38,,,,61.97,
UCIL,2026-07-28,,,474.0,5.45,,,,2.884097035040431,,72.1,18.16283924843424,55.2,,,,,,129.36792201065307,,,,,,,0.46,,,,19.84,
UDAYJEW,2026-07-28,,,477.0,13.3,,0.3783602810433773,0.6570247933884298,2.2690437601296596,,22.8,9.448818897637794,22.4,,7.0,4.958677685950414,35.151681258200604,,32.250455310349466,,60.07411820264643,0.782608695652174,,,,0.0,,,,74.38,
UNIABEXAL,2026-07-28,,,928.0,19.7,,0.1338432375255022,4.237442922374429,2.2391615054787994,,17.0,56.79513184584179,19.2,,24.0,127.85388127853881,147.18711504753017,,92.12637011229832,,10.344875791090292,0.03132530120481928,,,,0.73,,,,63.63,
UPHOT,2026-07-28,,,756.0,23.4,,2.064516290040831,4.666666666666667,3.5443037974683542,,16.3,12.955465587044534,21.9,,26.0,19.753086419753085,11.334374116048851,,,,7.336617760923225,0.0,,,,0.0,,,,88.38,
UPSURGE,2026-07-28,,,150.0,46.5,,0.7204990478107485,,1.2827715355805245,,2.91,2.6292226292226295,5.25,,,,64.538600212299,,-24.49458438211244,,,,,,,0.73,,,,54.56,
UVDRHOR,2026-07-28,,,252.0,48.1,,,7.88979336255479,4.734111543450065,,9.83,5.151186841327687,,,37.63,16.374452097683157,,,,,,0.6323114538273462,,,,1.09,,,,74.94,
UVS,2026-07-28,,,305.0,19.0,,,,1.6032064128256514,,9.26,7.441860465116279,9.49,,,,,,,,,,,,,0.0,,,,40.32,
VAARAD,2026-07-28,,,250.0,,,,,11.363636363636363,,-0.99,-0.7773851590106007,-0.85,,,,,,,,,,,,,0.0,,,,71.19,
VADILENT,2026-07-28,,,842.0,4431.0,,,1.7254098360655739,210.06437768240343,,4.79,0.0,11.3,,1.5,0.0,,,,,,1.2953367875647668,,,,0.02,,,,51.03,
VALIANT,2026-07-28,,,1164.0,48.2,,0.34833214164583426,13.694117647058823,11.814946619217082,,30.6,21.428571428571427,39.7,,36.0,28.235294117647058,138.37367913354151,,70.1874598909808,,38.4914564188616,0.03125,,,,0.1,,,,39.65,
VEGA,2026-07-28,,,315.0,7.93,,,0.32077393075356414,1.9254658385093166,,24.2,6.61764705882353,,,9.0,4.582484725050916,,,,,209.88402098363795,1.6951219512195121,,,,0.0,,,,71.15,
VERITAS,2026-07-28,,,465.0,23.6,,,0.1493735946032766,0.16198501872659177,,0.71,0.4240882103477523,1.48,,2.7,0.6424670735624799,-40.76318573844444,,-29.028682456702338,,12.90353341079662,0.1762652705061082,,,,0.03,,,,55.01,
VGCL,2026-07-28,,,118.0,7.04,,,,0.7037037037037036,,10.5,7.142857142857142,10.9,,,,,,-12.956348761350267,,,,,,,1.26,,,,71.59,
VIJSOLX,2026-07-28,,,219.0,11.4,,2.6511676948633656,0.09256128486897718,0.6221616712079927,,5.56,4.103671706263499,8.58,,1.4,0.8030431107354183,4.299992045802115,,-21.983083838836237,,-0.8857370910166473,0.1846590909090909,,,,0.0,,,,69.59,
VIKRAMTH,2026-07-28,,,769.0,20.0,,0.6346675539907353,5.7388059701492535,4.9,,27.7,20.212765957446805,36.4,,40.0,28.35820895522388,31.512560984474014,,26.199704861968097,,6.160329682098786,0.03184713375796178,,,,0.41,,,,66.01,
VIPULORG,2026-07-28,,,505.0,73.0,,1.4796958696138807,2.8857142857142857,4.308943089430894,,7.63,3.0303030303030303,8.43,,10.0,4.0,49.334462235843766,,-3.375808949546555,,9.306104443915086,0.452991452991453,,,,0.3,,,,63.94,
VIRAT,2026-07-28,,,456.0,114.0,,103.42075948303363,17.02127659574468,3.488888888888889,,5.08,3.6649603086282374,7.51,,3.55,18.43971631205674,1.1022932008027064,,16.271101521949817,,-10.747455451184528,0.004130335016062414,,,,0.0,,,,74.55,
VIRYA,2026-07-28,,,110.0,,,,,21.060171919770774,,-5.29,-4.087591240875913,-4.64,,,,,,,,,0.15105162523900573,,,,0.0,,,,74.98,
VISHAL,2026-07-28,,,451.0,12.6,,,0.2815230961298377,0.6973180076628351,,6.33,3.515625,10.0,,7.0,2.247191011235955,,,,,,0.34775888717156106,,,,0.0,,,,55.05,
VISTARAMAR,2026-07-28,,,124.0,13.2,,0.3020893158048479,0.7848101265822784,2.2799575821845175,,18.9,10.714285714285714,25.5,,10.0,5.69620253164557,43.69568637285837,,33.48238234182717,,35.153004393755616,0.0,,,,0.0,,,,65.65,
VJTFEDU,2026-07-28,,,121.0,,,,40.333333333333336,1.116504854368932,,-0.2,-0.05271481286241434,-1.07,,-20.0,-2.666666666666667,,,,,,0.0397795130914102,,,,0.0,,,,74.01,
VLL,2026-07-28,,,152.0,1269.0,,,,9.686468646864688,,0.76,0.7604562737642585,1.06,,,,,,37.97296614612149,,,,,,,0.0,,,,,
VOITHPAPR,2026-07-28,,,655.0,14.6,,1.5728838330742145,3.1339712918660285,1.5471502590673576,,11.1,8.686440677966102,14.9,,27.0,19.617224880382775,9.282312967426321,,8.892796934717783,,8.41785549559333,0.0,,,,0.68,,,,74.04,
VSL,2026-07-28,,,113.0,15.0,,0.24516757073504827,4.593495934959349,1.7807486631016043,,17.0,11.512758201701093,22.3,,38.66,30.8130081300813,61.18264318167286,,20.842664037011826,,9.610647958470686,0.0,,,,0.49,,,,65.01,
VTMLTD,2026-07-28,,,654.0,51.5,,7.522029845835261,1.7580645161290323,2.079872204472843,,4.09,2.455357142857143,5.09,,7.0,2.956989247311828,6.846556189685171,,2.7330658501865557,,21.189655591897715,0.23809523809523808,,,,1.31,,,,74.99,
WARDINMOBI,2026-07-28,,,205.0,109.0,,,0.8299595141700404,1.364,,1.48,0.5102040816326531,7.06,,8.0,0.8097165991902834,-40.85503885405778,,,,1.103537368278018,1.02,,,,1.48,,,,22.33,
WARDWIZFBL,2026-07-28,,,236.0,180.0,,,0.9915966386554622,2.8927444794952684,,1.62,0.49019607843137253,4.33,,3.3,0.42016806722689076,,,,,209.8577217370563,0.4634146341463415,,,,0.0,,,,53.32,
WATERBASE,2026-07-28,,,178.0,,,,0.5085714285714286,1.2580645161290323,,-9.9,-5.9760956175298805,-7.35,,-2.9,-4.285714285714286,,,,,5.507644356589836,0.41843971631205673,,,,0.0,,,,69.05,
WEPSOLN,2026-07-28,,,109.0,37.5,,,1.058252427184466,2.091549295774648,,-2.64,4.054054054054054,0.69,,13.0,2.912621359223301,,,49.079685106377966,,10.183230091811147,0.0784313725490196,,,,1.68,,,,41.18,
WHBRADY,2026-07-28,,,132.0,26.7,,,1.4903466184938468,1.5309734513274336,,5.86,4.970423292617347,8.53,,5.89,7.304956531556961,-3.155787703955215,,2.8569383726913866,,5.988162271751429,0.08814343551185656,,,,0.0,,,,73.76,
WINSOMTX,2026-07-28,,,186.0,10.4,,,0.3705179282868526,1.4912559618441972,,15.5,2.3225806451612905,15.7,,18.0,3.5856573705179287,,,,,,3.336,,,,0.0,,,,63.45,
WORTH,2026-07-28,,,148.0,42.4,,2.9299120288297975,11.76470588235294,3.3333333333333335,,8.17,1.017708121310808,5.21,,83.55,27.821939586645467,14.471424255333186,,,,51.0529665576873,6.640646029609691,,,,0.0,,,,57.11,
YOGI,2026-07-28,,,753.0,36.3,,,,5.186335403726708,,16.5,2.9494382022471908,12.8,,,,,,,,,,,,,0.0,,,,62.68,
YSL,2026-07-28,,,785.0,15.0,,,11.376811594202898,0.608926699075398,,4.05,4.021655065738592,4.13,,2.2,75.36231884057972,-16.973181584362695,,-14.865758022715692,,0.48781259777794794,0.0,,,,1.95,,,,74.87,
ZBINTXPP,2026-07-28,,,117.0,30.0,,,0.468,1.1921965317919074,,4.01,0.91324200913242,8.1,,6.0,0.8,-22.26364692459326,,-11.111995985247914,,-1.4250647567629726,0.44575017728700234,,,,0.0,,,,59.1,
ZEAL,2026-07-28,,,140.0,13.9,,1.1010085833646153,0.273972602739726,1.3553113553113554,,10.5,2.932551319648094,13.3,,6.0,1.9569471624266144,12.624788044360603,,18.664882623542333,,12.177074537120003,1.7884615384615385,,,,0.0,,,,68.42,
ZENOTECH,2026-07-28,,,269.0,,,,38.42857142857143,2.7848101265822782,,-12.2,-11.711711711711711,-9.08,,-143.0,-185.71428571428572,,,,,-18.64487889528523,0.10416666666666667,,,,0.0,,,,68.84,
