ticker,as_of,sector,industry,market_cap,pe,forward_pe,peg,ps,pb,pfcf,roe,roa,roi,gross_margin,oper_margin,net_margin,eps_growth,eps_growth_next_y,eps_growth_5y,eps_growth_past5y,sales_growth,debt_equity,lt_debt_equity,current_ratio,quick_ratio,dividend_yield,insider_own,inst_own,short_float,promoter_holding,pledged_pct
20MICRONS,2026-09-26,,,768.0,11.3,,1.735656449653922,0.807570977917981,1.5912408759124088,,14.5,9.006622516556291,17.3,,13.0,7.150368033648791,6.510505003598577,,14.397104082317004,,6.967825186081611,0.32231404958677684,,,,0.57,,,,45.04,
21STCENMGM,2026-09-26,,,41.9,,,,,1.2666666666666666,,-57.2,-42.5,-57.0,,162.0,154.54545454545453,,,,,,0.0,,,,0.0,,,,64.43,
360ONE,2026-09-26,Financial Services,,43769.0,34.7,,3.003228541114754,9.471759359446008,4.433884297520661,,14.4,4.6398764660465455,12.1,,62.0,27.310106037654187,11.554232228733374,,13.828004431662011,,16.520266837828657,1.6196624644164295,,,,1.12,,,,6.2,
3BBLACKBIO,2026-09-26,,,1250.0,22.5,,1.1224721075540376,8.169934640522875,3.8518518518518516,,19.8,14.814814814814813,25.5,,35.0,36.60130718954248,20.045041519142437,,8.569952266118186,,27.39525047802285,0.009230769230769232,,,,0.34,,,,40.95,
3MINDIA,2026-09-26,Diversified,,38233.0,62.5,,2.0164776381190155,9.133540372670808,17.799055613850996,,30.5,18.811576354679804,40.5,,19.0,14.596273291925465,30.994640762939696,,13.668517088739375,,7.859332268287411,0.008383791336748951,,,,0.47,,,,75.0,
3PLAND,2026-09-26,,,55.8,24.6,,3.2154407822033035,11.6008316008316,0.5335628227194492,,1.78,2.0210113960113962,2.38,,64.86,47.19334719334719,7.650584061804255,,14.50860244617913,,10.551598391641592,0.0,,,,0.0,,,,73.3,
5PAISA,2026-09-26,,,1448.0,32.8,,,4.387878787878788,2.239130434782609,,7.04,2.3072889355007864,9.94,,31.0,13.333333333333334,-6.751040897088812,,24.758866337639972,,-5.817051709308241,0.5839753466872111,,,,0.0,,,,36.5,
63MOONS,2026-09-26,,,3952.0,,,,12.427672955974844,1.11284046692607,,-1.98,-2.548918640576725,-3.7,,-94.0,-31.132075471698112,,,,,-4.8372644152035456,0.0014076576576576576,,,,0.23,,,,45.63,
A2ZINFRA,2026-09-26,,,261.0,61.8,,,0.717032967032967,5.2313167259786475,,15.4,1.0845986984815619,16.3,,0.7,1.3736263736263736,,,,,-2.1058921832264765,1.9795918367346939,,,,0.0,,,,27.92,
AAATECH,2026-09-26,,,130.0,62.6,,,6.7114093959731544,4.232365145228216,,6.67,6.372549019607843,8.96,,8.0,10.738255033557047,-13.465025781555495,,-2.4083220901683244,,-1.3725584894846543,0.0,,,,0.99,,,,34.38,
AADHARHFC,2026-09-26,Financial Services,,19487.0,16.9,,1.4867178447274794,,2.566473988439306,,15.9,4.164385561516844,11.4,,,,11.367321687793307,,18.406317602248624,,,,,,,0.0,,,,64.66,
AAKASH,2026-09-26,,,90.3,17.8,,,0.8766990291262136,1.509306260575296,,11.2,5.747126436781609,12.6,,14.0,4.854368932038835,,,,,,0.23333333333333334,,,,0.0,,,,66.54,
AAREYDRUGS,2026-09-26,,,314.0,75.2,,,0.7566265060240964,1.9245283018867925,,2.75,1.3468013468013467,5.58,,1.6,0.9638554216867471,-4.162909363537293,,-10.640747797222861,,1.574408879883249,0.3333333333333333,,,,0.0,,,,42.79,
AARON,2026-09-26,,,260.0,31.4,,3.397978785431177,2.6746219524740256,5.344827586206897,,15.0,9.091906119763104,18.7,,19.52,8.527929225388334,9.240787533644234,,16.38180096232855,,15.415088017007017,0.5705470999588645,,,,0.4,,,,73.07,
AARTIDRUGS,2026-09-26,Healthcare,,3901.0,20.2,,5.110650631043418,1.4566840926064226,2.511764705882353,,13.4,6.785079928952042,12.0,,12.0,7.132188200149366,3.952530011991029,,-1.0988635160692817,,1.9265319928296831,0.3724983860555197,,,,0.47,,,,54.43,
AARTIIND,2026-09-26,Chemicals,,17747.0,34.0,,4.042285667842575,1.969700332963374,2.981707317073171,,7.13,3.992481203007519,6.86,,15.0,5.893451720310766,8.411082935201431,,-14.852459754172752,,12.246393337593586,0.8339210747271201,,,,0.2,,,,41.82,
AARTIPHARM,2026-09-26,Healthcare,,8520.0,39.6,,,4.327069578466227,4.017094017094017,,8.59,6.117174037909248,10.7,,22.0,10.817673946165566,-0.5884961829437207,,,,2.044616751083228,0.3549905838041431,,,,0.37,,,,42.86,
AARVI,2026-09-26,,,203.0,10.3,,0.5289298496695735,0.3025335320417288,1.4285714285714284,,13.5,8.016877637130802,14.7,,3.3,2.8315946348733236,19.47328177155154,,9.896412921346087,,18.231217606167682,0.19014084507042253,,,,1.46,,,,73.36,
AASTHA,2026-09-26,,,321.0,13.1,,0.07801513074489284,0.7246049661399548,,,16.8,7.0588235294117645,19.0,,12.0,5.417607223476298,167.91614491856214,,41.76139999991866,,22.83871794035257,0.6645962732919255,,,,0.07,,,,53.21,
AAVAS,2026-09-26,Financial Services,,10052.0,20.5,,1.0794507600351826,,2.658280922431866,,13.9,2.9723348870997035,9.91,,,,18.99113953037732,,22.429917138052357,,,,,,,0.0,,,,48.88,
ABANSENT,2026-09-26,,,190.0,5.93,,0.11600282573981267,0.01317705804840835,0.8774193548387097,,1.84,8.16326530612245,4.92,,0.2,0.22192939871003536,51.11944439440321,,2.944805108216242,,101.17415858004617,0.7453703703703703,,,,0.0,,,,74.56,
ABB,2026-09-26,Capital Goods,,149448.0,97.0,,0.5487089879153993,11.089114788157602,15.99092970521542,,22.4,18.988307066598882,29.9,,14.0,22.171106329301775,176.7785878057379,,,,20.996899403352053,0.015526287611093264,,,,0.56,,,,75.0,
ABBOTINDIA,2026-09-26,Healthcare,,57279.0,35.5,,3.4257739340382583,8.178041119360365,11.995994659546062,,34.4,24.838511227314672,44.8,,28.0,23.058252427184467,10.362621901951673,,15.117531950269214,,6.1911128302977625,0.03602848764139087,,,,1.95,,,,74.99,
ABCAPITAL,2026-09-26,Financial Services,,106774.0,26.5,,4.870962074315753,,2.9770992366412212,,12.0,1.2296770418490235,8.72,,,,5.440403681180905,,16.32916935589739,,,,,,,0.0,,,,68.81,
ABCOTS,2026-09-26,,,446.0,32.0,,,1.3393393393393394,2.9083094555873927,,9.87,4.472843450479233,9.87,,12.0,4.2042042042042045,-0.7740248420580853,,,,9.16114676619959,0.9607843137254902,,,,0.0,,,,52.5,
ABDL,2026-09-26,Fast Moving Consumer Goods,,20001.0,89.7,,0.23404783105718335,5.026639859261121,12.037037037037038,,14.3,5.044439106413644,18.4,,14.0,5.277707966825836,383.2549936260003,,165.39648595119436,,6.136201467767766,0.6921226698737222,,,,0.76,,,,80.91,
ABFRL,2026-09-26,Consumer Services,,5998.0,,,,0.7165213236172501,1.0271966527196654,,-13.6,-4.857717734981317,-3.76,,8.0,-10.094373432086968,,,,,9.129294502383022,1.0597602739726026,,,,0.0,,,,46.61,
ABLBL,2026-09-26,Consumer Services,,9608.0,45.0,,,1.1170794093710035,6.78448275862069,,14.9,2.0183486238532113,15.0,,16.0,2.046273689105918,,,,,,2.1358811040339702,,,,0.64,,,,46.6,
ABMKNO,2026-09-26,,,348.0,41.2,,,3.3142857142857145,1.43801652892562,,3.96,3.508771929824561,6.54,,14.0,9.523809523809524,-16.46702256710978,,-10.45492691340737,,4.885624628838681,0.0,,,,0.72,,,,66.93,
ABREL,2026-09-26,Realty,,13749.0,,,,30.553333333333335,3.719033232628399,,-2.64,-0.6029753373202195,-4.48,,-86.0,-27.111111111111114,,,,,-25.787841247695063,1.5228316671169955,,,,0.2,,,,50.21,
ABSLAMC,2026-09-26,Financial Services,,29357.0,29.1,,3.3144838394197733,15.77485222998388,7.242857142857143,,25.2,22.808607021517556,32.2,,59.0,54.11069317571199,8.779647574053095,,8.341743887593633,,4.388908823408166,0.015837663944568176,,,,2.51,,,,74.72,
ACC,2026-09-26,Construction Materials,,23218.0,12.2,,,0.91258548856222,1.129798903107861,,10.9,6.935513169845595,11.2,,10.0,7.503340932316642,-6.498639294225617,,0.4851398669555973,,8.427012065230134,0.02087489659870566,,,,0.61,,,,56.69,
ACCELYA,2026-09-26,,,1657.0,16.0,,,3.1146616541353382,6.607142857142857,,39.3,25.333333333333336,49.4,,33.0,17.857142857142858,-9.037080813184406,,17.715868166249837,,4.290863471248563,0.064,,,,4.05,,,,74.66,
ACE,2026-09-26,Capital Goods,,14607.0,33.4,,3.3407881055924173,4.278558875219684,7.260355029585799,,22.8,13.44201784066441,31.6,,16.0,12.800234329232572,9.997640959056643,,32.98178200879358,,5.42039920107682,0.003978120338140228,,,,0.16,,,,65.42,
ACEINTEG,2026-09-26,,,17.9,,,,2.093567251461988,1.0232558139534884,,-8.59,-8.566721581548599,-11.3,,-28.07,-18.24561403508772,,,,,,0.007981755986316992,,,,0.0,,,,73.53,
ACGL,2026-09-26,,,1058.0,17.5,,1.1829568925618437,1.142548596112311,3.4280078895463513,,25.7,12.636165577342048,29.6,,8.0,6.263498920086392,14.793438467653308,,75.96902553254672,,16.609172428977082,0.032467532467532464,,,,1.58,,,,48.98,
ACI,2026-09-26,Chemicals,,5957.0,61.5,,,5.337813620071684,3.0764331210191083,,5.42,3.602251407129456,7.41,,20.0,8.60215053763441,-32.78445828781133,,-16.672371985529544,,-5.679914766046523,0.2408268733850129,,,,0.52,,,,53.43,
ACL,2026-09-26,,,393.0,,,,0.8103092783505155,4.863013698630137,,-64.0,-5.140845070422535,-6.01,,2.7,-15.051546391752577,,,,,21.86219081592389,13.91358024691358,,,,0.0,,,,75.0,
ACMESOLAR,2026-09-26,Power,,31307.0,52.6,,,13.20970464135021,5.3053892215568865,,10.4,2.1389234322259725,8.91,,87.0,25.400843881856538,-47.970532165017275,,9.637881621955646,,21.57226745048866,3.931238885595732,,,,0.05,,,,71.4,
ACUTAAS,2026-09-26,Healthcare,,26792.0,69.4,,0.6864473092346632,18.325581395348838,16.198019801980198,,24.0,19.506048387096776,31.6,,37.0,26.47058823529412,101.10025790235197,,36.73186725741617,,26.80685717711424,0.02176541717049577,,,,0.08,,,,32.66,
ADANIENSOL,2026-09-26,Power,,163692.0,56.1,,1.6717510043059538,5.370472440944882,6.311320754716981,,9.44,3.3312849704065464,9.65,,30.0,10.137795275590552,33.55762901024279,,17.283908616583044,,22.435659714693855,1.9340071577457034,,,,0.0,,,,73.39,
ADANIENT,2026-09-26,Metals & Mining,,394728.0,166.0,,5.16442533432475,3.542353564088988,4.650717703349282,,-3.38,2.8800006133370135,5.8,,14.0,6.742288950112625,32.142976082295235,,56.17892662959012,,4.9409034755576675,1.3175246521513482,,,,0.04,,,,71.97,
ADANIGREEN,2026-09-26,Power,,213573.0,110.0,,6.879018409869589,15.751382845342578,10.71900826446281,,11.4,1.500825244076426,7.39,,86.0,15.827125894239988,15.990653527279242,,28.178983690980598,,13.71879432904224,5.186326070623592,,,,0.0,,,,62.43,
ADANIPORTS,2026-09-26,Services,,411948.0,31.0,,2.0049075860777883,10.189166460549098,4.298076923076923,,16.4,7.166068629539211,14.1,,58.0,32.453623546871135,15.462059306506726,,20.10205574397077,,14.81656011383603,0.6624287456101043,,,,0.42,,,,66.03,
ADANIPOWER,2026-09-26,Power,,390997.0,27.4,,,6.623363203631867,6.023738872403561,,21.1,10.272921982907917,17.2,,37.0,24.618433757389933,-11.880188194987051,,23.714570460228934,,5.445710621201649,0.8418929115912346,,,,0.0,,,,74.96,
ADDIND,2026-09-26,,,83.4,34.6,,,11.567267683772538,1.0211640211640214,,2.93,2.8615530752790312,4.37,,-23.16,33.42579750346741,-19.963450111538016,,-42.272852691571394,,,0.0,,,,0.0,,,,74.27,
ADFFOODS,2026-09-26,,,2973.0,30.7,,4.4438972789726705,4.14066852367688,5.201535508637236,,17.7,12.415654520917679,21.8,,19.0,12.813370473537605,6.908350502443916,,12.767137012376306,,11.354310602534223,0.09615384615384616,,,,0.44,,,,36.14,
ADL,2026-09-26,,,38.9,,,,0.9982037464716449,,,-2.15,-1.288936627282492,,,4.59,-2.771362586605081,,,,,,0.4286568353925867,,,,0.0,,,,72.97,
ADOR,2026-09-26,,,2852.0,24.6,,28.682199428033915,2.380634390651085,5.137931034482759,,15.8,13.701923076923078,22.8,,13.0,9.515859766277128,0.8576748119238031,,,,3.70925445796797,0.005415162454873646,,,,1.4,,,,53.76,
ADROITINFO,2026-09-26,,,72.0,20.0,,2.9412347906595024,1.3370473537604457,0.923076923076923,,4.34,3.1449288023062816,6.54,,9.06,6.685236768802229,6.799865166668817,,36.76952965558622,,29.388256589343055,0.3410263022176379,,,,0.0,,,,42.99,
ADSL,2026-09-26,,,654.0,16.8,,,0.6481665014866204,1.0642201834862386,,4.82,3.5916824196597354,7.39,,6.0,3.7661050545094152,-3.2652251022088796,,-9.647898001048972,,13.669725108370123,0.22185970636215335,,,,1.3,,,,51.03,
ADVAIT,2026-09-26,,,2087.0,36.1,,1.0310529256428211,2.6929032258064516,7.503937007874016,,21.5,9.145427286356822,27.9,,12.0,7.870967741935483,35.0127516271709,,58.845981250798076,,54.781293647662196,0.34172661870503596,,,,0.1,,,,66.76,
ADVANCE,2026-09-26,,,791.0,30.9,,,1.594758064516129,,,29.1,7.4074074074074066,28.0,,10.0,5.241935483870968,,,,,,0.7920792079207921,,,,0.0,,,,69.89,
ADVANIHOTR,2026-09-26,,,443.0,,,,13.84375,17.292418772563177,,-19.9,-18.9873417721519,-13.0,,-25.0,-46.875,,,,,-20.62994740159002,1.36,,,,3.75,,,,50.24,
ADVENTHTL,2026-09-26,,,685.0,14.1,,,1.7654639175257731,0.7559523809523809,,4.65,1.0017530678687703,6.84,,35.0,10.309278350515463,,,,,24.512195032514008,0.8838495575221239,,,,0.0,,,,47.69,
ADVENZYMES,2026-09-26,Healthcare,,3260.0,20.7,,2.7495159660844823,4.346666666666667,1.9931506849315068,,10.2,9.378407851690294,14.0,,30.0,22.933333333333334,7.528597853344476,,6.731566887120133,,6.322592570747543,0.0196078431372549,,,,1.84,,,,43.25,
ADVIKCA,2026-09-26,,,59.6,,,,,0.41702127659574467,,-14.3,-7.2607260726072615,-5.13,,,,,,,,,,,,,0.0,,,,22.49,
AEGISLOG,2026-09-26,Oil Gas & Consumable Fuels,,47926.0,38.3,,1.275908588616453,5.342325270315461,7.890173410404624,,16.3,10.34410260004205,13.3,,21.0,16.453015271430164,30.017824428575302,,28.46270720530242,,8.384224019709684,0.685383980181668,,,,0.64,,,,58.1,
AEGISVOPAK,2026-09-26,Oil Gas & Consumable Fuels,,31855.0,118.0,,,35.23783185840708,7.441860465116279,,11.0,3.3962712266951667,7.56,,75.0,31.63716814159292,-85.85347631062668,,,,17.16845545268766,0.8694942903752039,,,,0.07,,,,86.94,
AEPL,2026-09-26,,,399.0,46.0,,1.61041422486583,5.176440062272963,4.2175066312997345,,9.65,6.094474905103333,12.9,,16.13,11.248053969901402,28.564079532911755,,,,23.06098642720351,0.01806656101426307,,,,0.03,,,,72.45,
AEQUS,2026-09-26,Capital Goods,,16502.0,,,,12.045255474452555,11.08108108108108,,-9.96,-6.220270764727406,1.69,,6.0,-12.408759124087592,,,,,12.39088334604823,0.4714189643577673,,,,0.0,,,,59.09,
AEROENTER,2026-09-26,,,1422.0,9.36,,,1.8909574468085106,1.7236662106703147,,8.41,15.051903114186851,12.6,,16.0,23.138297872340424,-16.415391390960476,,33.51034413909106,,14.573086319648754,0.049576783555018135,,,,0.32,,,,52.3,
AEROFLEX,2026-09-26,,,6957.0,104.0,,6.237504142614992,13.831013916500995,15.562130177514794,,14.1,11.858407079646017,18.9,,23.0,13.320079522862823,16.673335619846075,,-15.672282087277978,,16.514583849435873,0.020134228187919462,,,,0.08,,,,65.47,
AERONEU,2026-09-26,,,207.0,1150.0,,189.2981056690658,1.6171875,2.025252525252525,,1.6,0.6896551724137931,4.76,,2.9,0.78125,6.0750740000032,,-32.75037161476506,,5.502112866364928,0.23529411764705882,,,,0.0,,,,60.46,
AEROPLANE,2026-09-26,,,2169.0,17.5,,,0.8596908442330559,,,15.8,5.846298915605846,15.7,,10.0,4.914783987316686,-85.37485380464753,,-15.061787194098297,,17.75958204427215,0.8194594594594594,,,,0.0,,,,78.78,
AETHER,2026-09-26,Chemicals,,23453.0,97.8,,2.3403852800252016,19.05199025182778,9.551351351351352,,9.66,7.341455795064042,11.9,,31.0,19.09017059301381,41.787991419492634,,12.890254549041202,,27.2093273871183,0.18648208469055375,,,,0.0,,,,74.92,
AFCONS,2026-09-26,Construction,,9287.0,45.3,,,0.82558449639968,1.7027027027027026,,5.61,0.7527050337149129,13.9,,9.0,1.280113787892257,-33.16959440498518,,-39.721746707222,,-5.353879317201848,0.6655045871559633,,,,0.79,,,,50.17,
AFFLE,2026-09-26,Information Technology,,22236.0,46.5,,2.7360697597430423,7.8406205923836385,6.0926640926640925,,13.8,10.83654500113353,16.8,,22.0,16.854724964739066,16.995180709269285,,16.164371856487826,,15.449918436333853,0.004107338444687842,,,,0.0,,,,54.91,
AFFORDABLE,2026-09-26,,,226.0,38.5,,,2.017857142857143,1.8144750254842,,6.6,2.3255813953488373,8.8,,13.0,5.357142857142857,-1.7797385317643077,,20.651488742180145,,-11.757702682377936,0.6272727272727273,,,,0.0,,,,41.41,
AFIL,2026-09-26,,,354.0,7.99,,0.37871168630888685,,0.809667673716012,,10.5,4.710920770877944,13.9,,,,21.097843792132554,,40.2221832454686,,,,,,,0.0,,,,39.02,
AFSL,2026-09-26,,,1029.0,8.02,,0.5076552986618845,0.0399658212607294,0.8137651821862348,,8.29,4.756980351602896,7.9,,0.8,0.535984774925234,15.798121325906989,,15.581816731381505,,165.22584936031475,0.6032,,,,0.0,,,,71.11,
AGARIND,2026-09-26,,,595.0,14.6,,,0.3987935656836461,0.8633405639913232,,6.21,3.4109816971713807,7.73,,7.0,2.7479892761394105,-27.924849063759936,,-10.728206324025392,,-11.120153425254188,0.4949201741654572,,,,0.83,,,,57.2,
AGARWALEYE,2026-09-26,Healthcare,,15851.0,107.0,,,7.182147711826008,7.82472613458529,,5.99,4.6942400405988325,10.9,,28.0,8.382419574082466,,,,,18.33122744074529,0.5261599210266535,,,,0.0,,,,32.34,
AGI,2026-09-26,,,5197.0,14.2,,0.17879039111462056,1.8809265291349981,2.1586021505376345,,15.7,10.191441441441441,19.5,,23.0,13.101701049583786,79.42261276724058,,32.18305017607519,,0.622954871701209,0.10012463647694225,,,,0.87,,,,60.39,
AGIIL,2026-09-26,,,3307.0,32.3,,1.3025351571636878,9.263305322128852,7.123655913978494,,25.0,6.4638783269961975,20.2,,37.0,28.57142857142857,24.797795147682834,,22.67690608842756,,6.928905511821792,0.40086206896551724,,,,0.08,,,,71.29,
AGL,2026-09-26,Services,,1349.0,,,,0.10573757642263677,,,-20.1,-5.647517039922103,-6.09,,0.1,-2.2730835554162097,,,,,,1.0324074074074074,,,,0.0,,,,63.28,
AGRITECH,2026-09-26,,,57.0,,,,196.55172413793105,0.5517241379310345,,-0.36,-2.2478789469080733,0.27,,-803.45,-886.2068965517242,,,,,19.485817377914994,0.09779454439930355,,,,0.0,,,,30.9,
AGROPHOS,2026-09-26,,,49.1,6.96,,0.5749390176300403,0.33175675675675675,0.6954022988505747,,10.4,4.545454545454546,15.0,,11.0,4.72972972972973,12.10563170454122,,,,4.151006975889815,0.42857142857142855,,,,4.13,,,,54.27,
AHCL,2026-09-26,,,1675.0,53.0,,,9.738372093023257,7.274826789838337,,18.4,7.754010695187167,20.8,,28.0,16.86046511627907,,,,,,0.19130434782608696,,,,0.0,,,,52.68,
AHLADA,2026-09-26,,,50.6,,,,0.5187615337297519,0.369811320754717,,0.13,-0.15455268038505693,2.69,,13.28,-0.3588271478367848,,,,,-27.827661200617637,0.27948998178506373,,,,4.09,,,,49.3,
AHLEAST,2026-09-26,,,238.0,22.2,,,1.9193548387096775,1.2924528301886793,,-3.08,-6.837606837606838,5.6,,30.0,-38.70967741935484,,,,,4.71268841304644,2.3442622950819674,,,,0.73,,,,65.63,
AHLUCONT,2026-09-26,Construction,,3922.0,17.4,,,0.8369611609048229,1.9025974025974026,,13.8,5.274261603375527,20.4,,8.0,4.801536491677337,-15.645012382824374,,7.71019050268742,,6.723313512946949,0.035454103933948516,,,,0.12,,,,55.32,
AIAENG,2026-09-26,Capital Goods,,36576.0,28.8,,7.07883941683852,8.040448450208837,4.556976744186047,,17.0,14.826535396155649,21.1,,28.0,27.808309518575513,4.0684635296985405,,15.61029106407017,,-2.1399601492861464,0.00124595066035385,,,,0.41,,,,58.5,
AIIL,2026-09-26,Financial Services,,47523.0,22.6,,,,3.2369942196531793,,12.8,10.906913785922532,13.3,,,,-21.17901948751727,,,,,,,,,0.02,,,,68.81,
AIRAN,2026-09-26,,,213.0,13.2,,1.709460484205303,1.8849557522123894,1.36,,4.4,8.290155440414509,7.27,,12.0,14.15929203539823,7.721734501594191,,10.17520254037143,,2.154505553603747,0.00641025641025641,,,,0.0,,,,72.21,
AIROLAM,2026-09-26,,,138.0,25.1,,,0.5679012345679012,1.7614503816793894,,7.26,2.2123893805309733,9.75,,8.0,2.05761316872428,-9.36977705669031,,0.16429442400252015,,7.064878325541235,1.0379746835443038,,,,0.0,,,,53.41,
AJANTPHARM,2026-09-26,Healthcare,,44333.0,39.1,,3.113369127964613,7.675380886426593,9.80110497237569,,27.1,18.800728838827233,34.5,,25.0,19.650277008310248,12.558742119204446,,10.304597218762424,,11.1261034124297,0.05743317870554451,,,,0.9,,,,63.49,
AJAXENGG,2026-09-26,,,6953.0,30.2,,74.59318652424088,3.2936996684036,4.983606557377049,,17.8,13.013698630136986,23.9,,12.0,10.800568450971104,0.4048627147760442,,,,6.6341931989361225,0.0014367816091954023,,,,0.0,,,,80.0,
AJMERA,2026-09-26,,,2378.0,15.4,,1.4443933366187975,2.069625761531767,1.7018284106891703,,11.5,6.283731688511951,14.3,,27.0,14.186248912097476,10.661915705073866,,25.151631678821307,,17.961602258746325,0.5085836909871244,,,,0.83,,,,68.56,
AJOONI,2026-09-26,,,55.0,13.9,,0.5739690920563599,0.2558139534883721,0.6030245746691871,,4.28,3.3333333333333335,6.11,,3.4,1.8604651162790697,24.21733189534727,,35.6911634828607,,39.03244416303089,0.1978021978021978,,,,0.0,,,,30.53,
AKASH,2026-09-26,,,42.2,42.2,,1.007199779140253,0.42335473515248795,0.49407114624505927,,1.05,0.3002593148628361,3.81,,6.92,0.6621187800963082,41.89834119703837,,-21.93862784715498,,18.84061793761591,1.0828055360075064,,,,0.0,,,,74.59,
AKCAPIT,2026-09-26,,,1158.0,10.1,,1.3177920809159687,,1.1066246056782334,,11.0,2.7550782162035956,9.33,,,,7.664335023913416,,6.825853431130802,,,,,,,3.42,,,,72.24,
AKG,2026-09-26,,,30.5,82.4,,,0.3883866038456641,0.5708333333333333,,-1.18,0.5977382875605816,0.79,,0.53,0.4711575194193302,-40.02906273159951,,-29.007483667871938,,-24.652286578033333,0.10822429906542057,,,,0.0,,,,50.69,
AKI,2026-09-26,,,68.4,22.6,,1.0307879941997218,0.5747899159663866,0.6820987654320987,,2.32,1.875,4.49,,-2.2,2.5210084033613445,21.92497402683282,,3.012896281839894,,18.785347052385816,0.26732673267326734,,,,0.0,,,,53.92,
AKSHAR,2026-09-26,,,32.3,,,,0.26694214876033057,0.39805825242718446,,-10.6,-6.25,-10.2,,-1.6,-4.958677685950414,,,,,-11.573498991664843,0.06172839506172839,,,,0.0,,,,0.27,
AKUMS,2026-09-26,Healthcare,,12899.0,42.3,,,2.8651710350955133,3.8862559241706163,,8.45,5.396942346656843,14.9,,13.0,6.508218569524655,,,,,2.5208862149658673,0.047374773687386844,,,,0.12,,,,75.26,
ALANKIT,2026-09-26,,,213.0,11.1,,,0.6454545454545455,0.670940170940171,,3.84,4.329004329004329,5.72,,6.0,6.0606060606060606,-3.9001328612664365,,33.09504440445239,,11.82373114541626,0.056782334384858045,,,,0.0,,,,54.14,
ALBERTDAVD,2026-09-26,,,499.0,22.1,,,1.370879120879121,1.2740524781341107,,-0.44,4.431599229287091,0.82,,7.0,6.318681318681318,-33.11021909255882,,-8.533993706643594,,0.18382394313973816,0.07653061224489796,,,,0.57,,,,62.23,
ALEMBICLTD,2026-09-26,,,2736.0,8.53,,1.4070609098183058,11.447698744769875,1.1239495798319328,,13.0,12.393822393822393,6.07,,36.0,134.30962343096235,6.06228198116987,,7.60679479513795,,15.035729128370523,0.004498977505112475,,,,2.25,,,,70.88,
ALFREDHE,2026-09-26,,,212.0,5.76,,0.020567091289316736,,0.3698224852071006,,-24.8,6.303236797274275,11.7,,,,280.05904767836296,,84.0970298008388,,,,,,,0.73,,,,73.87,
ALGOQUANT,2026-09-26,,,2032.0,44.7,,3.5038151969801046,7.845559845559846,15.1255230125523,,28.4,16.363636363636363,32.0,,27.0,17.374517374517374,12.757522154286672,,,,18.41091086791613,0.2537313432835821,,,,0.0,,,,73.68,
ALICON,2026-09-26,,,1198.0,32.3,,,0.6204039357845675,1.896103896103896,,7.03,2.565880721220527,10.6,,10.0,1.9161056447436562,-16.268871950815445,,8.297447670849767,,7.393678804992954,0.5636942675159236,,,,0.68,,,,53.79,
ALIVUS,2026-09-26,Healthcare,,16766.0,47.7,,,8.894429708222813,,,,,,,31.0,18.6737400530504,,,,,,,,,,0.37,,,,74.87,
ALKEM,2026-09-26,Healthcare,,63059.0,27.7,,4.390225547598575,4.181354021616603,4.562283737024221,,18.9,10.566689040176431,21.2,,20.0,14.614415489689012,6.309470823236341,,5.567139852477987,,5.984094845060772,0.14811866859623735,,,,1.0,,,,49.7,
ALKYLAMINE,2026-09-26,Chemicals,,9451.0,49.8,,0.8706003674011474,9.517623363544814,17.6,,41.4,25.67049808429119,41.3,,26.0,20.241691842900302,57.201905563926324,,34.85429133690059,,25.613748041727824,0.1623134328358209,,,,0.54,,,,72.04,
ALLCARGO,2026-09-26,,,1598.0,34.7,,,0.7562707051585423,2.793733681462141,,0.88,2.5921658986175116,4.83,,12.0,2.1296734500709893,-40.51116507409971,,-49.158329100105625,,-45.38260250620518,1.2073170731707317,,,,10.3,,,,40.28,
ALLDIGI,2026-09-26,,,1184.0,12.8,,1.265243686157646,1.9570247933884297,4.709090909090909,,31.5,16.377649325626205,27.9,,28.0,14.049586776859504,10.11662823536521,,19.112010894090204,,8.858123579321852,0.6812749003984063,,,,7.72,,,,73.39,
ALLTIME,2026-09-26,,,1317.0,35.1,,,2.1449511400651464,2.1474358974358974,,8.96,4.464285714285714,11.6,,14.0,5.700325732899023,,,,,,0.1402936378466558,,,,0.0,,,,70.15,
ALMONDZ,2026-09-26,,,374.0,11.0,,,1.8514851485148516,1.3806451612903226,,11.2,8.87728459530026,11.7,,14.0,16.831683168316832,-2.4164106531673113,,10.607315771126057,,19.965168744909832,0.1821561338289963,,,,0.0,,,,55.01,
ALOKINDS,2026-09-26,Textiles,,3724.0,,,,0.9864900662251656,-0.1728110599078341,,,-10.980694980694981,-3.95,,1.7,-18.834437086092713,,,,,-11.843341750586688,-1.2127096204766108,,,,0.0,,,,75.0,
ALPA,2026-09-26,,,124.0,30.6,,,1.117117117117117,0.6677966101694915,,8.39,1.6528925619834711,9.42,,-1.0,3.6036036036036037,-37.588261592255904,,-21.954945999601726,,0.6079176673898345,0.016129032258064516,,,,0.0,,,,57.19,
ALPINETEX,2026-09-26,,,188.0,8.74,,,0.5481049562682215,,,34.6,7.213114754098362,17.9,,14.0,6.41399416909621,,,,,,2.452054794520548,,,,0.0,,,,68.56,
ALUFLUOR,2026-09-26,,,442.0,17.8,,1.488191320158672,2.3020833333333335,3.5093167701863353,,22.0,12.886597938144329,24.2,,22.0,13.020833333333334,11.960827723482591,,47.75491795347983,,5.181435773171805,0.35714285714285715,,,,0.71,,,,59.93,
AMAGI,2026-09-26,,,12672.0,125.0,,,7.861042183622828,7.0935960591133,,10.3,4.3348916277093075,8.02,,5.0,6.327543424317618,,,,,22.402997739637254,0.017643710870802503,,,,0.0,,,,14.92,
AMAL,2026-09-26,,,834.0,28.1,,0.17651422277040024,2.885813148788927,6.9199178644763855,,20.4,19.480519480519483,26.0,,14.0,10.380622837370241,159.19397065555958,,92.88668633897579,,49.78435852958478,0.0,,,,0.22,,,,71.35,
AMARJOTHI,2026-09-26,,,101.0,7.85,,0.48070886073004127,0.4122448979591837,0.5067567567567568,,4.84,4.207119741100324,9.14,,12.0,5.3061224489795915,16.330050559247834,,-9.965339708410347,,6.644444972121821,0.28,,,,1.47,,,,60.08,
AMBER,2026-09-26,Consumer Durables,,24546.0,119.0,,,1.9442376237623762,5.603864734299517,,5.99,0.9012282869394579,10.3,,7.0,0.9821782178217822,-11.584247320567165,,-3.4017265557245713,,23.33706784135483,0.6180237877401646,,,,0.0,,,,38.09,
AMBICAAGAR,2026-09-26,,,43.3,34.1,,,0.44152136229224026,1.2,,3.52,1.1375850949480473,,,12.95,1.2949933720811666,,,,,,1.6861657887441086,,,,0.0,,,,46.08,
AMBIKCO,2026-09-26,,,885.0,10.9,,1.2236146447764185,1.0448642266824084,0.9274145170965807,,7.7,7.336956521739131,11.6,,15.0,9.563164108618654,8.908033298336072,,-14.678236184460102,,0.9627547500461242,0.0,,,,2.39,,,,50.35,
AMBUJACEM,2026-09-26,Construction Materials,,95367.0,20.3,,6.506065497675393,2.392128828354278,1.6,,8.85,5.8298166878781785,5.61,,15.0,13.098552687686556,3.120165329914548,,4.955369397547593,,6.332578346820439,0.014592144506040744,,,,0.52,,,,67.33,
AMDIND,2026-09-26,,,113.0,115.0,,,0.40070921985815605,0.7368421052631579,,-4.28,-1.21580547112462,0.41,,5.0,-1.4184397163120568,,,,,21.557889712741975,0.5098039215686274,,,,0.0,,,,66.73,
AMJLAND,2026-09-26,,,155.0,10.6,,1.1134414286474144,2.9245283018867925,0.7236084452975048,,3.42,6.0,7.56,,26.0,28.30188679245283,9.520033768526703,,10.509407228267609,,-1.818586365006336,0.0,,,,0.53,,,,65.94,
AMNPLST,2026-09-26,,,898.0,23.3,,,1.5456110154905336,3.0696798493408664,,13.2,9.24170616113744,16.7,,11.0,6.712564543889846,-1.0703474215082553,,10.06409265095336,,-3.5229644189194165,0.09246575342465753,,,,0.31,,,,73.17,
AMRUTANJAN,2026-09-26,,,1464.0,71.8,,2.6937509426482906,8.271186440677965,13.602150537634408,,20.0,15.0,31.4,,18.0,11.864406779661017,26.654283016013245,,-25.04604207815119,,10.5521832155272,0.01834862385321101,,,,0.97,,,,46.52,
ANANDRATHI,2026-09-26,Financial Services,,35314.0,76.0,,2.7403739297593575,29.502088554720135,35.3910149750416,,47.3,35.13920240782543,59.2,,39.0,39.01420217209691,27.733441474782182,,29.80753512350871,,16.75946686005998,0.08308308308308308,,,,0.31,,,,41.37,
ANANTRAJ,2026-09-26,Realty,,22219.0,38.4,,1.3386224150187358,8.709917679341435,3.8322981366459627,,11.2,8.443732712185179,12.1,,27.0,22.736181889455114,28.686207230036963,,54.284223615826185,,19.8182859472527,0.11763689756434617,,,,0.16,,,,57.43,
ANDHRAPAP,2026-09-26,,,1472.0,53.3,,,0.8648648648648649,0.7589743589743589,,-1.66,1.103230890464933,0.04,,4.8,1.645123384253819,-56.664649721959535,,-27.687746635953214,,-1.866953628989898,0.11958762886597939,,,,0.68,,,,72.45,
ANDHRSUGAR,2026-09-26,,,1293.0,11.0,,0.9178779879973312,0.5186522262334536,0.775609756097561,,6.14,5.0137994480220796,8.44,,9.0,4.3722422783794626,11.984163629416923,,-15.321918697906934,,9.592483312545586,0.0005984440454817474,,,,1.05,,,,50.49,
ANDREWYU,2026-09-26,,,1320.0,,,,4.429530201342282,4.060150375939849,,-24.0,-5.607476635514018,-16.2,,-27.0,-14.093959731543624,,,,,-1.307339464685553,0.37116564417177916,,,,0.0,,,,89.25,
ANGELONE,2026-09-26,Financial Services,,26324.0,25.5,,,4.851455952819757,4.285714285714286,,15.6,4.317269076305221,14.8,,37.0,19.01953556948028,-5.4119907002720735,,8.50464783413971,,8.296939070911492,1.2996077149395227,,,,1.41,,,,28.59,
ANIKINDS,2026-09-26,,,120.0,,,,1.0909090909090908,0.31151079136690646,,-0.24,-0.20920502092050208,0.3,,-1.2,-0.9090909090909091,,,,,2.8861944351566082,0.08031088082901554,,,,0.0,,,,37.14,
ANMOL,2026-09-26,,,75.4,6.55,,,0.058179012345679015,0.631578947368421,,9.99,3.488372093023256,8.8,,1.4,0.9259259259259258,-18.047582664945438,,-5.846223442711096,,-4.777092827321461,1.6554621848739495,,,,0.0,,,,50.21,
ANNAPURNA,2026-09-26,,,288.0,8.51,,0.17995100206193812,0.5549132947976878,0.8741721854304636,,9.71,4.92845786963434,12.4,,14.0,5.973025048169557,47.29065080210504,,,,48.02979069165576,0.7575757575757576,,,,0.0,,,,40.17,
ANSALBU,2026-09-26,,,69.9,15.3,,,1.4559466777754637,0.5380681818181818,,0.62,0.829004289825692,4.4,,14.91,9.539679233493024,-31.921541792464236,,-16.60431804635264,,5.086935704393514,0.37948283823303064,,,,1.06,,,,54.83,
ANTELOPUS,2026-09-26,,,4452.0,31.8,,1.5462643351015193,12.401114206128133,6.78494623655914,,15.0,16.14077669902913,19.9,,62.0,37.04735376044568,20.565694544013514,,42.03675930837021,,29.318935249211343,0.0061068702290076335,,,,0.0,,,,69.94,
ANTGRAPHIC,2026-09-26,,,11.0,10.1,,,0.11187957689178195,0.6396396396396395,,7.71,1.9930517462058879,6.51,,1.27,1.1086248982912938,,,,,389.1636699209033,0.5353828306264502,,,,0.0,,,,0.96,
ANTHEM,2026-09-26,Healthcare,,49213.0,83.0,,5.193726817964536,24.581918081918083,16.125461254612546,,22.3,16.79790026246719,30.4,,40.0,28.771228771228774,15.98081741860431,,-53.31262471376908,,12.157217375596119,0.01775147928994083,,,,0.23,,,,71.42,
ANUHPHR,2026-09-26,,,906.0,20.5,,,1.1630295250320923,2.5754985754985755,,10.7,7.899461400359066,14.9,,9.0,5.648267008985879,-9.703568163292742,,7.6533998501311595,,6.384345406494485,0.0,,,,1.66,,,,71.79,
ANUP,2026-09-26,Capital Goods,,3359.0,39.1,,2.2177423257448865,4.351036269430052,4.860869565217391,,17.1,8.753861997940268,21.0,,19.0,11.010362694300518,17.63054235205943,,9.241718097700957,,23.383899780517915,0.15918958031837915,,,,0.72,,,,40.92,
ANURAS,2026-09-26,Chemicals,,13575.0,77.7,,8.229231059648136,5.355029585798817,4.110344827586207,,5.55,2.8079371022089106,7.38,,22.0,8.875739644970414,9.441951433469931,,0.22298227784844915,,19.783035451583775,0.5654149000605694,,,,0.13,,,,59.07,
APARINDS,2026-09-26,Capital Goods,,74432.0,61.8,,4.861796079419703,3.051867645249908,13.236038719285183,,20.3,8.620815403690466,31.8,,9.0,4.846447168805609,12.711351728963582,,34.391980194763065,,14.722059145197619,0.1772668273688114,,,,0.34,,,,55.42,
APCL,2026-09-26,,,281.0,,,,0.6938271604938272,0.7579365079365079,,-10.1,-3.606557377049181,0.04,,6.0,-8.148148148148149,,,,,-13.41882450517604,0.7506775067750677,,,,0.0,,,,75.0,
APCOTEXIND,2026-09-26,,,3108.0,82.8,,,8.609418282548477,15.680628272251308,,24.4,13.148788927335639,19.8,,10.0,10.526315789473683,,,,,,0.16243654822335024,,,,1.33,,,,58.23,
APEX,2026-09-26,,,1086.0,21.9,,0.4199113005225889,1.1715210355987056,2.059171597633136,,7.6,8.600337268128163,10.4,,7.0,5.501618122977346,52.15387147891701,,4.595766629559961,,4.8595271844599,0.011363636363636364,,,,0.72,,,,72.62,
APLAPOLLO,2026-09-26,Capital Goods,,61493.0,50.0,,2.656728988512514,2.666074138304791,11.596858638743456,,25.4,13.91373259368278,31.8,,8.0,5.328419683503143,18.82013566916161,,12.35103591659199,,8.377653710613497,0.0940154804606381,,,,0.38,,,,28.25,
APLLTD,2026-09-26,Healthcare,,16978.0,22.8,,5.661014984419596,2.181140801644399,2.98961937716263,,13.4,7.874015748031496,12.6,,15.0,8.864337101747173,4.0275463079943785,,5.884384674797216,,7.711357351587633,0.25198237885462554,,,,1.39,,,,69.87,
APOLLO,2026-09-26,Capital Goods,,14700.0,121.0,,2.6331614656416704,14.383561643835616,10.760869565217392,,11.8,4.854368932038835,14.5,,23.0,11.252446183953033,45.95236622548467,,37.33638550572991,,40.05630096026043,0.4135567402894136,,,,0.06,,,,49.98,
APOLLOHOSP,2026-09-26,Healthcare,,127810.0,60.8,,1.8719539209244305,4.835792659856224,13.488619119878605,,21.2,9.791281612045259,17.4,,15.0,8.217934165720772,32.47943195630319,,14.631031871582723,,11.514759225554606,0.8958860759493671,,,,0.22,,,,28.02,
APOLLOPIPE,2026-09-26,,,2253.0,,,,2.002666666666667,2.747311827956989,,-0.88,-1.1764705882352942,1.23,,4.3,-1.3333333333333335,,,,,4.458821842167859,0.1514041514041514,,,,0.14,,,,51.72,
APOLLOTYRE,2026-09-26,Automobile and Auto Components,,25410.0,11.9,,,0.8669987716664392,1.520912547528517,,13.1,5.882758145622374,13.9,,14.0,5.827760338474137,-0.2712379244131702,,21.730264116458198,,4.916291223684244,0.2198492462311558,,,,1.5,,,,36.93,
APOLSINHOT,2026-09-26,,,313.0,32.3,,,0.46577380952380953,1.990066225165563,,7.75,2.0779220779220777,10.9,,4.6,1.1904761904761905,-9.084723621872115,,-10.894583952041003,,8.993509920262998,0.5796178343949044,,,,0.25,,,,64.68,
APOORVA,2026-09-26,,,66.8,223.0,,,52.59842519685039,0.44952893674293404,,0.22,0.18427518427518427,0.23,,13.39,23.62204724409449,-47.388016151578974,,-46.30295381071103,,-29.983456750605132,0.0003367910548295837,,,,0.0,,,,52.66,
APTUS,2026-09-26,Financial Services,,12250.0,12.4,,0.7265084455335131,,2.4257425742574257,,20.1,7.549049662783569,15.4,,,,17.067936479243585,,21.43101284265736,,,,,,,1.84,,,,23.86,
AQYLON,2026-09-26,,,471.0,,,,94.2,-42.27272727272727,,391.0,-43.63636363636363,39.2,,-9.0,-480.0,,,,,,-0.0,,,,0.0,,,,45.6,
ARCHIDPLY,2026-09-26,,,211.0,15.3,,0.6804908967059897,0.29634831460674155,1.882770870337478,,8.23,3.359173126614987,10.2,,7.0,1.8258426966292134,22.483768811694272,,9.018160072656233,,18.122351025012563,1.625,,,,0.0,,,,69.89,
ARCHIES,2026-09-26,,,41.6,5.06,,,0.35555555555555557,0.5125000000000001,,11.0,6.106870229007633,15.9,,13.0,6.837606837606838,,,,,,0.23170731707317074,,,,0.0,,,,61.03,
ARCL,2026-09-26,,,196.0,20.5,,,0.7205882352941176,2.3883495145631066,,6.93,4.545454545454546,17.0,,12.0,3.6764705882352944,-2.967250449257841,,-0.39829697567412836,,12.506732624458916,0.8658536585365854,,,,0.0,,,,69.22,
ARDEE,2026-09-26,,,1628.0,18.9,,,1.393835616438356,,,80.9,23.415977961432507,49.1,,13.0,7.277397260273973,-76.8922531210453,,,,41.53001159440593,1.251700680272109,,,,0.0,,,,67.62,
ARE&M,2026-09-26,Automobile and Auto Components,,14495.0,19.8,,,0.990975593081288,1.7918552036199096,,7.18,8.074262194587968,12.2,,11.0,6.3034114992821495,-0.4459953023373209,,10.912677891336276,,7.702102775164232,0.05012964563526361,,,,1.34,,,,32.86,
ARENTERP,2026-09-26,,,10.8,,,,18.947368421052634,0.527355623100304,,-0.85,-0.2912621359223301,0.19,,-50.88,-10.526315789473685,,,,,-28.81214242073825,-0.0,,,,0.0,,,,63.66,
ARFIN,2026-09-26,,,1524.0,82.7,,2.9557154533291503,2.110803324099723,8.94059405940594,,9.43,4.8517520215633425,14.8,,7.0,2.4930747922437675,27.9796892853307,,,,10.508191561341707,0.7588235294117647,,,,0.13,,,,69.77,
ARIES,2026-09-26,,,616.0,12.9,,0.36906217143533776,0.7907573812580231,1.8404669260700388,,12.7,7.355242566510173,20.5,,12.0,6.033376123234917,34.953460415165225,,29.148794085791142,,14.717388535977861,0.16766467065868262,,,,0.32,,,,52.66,
ARIHANT,2026-09-26,,,972.0,14.2,,0.2294787145597015,2.059322033898305,2.3994638069705094,,17.1,6.679764243614931,16.4,,21.0,14.40677966101695,61.879377471873134,,,,56.13733814111828,1.2884097035040432,,,,0.0,,,,37.29,
ARIHANTCAP,2026-09-26,,,1023.0,25.6,,,4.390557939914163,2.3208955223880596,,7.67,3.646308113035551,11.5,,35.0,17.167381974248926,-18.020225185982607,,-5.076729284644566,,-0.284496558625591,0.5419501133786848,,,,0.54,,,,67.68,
ARIHANTSUP,2026-09-26,,,1050.0,26.3,,,1.8716577540106951,2.892857142857143,,13.7,2.2598870056497176,10.6,,21.0,7.130124777183601,-18.159493243572623,,-1.6896048647483952,,3.636031642816695,2.4077134986225897,,,,0.1,,,,71.1,
ARIS,2026-09-26,,,1147.0,17.4,,,1.0008726003490402,1.5486725663716814,,11.2,7.204610951008646,15.6,,10.0,6.544502617801047,,,,,18.027700646741884,0.09472259810554803,,,,0.0,,,,37.57,
ARKADE,2026-09-26,,,2330.0,13.1,,,2.898009950248756,2.6315789473684212,,20.3,-0.354924578527063,18.9,,23.0,-0.4975124378109453,,,,,8.18343689427481,0.11224489795918367,,,,0.8,,,,71.19,
ARMANFIN,2026-09-26,,,1989.0,17.1,,,,2.123873873873874,,6.26,4.145818441744103,11.8,,,,-12.58311116459414,,24.26472434219351,,,,,,,0.0,,,,22.0,
AROGRANITE,2026-09-26,,,36.9,,,,0.5507462686567164,0.21140350877192984,,-7.46,-4.822335025380711,0.57,,-10.0,-28.35820895522388,,,,,-24.22638146391167,0.8735632183908046,,,,0.0,,,,41.08,
ARSSBL,2026-09-26,,,3134.0,21.6,,3.6830715245242507,3.207778915046059,2.311627906976744,,14.0,1.8312438371601636,19.7,,41.0,13.30603889457523,5.8646702504074,,,,12.729279093739976,0.6231454005934718,,,,1.01,,,,69.62,
ARTEMISMED,2026-09-26,,,5663.0,48.8,,1.7942054346757086,5.083482944344704,6.067796610169491,,12.0,7.977606717984605,14.6,,18.0,10.23339317773788,27.19866914728206,,25.426414127848652,,8.217817734050858,0.2802139037433155,,,,0.13,,,,58.39,
ARTNIRMAN,2026-09-26,,,99.8,256.0,,,2.949172576832151,2.684563758389262,,1.4,0.27393411533328654,5.85,,14.48,1.152482269503546,-30.17557388931018,,,,-0.43937297812937093,1.9591836734693875,,,,0.0,,,,73.75,
ARVEE,2026-09-26,,,235.0,58.0,,1.0191733400622667,5.6955889481337865,6.938110749185668,,7.32,9.442760550244813,7.53,,12.94,9.815802229762483,56.90886694157098,,9.512080227716124,,10.77884753532594,0.0328499556081681,,,,0.0,,,,73.5,
ARVIND,2026-09-26,Textiles,,14936.0,34.0,,4.82024744740101,1.5243927332108593,3.564935064935065,,10.8,4.880817253121453,14.7,,11.0,4.38865074505001,7.0535797946083,,11.554523853600385,,8.185627870928979,0.410484668644906,,,,0.82,,,,38.09,
ARVINDFASN,2026-09-26,Consumer Services,,5578.0,42.6,,3.069008963153733,1.0259334191649807,5.906515580736545,,14.1,4.411764705882353,19.6,,13.0,3.421004230274048,13.880702373779963,,,,8.480221755430462,1.4167550371155886,,,,0.38,,,,35.1,
ARVSMART,2026-09-26,,,2820.0,15.3,,0.24042803194388987,3.6153846153846154,4.323943661971831,,14.2,5.2675585284280935,12.4,,37.0,24.23076923076923,63.63650642688226,,46.76807028953309,,31.75893462616124,0.8983050847457628,,,,0.37,,,,53.83,
ARYAMAN,2026-09-26,,,747.0,25.2,,1.4796006947032465,,4.656488549618321,,20.4,16.455696202531644,22.2,,,,17.031622173612316,,43.430082633862675,,,,,,,0.0,,,,63.92,
ASAHIINDIA,2026-09-26,Automobile and Auto Components,,24472.0,54.8,,6.545167849042992,4.728888888888889,6.233766233766234,,10.3,5.648481729284612,11.5,,20.0,8.483091787439614,8.372588948656624,,3.900781190047331,,6.032790109603736,0.559003051881994,,,,0.21,,,,51.58,
ASAL,2026-09-26,,,695.0,22.5,,1.6118900169406833,0.7157569515962925,19.210526315789473,,128.0,8.955223880597014,25.3,,6.0,3.089598352214212,13.958768751917884,,-10.617197023503577,,3.334542076906377,3.4444444444444446,,,,0.0,,,,75.0,
ASALCBR,2026-09-26,,,1295.0,15.7,,0.18737292810361958,1.2524177949709865,1.8641618497109826,,14.6,9.69626168224299,18.0,,13.0,8.027079303675048,83.79011930324162,,87.43899749094284,,51.39147659743233,0.09928057553956834,,,,0.31,,,,62.35,
ASHAPURMIN,2026-09-26,Metals & Mining,,4838.0,11.8,,1.0997446115196143,0.8799563477628228,2.9248554913294798,,28.0,8.748403575989784,20.7,,10.0,7.47544561658785,10.729763870990826,,35.10869547742998,,27.477813445668907,0.8756822316555488,,,,0.39,,,,48.04,
ASHIANA,2026-09-26,,,3917.0,33.1,,2.6805523627938825,4.088726513569937,4.487917146144994,,13.8,2.754435107376284,14.0,,13.0,12.31732776617954,12.348201236218559,,,,0.4919263986012279,0.3760186263096624,,,,0.64,,,,61.11,
ASHIMASYN,2026-09-26,,,306.0,,,,15.3,1.1111111111111112,,-7.39,-2.872531418312388,0.43,,-18.0,-80.0,,,,,-39.42931357226202,0.592057761732852,,,,0.0,,,,73.49,
ASHOKA,2026-09-26,Construction,,3176.0,4.69,,0.06724830629067441,0.4453168816601234,0.4829059829059829,,0.73,19.21763427506985,26.4,,22.0,34.71676948962423,69.7415334109371,,25.87819298187959,,-10.045139763483569,0.2444140446876425,,,,0.0,,,,54.47,
ASHOKAMET,2026-09-26,,,39.2,3.04,,0.07788392618465076,1.5076923076923079,0.32172131147540983,,8.4,6.25,8.89,,20.0,50.0,39.03244416303089,,34.09745885247302,,-26.693389818720448,0.47540983606557374,,,,0.0,,,,53.64,
ASHOKLEY,2026-09-26,Capital Goods,,93441.0,25.1,,2.1170181002037687,1.6187828075463853,6.570247933884298,,27.4,3.7049173816333014,13.6,,19.0,6.463628016561855,11.856299196300712,,,,8.093951987741633,4.489572361491469,,,,2.2,,,,51.51,
ASIANENE,2026-09-26,,,2374.0,36.8,,1.3836211253176858,2.5068637803590286,4.4363636363636365,,12.8,6.427015250544662,16.3,,11.0,6.2302006335797255,26.596876360608146,,4.370324604962605,,45.88704017925189,0.32186234817813764,,,,0.26,,,,56.14,
ASIANHOTNR,2026-09-26,,,1681.0,125.0,,,4.929618768328446,1.8240740740740742,,0.57,-6.028368794326241,3.52,,13.0,-29.91202346041056,,,,,67.16441761576561,0.36264929424538545,,,,0.0,,,,0.0,
ASIANPAINT,2026-09-26,Consumer Durables,,234428.0,48.1,,,6.304030978567779,10.959641255605382,,21.8,14.012572786001911,26.3,,19.0,13.007233710705354,-4.433525431563057,,9.477883375509077,,1.564356469036876,0.18383866741530974,,,,1.13,,,,52.63,
ASIANTILES,2026-09-26,,,1503.0,115.0,,,0.7755417956656346,0.9863813229571985,,1.27,0.4449838187702265,2.85,,4.8,0.5675954592363261,,,-36.15736244364821,,8.198385552319753,0.28843626806833117,,,,0.0,,,,38.79,
ASIANTNE,2026-09-26,,,23.1,70.0,,1.7095697590111454,0.35261792092810257,0.327208480565371,,-0.33,0.3573362208987548,1.22,,0.64,0.5037398870401466,40.94597464129783,,-37.2587584112108,,16.08255955267106,0.19154370034052212,,,,0.0,,,,59.42,
ASKAUTOLTD,2026-09-26,Automobile and Auto Components,,12719.0,40.2,,1.8162920031820846,2.739392634072798,9.699248120300751,,25.1,12.35823230348064,25.4,,12.0,6.805944432479001,22.13300500666793,,31.318720630098063,,15.735684791611515,0.5179252479023646,,,,0.29,,,,74.95,
ASPINWALL,2026-09-26,,,198.0,16.7,,1.2120588581648764,0.45,0.9883268482490273,,3.83,4.804804804804805,6.5,,4.7,3.6363636363636362,13.778208778808576,,0.5970271520653325,,14.126628720201229,0.39303482587064675,,,,2.56,,,,64.46,
ASSAMENT,2026-09-26,,,112.0,59.4,,4.891757947297787,,1.6702355460385439,,2.97,2.606537029375258,4.7,,,,12.142873919755704,,-3.339057223634523,,,,,,,0.0,,,,54.42,
ASTAR,2026-09-26,,,1118.0,33.8,,,0.398716119828816,0.6747104247104247,,2.43,1.334411645774363,3.6,,2.0,1.1768901569186876,-24.579221788291463,,-18.794600684861084,,-7.32659459350592,0.2973462002412545,,,,0.21,,,,74.66,
ASTEC,2026-09-26,,,1647.0,,,,3.7346938775510203,4.222857142857142,,-25.2,-7.112526539278131,-5.44,,1.3,-15.192743764172336,,,,,-1.2528953749250782,1.1512820512820512,,,,0.0,,,,71.97,
ASTERDM,2026-09-26,Healthcare,,66195.0,183.0,,5.477230763261824,13.575676784249385,9.35881627620222,,11.3,4.49479940564636,11.6,,19.0,7.444626743232158,33.41104435976312,,-10.19730938875516,,9.64608308472583,0.617472030468936,,,,0.4,,,,53.72,
ASTRAL,2026-09-26,Capital Goods,,37584.0,63.4,,35.77899453880436,5.53927781871776,9.264900662251655,,13.8,9.949904992226637,19.2,,16.0,8.489314664701547,1.7719894261209346,,3.481063880202262,,6.348471107597864,0.06160670280926565,,,,0.29,,,,54.22,
ASTRAMICRO,2026-09-26,Capital Goods,,15404.0,81.5,,5.088451649900631,13.512280701754387,11.753623188405797,,16.0,9.507042253521126,20.3,,29.0,16.57894736842105,16.016659999430583,,35.43096238451056,,7.840110129260225,0.21901140684410647,,,,0.15,,,,6.54,
ASTRAZEN,2026-09-26,,,16262.0,93.7,,56.80081064254445,6.686677631578948,18.638968481375358,,23.3,8.547008547008547,29.3,,9.0,6.990131578947369,1.649624344090217,,22.456496403562532,,23.34442450914549,0.12714776632302405,,,,0.55,,,,75.0,
ATALREAL,2026-09-26,,,168.0,24.5,,,1.4,1.744186046511628,,7.96,5.88235294117647,10.7,,10.0,5.833333333333333,,,,,,0.14583333333333334,,,,0.0,,,,30.15,
ATAM,2026-09-26,,,65.4,36.0,,,1.3852997246346115,1.719879518072289,,6.49,3.131991051454139,8.53,,8.3,3.8551154416437194,-32.14844882290454,,-0.7380880858188332,,-3.3615934973378447,0.3925380977404098,,,,0.61,,,,52.29,
ATGL,2026-09-26,Oil Gas & Consumable Fuels,,67270.0,106.0,,,10.730579039719254,13.846153846153845,,14.4,6.618494083150068,15.3,,19.0,10.081352687829,-1.7890939040394405,,4.42809864347109,,11.892697367368221,0.4635149023638232,,,,0.04,,,,74.8,
ATHERENERG,2026-09-26,Automobile and Auto Components,,59372.0,,,,16.16884531590414,,,,,,,-11.0,-14.079520697167755,,,,,,,,,,0.0,,,,39.58,
ATL,2026-09-26,,,747.0,17.7,,,0.8808962264150944,2.115702479338843,,12.8,3.2931726907630523,11.2,,21.0,4.834905660377359,-3.0856883757134357,,,,4.977757805013039,2.184659090909091,,,,0.0,,,,67.17,
ATLANTAA,2026-09-26,,,291.0,,,,3.744209984559959,1.367816091954023,,-0.81,-0.89415091005478,1.95,,41.3,-6.510550694801852,,,,,-16.347752788764957,1.4941198607583026,,,,0.0,,,,74.67,
ATLANTAELE,2026-09-26,Capital Goods,,12503.0,57.3,,,6.242136794807788,13.438016528925619,,31.7,14.380384360503646,45.3,,19.0,10.833749375936096,-13.940927969349426,,18.466445254224407,,32.14591468196881,0.05489773950484392,,,,0.0,,,,87.28,
ATLASCYCLE,2026-09-26,,,61.3,,,,9.638364779874212,0.16230636833046472,,-28.0,0.1368584758942457,-26.6,,-731.76,10.377358490566039,,,,,-28.363063685116153,0.02380763431473693,,,,0.0,,,,41.92,
ATUL,2026-09-26,Chemicals,,17873.0,22.5,,0.6420858823923722,2.6905012795423753,2.8726928537624232,,11.5,10.304955527318933,14.9,,18.0,12.20833960559988,35.04204128607593,,5.756417826395688,,12.018609748481213,0.029416492525317472,,,,0.49,,,,45.33,
ATULAUTO,2026-09-26,,,1244.0,25.8,,0.349425959774371,1.397752808988764,2.574712643678161,,9.3,6.422018348623854,11.3,,10.0,5.50561797752809,73.83538423035141,,,,19.085750262217793,0.29958677685950413,,,,0.67,,,,42.7,
AUBANK,2026-09-26,Financial Services,,76409.0,224.0,,46.906361987942745,,,,22.3,7.766000815328169,12.4,,,,4.775471609961546,,,,,,,,,0.1,,,,22.74,
AUGMONT,2026-09-26,,,8022.0,24.8,,,0.08517189391204638,,,50.9,27.684964200477324,68.5,,0.4,0.3694816639415624,-23.433143881397868,,-1.205462008924718,,45.60193547097961,0.019845644983461964,,,,0.0,,,,81.91,
AURIONPRO,2026-09-26,Information Technology,,3701.0,17.7,,1.703403337186511,2.5844972067039107,2.1337579617834397,,13.4,8.822269807280513,16.3,,19.0,14.385474860335195,10.390962383128155,,18.943012447454223,,17.311287000304265,0.035097813578826235,,,,0.6,,,,26.86,
AUROPHARMA,2026-09-26,Healthcare,,98505.0,26.0,,4.499462978692803,2.819665092314298,2.625766871165644,,10.1,6.376726922812565,12.9,,20.0,10.622584800343494,5.778467368911122,,7.233471894632482,,6.400646421698797,0.2130585099363965,,,,0.23,,,,51.88,
AURUM,2026-09-26,,,1604.0,1707.0,,,3.7215777262180976,3.153409090909091,,-3.76,5.9071729957805905,1.33,,25.0,12.993039443155451,,,,,26.285793942523927,0.44466403162055335,,,,0.0,,,,47.89,
AURUS,2026-09-26,,,13.7,,,,0.8058823529411764,0.8318425760286227,,-63.0,-22.727272727272727,-45.1,,-90.0,-88.23529411764706,,,,,6.685884434218181,0.8125,,,,0.0,,,,36.37,
AUSOMENT,2026-09-26,,,195.0,7.86,,0.1994098809026637,0.04433833560709413,1.2118644067796611,,12.6,12.626262626262626,16.2,,0.6,0.5684402000909504,39.41630156148901,,35.81969309989663,,65.62527888959939,0.05555555555555555,,,,0.7,,,,73.7,
AUSTENG,2026-09-26,,,56.3,13.2,,2.682457368235181,0.4652892561983471,0.7980295566502463,,7.06,3.6363636363636362,10.9,,5.0,3.3057851239669422,4.920861056846704,,20.549661077386048,,2.9170819165784234,0.014285714285714285,,,,0.0,,,,34.17,
AUTOAXLES,2026-09-26,,,2584.0,14.1,,8.832754352627793,1.1718820861678005,2.3521320495185694,,16.2,11.447368421052632,21.6,,11.0,7.891156462585033,1.596331046589694,,18.564640401133925,,-0.36020123016966554,0.012738853503184714,,,,1.87,,,,71.04,
AUTOIND,2026-09-26,,,371.0,15.2,,0.547496839867495,0.39552238805970147,1.882488479262673,,11.2,5.34045393858478,13.1,,9.0,4.264392324093817,27.76271732212865,,34.02928339930933,,12.773838635118073,1.649746192893401,,,,0.0,,,,32.6,
AVADHSUGAR,2026-09-26,,,1594.0,23.7,,,0.5783744557329463,1.416370106761566,,5.63,2.2916666666666665,6.83,,8.0,2.39477503628447,-19.860270238834264,,-11.924221138819924,,0.7613259657982097,1.251779359430605,,,,1.26,,,,60.39,
AVALON,2026-09-26,Capital Goods,,15574.0,117.0,,1.7347341201514268,8.828798185941043,21.555555555555557,,16.5,10.60965954077593,19.3,,11.0,7.596371882086168,67.44549417739414,,-65.26960330480439,,26.71455257433164,0.29542302357836336,,,,0.0,,,,44.39,
AVANCE,2026-09-26,,,161.0,11.4,,0.21995217601769765,0.8846153846153846,0.407035175879397,,3.42,2.157164869029276,2.68,,0.2,7.6923076923076925,51.829448593783134,,,,8.11923527860583,0.41624365482233505,,,,0.0,,,,0.68,
AVANTEL,2026-09-26,,,4145.0,241.0,,,17.199170124481327,12.283464566929135,,5.29,4.146341463414634,9.63,,23.0,7.053941908713693,-31.60096213293212,,-1.2051713658030372,,2.4683338911380304,0.10059171597633136,,,,0.13,,,,37.04,
AVANTIFEED,2026-09-26,Fast Moving Consumer Goods,,10261.0,19.1,,1.3511983405842825,1.613364779874214,3.12448132780083,,18.3,13.779342723004696,24.4,,10.0,9.229559748427672,14.135600545320992,,19.102800392279807,,5.808665572467286,0.003956177723676202,,,,1.33,,,,43.23,
AVL,2026-09-26,Consumer Services,,8000.0,57.1,,2.6649547844143937,2.735978112175103,11.632270168855536,,18.7,9.449354180829369,17.1,,9.0,4.753761969904241,21.426254709438663,,29.71462073857605,,18.82103391796153,0.8316400580551524,,,,0.2,,,,47.14,
AVONMORE,2026-09-26,,,376.0,24.4,,3.453704207726852,,0.9708029197080293,,3.62,5.507745266781412,5.87,,,,7.064878325541235,,-13.420682851633426,,,,,,,0.0,,,,58.46,
AVROIND,2026-09-26,,,92.4,21.8,,,0.9398840402807446,1.0237741456166418,,5.01,3.502684840974804,7.25,,2.21,4.312887803885667,,,,,,0.19740811082560608,,,,0.0,,,,53.64,
AVTNPL,2026-09-26,,,1410.0,16.8,,1.033189413786898,1.7153284671532847,2.523160762942779,,12.2,9.929078014184398,14.2,,14.0,10.218978102189782,16.260329205681458,,2.8458942108207985,,16.71511209706984,0.2039355992844365,,,,0.86,,,,75.0,
AWFIS,2026-09-26,Services,,1841.0,21.7,,,1.1622474747474747,3.3290155440414506,,14.0,2.9209621993127146,13.2,,37.0,5.366161616161616,,,,,23.106928445817367,2.7142857142857144,,,,0.0,,,,17.0,
AWHCL,2026-09-26,,,1074.0,18.4,,,1.006560449859419,1.4538461538461538,,10.9,4.034582132564841,11.2,,18.0,6.560449859418932,-12.150926635536718,,-3.0184723154407678,,7.205115520004846,0.6211096075778079,,,,0.13,,,,46.08,
AWL,2026-09-26,Fast Moving Consumer Goods,,23958.0,20.4,,0.20736194806859062,0.3082604220277921,2.2914072229140725,,10.7,4.68143596377749,18.3,,3.2,1.489963973237262,98.37870539898739,,7.5673095571195725,,14.908002442603486,0.10622605363984675,,,,0.54,,,,56.94,
AXISBANK,2026-09-26,Financial Services,,380603.0,13.7,,9.121927538696212,,1.7162921348314606,,13.1,1.4356773978058117,6.24,,,,1.5018755566609254,,14.218071169085956,,,,,,,0.08,,,,7.87,
AXISCADES,2026-09-26,Capital Goods,,8048.0,245.0,,81.13703371851335,8.616702355460385,11.064327485380117,,11.5,2.460697197539303,15.4,,13.0,3.854389721627409,3.019582905260898,,7.848398334225992,,-0.7384235654895321,0.5337001375515819,,,,0.0,,,,58.03,
AXITA,2026-09-26,,,304.0,,,,0.4648318042813456,4.847560975609756,,0.77,-1.2987012987012987,,,-0.8,-0.1529051987767584,,,,,,0.031746031746031744,,,,0.63,,,,41.91,
AXTEL,2026-09-26,,,721.0,23.1,,,3.148471615720524,5.77720207253886,,20.5,14.351851851851851,30.0,,18.0,13.537117903930133,-0.9645271115299447,,17.681087064730416,,0.888935508416755,0.0,,,,2.69,,,,49.95,
AYE,2026-09-26,,,4128.0,17.4,,,,1.6213592233009708,,9.24,3.0618808696770876,11.4,,,,-68.40563835773735,,,,,,,,,0.0,,,,,
AYMSYNTEX,2026-09-26,,,1728.0,92.1,,0.9229247662891702,1.2431654676258992,2.94,,1.12,1.7723880597014925,5.35,,8.0,1.3669064748201438,99.79144927523083,,,,0.77937873396412,0.31918505942275044,,,,0.0,,,,65.73,
AZAD,2026-09-26,Capital Goods,,17618.0,127.0,,4.305675074085015,27.614420062695924,11.51054852320675,,9.09,6.318181818181818,11.9,,38.0,21.786833855799372,29.495955411124086,,-35.62759657346414,,23.222145577329844,0.31000654022236757,,,,0.0,,,,55.84,
AZADIND,2026-09-26,,,474.0,154.0,,,6.431478968792401,3.536585365853658,,2.46,2.0364982808780745,3.2,,3.55,4.179104477611941,,,,,,0.004855456786434601,,,,0.0,,,,15.53,
BAGFILMS,2026-09-26,,,93.3,19.8,,4.1518526979555865,0.5942675159235669,0.5187878787878788,,2.27,1.4354066985645932,4.58,,12.0,3.821656050955414,4.768955317164725,,10.438362870438155,,5.951857199110333,0.6976744186046512,,,,0.0,,,,51.74,
BAIDFIN,2026-09-26,,,173.0,11.3,,2.0525647370648166,,0.7133333333333333,,7.27,2.782931354359926,10.9,,,,5.505307479928301,,11.35093610911233,,,,,,,0.94,,,,49.73,
BAJAJ-AUTO,2026-09-26,Automobile and Auto Components,,310006.0,26.3,,1.743932085548313,4.338175202910719,8.12167026637869,,29.2,15.020672439347843,28.2,,20.0,16.167086481947944,15.080862504878434,,14.579417119570891,,16.780137100013448,0.5849042027194067,,,,1.33,,,,55.01,
BAJAJCON,2026-09-26,,,6524.0,29.2,,1.800084673689731,5.2612903225806456,8.650519031141869,,24.7,23.597883597883598,30.0,,21.0,17.983870967741936,16.221459149556104,,8.23257853246222,,8.012875740444713,0.02119205298013245,,,,0.0,,,,42.97,
BAJAJELEC,2026-09-26,Consumer Durables,,3681.0,,,,0.8203699576554491,2.3115942028985508,,-0.72,-1.0093896713615023,2.89,,4.1,-0.9583240472476042,,,,,-1.1043401872239622,0.09974905897114178,,,,0.94,,,,62.7,
BAJAJFINSV,2026-09-26,Financial Services,,283725.0,27.6,,3.6866922007594436,1.7998058892934623,3.6365503080082138,,13.2,2.7207826023902597,10.6,,38.0,13.091054414432701,7.486385761825876,,17.24139518135224,,12.61369949248088,5.517730860553167,,,,0.08,,,,58.72,
BAJAJHCARE,2026-09-26,,,1158.0,20.6,,,1.8439490445859872,2.1772151898734178,,8.26,1.9501625135427951,11.5,,17.0,2.8662420382165608,,,-25.94997475070394,,9.908893164176359,0.46716697936210133,,,,0.44,,,,58.59,
BAJAJHFL,2026-09-26,Financial Services,,69275.0,25.6,,3.2915986469440375,,3.0777777777777775,,12.1,2.1172343822504662,8.85,,,,7.777375903276473,,17.37264837083996,,,,,,,0.0,,,,86.7,
BAJAJHIND,2026-09-26,,,4968.0,38.4,,,0.9317329332333083,4.94061757719715,,24.4,0.8039709172259508,3.11,,5.0,2.1567891972993247,,,,,-4.407195027332856,6.356,,,,0.0,,,,13.33,
BAJAJHLDNG,2026-09-26,Financial Services,,121751.0,13.8,,2.024899582934055,106.89288849868305,1.6643846036817282,,11.9,10.556775094791458,11.0,,85.0,789.5522388059701,6.815152769207433,,16.907302085242716,,-12.530886941803344,0.0001367053998632946,,,,1.33,,,,51.46,
BAJAJINDEF,2026-09-26,,,698.0,29.5,,,3.4554455445544554,2.586002372479241,,9.2,6.927710843373494,9.45,,9.0,11.386138613861387,,,,,,0.011111111111111112,,,,0.92,,,,69.61,
BAJAJST,2026-09-26,,,722.0,24.7,,,1.3445065176908753,1.7009803921568627,,9.11,4.148783977110158,11.7,,10.0,5.400372439478584,-20.873071140513154,,-4.326613586980255,,-0.8542211082710804,0.14858490566037735,,,,0.29,,,,56.62,
BAJEL,2026-09-26,,,2003.0,74.2,,1.0231033884866791,0.728098873137041,2.6780185758513935,,4.1,0.8668242710795903,11.0,,3.4,0.7997091966557615,72.52443969494887,,,,33.012368367048,0.49129852744310576,,,,0.35,,,,62.53,
BAJFINANCE,2026-09-26,Financial Services,,620665.0,30.3,,2.570195206086787,,5.448087431693989,,18.2,3.687458925050718,10.9,,,,11.788987827945107,,22.950513639759684,,,,,,,0.54,,,,54.68,
BALAJEE,2026-09-26,,,209.0,22.6,,,0.3578767123287671,0.6863270777479894,,3.68,1.5948963317384368,6.89,,6.0,1.7123287671232876,-36.339783539964664,,-58.260934841701314,,2.645448286472396,0.760655737704918,,,,0.0,,,,65.42,
BALAJITELE,2026-09-26,,,1144.0,,,,3.0264550264550265,1.8320312499999998,,-8.29,-2.453271028037383,-10.1,,-8.0,-5.555555555555555,,,,,-15.432415215221296,0.030448717948717948,,,,0.0,,,,31.3,
BALAMINES,2026-09-26,Chemicals,,7095.0,34.8,,,4.6585686145764935,3.5901639344262297,,8.74,7.6923076923076925,11.0,,21.0,13.854235062376889,-0.1108472800818383,,-11.136755862668624,,-2.25782908212121,0.0673076923076923,,,,0.5,,,,54.56,
BALAXI,2026-09-26,,,126.0,51.8,,,0.45,0.5055432372505543,,0.59,0.5934718100890208,3.47,,3.2,0.7142857142857143,,,-45.696987554902776,,5.126852766082202,0.23293172690763053,,,,0.0,,,,65.99,
BALKRISHNA,2026-09-26,,,51.6,,,,0.2606060606060606,0.6866952789699571,,-22.6,8.212560386473431,-5.94,,-1.7,8.585858585858585,,,,,,1.0933333333333333,,,,0.0,,,,59.95,
BALKRISIND,2026-09-26,Automobile and Auto Components,,42246.0,30.1,,,3.667824275047751,3.853615520282187,,9.66,7.913993020375999,11.2,,22.0,12.20698037853794,-1.5161264897624482,,-0.41829969981485027,,7.1259316103955195,0.3752281854691493,,,,0.73,,,,58.3,
BALMLAWRIE,2026-09-26,,,2807.0,10.1,,1.9445746085540363,1.0078994614003591,1.3553719008264462,,13.7,8.181546730367275,14.6,,13.0,9.838420107719928,5.193938024064937,,15.182063529306289,,6.156699586533287,0.10633156114064765,,,,5.18,,,,,
BALPHARMA,2026-09-26,,,171.0,23.8,,,0.5119760479041916,2.093023255813953,,7.87,1.8617021276595744,9.69,,10.0,2.095808383233533,-1.1528404788833768,,3.6404588294643547,,-0.4940792067956057,1.951219512195122,,,,1.11,,,,50.87,
BALRAMCHIN,2026-09-26,Fast Moving Consumer Goods,,14511.0,39.1,,,2.279453345900094,3.346341463414634,,9.51,4.413514156554841,9.27,,11.0,5.827835375431983,-11.631379029113075,,-4.297643385352035,,4.403419702324229,0.7660705654905752,,,,0.51,,,,42.86,
BALUFORGE,2026-09-26,Capital Goods,,6152.0,23.0,,0.6447778128106119,5.235744680851064,3.8702290076335877,,19.6,14.478660183684495,22.7,,27.0,22.80851063829787,35.67120261124075,,44.34939074370084,,28.021608610072768,0.09535759096612297,,,,0.03,,,,53.51,
BANARBEADS,2026-09-26,,,82.2,43.5,,,2.900494001411433,1.42692750287687,,3.12,2.346368715083799,5.71,,15.74,6.669019054340156,-11.805940562032047,,-8.383618938747905,,0.14154300561688427,0.3561144839549003,,,,1.82,,,,58.48,
BANARISUG,2026-09-26,,,4266.0,35.0,,,2.554491017964072,2.229357798165138,,7.26,5.656003708854891,8.75,,9.0,7.3053892215568865,-7.1905225783434386,,8.767212178218742,,-9.053114268210916,0.004702194357366771,,,,0.37,,,,58.69,
BANCOINDIA,2026-09-26,Automobile and Auto Components,,8580.0,17.8,,0.8041278073544504,2.0875912408759123,5.084745762711864,,30.2,16.18705035971223,30.9,,17.0,12.043795620437956,22.135784681494,,26.535841277186933,,14.084132764279378,0.36439169139465877,,,,3.83,,,,67.88,
BANDHANBNK,2026-09-26,Financial Services,,30241.0,22.4,,,,1.1823899371069182,,4.88,0.6408556109205964,6.41,,,,-15.332955759438605,,60.85587842416407,,,,,,,0.8,,,,37.54,
BANG,2026-09-26,,,43.9,6.88,,,0.18841201716738196,0.4702467343976777,,8.55,2.631578947368421,7.15,,3.6,2.1459227467811157,,,-1.3549024365101414,,20.24961859251473,0.43617021276595747,,,,0.0,,,,67.89,
BANKA,2026-09-26,,,80.3,126.0,,,1.4214905292972206,2.027624309392265,,1.74,0.3474980142970611,5.06,,11.74,0.6195786864931846,,,-35.923916387560105,,4.151898350753114,1.031605562579014,,,,0.0,,,,52.02,
BANKBARODA,2026-09-26,Financial Services,,121661.0,5.51,,,,0.7208588957055214,,12.7,0.8751906390005164,5.63,,,,-1.0770496651111627,,18.27181883948379,,,,,,,3.61,,,,63.97,
BANKINDIA,2026-09-26,Financial Services,,62800.0,5.33,,0.24779698311734388,,0.69,,12.4,0.9989504365268435,5.93,,,,21.509543550318313,,24.903144969022726,,,,,,,3.37,,,,73.38,
BANSALWIRE,2026-09-26,,,5032.0,34.8,,2.1417839460346166,1.1465026201868307,3.512035010940919,,12.1,5.641636869288836,13.8,,7.0,3.2353611300979725,16.248137476438785,,-32.10377578425273,,21.18740971209858,0.3881118881118881,,,,0.0,,,,75.0,
BANSWRAS,2026-09-26,,,372.0,8.86,,5.718312277731316,0.27232796486090777,0.6374269005847953,,6.53,2.908805031446541,8.98,,10.0,2.7086383601756956,1.5494082116682018,,-4.012486229578749,,2.620598168481192,0.811965811965812,,,,0.92,,,,54.19,
BASF,2026-09-26,,,15322.0,24.8,,5.499630195029003,0.9560117302052786,3.8730853391684903,,10.9,7.6220957799905165,14.5,,6.0,4.011979784114307,4.509394108428633,,44.521888079450875,,5.197230926419394,0.03361132170836492,,,,0.71,,,,73.33,
BATAINDIA,2026-09-26,Consumer Durables,,8095.0,46.6,,,2.2783563186039966,5.080645161290323,,10.6,3.8644785600847014,12.7,,20.0,4.1092034900084435,-17.73124804157985,,7.256986226164175,,0.7040475385888589,0.8695924764890283,,,,3.97,,,,50.16,
BATLIBOI,2026-09-26,,,395.0,26.6,,,0.7963709677419355,1.7096114519427401,,4.02,1.9148936170212765,6.77,,5.0,1.8145161290322582,-24.276017020192985,,,,6.123409218123199,0.3722943722943723,,,,0.72,,,,72.41,
BAYERCROP,2026-09-26,Chemicals,,16708.0,339.0,,,22.982118294360387,44.0,,15.8,6.017505470459518,20.1,,4.8,7.565337001375516,,,,,,0.33532934131736525,,,,4.03,,,,71.44,
BBL,2026-09-26,,,2445.0,21.9,,,1.0377758913412565,1.2050139275766016,,6.05,3.5989717223650386,8.37,,6.0,4.753820033955857,-5.248272870519532,,15.00263604561869,,7.9666966515582915,0.1483489403647117,,,,1.62,,,,33.65,
BBOX,2026-09-26,Information Technology,,14204.0,49.7,,2.9902741938944923,2.1346558461076044,11.03448275862069,,25.7,5.263157894736842,21.6,,9.0,3.3964532611962728,16.62054941365474,,24.005539167525836,,1.9361643998530909,0.8958818958818959,,,,0.13,,,,69.95,
BBTC,2026-09-26,Fast Moving Consumer Goods,,10014.0,8.08,,0.3043440611177346,0.502837057494351,1.4222001982160555,,18.7,17.776554760594387,33.0,,18.0,12.975144363545066,26.548899854741293,,82.67507868119219,,5.192609358035738,0.2257881283726214,,,,1.18,,,,74.04,
BBTCL,2026-09-26,,,470.0,14.1,,0.5561744036761317,0.7286821705426356,3.555900621118012,,17.0,7.289293849658314,13.7,,16.0,4.961240310077519,25.351759999747546,,6.367377767424021,,19.814528297901845,1.7669172932330828,,,,0.44,,,,73.76,
BCG,2026-09-26,,,1927.0,1.9,,0.1380984060180112,0.2667128027681661,0.18225190839694658,,9.99,8.451526781244786,14.9,,25.0,14.02076124567474,13.75830507234237,,2.120529145005512,,15.723580085998101,0.0,,,,0.0,,,,18.38,
BCLIND,2026-09-26,,,995.0,8.54,,1.4322377714523817,0.38521099496709255,1.0941558441558443,,13.4,7.766990291262135,13.9,,10.0,4.955478126209833,5.962697095566671,,2.3901067609227056,,6.655416230314715,0.6252747252747253,,,,1.04,,,,58.23,
BCONCEPTS,2026-09-26,,,185.0,103.0,,,0.5196629213483146,2.2322775263951735,,1.85,0.2762430939226519,7.26,,8.0,0.2808988764044944,-57.68163657907544,,6.446777983654006,,7.0739933331049,2.2195121951219514,,,,0.0,,,,52.11,
BCPL,2026-09-26,,,113.0,13.7,,0.9194441915446606,0.518348623853211,1.1632302405498283,,6.78,5.154639175257731,9.31,,9.0,4.587155963302752,14.900306213239634,,2.161824089553188,,35.30835281141815,0.7551020408163265,,,,1.48,,,,72.86,
BDL,2026-09-26,Capital Goods,,41788.0,80.2,,,15.107736804049168,9.827586206896552,,10.2,3.6367443808460145,13.9,,13.0,18.83586406362979,-5.258728423424685,,0.8221470122183661,,5.300161762349376,0.001178967224711153,,,,0.43,,,,74.93,
BEARDSELL,2026-09-26,,,96.5,8.94,,0.9599404939668609,0.3421985815602837,1.0515021459227467,,13.2,6.214689265536723,16.7,,8.0,3.900709219858156,9.313077275296845,,29.485243173431886,,4.799933720897065,0.2391304347826087,,,,0.41,,,,52.68,
BECTORFOOD,2026-09-26,Fast Moving Consumer Goods,,6618.0,44.5,,91.41427363692127,3.123171307220387,5.217391304347826,,11.4,8.837485172004746,14.1,,13.0,7.031618688060407,0.486794876003116,,20.062871592809106,,9.273531108470667,0.15027537372147914,,,,0.6,,,,49.04,
BEDMUTHA,2026-09-26,,,357.0,21.4,,,0.21024734982332155,2.3617021276595747,,4.38,2.3415977961432506,14.0,,3.9,1.0011778563015312,-7.299527288951335,,12.181052631978396,,27.877425890979545,1.368421052631579,,,,0.0,,,,57.09,
BEEKAY,2026-09-26,,,820.0,18.8,,,0.6471981057616417,0.7832422586520947,,1.4,2.779573367808662,4.18,,9.0,3.3938437253354383,-30.670635085942553,,-22.73022599583786,,8.207875806341969,0.3173996175908222,,,,0.23,,,,71.92,
BEL,2026-09-26,Capital Goods,,287676.0,46.8,,3.0169936714896237,10.01762022495386,12.01219512195122,,27.4,13.807352842095808,36.4,,29.0,21.408921544729605,15.512130649214374,,20.69272376856006,,12.31628344576572,0.0027096881774220445,,,,0.64,,,,51.14,
BELLACASA,2026-09-26,,,368.0,20.5,,0.9823438763273225,0.8251121076233184,2.2,,12.7,5.960264900662252,15.2,,7.0,4.0358744394618835,20.86845604071266,,10.007299321721064,,24.700733362988238,0.47305389221556887,,,,0.73,,,,58.34,
BELRISE,2026-09-26,Automobile and Auto Components,,23978.0,47.0,,8.264401842539334,2.448483610742367,4.2248722316865415,,12.6,5.9298245614035086,14.5,,12.0,5.17716736444399,5.687041953608429,,,,9.377331909255403,0.291044776119403,,,,0.22,,,,61.14,
BEML,2026-09-26,Capital Goods,,16962.0,95.0,,,3.7394179894179893,5.784090909090909,,4.78,2.4947442186405047,7.66,,8.0,3.9241622574955906,-14.117095328243057,,6.748685610777949,,3.815715269615527,0.10531697341513292,,,,0.84,,,,54.03,
BENARAS,2026-09-26,,,1329.0,30.2,,4.437587433717055,8.97972972972973,6.249388753056235,,22.5,17.120622568093385,29.8,,42.0,29.72972972972973,6.805499711518603,,50.69757728890725,,6.944580608140205,0.018867924528301886,,,,0.24,,,,62.58,
BENGALASM,2026-09-26,,,6948.0,9.04,,,,0.6501280409731114,,8.11,6.293256075969741,3.92,,,,-42.1058591119769,,3.7666136276215845,,,,,,,0.82,,,,72.87,
BEPL,2026-09-26,,,3146.0,15.7,,4.244657168939727,2.1847222222222222,2.896551724137931,,17.3,15.56420233463035,23.8,,17.0,13.88888888888889,3.6987675035064616,,-10.575989016727217,,5.624280124798853,0.0,,,,3.16,,,,57.48,
BERGEPAINT,2026-09-26,Consumer Durables,,53444.0,43.5,,31.564602275442407,4.358150534127049,7.723440134907252,,17.3,12.137518684603886,21.6,,16.0,9.932316725108048,1.3781260292908382,,7.894785852510577,,3.0716340502903394,0.0918028046841116,,,,0.87,,,,74.98,
BESTAGRO,2026-09-26,,,647.0,21.9,,,0.5086477987421384,0.8387096774193549,,1.11,1.784651992861392,5.15,,10.0,2.358490566037736,-34.5058214796819,,-22.215788428676397,,-12.101166561595967,0.5755208333333334,,,,0.55,,,,50.44,
BETA,2026-09-26,,,2327.0,51.0,,7.742253943873117,5.675609756097561,8.70954356846473,,18.8,9.274193548387096,19.2,,20.0,11.219512195121952,6.587229038174236,,12.19152031901498,,11.471552198378166,0.6040816326530613,,,,0.0,,,,59.1,
BFINVEST,2026-09-26,,,1666.0,4.28,,,21.358974358974358,0.19497132774591971,,3.65,4.151586118799234,4.86,,85.0,500.0,-3.5147645910321046,,14.524246814351116,,21.957556864842175,0.0,,,,2.26,,,,74.13,
BFUTILITIE,2026-09-26,,,1975.0,12.9,,0.30480853666121555,2.3596176821983272,9.794392523364486,,113.0,13.926658426040378,29.9,,74.0,40.38231780167264,42.32164932551714,,49.348278676564036,,17.7251803114417,4.6138613861386135,,,,0.0,,,,56.73,
BHAGCHEM,2026-09-26,,,3185.0,116.0,,17.57005125648471,5.247116968698517,4.5724907063197024,,2.63,2.5,4.53,,13.0,4.612850082372323,6.602143517207271,,-9.436890975400614,,14.158830060594664,0.336676217765043,,,,0.06,,,,19.6,
BHAGYANGR,2026-09-26,,,1425.0,22.7,,2.029958310350767,0.548710050057759,5.291925465838509,,20.2,9.921259842519685,20.2,,4.9,2.4258760107816713,11.182495662227442,,41.51845445548539,,22.033735935099475,1.0077821011673151,,,,0.0,,,,65.8,
BHANDARI,2026-09-26,,,97.6,222.0,,,4.640989063242985,,,4.35,2.767295597484277,8.79,,-0.33,2.0922491678554445,,,,,,0.36524822695035464,,,,0.34,,,,41.83,
BHARATCOAL,2026-09-26,,,14916.0,,,,1.1552939354039191,2.5806451612903225,,1.91,-0.5609089601610815,4.05,,-6.0,-0.9062040120827201,,,,,-3.2266785733156444,0.38795639383976466,,,,0.0,,,,90.0,
BHARATFORG,2026-09-26,Automobile and Auto Components,,98125.0,97.2,,,5.593399076554751,10.04,,12.0,3.219714003057829,12.6,,17.0,4.081399988599442,-10.249396771084518,,-8.65889585865175,,3.808792159929708,0.7629436325678497,,,,0.42,,,,43.12,
BHARATRAS,2026-09-26,,,1823.0,12.5,,0.8658880816623362,1.515378221113882,1.4302477183833116,,12.2,9.979064898813677,16.0,,15.0,11.886949293433084,14.436045794743402,,-4.0461708785884065,,4.8387199159842575,0.0007849293563579278,,,,0.05,,,,74.99,
BHARATSE,2026-09-26,,,1344.0,28.4,,1.2513042776235688,0.6393910561370124,5.8469945355191255,,20.4,6.241519674355495,20.2,,5.0,2.1883920076117986,22.69631816006914,,31.14229433514084,,25.359166941947752,0.4782608695652174,,,,0.7,,,,74.66,
BHARATWIRE,2026-09-26,,,1135.0,11.8,,,1.82475884244373,4.044117647058823,,42.2,11.497005988023952,18.7,,26.0,15.434083601286176,,,,,,1.8525179856115108,,,,0.0,,,,41.27,
BHARTIARTL,2026-09-26,Telecommunication,,1114378.0,35.7,,0.6554402090266346,5.064226604074547,7.285714285714286,,20.3,6.676714835534579,17.6,,57.0,16.547678017168906,54.46721075140706,,46.41612523073264,,13.630108028239807,1.310988413828267,,,,1.34,,,,50.07,
BHARTIHEXA,2026-09-26,Telecommunication,,74090.0,40.1,,0.7499960074823608,7.716904489115717,10.363636363636363,,26.0,9.574300561650308,21.4,,53.0,18.998021039475056,53.46695129032819,,-11.448051059451503,,10.639574727851597,0.8565247732030705,,,,1.21,,,,70.0,
BHEL,2026-09-26,Capital Goods,,145881.0,60.0,,0.5708034974451921,4.053038090739866,5.579227696404794,,6.23,3.1630423473103733,9.14,,9.0,6.756869391270524,105.11498312212275,,40.42791289862584,,14.634617912128189,0.313126290828425,,,,0.33,,,,58.17,
BIGBLOC,2026-09-26,,,566.0,337.0,,,1.8496732026143792,4.119464469618949,,-1.25,-1.0282776349614395,1.87,,7.0,-1.3071895424836601,-61.959905762990374,,-36.25365645308462,,7.987060042582783,1.4744525547445255,,,,0.0,,,,72.81,
BIKAJI,2026-09-26,Fast Moving Consumer Goods,,14391.0,55.0,,,4.68,8.954758190327613,,17.5,11.429852084267145,19.8,,13.0,8.292682926829269,-0.9515324919378565,,27.004998662286404,,9.704694034600948,0.18606098319850653,,,,0.22,,,,73.88,
BIL,2026-09-26,,,1356.0,52.9,,0.14169199499201696,0.9345279117849759,2.7851239669421486,,2.87,1.914580265095729,9.53,,8.0,1.7918676774638183,373.3450150305275,,,,23.091842314267865,1.1129363449691991,,,,0.0,,,,61.17,
BIMETAL,2026-09-26,,,248.0,21.7,,5.508999480606115,0.8131147540983606,1.0818030050083471,,5.08,3.6544850498338874,6.85,,6.0,3.606557377049181,3.939009265909843,,20.60484076720539,,9.234877834550549,0.017467248908296942,,,,2.08,,,,74.88,
BIOCON,2026-09-26,Healthcare,,62279.0,85.6,,,3.5955776225391145,1.819047619047619,,1.4,0.6560582882556104,3.61,,20.0,2.401708908261648,-26.666925336211623,,-9.052848045112638,,5.487606506061349,0.45352766595163235,,,,0.13,,,,44.68,
BIOFILCHEM,2026-09-26,,,52.8,110.0,,,1.5384615384615383,2.4545454545454546,,-2.83,1.1204481792717085,2.97,,2.27,1.3986013986013985,-11.985101445609192,,-6.946961300879407,,-5.008574840700342,0.14007421150278293,,,,0.0,,,,46.79,
BIRLACORPN,2026-09-26,Construction Materials,,6548.0,11.8,,1.2282469700048277,0.6649065800162469,0.8891213389121339,,7.83,3.8075601374570445,9.78,,15.0,5.625507717303005,9.607188365344488,,6.796987945664923,,0.6584551830540963,0.46042090970807875,,,,1.47,,,,62.9,
BIRLAMONEY,2026-09-26,,,672.0,70.6,,1.7010786055463925,3.9069767441860463,40.75342465753425,,26.0,2.0202020202020203,12.4,,19.0,5.813953488372093,41.503079146259104,,,,10.639000049405013,15.823529411764707,,,,0.0,,,,73.53,
BIRLANU,2026-09-26,,,1085.0,,,,0.2816718587746625,0.9775815217391305,,-14.9,-3.5493324649951155,-4.29,,1.1,-2.829698857736241,,,,,4.505103673368738,1.0009000900090008,,,,1.04,,,,40.57,
BIRLAPREC,2026-09-26,,,376.0,27.4,,2.245318997639851,1.5161290322580645,2.1484375,,6.54,4.375,9.4,,5.0,5.64516129032258,12.203165799069659,,3.38821845771875,,3.1448971686827587,0.3028571428571429,,,,0.09,,,,61.68,
BLACKBUCK,2026-09-26,Services,,10915.0,63.6,,,15.308555399719495,7.659846547314578,,12.2,9.735023041474653,12.8,,25.0,23.70266479663394,,,,,33.899110973209076,0.04149085794655415,,,,0.0,,,,25.0,
BLAL,2026-09-26,,,674.0,295.0,,,343.8775510204082,600.0,,0.9,17.480916030534353,-193.0,,55.1,116.83673469387756,,,,,,0.0,,,,0.0,,,,54.03,
BLBLIMITED,2026-09-26,,,90.4,3.3,,0.016734611077625434,0.12117962466487936,0.6951219512195123,,29.3,24.81203007518797,40.2,,6.0,4.423592493297587,197.19609763815646,,76.29003544111777,,17.065419261724312,0.0,,,,0.0,,,,45.77,
BLEL,2026-09-26,,,1932.0,28.2,,,3.624765478424015,,,23.6,17.66304347826087,30.9,,17.0,12.195121951219512,-38.730743247715836,,,,4.880579382564676,0.058823529411764705,,,,0.0,,,,70.84,
BLIL,2026-09-26,,,1479.0,8.25,,1.6178012809268227,0.5291592128801431,1.0277777777777777,,12.7,7.987492893689597,16.9,,13.0,10.053667262969588,5.099513826119395,,15.27209089480197,,5.607482845308898,0.15288394718554552,,,,6.46,,,,59.67,
BLKASHYAP,2026-09-26,,,1223.0,33.2,,,0.8811239193083573,2.3205128205128207,,1.97,0.060168471720818295,12.6,,8.0,0.07204610951008646,-79.52496317403374,,-59.987187697563606,,3.690755364411835,0.5673624288425048,,,,0.0,,,,61.73,
BLS,2026-09-26,Consumer Services,,9234.0,13.1,,0.4203478944436902,2.905601006922593,3.745819397993311,,32.1,19.776714513556616,29.8,,27.0,23.41095028319698,31.164661874510415,,44.5236908522834,,23.748594987243333,0.1749898497766951,,,,1.11,,,,70.39,
BLSE,2026-09-26,,,2949.0,50.7,,2.2344899315724587,2.5033955857385397,5.6521739130434785,,10.7,9.186351706036746,16.4,,7.0,5.942275042444821,22.689741978081468,,-74.00177389313723,,57.589132549545205,0.011472275334608031,,,,0.31,,,,71.87,
BLUECLOUDS,2026-09-26,,,2046.0,31.9,,0.8353174880973653,1.880514705882353,1.8048780487804876,,11.6,4.681784930504755,14.2,,15.0,5.88235294117647,38.189072364161625,,,,29.41215207115406,0.2914409534127844,,,,0.0,,,,38.44,
BLUEDART,2026-09-26,Services,,11263.0,34.8,,,1.77174767972314,6.336448598130841,,15.7,6.954204022292222,15.8,,16.0,4.51470819568979,-1.5695151485737635,,-5.564694013164062,,6.463845362192555,0.642656162070906,,,,0.53,,,,75.0,
BLUEJET,2026-09-26,Healthcare,,10801.0,76.6,,,21.645290581162325,,,52.1,25.37313432835821,57.3,,41.0,27.25450901803607,,,,,,0.15588235294117647,,,,0.21,,,,73.15,
BLUESTARCO,2026-09-26,Consumer Durables,,32179.0,60.8,,8.599573508211257,2.514377246444757,9.37125748502994,,17.2,5.9414030582467605,21.2,,7.0,3.977183934989842,7.070118063639486,,23.248479547174217,,9.735587623650677,0.23608277470125327,,,,0.54,,,,36.49,
BLUESTONE,2026-09-26,Consumer Durables,,12364.0,220.0,,,4.61171204774338,6.8559322033898304,,1.11,1.0884902237452125,6.78,,16.0,2.0141738157403952,,,,,,1.1022222222222222,,,,0.0,,,,16.25,
BLUSPRING,2026-09-26,,,2170.0,143.0,,,0.6140350877192983,3.2366071428571432,,-0.53,-1.0083036773428233,5.22,,2.5,-0.48104131295981895,,,,,9.631643290844249,0.20359281437125748,,,,0.0,,,,58.05,
BMWVENTLTD,2026-09-26,,,452.0,11.3,,,0.1880982105701207,1.023529411764706,,11.5,5.319148936170213,12.0,,3.5,1.6645859342488558,-0.7812819162562712,,-25.53637701758642,,7.4319188320537855,0.583710407239819,,,,2.88,,,,73.01,
BNAGROCHEM,2026-09-26,,,2038.0,119.0,,,2.19848975188781,4.360587002096436,,8.01,3.2319391634980987,4.44,,-0.5,1.8338727076591153,,,,,409.71478532645847,0.10920770877944326,,,,0.0,,,,5.93,
BODALCHEM,2026-09-26,,,2544.0,37.0,,0.30731428266359817,1.1221879135421262,2.1980413492927093,,1.97,2.953767123287671,5.59,,8.0,3.043670048522276,120.3979186366098,,-8.493358401574525,,17.568895300907794,0.7026793431287813,,,,0.0,,,,57.0,
BOHRAIND,2026-09-26,,,33.8,,,,,0.4597701149425288,,-4.68,-3.548669249031613,-4.93,,-9952.17,,,,,,,0.015991326738040386,,,,0.0,,,,33.39,
BOMDYEING,2026-09-26,,,2268.0,106.0,,,1.5190890823844607,0.990990990990991,,0.28,0.6749915626054674,1.27,,-2.8,1.3395847287340925,-81.06007485449078,,,,-4.009308158501668,0.001312910284463895,,,,0.36,,,,53.57,
BONLON,2026-09-26,,,67.3,25.6,,5.100008267327194,0.10337941628264208,0.6759868421052632,,2.9,1.8292682926829267,5.4,,1.0,0.4608294930875576,5.019599706142519,,-9.070412193189048,,60.31517515971214,0.3838383838383838,,,,0.0,,,,71.21,
BORANA,2026-09-26,,,767.0,11.1,,,1.8799019607843137,2.7169811320754715,,34.5,18.852459016393443,32.5,,25.0,16.911764705882355,-83.66176566820153,,-57.200607121638605,,27.038598974503515,0.25177304964539005,,,,0.0,,,,65.23,
BOROLTD,2026-09-26,,,3167.0,43.4,,68.49126332325095,2.602300739523418,3.571428571428571,,8.82,5.46021840873635,11.1,,14.0,5.751848808545604,0.6336574607358259,,-4.377800683324507,,9.223117276155723,0.1668545659526494,,,,0.0,,,,64.68,
BORORENEW,2026-09-26,Capital Goods,,6699.0,18.0,,,4.147987616099071,4.212962962962963,,25.7,22.904109589041095,25.3,,31.0,25.882352941176475,,,35.930303454638434,,5.6116166474309725,0.10721376571806751,,,,0.0,,,,56.01,
BOROSCI,2026-09-26,,,1028.0,23.1,,1.0349312290680392,2.1506276150627617,2.338709677419355,,9.51,7.962962962962964,12.1,,14.0,8.99581589958159,22.320323661313868,,,,6.835095655843126,0.02040816326530612,,,,0.0,,,,68.27,
BOSCH-HCIL,2026-09-26,,,4926.0,244.0,,,1.6743711760707003,9.847826086956522,,2.36,0.26109660574412535,4.78,,2.5,0.1699524133242692,,,-22.019092780500536,,15.307059700478053,0.164,,,,1.99,,,,74.52,
BOSCHLTD,2026-09-26,Automobile and Auto Components,,142319.0,60.2,,,6.748814491654021,9.586727597854162,,14.6,10.899446494464945,21.5,,13.0,11.205424886191198,-1.7449027483962043,,14.16889390430991,,8.028690575146925,0.008015627104944092,,,,0.56,,,,70.54,
BPCL,2026-09-26,Oil Gas & Consumable Fuels,,133843.0,8.64,,,0.27096247828745185,1.3333333333333333,,28.8,6.890948289731956,25.6,,5.0,3.4683391570875024,-13.925974727157842,,7.951369956331966,,3.302146662370231,0.5433109382955147,,,,5.67,,,,52.98,
BPL,2026-09-26,,,220.0,,,,2.75,0.9278350515463918,,-0.47,-2.100840336134454,0.99,,-14.0,-18.75,,,,,6.622456426143497,0.44813278008298757,,,,0.0,,,,63.13,
BPLPHARMA,2026-09-26,,,1308.0,,,,4.04953560371517,4.055555555555555,,-2.54,-4.893964110929853,-1.87,,3.3,-9.287925696594428,,,,,7.362843438414002,0.453416149068323,,,,0.05,,,,67.2,
BRAHMINFRA,2026-09-26,,,429.0,7.03,,0.13347533408458415,1.1056701030927836,1.2436974789915967,,18.9,8.507670850767084,18.2,,23.0,15.721649484536082,52.66890731695075,,53.72150851141988,,20.81930919765249,0.3681159420289855,,,,0.0,,,,74.05,
BRIGADE,2026-09-26,Realty,,19507.0,28.6,,2.1566370747890926,3.5262111352133045,2.861244019138756,,10.5,2.9919096321172343,10.5,,26.0,14.172089660159074,13.26138752520376,,51.148265518907586,,4.147941180568715,0.9300689048526609,,,,0.33,,,,41.1,
BRIGHOTEL,2026-09-26,,,2132.0,31.3,,,4.037878787878788,2.2261904761904763,,11.2,5.426917510853835,12.8,,33.0,14.204545454545455,-80.69251311220964,,,,9.513911226375726,0.32254697286012524,,,,0.0,,,,74.09,
BRIGHTBR,2026-09-26,,,137.0,23.8,,,0.345088161209068,1.6901408450704225,,7.53,2.3529411764705883,11.7,,7.0,1.5113350125944585,,,-29.087491240924923,,17.45589201889084,0.8765432098765432,,,,1.04,,,,54.54,
BRITANNIA,2026-09-26,Fast Moving Consumer Goods,,118929.0,45.7,,6.7577646960333,6.08986635260382,23.29245283018868,,53.5,26.82425488180884,56.0,,18.0,13.364739618003993,6.762591190371747,,11.295783396603643,,5.21014364819834,0.2702702702702703,,,,1.83,,,,50.55,
BRNL,2026-09-26,,,140.0,,,,0.9032258064516129,0.34791666666666665,,-8.15,-11.142061281337048,-6.53,,-81.0,-103.2258064516129,,,,,-25.837783611472553,1.0769230769230769,,,,0.0,,,,51.73,
BSE,2026-09-26,Financial Services,,130176.0,46.0,,0.8572634131950485,23.92061742006615,19.463414634146343,,46.0,20.98765432098765,60.0,,64.0,51.85593531789783,53.65911957977596,,61.81020894883433,,51.404050175107145,0.0,,,,0.31,,,,,
BSHSL,2026-09-26,,,912.0,31.8,,3.6156915380483547,2.4385026737967914,6.952000000000001,,22.6,11.41732283464567,16.0,,10.0,7.754010695187167,8.794998042660662,,22.245400977020502,,13.468996040435655,0.8244274809160306,,,,0.0,,,,73.85,
BSL,2026-09-26,,,124.0,34.2,,,0.18535127055306427,1.0341880341880343,,1.85,0.625,5.99,,8.0,0.5979073243647235,-31.34850724850118,,-20.548890265382546,,0.14992526197643574,3.658333333333333,,,,0.66,,,,56.72,
BSOFT,2026-09-26,Information Technology,,7664.0,12.8,,,1.4182087342709104,1.8639455782312926,,14.1,10.881124192935815,21.2,,17.0,10.603256846780162,-3.181370366306868,,4.343690739466388,,0.7895063613786002,0.034281546316557256,,,,2.37,,,,40.38,
BTML,2026-09-26,,,136.0,20.6,,0.867669340413221,1.0708661417322836,1.6323851203501094,,13.6,4.733727810650888,16.7,,12.0,6.299212598425196,23.741763181570306,,14.869835499703509,,25.66314238283698,0.43373493975903615,,,,0.0,,,,24.27,
BUILDPRO,2026-09-26,,,3094.0,23.3,,,0.43290891283055827,5.671111111111111,,25.9,8.224299065420562,39.0,,3.3,1.846928781306842,-91.26132491922803,,,,13.968677019753262,0.11192660550458716,,,,0.39,,,,40.17,
BURNPUR,2026-09-26,,,26.4,22.6,,,0.3206997084548105,1.125,,1.08,0.3620833720174543,2.42,,8.41,1.4212827988338192,-6.266887573435875,,-15.759134699787136,,21.198109465245164,1.5295375568029939,,,,0.0,,,,1.98,
BUTTERFLY,2026-09-26,,,1013.0,20.6,,0.23745597425733178,1.0443298969072166,2.7259615384615383,,12.0,8.586762075134168,16.8,,9.0,4.948453608247423,86.75292362901645,,24.425429484750637,,1.3772916036498994,0.021505376344086023,,,,0.0,,,,75.0,
BVCL,2026-09-26,,,91.4,45.3,,,0.42314814814814816,0.7296819787985865,,0.23,0.9523809523809524,4.48,,6.0,0.9259259259259258,-34.71232345590612,,,,-2.6328111832561674,0.232,,,,0.0,,,,52.72,
CALSOFT,2026-09-26,,,294.0,20.1,,0.11662750292893195,11.76,6.181506849315069,,32.7,30.0,42.0,,82.0,60.0,172.34356815688767,,22.24298041980464,,84.20157493201931,0.04878048780487805,,,,0.0,,,,62.26,
CAMLINFINE,2026-09-26,,,1869.0,,,,1.0130081300813008,1.79520295202952,,3.75,0.04310344827586207,4.78,,4.6,0.05420054200542006,,,-39.05812941667802,,8.262317952210395,0.69164265129683,,,,0.0,,,,48.03,
CAMPUS,2026-09-26,Consumer Durables,,6419.0,47.2,,,5.376046901172529,,,29.5,11.20331950207469,31.8,,20.0,9.045226130653267,-90.32957059912987,,,,26.133114737827825,0.6768149882903981,,,,0.71,,,,72.08,
CAMS,2026-09-26,Financial Services,,17572.0,35.5,,3.0756780697602775,11.285806037251124,13.26454033771107,,36.3,27.142067440574902,47.0,,46.0,31.535003211303792,11.542170277517672,,11.209526998507503,,11.047652613871573,0.04844814534443603,,,,1.77,,,,0.0,
CANBK,2026-09-26,Financial Services,,113374.0,5.71,,0.6250024191450748,,0.9191176470588235,,16.1,1.0505874716861165,6.52,,,,9.135964638041827,,26.528511145051816,,,,,,,3.36,,,,62.93,
CANFINHOME,2026-09-26,Financial Services,,10030.0,8.88,,0.6085060865499249,,1.6770601336302895,,19.7,2.546134607151709,9.14,,,,14.593116151635144,,19.115579039168807,,,,,,,1.99,,,,29.99,
CANHLIFE,2026-09-26,Financial Services,,14316.0,109.0,,20.50888747878522,1.1662729124236253,8.779069767441861,,8.11,0.2725929625236698,8.35,,0.5,1.0672097759674135,5.314769029414768,,66.08271012834541,,1.20711379151055,0.1557632398753894,,,,0.27,,,,62.0,
CANTABIL,2026-09-26,,,1980.0,20.3,,1.2616838648728692,2.268041237113402,4.143356643356643,,22.1,8.319039451114923,19.4,,31.0,11.11111111111111,16.089608946568788,,20.09181615265394,,12.32536638234565,1.1380753138075315,,,,0.63,,,,74.46,
CAPACITE,2026-09-26,,,1617.0,8.73,,0.5645163832796889,0.6074380165289256,0.8451327433628318,,10.4,4.742478327383988,15.5,,16.0,6.987227648384674,15.4645644636229,,25.504150172735642,,11.275693521414487,0.25301204819277107,,,,0.0,,,,31.69,
CAPILLARY,2026-09-26,Information Technology,,4771.0,93.1,,,5.882860665844636,4.6434108527131785,,2.95,3.233256351039261,3.42,,14.0,5.178791615289765,,,,,15.598939597325456,0.052734375,,,,0.0,,,,51.45,
CAPITALSFB,2026-09-26,,,1286.0,8.53,,0.8322641948708566,,0.8654434250764526,,10.1,1.2434123847167327,7.07,,,,10.249149311684146,,,,,,,,,1.77,,,,18.29,
CAPLIPOINT,2026-09-26,Healthcare,,21550.0,32.4,,2.4370007526722333,9.422824661128116,6.399548532731377,,20.9,16.79049034175334,24.2,,35.0,29.645824223874072,13.29503077275318,,17.214173365762562,,10.52255586384334,0.0655786350148368,,,,0.28,,,,70.57,
CARBORUNIV,2026-09-26,Capital Goods,,24356.0,97.1,,,4.498707055781308,6.234146341463415,,6.92,3.566685638398786,10.5,,11.0,3.47247875877355,-23.177513643964065,,-8.946921014235265,,4.812209330472839,0.1058974358974359,,,,0.31,,,,38.9,
CARERATING,2026-09-26,,,4902.0,27.6,,1.3353456261172862,9.983706720977597,5.251612903225807,,19.7,16.289592760180994,26.3,,42.0,36.65987780040733,20.66880623277365,,18.479799605285695,,13.932546087184217,0.027896995708154508,,,,1.35,,,,,
CARRARO,2026-09-26,,,3042.0,21.8,,0.7634413274921032,1.318595578673602,5.387713997985902,,26.7,10.480693459416864,29.3,,9.0,5.76506285218899,28.554912099941944,,42.76853336489521,,8.84598603388309,0.2743362831858407,,,,1.26,,,,68.77,
CARTRADE,2026-09-26,Consumer Services,,14597.0,61.3,,0.4053109410027143,18.08798017348203,5.786127167630058,,9.65,8.40810900631439,11.8,,34.0,31.350681536555143,151.24190787534027,,,,18.093452147478907,0.05636070853462158,,,,0.0,,,,,
CARYSIL,2026-09-26,,,3027.0,28.1,,1.3870092050727303,3.156412930135558,4.97196261682243,,17.4,10.36468330134357,18.0,,19.0,11.261730969760167,20.25941853682689,,9.129918021786597,,11.923384666930925,0.46469622331691296,,,,0.28,,,,41.34,
CASTROLIND,2026-09-26,Oil Gas & Consumable Fuels,,19948.0,18.5,,2.6018850978057038,3.2075896446374017,10.466321243523316,,45.9,27.37113402061856,60.3,,24.0,17.0767004341534,7.110229431577109,,6.992935300560155,,7.010937805557682,0.02776322682032478,,,,4.34,,,,51.0,
CCAVENUE,2026-09-26,Financial Services,,5543.0,18.7,,0.7194492330483945,0.5824926439680538,1.1691176470588236,,6.64,4.396055875102712,7.72,,4.0,3.373266078184111,25.99210498948732,,28.189906950220678,,44.559940186651104,0.09060261272650653,,,,0.0,,,,27.29,
CCCL,2026-09-26,,,595.0,,,,1.6346153846153846,2.1314102564102564,,-4.32,-0.8080808080808081,-1.85,,-6.0,-1.098901098901099,,,,,40.586417021611254,0.0,,,,0.0,,,,60.05,
CCHHL,2026-09-26,,,215.0,27.0,,,3.0714285714285716,0.7197802197802198,,-5.74,-3.4682080924855487,-3.72,,-25.0,-25.71428571428571,,,,,10.415886963424924,0.0802675585284281,,,,0.0,,,,73.8,
CCL,2026-09-26,Fast Moving Consumer Goods,,13946.0,32.2,,1.6075608727977608,3.0304215558452845,5.931818181818182,,18.0,10.009246417013408,15.8,,17.0,9.408952629291614,20.03034569008879,,16.092441947591716,,20.13841517969397,0.5646055437100214,,,,0.55,,,,46.14,
CDSL,2026-09-26,Financial Services,,27546.0,58.4,,14.619794241835434,23.36386768447837,14.051172707889126,,24.5,19.429516329061595,32.0,,50.0,39.86429177268872,3.9945842625394024,,8.655163511441021,,13.236366473905136,0.0010204081632653062,,,,0.97,,,,15.0,
CEATLTD,2026-09-26,Automobile and Auto Components,,13560.0,21.3,,,0.8234651120422664,2.6880513231756216,,16.1,4.236800460365415,19.2,,12.0,3.576850671039048,-2.8233447673889245,,52.63109278519662,,11.301329251570369,0.6484344034879113,,,,1.04,,,,47.29,
CEIGALL,2026-09-26,,,6691.0,20.8,,,1.6107366393837266,3.1219512195121952,,15.7,5.81205866376969,17.3,,15.0,7.727491574386133,-1.9366479149844573,,2.775436252179442,,11.102135415714297,0.6131898971000935,,,,0.13,,,,82.05,
CEINSYS,2026-09-26,,,1439.0,10.8,,0.22732660596868753,2.173716012084592,2.1401869158878504,,24.8,14.301075268817204,27.7,,23.0,20.090634441087612,47.508737281229706,,63.08172199216231,,37.79892284159501,0.08469539375928678,,,,0.51,,,,50.88,
CELEBRITY,2026-09-26,,,42.8,,,,0.2708860759493671,4.449664429530201,,-104.0,-9.821428571428571,-12.3,,-1.6,-6.962025316455696,,,,,-22.769711774996793,5.8,,,,0.0,,,,33.15,
CELLO,2026-09-26,Consumer Durables,,7634.0,24.0,,,3.2890995260663507,2.7704918032786887,,13.2,10.792804796802132,17.4,,20.0,13.959500215424386,-3.3365855744207695,,-85.28175034968709,,5.086851798212488,0.014068863383931877,,,,0.44,,,,73.5,
CEMPRO,2026-09-26,Construction,,21597.0,35.9,,1.1950991288758486,2.116315531602156,8.978571428571428,,27.8,8.495625176404177,32.8,,10.0,5.899069083782459,30.039349149027306,,54.26206935939653,,9.757973087305349,0.41725719049604004,,,,0.24,,,,67.46,
CENTENKA,2026-09-26,,,1248.0,8.4,,0.16469169481693427,0.6716899892357373,0.8335766423357664,,6.14,7.941653160453808,8.23,,11.0,7.911733046286329,51.00439344763048,,,,2.133075456325617,0.014705882352941176,,,,1.93,,,,24.87,
CENTEXT,2026-09-26,,,204.0,15.9,,0.8786316087335414,0.39766081871345027,2.46684350132626,,14.0,6.417112299465241,19.3,,7.0,2.3391812865497075,18.096321418390858,,14.869835499703509,,11.00998205823094,0.7469879518072289,,,,0.0,,,,52.04,
CENTRALBK,2026-09-26,Financial Services,,28222.0,6.18,,0.3439456377689776,,0.6902654867256637,,11.9,0.8294636522168328,5.64,,,,17.9679557504695,,32.37371895505046,,,,,,,3.85,,,,81.19,
CENTRUM,2026-09-26,,,1034.0,,,,0.2838320065879769,3.3124999999999996,,-84.6,-1.5035144067402133,7.33,,26.0,-8.866318967883613,,,,,17.91571956007938,51.467948717948715,,,,0.0,,,,39.44,
CENTUM,2026-09-26,,,7089.0,81.1,,0.42877162999253227,6.694050991501417,20.609442060085836,,-12.5,3.760552570990023,25.5,,12.0,4.627006610009444,189.14497678265812,,,,-0.9874140781886642,0.358600583090379,,,,0.1,,,,46.82,
CENTURYPLY,2026-09-26,Consumer Durables,,15429.0,52.0,,,2.6652271549490414,5.931623931623932,,10.8,5.895110410094637,11.5,,12.0,5.1649680428398685,-3.7710049696982106,,-1.46154906869701,,14.208979535100386,0.6762452107279694,,,,0.14,,,,71.83,
CERA,2026-09-26,Consumer Durables,,6960.0,28.2,,4.854364205801127,3.572895277207392,5.143946615824595,,18.2,13.311862587224907,22.4,,15.0,12.73100616016427,5.8092056558714855,,19.74057110829954,,2.4794515674993134,0.04951958610495196,,,,1.39,,,,54.41,
CESC,2026-09-26,Power,,18539.0,11.9,,2.881208010476379,0.983344825757174,1.4814814814814814,,12.0,3.5076393372068,10.9,,18.0,8.645838858537102,4.130212034927827,,2.716626911301856,,7.224968254753228,1.7295291300877893,,,,4.29,,,,52.11,
CEWATER,2026-09-26,,,547.0,,,,1.011090573012939,0.9565217391304348,,3.57,-0.7352941176470588,6.76,,2.5,-1.2939001848428837,,,,,2.867999036294311,0.29246935201401053,,,,0.0,,,,51.43,
CFEL,2026-09-26,,,118.0,16.4,,,0.7712418300653595,0.6962962962962963,,3.8,1.9704433497536946,3.28,,11.0,5.228758169934641,-5.859936975398172,,17.71061673420389,,-4.560917780044649,1.0,,,,0.53,,,,61.87,
CGCL,2026-09-26,Financial Services,,24410.0,21.6,,0.4221602840813723,,3.391188251001335,,16.5,3.452074917370547,11.7,,,,51.16540047579785,,36.29235933324091,,,,,,,0.08,,,,59.92,
CGPOWER,2026-09-26,Capital Goods,,139586.0,110.0,,,10.887294282817253,17.509881422924902,,20.5,9.807023093957607,26.7,,13.0,9.671632477965836,-5.269199170659611,,4.636537111583072,,16.80119622597356,0.014805520702634882,,,,0.15,,,,56.36,
CGVAK,2026-09-26,,,77.5,7.59,,,1.0481471463348662,0.9386503067484663,,12.3,9.214323890967396,17.2,,19.79,11.65810116310522,-2.256974795321809,,-0.9229193710737493,,-2.0083341754627115,0.029608057274602598,,,,0.65,,,,53.87,
CHALET,2026-09-26,Consumer Services,,19301.0,36.1,,1.7009582617101102,8.085881860075409,5.21301775147929,,19.0,7.245780156442981,17.0,,45.0,22.119815668202765,21.223330879210266,,,,18.98554100117311,0.6403461330448891,,,,0.23,,,,67.29,
CHAMBLFERT,2026-09-26,Chemicals,,16745.0,8.69,,0.5888203576564871,0.832132385827163,1.6076923076923078,,20.0,13.387029579225107,25.2,,14.0,9.581076380261393,14.758321255376284,,5.046446443811203,,3.8517399754635084,0.10261337432744043,,,,2.63,,,,61.34,
CHEMBOND,2026-09-26,,,258.0,17.1,,1.8126364822473595,0.9735849056603774,1.536,,8.84,6.8493150684931505,10.8,,7.0,5.660377358490567,9.433772390368599,,1.0185017192066326,,14.184886325377732,0.023952095808383235,,,,1.04,,,,68.11,
CHEMCRUX,2026-09-26,,,118.0,28.5,,,1.3708178438661711,1.5394990366088634,,3.01,3.2564344005021977,6.43,,14.17,4.8210966542750935,-21.096840866245948,,-22.523245531198665,,3.1334474616300456,0.447234873129473,,,,1.25,,,,72.92,
CHEMFAB,2026-09-26,,,507.0,,,,1.7303754266211604,1.3524904214559388,,-2.49,-0.0,1.03,,9.0,-0.0,,,,,-3.5934320045909907,0.336,,,,0.35,,,,72.14,
CHEMPLASTS,2026-09-26,,,3122.0,,,,0.7347611202635914,1.7747747747747749,,-6.8,-6.191607284243863,0.34,,1.6,-9.202165215344788,,,,,2.696617838851867,1.1122507122507121,,,,0.0,,,,54.99,
CHENNPETRO,2026-09-26,Oil Gas & Consumable Fuels,,20496.0,4.91,,0.3275067855965783,0.2689869679908658,1.844504021447721,,31.8,20.78167786905651,34.9,,8.0,5.4779059543026625,14.992055786129942,,25.290175141515636,,4.892719888632269,0.17679359078224863,,,,4.5,,,,67.29,
CHEVIOT,2026-09-26,,,691.0,64.9,,,5.663934426229508,,,9.08,8.02919708029197,,,11.0,9.01639344262295,,,,,,0.03418803418803419,,,,2.11,,,,74.88,
CHOICEIN,2026-09-26,Financial Services,,16732.0,73.4,,4.38148030394233,14.013400335008376,10.013333333333334,,16.1,7.044625315745158,17.9,,35.0,21.02177554438861,16.75232910072808,,31.156447157157952,,16.45572508459434,0.5430622009569378,,,,0.0,,,,53.66,
CHOLAFIN,2026-09-26,Financial Services,,142046.0,24.7,,1.3333855031236215,,4.658263305322129,,19.4,2.343062481666178,9.71,,,,18.524275194335903,,20.916698480500905,,,,,,,0.12,,,,49.23,
CHOLAHLDNG,2026-09-26,Financial Services,,26300.0,9.85,,0.6739454845349312,,1.7023086269744836,,17.5,2.241634399305336,9.75,,,,14.61542546990604,,21.134451787479858,,,,,,,0.09,,,,46.44,
CIEINDIA,2026-09-26,Automobile and Auto Components,,14825.0,16.5,,,1.4829448834650396,1.9166666666666667,,11.8,7.981967647838769,14.7,,15.0,9.032709812943883,-7.061409245265738,,18.085378995648927,,2.511810847123752,0.06625339015885316,,,,1.79,,,,65.7,
CIFL,2026-09-26,,,862.0,,,,,1.2790697674418605,,-8.63,1.4626218851570965,1.17,,,,49.380158218572156,,,,,,,,,0.09,,,,72.59,
CINELINE,2026-09-26,,,340.0,41.0,,,1.6113744075829384,2.133971291866029,,5.66,-5.7324840764331215,4.75,,19.0,-8.530805687203792,,,,,67.37476509694062,0.7412587412587412,,,,1.4,,,,68.18,
CINEVISTA,2026-09-26,,,80.6,13.2,,,3.0040998881848675,1.4198782961460448,,11.4,4.411870893205286,14.4,,41.71,22.773015281401417,,,,,293.6008237974413,0.2712822324267043,,,,0.0,,,,67.49,
CIPLA,2026-09-26,Healthcare,,113078.0,31.6,,,3.992303346984889,3.2863849765258215,,11.6,7.925749238362894,15.5,,19.0,11.848608953537635,-6.491254033610661,,6.000378005354645,,3.1947461785736486,0.01783224907063197,,,,0.93,,,,29.22,
CLEAN,2026-09-26,Chemicals,,8580.0,36.8,,,8.737270875763748,5.416107382550336,,15.3,13.163841807909604,20.7,,36.0,23.727087576374746,-1.5475522371604877,,0.3783442978870122,,7.4760429211102375,0.0012626262626262627,,,,0.74,,,,51.29,
CLEANMAX,2026-09-26,,,16380.0,104.0,,,6.991037131882202,3.5176767676767677,,1.76,0.6960762580359122,6.16,,55.0,6.700810926163039,,,-30.062446803223043,,19.010650620097703,2.734209959042897,,,,0.0,,,,49.43,
CLSEL,2026-09-26,,,1465.0,11.7,,2.895773020991753,0.9912043301759134,1.7455621301775148,,14.4,12.01923076923077,18.2,,12.0,8.457374830852503,4.040371919755281,,14.915527572831033,,2.9133182639176747,0.09904534606205251,,,,1.02,,,,74.05,
CMLL,2026-09-26,,,3379.0,21.6,,0.9300205625714293,2.0137067938021453,,,34.8,7.607125662012518,21.2,,26.0,9.415971394517282,23.225292933607623,,-13.80227352274187,,24.716893006202902,1.728395061728395,,,,0.0,,,,74.18,
CMPDI,2026-09-26,,,15008.0,22.5,,,7.136471707085117,,,32.7,24.860231084606784,,,40.0,31.716595339990487,,,,,,0.0004897159647404506,,,,0.5,,,,85.0,
CMRGREEN,2026-09-26,,,4918.0,20.7,,0.6842769104049322,0.569212962962963,,,15.8,6.007905138339921,14.1,,5.0,2.638888888888889,30.250911122736014,,-54.75570806962189,,13.758330813254327,0.9308093994778068,,,,0.0,,,,84.0,
CMSINFO,2026-09-26,Services,,3732.0,12.4,,,1.496391339214114,1.5743243243243243,,12.7,9.048795552810377,17.9,,24.0,11.748195669607057,-5.5360117793253005,,4.209922341282524,,3.262526731954085,0.0,,,,2.25,,,,0.0,
CNL,2026-09-26,,,1649.0,22.4,,1.3782554807459715,0.59167563688554,4.537190082644628,,18.8,7.897545357524013,18.8,,3.7,2.6551847865087908,16.252429475467167,,29.7857339335863,,17.431704904319222,0.8901098901098901,,,,0.05,,,,56.62,
COALINDIA,2026-09-26,Oil Gas & Consumable Fuels,,262594.0,8.42,,,1.6635034461787959,2.2072538860103625,,28.2,10.98268745862035,35.0,,26.0,19.755980133792825,-5.862297107866032,,12.440874873010088,,2.928467446456673,0.11815082870144918,,,,6.22,,,,61.13,
COASTCORP,2026-09-26,,,242.0,7.51,,0.08071407497451366,0.23246878001921228,0.8514150943396227,,9.77,3.804994054696789,9.64,,6.0,3.073967339097022,93.0444907207493,,19.2349045876449,,33.65588320091404,1.6996466431095407,,,,0.77,,,,42.31,
COCHINSHIP,2026-09-26,Capital Goods,,36226.0,53.3,,,7.177729344164851,6.174887892376682,,12.5,4.679650402587572,16.2,,15.0,13.473350505250645,-4.58502035889774,,3.819933868469927,,9.633894969862155,0.2846926613315171,,,,0.65,,,,67.91,
COCKERILL,2026-09-26,,,3929.0,,,,4.084199584199585,-41.01030927835052,,,-1.9463087248322148,,,-3.2,-3.0145530145530146,,,,,,-0.4895833333333333,,,,0.09,,,,70.44,
COFORGE,2026-09-26,Information Technology,,79038.0,41.2,,1.7915054715176317,4.3439406430338,6.28169014084507,,21.4,12.932776505456015,23.5,,19.0,10.55234954657873,22.997417900766102,,17.486175890391454,,26.403322940448447,0.07633427702631855,,,,0.67,,,,,
COHANCE,2026-09-26,Healthcare,,17571.0,163.0,,,8.203081232492996,4.5,,4.89,1.030207787672429,5.81,,15.0,2.754435107376284,-38.238059942883076,,-31.04294737029184,,26.78627726676739,0.10227563283047814,,,,0.0,,,,57.49,
COLPAL,2026-09-26,Fast Moving Consumer Goods,,50475.0,117.0,,2.722096520257465,25.752551020408163,153.38842975206612,,158.0,49.26553672316384,179.0,,22.0,22.244897959183675,42.98157656398376,,,,14.932611898217907,0.015105740181268883,,,,2.59,,,,51.0,
COMFINTE,2026-09-26,,,208.0,,,,1.3333333333333333,1.2055555555555555,,-1.81,-1.36986301369863,2.68,,7.0,-1.9230769230769231,,,,,0.21459293277183988,0.10982658959537572,,,,0.77,,,,56.12,
COMPEAU,2026-09-26,,,224.0,9.4,,,0.08465608465608465,0.5802861685214626,,5.99,2.558139534883721,8.35,,3.5,0.8314436885865457,-7.699178150876406,,,,7.939740124331673,1.0932642487046633,,,,0.27,,,,74.92,
COMPUSOFT,2026-09-26,,,104.0,,,,3.1109781633263536,0.7333333333333333,,-1.84,1.4322980755032733,1.9,,4.4,8.704756206999702,-17.956853661777306,,-25.479601332832015,,-21.953666595293654,0.34175167077031304,,,,1.9,,,,71.6,
COMSYN,2026-09-26,,,1187.0,40.0,,0.7222935167639883,2.9236453201970445,6.431818181818182,,16.1,8.379888268156424,13.9,,13.0,7.389162561576355,55.379148603198836,,8.476550682345607,,12.127252849089775,0.7288135593220338,,,,0.18,,,,60.75,
CONCOR,2026-09-26,Services,,35149.0,28.3,,,3.868904788112273,2.7176470588235295,,9.81,8.216921454928835,12.6,,22.0,13.72592184920198,-0.5060815373717942,,3.311238091258084,,1.6372118101888766,0.07455767596384145,,,,1.86,,,,54.8,
CONCORDBIO,2026-09-26,Healthcare,,15207.0,54.7,,,13.724729241877256,7.533678756476684,,12.5,12.231182795698924,17.1,,35.0,24.638989169675092,-3.6762174508161216,,-32.216082812013994,,2.897842576727361,0.0009915716410510659,,,,0.52,,,,44.08,
CONFIPET,2026-09-26,,,2933.0,21.8,,3.2241647731054583,0.4887518746875521,2.0679156908665104,,6.76,5.080409356725147,9.23,,7.0,2.316280619896684,6.761441034852145,,5.036164940748145,,30.53507623566678,0.5366713681241185,,,,0.11,,,,57.38,
CONTROLPR,2026-09-26,,,947.0,24.3,,,1.948559670781893,2.091872791519435,,9.52,6.712564543889846,16.4,,18.0,8.024691358024691,-10.4746896715606,,-0.15526756297752353,,10.623469085680771,0.01545253863134658,,,,1.69,,,,52.99,
CORALFINAC,2026-09-26,,,128.0,8.9,,,8.533333333333333,0.6186770428015564,,6.91,6.278026905829597,8.06,,77.0,93.33333333333333,-11.497882375028679,,-3.6973608123380353,,-21.49273369806194,0.0,,,,0.63,,,,74.96,
CORDELIA,2026-09-26,,,7617.0,190.0,,,13.132758620689655,,,92.3,15.204678362573098,64.0,,20.0,8.96551724137931,,,,,,1.475,,,,0.0,,,,89.35,
CORDSCABLE,2026-09-26,,,451.0,18.3,,0.5284133958769253,0.4625641025641026,2.2371794871794872,,10.8,5.1020408163265305,17.6,,6.0,2.564102564102564,34.631975916565,,30.98665131851788,,15.792827071344728,0.5495049504950495,,,,0.34,,,,52.45,
COROMANDEL,2026-09-26,Chemicals,,57938.0,31.0,,8.497762482221567,1.7771302374087479,4.610328638497653,,16.4,7.268713462246024,22.0,,10.0,5.45365315011349,3.648019118545154,,3.5852958417118774,,13.909349102234092,0.11992355470616341,,,,0.56,,,,56.35,
CORONA,2026-09-26,Healthcare,,12952.0,61.0,,2.0311322904388986,8.757268424611224,17.360655737704917,,29.5,16.51452282157676,33.3,,21.0,13.45503718728871,30.032509594349843,,,,13.407925524849551,0.22088353413654618,,,,0.47,,,,69.0,
COSMOFIRST,2026-09-26,,,2230.0,13.0,,0.33365936569552207,0.5569430569430569,1.3782467532467533,,10.4,3.568376068376068,11.2,,11.0,4.170829170829171,38.961891487449016,,-15.236422899354086,,15.673145815333168,1.0396039603960396,,,,0.47,,,,40.78,
CPCAP,2026-09-26,,,280.0,6.21,,5.004749473829624,,0.4888888888888889,,7.61,6.787330316742081,9.83,,,,1.240821350293908,,14.722068700007007,,,,,,,1.95,,,,63.8,
CPEDU,2026-09-26,,,322.0,13.5,,,6.313725490196078,4.265060240963855,,34.6,27.906976744186046,46.6,,51.0,47.05882352941176,-62.81833052468194,,,,2.7600024749230068,0.0,,,,1.41,,,,63.7,
CPL,2026-09-26,,,381.0,13.5,,1.1559885358847013,0.8881118881118881,1.9874213836477987,,16.3,8.045977011494253,18.6,,11.0,6.526806526806526,11.678316506545784,,53.45344147085296,,13.42357209801548,0.46596858638743455,,,,0.0,,,,68.79,
CPPLUS,2026-09-26,Capital Goods,,43623.0,91.4,,,8.93364734794184,23.19496855345912,,25.4,11.951891756452017,28.6,,15.0,9.768584886340365,-58.35708802308637,,-36.32963189223501,,20.626631285835238,0.13638785295684602,,,,0.04,,,,74.71,
CRAFTSMAN,2026-09-26,Automobile and Auto Components,,28077.0,59.9,,6.286971308416874,3.2209475737065505,7.847222222222222,,12.5,5.1793272443751395,13.9,,16.0,5.334404038086498,9.527640108649305,,19.657755905845555,,25.10383704939134,1.1099877450980393,,,,0.1,,,,42.41,
CRAMC,2026-09-26,Financial Services,,4596.0,21.0,,,9.615062761506277,6.149732620320856,,30.3,26.61782661782662,40.1,,63.0,45.60669456066946,-28.763110414798433,,-1.9288269959092719,,14.551362426742065,0.024161073825503355,,,,1.74,,,,75.0,
CRAVATEX,2026-09-26,,,95.4,11.1,,0.522535803353957,0.5962500000000001,0.8008658008658008,,5.95,6.164383561643835,7.82,,-2.2,5.625,21.242563531060178,,,,-7.627794105927355,0.0,,,,3.52,,,,75.0,
CREATIVEYE,2026-09-26,,,12.4,,,,17.222222222222225,0.8421768707482994,,-10.7,-20.167696381288618,-4.79,,-170.83,-634.7222222222223,,,,,15.277587606658072,0.45318860244233383,,,,0.0,,,,56.26,
CREDITACC,2026-09-26,Financial Services,,20844.0,17.2,,,,2.6510204081632653,,10.5,3.7926714688380834,9.98,,,,-5.892248105988685,,27.263014533890995,,,,,,,0.0,,,,66.21,
CREST,2026-09-26,,,1032.0,31.3,,,,0.7908496732026143,,3.75,1.7680707228289132,5.67,,,,-18.131342507731862,,22.24013245995671,,,,,,,0.28,,,,69.84,
CRISIL,2026-09-26,Financial Services,,33055.0,37.4,,3.62286129241186,8.011391177896268,10.11185682326622,,24.5,17.595541401273884,32.6,,30.0,21.42510906446922,10.323332024423593,,13.60029451620579,,9.53002627574655,0.10241516355854478,,,,0.55,,,,66.64,
CRIZAC,2026-09-26,Consumer Services,,3199.0,14.5,,0.6068060541553278,3.0938104448742747,5.479041916167665,,40.3,25.11415525114155,52.3,,28.0,21.27659574468085,23.895608655691404,,-28.583650211239952,,24.953441780307294,0.003418803418803419,,,,4.38,,,,79.94,
CROMPTON,2026-09-26,Consumer Durables,,14076.0,31.1,,,1.6893903024483918,4.750542299349241,,10.6,-3.4879894702204672,18.1,,10.0,-2.5444071051368216,,,,,4.44425648954887,0.0670711156049882,,,,1.37,,,,,
CROWN,2026-09-26,,,138.0,15.3,,0.9171487479510831,3.2341223341926413,1.781437125748503,,12.7,4.208220710224624,13.4,,52.03,21.16240918678228,16.68213584130198,,,,14.940242124648329,0.7486430602222796,,,,0.0,,,,67.82,
CSBBANK,2026-09-26,Financial Services,,5789.0,8.71,,1.597613151281619,,1.1843971631205674,,13.5,1.1519739463336047,7.05,,,,5.451883012488201,,7.7067689256126615,,,,,,,0.0,,,,40.0,
CSLFINANCE,2026-09-26,,,490.0,5.63,,0.5061758592116499,,0.7875457875457875,,14.9,5.846774193548387,14.5,,,,11.122616571972666,,18.794080337328857,,,,,,,1.39,,,,48.16,
CSM,2026-09-26,,,528.0,21.3,,,2.336283185840708,,,28.5,11.162790697674419,29.2,,20.0,10.619469026548673,-37.61166435218107,,,,12.200851329591522,0.6990291262135923,,,,0.49,,,,71.18,
CUB,2026-09-26,Financial Services,,22349.0,15.9,,1.4049804535174382,,2.1121495327102804,,13.2,1.4460339709762533,6.74,,,,11.31688342011703,,12.959918550098015,,,,,,,0.89,,,,,
CUBEXTUB,2026-09-26,,,218.0,28.9,,1.2238333813922895,0.7194719471947195,2.611683848797251,,9.36,3.8461538461538463,11.5,,1.9,2.6402640264026402,23.614325642206314,,25.54076828485039,,11.092170393011624,0.5180722891566265,,,,0.0,,,,44.42,
CUMMINSIND,2026-09-26,Capital Goods,,137075.0,56.2,,5.009804712567009,10.825698941715368,16.16013071895425,,30.2,20.939490445859875,39.5,,20.0,18.693729268677934,11.21800214268298,,20.45005042475154,,12.052082730399082,0.004365781710914454,,,,1.33,,,,51.0,
CUPID,2026-09-26,Fast Moving Consumer Goods,,36306.0,264.0,,5.241271238347118,80.1456953642384,80.59701492537313,,27.6,24.77396021699819,33.9,,35.0,30.242825607064017,50.36945962049748,,,,38.0988043072092,0.12444444444444444,,,,0.0,,,,46.24,
CURAA,2026-09-26,,,71.3,,,,3.04310712761417,-0.5669291338582677,,,-17.023991832567635,,,-12.55,-28.4677763551003,,,,,-15.264332163517203,-0.6968071941258971,,,,0.0,,,,74.94,
CYBERMEDIA,2026-09-26,,,52.1,13.3,,0.4163953027140487,0.40703125,-6.847457627118644,,,8.88888888888889,59.8,,4.5,3.125,31.940802197601915,,28.473515712343932,,7.862363557487706,-1.4285714285714286,,,,0.0,,,,67.13,
CYIENT,2026-09-26,Information Technology,,12168.0,29.9,,,1.5943396226415094,2.142857142857143,,8.61,5.0181818181818185,12.3,,12.0,5.4245283018867925,-17.925773345763506,,-6.387484907115359,,2.2126998395382014,0.07585357268567405,,,,1.46,,,,24.7,
CYIENTDLM,2026-09-26,,,7394.0,90.0,,8.797376306556089,5.448784082535004,7.2734375,,7.49,4.993909866017052,9.9,,10.0,6.0427413411938105,10.230322867163144,,,,4.416195221247743,0.16996047430830039,,,,0.0,,,,52.11,
DABUR,2026-09-26,Fast Moving Consumer Goods,,68404.0,34.5,,15.28986839880208,5.047520661157025,5.993788819875776,,17.0,11.138443935926773,20.3,,19.0,14.366883116883116,2.2563961376347086,,2.4759463762990874,,2.9944632103300117,0.11270689202206849,,,,2.14,,,,66.24,
DAICHI,2026-09-26,,,245.0,103.0,,,1.3611111111111112,1.3225806451612903,,-0.34,0.8928571428571428,-1.06,,4.5,1.1111111111111112,-46.164173567999136,,,,10.891823393038823,0.07065217391304347,,,,0.46,,,,63.98,
DALBHARAT,2026-09-26,Construction Materials,,31890.0,29.0,,7.015879752035407,2.117811130296188,1.772679874869656,,6.11,2.8653898192970324,7.59,,20.0,6.328861734626113,4.133480194210382,,2.6895048981498526,,0.8258699798485258,0.4119250236386896,,,,0.53,,,,55.84,
DALMIASUG,2026-09-26,,,3470.0,16.9,,,0.9843971631205674,1.0698254364089776,,7.3,3.6768701322224233,8.18,,11.0,5.75886524822695,-9.036193235232693,,-7.0617789455156394,,6.734208856421198,0.5561381863047502,,,,1.4,,,,74.92,
DAMCAPITAL,2026-09-26,,,977.0,13.4,,,4.139830508474576,2.9361702127659575,,24.4,16.114790286975715,35.4,,51.0,30.93220338983051,,,,,9.247408249181976,0.009036144578313253,,,,0.72,,,,40.0,
DANGEE,2026-09-26,,,50.2,59.1,,,2.523881347410759,,,,3.349282296650718,,,23.48,4.57516339869281,,,,,,-4.268011527377522,,,,0.0,,,,55.68,
DATAMATICS,2026-09-26,Information Technology,,4773.0,18.8,,6.520478086974105,2.3466076696165192,3.0957854406130267,,16.0,9.214437367303608,20.4,,20.0,10.668633235004917,2.883224166883802,,6.491259265429372,,9.481250711848045,0.14313471502590674,,,,0.62,,,,66.33,
DATAPATTNS,2026-09-26,Capital Goods,,24738.0,91.5,,6.616562603180279,26.28905419766206,14.254838709677419,,15.2,13.893208916537066,21.9,,40.0,28.480340063761954,13.82893285949114,,21.453727680385313,,21.860257998736678,0.002880184331797235,,,,0.23,,,,42.41,
DAVANGERE,2026-09-26,,,407.0,50.0,,,1.6345381526104417,0.6798866855524079,,1.99,0.9535160905840285,5.52,,19.0,3.2128514056224895,-12.64195352637011,,8.447177119769854,,4.691929590395527,0.49504950495049505,,,,0.0,,,,35.1,
DBCORP,2026-09-26,,,3239.0,9.2,,,1.3495833333333334,1.338235294117647,,14.3,11.010322177040976,18.3,,21.0,14.666666666666666,-6.162376699491867,,19.64932519369267,,-0.027762355674354477,0.10786331823795801,,,,3.85,,,,74.5,
DBL,2026-09-26,Construction,,6700.0,12.0,,0.15675273650007718,0.766502688479579,0.9809523809523809,,5.55,6.637402157816798,13.1,,19.0,14.357624985699577,76.55368746939925,,,,-10.053983909653263,1.1774784009371797,,,,0.24,,,,63.14,
DBOL,2026-09-26,,,812.0,31.7,,1.4538128458015167,0.3988212180746562,0.7870967741935484,,2.61,3.6175710594315245,4.98,,6.0,4.12573673870334,21.80473235708902,,,,2.985786146544389,1.0331384015594542,,,,1.23,,,,50.78,
DBREALTY,2026-09-26,Realty,,5428.0,,,,6.282407407407407,1.326259946949602,,-0.19,0.18870891649630445,1.55,,9.0,1.3888888888888888,-78.91322830736652,,-26.049877228933525,,34.26057684739918,0.18259594231239307,,,,0.0,,,,47.17,
DCAL,2026-09-26,,,2637.0,145.0,,,0.9089968976215098,0.39436619718309857,,1.58,0.13432961128368734,3.14,,17.0,0.5515339538090314,,,-2.1799508111852384,,3.5070655441926446,0.46068593679796316,,,,0.0,,,,59.32,
DCBBANK,2026-09-26,Financial Services,,6898.0,8.76,,0.6840332310966841,,1.0541871921182266,,12.0,0.8947529777787872,7.4,,,,12.80639536467465,,21.597139685089385,,,,,,,0.68,,,,16.22,
DCI,2026-09-26,,,495.0,22.7,,,0.6547619047619048,4.596651445966514,,23.6,5.898123324396782,22.9,,4.9,2.91005291005291,,,,,,0.8130841121495327,,,,0.03,,,,62.2,
DCMFINSERV,2026-09-26,,,11.1,,,,,-0.21826086956521737,,,-4.724409448818897,-4.86,,-163.64,,,,,,,-1.3596233078281341,,,,0.0,,,,39.5,
DCMNVL,2026-09-26,,,335.0,11.2,,,0.3154425612052731,1.0170454545454546,,1.15,3.8147138964577656,4.27,,8.0,2.6365348399246704,,,-24.8624908498565,,-0.589343711080137,0.9969604863221885,,,,0.0,,,,50.11,
DCMSHRIRAM,2026-09-26,Diversified,,15193.0,11.1,,0.23403555740297957,1.0977601156069363,1.9676767676767677,,11.5,10.173574211831385,11.5,,11.0,10.375722543352602,47.42869042282838,,6.0620587282504745,,8.21263507807457,0.37901970954356845,,,,1.15,,,,66.53,
DCMSIL,2026-09-26,,,731.0,301.0,,,1.6390134529147982,1.9580419580419581,,2.75,-2.901023890784983,3.57,,3.3,-3.811659192825112,,,,,,0.19839142091152814,,,,0.48,,,,50.11,
DCMSRIND,2026-09-26,,,345.0,5.67,,13.116436950063724,0.17336683417085427,0.3780952380952381,,11.8,3.128205128205128,13.7,,7.0,3.0653266331658293,0.432282030675446,,-1.2118116957887115,,-5.40529748417129,0.33114035087719296,,,,1.01,,,,50.11,
DCW,2026-09-26,,,1438.0,,,,1.1476456504389465,1.8587786259541987,,-0.73,-0.3250270855904659,1.23,,5.0,-0.4788507581803671,,,,,1.9347140093446624,1.3910714285714285,,,,0.62,,,,45.59,
DCXINDIA,2026-09-26,,,1804.0,,,,2.891025641025641,1.1911764705882353,,-0.53,-0.9510223490252021,0.87,,-4.7,-3.205128205128205,,,,,-24.044679586121376,0.0019828155981493722,,,,0.0,,,,52.17,
DDEVPLSTIK,2026-09-26,,,2651.0,12.4,,2.2543207456520062,0.8368055555555556,2.6149131767109295,,21.8,14.750692520775624,31.0,,10.0,6.723484848484848,5.500548235612146,,,,9.227854890090237,0.0562685093780849,,,,0.68,,,,74.99,
DECCANCE,2026-09-26,,,775.0,,,,1.1008522727272727,1.0335820895522387,,1.89,0.5844535359438925,3.33,,9.0,1.4204545454545454,,,,,,1.0026631158455392,,,,0.09,,,,56.24,
DECNGOLD,2026-09-26,,,4232.0,,,,302.2857142857143,8.48605577689243,,-17.2,-7.992895204262878,-15.9,,-224.0,-321.42857142857144,,,,,67.10993116548616,0.1028225806451613,,,,0.0,,,,20.53,
DEEDEV,2026-09-26,,,5012.0,61.1,,1.8584014643187377,4.131904369332234,5.162790697674419,,9.31,4.158004158004158,10.7,,17.0,6.595218466611706,32.877718390303976,,8.437822580070598,,15.414736899287384,0.8662921348314607,,,,0.15,,,,65.13,
DEEP,2026-09-26,,,110.0,15.2,,,1.114262560777958,1.0483870967741935,,6.94,4.598168870803663,8.74,,14.13,6.867909238249595,-11.937422726341328,,26.04774247635946,,-6.419054394540213,0.28638050823260686,,,,0.0,,,,65.89,
DEEPAKFERT,2026-09-26,Chemicals,,17216.0,17.5,,0.5925591100113684,1.4223397224058163,2.5166051660516606,,10.9,6.0499969289355695,11.4,,17.0,8.137805684071381,29.532918664712216,,6.749365832878995,,11.738573811614783,0.8284628872004676,,,,0.73,,,,45.63,
DEEPAKNTR,2026-09-26,Chemicals,,21647.0,27.3,,,2.5244314868804665,3.707943925233645,,9.82,9.047839149526231,11.4,,16.0,9.131195335276967,-1.145680132477911,,-5.987324450242404,,3.7337174995244693,0.2806236080178174,,,,0.47,,,,49.34,
DEEPINDS,2026-09-26,,,4999.0,12.0,,0.6460169686845815,5.153608247422681,2.503205128205128,,19.2,8.695652173913043,16.5,,39.0,23.09278350515464,18.575363468291517,,23.40935696795583,,31.456264298467595,0.10155077538769385,,,,0.32,,,,63.49,
DELHIVERY,2026-09-26,Services,,31673.0,266.0,,,2.8419021982951995,3.2790697674418605,,-0.21,0.727870392110824,1.01,,6.0,0.8344549125168237,,,,,11.032382341596957,0.15102714978837617,,,,0.0,,,,,
DELTACORP,2026-09-26,,,2058.0,13.4,,,3.0579494799405644,0.9131985731272295,,3.52,-6.188411509657075,5.08,,18.0,-23.328380386329865,,,,,-7.415190498139868,0.021758436944937832,,,,0.65,,,,34.46,
DELTAMAGNT,2026-09-26,,,62.0,,,,0.9253731343283582,26.9811320754717,,-12.5,-16.176470588235293,-0.45,,2.9,-16.417910447761194,,,,,0.0,20.0,,,,0.0,,,,72.12,
DEN,2026-09-26,,,1259.0,8.49,,,1.2899590163934427,0.3329129886506936,,1.17,3.4321737100163436,3.23,,6.0,15.061475409836063,-11.587034350977522,,-3.3622511610897354,,-3.3486240236163645,0.005284015852047556,,,,0.0,,,,74.9,
DENORA,2026-09-26,,,407.0,33.4,,,3.5391304347826087,3.139344262295082,,2.25,7.5,5.83,,9.0,10.434782608695652,-13.77050270470085,,-4.62912241533191,,15.830262405076923,0.0,,,,0.52,,,,53.68,
DENTA,2026-09-26,,,739.0,13.8,,,3.053719008264463,1.6104651162790697,,14.0,11.15702479338843,18.8,,27.0,22.31404958677686,-13.984836567875547,,-24.16111623712712,,0.4166714792755988,0.026143790849673203,,,,0.9,,,,71.91,
DEVIT,2026-09-26,,,127.0,22.7,,0.22429755463791817,0.6649214659685864,1.1494845360824744,,1.28,40.21164021164021,3.46,,1.6,39.79057591623037,101.20484833927162,,267.68325745050885,,5.2114904759523295,0.28440366972477066,,,,0.45,,,,41.58,
DEVX,2026-09-26,,,340.0,29.5,,,1.5178571428571428,1.7821782178217822,,6.6,1.5527950310559007,11.9,,50.0,4.464285714285714,-84.71092012860265,,,,27.52874551815927,2.0549450549450547,,,,0.0,,,,35.08,
DEVYANI,2026-09-26,Consumer Services,,16647.0,,,,2.8529562982005143,10.8,,-1.56,-0.4148148148148148,4.75,,15.0,-0.47986289631533846,,,,,17.948666720004034,2.485732814526589,,,,0.0,,,,61.37,
DGCONTENT,2026-09-26,,,139.0,8.17,,,0.27689243027888444,3.763779527559055,,11.6,0.3952569169960474,24.0,,7.0,0.199203187250996,-40.36131850925885,,-43.414892559145265,,6.549612222331147,2.6486486486486487,,,,0.0,,,,66.81,
DHAMPURSUG,2026-09-26,,,1123.0,16.0,,,0.5617808904452226,0.9408602150537635,,5.47,2.9399585921325055,6.43,,9.0,3.551775887943972,-18.96488721751379,,-12.808906977713319,,-2.683963182489957,0.7510442773600668,,,,1.15,,,,49.86,
DHANBANK,2026-09-26,,,1157.0,10.0,,0.38261741944456124,,0.7650130548302873,,7.15,0.5414822487993219,5.81,,,,26.135767719401848,,26.347090528323093,,,,,,,0.0,,,,,
DHANUKA,2026-09-26,,,4299.0,14.7,,1.0749799849255894,2.1125307125307127,3.09967845659164,,22.0,16.5,28.3,,20.0,14.594594594594595,13.674673208931921,,17.265480581278414,,11.249139343431569,0.05274411974340699,,,,0.21,,,,69.81,
DHARMAJ,2026-09-26,,,998.0,16.6,,1.554952420700073,0.8655680832610582,2.218045112781955,,13.3,7.13436385255648,16.8,,9.0,5.203816131830009,10.675567804528917,,,,20.804706068031997,0.29398663697104677,,,,0.0,,,,70.4,
DHATRE,2026-09-26,,,45.0,,,,4.93421052631579,0.9407744874715263,,-3.22,-3.716561159893813,-3.87,,-48.25,-19.956140350877195,,,,,-56.00515528294929,0.0,,,,0.0,,,,61.92,
DHOOTTRANS,2026-09-26,,,31920.0,71.3,,,7.05414364640884,,,24.0,9.668777398928398,24.4,,16.0,8.773480662983426,-55.461698155582525,,,,43.105753872192444,0.37700205338809034,,,,0.0,,,,82.78,
DHRUV,2026-09-26,,,40.8,,,,1.1027027027027025,0.5643044619422573,,-32.5,-29.411764705882355,-32.6,,-107.0,-94.5945945945946,,,,,-23.2998952219858,0.3194444444444444,,,,0.93,,,,49.44,
DHUNINV,2026-09-26,,,599.0,6.32,,0.24137713061818197,,0.2185415740329035,,0.66,3.198587127158556,3.24,,,,26.183093583945105,,-8.614556499852588,,,,,,,0.31,,,,74.95,
DIACABS,2026-09-26,Capital Goods,,21202.0,108.0,,0.8618748265380278,9.226283724978241,-30.782608695652176,,,8.02828618968386,26.5,,12.0,8.398607484769364,125.30821956340641,,,,88.51762862437633,-4.198675496688741,,,,0.0,,,,74.04,
DIAMINESQ,2026-09-26,,,250.0,,,,6.097560975609756,1.5796178343949046,,-7.93,-5.747126436781609,-8.26,,-23.0,-24.390243902439025,,,,,-26.6753206510719,0.050955414012738856,,,,0.4,,,,57.5,
DIAMONDYD,2026-09-26,,,2563.0,126.0,,,1.5505142165759225,3.71875,,3.14,2.1929824561403506,1.15,,3.8,1.2099213551119177,-24.359057001028017,,-14.397312672024775,,5.844921852414342,0.08862629246676514,,,,0.05,,,,56.77,
DICIND,2026-09-26,,,603.0,27.3,,1.9285481389356358,1.1988071570576542,2.83982683982684,,10.8,6.451612903225806,15.2,,8.0,4.3737574552683895,14.155726501629795,,,,10.480691648103612,0.2028301886792453,,,,0.46,,,,71.75,
DIFFNKG,2026-09-26,,,1611.0,29.1,,2.8604779813318912,3.694954128440367,3.9814814814814814,,12.4,10.784313725490197,15.8,,14.0,12.614678899082568,10.173124977683102,,-20.31615904529306,,16.1842425810655,0.07160493827160494,,,,0.35,,,,69.76,
DIGIDRIVE,2026-09-26,,,70.9,11.5,,0.9486889522295686,1.5149572649572651,0.26099290780141843,,2.01,1.8619863346394223,2.85,,-2.48,12.286324786324787,12.121992116565906,,,,-0.5842735074873762,0.0032000588516570417,,,,0.0,,,,61.75,
DIGISPICE,2026-09-26,,,377.0,15.4,,0.9079808821741358,0.8396436525612472,1.61,,9.57,2.357320099255583,12.1,,5.0,4.231625835189309,16.96070952851465,,28.31352329086403,,0.7536079271700524,0.3574468085106383,,,,0.0,,,,72.64,
DIGITIDE,2026-09-26,,,1172.0,1037.0,,,0.37564102564102564,1.3985765124555158,,-0.74,-0.04911591355599214,10.3,,11.0,-0.03205128205128205,,,,,,0.6336515513126492,,,,0.0,,,,57.33,
DIGJAMLMTD,2026-09-26,,,109.0,28.2,,,2.9627616200054363,24.615384615384617,,47.2,-1.5195947747267395,5.21,,10.6,-3.0986681163359604,,,,,147.72593368368186,13.604072398190047,,,,0.0,,,,75.0,
DISAQ,2026-09-26,,,1712.0,31.9,,5.264165575016525,4.175609756097561,5.611534795042898,,19.7,10.73684210526316,26.6,,16.0,12.439024390243903,6.059839787600119,,5.800162104635809,,7.612483174608897,0.0,,,,1.7,,,,74.82,
DISHTV,2026-09-26,,,436.0,,,,0.39672429481346677,-0.10772727272727273,,,-56.988020536223615,,,-17.0,-90.90081892629664,,,,,-16.042029955920924,-0.007667573583972298,,,,0.0,,,,4.23,
DIVGIITTS,2026-09-26,,,3531.0,55.8,,3.3283033705029057,8.447368421052632,5.552884615384615,,7.59,8.571428571428571,10.2,,22.0,15.07177033492823,16.765298648713213,,4.293034546523211,,18.2184480011945,0.0031496062992125984,,,,0.28,,,,60.56,
DIVISLAB,2026-09-26,Healthcare,,255368.0,85.7,,3.8475479283272978,22.73980409617097,15.245641838351823,,16.5,14.611119436535292,22.0,,35.0,26.046304541406943,22.273926562172196,,-0.24147906842665323,,12.70130272157175,0.0004176361792255832,,,,0.31,,,,51.88,
DIXON,2026-09-26,Consumer Durables,,81907.0,43.6,,0.6117441395998701,1.5878065329068527,17.41222366710013,,18.9,10.87092731829574,29.2,,3.6,4.036056993312009,71.27162677605365,,57.31795398636588,,42.864288990618135,0.21252939918751337,,,,0.07,,,,28.55,
DJML,2026-09-26,,,258.0,21.9,,0.7194614073357661,1.7315436241610738,2.7300380228136882,,14.1,8.571428571428571,16.5,,18.0,8.053691275167784,30.439436746298565,,,,37.75386862422607,0.43333333333333335,,,,0.21,,,,56.33,
DLF,2026-09-26,Realty,,169064.0,39.3,,2.2226603826059517,25.016868896123114,3.7119565217391304,,9.5,6.051861430613218,6.32,,18.0,65.78869488014205,17.68151369752802,,24.27012684602703,,1.688060127797275,0.006729267917225607,,,,1.17,,,,74.08,
DLINKINDIA,2026-09-26,,,1494.0,13.9,,2.7623582244212743,0.8935406698564593,2.964788732394366,,18.1,13.19358816276202,25.9,,8.0,6.399521531100478,5.0319324543478094,,20.477314171868642,,10.595961194984739,0.029644268774703556,,,,6.18,,,,51.02,
DMART,2026-09-26,Consumer Services,,250084.0,81.8,,12.783240727018867,3.509655327270686,10.224,,12.9,10.356392709533166,17.2,,8.0,4.29016503873358,6.399003331534403,,15.295437626850905,,11.948237146759254,0.09912524525833878,,,,0.0,,,,74.48,
DMCC,2026-09-26,,,762.0,19.0,,0.3720840961415466,1.076271186440678,3.0653266331658293,,11.5,8.968609865470851,14.8,,11.0,5.649717514124294,51.06372510146766,,13.368382817070202,,29.236881924659897,0.4435483870967742,,,,0.82,,,,53.84,
DNAMEDIA,2026-09-26,,,29.8,,,,4.005376344086021,-0.11767441860465115,,,-3.452792622864927,-1.17,,-6.45,-88.57526881720429,,,,,-8.46221476448349,-1.7271179730799684,,,,0.0,,,,62.17,
DODLA,2026-09-26,,,6270.0,25.4,,1.9350695245328093,1.4527340129749768,3.737410071942446,,16.4,11.74496644295302,16.7,,7.0,5.676552363299351,13.126143364865616,,12.699910326817676,,11.3637392499649,0.034050179211469536,,,,0.48,,,,58.92,
DOLATALGO,2026-09-26,,,1188.0,8.25,,,2.74364896073903,1.0514018691588785,,12.1,9.375,18.1,,57.0,33.25635103926097,-2.9180267701061635,,-2.968095111400637,,4.724633394004241,0.251105216622458,,,,0.15,,,,74.49,
DOLLAR,2026-09-26,,,1534.0,13.7,,1.818978256620217,0.81293057763646,1.6167664670658684,,11.8,7.249190938511327,13.6,,11.0,5.9353471118177,7.531700805184727,,-5.280187320096131,,6.277122248242484,0.3069620253164557,,,,1.11,,,,72.58,
DOLPHIN,2026-09-26,,,2750.0,38.2,,0.2833208833388479,19.23076923076923,7.771493212669683,,21.9,11.842105263157894,14.9,,57.0,50.349650349650354,134.829453973971,,,,187.7806543156078,0.5750708215297451,,,,0.0,,,,74.99,
DOMS,2026-09-26,Fast Moving Consumer Goods,,12641.0,58.2,,4.69650871794143,5.191375770020534,10.36318407960199,,20.7,13.278495887191538,24.3,,16.0,9.281314168377824,12.392183959473236,,-37.82436350974636,,16.575789676253926,0.11557377049180328,,,,0.18,,,,63.38,
DONEAR,2026-09-26,,,430.0,9.36,,0.9602434525921814,0.46336206896551724,1.5526315789473681,,17.0,5.39906103286385,13.7,,10.0,4.956896551724138,9.74752806148549,,,,5.115573867551393,1.5471014492753623,,,,0.24,,,,74.56,
DPABHUSHAN,2026-09-26,,,3236.0,79.8,,,1.8726851851851851,22.870967741935484,,34.5,9.903381642512077,24.4,,4.3,2.372685185185185,,,,,,1.2318840579710144,,,,0.0,,,,74.89,
DRAGARWQ,2026-09-26,,,2517.0,33.0,,1.948625607755672,5.064386317907445,7.264993026499303,,24.2,9.921671018276761,17.2,,30.0,15.29175050301811,16.935013000269315,,25.195220781727336,,15.928060091108476,0.9421965317919075,,,,0.13,,,,72.67,
DRCSYSTEMS,2026-09-26,,,183.0,8.58,,0.4737113528212535,1.811881188118812,1.6261203585147248,,22.6,13.636363636363635,25.4,,27.0,20.792079207920793,18.11229549154907,,89.07902334789325,,28.14255493482365,0.0,,,,0.0,,,,20.63,
DREAMFOLKS,2026-09-26,,,337.0,,,,0.9601139601139601,1.0747028862478778,,3.76,-5.989583333333334,5.77,,-13.0,-6.552706552706552,,,,,-32.37554911243924,0.03821656050955414,,,,0.0,,,,65.72,
DREDGECORP,2026-09-26,,,2757.0,70.1,,12.053843444513706,2.0854765506807866,2.2184684684684686,,0.39,1.2720156555772992,4.28,,20.0,2.950075642965204,5.8155724622345195,,61.44753837722163,,11.801279266186683,0.883739837398374,,,,0.0,,,,73.47,
DRREDDY,2026-09-26,Healthcare,,100245.0,31.1,,,3.0168833513903937,2.645374449339207,,11.2,5.625961079590646,13.0,,15.0,9.579270494763453,-16.729822039847054,,8.038936928703965,,5.85836844467662,0.20410640768499946,,,,0.67,,,,26.63,
DSSL,2026-09-26,,,1301.0,15.3,,0.9387313694540432,0.9233498935415189,4.133603238866397,,31.0,8.390918065153011,30.3,,11.0,6.0326472675656495,16.298592438535774,,35.5198572368284,,11.225323820461263,0.7523809523809524,,,,0.05,,,,60.89,
DTIL,2026-09-26,,,147.0,,,,0.3333333333333333,0.2777777777777778,,-2.33,-1.2435233160621761,1.8,,-2.5,-2.7210884353741496,,,,,3.7402199892106136,0.47735849056603774,,,,1.43,,,,69.0,
DUCON,2026-09-26,,,89.7,8.95,,0.9567966256420932,0.21666666666666667,0.5397923875432525,,6.58,3.278688524590164,9.33,,6.0,2.4154589371980677,9.354129979287684,,13.564157249607756,,-0.3993652771972278,0.6325301204819277,,,,0.0,,,,38.08,
DVL,2026-09-26,,,1015.0,5.32,,0.6470590534965093,2.291196388261851,0.308839190628328,,4.86,3.9155391553915537,6.74,,-12.0,43.115124153498876,8.22181525975465,,-11.583122760735787,,1.076177951789803,0.2895377128953771,,,,1.73,,,,75.0,
DWARKESH,2026-09-26,,,834.0,,,,1.5027027027027027,,,,,,,11.0,-1.6216216216216217,,,,,,,,,,0.22,,,,42.15,
DYCL,2026-09-26,,,2214.0,24.3,,0.8118835567128874,1.7229571984435799,4.841101694915254,,19.9,13.323572474377746,26.2,,11.0,7.081712062256809,29.930400485489074,,21.802583884835936,,18.717288620051576,0.09409190371991247,,,,0.11,,,,68.18,
DYNAMATECH,2026-09-26,Capital Goods,,8933.0,152.0,,,5.333134328358209,10.513988808952838,,6.67,2.27027027027027,10.2,,12.0,2.5074626865671643,-29.639525796578603,,22.354582851717055,,5.437280105930253,0.8035264483627204,,,,0.08,,,,41.5,
DYNPRO,2026-09-26,,,285.0,14.0,,0.18473121206007448,0.7681940700808625,1.1624365482233503,,8.53,4.842615012106537,11.3,,14.0,5.3908355795148255,75.78578543320123,,6.346366932196035,,9.316366964343793,0.2979591836734694,,,,0.65,,,,29.42,
EASEMYTRIP,2026-09-26,,,2359.0,,,,4.235188509874327,2.6909090909090905,,-0.46,-4.9916805324459235,0.61,,-6.0,-10.771992818671453,,,,,-1.955650048253943,0.043640897755610975,,,,0.0,,,,43.56,
EASTWEST,2026-09-26,,,30.6,,,,0.16020942408376965,0.4878048780487805,,-6.13,-1.9736842105263157,2.5,,1.3,-1.5706806282722512,,,,,-2.802145766417763,1.1428571428571428,,,,0.0,,,,60.29,
EBGNG,2026-09-26,,,7627.0,53.6,,,3.8307383224510296,10.06015037593985,,26.8,11.323763955342903,20.2,,11.0,7.132094424912104,-90.24094514782176,,-70.08564694198182,,20.497027243430765,0.5870712401055409,,,,0.0,,,,74.78,
EBIX,2026-09-26,,,375.0,,,,0.15381460213289583,-0.1906318082788671,,,-11.702402479979334,5.95,,4.1,-18.580803937653815,,,,,,-0.695675105485232,,,,0.0,,,,42.7,
ECLERX,2026-09-26,Services,,17858.0,24.5,,1.7517054066929,4.1194925028835065,6.981617647058823,,28.4,19.750745055540502,34.4,,25.0,16.81660899653979,13.986370029110272,,13.454015737897528,,14.0000197757854,0.15033190160093712,,,,0.05,,,,54.53,
ECORECO,2026-09-26,,,808.0,33.6,,3.2244322696595242,14.690909090909091,7.312390924956371,,23.6,17.77777777777778,30.8,,59.0,43.63636363636363,10.420439069587871,,13.584454687410163,,25.237643157623534,0.03636363636363636,,,,0.24,,,,73.35,
ECOSMOBLTY,2026-09-26,,,651.0,11.1,,,0.7768496420047732,2.443438914027149,,20.5,14.285714285714285,28.0,,11.0,7.040572792362769,-2.0240569841764144,,-77.35292936255851,,15.279538917449553,0.03018867924528302,,,,2.2,,,,67.79,
EDELWEISS,2026-09-26,Financial Services,,12952.0,20.6,,1.6327992895176642,1.2325846973734298,2.807377049180328,,14.2,1.6543904082533634,14.1,,28.0,6.775789874381425,12.616370016969647,,26.072941947081407,,3.3353131549824333,4.022279904823708,,,,1.1,,,,32.26,
EFCIL,2026-09-26,,,2659.0,10.3,,0.20012529333136567,2.4172727272727275,3.2967032967032965,,33.4,9.68586387434555,19.8,,44.0,23.545454545454543,51.46775716623362,,351.6807374349202,,37.9514344501247,1.742255266418835,,,,0.0,,,,56.08,
EICHERMOT,2026-09-26,Automobile and Auto Components,,202048.0,34.7,,2.6854993949151296,8.082566605328426,8.043715846994536,,24.0,17.948638229075986,30.5,,25.0,23.093847507800625,12.92124662761156,,27.965484707876854,,14.769088736516656,0.020478087649402392,,,,1.11,,,,49.03,
EIDPARRY,2026-09-26,Fast Moving Consumer Goods,,12541.0,15.4,,,0.32292203110516016,1.4300202839756593,,7.85,4.200328632069013,17.0,,9.0,3.1594396951282313,-19.813559673048143,,-12.560087788626728,,9.706339166373246,0.4024640657084189,,,,0.0,,,,41.28,
EIEL,2026-09-26,Utilities,,3490.0,19.0,,2.0677496353205913,2.7610759493670884,2.8347578347578346,,16.8,9.353574926542606,20.2,,23.0,15.110759493670885,9.188733333788823,,-40.783998004530844,,20.13600390556054,0.3422546634225466,,,,0.0,,,,70.19,
EIHAHOTELS,2026-09-26,,,1793.0,155.0,,8.949646154145206,9.101522842639595,17.396449704142015,,11.5,3.116883116883117,13.2,,28.0,6.091370558375635,17.31912048033415,,1.708565781638982,,5.661454563503887,2.233009708737864,,,,1.19,,,,75.0,
EIHOTEL,2026-09-26,Consumer Services,,18429.0,25.4,,6.961415667327935,6.096261991399272,3.503562945368171,,14.5,11.316432498472816,20.7,,34.0,24.51207409857757,3.6486831434603184,,,,6.380937057450264,0.04789053591790194,,,,0.51,,,,32.85,
EIMCOELECO,2026-09-26,,,1328.0,34.7,,0.6852231567022611,5.824561403508772,3.4409566517189836,,10.4,8.666666666666668,13.2,,18.0,17.105263157894736,50.64043685709476,,10.716902180676712,,21.858202395720227,0.0,,,,0.17,,,,48.96,
EKC,2026-09-26,,,1237.0,9.31,,1.1479266449619758,0.865034965034965,0.88,,11.3,6.599788806758183,11.6,,13.0,8.741258741258742,8.11027432881688,,-13.916901584929642,,5.350481969642984,0.1908506075768406,,,,0.63,,,,67.38,
EKI,2026-09-26,,,280.0,,,,3.4146341463414633,0.7372262773722628,,-3.9,-5.656934306569343,-3.84,,-24.0,-37.80487804878049,,,,,-32.191203775863166,0.013157894736842105,,,,1.98,,,,65.89,
ELANTAS,2026-09-26,,,11004.0,62.0,,6.927068534758875,11.743863393810033,9.964824120603016,,15.7,13.5258358662614,21.2,,23.0,18.996798292422625,8.950395060896877,,21.566673735812447,,11.278234341183602,0.0,,,,0.05,,,,75.0,
ELCIDIN,2026-09-26,,,2076.0,21.8,,,18.05217391304348,0.23935139921415263,,1.21,0.95,1.43,,95.0,82.6086956521739,-18.404645519059095,,-0.9308018491983039,,-21.196895702375606,0.0,,,,0.02,,,,75.0,
ELDEHSG,2026-09-26,,,753.0,20.8,,9.048700713591519,4.07027027027027,1.8866995073891626,,6.2,3.418803418803419,7.72,,24.0,19.45945945945946,2.2986725562441856,,-6.523219280494919,,18.209188312271117,0.385,,,,1.18,,,,54.83,
ELECON,2026-09-26,Capital Goods,,10283.0,34.0,,,4.291736227045075,4.446601941747573,,16.4,7.2974644403215825,20.9,,21.0,9.84974958263773,-12.743115687733386,,10.961113842963211,,7.345966607720222,0.11843817787418655,,,,0.44,,,,59.28,
ELECTCAST,2026-09-26,Capital Goods,,4472.0,28.1,,,0.7729001036985828,0.7546972860125261,,3.04,1.2789345735123137,5.0,,5.0,2.091254752851711,-45.291605032729365,,-19.616179267143117,,-8.195425336450112,0.2635043889264011,,,,1.24,,,,50.14,
ELECTHERM,2026-09-26,,,1113.0,,,,0.2951471758154336,-7.214876033057851,,,-1.7883755588673622,0.45,,0.1,-0.9546539379474941,,,,,-4.072801176080221,-6.909090909090909,,,,0.0,,,,29.86,
ELGIEQUIP,2026-09-26,Capital Goods,,19110.0,41.2,,3.2235762371083583,4.6092619392185235,8.565340909090908,,19.0,12.662521198417185,22.1,,15.0,10.805595754944525,12.780836241973791,,20.20616819673191,,8.813075649478508,0.23879928315412186,,,,0.45,,,,31.19,
ELGIRUBCO,2026-09-26,,,275.0,,,,0.7834757834757835,3.642384105960265,,-67.5,-45.622119815668206,-12.9,,-17.0,-56.41025641025641,,,,,-3.1187045691125626,4.118421052631579,,,,0.0,,,,65.03,
ELIN,2026-09-26,,,440.0,25.7,,,0.3247232472324723,0.7910714285714285,,4.07,-1.0443864229765014,6.64,,3.1,-0.5904059040590406,,,,,9.150029833497108,0.030575539568345324,,,,0.0,,,,32.97,
ELITECON,2026-09-26,,,1451.0,8.96,,,0.28591133004926106,4.1651376146788985,,63.6,9.424350483953132,46.3,,4.5,3.645320197044335,,,,,1618.4834297326877,0.8108882521489972,,,,0.55,,,,59.43,
ELLEN,2026-09-26,Chemicals,,5193.0,43.0,,,14.546218487394958,5.31024531024531,,12.9,9.314857582755966,14.5,,35.0,33.89355742296919,-50.169214212426304,,-33.83609470522321,,9.893493230254013,0.18833162743091095,,,,0.0,,,,77.15,
ELPROINTL,2026-09-26,,,2912.0,22.5,,1.5281970715093238,5.135802469135802,1.4333333333333333,,4.35,3.565505804311774,6.61,,36.0,22.75132275132275,14.723231983279405,,-34.33867537071821,,30.18171198084234,0.5952732644017725,,,,0.41,,,,75.0,
EMAMILTD,2026-09-26,Fast Moving Consumer Goods,,16991.0,22.4,,19.76926486416194,4.3399744572158365,5.8059701492537314,,26.2,19.57713390759593,28.1,,25.0,19.157088122605366,1.1330719758126717,,-2.0485831531422916,,3.0458430575324824,0.05540355677154583,,,,2.57,,,,54.84,
EMAMIREAL,2026-09-26,,,356.0,,,,3.827956989247312,-1.2084805653710249,,,-6.733275412684622,-6.9,,-119.0,-166.66666666666669,,,,,15.093563778777842,-8.07258064516129,,,,0.0,,,,73.42,
EMBDL,2026-09-26,Realty,,8075.0,,,,6.383399209486166,0.8183098591549296,,-9.19,-4.384986993682646,-2.44,,-47.0,-74.62450592885375,,,,,45.10979485289353,0.539319010944467,,,,0.0,,,,42.65,
EMCURE,2026-09-26,Healthcare,,37005.0,35.9,,1.4527603546846017,3.821646184033874,7.475095785440613,,20.1,10.710531847803237,24.0,,20.0,10.523598058452958,24.711577435491062,,7.811958207314484,,13.297948734870136,0.30727272727272725,,,,0.18,,,,77.83,
EMIL,2026-09-26,Consumer Services,,7703.0,39.3,,10.099586922600926,0.9796515324939591,4.728132387706856,,6.24,5.425335791414274,8.17,,7.0,2.6198651914027726,3.8912482561097805,,9.148491578680474,,7.752576763587249,1.2281672816728166,,,,0.0,,,,65.17,
EMKAY,2026-09-26,,,755.0,38.7,,,1.8922305764411027,1.8620689655172413,,4.52,1.1494252873563218,8.01,,8.0,5.012531328320802,-17.680472344521448,,-11.783469621593934,,8.084131628320756,0.2894736842105263,,,,0.55,,,,72.83,
EMMVEE,2026-09-26,Capital Goods,,22287.0,17.5,,,3.9955181068483325,6.0299625468164795,,50.7,22.07207207207207,44.6,,35.0,22.83972750089638,-10.841679600171261,,8.504405213438936,,80.27984964011274,0.09745533297238766,,,,0.31,,,,80.03,
EMPIND,2026-09-26,,,622.0,160.0,,1.3529927179592447,8.132845188284518,,,15.1,3.815163576351811,16.8,,-1.16,5.1385983263598325,118.25636448460143,,,,4.998039675056565,0.9524160826263371,,,,2.41,,,,72.55,
EMPOWER,2026-09-26,,,218.0,11.3,,0.2921991499577357,1.329268292682927,0.6750902527075813,,5.75,4.4186046511627906,5.29,,1.6,11.585365853658537,38.672254870126956,,,,11.914406375165543,0.11180124223602485,,,,0.0,,,,15.02,
EMSLIMITED,2026-09-26,,,1971.0,28.9,,,3.023006134969325,1.868421052631579,,8.91,5.184072126220887,12.8,,17.0,10.582822085889571,-23.509983737605666,,-28.671632597857887,,-6.317572395373272,0.14583333333333334,,,,0.42,,,,69.7,
EMUDHRA,2026-09-26,,,5411.0,47.0,,3.07036584566968,7.263087248322147,5.9363636363636365,,12.6,9.64550700741962,15.7,,23.0,15.704697986577182,15.307622075814486,,18.677952993727985,,25.935783075415706,0.031833150384193196,,,,0.19,,,,54.4,
ENDURANCE,2026-09-26,Automobile and Auto Components,,37218.0,37.8,,3.0154409008928247,2.3869933299127757,5.444444444444445,,14.9,8.354146929635691,17.8,,13.0,6.221139045664444,12.535480297029867,,16.055197032563683,,15.041133807540241,0.1939774886712469,,,,0.43,,,,75.0,
ENERGYDEV,2026-09-26,,,72.4,302.0,,,1.7111793902150791,18.536585365853657,,33.2,-2.0505431168255375,14.3,,55.47,-8.744977546679273,,,,,12.130995189024695,35.16112531969312,,,,0.0,,,,58.14,
ENGINERSIN,2026-09-26,Construction,,17741.0,22.6,,1.0867349688838446,4.574780814853017,5.642857142857143,,23.4,13.358323394104618,30.4,,19.0,20.216606498194945,20.796238868812544,,41.28197179710873,,5.73055813507537,0.00540368722186904,,,,1.58,,,,51.32,
ENIL,2026-09-26,,,472.0,353.0,,,0.8398576512455516,0.6232704402515723,,0.25,-0.6633499170812603,-0.75,,8.0,-1.4234875444839856,,,,,1.4654096965215357,0.22559366754617413,,,,2.02,,,,71.15,
ENKEIWHEL,2026-09-26,,,698.0,27.4,,1.1902963630019305,0.6182462356067316,2.917293233082707,,4.13,3.6363636363636362,7.66,,10.0,1.9486271036315321,23.019477208934024,,5.992438652989063,,16.393029760041134,0.875,,,,0.0,,,,74.97,
ENRIN,2026-09-26,Capital Goods,,117983.0,77.3,,,12.503497244595167,24.54074074074074,,50.5,14.562536699941282,67.8,,21.0,15.769393810936839,,,,,,0.04488778054862843,,,,0.12,,,,75.0,
ENTERO,2026-09-26,Consumer Services,,7929.0,61.4,,1.2939938192732698,1.1123737373737375,4.695876288659794,,6.94,4.666666666666667,10.5,,4.4,2.356902356902357,47.449994803285335,,,,22.035644909991035,0.40082889283599765,,,,0.0,,,,52.4,
EPACK,2026-09-26,,,1736.0,,,,0.8196411709159585,1.8036072144288577,,0.33,-0.3193612774451098,4.54,,4.9,-0.3777148253068933,,,,,14.256049477050258,0.7697916666666667,,,,0.0,,,,46.44,
EPACKPEB,2026-09-26,,,2469.0,26.0,,,1.5469924812030076,3.356164383561644,,17.0,6.657323055360898,21.7,,10.0,5.952380952380952,-56.0196516305851,,-28.473339568658616,,20.817015305318588,0.1566757493188011,,,,0.0,,,,64.95,
EPIGRAL,2026-09-26,,,4576.0,16.9,,1.6824657149945519,1.7425742574257426,2.0601941747572816,,16.0,7.731811697574893,15.5,,22.0,10.31987814166032,10.044781209734621,,0.6425762539211899,,10.82919140790628,0.2575416479063485,,,,0.47,,,,68.83,
EPL,2026-09-26,Capital Goods,,7627.0,18.6,,0.8540580504751255,1.512393416617093,2.6681614349775784,,15.7,8.126550868486353,17.8,,20.0,7.792980368828078,21.778379103917512,,12.249165039578758,,8.796626277644016,0.3365990202939118,,,,1.05,,,,26.38,
EQUITASBNK,2026-09-26,Financial Services,,7669.0,15.0,,,,1.2476722532588453,,1.68,0.8414453060551065,6.43,,,,-14.050183333067556,,14.818508474958803,,,,,,,0.0,,,,,
ERIS,2026-09-26,Healthcare,,17466.0,26.6,,1.520203382971209,5.4074303405572754,4.464539007092198,,18.7,9.349992980485752,14.1,,35.0,20.61919504643963,17.497658733011633,,9.365465147351792,,17.149613972041735,0.6044068665129387,,,,0.57,,,,54.14,
ESABINDIA,2026-09-26,,,8508.0,159.0,,,25.097345132743364,81.76035502958581,,59.3,33.33333333333333,90.8,,24.0,15.929203539823009,,,,,,0.0,,,,1.36,,,,73.72,
ESCORTS,2026-09-26,Capital Goods,,31949.0,22.4,,2.7133002027154944,2.6085075114304375,2.5822784810126582,,18.7,8.757598784194528,13.9,,12.0,11.291639451338995,8.255629059247438,,17.235673146542908,,7.70122054110276,0.013093025135375413,,,,1.16,,,,68.04,
ESSARSHPNG,2026-09-26,,,334.0,,,,,-0.161,,,28.706624605678233,,,-10969.0,,,,,,,-0.779064158224795,,,,0.0,,,,73.75,
ESSENTIA,2026-09-26,,,179.0,,,,0.3530571992110454,1.0515463917525774,,0.2,-0.0,1.87,,-0.1,-0.0,-51.92501432308638,,0.0,,22.323358566193253,0.25882352941176473,,,,0.0,,,,9.72,
ESTER,2026-09-26,,,898.0,,,,0.6113002042205582,1.0735660847880297,,-3.53,-0.11947431302270012,2.76,,8.0,-0.13614703880190604,,,,,11.385718444689141,0.9310344827586207,,,,0.29,,,,62.32,
ETERNAL,2026-09-26,Consumer Services,,323287.0,747.0,,156.63807905923346,4.79597377165915,10.436137071651089,,0.38,1.0633073031776434,2.48,,2.5,0.6423569902682175,4.768955317164725,,,,77.20445014617916,0.14822466107165913,,,,0.0,,,,,
ETHOSLTD,2026-09-26,Consumer Durables,,6831.0,64.7,,8.241014799160297,3.953125,4.591726618705036,,7.69,4.8247610377787895,10.4,,13.0,6.1342592592592595,7.85097485889632,,28.35849895160667,,20.040026687424707,0.2163978494623656,,,,0.0,,,,50.58,
EUREKAFORB,2026-09-26,Consumer Durables,,7175.0,35.3,,1.4920717802955286,2.560670949321913,1.5588235294117647,,4.28,2.687852687852688,5.91,,11.0,6.459671663097788,23.65837921886591,,135.2158045049347,,8.577738009229163,0.006305718634485757,,,,0.0,,,,62.55,
EUROBOND,2026-09-26,,,369.0,14.4,,,0.7123552123552124,2.312404287901991,,17.6,6.701030927835052,16.5,,11.0,5.019305019305019,,,,,,1.00625,,,,0.0,,,,63.93,
EUROPRATIK,2026-09-26,,,2178.0,25.3,,,5.823529411764706,7.02970297029703,,29.3,22.16624685138539,36.9,,31.0,23.52941176470588,-70.14752990521016,,,,19.16803444819315,0.07741935483870968,,,,0.09,,,,73.91,
EVEREADY,2026-09-26,,,2341.0,14.7,,0.3798704878318169,1.5721961047683009,3.7572928821470244,,18.5,14.662273476112025,17.2,,12.0,11.9543317662861,38.697399431851224,,30.859097734168817,,4.255692537867017,0.32423756019261635,,,,0.78,,,,43.6,
EXCELINDUS,2026-09-26,,,1168.0,16.4,,0.2675396822358827,1.082483781278962,0.6856088560885609,,4.62,3.3729216152019,6.17,,10.0,6.580166821130677,61.2993177794857,,-15.034787254444204,,9.315177874411006,0.004697592483852026,,,,1.48,,,,51.86,
EXCELSOFT,2026-09-26,,,997.0,20.0,,,3.356902356902357,1.7250996015936253,,9.85,6.932153392330384,13.6,,25.0,15.824915824915825,-62.568215324307694,,-46.347923788919864,,14.471424255333186,0.012110726643598616,,,,0.0,,,,59.08,
EXICOM,2026-09-26,,,2239.0,,,,1.7533281127642912,3.4401709401709404,,-40.8,-13.323278029160383,-14.7,,-7.0,-20.751761942051683,,,,,7.778030166140826,1.0952380952380953,,,,0.0,,,,65.2,
EXIDEIND,2026-09-26,Automobile and Auto Components,,36010.0,38.4,,18.936861131657707,1.9124754368261725,2.5853658536585367,,5.97,4.4160618342916385,8.54,,10.0,4.976366243560465,2.027791181074079,,-26.595277051027455,,3.9356965539546707,0.11326860841423948,,,,0.47,,,,45.99,
EXPLEOSOL,2026-09-26,,,1371.0,9.34,,0.6203669577342928,1.2026315789473685,1.766,,18.7,14.854682454251883,24.2,,16.0,12.105263157894736,15.055605208426304,,6.09910631276076,,5.712378877816238,0.010296010296010296,,,,12.4,,,,71.05,
EXXARO,2026-09-26,,,278.0,67.8,,3.1325020780467367,0.8553846153846154,0.9936,,1.01,0.819672131147541,4.31,,8.0,1.2307692307692308,21.644039911467992,,-25.794430304897066,,2.590139838686989,0.33214285714285713,,,,0.0,,,,42.07,
FABTECH,2026-09-26,,,648.0,13.3,,,1.5502392344497609,1.5466101694915253,,12.5,7.492354740061162,13.6,,11.0,11.722488038277511,-47.58695722252098,,-30.866155938479167,,22.750314698377693,0.16706443914081145,,,,0.41,,,,68.94,
FACT,2026-09-26,Chemicals,,50336.0,3399.0,,,9.509918760627244,36.69811320754717,,1.61,0.419350007488393,8.65,,2.0,0.5290005667863216,-64.32427352613139,,-39.758769564516484,,-5.125367344941578,2.7905454545454544,,,,0.03,,,,90.0,
FAZE3Q,2026-09-26,,,1068.0,35.1,,,1.1361702127659574,2.3333333333333335,,6.44,3.6630036630036633,10.1,,8.0,3.1914893617021276,-13.246447415879537,,-9.841307886847906,,18.493120103799754,0.6084070796460177,,,,0.0,,,,58.01,
FCL,2026-09-26,,,7043.0,57.6,,,6.959486166007905,7.981530343007916,,13.5,12.76962899050906,18.3,,17.0,14.624505928853754,-0.6211340376051422,,16.216334139411682,,21.159112110796976,0.009070294784580499,,,,0.21,,,,62.3,
FCSSOFT,2026-09-26,,,250.0,63.7,,,3.7901758641600973,0.6008230452674896,,0.82,0.6144326302945791,2.4,,7.96,4.275318374772589,,,,,21.582628329993025,-0.0,,,,0.0,,,,19.65,
FDC,2026-09-26,,,5552.0,18.0,,,2.535159817351598,2.2287581699346406,,11.2,10.037684138403563,15.4,,15.0,13.378995433789953,-1.4063522148298313,,6.987246508499156,,4.069572705000968,0.006036217303822937,,,,1.47,,,,69.65,
FEDDERSHOL,2026-09-26,,,1255.0,16.4,,,,1.740223463687151,,11.6,10.29940119760479,11.2,,,,-23.431913198818798,,-23.603724898514788,,,,,,,0.0,,,,65.84,
FEDERALBNK,2026-09-26,Financial Services,,79618.0,17.0,,2.8096978567601627,,1.9876543209876543,,11.6,1.20448367368764,6.39,,,,6.0504726367989425,,15.186823522071613,,,,,,,0.37,,,,,
FEDFINA,2026-09-26,Financial Services,,5690.0,14.9,,0.9543457705275832,,1.9437340153452685,,12.6,2.26962962962963,9.06,,,,15.61278989245476,,26.009692685666195,,,,,,,0.0,,,,60.67,
FERMENTA,2026-09-26,,,1379.0,25.2,,,2.6986301369863015,3.391304347826087,,16.4,8.950617283950617,20.6,,18.0,11.350293542074363,,,31.033315336204524,,15.113262937499105,0.27832512315270935,,,,0.8,,,,64.09,
FIBERWEB,2026-09-26,,,76.4,12.5,,,0.9098487555079195,0.43729372937293726,,6.55,3.232804232804233,8.03,,7.09,7.2764082410384665,-16.02481974073656,,-29.995790655833233,,-5.077964677368052,0.0025790921595598352,,,,0.0,,,,47.04,
FIEMIND,2026-09-26,Automobile and Auto Components,,5173.0,19.7,,1.1838833601399756,1.764324693042292,4.255411255411255,,22.6,15.461493239271018,29.3,,14.0,8.969986357435197,16.64015279146316,,22.784963783432154,,13.056092992924428,0.05432098765432099,,,,2.04,,,,54.51,
FILATEX,2026-09-26,,,4749.0,24.8,,0.8222778321257921,1.1158364661654134,3.1563421828908558,,12.9,7.732793522267206,19.0,,8.0,4.487781954887218,30.160122322507288,,35.83043808784867,,13.982528071238164,0.09973404255319149,,,,0.28,,,,65.47,
FILATFASH,2026-09-26,,,150.0,48.6,,,1.6812373907195697,0.06474820143884892,,0.12,0.12135731678579846,0.17,,4.11,3.463349024882313,,,,,-20.326663186423776,0.022859735153701582,,,,0.0,,,,2.02,
FINCABLES,2026-09-26,Capital Goods,,22343.0,27.9,,3.9430535769394512,3.2199164144689436,3.670854271356784,,12.3,11.444921316165951,16.0,,10.0,11.529038766392851,7.07573444174594,,5.9507554523638095,,11.439080316626704,0.0031219191587249424,,,,0.62,,,,35.86,
FINEORG,2026-09-26,,,15584.0,35.6,,17.131834882796902,6.3042071197411005,5.849252013808976,,16.5,14.60486828942981,21.5,,21.0,17.718446601941746,2.078002750058494,,11.033608765393875,,5.2041384364654775,0.025525525525525526,,,,0.22,,,,75.0,
FINKURVE,2026-09-26,,,971.0,49.3,,0.23022529854719703,,5.544,,13.3,10.75268817204301,14.3,,,,214.13806523913928,,91.61790585463947,,,,,,,0.0,,,,56.21,
FINOPB,2026-09-26,,,1067.0,43.6,,,,1.322314049586777,,6.76,0.3953313253012048,4.41,,,,-37.659350595454356,,-13.355276429063167,,,,,,,0.0,,,,75.0,
FINPIPE,2026-09-26,Capital Goods,,9565.0,15.5,,1.6952941942214677,2.419069296914517,1.54,,8.57,8.096366508688783,11.8,,18.0,15.553869499241275,9.142955867384472,,-10.149674816708709,,-2.885322541458102,0.07176186645213194,,,,1.3,,,,52.47,
FIRSTCRY,2026-09-26,Consumer Services,,9441.0,,,,1.0738171064604185,1.9567567567567568,,-2.37,-2.048438207333635,0.57,,3.3,-2.058689717925387,,,,,10.700237506228106,0.33022581313445204,,,,0.0,,,,,
FISCHER,2026-09-26,,,2396.0,97.9,,0.7355020714371493,6.528610354223433,5.833333333333333,,8.91,3.5767511177347244,11.4,,12.0,6.539509536784741,133.10635523936227,,,,159.50690802325758,0.2779220779220779,,,,0.15,,,,63.09,
FIVESTAR,2026-09-26,Financial Services,,15378.0,98.2,,1.358654930976178,,,,16.0,6.680851063829787,17.0,,,,72.27736621059803,,,,,,,,,0.38,,,,18.61,
FLAIR,2026-09-26,,,2504.0,17.9,,3.2501333383151825,1.9547228727556596,2.2037037037037037,,12.9,10.314557425018288,16.8,,18.0,11.00702576112412,5.507466351912527,,-11.248151274226426,,9.376027520868856,0.05779334500875657,,,,0.42,,,,78.59,
FLUOROCHEM,2026-09-26,Chemicals,,48789.0,79.0,,6.789493204574089,9.20026400150858,6.2025139664804465,,7.82,5.0594485201113075,9.64,,26.0,11.314350367716388,11.635625461231424,,-5.126827021684255,,7.396995803829021,0.34591914569031273,,,,0.07,,,,61.39,
FMGOETZE,2026-09-26,,,2685.0,14.8,,1.4202149280751326,1.3418290854572714,1.872093023255814,,13.5,8.851317752362009,18.6,,15.0,8.895552223888057,10.42095791800961,,25.89605377263893,,5.667252081650642,0.0006958942240779402,,,,1.55,,,,74.98,
FMNL,2026-09-26,,,48.5,5.82,,,0.49123873189506734,0.4371584699453552,,7.5,2.4803650700027937,9.28,,42.9,8.09277828420946,,,,,2.0020042501389668,1.3128889690628665,,,,0.0,,,,69.95,
FOODSIN,2026-09-26,,,390.0,16.0,,,0.49429657794676807,0.6883116883116883,,5.03,1.8475750577367205,9.19,,12.0,3.041825095057034,-19.940796014300176,,1.7777627301617915,,-8.203608291717945,0.7646017699115044,,,,0.57,,,,25.39,
FORCEMOT,2026-09-26,Automobile and Auto Components,,22911.0,20.8,,0.4355627897468892,2.4903260869565216,5.462770970782281,,26.1,19.14958702967268,36.0,,16.0,13.608695652173914,47.754308884115495,,,,9.579370842217516,0.0,,,,0.29,,,,61.63,
FORTIS,2026-09-26,Healthcare,,63254.0,59.3,,2.8906595871076184,6.6541131916684195,6.396946564885496,,11.2,6.758037011305501,13.4,,22.0,11.256048811277088,20.514349134875243,,13.558703464957444,,11.308887934696799,0.3509498787388844,,,,0.12,,,,31.17,
FOSECOIND,2026-09-26,,,4875.0,46.8,,,6.30659767141009,4.704,,12.6,7.456140350877193,17.4,,21.0,13.195342820181114,,,,,,0.0028929604628736743,,,,0.39,,,,63.54,
FRACTAL,2026-09-26,,,13025.0,39.2,,,3.773174971031286,4.054054054054054,,12.0,7.39972337482711,12.6,,14.0,9.298957126303591,,,,,16.27316217992396,0.13124018838304552,,,,0.0,,,,16.97,
FREDUN,2026-09-26,,,2244.0,51.2,,,3.0,7.982352941176471,,15.6,6.853582554517133,21.3,,15.0,5.88235294117647,,,,,,0.7985611510791367,,,,0.02,,,,44.57,
FRONTSP,2026-09-26,,,1700.0,,,,,72.31155778894473,,,,,,,,,,,,,,,,,0.05,,,,51.76,
FSL,2026-09-26,Services,,18344.0,23.0,,2.530392634526408,1.8227344992050873,4.17741935483871,,17.6,7.3485927061658085,16.8,,16.0,6.667329093799681,9.08949847789322,,4.296077330138348,,16.67697290935868,0.6663625997719498,,,,2.12,,,,53.66,
FUSION,2026-09-26,,,2868.0,17.0,,,,1.1644736842105263,,0.68,2.0373719107896324,5.92,,,,-30.552827968681306,,45.33657604666652,,,,,,,0.0,,,,53.97,
GABRIEL,2026-09-26,Automobile and Auto Components,,24576.0,68.2,,3.0210535257845836,4.758180058083252,14.554039874081846,,20.2,14.456342668863261,25.6,,9.0,6.795740561471443,22.574906210007683,,,,14.921898596892213,0.10818713450292397,,,,0.36,,,,66.29,
GAEL,2026-09-26,Fast Moving Consumer Goods,,7516.0,17.9,,2.818047850498542,1.2460212201591512,2.284122562674095,,9.72,10.0,12.5,,10.0,6.896551724137931,6.351914853693241,,-2.6245435773460835,,6.977618002663832,0.1338391502276176,,,,0.18,,,,63.84,
GAIL,2026-09-26,Oil Gas & Consumable Fuels,,113552.0,11.5,,,0.7699223649862698,1.2814814814814814,,8.71,7.021462769173857,9.67,,10.0,6.6922059870495305,-0.06644520228763495,,-3.9652895007910915,,3.4468922313521277,0.27884647778189536,,,,3.18,,,,51.79,
GAJA,2026-09-26,,,2006.0,23.2,,,14.75,,,15.9,11.614730878186968,17.0,,53.0,60.29411764705882,-92.95421937639807,,,,34.41579152532328,0.08745874587458746,,,,0.53,,,,54.23,
GALAPREC,2026-09-26,,,1472.0,38.7,,4.036028482991042,4.5015290519877675,5.0174672489082965,,13.2,9.893048128342247,15.6,,17.0,11.314984709480122,9.588634015615272,,2.070317073328498,,17.224189387738488,0.1296928327645051,,,,0.0,,,,54.34,
GALAXYSURF,2026-09-26,,,8017.0,22.1,,4.032579806046885,1.3937760778859527,2.9211886304909562,,10.9,9.159120310478656,13.5,,10.0,6.154381084840056,5.480362711448605,,6.128083682035657,,14.899158913098631,0.08564139941690962,,,,0.97,,,,70.91,
GALLANTT,2026-09-26,Capital Goods,,13152.0,30.2,,1.2273695836471807,2.9641649763353617,3.978102189781022,,15.6,10.210772833723654,18.2,,15.0,9.826459319359927,24.605465543849814,,-3.5237325954493137,,1.6293294924386803,0.1652593486127865,,,,0.37,,,,70.03,
GANDHAR,2026-09-26,,,2561.0,8.5,,0.29347698836614194,0.5069279493269992,1.8985507246376812,,10.5,14.247191011235955,13.3,,9.0,6.274742676167855,28.96308854510732,,10.828694655383252,,7.0947572564246775,0.2328159645232816,,,,0.76,,,,66.6,
GANDHITUBE,2026-09-26,,,1091.0,14.5,,1.4012025828207089,5.4278606965174125,3.7153846153846155,,20.0,22.058823529411764,28.4,,45.0,37.3134328358209,10.348253834082,,14.129292937554204,,5.535842706071725,0.0,,,,1.55,,,,71.7,
GANECOS,2026-09-26,,,2756.0,48.8,,5.090400992263865,1.7576530612244898,2.161764705882353,,3.3,2.7958062905641534,5.58,,11.0,3.571428571428571,9.586671084294496,,-5.789387219071129,,11.769189258516711,0.3887147335423197,,,,0.34,,,,39.33,
GANESHCP,2026-09-26,,,646.0,14.2,,0.9586022837582695,0.7537922987164527,1.7448200654307524,,14.2,9.977827050997783,19.3,,10.0,5.250875145857643,14.813234060248504,,8.55371648297596,,4.130914388323159,0.07277628032345014,,,,3.13,,,,65.65,
GANESHHOU,2026-09-26,,,6127.0,23.1,,,9.5734375,2.9051383399209487,,16.0,9.37721160651097,18.8,,63.0,41.40625,-16.82628846016937,,30.28110202126888,,-10.442748504801946,0.24928909952606634,,,,0.2,,,,73.06,
GANGAFORGE,2026-09-26,,,49.2,,,,1.4029084687767324,1.7176470588235293,,-13.2,-3.802281368821293,-6.43,,-3.91,-6.558311947533505,,,,,-1.95501931802049,0.7056140350877192,,,,0.0,,,,35.51,
GANGESSECU,2026-09-26,,,115.0,39.8,,,3.0707610146862483,0.21296296296296297,,0.44,0.49630357235175515,0.76,,11.64,7.690253671562082,-6.1132264583130365,,-18.46029391277162,,1.6269734618848508,0.0,,,,0.0,,,,66.64,
GARFIBRES,2026-09-26,,,7553.0,34.3,,32.50464517305334,4.594282238442823,5.6911764705882355,,16.1,11.176157530601385,22.0,,19.0,12.773722627737227,1.0552337925052946,,5.905807831126375,,7.428479690018275,0.03175775480059084,,,,1.16,,,,54.25,
GARUDA,2026-09-26,,,1646.0,12.1,,,2.8330464716006887,3.627049180327869,,31.2,21.11801242236025,41.8,,32.0,23.407917383820998,,,,,,0.026373626373626374,,,,0.01,,,,67.56,
GATEWAY,2026-09-26,,,2623.0,10.7,,,1.1863410221619177,1.1437908496732025,,11.5,7.04145371947757,10.8,,22.0,11.216644052464948,-1.5844256525330835,,1.7668118193497895,,12.910026403510177,0.2817269952027911,,,,3.81,,,,33.93,
GAYAHWS,2026-09-26,,,44.3,,,,2.0471349353049906,-0.07061068702290077,,,-0.1948628892209523,11.0,,-3.79,-8.918669131238447,,,,,132.58209055646995,-1.497496491899477,,,,0.0,,,,61.16,
GAYAPROJ,2026-09-26,,,1064.0,8.52,,0.031819842657641456,1.065065065065065,0.7067901234567902,,,98.3451536643026,4.85,,3.0,208.20820820820822,267.7574522183862,,,,13.680382233581124,0.5132013201320133,,,,0.0,,,,23.56,
GCSL,2026-09-26,,,1634.0,60.0,,,8.422680412371134,9.019337016574585,,12.7,15.209125475285171,16.7,,30.0,20.618556701030926,-1.9182832386454018,,49.05884354466481,,19.740507771464323,0.08823529411764706,,,,0.11,,,,60.53,
GEEKAYWIRE,2026-09-26,,,344.0,12.0,,,0.7747747747747747,2.00609756097561,,19.0,8.285714285714285,16.8,,9.0,6.531531531531531,-9.33588167438546,,26.173121778528994,,2.607801579603075,0.8421052631578947,,,,1.06,,,,60.47,
GEMAROMA,2026-09-26,,,830.0,,,,2.195767195767196,1.8466898954703834,,0.39,-2.1806853582554515,3.43,,8.0,-3.7037037037037033,,,,,-5.785491172031887,0.33853006681514475,,,,0.0,,,,57.44,
GENCON,2026-09-26,,,218.0,25.6,,,0.7147540983606557,0.7431906614785992,,2.94,1.5444015444015444,7.1,,11.0,2.622950819672131,,,,,,0.21843003412969283,,,,0.0,,,,40.3,
GENESYS,2026-09-26,,,1913.0,55.0,,5.657548929156538,5.659763313609467,2.723809523809524,,5.72,3.189300411522634,8.32,,32.0,9.171597633136095,9.721524407248872,,11.541872989378298,,19.513556396294707,0.24573863636363635,,,,0.0,,,,32.72,
GENUSPAPER,2026-09-26,,,278.0,29.6,,,0.28778467908902694,0.5320197044334976,,0.61,0.7738607050730868,4.73,,8.0,0.9316770186335404,,,4.2836189040638795,,10.191131575749912,0.8486590038314177,,,,0.0,,,,50.84,
GENUSPOWER,2026-09-26,,,9301.0,14.3,,0.1491437538937712,1.7979895611830659,4.197530864197531,,30.9,10.279047769194387,25.3,,19.0,12.603904890779043,95.88064955227884,,57.21823655679024,,62.704597056519006,1.0378719567177637,,,,0.16,,,,39.34,
GEOJITFSL,2026-09-26,,,2275.0,29.2,,,3.3854166666666665,1.8953488372093024,,7.32,3.5145267104029996,9.02,,21.0,11.160714285714286,-20.57900383651292,,-13.59956726714956,,2.555842991834889,0.10241465445462115,,,,1.84,,,,38.47,
GESHIP,2026-09-26,Services,,21375.0,5.7,,0.4471549869718692,3.4403669724770642,1.2601010101010102,,15.9,19.254881808838643,15.8,,62.0,60.30902945436986,12.747258033730912,,42.868993789047984,,5.740869619733813,0.0640806461121264,,,,2.34,,,,30.08,
GFLLIMITED,2026-09-26,,,629.0,10.4,,,157.25,0.24592274678111586,,1.77,2.228717573986116,2.07,,40.0,1525.0,,,,,0.0,-0.0,,,,0.0,,,,68.72,
GHCL,2026-09-26,Chemicals,,3868.0,8.47,,,1.262402088772846,1.0880829015544042,,13.0,10.976744186046512,17.4,,22.0,15.404699738903393,-24.50017010991078,,8.402915531944167,,-12.354967080982194,0.023367117117117118,,,,2.86,,,,19.83,
GHCLTEXTIL,2026-09-26,,,1330.0,13.8,,0.24385694787837614,0.910958904109589,0.8853503184713376,,4.34,5.133689839572193,5.75,,12.0,6.575342465753424,56.59055491370606,,,,11.47327185454763,0.08921438082556592,,,,0.43,,,,19.2,
GICHSGFIN,2026-09-26,,,739.0,4.7,,3.5541193462366483,,0.35038363171355497,,7.61,1.3895034958845915,7.72,,,,1.3224091658533332,,-1.9222788400870772,,,,,,,3.28,,,,42.41,
GICL,2026-09-26,,,263.0,26.4,,0.5206187176097997,1.4858757062146892,2.671232876712329,,12.5,5.911330049261084,15.9,,11.0,6.779661016949152,50.708895218374806,,44.761273215532604,,15.794910575502929,0.4897959183673469,,,,0.0,,,,63.96,
GICRE,2026-09-26,Financial Services,,59211.0,6.67,,0.6730578358331916,1.1222068494968065,0.8009478672985783,,14.6,4.313948514543474,17.4,,18.0,16.82049921346398,9.909995315251141,,30.053583031380416,,4.695127047676495,0.0,,,,3.93,,,,77.4,
GILLANDERS,2026-09-26,,,232.0,13.3,,,0.5345622119815668,0.9008264462809917,,2.95,3.074141048824593,5.65,,7.0,3.9170506912442393,,,1.297483714670844,,6.13558911140335,0.5775193798449613,,,,0.0,,,,69.05,
GILLETTE,2026-09-26,Fast Moving Consumer Goods,,23048.0,34.5,,1.970338163831079,7.2569269521410575,24.386206896551723,,66.5,35.70283270978087,90.7,,30.0,21.03274559193955,17.509684699462458,,18.218769508104216,,6.449398446239418,0.0,,,,2.55,,,,75.0,
GIPCL,2026-09-26,,,2885.0,8.2,,0.7741592619363995,2.0504619758351104,1.0941176470588236,,14.2,6.656225528582615,16.2,,39.0,18.123667377398718,10.5921357570397,,6.484744981060708,,1.33803261556793,0.22295719844357978,,,,2.21,,,,56.57,
GKB,2026-09-26,,,34.6,9.42,,,0.2306666666666667,0.6523809523809524,,3.28,4.545454545454546,10.9,,7.0,4.0,,,20.566567673499247,,19.45459557942599,0.22641509433962265,,,,0.0,,,,51.15,
GKENERGY,2026-09-26,,,2508.0,11.1,,,1.3227848101265822,2.8310502283105023,,37.3,17.39463601532567,41.4,,18.0,11.972573839662447,-65.73367935821888,,,,66.46853991275175,0.23198198198198197,,,,0.4,,,,79.2,
GKSL,2026-09-26,,,1404.0,88.7,,,13.900990099009901,5.5625,,11.1,5.704697986577181,14.5,,26.0,16.831683168316832,-70.74842738001392,,,,172.34356815688767,0.11462450592885376,,,,0.0,,,,71.45,
GKWLIMITED,2026-09-26,,,929.0,252.0,,,66.07396870554766,8.840909090909092,,3.56,3.046521202140799,4.86,,34.85,26.31578947368421,-0.0539665512256704,,-23.071026701800523,,-6.261658244159129,-0.0,,,,0.0,,,,75.0,
GLAND,2026-09-26,Healthcare,,48137.0,42.0,,3.1218514946765503,7.157918215613383,4.63751987281399,,10.7,9.069001526227007,15.1,,26.0,16.78810408921933,13.45355474839829,,-1.4689687351186365,,5.884110231809014,0.0274210678767983,,,,0.69,,,,51.77,
GLAXO,2026-09-26,Healthcare,,47700.0,45.3,,2.0709658016128065,12.060682680151707,21.01492537313433,,45.6,24.699352451433857,61.4,,34.0,27.00379266750948,21.873852269661676,,-8.819434455837227,,4.618394640457257,0.014556682840758712,,,,2.02,,,,75.0,
GLENMARK,2026-09-26,Healthcare,,67169.0,21.5,,,3.7869425494728532,6.397849462365591,,23.6,9.031998794393932,39.8,,27.0,10.137001747758923,,,13.807341812677487,,14.50909632673918,0.05650684931506849,,,,0.21,,,,46.65,
GLFL,2026-09-26,,,13.9,,,,198.57142857142856,-1.9033457249070633,,,-3.9024390243902447,-4.61,,-428.57,-457.1428571428571,,,,,-16.44503441725692,-2.057613168724279,,,,0.0,,,,45.67,
GLOBAL,2026-09-26,,,689.0,26.4,,,7.408602150537634,5.075187969924812,,22.0,18.571428571428573,29.2,,38.0,27.956989247311824,-8.346418874594008,,19.173054694133462,,7.915479045840446,0.0,,,,0.74,,,,72.73,
GLOBALE,2026-09-26,,,11.2,,,,0.454914703493095,1.1738648947951273,,-13.6,-4.61599681655392,-3.65,,-4.87,-4.71161657189277,,,,,-23.161995843282067,1.075078206465068,,,,0.0,,,,65.43,
GLOBALVECT,2026-09-26,,,188.0,,,,0.35946462715105165,-23.1433506044905,,-676.0,-3.9414414414414414,-4.09,,4.4,-6.692160611854685,,,,,1.3081927380032665,-75.125,,,,0.0,,,,75.0,
GLOBE,2026-09-26,,,101.0,9.46,,1.9836629556898913,0.1487481590574374,0.6913580246913581,,7.51,2.669902912621359,10.9,,4.6,1.6200294550810017,4.768955317164725,,,,13.942487462901521,1.143835616438356,,,,0.0,,,,34.35,
GLOBECIVIL,2026-09-26,,,258.0,10.2,,,0.5986078886310905,1.0829145728643217,,13.7,4.621072088724584,16.3,,13.0,5.800464037122969,-59.13687878867569,,-27.391417081173397,,9.088690575953873,0.6302521008403361,,,,0.0,,,,63.44,
GLOBUSSPR,2026-09-26,,,2619.0,26.1,,22.65816103475021,0.9356913183279743,2.2213333333333334,,8.76,4.44642063139173,11.2,,10.0,3.5727045373347623,1.1519028380092777,,-6.663007094824103,,5.041743377683083,0.4830430797433547,,,,0.78,,,,46.74,
GLOSTERLTD,2026-09-26,,,605.0,47.2,,,0.39082687338501293,0.5557788944723618,,1.84,0.5179282868525896,5.85,,10.0,0.8397932816537468,-19.308430046338454,,-27.87396810014603,,33.817469410438996,0.8806244260789715,,,,3.62,,,,72.68,
GLOTTIS,2026-09-26,,,606.0,16.1,,,0.8381742738589212,2.1578947368421053,,13.4,10.354223433242508,,,7.0,5.255878284923928,,,,,,0.18928571428571428,,,,0.0,,,,74.23,
GMBREW,2026-09-26,,,2236.0,16.2,,,2.9893048128342246,2.0741525423728815,,12.5,12.816326530612246,18.0,,24.0,20.989304812834224,,,,,,-0.0,,,,0.92,,,,74.43,
GMDCLTD,2026-09-26,Metals & Mining,,17108.0,30.0,,1.7658227871830217,6.051644853201274,2.4234234234234235,,4.22,10.641139804096172,10.8,,16.0,33.816766890696854,16.989247288997976,,16.486898687848605,,4.701715834443565,0.04481832320090485,,,,1.77,,,,74.0,
GMMPFAUDLR,2026-09-26,Capital Goods,,6767.0,53.7,,,1.8519430760810072,5.615671641791045,,6.69,1.6294810729506142,13.6,,11.0,1.7788724685276411,-25.621229248277643,,-3.6785117821336866,,1.9728185130673648,0.8639004149377594,,,,0.13,,,,25.18,
GMRAIRPORT,2026-09-26,Services,,103425.0,184.0,,,6.643008542616738,-37.69230769230769,,,1.3875142050661682,11.6,,39.0,4.862226218768065,,,,,21.153190654326238,-15.853658536585366,,,,0.0,,,,67.16,
GMRP&UI,2026-09-26,Power,,8019.0,,,,1.0852618757612666,4.221311475409836,,-42.8,3.4314875645236977,12.0,,22.0,7.917174177831912,,,,,18.071574246224497,6.089285714285714,,,,0.0,,,,46.28,
GNA,2026-09-26,,,2652.0,20.0,,2.0450239346740893,1.652336448598131,2.641025641025641,,12.2,8.68421052631579,14.3,,16.0,8.224299065420562,9.779836637064765,,8.282442920337196,,2.144900165218022,0.21713147410358566,,,,0.49,,,,65.78,
GNFC,2026-09-26,Chemicals,,9262.0,8.93,,0.321534345448573,1.101307966706302,1.0161290322580645,,9.14,9.094098044374288,12.0,,15.0,12.330558858501783,27.773082802528435,,-8.50317708884859,,1.9782612361527674,0.0005485463521667581,,,,3.33,,,,41.3,
GNRL,2026-09-26,,,1537.0,79.6,,,46.57575757575758,7.352941176470589,,5.47,7.786885245901639,7.25,,68.0,57.57575757575758,,,,,6.917810999860885,0.0625,,,,0.0,,,,1.93,
GOACARBON,2026-09-26,,,368.0,39.8,,1.1895092763071493,1.2646048109965635,4.573378839590443,,12.1,3.4090909090909087,8.61,,5.0,3.0927835051546393,33.45917580698465,,-2.698699064045651,,-0.11428581385686254,1.9875,,,,0.0,,,,59.72,
GOCLCORP,2026-09-26,,,1904.0,7.13,,0.07774211389350916,173.0909090909091,0.6056782334384858,,56.0,9.563994374120956,6.98,,-287.0,3090.909090909091,91.71348247317594,,14.056376541626104,,-73.77668349700495,0.0003181673560292714,,,,7.81,,,,67.82,
GOCOLORS,2026-09-26,,,1669.0,94.2,,,8.784210526315789,,,19.3,8.780487804878048,22.7,,18.0,9.473684210526317,,,,,,0.37410071942446044,,,,0.0,,,,55.45,
GODAVARIB,2026-09-26,,,1210.0,41.7,,,0.6010928961748634,1.5389610389610389,,4.28,0.0,6.55,,6.0,0.0,-78.28543111335128,,-63.37126066785825,,6.066009739546008,0.6738578680203046,,,,0.0,,,,63.31,
GODFRYPHLP,2026-09-26,Fast Moving Consumer Goods,,30735.0,22.5,,1.4314579016438094,5.030278232405892,4.949748743718593,,23.4,16.462093862815884,30.2,,23.0,22.389525368248773,15.718240804820184,,25.58573275493943,,14.994506185066214,0.03766902768834514,,,,2.54,,,,72.58,
GODIGIT,2026-09-26,Financial Services,,23457.0,47.6,,1.2919829356199626,2.3006080816006276,5.0396825396825395,,12.2,1.9717858287912793,13.1,,1.1,4.8254217340133385,36.84259186996071,,,,7.76490990326415,0.07507507507507508,,,,0.0,,,,73.0,
GODREJAGRO,2026-09-26,Fast Moving Consumer Goods,,12657.0,27.0,,3.6173864220995586,1.208420851632614,6.2075471698113205,,20.9,6.898230806687226,19.2,,8.0,4.057666603016995,7.463952381490113,,2.0690769786376517,,3.086805991165109,0.7746062992125984,,,,1.67,,,,67.75,
GODREJCP,2026-09-26,Fast Moving Consumer Goods,,90051.0,43.4,,,5.646184713775158,7.096774193548387,,16.1,9.139528220800305,18.8,,20.0,12.000752398269483,,,1.4157627591165456,,4.202752033131585,0.3495414294750158,,,,2.27,,,,53.06,
GODREJIND,2026-09-26,Diversified,,37232.0,30.9,,0.1821387770781622,1.6031001076426266,3.3283132530120483,,9.26,1.7553474555404642,8.17,,10.0,9.515608180839614,169.65085906303034,,12.438551019658316,,11.842575059741357,4.613402523038382,,,,0.0,,,,74.64,
GODREJPROP,2026-09-26,Realty,,51212.0,31.7,,1.1842355891843477,9.842783009802037,2.6729559748427674,,8.82,1.951219512195122,7.63,,-11.0,30.59773207764751,26.76832235875772,,33.18156455407435,,19.669649645956035,0.8297139277510963,,,,0.59,,,,51.66,
GOKEX,2026-09-26,Textiles,,5053.0,49.1,,,1.2074074074074075,2.3389830508474576,,3.09,2.365640790078089,7.65,,9.0,2.4611708482676224,-12.060902881367607,,-6.678188028640286,,20.716603276961965,0.5890791300323924,,,,0.0,,,,9.15,
GOKUL,2026-09-26,,,393.0,19.0,,0.15026593982388176,0.09332700071241985,1.0817438692098094,,4.86,2.307692307692308,8.25,,0.9,0.49869389693659466,126.44249270505897,,-4.851422811392736,,11.731091858515462,1.0604395604395604,,,,0.0,,,,73.6,
GOKULAGRO,2026-09-26,Fast Moving Consumer Goods,,6548.0,15.6,,0.3407908125570456,0.26797626355637405,4.605809128630705,,30.0,8.522727272727272,36.7,,3.1,1.7188459177409454,45.775881934577356,,27.86031259638435,,20.82191641992064,0.4139142656359803,,,,0.0,,,,74.24,
GOLDIAM,2026-09-26,,,4894.0,23.2,,0.7738804991894367,4.561043802423113,4.4277929155313345,,20.0,15.50330639235856,25.8,,21.0,19.664492078285182,29.97878874619493,,14.114258816639126,,21.17902948608148,0.06962025316455696,,,,0.63,,,,58.51,
GOODLUCK,2026-09-26,,,5242.0,25.7,,1.8562821794556084,1.190281562216167,3.506666666666667,,13.0,6.894287590282337,14.4,,10.0,4.768392370572207,13.844877834003144,,16.313728113458282,,7.703395765369625,0.7505030181086519,,,,0.38,,,,54.0,
GOODYEAR,2026-09-26,,,1633.0,26.6,,,0.6295296838858905,2.692015209125475,,12.6,4.30622009569378,17.4,,4.7,2.081727062451812,-17.167290267823866,,-12.12905483334753,,0.5456070570800664,0.04455445544554455,,,,3.74,,,,74.0,
GOPAL,2026-09-26,,,3253.0,59.2,,,2.023009950248756,6.796875,,4.72,11.748251748251748,11.7,,7.0,5.223880597014925,-5.559974652590505,,-55.04884752178031,,4.675732880845729,0.32217573221757323,,,,0.38,,,,81.45,
GOYALALUM,2026-09-26,,,84.4,17.5,,0.7815870233193978,1.093547551179062,3.3202247191011236,,12.9,10.52401746724891,10.1,,5.83,6.245141228297486,22.39034103416604,,36.35880292817131,,4.092493350621207,0.42096964919195906,,,,0.0,,,,69.94,
GPIL,2026-09-26,Capital Goods,,15445.0,18.8,,,2.659263085399449,2.647398843930636,,15.3,11.074561403508772,20.5,,22.0,13.911845730027547,-4.432947597221948,,-10.411103874962135,,2.174590985807079,0.07626097435014632,,,,0.44,,,,63.18,
GPPL,2026-09-26,Services,,7890.0,14.5,,0.8157390546548429,6.362903225806452,3.299595141700405,,20.8,18.485449735449734,28.1,,62.0,45.08064516129032,17.775292132035126,,23.135807919718676,,7.866912217028266,0.015494137353433836,,,,6.37,,,,44.01,
GPTHEALTH,2026-09-26,,,1323.0,31.8,,,3.9258160237388724,,,28.5,13.003095975232199,23.7,,22.0,12.462908011869436,,,,,,0.6075949367088608,,,,1.55,,,,65.57,
GPTINFRA,2026-09-26,,,1446.0,14.7,,0.9095969644408133,1.130570758405004,2.389937106918239,,17.3,7.084870848708487,21.4,,14.0,7.505863956215794,16.16100380132317,,30.100280918834876,,7.904839266715302,0.4883720930232558,,,,2.4,,,,69.37,
GRADIENTE,2026-09-26,,,4.62,4.81,,0.051832217530592535,2.6705202312138727,0.2204301075268817,,0.8,2.4193548387096775,0.86,,45.09,55.49132947976878,92.79942532192511,,,,-28.077564834247482,0.2620525059665871,,,,0.0,,,,20.99,
GRANDOAK,2026-09-26,,,1804.0,367.0,,8.29848177681434,,2.1219512195121952,,0.01,0.14030736170723485,0.0,,,,44.22495703074083,,-27.83993170751653,,,,,,,0.0,,,,0.0,
GRANULES,2026-09-26,Healthcare,,23695.0,36.4,,2.108549138211139,4.207208806818182,4.239024390243903,,13.8,8.616425875309124,15.5,,23.0,11.754261363636363,17.26305512181765,,10.131946007844483,,7.718546902181145,0.2973451327433628,,,,0.2,,,,37.39,
GRAPHITE,2026-09-26,Capital Goods,,16034.0,73.2,,,5.293496203367448,2.736666666666667,,3.11,2.758347630988518,4.58,,3.0,6.899966985803896,-35.88662253209024,,-15.848779666638336,,0.8848035050551095,0.06280935313193378,,,,0.85,,,,65.34,
GRASIM,2026-09-26,Construction Materials,,217159.0,37.8,,,1.1800259741671149,2.099342105263158,,4.98,1.9786201492091493,8.01,,21.0,6.119144265306012,-1.0529588687452018,,-5.698128692346227,,12.002909342250545,2.20211655552334,,,,0.31,,,,43.73,
GRAUWEIL,2026-09-26,,,3991.0,24.9,,8.28678624716311,3.2289644012944985,3.682008368200837,,15.2,11.072664359861593,20.6,,15.0,12.944983818770226,3.0047836709344633,,15.198040380577549,,4.990274860022881,0.013876040703052728,,,,0.57,,,,69.04,
GRAVISSHO,2026-09-26,,,228.0,11406.0,,,3.4958601655933763,1.1911764705882353,,-0.41,0.013115900843789621,1.1,,14.29,0.045998160073597055,,,,,6.4030754802915535,0.04914786053056757,,,,0.0,,,,74.91,
GRAVITA,2026-09-26,Metals & Mining,,11037.0,28.2,,1.8441680503629176,2.3482978723404258,4.503012048192771,,15.5,11.472051507170033,16.2,,9.0,8.340425531914894,15.291448083839466,,21.336549462053057,,14.136474578827185,0.300163132137031,,,,0.42,,,,55.88,
GREAVESCOT,2026-09-26,Capital Goods,,5469.0,54.9,,,1.4922237380627559,3.8273615635179152,,8.1,0.732728541521284,10.1,,7.0,0.572987721691678,,,,,11.654022372757389,0.2753319357092942,,,,0.85,,,,55.77,
GREENLAM,2026-09-26,,,5723.0,62.1,,,1.8059324708109814,4.848484848484849,,5.02,3.1010336778926306,8.12,,11.0,2.9346797096875985,-12.347455892454285,,-0.5920760763891364,,11.178543116098627,0.9830508474576272,,,,0.18,,,,50.98,
GREENPANEL,2026-09-26,,,1994.0,14.0,,0.5082595650477573,1.2724952137843013,1.5233644859813085,,11.4,7.562136435748282,12.9,,16.0,9.125717932354819,27.544980877407642,,,,15.34915519108797,0.22475322703113135,,,,0.31,,,,53.26,
GREENPLY,2026-09-26,,,3588.0,32.1,,2.741559612450787,1.2532308767027593,4.0083798882681565,,11.8,5.051020408163265,14.3,,9.0,3.4579112818721622,11.708663876655434,,0.41058604953878586,,9.510295656090317,0.5760626398210291,,,,0.17,,,,51.93,
GREENPOWER,2026-09-26,,,1051.0,19.6,,1.0558575498378835,3.662020905923345,0.9124236252545825,,5.27,3.868360277136259,7.19,,62.0,23.34494773519164,18.56311014966876,,12.888132073019754,,1.9305111225809135,0.4548611111111111,,,,0.0,,,,24.38,
GRINDWELL,2026-09-26,,,21842.0,50.1,,11.450691062553979,6.883706271667192,8.615720524017467,,16.2,12.747380675203726,21.2,,19.0,13.803971005357706,4.375281782235563,,8.092856071646803,,5.6981700776636,0.024072612470402526,,,,0.96,,,,58.04,
GRINFRA,2026-09-26,,,7861.0,8.37,,,0.854921152800435,0.8379772961816305,,9.2,6.335349504271373,11.9,,18.0,11.0494834148994,-8.457481754791985,,4.067308482839849,,0.7917840191513204,0.519458364431176,,,,0.31,,,,74.69,
GRMOVER,2026-09-26,,,1671.0,21.8,,3.9537898235564897,0.8940609951845907,2.779310344827586,,14.2,6.551724137931035,14.0,,5.0,4.066345639379347,5.513697230469017,,-3.4981280128166814,,12.51881648526425,0.6123128119800333,,,,0.0,,,,63.06,
GROBTEA,2026-09-26,,,104.0,12.8,,,0.8739495798319328,1.1203007518796992,,6.81,4.9079754601226995,7.35,,9.0,6.722689075630252,,,13.064038075558603,,5.969850212481487,0.5698924731182796,,,,0.22,,,,74.99,
GROWW,2026-09-26,Financial Services,,117354.0,48.1,,,22.38725677222434,12.142857142857142,,28.8,13.181351628761275,37.3,,62.0,46.547119420068675,,,,,23.336098132598938,0.030252797347699957,,,,0.0,,,,27.14,
GRPLTD,2026-09-26,,,1066.0,156.0,,,1.8767605633802817,5.985029940119761,,2.48,1.2987012987012987,6.94,,8.0,1.056338028169014,-37.08269265295233,,-0.42681090661444987,,7.205188168833332,1.1685393258426966,,,,0.18,,,,40.05,
GRSE,2026-09-26,Capital Goods,,26565.0,33.2,,1.0756825840480921,3.538697215931797,10.126637554585153,,31.6,7.524659464537342,42.8,,11.0,10.670041294791528,30.86412338764395,,33.39385867082192,,27.84087452957904,0.014084507042253521,,,,0.85,,,,74.5,
GRWRHITECH,2026-09-26,Capital Goods,,15426.0,39.8,,1.6561045476860312,6.83170947741364,5.809273840769904,,13.5,12.890365448504983,18.1,,22.0,17.183348095659877,24.03229920213068,,18.332558952843247,,10.424038143652648,0.0,,,,0.18,,,,60.73,
GSFC,2026-09-26,Chemicals,,6248.0,9.02,,1.2723681911939768,0.5061568373298768,0.5097402597402597,,5.51,4.815844336344684,7.16,,7.0,5.614063512637719,7.089142955967587,,-5.0640704321611825,,10.47546921955822,0.0022010271460014674,,,,3.19,,,,37.84,
GSLSU,2026-09-26,,,132.0,,,,0.5892857142857143,0.487460815047022,,-10.8,-5.730129390018484,-1.69,,-4.9,-13.839285714285715,,,,,-0.14836817041991024,0.7925925925925926,,,,0.0,,,,73.25,
GSPCROP,2026-09-26,,,2318.0,22.2,,,1.5190039318479684,3.0,,16.5,6.399482870071105,18.9,,12.0,6.487549148099607,-53.369062865252126,,-37.75946611811703,,9.824866707942492,0.3393782383419689,,,,0.2,,,,71.72,
GSS,2026-09-26,,,28.0,8.37,,,0.3181818181818182,0.09304347826086956,,0.31,-10.144927536231885,0.72,,6.0,-55.68181818181818,,,,,-19.863779839088213,0.48013245033112584,,,,0.0,,,,12.71,
GTL,2026-09-26,,,111.0,,,,0.5606060606060606,-0.015553097345132744,,,303.83141762452107,,,1.2,400.5050505050505,,,,,-3.304330404160971,-0.9258686172457449,,,,0.0,,,,14.29,
GTLINFRA,2026-09-26,,,1435.0,,,,1.5073529411764706,-0.19277108433734944,,,-14.804812177755956,4.4,,41.0,-63.34033613445378,,,,,-1.8872447186110586,-3.425472358292512,,,,0.0,,,,3.28,
GTPL,2026-09-26,,,636.0,79.7,,,0.16601409553641347,0.5549019607843138,,1.44,0.1851851851851852,3.47,,11.0,0.15661707126076743,-58.698601077729194,,-48.0751454042209,,6.050374165075101,0.43804537521815007,,,,3.54,,,,75.0,
GUFICBIO,2026-09-26,,,4249.0,57.9,,,4.331294597349643,6.395173453996984,,10.1,5.439642324888227,12.3,,17.0,7.44138634046891,-5.193239818771933,,,,6.724752801266054,0.6090225563909775,,,,0.02,,,,72.5,
GUJALKALI,2026-09-26,,,4633.0,69.8,,,1.0300133392618942,0.8925035360678925,,-0.05,0.8761449621664675,1.42,,11.0,1.4673188083592708,,,-34.71402457476638,,5.717169028725855,0.11078998073217726,,,,2.81,,,,47.28,
GUJAPOLLO,2026-09-26,,,427.0,76.1,,,8.230531996915959,0.8414322250639387,,1.02,0.9939230728345412,1.81,,-22.86,10.813415574402468,-22.319187351153523,,-8.27328174886276,,-2.94076172063622,0.08057675996607294,,,,0.61,,,,47.3,
GUJENERGY,2026-09-26,,,22144.0,11.3,,0.8994144198725826,0.972251492799438,0.8872180451127819,,10.2,6.193951276186327,11.7,,13.0,7.490340709518792,12.563730078511348,,4.844267745304709,,13.227391822931377,0.17707764551709074,,,,3.77,,,,38.94,
GUJRAFFIA,2026-09-26,,,22.0,18.6,,0.6270263380633164,0.25465910406297027,0.9902676399026764,,3.69,4.256854256854257,5.49,,3.18,1.365898830883204,29.663825697417188,,1.0409055094421138,,40.860153173090154,0.08415841584158416,,,,0.0,,,,39.6,
GUJTHEM,2026-09-26,,,5427.0,111.0,,,32.69277108433735,,,,,,,46.0,28.313253012048197,,,,,,,,,,0.16,,,,59.33,
GULFOILLUB,2026-09-26,,,5484.0,14.0,,2.1177851386979487,1.255782001373941,3.559485530546624,,24.1,12.33377659574468,25.9,,13.0,8.495534692008244,6.610680065782049,,12.641342550016233,,9.777302747003947,0.369140625,,,,4.61,,,,66.85,
GULPOLY,2026-09-26,,,1063.0,24.9,,,0.47035398230088493,1.6504854368932038,,3.91,3.3307513555383426,6.3,,6.0,1.9026548672566372,-1.876617253701096,,,,24.186811665151886,0.7078125,,,,0.88,,,,66.8,
GVPIL,2026-09-26,,,4502.0,12.2,,,3.487219209914795,7.736720554272518,,62.2,12.722170252572498,82.0,,24.0,21.06893880712626,,,,,7.507038434879099,0.030927835051546393,,,,1.05,,,,68.58,
GVPTECH,2026-09-26,,,145.0,3.7,,,0.2746212121212121,0.8822222222222222,,43.6,7.647058823529412,72.0,,13.0,7.386363636363637,-17.64743131463552,,,,-6.7900856436486805,0.02702702702702703,,,,2.52,,,,74.8,
GVT&D,2026-09-26,Capital Goods,,109589.0,587.0,,,27.26094527363184,102.14797136038186,,18.6,4.18531781557744,,,12.0,4.651741293532338,,,,,,0.8933200398803589,,,,0.23,,,,51.0,
GYFTR,2026-09-26,,,1277.0,58.6,,3.6168582062501167,3.360526315789474,2.6265822784810124,,5.24,4.271844660194175,6.77,,-8.0,5.7894736842105265,16.201906919861052,,-18.503632840105045,,138.52936668500558,0.002061855670103093,,,,0.0,,,,50.08,
HAL,2026-09-26,Capital Goods,,321012.0,34.4,,4.955161839195684,9.50161314192689,7.817589576547231,,24.0,6.935525875218572,32.0,,30.0,27.589166789995563,6.942255594538516,,12.907580455959478,,3.603386824794419,0.0016081479496113642,,,,0.94,,,,71.64,
HALDER,2026-09-26,,,300.0,9.41,,0.33813548898767587,0.410958904109589,1.6736111111111112,,17.3,5.427631578947369,13.7,,5.0,4.52054794520548,27.82908126021333,,1.5511278397481565,,4.2667085816394,2.016759776536313,,,,0.41,,,,73.69,
HALEOSLABS,2026-09-26,,,454.0,28.7,,1.4160186500024368,1.4012345679012346,2.1274787535410766,,8.44,3.303964757709251,9.91,,13.0,4.62962962962963,20.26809463275827,,-8.983531440585358,,1.9235467531193207,0.5186915887850467,,,,0.1,,,,72.1,
HAMPTON,2026-09-26,,,222.0,,,,15.857142857142858,1.610337972166998,,3.84,-6.153846153846154,6.07,,-127.0,-142.85714285714286,,,,,-42.06622258522583,0.45985401459854014,,,,0.0,,,,75.01,
HAPPSTMNDS,2026-09-26,Information Technology,,4728.0,20.2,,,1.9749373433583959,2.7927927927927927,,13.8,6.218627997769103,13.3,,18.0,9.314954051796157,-3.492736083002246,,3.505579719365115,,13.786374564661873,0.8845470692717584,,,,2.06,,,,44.21,
HAPPYFORGE,2026-09-26,,,19480.0,59.5,,5.716679871281713,11.863580998781973,9.132743362831858,,15.0,12.419293581466007,18.0,,31.0,19.914738124238735,10.40813922411572,,16.899188908479612,,6.534709901542235,0.1550751879699248,,,,0.19,,,,78.46,
HARDWYN,2026-09-26,,,634.0,51.2,,8.171268617829995,3.3020833333333335,1.5606060606060603,,3.3,2.575107296137339,4.81,,10.0,6.25,6.265856918261115,,,,8.098386987445227,0.014778325123152709,,,,0.0,,,,43.77,
HARIOMPIPE,2026-09-26,,,1067.0,15.5,,3.811361945202801,0.652599388379205,1.6507177033492824,,12.4,5.655737704918033,15.7,,12.0,4.220183486238533,4.06678773174749,,,,6.330930943659996,0.5842349304482226,,,,0.22,,,,57.27,
HARRMALAYA,2026-09-26,,,319.0,11.8,,,0.5821167883211679,1.7908902691511388,,11.7,5.378486055776892,11.8,,4.1,4.927007299270073,,,3.244113189969844,,4.083390232205297,0.6235955056179775,,,,0.0,,,,54.12,
HARSHA,2026-09-26,,,4207.0,27.2,,2.354921844551861,2.447353112274578,3.0,,10.5,7.498790517658442,13.0,,15.0,9.016870273414776,11.550277162245326,,7.381454805578058,,7.286616001839197,0.2653352353780314,,,,0.32,,,,75.0,
HATHWAY,2026-09-26,,,1758.0,23.2,,,0.804945054945055,0.39404761904761904,,1.9,1.466615206483983,2.62,,14.0,3.47985347985348,-9.143970358393016,,-10.466556899264601,,3.3053276542348353,0.002015677491601344,,,,0.0,,,,75.0,
HATSUN,2026-09-26,,,25957.0,74.5,,,2.697111388196176,14.190012180267967,,16.7,7.857304131858207,12.9,,12.0,3.6159600997506236,,,,,103.55885060813867,1.099507927829415,,,,0.86,,,,73.17,
HAVELLS,2026-09-26,Consumer Durables,,68812.0,41.3,,4.744799246698288,2.9168750794794627,7.258278145695364,,19.0,11.060626610606267,24.9,,9.0,6.913653511932516,8.704267104396246,,6.4032447930098435,,8.265226034418195,0.028024534686971234,,,,0.91,,,,59.35,
HAVISHA,2026-09-26,,,21.2,,,,,0.20294117647058824,,-8.71,-7.136425033768572,-7.84,,-7600.0,,,,,,,0.08845491097070649,,,,0.0,,,,33.99,
HAWKINCOOK,2026-09-26,,,4257.0,31.4,,4.31143959934463,3.195945945945946,9.558194774346793,,31.7,19.767441860465116,40.9,,14.0,10.21021021021021,7.282950224971962,,10.084474149025269,,9.16114676619959,0.0651685393258427,,,,1.74,,,,56.03,
HAZOOR,2026-09-26,,,524.0,17.9,,,1.0096339113680155,0.8434782608695651,,7.89,1.7190278601066984,12.0,,49.0,5.5876685934489405,-33.18745394768353,,,,-1.6161941824874848,0.7291666666666666,,,,2.07,,,,13.7,
HBESD,2026-09-26,,,156.0,12.2,,0.29673902219518544,1.2892561983471074,0.8066429418742587,,6.37,2.6476578411405294,7.54,,34.0,10.743801652892563,41.11356811028119,,,,3.8613280728291954,1.3367875647668395,,,,0.0,,,,67.75,
HBLENGINE,2026-09-26,Capital Goods,,22342.0,27.9,,0.6867878510608246,6.691224917640012,10.08760951188986,,45.3,26.512576478586,59.3,,32.0,23.360287511230908,40.6238985691217,,52.727565733046,,14.35168418441286,0.030248306997742665,,,,0.37,,,,59.11,
HBPOR,2026-09-26,,,65.2,17.5,,,1.9944937289691038,0.2525,,0.1,1.391731477691363,0.73,,15.17,11.440807586417865,-19.117015771331126,,-10.477218181193615,,-15.804142084559947,0.007873710340547669,,,,2.06,,,,61.45,
HBSL,2026-09-26,,,40.0,,,,,0.51,,-12.8,-10.989010989010989,-11.9,,,,,,,,,,,,,1.78,,,,53.22,
HCC,2026-09-26,Construction,,5569.0,41.1,,,1.4382747933884297,2.6231527093596063,,11.9,1.955932602804289,24.8,,13.0,4.287190082644629,-31.371433439988085,,-22.773774186861772,,-17.939452467919992,0.4790785143394452,,,,0.0,,,,16.18,
HCG,2026-09-26,Healthcare,,10431.0,216.0,,,3.9706889988580127,7.836322869955157,,2.54,0.8418367346938775,8.3,,18.0,1.2561857632280167,-22.36672764004647,,-15.961224993973467,,11.248432591344049,1.3025525525525525,,,,0.0,,,,64.21,
HCL-INSYS,2026-09-26,,,348.0,,,,18.31578947368421,-1.1764705882352942,,,-10.227272727272728,-51.6,,-335.0,-236.84210526315786,,,,,-15.950614830025911,-1.125,,,,0.0,,,,62.89,
HCLTECH,2026-09-26,Information Technology,,341379.0,18.8,,5.322711859471358,2.5405137898700643,4.541516245487364,,23.8,15.145249843630552,30.4,,20.0,12.974236087338326,3.532034139053919,,5.239645815601124,,6.927331305887119,0.06938069580256769,,,,4.29,,,,60.88,
HDBFS,2026-09-26,Financial Services,,53848.0,24.8,,1.0766824101230106,,,,14.7,2.0025215574758657,9.79,,,,23.0337189191812,,,,,,,,,0.62,,,,74.12,
HDFCAMC,2026-09-26,Financial Services,,102034.0,34.6,,2.3404224112211067,23.985425481899387,11.06046511627907,,32.9,29.50655590031028,42.9,,79.0,69.29948283968031,14.783656075976292,,,,10.41721806114495,0.0,,,,2.27,,,,52.34,
HDFCBANK,2026-09-26,Financial Services,,1134052.0,14.4,,2.11953549430927,,1.8871794871794871,,13.6,1.6812760190565805,7.02,,,,6.79394142662979,,8.3986680847419,,,,,,,1.77,,,,,
HDFCLIFE,2026-09-26,Financial Services,,115364.0,58.4,,7.601714612620486,1.1121887261754413,5.9,,11.3,0.5057592534737338,10.3,,1.2,1.904036557501904,7.682477306243962,,7.794675728907419,,0.7320331895709575,0.17459154929577464,,,,0.4,,,,50.54,
HEADSUP,2026-09-26,,,14.7,,,,0.8516801853997681,0.9582132564841499,,-0.2,-0.0665335994677312,,,-8.92,-0.17381228273464655,,,,,,0.0,,,,0.0,,,,13.56,
HEALTHX,2026-09-26,,,918.0,,,,0.6253405994550408,1.4378109452736318,,0.29,-2.7777777777777777,-0.05,,-4.5,-1.7711171662125342,,,,,0.8310630362208471,0.0405616224648986,,,,0.0,,,,74.07,
HECPROJECT,2026-09-26,,,125.0,9.92,,0.2780110351752814,0.6944444444444444,1.8945634266886324,,21.2,9.62962962962963,21.4,,11.0,7.222222222222221,35.6820368434138,,87.67075241887414,,34.48698634346845,0.6666666666666666,,,,0.0,,,,74.93,
HEIDELBERG,2026-09-26,,,3059.0,25.2,,,1.2961864406779662,2.231404958677686,,10.1,4.7579983593109105,14.7,,11.0,4.915254237288136,-11.438737360966345,,-14.317211697420973,,-0.08460240925322049,0.01020408163265306,,,,5.19,,,,69.39,
HEMIPROP,2026-09-26,Services,,3430.0,,,,3430.0,7.894736842105264,,-2.7,-1.0318142734307825,-1.14,,-971.0,-1200.0,,,,,0.0,0.20046082949308755,,,,0.0,,,,51.12,
HERANBA,2026-09-26,,,751.0,,,,0.4921363040629096,0.9894736842105263,,-9.69,-3.9126016260162597,-1.72,,6.0,-5.045871559633028,,,,,6.677562861968722,0.7559055118110236,,,,0.53,,,,74.95,
HERITGFOOD,2026-09-26,Fast Moving Consumer Goods,,3781.0,29.8,,3.6809340190473927,0.7998730696001692,3.4201680672268906,,12.6,6.923076923076923,14.8,,5.0,2.8559339961920878,8.09577130309771,,6.8521966003074475,,7.604250107453603,0.3272892112420671,,,,0.61,,,,41.3,
HEROMOTOCO,2026-09-26,Automobile and Auto Components,,107276.0,19.4,,1.4601282823323867,2.111316669946861,4.962962962962963,,28.1,16.405105670642396,35.2,,14.0,10.8010234205865,13.286503819384098,,18.621919296638524,,10.372597964933771,0.03604645782240526,,,,3.45,,,,34.73,
HESTERBIO,2026-09-26,,,1857.0,35.0,,0.3756756471378327,5.696319018404908,5.160756501182033,,15.9,20.206489675516224,15.2,,27.0,42.02453987730061,93.16547470312535,,28.20395613194089,,2.2443347555768822,0.5401662049861495,,,,0.5,,,,53.73,
HEXATRADEX,2026-09-26,,,869.0,,,,189.73799126637553,0.18802395209580838,,-0.19,-0.12948961545906792,-0.12,,-108.08,-150.43668122270742,,,,,-67.48469615506478,0.001869782537574396,,,,0.0,,,,92.13,
HEXT,2026-09-26,Information Technology,,30349.0,21.4,,,2.104646324549237,4.5181818181818185,,24.9,11.601589495507946,30.1,,15.0,9.313453536754508,-12.822019388362527,,-2.4607183495328644,,11.580756694653772,0.1017580452920143,,,,2.32,,,,74.3,
HFCL,2026-09-26,Telecommunication,,32337.0,56.5,,3.1253629208807223,5.395795094276656,6.59375,,6.98,6.811005863779883,10.8,,19.0,10.078424828967128,18.077900528773917,,10.67845769188429,,10.308150968683982,0.38765078716008994,,,,0.09,,,,28.29,
HGINFRA,2026-09-26,Construction,,2953.0,11.4,,,0.6084895940655265,0.9041916167664671,,8.52,1.7184035476718404,11.3,,22.0,3.832680815990109,-29.782960225687848,,-13.272872306297556,,-3.3660279580940977,1.5402756508422664,,,,0.44,,,,71.78,
HGM,2026-09-26,,,53.1,,,,0.9370037056643726,2.6049382716049387,,-13.8,-9.366428963247394,-0.4,,-8.03,-12.052232221634021,,,,,52.05337294721375,1.152525747915645,,,,0.0,,,,50.41,
HGS,2026-09-26,,,1752.0,,,,0.4073471285747501,0.21085011185682326,,0.39,-0.6249457512368718,1.46,,0.8,-1.6740292955126714,,,,,-2.32849475755178,0.23662378261392328,,,,1.33,,,,67.99,
HIKAL,2026-09-26,,,2683.0,63.3,,,1.5463976945244957,2.242798353909465,,2.21,-1.437632135306554,3.5,,13.0,-1.9596541786743515,,,,,-0.9425631558556136,0.5704753961634695,,,,0.28,,,,68.85,
HILINFRA,2026-09-26,,,307.0,11.9,,,0.38423028785982477,1.349056603773585,,18.8,6.896551724137931,18.8,,2.3,3.254067584480601,-43.19056169755917,,-16.015586849445274,,11.719946515361768,0.45614035087719296,,,,0.0,,,,70.04,
HILTON,2026-09-26,,,86.7,17.0,,,0.32471910112359553,0.5714285714285715,,2.59,2.11864406779661,5.55,,5.0,1.8726591760299627,-11.649163461878487,,16.801503633750126,,24.607464268083934,0.3708609271523179,,,,0.0,,,,18.56,
HIMATSEIDE,2026-09-26,,,865.0,15.4,,,0.3489310205728116,0.40470588235294114,,2.97,0.9525429494812042,8.8,,13.0,2.2589753933037517,-26.989820918280717,,-20.786397584704254,,-4.441696468869405,1.2312003736571695,,,,0.36,,,,37.48,
HINDADH,2026-09-26,,,198.0,8.78,,0.8852423534072533,0.7360594795539034,1.812206572769953,,16.0,7.638888888888889,13.5,,18.0,8.178438661710038,9.918187902110898,,11.720979364963679,,-3.8897108509908906,1.1192660550458715,,,,0.0,,,,68.48,
HINDALCO,2026-09-26,Metals & Mining,,219554.0,10.5,,0.6059052357379491,0.7428985203206366,1.606907894736842,,13.0,4.758022635422318,13.2,,14.0,5.549220571366698,17.329442593793985,,3.6202010705201237,,11.022628851889916,0.7260420403710565,,,,0.51,,,,34.67,
HINDALUMI,2026-09-26,,,58.2,15.7,,,5.0564726324934846,0.6416666666666667,,4.97,3.6703601108033244,-2.7,,-22.68,32.23284100781929,-38.5820613731227,,,,105.30895581860564,0.08559797557487073,,,,0.0,,,,66.47,
HINDCOMPOS,2026-09-26,,,572.0,32.7,,,2.588235294117647,0.4993548387096774,,2.97,2.5316455696202533,3.94,,14.0,14.479638009049776,-2.0443709441912095,,8.402664650074488,,-9.484003590524049,0.0017467248908296944,,,,0.52,,,,74.97,
HINDCON,2026-09-26,,,141.0,32.7,,,1.973684210526316,2.4642857142857144,,5.81,5.307883383448816,7.85,,7.03,5.683090705487122,-11.454878423837101,,0.2398109084068123,,3.459760326988759,0.18914185639229422,,,,0.0,,,,68.81,
HINDCOPPER,2026-09-26,Metals & Mining,,47834.0,39.6,,0.697626707616717,13.674671240708976,14.30635838150289,,32.9,24.54663212435233,42.4,,50.0,32.504288164665525,56.76388184059695,,24.87208991307639,,26.77000379437151,0.03320370924319473,,,,0.58,,,,66.14,
HINDOILEXP,2026-09-26,,,2293.0,91.3,,,7.668896321070235,1.6476190476190475,,2.13,1.1520737327188941,3.49,,28.0,8.361204013377927,-51.9437424066632,,4.7020851401835095,,-26.368588899536306,0.036127167630057806,,,,0.0,,,,,
HINDPETRO,2026-09-26,Oil Gas & Consumable Fuels,,74687.0,44.7,,,0.1583928912264331,1.1396103896103895,,30.9,0.8228932750265925,22.2,,1.5,0.3543783004262719,-52.92736811164601,,-25.532672391518073,,2.814469739804304,0.8536823479162853,,,,6.91,,,,54.9,
HINDUNILVR,2026-09-26,Fast Moving Consumer Goods,,456502.0,41.4,,3.1067254077181485,6.911251741052504,9.38647342995169,,31.0,18.775238907421805,28.4,,23.0,22.665475685823292,13.32592829000867,,10.993602763095955,,2.189858107427378,0.03032479123494532,,,,2.11,,,,61.9,
HINDWAREAP,2026-09-26,,,1453.0,,,,0.5579877112135176,1.975028376844495,,0.14,-0.24469820554649263,7.07,,8.0,-0.2304147465437788,,,,,-2.3899992331492315,1.1614654002713705,,,,0.0,,,,52.74,
HINDZINC,2026-09-26,Metals & Mining,,248850.0,14.6,,0.4857437853049037,5.3150363092695425,10.988805970149253,,76.6,40.280859098418695,69.5,,56.0,36.452370781717214,30.05699803412927,,12.125890598135847,,17.404384927197537,0.3856997657872641,,,,1.87,,,,60.71,
HIRECT,2026-09-26,,,4301.0,110.0,,2.2551390085418457,4.123681687440077,19.9835255354201,,25.2,4.833836858006042,18.8,,7.0,3.0680728667305845,48.77748093725056,,,,26.27523426741629,1.1722488038277512,,,,0.12,,,,42.58,
HISARMETAL,2026-09-26,,,82.6,17.3,,,0.31287878787878787,1.2540983606557377,,4.96,3.048780487804878,7.92,,6.0,1.893939393939394,-9.7377067041029,,-16.973364927368962,,2.9428498400178693,1.3384615384615384,,,,0.65,,,,61.21,
HITECH,2026-09-26,,,1495.0,19.8,,2.390570626070878,0.3100373289091663,1.1219512195121952,,5.88,3.705533596837945,9.77,,3.8,1.5553712152633763,8.282541324680759,,2.487148137172812,,21.341150152726264,0.2010502625656414,,,,0.03,,,,43.43,
HLEGLAS,2026-09-26,,,3064.0,77.8,,13.282937741427016,2.2364963503649635,5.734720416124837,,10.6,2.997076023391813,12.1,,9.0,2.9927007299270074,5.857138045400623,,-9.54303310290564,,12.274656910147419,0.651685393258427,,,,0.25,,,,65.64,
HLVLTD,2026-09-26,,,430.0,2.53,,,2.9452054794520546,0.9006896551724138,,47.2,29.393939393939394,7.85,,-25.0,132.87671232876713,,,,,-40.63928212880632,0.07221006564551423,,,,0.0,,,,39.07,
HMAAGRO,2026-09-26,,,1201.0,5.59,,0.19510110584370596,0.15194838056680163,1.276595744680851,,19.1,8.91007045171985,16.2,,2.1,2.7201417004048585,28.651810946054333,,12.079369870567437,,17.98053375704547,0.9032943676939427,,,,1.25,,,,75.0,
HNDFDS,2026-09-26,,,7428.0,45.9,,2.6106865071990413,1.6881818181818182,6.276923076923077,,14.6,4.990524320909665,14.1,,9.0,3.5909090909090913,17.58158242034402,,27.22596365393921,,16.889910050240786,0.9339055793991416,,,,0.0,,,,61.84,
HOMEFIRST,2026-09-26,Financial Services,,11743.0,20.2,,1.16321557891005,,2.686602870813397,,15.7,3.830685039889233,11.1,,,,17.365654626915926,,21.327201233139604,,,,,,,0.46,,,,6.98,
HONASA,2026-09-26,Fast Moving Consumer Goods,,15176.0,60.1,,1.9769114236896865,5.944379161770466,10.737327188940093,,15.7,11.817750355956335,19.2,,12.0,9.753231492361927,30.40095741256328,,-78.12192028353874,,9.963831083869223,0.0956768249468462,,,,0.64,,,,35.47,
HONAUT,2026-09-26,Capital Goods,,29937.0,53.5,,16.713651901278244,6.365511375717627,6.709926689122251,,12.6,8.845721624658854,17.0,,14.0,11.715926004677865,3.2009760832645062,,10.197891749537513,,5.039902997003209,0.024647098364328927,,,,0.32,,,,75.0,
HONDAPOWER,2026-09-26,,,1942.0,26.6,,,2.1577777777777776,2.417929292929293,,8.61,6.333973128598848,11.5,,10.0,7.333333333333333,-10.616857821825054,,-2.446720764675736,,-3.0944302548181146,0.0012453300124533001,,,,6.61,,,,66.67,
HORIZONIND,2026-09-26,,,14564.0,,,,21.076700434153402,,,-6.18,-1.5116709892552798,3.18,,77.0,-29.52243125904486,,,,,66.0225321472937,1.218711385701677,,,,0.0,,,,75.4,
HPAL,2026-09-26,,,321.0,134.0,,,1.2943548387096775,1.715686274509804,,3.97,0.8620689655172413,5.52,,2.5,0.8064516129032258,-55.304823245171605,,,,1.6669728629223002,0.0213903743315508,,,,1.14,,,,71.35,
HPIL,2026-09-26,,,132.0,85.6,,,1.3266331658291457,2.619589977220957,,3.32,1.829988193624557,6.96,,3.94,1.5577889447236182,,,,,,0.4453965723395776,,,,0.0,,,,74.85,
HPL,2026-09-26,,,1789.0,18.8,,0.6727084239188152,0.9207411219763253,1.7820512820512822,,9.95,3.7948290241868223,13.5,,15.0,4.683479155944416,27.946728971345316,,63.59806856918955,,9.969992361575164,0.755,,,,0.36,,,,72.66,
HRYNSHP,2026-09-26,,,59.9,3.47,,0.40642601191889177,17.114285714285714,0.40585774058577406,,7.48,2.6597114889232354,8.79,,22.29,118.0,8.537839356336496,,17.590356689661448,,-71.33643116329795,0.02974129150539825,,,,0.0,,,,74.95,
HSCL,2026-09-26,Chemicals,,34248.0,42.8,,1.7816440707980559,6.8854041013269,7.277599142550911,,17.8,12.749762131303521,22.1,,20.0,16.164053075995174,24.022755555675325,,74.61792404925791,,5.926211431119022,0.16362090947726307,,,,0.12,,,,52.49,
HTMEDIA,2026-09-26,,,560.0,4.6,,,0.29535864978902954,0.346264367816092,,0.87,0.15117157974300832,6.32,,7.0,0.31645569620253167,,,,,3.806100462677753,0.47313156269302037,,,,0.0,,,,69.5,
HUBTOWN,2026-09-26,,,2439.0,25.9,,,3.985294117647059,0.9297297297297298,,6.44,1.7137416693113299,9.48,,23.0,17.647058823529413,,,,,33.36562525354321,0.4554794520547945,,,,0.0,,,,33.17,
HUDCO,2026-09-26,Financial Services,,34831.0,8.19,,0.3122372886304559,,1.5818181818181818,,20.0,2.5503782111988875,8.41,,,,26.23005098437541,,19.926866846325055,,,,,,,3.48,,,,75.0,
HUHTAMAKI,2026-09-26,,,1837.0,21.7,,2.3890678205846174,0.8434343434343434,2.6100966702470463,,13.0,5.380894800483675,17.6,,11.0,4.0863177226813585,9.083040595595104,,,,26.10801315512148,0.6026587887740029,,,,0.82,,,,67.73,
HYUNDAI,2026-09-26,Automobile and Auto Components,,171852.0,34.7,,,2.431237179033741,8.597560975609756,,29.9,14.39076851528892,38.4,,11.0,7.004314918299498,,,,,0.40695883957124757,0.05485885585810642,,,,0.99,,,,82.5,
IBULLSLTD,2026-09-26,,,6957.0,14.4,,,6.3188010899182565,2.2406015037593985,,23.1,11.718188353702372,16.2,,38.0,44.4141689373297,,,,,,0.14883268482490272,,,,0.0,,,,32.91,
ICDSLTD,2026-09-26,,,74.2,114.0,,,33.27354260089686,2.4782608695652173,,5.5,1.968503937007874,7.23,,-4.04,29.14798206278027,-32.168387303300996,,-35.76324214382803,,-0.7364037453166938,0.0,,,,0.0,,,,51.4,
ICEMAKE,2026-09-26,,,1047.0,87.5,,,1.422554347826087,7.876631079478055,,9.49,2.380952380952381,11.6,,6.0,1.6304347826086956,-23.022674484769023,,10.248114775861804,,24.87111936851718,1.1879699248120301,,,,0.34,,,,64.52,
ICICIAMC,2026-09-26,Financial Services,,157402.0,53.5,,,31.625879043600563,,,,,,,73.0,53.2650190878039,,,,,,,,,,0.86,,,,87.59,
ICICIBANK,2026-09-26,Financial Services,,952476.0,17.0,,2.2569659523735583,,2.5180265654648957,,15.9,2.05030162998911,7.18,,,,7.532235912607277,,16.74042117473613,,,,,,,0.9,,,,,
ICICIGI,2026-09-26,Financial Services,,77625.0,32.0,,4.118582606617768,2.8036623686206523,4.557184750733138,,16.6,3.1900776497483934,21.9,,11.0,8.769458590674324,7.769663269247573,,13.488196608493276,,10.407809879278297,0.0,,,,0.87,,,,51.22,
ICICIPRULI,2026-09-26,Financial Services,,67192.0,41.8,,1.6582867950762097,1.0605300124690247,4.925531914893617,,12.6,0.502916477708102,10.1,,2.1,2.53799895828401,25.206737534250824,,10.736670979204966,,7.869207622462593,0.19037488078644266,,,,0.36,,,,72.73,
ICIL,2026-09-26,Textiles,,8828.0,58.5,,,2.0109339407744873,3.7478991596638656,,5.52,3.36228011578713,8.19,,10.0,3.439635535307517,-23.59263725083547,,-15.97549824408393,,7.265538742662558,0.5696095076400679,,,,0.34,,,,58.74,
ICRA,2026-09-26,,,4225.0,21.5,,2.4098641569784136,6.622257053291536,3.579721995094031,,16.7,13.23430114787306,23.0,,36.0,30.721003134796238,8.921664707838794,,11.698129129806233,,12.675269802821365,0.015241320914479255,,,,1.6,,,,51.86,
IDBI,2026-09-26,Financial Services,,90750.0,9.74,,0.5649375012414797,,1.3228840125391852,,14.1,1.9989901280740117,5.92,,,,17.240845188354182,,29.724324794194423,,,,,,,2.49,,,,94.72,
IDEA,2026-09-26,Telecommunication,,154497.0,,,,3.3926304925448516,-4.333333333333334,,,19.519908156342954,-1.72,,43.0,82.14058279716288,,,,,2.2071699281710044,-5.3841937468538505,,,,0.0,,,,25.64,
IDEAFORGE,2026-09-26,,,3629.0,923.0,,,12.868794326241135,5.2898550724637685,,-3.34,0.5006257822277848,-2.81,,9.0,1.4184397163120568,-56.15614869857701,,-82.11464747451261,,-3.519438997479507,0.14023372287145242,,,,0.0,,,,25.26,
IDFCFIRSTB,2026-09-26,Financial Services,,72259.0,31.4,,,,1.491103202846975,,3.76,0.5765743230567194,5.98,,,,-12.993357350729596,,67.14995100080594,,,,,,,0.3,,,,0.0,
IEX,2026-09-26,Financial Services,,10049.0,19.8,,1.508133044650713,15.900316455696203,7.385620915032679,,39.4,20.8128078817734,51.4,,85.0,80.22151898734177,13.128815173322938,,10.588703035888592,,12.070225491681509,0.008064516129032258,,,,3.11,,,,,
IFBAGRO,2026-09-26,,,805.0,13.5,,,0.5334658714380385,1.1947148817802504,,8.9,6.8807339449541285,12.7,,7.0,3.9761431411530817,,,0.37162757494513254,,17.42424481514213,0.11144130757800892,,,,0.0,,,,65.0,
IFBIND,2026-09-26,Consumer Durables,,4965.0,29.1,,0.6174253378178248,0.8464030003409478,4.979674796747967,,15.7,6.44122383252818,19.5,,6.0,2.727582679849983,47.13120472646708,,,,9.74504483144063,0.15678391959798996,,,,0.0,,,,74.96,
IFCI,2026-09-26,Financial Services,,19924.0,111.0,,10.24044995222136,,2.228915662650602,,1.97,1.6296575084681975,4.9,,,,10.839367461184835,,,,,,,,,0.0,,,,72.57,
IFGLEXPOR,2026-09-26,,,1423.0,33.2,,,0.7286226318484383,1.2085889570552146,,3.22,2.459508098380324,4.92,,7.0,2.0993343573988734,-20.559956137280132,,-11.978660304541966,,6.016736168636827,0.1778723404255319,,,,1.09,,,,72.44,
IGARASHI,2026-09-26,,,1331.0,,,,7.5625,,,-6.68,0.53475935828877,,,-0.2,0.5681818181818182,,,,,,0.8732394366197183,,,,0.31,,,,75.0,
IGCL,2026-09-26,,,379.0,9.84,,,0.554093567251462,0.825068870523416,,10.9,4.738760631834751,12.2,,11.0,5.701754385964912,-20.191429924556314,,-11.521966293980256,,7.408588157813001,0.39869281045751637,,,,0.0,,,,69.05,
IGIL,2026-09-26,Services,,14285.0,23.4,,,10.480557593543654,9.622093023255815,,55.8,32.91958985429034,69.2,,61.0,44.754218635363166,,,,,14.922881426253575,0.0961021505376344,,,,0.77,,,,76.55,
IGL,2026-09-26,Oil Gas & Consumable Fuels,,20293.0,14.9,,,1.2050475059382422,1.7639902676399026,,13.3,7.948341649545054,17.5,,10.0,8.040380047505938,-11.828138181569836,,-1.9577411623663554,,6.350128053434112,0.008518776077885953,,,,2.24,,,,45.0,
IGPL,2026-09-26,,,1827.0,22.4,,0.817989435018964,0.8813314037626628,1.369515011547344,,0.16,3.5652173913043477,3.11,,10.0,3.9556198745779065,27.384216764952086,,-20.945575144070272,,-0.41461168208398735,0.27156789197299325,,,,0.84,,,,68.74,
IIFL,2026-09-26,Financial Services,,26332.0,12.5,,2.1074620824588717,,1.8868501529051989,,12.6,2.535201771045209,10.9,,,,5.931304816367411,,11.919749409905457,,,,,,,0.65,,,,24.84,
IIFLCAPS,2026-09-26,Financial Services,,10933.0,19.2,,6.032282752105007,4.491783073130649,3.5264227642276422,,16.2,5.984515589035363,21.1,,35.0,23.500410846343467,3.182874674317948,,12.665083827423196,,3.161653284843058,0.5941272430668841,,,,0.87,,,,30.67,
IITL,2026-09-26,,,287.0,,,,,0.7172774869109948,,-2.85,-1.9167605105105106,-3.5,,142.96,201.7283950617284,,,,,,0.004573418456181079,,,,0.0,,,,62.58,
IKIO,2026-09-26,,,1588.0,34.1,,,2.4658385093167703,2.631578947368421,,7.13,6.426735218508997,9.49,,14.0,7.763975155279502,-8.428539093881838,,-21.511498875435464,,13.71137706608958,0.11627906976744186,,,,0.0,,,,72.55,
IKS,2026-09-26,Information Technology,,31171.0,40.8,,1.5062719920181429,9.313116223483716,11.141104294478527,,31.4,18.374218374218373,31.5,,34.0,22.826411711980878,27.086741449221986,,26.736111244845382,,22.56146527325933,0.2689285714285714,,,,0.0,,,,63.72,
IMAGICAA,2026-09-26,,,3082.0,242.0,,,7.647642679900744,2.355855855855856,,-0.09,0.798175598631699,1.81,,33.0,3.4739454094292808,-71.86889765194765,,,,14.424122008519568,0.27352472089314195,,,,0.0,,,,74.02,
IMFA,2026-09-26,Metals & Mining,,6639.0,12.7,,0.8393511209614908,2.1109697933227345,2.4404761904761907,,16.8,12.161223071577485,18.4,,24.0,16.69316375198728,15.130735734828038,,0.6654799303134284,,4.197816423529388,0.3524650478292862,,,,1.02,,,,58.69,
IMPAL,2026-09-26,,,1328.0,16.9,,1.899943977772041,1.7636122177954847,0.5259515570934256,,3.72,2.7455121436114043,4.58,,8.0,10.358565737051793,8.894999114562152,,9.626809269328419,,5.241610656687468,0.0,,,,3.1,,,,35.21,
INA,2026-09-26,,,1993.0,10.2,,0.20718967134578792,0.7893069306930693,2.469945355191257,,28.1,9.095127610208817,22.2,,12.0,7.762376237623762,49.23025329277526,,80.60879150320153,,50.75253767965031,1.100371747211896,,,,0.11,,,,66.12,
INCREDIBLE,2026-09-26,,,153.0,13.0,,0.5131758213029166,0.18345323741007194,0.9732142857142858,,7.23,5.429864253393665,10.4,,2.8,1.4388489208633095,25.332448374114612,,27.09175875210739,,0.7299528414196788,0.21656050955414013,,,,0.0,,,,74.97,
INDBANK,2026-09-26,,,116.0,16.0,,,4.581358609794629,1.1801801801801801,,7.34,5.985057657950301,10.3,,40.68,29.10742496050553,-6.487281315044447,,1.1210771553102683,,0.7482907888502144,0.0,,,,0.0,,,,64.84,
INDGN,2026-09-26,Healthcare,,14671.0,35.2,,10.862833507224256,3.847626540781537,4.684615384615385,,14.4,8.679653679653681,18.8,,17.0,10.51665355363231,3.2404068401297392,,-55.33992610076447,,13.75985078351234,0.04587448231920994,,,,0.37,,,,,
INDHOTEL,2026-09-26,Consumer Services,,103455.0,53.2,,2.7402356178741867,10.35896665665365,7.9280261723009815,,14.2,11.418822016715296,17.1,,33.0,23.120056072894762,19.414388913487436,,,,13.842260822389441,0.2173613239350291,,,,0.45,,,,38.12,
INDIACEM,2026-09-26,Construction Materials,,10013.0,74.2,,,2.2355436481357445,0.9877675840978594,,0.37,0.6864134895172722,1.24,,10.0,2.054029917392275,,,3.3282677198680277,,-3.588626445050125,0.12890161991307783,,,,0.0,,,,75.0,
INDIAGLYCO,2026-09-26,Fast Moving Consumer Goods,,2077.0,6.55,,0.3301219192456364,0.4829109509416415,0.7077625570776256,,11.3,4.844396749961674,12.4,,16.0,7.347128574750059,19.841154489127668,,-2.610424973777614,,9.298772001831734,0.5765427889532901,,,,2.42,,,,59.63,
INDIAMART,2026-09-26,Consumer Services,,9876.0,20.0,,1.4472860787345534,6.1303538175046555,4.1152882205513786,,20.7,10.659459459459459,28.0,,30.0,30.60211049037865,13.818967993865572,,11.005629885583733,,10.407979781575815,0.009583333333333333,,,,1.83,,,,49.07,
INDIANB,2026-09-26,Financial Services,,112067.0,8.77,,0.587191916143113,,1.3354735152487962,,15.4,1.2895931937072451,6.32,,,,14.93549171726427,,23.332616656941706,,,,,,,2.19,,,,73.84,
INDIANCARD,2026-09-26,,,119.0,17.3,,,2.8225806451612905,0.3483535528596187,,0.23,1.6314281816941754,0.98,,-31.81,14.184060721062622,-9.12892796910464,,-49.972957667620754,,-8.734442233297457,0.009271677648842498,,,,0.0,,,,67.33,
INDIANHUME,2026-09-26,,,1883.0,20.1,,0.8936946164923023,1.447348193697156,1.2659574468085106,,4.21,5.099857346647646,9.51,,11.0,10.991544965411222,22.490904195989557,,17.823986376590707,,-2.1580686328497967,0.2808080808080808,,,,0.56,,,,72.34,
INDIASHLTR,2026-09-26,Financial Services,,7145.0,14.2,,1.52386810749829,,2.2244897959183674,,17.0,5.231409256370255,12.8,,,,9.318391749343657,,17.872813541235267,,,,,,,1.53,,,,46.05,
INDIGO,2026-09-26,Services,,191013.0,,,,2.1450084222346995,27.444444444444443,,-27.1,-3.5352421287922238,5.24,,11.0,-5.39921392476137,,,,,8.925567144997594,11.153206139721703,,,,0.2,,,,41.57,
INDIGOPNTS,2026-09-26,Consumer Durables,,5387.0,32.6,,11.049937110489862,3.67462482946794,4.6652892561983474,,13.7,10.006138735420503,18.6,,19.0,11.118690313778991,2.9502430352343234,,,,3.927448334117889,0.018197573656845753,,,,0.44,,,,53.88,
INDIQUBE,2026-09-26,,,4217.0,,,,2.696291560102302,8.189300411522634,,-42.2,-1.4283520196590385,6.38,,61.0,-5.946291560102302,,,,,23.465392575532373,10.110679611650486,,,,0.0,,,,60.11,
INDNIPPON,2026-09-26,,,2982.0,32.7,,1.018886290956738,2.792134831460674,3.630853994490358,,11.9,10.402999062792876,17.0,,11.0,10.393258426966293,32.09386591048799,,22.90801650403138,,17.640213614158395,0.00243605359317905,,,,1.18,,,,70.37,
INDOBORAX,2026-09-26,,,1444.0,29.5,,2.2622037667951154,6.224137931034483,3.75,,10.1,13.82716049382716,15.4,,22.0,24.137931034482758,13.040381433805548,,9.146406619197833,,6.6968355618288955,0.0025906735751295338,,,,2.22,,,,38.41,
INDOCO,2026-09-26,,,2349.0,,,,1.2541377469300587,2.4901960784313726,,-9.36,0.11569610489780179,0.96,,9.0,0.16017084890549918,-61.48887601614237,,-48.476647868520615,,1.0169573534745346,1.1608093716719914,,,,0.08,,,,58.86,
INDOFARM,2026-09-26,,,664.0,26.6,,3.2537304483066527,1.4625550660792952,1.1896551724137931,,4.82,3.2467532467532463,7.7,,13.0,5.506607929515418,8.175231606491407,,-6.620832840504565,,8.039968948668207,0.2697841726618705,,,,0.0,,,,70.62,
INDOKEM,2026-09-26,,,1710.0,764.0,,,9.827586206896552,26.536796536796537,,1.69,1.3793103448275863,5.45,,3.0,1.1494252873563218,,,,,1.786090690515918,0.4153846153846154,,,,0.0,,,,68.67,
INDOMIM,2026-09-26,,,63093.0,97.7,,,15.047221559742427,,,23.4,10.904635491117011,25.0,,26.0,12.735511566897209,-39.22848906791354,,-28.159904134098003,,15.05519081062312,0.48527846754168147,,,,0.0,,,,77.65,
INDORAMA,2026-09-26,,,2594.0,15.8,,,0.5712398150187183,4.99497487437186,,34.4,4.963008631319359,17.9,,7.0,3.5454745650737722,,,-9.711954855256577,,5.447106800065904,2.1965317919075145,,,,0.0,,,,74.84,
INDOSTAR,2026-09-26,,,3535.0,,,,,0.9358974358974359,,-23.6,-4.139960071451087,-2.58,,,,,,,,,,,,,0.0,,,,70.36,
INDOTECH,2026-09-26,,,3375.0,34.0,,1.195187675959665,3.9893617021276597,9.028409090909092,,28.4,17.7737881508079,40.4,,15.0,11.702127659574469,28.44741514984248,,52.115666468487,,18.923438941856396,0.013368983957219251,,,,0.31,,,,72.18,
INDOTHAI,2026-09-26,,,423.0,6.17,,0.12317204427726465,3.8454545454545452,1.443438914027149,,28.7,18.449197860962567,34.6,,83.0,62.727272727272734,50.09253549540114,,40.44698291081787,,52.52592370221958,0.0880281690140845,,,,0.63,,,,56.07,
INDOUS,2026-09-26,,,156.0,30.8,,,3.158534116217858,3.695238095238095,,16.9,9.097446961524632,15.4,,13.75,10.244988864142538,,,,,,0.33341989093741886,,,,0.32,,,,68.29,
INDOWIND,2026-09-26,,,143.0,,,,3.818424566088117,0.4649214659685864,,0.0,-0.13804210284136662,2.22,,32.92,-1.281708945260347,,,,,-1.182000021000218,0.03100094336553788,,,,0.0,,,,48.2,
INDPRUD,2026-09-26,,,1039.0,17.1,,2.383147874688106,173.16666666666666,1.222397476340694,,7.71,6.931818181818182,7.72,,83.0,1016.6666666666666,7.175383525975265,,10.553923015265454,,0.0,0.0,,,,1.94,,,,68.17,
INDRAMEDCO,2026-09-26,,,3352.0,17.8,,1.194426684460782,2.199475065616798,4.52970297029703,,27.4,18.970736629667005,35.8,,18.0,12.335958005249344,14.90254716473931,,26.267900813609323,,6.9724325738784065,0.04993252361673414,,,,1.09,,,,51.0,
INDSWFTLAB,2026-09-26,,,3516.0,54.0,,,5.287218045112782,2.540880503144654,,4.02,3.407053197848177,4.86,,9.0,8.571428571428571,-54.45608246108551,,,,-19.63057919638651,0.01300578034682081,,,,0.0,,,,42.93,
INDTERRAIN,2026-09-26,,,152.0,185.0,,,0.3887468030690537,0.8236914600550964,,-2.74,0.0,8.8,,10.0,0.0,,,,,-4.997003221002583,0.5543478260869565,,,,0.0,,,,31.55,
INDUSINDBK,2026-09-26,Financial Services,,71074.0,53.8,,,,1.080568720379147,,1.36,0.24328571901787652,5.68,,,,-47.20809930553387,,-22.835772596224903,,,,,,,0.16,,,,15.82,
INDUSTOWER,2026-09-26,Telecommunication,,98839.0,13.8,,2.0968859405851776,3.0072413058691088,2.5,,18.6,10.03155016476197,19.5,,55.0,21.76651352420361,6.581187718845993,,2.775999268813867,,4.743307184111467,0.532891086112092,,,,3.74,,,,51.26,
INFOBEAN,2026-09-26,,,1421.0,16.7,,0.2985216653488748,2.564981949458484,3.4507042253521125,,23.2,17.598343685300208,29.2,,22.0,15.342960288808664,55.94233832403128,,9.013019205644346,,14.505882843885122,0.036231884057971016,,,,0.34,,,,72.82,
INFOMEDIA,2026-09-26,,,26.6,,,,0.19,2.5047169811320753,,-107.0,-38.333333333333336,-38.5,,-19.0,-32.857142857142854,,,,,-8.707155808635525,1.9090909090909092,,,,0.0,,,,50.69,
INFY,2026-09-26,Information Technology,,405909.0,13.0,,2.355935504973191,2.1990714154142874,4.444444444444445,,31.9,19.654801410349478,40.0,,24.0,16.42901257977484,5.517977878663505,,7.15395870520994,,6.300037738001096,0.09882393486408478,,,,4.8,,,,13.82,
INGERRAND,2026-09-26,,,13365.0,48.7,,7.669786318196156,9.172958133150308,21.712820512820514,,43.0,26.826826826826828,57.1,,24.0,18.393960192175705,6.349590194509314,,19.420118568497656,,6.741731791087235,0.01461038961038961,,,,1.77,,,,75.0,
INNOVACAP,2026-09-26,,,7331.0,47.6,,2.6842827261713365,4.191538021726701,6.706806282722513,,13.7,8.387799564270153,15.0,,15.0,8.80503144654088,17.732856355221994,,-44.9635597899381,,17.396379954873844,0.3153070577451879,,,,0.16,,,,50.9,
INNOVANA,2026-09-26,,,622.0,20.2,,,4.474820143884892,2.2803030303030303,,15.0,7.967032967032966,15.8,,26.0,20.863309352517987,-9.194524580738772,,8.088310289433554,,11.232357561218254,0.21245421245421245,,,,0.0,,,,72.65,
INNOVISION,2026-09-26,,,604.0,35.0,,2.1809333665430817,0.5909980430528375,2.0483870967741935,,19.6,3.5864978902953584,20.3,,2.9,1.663405088062622,16.04817484886172,,-22.147384657282664,,26.07439900700026,0.42517006802721086,,,,0.0,,,,74.17,
INOXGREEN,2026-09-26,Services,,6919.0,56.4,,1.159474479052219,25.068840579710145,4.047058823529412,,5.62,5.773781353525793,8.42,,9.0,44.20289855072464,48.64272652736838,,,,7.20631161853913,0.051552431165787935,,,,0.0,,,,56.12,
INOXINDIA,2026-09-26,Capital Goods,,19576.0,76.1,,8.31136628934554,12.098887515451175,17.536585365853657,,26.1,12.673956262425449,33.5,,21.0,15.760197775030901,9.156135989043545,,14.321428750498711,,12.61153261105461,0.07251566696508505,,,,0.09,,,,74.86,
INOXWIND,2026-09-26,Capital Goods,,12919.0,37.5,,,2.94618015963512,2.02710027100271,,7.5,3.4857477221432753,10.6,,20.0,9.509692132269098,,,,,35.92785161294938,0.2486681291131307,,,,0.0,,,,44.18,
INSECTICID,2026-09-26,,,1753.0,14.0,,1.8313488432660665,0.8509708737864078,1.4367541766109786,,12.0,6.25,15.8,,10.0,6.067961165048544,7.644638568713158,,3.461003767130899,,1.5690138002607767,0.12868852459016394,,,,0.33,,,,72.3,
INSPIRISYS,2026-09-26,,,351.0,8.62,,0.07177139672962475,0.7048192771084337,3.4980237154150196,,53.6,10.684931506849315,27.4,,8.0,7.83132530120482,120.10355646934153,,,,0.5412825329821569,0.8118811881188119,,,,0.0,,,,69.95,
INTELLECT,2026-09-26,Information Technology,,8892.0,24.0,,9.572170838416625,2.7944688874921435,2.788546255506608,,12.4,7.732980832782552,16.0,,19.0,11.030798240100566,2.5072682472067065,,-0.514126016958838,,8.286180696565015,0.050157728706624605,,,,0.63,,,,29.63,
INTENTECH,2026-09-26,,,201.0,12.9,,,1.608,1.6056603773584905,,11.5,-10.0,7.55,,9.0,-12.8,,,,,3.118135984641923,0.0,,,,1.18,,,,4.68,
INTERARCH,2026-09-26,,,2892.0,21.1,,2.064197576146827,1.4628224582701062,3.276190476190476,,16.8,10.29976940814758,23.7,,9.0,6.777946383409206,10.22188972791389,,47.64740139919515,,15.204483578230231,0.02043132803632236,,,,0.73,,,,59.44,
INTLCONV,2026-09-26,,,518.0,3.8,,0.1291675103659137,2.431924882629108,1.2210526315789474,,17.4,23.901581722319857,20.6,,20.0,63.84976525821596,29.41916267670659,,54.79464151401607,,16.705574730528006,0.1721698113207547,,,,0.62,,,,70.23,
INVENTURE,2026-09-26,,,91.4,35.5,,,1.8272690923630548,0.33079847908745247,,1.27,0.837009087527236,2.22,,4.08,6.297481007596961,-35.15006827519721,,-25.41773292157967,,-6.85181403140006,0.13277030700641562,,,,0.0,,,,26.4,
IOB,2026-09-26,Financial Services,,61583.0,10.3,,0.344582814654573,,1.5841584158415842,,15.6,1.26016561088844,6.12,,,,29.891217907443334,,27.980320665844904,,,,,,,0.0,,,,92.44,
IOC,2026-09-26,Oil Gas & Consumable Fuels,,191625.0,5.69,,,0.22321376569339835,0.8774193548387097,,20.5,6.749384152699905,18.7,,8.0,4.161764603101754,-6.907165213542809,,6.041264745513608,,3.408801764499514,0.6005065643819641,,,,6.08,,,,51.5,
IOLCP,2026-09-26,,,5994.0,34.0,,4.421116364165285,2.3748019017432647,3.3278955954323,,8.41,6.494008504058756,11.3,,12.0,6.656101426307448,7.690365328445559,,0.03500175866228972,,5.770891543816847,0.07504168982768204,,,,0.49,,,,62.28,
IONEXCHANG,2026-09-26,Utilities,,6162.0,56.0,,,2.032321899736148,4.600219058050383,,12.0,2.907149213883121,14.2,,6.0,3.2321899736147754,-20.610164237112127,,-9.630760438788554,,8.895609021340656,0.35997012696041825,,,,0.3,,,,25.43,
IPCALAB,2026-09-26,Healthcare,,50000.0,36.4,,1.0779590905054253,4.937783922575548,6.19811320754717,,15.7,11.133603238866396,17.0,,22.0,13.578905787082757,33.767515224472056,,8.178229311466257,,9.740076464702119,0.1003348629542354,,,,0.3,,,,44.72,
IPL,2026-09-26,,,1542.0,14.3,,0.6681652026863257,1.4912959381044488,1.5279361459521095,,12.5,8.08383233532934,16.6,,16.0,10.444874274661508,21.401892739262006,,-7.402651069995914,,14.992771701797935,0.10891089108910891,,,,0.56,,,,63.65,
IPRINGLTD,2026-09-26,,,181.0,48.6,,,0.5156695156695157,1.758917589175892,,2.53,0.9287925696594427,8.25,,9.0,0.8547008547008548,,,-17.787018469408768,,3.454475860321704,1.1941747572815533,,,,0.0,,,,56.58,
IRB,2026-09-26,Construction,,21354.0,21.7,,1.317440791999467,2.778298204527713,1.023121387283237,,4.29,1.766732101188933,7.47,,54.0,12.412177985948478,16.471328451175495,,21.367153789240856,,1.2310158765060475,0.9559883526659984,,,,0.88,,,,30.81,
IRCON,2026-09-26,Construction,,9965.0,19.0,,,1.078346499296613,1.501416430594901,,8.19,2.4405125076266017,9.27,,8.0,5.627096634563359,-17.38997564600532,,-2.433005014439693,,-9.612659841391002,0.8624792890495556,,,,1.79,,,,65.17,
IRCTC,2026-09-26,Consumer Services,,36696.0,26.6,,3.3926326612330593,6.764239631336405,8.515769944341374,,34.4,18.37730870712401,46.1,,31.0,25.677419354838708,7.840518752281356,,,,8.391871392141926,0.018797864933859366,,,,1.96,,,,62.4,
IREDA,2026-09-26,Financial Services,,31806.0,16.2,,1.1152426775644586,,2.30142566191446,,15.6,2.0957700835749615,8.69,,,,14.525986429589155,,20.633935273161462,,,,,,,1.19,,,,71.76,
IRFC,2026-09-26,Financial Services,,104483.0,14.5,,3.761429228072467,,1.8433179723502304,,12.8,1.391781309756985,5.64,,,,3.8549176711296207,,3.370199527847717,,,,,,,2.63,,,,82.9,
IRIS,2026-09-26,,,485.0,37.8,,0.2727782567033145,3.5661764705882355,2.418032786885246,,89.5,49.40711462450593,10.6,,6.0,91.91176470588235,138.5740947861285,,159.3119734302729,,10.064241629820891,0.009950248756218905,,,,0.0,,,,34.63,
IRISDOREME,2026-09-26,,,1259.0,71.7,,5.404642492074077,6.263681592039801,8.885906040268457,,14.4,8.823529411764707,16.0,,16.0,8.955223880597014,13.266372402087324,,11.902919127544953,,18.760386903079397,0.23943661971830985,,,,0.0,,,,58.79,
IRMENERGY,2026-09-26,,,1101.0,15.1,,,0.9743362831858408,1.102880658436214,,5.49,5.632716049382716,8.63,,13.0,6.460176991150443,-5.150459182072953,,-16.39993277662919,,8.243106193858907,0.0732196589769308,,,,0.56,,,,50.74,
ISFT,2026-09-26,,,161.0,11.7,,0.9835669482469183,0.29541284403669726,0.6061349693251533,,5.37,4.3343653250774,6.29,,3.1,2.5688073394495414,11.895479022402844,,-0.6521283016835078,,3.9644645669302703,0.06390977443609022,,,,0.0,,,,43.06,
ISGEC,2026-09-26,,,6548.0,25.0,,,0.8779833735585948,2.3951612903225805,,4.18,3.0223880597014925,11.2,,8.0,3.258246178600161,-7.007432972289895,,12.48305408650956,,6.248764130943862,0.3475877192982456,,,,0.67,,,,62.43,
ISHANCH,2026-09-26,,,137.0,,,,1.3884666058579103,0.9653846153846154,,-5.78,-2.8321418805422085,0.96,,5.35,-7.347724739029086,,,,,8.782154573534262,0.6351931330472104,,,,0.0,,,,40.15,
ISTLTD,2026-09-26,,,770.0,4.69,,0.5077345699751774,5.833333333333333,0.4548587181254307,,9.7,9.001097694840835,12.7,,52.0,124.24242424242425,9.237109854917481,,11.209902331994481,,6.265856918261115,0.002364066193853428,,,,0.0,,,,74.98,
ITC,2026-09-26,Fast Moving Consumer Goods,,337071.0,17.1,,,4.4068481330404765,4.645941278065631,,29.3,21.55558166109551,38.9,,34.0,26.38845309068089,-1.1313187895383048,,5.069604021733376,,4.033442120319464,0.03308646061759554,,,,5.39,,,,,
ITCHOTELS,2026-09-26,Consumer Services,,33725.0,36.6,,,7.916666666666667,2.892857142857143,,7.89,6.446587537091989,11.2,,35.0,20.399061032863848,,,,,24.191423597193506,0.006347572482415509,,,,0.62,,,,39.85,
ITDC,2026-09-26,,,5830.0,70.4,,8.348828694467795,10.897196261682243,13.793103448275863,,21.0,10.761154855643044,29.9,,17.0,15.327102803738319,8.432320577693652,,81.3071914973297,,1.674489353164632,0.002364066193853428,,,,0.43,,,,87.03,
ITI,2026-09-26,Telecommunication,,24358.0,,,,11.538607295120796,12.777777777777777,,-8.86,3.4663528404835775,1.41,,2.5,15.348176219801044,,,21.434292290611268,,18.644347745947186,0.40136411332633787,,,,0.0,,,,90.02,
ITL,2026-09-26,,,115.0,13.4,,7.524927095132596,0.5665024630541872,1.3007246376811594,,10.2,5.228758169934641,13.4,,7.0,3.9408866995073892,1.7807481495292654,,10.411053063541885,,12.127252849089775,0.26136363636363635,,,,0.35,,,,44.98,
IVALUE,2026-09-26,,,1233.0,11.5,,,1.224428997020854,2.1634615384615383,,19.8,7.217210270645386,25.4,,14.0,10.327706057596822,-51.63888068239522,,-28.95809565084855,,8.88756582484267,0.12147887323943662,,,,0.0,,,,32.1,
IVC,2026-09-26,,,245.0,60.2,,,4.277234636871508,1.28500823723229,,1.95,2.36543270610421,4.11,,-2.23,10.073324022346368,-20.62994740159002,,-8.538989614534731,,-4.1269484267731364,0.0,,,,15.4,,,,50.42,
IWP,2026-09-26,,,224.0,37.8,,2.13255940621376,0.9256198347107438,0.6161971830985916,,1.26,1.1363636363636365,3.0,,6.0,2.479338842975207,17.725180311441726,,,,8.020134182489302,0.18732782369146006,,,,0.57,,,,71.25,
IXIGO,2026-09-26,Consumer Services,,6916.0,79.0,,,5.458563535911602,3.361884368308351,,5.54,3.4238488783943333,6.8,,4.6,6.866614048934491,-1.5002267647419743,,,,24.534856646072424,0.02149487054225696,,,,0.0,,,,,
IZMO,2026-09-26,,,1354.0,25.2,,1.0124353463198341,4.605442176870748,3.311355311355311,,12.4,10.931174089068826,12.6,,20.0,18.367346938775512,24.890478282490914,,24.524651546046506,,16.279165941138384,0.04156479217603912,,,,0.0,,,,34.79,
J&KBANK,2026-09-26,Financial Services,,16088.0,6.98,,0.7628641025109896,,0.948051948051948,,15.4,1.2193056731583405,5.84,,,,9.149729259805417,,31.587801991967,,,,,,,1.47,,,,59.4,
JAGRAN,2026-09-26,,,1364.0,7.23,,8.392959298224474,0.7118997912317327,0.676025917926566,,9.02,6.66170450316338,12.2,,13.0,9.342379958246347,0.8614363233632627,,0.5159748683661869,,-0.31120533194219924,0.054563492063492064,,,,11.2,,,,69.0,
JAGSNPHARM,2026-09-26,,,1598.0,34.0,,1.2957976077753648,5.4353741496598635,5.87378640776699,,17.3,14.195583596214512,22.7,,21.0,15.306122448979592,26.238665510713098,,18.88654957871243,,12.047029690880851,0.028985507246376812,,,,1.65,,,,69.06,
JAIBALAJI,2026-09-26,Metals & Mining,,5926.0,20.2,,0.33907998570372855,1.0241963359834083,2.6639344262295084,,30.7,7.429006085192698,36.1,,9.0,5.063947459384722,59.57296464454191,,,,-1.8800212620600387,0.20666366501575867,,,,0.0,,,,64.84,
JAICORPLTD,2026-09-26,,,1657.0,17.5,,0.8034229583075339,3.0628465804066543,1.3184357541899443,,12.0,6.023316062176166,11.8,,13.0,17.190388170055453,21.781802248799266,,12.474611314209483,,5.3267680399366135,0.18789808917197454,,,,0.53,,,,73.91,
JAINREC,2026-09-26,Metals & Mining,,9899.0,27.2,,,0.9235864900167942,6.349557522123893,,30.4,10.644589000591367,25.7,,5.0,3.3588356036573987,-36.055912218203055,,,,34.26682320654819,0.8174247277386291,,,,0.0,,,,73.59,
JAIPURKURT,2026-09-26,,,48.0,24.7,,0.5585081740798752,0.40336134453781514,0.7254335260115607,,3.34,1.5625,7.53,,8.0,1.680672268907563,44.22495703074083,,24.57309396155174,,38.28597917878507,0.5757575757575758,,,,0.0,,,,41.65,
JAMNAAUTO,2026-09-26,Automobile and Auto Components,,5528.0,22.9,,5.276873561098902,2.0860377358490565,4.80836236933798,,22.3,14.199029126213592,26.0,,15.0,8.830188679245284,4.3396908671109236,,10.630845659060938,,2.9734742736860387,0.13077593722755013,,,,1.81,,,,49.84,
JARO,2026-09-26,,,986.0,24.9,,,4.954773869346734,,,40.6,18.81188118811881,40.2,,31.0,19.09547738693467,,,,,60.64625770694035,0.3504273504273504,,,,1.13,,,,61.43,
JASH,2026-09-26,,,3753.0,43.6,,5.365355694662013,4.9511873350923485,7.235079171741779,,16.0,9.783845278725826,17.7,,15.0,11.345646437994723,8.126208676784952,,20.405166066943647,,13.677147681754587,0.19845857418111754,,,,0.27,,,,43.24,
JAYAGROGN,2026-09-26,,,705.0,13.0,,6.801259174940655,0.27865612648221344,1.1576354679802956,,8.53,5.4989816700611,11.6,,4.4,2.1343873517786562,1.9114107646270417,,-9.315930591400512,,5.574902030109241,0.21475409836065573,,,,1.49,,,,67.13,
JAYBARMARU,2026-09-26,,,1316.0,9.52,,0.15249812874045368,0.5020984357115604,1.8973561430793158,,22.3,7.536865101037685,16.6,,11.0,5.265165967188096,62.42699552204143,,37.48126193606729,,4.572494812772043,0.7629310344827587,,,,0.58,,,,59.35,
JAYKAY,2026-09-26,,,3074.0,75.4,,0.41097122435025213,11.86872586872587,4.463894967177243,,3.56,23.980815347721823,4.76,,11.0,77.22007722007721,183.4678331048794,,56.26662627946073,,69.6971824032837,0.05652173913043478,,,,0.0,,,,66.01,
JAYNECOIND,2026-09-26,Capital Goods,,8598.0,,,,3.276676829268293,2.66867469879518,,-0.87,-1.3243167089320935,2.93,,9.0,-3.5823170731707314,,,,,1.0241832549034102,1.9396511079679397,,,,0.0,,,,55.15,
JAYSREETEA,2026-09-26,,,258.0,,,,0.2727272727272727,0.6525547445255475,,-7.51,-2.301255230125523,0.51,,2.6,-2.3255813953488373,,,,,8.433233915018823,1.0580808080808082,,,,0.56,,,,50.68,
JBCHEPHARM,2026-09-26,Healthcare,,38677.0,53.8,,2.8917136478252994,9.324252651880425,9.301158301158301,,18.9,14.288593309149537,25.4,,27.0,17.092574734811958,18.604885044706986,,8.799140895323454,,9.619721834441886,0.0009617696561673479,,,,0.91,,,,48.8,
JBMA,2026-09-26,Automobile and Auto Components,,13873.0,60.3,,7.695640269088721,2.2101322287717062,9.03076923076923,,15.7,3.2971506105834463,15.1,,11.0,3.8712760873028516,7.835605341664498,,7.5109947879521854,,7.811982546061325,1.9681611435997401,,,,0.14,,,,67.53,
JENBURPH,2026-09-26,,,418.0,11.7,,1.4423251290132988,2.473372781065089,2.125560538116592,,20.2,14.666666666666666,27.0,,24.0,19.526627218934912,8.111901931573517,,8.891387570939969,,5.974030812541553,0.01015228426395939,,,,2.18,,,,46.62,
JETFREIGHT,2026-09-26,,,99.4,13.2,,0.05407189256983203,0.19722222222222224,1.3986928104575163,,10.0,4.166666666666666,13.6,,4.0,1.5873015873015872,244.11943752389735,,20.559524410939577,,7.918372687688935,1.0422535211267605,,,,0.0,,,,50.92,
JGCHEM,2026-09-26,,,2430.0,32.3,,0.9351630677002496,2.26890756302521,4.592592592592593,,13.3,13.708260105448156,18.1,,9.0,7.282913165266107,34.53943073204555,,-43.3169164322138,,17.15794549998193,0.011363636363636364,,,,0.18,,,,70.99,
JHS,2026-09-26,,,73.7,,,,0.6761467889908257,0.4215,,-1.11,-0.9302325581395349,-0.78,,2.8,-1.834862385321101,,,,,15.360213129419042,0.08620689655172414,,,,0.0,,,,33.85,
JINDALPHOT,2026-09-26,,,1086.0,,,,54.3,1.0665322580645162,,-2.29,-4.98793242156074,-1.38,,-506.0,-310.0,,,,,0.0,0.06366307541625857,,,,0.0,,,,74.2,
JINDALPOLY,2026-09-26,,,3039.0,51.9,,,1.2992731936725097,0.9956958393113343,,-0.97,-11.36077037716382,-1.99,,-25.0,-42.36853356135101,,,,,-15.855324063734589,1.3123566043920025,,,,0.85,,,,74.54,
JINDALSAW,2026-09-26,Capital Goods,,18258.0,27.9,,,0.9997262224169084,1.4517766497461928,,8.2,2.7860189134062674,10.4,,11.0,3.2908065487597873,-26.952380178248013,,9.676354260748132,,-4.4844470151159666,0.3730714172101161,,,,0.7,,,,63.25,
JINDALSTEL,2026-09-26,Metals & Mining,,118820.0,38.5,,,2.106252105011256,2.3346693386773545,,8.22,2.7746197572591798,9.7,,16.0,4.802084625884104,-22.92742458783412,,-13.92369378603393,,3.86002116014843,0.4442130493722863,,,,0.17,,,,62.71,
JINDRILL,2026-09-26,,,1716.0,8.81,,0.15924243003276592,1.6856581532416504,0.9426751592356688,,10.2,7.658556043079377,13.7,,33.0,18.860510805500983,55.324450890301314,,24.34457292820884,,18.164640490333063,0.0510989010989011,,,,0.17,,,,66.78,
JINDWORLD,2026-09-26,,,4688.0,55.3,,14.364076475126257,2.0382608695652173,5.454545454545454,,7.79,5.123568414707655,8.63,,5.0,3.6956521739130435,3.8498820370220788,,-5.077196235991799,,8.233952353442643,0.6488372093023256,,,,0.0,,,,61.76,
JIOFIN,2026-09-26,Financial Services,,149891.0,72.5,,8.900248260173464,30.55881753312946,1.0758293838862558,,1.19,1.2638636544378987,1.86,,66.0,42.120285423037714,8.14584019239335,,,,38.281802711043824,0.1626261645237686,,,,0.26,,,,49.13,
JISLDVREQS,2026-09-26,,,38.3,,,,,,,,,,,,,,,,,,,,,,0.0,,,,30.37,
JISLJALEQS,2026-09-26,,,2054.0,,,,0.3228544482867023,0.3516483516483516,,-0.48,-0.5698711595639246,5.3,,12.0,-1.0845646023263125,,,,,1.500493340211717,0.736068376068376,,,,0.0,,,,26.68,
JITFINFRA,2026-09-26,,,718.0,,,,0.2457221081451061,-1.395,,,-0.14104372355430184,15.4,,20.0,-0.23956194387405885,,,,,4.849754029382924,-7.692007797270955,,,,0.0,,,,63.03,
JKCEMENT,2026-09-26,Construction Materials,,38634.0,39.6,,6.453804486457259,2.682730365946809,5.48847420417124,,15.6,5.07027027027027,15.1,,16.0,6.513436566905076,6.135915657670932,,6.592177336621341,,7.612248474846828,0.8786414665340344,,,,0.4,,,,45.66,
JKIL,2026-09-26,,,3583.0,9.21,,1.9163100506991204,0.6231304347826087,1.0651685393258428,,12.4,6.148136194933032,18.4,,14.0,6.626086956521739,4.806111618858311,,29.25081342767819,,5.6279883463185465,0.18432769367764915,,,,0.84,,,,46.64,
JKIPL,2026-09-26,,,370.0,43.3,,,1.0136986301369864,1.9031620553359683,,8.64,2.21606648199446,9.75,,2.9,2.191780821917808,-88.17030213630485,,,,15.159115666083567,0.520618556701031,,,,0.0,,,,74.99,
JKLAKSHMI,2026-09-26,Construction Materials,,6336.0,16.5,,,0.9148137453075368,1.6293929712460065,,10.7,4.340196537201685,12.0,,14.0,5.3566272018481085,-10.440397787633005,,-5.433589533957517,,0.6731253268010828,0.6654657745753989,,,,1.27,,,,45.12,
JKPAPER,2026-09-26,Forest Materials,,7406.0,22.7,,,1.011886869790955,1.3421052631578947,,4.77,3.105118222391036,7.39,,13.0,4.4678234731520705,-35.342146206517434,,-10.985815286752675,,3.2002883519525627,0.46702898550724636,,,,0.98,,,,52.94,
JKTYRE,2026-09-26,Automobile and Auto Components,,9970.0,13.9,,,0.6077785905876616,1.6476190476190475,,16.0,4.128440366972478,15.5,,12.0,4.005120702267739,-8.387133844381045,,22.14349522606667,,3.0228436499744715,0.805477643953143,,,,1.16,,,,51.72,
JLHL,2026-09-26,Healthcare,,8709.0,45.6,,22.793978820452,5.589858793324775,5.647558386411889,,13.1,7.955988150655946,14.8,,22.0,12.066752246469834,2.0005283131651064,,23.265060804272085,,13.2372317323026,0.3779935275080906,,,,0.08,,,,40.91,
JMA,2026-09-26,,,201.0,6.29,,0.8098823817756431,0.31259720062208396,0.735,,11.3,9.34844192634561,15.2,,6.0,5.132192846034215,7.7665598629388155,,5.747097874829121,,6.387328958558625,0.0,,,,2.27,,,,51.0,
JMFINANCIL,2026-09-26,Financial Services,,12218.0,11.6,,0.3192972354997061,2.9229665071770334,1.1531531531531531,,11.9,4.218399969624483,11.6,,56.0,26.57894736842105,36.32978526057635,,6.059336296632423,,-4.419136123648748,1.0916682304372303,,,,2.55,,,,57.03,
JNKINDIA,2026-09-26,,,2352.0,31.2,,24.076380791021272,2.6162402669632927,4.158415841584159,,12.1,6.87382297551789,17.4,,12.0,8.120133481646272,1.2958758324521646,,-18.520361118660922,,23.264916197070495,0.16049382716049382,,,,0.07,,,,67.8,
JNPR,2026-09-26,,,15138.0,574.0,,,21.054242002781642,,,0.43,0.20512820512820512,3.3,,85.0,5.563282336578582,,,,,29.50910403572764,4.018983644859813,,,,0.0,,,,85.94,
JPOLYINVST,2026-09-26,,,1006.0,1.24,,0.031108198108439938,0.970106075216972,0.6267190569744597,,54.8,45.19553072625698,63.4,,88.0,78.01350048216008,39.8608751197189,,0.330580951742121,,206.54348129496398,0.014330218068535825,,,,0.0,,,,74.63,
JPPOWER,2026-09-26,Power,,10876.0,13.0,,,1.8895066018068103,0.8548387096774193,,3.6,3.569439803987081,6.97,,26.0,11.136205698401668,-14.234255536458374,,42.49563932239631,,-5.2322726221009646,0.26633678919258563,,,,0.0,,,,24.0,
JSFB,2026-09-26,Financial Services,,5664.0,14.9,,,,1.2617924528301887,,7.6,0.8008767492834261,7.45,,,,-17.406952514002217,,102.09355935081841,,,,,,,0.0,,,,16.94,
JSL,2026-09-26,Metals & Mining,,61687.0,18.7,,3.0454590385422313,1.4011493208558579,3.1166666666666667,,17.7,8.009198585593829,19.3,,13.0,7.35701630854495,6.140289448434388,,-7.629234070972279,,4.5161073603017465,0.37693901268253244,,,,0.53,,,,62.04,
JSLL,2026-09-26,Consumer Services,,6318.0,26.7,,0.29257188671109835,7.424206815511163,13.51063829787234,,61.3,35.01483679525222,64.4,,43.0,27.73207990599295,91.25962272091117,,,,60.71579700619245,0.27194860813704497,,,,0.89,,,,63.62,
JSWCEMENT,2026-09-26,Construction Materials,,15743.0,20.0,,0.24118399105724914,2.2985837348518032,2.3958333333333335,,14.7,5.012165450121654,11.1,,18.0,10.527084245875312,82.92424348866778,,17.565718632482152,,4.498580653968953,0.6815267175572519,,,,0.43,,,,72.02,
JSWDULUX,2026-09-26,Consumer Durables,,14571.0,38.0,,0.573049538033471,4.072386808272778,5.947955390334572,,19.1,51.69960474308301,22.7,,14.0,54.8351034097261,66.31189361116014,,46.57350559889397,,-3.341076286236555,0.03221859706362153,,,,1.56,,,,61.2,
JSWENERGY,2026-09-26,Power,,92875.0,46.3,,23.18006771270425,4.897179013973108,2.8971428571428572,,7.51,1.986155871638922,8.16,,54.0,12.96598998154495,1.9974057269308343,,1.1165558449265367,,18.193795283292257,2.5022275698351275,,,,0.39,,,,66.53,
JSWHL,2026-09-26,,,12279.0,88.2,,,66.7336956521739,0.3719444537843381,,0.46,0.3682498723221246,0.59,,86.0,74.45652173913044,-4.058295556916591,,-1.9533096386786686,,2.673011512363943,0.0,,,,0.0,,,,66.28,
JSWINFRA,2026-09-26,Services,,84358.0,54.4,,6.882394575506536,15.112504478681476,6.988416988416989,,15.3,7.494434825624537,13.6,,48.0,27.140809745610895,7.904225688193156,,-33.71966519814528,,14.047351610155978,0.6342741564769697,,,,0.25,,,,73.93,
JSWSTEEL,2026-09-26,Metals & Mining,,312284.0,25.9,,0.6292110527611007,1.6463120825359672,3.122249388753056,,10.2,10.381668632119203,11.0,,16.0,14.75852325146162,41.162658993903165,,3.462194822136988,,2.7215450719414225,0.9925739358140185,,,,0.56,,,,44.29,
JTEKTINDIA,2026-09-26,,,3275.0,41.7,,0.4516765512637067,1.587493940862821,4.290909090909091,,12.4,7.646559048428207,15.9,,9.0,4.362578768783325,92.32270279103749,,2.772362033437892,,15.670610081235004,0.09400544959128065,,,,0.64,,,,74.98,
JTLIND,2026-09-26,,,3483.0,30.4,,,1.5051858254105446,2.3444730077120823,,7.31,6.112224448897796,9.61,,8.0,5.2722558340535866,-3.029019793009402,,3.0624138001266177,,4.290415022194893,0.1641991924629879,,,,0.14,,,,49.26,
JUBLCPL,2026-09-26,,,3349.0,25.3,,,1.6982758620689655,7.269736842105263,,33.2,13.903743315508022,40.4,,10.0,6.592292089249494,,,,,16.599183728177014,0.1108695652173913,,,,0.0,,,,74.36,
JUBLFOOD,2026-09-26,Consumer Services,,31973.0,83.9,,30.10795547719963,3.2499491766619233,13.976945244956772,,21.0,4.804099498238497,14.8,,20.0,4.57410042691604,2.7866389022508153,,0.620202599319386,,20.27021010392618,2.1387434554973823,,,,0.25,,,,40.27,
JUBLINGREA,2026-09-26,Chemicals,,10450.0,32.9,,1.727037985679969,2.246828639002365,3.3469387755102042,,9.52,5.6489945155393055,11.4,,13.0,6.643732530638573,19.049957367930514,,-8.334780912691786,,3.989287635711003,0.2533589251439539,,,,0.76,,,,45.22,
JUBLPHARMA,2026-09-26,Healthcare,,17076.0,44.0,,0.667414916261711,1.983736059479554,2.4089887640449437,,6.53,2.2983237297014143,8.99,,14.0,4.077602230483271,65.92600633868129,,-3.1744619117069495,,8.69536192888225,0.5096574087128155,,,,0.47,,,,47.67,
JUNIPER,2026-09-26,,,4812.0,26.0,,0.2858651358654266,4.4721189591078065,1.6744186046511629,,6.19,3.871268656716418,8.04,,40.0,15.427509293680297,90.95197958046803,,,,9.568652985063641,0.41631799163179917,,,,0.0,,,,77.53,
JUSTDIAL,2026-09-26,Consumer Services,,5717.0,41.0,,5.666049854342736,5.481303930968361,1.4207188160676534,,3.63,7.467599259411643,4.81,,21.0,34.80345158197507,7.2360817596011096,,5.968771553146968,,15.609497060245236,0.021128511061396966,,,,0.0,,,,74.14,
JWL,2026-09-26,Capital Goods,,9690.0,54.5,,,3.0988167572753436,3.2568149210903874,,6.37,3.4168081494057727,9.14,,11.0,5.148704828909498,-21.42769036565705,,-6.81321581343629,,-4.972383215683129,0.33445265278710545,,,,0.44,,,,68.31,
JYOTHYLAB,2026-09-26,Fast Moving Consumer Goods,,7016.0,19.2,,0.6043380663387581,2.464348436951177,3.4229390681003586,,19.0,13.749535488665924,24.6,,18.0,12.996136283807516,31.770297238297008,,16.808551149837747,,9.039799382870006,0.02975609756097561,,,,1.83,,,,62.89,
JYOTICNC,2026-09-26,Capital Goods,,24223.0,75.3,,2.6218862477589004,11.055682336832497,12.102272727272727,,18.2,8.907330567081605,21.3,,24.0,14.696485623003195,28.719781441457993,,,,17.86786618554903,0.42628685657171417,,,,0.0,,,,62.55,
JYOTIRES,2026-09-26,,,1012.0,25298.0,,,503.4825870646767,19.29061784897025,,0.08,0.0744324525493115,0.23,,10.95,1.9900497512437814,,,,,4.133872323273091,0.0183206106870229,,,,1.07,,,,54.37,
JYOTISTRUC,2026-09-26,,,1078.0,16.8,,0.5902365230564358,1.2742316784869976,2.2688442211055273,,10.8,2.1790943139257744,2.25,,7.0,7.5650118203309695,28.46316577124737,,,,23.328828754287635,4.387368421052631,,,,0.0,,,,,
KABRAEXTRU,2026-09-26,,,2960.0,4229.0,,,6.040816326530612,6.714285714285714,,-1.91,0.1303780964797914,0.06,,4.0,0.20408163265306123,-75.62747522483446,,-56.9152806249302,,-6.93976028168275,0.3287981859410431,,,,0.3,,,,60.44,
KAJARIACER,2026-09-26,Consumer Durables,,19142.0,33.2,,3.7055765739910127,3.7859968354430378,6.34375,,17.9,13.608145021107523,23.4,,19.0,10.838607594936708,8.95946942050172,,7.6792006764980325,,4.160653306072004,0.07469015003261578,,,,1.15,,,,47.69,
KAKATCEM,2026-09-26,,,83.0,,,,1.1690140845070423,0.4553191489361702,,-8.52,-11.587982832618025,-7.54,,-34.0,-38.028169014084504,,,,,-23.079059888416797,0.1092896174863388,,,,2.81,,,,54.25,
KALAMANDIR,2026-09-26,,,1184.0,21.8,,,1.0422535211267605,,,,,,,12.0,4.753521126760563,,,,,,,,,,1.94,,,,60.97,
KALPATARU,2026-09-26,,,5804.0,47.2,,,1.675036075036075,1.41,,2.73,0.5825132903517702,1.27,,2.9,2.9725829725829724,,,,,21.538902400216298,2.2268642215205245,,,,0.0,,,,81.34,
KALYANIFRG,2026-09-26,,,355.0,28.6,,0.7218246417758292,1.4978902953586497,3.703422053231939,,10.1,4.780876494023905,12.2,,14.0,5.063291139240507,39.62181164893239,,31.681187090878016,,0.0,1.1041666666666667,,,,0.41,,,,58.76,
KALYANKJIL,2026-09-26,Consumer Durables,,59177.0,40.4,,1.1944733485483063,1.5149118091288432,9.378068739770868,,24.8,6.926678573152484,21.2,,7.0,3.6735529785218746,33.82243735207639,,44.84771927356967,,28.254557660931788,0.9695672848311936,,,,0.44,,,,62.86,
KAMAHOLD,2026-09-26,,,7182.0,6.33,,0.815725178732104,0.41892207186187586,0.8962755306367641,,12.6,8.617950754567117,14.0,,22.0,12.657489500699953,7.759966426240306,,2.8250162587521332,,8.452016076110658,0.6337993010484274,,,,1.85,,,,75.0,
KAMANWALA,2026-09-26,,,23.9,,,,3.0562659846547313,0.2130325814536341,,-2.51,-2.0350176624174474,-2.26,,-78.26,-33.887468030690535,,,,,40.82602056237925,0.1511379800853485,,,,0.0,,,,41.36,
KAMATHOTEL,2026-09-26,,,699.0,16.7,,,1.7741116751269035,2.2149532710280373,,11.6,6.470588235294119,15.8,,26.0,11.16751269035533,-7.680520645845212,,,,9.028711443868565,0.7373417721518988,,,,0.0,,,,57.78,
KAMOPAINTS,2026-09-26,,,138.0,,,,0.5726141078838174,0.7716390423572745,,0.12,-1.7421602787456445,2.23,,1.7,-2.0746887966804977,,,,,-6.1981514604919745,0.18994413407821228,,,,0.0,,,,52.54,
KANANIIND,2026-09-26,,,27.7,12.3,,0.20939696922207582,0.17987012987012987,0.39886039886039887,,3.84,1.9230769230769231,3.95,,0.7,1.2987012987012987,58.74010519681994,,5.922384104881218,,-11.609562005863626,0.0,,,,0.0,,,,33.79,
KANCHI,2026-09-26,,,170.0,22.2,,0.16611971454181532,1.096774193548387,0.7910750507099391,,2.43,3.571428571428571,3.98,,7.0,5.161290322580645,133.63856337720748,,,,2.013961808422904,0.0,,,,0.26,,,,51.17,
KANCOTEA,2026-09-26,,,27.7,,,,0.36016122740865947,0.4954128440366973,,-9.32,-3.977883581631086,-2.93,,-2.24,-6.735144974645689,,,,,0.16960241237469198,0.9548387096774195,,,,0.0,,,,70.34,
KANPRPLA,2026-09-26,,,633.0,14.0,,0.052580615119397406,0.854251012145749,2.3363636363636364,,14.9,9.574468085106384,17.0,,9.0,6.0728744939271255,266.25782083776517,,8.882202534866689,,14.240634467489599,0.417910447761194,,,,0.47,,,,68.15,
KANSAINER,2026-09-26,Consumer Durables,,14610.0,22.7,,,1.7681229577635242,2.180722891566265,,8.82,6.761565836298933,12.0,,12.0,7.128161684618177,-20.30642458926579,,10.81643815792317,,1.9363686336836272,0.0451295799821269,,,,1.38,,,,74.96,
KAPSTON,2026-09-26,,,1630.0,53.4,,1.5536305668883372,1.8931475029036005,14.031413612565444,,27.4,8.595988538681947,14.9,,6.0,3.484320557491289,34.371105421124206,,,,18.30413812212488,1.5862068965517242,,,,0.0,,,,72.87,
KARMAENG,2026-09-26,,,45.1,,,,1.4245104232469994,1.4942528735632183,,-8.08,-2.555205047318612,4.07,,26.06,-5.116866708780797,,,,,-3.0099584802541712,0.6226415094339622,,,,0.0,,,,74.7,
KARURVYSYA,2026-09-26,Financial Services,,31698.0,11.6,,0.5939710370369728,,2.2465753424657535,,19.1,2.009472705577476,7.62,,,,19.529571774857324,,32.28788236333466,,,,,,,0.79,,,,2.07,
KAVDEFENCE,2026-09-26,,,495.0,,,,83.19327731092437,4.424731182795698,,1.25,-0.8376135914658238,1.14,,-65.71,-17.81512605042017,,,,,55.2529807690457,0.03947368421052632,,,,0.0,,,,24.56,
KAYNES,2026-09-26,Capital Goods,,24536.0,70.6,,3.268274778722354,6.2928956142600665,5.155367231638418,,8.69,5.01885697708152,12.7,,16.0,8.874070274429341,21.60161087422374,,41.69087303111518,,29.268291720833517,0.19229149115417019,,,,0.0,,,,53.46,
KCP,2026-09-26,,,2105.0,11.9,,,0.7857409481149683,1.181159420289855,,12.2,6.756002233389167,12.2,,11.0,9.033221351250468,-3.321691567770957,,-1.9527916669675571,,-1.9955176111464912,0.372615039281706,,,,0.31,,,,44.39,
KDDL,2026-09-26,,,4961.0,50.6,,,2.136520241171404,4.593394077448747,,8.9,5.44464609800363,11.7,,14.0,6.459948320413436,-1.2362206614475402,,25.76213287305422,,18.625583537912927,0.4740740740740741,,,,0.57,,,,50.15,
KEC,2026-09-26,Construction,,10567.0,17.6,,1.1335035576315402,0.4495447970730877,1.7186147186147187,,11.4,2.20427326622369,16.5,,7.0,2.3568450608355316,15.52707962979425,,9.991763273681897,,5.683391785929315,0.8731937002760188,,,,1.39,,,,50.1,
KECL,2026-09-26,,,882.0,57.5,,,1.572192513368984,6.363636363636363,,6.78,1.1041009463722398,14.6,,5.0,1.2477718360071302,-18.91991521045906,,-35.535223656250594,,0.23880687698600855,0.7633587786259542,,,,0.0,,,,49.74,
KEEPLEARN,2026-09-26,,,28.8,,,,3.9506172839506175,4.625,,-14.6,-8.628318584070795,-11.1,,-14.13,-16.049382716049383,,,,,4.874559577102522,0.26375404530744334,,,,0.0,,,,55.42,
KEI,2026-09-26,Capital Goods,,44679.0,44.8,,2.5660969479518427,3.619784493235032,6.705882352941177,,14.7,11.132201875837428,20.0,,11.0,8.077452807259174,17.458420671034112,,20.10207964492734,,15.055424441441945,0.03795948987246812,,,,0.1,,,,35.0,
KELLTONTEC,2026-09-26,,,715.0,7.83,,0.8061323624905804,0.5780113177041228,0.8881578947368421,,13.6,8.060230292294065,15.0,,11.0,7.3565076798706555,9.713045108136932,,3.451942432101407,,7.962283225566558,0.23667905824039653,,,,0.0,,,,36.02,
KENNAMET,2026-09-26,,,9247.0,79.0,,1.5435828384048516,9.056807051909892,14.30952380952381,,18.4,14.096385542168674,24.6,,18.0,11.459353574926542,51.17963094331828,,,,13.138966794082885,-0.0,,,,0.95,,,,75.0,
KERNEX,2026-09-26,,,2846.0,14.9,,,3.2414578587699316,11.445945945945946,,43.5,20.783460282916213,47.8,,34.0,21.753986332574033,,,,,252.76718003081328,0.6532258064516129,,,,0.0,,,,28.73,
KEYFINSERV,2026-09-26,,,127.0,21.7,,,4.188654353562005,0.8730769230769231,,4.88,3.565823341076025,6.9,,38.89,18.733509234828492,-35.568062046774486,,-14.925357931606042,,-14.918895258175324,0.028636646607179912,,,,0.44,,,,71.87,
KFINTECH,2026-09-26,Financial Services,,15365.0,43.8,,3.9020889403507493,11.101878612716764,9.164948453608247,,21.6,12.346570397111915,29.2,,39.0,24.710982658959537,11.224756962116533,,17.421686589295106,,18.203596437218984,0.032855436081242535,,,,1.35,,,,22.82,
KHAICHEM,2026-09-26,,,481.0,8.26,,,0.4868421052631579,1.6533333333333333,,25.4,7.906295754026354,18.5,,11.0,5.465587044534413,,,-7.443213346365452,,22.611362446148185,1.0515463917525774,,,,0.1,,,,72.65,
KHAITANLTD,2026-09-26,,,69.4,10.0,,,0.5596774193548387,2.067988668555241,,18.0,8.974358974358974,,,7.0,5.64516129032258,,,,,33.599894085535674,0.14705882352941177,,,,0.0,,,,60.24,
KHANDSE,2026-09-26,,,27.2,,,,3.01218161683278,0.9780219780219781,,-4.49,-1.5032035485460817,-3.46,,-18.6,-6.755260243632337,,,,,1.2487101430441294,0.11067051189617878,,,,0.0,,,,48.78,
KICL,2026-09-26,,,2189.0,53.9,,,28.064102564102566,0.19199080283579228,,0.37,0.32974103265240473,0.49,,63.0,52.56410256410257,-16.602280706029436,,-6.600717138554913,,5.197786066575727,0.0,,,,0.2,,,,74.98,
KIMS,2026-09-26,Healthcare,,32767.0,157.0,,,7.779439696106363,13.87900355871886,,11.3,2.522428812898193,9.5,,20.0,4.605887939221272,-13.304499424619342,,-9.503119212184474,,19.023296974348945,1.892745883400089,,,,0.0,,,,32.49,
KINGFA,2026-09-26,,,8453.0,37.5,,2.0750334830685224,3.8042304230423043,6.038722168441432,,17.4,12.884834663625996,23.2,,14.0,10.171017101710172,18.071997539309905,,45.78362013724882,,14.300213374239679,0.010714285714285714,,,,0.32,,,,67.02,
KIOCL,2026-09-26,,,20709.0,533.0,,,30.409691629955947,11.923076923076923,,0.92,1.6504443504020312,1.35,,-1.8,5.726872246696035,,,-33.922632729499824,,-28.38360420306545,0.11059907834101383,,,,0.0,,,,99.03,
KIRANVYPAR,2026-09-26,,,549.0,79.4,,,,0.2460220318237454,,0.05,0.20768431983385255,1.59,,,,-49.033288658468486,,-43.351786288386265,,,,,,,0.5,,,,74.95,
KIRIINDUS,2026-09-26,,,3633.0,4.52,,0.01918167981903762,3.8242105263157895,0.5205223880597015,,-9.09,83.06577638869157,3.4,,-20.0,615.4736842105264,235.64151016189658,,66.86470215714237,,0.03511236243600724,0.006525792417650715,,,,0.0,,,,41.71,
KIRLFER,2026-09-26,,,7980.0,20.7,,,1.1462223498994542,2.0641025641025643,,14.5,5.296706632265898,13.4,,12.0,5.0129273197357085,-0.28155944415634293,,-3.2683200521006706,,4.2430607118585595,0.26825479026411186,,,,1.24,,,,50.78,
KIRLOSBROS,2026-09-26,Capital Goods,,14070.0,34.8,,14.735339833719092,3.0167238421955402,5.716129032258064,,17.3,8.55457227138643,20.4,,12.0,8.08319039451115,2.3616693196560457,,31.671940758385333,,5.243834616286902,0.10146103896103896,,,,0.4,,,,65.95,
KIRLOSENG,2026-09-26,Capital Goods,,31100.0,54.6,,7.562428261384932,3.9183570618621646,8.582329317269076,,17.5,4.932694080767104,14.6,,18.0,6.740582083910797,7.2199031994520935,,25.495104630577448,,10.403761618437368,1.4845303867403314,,,,0.33,,,,41.06,
KIRLOSIND,2026-09-26,,,3781.0,12.3,,1.2684610396780194,0.5405289492494639,0.6050109298806121,,3.77,3.0453378956372967,7.01,,12.0,5.089349535382416,9.696789743831769,,6.1244135922861265,,3.0290640535986846,0.17808,,,,0.36,,,,71.87,
KIRLPNU,2026-09-26,Capital Goods,,8990.0,34.2,,0.371774390276656,4.972345132743363,7.200832466181062,,22.6,14.911781445645989,29.6,,19.0,14.491150442477876,91.99127453225077,,48.107971425046195,,52.578572690943574,0.0024019215372297837,,,,0.87,,,,38.81,
KISSHT,2026-09-26,,,6176.0,19.5,,,2.7958352195563605,,,24.0,7.044372023063425,22.7,,33.0,12.720688094160254,-25.230967259931404,,,,30.23625676689217,1.8086373790022339,,,,0.0,,,,23.57,
KITEX,2026-09-26,Textiles,,2348.0,,,,3.7329093799682034,2.2868217054263567,,0.97,-1.6436554898093358,1.53,,0.7,-7.94912559618442,,,,,0.6441401431270588,1.1640776699029127,,,,0.42,,,,56.66,
KJMCFIN,2026-09-26,,,28.7,12.1,,0.29962041604808337,,0.28708133971291866,,1.24,1.8598549158820805,2.56,,,,40.384430939639905,,,,,,,,,1.67,,,,74.4,
KKCL,2026-09-26,,,2883.0,19.5,,,2.2917329093799683,3.0,,14.7,10.754843019372078,17.2,,20.0,12.798092209856915,-1.3241222786434026,,12.63449726742083,,13.516954201699694,0.13646055437100213,,,,0.85,,,,74.29,
KLBRENG-B,2026-09-26,,,2922.0,33.2,,2.9089118833050494,4.7358184764991895,4.209677419354839,,17.1,9.843400447427292,23.2,,22.0,14.26256077795786,11.413202369773678,,,,23.31893213771028,0.13761467889908258,,,,0.57,,,,44.54,
KMCSHIL,2026-09-26,,,2548.0,45.7,,2.030221158925743,7.697885196374623,12.093023255813954,,24.9,16.867469879518072,26.2,,30.0,16.91842900302115,22.50986292753514,,18.55903344486405,,23.202137434611814,0.4,,,,0.0,,,,75.0,
KMEW,2026-09-26,,,7267.0,56.1,,1.0051540615237682,22.4984520123839,12.296137339055795,,20.0,15.975609756097562,16.3,,47.0,40.55727554179567,55.81233976705515,,40.023101242366785,,25.348620303116576,0.3894736842105263,,,,0.0,,,,49.99,
KMSUGAR,2026-09-26,,,299.0,6.21,,0.3153469600761364,0.4671875,0.7629107981220657,,13.8,6.4,13.0,,12.0,7.5,19.69259509747827,,3.006594546201158,,-0.8700543331723876,0.639386189258312,,,,0.0,,,,56.51,
KNACK,2026-09-26,,,2227.0,21.5,,,2.7059538274605104,,,43.6,20.71269487750557,35.3,,18.0,11.300121506682867,-40.65792443896886,,,,16.91337617266622,0.8744186046511628,,,,0.0,,,,70.59,
KNAGRI,2026-09-26,,,512.0,14.4,,3.037457705820104,0.2632390745501285,1.3311688311688312,,8.61,8.294930875576037,13.3,,2.8,1.8508997429305913,4.740806751780613,,-5.448260074440647,,4.775240412968684,0.08831168831168831,,,,0.0,,,,68.86,
KNRCON,2026-09-26,Construction,,3382.0,9.9,,,1.2652450430228208,0.6779661016949152,,8.7,4.8510219157842895,10.4,,23.0,14.739992517770295,-20.22994758018928,,0.6541255568490723,,-15.492012482787576,0.4915526950925181,,,,0.21,,,,48.81,
KOHINOOR,2026-09-26,,,115.0,,,,0.7142857142857143,-1.225296442687747,,,92.3913043478261,-1.46,,-3.6,52.79503105590062,,,,,19.22502538679385,-1.574468085106383,,,,0.0,,,,37.67,
KOKUYOCMLN,2026-09-26,,,763.0,50.3,,1.1702688458884658,1.1074020319303337,3.064516129032258,,6.22,2.7027027027027026,8.56,,7.0,2.1770682148040637,42.98157656398376,,,,3.9162860952493217,0.6947791164658634,,,,0.39,,,,74.99,
KOLTEPATIL,2026-09-26,,,3831.0,30.8,,,2.437022900763359,3.176470588235294,,-4.36,1.6540955405584226,-0.32,,10.0,7.951653944020356,,,6.053826948680929,,4.665855840539956,0.980115990057995,,,,0.0,,,,73.81,
KOPRAN,2026-09-26,,,1375.0,55.0,,,1.9642857142857142,2.590909090909091,,4.91,2.753303964757709,6.65,,9.0,3.571428571428571,-21.15909681692767,,-16.366704368991634,,4.409730493605091,0.28867924528301886,,,,1.05,,,,44.43,
KOTAKBANK,2026-09-26,Financial Services,,401885.0,20.1,,5.507235967831091,,2.21978021978022,,11.4,2.0228174929461518,6.98,,,,3.6497437403097077,,10.865539780473,,,,,,,0.16,,,,25.87,
KOTHARIPET,2026-09-26,,,786.0,83.0,,3.7560062519905135,3.707547169811321,11.551724137931036,,14.2,8.928571428571429,18.0,,7.0,4.716981132075472,22.097939788043153,,,,-3.647607056370039,0.2647058823529412,,,,0.75,,,,72.22,
KOTHARIPRO,2026-09-26,,,406.0,41.3,,,0.3937924345295829,0.35051546391752575,,1.9,1.4253563390847712,2.63,,-6.0,1.842870999030068,-14.501202666165158,,6.686326632682782,,1.2936757322426384,0.08549222797927461,,,,0.0,,,,74.99,
KOTIC,2026-09-26,,,1625.0,,,,8.248730964467006,7.009345794392524,,-35.0,-27.652733118971064,-28.9,,-34.0,-43.65482233502538,,,,,141.4234194381944,0.2510822510822511,,,,0.0,,,,47.32,
KOVAI,2026-09-26,,,6663.0,115.0,,7.8779443367832815,11.255067567567568,23.068181818181817,,22.2,9.570957095709572,24.1,,22.0,9.797297297297296,14.597716749920163,,23.199776599040554,,13.771080993611395,0.698961937716263,,,,0.25,,,,56.53,
KPEL,2026-09-26,,,1508.0,8.28,,0.18112993675859537,0.8391764051196439,2.8682170542635657,,43.4,6.763285024154589,39.2,,18.0,10.127991096271565,45.71303975573811,,58.07064480895452,,56.25804629476809,0.8435114503816794,,,,0.4,,,,45.31,
KPIGREEN,2026-09-26,Power,,6716.0,14.7,,0.3930447683813173,2.4097595981341944,2.207792207792208,,17.4,4.9888686500708355,13.8,,36.0,17.689271618227483,37.400319715586726,,54.1998042514938,,39.61936892926514,1.7129202373104813,,,,0.26,,,,49.41,
KPIL,2026-09-26,Construction,,23758.0,21.4,,0.7509047078103994,0.8677136596055515,3.057142857142857,,13.7,4.075518013139845,18.3,,8.0,4.123447772096421,28.498955696257823,,12.903968401515531,,11.73791152246013,0.4556327160493827,,,,0.79,,,,33.58,
KPITTECH,2026-09-26,Information Technology,,14239.0,22.8,,,2.1603702017903204,4.023255813953488,,20.9,8.1730094087909,26.3,,18.0,8.830223031406463,-0.6808194999756823,,16.271101521949817,,10.598187736614095,0.23665631177633437,,,,1.44,,,,38.59,
KPL,2026-09-26,,,3810.0,46.7,,0.9258032228621046,6.877256317689531,11.475,,22.6,13.682432432432432,24.1,,24.0,14.620938628158845,50.44268462970756,,-7.547276137902892,,21.746680784584306,0.39274924471299094,,,,0.0,,,,54.86,
KPRMILL,2026-09-26,Textiles,,37818.0,41.4,,9.751255788354971,5.54516129032258,6.622754491017964,,15.7,13.346992536221281,19.6,,20.0,13.372434017595308,4.245607017040842,,1.7519921682789485,,4.016902493610641,0.10461646480603827,,,,0.45,,,,67.52,
KRBL,2026-09-26,Fast Moving Consumer Goods,,9125.0,12.0,,1.4334061849725686,1.5185555000832085,1.5708661417322836,,11.7,11.488329796908154,15.2,,17.0,12.614411715759694,8.371667518812643,,11.159945329208876,,3.7223064367847503,0.029275012915446874,,,,1.13,,,,60.17,
KREBSBIO,2026-09-26,,,123.0,,,,4.92,-0.7536423841059603,,,-8.588957055214724,-15.4,,-10.0,-56.00000000000001,,,,,-20.62994740159002,-1.3888888888888888,,,,0.0,,,,72.74,
KRISHANA,2026-09-26,,,5788.0,29.4,,0.4240714928801683,2.2653620352250488,10.331491712707182,,38.2,12.004875076173064,27.2,,13.0,7.710371819960861,69.32793289245613,,45.06558182673173,,40.40947036135405,1.3065953654188949,,,,0.05,,,,72.93,
KRISHIVAL,2026-09-26,,,1174.0,53.3,,1.614425461869697,3.536144578313253,5.492021276595745,,13.1,9.2,16.2,,10.0,6.927710843373494,33.01484104337171,,42.53714694357327,,47.71806826332225,0.1875,,,,0.08,,,,37.23,
KRISHNADEF,2026-09-26,,,1505.0,34.8,,0.5860151953740573,6.431623931623932,7.746153846153846,,25.4,19.81566820276498,30.7,,23.0,18.37606837606838,59.384125658698885,,,,30.207698948691196,0.010309278350515464,,,,0.12,,,,59.9,
KRITI,2026-09-26,,,323.0,,,,0.6026119402985075,1.4502369668246444,,1.32,-1.6563146997929608,6.97,,4.7,-1.4925373134328357,,,,,-14.811318330882006,0.4099099099099099,,,,0.0,,,,69.08,
KRITIKA,2026-09-26,,,134.0,17.0,,,0.20647149460708783,1.3298153034300793,,7.72,3.389830508474576,8.91,,2.0,0.9244992295839755,-14.941925943401968,,9.856054330611785,,14.530278468404134,0.5445544554455446,,,,0.0,,,,63.32,
KRITINUT,2026-09-26,,,388.0,11.6,,,0.4127659574468085,1.6958424507658643,,15.1,12.087912087912088,20.0,,4.7,3.5106382978723407,-9.68318798117227,,,,11.179295381557308,0.039301310043668124,,,,0.39,,,,66.69,
KRN,2026-09-26,Capital Goods,,9045.0,93.3,,4.327544126697819,12.272727272727273,14.956709956709956,,14.3,10.407725321888412,16.1,,20.0,13.161465400271371,21.559572188855668,,,,33.89870316134904,0.32578397212543553,,,,0.0,,,,65.69,
KROSS,2026-09-26,,,1728.0,29.9,,11.574371119021986,2.4066852367688023,3.530961791831357,,12.0,9.090909090909092,16.4,,13.0,8.07799442896936,2.583293700584788,,-0.08904733629488959,,5.013286788117433,0.11020408163265306,,,,0.0,,,,68.57,
KRSNAA,2026-09-26,,,1779.0,18.2,,0.9329667045802951,2.1828220858895704,1.814569536423841,,10.9,5.332600329851567,12.7,,27.0,11.901840490797547,19.507662932288095,,6.642031724192865,,9.5440112493004,0.5448979591836735,,,,0.36,,,,27.11,
KRYSTAL,2026-09-26,,,882.0,13.5,,0.5642800059695219,0.6707224334600761,1.7703081232492996,,13.8,7.719714964370546,16.2,,6.0,4.942965779467681,23.924292651136692,,0.5080812248378086,,8.765614790008303,0.24048096192384769,,,,0.24,,,,69.96,
KSB,2026-09-26,Capital Goods,,14256.0,54.4,,9.805944861875766,5.229640498899486,8.4,,18.4,8.732694355697552,24.7,,13.0,9.024211298606016,5.547655097623494,,10.435008765929886,,6.653290675488588,0.0035335689045936395,,,,0.54,,,,69.8,
KSCL,2026-09-26,Fast Moving Consumer Goods,,4139.0,16.6,,,3.2361219702892887,2.353801169590643,,18.2,9.025009061254078,18.8,,23.0,19.468334636434715,-5.8186897249036695,,5.899113408043544,,3.727833930585378,-0.0,,,,0.62,,,,60.5,
KSE,2026-09-26,,,578.0,12.6,,0.33031870460406393,0.33643771827706637,1.6605504587155964,,25.9,11.08433734939759,33.6,,3.5,2.6775320139697323,38.144978847331615,,47.88455820135336,,0.6884559822114111,0.07163323782234957,,,,6.92,,,,22.95,
KSHINTL,2026-09-26,,,7016.0,53.6,,,1.8900862068965518,8.705882352941176,,20.1,9.82615268329554,21.5,,6.0,3.5021551724137927,-68.79181768086733,,-47.78506235955544,,38.9724122024441,0.3972772277227723,,,,0.0,,,,74.58,
KSHITIJPOL,2026-09-26,,,119.0,30.5,,2.661986737833511,2.38,1.6472602739726026,,7.76,4.227569147740049,8.07,,12.52,7.519999999999999,11.457607795906144,,43.096908110525554,,-5.559407296434937,0.2978588421887391,,,,0.0,,,,0.0,
KSL,2026-09-26,,,4211.0,15.6,,7.60397750185242,2.2554900910551687,2.0020746887966805,,13.2,8.811748998664887,14.8,,20.0,14.140332083556508,2.0515578848306237,,6.800710266204013,,-1.5905901686171564,0.22565320665083136,,,,1.04,,,,64.7,
KSOLVES,2026-09-26,,,589.0,15.9,,5.699285266989642,3.5481927710843375,20.0,,137.0,59.67741935483871,131.0,,31.0,22.289156626506024,2.789823505079325,,18.491693859513305,,15.051918077722126,0.2,,,,4.43,,,,58.92,
KSR,2026-09-26,,,70.7,,,,0.35350000000000004,0.9367396593673966,,-16.8,-4.395604395604396,-10.6,,-1.7,-4.0,,,,,,0.4533333333333333,,,,0.0,,,,60.94,
KTKBANK,2026-09-26,Financial Services,,12695.0,8.83,,2.8093675804679568,,0.96,,10.4,1.1108963704534034,6.06,,,,3.143056131703914,,18.40835208161524,,,,,,,1.49,,,,,
KUANTUM,2026-09-26,,,695.0,19.2,,,0.5919931856899489,0.5645390070921985,,3.45,1.5006252605252188,5.24,,14.0,3.0664395229982966,-41.91082988508806,,21.810819831041563,,-1.0289940283952137,0.7078925956061839,,,,3.14,,,,70.31,
KUSUMGAR,2026-09-26,,,6580.0,49.0,,,9.508670520231213,,,25.9,10.828729281767956,23.8,,27.0,14.16184971098266,-82.70246740012308,,,,31.83570638054245,0.5788423153692615,,,,0.0,,,,75.01,
KWIL,2026-09-26,,,9640.0,,,,5.049764274489261,14.335664335664337,,-1.01,-6700.0,,,-5.0,-17.54845468831849,,,,,,0.0,,,,0.0,,,,61.91,
LADDERUP,2026-09-26,,,55.1,9.71,,,,0.7726597325408618,,5.12,6.285161744022504,9.01,,,,,,23.796165180455752,,,,,,,0.0,,,,68.91,
LAGNAM,2026-09-26,,,132.0,7.24,,0.9139598183175629,0.2091917591125198,0.9791122715404701,,11.2,3.146853146853147,10.1,,11.0,2.8526148969889067,7.9215736347441945,,-8.647964146663512,,13.027114561852994,2.6323529411764706,,,,0.0,,,,68.5,
LAHOTIOV,2026-09-26,,,116.0,7.35,,0.7695479181219604,0.3005181347150259,0.5399188092016237,,6.9,6.106870229007633,7.95,,1.5,4.145077720207254,9.551062158594714,,-7.732498605282901,,-7.518295059880476,0.14814814814814814,,,,0.5,,,,59.8,
LAKSHMIMIL,2026-09-26,,,538.0,55.1,,,2.186991869918699,0.75478515625,,-2.0,1.1135857461024499,2.09,,13.0,4.0650406504065035,,,-16.803251433190802,,-0.9309050923086648,0.11376404494382023,,,,0.13,,,,65.93,
LAL,2026-09-26,,,153.0,27.4,,,1.9065420560747663,2.933554817275748,,5.66,6.3354603463992705,10.7,,10.59,6.92834890965732,-2.000538994071077,,100.0,,13.5866263068535,0.3857389967326542,,,,0.0,,,,56.17,
LALITHAA,2026-09-26,,,20505.0,21.5,,,0.8194133631713555,,,41.7,9.227957971676565,38.6,,7.0,4.036125319693094,,,,,,0.6979522184300341,,,,0.0,,,,82.85,
LALPATHLAB,2026-09-26,Healthcare,,32769.0,58.3,,3.9605235768142224,11.334832237979938,13.013333333333334,,22.3,17.388535031847134,28.0,,29.0,18.886198547215496,14.720275960810092,,9.344238647204751,,9.087743456480268,0.07931446791550419,,,,0.72,,,,53.19,
LAMBODHARA,2026-09-26,,,150.0,12.1,,0.30884730179426456,0.6437768240343348,1.1693548387096775,,7.87,6.185567010309279,11.7,,11.0,5.150214592274678,39.177936571582194,,-4.728092335130219,,6.114264905153077,0.3046875,,,,0.35,,,,73.17,
LANCER,2026-09-26,,,432.0,27.9,,,1.0310262529832936,0.5858585858585859,,0.19,1.7878426698450536,1.36,,0.2,3.579952267303103,-44.75290778059752,,-23.110029446100246,,-12.849455605827254,0.042796005706134094,,,,0.0,,,,35.07,
LANCORHOL,2026-09-26,,,247.0,4.28,,0.046631096525465425,1.8296296296296297,1.0338461538461539,,18.7,13.647058823529413,20.5,,1.6,42.96296296296296,91.78424525493789,,,,-0.729953030699193,0.44583333333333336,,,,0.6,,,,51.32,
LANDMARK,2026-09-26,,,2026.0,43.0,,,0.3943936149503601,3.4680851063829787,,6.86,2.2738756947953513,9.26,,5.0,0.8759976640062294,-7.191048943779421,,-9.524216321018953,,16.03595625035965,1.4974358974358974,,,,0.31,,,,49.93,
LANDSMILL,2026-09-26,,,87.5,44.4,,1.708211013227204,57.94701986754967,0.5,,0.54,1.1049413876269,0.59,,-268.87,130.46357615894038,25.99210498948732,,,,-16.352606282624784,0.00444824636441403,,,,0.0,,,,14.2,
LAOPALA,2026-09-26,,,1785.0,18.9,,,5.666666666666667,2.178619756427605,,10.2,10.391061452513966,14.2,,37.0,29.523809523809526,-10.002824614110306,,1.2878717066848067,,-4.792192714538657,0.01097560975609756,,,,3.11,,,,66.28,
LASA,2026-09-26,,,29.5,,,,4.916666666666667,0.5949494949494949,,-19.6,-25.757575757575758,-18.2,,-130.0,-283.33333333333337,,,,,-61.35980551127863,0.2,,,,0.0,,,,53.65,
LASERPOWER,2026-09-26,,,3819.0,34.8,,,1.6418744625967325,,,16.8,5.775075987841945,20.5,,13.0,6.534823731728288,-66.14094584849425,,,,20.96826405598151,1.199724517906336,,,,0.0,,,,75.3,
LATENTVIEW,2026-09-26,Information Technology,,5048.0,25.8,,3.6518675639079126,4.543654365436543,2.8773584905660377,,11.9,9.55352856457033,15.8,,22.0,17.911791179117913,7.064878325541213,,7.904574891489791,,20.120927383547226,0.01879271070615034,,,,0.0,,,,65.1,
LATTEYS,2026-09-26,,,119.0,32.8,,0.8373139555582609,1.017094017094017,4.987951807228915,,16.4,4.819277108433735,16.3,,6.0,3.418803418803419,39.172881070794176,,,,30.207698948691196,0.9166666666666666,,,,0.0,,,,74.37,
LAURUSLABS,2026-09-26,Healthcare,,108441.0,99.2,,1.1098825860300676,14.916231086657497,20.437881873727086,,18.3,10.379602321377604,17.8,,28.0,15.006877579092158,89.37882371398211,,5.618004403862731,,12.981127497740585,0.4750943396226415,,,,0.1,,,,27.47,
LAXMICOT,2026-09-26,,,22.8,,,,0.19322033898305085,0.37464788732394366,,-3.09,-2.6785714285714284,1.85,,-0.5,-2.5423728813559325,,,,,-6.4221265333084805,0.7049180327868853,,,,0.0,,,,58.63,
LAXMIDENTL,2026-09-26,,,1095.0,31.5,,,3.8153310104529616,4.492099322799097,,14.8,10.437710437710438,15.0,,16.0,10.801393728222997,-80.89751653534269,,,,13.944505751582547,0.053497942386831275,,,,0.0,,,,41.8,
LAXMIINDIA,2026-09-26,,,640.0,11.3,,,,1.3707865168539326,,13.8,3.1353135313531353,12.7,,,,,,,,,,,,,0.0,,,,60.17,
LCCINFOTEC,2026-09-26,,,71.3,,,,,47.00000000000001,,-1.89,-760.0,-1.61,,-5580.0,,,,,,,2.0,,,,0.0,,,,34.43,
LCL,2026-09-26,,,6283.0,25.3,,,3.6592894583576006,,,44.6,14.800613496932517,43.8,,19.0,11.24053581828771,,,,,,0.33524904214559387,,,,0.0,,,,68.66,
LEAPIND,2026-09-26,,,6164.0,106.0,,1.46603296404135,8.443835616438356,,,8.09,2.5822573927530197,8.34,,49.0,8.493150684931507,72.30396764598959,,,,42.36419595452831,2.1230101302460205,,,,0.0,,,,55.64,
LEENEE,2026-09-26,,,42.4,112.0,,,3.351778656126482,0.7388349514563106,,0.56,0.6398383566256945,1.02,,-2.53,3.0039525691699605,-3.850028646172776,,9.856054330611762,,14.037362646454099,0.0019227407795839888,,,,0.0,,,,69.92,
LEMERITE,2026-09-26,,,264.0,94.5,,6.171164139987879,0.7833827893175074,1.9537037037037037,,9.33,1.1583011583011582,9.95,,-0.6,0.8902077151335311,15.313156133323268,,-37.797738236060454,,-10.36835867171253,0.6666666666666666,,,,0.0,,,,59.65,
LEMONTREE,2026-09-26,Consumer Services,,8410.0,32.9,,1.988847717906103,5.709436524100475,6.0227272727272725,,19.2,6.987104337631887,14.1,,47.0,20.23082145281738,16.542241873921725,,,,11.208442569975062,1.4396551724137931,,,,0.0,,,,22.32,
LENSKART,2026-09-26,Consumer Services,,118316.0,180.0,,,12.28108781399211,13.518886679920477,,6.33,4.68936468936469,8.08,,21.0,6.933776209258875,,,,,21.075313154104293,0.35442893110551615,,,,0.0,,,,17.53,
LEXUS,2026-09-26,,,25.3,,,,0.5336426914153133,1.3911060433295326,,9.2,-2.0510942221408297,6.98,,-16.22,-4.724741615692893,,,,,-26.166433981623893,3.0509868421052633,,,,0.0,,,,52.91,
LFIC,2026-09-26,,,39.9,29.1,,,3.313953488372093,0.6963350785340314,,-1.22,2.29020394516884,-2.1,,11.21,11.378737541528242,-49.0360446670506,,-24.78831162835754,,-6.774248592263577,0.0,,,,1.88,,,,47.0,
LGBBROSLTD,2026-09-26,,,5534.0,17.3,,3.4852528702356804,1.72023624494871,2.5703703703703704,,15.5,10.651085141903172,19.6,,15.0,9.916070873484612,4.963771824920737,,5.030445856703092,,11.09836928813528,0.10724233983286909,,,,1.27,,,,34.84,
LGEINDIA,2026-09-26,Consumer Durables,,117115.0,64.2,,,4.579276637341153,15.265486725663717,,24.7,13.383690231739513,32.3,,10.0,7.1358748778103624,,,,,6.2002878475684975,0.059874771719279934,,,,0.0,,,,85.0,
LGHL,2026-09-26,,,917.0,78.0,,,10.420454545454545,14.076923076923077,,19.1,6.077348066298343,17.0,,26.0,12.5,,,,,,1.5692307692307692,,,,0.0,,,,74.97,
LIBAS,2026-09-26,,,32.6,17.2,,,0.44922144136695613,0.3839009287925697,,2.91,1.6687159669769893,3.97,,2.32,2.6181617748380877,-28.623414449639185,,-26.2497135780978,,-0.7777841455368084,0.15531015037593984,,,,0.0,,,,31.93,
LIBERTSHOE,2026-09-26,,,402.0,59.7,,,0.8088531187122736,2.4789915966386555,,4.23,1.4084507042253522,8.81,,8.0,1.2072434607645874,-21.62733707618216,,7.849870727612407,,0.887418395255013,0.8827160493827161,,,,0.0,,,,59.34,
LICHSGFIN,2026-09-26,Financial Services,,31134.0,5.43,,0.8471771586269801,,0.751660026560425,,14.4,1.764689603429137,8.59,,,,6.409521249133299,,20.21748437626625,,,,,,,1.77,,,,45.24,
LICI,2026-09-26,Financial Services,,517448.0,8.61,,0.6301497148722199,0.5205253458446335,2.9214285714285713,,37.8,1.0095727433683066,35.1,,4.7,6.041215667023443,13.663419655352715,,70.87436509469075,,5.525473006682624,0.0,,,,2.44,,,,96.5,
LIKHITHA,2026-09-26,,,908.0,27.8,,,2.1670644391408116,2.2115384615384617,,9.99,6.911447084233262,13.7,,12.0,7.637231503579953,-20.66187421621669,,-6.585246681125712,,-0.23753058571401864,0.0,,,,0.0,,,,70.25,
LINC,2026-09-26,,,555.0,17.6,,,1.018348623853211,2.1524249422632797,,13.2,8.96358543417367,19.1,,11.0,5.871559633027523,-2.736223356940648,,,,2.371153452078789,0.10465116279069768,,,,1.61,,,,61.02,
LINCOLN,2026-09-26,,,1184.0,12.3,,11.00058191700796,1.7060518731988472,1.5634920634920635,,12.3,10.786516853932584,16.3,,15.0,13.8328530259366,1.1181226677638767,,6.818579260048763,,6.103028305538638,0.005277044854881266,,,,0.3,,,,49.78,
LINDEINDIA,2026-09-26,Chemicals,,52383.0,95.9,,12.037647873472716,19.737377543330823,12.284,,13.6,9.400826446280993,18.2,,34.0,20.57272042200452,7.966672643028061,,1.498073507556108,,-1.403994374034645,0.018518518518518517,,,,0.07,,,,75.0,
LKPSEC,2026-09-26,,,124.0,17.0,,,1.169811320754717,1.2195121951219512,,10.5,2.3890784982935154,13.5,,22.0,6.60377358490566,-9.057769140044803,,-13.335340825699205,,3.001775353652625,0.7425742574257426,,,,1.33,,,,72.07,
LLOYDSENGG,2026-09-26,Capital Goods,,15287.0,68.4,,,9.489137181874613,8.216666666666667,,15.1,9.978858350951374,16.1,,14.0,14.649286157666047,,,,,,0.06523040095751047,,,,0.25,,,,40.0,
LLOYDSENT,2026-09-26,Metals & Mining,,12179.0,107.0,,,6.1262575452716295,2.8772563176895307,,0.33,3.871866295264624,3.67,,9.0,13.98390342052314,-0.8734070556583484,,-5.401290088240229,,27.55092828874377,0.19261404779145547,,,,0.19,,,,62.72,
LLOYDSME,2026-09-26,Metals & Mining,,103488.0,21.7,,0.419156449957926,4.6861075892048545,7.471544715447155,,36.6,11.815126050420167,27.3,,37.0,22.283100887520376,51.77064554816751,,100.71457255419558,,50.16393765647356,1.4934755965683801,,,,0.05,,,,61.63,
LMW,2026-09-26,,,18303.0,100.0,,,5.424718435091879,6.3857622064852775,,4.05,4.1060534960112625,5.58,,6.0,5.186721991701245,-22.373662546340768,,-0.7013365357492085,,-10.434862560579127,0.0,,,,0.2,,,,30.8,
LODHA,2026-09-26,Realty,,116428.0,28.2,,0.7344271559870278,6.403828172267752,5.0,,15.5,7.036468984321745,16.4,,32.0,22.710521973488806,38.3972729904041,,27.021583540160044,,20.791250619056314,0.42497638065790605,,,,0.36,,,,70.31,
LOKESHMACH,2026-09-26,,,742.0,168.0,,,3.435185185185185,2.982456140350877,,1.76,0.8064516129032258,6.38,,18.0,1.8518518518518516,-33.62761367264228,,-9.20892625004135,,-9.663753068671621,0.7412280701754386,,,,0.0,,,,49.17,
LORDSCHLO,2026-09-26,,,425.0,12.9,,,1.0732323232323233,1.7494089834515367,,12.1,6.8893528183716075,13.1,,17.0,8.333333333333332,,,-1.0506867488219607,,21.460287305577474,0.7160493827160493,,,,0.0,,,,74.96,
LOTUSCHO,2026-09-26,,,715.0,66.5,,,2.3289902280130295,18.262295081967213,,4.42,15.714285714285714,,,4.5,3.5830618892508146,,,,,,0.1282051282051282,,,,0.0,,,,72.07,
LOTUSDEV,2026-09-26,Realty,,10654.0,41.5,,,12.683333333333334,5.57544757033248,,16.7,11.186729051467461,21.2,,36.0,31.30952380952381,,,,,22.855242834597878,0.0685504971219257,,,,0.23,,,,81.87,
LOTUSEYE,2026-09-26,,,239.0,1496.0,,,4.173943415997206,3.9792387543252596,,0.13,0.18159806295399517,1.41,,8.49,0.2619629758994062,-63.159685013596125,,-45.304398779661135,,5.909463602898413,0.26321915530428996,,,,0.0,,,,40.14,
LOVABLE,2026-09-26,,,103.0,13.2,,,2.673935617860851,0.5713114754098361,,0.96,1.5945905031033965,-0.31,,-3.04,8.203530633437175,-9.67098934667333,,-11.211144123452033,,-15.463163850400118,0.015098722415795586,,,,0.0,,,,63.96,
LOYALTEX,2026-09-26,,,107.0,,,,0.28232189973614774,0.524822695035461,,-25.8,-8.925318761384334,-3.47,,-4.2,-12.928759894459102,,,,,-26.097713991901884,1.0588235294117647,,,,0.0,,,,73.5,
LPDC,2026-09-26,,,87.3,10.3,,,5.339449541284403,2.1067961165048543,,3.66,19.6105702364395,4.86,,55.6,51.74311926605505,,,,,137.5304594389961,0.0,,,,0.0,,,,64.87,
LT,2026-09-26,Construction,,533324.0,30.3,,3.661516961283037,1.838179894325784,4.8816120906801,,15.9,4.337917207322114,14.6,,12.0,6.763701285944227,8.27525867567811,,14.34185305400244,,9.478695283844928,1.1482935309726416,,,,0.98,,,,,
LTF,2026-09-26,Financial Services,,71180.0,22.2,,2.0377315574837445,,2.5357142857142856,,11.2,2.2491982220221685,8.4,,,,10.89446738873361,,24.031367165201445,,,,,,,0.97,,,,65.96,
LTFOODS,2026-09-26,Fast Moving Consumer Goods,,14666.0,22.9,,8.922042508072478,1.2607238029742973,3.246153846153846,,14.7,7.0969172765579955,17.6,,11.0,5.50159030344709,2.5666768544624796,,15.070220207966889,,14.389539606760327,0.356115903561159,,,,0.71,,,,51.0,
LTM,2026-09-26,Information Technology,,121110.0,21.6,,4.834179747108338,2.74781622234827,5.04074074074074,,23.1,13.989986001938192,29.6,,18.0,11.79126488939308,4.468183048617602,,-4.773232056999255,,7.461281477044723,0.09614984391259106,,,,1.84,,,,68.49,
LTTS,2026-09-26,Information Technology,,34012.0,25.3,,76.32522232343308,2.940942498919153,5.247135842880524,,21.5,12.603680045762228,26.7,,18.0,11.431041936878513,0.33147626996472557,,6.546342106296543,,6.230963265553813,0.08929399042175189,,,,1.81,,,,73.52,
LUMAXIND,2026-09-26,,,5394.0,26.8,,1.406074789626518,1.202675585284281,5.874745417515275,,22.0,5.443959243085881,17.7,,10.0,4.1694537346711265,19.060152559252288,,35.70118430683693,,19.36695239480175,1.0610687022900764,,,,0.95,,,,75.0,
LUMAXTECH,2026-09-26,Automobile and Auto Components,,13814.0,41.7,,1.173618821454156,2.652457757296467,11.387640449438202,,26.4,9.678236635419307,21.2,,14.0,7.334869431643626,35.53112751577399,,36.10702728361357,,22.660478736634325,1.0165152766308836,,,,0.27,,,,55.98,
LUPIN,2026-09-26,Healthcare,,95665.0,16.1,,0.3808642208048651,3.192344912737344,4.260692464358452,,28.7,14.551984480679495,29.9,,32.0,18.52370941368839,42.2722826680241,,,,14.408464959292466,0.2947255880256593,,,,0.86,,,,46.85,
LUXIND,2026-09-26,,,3533.0,33.2,,,1.2045687009887487,1.9262295081967213,,5.94,3.4315312398834577,7.96,,6.0,3.614047050801227,-7.543334450499506,,-21.32791444598339,,8.066722395563254,0.33696837513631406,,,,0.17,,,,74.19,
LXCHEM,2026-09-26,Chemicals,,5042.0,40.1,,31.321775725605676,1.6149903907751442,2.527932960893855,,4.11,3.6595991867557363,4.72,,8.0,4.0358744394618835,1.2802594703217318,,-14.122791767967591,,2.9049084940862,0.27355163727959697,,,,0.17,,,,69.34,
M&M,2026-09-26,Automobile and Auto Components,,377411.0,19.7,,1.1004503569792066,1.785504435245417,4.052069425901202,,20.3,6.4049181468989485,15.1,,19.0,9.576818450620934,17.901761651545577,,22.927609377401794,,14.973670056669985,1.4708959472378271,,,,1.09,,,,18.44,
M&MFIN,2026-09-26,Financial Services,,46307.0,13.8,,0.7278544433562955,,1.734375,,12.3,2.0549154080835077,8.72,,,,18.95983479384311,,23.393564717944002,,,,,,,2.25,,,,52.49,
MAANALU,2026-09-26,,,601.0,791.0,,,14.255218216318786,20.79002079002079,,2.9,2.569303583502367,,,6.29,1.8026565464895636,,,,,,0.061879297173414824,,,,0.0,,,,55.82,
MACPOWER,2026-09-26,,,2063.0,,,,,,,,,,,,,,,,,,,,,,0.07,,,,73.22,
MADHAV,2026-09-26,,,32.0,,,,1.0460934946060805,0.25942028985507243,,-1.41,-0.17496537143690313,-0.73,,-6.7,-0.7845701209545604,,,,,-8.4758873240947,0.06423204330613234,,,,0.0,,,,45.77,
MADHAVIPL,2026-09-26,,,203.0,7.74,,1.1667939882351597,0.40357852882703776,0.8458942632170977,,10.7,4.29042904290429,15.0,,11.0,5.168986083499006,6.63356177529435,,32.22455025952682,,3.023599106695918,0.6875,,,,0.0,,,,68.81,
MADRASFERT,2026-09-26,,,969.0,12.4,,0.0934461982529152,0.3968058968058968,10.54290718038529,,292.0,3.043291898842692,14.8,,4.0,2.9074529074529076,132.69667714505619,,-15.239089846378228,,3.104310993896675,6.891304347826087,,,,0.0,,,,85.27,
MAFATIND,2026-09-26,,,844.0,14.1,,,0.23621606493143016,1.0934579439252337,,12.1,3.314285714285714,12.8,,1.9,1.6232857542681218,-16.052172910051066,,14.841736221511571,,19.782353605126524,0.08300907911802853,,,,2.14,,,,69.3,
MAGADSUGAR,2026-09-26,,,777.0,15.0,,,0.6358428805237316,0.8816,,7.39,3.0357142857142856,7.75,,11.0,4.173486088379706,-24.016635093289985,,2.1020358477355394,,3.6624636520851572,0.7852272727272728,,,,2.27,,,,61.02,
MAGNUM,2026-09-26,,,130.0,,,,0.2748414376321353,0.19076305220883535,,-1.64,-0.08176614881439084,2.55,,16.0,-0.21141649048625794,,,,,,0.3889695210449927,,,,0.0,,,,55.21,
MAHABANK,2026-09-26,Financial Services,,65286.0,8.66,,0.4452447012832452,,1.829741379310345,,22.6,1.7629266078868506,6.03,,,,19.449978798267352,,41.79012750769475,,,,,,,2.59,,,,73.6,
MAHAPEXLTD,2026-09-26,,,145.0,,,,72.5,0.3165644171779141,,-1.69,-5.037313432835821,-1.51,,-1629.0,-1350.0,,,,,-39.42931357226202,0.0,,,,0.0,,,,71.57,
MAHEPC,2026-09-26,,,277.0,25.0,,0.3186445668528522,0.9111842105263158,1.4954682779456192,,7.93,2.840909090909091,10.3,,6.0,3.289473684210526,78.45732392965866,,,,5.080975888004113,0.24324324324324326,,,,0.0,,,,54.18,
MAHLIFE,2026-09-26,,,7614.0,24.5,,0.4893319788434761,3.611954459203036,2.1,,9.91,4.002411091018685,7.64,,1.3,15.749525616698293,50.068258481501935,,16.46799750808574,,115.03620249516726,0.18251998897160188,,,,0.98,,,,52.41,
MAHLOG,2026-09-26,,,4172.0,106.0,,,0.5654648956356736,3.559322033898305,,0.32,1.5458937198067633,7.36,,6.0,0.6505828137706696,,,16.864429864198826,,10.24717790944667,0.5531914893617021,,,,0.59,,,,59.58,
MAHSCOOTER,2026-09-26,Financial Services,,14917.0,53.6,,4.542913416610283,51.6159169550173,0.5397849462365591,,1.06,0.9061089279334871,1.06,,99.0,96.53979238754326,11.798595985567761,,14.308752067535547,,9.026229570172184,0.0,,,,1.69,,,,51.0,
MAHSEAMLES,2026-09-26,Capital Goods,,9589.0,13.0,,,2.0755411255411254,1.3957115009746588,,10.7,9.52319421113839,14.3,,15.0,15.95238095238095,-8.142690377664042,,1.2876050916585502,,-5.09067637266829,0.0018906340895869691,,,,1.4,,,,70.28,
MAITHANALL,2026-09-26,,,2781.0,9.57,,,1.3370192307692308,0.6706460674157303,,0.54,6.109521863506334,7.67,,14.0,14.374999999999998,-5.925190983841199,,-18.701645908344766,,6.416143107980732,0.057163531114327065,,,,1.78,,,,74.96,
MAKERSL,2026-09-26,,,111.0,32.6,,,0.75,1.5161290322580645,,3.17,6.58682634730539,9.28,,13.0,7.4324324324324325,,,-7.292028548213225,,12.480211777541573,0.1232876712328767,,,,0.0,,,,61.28,
MALLCOM,2026-09-26,,,591.0,22.1,,,1.1214421252371916,1.8568627450980393,,9.88,5.2734375,11.6,,11.0,5.1233396584440225,-9.6795382924575,,-3.88213988859073,,7.772884430696547,0.37735849056603776,,,,0.32,,,,73.68,
MALUPAPER,2026-09-26,,,55.6,,,,0.15274725274725276,-2.1879194630872485,,,-6.629834254143646,-8.73,,1.1,-3.296703296703297,,,,,9.930180301493907,-5.961538461538462,,,,0.0,,,,69.8,
MAMATA,2026-09-26,,,1014.0,92.4,,,4.3896103896103895,5.478723404255319,,9.64,3.3582089552238807,12.6,,6.0,3.896103896103896,-69.68369332195802,,-65.38224443192138,,-0.8511051047524365,0.043243243243243246,,,,0.12,,,,62.45,
MANAKALUCO,2026-09-26,,,234.0,26.4,,1.3355674511164692,0.4112478031634446,1.6405529953917053,,5.45,1.6333938294010888,10.2,,9.0,1.5817223198594026,19.766878848335878,,3.285650578684285,,9.61656109157143,1.6853146853146854,,,,0.14,,,,74.87,
MANAKCOAT,2026-09-26,,,1385.0,34.0,,0.9316236433871136,1.544035674470457,3.9393939393939394,,11.0,5.430463576158941,17.8,,9.0,4.570791527313267,36.49542413542217,,23.808784136769123,,6.623657115960446,0.37249283667621774,,,,0.04,,,,57.78,
MANAKSIA,2026-09-26,,,420.0,6.69,,,0.5042016806722689,0.5827272727272726,,6.97,7.424593967517401,9.83,,6.0,7.6830732292917165,-5.95628717851211,,-19.260257687584847,,5.869118354992886,0.04149377593360996,,,,0.0,,,,74.93,
MANAKSTEEL,2026-09-26,,,689.0,12.3,,0.4813313494137079,0.5551974214343272,2.112676056338028,,13.0,9.443507588532883,14.4,,8.0,4.512489927477841,25.554121947349117,,9.718133619035306,,22.14477387959384,0.46319018404907975,,,,0.0,,,,74.75,
MANALIPETC,2026-09-26,,,1456.0,12.2,,0.11025043729150363,1.3709981167608287,1.1355704697986577,,4.38,11.278195488721805,7.25,,13.0,16.94915254237288,110.6571574654442,,-13.925326278360117,,0.9597515493877884,0.10694769711163153,,,,0.59,,,,44.87,
MANAPPURAM,2026-09-26,Financial Services,,31374.0,21.6,,,,1.9532163742690059,,6.97,1.938062474013868,8.25,,,,-14.84199763794537,,0.3416071492705841,,,,,,,0.6,,,,41.66,
MANBA,2026-09-26,,,700.0,14.3,,2.587612392896643,,1.7034313725490198,,11.6,2.47599797877716,12.5,,,,5.5263300018408845,,5.316054517544044,,,,,,,0.72,,,,74.98,
MANCREDIT,2026-09-26,,,469.0,67.0,,5.160748279650328,,4.512195121951219,,7.68,4.49438202247191,11.4,,,,12.98261344468048,,2.0545010061334246,,,,,,,0.34,,,,55.25,
MANGALAM,2026-09-26,,,50.4,,,,0.21724137931034482,0.4884792626728111,,-35.2,-12.063492063492063,-14.3,,-3.9,-16.379310344827587,,,,,-14.331622926753962,1.0194174757281553,,,,0.0,,,,35.65,
MANGLMCEM,2026-09-26,,,2828.0,21.8,,0.8965027191057778,1.604994324631101,2.898591549295775,,16.3,4.742268041237113,11.0,,11.0,6.526674233825198,24.3167137538016,,8.107355894476864,,0.7099239980448147,0.9079754601226994,,,,0.15,,,,40.01,
MANINDS,2026-09-26,,,7654.0,37.5,,1.9930204754693652,1.9752258064516128,3.6690647482014387,,9.23,4.062935670185222,16.2,,14.0,5.264516129032258,18.815662187900294,,9.682657378790992,,7.2395975230612475,0.3009103977000479,,,,0.0,,,,43.21,
MANINFRA,2026-09-26,,,5246.0,24.2,,,7.876876876876877,2.3131672597864767,,9.16,7.753335737468446,13.2,,24.0,32.28228228228228,-12.822296827221336,,-1.6670095287920184,,-19.210120654945804,0.0282311424790472,,,,0.69,,,,62.52,
MANIPALHOS,2026-09-26,,,95694.0,108.0,,,9.258320433436532,,,12.7,3.707297351930463,12.1,,25.0,8.871904024767801,-48.921711435261415,,,,29.0791939469224,1.5265843816757654,,,,0.0,,,,72.08,
MANKIND,2026-09-26,Healthcare,,102225.0,47.9,,40.36869260197942,6.936151445243588,6.265822784810126,,13.1,7.450909745991713,13.5,,26.0,14.031754647849098,1.1865630743179256,,6.694078006216331,,12.83150919090319,0.38723926380368096,,,,0.04,,,,72.63,
MANOMAY,2026-09-26,,,414.0,20.5,,1.3004306078644676,0.5564516129032258,2.4181626187961984,,12.3,2.9585798816568047,11.4,,11.0,2.6881720430107525,15.76400914898839,,16.299748066443186,,8.46795699729328,2.0350877192982457,,,,0.0,,,,57.3,
MANORAMA,2026-09-26,Fast Moving Consumer Goods,,11822.0,45.8,,,7.982444294395679,16.42982456140351,,39.3,21.5,34.9,,27.0,17.420661715057395,,,,,,0.5219941348973607,,,,0.04,,,,54.32,
MANORG,2026-09-26,,,393.0,16.7,,0.246750508145372,0.6,1.2338709677419355,,8.44,2.837837837837838,9.9,,14.0,3.2061068702290076,67.67969851620839,,-17.295909424986846,,9.859626208144668,1.1253918495297806,,,,0.0,,,,58.64,
MANYAVAR,2026-09-26,Consumer Services,,12939.0,32.1,,3.7757078442396006,9.62007434944238,8.457869634340224,,26.7,16.362159967519286,30.7,,48.0,29.962825278810406,8.501717114838026,,-2.5852894566937845,,8.915707836684073,0.30320890635232484,,,,1.46,,,,74.94,
MAPMYINDIA,2026-09-26,Information Technology,,4834.0,35.1,,65.55677547981637,9.825203252032521,5.345454545454546,,12.0,13.294797687861271,19.1,,35.0,28.04878048780488,0.5354137652912261,,9.025034473965011,,9.087577521454616,0.0077348066298342545,,,,0.4,,,,51.41,
MARALOVER,2026-09-26,,,243.0,10.9,,,0.23846908734052993,2.194756554307116,,3.84,3.1884057971014492,7.57,,6.0,2.1589793915603535,,,-20.08718253283388,,2.008019788921289,3.369369369369369,,,,0.0,,,,74.95,
MARATHON,2026-09-26,,,2777.0,14.2,,,5.021699819168173,1.2225519287833828,,4.69,7.140268213120696,7.6,,25.0,35.62386980108499,-4.111830531779681,,27.929510400693335,,-7.775706249394421,0.04351648351648352,,,,0.24,,,,56.42,
MARICO,2026-09-26,Fast Moving Consumer Goods,,106487.0,56.4,,6.778004397465526,7.458639770259858,25.27777777777778,,42.8,19.618090452261306,47.0,,17.0,13.672340127477762,8.321033255907807,,8.930930599656195,,13.935278376687688,0.1323040380047506,,,,0.49,,,,58.92,
MARINE,2026-09-26,,,5790.0,89.1,,2.6902730508862835,5.975232198142415,11.761363636363635,,13.2,7.303370786516854,18.2,,11.0,6.707946336429309,33.11931477388397,,34.11902675696019,,15.925184950110904,0.18052738336713997,,,,0.07,,,,68.2,
MARKOLINES,2026-09-26,,,377.0,14.0,,0.8948454492804842,1.0710227272727273,1.8640350877192982,,13.9,7.964601769911504,15.4,,12.0,7.670454545454546,15.64515974379368,,21.519392186715415,,0.47801873666799555,0.42574257425742573,,,,0.88,,,,55.0,
MARKSANS,2026-09-26,Healthcare,,15269.0,29.6,,1.631845610869237,4.813682219419924,5.05247376311844,,15.2,13.511410788381742,18.8,,22.0,16.424968474148802,18.138970870064686,,20.398706331254246,,13.368286667099415,0.11346344690704598,,,,0.27,,,,43.87,
MARSONS,2026-09-26,,,2115.0,47.8,,0.15933333333333335,8.528225806451612,9.761904761904763,,27.2,15.120274914089347,25.4,,17.0,17.741935483870968,299.99999999999994,,,,245.75367917605067,0.004608294930875576,,,,0.04,,,,53.65,
MARUTI,2026-09-26,Automobile and Auto Components,,379327.0,26.5,,12.94033898047582,1.9237502599134806,3.540199530516432,,14.3,9.627888232133262,18.9,,11.0,7.269463082142804,2.04785980027129,,28.837570626535292,,11.601597360729944,0.0009518832356564262,,,,1.16,,,,58.65,
MASFIN,2026-09-26,,,5131.0,12.9,,1.0433294187582305,,1.725609756097561,,13.4,2.9024514439514078,11.3,,,,12.364263642976315,,17.47031090882394,,,,,,,0.71,,,,66.66,
MASKINVEST,2026-09-26,,,44.3,492.0,,8.117766057193347,138.4375,0.725,,0.08,0.1457725947521866,0.1,,34.38,28.125,60.607807189026715,,,,-24.379521773285628,0.011982928430728826,,,,0.0,,,,72.25,
MASTEK,2026-09-26,Information Technology,,4908.0,11.2,,0.9774260158735057,1.3022021756434068,1.6404145077720207,,15.3,9.736780805963194,17.7,,16.0,11.090474927036349,11.458667784682186,,6.516294013322432,,7.251894988438701,0.1463903743315508,,,,1.52,,,,35.77,
MASTERTR,2026-09-26,,,1044.0,7.81,,2.578265814782337,1.7575757575757576,1.2786144578313252,,17.3,5.971479500891266,23.8,,41.0,22.55892255892256,3.0291678830095092,,16.45667149960788,,5.91045005978188,0.27906976744186046,,,,0.0,,,,71.93,
MATRIMONY,2026-09-26,,,1107.0,24.7,,,2.3305263157894736,5.355355355355355,,15.2,10.227272727272728,17.4,,14.0,9.473684210526317,-1.3355164490928662,,-1.7893990054978604,,-0.41754139750307395,0.23786407766990292,,,,0.93,,,,58.43,
MAWANASUG,2026-09-26,,,585.0,17.3,,,0.36885245901639346,1.1194029850746268,,8.09,2.4933214603739984,8.35,,6.0,1.7654476670870116,-9.884562456900625,,1.0251044830909661,,5.387223431907451,0.8,,,,2.67,,,,63.49,
MAXESTATES,2026-09-26,,,9727.0,1657.0,,,48.635,4.02027027027027,,-1.27,0.09666505558240696,1.4,,9.0,6.0,,,,,29.077045384344856,0.9971062422488631,,,,0.0,,,,45.25,
MAXHEALTH,2026-09-26,Healthcare,,98694.0,65.9,,5.8585399683151165,11.328512396694215,9.218181818181819,,14.7,8.478817504655494,14.7,,27.0,16.724058769513313,11.248536385585584,,19.142153228230185,,17.241295439305414,0.32362519772959897,,,,0.2,,,,23.71,
MAXIND,2026-09-26,,,836.0,,,,3.9065420560747666,1.9047619047619047,,-32.8,-19.730941704035875,-23.0,,-54.0,-61.6822429906542,,,,,3.862826058349822,0.23471882640586797,,,,0.0,,,,48.33,
MAYURUNIQ,2026-09-26,,,3170.0,15.3,,0.7803545725459089,3.107843137254902,2.796934865900383,,18.0,16.40253565768621,24.5,,25.0,20.294117647058822,19.606471901719893,,17.626414436959692,,8.299938206744928,0.00706090026478376,,,,0.82,,,,58.77,
MAZDOCK,2026-09-26,Capital Goods,,88727.0,31.0,,2.239417300771017,6.659686256849058,9.090909090909092,,29.2,10.388003203028317,36.0,,19.0,21.421601741349548,13.842886714024626,,36.15788474203334,,12.063250884750577,0.04582265504869298,,,,0.82,,,,81.22,
MBAPL,2026-09-26,,,7381.0,47.6,,0.5691076116206578,3.9386339381003204,13.333333333333334,,31.3,9.215219976218787,19.3,,13.0,8.271077908217716,83.63971774063721,,22.114228673977987,,31.98887461842501,1.5563636363636364,,,,0.06,,,,71.38,
MBEL,2026-09-26,,,1473.0,15.1,,0.6687293163155693,1.1218583396801218,2.243478260869565,,19.4,8.354866494401378,22.9,,11.0,7.387661843107388,22.58013763056621,,11.75351051128477,,18.204097777281312,0.1278538812785388,,,,0.39,,,,70.61,
MBLINFRA,2026-09-26,,,326.0,,,,1.5162790697674418,0.3365231259968102,,-7.18,-0.5084745762711864,7.74,,9.0,-6.976744186046512,,,,,20.78867290797859,1.0334728033472804,,,,0.0,,,,74.57,
MCCHRLS-B,2026-09-26,,,892.0,,,,7.371900826446281,-85.0187265917603,,-143.0,-7.2738772928526245,4.96,,75.0,-95.0413223140496,,,,,122.39800905693153,-137.0909090909091,,,,0.0,,,,73.78,
MCL,2026-09-26,,,161.0,35.6,,0.6493659819204709,0.6007462686567164,3.210810810810811,,9.36,4.424778761061947,12.6,,4.2,1.8656716417910446,54.82270551764137,,,,97.10104033003238,0.803921568627451,,,,0.0,,,,65.21,
MCLEODRUSS,2026-09-26,,,450.0,8.44,,,0.375,-8.923395445134576,,788.0,-3.9524011899702503,-4.56,,-0.3,-7.75,,,,,1.843731883552091,-29.313725490196077,,,,0.0,,,,6.25,
MCLOUD,2026-09-26,,,1440.0,12.9,,5.803109357237288,2.0168067226890756,2.103448275862069,,19.0,9.540329575021683,19.7,,29.0,15.406162464985995,2.222946218291044,,26.08434525355372,,8.37067626618271,0.42503639010189226,,,,0.12,,,,54.04,
MCX,2026-09-26,Financial Services,,84782.0,55.0,,0.33394514496018757,32.22424933485367,29.6875,,56.3,20.55725903212905,71.4,,72.0,58.60889395667047,164.69770808183787,,60.7651646341278,,56.68289312234269,0.0017556179775280898,,,,0.24,,,,,
MEDANTA,2026-09-26,Healthcare,,40208.0,70.2,,13.702189321848394,8.58594917787743,10.170068027210885,,15.2,9.34801016088061,17.4,,21.0,11.787315823190262,5.123268869746589,,21.700330497858843,,12.660312394549479,0.3003533568904594,,,,0.03,,,,33.0,
MEDIASSIST,2026-09-26,,,2389.0,24.2,,2.5106000962357617,2.512092534174553,2.857142857142857,,13.9,6.851311953352769,14.1,,19.0,9.884332281808621,9.639129718940097,,6.125952008424562,,14.411302697921503,0.06436233611442194,,,,0.63,,,,4.61,
MEDICAMEQ,2026-09-26,,,428.0,39.4,,,2.1083743842364533,1.5517241379310345,,3.95,2.6881720430107525,5.82,,10.0,4.926108374384237,-2.4225548932866103,,-8.116529647537263,,4.283196716573334,0.17753623188405798,,,,0.32,,,,40.46,
MEDICAPQ,2026-09-26,,,31.3,,,,2.4920382165605095,0.2804469273743017,,-9.21,-1.5416594491598823,-9.19,,-62.58,-14.171974522292993,,,,,-22.848548185127992,-0.0,,,,0.0,,,,51.44,
MEDICO,2026-09-26,,,216.0,15.6,,0.8368156133549165,0.907563025210084,2.857142857142857,,19.0,9.15032679738562,23.3,,7.0,5.88235294117647,18.642099586857984,,23.554251913909606,,17.960422194299163,0.25,,,,0.0,,,,61.38,
MEDPLUS,2026-09-26,Consumer Services,,7868.0,37.4,,0.7894881790430232,1.0883939687370314,3.9696969696969697,,11.6,5.339435545385203,12.6,,8.0,2.9049661087287313,47.37246356916243,,16.91300109091265,,8.722283664509334,0.7210126582278481,,,,0.0,,,,40.19,
MEESHO,2026-09-26,Consumer Services,,100417.0,,,,7.258185760751717,22.580645161290324,,-46.2,-15.189072973314785,-40.0,,-11.0,-8.680881821467294,,,,,22.021516623863157,0.014363885088919288,,,,0.0,,,,16.41,
MEGASTAR,2026-09-26,,,286.0,28.9,,1.7919074850580627,0.5125448028673835,2.7881448957189905,,9.47,3.731343283582089,11.6,,6.0,1.7921146953405016,16.128064780678987,,9.981748085526544,,26.6000377077644,1.2718446601941749,,,,0.0,,,,61.47,
MEIL,2026-09-26,,,748.0,15.9,,2.866922963737294,1.2142857142857142,1.266355140186916,,11.3,6.647807637906649,14.6,,11.0,7.629870129870129,5.546015781070346,,32.310975430455954,,11.116390081614224,0.07614213197969544,,,,0.0,,,,74.79,
MENNPIS,2026-09-26,,,364.0,13.9,,,1.1856677524429968,2.0517241379310347,,15.4,11.304347826086957,21.5,,16.0,8.469055374592834,-0.5814084891635818,,6.686326632682782,,6.242790744990767,0.028089887640449437,,,,1.4,,,,74.37,
MERCANTILE,2026-09-26,,,255.0,37.8,,,2.67632241813602,0.930327868852459,,1.97,1.1993072121826085,0.82,,0.72,3.8518052057094874,,,-9.946930183260694,,16.415883817066067,0.0,,,,0.0,,,,72.76,
MERCURYEV,2026-09-26,,,753.0,165.0,,5.241956860165702,6.663716814159292,2.6756756756756754,,1.51,1.3966480446927374,2.64,,6.0,4.424778761061947,31.476794716464763,,90.36539387158786,,72.53819652777129,0.025,,,,0.0,,,,59.17,
METROBRAND,2026-09-26,,,24044.0,59.2,,,8.133964817320704,12.065663474692203,,22.1,10.261519302615193,20.1,,30.0,13.937753721244924,-0.552375385285675,,13.879689171437825,,7.840431202849341,0.7877571500250878,,,,0.68,,,,71.8,
METROGLOBL,2026-09-26,,,157.0,7.42,,0.6076548123684123,0.623015873015873,0.3867069486404834,,1.32,5.386416861826698,4.6,,8.0,9.126984126984127,12.210880007811674,,14.227861369535733,,2.355431347184944,0.007352941176470588,,,,1.96,,,,74.73,
METROPOLIS,2026-09-26,Healthcare,,12086.0,58.1,,3.640277175802016,7.067836257309941,7.986301369863014,,13.6,9.52604411074613,17.8,,25.0,11.871345029239766,15.960323127647435,,-1.4364740795715925,,12.281892850353394,0.1533377395902181,,,,0.34,,,,48.86,
MFML,2026-09-26,,,19.9,6.22,,,0.15075757575757576,0.20434782608695654,,5.37,-1.5,6.64,,7.0,-2.272727272727273,,,,,-7.35500809127524,0.7857142857142857,,,,0.0,,,,64.81,
MFSL,2026-09-26,Financial Services,,50318.0,464.0,,,1.0099554413712817,9.529411764705882,,1.52,0.06886636908352435,2.87,,0.5,0.27497892497290355,-31.32719015657629,,-15.351566667131177,,2.2711147509769436,0.35195001893222266,,,,0.0,,,,1.25,
MGL,2026-09-26,Oil Gas & Consumable Fuels,,10582.0,14.8,,,1.2398359695371997,1.6451612903225807,,12.2,7.96125153100991,17.0,,15.0,8.37727006444054,-17.730613832875974,,,,10.709348063359547,0.03469197261978842,,,,2.8,,,,32.5,
MHRIL,2026-09-26,,,4041.0,86.4,,,1.3367515712868012,5.194805194805195,,9.9,0.4556419190565532,8.12,,20.0,1.6870658286470392,-22.915258413959194,,-4.910124651641512,,3.7744146983996973,4.92159383033419,,,,0.0,,,,66.73,
MIDHANI,2026-09-26,Capital Goods,,7588.0,56.2,,4.090260110312288,5.937402190923318,4.951100244498778,,8.92,4.191244954982925,11.3,,19.0,10.56338028169014,13.739957480530297,,-5.22698120176387,,6.001101272752241,0.26566579634464754,,,,0.21,,,,74.0,
MIDWESTLTD,2026-09-26,,,3361.0,30.3,,,4.835971223021582,3.4962406015037595,,13.6,8.284457478005864,15.8,,27.0,16.258992805755394,-68.49661555165018,,-67.47606765326839,,5.851186274986753,0.1995841995841996,,,,0.0,,,,77.12,
MIIL,2026-09-26,,,1529.0,337.0,,26.531514899715887,34.63193657984145,55.87301587301587,,21.9,8.038808038808039,31.3,,20.63,10.509626274065685,12.701875534578267,,,,-7.431654406156807,0.8235509904622157,,,,0.04,,,,47.01,
MILKYMIST,2026-09-26,,,24581.0,134.0,,,7.833333333333333,,,31.9,4.7458893871449925,13.7,,14.0,4.0471637985978335,-70.58547331749547,,,,31.057955440749186,3.6220302375809936,,,,0.0,,,,79.51,
MINDACORP,2026-09-26,Automobile and Auto Components,,16230.0,40.3,,1.336083853081323,2.4420704182967197,6.172727272727273,,14.7,9.094222708219428,12.7,,12.0,7.50827565452904,30.162777513595973,,21.141709069371693,,12.634473282233039,0.559302766199318,,,,0.21,,,,64.84,
MINDTECK,2026-09-26,,,500.0,15.1,,3.60249603248068,1.2195121951219512,1.6526315789473685,,12.1,8.378378378378379,15.1,,9.0,7.560975609756097,4.191538273423756,,-1.24446355825516,,2.0310095964756414,0.013157894736842105,,,,0.64,,,,64.2,
MIRZAINT,2026-09-26,,,400.0,,,,0.7782101167315175,0.71007371007371,,-3.58,-3.1791907514450863,-1.81,,1.5,-4.280155642023346,,,,,-6.558273001226745,0.02664298401420959,,,,0.0,,,,72.99,
MITTAL,2026-09-26,,,31.5,12.1,,,0.3504672897196262,0.4896551724137931,,3.76,2.679625760741212,7.89,,11.11,3.2821539830885627,,,,,,0.2949774529622142,,,,0.0,,,,34.04,
MKEXIM,2026-09-26,,,282.0,15.0,,3.644080499224379,2.9072164948453607,2.3661016949152542,,17.1,15.079365079365079,24.5,,26.0,19.587628865979383,4.1162647211532954,,18.61989971348401,,-2.2958978106841332,0.01680672268907563,,,,0.86,,,,43.97,
MKPL,2026-09-26,,,151.0,32.2,,,0.39425587467362927,1.9852216748768476,,9.37,3.816793893129771,10.1,,2.2,1.3054830287206265,-24.327043978353835,,-13.59956726714956,,16.05866300860246,0.4805194805194805,,,,0.0,,,,74.82,
MLKFOOD,2026-09-26,,,211.0,,,,0.5035799522673031,1.1919191919191918,,2.52,-1.643835616438356,6.24,,2.0,-1.431980906921241,,,,,-3.550707227889127,0.757396449704142,,,,0.76,,,,53.36,
MMFL,2026-09-26,,,2975.0,26.4,,3.3652520920825038,1.8041237113402062,3.0495049504950495,,10.5,6.770833333333333,8.97,,18.0,10.248635536688901,7.844880347036054,,13.232468063039793,,1.8014332778458986,1.2666666666666666,,,,0.65,,,,56.33,
MMP,2026-09-26,,,1169.0,26.2,,1.5824639130194853,1.3390607101947307,3.3823529411764706,,11.6,8.0,12.6,,8.0,5.72737686139748,16.55645969834978,,11.575357788669049,,14.668789170706553,0.5346820809248555,,,,0.43,,,,74.49,
MMTC,2026-09-26,Services,,8752.0,43.5,,1.3369608591544264,2917.3333333333335,4.141843971631205,,-14.3,15.987124463519315,8.67,,-6547.0,14900.0,32.53647980952261,,,,0.0,0.000942951438000943,,,,0.0,,,,89.93,
MMWL,2026-09-26,,,1709.0,241.0,,31.210604294960458,1.1769972451790633,25.593220338983052,,6.58,4.201680672268908,9.71,,1.5,0.6887052341597797,7.721734501594191,,37.97296614612149,,0.9355080196041587,1.6119402985074627,,,,0.0,,,,59.41,
MOBIKWIK,2026-09-26,,,1580.0,537.0,,,1.3994685562444642,2.9385964912280698,,-8.28,-0.9226401703335699,-2.25,,0.8,-1.1514614703277237,,,,,8.866759571761683,0.5120593692022264,,,,0.0,,,,25.08,
MODINATUR,2026-09-26,,,451.0,9.27,,,0.6263888888888889,2.627906976744186,,30.2,12.776412776412776,22.2,,11.0,7.222222222222221,,,39.640071275528484,,21.74557922398288,0.936046511627907,,,,0.0,,,,69.09,
MODIRUBBER,2026-09-26,,,305.0,30454.0,,,8.7217615098656,0.45185185185185184,,0.05,0.0012958739373833713,0.71,,-73.72,0.028595939376608523,-88.2725721385089,,-75.0,,15.937587725294211,0.03364815253434392,,,,0.0,,,,62.69,
MODIS,2026-09-26,,,711.0,23.0,,0.361588185548454,3.761904761904762,4.5375,,20.5,9.508196721311474,25.8,,19.0,15.343915343915343,63.60827294485241,,,,65.09636244473134,0.03821656050955414,,,,0.0,,,,63.79,
MODISONLTD,2026-09-26,,,1441.0,13.4,,0.19659193570053235,1.7012987012987013,5.24822695035461,,32.0,20.278330019880716,31.0,,19.0,12.04250295159386,68.16149376753766,,47.314604539819285,,27.88201254587326,0.635036496350365,,,,1.24,,,,52.23,
MODTHREAD,2026-09-26,,,165.0,19.2,,,0.559322033898305,,,6.16,4.705882352941177,10.9,,4.8,4.067796610169491,,,,,,0.23972602739726026,,,,0.0,,,,65.16,
MOHITE,2026-09-26,,,47.6,21.8,,,0.32602739726027397,0.4100346020761246,,3.15,0.7905138339920948,6.77,,9.0,1.36986301369863,-15.139277172341847,,-19.72584382397693,,5.3127485634287375,0.8879310344827587,,,,0.0,,,,68.82,
MOHITIND,2026-09-26,,,32.6,,,,0.24696969696969698,0.352760736196319,,-1.04,-0.6666666666666667,1.32,,1.1,-0.7575757575757576,,,,,0.0,0.6086956521739131,,,,0.0,,,,54.94,
MOIL,2026-09-26,Metals & Mining,,4922.0,47.4,,,5.043032786885246,2.1228070175438596,,8.31,2.26576852418861,11.4,,14.0,7.581967213114754,-42.25072631060648,,-9.502143036972843,,-9.436857454062952,0.0,,,,2.2,,,,64.68,
MOKSH,2026-09-26,,,87.5,8.31,,0.4557707884221907,0.1099246231155779,0.6794520547945205,,8.21,5.9459459459459465,11.4,,2.0,1.3819095477386936,18.232849079178504,,15.063873490384827,,21.0288506164221,0.1937984496124031,,,,0.0,,,,40.09,
MOL,2026-09-26,,,1488.0,23.2,,,0.7075606276747504,0.9637561779242174,,1.9,2.118503806686528,6.71,,10.0,3.0432715168806466,,,-26.774680030582452,,10.327176794381021,0.47020725388601037,,,,0.0,,,,48.95,
MOLBIO,2026-09-26,,,14359.0,57.5,,,9.93015214384509,,,15.6,7.754137115839244,18.5,,22.0,11.341632088520056,,,,,,0.3849443969204448,,,,0.0,,,,41.29,
MOLDTKPAC,2026-09-26,,,2226.0,35.0,,1.6179659825786061,3.527733755942948,4.589041095890411,,17.8,11.149825783972126,22.2,,19.0,10.142630744849445,21.632098806069667,,18.90552681650761,,15.928828005870654,0.0962800875273523,,,,0.75,,,,33.21,
MONARCH,2026-09-26,,,2877.0,15.9,,2.0128867261069874,7.882191780821918,2.951219512195122,,20.5,11.513994910941475,27.7,,70.0,49.589041095890416,7.899103210219538,,21.30351634073513,,9.500479979207821,0.03810504634397528,,,,0.28,,,,53.83,
MONEYBOXX,2026-09-26,,,357.0,273.0,,,,1.207547169811321,,0.48,0.10050251256281408,9.1,,,,-49.77875818054224,,,,,,,,,0.0,,,,46.8,
MONTECARLO,2026-09-26,,,1087.0,10.4,,0.5073866782331242,0.8452566096423018,1.1990846681922196,,12.7,5.46875,14.0,,17.0,8.164852255054432,20.497187738976486,,-1.6472697839488348,,6.587305611417782,0.6401766004415012,,,,3.82,,,,73.17,
MOREPENLAB,2026-09-26,,,6596.0,56.2,,5.116765107082982,3.380830343413634,5.263157894736842,,5.33,7.283057851239668,8.05,,9.0,7.227063044592516,10.98350204159344,,3.8270952416643134,,4.903550731499973,0.16680032076984763,,,,0.17,,,,35.66,
MOSCHIP,2026-09-26,,,3983.0,125.0,,3.297728174637216,7.0371024734982335,9.66824644549763,,11.0,3.6339165545087484,11.0,,9.0,4.770318021201414,37.90488281034603,,28.289455478124136,,24.40075999980291,0.21515892420537897,,,,0.0,,,,39.31,
MOTHERSON,2026-09-26,Automobile and Auto Components,,174898.0,38.3,,2.418456142650926,1.3337247874327982,4.278350515463917,,11.2,4.162630453457131,13.4,,10.0,3.4735196553170393,15.836549327712213,,36.996644219990586,,9.937424067327738,0.46780058078528025,,,,0.36,,,,48.6,
MOTILALOFS,2026-09-26,Financial Services,,62046.0,31.3,,,6.165755738845275,4.808411214953271,,15.5,4.569019147024262,12.7,,41.0,19.705853125310544,-7.024905983369356,,8.424131969094262,,12.492395136797407,1.6492085661080074,,,,0.58,,,,67.2,
MOTISONS,2026-09-26,,,2030.0,30.3,,1.1657385968645109,3.980392156862745,3.57429718875502,,14.0,11.69284467713787,17.8,,18.0,13.137254901960786,25.99210498948732,,23.470503712683577,,6.941114795498571,0.0781563126252505,,,,0.0,,,,57.12,
MPHASIS,2026-09-26,Information Technology,,42658.0,22.0,,3.235327540554717,2.580485149113786,3.9680284191829487,,18.5,10.84672610596854,22.1,,19.0,11.554049966729176,6.7999297518507085,,5.635838750007238,,7.574974463597406,0.24385703648548027,,,,2.78,,,,30.54,
MPSLTD,2026-09-26,,,4562.0,24.9,,1.4981955412423515,5.6600496277915635,7.641833810888252,,29.7,20.614035087719298,38.7,,33.0,23.325062034739457,16.619993395089217,,16.675186916742213,,13.932120320739205,0.10234899328859061,,,,3.11,,,,68.34,
MRF,2026-09-26,Automobile and Auto Components,,52605.0,21.3,,4.156593444150708,1.6496283985073223,2.508037609948438,,12.5,7.5671277461350686,15.7,,15.0,7.5825519771708105,5.124388585555328,,29.291717756671055,,8.207736682772726,0.15290359492705255,,,,0.19,,,,27.76,
MRPL,2026-09-26,Oil Gas & Consumable Fuels,,28848.0,10.4,,,0.26329816363038955,2.037037037037037,,14.5,7.060330875741773,18.0,,7.0,2.8668175678142456,-4.3978532744981536,,1.2142285892136062,,6.615890914362099,1.0805804043107698,,,,2.43,,,,88.58,
MSL,2026-09-26,,,149.0,10.7,,5.455614581958202,0.7760416666666666,1.687344913151365,,9.72,8.536585365853659,10.0,,14.0,7.291666666666667,1.9612822422216292,,21.98129532427,,19.681696117715084,0.550561797752809,,,,0.0,,,,73.24,
MSPL,2026-09-26,,,1912.0,13.7,,0.625939892368874,0.6461642446772559,1.9147727272727273,,13.9,2.199074074074074,9.69,,6.0,1.2842176410949644,21.887085592439636,,0.0,,0.9762877550784532,0.35235235235235235,,,,0.0,,,,45.12,
MSTCLTD,2026-09-26,Services,,5215.0,22.3,,1.7976710102569942,13.510362694300518,5.7890625,,26.6,11.63600198906017,30.3,,60.0,60.62176165803109,12.404939431499207,,3.3158321420585057,,6.897301156464941,0.16039823008849557,,,,2.12,,,,64.75,
MSUMI,2026-09-26,Automobile and Auto Components,,22740.0,36.2,,,1.8352029698975063,10.521472392638037,,32.4,13.211125158027812,38.9,,9.0,5.060124283754338,-0.34843488080427143,,8.9096552145296,,14.166651682004838,0.1078204534937529,,,,1.69,,,,61.72,
MTARTECH,2026-09-26,Capital Goods,,21224.0,156.0,,4.65784160536312,19.651851851851852,25.84269662921348,,12.4,7.630522088353414,15.1,,21.0,12.314814814814815,33.49190745781885,,17.000783812476072,,22.955853184070452,0.4580801944106926,,,,0.0,,,,29.35,
MTNL,2026-09-26,,,1487.0,,,,1.5050607287449393,-0.049579831932773114,,,-29.75942975942976,-9.32,,-11.0,-304.251012145749,,,,,7.333853519045497,-1.1830774365821095,,,,0.0,,,,56.25,
MUFIN,2026-09-26,,,2636.0,69.6,,2.6348764824534325,,4.586206896551724,,6.69,1.8737672583826428,10.7,,,,26.414900456811097,,,,,,,,,0.0,,,,47.3,
MUFTI,2026-09-26,,,472.0,6.82,,,0.7637540453074434,1.1480891719745223,,18.4,8.84265279583875,19.1,,29.0,11.003236245954692,-54.61123829539417,,,,21.920864103886718,0.5780487804878048,,,,2.77,,,,54.99,
MUKANDLTD,2026-09-26,,,2414.0,3.82,,0.04625126305658245,0.47139230619019723,1.5904761904761904,,5.57,15.50159430954133,4.44,,2.6,12.34133958211287,82.592339053027,,28.54702160535276,,-0.3490429794966943,1.11424819435325,,,,1.2,,,,74.7,
MUKESHB,2026-09-26,,,91.7,27.7,,,,0.2682926829268293,,1.61,0.7187167493124009,3.33,,,,-17.877332423355085,,12.912268943319827,,,,,,,0.91,,,,62.86,
MUKKA,2026-09-26,,,822.0,11.9,,,0.4649321266968326,1.650602409638554,,11.1,4.565083281924738,11.6,,8.0,4.18552036199095,-0.42918983118079845,,15.996225865400127,,8.609477592035809,1.5611222444889779,,,,0.0,,,,73.33,
MUNJALAU,2026-09-26,,,1090.0,21.3,,2.303148436917109,0.435477427087495,2.4330357142857144,,3.73,3.814147018030513,9.77,,5.0,2.1973631642029567,9.24820982381458,,13.374082277188236,,9.971566177580172,0.9441964285714286,,,,0.92,,,,74.81,
MUNJALSHOW,2026-09-26,,,517.0,19.5,,,0.3754538852578068,0.7588235294117647,,3.31,2.8901734104046244,4.53,,1.3,1.815541031227306,-6.877401343278711,,15.356907073387527,,5.490166075087788,0.0,,,,3.48,,,,65.02,
MURUDCERA,2026-09-26,,,175.0,18.1,,0.7711452347844823,0.8373205741626795,0.4601910828025478,,2.99,1.6233766233766231,5.2,,16.0,4.784688995215311,23.47158379972165,,32.62062648088118,,4.338075276461928,0.37270341207349084,,,,1.73,,,,73.93,
MUTHOOTCAP,2026-09-26,,,372.0,14.8,,,,0.553921568627451,,1.86,0.591715976331361,10.3,,,,-41.975368516780534,,,,,,,,,0.0,,,,63.33,
MUTHOOTFIN,2026-09-26,Financial Services,,113816.0,10.0,,0.26292142660778745,,2.8041543026706233,,30.9,5.853740784075291,15.8,,,,38.034176708304116,,23.13279095929124,,,,,,,1.06,,,,73.35,
MUTHOOTMF,2026-09-26,,,3095.0,12.6,,,,1.089820359281437,,6.22,1.931415057154119,9.31,,,,-18.282158233471424,,28.233808083414203,,,,,,,0.0,,,,55.47,
MVELECTRO,2026-09-26,,,2220.0,,,,45.30612244897959,,,-31.4,-8.904109589041095,-15.1,,-20.0,-26.53061224489796,,,,,-10.347503190457685,0.8870967741935484,,,,0.0,,,,57.68,
MVGJL,2026-09-26,,,1096.0,9.11,,0.6225912722064368,0.3767617738054314,1.3099415204678362,,15.1,6.541554959785523,15.8,,7.0,4.193881058783087,14.632392721655973,,-11.004513350831346,,10.637702354171275,0.5887290167865707,,,,0.0,,,,74.28,
MWL,2026-09-26,,,1279.0,24.6,,0.8953756780304827,1.0248397435897436,4.267326732673268,,18.0,5.597416576964478,17.7,,8.0,4.166666666666666,27.4745010430834,,20.320611793864487,,15.12078982389815,0.7866666666666666,,,,0.07,,,,66.5,
NACLIND,2026-09-26,,,3272.0,126.0,,,2.154048716260698,4.794520547945206,,2.37,0.8797653958944283,8.13,,7.0,0.7899934167215273,,,-30.161156777563527,,-5.130355044623003,0.4568081991215227,,,,0.0,,,,53.68,
NAGREEKCAP,2026-09-26,,,35.4,4.8,,,0.5584477046852816,1.2433628318584071,,29.8,5.0963331261653195,14.5,,28.27,11.642214860388075,-17.896760545106005,,15.468148270605052,,0.26962858496228925,3.315697266993693,,,,0.0,,,,53.53,
NAGREEKEXP,2026-09-26,,,73.3,10.3,,,0.4117977528089887,,,6.77,16.74641148325359,,,-10.0,19.662921348314608,,,,,,0.780952380952381,,,,0.0,,,,57.32,
NAHARCAP,2026-09-26,,,416.0,3.5,,0.030102927609869816,13.0,0.259375,,3.98,6.677890011223345,5.03,,57.0,371.875,116.26776124101825,,-12.063024159094727,,-14.941925943401968,0.006222775357809583,,,,0.6,,,,72.53,
NAHARINDUS,2026-09-26,,,574.0,7.85,,0.08250805602168358,0.4296407185628742,0.5518672199170125,,-0.59,3.7894736842105265,3.79,,6.0,5.389221556886228,95.14222463242832,,-15.754248196938036,,-3.1797463558794425,0.6538830297219559,,,,0.0,,,,71.25,
NAHARPOLY,2026-09-26,,,560.0,7.74,,0.057987281972011855,0.8395802098950524,0.6458923512747875,,9.27,7.199999999999999,10.6,,14.0,10.794602698650674,133.47754433007896,,-5.849226241133576,,3.5916763916712613,0.09111880046136102,,,,0.66,,,,72.51,
NAHARSPING,2026-09-26,,,974.0,12.7,,,0.2894502228826152,0.6443914081145584,,1.24,2.8221314519123655,3.26,,7.0,2.2585438335809807,,,-31.500180572663638,,3.3304711777061735,0.6501322751322751,,,,0.37,,,,68.02,
NAM-INDIA,2026-09-26,Financial Services,,74053.0,45.2,,3.3644219627750505,25.811432554897177,15.849315068493151,,34.5,31.529275808936823,43.8,,67.0,57.058208434994775,13.434700076300189,,16.49441222494632,,12.111696602568255,0.016097875080489377,,,,1.86,,,,71.8,
NARMADA,2026-09-26,,,101.0,28.3,,,1.2884296466386018,,,,,,,6.35,4.924097461410894,,,,,,,,,,0.0,,,,50.3,
NATCAPSUQ,2026-09-26,,,176.0,,,,0.9214659685863874,1.0119047619047619,,-9.45,-5.89622641509434,-4.58,,-0.4,-13.089005235602095,,,,,7.209652836256764,0.9257142857142857,,,,0.0,,,,50.92,
NATCOPHARM,2026-09-26,Healthcare,,15033.0,13.1,,,4.313629842180775,1.629126213592233,,17.1,10.339534043705978,17.4,,30.0,32.85509325681492,-6.2383912271468,,46.99299589240593,,-4.482313995577125,0.07743194881249323,,,,0.6,,,,49.41,
NATHBIOGEN,2026-09-26,,,284.0,8.38,,,0.5795918367346938,0.41620111731843573,,5.47,3.555150410209663,7.1,,10.0,7.959183673469387,-0.8058367980884329,,,,25.48200991025564,0.20294117647058824,,,,1.34,,,,45.59,
NATIONALUM,2026-09-26,Metals & Mining,,65880.0,9.76,,0.19404102248355634,3.4067638845795845,3.042372881355932,,29.4,25.433242917420134,39.6,,47.0,34.910538835453515,50.29864239571864,,18.00367984432807,,13.720722487154745,0.002777392028884877,,,,3.21,,,,51.28,
NATIONSTD,2026-09-26,,,232.0,20.7,,,12.210526315789474,0.8226950354609929,,3.49,3.8596491228070176,4.79,,-23.0,57.89473684210527,-8.748464793547484,,-14.56091609569128,,-3.2810806630399703,0.0,,,,0.0,,,,73.94,
NAUKRI,2026-09-26,Consumer Services,,81364.0,55.2,,1.3620981963467222,24.10785185185185,2.1452991452991452,,1.81,4.016064257028113,3.45,,37.0,56.592592592592595,40.52571257200963,,-34.07796109853793,,9.995480865172212,0.006831249670306483,,,,0.67,,,,37.48,
NAVA,2026-09-26,Power,,15623.0,20.6,,,3.6248259860788865,1.7831715210355987,,9.33,6.7664462234597975,12.8,,38.0,22.552204176334108,-14.871561010401557,,8.398502424606846,,4.123106167959878,0.2545454545454545,,,,1.54,,,,50.03,
NAVINFLUOR,2026-09-26,Chemicals,,44051.0,55.4,,1.3401342865159673,12.12190423775454,11.076129032258065,,19.6,12.384386267440037,21.0,,34.0,21.73913043478261,41.33914082895895,,23.74560846622633,,20.731785187036223,0.32008052340211374,,,,0.18,,,,27.08,
NAVKARCORP,2026-09-26,,,1328.0,14.7,,,3.2233009708737863,0.8882175226586103,,6.18,4.261363636363636,6.93,,37.0,21.844660194174757,0.0,,-30.45575473981732,,7.787179070853023,0.2762541806020067,,,,0.0,,,,70.37,
NAVNETEDUL,2026-09-26,,,2716.0,21.7,,1.9806404662585426,1.583673469387755,1.3326110509209101,,8.03,13.756819953234606,10.2,,14.0,20.58309037900875,10.956052029468832,,35.38241639636579,,-0.6332927486301987,0.05288932419196866,,,,2.44,,,,63.29,
NAZARA,2026-09-26,Media Entertainment & Publication,,14448.0,,,,8.213757816941444,4.008528784648187,,30.6,-1.1976047904191618,27.1,,-5.0,-2.956225127913587,,,,,15.622190366593358,0.06190613302620213,,,,0.0,,,,33.98,
NBCC,2026-09-26,Construction,,22372.0,32.7,,1.452386312459588,1.7538413295703983,7.401785714285715,,20.4,4.691236892132213,29.3,,5.0,5.997177798682973,22.51467100693285,,26.979757717830278,,7.019516691882344,0.0,,,,1.21,,,,61.75,
NBIFIN,2026-09-26,,,569.0,35.2,,,,0.1769082391843483,,0.26,0.46975924838520255,,,,,,,,,,,,,,0.04,,,,74.17,
NCC,2026-09-26,Construction,,8339.0,11.6,,,0.3886558538404176,1.064,,9.19,2.8808010783747355,16.8,,9.0,3.4862043251304993,-0.5328697942488025,,7.088230258050876,,0.9676590081428182,0.43931884610496885,,,,1.66,,,,23.09,
NCLIND,2026-09-26,,,811.0,6.53,,,0.5667365478686234,0.8605769230769231,,11.4,5.844980940279543,14.6,,12.0,6.429070580013977,-0.2594466011555552,,-0.3962242935504845,,-12.057670368040785,0.2542553191489362,,,,1.95,,,,41.67,
NDGL,2026-09-26,,,258.0,,,,,0.19913419913419914,,-1.06,-0.32876712328767127,0.14,,,,,,,,,,,,,0.1,,,,73.58,
NDL,2026-09-26,,,376.0,10.2,,,0.1536575398447078,0.5774336283185841,,5.22,3.5852713178294575,7.32,,3.4,1.5120555782590928,-5.694457430615596,,-11.166842706390801,,6.777390725108634,0.18125960061443933,,,,0.0,,,,51.01,
NDLVENTURE,2026-09-26,,,403.0,,,,0.38601532567049807,1.6326530612244898,,-10.2,-1.3120899718837862,1.84,,14.0,-2.681992337164751,,,,,1.4456664396954144,5.012096774193548,,,,0.42,,,,66.2,
NDRAUTO,2026-09-26,,,1776.0,27.2,,1.4437712256192927,2.067520372526193,4.98,,18.9,11.545293072824157,22.2,,11.0,7.566938300349244,18.839549865895687,,34.2412045665432,,12.581118095025534,0.17318435754189945,,,,0.54,,,,73.13,
NDTV,2026-09-26,,,791.0,,,,1.470260223048327,6.149122807017543,,-340.0,-47.58522727272727,-72.6,,-51.0,-62.26765799256505,,,,,13.290506174491302,2.015625,,,,0.0,,,,69.02,
NEAGI,2026-09-26,,,205.0,5.59,,,8.2,0.6274472533738833,,9.33,10.946745562130179,9.68,,-6.0,148.0,-1.9869708394140928,,2.475252496761926,,0.0,0.0,,,,0.61,,,,72.45,
NECLIFE,2026-09-26,,,211.0,,,,105.5,0.36000000000000004,,-31.3,-39.38906752411576,0.05,,-3520.0,-12250.0,,,,,-89.40580404935915,0.0,,,,0.0,,,,51.84,
NELCAST,2026-09-26,,,1030.0,25.1,,,0.7698056801195815,1.7201166180758019,,8.43,3.419516263552961,11.4,,7.0,3.0642750373692076,-8.870208954905745,,23.747008018115423,,1.834085154659748,0.4312080536912752,,,,0.59,,,,74.87,
NELCO,2026-09-26,,,2228.0,373.0,,,7.141025641025641,17.27433628318584,,0.46,1.1527377521613833,7.21,,9.0,1.282051282051282,-45.270259577981655,,-24.759450113759396,,-0.8403758659612626,0.5658914728682171,,,,0.1,,,,50.09,
NEOGEN,2026-09-26,Chemicals,,7166.0,202.0,,,7.7386609071274295,7.718446601941747,,3.58,1.2405237767057202,6.46,,17.0,3.8876889848812093,-0.6456599186510648,,-5.838673186501076,,10.24975840069018,1.7095588235294117,,,,0.04,,,,48.31,
NEPHROPLUS,2026-09-26,,,7005.0,82.3,,,6.652421652421652,6.2792792792792795,,8.83,5.794137695978187,15.3,,22.0,8.072174738841406,-70.88779758940673,,,,22.990239344188936,0.07168458781362007,,,,0.0,,,,63.85,
NESCO,2026-09-26,Services,,7541.0,18.1,,3.8350013312661253,7.929547844374343,2.5176470588235293,,14.8,11.303876389265383,18.5,,51.0,43.84858044164038,4.719685454196254,,17.104266400753907,,11.939563143048314,0.09078771695594126,,,,0.65,,,,68.54,
NESTLEIND,2026-09-26,Fast Moving Consumer Goods,,262752.0,70.9,,,10.752219994270982,51.04868913857678,,74.2,28.91063571536944,85.3,,23.0,15.59520399394361,-1.0568822843607495,,,,0.058723127186799395,0.08609656777196044,,,,0.88,,,,62.76,
NETWEB,2026-09-26,Information Technology,,27019.0,104.0,,2.061519793323125,9.99962990377498,35.78740157480315,,32.8,11.574279379157428,37.5,,13.0,9.659511472982976,50.44821802673758,,2.941718803731641,,55.113260249407325,0.3900414937759336,,,,0.07,,,,66.98,
NETWORK18,2026-09-26,Media Entertainment & Publication,,4125.0,,,,1.9017980636237897,0.8401253918495298,,0.75,-0.35571365051133835,3.01,,2.2,-1.4753342554172428,,,,,-38.439013074003725,0.6685644570963807,,,,0.0,,,,56.89,
NEULANDLAB,2026-09-26,Healthcare,,28085.0,56.4,,3.0692888829038862,11.840219224283306,14.982888432580424,,21.2,16.99658703071672,26.5,,32.0,20.994940978077572,18.375591921031354,,50.805948596510135,,15.015451822139392,0.16053333333333333,,,,0.16,,,,32.62,
NEWGEN,2026-09-26,Information Technology,,6916.0,20.2,,2.8235933874466843,4.2956521739130435,3.88,,19.6,12.858312858312859,25.0,,26.0,19.503105590062113,7.154004570844541,,13.464890721740929,,8.977079563260082,0.021947101857062466,,,,1.24,,,,53.45,
NEXTMEDIA,2026-09-26,,,25.1,,,,0.8366666666666667,-1.0026737967914439,,,540.0,-12.3,,-8.0,180.0,,,,,4.885624628838681,-1.36,,,,0.0,,,,74.99,
NFL,2026-09-26,Chemicals,,3271.0,8.98,,0.2609920531384785,0.14550711743772243,1.1519861830742661,,7.47,3.1036834924965895,9.1,,4.4,1.6192170818505338,34.40717788918786,,,,-1.546403140598518,1.3952833509327702,,,,1.56,,,,74.71,
NGIL,2026-09-26,,,69.3,42.5,,,1.5451505016722407,2.393939393939394,,5.28,3.6457168418698274,8.42,,11.06,3.634336677814938,,,4.119930909646752,,-1.6323290936149149,0.4463237832240249,,,,0.0,,,,57.29,
NGLFINE,2026-09-26,,,1796.0,31.4,,2.7398729830055655,3.3507462686567164,5.452157598499062,,17.4,10.458715596330276,18.6,,16.0,10.634328358208956,11.460385278720132,,2.7735978245200466,,16.498865786272066,0.3738601823708207,,,,0.06,,,,72.49,
NH,2026-09-26,Healthcare,,38040.0,44.1,,39.145479207164804,4.193121693121693,8.382882882882884,,20.5,6.545425412594136,15.5,,19.0,9.00573192239859,1.1265668703815068,,19.009717398181536,,22.875338564544045,1.2911615605025346,,,,0.24,,,,63.27,
NHPC,2026-09-26,Power,,76342.0,20.1,,10.992271998858062,6.252416052416052,1.8446601941747571,,9.32,3.5556259218212274,5.75,,43.0,34.946764946764944,1.828557372132722,,1.4931978945393665,,8.230108467691188,1.2628086010087602,,,,2.12,,,,61.39,
NIACL,2026-09-26,Financial Services,,29104.0,37.8,,,0.5825227172651215,1.023121387283237,,4.92,0.7032234093648334,4.29,,-0.1,1.553180417117009,-11.579616380882207,,31.726383670791037,,4.898061940454146,0.0,,,,0.85,,,,85.44,
NIBE,2026-09-26,,,1955.0,,,,4.2967032967032965,5.412017167381975,,1.94,-1.9908116385911179,4.79,,6.0,-2.857142857142857,,,,,17.288139184548832,0.3448275862068966,,,,0.1,,,,51.46,
NIBL,2026-09-26,,,79.2,,,,1.0421052631578949,-0.6626016260162602,,,-25.6198347107438,-18.2,,-14.0,-40.78947368421053,,,,,1.3515148022100965,-1.6974789915966386,,,,0.0,,,,74.78,
NICCOPAR,2026-09-26,,,386.0,65.3,,,6.531302876480542,3.6830357142857144,,-490.0,4.34080058758722,13.5,,8.78,10.0,-37.8488241379242,,4.076834896984272,,-9.346757589135347,0.0,,,,1.52,,,,69.57,
NIITLTD,2026-09-26,,,1212.0,86.3,,,3.014925373134328,1.127388535031847,,0.87,0.7182761372705506,2.24,,-1.8,2.2388059701492535,-38.51886658898279,,-47.71430837042517,,9.882316931863965,0.0065420560747663555,,,,1.13,,,,40.87,
NIITMTS,2026-09-26,,,2930.0,12.8,,2.2232257372120054,1.4181994191674734,1.8928571428571428,,15.5,8.398950131233596,20.9,,18.0,12.39109390125847,5.757400063230467,,,,9.957899301163465,0.20609202851587816,,,,1.53,,,,34.25,
NILAINFRA,2026-09-26,,,271.0,10.8,,0.36593739915404505,0.8914473684210527,1.4432773109243697,,12.9,2.796420581655481,22.3,,10.0,8.223684210526317,29.513244683289752,,,,18.005056836894752,0.12834224598930483,,,,0.0,,,,61.9,
NILASPACES,2026-09-26,,,436.0,14.0,,0.4314433997226968,2.282722513089005,2.557603686635945,,18.2,8.791208791208792,31.3,,33.0,16.75392670157068,32.44921583919993,,,,28.03557561963266,0.4647058823529412,,,,0.0,,,,61.9,
NILE,2026-09-26,,,411.0,8.48,,0.534961564724981,0.3819702602230483,1.3010446343779678,,19.0,13.559322033898304,25.0,,6.0,4.4609665427509295,15.85160609502758,,15.237739220613777,,8.689957157259354,0.056962025316455694,,,,0.37,,,,50.39,
NILKAMAL,2026-09-26,,,2811.0,20.9,,31.719643235987164,0.7566621803499327,1.78240302743614,,8.22,4.964257347100873,10.6,,9.0,3.3647375504710633,0.6588977008508135,,8.384980690788968,,5.143884015396782,0.26506024096385544,,,,1.06,,,,64.54,
NIMBSPROJ,2026-09-26,,,381.0,,,,1.6710526315789473,1.3680555555555556,,-28.4,-4.0196882690730105,-13.5,,-24.0,-21.49122807017544,,,,,219.35883524234973,0.9748201438848921,,,,0.0,,,,70.5,
NINSYS,2026-09-26,,,1317.0,39.2,,1.3368166543737035,7.440677966101695,14.38133874239351,,40.6,23.61111111111111,54.0,,27.0,19.2090395480226,29.323392906385614,,,,28.715759805168073,0.021739130434782608,,,,0.0,,,,47.6,
NIPPOBATRY,2026-09-26,,,240.0,,,,0.534521158129176,0.794044665012407,,-7.11,-6.0324825986078885,-5.47,,-4.6,-5.79064587973274,,,,,-11.189815867827113,0.11221122112211221,,,,1.17,,,,65.35,
NIRAJ,2026-09-26,,,168.0,7.08,,0.3925004164916692,0.30434782608695654,0.6300448430493274,,8.3,5.139186295503212,10.7,,3.9,4.3478260869565215,18.03819741972241,,45.515966241573615,,5.432067624113057,0.2857142857142857,,,,0.0,,,,24.89,
NIRAJISPAT,2026-09-26,,,17.3,11.4,,0.488113092193304,4.873239436619719,1.086466165413534,,10.7,7.014305491462851,11.3,,20.56,42.81690140845071,23.355243246549385,,15.18059548519306,,2.8814123670839464,0.2862523540489642,,,,0.0,,,,74.44,
NIRLON,2026-09-26,,,5453.0,15.3,,0.7575428420105654,8.090504451038576,11.634615384615385,,83.8,15.866666666666667,30.8,,77.0,52.967359050445104,20.196877524963284,,26.351367367727896,,3.780126277180562,2.450854700854701,,,,4.96,,,,67.66,
NITCO,2026-09-26,,,2116.0,,,,4.165354330708661,5.7894736842105265,,10.8,-2.6605504587155964,7.16,,-6.0,-5.708661417322835,,,,,16.05400089471423,0.8602739726027397,,,,0.0,,,,23.96,
NITINSPIN,2026-09-26,,,3443.0,16.2,,0.9403954813617493,1.0445995145631068,2.33587786259542,,12.8,7.2727272727272725,12.2,,15.0,6.432038834951456,17.226794812477642,,-8.267842988401974,,4.334978680656354,0.7641060503059144,,,,0.49,,,,56.71,
NITIRAJ,2026-09-26,,,223.0,,,,4.839409722222222,3.3080424886191198,,-0.35,-0.2881483337509397,0.38,,7.57,-0.4991319444444445,,,,,-1.2554218671044892,0.04735128736312519,,,,0.69,,,,69.07,
NITTAGELA,2026-09-26,,,1544.0,14.9,,1.933174268981766,2.616949152542373,3.019538188277087,,21.0,17.576791808873722,27.7,,24.0,17.457627118644066,7.707530686226272,,25.686735951673633,,3.444705499782419,0.007827788649706457,,,,0.41,,,,74.49,
NIVABUPA,2026-09-26,Financial Services,,14274.0,81.9,,,1.8052358669533324,3.7658536585365856,,3.46,1.5431003902092941,3.15,,2.8,2.2005817629948146,,,,,24.32180294588928,0.06603275224511358,,,,0.0,,,,55.3,
NKIND,2026-09-26,,,36.3,,,,3.201058201058201,-0.10324786324786324,,,-0.1893568742363576,,,-9.08,-31.569664902998234,,,,,-14.368851375431667,-0.0027870204476296108,,,,0.0,,,,73.28,
NLCINDIA,2026-09-26,Power,,36406.0,11.4,,0.568198720430602,1.9806321745280453,1.696774193548387,,11.9,5.196148029260162,8.42,,33.0,18.31782819215494,20.063403154728434,,24.041619394323234,,12.235641259697271,1.2957955865272939,,,,1.47,,,,69.47,
NMDC,2026-09-26,Metals & Mining,,70247.0,9.42,,0.9214382805342666,2.1865409157406543,2.0645994832041343,,23.4,15.436672185430464,27.6,,29.0,23.21723161203972,10.223148092499601,,-4.557329824926737,,14.668067935550066,0.18809817391814926,,,,3.13,,,,60.79,
NOCIL,2026-09-26,,,3147.0,45.2,,,2.297080291970803,1.7735849056603774,,2.6,3.1264803410705824,3.93,,8.0,4.817518248175182,-20.82937048465997,,-17.827965517772228,,-1.760930556197693,0.0045121263395375075,,,,0.8,,,,33.76,
NOIDATOLL,2026-09-26,,,73.7,2.6,,,1.675,-5.823529411764706,,,26.168224299065418,162.0,,28.0,63.63636363636363,,,,,27.961049656566452,-3.3076923076923075,,,,0.0,,,,26.37,
NORBTEAEXP,2026-09-26,,,109.0,,,,13.407134071340712,5.793388429752066,,-1.65,-0.8861174926156876,2.96,,16.36,-3.3210332103321036,,,,,7.305393293806084,0.4691817215727949,,,,0.0,,,,38.89,
NORTHARC,2026-09-26,,,4869.0,11.1,,,,1.2489626556016598,,11.1,2.621678112869513,9.74,,,,-7.621266377853164,,6.984656234659559,,,,,,,0.0,,,,,
NOVARTIND,2026-09-26,,,4853.0,49.6,,10.52696518365521,13.080862533692722,5.9395770392749245,,11.6,10.020449897750511,16.3,,27.0,26.41509433962264,4.711709323121149,,,,3.4609275237658332,0.0036719706242350062,,,,1.27,,,,70.68,
NPST,2026-09-26,,,3748.0,83.9,,5.3821996582313,17.192660550458715,8.511848341232227,,15.0,8.858267716535433,19.7,,25.0,20.642201834862387,15.588422081608776,,94.4758813094216,,19.421404525875417,0.031746031746031744,,,,0.11,,,,60.48,
NRAIL,2026-09-26,,,1153.0,17.5,,,0.49273504273504276,1.4133611691022965,,6.04,3.052683407188577,8.49,,10.0,2.6495726495726495,-20.881963235933732,,0.3655189696456951,,21.86316243327031,1.007361963190184,,,,0.3,,,,74.28,
NRBBEARING,2026-09-26,,,5183.0,34.7,,,3.715412186379928,5.387713997985902,,15.6,11.135693215339233,18.4,,18.0,10.824372759856631,-14.934755187322823,,15.00626086711312,,8.43903110545039,0.1600831600831601,,,,1.49,,,,44.73,
NSIL,2026-09-26,,,2811.0,50.8,,,28.683673469387756,0.18509867641582886,,0.34,0.3375232774674115,0.48,,77.0,59.183673469387756,-0.535293034943185,,-3.4712676476104765,,3.2631470185832567,0.00019771963355961247,,,,0.0,,,,55.61,
NSLNISP,2026-09-26,Metals & Mining,,12358.0,148.0,,,0.8866408379968431,0.9377777777777778,,0.45,0.2974820271275277,3.06,,11.0,0.6026689625484287,,,,,65.96417265088684,0.35015940488841657,,,,0.0,,,,60.79,
NTCIND,2026-09-26,,,203.0,10.1,,0.20987098714517016,1.8454545454545455,0.9655172413793104,,9.31,6.25,11.1,,20.0,18.181818181818183,48.12480342036851,,12.817266899716717,,37.84186217649961,0.36666666666666664,,,,0.0,,,,54.34,
NTPC,2026-09-26,Power,,316693.0,11.4,,1.1303235802000524,1.6575665108683706,1.5571428571428572,,15.1,5.073758778888408,8.92,,27.0,14.829973987092993,10.08560751955856,,10.728286725191683,,2.2875601395730083,1.3338435642004962,,,,2.76,,,,51.1,
NTPCGREEN,2026-09-26,Power,,78761.0,130.0,,22.52412257222128,23.97595129375951,4.155555555555556,,2.79,1.0036103474545395,3.56,,86.0,18.447488584474886,5.7715899735125475,,,,18.723955671828875,1.6723437911943053,,,,0.0,,,,89.01,
NUCLEUS,2026-09-26,,,1789.0,15.7,,,2.0586881472957423,1.9710144927536233,,13.1,8.293838862559241,16.8,,11.0,12.082853855005753,-17.597337255238287,,21.247876968944478,,1.7060004954938535,0.009922822491730982,,,,1.84,,,,73.59,
NUVAMA,2026-09-26,Financial Services,,31024.0,28.6,,1.5113542562719406,6.3521703521703525,7.438053097345133,,27.4,3.137050244991447,17.5,,52.0,22.153972153972155,18.92342571658061,,,,15.667909603936048,2.8012618296529967,,,,1.65,,,,53.98,
NUVOCO,2026-09-26,Construction Materials,,11981.0,28.9,,0.7651366926332408,1.0333793341383475,1.2786259541984732,,4.17,1.9015715059855165,6.99,,16.0,3.329308262894601,37.77102873022569,,64.37518295172258,,2.6055191793385335,0.5262256476129309,,,,0.0,,,,72.02,
NYKAA,2026-09-26,Consumer Services,,95582.0,359.0,,3.563108361329306,8.975678467461734,66.53386454183267,,15.3,5.6170028193450445,17.2,,8.0,2.4321532538266504,100.7547241325173,,44.761273215532604,,18.584147995701382,0.8609179415855355,,,,0.0,,,,52.07,
OAL,2026-09-26,,,1796.0,338.0,,,1.6863849765258216,2.7106598984771573,,0.5,0.41876046901172526,4.47,,7.0,0.4694835680751174,-16.180618206672015,,-36.85653801292936,,8.146509142631153,0.606015037593985,,,,0.09,,,,74.17,
OBCL,2026-09-26,,,121.0,,,,0.35174418604651164,1.4472361809045227,,-8.18,-4.651162790697675,-0.57,,0.4,-2.3255813953488373,,,,,1.0891945807417702,0.8571428571428571,,,,0.0,,,,72.19,
OBEROIRLTY,2026-09-26,Realty,,67575.0,25.5,,2.3345293553054765,10.688864283454603,3.768762677484787,,14.6,10.3841749911162,17.3,,56.0,41.600759253400824,10.922972522083917,,20.219020711762514,,12.032165241703252,0.15762749693114608,,,,0.43,,,,67.71,
ODIGMA,2026-09-26,,,65.6,,,,1.3609958506224065,1.2280701754385963,,-1.58,-1.6592214422463305,-2.18,,-3.98,-2.1576763485477177,,,,,4.415601552136672,0.0,,,,0.0,,,,27.45,
ODYCORP,2026-09-26,,,62.9,9.19,,,,0.3210045662100457,,2.73,7.731958762886598,6.57,,,,-3.4117820646152652,,-11.727691521271556,,,,,,,0.71,,,,48.24,
OFSS,2026-09-26,Information Technology,,93809.0,27.5,,1.801379047638064,10.487311347121297,11.979977753058954,,32.6,34.55852571891454,45.3,,50.0,38.15539407490218,15.266081858816726,,12.357957509799999,,11.964103955991412,0.0040884119074996806,,,,3.71,,,,72.41,
OIL,2026-09-26,Oil Gas & Consumable Fuels,,77288.0,9.25,,0.9577836838414886,2.0063861270475845,1.330532212885154,,12.2,7.671133647229265,11.5,,35.0,24.74234832948262,9.657713068257756,,8.245601046954686,,6.65695172920735,0.6461835548888774,,,,2.42,,,,56.66,
OLAELEC,2026-09-26,Automobile and Auto Components,,17810.0,,,,9.47340425531915,5.065789473684211,,-43.2,-22.354904982023626,-19.9,,-49.0,-92.6063829787234,,,,,-27.87153202102012,0.8245299910474485,,,,0.0,,,,32.96,
OLECTRA,2026-09-26,Automobile and Auto Components,,9909.0,55.8,,1.7346433229014717,3.9011811023622047,8.046666666666667,,15.6,7.012076353720296,21.0,,14.0,7.086614173228346,32.167996304084845,,38.04971021852144,,30.079632893525066,0.30944625407166126,,,,0.05,,,,50.02,
OMAXAUTO,2026-09-26,,,428.0,,,,0.3908675799086758,2.11864406779661,,-2.97,0.0,3.26,,4.6,0.0,-77.48932581766499,,-57.68764220701365,,-5.242878930991235,1.592039800995025,,,,2.5,,,,54.63,
OMAXE,2026-09-26,,,2168.0,,,,1.5744371822803196,-2.413793103448276,,,-3.08679336642053,-112.0,,-38.0,-37.03703703703704,,,,,-5.155939993799552,-1.6270810210876803,,,,0.0,,,,74.14,
OMINFRAL,2026-09-26,,,761.0,23.6,,,1.4634615384615384,0.9974747474747474,,2.73,2.2540983606557377,4.7,,8.0,6.346153846153846,-11.965188571953655,,4.026125343417397,,-22.42781028320664,0.1127129750982962,,,,0.63,,,,67.05,
OMNI,2026-09-26,,,6603.0,63.5,,1.882653829499092,11.483478260869566,9.709090909090909,,18.0,8.286852589641434,17.6,,34.0,18.086956521739133,33.7289835258217,,,,47.82547419127556,0.6397058823529411,,,,0.0,,,,74.19,
OMPOWER,2026-09-26,,,578.0,13.7,,,1.287305122494432,,,38.2,11.695906432748536,42.7,,13.0,8.908685968819599,-47.54553631609832,,,,55.24645726045492,0.35036496350364965,,,,0.0,,,,69.05,
ONEGLOBAL,2026-09-26,,,1053.0,14.2,,0.25458137988894025,2.0526315789473686,7.455048409405256,,65.3,29.133858267716533,87.0,,19.0,14.42495126705653,55.77784206446941,,91.22201157084868,,101.18345949587253,0.0,,,,0.19,,,,68.4,
ONEPOINT,2026-09-26,,,1830.0,39.7,,2.2020456249173845,4.540942928039702,4.094117647058823,,9.22,5.376344086021505,10.9,,23.0,11.166253101736972,18.02869093663282,,56.871742653604976,,33.33741817550779,0.49217002237136465,,,,0.0,,,,52.3,
ONESOURCE,2026-09-26,Healthcare,,18377.0,,,,11.909915748541803,3.149312377210216,,-1.09,-0.5900770712909441,0.59,,22.0,-3.175631885936488,,,,,107.78418684982628,0.21883038929857657,,,,0.0,,,,30.48,
ONGC,2026-09-26,Oil Gas & Consumable Fuels,,296718.0,6.79,,,0.4214008063932012,0.7972972972972973,,11.6,5.7017421035078835,14.2,,13.0,6.3615305848552035,-3.9701815760675996,,-0.9002872184544986,,5.386457558864244,0.46888382001678464,,,,5.62,,,,58.89,
ONIDA,2026-09-26,,,1245.0,,,,1.638157894736842,5.840554592720972,,-26.4,-3.225806451612903,-3.46,,-0.4,-2.5,,,,,-16.575941267217598,1.4492753623188406,,,,0.0,,,,40.51,
ONIXSOLAR,2026-09-26,,,1246.0,27.5,,,7.551515151515152,1.6095238095238096,,8.08,3.5838150289017343,11.3,,28.0,18.787878787878785,,,,,,0.07364341085271318,,,,0.0,,,,50.22,
ONWARDTEC,2026-09-26,,,640.0,14.2,,1.8012025263386469,1.1428571428571428,2.5945945945945947,,19.5,11.716621253405995,22.9,,13.0,7.678571428571429,7.88362207600537,,11.958381849355092,,5.864091808676575,0.15810276679841898,,,,2.78,,,,39.97,
OPTIEMUS,2026-09-26,Telecommunication,,6840.0,94.1,,12.631832658581935,3.0866425992779782,8.664383561643836,,9.15,3.9803707742639043,10.9,,4.6,3.2942238267148016,7.449433707948105,,,,13.191930591593515,0.4800514800514801,,,,0.0,,,,71.4,
OPTIFIN,2026-09-26,,,112.0,19.8,,6.1338070574014845,,1.689189189189189,,9.38,5.154639175257731,11.6,,,,3.228011545636722,,10.376996822418217,,,,,,,0.0,,,,53.89,
ORCHASP,2026-09-26,,,47.8,60.5,,,3.0680359435173297,0.39204545454545453,,0.9,0.34045854163075334,0.83,,-25.03,5.070603337612323,-15.65673346982508,,24.57309396155174,,5.548125557418904,0.06017568344142517,,,,0.0,,,,18.48,
ORCHPHARMA,2026-09-26,,,6377.0,353.0,,,5.943150046598323,3.55,,1.49,0.48715677590788303,1.86,,4.1,1.0251630941286114,-51.289626931438036,,,,9.422157449386015,0.20210664911125742,,,,0.0,,,,69.84,
ORICONENT,2026-09-26,,,807.0,48.7,,,17.933333333333334,0.7012278308321964,,1.28,2.3519870235198703,2.08,,-130.0,64.44444444444444,-1.2368760369624199,,-25.72568013597931,,-32.45085038592865,0.0026064291920069507,,,,0.39,,,,65.7,
ORIENTALTL,2026-09-26,,,36.7,14.6,,,1.341374269005848,0.3669117647058824,,2.34,1.46419251957089,3.84,,13.49,7.383040935672515,,,,,95.70762331046842,0.028760396833350035,,,,0.0,,,,25.85,
ORIENTBELL,2026-09-26,,,601.0,27.2,,0.14698736774226967,0.7992021276595744,1.8214285714285714,,4.14,3.977272727272727,5.86,,7.0,2.7925531914893615,185.0499156341991,,-8.43468918846144,,3.717645202093367,0.09422492401215805,,,,0.25,,,,65.92,
ORIENTCEM,2026-09-26,Construction Materials,,2510.0,11.8,,1.9323881512979826,0.99170288423548,1.1730769230769231,,17.3,6.670922438557294,16.5,,20.0,8.257605689450811,6.106433633467456,,-4.5327942555648875,,-7.37513894806675,0.033550792171481825,,,,0.41,,,,72.66,
ORIENTCER,2026-09-26,,,572.0,17.0,,1.5094276859135731,1.4123456790123456,1.8893280632411065,,9.13,6.25,11.4,,13.0,6.419753086419753,11.262546830596154,,30.892225486727387,,8.969149658257525,0.13245033112582782,,,,0.73,,,,63.9,
ORIENTELEC,2026-09-26,,,3462.0,29.0,,2.1497098965319372,0.9871685201026519,4.550561797752809,,14.2,6.5986802639472115,19.9,,7.0,3.136583974907328,13.490192349574626,,-2.8740959836750957,,7.639948964220511,0.12236842105263158,,,,0.92,,,,38.3,
ORIENTHOT,2026-09-26,,,2517.0,37.5,,3.642647938877475,5.054216867469879,3.302107728337236,,9.49,6.829765545361875,12.1,,26.0,13.453815261044177,10.294708857193612,,,,8.212873820510126,0.17191601049868765,,,,0.46,,,,68.53,
ORIENTPPR,2026-09-26,,,356.0,2.25,,0.2339270406926244,0.22043343653250774,0.43298969072164956,,22.1,9.19674039580908,22.2,,19.0,9.78328173374613,9.618383549580557,,,,10.87102402588247,0.6670967741935484,,,,0.0,,,,38.73,
ORIENTTECH,2026-09-26,,,1087.0,43.3,,,1.2494252873563219,3.2288828337874658,,7.46,0.8771929824561403,,,5.0,0.5747126436781609,,,,,,0.18397626112759644,,,,0.69,,,,70.66,
ORIRAIL,2026-09-26,,,812.0,17.2,,1.3348085310190196,1.369308600337268,1.9329073482428114,,11.0,5.522914218566393,12.0,,15.0,7.925801011804384,12.885743236049873,,19.422966196997503,,4.077371722162182,0.7595238095238095,,,,0.08,,,,57.69,
ORISSAMINE,2026-09-26,,,2241.0,675.0,,121.17485613338391,21.75728155339806,-40.99890230515917,,,0.5172413793103449,9.64,,17.0,2.912621359223301,5.570462565740453,,,,7.896607754199958,-3.8970588235294117,,,,0.0,,,,50.01,
ORKLAINDIA,2026-09-26,Fast Moving Consumer Goods,,7616.0,24.9,,,2.9622714896927267,2.7661691542288556,,11.2,8.641975308641975,14.9,,16.0,11.435239206534423,-49.71268245585676,,-25.719445468773884,,2.953772158385237,0.02290909090909091,,,,0.0,,,,75.0,
ORTINGLOBE,2026-09-26,,,12.4,,,,,,,,,,,,,,,,,,,,,,0.0,,,,1.23,
OSWALAGRO,2026-09-26,,,456.0,,,,,0.5089820359281437,,-2.0,-3.7694013303769403,2.03,,-56333.0,,,,,,,0.0,,,,0.0,,,,51.88,
OSWALGREEN,2026-09-26,,,513.0,12.2,,0.9466446276825798,4.980582524271845,0.22650056625141562,,1.87,1.8181818181818181,3.11,,69.0,40.77669902912621,12.887623975499697,,,,20.409773010338284,-0.0,,,,0.0,,,,70.65,
OSWALPUMPS,2026-09-26,Capital Goods,,3135.0,9.31,,,1.548913043478261,1.8581081081081081,,35.2,15.65703634669152,38.2,,22.0,16.600790513833992,-43.91117774987418,,0.356931310270614,,38.672254870126935,0.1408199643493761,,,,0.0,,,,75.65,
OSWALSEEDS,2026-09-26,,,120.0,9.8,,,0.449438202247191,2.347670250896057,,15.2,8.51063829787234,19.9,,8.0,4.49438202247191,,,17.652165683240618,,-0.24844822862550853,0.11764705882352941,,,,0.0,,,,66.63,
PACEDIGITK,2026-09-26,,,3591.0,12.0,,,1.268904593639576,1.6274509803921569,,17.6,5.9277380504328185,21.4,,16.0,11.130742049469964,-67.89002692900911,,-7.911415338582472,,5.153069324504811,0.44449478930675124,,,,0.0,,,,69.52,
PACIFICI,2026-09-26,,,97.8,35.4,,,0.578698224852071,0.2208398133748056,,0.41,0.5434782608695652,1.09,,4.8,1.7751479289940828,-38.500860796975125,,-29.52755235992972,,-3.8289477484672707,0.13318284424379231,,,,0.0,,,,71.6,
PAGEIND,2026-09-26,Textiles,,42045.0,53.8,,5.426396189483466,7.857409829938329,27.984409799554566,,54.3,26.47058823529412,64.4,,21.0,14.12820033638572,9.914499074775662,,7.094503059250079,,5.40743961906931,0.18442077230359522,,,,1.46,,,,42.89,
PAISALO,2026-09-26,,,8138.0,32.3,,2.8038668729736966,,4.517766497461929,,14.4,3.984126984126984,12.4,,,,11.519805134593852,,25.121895365706372,,,,,,,0.11,,,,46.71,
PAKKA,2026-09-26,,,358.0,25.7,,,0.9132653061224489,0.729126213592233,,1.49,1.2533572068039391,3.31,,10.0,3.571428571428571,-35.09159220047997,,-21.446301658081968,,-1.0816155914895265,0.9935205183585313,,,,0.0,,,,39.27,
PALASHSECU,2026-09-26,,,89.0,5.5,,,2.4722222222222223,0.18367768595041323,,3.0,2.480916030534351,2.65,,-24.0,36.11111111111111,,,,,-4.242481876573024,0.0,,,,0.0,,,,72.18,
PANACEABIO,2026-09-26,,,2282.0,,,,3.390787518573551,2.7426470588235294,,-2.42,-0.7131537242472267,-2.43,,0.3,-1.337295690936107,,,,,6.381902322302602,0.02874251497005988,,,,0.0,,,,72.48,
PANAMAPET,2026-09-26,,,2864.0,5.98,,0.17150144712442011,0.697515830491963,1.9465020576131686,,15.6,24.960917144346016,19.2,,15.0,11.665854846566,34.8685104427233,,15.755016508659558,,20.324238226420775,0.07556160653505786,,,,0.63,,,,63.16,
PANCHMAHQ,2026-09-26,,,554.0,138.0,,13.476108843722413,1.4168797953964194,3.670886075949367,,-1.48,1.7857142857142856,3.1,,5.0,1.0230179028132993,10.24034471673807,,-41.578420574478905,,-2.9688907707561607,0.23178807947019867,,,,1.03,,,,73.81,
PANORAMA,2026-09-26,,,1575.0,65.2,,,4.436619718309859,7.142857142857142,,7.59,2.3142509135200973,8.7,,10.0,5.352112676056338,-17.35814168724272,,98.30484019293976,,-6.90524238544673,0.5882352941176471,,,,0.09,,,,66.61,
PANSARI,2026-09-26,,,506.0,25.6,,0.4586938169791785,5.440860215053763,3.2805429864253393,,13.8,4.132231404958678,12.5,,14.0,21.50537634408602,55.81064983302808,,40.172643511055654,,18.421795224156124,0.6493506493506493,,,,0.0,,,,73.88,
PAR,2026-09-26,,,162.0,11.2,,,1.4862385321100917,1.4395604395604396,,9.95,10.852713178294573,14.6,,18.0,12.844036697247708,0.0,,9.47947208372879,,4.324206065175806,0.0,,,,0.0,,,,73.41,
PARACABLES,2026-09-26,,,1957.0,32.1,,,0.982429718875502,2.3450980392156864,,7.99,5.403011514614704,12.4,,4.3,3.0622489959839356,-10.821472766519502,,36.63316893604747,,23.094701767637616,0.15809768637532134,,,,0.0,,,,45.88,
PARADEEP,2026-09-26,Chemicals,,16148.0,14.9,,0.1367679098229252,0.6887021793832899,2.3736600306278715,,16.2,5.976806422836753,15.4,,10.0,4.572013477203907,108.94368437224186,,10.148186817349213,,26.528617048452,1.0181335692171605,,,,0.96,,,,57.86,
PARAGMILK,2026-09-26,,,3378.0,25.1,,2.304480994067706,0.8637177192533879,2.6633663366336635,,12.1,5.699254712845243,13.4,,7.0,3.323958066990539,10.891823393038823,,,,7.6049293655613415,0.48212867355043687,,,,0.41,,,,40.49,
PARAS,2026-09-26,Capital Goods,,10646.0,115.0,,2.7507872166094014,20.83365949119374,14.677777777777777,,12.4,9.95850622406639,17.2,,26.0,18.786692759295498,41.80621434679637,,27.561502906008982,,26.23963431930165,0.037241379310344824,,,,0.08,,,,53.2,
PARASPETRO,2026-09-26,,,69.5,,,,,4.16,,7.38,-2.144638403990025,6.15,,-885.71,,,,,,,0.20216606498194944,,,,0.0,,,,40.19,
PARKHOSPS,2026-09-26,Healthcare,,12368.0,44.5,,,7.043280182232346,6.111111111111112,,16.8,10.618519842688595,19.5,,27.0,16.91343963553531,-12.744195105380275,,-10.82949189123884,,12.569866975161936,0.18001978239366964,,,,0.0,,,,82.89,
PARKHOTELS,2026-09-26,,,2238.0,34.8,,,3.116991643454039,1.669316375198728,,5.09,3.11587147030185,9.43,,31.0,8.913649025069638,-2.440004365244264,,,,7.435702227910235,0.2779433681073025,,,,0.71,,,,68.21,
PARNAXLAB,2026-09-26,,,136.0,13.5,,,0.5396825396825397,1.42512077294686,,14.4,3.9473684210526314,13.9,,10.0,3.571428571428571,-2.3653441214960935,,-1.4965062792941408,,10.064241629820891,0.8736842105263158,,,,0.0,,,,72.3,
PASHUPATI,2026-09-26,,,1258.0,80.4,,3.526153407838975,1.799713876967096,7.663461538461538,,6.53,5.211726384364821,9.99,,4.8,2.28898426323319,22.801049954679552,,,,1.8806965224098304,0.6036585365853658,,,,0.06,,,,65.99,
PATANJALI,2026-09-26,Fast Moving Consumer Goods,,43954.0,20.3,,,1.0280675492351592,3.3666666666666667,,16.0,10.477608765024996,12.1,,4.6,4.607755999438648,,,,,49.75942208452444,0.2129495304268153,,,,1.24,,,,68.25,
PATELENG,2026-09-26,,,2739.0,6.98,,,0.5318446601941748,0.6160714285714286,,8.95,3.0140726738080237,13.3,,14.0,5.572815533980583,-3.9128635688876146,,27.196014035823346,,4.261259927198036,0.27387387387387385,,,,0.0,,,,31.49,
PATELRMART,2026-09-26,,,689.0,16.6,,1.5795788659064307,0.5863829787234043,1.889908256880734,,15.7,6.774193548387098,15.3,,6.0,3.5744680851063833,10.509130223437246,,-16.012717979774393,,13.015450506690684,0.4490358126721763,,,,0.0,,,,70.0,
PAUSHAKLTD,2026-09-26,,,1645.0,38.8,,,6.686991869918699,3.351758793969849,,6.98,6.363636363636363,8.3,,28.0,17.073170731707318,-8.020003875679226,,2.3702298154996804,,6.093626702436605,0.15682281059063136,,,,0.37,,,,67.28,
PAVNAIND,2026-09-26,,,216.0,28.5,,,0.6565349544072948,1.0616438356164384,,2.64,2.15633423180593,5.49,,10.0,2.43161094224924,-14.69820520141647,,-3.640157685769696,,1.567652912590356,0.553921568627451,,,,0.0,,,,61.5,
PAYTM,2026-09-26,Financial Services,,107405.0,132.0,,,11.977807516449202,6.696,,4.64,2.7137779636211583,4.96,,7.0,7.237649158023865,,,,,-3.4983905125981263,0.010732559590665169,,,,0.0,,,,,
PBMPOLY,2026-09-26,,,41.2,22.4,,,0.2591194968553459,0.36303030303030304,,-7.84,1.5267175572519083,-7.77,,-1.3,1.257861635220126,,,-39.10644229761526,,-6.092856144473203,0.008771929824561403,,,,0.0,,,,68.24,
PCBL,2026-09-26,Chemicals,,13362.0,50.5,,,1.5629898233711546,3.3333333333333335,,5.56,2.2930500221336874,7.75,,13.0,3.0295941045736345,-20.084639863137344,,-10.072022221750142,,10.017075522602736,1.245381927109336,,,,1.77,,,,53.38,
PCJEWELLER,2026-09-26,Consumer Durables,,13839.0,17.8,,,3.9483594864479317,1.492063492063492,,9.96,8.212201591511937,9.6,,22.0,22.082738944365193,,,,,79.70094511244896,0.14276975776853437,,,,0.0,,,,38.5,
PDMJEPAPER,2026-09-26,,,897.0,9.85,,,1.101965601965602,1.3404255319148937,,12.8,9.891304347826086,18.1,,15.0,11.179361179361178,-2.4787282574332936,,21.37896912764523,,1.2165622501895568,0.06716417910447761,,,,0.64,,,,71.56,
PDSL,2026-09-26,,,5059.0,43.0,,,0.37324774974177366,2.864,,6.48,3.5320926699582227,12.5,,3.1,1.3722886232846392,-8.730230454730215,,-15.315382418435842,,9.325389792843852,0.7169597277368123,,,,0.92,,,,61.37,
PEARLPOLY,2026-09-26,,,30.3,,,,1.5279878971255676,1.0465116279069768,,-17.0,-14.754098360655735,-17.2,,-36.66,-26.77760968229955,,,,,6.535158264743535,0.0,,,,0.0,,,,55.58,
PENIND,2026-09-26,,,2505.0,17.6,,1.3459615412869304,0.6872427983539094,2.1461716937354987,,12.4,4.001127078050155,15.2,,10.0,3.8957475994513033,13.076153708799065,,29.09179989143955,,5.197355311198071,0.999140154772141,,,,0.0,,,,39.67,
PERMAGN,2026-09-26,,,733.0,55.6,,,3.1059322033898304,4.655737704918033,,10.5,4.25531914893617,13.8,,16.0,5.084745762711865,-14.972111932897182,,,,5.496645019095925,0.5569620253164557,,,,0.26,,,,58.01,
PERSISTENT,2026-09-26,Information Technology,,84743.0,42.6,,2.1465929859897104,5.391462018068457,10.808853118712273,,27.2,16.951692524682652,34.4,,18.0,12.2343809644993,19.84540165650397,,22.030523182301366,,16.967655469149957,0.06085736157182955,,,,0.74,,,,30.29,
PETRONET,2026-09-26,Oil Gas & Consumable Fuels,,42975.0,10.2,,2.1071695127812182,1.1560810265515293,1.919463087248322,,18.3,15.317414094350612,22.6,,15.0,11.320044118042667,4.840616731654013,,4.129698441189755,,-10.999449644723757,0.10504823872560018,,,,3.49,,,,50.0,
PFC,2026-09-26,Financial Services,,111543.0,4.28,,0.44377718709758596,,0.7806004618937644,,20.7,2.7030827291799073,9.71,,,,9.64447953711247,,13.196231419429537,,,,,,,5.49,,,,55.99,
PFIZER,2026-09-26,Healthcare,,18303.0,119.0,,,26.995575221238937,13.248344370860927,,19.8,27.322404371584703,27.2,,-12.0,44.24778761061947,,,,,,0.0,,,,1.87,,,,63.92,
PFOCUS,2026-09-26,Media Entertainment & Publication,,24566.0,138.0,,,4.994104492783086,11.71003717472119,,15.7,1.3649628165301704,11.3,,30.0,2.9477536084570035,,,,,7.577950040063253,2.7367161321206317,,,,0.0,,,,60.73,
PFS,2026-09-26,,,1694.0,7.53,,0.6520411325414612,,0.5499999999999999,,11.0,4.499596448748991,11.8,,,,11.548351207001794,,11.428329837081975,,,,,,,0.0,,,,64.99,
PGEL,2026-09-26,Consumer Durables,,14868.0,72.2,,6.196088437348117,2.5555173599174976,4.841121495327103,,6.7,3.463349024882313,10.3,,7.0,3.5407356479889995,11.652512828061102,,32.58198574828801,,28.437268667995387,0.19580190226303706,,,,0.05,,,,43.37,
PGHH,2026-09-26,,,22844.0,28.9,,5.337561797525526,5.3813898704358065,30.336206896551722,,115.0,43.8470066518847,157.0,,25.0,18.63368669022379,5.414457217787705,,6.550589757796699,,0.3081318359616114,0.0013280212483399733,,,,3.27,,,,70.64,
PGHL,2026-09-26,,,8974.0,26.9,,1.2753679292290125,6.2623866015352405,17.10759493670886,,61.9,42.44946492271106,83.9,,33.0,24.912770411723656,21.09195266989474,,13.137618050982303,,7.578038710233259,0.017142857142857144,,,,2.87,,,,51.82,
PGIL,2026-09-26,Textiles,,12278.0,39.2,,2.0808530641351464,2.3057276995305163,8.41139240506329,,21.0,9.368258859784284,19.9,,10.0,5.708920187793427,18.838427698542226,,33.72175484160347,,15.723657778536705,0.6458904109589041,,,,0.55,,,,59.91,
PHOENIXLTD,2026-09-26,Realty,,70763.0,54.6,,10.54450620963131,15.56941694169417,6.44299674267101,,11.0,7.150377259168275,12.4,,60.0,35.863586358635864,5.178051860800137,,40.019334971138896,,4.594347726260395,0.4843934843934844,,,,0.13,,,,47.25,
PHOENXINTL,2026-09-26,,,48.2,17.4,,3.3909804510132617,1.6632160110420982,0.13601895734597155,,0.71,0.6315549475604195,2.62,,48.52,9.55831608005521,5.131259307260438,,7.675232594309245,,1.8244354259910889,0.14413830057249216,,,,0.0,,,,70.22,
PICCADIL,2026-09-26,Fast Moving Consumer Goods,,6042.0,43.0,,6.114982694509702,5.62046511627907,6.706783369803063,,17.4,8.60280658938377,18.0,,22.0,13.116279069767442,7.031908698385569,,35.6911634828607,,13.153550669519198,0.5893451720310766,,,,0.16,,,,68.56,
PIDILITIND,2026-09-26,Chemicals,,154533.0,58.4,,3.8309399140280016,10.035262030001949,14.31132075471698,,23.9,17.37775180206507,31.0,,24.0,17.37775180206507,15.244300696586999,,16.976378098287736,,7.536413666508013,0.03849704579025111,,,,0.76,,,,69.24,
PIGL,2026-09-26,,,213.0,14.6,,0.8357266008873588,0.9424778761061947,1.3869625520110958,,10.8,6.41025641025641,15.5,,11.0,6.637168141592921,17.469828032873423,,17.638999005162994,,32.57009524278109,0.09210526315789473,,,,0.2,,,,50.7,
PIIND,2026-09-26,Chemicals,,36412.0,33.7,,,5.588090853284223,3.2432432432432434,,11.2,8.690787019768743,15.0,,24.0,17.879066912216082,-11.508553221137364,,6.666009296104614,,-5.273660862207885,0.030454140694568123,,,,0.62,,,,46.09,
PILANIINVS,2026-09-26,,,4446.0,,,,17.927419354838708,0.28010325101158084,,0.2,-0.061283897655890915,1.41,,87.0,-4.838709677419355,,,,,-4.640957302846194,0.15065213282086826,,,,0.22,,,,58.68,
PILITA,2026-09-26,,,181.0,57.7,,,1.7920792079207921,2.1596638655462184,,5.09,2.727272727272727,7.67,,7.0,2.9702970297029703,-11.209599825739925,,4.941452284458392,,2.0624343742738693,0.17857142857142858,,,,0.0,,,,50.09,
PINELABS,2026-09-26,Financial Services,,20389.0,158.0,,,7.199505649717514,3.450292397660819,,2.46,0.9557495484647802,4.15,,14.0,4.484463276836158,,,,,16.96070952851465,0.07479647218453189,,,,0.0,,,,,
PIONEEREMB,2026-09-26,,,65.8,,,,0.18962536023054755,0.4220907297830374,,-2.61,-0.0,2.19,,4.1,-0.0,,,,,1.0795731194393587,0.5833333333333334,,,,0.0,,,,32.71,
PIRAMALFIN,2026-09-26,Financial Services,,50703.0,113.0,,,4.029804482594182,1.7254428341384862,,0.86,1.5296799522370779,6.47,,59.0,13.43983468446988,,,212.57059516925514,,23.196882324136748,2.8417294301548957,,,,0.51,,,,44.22,
PITTIENG,2026-09-26,,,4377.0,35.2,,6.1919901735626715,2.2050377833753148,4.435114503816794,,12.5,5.799812909260991,14.8,,16.0,6.246851385390428,5.684763543438742,,15.348593750516182,,16.854841383992603,0.8216818642350557,,,,0.22,,,,54.17,
PIXTRANS,2026-09-26,,,2365.0,17.9,,1.0740731748764354,3.877049180327869,3.395303326810176,,16.4,15.903614457831324,21.7,,25.0,21.639344262295083,16.665531193495518,,13.870332606833502,,7.356325538723474,0.03443328550932568,,,,0.52,,,,62.06,
PKTEA,2026-09-26,,,310.0,369.0,,,5.772811918063314,1.6197411003236246,,0.45,2.369980250164582,1.5,,11.21,10.05586592178771,-22.049142178166147,,13.013693532220838,,-9.64181014719725,0.11259282501830353,,,,0.07,,,,66.33,
PLASTIBLEN,2026-09-26,,,528.0,12.4,,1.6926444876359708,0.6510480887792849,1.1734104046242775,,7.59,7.706093189964158,10.7,,8.0,5.30209617755857,7.325814777158812,,3.0767159442075753,,1.2643563871623575,0.04899777282850779,,,,1.48,,,,62.82,
PLATIND,2026-09-26,,,1157.0,22.8,,4.683597415729257,2.605855855855856,2.614622057001239,,12.7,8.925318761384334,15.7,,13.0,11.036036036036036,4.868052903827547,,-44.129627328699684,,18.92130903339455,0.022573363431151242,,,,0.0,,,,70.03,
PLAZACABLE,2026-09-26,,,262.0,24.4,,0.5690699116238764,0.7638483965014577,2.0236486486486487,,5.7,6.0109289617486334,8.38,,6.0,3.206997084548105,42.87698137188993,,4.67098102600354,,19.89848104869061,0.24615384615384617,,,,0.0,,,,69.83,
PML,2026-09-26,,,147.0,7.14,,,0.07132459970887918,0.16328635269852182,,-31.8,-1.0638297872340425,-30.8,,-0.3,-0.4852013585638039,,,,,-31.830834493462735,0.011148272017837236,,,,0.0,,,,74.66,
PNB,2026-09-26,Financial Services,,134008.0,6.07,,0.1870031196860068,,0.8602941176470589,,13.0,1.088558626214817,6.13,,,,32.459351534840785,,40.50418280727839,,,,,,,2.57,,,,70.08,
PNBGILTS,2026-09-26,,,1345.0,13.3,,0.9725723253898698,0.7698912421293647,0.7863157894736842,,11.0,0.376940133037694,6.15,,83.0,5.838580423583286,13.675075521677527,,-9.246227776462746,,3.4714187312061995,14.55204678362573,,,,2.68,,,,74.07,
PNBHOUSING,2026-09-26,Financial Services,,28555.0,12.3,,0.8069951486020136,,1.483739837398374,,12.7,2.47561810248952,9.4,,,,15.241727315595055,,22.44880653600745,,,,,,,0.73,,,,28.03,
PNC,2026-09-26,,,24.4,6.81,,,1.3555555555555554,0.40142517814726836,,7.39,-20.0,-0.13,,-10.0,-77.77777777777779,,,,,-32.295920600976515,0.016666666666666666,,,,0.0,,,,59.71,
PNCINFRA,2026-09-26,Construction,,3475.0,5.73,,,0.6167909123180688,0.5075187969924813,,2.41,5.282147496031174,7.97,,23.0,12.99254526091587,-6.97223729208395,,4.759224215339475,,-13.317070846363654,0.758843387641274,,,,0.44,,,,56.07,
PNGJL,2026-09-26,Consumer Durables,,8913.0,19.9,,0.5578495732283342,0.7792446231858716,4.179310344827586,,23.5,8.984689766317485,21.0,,6.0,3.899283091449554,35.67269915586133,,25.78352691901746,,23.576323203251558,0.8848700967906266,,,,0.0,,,,76.62,
PNGSREVA,2026-09-26,,,1664.0,19.7,,,3.308151093439364,3.2208588957055215,,21.0,11.748251748251748,22.0,,23.0,16.69980119284294,,,,,36.910672772669685,0.32945736434108525,,,,0.0,,,,64.77,
POCL,2026-09-26,,,3561.0,24.9,,0.4562121813407147,1.082370820668693,4.533980582524272,,19.2,14.547304170905392,23.4,,7.0,4.346504559270517,54.57986660247425,,135.14036645076493,,28.7649765462052,0.19289340101522842,,,,0.43,,,,36.39,
PODDARMENT,2026-09-26,,,288.0,18.9,,,0.7700534759358288,0.8212121212121212,,5.16,3.640776699029126,7.25,,6.0,4.010695187165775,-19.138543799201614,,-6.439033795222803,,0.4496463347708701,0.017094017094017096,,,,1.47,,,,62.43,
POEL,2026-09-26,,,447.0,12.2,,,0.29311475409836063,2.2943037974683542,,28.4,9.863013698630137,26.6,,4.2,2.360655737704918,,,,,,0.6907216494845361,,,,0.83,,,,40.29,
POKARNA,2026-09-26,,,2260.0,23.8,,8.513675272290412,3.830508474576271,2.641304347826087,,9.85,5.889646621202728,11.5,,30.0,16.101694915254235,2.795502440345854,,3.9250852493571076,,-4.9471612627978505,0.5344224037339557,,,,0.08,,,,56.66,
POLICYBZR,2026-09-26,Financial Services,,53957.0,72.1,,0.5910445171667705,7.3571038996454865,7.379746835443038,,9.75,8.59078902032847,10.3,,8.0,10.199072811562585,121.98742718335053,,,,28.729577664944593,0.04923413566739606,,,,0.0,,,,,
POLYCAB,2026-09-26,Capital Goods,,126713.0,44.2,,2.5984813523970267,4.062876747466975,10.536340852130326,,23.0,14.194967016858051,33.2,,14.0,9.314479928177505,17.00993542217524,,25.62603464784383,,20.021308065180854,0.01965192772087601,,,,0.56,,,,61.46,
POLYMED,2026-09-26,Healthcare,,17479.0,54.6,,11.07360248400786,8.752628943415123,5.633986928104576,,9.02,8.106708106708107,12.5,,23.0,15.673510265398097,4.930644754392399,,15.265535845522127,,13.246587005601441,0.11397295556986478,,,,0.2,,,,62.42,
POLYPLEX,2026-09-26,,,3410.0,22.0,,0.36592124363041517,0.44862518089725034,0.8038490007401925,,0.54,3.0665163472378807,0.89,,8.0,3.5784765162478624,60.12222679867219,,-22.86676662716379,,6.4182143002230685,0.2205188679245283,,,,0.28,,,,26.72,
POLYSPIN,2026-09-26,,,29.0,5.12,,,0.13063063063063063,0.4166666666666667,,8.29,3.6809815950920246,7.63,,4.6,2.7027027027027026,,,-9.29795017531121,,3.1970307479940896,1.0142857142857142,,,,0.0,,,,47.03,
PONNIERODE,2026-09-26,,,344.0,11.5,,6.298645823639186,0.7713004484304933,0.6051437216338881,,-2.14,7.515337423312883,7.27,,10.0,10.986547085201794,1.825789276298062,,11.082874541065557,,1.9414768347194133,0.0,,,,1.25,,,,47.34,
POONAWALLA,2026-09-26,Financial Services,,40644.0,51.6,,,,3.6377952755905514,,5.86,1.3057472790018583,7.51,,,,-24.424498565328058,,13.867910589603905,,,,,,,0.0,,,,59.02,
POWERGRID,2026-09-26,Power,,250651.0,15.8,,22.828016328621896,5.329258180426509,2.5,,15.3,5.394435885079783,9.1,,73.0,33.79754640358897,0.6921319738233178,,-1.1308730555085078,,0.8578912317729115,1.4734312496268434,,,,3.34,,,,51.34,
POWERICA,2026-09-26,,,7377.0,26.2,,,2.322732997481108,,,17.4,7.402696514881709,15.7,,12.0,9.162468513853904,-33.48967204615716,,33.68905994049876,,12.848573435636101,0.287292817679558,,,,0.0,,,,77.18,
POWERINDIA,2026-09-26,Capital Goods,,138330.0,116.0,,1.3133096710679104,15.098231827111984,26.7312661498708,,21.9,9.548322816340086,29.4,,16.0,12.551844575420215,88.3264644702382,,39.99872663089512,,20.49505877144324,0.01661514683153014,,,,0.03,,,,71.31,
POWERMECH,2026-09-26,Construction,,7611.0,19.4,,1.1841097095350928,1.1907071339173967,3.0200752823086576,,15.4,7.514761137949543,21.7,,11.0,6.570713391739674,16.383617027865483,,21.219795760854176,,14.962116682455818,0.2635966653433902,,,,0.06,,,,58.41,
PPLPHARMA,2026-09-26,Healthcare,,28000.0,,,,3.041825095057034,3.420195439739414,,-3.83,-1.783381609587096,2.52,,11.0,-3.411189570885388,,,,,4.051783214739957,0.6952952707669688,,,,0.07,,,,34.8,
PRABHA,2026-09-26,,,3604.0,3276.0,,,541.1411411411411,7.8040540540540535,,-0.15,0.1639843852036744,-0.09,,-1.2,16.966966966966964,,,,,33.64621860176038,0.37625722110980686,,,,0.0,,,,74.94,
PRAENG,2026-09-26,,,166.0,,,,5.724137931034483,0.3464912280701754,,-3.86,-2.2388059701492535,-2.62,,-68.0,-62.06896551724138,,,,,-20.168483238393787,0.34309623430962344,,,,0.0,,,,36.8,
PRAJIND,2026-09-26,Capital Goods,,5807.0,115.0,,,1.7900739827373613,4.438202247191011,,1.48,0.981675392670157,6.12,,4.6,0.9247842170160296,-52.62093439587813,,-27.486626694783787,,-2.182304038501004,0.13216195569136746,,,,1.14,,,,32.81,
PRAKASH,2026-09-26,,,2128.0,5.51,,,0.7250425894378194,0.6839080459770115,,14.1,9.915232468533265,,,20.0,13.151618398637138,,,,,,0.2989766081871345,,,,1.52,,,,44.38,
PRAKASHSTL,2026-09-26,,,63.4,,,,0.11221238938053098,0.5736925515055468,,-45.1,-17.706237424547282,-10.6,,-7.0,-15.575221238938052,,,,,,1.8288288288288288,,,,0.0,,,,33.56,
PRAVEG,2026-09-26,,,678.0,,,,2.7338709677419355,1.505813953488372,,-2.51,-2.3743016759776534,1.72,,22.0,-6.854838709677419,,,,,39.172881070794176,0.37861915367483295,,,,0.19,,,,46.19,
PRAXIS,2026-09-26,,,86.8,,,,0.8767676767676768,-1.125301204819277,,,-31.770833333333332,-23.4,,-26.0,-61.61616161616161,,,,,-23.36905676064469,-2.4545454545454546,,,,0.0,,,,7.23,
PRECAM,2026-09-26,,,1146.0,36.4,,77.71286602917094,1.4960835509138382,1.375,,3.03,3.9122137404580157,7.28,,8.0,5.352480417754569,0.4683909095095862,,-2.292841882429242,,-9.428818158628971,0.0645933014354067,,,,0.83,,,,65.37,
PRECOT,2026-09-26,,,769.0,15.0,,0.3331635688918004,0.8313513513513513,1.598503740648379,,7.71,5.472103004291846,11.1,,14.0,5.513513513513513,45.022929877640564,,-13.460359639047702,,3.224291885373143,0.7214137214137214,,,,0.62,,,,61.51,
PRECWIRE,2026-09-26,,,9188.0,542.0,,,10.899169632265718,44.91071428571429,,8.88,4.761904761904762,16.9,,6.0,2.0166073546856467,,,,,,0.14358974358974358,,,,0.25,,,,56.61,
PREMCO,2026-09-26,,,131.0,48.6,,,1.5658618216590965,1.299342105263158,,0.7,1.8292214280224421,4.38,,4.55,2.8448481950753046,-38.55275187705184,,-32.17139049950431,,-5.098159916832811,0.1779990044798407,,,,2.02,,,,66.98,
PREMEXPLN,2026-09-26,,,3658.0,106.0,,18.477476156270747,10.48137535816619,12.639405204460967,,18.8,7.039337474120083,23.0,,7.0,9.742120343839542,5.736714208343141,,44.467637382564206,,8.663954951904174,0.11072664359861592,,,,0.07,,,,41.33,
PREMIERENE,2026-09-26,Capital Goods,,40692.0,24.4,,0.39915162203871957,4.806520198440822,9.421661409043113,,41.0,15.44280442804428,32.7,,30.0,19.773210489014883,61.129652625169804,,,,39.122885163450086,0.8606918969120038,,,,0.11,,,,58.48,
PREMIERPOL,2026-09-26,,,999.0,28.6,,1.4863851068208187,3.1024844720496896,6.814285714285715,,24.0,17.5,28.9,,16.0,10.869565217391305,19.241312274159974,,29.13759785749237,,7.527290514768614,0.12837837837837837,,,,0.16,,,,71.09,
PRESTIGE,2026-09-26,Realty,,63653.0,55.9,,,4.8765034857887075,3.9100529100529102,,7.53,1.737518027607994,10.4,,28.0,9.691258714471768,-8.280512145626629,,-1.6127038408088934,,18.33589437947756,1.085171756897929,,,,0.14,,,,60.95,
PRICOLLTD,2026-09-26,Automobile and Auto Components,,9256.0,34.6,,1.4430722032458776,2.1773700305810397,7.368932038834951,,21.8,10.828282828282829,24.5,,12.0,6.304398964949423,23.976624261887114,,39.31639926774611,,23.22370403748357,0.30199203187250995,,,,0.26,,,,38.51,
PRIMESECU,2026-09-26,,,1026.0,60.1,,,8.208,3.994708994708995,,4.09,1.7361111111111112,8.25,,10.0,4.0,-36.928773146946426,,-23.801520259820165,,23.10576844950678,0.0078125,,,,0.5,,,,,
PRIMO,2026-09-26,,,613.0,39.2,,,1.0946428571428573,1.505952380952381,,3.78,2.312138728323699,6.4,,12.0,2.857142857142857,,,-23.24534816116346,,12.624788044360603,0.3226600985221675,,,,0.0,,,,32.4,
PRINCEPIPE,2026-09-26,,,2894.0,27.8,,,1.1016368481157213,1.7583892617449663,,4.6,4.207920792079208,6.03,,10.0,3.8827559954320514,-17.620678766576738,,-16.36799260739036,,0.7469690845912202,0.08814589665653495,,,,0.38,,,,60.95,
PRISMX,2026-09-26,,,22.8,4.6,,,3.897435897435898,0.2988505747126437,,5.79,6.483660130718954,2.73,,-22.05,84.7863247863248,,,61.53942662021781,,-22.831068405332754,0.0009162303664921466,,,,0.0,,,,1.29,
PRIVISCL,2026-09-26,Chemicals,,14040.0,40.1,,0.7360645382815822,5.2564582553350805,9.955678670360111,,26.0,10.788643533123029,22.3,,25.0,12.804193186072633,54.478918511164174,,29.139988073515212,,15.092386478681608,0.7230878186968839,,,,0.28,,,,60.6,
PROSTARM,2026-09-26,,,831.0,23.3,,6.360574081703875,2.041769041769042,2.895277207392197,,16.9,6.70391061452514,18.0,,12.0,8.845208845208845,3.66319135673967,,-13.536060816538631,,16.410342700089807,0.3240418118466899,,,,0.0,,,,72.83,
PROTEAN,2026-09-26,,,2817.0,32.8,,,2.713872832369942,2.607547169811321,,10.0,5.630936227951153,12.7,,11.0,7.996146435452794,-5.431763747131535,,-10.666370218740928,,5.578686856807247,0.08070500927643785,,,,1.45,,,,,
PROZONER,2026-09-26,,,866.0,,,,6.23021582733813,1.899665551839465,,2.22,1.0578279266572637,6.05,,23.0,10.79136690647482,35.72088082974532,,,,-9.089434913340211,1.4442013129102844,,,,0.0,,,,53.63,
PRSMJOHNSN,2026-09-26,Construction Materials,,5855.0,49.9,,,0.7750860471273497,3.8157894736842106,,-5.41,2.0185488270594654,5.92,,10.0,1.9592268996558113,-1.218490593073407,,13.776250469144792,,0.5667739739271482,1.0975130890052356,,,,0.0,,,,74.87,
PRUDENT,2026-09-26,Financial Services,,12827.0,52.4,,2.509460813792217,9.355944566010212,14.544600938967136,,28.6,20.032706459525755,37.5,,24.0,17.87016776075857,20.880979576172297,,24.994044793420024,,18.543898756615995,0.03850509626274066,,,,0.11,,,,55.31,
PSB,2026-09-26,,,15483.0,11.2,,0.36876196986633325,,1.058252427184466,,9.62,0.7720198583142746,5.95,,,,30.371895464328148,,4.970831195077574,,,,,,,1.79,,,,93.85,
PSPPROJECT,2026-09-26,,,3198.0,43.6,,,0.917910447761194,2.529780564263323,,4.55,2.3632243444480414,7.88,,6.0,2.095292766934558,-18.444638124895462,,-16.73209314907026,,11.608951074720796,0.2610759493670886,,,,0.0,,,,68.82,
PTC,2026-09-26,Power,,4591.0,8.98,,4.144623383960462,0.2618192187054463,0.7673267326732673,,10.2,4.647296334415327,13.4,,4.2,3.347590533219276,2.1666624848839744,,0.09339264474643727,,1.5121458601068172,0.2957699381374352,,,,14.8,,,,16.22,
PTCIL,2026-09-26,Capital Goods,,32699.0,260.0,,6.185692956918447,46.913916786226686,21.70149253731343,,7.16,6.441717791411043,8.59,,25.0,18.077474892395983,42.03247749457084,,53.6598129717746,,39.45472007234243,0.17319177173191772,,,,0.0,,,,59.72,
PTL,2026-09-26,,,506.0,11.1,,0.28702748358680247,1.1244444444444444,0.6496598639455783,,9.74,4.440154440154441,14.1,,19.0,10.222222222222223,38.672254870126935,,23.445550092271294,,20.37351319544982,0.08740359897172237,,,,6.54,,,,69.82,
PUNJABCHEM,2026-09-26,,,1321.0,19.7,,2.870188323933957,1.2485822306238186,3.1246376811594203,,16.6,7.897934386391252,18.6,,12.0,6.143667296786389,6.863661117887432,,-4.760758538113674,,4.242846961975277,0.3640661938534279,,,,0.28,,,,39.24,
PURVA,2026-09-26,Realty,,5072.0,31.6,,0.5633280315099294,1.2480314960629921,2.838196286472148,,3.54,0.8755653484866056,11.2,,20.0,3.7155511811023625,56.09520249738009,,1.709063802937938,,22.97988596139291,3.129194630872483,,,,0.0,,,,75.0,
PVP,2026-09-26,,,1613.0,106.0,,,13.669491525423728,7.386634844868734,,-2.24,0.1277139208173691,6.37,,23.0,0.847457627118644,-57.920444829762296,,,,145.2434065762008,1.1788990825688073,,,,0.0,,,,61.3,
PVRINOX,2026-09-26,Media Entertainment & Publication,,12320.0,38.8,,,1.8006430868167203,1.6711051930758989,,4.92,2.8439661798616447,6.79,,32.0,6.4893306050862325,,,,,3.860812708724226,0.9188126863648686,,,,0.0,,,,27.53,
PVSL,2026-09-26,,,703.0,,,,0.10100574712643678,1.119047619047619,,-8.28,-0.0837871805613741,4.27,,3.0,-0.028735632183908046,,,,,7.413956439917002,2.238853503184713,,,,0.0,,,,61.38,
PWL,2026-09-26,Consumer Services,,39032.0,639.0,,,9.506088650754993,10.387596899224805,,-0.63,0.19488112251526568,3.99,,9.0,0.3653190452995616,,,-60.879128961294924,,28.39232746118414,0.5074384636191507,,,,0.0,,,,71.27,
PYRAMID,2026-09-26,,,597.0,19.0,,8.610568929124572,0.8067567567567567,2.154255319148936,,11.0,5.88235294117647,12.3,,9.0,4.1891891891891895,2.20659054661696,,-33.77199783449045,,11.628056231302963,0.6642599277978339,,,,0.31,,,,74.94,
QPOWER,2026-09-26,Capital Goods,,11754.0,88.2,,1.7955782246236103,11.718843469591226,21.685714285714287,,25.1,17.535971223021583,31.5,,19.0,19.441674975074775,49.120666975390904,,-82.67104316586536,,49.198570931563964,0.07380073800738007,,,,0.07,,,,73.91,
QUADFUTURE,2026-09-26,,,2190.0,,,,13.272727272727273,8.496124031007753,,-15.4,-12.149532710280374,-15.5,,-20.0,-23.636363636363637,,,,,2.999630243058826,0.09302325581395349,,,,0.0,,,,70.0,
QUESS,2026-09-26,Services,,5093.0,19.7,,,0.32162930217871805,4.366197183098592,,21.3,8.32510694307338,24.0,,2.1,1.5977265550994633,-3.296500541653802,,0.7494191209374446,,4.958756569074119,0.10634648370497427,,,,2.35,,,,56.82,
QUINT,2026-09-26,,,398.0,,,,3.685185185185185,2.4463768115942033,,-2.47,6.319702602230483,-0.91,,-8.0,31.48148148148148,-24.520839028201426,,,,17.840146380897437,0.40923076923076923,,,,0.0,,,,62.57,
RACE,2026-09-26,,,203.0,27.1,,0.40586712696272853,0.3108728943338438,2.744186046511628,,9.28,3.7037037037037033,11.1,,2.3,1.2251148545176112,66.77062072703572,,,,23.46046323911033,1.2162162162162162,,,,0.0,,,,44.79,
RACLGEAR,2026-09-26,,,1988.0,40.0,,8.316591653817186,3.8084291187739465,5.638795986622074,,17.0,7.132667617689016,16.9,,22.0,9.578544061302683,4.809662619619015,,13.658571672755947,,8.383261410444764,0.6704545454545454,,,,0.09,,,,42.7,
RADAAN,2026-09-26,,,16.2,,,,2.4508320726172466,-1.0,,,-49.01960784313725,-38.0,,-48.87,-56.732223903177,,,,,-32.32885346622455,-0.903205918618989,,,,0.0,,,,51.42,
RADHIKAJWE,2026-09-26,,,825.0,10.4,,0.6090195660644049,1.1904761904761905,2.0741839762611276,,20.7,16.458333333333332,25.0,,16.0,11.3997113997114,17.07662705683939,,24.098028718075383,,8.403867899580074,0.1457286432160804,,,,0.0,,,,57.68,
RADIANTCMS,2026-09-26,,,381.0,12.0,,,0.8758620689655172,1.367816091954023,,12.5,5.31496062992126,13.1,,10.0,6.206896551724138,-11.139019191747057,,,,4.06403247256073,0.697841726618705,,,,7.01,,,,56.95,
RADICO,2026-09-26,Fast Moving Consumer Goods,,61060.0,85.9,,2.2092974281862126,9.804110468850354,18.375,,20.3,14.094094094094094,24.2,,18.0,11.30378933847142,38.881138820010364,,21.68368044978266,,14.897316686421224,0.15018094089264172,,,,0.2,,,,40.19,
RADIOCITY,2026-09-26,,,209.0,4.46,,,1.0398009950248757,,,139.0,11.959287531806616,21.7,,31.0,23.383084577114428,,,,,,5.140350877192983,,,,0.0,,,,74.05,
RAILTEL,2026-09-26,Telecommunication,,8349.0,44.5,,3.0389852283606666,3.7523595505617977,4.8417132216014895,,12.0,6.056338028169014,16.2,,16.0,9.662921348314606,14.643045838036151,,9.65355933433849,,17.31681553507729,0.027858386535113175,,,,1.25,,,,72.84,
RAIN,2026-09-26,Chemicals,,7378.0,13.7,,,0.39958838821490467,0.9201680672268907,,0.6,2.9299363057324843,8.26,,15.0,3.6124350086655115,,,-1.53017562322606,,0.5900110948106052,1.3503877908431323,,,,0.46,,,,41.35,
RAINBOW,2026-09-26,Healthcare,,13957.0,48.7,,5.105703302450806,7.668681318681319,8.481481481481481,,15.9,10.45045045045045,17.4,,32.0,15.934065934065933,9.538352919297788,,13.835520338140572,,11.95507983098787,0.5403274711946634,,,,0.25,,,,49.84,
RAJMET,2026-09-26,,,86.0,41.1,,,0.35684647302904565,1.5245098039215685,,-0.21,1.680672268907563,4.87,,2.3,0.8298755186721992,-49.69878791518209,,-27.929238996486283,,-41.63244862503419,0.22807017543859648,,,,0.0,,,,31.61,
RAJPALAYAM,2026-09-26,,,702.0,5.7,,0.13975364176633864,0.6916256157635468,0.2894037219901253,,4.79,3.3324375167965603,1.81,,13.0,12.216748768472907,40.78605700687304,,-5.808099748006379,,5.720114820709221,0.471993410214168,,,,0.07,,,,56.28,
RAJRATAN,2026-09-26,,,2399.0,30.1,,8.591136599566791,1.953583061889251,3.6875,,11.5,6.9025021570319245,13.2,,12.0,6.514657980456026,3.5036109193651743,,-8.519857657952967,,11.327584637364385,0.49846153846153846,,,,0.42,,,,65.2,
RAJSREESUG,2026-09-26,,,105.0,4.0,,,0.19021739130434784,0.6809421841541755,,22.3,3.552631578947368,11.0,,6.0,4.891304347826087,,,32.34653749096032,,-8.091327712218888,3.49618320610687,,,,0.0,,,,40.71,
RAJTV,2026-09-26,,,55.9,,,,0.8167738164815898,0.45,,0.43,-0.33397785199507823,2.56,,3.48,-0.8328462887200467,,,,,-13.693962097662826,0.17985842985842987,,,,0.0,,,,70.96,
RALLIS,2026-09-26,Chemicals,,3897.0,24.7,,13.400859386616979,1.4965437788018434,2.293577981651376,,9.61,5.7382785164450665,12.8,,11.0,6.29800307219662,1.843165373757083,,-11.216920823235977,,9.487978497197226,0.05483490566037736,,,,1.5,,,,55.08,
RAMANEWS,2026-09-26,,,459.0,,,,13.909090909090908,-5.553571428571429,,,-14.838709677419354,0.93,,-4.6,-209.0909090909091,,,,,-11.119730938306837,-4.585365853658536,,,,0.0,,,,74.76,
RAMAPHO,2026-09-26,,,433.0,8.05,,,0.4665948275862069,1.0252100840336134,,13.2,7.510431154381085,15.4,,10.0,5.818965517241379,,,-5.165754027962343,,15.45432894131884,0.32860520094562645,,,,0.61,,,,75.0,
RAMBHAJO,2026-09-26,,,1311.0,35.8,,,7.850299401197605,,,45.6,19.767441860465116,32.2,,30.0,20.35928143712575,-89.88895031232104,,,,52.5947309208016,0.7849462365591398,,,,0.0,,,,69.88,
RAMCOCEM,2026-09-26,Construction Materials,,20500.0,108.0,,5.032535707803616,2.221499783268314,2.5306122448979593,,0.38,3.8787660111852786,6.13,,15.0,6.98959687906372,21.460354435743323,,-6.058186282597777,,-0.5289591421931972,0.47825549789967875,,,,0.29,,,,42.55,
RAMCOIND,2026-09-26,,,2778.0,8.83,,0.1931764721867222,1.4831820608649227,0.6142034548944337,,6.75,6.570223025919228,4.57,,14.0,17.458622530699415,45.70950023077873,,1.5155899439097453,,7.659500795247509,0.037815126050420166,,,,0.39,,,,54.84,
RAMCOSYS,2026-09-26,,,2183.0,34.7,,,3.066011235955056,6.209850107066381,,18.1,5.6375838926174495,19.7,,22.0,5.8988764044943816,,,,,10.61943004810364,0.12285714285714286,,,,0.0,,,,55.51,
RAMKY,2026-09-26,,,2160.0,11.6,,,1.1145510835913313,1.0,,11.1,5.940834141610087,13.7,,9.0,12.64189886480908,-8.468134530563255,,58.49861371716085,,-3.5653736809529324,0.27335800185013875,,,,0.32,,,,69.81,
RAMRAT,2026-09-26,,,5321.0,41.1,,1.4319340295103307,0.8799404663469489,9.178743961352657,,20.6,6.41925777331996,23.6,,5.0,2.1167521084835457,28.70243960474541,,18.023642883168044,,26.559739356896838,1.1637931034482758,,,,0.44,,,,69.3,
RANASUG,2026-09-26,,,221.0,,,,0.13178294573643412,0.3870967741935484,,-4.09,0.4552352048558422,3.29,,1.4,0.35778175313059035,-40.675046992334615,,-41.507777587581366,,1.7276695775573003,0.6101398601398601,,,,0.0,,,,22.64,
RANEHOLDIN,2026-09-26,,,2257.0,28.6,,,0.36824930657529775,1.9566831683168318,,7.0,3.34290937581614,9.52,,6.0,2.088432044379181,-11.963672907185197,,28.458317141504175,,20.066328764197074,0.8847487001733102,,,,2.97,,,,46.64,
RATEGAIN,2026-09-26,Information Technology,,9812.0,37.5,,2.03631664206244,4.200342465753424,4.870588235294117,,11.9,7.069821793748174,13.9,,20.0,10.35958904109589,18.41560355859928,,92.26023603011086,,34.64398813229743,0.47308075772681957,,,,0.0,,,,48.78,
RATNAMANI,2026-09-26,Capital Goods,,19474.0,44.4,,,4.514140009272137,4.7406143344709895,,12.6,9.545032497678738,17.9,,17.0,11.914696337505795,-11.421869508811412,,6.052081624253036,,-5.171585988946836,0.07735344198491852,,,,0.36,,,,59.77,
RATNAVEER,2026-09-26,,,2803.0,4.6,,,0.2622812763170207,0.39856801909307876,,11.6,5.096702599873177,11.9,,10.0,6.016655749976607,,,,,,0.5005229344090841,,,,0.0,,,,38.71,
RAYMOND,2026-09-26,,,7967.0,47.4,,,3.4744875708678586,2.80327868852459,,168.0,1.351922264469793,3.14,,11.0,2.791103358046228,-71.70608778237428,,-32.27361346246062,,33.075182821209225,0.3709563994374121,,,,0.0,,,,48.87,
RAYMONDLSL,2026-09-26,Textiles,,4189.0,28.1,,,0.6007457335436684,0.43489254108723135,,1.14,0.30749427917620137,3.52,,10.0,0.6166642764950523,,,,,2.185990219870404,0.22685761726857617,,,,0.15,,,,59.61,
RAYMONDREL,2026-09-26,,,4735.0,15.7,,,1.5094038890659867,3.025531914893617,,36.3,4.276408949306146,29.6,,15.0,9.627032196365954,,,,,914.9962117087584,0.6466836734693877,,,,0.28,,,,50.93,
RBA,2026-09-26,Consumer Services,,6587.0,,,,2.2343962008141114,7.459677419354838,,-22.7,-5.677114133648729,-0.47,,12.0,-6.512890094979647,,,,,6.550947660426276,2.7281553398058254,,,,0.0,,,,9.22,
RBLBANK,2026-09-26,Financial Services,,64401.0,71.6,,,,1.5313653136531364,,5.43,0.4973803161324946,5.81,,,,-16.113826197698135,,,,,,,,,0.24,,,,60.0,
RBZJEWEL,2026-09-26,,,723.0,12.8,,0.3361332421725382,1.0601173020527859,2.4133333333333336,,20.1,11.728395061728394,22.0,,14.0,8.357771260997067,38.080137261252254,,-16.99815667599667,,27.765090621542843,0.5666666666666667,,,,0.0,,,,75.0,
RCF,2026-09-26,Chemicals,,5990.0,14.4,,0.5618240922304939,0.32040652580903983,1.1745689655172413,,7.84,2.674884806414936,10.4,,5.0,2.3910136400106983,25.630798321287116,,-8.667778006796134,,3.257293111570636,0.8059351815696993,,,,2.16,,,,75.0,
RECLTD,2026-09-26,Financial Services,,82407.0,5.13,,1.2013338214102414,,0.9750778816199377,,20.1,2.5048503650661242,9.71,,,,4.27025353700432,,9.82865592558202,,,,,,,5.93,,,,52.63,
REDINGTON,2026-09-26,Services,,31838.0,17.7,,1.505611640672551,0.2484761927060164,3.1307692307692307,,16.9,4.44779383515087,18.4,,2.0,1.1745608079105305,11.756019628071869,,5.844671340259988,,12.77044481700711,0.2797244094488189,,,,1.47,,,,,
REDTAPE,2026-09-26,Consumer Durables,,6692.0,27.2,,2.3178250025831106,2.7471264367816093,6.54054054054054,,26.6,10.667823070251519,24.5,,17.0,10.098522167487685,11.735139611354107,,,,9.744807969518622,0.7045009784735812,,,,1.65,,,,71.83,
REFEX,2026-09-26,Utilities,,3922.0,13.8,,0.4497598163061384,1.3804998240056319,2.6,,17.8,8.723179739711572,22.7,,15.0,8.729320661738825,30.683043481605175,,35.932340145917976,,27.120722105868666,0.14960106382978725,,,,0.52,,,,56.57,
REGAAL,2026-09-26,,,927.0,14.3,,,0.8504587155963302,1.8907563025210083,,16.5,4.487658937920718,12.0,,12.0,5.5045871559633035,-36.80459157989279,,-27.219926735528244,,22.01833162381932,1.2556237218813906,,,,0.28,,,,71.32,
REGENCERAM,2026-09-26,,,88.3,,,,1.766,-1.050314465408805,,,-19.834710743801654,-116.0,,-69.0,-48.0,,,,,192.4017738212866,-1.2976190476190477,,,,0.0,,,,60.43,
RELAXO,2026-09-26,Consumer Durables,,7393.0,39.9,,,2.68543407192154,3.3521444695259595,,8.33,6.273312987453374,11.2,,14.0,6.719941881583727,-2.548888379412728,,-4.441586153958288,,-1.8766828932956559,0.1056210335448776,,,,1.18,,,,71.27,
RELCHEMQ,2026-09-26,,,89.2,16.0,,0.7938139153661553,0.2423913043478261,0.6243386243386243,,3.53,1.171875,7.27,,11.0,1.6304347826086956,20.15585729889835,,-21.008905123545894,,0.18181858215711166,1.8741258741258742,,,,0.42,,,,67.69,
RELIABLE,2026-09-26,,,152.0,16.6,,0.7646681357348967,0.7414634146341463,2.138728323699422,,10.9,4.918032786885246,11.1,,9.0,4.390243902439024,21.708763873162184,,21.108025331074366,,37.417567496372286,0.647887323943662,,,,0.03,,,,67.79,
RELIANCE,2026-09-26,Oil Gas & Consumable Fuels,,1659089.0,22.2,,9.307556821806173,1.4772998651001064,1.8353293413173652,,8.91,4.048915614182203,10.3,,16.0,7.850639550155602,2.385158686110711,,4.238479198937539,,7.697885342491251,0.44573963253431853,,,,0.49,,,,50.48,
RELIGARE,2026-09-26,Financial Services,,8352.0,169.0,,,0.9327674782220237,2.768878718535469,,3.18,0.12408658486143666,3.5,,0.7,0.20102747375474647,-40.196846973516486,,,,12.63557138353011,0.16953232462173315,,,,0.0,,,,30.55,
RELTD,2026-09-26,,,2954.0,49.5,,,5.896207584830339,6.995305164319249,,21.2,5.3097345132743365,15.9,,28.0,11.976047904191617,,,6.567426018348277,,56.382737078397625,1.1867612293144207,,,,0.0,,,,58.26,
REMSONSIND,2026-09-26,,,407.0,22.9,,2.5177794852731963,0.8323108384458078,2.740046838407494,,13.5,5.263157894736842,15.5,,10.0,3.885480572597137,9.095315985353336,,21.542457716175644,,16.158614080083833,0.6577181208053692,,,,0.26,,,,62.83,
RENUKA,2026-09-26,Fast Moving Consumer Goods,,4962.0,,,,0.5298451681793913,-1.8492063492063493,,,-10.529157667386608,-3.06,,0.3,-8.32888414308596,,,,,-6.124171054043137,-2.6798655211057154,,,,0.0,,,,62.48,
REPCOHOME,2026-09-26,,,2175.0,4.51,,0.8565890316586133,,0.5386996904024768,,12.4,2.931160301629774,10.1,,,,5.265068584017807,,19.943198102244295,,,,,,,2.16,,,,37.13,
REPRO,2026-09-26,,,414.0,,,,0.8007736943907157,1.180327868852459,,-4.42,15.654952076677317,1.21,,6.0,18.95551257253385,101.07555474776278,,,,2.5773975503200486,0.5329512893982808,,,,0.0,,,,46.71,
RESPONIND,2026-09-26,,,4299.0,42.2,,,3.4447115384615383,2.752136752136752,,10.3,5.450620615218565,10.8,,15.0,8.092948717948719,-14.360115285937813,,,,4.71165257677757,0.12508017960230916,,,,0.06,,,,59.14,
RETAIL,2026-09-26,,,16.5,,,,0.9763313609467457,0.6463022508038585,,-1.18,-0.48465266558966075,,,-16.15,-1.0650887573964496,,,,,,0.3986671893375147,,,,0.0,,,,44.52,
RGL,2026-09-26,,,1799.0,16.5,,1.5712775687227127,0.5873326803787137,1.1843971631205674,,6.91,4.5171985080812265,8.31,,7.0,3.558602677113941,10.501009069589662,,-1.9477375329986946,,13.28197717452888,0.4250663129973475,,,,0.0,,,,61.95,
RHETAN,2026-09-26,,,1209.0,95.2,,1.8900341738282034,52.56521739130435,11.176470588235293,,10.2,7.878787878787878,11.0,,23.0,56.52173913043478,50.36945962049748,,27.730844458753978,,-29.269809715907424,0.3853211009174312,,,,0.0,,,,62.11,
RHIM,2026-09-26,Capital Goods,,7980.0,42.6,,,1.958762886597938,2.244186046511628,,2.83,-7.323127844435251,6.46,,12.0,-8.689248895434462,,,,,2.519099412657888,0.12580735748385286,,,,0.65,,,,56.07,
RHL,2026-09-26,,,296.0,11.1,,0.14204862198746981,1.9865771812080537,0.3986013986013986,,3.46,2.915766738660907,5.71,,34.0,18.120805369127517,78.14225752206971,,,,6.891247567463332,0.20485175202156333,,,,0.0,,,,65.63,
RICOAUTO,2026-09-26,,,1789.0,50.0,,,0.665303086649312,2.2916666666666665,,7.69,1.4939309056956116,9.15,,8.0,1.190033469691335,-7.359968469927358,,5.154749679728043,,7.575246611700814,0.9333333333333333,,,,0.42,,,,50.33,
RIIL,2026-09-26,,,1049.0,86.5,,,24.976190476190474,2.213375796178344,,2.65,2.2641509433962264,3.01,,-21.0,28.57142857142857,-3.079498338866893,,7.745237500205859,,-10.200531621108656,-0.0,,,,0.5,,,,45.43,
RIR,2026-09-26,,,1496.0,210.0,,40.72964561788685,16.46307912402333,10.742857142857142,,5.61,3.6577490774907746,7.93,,11.22,8.726752503576538,5.155949599222054,,39.39566877351219,,16.594893148518473,0.09944078004014913,,,,0.05,,,,58.61,
RISHABH,2026-09-26,,,2754.0,34.1,,1.288947868426303,3.5172413793103448,3.6891191709844557,,12.0,8.183632734530939,14.5,,17.0,10.472541507024266,26.4556859399079,,-8.19099518873536,,4.304782971943899,0.1087248322147651,,,,0.28,,,,69.4,
RITCO,2026-09-26,,,818.0,25.7,,,0.5417218543046357,2.251968503937008,,10.5,3.0162412993039442,10.2,,6.0,1.7218543046357615,-6.185833575420919,,,,17.49221430624468,1.2986301369863014,,,,0.0,,,,62.69,
RITES,2026-09-26,Construction,,9579.0,23.0,,,3.8970707892595606,3.566308243727599,,15.4,7.774030354131535,23.0,,23.0,18.755085435313262,-2.933302610870059,,-4.191737722053035,,0.06789790244685623,0.002609992542878449,,,,3.99,,,,72.2,
RKDL,2026-09-26,,,44.6,35.7,,,2.247983870967742,1.062857142857143,,2.88,0.1355115561243695,1.56,,-6.25,0.9072580645161289,,,,,-7.941243868888548,1.0918173168411036,,,,0.0,,,,23.62,
RKEC,2026-09-26,,,62.6,,,,0.5173553719008265,0.41396933560477,,-19.4,-9.96376811594203,-5.53,,-41.0,-45.45454545454545,,,,,-29.815839638750862,1.4023668639053255,,,,0.0,,,,57.74,
RKFORGE,2026-09-26,Automobile and Auto Components,,13073.0,114.0,,,2.9443693693693693,3.889502762430939,,2.51,1.4939960904775202,5.6,,16.0,2.40990990990991,-28.534912703002913,,-13.807044812712698,,6.218032493747039,0.7443768996960486,,,,0.14,,,,43.39,
RKSWAMY,2026-09-26,,,457.0,18.7,,,1.3170028818443804,1.7323135755258126,,9.48,5.373831775700935,12.3,,13.0,6.628242074927954,-16.999776759539877,,,,1.4838957161231514,0.16287878787878787,,,,2.21,,,,69.61,
RMC,2026-09-26,,,233.0,11.5,,0.5048398307538842,0.5796019900497512,1.7886178861788617,,18.8,5.994550408719346,22.0,,12.0,5.472636815920398,22.779502130065477,,50.093034231562015,,47.60645384196209,0.8015267175572519,,,,0.0,,,,51.97,
RML,2026-09-26,,,3654.0,30.2,,3.530709355671464,0.908051689860835,4.860294117647059,,15.4,4.7203490678302265,14.0,,9.0,2.957256461232604,8.55352195770207,,45.74266759540968,,5.132056593438028,1.0013315579227697,,,,1.21,,,,70.45,
RNBDENIMS,2026-09-26,,,244.0,11.7,,3.141523463571232,0.505175983436853,1.2199730094466936,,9.9,5.8988764044943816,11.4,,8.0,4.3478260869565215,3.724307692007378,,-5.093021979413182,,11.439862594556116,0.37,,,,0.0,,,,57.38,
ROHLTD,2026-09-26,,,846.0,31.7,,,2.0484261501210654,3.283740701381509,,12.7,2.783109404990403,10.8,,23.0,7.021791767554479,-17.05256352430471,,-1.185576991267956,,11.995586155825677,2.4844961240310077,,,,0.81,,,,64.07,
ROLEXRINGS,2026-09-26,,,5125.0,26.5,,,4.4333910034602075,4.37219730941704,,15.6,11.086797957695113,21.1,,21.0,13.148788927335639,-0.880327370742573,,2.8863516607341877,,-1.833748112982747,0.0,,,,0.0,,,,52.24,
ROML,2026-09-26,,,68.4,15.7,,0.42636313735981,0.4470588235294118,59.44444444444444,,,9.30232558139535,19.2,,4.4,2.6143790849673203,36.8230708152208,,10.908982403443112,,6.969624824787268,13.0,,,,0.0,,,,70.31,
ROSSARI,2026-09-26,,,2461.0,16.3,,3.407851683581984,0.9650980392156863,1.842323651452282,,10.8,6.640281442392261,13.3,,12.0,5.921568627450981,4.78307200942123,,8.939882137980181,,11.673624534583848,0.32708177044261066,,,,0.11,,,,68.14,
ROSSELLIND,2026-09-26,,,195.0,13.6,,,0.5256064690026954,0.6556543837357052,,4.5,2.4475524475524475,6.38,,10.0,3.7735849056603774,-23.44546547480506,,120.75655334885194,,7.45688339280921,0.6531986531986532,,,,0.77,,,,74.8,
ROSSTECH,2026-09-26,,,5288.0,200.0,,,9.579710144927537,34.13625304136253,,15.7,4.120443740095087,11.5,,13.0,4.710144927536232,-85.510627127202,,,,36.50852727691913,2.638709677419355,,,,0.02,,,,74.8,
ROTO,2026-09-26,,,1183.0,42.7,,,4.023809523809524,4.906249999999999,,10.7,8.092485549132949,15.2,,18.0,9.523809523809524,-10.925922498501128,,-1.6805432126360098,,2.376180472291556,0.13333333333333333,,,,0.3,,,,66.8,
ROUTE,2026-09-26,Telecommunication,,2917.0,8.24,,,0.6469283654912398,1.0522727272727272,,12.6,7.561597281223449,17.4,,12.0,5.921490352628077,-12.932945396390604,,8.386770005693634,,3.8747681827235647,0.01516245487364621,,,,2.38,,,,74.85,
RPEL,2026-09-26,,,7804.0,124.0,,3.636035632510582,27.286713286713287,31.894934333958727,,24.3,22.183098591549296,30.3,,30.0,22.02797202797203,34.10307613360253,,27.257055046619637,,29.07381028959466,0.02040816326530612,,,,0.06,,,,62.89,
RPGLIFE,2026-09-26,,,5045.0,43.2,,,6.8732970027247955,8.336065573770492,,19.3,15.132408575031524,25.7,,21.0,16.348773841961854,,,,,,0.03305785123966942,,,,0.79,,,,72.95,
RPOWER,2026-09-26,Power,,8507.0,2370.0,,,1.1062418725617684,0.5309278350515465,,-0.9,-0.7676845954520136,6.11,,31.0,-4.1222366710013,,,,,-0.8647561942194515,0.9234413965087281,,,,0.0,,,,24.98,
RPPINFRA,2026-09-26,,,266.0,128.0,,,0.1784037558685446,0.4962962962962963,,1.74,0.3864734299516908,4.94,,0.1,0.2682763246143528,-61.80915084192564,,-10.466556899264601,,3.2903975468494995,0.19626168224299065,,,,0.93,,,,39.18,
RPSGVENT,2026-09-26,,,2770.0,,,,0.23222669349429914,1.105680317040951,,-5.35,0.021369804466289135,10.6,,15.0,0.0335345405767941,,,,,14.476223090932638,3.2893056664006384,,,,0.0,,,,63.51,
RPTECH,2026-09-26,,,5930.0,18.6,,0.5959395546720355,0.3335770939978624,2.9087947882736156,,14.7,6.100994931481134,17.0,,2.9,1.8282049839680488,31.211219081163645,,,,17.01558871935709,0.4893827160493827,,,,0.22,,,,64.04,
RRECL,2026-09-26,,,325.0,,,,1.279527559055118,1.3015873015873016,,-4.54,-1.555104800540906,2.95,,5.0,-9.05511811023622,,,,,80.76808350644123,2.25,,,,0.0,,,,70.02,
RRIL,2026-09-26,,,194.0,21.6,,1.3916019871716332,1.515625,1.702127659574468,,7.91,5.844155844155844,9.79,,8.0,7.03125,15.521679473813489,,16.153616167554617,,10.449084766677075,0.15789473684210525,,,,0.0,,,,70.93,
RRKABEL,2026-09-26,Capital Goods,,28596.0,46.8,,1.7546685265697368,2.639955686853767,11.087719298245615,,21.3,13.157325254273966,28.1,,9.0,5.612998522895126,26.67170425145253,,-9.689079745873642,,17.986218977798796,0.13087378640776698,,,,0.38,,,,61.38,
RSL,2026-09-26,,,1533.0,26.1,,,1.4168207024029575,4.206896551724138,,19.2,9.833333333333332,25.3,,9.0,5.452865064695009,-5.69182341830885,,26.152173226522457,,5.940484835895976,0.18956043956043955,,,,0.27,,,,57.09,
RSSOFTWARE,2026-09-26,,,78.9,,,,3.430434782608696,2.7079646017699113,,-66.8,-57.14285714285714,-51.8,,-105.0,-139.1304347826087,,,,,-27.357263628905958,0.5172413793103449,,,,0.82,,,,40.88,
RSYSTEMS,2026-09-26,,,2792.0,13.3,,1.1900254202900042,1.2520179372197309,2.5458468176914777,,24.4,9.14691943127962,19.5,,17.0,8.654708520179371,11.176231846172534,,6.348476960170024,,9.791399058933582,0.3360655737704918,,,,2.55,,,,51.85,
RTNINDIA,2026-09-26,Consumer Services,,3727.0,,,,0.4842146290762635,4.856115107913669,,-19.6,-23.721436343852012,-4.76,,-8.0,-8.496816941665584,,,,,7.550835911474385,1.43359375,,,,0.0,,,,74.87,
RTNPOWER,2026-09-26,Power,,3759.0,33.7,,,1.2665094339622642,0.8101851851851851,,1.14,1.1546863622178298,6.21,,15.0,3.7398921832884096,-76.68516951901614,,,,-4.088804764078613,0.8001293661060802,,,,0.0,,,,44.06,
RTSPOWR,2026-09-26,,,95.9,36.0,,,0.6147435897435898,0.6521739130434783,,1.11,1.4084507042253522,3.52,,4.5,1.9230769230769231,-13.623587702012541,,11.013018167248688,,3.6729653706913057,0.20945945945945946,,,,0.0,,,,74.0,
RUBFILA,2026-09-26,,,344.0,13.4,,37.7608835494602,0.5820642978003384,1.085763293310463,,8.79,6.860158311345646,12.3,,7.0,4.39932318104907,0.35486457784941194,,-10.485732717752395,,7.9352266063792865,0.0032258064516129032,,,,3.16,,,,58.47,
RUBICON,2026-09-26,Healthcare,,27748.0,96.3,,2.211156008279847,14.332644628099173,21.45966709346991,,27.0,12.376450365277181,28.4,,23.0,14.87603305785124,43.55187948719905,,,,31.365854184460538,0.24127230411171452,,,,0.09,,,,59.76,
RUCHINFRA,2026-09-26,,,120.0,20.0,,,1.9258545979778525,0.5764439411098528,,1.64,1.8921297460397284,2.96,,39.05,9.661370566522226,-26.12183388091882,,-32.69423160050876,,-0.805340502962637,0.4088336850182237,,,,0.0,,,,53.7,
RUCHIRA,2026-09-26,,,313.0,9.4,,,0.4778625954198473,0.6325301204819277,,9.18,4.319371727748691,11.1,,10.0,5.038167938931298,-12.184941344975186,,-1.3585931027257914,,-0.15220723678014414,0.3696969696969697,,,,2.38,,,,68.67,
RUDRA,2026-09-26,,,195.0,12.4,,,0.3080568720379147,1.4057971014492752,,10.3,3.9408866995073892,11.9,,6.0,2.527646129541864,-8.99789931968451,,13.179836563100178,,4.480900962007661,0.9712230215827338,,,,0.0,,,,72.88,
RUPA,2026-09-26,,,1082.0,13.8,,5.475092466075801,0.8466353677621283,1.0149253731343284,,7.36,4.646840148698884,9.59,,9.0,5.868544600938967,2.520505376942239,,-17.089239065997518,,1.6436125042330163,0.24202626641651032,,,,2.2,,,,73.28,
RUSHIL,2026-09-26,,,472.0,20.7,,,0.5175438596491229,0.7252252252252254,,1.04,1.7041053446940357,4.5,,10.0,2.4122807017543857,,,,,,0.39938556067588327,,,,0.31,,,,55.11,
RUSTOMJEE,2026-09-26,,,4627.0,39.4,,,1.6338276836158192,1.6123348017621146,,2.8,1.9523099850968704,4.68,,7.0,4.625706214689266,-1.8618613028419606,,-7.7826044404181065,,8.421746337957936,0.5183374083129584,,,,0.41,,,,74.59,
RVHL,2026-09-26,,,241.0,5.05,,,3.2133333333333334,0.6661016949152542,,16.2,13.079019073569482,22.0,,82.0,64.0,,,,,321.71633265087456,0.0,,,,0.0,,,,74.74,
RVNL,2026-09-26,Construction,,43160.0,48.0,,,2.0725090036014406,4.394904458598726,,9.02,4.128651737167082,10.8,,4.3,4.302521008403361,-16.638002692152888,,-4.123288956041837,,-1.6323006908892879,0.4905314599877825,,,,0.83,,,,72.84,
RVTH,2026-09-26,,,201.0,12.9,,,1.3311258278145695,1.4301310043668123,,10.5,5.597014925373134,15.0,,14.0,9.933774834437086,,,,,-10.69405669494483,0.4857142857142857,,,,0.0,,,,63.9,
S&SPOWER,2026-09-26,,,380.0,47.0,,3.9296766009915216,1.3768115942028984,4.260027662517289,,12.8,2.93040293040293,9.59,,3.1,2.898550724637681,11.960271740463613,,,,19.930515328992104,0.43820224719101125,,,,0.0,,,,74.97,
SAATVIKGL,2026-09-26,Capital Goods,,5433.0,21.9,,,1.3110521235521235,3.9906542056074765,,42.4,7.897271268057785,32.9,,10.0,5.936293436293436,-59.74525866837255,,,,56.1697627252919,0.6899338721528288,,,,0.0,,,,75.99,
SAB,2026-09-26,,,259.0,,,,8.633333333333333,0.7522123893805309,,-0.81,-3.7383177570093453,0.69,,-153.0,-66.66666666666666,,,,,-13.279626234163977,0.22448979591836735,,,,0.0,,,,73.56,
SADBHAV,2026-09-26,,,128.0,,,,0.13403141361256546,-1.1547987616099071,,,1.877133105802048,13.4,,56.0,11.518324607329843,,,,,-20.80920629605326,-29.405405405405407,,,,0.0,,,,25.53,
SAFARI,2026-09-26,Consumer Durables,,7174.0,43.5,,,3.403225806451613,6.421052631578948,,15.9,11.44244105409154,19.3,,13.0,7.827324478178369,-2.2315836298167913,,46.514326505041524,,10.793165135089279,0.10493273542600896,,,,0.27,,,,44.7,
SAGARDEEP,2026-09-26,,,39.6,13.8,,0.23493318498086554,0.198,1.1262135922330097,,7.54,6.122448979591836,10.6,,2.5,1.5,58.74010519681994,,43.096908110525554,,25.99210498948732,0.2571428571428571,,,,0.0,,,,72.69,
SAGCEM,2026-09-26,,,1995.0,,,,0.7430167597765364,1.176923076923077,,-1.05,-0.8051889957503914,1.97,,9.0,-1.3407821229050279,,,,,2.340025286765157,1.008860011813349,,,,0.0,,,,48.33,
SAGILITY,2026-09-26,Information Technology,,20921.0,20.4,,0.3472925343195403,2.7466194039648157,2.1699029126213594,,10.6,7.975903614457831,13.4,,24.0,13.036628593934621,58.74010519681994,,,,17.015015028306244,0.1150222590330262,,,,0.34,,,,50.95,
SAHLIBHFI,2026-09-26,,,240.0,12.1,,0.8361305553971828,,1.393177737881508,,11.9,8.620689655172415,14.7,,,,14.471424255333186,,16.35731911385716,,,,,,,0.64,,,,58.1,
SAHYADRI,2026-09-26,,,397.0,8.79,,0.45574531518582556,0.5491009681881052,0.9784366576819407,,7.51,8.458646616541353,9.72,,11.0,6.224066390041494,19.287088000928687,,-8.757687858981223,,4.475954233173729,0.04187192118226601,,,,0.69,,,,71.12,
SAICAPI,2026-09-26,,,45.2,3.65,,,45.2,0.12342767295597484,,3.4,3.350515463917526,4.98,,-297.0,1300.0,,,2.743448509511359,,-61.10888812671797,0.03825136612021858,,,,0.0,,,,73.73,
SAIL,2026-09-26,Metals & Mining,,76415.0,15.8,,1.3508518492823924,0.6875871687587168,1.2671232876712328,,6.57,3.136011275546159,7.92,,12.0,3.843973545687677,11.69632332989985,,-18.991895945884842,,1.7888717808422605,0.5289946318510172,,,,1.27,,,,65.0,
SAILIFE,2026-09-26,Healthcare,,33821.0,92.0,,,15.031555555555556,13.606837606837606,,15.4,10.019374481040687,19.6,,29.0,16.08888888888889,,,,,15.37586351751683,0.11594202898550725,,,,0.0,,,,34.53,
SAIPARENT,2026-09-26,,,2226.0,107.0,,,5.84251968503937,,,4.88,0.9831460674157303,5.28,,10.0,3.674540682414698,-19.23050839471592,,,,57.779683471903894,0.955193482688391,,,,0.0,,,,51.16,
SAKAR,2026-09-26,,,2527.0,70.0,,1.5711810743637398,9.290441176470589,7.780821917808219,,9.99,7.484407484407485,12.4,,28.0,13.23529411764706,44.552471476495455,,12.754054787860515,,21.14137285547597,0.2191358024691358,,,,0.0,,,,52.52,
SAKHTISUG,2026-09-26,,,226.0,,,,0.42722117202268434,0.8755760368663594,,-59.4,-9.521247982786445,-7.03,,-7.0,-33.459357277882795,,,,,-14.182326244212074,3.548262548262548,,,,0.0,,,,59.84,
SAKSOFT,2026-09-26,,,1876.0,14.0,,1.3154012381717646,1.8629592850049652,2.414965986394558,,19.6,12.070566388115136,25.5,,19.0,12.909632571996028,10.643140354237591,,15.439701439205411,,9.73828441520359,0.05648267008985879,,,,0.71,,,,66.72,
SAKUMA,2026-09-26,,,262.0,24.5,,,0.15726290516206481,0.34937238493723843,,1.31,1.1689691817215728,1.74,,0.3,0.6602641056422569,-37.855349880922816,,-19.72584382397693,,-7.7912741588310634,0.012016021361815754,,,,0.0,,,,46.29,
SALASAR,2026-09-26,,,822.0,60.0,,,0.5487316421895861,0.9853249475890986,,2.13,0.6499535747446611,8.13,,7.0,0.9345794392523363,-38.26420810013917,,-18.316664954179764,,7.435619649537029,0.5059952038369304,,,,0.0,,,,44.5,
SALONA,2026-09-26,,,145.0,63.1,,,0.22906793048973143,1.729559748427673,,1.45,0.6578947368421052,8.26,,6.0,0.315955766192733,-27.990834632568873,,-35.0413209703631,,-4.290399346201057,2.289156626506024,,,,0.22,,,,68.42,
SALSTEEL,2026-09-26,,,1355.0,,,,8.113772455089821,9.267326732673267,,-17.7,1.932367149758454,1.08,,20.0,7.18562874251497,170.6856525571884,,-2.6352819384831916,,-33.852482073642484,2.3741496598639458,,,,0.0,,,,70.98,
SALZERELEC,2026-09-26,,,957.0,21.9,,,0.5272727272727272,1.6149253731343283,,9.4,3.279883381924198,11.3,,8.0,2.479338842975207,-2.1555134145238464,,11.83590613607468,,15.893574941545774,0.9021922428330523,,,,0.46,,,,37.47,
SAMBANDAM,2026-09-26,,,47.6,,,,0.18307692307692308,0.5925925925925926,,-6.65,-2.307692307692308,2.31,,4.4,-2.307692307692308,,,,,6.048765696840874,1.7375,,,,0.0,,,,51.32,
SAMBHAAV,2026-09-26,,,113.0,,,,2.5977011494252875,1.354691075514874,,0.29,-1.812344656172328,2.26,,7.77,-4.022988505747127,,,,,2.8698071823584304,0.060577038189871896,,,,0.0,,,,62.93,
SAMBHV,2026-09-26,,,4689.0,28.0,,1.5672521364417238,1.8125241592578276,4.441340782122905,,18.7,7.990314769975787,19.4,,12.0,6.378044066486277,17.86566395345357,,,,26.236560598500745,0.3538899430740038,,,,0.0,,,,56.11,
SAMHI,2026-09-26,Consumer Services,,3540.0,8.42,,,2.7634660421545667,1.6191446028513239,,24.5,13.119266055045872,8.9,,34.0,44.65261514441842,,,,,10.207816331630148,0.84967919340055,,,,0.0,,,,,
SAMMAANCAP,2026-09-26,Financial Services,,16332.0,,,,,0.8597560975609756,,-3.21,-9.746373395471627,4.92,,,,,,,,,,,,,0.0,,,,28.34,
SAMPANN,2026-09-26,,,126.0,17.9,,,0.8289473684210527,2.5153374233128836,,21.3,4.635761589403973,8.3,,11.0,4.605263157894736,,,,,28.882834753780994,2.0869565217391304,,,,0.0,,,,40.4,
SANATHAN,2026-09-26,,,4416.0,72.7,,,1.003408316291752,2.355855855855856,,3.78,1.3003623960775954,6.89,,7.0,1.3860486253124291,-27.16711625475221,,-31.98567562973319,,14.160991750238438,0.8076923076923077,,,,0.0,,,,78.58,
SANDESH,2026-09-26,,,783.0,7.18,,,0.9502427184466019,0.5482502651113468,,4.83,7.007203667321546,7.03,,1.1,12.985436893203882,-17.13825810161711,,3.6165447490787317,,36.78037182870524,0.0,,,,0.48,,,,74.81,
SANDHAR,2026-09-26,,,3455.0,16.5,,0.6956774379357753,0.6716562986003111,2.5972850678733033,,11.5,5.982168536094335,12.3,,9.0,4.043545878693624,23.717888636663353,,30.119465103156685,,13.469283262124154,0.8612153038259565,,,,0.7,,,,70.38,
SANDUMA,2026-09-26,Metals & Mining,,8983.0,12.1,,0.27440865312866825,1.6859984984984986,2.7653213751868457,,23.0,13.018287162773856,24.2,,24.0,13.494744744744743,44.0948193945123,,1.2087252671866722,,62.0515897054299,0.3070067609096497,,,,0.27,,,,74.22,
SANGAMIND,2026-09-26,,,3115.0,24.6,,0.560970721970857,0.9425113464447806,2.594142259414226,,8.38,3.6500754147812975,10.4,,11.0,3.6611195158850225,43.852556000735454,,-3.500707737281772,,7.939905699126215,1.187732342007435,,,,0.32,,,,70.52,
SANGHVIMOV,2026-09-26,,,3948.0,19.3,,0.9109697139048172,3.3542905692438403,3.019867549668874,,13.9,8.493384549722578,15.6,,36.0,16.90739167374681,21.186214761489385,,,,37.17360113649415,0.5141113653699466,,,,0.44,,,,47.25,
SANOFI,2026-09-26,,,7232.0,16.4,,,3.5926477893691007,8.39572192513369,,47.1,25.620347394540943,49.2,,24.0,20.516641828117237,,,,,,0.022067363530778164,,,,2.39,,,,60.4,
SANOFICONR,2026-09-26,Healthcare,,9086.0,34.2,,2.4980099580858774,9.56421052631579,26.125827814569536,,71.6,37.6770538243626,89.9,,37.0,28.000000000000004,13.690898184491651,,,,9.478375973161214,0.0603448275862069,,,,1.9,,,,71.27,
SANSERA,2026-09-26,Automobile and Auto Components,,29102.0,78.1,,4.511511542013117,7.754329869437783,9.418181818181818,,11.8,7.8086763070077865,14.5,,18.0,9.352517985611511,17.311271238630233,,17.468589514361767,,10.113163425590832,0.19144800777453838,,,,0.09,,,,29.21,
SANSTAR,2026-09-26,,,2171.0,49.4,,,2.7656050955414013,,,,6.4393939393939394,,,4.8,4.3312101910828025,-29.527012679351085,,,,15.916797315216957,0.5039370078740157,,,,0.0,,,,64.18,
SAPPHIRE,2026-09-26,Consumer Services,,7186.0,2920.0,,,2.218585983328188,5.173210161662818,,-1.03,-0.4915514592933948,3.98,,15.0,-0.4939796233405372,,,,,7.682961763695739,1.0194244604316547,,,,0.0,,,,26.06,
SAPPL,2026-09-26,,,246.0,5.93,,0.08305036584078349,0.3393103448275862,0.8849840255591054,,11.4,6.8181818181818175,14.3,,15.0,5.793103448275862,71.40245488344326,,13.956910499583186,,34.94972281690218,0.920863309352518,,,,0.0,,,,59.6,
SARDAEN,2026-09-26,Metals & Mining,,17378.0,15.5,,0.5297304102796819,3.0676081200353047,2.3588516746411483,,15.1,10.122240787969396,16.9,,32.0,20.317740511915268,29.260166490756045,,7.514166574386683,,13.563250892269485,0.35712347354138396,,,,0.41,,,,73.16,
SAREGAMA,2026-09-26,Media Entertainment & Publication,,9581.0,42.0,,10.659181764418852,9.203650336215178,5.660592255125285,,12.7,9.529969814575248,17.3,,36.0,21.229586935638807,3.940264921665859,,7.790321687382296,,9.038129997032684,0.04314420803782506,,,,0.91,,,,60.84,
SARLAPOLY,2026-09-26,,,797.0,10.1,,,1.9344660194174756,1.9120458891013385,,14.4,0.24067388688327318,10.5,,13.0,0.48543689320388345,-51.124951284001185,,-39.20755460158757,,2.4627829401915546,0.6330275229357798,,,,1.99,,,,59.98,
SARVESHWAR,2026-09-26,,,435.0,13.2,,0.539348320025492,0.3102710413694722,0.9121447028423771,,8.37,3.0303030303030303,10.4,,4.6,2.353780313837375,24.473980004936525,,46.50780257917609,,17.285073872358026,0.5283018867924528,,,,0.0,,,,40.87,
SASKEN,2026-09-26,,,2569.0,34.8,,,2.1789652247667517,3.003552397868561,,7.0,6.174957118353345,9.9,,9.0,6.106870229007633,-4.342101509597185,,-11.715364771202285,,42.668881734083165,0.03274853801169591,,,,1.48,,,,42.94,
SATIA,2026-09-26,,,670.0,,,,0.4643104643104643,0.6146788990825688,,3.83,-0.5134788189987163,3.94,,8.0,-0.5544005544005544,,,,,-5.648735740833855,0.28768382352941174,,,,0.6,,,,52.46,
SATIN,2026-09-26,,,2614.0,6.38,,,,0.915057915057915,,12.3,2.8515788009458896,13.8,,,,-2.0435019218720485,,68.13942204251433,,,,,,,0.0,,,,36.17,
SAURASHCEM,2026-09-26,,,620.0,38.7,,,0.36492054149499703,0.6446759259259259,,2.29,0.4408060453400504,2.51,,2.3,0.4120070629782225,-51.00026949703553,,-28.847351481351,,-1.2623265576474307,0.1113423517169615,,,,0.0,,,,66.62,
SAYAJIHOTL,2026-09-26,,,573.0,,,,4.30827067669173,3.6824324324324325,,-14.6,-0.32786885245901637,-0.49,,15.0,-0.7518796992481203,,,,,5.895589606372331,0.8076923076923077,,,,0.0,,,,66.82,
SAYAJIIND,2026-09-26,,,303.0,24.4,,,0.27849264705882354,3.2697547683923704,,1.49,2.3679417122040074,8.18,,4.9,1.1948529411764706,,,-7.987833833536307,,3.7229260644438433,2.4408602150537635,,,,0.0,,,,74.94,
SBC,2026-09-26,,,2525.0,66.0,,1.0619882461876295,5.586283185840708,31.547619047619047,,37.2,8.695652173913043,18.2,,9.0,8.4070796460177,62.14758048116784,,63.183932866663554,,28.706611888588096,2.802469135802469,,,,0.0,,,,50.28,
SBCL,2026-09-26,,,6650.0,62.4,,7.837496121163346,10.795454545454545,13.803827751196174,,21.8,16.666666666666664,26.6,,23.0,17.20779220779221,7.961726428355509,,13.979925860281295,,6.5665673023265425,0.14730290456431536,,,,0.35,,,,33.61,
SBFC,2026-09-26,Financial Services,,9855.0,28.5,,0.47154352881336614,,3.023809523809524,,11.6,4.0134946486738015,11.6,,,,60.43980726810083,,,,,,,,,0.0,,,,52.31,
SBGLP,2026-09-26,,,408.0,9.74,,0.6586189279075889,2.4142011834319526,3.9202657807308974,,42.9,15.96958174904943,30.8,,35.0,24.85207100591716,14.788521233277741,,24.165317307036972,,32.897884989246265,0.7980769230769231,,,,0.51,,,,73.39,
SBICARD,2026-09-26,Financial Services,,58164.0,25.6,,,,3.703030303030303,,14.7,3.4299240139910743,10.1,,,,-1.9054829856510858,,6.8753171931515755,,,,,,,0.41,,,,68.86,
SBIFUNDS,2026-09-26,,,108186.0,34.9,,1.1142655746249799,21.750301568154402,,,43.0,47.77258566978193,56.5,,82.0,61.6606353035786,31.32107891940037,,28.430904254969704,,27.40805917009368,0.0,,,,0.0,,,,88.19,
SBILIFE,2026-09-26,Financial Services,,174793.0,67.2,,6.055504931442062,1.4607959483853714,8.666666666666666,,13.7,0.5201521460025678,15.0,,0.7,2.173731363241292,11.09734047958193,,11.494438157357223,,-3.2167925330365055,0.0,,,,0.15,,,,55.32,
SBIN,2026-09-26,Financial Services,,907384.0,10.8,,1.4395180521543474,,1.4584569732937684,,15.4,1.0775520190896095,6.13,,,,7.502510985421118,,18.695251751269137,,,,,,,1.77,,,,55.47,
SCHAEFFLER,2026-09-26,Automobile and Auto Components,,62642.0,50.0,,4.269067717502768,5.963065207044265,10.198473282442748,,20.2,14.720394736842104,27.3,,18.0,11.927653498334125,11.712159025963631,,,,13.152994201079293,0.007808687164470474,,,,0.87,,,,74.13,
SCHAND,2026-09-26,,,512.0,6.91,,0.8707507366874717,0.6313193588162762,0.48494983277591974,,7.2,4.874551971326166,9.97,,18.0,8.384710234278668,7.935680911723564,,54.5927539194015,,6.947123629430929,0.12903225806451613,,,,2.76,,,,46.99,
SCHNEIDER,2026-09-26,Capital Goods,,28919.0,149.0,,65.74634139155,9.903767123287672,42.013888888888886,,38.2,7.849829351535837,29.6,,11.0,6.301369863013699,2.2662858015571663,,45.9801044698158,,9.78091328574453,0.9173913043478261,,,,0.0,,,,75.0,
SCI,2026-09-26,Services,,12782.0,7.9,,0.23536832722270537,2.0256735340729,1.405128205128205,,15.0,12.148971317014565,13.9,,40.0,25.641838351822503,33.5644140960607,,13.345317168914207,,7.728848603748117,0.29452506596306066,,,,2.73,,,,63.75,
SCILAL,2026-09-26,,,1730.0,60.7,,,69.2,0.5751937984496124,,0.96,0.7887323943661971,1.31,,-162.0,112.00000000000001,-15.748710932676858,,,,13.71830097629767,0.0,,,,1.48,,,,63.75,
SCODATUBES,2026-09-26,,,818.0,22.1,,,1.4981684981684982,2.1012269938650308,,14.4,5.377906976744186,16.5,,14.0,6.7765567765567765,,,,,10.928775019696735,0.4794871794871795,,,,0.0,,,,66.43,
SDBL,2026-09-26,,,1546.0,,,,1.5938144329896908,1.9893048128342248,,2.32,-2.04778156996587,5.67,,3.1,-3.0927835051546393,,,,,-8.853317064640665,0.27214377406931967,,,,0.0,,,,39.43,
SEAMECLTD,2026-09-26,,,4353.0,17.0,,0.5866900188532126,4.19364161849711,3.34375,,21.2,13.917248790972595,19.7,,41.0,24.951830443159924,28.976119336799776,,25.28055629595012,,12.501058433029954,0.27132974634896234,,,,0.12,,,,72.72,
SECMARK,2026-09-26,,,143.0,43.7,,,3.468348290080039,6.116071428571429,,11.7,6.80780406807804,11.7,,20.42,7.955372301722047,,,4.3323972478057415,,18.800500056758594,0.548910721913712,,,,0.0,,,,75.0,
SECURKLOUD,2026-09-26,,,57.1,,,,1.4275,-1.1103896103896105,,,-77.77777777777779,-5.97,,-17.0,-35.0,,,,,-51.00026949703553,-1.1176470588235294,,,,0.0,,,,43.35,
SEDEMAC,2026-09-26,,,15216.0,129.0,,,14.381852551984878,33.77450980392157,,26.9,12.776412776412776,35.3,,20.0,9.829867674858223,-85.51800650223316,,-67.64061670641064,,35.74226766918376,0.1603563474387528,,,,0.0,,,,26.23,
SEIL,2026-09-26,,,3090.0,532.0,,33.02921767132799,54.47813822284908,40.33613445378151,,7.99,5.749628896585849,10.3,,11.35,10.24330042313117,16.10695128458397,,,,45.51043685206784,0.07740503850672235,,,,0.0,,,,49.88,
SEJALLTD,2026-09-26,,,778.0,24.7,,0.23372307761142916,1.7803203661327232,5.135338345864661,,31.1,6.808510638297872,18.6,,15.0,7.322654462242563,105.680621068427,,-27.803159029127535,,38.637014143102455,1.3377483443708609,,,,0.0,,,,69.96,
SEKURITIND,2026-09-26,,,1020.0,23.0,,1.8442272508585018,4.096385542168675,4.194756554307117,,17.8,15.120274914089347,24.0,,20.0,17.670682730923694,12.471348088633505,,-1.3757697473984254,,7.399212408100775,0.00411522633744856,,,,2.23,,,,75.0,
SELMC,2026-09-26,,,87.5,,,,0.2339572192513369,-1.552941176470588,,-452.0,-18.29383886255924,-15.1,,-15.0,-51.60427807486631,,,,,25.546111505043623,-16.49122807017544,,,,0.0,,,,75.0,
SEMAC,2026-09-26,,,79.5,12.0,,,0.3581081081081081,0.9732824427480916,,9.19,3.414634146341464,10.3,,3.4,3.153153153153153,,,24.328557117838322,,20.46191173670071,0.34146341463414637,,,,0.0,,,,62.85,
SENCO,2026-09-26,Consumer Durables,,5427.0,9.51,,0.2156411126146027,0.5618012422360248,2.1633986928104574,,25.6,8.085528178986124,21.2,,10.0,5.910973084886129,44.10105236748814,,23.507495855856455,,22.608615644289777,1.073587907716786,,,,0.53,,,,64.48,
SENORES,2026-09-26,,,6241.0,49.4,,1.280931257717706,9.071220930232558,6.674876847290641,,13.4,8.16708229426434,15.1,,29.0,19.040697674418606,38.565691720270955,,93.54452334482039,,47.361259945615465,0.36616702355460384,,,,0.0,,,,45.82,
SEPC,2026-09-26,,,980.0,36.4,,13.461526202369544,0.8703374777975134,0.5019607843137255,,3.18,0.8406078241189783,5.61,,6.0,2.3090586145648313,2.70400246248399,,,,26.14165065507099,0.1839499739447629,,,,0.0,,,,11.67,
SERVOTECH,2026-09-26,,,1598.0,42.7,,0.940479834744371,2.1278295605858855,5.531249999999999,,12.8,5.109489051094891,12.8,,10.0,4.660452729693742,45.40235571516125,,49.8087159028632,,28.61404891921646,0.7326388888888888,,,,0.03,,,,58.61,
SESHAPAPER,2026-09-26,,,1553.0,15.7,,,0.8547055586130985,0.7592592592592593,,4.1,3.9568345323741005,5.6,,6.0,5.448541552008805,-28.48789071228859,,-2.0801737100472284,,0.276703125969191,0.0,,,,0.81,,,,43.27,
SETL,2026-09-26,,,8031.0,93.9,,,9.459363957597173,10.20253164556962,,10.7,7.097288676236045,14.7,,15.0,10.482921083627797,-48.93390695630189,,-23.597355459242884,,15.994197210366966,0.10532994923857868,,,,0.0,,,,60.47,
SFL,2026-09-26,Consumer Durables,,6930.0,34.0,,6.22989199614486,1.7191763830315059,2.1308724832214767,,4.8,4.247406537482874,6.11,,11.0,5.383279583229967,5.4575584971681135,,-2.4424297297051756,,10.569425483230654,0.27921279212792127,,,,0.16,,,,65.39,
SGFIN,2026-09-26,,,4018.0,25.6,,1.2004818221136306,,2.7232142857142856,,10.3,3.76228133237479,9.32,,,,21.32477104478543,,74.884457573635,,,,,,,0.0,,,,56.95,
SGIL,2026-09-26,,,999.0,201.0,,,2.7295081967213113,8.979020979020978,,4.55,1.0570824524312896,9.24,,11.0,1.366120218579235,,,,,,2.232142857142857,,,,0.16,,,,69.5,
SGL,2026-09-26,,,24.8,2.35,,,0.0915129151291513,,,,,,,13.0,4.059040590405904,,,,,,,,,,0.0,,,,65.76,
SGLRES,2026-09-26,,,59.9,,,,1.900983814662012,0.32341001353179977,,0.06,-0.17424362426738477,0.14,,-29.83,-1.7454776261504286,,,,,2.186843777924863,0.43538885586121173,,,,0.0,,,,6.9,
SGMART,2026-09-26,,,9216.0,74.1,,3.3964221788333098,1.4222222222222223,5.755905511811024,,7.92,5.511111111111111,10.2,,2.5,1.9135802469135803,21.81707576337102,,101.1125532073765,,34.168771861645084,0.16781465247338762,,,,0.0,,,,57.9,
SGRL,2026-09-26,,,865.0,56.0,,,8.737373737373737,5.307086614173229,,10.8,7.211538461538461,14.1,,31.0,15.151515151515152,-18.19923272320182,,8.001610784746148,,-7.724115558366041,0.1901840490797546,,,,0.0,,,,72.83,
SHADOWFAX,2026-09-26,,,16577.0,98.0,,,3.4994722398142284,9.4,,10.4,5.963302752293578,10.0,,6.0,3.5676588558159175,,,,,35.95567592994748,0.14154727793696276,,,,0.0,,,,16.51,
SHAH,2026-09-26,,,320.0,24.3,,1.531426880892126,1.3559322033898304,1.0420711974110033,,5.16,2.2968197879858656,4.85,,1.4,5.508474576271186,15.867554829548336,,,,34.49725566134156,0.7810457516339869,,,,0.0,,,,32.51,
SHAHALLOYS,2026-09-26,,,184.0,,,,4.972972972972973,1.6338028169014085,,-101.0,51.92307692307693,0.49,,13.0,291.8918918918919,,,,,-61.04686072995187,0.5575221238938053,,,,0.0,,,,53.75,
SHAILY,2026-09-26,Consumer Durables,,14453.0,81.8,,1.7984295729534294,14.100487804878048,20.141025641025642,,26.9,15.431560592850916,29.3,,29.0,17.268292682926827,45.48412750223287,,38.01605577543321,,16.756033554048287,0.24720670391061453,,,,0.1,,,,41.09,
SHAKTIPUMP,2026-09-26,Capital Goods,,5761.0,27.1,,2.0167817538851778,1.9635310156782548,3.3840579710144927,,18.0,6.959947472094551,23.6,,12.0,7.2256305385139745,13.437249691392683,,23.959754897992735,,28.866752697503184,0.2961876832844575,,,,0.21,,,,50.36,
SHALBY,2026-09-26,,,1589.0,40.4,,,1.3511904761904763,1.5789473684210527,,2.45,2.0562770562770565,6.12,,12.0,3.231292517006803,-22.36803205016097,,-6.189223328728377,,7.982525819364383,0.5914512922465208,,,,0.0,,,,74.33,
SHANKARA,2026-09-26,,,322.0,62.0,,,0.2314881380301941,0.7189189189189189,,0.71,0.6605019815059445,2.92,,1.7,0.35945363048166784,-60.53721450751694,,-32.8159556338502,,-33.952970537116926,0.42953020134228187,,,,2.26,,,,45.39,
SHANKESH,2026-09-26,,,1343.0,12.6,,,0.8234212139791539,,,68.8,26.48514851485149,50.3,,10.0,6.560392397302269,-37.616258904785425,,,,21.515037692181327,0.8,,,,0.0,,,,69.53,
SHANTI,2026-09-26,,,6.31,,,,0.606147934678194,1.5777777777777777,,-120.0,-28.746746002231315,4.22,,-72.62,-74.25552353506244,,,,,-0.7879306275328735,4.040000000000001,,,,0.0,,,,0.0,
SHANTIGEAR,2026-09-26,,,5114.0,76.0,,,10.248496993987976,11.62020905923345,,19.0,11.510791366906476,25.6,,18.0,12.825651302605209,-8.138102321330265,,8.447177119769854,,-2.3560697133180653,0.0,,,,0.75,,,,70.47,
SHANTIGOLD,2026-09-26,,,2499.0,16.0,,,1.237741456166419,,,,,,,10.0,6.934125804853888,,,,,,,,,,0.0,,,,70.35,
SHARDACROP,2026-09-26,Chemicals,,6763.0,10.8,,0.06356380575987323,1.2624603322755275,2.1551724137931036,,23.2,10.873718950842452,30.2,,20.0,11.685644950532016,169.90801401664748,,12.387956477322248,,19.199422542793343,0.0,,,,2.0,,,,74.82,
SHARDAMOTR,2026-09-26,,,5490.0,16.4,,3.470745350913968,1.5032858707557504,4.17467248908297,,25.2,14.988713318284425,34.5,,12.0,9.090909090909092,4.725209815719067,,18.18575448403299,,9.14227694974825,0.037319116527037316,,,,2.09,,,,64.31,
SHAREINDIA,2026-09-26,Financial Services,,4587.0,12.6,,,2.908687381103361,1.75,,13.0,7.930283224400872,18.4,,40.0,23.081800887761574,-9.24403214600198,,6.08896985370726,,2.069702144631358,0.2637571157495256,,,,0.76,,,,48.62,
SHBAJRG,2026-09-26,,,149.0,3.32,,0.942260684381561,0.519163763066202,0.3873239436619718,,12.3,8.47457627118644,1.12,,1.4,15.6794425087108,3.5234410763715918,,-8.855686688097386,,-20.444719069164265,0.2708333333333333,,,,0.0,,,,63.96,
SHERVANI,2026-09-26,,,88.7,341.0,,,5.526479750778816,0.6686046511627907,,-0.54,0.07557700133713156,1.4,,-19.63,1.61993769470405,-79.32114890297457,,,,-51.729289878068094,0.5431261770244821,,,,0.72,,,,62.07,
SHILCTECH,2026-09-26,,,4695.0,34.1,,2.392700104042551,7.476114649681529,9.566433566433567,,37.8,23.3502538071066,50.7,,25.0,21.97452229299363,14.251681580314578,,57.71507367377862,,16.517112183582427,0.0,,,,0.3,,,,62.12,
SHILGRAVQ,2026-09-26,,,91.9,10.8,,,0.9353689567430026,0.8771929824561403,,8.65,5.527805527805527,11.2,,14.64,6.758269720101781,-16.528679518030465,,-3.431261671719432,,3.946035075876053,0.0026684456304202804,,,,1.4,,,,60.83,
SHILPAMED,2026-09-26,Healthcare,,19821.0,69.7,,0.6823252143154144,11.777183600713013,7.674242424242424,,8.99,8.014031300593633,10.9,,28.0,17.647058823529413,102.15070253549241,,34.21579623980826,,13.666677617850898,0.25462962962962965,,,,0.06,,,,40.13,
SHINDL,2026-09-26,,,632.0,37.6,,0.8920131533188496,1.1924528301886792,4.086294416243655,,10.9,5.379746835443038,12.9,,7.0,3.207547169811321,42.15184480195653,,37.2120394052184,,20.621014139712468,0.8181818181818182,,,,0.16,,,,45.01,
SHIPROCKET,2026-09-26,,,8749.0,,,,4.3226284584980235,,,-5.14,-3.153692614770459,-2.68,,-3.3,-3.903162055335968,,,,,22.949719651863433,0.2263779527559055,,,,0.0,,,,,
SHIVAAGRO,2026-09-26,,,39.5,,,,0.13667820069204153,0.4428251121076233,,-0.01,1.342281879194631,4.41,,2.1,0.6920415224913495,,,,,-7.402594199468238,0.2696629213483146,,,,0.0,,,,58.06,
SHIVACEM,2026-09-26,,,456.0,,,,0.9480249480249481,-6.858407079646018,,,-6.1096605744125325,-1.43,,7.0,-24.324324324324326,,,,,11.499229739202587,-25.970149253731343,,,,0.0,,,,66.5,
SHIVAMAUTO,2026-09-26,,,228.0,,,,0.5327102803738317,-5.631067961165049,,,-18.123667377398718,-1.28,,8.0,-19.859813084112147,,,,,-3.0721371753975935,-9.829268292682928,,,,0.0,,,,69.52,
SHIVAMILLS,2026-09-26,,,50.6,15.0,,,0.36142857142857143,0.5467289719626168,,-0.8,2.7777777777777777,-0.73,,7.0,2.142857142857143,,,-28.23813086471536,,-3.951559842442376,0.0,,,,0.0,,,,74.93,
SHIVATEX,2026-09-26,,,217.0,22.6,,,0.6420118343195266,1.5,,9.04,3.6900369003690034,12.6,,10.0,2.9585798816568047,,,1.2591378687089927,,0.29762080250912426,0.503448275862069,,,,0.36,,,,74.04,
SHIVAUM,2026-09-26,,,694.0,73.2,,,1.147107438016529,5.743243243243244,,6.08,4.017857142857143,8.03,,3.1,1.487603305785124,-3.2237448256580814,,,,2.9170819165784234,0.8016528925619835,,,,0.0,,,,73.53,
SHK,2026-09-26,,,1971.0,41.7,,,0.8044897959183673,1.443089430894309,,3.71,3.085991678224688,5.85,,10.0,3.63265306122449,-10.066898866810703,,-9.734404797771745,,8.277010985059352,0.7560617193240264,,,,0.7,,,,54.87,
SHOPERSTOP,2026-09-26,,,4668.0,,,,0.9022033243138771,16.060606060606062,,-6.37,-0.5563503417580671,7.03,,15.0,-0.6764592191727871,,,,,6.2220776896101615,11.398625429553265,,,,0.0,,,,66.06,
SHRADDHA,2026-09-26,,,594.0,9.15,,0.07968921829693365,1.0188679245283019,4.4954128440366965,,51.2,9.15593705293276,23.6,,14.0,10.977701543739279,114.82105353205708,,,,90.74936003340906,1.9848484848484849,,,,0.2,,,,74.78,
SHRADHA,2026-09-26,,,241.0,9.06,,0.7148642973587156,2.1327433628318584,0.8119891008174387,,11.9,5.930470347648262,10.7,,18.0,25.663716814159294,12.673734068794506,,78.80706664150875,,0.900949433292153,0.3434343434343434,,,,2.02,,,,74.98,
SHREDIGCEM,2026-09-26,,,1004.0,55.8,,,1.1280898876404495,2.7449392712550607,,6.84,1.6901408450704223,6.4,,9.0,2.0224719101123596,-41.03228647585425,,-20.492935096926836,,3.9652674247262265,1.4043715846994536,,,,1.47,,,,63.71,
SHREECEM,2026-09-26,Construction Materials,,81254.0,49.8,,,3.710906101571063,3.49201426577764,,7.51,5.202238616128212,10.3,,21.0,7.471684325904275,-12.044349913259412,,-6.910420142288198,,2.3803216973599994,0.08028538273090643,,,,0.67,,,,62.56,
SHREEJISPG,2026-09-26,,,12259.0,76.7,,,16.194187582562748,15.932203389830507,,27.5,13.104013104013104,26.4,,28.0,21.136063408190225,,,,,1.1718055970532104,0.36150845253576075,,,,0.13,,,,90.0,
SHREEPUSHK,2026-09-26,,,1636.0,22.7,,0.9499097097503716,1.6327345309381238,2.677248677248677,,12.1,7.422680412371134,12.9,,10.0,7.18562874251497,23.897008070341098,,4.356443822602585,,11.338072963188694,0.21475409836065573,,,,0.41,,,,69.36,
SHREERAMA,2026-09-26,,,601.0,23.6,,0.6497542692868185,2.267924528301887,3.3834586466165413,,15.4,10.964912280701753,18.2,,16.0,9.433962264150944,36.32142352200898,,,,14.184886325377732,0.12359550561797752,,,,0.0,,,,61.57,
SHREYANIND,2026-09-26,,,180.0,,,,0.2861685214626391,0.42071197411003236,,1.46,-2.2082018927444795,2.44,,-2.8,-2.2257551669316373,,,,,-3.4561775281314544,0.14285714285714285,,,,1.15,,,,50.29,
SHRIKRISH,2026-09-26,,,100.0,24.8,,,4.904364884747425,1.1012269938650305,,5.13,1.912903835254109,6.7,,40.17,19.86267778322707,-3.0256316870632127,,7.9310896244752405,,-7.122650528734309,0.5017555409260478,,,,0.0,,,,54.88,
SHRINGARMS,2026-09-26,,,2064.0,17.1,,,0.8383428107229894,3.0440967283072546,,26.3,13.565022421524663,26.8,,7.0,4.914703493095045,-29.017146729027143,,-11.302066853137848,,30.728060516069135,0.2791728212703102,,,,0.0,,,,74.8,
SHRIPISTON,2026-09-26,Automobile and Auto Components,,22019.0,37.8,,4.505260992635857,4.430382293762576,7.203338391502276,,21.4,9.361771409964181,20.8,,19.0,11.569416498993963,8.390190948268383,,28.038150505284555,,17.178021306884528,0.6783867631851086,,,,0.21,,,,41.55,
SHRIRAMFIN,2026-09-26,Financial Services,,233916.0,20.7,,1.5989917088647612,,2.84,,16.4,3.5217425126409956,11.5,,,,12.94565812020152,,22.928715130004186,,,,,,,1.09,,,,20.3,
SHRIRAMPPS,2026-09-26,,,1215.0,13.3,,2.0486983693927785,0.9727782225780625,0.8317757009345795,,6.78,2.450188476036618,7.79,,3.1,7.285828662930344,6.491926873521181,,55.949920497364715,,13.026976508663267,0.42191780821917807,,,,0.0,,,,27.89,
SHRJAGP,2026-09-26,,,578.0,13.0,,1.1421039498062129,1.196687370600414,1.7553191489361701,,10.3,9.503239740820735,12.6,,12.0,9.109730848861282,11.382501568448111,,,,10.08957287159673,0.28277791291656534,,,,0.15,,,,72.94,
SHUKRAPHAR,2026-09-26,,,2465.0,72.6,,,32.86666666666667,27.26829268292683,,28.9,29.059829059829063,36.9,,62.0,45.33333333333333,,,,,,0.05555555555555555,,,,0.02,,,,51.16,
SHYAMMETL,2026-09-26,Capital Goods,,30303.0,27.0,,9.737222513624133,1.5473345588235294,2.62953995157385,,9.7,5.581580783414732,13.0,,13.0,5.718954248366013,2.7728646400164036,,-9.85753971560902,,14.06804596795872,0.08721687060661286,,,,0.41,,,,74.59,
SHYAMTEL,2026-09-26,,,12.5,,,,0.038461538461538464,0.8809523809523809,,-20.2,-15.69767441860465,-22.8,,-2.0,-8.307692307692308,,,,,-25.906713214630273,0.0,,,,0.0,,,,66.15,
SICAGEN,2026-09-26,,,210.0,10.2,,0.4100160961819899,0.1990521327014218,0.4248,,3.81,2.7027027027027026,6.03,,4.0,1.8957345971563981,24.87707213199899,,,,9.890911828644455,0.3212121212121212,,,,1.88,,,,61.13,
SIEL,2026-09-26,,,41.8,34.3,,,0.9945277182964548,0.6239669421487604,,1.54,1.5633915325801668,2.81,,6.21,3.259576492981204,-38.2090868280896,,-9.505343894935903,,-0.3152357586440391,0.18914890445669993,,,,0.0,,,,47.15,
SIEMENS,2026-09-26,Capital Goods,,138068.0,91.8,,4.922850527129607,7.644114715978297,9.966580976863753,,19.2,15.44807429406496,21.4,,11.0,18.143062783744877,18.647732547249674,,24.646357937308807,,-2.6109620529463196,0.02218208092485549,,,,0.46,,,,75.0,
SIGACHI,2026-09-26,,,1125.0,50.0,,,2.388535031847134,2.161764705882353,,5.78,3.0915576694411415,6.14,,10.0,5.520169851380043,-27.24851685522366,,-12.415694601337822,,5.6856453808249,0.3103448275862069,,,,0.34,,,,36.69,
SIGMA,2026-09-26,,,469.0,15.0,,0.6087624279931336,4.785714285714286,6.08,,37.8,34.831460674157306,48.3,,32.0,31.63265306122449,24.640154040796336,,28.431296342161417,,14.666768361648419,0.025974025974025976,,,,1.1,,,,73.21,
SIGNATURE,2026-09-26,Realty,,11098.0,,,,4.8632778264680105,5.9772727272727275,,-30.3,6.050420168067227,2.38,,-6.0,45.74934268185802,301.2461139687634,,,,22.512749370191987,1.6102702702702703,,,,0.0,,,,69.54,
SIGNPOST,2026-09-26,,,1450.0,19.7,,1.0596043156637152,2.4534686971235193,5.037174721189591,,27.6,10.755813953488373,24.9,,25.0,12.521150592216582,18.59184575674393,,,,15.157485129164971,0.7048611111111112,,,,0.18,,,,60.38,
SIKA,2026-09-26,,,2216.0,64.0,,2.985571686077064,11.913978494623656,13.51875808538163,,25.1,20.0,34.6,,22.0,18.817204301075268,21.43643051629209,,15.86471534163698,,20.61528841335445,0.0,,,,0.33,,,,71.72,
SIL,2026-09-26,,,108.0,1.74,,,0.5,0.9329608938547487,,-16.6,32.29166666666667,-12.8,,35.0,28.703703703703702,,,-19.62543806138647,,100.0,0.034782608695652174,,,,4.78,,,,20.31,
SILGO,2026-09-26,,,223.0,33.1,,,4.624637080049772,1.6194895591647331,,5.81,4.163058270444142,8.11,,23.21,13.95686437163003,,,,,,0.14644412191582,,,,0.0,,,,40.54,
SILINV,2026-09-26,,,480.0,9.58,,0.49318003089813617,6.486486486486487,0.1871900826446281,,1.32,1.7850892544627233,1.75,,86.0,68.91891891891892,19.424955188379677,,8.712784079732817,,13.21062322933404,0.0,,,,0.55,,,,63.79,
SILVERTUC,2026-09-26,,,1874.0,45.0,,1.193555212612407,5.205555555555556,11.044776119402984,,24.4,14.18918918918919,29.8,,20.0,11.666666666666666,37.70248709442252,,45.186135108262995,,17.134499842861995,0.1952662721893491,,,,0.07,,,,74.66,
SIMPLEXINF,2026-09-26,,,1983.0,43.9,,,1.8550046772684752,2.040650406504065,,5.09,1.1852615305333678,2.38,,6.0,4.303086997193639,,,,,-8.33657519212042,1.6823770491803278,,,,0.0,,,,35.99,
SIMPLXREA,2026-09-26,,,37.5,,,,3.5344015080113103,0.3333333333333333,,-3.28,-2.3049199564160587,-0.32,,-36.95,-25.918944392082942,,,,,81.99840085248182,0.0,,,,0.0,,,,55.1,
SINCLAIR,2026-09-26,,,405.0,148.0,,,20.631686194600103,5.93984962406015,,3.4,2.0615156262884473,,,26.69,12.73560876209883,,,,,,0.21358499937911335,,,,1.01,,,,64.02,
SINDHUTRAD,2026-09-26,,,3662.0,47.3,,4.480095839593268,7.504098360655738,1.8449612403100775,,2.52,2.667128507100797,4.55,,6.0,15.778688524590164,10.557809853526301,,,,-33.83830255775554,0.26411865373645177,,,,0.0,,,,73.93,
SINGERIND,2026-09-26,,,483.0,60.3,,,1.0709534368070954,6.466666666666666,,13.0,4.761904761904762,18.2,,3.4,1.7738359201773837,,,,,86.07705928355145,0.3076923076923077,,,,0.52,,,,30.49,
SINTERCOM,2026-09-26,,,215.0,129.0,,10.217993327628445,2.0476190476190474,2.0828877005347595,,1.4,0.975609756097561,5.92,,17.0,1.9047619047619049,12.624788044360603,,,,6.0642134415163085,0.5096153846153846,,,,0.0,,,,69.74,
SIRCA,2026-09-26,,,2330.0,34.8,,4.376846277134903,4.586614173228346,4.898446833930705,,15.8,11.37521222410866,20.3,,20.0,13.188976377952756,7.950930372354814,,18.45306375097382,,17.769936553516107,0.06736842105263158,,,,0.49,,,,65.19,
SIS,2026-09-26,,,5914.0,14.7,,,0.3471268415800904,2.3222222222222224,,13.9,1.9390581717451523,13.7,,4.5,0.8628279626694841,-7.705039782373002,,-14.051559150346016,,11.589263273520146,0.7026708562450903,,,,1.67,,,,71.86,
SIYSIL,2026-09-26,,,2441.0,10.3,,1.1838480207455349,0.9284899201217193,1.670807453416149,,14.9,10.812043795620438,18.8,,13.0,9.01483453784709,8.70044112040118,,2.537994675343791,,7.91363009527235,0.2410958904109589,,,,2.23,,,,67.45,
SJS,2026-09-26,,,7474.0,39.2,,1.1474193886818582,7.429423459244533,8.55350553505535,,22.0,19.255222524977295,28.6,,29.0,21.07355864811133,34.16362002130058,,29.559451845424167,,17.00725179746534,0.026497695852534562,,,,0.15,,,,20.15,
SJVN,2026-09-26,Power,,24270.0,38.0,,,4.849150849150849,1.7071823204419887,,4.58,1.2344009581578643,5.73,,68.0,12.767232767232766,-11.282558281086663,,-8.457473433049822,,24.733826792540103,2.266872673642812,,,,2.43,,,,81.85,
SKFINDIA,2026-09-26,Automobile and Auto Components,,7612.0,32.8,,,2.48109517601043,5.724907063197026,,14.8,10.1010101010101,24.2,,12.0,6.844850065189048,-27.577537724228797,,-11.901013405580708,,-12.438528436786155,0.002257336343115124,,,,2.6,,,,52.58,
SKFINDUS,2026-09-26,Capital Goods,,14426.0,37.5,,,4.018384401114206,9.759197324414716,,26.6,7.778608825729244,29.9,,11.0,5.793871866295264,,,,,,0.0033875338753387536,,,,0.69,,,,52.58,
SKIPPER,2026-09-26,Capital Goods,,6225.0,26.8,,0.6676123005985543,1.1098234979497237,4.174242424242424,,16.6,4.963600264725347,23.6,,10.0,4.011410233553217,40.143059041860376,,54.92076849700833,,19.55900381330702,0.6244131455399061,,,,0.02,,,,61.48,
SKMEGGPROD,2026-09-26,,,1161.0,10.4,,1.123737232339477,1.494208494208494,2.9294274300932095,,29.7,18.65546218487395,30.7,,22.0,14.285714285714285,9.254832625193465,,71.8609365215556,,3.4906227445689497,0.3594936708860759,,,,0.57,,,,57.47,
SKYGOLD,2026-09-26,Consumer Durables,,12290.0,36.7,,0.3991482009237536,1.7126532887402452,10.258397932816537,,29.2,15.62642369020501,27.0,,7.0,4.779821627647714,91.94579836528072,,68.77963132516018,,60.21223030376754,0.7247706422018348,,,,0.0,,,,51.74,
SKYWAYS,2026-09-26,,,1845.0,34.6,,,0.6558833985069321,,,14.0,4.244031830238726,13.2,,4.6,2.2751510842516884,-79.15892162868401,,,,23.73173217189619,1.8885542168674698,,,,0.51,,,,56.82,
SMARTWORKS,2026-09-26,Services,,6061.0,217.0,,,3.08762098828324,11.422413793103448,,3.3,0.4331683168316832,8.3,,64.0,1.4263881813550687,,,,,23.623656257654524,9.015094339622642,,,,0.0,,,,58.33,
SMCGLOBAL,2026-09-26,,,1792.0,16.5,,,0.9110320284697508,1.3739967897271268,,8.07,1.915041782729805,11.4,,19.0,5.592272496187086,-16.47174636459603,,-7.5394081555416275,,6.204699805067726,1.5613496932515338,,,,1.4,,,,66.71,
SMLMAH,2026-09-26,Capital Goods,,9876.0,63.1,,4.787916039184149,3.3477966101694916,19.01392757660167,,35.4,11.166785969935576,30.9,,9.0,5.288135593220339,13.17901138691482,,,,10.339215894963116,0.5568400770712909,,,,0.34,,,,58.97,
SMLT,2026-09-26,,,81.2,16.6,,,0.4039800995024876,0.6477644492911668,,3.77,3.64963503649635,5.76,,3.9,2.4875621890547266,-29.295191972549073,,-29.201481695031916,,-12.977396394055985,0.0,,,,0.84,,,,68.81,
SMSPHARMA,2026-09-26,,,4448.0,43.4,,1.890622570047194,4.953229398663697,5.66150178784267,,14.3,7.488986784140969,13.3,,19.0,11.358574610244988,22.95540140458423,,8.259636508133351,,8.195708169720618,0.46496815286624205,,,,0.08,,,,68.07,
SNOWMAN,2026-09-26,,,583.0,248.0,,,0.9418416801292407,1.4481327800829875,,0.95,0.6418485237483954,3.65,,15.0,0.8077544426494345,-25.048764643136913,,26.19146889603865,,7.162019146313581,0.7761194029850746,,,,1.43,,,,50.01,
SOBHA,2026-09-26,Realty,,13116.0,56.9,,0.842974160821347,2.335054299448104,2.7823129251700682,,4.16,1.184676137237807,6.86,,6.0,4.112515577710521,67.49910334684495,,5.906022907914932,,21.951666520645063,0.2239406779661017,,,,0.49,,,,52.88,
SOFTTECH,2026-09-26,,,664.0,132.0,,14.240209966187422,4.776978417266187,3.870967741935484,,2.9,1.968503937007874,6.21,,24.0,3.597122302158273,9.269526243884506,,-5.063792846052662,,20.724635545824597,0.22674418604651161,,,,0.0,,,,18.89,
SOLARA,2026-09-26,,,3587.0,840.0,,,2.506638714185884,2.1358381502890174,,-0.13,-0.08572653236176596,4.86,,13.0,-0.1397624039133473,,,,,3.544945884321571,0.5482841181165203,,,,0.0,,,,41.93,
SOLARINDS,2026-09-26,Chemicals,,178673.0,89.7,,2.6733643876715827,15.74072768919038,28.45100864553314,,32.6,19.099972048821392,38.1,,27.0,18.060082812087042,33.55322619455028,,35.169177335758285,,23.201258509532696,0.2427911422654134,,,,0.06,,,,73.15,
SOLARWORLD,2026-09-26,,,1168.0,9.98,,,0.7913279132791328,1.3803680981595092,,20.8,6.93127962085308,23.8,,10.0,7.926829268292683,-79.70138113732399,,-27.776832850728116,,43.35611090430125,0.3010625737898465,,,,0.0,,,,65.77,
SOLEX,2026-09-26,,,762.0,9.56,,0.09210589950095593,0.47066090179122916,3.0128205128205128,,46.3,6.943268416596105,35.8,,11.0,5.06485484867202,103.79356861827054,,,,64.15543052188902,1.3399209486166008,,,,0.08,,,,66.15,
SOMANYCERA,2026-09-26,,,2535.0,23.1,,7.346054480642765,0.8637137989778535,3.0146341463414634,,10.4,5.047476261869066,12.8,,10.0,3.4412265758091998,3.144545151532663,,4.4273853983385125,,4.055919833716692,0.44418052256532065,,,,0.97,,,,55.19,
SOMATEX,2026-09-26,,,264.0,64.3,,,2.467289719626168,1.5748031496062993,,-2.06,3.9301310043668125,-0.66,,2.9,8.411214953271028,-24.736789203951403,,,,161.26275918342182,0.0,,,,0.62,,,,80.6,
SOMICONVEY,2026-09-26,,,106.0,23.8,,,1.1763400288536234,1.2947976878612715,,6.36,3.9830965653659414,9.46,,10.22,4.916213516812784,-0.8711244002680418,,20.82783610936536,,-4.081678313991466,0.16566523605150216,,,,0.0,,,,59.09,
SONACOMS,2026-09-26,Automobile and Auto Components,,51459.0,70.8,,8.541748124932644,10.50827036961405,8.565488565488565,,11.3,9.190782422293676,14.2,,24.0,14.008576679599754,8.288701441961365,,12.59146621214191,,15.418003013197934,0.07387598194885509,,,,0.41,,,,28.01,
SONAL,2026-09-26,,,129.0,6.5,,,,0.3347328244274809,,6.91,2.8694404591104736,6.09,,,,-6.3417010720180915,,3.1539809572703748,,,,,,,0.0,,,,24.92,
SONAMLTD,2026-09-26,,,278.0,30.9,,1.7633937324871443,1.39,3.87709497206704,,10.9,7.82608695652174,14.1,,8.0,4.5,17.523029276290835,,21.38522244476697,,31.476794716464763,0.29577464788732394,,,,0.43,,,,58.12,
SONATSOFTW,2026-09-26,Information Technology,,7849.0,15.5,,1.0676654202411708,0.7125737630503859,4.123711340206185,,28.2,9.293456443195504,30.7,,7.0,4.203359055832955,14.517656661109024,,4.244105102206985,,8.545048765277329,0.3795275590551181,,,,2.82,,,,28.17,
SOTL,2026-09-26,,,4890.0,11.8,,0.4272406609837063,1.007624150010303,2.690566037735849,,8.26,15.265486725663715,13.4,,11.0,8.530805687203792,27.61909405539942,,9.877900293030905,,9.071904492949212,0.0011019283746556473,,,,0.7,,,,68.93,
SOUTHBANK,2026-09-26,Financial Services,,13084.0,8.66,,0.7124812327716435,,1.1086474501108647,,13.5,1.0659160811535313,6.42,,,,12.154706119502245,,102.36964896827038,,,,,,,0.9,,,,,
SOUTHWEST,2026-09-26,,,610.0,15.2,,0.232468989169709,2.3106060606060606,2.7419354838709675,,17.5,12.048192771084338,20.1,,25.0,15.151515151515152,65.38506514046725,,27.91479051336654,,25.675540577635346,0.39215686274509803,,,,0.0,,,,65.94,
SPAL,2026-09-26,,,2427.0,23.1,,4.2742826669263385,1.5399746192893402,2.5691489361702127,,11.2,6.599622878692646,14.0,,14.0,6.662436548223351,5.404415617793323,,4.881800030530226,,13.181528925662755,0.4429175475687104,,,,0.31,,,,61.81,
SPANDANA,2026-09-26,,,1999.0,,,,,0.9416666666666667,,-29.4,-5.235350624399616,-5.78,,,,,,,,,,,,,0.0,,,,48.16,
SPARC,2026-09-26,Healthcare,,6784.0,4.25,,,3.5536930330015717,5.060532687651332,,279.0,72.961768770152,164.0,,85.0,82.97537977998952,,,,,192.8627337654219,0.41778774289985054,,,,0.0,,,,65.68,
SPCENET,2026-09-26,,,190.0,7.6,,0.22825034313636253,1.0,1.0737179487179487,,9.8,10.612244897959183,9.95,,6.0,13.684210526315791,33.29677360204259,,114.11273683383239,,14.072565884674159,0.14124293785310735,,,,0.3,,,,15.52,
SPELS,2026-09-26,,,606.0,,,,16.989066442388562,10.314960629921261,,-15.2,-7.150393636880124,-7.61,,-3.62,-24.698626296607795,,,,,-17.441691586454233,0.4835560123329907,,,,0.0,,,,59.18,
SPENCERS,2026-09-26,,,253.0,,,,0.13646170442286948,-0.27821782178217824,,,-17.765042979942695,-9.34,,0.2,-13.3764832793959,,,,,-7.532533013244802,-2.1018619934282583,,,,0.0,,,,58.81,
SPIC,2026-09-26,,,1318.0,6.43,,0.29216322188023075,0.43584656084656087,0.961367013372957,,15.0,8.200000000000001,16.8,,9.0,6.779100529100529,22.008245797056247,,4.678437817489489,,15.867554829548336,0.5131386861313869,,,,3.09,,,,53.38,
SPLIL,2026-09-26,,,89.9,,,,0.6033557046979866,2.1527777777777777,,-91.3,-42.68292682926829,-35.5,,-42.0,-46.97986577181208,,,,,-20.451587133037908,2.0238095238095237,,,,0.0,,,,74.85,
SPLPETRO,2026-09-26,Chemicals,,16548.0,33.6,,0.17107682972625182,2.8935128518971847,6.984126984126984,,13.7,13.896848137535816,,,13.0,8.480503584542753,196.40298486805582,,72.86747495300408,,60.04740232296761,0.055952881783761045,,,,1.19,,,,64.24,
SPMLINFRA,2026-09-26,,,1407.0,16.5,,,1.414070351758794,1.3833333333333333,,8.28,3.702090592334495,6.47,,8.0,8.542713567839195,,,167.2679931888434,,-8.968277245379863,0.3772391991570074,,,,0.0,,,,40.51,
SPORTKING,2026-09-26,,,2715.0,16.8,,0.5262399722192483,1.038638102524866,2.6193390452876377,,12.1,9.288990825688073,13.2,,13.0,6.197398622800306,31.924598827320906,,-16.20550567227531,,3.233277474919216,0.5283926852743022,,,,0.47,,,,74.36,
SRD,2026-09-26,,,251.0,13.6,,0.32768653024689715,0.5251046025104602,2.041666666666667,,11.6,11.464968152866243,14.0,,5.0,3.765690376569038,41.503079146259104,,-7.335903613518635,,18.39820992275083,0.2032520325203252,,,,0.13,,,,73.6,
SREEL,2026-09-26,,,691.0,21.0,,3.044247661506798,2.6782945736434107,1.3906976744186046,,4.7,6.25,6.97,,15.0,12.790697674418606,6.8982560997043585,,14.692317344251737,,6.265856918261115,0.004016064257028112,,,,0.67,,,,75.0,
SRF,2026-09-26,Chemicals,,75292.0,33.6,,1.92992770756389,4.428680665843186,5.358649789029536,,14.3,8.972071212184089,14.6,,22.0,12.716899005940826,17.40997855428099,,2.736812986805859,,8.969272525747618,0.3619854721549637,,,,0.35,,,,50.26,
SRGHFL,2026-09-26,,,231.0,6.75,,0.6023886644604484,,0.7777777777777778,,11.6,2.893617021276596,11.8,,,,11.205390138019755,,6.8513196468449555,,,,,,,0.0,,,,59.02,
SRHHYPOLTD,2026-09-26,,,1021.0,10.4,,2.1049421621792845,1.4627507163323783,1.0512367491166077,,10.5,8.251121076233185,14.0,,12.0,13.18051575931232,4.940753331308967,,-2.326908299481467,,-6.936543907210712,0.012358393408856848,,,,0.5,,,,61.84,
SRIKPRIND,2026-09-26,,,55.0,8.65,,,3.9313795568263044,0.4252336448598131,,3.89,4.6976090014064695,4.49,,52.11,47.748391708363116,-5.4016099148803125,,81.0822218081002,,0.5784655061507049,0.00926214196762142,,,,3.66,,,,59.63,
SRM,2026-09-26,,,955.0,8.09,,0.17126993044698832,0.8850787766450418,2.567901234567901,,34.3,11.85929648241206,37.1,,17.0,10.936051899907321,47.23537855644793,,-46.327088931368806,,46.6667874920468,0.3638814016172507,,,,0.0,,,,72.59,
SRTL,2026-09-26,,,152.0,10.6,,0.4437846636398693,0.5033112582781457,0.7701612903225806,,10.4,4.53074433656958,13.9,,12.0,4.635761589403973,23.885458125253933,,6.463522797756771,,9.187516013804164,0.15151515151515152,,,,0.0,,,,34.59,
SSDL,2026-09-26,,,290.0,9.83,,,0.48172757475083056,,,58.9,14.563106796116504,45.2,,7.0,4.983388704318937,,,,,,0.6615384615384615,,,,4.09,,,,74.99,
SSWL,2026-09-26,,,5956.0,28.0,,,1.0817290228841263,3.2956521739130435,,11.0,5.533803184547115,14.8,,10.0,3.8503450780966215,-31.99569359267922,,0.5412222387485954,,8.114235675485615,0.4587257617728532,,,,0.4,,,,61.15,
STANLEY,2026-09-26,,,824.0,119.0,,,2.0097560975609756,1.7647058823529413,,3.07,0.6734006734006733,6.43,,17.0,1.4634146341463417,-47.99460102542288,,-50.976641689482385,,-1.7271910004938884,0.6630901287553648,,,,0.0,,,,56.88,
STAR,2026-09-26,Healthcare,,10922.0,18.8,,,2.182653876898481,3.516320474777448,,20.0,9.313941530777141,18.3,,19.0,12.66986410871303,,,,,8.75666958943051,0.5658191181203733,,,,0.42,,,,27.91,
STARCEMENT,2026-09-26,Construction Materials,,7542.0,20.0,,2.5704536289844055,1.9810874704491725,2.367088607594937,,13.2,7.876049063912201,16.6,,24.0,9.613869188337274,7.7807277962458565,,8.387948697141434,,9.357076239484563,0.18896897524287057,,,,1.07,,,,58.1,
STARHEALTH,2026-09-26,Financial Services,,32854.0,38.9,,,1.7188448257821491,4.325581395348837,,7.61,3.5073138297872344,9.69,,6.0,4.415611593596317,-0.23137519044360566,,,,10.881101293145434,0.062046204620462043,,,,0.0,,,,58.01,
STARPAPER,2026-09-26,,,242.0,16.2,,,0.6722222222222223,2.0945945945945947,,13.7,6.779661016949152,19.9,,10.0,4.444444444444445,,,,,,0.3017241379310345,,,,1.61,,,,44.93,
STARTECK,2026-09-26,,,260.0,10.7,,0.7180806725755348,,0.9886792452830189,,9.53,3.5555555555555554,9.11,,,,14.900832745744829,,19.085528058448077,,,,,,,0.1,,,,73.3,
STCINDIA,2026-09-26,,,656.0,13.6,,0.07853844347551604,,-0.1656534954407295,,,29.28151830094894,,,-37.0,,173.16360495786665,,,,,-0.2976190476190476,,,,0.0,,,,90.0,
STEELCAS,2026-09-26,,,3810.0,42.0,,6.465115410194335,8.639455782312925,9.64102564102564,,24.0,19.782608695652172,32.3,,27.0,20.634920634920633,6.496403750778135,,22.158988345874263,,2.4593455620505855,-0.0,,,,0.45,,,,45.0,
STEELCITY,2026-09-26,,,122.0,7.18,,0.5633926343404633,1.8208955223880596,0.8840262582056891,,10.7,7.172995780590717,14.5,,31.0,25.37313432835821,12.74422057080189,,4.218852166805176,,2.073126578466522,0.07246376811594203,,,,4.95,,,,74.7,
STEELXIND,2026-09-26,,,1440.0,45.3,,,1.3597733711048159,,,,22.5,,,12.0,2.5495750708215295,,,,,,2.3181818181818183,,,,0.0,,,,49.67,
STEL,2026-09-26,,,1143.0,58.2,,4.18091774135551,42.333333333333336,0.7098623853211009,,1.18,1.1675423234092235,1.58,,97.0,74.07407407407408,13.92038868029266,,6.062440636745281,,14.471424255333186,0.0,,,,0.0,,,,72.05,
STLNETWORK,2026-09-26,,,2666.0,,,,2.821164021164021,3.329268292682927,,-11.3,-3.474903474903475,0.48,,4.5,-10.476190476190476,,,,,-13.792193268912333,1.1660424469413233,,,,0.0,,,,44.14,
STLSTRINF,2026-09-26,,,20.0,,,,6.666666666666667,0.2993548387096774,,-4.99,-15.66265060240964,-5.01,,-1094.0,-433.3333333333333,,,,,44.22495703074083,-0.0,,,,0.0,,,,50.22,
STLTECH,2026-09-26,Telecommunication,,43037.0,182.0,,,7.62796880538816,18.0,,1.24,3.8645038167938934,7.65,,15.0,4.306983339241404,,,26.955195646700925,,11.382740862444773,0.8562610229276896,,,,0.0,,,,42.29,
STOVEKRAFT,2026-09-26,,,2696.0,33.1,,,3.138533178114086,8.8,,67.5,14.210526315789473,31.8,,13.0,9.429569266589057,,,,,17.910901262747103,0.17218543046357615,,,,0.43,,,,55.79,
STUDDS,2026-09-26,,,1613.0,21.6,,,2.4625954198473283,3.082706766917293,,17.0,11.755485893416928,22.9,,17.0,11.450381679389313,-13.251811500356247,,5.456345694705234,,7.381271628619235,0.015296367112810707,,,,0.73,,,,61.75,
STYL,2026-09-26,Financial Services,,6179.0,23.4,,,4.100199071001991,4.331065759637188,,23.3,15.836832633473305,27.7,,26.0,17.51824817518248,-47.81248230967658,,,,-1.103269768711912,0.05890603085553997,,,,0.65,,,,81.8,
STYLAMIND,2026-09-26,,,5710.0,33.6,,3.4470625790578566,4.8678601875532825,7.0777310924369745,,19.9,17.364657814096017,26.6,,20.0,14.492753623188406,9.747429653332107,,22.759777133866834,,8.671902971056976,0.03598014888337469,,,,0.0,,,,56.86,
STYLEBAAZA,2026-09-26,,,2860.0,105.0,,4.029326696073953,1.4666666666666666,6.2354892205638475,,2.19,2.496016994158258,7.57,,14.0,2.41025641025641,26.05894431501636,,,,26.078371435467183,2.2111111111111112,,,,0.0,,,,44.8,
STYRENIX,2026-09-26,Chemicals,,3636.0,13.3,,0.8129197758072829,1.0373751783166905,2.66023166023166,,14.2,10.99476439790576,13.8,,13.0,7.788873038516406,16.360778019937115,,,,16.4075965639203,0.40087783467446964,,,,2.61,,,,46.24,
SUBEXLTD,2026-09-26,,,1207.0,37.3,,,4.133561643835616,3.519736842105263,,9.9,5.434782608695652,12.8,,14.0,10.273972602739725,,,7.4520805832128945,,-1.9742021314739566,0.08163265306122448,,,,0.0,,,,,
SUBROS,2026-09-26,Capital Goods,,4703.0,27.4,,1.4084075861734484,1.203121002814019,3.774869109947644,,14.5,7.778819119025304,19.2,,8.0,4.246610386288053,19.45459557942599,,38.63157826486703,,8.374877103335866,0.06028938906752412,,,,0.42,,,,36.79,
SUDARCOLOR,2026-09-26,,,911.0,7.72,,0.11764223390149811,0.9509394572025052,2.17032967032967,,27.7,38.04755944931164,36.2,,-12.0,31.732776617954073,65.62269130713685,,53.53916609366234,,1.690967051619352,0.0,,,,0.0,,,,70.26,
SUDARSCHEM,2026-09-26,Chemicals,,9704.0,95.6,,,0.9780286232614392,2.776765375854214,,0.54,0.9316445095781429,5.46,,7.0,0.8969965732715178,-44.0351318765008,,-13.57550285349034,,57.51146611933598,0.7168115942028985,,,,0.41,,,,8.19,
SUDEEPPHRM,2026-09-26,Chemicals,,13157.0,72.0,,,19.46301775147929,14.89769820971867,,25.2,15.67291311754685,28.2,,34.0,27.218934911242602,-73.8872905726393,,-45.685340069236304,,13.77443045282356,0.16987542468856173,,,,0.13,,,,76.16,
SUKHJITS,2026-09-26,,,499.0,14.6,,,0.3420150788211104,0.8791208791208791,,1.47,3.1221303948576673,5.88,,6.0,2.3303632625085675,-11.920400742353966,,-14.06974760270393,,1.9962483911362128,0.6073943661971831,,,,0.63,,,,66.15,
SULA,2026-09-26,,,1141.0,44.0,,,2.041144901610018,1.9396551724137934,,4.61,2.295684113865932,7.55,,18.0,4.47227191413238,-35.70200935453548,,-15.010209167941468,,-0.5309834581697093,0.5663265306122449,,,,1.48,,,,24.62,
SUMEDHA,2026-09-26,,,34.3,12.2,,,0.30624999999999997,0.5269607843137255,,2.56,4.3478260869565215,3.96,,3.9,2.6785714285714284,-28.240525284253902,,-1.5624269830945003,,5.272659960939663,0.0,,,,2.33,,,,50.25,
SUMEETINDS,2026-09-26,,,846.0,34.2,,,0.7877094972067039,4.0,,14.7,4.537205081669692,13.2,,4.9,2.3277467411545625,,,56.03727114243022,,2.925428473998948,0.7594339622641509,,,,0.0,,,,68.06,
SUMICHEM,2026-09-26,Chemicals,,22279.0,39.0,,2.40764445926045,6.865639445300462,6.568483063328424,,16.2,12.941439427805095,22.1,,21.0,17.842835130970723,16.1984049804345,,6.4596185886544255,,4.494885963578121,0.018584070796460177,,,,0.29,,,,75.0,
SUMIT,2026-09-26,,,235.0,35.3,,,2.4031087023213007,1.2551020408163265,,3.5,1.638001638001638,6.55,,14.84,6.749156355455567,-21.724846597382598,,,,-18.472430055181587,0.6301633045148896,,,,0.41,,,,60.85,
SUMMITSEC,2026-09-26,,,1509.0,12.6,,0.764024039506916,7.778350515463917,0.1763731362304065,,1.14,1.2231169095912753,1.52,,79.0,61.855670103092784,16.491627682463704,,18.68701428684274,,23.89882451828722,-0.0,,,,0.0,,,,74.64,
SUNCLAY,2026-09-26,,,2726.0,,,,1.2943969610636277,2.1037414965986394,,-17.0,7.6477757464960385,-3.34,,4.8,11.918328584995251,,,,,14.174024316670074,1.0023166023166024,,,,0.36,,,,59.08,
SUNDARAM,2026-09-26,,,54.0,,,,0.5567584287039902,0.3106267029972752,,-3.08,-1.7076718740117638,5.15,,6.79,-2.783792143519951,,,,,-0.7615281825020137,0.4042702485966319,,,,0.0,,,,31.11,
SUNDARMFIN,2026-09-26,Financial Services,,50086.0,22.0,,1.4077486887388235,,3.361670395227442,,15.0,2.58756337781922,9.44,,,,15.627789374614443,,13.601073519593655,,,,,,,0.89,,,,37.21,
SUNDRMFAST,2026-09-26,,,24772.0,39.9,,7.378293782209943,3.7521963041502575,5.807881773399015,,14.9,10.34366576819407,17.6,,16.0,9.300212056952438,5.407754309838442,,5.990507708512727,,5.228403944104176,0.14619883040935672,,,,0.68,,,,46.94,
SUNDROP,2026-09-26,,,2811.0,101.0,,4.994009260434571,1.7514018691588784,1.903061224489796,,1.3,1.582815149802148,1.93,,4.4,1.7445482866043613,20.22423162091036,,-6.902567419072215,,28.298175817191627,0.00878972278566599,,,,0.0,,,,43.9,
SUNFLAG,2026-09-26,,,7401.0,34.8,,2.721958119757899,1.8525657071339174,0.8353658536585366,,2.37,1.8243003896563939,4.07,,12.0,5.156445556946183,12.784913826335886,,-1.05179426298605,,5.367989114415717,0.059062218214607755,,,,0.24,,,,51.16,
SUNLOC,2026-09-26,,,72.7,19.7,,,0.8647555608421554,1.0441826215022092,,6.01,2.1700808461491703,6.52,,14.77,4.24646128226478,,,-11.028642133779321,,-2.315073628313069,0.801580459770115,,,,0.0,,,,73.53,
SUNPHARMA,2026-09-26,Healthcare,,444405.0,35.2,,4.347554357026731,7.417753000283755,5.32183908045977,,16.0,11.177322497624692,20.5,,30.0,20.225000417285642,8.0965060144925,,29.879457348114723,,7.299384684723598,0.0553667584061266,,,,0.86,,,,54.48,
SUNRAKSHAK,2026-09-26,,,1135.0,26.1,,0.42680869798982074,1.4953886693017129,6.130653266331658,,29.6,13.580246913580247,29.2,,9.0,5.797101449275362,61.15151852088656,,,,86.5027778331588,0.25405405405405407,,,,0.0,,,,69.66,
SUNSHIEL,2026-09-26,,,996.0,27.5,,1.1268813952358836,2.193832599118943,3.9442508710801394,,17.0,11.80327868852459,19.9,,13.0,7.929515418502203,24.403632996570668,,5.7180964040802085,,17.063940570212566,-0.0,,,,0.26,,,,66.54,
SUNSHINE,2026-09-26,,,1363.0,40.9,,,13.233009708737864,,,37.9,25.954198473282442,46.1,,47.0,33.00970873786408,,,,,,0.10476190476190476,,,,0.0,,,,74.84,
SUNTECK,2026-09-26,Realty,,4156.0,19.5,,0.4405977232791465,3.6876663708961845,1.1504065040650406,,5.85,2.129592248687929,7.48,,29.0,18.722271517302573,44.25805892702155,,53.41008154433,,25.88050873535488,0.21434505677097757,,,,0.53,,,,63.14,
SUNTV,2026-09-26,Media Entertainment & Publication,,20224.0,12.8,,,4.492225677476677,1.5981308411214954,,12.2,11.054114587096308,16.4,,51.0,33.98489560195468,-7.390461673338322,,-1.412355133127674,,1.6840750648447589,0.008384086055524795,,,,2.44,,,,75.0,
SUPERHOUSE,2026-09-26,,,182.0,23.3,,,0.2688330871491876,0.3909952606635071,,-0.08,0.9334889148191364,3.84,,7.0,1.1816838995568686,-14.521348472126228,,-26.174758531900654,,0.5979215323756559,0.38924731182795697,,,,0.49,,,,54.88,
SUPRAJIT,2026-09-26,,,6695.0,35.6,,8.778881922540263,1.660878193996527,4.647619047619048,,13.1,5.802047781569966,15.5,,11.0,4.639047382783428,4.055186106170883,,1.6998150455468153,,11.653261445264707,0.6910229645093946,,,,0.72,,,,45.26,
SUPREME,2026-09-26,,,121.0,168.0,,,20.61328790459966,0.21360544217687075,,-0.12,0.11429339787548742,-0.03,,-32.71,11.584327086882453,-55.17808766107179,,-44.566870802997784,,-56.580369205067846,0.01060667358533711,,,,0.0,,,,58.17,
SUPREMEIND,2026-09-26,Capital Goods,,45095.0,43.7,,,3.981546883277415,7.304526748971194,,15.8,13.23925593329057,20.7,,14.0,9.111778209429632,-1.1775695437740263,,1.2860126328584576,,3.7763884075707077,0.014751175230993677,,,,1.01,,,,48.96,
SUPREMEINF,2026-09-26,,,793.0,,,,9.790123456790123,3.3874999999999997,,,228.22610635924136,,,3.1,7576.543209876543,,,,,11.14186217280826,6.239316239316239,,,,0.0,,,,47.32,
SUPRIYA,2026-09-26,Healthcare,,7929.0,39.9,,2.152521440451299,9.082474226804123,6.610738255033557,,19.1,14.591009579955786,25.2,,33.0,22.68041237113402,18.53640072994327,,5.500628542244668,,15.269160266354142,0.004173622704507512,,,,0.1,,,,68.3,
SURAJEST,2026-09-26,,,1059.0,11.5,,1.4217678445718804,1.8644366197183098,1.0673076923076923,,9.52,4.691483936766955,14.5,,39.0,16.19718309859155,8.088521655561042,,19.37023234918287,,11.297063666165098,0.649546827794562,,,,0.0,,,,69.8,
SURAJLTD,2026-09-26,,,364.0,43.7,,,1.8666666666666667,2.64,,4.98,3.5398230088495577,7.11,,8.0,4.102564102564102,-27.210242189662427,,44.00020651758376,,-16.16947116511357,0.43795620437956206,,,,0.76,,,,75.0,
SURAKSHA,2026-09-26,,,1788.0,49.9,,,5.501538461538462,7.297872340425532,,14.2,7.8125,17.3,,31.0,10.76923076923077,-72.81519667773387,,-54.2748104537196,,14.06342691925413,0.5327868852459017,,,,0.15,,,,49.1,
SURANASOL,2026-09-26,,,124.0,,,,3.195876288659794,2.219298245614035,,-0.2,-0.08372404554588078,,,1.16,-0.1288659793814433,,,,,,0.0,,,,0.0,,,,45.75,
SURANAT&P,2026-09-26,,,216.0,6.59,,0.10929722504901418,3.6,1.1865671641791045,,14.7,11.07011070110701,13.4,,-5.0,50.0,60.29430296189793,,33.17897130359915,,33.88659001643391,0.36813186813186816,,,,0.0,,,,72.05,
SURYALA,2026-09-26,,,166.0,4.69,,0.19589675742099752,0.34439834024896265,0.5571428571428572,,12.6,8.144796380090497,14.0,,11.0,7.468879668049793,23.941182394973602,,,,2.089939256096063,0.28523489932885904,,,,0.51,,,,70.36,
SURYALAXMI,2026-09-26,,,107.0,3.52,,,0.14718019257221457,0.4014084507042254,,15.8,4.418262150220913,13.8,,14.0,4.126547455295736,,,,,19.68953638607147,1.766990291262136,,,,0.0,,,,60.93,
SURYAROSNI,2026-09-26,Capital Goods,,4950.0,15.9,,,0.6201453269857179,1.8760330578512396,,10.9,8.801128349788435,15.6,,7.0,3.908794788273615,-1.794512891497213,,8.752451977967347,,0.7330770142909948,0.030372057706909643,,,,2.2,,,,63.02,
SURYODAY,2026-09-26,,,1585.0,8.26,,,,0.7602040816326531,,7.58,0.9656004828002415,7.33,,,,-3.9032383810871263,,,,,,,,,1.01,,,,22.48,
SUVEN,2026-09-26,,,9466.0,,,,1051.7777777777778,14.955357142857144,,-81.5,-56.41025641025641,-79.5,,-4152.0,-3911.1111111111113,,,,,-9.143970358393016,0.028764805414551606,,,,0.0,,,,65.47,
SUVIDHAA,2026-09-26,,,46.4,,,,9.508196721311476,1.7265625,,-29.8,-12.166640366103836,-28.0,,-141.8,-157.99180327868854,,,,,-13.766028411619068,0.048399106478034255,,,,0.0,,,,38.33,
SUYOG,2026-09-26,,,762.0,12.6,,,3.0358565737051793,1.555023923444976,,14.2,6.362672322375397,14.6,,66.0,23.904382470119522,-4.272205162666176,,,,14.547535597076156,0.7571428571428571,,,,0.15,,,,51.64,
SUZLON,2026-09-26,Capital Goods,,55635.0,17.7,,0.261538696300014,3.192093637041712,5.862068965517241,,39.7,16.662250251735653,34.2,,17.0,18.038900682770095,67.67640984069192,,,,38.72091149524406,0.05874894336432798,,,,0.0,,,,11.7,
SVGLOBAL,2026-09-26,,,264.0,,,,98.87640449438203,4.694533762057878,,-48.2,-8.441775108441774,-34.1,,-831.84,-189.5131086142322,,,,,-24.07342513714995,0.0,,,,0.0,,,,68.89,
SVPGLOB,2026-09-26,,,41.4,,,,,-0.03883610451306413,,,1.6019935920256319,-14.7,,-4194.0,,,,-1.2358448304436664,,,-2.744360902255639,,,,0.0,,,,52.75,
SWANCORP,2026-09-26,Chemicals,,9242.0,41.3,,,2.2152444870565677,1.2291666666666667,,-4.5,1.5014798238648668,-0.58,,-6.0,4.985618408437201,-9.428490059530926,,,,-5.9627183879958245,0.28264331210191085,,,,0.05,,,,53.96,
SWARAJENG,2026-09-26,,,4308.0,21.1,,1.5575040524959045,2.040738986262435,8.82089552238806,,43.6,25.930680359435172,58.4,,13.0,9.568924680246328,13.547316275798572,,13.01127793301886,,14.156841965081446,0.00408997955010225,,,,3.1,,,,52.11,
SWARNSAR,2026-09-26,,,87.0,7.01,,0.18705261482966673,0.09436008676789588,0.6205357142857143,,9.19,5.3097345132743365,11.0,,2.3,1.3015184381778742,37.47608664216442,,10.632952682496267,,6.1891306411032465,0.5,,,,0.0,,,,60.11,
SWELECTES,2026-09-26,,,890.0,20.7,,,1.4566284779050735,0.9654605263157895,,5.34,2.1133525456292026,8.0,,23.0,7.201309328968904,-12.368569521987204,,5.18098017151547,,35.98102554238114,0.8664495114006515,,,,0.6,,,,56.36,
SWIGGY,2026-09-26,Consumer Services,,73107.0,,,,2.9355525216832636,3.990963855421686,,-29.1,-14.851210524230297,-24.1,,-12.0,-15.049791198201094,,,,,30.339926226233736,0.13929234465436277,,,,0.0,,,,,
SWISSMLTRY,2026-09-26,,,340.0,47.1,,,1.317829457364341,2.491349480968858,,5.88,3.867403314917127,8.05,,3.9,2.7131782945736433,-5.008574840700342,,,,11.12726321530777,0.11764705882352941,,,,0.69,,,,63.1,
SWSOLAR,2026-09-26,Construction,,4126.0,13.2,,,0.5593059509285617,6.366906474820143,,40.1,-5.28493511378597,26.8,,4.0,-3.80913650535448,,,,,34.453990410193015,1.835130970724191,,,,0.0,,,,45.73,
SYMBIOTEC,2026-09-26,,,6447.0,64.8,,,7.4188722669735325,,,11.7,6.176305446378439,13.0,,27.0,12.658227848101266,-6.584855552710744,,-31.09400104924308,,15.29546870975671,0.34,,,,0.0,,,,33.28,
SYMPHONY,2026-09-26,,,4043.0,1039.0,,,3.6357913669064748,7.418136020151133,,2.96,-13.592233009708737,20.6,,13.0,-12.589928057553957,,,,,-1.285189143882326,0.3174311926605505,,,,1.53,,,,73.42,
SYNCOMF,2026-09-26,,,1885.0,22.0,,0.44060467255357305,3.785140562248996,4.535147392290249,,17.6,16.10486891385768,24.7,,18.0,17.269076305220885,49.93138150918048,,31.662686163398046,,23.872817889964516,0.0024096385542168677,,,,0.5,,,,50.57,
SYNGENE,2026-09-26,Healthcare,,15287.0,51.6,,,4.246388888888889,3.158333333333333,,7.78,3.132530120481928,9.99,,22.0,6.138888888888889,-24.368350185262745,,-11.087447125428508,,1.049424342452232,0.0946476544740649,,,,0.33,,,,52.59,
SYRMA,2026-09-26,Capital Goods,,33410.0,90.0,,1.9239186613412376,6.114568081991215,11.70945945945946,,14.0,6.970695335529737,16.8,,11.0,7.357247437774523,46.77952441984088,,27.856941654353996,,20.101841724966473,0.13971358714635,,,,0.09,,,,42.28,
TAALTECH,2026-09-26,,,1691.0,27.2,,1.438593337088136,7.828703703703703,6.910828025477707,,18.3,22.878228782287824,27.5,,31.0,28.703703703703702,18.907358527779405,,14.365752570490354,,4.923003685684013,0.004081632653061225,,,,1.2,,,,50.8,
TAINWALCHM,2026-09-26,,,196.0,24.3,,1.314496113147252,11.029825548677547,1.1358695652173914,,6.29,4.271772172150818,7.91,,2.93,45.07597073719752,18.486171055933642,,84.49356576179387,,-0.4830095738771911,0.0,,,,1.43,,,,68.11,
TAJGVK,2026-09-26,,,2034.0,14.2,,0.21873615563026758,3.5873015873015874,1.9877300613496933,,12.0,23.370786516853933,13.3,,31.0,73.36860670194002,64.91839430515746,,188.8366541006362,,11.594030952636047,0.1248780487804878,,,,0.62,,,,71.0,
TAKE,2026-09-26,,,229.0,38.9,,,2.6941176470588237,7.3809523809523805,,16.5,36.11111111111111,18.5,,-2.1,15.294117647058824,,,,,176.9829128377232,0.0,,,,0.0,,,,0.0,
TALBROAUTO,2026-09-26,,,2823.0,25.2,,43.70884064718111,3.1297117516629713,3.808333333333333,,14.9,10.32258064516129,18.4,,16.0,12.416851441241686,0.5765424025637067,,20.019906737097905,,5.053126053519241,0.11305518169582772,,,,0.16,,,,58.43,
TANAA,2026-09-26,,,880.0,46.0,,2.352708817993047,20.952380952380953,5.693069306930693,,11.4,10.857142857142858,15.6,,61.0,45.23809523809524,19.551930799171235,,27.628221794513188,,11.868894208139679,0.0,,,,0.72,,,,52.03,
TANLA,2026-09-26,Information Technology,,6562.0,12.3,,,1.4255920052139908,2.632978723404255,,21.4,14.289544235924934,26.3,,17.0,11.579404736041713,-0.48460719476041136,,0.23049801185692775,,5.428128828819556,0.02130225080385852,,,,2.43,,,,46.17,
TARACHAND,2026-09-26,,,382.0,17.6,,,1.3403508771929824,2.5661375661375665,,19.4,5.426356589147287,17.8,,36.0,9.824561403508772,,,,,,0.9261744966442953,,,,0.41,,,,71.64,
TARAPUR,2026-09-26,,,23.8,,,,,-12.842105263157894,,,-20.446735395189002,2.6,,-368.75,,,,,,,-4.634408602150539,,,,0.0,,,,21.95,
TARC,2026-09-26,Realty,,3817.0,,,,8.104033970276008,3.5833333333333335,,1.81,-0.28260869565217395,2.26,,-22.0,-2.7600849256900215,,,,,61.89470426300936,1.7843691148775895,,,,0.0,,,,65.12,
TARIL,2026-09-26,Capital Goods,,8334.0,32.2,,0.41969211729721034,3.2656739811912225,5.5049504950495045,,19.1,10.086239220097488,23.3,,15.0,10.540752351097177,76.72290870594827,,74.64069715056655,,25.502239603744115,0.30165016501650166,,,,0.09,,,,64.36,
TARMAT,2026-09-26,,,140.0,19.8,,,1.09375,0.748993288590604,,3.47,2.681992337164751,3.57,,6.0,5.46875,,,-0.3472306096024447,,12.877310836032896,0.08021390374331551,,,,0.0,,,,29.05,
TARSONS,2026-09-26,,,1770.0,150.0,,,4.01360544217687,2.7983193277310923,,2.44,0.927487352445194,4.59,,27.0,2.494331065759637,-36.09945091111236,,-77.44858301554144,,14.213022870317872,0.6188976377952756,,,,0.0,,,,47.3,
TASTYBITE,2026-09-26,,,2529.0,69.7,,,4.3379073756432245,7.393848462115529,,10.9,7.578947368421053,14.0,,10.0,6.174957118353345,-4.679659490827614,,28.33279958514583,,2.58682722958381,0.12280701754385964,,,,0.1,,,,74.23,
TATACAP,2026-09-26,Financial Services,,143965.0,26.5,,1.7391196619141363,,3.138888888888889,,12.4,1.8856883209869744,8.58,,,,15.237594387745101,,22.371741560265377,,,,,,,0.17,,,,85.41,
TATACHEM,2026-09-26,Chemicals,,16400.0,,,,1.0846560846560847,0.7740384615384616,,1.27,-5.05410533873532,3.42,,11.0,-13.035714285714286,,,,,-0.6549076082796867,0.3772988776761294,,,,1.71,,,,37.98,
TATACOMM,2026-09-26,Telecommunication,,47510.0,45.7,,,1.8685597419963818,13.768595041322314,,32.6,3.3089405027044223,14.6,,19.0,3.68127113977818,-0.7810501774969003,,-8.584995075028178,,6.635082099701806,3.553524804177546,,,,1.05,,,,58.86,
TATACONSUM,2026-09-26,Fast Moving Consumer Goods,,97307.0,59.0,,4.745048810022921,4.664765100671141,4.468181818181818,,7.35,4.790104728842732,9.24,,14.0,7.871524448705657,12.434013297265745,,11.067449680625252,,11.113400608510094,0.1294290435101891,,,,1.02,,,,33.83,
TATAELXSI,2026-09-26,Information Technology,,19856.0,195.0,,4.488835547921307,23.38751472320377,70.04395604395604,,39.3,21.888412017167383,60.0,,21.0,12.014134275618375,43.44111026528934,,15.877620069349497,,16.351764814905145,0.0,,,,2.35,,,,43.9,
TATAINVEST,2026-09-26,Financial Services,,32968.0,76.5,,19.938055243943495,81.60396039603961,1.1280276816608996,,1.44,1.3199803993629793,1.57,,89.0,106.68316831683168,3.836883741368813,,15.032311164196255,,1.6186790549776342,3.422079255355554e-05,,,,0.52,,,,73.38,
TATAPOWER,2026-09-26,Power,,117429.0,30.0,,19.94418392815402,1.8508787138466387,2.967741935483871,,10.2,3.010930088678078,10.5,,20.0,8.284340767593978,1.5041979209613476,,17.294533843457003,,1.0712245064084858,1.9291831357048748,,,,0.68,,,,46.86,
TATASTEEL,2026-09-26,Metals & Mining,,234653.0,19.8,,,0.9787158611254776,2.2982885085574574,,11.7,3.7987960136923933,12.5,,15.0,4.698109744907322,,,-23.121344603171266,,1.516493474494518,0.9042254348272926,,,,2.13,,,,32.94,
TATATECH,2026-09-26,Information Technology,,28547.0,43.9,,,4.81724603442457,7.2774327122153215,,16.3,6.286681715575621,20.9,,16.0,9.399257509281133,-6.435069356537493,,,,5.014372922333088,0.23910272750446088,,,,1.19,,,,55.17,
TATVA,2026-09-26,,,4195.0,80.1,,4.170656436505837,7.544964028776978,5.368263473053892,,5.54,5.079681274900398,7.18,,19.0,9.172661870503598,19.205609768976206,,-12.668928439813765,,12.165558527797614,0.15364916773367476,,,,0.11,,,,72.02,
TBOTEK,2026-09-26,Consumer Services,,18426.0,68.5,,8.651531512268107,5.959249676584735,11.867132867132867,,17.4,2.8485434805976566,18.3,,14.0,8.570504527813712,7.91767329320423,,49.806480635803574,,30.44560648074741,0.4874274661508704,,,,0.0,,,,44.4,
TBZ,2026-09-26,,,4375.0,20.5,,0.35511007714723647,1.2792397660818713,5.2063492063492065,,27.1,10.180780209324453,21.9,,11.0,6.257309941520468,57.7285785993064,,60.35513690820575,,14.155203240353753,1.0572792362768497,,,,0.38,,,,74.12,
TCC,2026-09-26,,,1206.0,18.3,,1.225646949985617,4.216783216783217,0.7351664254703328,,5.5,3.2288698955365627,5.65,,44.0,23.776223776223777,14.930890172096255,,,,54.866839700624205,0.17711503347534996,,,,0.0,,,,45.69,
TCI,2026-09-26,,,6790.0,14.9,,1.5424007301986529,1.350974930362117,2.6467065868263475,,19.2,13.210798391728892,19.4,,11.0,9.152407481098288,9.660265136208125,,9.70161690485214,,7.693172460085229,0.12159002338269681,,,,1.13,,,,68.66,
TCIEXP,2026-09-26,,,1928.0,23.0,,,1.5253164556962024,2.356807511737089,,10.4,8.0,13.8,,10.0,6.487341772151899,-14.517804374802656,,,,0.2651125873382787,0.07692307692307693,,,,1.4,,,,69.46,
TCPLPACK,2026-09-26,,,3737.0,30.0,,5.84355065118245,1.9898828541001066,5.19873417721519,,15.7,6.701631701631702,17.7,,16.0,6.123535676251332,5.133864971963487,,19.524035408274678,,6.8146896710368665,0.8817802503477051,,,,0.61,,,,55.73,
TCS,2026-09-26,Information Technology,,753286.0,14.0,,5.0900329275098155,2.7306921289499346,7.033783783783784,,51.8,27.629203994104884,63.0,,27.0,18.145139364675433,2.7504733661613434,,5.613181723973781,,4.621512057706401,0.10521260723610593,,,,3.07,,,,71.77,
TDPOWERSYS,2026-09-26,Capital Goods,,23577.0,85.7,,2.6435732595321313,11.100282485875706,21.924198250728864,,24.7,14.651038891848694,34.0,,18.0,12.947269303201505,32.41824288053492,,31.12676984144651,,28.501090027506535,0.016791044776119403,,,,0.14,,,,26.87,
TEAMGTY,2026-09-26,,,217.0,482.0,,,,,,,,,,,,,,,,,,,,,0.0,,,,74.91,
TEAMLEASE,2026-09-26,,,1793.0,11.7,,1.2072651070254912,0.14964112835920548,1.8858520900321543,,14.0,5.392857142857143,14.6,,1.3,1.2602236688365882,9.69132623142479,,31.462947097265538,,8.72766771745841,0.1111111111111111,,,,0.0,,,,33.29,
TECHM,2026-09-26,Information Technology,,151729.0,28.5,,0.9665328781178621,2.5640293362173856,5.125827814569536,,17.5,10.500732183534007,23.1,,17.0,8.724820873327024,29.486839656710174,,-1.7579547328307354,,4.405943778065535,0.07381145326850351,,,,3.29,,,,34.96,
TECHNOCRAF,2026-09-26,,,1945.0,43.5,,625.0947982607345,5.63768115942029,,,30.6,12.146892655367232,30.8,,20.0,12.46376811594203,0.06958944486665786,,,,24.44821966065682,0.5521472392638037,,,,0.0,,,,70.01,
TECHNOE,2026-09-26,Construction,,11702.0,27.2,,1.9293424584380139,3.4868891537544697,2.8179271708683475,,12.0,7.279175814896133,14.9,,14.0,12.842669845053637,14.098067391323044,,9.087511159628225,,30.732632514987635,0.01732018282415203,,,,0.7,,,,56.93,
TECHNVISN,2026-09-26,,,2557.0,852.0,,,8.94055944055944,462.088535754824,,3.32,1.4851485148514851,13.6,,2.8,1.048951048951049,-39.51840892748039,,-24.90957212002177,,14.008240016221984,5.8,,,,0.0,,,,74.32,
TECILCHEM,2026-09-26,,,16.7,,,,,,,,-4.361702127659574,,,,,,,,,,-0.0,,,,0.0,,,,47.71,
TEGA,2026-09-26,Capital Goods,,15714.0,,,,5.136972866949984,4.607929515418502,,5.94,-0.02320185614849188,8.14,,8.0,-0.032690421706440015,-71.99535045626604,,-48.47885189572576,,27.01057722058089,0.11681831523334311,,,,0.1,,,,67.51,
TEJASNET,2026-09-26,Telecommunication,,8973.0,,,,6.886415963161934,3.0545454545454547,,-26.8,-9.752206742528982,-14.6,,-50.0,-70.376055257099,,,,,-19.21007156305935,1.4251108836574549,,,,0.5,,,,53.33,
TEMBO,2026-09-26,,,1081.0,10.6,,0.16355693056902984,0.9449300699300699,2.389344262295082,,27.5,8.346094946401225,22.8,,14.0,9.527972027972027,64.80923775667353,,90.23278113825603,,37.61121670700385,0.8520971302428256,,,,0.17,,,,39.04,
TEMPSENS,2026-09-26,,,4452.0,64.9,,,10.004494382022472,,,14.4,10.741301059001513,17.8,,23.0,15.955056179775282,-83.01347346587875,,-61.21369920753084,,22.852195753993577,0.15694164989939638,,,,0.0,,,,65.67,
TENNIND,2026-09-26,Automobile and Auto Components,,20796.0,33.5,,,3.672258520218965,17.34006734006734,,44.4,23.728813559322035,60.8,,17.0,10.630407911001235,-8.535909414517896,,,,1.1748770369862438,0.04340567612687813,,,,0.0,,,,74.79,
TERAI,2026-09-26,,,81.1,11.8,,0.3851688930721044,1.2310261080752884,0.4896265560165975,,3.18,3.235971967452142,3.87,,-5.68,10.443230115361263,30.635911186605135,,-6.028388266299778,,-15.2064387194918,0.23193916349809887,,,,0.0,,,,74.18,
TERASOFT,2026-09-26,,,274.0,11.0,,0.129402225667079,1.0745098039215686,1.8717948717948718,,18.5,7.6923076923076925,24.5,,14.0,9.803921568627452,85.00626587598555,,,,44.79502207512507,0.2671232876712329,,,,0.55,,,,47.53,
TEXINFRA,2026-09-26,,,1507.0,166.0,,8.434232446592185,88.54289071680377,1.4097968936678613,,0.91,0.7055535101099282,1.35,,-34.14,55.17038777908344,19.681696117715084,,,,1.9118073843355399,0.026295560221988902,,,,0.13,,,,66.55,
TEXMOPIPES,2026-09-26,,,166.0,11.0,,0.22800694984309502,0.42783505154639173,0.720253164556962,,6.3,4.010695187165775,9.2,,9.0,3.865979381443299,48.24414346830106,,1.241870339872797,,-9.873614941566554,0.2391304347826087,,,,0.0,,,,44.24,
TEXRAIL,2026-09-26,Capital Goods,,5113.0,23.6,,1.0078138552100737,1.2107506511958324,2.1575342465753424,,7.3,4.2342698852394145,11.2,,9.0,5.067487568079565,23.417022774588368,,52.737729952870694,,6.4290816387160055,0.37700084245998317,,,,0.6,,,,48.34,
TFCILTD,2026-09-26,,,6403.0,74.9,,,,6.4186046511627906,,9.87,4.361210877373011,10.4,,,,-1.8585399904427424,,,,,,,,,0.43,,,,3.85,
TFL,2026-09-26,,,64.8,,,,,2.269230769230769,,-12.5,-5.768328904173831,-0.38,,,,,,,,,,,,,0.0,,,,53.99,
TGBHOTELS,2026-09-26,,,28.1,,,,1.0438335809806836,0.27768115942028987,,0.86,-0.8733894945490585,1.46,,-64.97,-5.237741456166418,,,,,-39.02394305847569,0.13014240506329114,,,,0.0,,,,31.22,
TGVSL,2026-09-26,,,1336.0,9.63,,0.30450562398975,0.6673326673326674,1.0330578512396693,,10.5,6.544256120527307,13.0,,18.0,6.943056943056942,31.625031662220326,,0.6304676103825235,,8.997916012757589,0.27525057825751736,,,,0.8,,,,64.27,
THAKDEV,2026-09-26,,,121.0,8.87,,,2.75,0.7297297297297297,,3.33,6.60377358490566,4.55,,27.0,31.818181818181817,,,-16.643395115014116,,12.382061455639448,0.10897435897435898,,,,0.0,,,,71.31,
THANGAMAYL,2026-09-26,Consumer Durables,,15959.0,40.6,,0.8643711251395506,1.658594886717938,11.258771929824562,,28.1,10.235602094240837,25.5,,7.0,4.063604240282685,46.970564864074134,,58.84697779359929,,35.97809840112382,0.644774011299435,,,,0.35,,,,61.61,
THEINVEST,2026-09-26,,,490.0,15.0,,0.6950702856859284,1.7883211678832116,0.6659574468085107,,4.01,3.707414829659319,8.54,,17.0,13.503649635036496,21.5805513613595,,83.10145566535286,,-3.191266176759666,0.0761904761904762,,,,0.0,,,,72.12,
THEJO,2026-09-26,,,2370.0,41.0,,,3.516320474777448,6.681957186544342,,15.7,9.836065573770492,19.4,,13.0,8.011869436201781,-0.03870718404885842,,7.894891219335576,,6.434566638985251,0.11549295774647887,,,,0.23,,,,53.61,
THELEELA,2026-09-26,Consumer Services,,18239.0,40.7,,,11.370947630922693,2.84375,,8.21,4.964141640519946,8.73,,48.0,27.618453865336654,,,,,11.057823073290107,0.28279200499687696,,,,0.0,,,,75.91,
THEMISMED,2026-09-26,,,1077.0,,,,3.2439759036144578,2.702078521939954,,0.41,6.688963210702341,2.74,,-13.0,12.048192771084338,-2.7530389156495527,,-11.294036983990585,,-4.568538796886368,0.25125628140703515,,,,0.43,,,,67.1,
THERMAX,2026-09-26,Capital Goods,,41076.0,74.6,,,3.789648491558262,7.396995708154506,,10.6,4.463072043497961,13.9,,8.0,5.452532521450318,-2.7528324929738,,13.697905502775853,,5.150460103660626,0.42396396396396396,,,,0.41,,,,61.99,
THOMASCOOK,2026-09-26,Consumer Services,,4867.0,21.6,,,0.6022024251422915,1.9038817005545285,,9.21,2.716271884654995,14.9,,4.9,2.6107399158624105,-5.499569995683496,,,,3.4550815741950958,0.21170463472113119,,,,0.48,,,,64.77,
THOMASCOTT,2026-09-26,,,369.0,16.6,,1.36924458318167,1.3820224719101124,2.6602564102564106,,16.8,8.823529411764707,20.4,,13.0,7.865168539325842,12.123473193830069,,66.11623594877129,,43.68879982523062,0.3333333333333333,,,,0.0,,,,51.68,
THYROCARE,2026-09-26,Healthcare,,9022.0,49.9,,1.404145049380347,10.299086757990867,15.407608695652176,,28.4,23.560910307898258,35.4,,32.0,20.091324200913242,35.53763909363994,,-0.03606203606710823,,15.266390172143085,0.08717948717948718,,,,1.65,,,,60.92,
TI,2026-09-26,Fast Moving Consumer Goods,,14420.0,63.8,,,4.781167108753316,4.809917355371901,,13.1,-0.5844155844155844,11.8,,16.0,-1.1936339522546418,,,,,29.3370212356443,0.7716297786720322,,,,0.17,,,,31.67,
TIGERLOGS,2026-09-26,,,278.0,,,,1.6162790697674418,7.4928774928774935,,-21.0,-42.64705882352941,-8.12,,-16.0,-16.86046511627907,,,,,-19.029315209757304,0.3783783783783784,,,,0.0,,,,57.48,
TIIL,2026-09-26,,,6810.0,20.0,,2.1766585105037115,2.323439099283521,3.366591928251121,,15.3,10.710987996306557,16.3,,18.0,11.87308085977482,9.188395838615815,,6.502250852477065,,10.336793152400858,0.40484429065743943,,,,0.67,,,,74.74,
TIINDIA,2026-09-26,Automobile and Auto Components,,48608.0,77.6,,,2.046307990233224,6.2775,,9.95,5.176196032672112,17.1,,10.0,4.6686873789677525,-20.375064301402812,,-4.6909516296780644,,12.038951061067738,0.09727777061024384,,,,0.14,,,,44.11,
TIJARIA,2026-09-26,,,19.8,,,,,-0.5872881355932202,,,-2.8501127742464627,-1.88,,-200.0,,,,,,,-2.1550754661142344,,,,0.0,,,,36.14,
TIMETECHNO,2026-09-26,Capital Goods,,8946.0,18.3,,1.3119807672107684,1.3880527540729248,2.185990338164251,,13.1,8.831353076786664,16.5,,14.0,7.726920093095423,13.94837520286616,,19.45860430932791,,8.888692174142188,0.17930528375733856,,,,0.83,,,,47.57,
TIMEX,2026-09-26,,,7390.0,82.8,,1.3710324698501621,8.704358068315665,97.99196787148594,,158.0,25.443786982248522,82.8,,15.0,10.129564193168433,60.39244279097859,,92.68760976998603,,26.540988416121092,0.9466666666666667,,,,0.0,,,,51.0,
TIMKEN,2026-09-26,Capital Goods,,24116.0,56.6,,,6.70075020839122,8.28423772609819,,14.3,11.516626115166261,19.0,,18.0,11.836621283689913,,,,,,0.005147563486616335,,,,0.08,,,,51.05,
TINNARUBR,2026-09-26,,,1762.0,28.6,,2.144671866012143,3.0804195804195804,5.8562874251497,,22.1,11.720226843100189,22.5,,19.0,10.839160839160838,13.33537332831225,,28.21987887469204,,16.36699011798588,0.43,,,,0.33,,,,67.21,
TIPSFILMS,2026-09-26,,,148.0,,,,1.3333333333333333,4.934876989869754,,-42.1,-20.66115702479339,-6.69,,-47.0,-45.04504504504504,,,,,12.480211777541573,6.266666666666667,,,,0.0,,,,74.98,
TIPSMUSIC,2026-09-26,Media Entertainment & Publication,,8551.0,39.8,,2.0671359918353613,21.70304568527919,32.95566502463054,,87.6,59.392265193370164,118.0,,69.0,54.568527918781726,19.25369214081678,,27.515879507299744,,17.641427375880415,0.019230769230769232,,,,1.94,,,,64.15,
TIRUMALCHM,2026-09-26,,,1940.0,,,,1.0589519650655022,1.2384615384615385,,-11.8,-3.208104685521317,-3.15,,1.1,-8.296943231441048,,,,,-4.1897294657424755,1.3906649616368287,,,,0.0,,,,37.13,
TITAGARH,2026-09-26,Capital Goods,,11078.0,57.0,,,3.3856968215158925,4.521978021978022,,6.78,4.654617479574152,10.9,,11.0,5.745721271393643,-12.98588640421775,,,,-5.302591256915012,0.2536644951140065,,,,0.12,,,,40.46,
TITAN,2026-09-26,Consumer Durables,,433595.0,74.3,,4.101842203783083,4.6917233842258455,27.593220338983052,,37.7,9.511071481646605,20.5,,10.0,6.232619539695078,18.11381235764602,,21.527138525152445,,21.84909935008912,1.9500095523148444,,,,0.31,,,,52.9,
TMB,2026-09-26,Financial Services,,13965.0,9.67,,0.9256845570527614,,1.3223388305847077,,14.0,1.9176626826029215,7.51,,,,10.44632313062217,,9.602005477736974,,,,,,,1.42,,,,,
TMCV,2026-09-26,Capital Goods,,162595.0,21.9,,,1.8646857116643922,12.774566473988438,,34.0,8.004358714561548,35.9,,13.0,4.80177070312052,,,,,,0.44094550023558976,,,,0.91,,,,42.56,
TMPV,2026-09-26,Automobile and Auto Components,,106973.0,107.0,,3.388888599910863,0.311236736368318,0.9539473684210527,,75.7,20.966325499948574,2.73,,4.9,23.13101718634984,31.57377318416852,,,,-7.482079873891523,0.7059017739229754,,,,1.03,,,,42.51,
TNPETRO,2026-09-26,,,1196.0,8.77,,0.21029960871900177,0.6707795849691531,1.176991150442478,,9.2,8.352941176470589,10.9,,11.0,7.9641054402692095,41.70240759562374,,-4.086679153495954,,2.2268555169035142,0.4567779960707269,,,,1.13,,,,34.54,
TNPL,2026-09-26,,,1049.0,4.02,,0.5142540504882016,0.22563992256399226,0.4537313432835821,,11.2,4.202898550724638,6.41,,11.0,5.6141105614110565,7.81714795670283,,78.67928294779061,,-0.29225343075864885,0.6964594127806563,,,,2.64,,,,35.32,
TNTELE,2026-09-26,,,45.3,,,,,-0.22993039443155452,,,-78.94736842105263,,,-359.0,,,,,,,-0.19689119170984457,,,,0.0,,,,63.63,
TOKYOPLAST,2026-09-26,,,70.3,201.0,,,0.8685446009389671,1.121212121212121,,1.01,0.25773195876288657,3.94,,8.07,0.4324190758586607,-30.009719522479838,,22.594737959695777,,6.839159013278406,0.771733928856277,,,,0.0,,,,68.89,
TOLINS,2026-09-26,,,348.0,10.7,,,1.0977917981072556,0.9638949671772428,,10.4,8.396946564885496,13.0,,14.0,10.410094637223976,-0.9123872377917674,,,,11.774945900913792,0.030470914127423823,,,,0.0,,,,68.53,
TORNTPHARM,2026-09-26,Healthcare,,189746.0,85.0,,9.25535612669041,12.068053170514533,20.112903225806452,,27.4,4.943366808822855,15.2,,33.0,13.712395853208676,9.183871353677976,,22.629706104016243,,13.589681862989679,1.7913686218407248,,,,0.76,,,,60.78,
TORNTPOWER,2026-09-26,Power,,63220.0,27.2,,4.1654607903060406,2.1662554824561404,3.311345646437995,,12.5,5.305805305805306,13.7,,19.0,8.189418859649123,6.529889817544432,,37.30067196936731,,2.3958786922412045,0.7324246395806029,,,,1.59,,,,51.09,
TOTAL,2026-09-26,,,114.0,12.7,,0.13702415285034275,0.17065868263473055,1.2638146167557933,,8.97,4.712041884816754,11.7,,2.5,1.347305389221557,92.68438983797908,,-2.886336834737613,,11.033035618323673,0.4444444444444444,,,,1.76,,,,49.74,
TOUCHWOOD,2026-09-26,,,66.6,21.0,,,1.0806425442154792,1.5100502512562815,,9.72,5.5371756921469615,13.2,,8.91,5.1598247606685055,-0.6873069424027323,,6.7535461207715475,,22.83821756844544,0.08002720471548401,,,,0.0,,,,62.89,
TOYAMSL,2026-09-26,,,46.8,,,,46.8,0.1653061224489796,,-3.36,-6.354515050167224,-6.5,,-1999.0,-1900.0,,,,,-64.83661130830407,0.0,,,,0.0,,,,,
TPLPLASTEH,2026-09-26,,,514.0,17.1,,1.1422846097456392,1.12472647702407,3.046296296296296,,18.4,11.71875,22.3,,11.0,6.564551422319474,14.96999946782771,,30.24168791885011,,13.446374371433635,0.11242603550295859,,,,1.97,,,,74.86,
TRACXN,2026-09-26,,,349.0,,,,4.154761904761905,6.626016260162602,,-27.7,-12.244897959183673,-6.81,,-13.0,-14.285714285714285,,,,,0.40000425823527586,0.0,,,,0.0,,,,34.63,
TRANSCOR,2026-09-26,,,77.0,8.06,,0.018712059549071163,0.08174097664543524,1.0480349344978166,,12.0,5.747126436781609,15.3,,1.1,1.0615711252653928,430.738261540007,,-1.2245962254714415,,-23.989334416922738,0.2054794520547945,,,,2.49,,,,72.69,
TRANSRAILL,2026-09-26,Capital Goods,,6300.0,15.1,,0.8846227254869667,0.9056929269695227,2.7588235294117647,,20.0,5.5072069621974435,33.6,,12.0,5.822311673375504,17.069423568886677,,1.1591932676238814,,19.49221747752801,0.29723805348531346,,,,0.64,,,,71.12,
TRAVELFOOD,2026-09-26,Consumer Services,,15980.0,33.6,,,9.263768115942028,11.027272727272727,,35.3,21.31578947368421,42.4,,39.0,28.17391304347826,-63.49809108002954,,2.4375370902517624,,7.308607779475618,0.16978516978516978,,,,0.84,,,,86.19,
TREEHOUSE,2026-09-26,,,25.6,,,,6.4,0.14168618266978922,,-5.42,-5.7894736842105265,-7.02,,-367.0,-275.0,,,,,-20.62994740159002,0.03333333333333333,,,,0.0,,,,24.56,
TREJHARA,2026-09-26,,,349.0,26.9,,,1.9717514124293785,1.1788617886178863,,3.31,3.2828282828282833,4.28,,7.0,7.344632768361582,-22.792394692270012,,-7.601183568922099,,97.4309082590968,0.07744107744107744,,,,0.0,,,,33.88,
TREL,2026-09-26,,,696.0,18.2,,,8.188235294117646,0.5431861804222649,,1.56,2.9948867786705624,2.92,,52.0,48.23529411764706,-45.275631031585874,,,,-4.306509274291715,0.0,,,,1.77,,,,71.36,
TRENT,2026-09-26,Consumer Services,,142336.0,77.8,,11.49975983713742,6.795703031749821,20.374045801526716,,27.7,15.474465001278881,28.3,,19.0,8.665552637861065,6.765358677209243,,76.51586037293544,,19.1731409097599,0.36664280601288474,,,,0.15,,,,37.01,
TRF,2026-09-26,,,237.0,45.3,,,2.7039361095265257,-0.7035830618892508,,,-1.748953495039853,9.42,,7.82,-6.959498003422702,,,,,-14.444225156790269,-1.6327459791863765,,,,0.0,,,,34.12,
TRIDENT,2026-09-26,Textiles,,11782.0,29.8,,7.143883260951638,1.7375018433859313,2.467948717948718,,7.91,5.240811994162133,9.79,,13.0,5.825099542840289,4.171400751029397,,-13.811335581112461,,-0.13726180299841184,0.38327745180217937,,,,2.16,,,,73.68,
TRIGYN,2026-09-26,,,174.0,16.0,,,0.17313432835820897,0.21853281853281853,,0.27,1.0183299389002036,2.29,,0.9,0.9950248756218906,-20.466969423202297,,-23.80066247794246,,-7.745966348773692,0.012547051442910916,,,,0.0,,,,44.51,
TRITONV,2026-09-26,,,568.0,29.2,,0.3612522427223992,0.9015873015873016,4.436,,8.91,5.538461538461538,11.3,,7.0,2.857142857142857,80.82994801623545,,,,13.75371620779191,1.03125,,,,0.23,,,,46.11,
TRITURBINE,2026-09-26,Capital Goods,,17618.0,50.8,,6.571617513937342,7.823268206039076,12.175824175824175,,25.2,13.343923749007146,34.1,,19.0,14.92007104795737,7.730212522603663,,4.84263718232576,,10.835178995494354,0.024896265560165973,,,,0.77,,,,55.84,
TRIVENI,2026-09-26,Fast Moving Consumer Goods,,5455.0,20.8,,,0.8836870241373724,1.6209150326797386,,8.68,4.136029411764706,9.02,,8.0,4.373886278956747,-11.409155866418653,,-6.4760529470965,,5.748753768350201,0.6464253664373317,,,,1.11,,,,60.58,
TRU,2026-09-26,,,49.9,,,,,0.9790209790209791,,-101.0,-26.785714285714285,-13.7,,,,,,,,,,,,,0.0,,,,30.97,
TRUALT,2026-09-26,,,3789.0,24.2,,0.46704108241922987,1.8482926829268294,2.4971751412429377,,8.38,4.20857596611964,10.4,,19.0,7.7560975609756095,51.81557021632064,,,,18.788883755619246,1.0861275476660093,,,,0.0,,,,70.55,
TSFINV,2026-09-26,Financial Services,,10147.0,20.8,,,9.125,1.6801470588235294,,8.23,7.37060655494587,3.38,,20.0,44.694244604316545,-2.9913683712380235,,24.41450262098266,,56.34017704091059,0.038952428310956404,,,,2.44,,,,54.99,
TTKHLTCARE,2026-09-26,,,1457.0,19.0,,3.4039493557500795,1.6407657657657657,1.3067173637515843,,6.3,5.568096313017306,8.04,,4.3,8.333333333333332,5.581751669690527,,12.204090872081785,,5.650769168972514,0.021524663677130046,,,,0.97,,,,74.57,
TTKPRESTIG,2026-09-26,,,7183.0,34.7,,,2.260226557583386,3.613793103448276,,8.97,7.000736919675756,12.1,,10.0,5.978602894902455,-5.043812616730747,,-8.491727480153354,,5.871997423806308,0.08787878787878788,,,,1.43,,,,70.52,
TTL,2026-09-26,,,184.0,348.0,,,0.968421052631579,1.4731404958677685,,-0.07,0.4405286343612335,5.82,,6.0,0.5263157894736842,-45.95080650627739,,-44.88702579587282,,-3.43411718344494,0.64,,,,0.7,,,,51.11,
TTML,2026-09-26,Telecommunication,,6733.0,,,,2.971315092674316,-11.986062717770034,,,1.3682230203523174,-12.7,,-28.0,3.5304501323918798,,,,,,-7.541329011345219,,,,0.0,,,,74.36,
TURTLEMINT,2026-09-26,,,2569.0,,,,2.3397085610200365,,,-36.2,-40.88888888888889,-35.6,,-12.0,-16.757741347905284,,,,,37.75827097214457,0.05901639344262295,,,,0.0,,,,13.21,
TUTIALKA,2026-09-26,,,676.0,20.2,,,1.976608187134503,3.75,,22.7,5.314009661835748,22.2,,16.0,9.649122807017543,-21.71026587403614,,,,2.2410676415067554,0.6629834254143646,,,,0.0,,,,75.0,
TVSELECT,2026-09-26,,,715.0,72.6,,2.8017025787529413,0.2589641434262948,8.201284796573875,,11.6,5.454545454545454,18.6,,0.6,0.3259688518652662,25.912814782900618,,74.17601355344775,,66.88859324927809,0.0,,,,0.0,,,,59.78,
TVSHLTD,2026-09-26,,,25494.0,12.8,,0.36544173335994645,0.4079823326078607,3.936582318025617,,30.6,6.108117449295398,17.0,,16.0,6.2219946229676095,35.02610356598894,,34.91900935058649,,16.14661715478669,5.591710485617074,,,,0.68,,,,74.45,
TVSMOTOR,2026-09-26,Automobile and Auto Components,,197508.0,57.1,,2.141086413193026,3.283318094921453,20.681592039800996,,33.6,6.413635877889787,17.4,,15.0,5.986202310697365,26.668704097209293,,35.27081664728209,,15.759961895129958,3.4282279142707788,,,,0.29,,,,50.27,
TVSSCS,2026-09-26,Services,,5747.0,81.1,,,0.4892729439809297,2.819956616052061,,9.7,0.9523809523809524,10.1,,7.0,0.5789204835688745,,,,,8.48442457117995,1.355140186915888,,,,0.0,,,,43.03,
TVSSRICHAK,2026-09-26,,,3531.0,34.5,,,0.9072456320657759,2.9665379665379668,,5.75,3.0273116156630473,7.85,,8.0,2.36382322713258,-5.063633226481901,,16.26989672746293,,9.976401016584923,0.6439966414777498,,,,0.82,,,,45.7,
TVTODAY,2026-09-26,,,635.0,23.2,,,0.7762836185819071,0.7114093959731543,,2.11,1.5057573073516386,4.49,,4.8,2.078239608801956,-32.70436537040102,,-37.59108164919959,,-4.392384904422853,0.016835016835016835,,,,2.82,,,,63.2,
UBL,2026-09-26,Fast Moving Consumer Goods,,33085.0,95.7,,,3.504024571065452,7.315789473684211,,7.69,4.085422469823584,10.7,,8.0,4.19402668926075,-1.1962870571693873,,1.5978950410089343,,5.143520491195552,0.29124281291463955,,,,0.8,,,,70.84,
UCOBANK,2026-09-26,Financial Services,,29970.0,12.1,,0.3509195589489987,,0.9715447154471544,,8.5,0.681088748513223,5.76,,,,34.480836680176516,,,,,,,,,1.84,,,,90.95,
UDAYJEW,2026-09-26,,,555.0,16.6,,0.39518391171687633,0.7827926657263752,2.6418152350081034,,19.4,8.661417322834646,19.2,,6.0,4.65444287729196,42.00575860459832,,34.35773010930687,,60.02949841475236,0.782608695652174,,,,0.31,,,,74.38,
UDS,2026-09-26,,,1392.0,15.3,,1.7967481128888962,0.4633821571238349,1.3248407643312101,,8.83,5.147058823529411,9.92,,4.6,2.796271637816245,8.515383926242137,,,,7.118934033047708,0.04277566539923954,,,,0.48,,,,59.09,
UEL,2026-09-26,,,2451.0,148.0,,11.349361270700898,7.338323353293413,107.60233918128655,,8.03,3.0852994555353903,10.6,,12.0,5.089820359281437,13.040381433805571,,,,44.36918208387362,0.641860465116279,,,,0.0,,,,74.96,
UFLEX,2026-09-26,,,4796.0,6.93,,,0.28435906557571444,0.5902222222222222,,4.27,3.076090388345136,7.03,,14.0,4.043638088461995,,,-9.07665166130257,,8.066696663161132,1.2499384388081753,,,,0.45,,,,44.58,
UFO,2026-09-26,,,232.0,9.65,,0.7178843876121818,0.4773662551440329,0.7124105011933175,,6.33,3.827751196172249,11.2,,16.0,4.938271604938271,13.44227589639846,,,,6.004760394618969,0.28923076923076924,,,,0.0,,,,16.46,
UGARSUGAR,2026-09-26,,,720.0,10.5,,0.1784892079009373,0.4433497536945813,4.1558441558441555,,60.2,10.793650793650794,27.3,,10.0,4.1871921182266005,58.8270860937854,,73.2648780033574,,19.318937527540303,1.308139534883721,,,,0.16,,,,44.54,
UGROCAP,2026-09-26,,,1274.0,7.29,,,,0.4385026737967914,,6.02,1.2433392539964476,,,,,,,,,,,,,,0.0,,,,2.88,
UJJIVANSFB,2026-09-26,Financial Services,,12609.0,13.9,,,,1.8433048433048433,,10.8,1.5745294659460212,7.73,,,,-10.61875958588091,,,,,,,,,0.0,,,,0.0,
ULTRACEMCO,2026-09-26,Construction Materials,,328715.0,38.1,,6.251996551264746,3.5774998911671236,4.290384615384616,,11.1,6.065173548455578,12.7,,19.0,9.328065822123548,6.09405326563921,,2.636169311327885,,9.022185975514763,0.3100203591564001,,,,2.15,,,,59.33,
ULTRAMAR,2026-09-26,,,1242.0,13.8,,0.8129349586599643,1.4963855421686747,1.4261744966442953,,8.59,8.409506398537477,10.8,,17.0,11.08433734939759,16.97552781190246,,9.599055663521039,,13.9475723650621,0.09885057471264368,,,,1.41,,,,40.49,
UMESLTD,2026-09-26,,,12.0,29.3,,0.8202485302546472,13.953488372093023,4.892473118279569,,19.2,12.225705329153605,18.0,,51.16,45.34883720930233,35.72088082974532,,49.62778697388448,,5.614901184954357,0.09387755102040816,,,,0.0,,,,39.83,
UMIYA-MRO,2026-09-26,,,182.0,20.2,,0.51417433667958,2.3947368421052633,1.5804878048780489,,-3.61,4.119850187265917,12.8,,39.0,14.473684210526317,39.28628591315344,,-35.20343748281456,,29.493663001001067,1.1043478260869566,,,,0.0,,,,65.45,
UNICHEMLAB,2026-09-26,,,3870.0,31.7,,,1.6767764298093588,1.4248704663212435,,3.17,8.227677367143242,4.13,,10.0,13.214904679376083,,,55.904246847417596,,8.942965950464309,0.1840264998159735,,,,0.0,,,,70.22,
UNIECOM,2026-09-26,,,942.0,44.3,,,4.464454976303317,4.872093023255814,,15.5,7.7490774907749085,21.1,,15.0,9.95260663507109,-5.198273648419227,,,,26.59494720655575,0.046632124352331605,,,,0.0,,,,36.01,
UNIENTER,2026-09-26,,,627.0,30.9,,,24.115384615384617,0.25596590909090905,,0.8,0.7636502481863306,0.8,,-16.0,76.92307692307693,-19.36319063534353,,-18.001734396321766,,-20.114543007954055,0.0,,,,3.88,,,,73.79,
UNIINFO,2026-09-26,,,11.7,,,,0.2695852534562212,0.36912751677852346,,-2.1,-2.630320420851268,-0.99,,0.94,-2.5345622119815667,,,,,-4.54550274191986,0.16813324952859834,,,,0.0,,,,50.91,
UNIMECH,2026-09-26,,,8476.0,118.0,,50.386422666460234,29.74035087719298,11.482758620689655,,7.96,7.792207792207792,11.2,,33.0,25.263157894736842,2.341900729510349,,-46.574922823881046,,10.891823393038823,0.1723202170963365,,,,0.0,,,,79.82,
UNIONBANK,2026-09-26,Financial Services,,137558.0,6.66,,0.462694543172722,,0.9836065573770492,,15.7,1.3004069913568668,6.3,,,,14.393945418789711,,28.568716643615446,,,,,,,2.77,,,,74.76,
UNIPARTS,2026-09-26,,,3826.0,20.9,,1.5946369225732882,3.07556270096463,4.38860103626943,,18.3,14.263074484944532,21.6,,22.0,14.469453376205788,13.106431755181847,,1.343112287425119,,2.952882278424629,0.1781609195402299,,,,1.8,,,,65.87,
UNITDSPR,2026-09-26,Fast Moving Consumer Goods,,103560.0,55.9,,5.479607132613793,8.202122604150166,11.577235772357724,,21.4,13.037160058127464,26.4,,18.0,14.921590369079677,10.201461281282675,,17.84536675241233,,3.7035598784101564,0.046129788897576234,,,,1.19,,,,56.68,
UNITECH,2026-09-26,,,1070.0,,,,2.085769980506823,-0.11424581005586593,,,-11.75913876730155,,,2.0,-581.2865497076024,,,,,2.4549617119013822,-0.8027973521247064,,,,0.0,,,,5.14,
UNITEDPOLY,2026-09-26,,,1074.0,39.2,,0.6522796404478657,1.5084269662921348,8.096885813148788,,21.1,9.89010989010989,17.8,,7.0,3.7921348314606744,60.096924032589236,,,,-7.785747879962468,0.7969924812030075,,,,0.0,,,,51.51,
UNITEDTEA,2026-09-26,,,212.0,18.1,,,3.4193548387096775,1.8240343347639485,,10.8,9.6,14.0,,21.0,19.35483870967742,,,,,,0.0,,,,0.75,,,,49.86,
UNIVCABLES,2026-09-26,,,5183.0,25.9,,1.13942992340561,1.538895486935867,2.7412844036697246,,8.9,4.626416840157298,11.7,,9.0,5.938242280285035,22.730665105396053,,21.698206337602134,,18.578759979595727,0.6224219989423585,,,,0.3,,,,61.89,
UNOMINDA,2026-09-26,Automobile and Auto Components,,70336.0,57.5,,5.35275791277596,3.3937756332931244,10.322033898305085,,19.3,9.424733537742735,19.6,,11.0,6.2291917973462,10.742126009988052,,27.291245434777434,,13.8855538483325,0.401230048323327,,,,0.22,,,,68.36,
UPHOT,2026-09-26,,,810.0,25.6,,,4.969325153374233,3.7974683544303796,,16.2,12.955465587044534,21.7,,25.0,19.631901840490798,-0.15295741074647928,,36.32164034094308,,3.503910092580176,0.0,,,,0.0,,,,88.38,
UPL,2026-09-26,Chemicals,,46419.0,23.5,,,0.8790811302174077,1.338199513381995,,5.64,2.4946573738979154,10.1,,17.0,4.399287932732369,,,-10.702399649244098,,7.004793981180302,0.6795019598801014,,,,1.09,,,,33.5,
URBANCO,2026-09-26,Consumer Services,,26061.0,,,,15.178217821782178,12.158273381294963,,-12.0,-12.288447387785135,-7.82,,-20.0,-19.45253348864298,,,,,27.520493900826757,0.06346243583761083,,,,0.0,,,,19.02,
URJA,2026-09-26,,,515.0,363.0,,,8.35360908353609,2.9153094462540716,,0.77,0.5886859400830612,1.3,,3.34,2.368207623682076,-9.143970358393016,,24.57309396155174,,11.503538707550787,0.05224429727740986,,,,0.0,,,,17.37,
USHAMART,2026-09-26,Capital Goods,,15810.0,29.0,,4.711315468763092,4.120406567630962,4.805555555555555,,15.1,12.089481199428844,19.5,,20.0,13.239510033880636,6.155393369914508,,11.722098856104889,,5.962946639158195,0.0693519079345851,,,,0.72,,,,40.28,
USK,2026-09-26,,,110.0,9.29,,,0.5527638190954773,0.6461038961038961,,0.98,3.287671232876712,3.74,,14.0,6.030150753768844,-26.842267772440852,,-8.875327381915444,,-29.87184372772893,0.45294117647058824,,,,0.0,,,,67.35,
UTIAMC,2026-09-26,Financial Services,,11592.0,21.7,,,6.072289156626506,2.577142857142857,,10.3,10.152686892722587,15.6,,45.0,26.820324777370352,-15.822152627245323,,-3.1367790135578444,,3.1973875700110233,0.03129855715871254,,,,4.44,,,,,
UTKARSHBNK,2026-09-26,,,2456.0,,,,,0.8846153846153847,,-40.0,-3.2734074612906574,1.46,,,,,,,,,,,,,0.0,,,,42.67,
UTLSOLAR,2026-09-26,Capital Goods,,12954.0,31.0,,,4.87909604519774,,,,126.14107883817427,,,18.0,11.450094161958567,,,,,,3.227272727272727,,,,0.0,,,,86.63,
UTTAMSUGAR,2026-09-26,,,1118.0,12.7,,,0.513079394217531,1.2739130434782608,,12.0,4.491481672689726,11.4,,9.0,3.9926571821936667,-13.038504107333726,,,,2.1048713662801033,0.8242009132420092,,,,0.85,,,,74.71,
V2RETAIL,2026-09-26,Consumer Services,,7830.0,49.4,,0.5910115172258198,2.2814685314685317,8.669354838709678,,22.9,7.390586292320396,19.3,,15.0,5.215617715617716,83.58551155124907,,,,43.353109562057156,1.1031042128603104,,,,0.0,,,,51.43,
VADILALIND,2026-09-26,,,5417.0,24.7,,1.7045251413831997,3.2321002386634845,6.368554522400676,,19.6,17.271293375394322,22.0,,19.0,13.066825775656325,14.490839354799,,37.41651522288934,,14.21079746193563,0.27058823529411763,,,,0.57,,,,64.72,
VADILENT,2026-09-26,,,883.0,4646.0,,,1.8094262295081966,220.27896995708153,,4.79,0.0,11.3,,1.5,0.0,,,,,,1.2953367875647668,,,,0.01,,,,51.03,
VAIBHAVGBL,2026-09-26,Consumer Durables,,3462.0,12.2,,0.403267761311146,0.9122529644268774,2.0892494929006085,,17.9,11.202830188679245,16.4,,10.0,7.5098814229249005,30.252852249666805,,3.3052052518176334,,7.66266356712253,0.2524271844660194,,,,2.91,,,,57.33,
VAISHALI,2026-09-26,,,112.0,25.2,,,1.037037037037037,1.6264150943396225,,6.02,3.2520325203252036,,,3.9,3.7037037037037033,,,,,,0.2753623188405797,,,,0.0,,,,30.54,
VAKRANGEE,2026-09-26,,,571.0,53.5,,1.4977234255502943,2.3595041322314048,2.6751269035532994,,5.39,3.205128205128205,7.51,,11.0,4.132231404958678,35.72088082974532,,,,4.346668430452061,0.018779342723004695,,,,0.0,,,,40.05,
VAML,2026-09-26,,,166876.0,10.5,,,2.4947451824610187,,,,,,,38.0,21.158302312717705,,,,,,,,,,1.87,,,,56.38,
VARDMNPOLY,2026-09-26,,,297.0,,,,0.32004310344827586,-0.46799999999999997,,,-4.9079754601226995,28.4,,6.0,-1.7241379310344827,,,,,4.723835175789048,-1.4532967032967032,,,,0.0,,,,40.63,
VARROC,2026-09-26,Automobile and Auto Components,,12755.0,44.7,,,1.3430557018005687,7.136752136752137,,15.1,4.108463434675431,19.0,,9.0,2.1059281878487943,-27.871234868937144,,,,7.938112390943242,0.5196629213483146,,,,0.18,,,,75.0,
VASCONEQ,2026-09-26,,,805.0,28.3,,,0.9147727272727273,0.7016129032258064,,2.22,1.1859381617958493,4.68,,5.0,3.1818181818181817,-25.276959686475408,,-4.902060720441037,,4.824573611186489,0.26109660574412535,,,,0.0,,,,30.38,
VASUPRADA,2026-09-26,,,82.8,,,,0.5594594594594594,0.8394957983193277,,-7.03,-1.9047619047619049,-0.7,,4.9,-2.7027027027027026,,,,,11.07406172153178,0.8367346938775511,,,,0.0,,,,74.9,
VASWANI,2026-09-26,,,149.0,20.4,,,0.38303341902313626,,,,,,,5.0,2.056555269922879,,,,,,,,,,0.0,,,,62.06,
VBL,2026-09-26,Fast Moving Consumer Goods,,147071.0,43.4,,2.629553581901309,6.09595457183122,7.512953367875648,,16.2,13.34716729963588,19.7,,23.0,14.129984249357538,16.504702660829395,,36.14574125743826,,14.568856903459793,0.12810297272448667,,,,0.34,,,,59.43,
VEDAVAAG,2026-09-26,,,55.0,13.3,,,0.4583333333333333,0.35944700460829493,,3.45,2.0,5.6,,9.0,3.3333333333333335,-19.86819209202689,,-13.333164524677576,,11.315078730200367,0.013157894736842105,,,,2.13,,,,35.16,
VEDL,2026-09-26,Metals & Mining,,104153.0,9.47,,0.14785516531706364,1.1716011608810097,2.094488188976378,,38.2,12.292142860217552,16.1,,31.0,32.122207473733944,64.04916581502134,,-0.09904932281351586,,-14.79772130514717,0.6635583662289535,,,,12.8,,,,54.72,
VEDPOWER,2026-09-26,,,12885.0,21.0,,,1.4643709512444596,,,,,,,18.0,-19.16126832594613,,,,,,,,,,0.0,,,,56.38,
VEEDOL,2026-09-26,,,2428.0,11.0,,0.7125036189199533,1.0729120636323464,2.345117845117845,,19.5,15.658362989323843,24.1,,12.0,9.721608484312858,15.438518076124751,,12.335726157134474,,5.394407486219377,0.015458937198067632,,,,4.16,,,,64.58,
VENKEYS,2026-09-26,,,2328.0,13.4,,0.4478087631982607,0.5849246231155779,1.4589585172109445,,9.07,7.492420961455175,11.9,,6.0,4.346733668341709,29.923487660886504,,1.026826884841614,,2.1130523696440973,0.10463659147869674,,,,0.61,,,,56.11,
VENTIVE,2026-09-26,,,13196.0,27.2,,,5.2868589743589745,2.3940677966101696,,8.33,5.50561797752809,10.8,,43.0,23.557692307692307,-49.483122004233984,,,,73.48911360989905,0.46749001089720305,,,,0.0,,,,88.99,
VENUSPIPES,2026-09-26,,,4481.0,43.1,,7.500527467847342,3.700247729149463,6.696594427244582,,17.0,8.0,21.3,,16.0,8.587943848059455,5.7462625375025445,,19.205361825945477,,14.724610425466844,0.4289985052316891,,,,0.05,,,,48.41,
VERANDA,2026-09-26,,,2245.0,34.8,,,4.276190476190476,2.3393574297188757,,3.84,8.695652173913043,12.8,,35.0,30.0952380952381,,,,,13.192306865783298,0.3987473903966597,,,,0.0,,,,33.75,
VERTOZ,2026-09-26,,,309.0,11.7,,0.6404617114056783,1.0198019801980198,1.3544776119402984,,12.4,6.413301662707839,14.2,,18.0,8.91089108910891,18.268070973861917,,4.132269692034085,,25.03654845242842,0.38596491228070173,,,,0.28,,,,64.8,
VESUVIUS,2026-09-26,,,7897.0,30.8,,4.867466088532539,3.7005623242736645,4.51276102088167,,15.0,11.557562076749434,21.3,,17.0,11.996251171508904,6.32772770057155,,30.356909572128732,,10.006994016440185,0.008009153318077803,,,,0.39,,,,55.57,
VGCL,2026-09-26,,,110.0,4.18,,,,0.6570644718792866,,10.5,11.344537815126051,10.9,,,,-17.27735668147723,,-10.250945598464266,,,,,,,4.18,,,,71.59,
VGL,2026-09-26,,,347.0,,,,0.6141592920353982,1.3678861788617884,,-15.9,-4.98220640569395,-0.11,,6.0,-7.433628318584071,,,,,,1.8138528138528138,,,,0.0,,,,65.64,
VGUARD,2026-09-26,Consumer Durables,,13298.0,35.0,,2.885692307346844,2.1074484944532488,5.598526703499079,,14.4,9.870200108166577,18.4,,9.0,5.784469096671949,12.12880524749349,,9.626227935295418,,9.115660342732944,0.0695322376738306,,,,0.49,,,,53.22,
VHL,2026-09-26,,,1071.0,4.26,,0.39418821674706955,53.55,0.28460038986354774,,5.91,6.686123640222871,6.28,,87.0,1260.0,10.807020146757518,,-10.130848620646471,,10.064241629820891,0.0,,,,0.15,,,,74.9,
VIDHIING,2026-09-26,,,1727.0,32.4,,2.4085969031369374,3.942922374429224,5.274390243902439,,15.6,12.649164677804295,18.8,,19.0,12.100456621004566,13.451815020521906,,-1.894842685515219,,13.69794506411548,0.17682926829268292,,,,0.87,,,,64.28,
VIDYAWIRES,2026-09-26,,,1926.0,30.7,,,0.9737108190091001,4.004424778761062,,17.7,10.396039603960396,20.6,,4.5,3.185035389282103,-63.58406147581866,,-42.46296683300071,,18.72338491072687,0.17708333333333334,,,,0.0,,,,72.8,
VIJAYA,2026-09-26,Healthcare,,15590.0,83.2,,5.126316756510962,18.191365227537922,16.27956989247312,,18.3,12.408759124087592,20.5,,42.0,21.820303383897315,16.22997640446764,,11.120677204389828,,16.073591163562373,0.44200626959247646,,,,0.13,,,,52.51,
VIJSOLX,2026-09-26,,,204.0,8.55,,0.08477963648920556,0.08069620253164557,0.5776566757493188,,5.56,5.183585313174946,8.58,,1.5,0.949367088607595,100.84968931293562,,-16.12952669991984,,11.392116217304803,0.1846590909090909,,,,0.0,,,,69.59,
VIKASECO,2026-09-26,,,184.0,111.0,,,0.4986449864498645,0.4663677130044843,,0.8,0.5847953216374269,2.34,,1.6,0.8130081300813009,-41.51964523574267,,-24.2141716744801,,12.52323272504492,0.0759493670886076,,,,0.0,,,,10.65,
VIKASLIFE,2026-09-26,,,228.0,12.4,,,0.45691382765531063,0.4141414141414141,,3.4,2.368421052631579,2.16,,-23.0,3.6072144288577155,,,,,1.5853772242604425,0.19021739130434784,,,,0.0,,,,14.2,
VIKRAMSOLR,2026-09-26,Capital Goods,,5809.0,16.1,,0.33979727304637863,1.110282874617737,1.8264840182648403,,21.4,6.334279630943931,30.6,,15.0,6.823394495412844,47.38119248473935,,,,27.724342060124975,0.19445319886542703,,,,0.0,,,,63.01,
VIKRAN,2026-09-26,,,1526.0,16.8,,,1.2217774219375501,1.2333333333333334,,10.8,3.6741214057507987,16.8,,14.0,7.365892714171338,,,,,,0.2431340872374798,,,,0.3,,,,56.27,
VIMTALABS,2026-09-26,,,2679.0,44.1,,3.1576970543302387,8.142857142857142,7.759067357512953,,13.5,13.863636363636363,17.6,,34.0,18.541033434650455,13.965874256216072,,54.93904629083839,,5.775162372528153,0.03508771929824561,,,,0.33,,,,35.66,
VINATIORGA,2026-09-26,,,12506.0,27.9,,2.4116557634417455,5.252414951700966,3.954098360655738,,14.9,12.51746297848561,19.8,,28.0,18.81562368752625,11.568815260840992,,5.108972305776893,,7.812371258280093,0.0,,,,0.7,,,,74.29,
VINCOFE,2026-09-26,,,2698.0,34.3,,0.5040632510068831,4.408496732026144,4.705882352941177,,16.6,10.896551724137932,18.2,,18.0,12.908496732026146,68.04701578915862,,,,67.17065425628297,0.21754385964912282,,,,0.08,,,,34.65,
VINDHYATEL,2026-09-26,,,3223.0,13.7,,,0.9465491923641703,0.7666290868094702,,5.31,2.8219538443142413,8.15,,7.0,6.930983847283406,-5.863796555114076,,4.05927214793298,,-5.911745930125367,0.3412604042806183,,,,0.22,,,,43.55,
VINEETLAB,2026-09-26,,,66.9,60.3,,,1.1262626262626263,1.4621848739495797,,3.68,0.8895656355185126,8.49,,14.29,1.868686868686869,-3.726917152734288,,-9.010975489632568,,-34.59379227531289,0.9938609953957466,,,,0.0,,,,5.98,
VINNY,2026-09-26,,,43.3,50.9,,,0.32556390977443606,0.5224719101123596,,1.11,0.8064516129032258,2.44,,4.5,0.7518796992481203,-50.0,,,,6.21264416178291,0.1927710843373494,,,,0.0,,,,39.66,
VINYLINDIA,2026-09-26,,,403.0,21.6,,,0.670549084858569,3.0985915492957745,,9.8,8.15450643776824,14.9,,2.0,3.1613976705490847,-5.097277315632665,,-11.742192962700582,,0.22284196253670174,0.0,,,,3.18,,,,50.41,
VIPCLOTHNG,2026-09-26,,,195.0,20.5,,,0.7707509881422925,1.0,,5.18,3.048780487804878,8.31,,9.0,3.9525691699604746,,,,,11.401184981872259,0.36082474226804123,,,,0.0,,,,46.55,
VIPIND,2026-09-26,Consumer Durables,,4279.0,,,,2.2821333333333333,14.754901960784315,,-92.4,-23.566084788029926,-28.9,,-15.0,-20.16,,,,,-5.826587291867147,2.5536332179930796,,,,0.0,,,,42.35,
VIRAT,2026-09-26,,,530.0,85.7,,2.1282840591062246,19.168173598553345,4.055555555555555,,5.08,4.584909859781883,7.51,,7.81,22.350813743218804,40.26718126902187,,9.176124412624098,,-5.166733842458537,0.004130335016062414,,,,0.0,,,,74.55,
VIRINCHI,2026-09-26,,,156.0,,,,0.5672727272727273,0.30463576158940403,,-4.67,-3.5294117647058822,2.12,,19.0,-10.909090909090908,,,,,-2.641888016423033,0.5537525354969574,,,,0.0,,,,39.46,
VIRTUALG,2026-09-26,,,26.0,,,,866.6666666666667,0.3458646616541353,,-0.49,-0.29744199881023203,-0.46,,-2933.33,-833.3333333333334,,,,,,0.02358113509192646,,,,0.0,,,,8.59,
VISACHROME,2026-09-26,,,504.0,,,,0.9863013698630136,-2.0294117647058822,,,193.6448598130841,-5.58,,0.2,202.73972602739727,,,,,-8.63454265876099,-1.7818181818181817,,,,0.0,,,,62.4,
VISAKAIND,2026-09-26,,,786.0,11.6,,0.03193580218833021,0.4460839954597049,0.9508881922675025,,1.68,6.375092661230541,6.82,,10.0,4.880817253121453,363.2287027453722,,-6.201350124076699,,4.887150992780764,0.36638452237001207,,,,1.32,,,,53.4,
VISHAL,2026-09-26,,,446.0,13.3,,,0.2815656565656566,0.689655172413793,,6.33,3.3203125,10.0,,7.0,2.146464646464646,,,,,,0.34775888717156106,,,,0.0,,,,55.05,
VISHNU,2026-09-26,,,4696.0,31.4,,2.422923699570688,2.768867924528302,4.389937106918239,,14.3,7.180469123982768,16.4,,15.0,8.84433962264151,12.959549657120316,,10.287879188339266,,11.820565012104979,0.4929840972871843,,,,0.04,,,,69.21,
VISHWARAJ,2026-09-26,,,119.0,,,,0.33903133903133903,0.5269230769230769,,-10.6,-4.3478260869565215,-3.28,,-3.7,-10.256410256410255,,,,,-13.69456260028179,1.6640316205533596,,,,0.0,,,,29.05,
VISL,2026-09-26,,,12818.0,,,,0.9434017811143004,,,,,,,8.0,-21.6015308751012,,,,,,,,,,0.0,,,,56.38,
VITAL,2026-09-26,,,127.0,48.4,,,1.007936507936508,1.2771084337349397,,1.01,0.45662100456621,3.18,,8.0,0.7936507936507936,-49.60628300216656,,,,2.501029596576787,0.6262626262626263,,,,0.0,,,,73.43,
VIVIDHA,2026-09-26,,,15.5,,,,64.58333333333334,-53.0,,-428.0,-22.166666666666668,-16.5,,-220.83,-554.1666666666667,,,,,-69.19489489870367,-15.341463414634141,,,,0.0,,,,5.63,
VIVOBIOT,2026-09-26,,,37.3,,,,0.676950998185118,0.4,,-2.24,-1.5972650339068541,7.74,,37.04,-5.172413793103448,,,,,6.628320925161213,0.723271790468012,,,,0.0,,,,30.62,
VIYASH,2026-09-26,Healthcare,,10791.0,48.7,,,3.0184615384615383,3.663663663663664,,7.39,5.809399477806789,13.4,,20.0,7.468531468531468,,,28.406706775674916,,37.6739669285171,0.1683270353830299,,,,0.0,,,,61.31,
VLSFINANCE,2026-09-26,,,752.0,16.1,,,11.75,0.35661218424962854,,0.95,2.131519274376417,0.96,,65.0,73.4375,-46.541615897762945,,-23.50551391203526,,-46.11280778545589,0.0,,,,0.63,,,,56.39,
VMART,2026-09-26,Consumer Services,,6049.0,43.6,,,1.514901076884548,6.333333333333333,,14.2,4.9640287769784175,13.2,,14.0,3.4560480841472576,,,63.755519311690875,,12.747278080210812,1.0073606729758149,,,,0.13,,,,44.15,
VMM,2026-09-26,Consumer Services,,48488.0,54.4,,2.339095775466073,3.5935670347587636,6.5408805031446535,,12.2,7.791073456197048,15.2,,15.0,6.610835247906321,23.256850177141896,,33.52548702231246,,14.827113434524431,0.26817752596789424,,,,0.0,,,,40.09,
VMSTMT,2026-09-26,,,231.0,13.6,,,0.2643020594965675,1.0108695652173914,,14.0,3.275529865125241,13.9,,6.0,1.9450800915331807,-30.36765810529285,,-13.273081667225739,,0.03816794263744594,1.013157894736842,,,,0.0,,,,67.18,
VOEPL,2026-09-26,,,1755.0,99.4,,7.7249422840722035,1.7620481927710843,3.9689922480620154,,4.3,1.8575851393188854,9.5,,10.0,1.8072289156626504,12.867410052363692,,,,23.326083330509427,0.837378640776699,,,,0.0,,,,46.22,
VOGL,2026-09-26,,,13440.0,62.5,,,1.3991255465334167,,,,,,,31.0,-5.132209036019154,,,,,,,,,,0.0,,,,56.38,
VOITHPAPR,2026-09-26,,,637.0,14.2,,3.105401039159323,3.0625,1.5025906735751295,,11.1,8.898305084745763,14.9,,27.0,20.192307692307693,4.572678317852352,,7.2022133111510955,,4.937394442096221,0.0,,,,0.69,,,,74.04,
VOLTAMP,2026-09-26,Capital Goods,,10834.0,34.2,,32.87604966188675,4.76429199648197,6.04686617730096,,17.4,15.70862239841427,23.5,,16.0,13.940193491644678,1.0402709678239752,,19.003931700006916,,12.05976343345787,0.0005580357142857143,,,,0.93,,,,30.0,
VOLTAS,2026-09-26,Consumer Durables,,37000.0,79.2,,3.728698954183452,2.4701248414446892,5.7927461139896375,,6.1,3.0491169977924946,9.04,,4.0,2.950797783563656,21.240652831771456,,-2.2672828061114814,,6.2701138528055145,0.15558343789209536,,,,0.36,,,,30.3,
VPRPL,2026-09-26,,,405.0,,,,0.5680224403927069,0.6435643564356436,,-19.9,-10.425531914893616,-6.75,,-21.0,-27.489481065918653,,,,,-21.501019675297506,1.0317460317460319,,,,0.0,,,,38.03,
VRAJ,2026-09-26,,,416.0,11.6,,,0.6469673405909798,0.9692307692307692,,7.75,7.258064516129033,10.5,,10.0,5.598755832037325,-22.30580794809032,,-28.444152283934987,,15.253439314703087,0.1,,,,0.0,,,,74.96,
VRLLOG,2026-09-26,,,5068.0,19.0,,0.42870489955485586,1.5101311084624554,4.44104134762634,,21.7,10.249520153550863,18.3,,20.0,7.955899880810488,44.31953080015782,,11.004904589061182,,5.1214808315334315,1.0096237970253719,,,,1.73,,,,60.24,
VSSL,2026-09-26,,,3979.0,43.2,,,2.255668934240363,4.221311475409836,,12.1,8.18661971830986,16.5,,8.0,5.272108843537415,,,,,,0.15037593984962405,,,,0.85,,,,51.06,
VSTIND,2026-09-26,,,3474.0,56.5,,15.137120917097755,7.375796178343949,13.945578231292517,,24.9,11.071428571428571,34.4,,15.0,13.163481953290871,3.732545991370251,,,,12.25151845841932,-0.0,,,,5.87,,,,32.16,
VSTL,2026-09-26,,,216.0,,,,,,,,,,,,,,,,,,,,,,0.0,,,,74.74,
VSTTILLERS,2026-09-26,,,3871.0,35.5,,,3.045633359559402,3.5387658227848102,,10.0,8.110119047619047,13.7,,13.0,8.575924468922109,-3.493437576800229,,,,9.502339459914033,0.0018281535648994515,,,,0.56,,,,55.55,
VTL,2026-09-26,Textiles,,16043.0,18.9,,1.8343989057172623,1.5750049086982132,1.5261707988980717,,6.86,6.2013267955004325,8.55,,14.0,8.442960926762224,10.303102526443109,,-11.352296289471731,,2.333348128313606,0.17643142476697737,,,,0.9,,,,65.08,
VTMLTD,2026-09-26,,,418.0,37.9,,,1.050251256281407,1.3258785942492013,,4.09,2.0089285714285716,5.09,,6.0,2.261306532663317,-22.41415176446876,,-10.49826750913121,,24.148052833628576,0.23809523809523808,,,,2.05,,,,74.99,
WAAREEENER,2026-09-26,Capital Goods,,71769.0,17.8,,0.6280080020013417,2.388875944479579,4.97011952191235,,32.5,13.350008337502084,38.4,,21.0,13.324235262790001,28.343587889445352,,103.09294989126796,,38.135365679786794,0.22253774761047238,,,,0.16,,,,64.12,
WAAREEINDO,2026-09-26,,,960.0,5.77,,,1.7328519855595668,3.347826086956522,,151.0,48.25581395348838,124.0,,46.0,29.96389891696751,,,,,,0.010452961672473868,,,,0.0,,,,74.93,
WAAREERTL,2026-09-26,Capital Goods,,8694.0,17.1,,0.33062304821622046,2.3806133625410735,9.307262569832401,,68.3,21.524852569502947,83.2,,19.0,13.992332968236582,51.72053216573384,,125.80098778484378,,60.94428291656004,0.15631691648822268,,,,0.12,,,,74.32,
WABAG,2026-09-26,Utilities,,12551.0,31.5,,1.8440977451894587,3.063461069074933,4.87378640776699,,15.9,6.435805292388109,21.3,,11.0,9.616792775201368,17.081524058131613,,24.475051109082237,,12.7809946079938,0.08878504672897196,,,,0.25,,,,19.08,
WAKEFIT,2026-09-26,Consumer Durables,,4688.0,23.8,,,3.0303813833225597,4.110787172011662,,23.1,11.02227298686465,10.9,,12.0,12.475759534583064,,,,,16.19955536857196,0.24028268551236748,,,,0.0,,,,36.88,
WALCHANNAG,2026-09-26,,,1433.0,,,,4.520504731861199,3.988657844990548,,-4.41,-0.340522133938706,4.17,,8.0,-0.9463722397476341,,,,,1.628950269749585,0.6100278551532033,,,,0.0,,,,31.59,
WANBURY,2026-09-26,,,784.0,18.2,,,1.2444444444444445,12.375690607734805,,76.5,10.38647342995169,36.6,,14.0,6.825396825396825,,,,,9.110430745720954,3.0338983050847457,,,,0.0,,,,43.01,
WARDINMOBI,2026-09-26,,,168.0,178.0,,,0.6086956521739131,1.114,,1.48,0.25510204081632654,7.06,,7.0,0.36231884057971014,-59.1471029678378,,-36.027599914147466,,-4.910035947266877,1.02,,,,1.8,,,,22.33,
WATERBASE,2026-09-26,,,188.0,,,,0.4895833333333333,1.3313782991202345,,-9.9,-3.9840637450199203,-7.35,,-1.1,-2.604166666666667,,,,,4.969802533854573,0.41843971631205673,,,,0.0,,,,69.05,
WCIL,2026-09-26,,,966.0,26.3,,,0.5143769968051118,1.1152941176470588,,4.58,3.0705394190871367,6.83,,4.4,1.970181043663472,-29.35323937287394,,-25.360229177773764,,3.660350402006496,0.2606689734717416,,,,0.0,,,,73.03,
WEALTH,2026-09-26,,,890.0,26.9,,,15.344827586206897,5.921985815602837,,27.7,18.333333333333332,34.6,,64.0,56.896551724137936,-8.191353889290143,,11.873383267545435,,-4.694551316453954,0.0,,,,1.08,,,,74.04,
WEBELSOLAR,2026-09-26,Capital Goods,,3179.0,10.1,,,2.6425602660016625,5.048275862068966,,66.9,33.72717508055854,63.2,,37.0,26.101413133832086,,,,,,0.20793650793650795,,,,0.34,,,,29.72,
WEIZMANIND,2026-09-26,,,113.0,18.4,,,0.8828125,1.7136150234741783,,9.55,6.382978723404255,14.3,,11.0,4.6875,-11.172198641799302,,12.577140756466786,,1.337056668661285,0.09090909090909091,,,,0.68,,,,68.34,
WEL,2026-09-26,,,1000.0,83.5,,,1.3623978201634876,9.551856594110115,,8.95,2.891566265060241,9.39,,4.4,1.6348773841961852,,,,,,1.0865384615384615,,,,0.13,,,,71.79,
WELCORP,2026-09-26,Capital Goods,,74716.0,32.4,,1.186832028414386,4.318843930635838,8.161383285302593,,19.4,11.367647058823529,22.9,,14.0,13.404624277456648,27.29956659771524,,39.08683729716529,,-0.0769527044965912,0.2572083879423329,,,,0.18,,,,49.73,
WELENT,2026-09-26,Construction,,10443.0,29.5,,25.119282809863833,2.9466704288939054,3.4272727272727272,,13.6,4.7658175842235,16.7,,20.0,9.81941309255079,1.1743965870082862,,21.526450543525467,,7.234776214711225,0.6527595269382391,,,,0.4,,,,56.13,
WELSPLSOL,2026-09-26,,,3644.0,128.0,,,4.145620022753128,7.982583454281568,,4.8,3.329506314580941,9.9,,6.0,3.299203640500569,-22.94865916193579,,,,8.040196565118274,0.07658643326039387,,,,0.0,,,,55.17,
WELSPUNLIV,2026-09-26,Textiles,,21227.0,76.3,,,2.1368028991342864,4.385964912280702,,4.48,2.75211701308699,6.26,,9.0,2.879001409301389,-25.317024759798922,,-13.356430968533129,,0.8705886549044584,0.4708155379296319,,,,0.04,,,,66.36,
WENDT,2026-09-26,,,1729.0,102.0,,,6.780392156862745,6.8132387706855795,,4.89,5.555555555555555,7.82,,14.0,6.666666666666667,-25.47443701616885,,-8.93818769478143,,3.9532586316427087,-0.0,,,,0.35,,,,37.5,
WESTLIFE,2026-09-26,Consumer Services,,9015.0,,,,3.333949704142012,14.559193954659948,,-3.79,1.1307420494699647,6.34,,13.0,1.183431952662722,-22.835822309125398,,,,4.171400751029397,2.9159935379644586,,,,0.13,,,,56.39,
WEWIN,2026-09-26,,,49.0,10.9,,0.4685322250582027,0.5232247730912973,1.5784313725490196,,15.1,8.389387144992526,10.9,,6.21,4.7944474105712755,23.26414154041585,,32.07052883435742,,24.277446463802054,0.10825570189527788,,,,0.0,,,,70.96,
WEWORK,2026-09-26,Services,,9062.0,102.0,,,3.500193124758594,29.681818181818183,,31.6,1.1985335589396504,20.7,,65.0,3.28312089609888,,,,,15.852640740719725,18.624161073825505,,,,0.0,,,,48.3,
WHBRADY,2026-09-26,,,125.0,24.9,,,1.4805164041217576,1.448377581120944,,5.86,4.87055389106553,8.53,,4.83,7.509179201705554,-17.516252429090017,,3.92113265253875,,-1.9177835807697385,0.08814343551185656,,,,0.0,,,,73.76,
WHEELS,2026-09-26,,,5894.0,36.1,,0.9606278818002005,1.0358523725834798,5.389671361502347,,15.8,4.723961297666477,18.8,,8.0,2.9173989455184532,37.57958797984211,,16.05248517617399,,4.563844333326217,0.7377521613832853,,,,0.63,,,,59.51,
WHIRLPOOL,2026-09-26,Consumer Durables,,11658.0,42.8,,8.642393248409551,1.3996878376755912,2.801829268292683,,7.71,3.4355828220858897,10.7,,4.9,3.02557329811502,4.952331925867459,,-15.023190690470711,,6.837582615988125,0.08627733717856284,,,,0.54,,,,39.76,
WILLAMAGOR,2026-09-26,,,24.6,,,,24.6,-0.11089108910891088,,,-4.030226700251889,0.43,,-14452.0,-1600.0,,,,,-30.663872564936533,-2.506787330316742,,,,0.0,,,,62.01,
WINDLAS,2026-09-26,,,2275.0,34.2,,2.1035058758827803,2.5165929203539825,4.010909090909091,,12.2,7.2767364939360535,15.9,,12.0,7.300884955752212,16.258571174966296,,4.985740097478719,,20.786117522880133,0.060240963855421686,,,,0.57,,,,63.31,
WINDMACHIN,2026-09-26,,,3099.0,1040.0,,,5.1138613861386135,5.338078291814947,,0.54,0.9060022650056626,2.61,,4.9,1.3201320132013201,,,21.5858347642385,,19.625322253454858,0.17408906882591094,,,,0.0,,,,42.95,
WIPL,2026-09-26,,,143.0,,,,1.2327586206896552,3.1878557874762805,,1.0,-0.0,4.04,,2.0,-0.0,,,,,2.0964160578223368,0.20454545454545456,,,,0.59,,,,37.88,
WIPRO,2026-09-26,Information Technology,,162466.0,12.3,,1.8746979786289946,1.7107446718894785,1.9547079856972585,,15.5,9.429743618863746,17.8,,19.0,13.988922584449497,6.561056842337476,,2.7824901799905044,,1.8978019814373637,0.23052977198104954,,,,6.71,,,,72.59,
WOCKPHARMA,2026-09-26,Healthcare,,36814.0,92.3,,,10.329405162738496,7.453947368421052,,6.11,4.826299836791793,7.55,,22.0,11.616161616161616,,,,,8.40017793198584,0.4520242914979757,,,,0.0,,,,49.09,
WONDERLA,2026-09-26,,,3238.0,30.6,,,5.460370994940978,1.802120141342756,,4.6,5.238828967642527,6.2,,34.0,17.200674536256326,-16.8344669144886,,,,7.078559689205477,0.0033407572383073497,,,,0.39,,,,62.22,
WORTHPERI,2026-09-26,,,228.0,14.8,,,0.7331189710610932,1.218487394957983,,8.14,6.83453237410072,12.9,,11.0,6.109324758842444,-1.0696007262664842,,-4.286167129403795,,9.32709558264111,0.22340425531914893,,,,0.69,,,,68.2,
WPIL,2026-09-26,,,4204.0,24.8,,,2.1264542235710673,2.638036809815951,,10.7,7.14943234120896,14.6,,17.0,11.78553363682347,-29.0430475405943,,11.76558509640211,,5.913450222262773,0.3155248271527341,,,,0.46,,,,70.79,
WSI,2026-09-26,,,425.0,143.0,,,6.451123254401943,1.072936660268714,,0.8,0.4905408907482136,3.06,,4.86,4.022465088038859,-65.89850960541675,,,,-41.33982546819244,0.17341128236276668,,,,0.0,,,,51.66,
WSTCSTPAPR,2026-09-26,,,4834.0,21.0,,,1.1049142857142857,1.3406593406593406,,4.25,4.344637946837763,6.17,,12.0,5.417142857142857,-30.75885973240805,,-5.638680263002927,,-0.5500827116810658,0.09562084257206209,,,,0.41,,,,56.58,
XCHANGING,2026-09-26,,,684.0,11.2,,0.17405554176108678,3.3043478260869565,1.7247191011235954,,15.8,11.663479923518166,18.0,,34.0,29.468599033816425,64.347276086006,,2.955636723032895,,5.959613557644561,0.17929292929292928,,,,3.26,,,,75.0,
XELPMOC,2026-09-26,,,133.0,,,,33.92857142857143,1.7652859960552267,,-10.5,-9.23849567857977,-10.6,,-181.38,-201.78571428571428,,,,,-15.382421017521974,0.009222133119486766,,,,0.0,,,,49.39,
XPROINDIA,2026-09-26,,,2810.0,86.0,,,5.252336448598131,3.6944444444444446,,2.8,2.70935960591133,3.78,,9.0,6.16822429906542,-11.245715942155886,,-11.319216086264827,,4.9359415589022015,0.4281949934123847,,,,0.17,,,,40.32,
XTGLOBAL,2026-09-26,,,395.0,33.7,,,1.0675675675675675,1.9342105263157894,,5.97,5.208333333333334,8.48,,7.0,4.054054054054054,0.0,,-10.354639745865136,,19.466827260402276,0.24630541871921183,,,,0.17,,,,62.54,
XTRANET,2026-09-26,,,1573.0,36.7,,5.988527387838098,4.30958904109589,,,34.8,11.988304093567251,32.8,,17.0,11.232876712328768,6.128384763595274,,,,17.849931330405244,0.6323529411764706,,,,0.0,,,,83.63,
YASHO,2026-09-26,,,5105.0,88.5,,,5.4366347177848775,11.505434782608695,,5.85,5.021645021645021,8.95,,20.0,6.17678381256656,-2.007367748953881,,0.8403462332215117,,16.491181236909824,1.2567567567567568,,,,0.01,,,,67.91,
YATHARTH,2026-09-26,Healthcare,,10805.0,59.6,,4.907788276484314,8.099700149925038,6.059459459459459,,10.4,7.624890446976336,12.4,,23.0,13.043478260869565,12.143963154558568,,22.772073452744813,,28.073919737668685,0.14831460674157304,,,,0.04,,,,55.8,
YATRA,2026-09-26,,,1629.0,47.3,,,1.6538071065989848,1.9659735349716447,,6.23,2.3255813953488373,7.23,,7.0,3.1472081218274113,,,,,32.650205313578496,0.12394705174488568,,,,0.0,,,,62.66,
YESBANK,2026-09-26,Financial Services,,70624.0,18.7,,0.4884294564513057,,1.347305389221557,,7.1,0.8028430213269134,5.98,,,,38.28597917878507,,23.15712275705608,,,,,,,0.0,,,,,
YOGI,2026-09-26,,,725.0,55.5,,,,5.0,,16.7,1.8258426966292134,12.8,,,,,,,,,,,,,0.16,,,,62.68,
YUKEN,2026-09-26,,,1532.0,97.9,,,3.113821138211382,4.101818181818182,,4.3,2.5236593059936907,7.4,,11.0,3.2520325203252036,-7.3663193064712695,,0.15712368022362533,,5.165892484076995,0.3074866310160428,,,,0.13,,,,58.05,
ZAGGLE,2026-09-26,Information Technology,,2405.0,18.6,,0.4770037359641315,1.2031015507753877,1.7211538461538463,,10.4,8.365508365508365,14.0,,9.0,6.503251625812906,38.993405287288226,,,,37.08302864526583,0.03917378917378917,,,,0.0,,,,44.3,
ZEEL,2026-09-26,Media Entertainment & Publication,,7384.0,35.3,,2.757107168144264,0.9025791468035692,0.6303278688524591,,2.4,1.4209341586944289,2.72,,3.2,2.4691358024691357,12.803274536390074,,-26.800224601725898,,-1.791783454862672,0.022591645353793693,,,,2.6,,,,3.99,
ZEEMEDIA,2026-09-26,,,493.0,146.0,,,0.6419270833333334,2.100558659217877,,3.0,-0.11454753722794961,5.27,,13.0,-0.13020833333333331,,,,,6.376781692864397,0.3705357142857143,,,,0.0,,,,9.04,
ZENITHEXPO,2026-09-26,,,110.0,378.0,,,1.8251202920192466,1.3012820512820513,,2.85,0.29603919967333603,4.97,,-4.15,0.48116807698689223,-0.598816752785214,,-21.71037432364947,,-9.636060916825162,0.025083214455539703,,,,0.0,,,,45.55,
ZENITHSTL,2026-09-26,,,74.8,26.9,,,1.7847769028871392,-0.30057142857142854,,,2.61140704170456,,,-28.06,9.591982820329276,,,-19.338027909464863,,-33.60969500077896,-0.8845458562648135,,,,0.0,,,,15.64,
ZENSARTECH,2026-09-26,Information Technology,,9897.0,12.4,,2.393676612915888,1.703149199793495,2.101449275362319,,17.3,12.779973649538867,22.8,,16.0,13.353983823782482,5.180315474985897,,13.159009866213122,,5.834157318094091,0.016740834922653103,,,,3.45,,,,49.0,
ZENTEC,2026-09-26,Capital Goods,,15190.0,83.6,,8.83881430911233,22.637853949329358,8.047846889952153,,10.7,9.1415313225058,16.2,,33.0,29.359165424739196,9.458282194458256,,140.12871987722826,,15.103875898157337,0.010058231868713605,,,,0.06,,,,48.51,
ZFCVINDIA,2026-09-26,Automobile and Auto Components,,26792.0,53.0,,7.474500346782985,6.363895486935867,7.265432098765432,,14.6,11.274288296430186,19.4,,16.0,11.852731591448931,7.090774973715952,,28.585089004189257,,3.3295591742784847,0.014905149051490514,,,,0.17,,,,60.0,
ZFSTEERING,2026-09-26,,,681.0,33.8,,,1.1721170395869192,1.4169811320754717,,3.29,2.37741456166419,6.48,,12.0,2.753872633390706,-23.20143155215414,,1.605973181496978,,6.720883496659713,0.2203742203742204,,,,0.0,,,,62.75,
ZIMLAB,2026-09-26,,,743.0,201.0,,,1.871536523929471,2.490974729241877,,1.59,0.7421150278293136,4.76,,7.0,1.0075566750629723,-40.12161062134633,,-23.962385964924838,,2.653748853367821,0.4276094276094276,,,,0.0,,,,30.36,
ZODIAC,2026-09-26,,,338.0,13.3,,,0.575809199318569,2.884864165588616,,18.7,5.186721991701245,15.0,,11.0,4.258943781942079,,,,,,2.076923076923077,,,,0.34,,,,69.97,
ZODIACLOTH,2026-09-26,,,193.0,,,,1.2371794871794872,1.0603318250377074,,-18.1,-10.23391812865497,-8.03,,-8.0,-22.435897435897438,,,,,2.232876560904362,0.5879120879120879,,,,0.0,,,,72.93,
ZOTA,2026-09-26,,,4629.0,,,,7.600985221674877,6.685,,-15.0,-9.195402298850574,-8.47,,0.5,-17.077175697865353,,,,,50.12335531875103,0.38904899135446686,,,,0.07,,,,49.38,
ZSARACOM,2026-09-26,,,1130.0,8.54,,1.3848725057035391,,1.0255721393034827,,8.92,10.83743842364532,10.9,,,,6.166632642953318,,13.87828889282372,,,,,,,0.0,,,,74.88,
ZUARI,2026-09-26,,,930.0,3.0,,0.02700263523862445,0.36200856364344103,0.44466800804828976,,1.24,30.043183220234422,16.4,,9.0,37.91358505254963,111.10026756606382,,48.41884922555486,,-17.619163749220434,0.30732407850646243,,,,0.0,,,,65.2,
ZUARIIND,2026-09-26,,,864.0,7.49,,,0.7861692447679709,0.24247491638795987,,2.71,1.4800335101926836,5.45,,4.3,9.64513193812557,-46.63071722165092,,,,9.458936591724164,0.7457198989615492,,,,0.34,,,,56.71,
ZYDUSLIFE,2026-09-26,Healthcare,,120089.0,24.7,,4.558186745522514,4.20009093452714,4.4758364312267656,,21.2,9.063998579124979,21.1,,29.0,16.06393396754337,5.418821425923959,,0.5014481103353674,,13.515406160109467,0.46090292121569787,,,,0.08,,,,75.02,
ZYDUSWELL,2026-09-26,Fast Moving Consumer Goods,,16563.0,74.8,,,3.6506502093894646,2.8469945355191255,,3.98,1.8449460255152108,4.91,,13.0,4.14370729556976,-10.973373828100607,,-9.422465447292627,,24.909441855212357,0.549776862341229,,,,0.23,,,,69.63,
7SEASL,2026-09-26,,,224.0,,,,17.934347477982385,,,-0.75,-0.5295950155763239,3.21,,27.7,-1.3610888710968776,,,,,20.716887664271532,0.2343612334801762,,,,0.0,,,,31.07,
A1L,2026-09-26,,,268.0,31.3,,0.28979232289173784,0.5916114790286976,4.932203389830509,,11.8,8.571428571428571,11.9,,3.5,1.9867549668874174,108.00838230519041,,5.154749679728043,,29.004615568677327,0.7777777777777778,,,,0.86,,,,70.03,
AAYUSH,2026-09-26,,,118.0,27.8,,0.2948583613711395,0.7108433734939759,9.603174603174603,,38.8,22.22222222222222,34.8,,1.3,2.4096385542168677,94.28255610838188,,,,449.58646600950124,0.4166666666666667,,,,0.1,,,,0.0,
ABATEAS,2026-09-26,,,131.0,10.6,,,0.9225352112676056,0.7536363636363635,,5.1,5.381165919282512,6.63,,10.0,8.450704225352112,,,,,,0.05747126436781609,,,,0.0,,,,32.42,
ACEMEN,2026-09-26,,,148.0,922.0,,,13.615455381784729,2.200772200772201,,0.24,0.1871563925605334,,,2.67,1.471941122355106,,,,,,0.1891366152925333,,,,0.0,,,,0.61,
ACESOFT,2026-09-26,,,368.0,86.3,,,6.360179744210162,3.0652503793626704,,3.98,2.9610772425805587,5.82,,10.28,7.639128931904597,-4.892306150399428,,,,34.61328261322352,0.12308715901530272,,,,0.0,,,,62.03,
ACKNIT,2026-09-26,,,99.5,11.5,,26.33466593675041,0.402834008097166,1.0447284345047922,,8.97,4.787234042553192,9.65,,8.0,3.643724696356275,0.4366867621415915,,1.7522111009444785,,3.777107043295369,0.7473684210526316,,,,0.46,,,,56.14,
ACTIVE,2026-09-26,,,159.0,15.6,,0.5602794157545802,0.496875,1.7028380634390652,,11.8,3.278688524590164,10.5,,9.0,3.125,27.84325028073722,,80.64242979684313,,14.710904920418733,1.3978494623655915,,,,0.0,,,,73.58,
ADCINDIA,2026-09-26,,,1098.0,48.8,,16.94144241417005,5.036697247706422,12.702127659574469,,24.2,17.037037037037038,31.4,,12.0,10.550458715596331,2.8805103371353447,,21.590232559119784,,6.790959240579597,0.0,,,,1.05,,,,72.02,
AEIM,2026-09-26,,,205.0,4.21,,,1.056701030927835,1.6802721088435373,,30.1,18.352059925093634,,,34.0,25.257731958762886,,,,,,0.9016393442622951,,,,0.0,,,,24.98,
AEL,2026-09-26,,,151.0,17.1,,1.3470799486960672,0.3765586034912718,3.0279898218829517,,17.7,7.258064516129033,22.1,,3.0,2.2443890274314215,12.694124069289492,,6.614543635949621,,12.451457328336302,0.061224489795918366,,,,0.63,,,,43.01,
AERPACE,2026-09-26,,,577.0,,,,,15.368852459016393,,-35.2,-22.61904761904762,-21.5,,,,,,,,,1.0810810810810811,,,,0.0,,,,45.25,
AGOL,2026-09-26,,,138.0,6.7,,0.17103669214147404,0.4194528875379939,0.828,,11.8,12.138728323699421,16.0,,8.0,6.382978723404255,39.172881070794176,,47.105813495469604,,25.864711469864865,0.0,,,,0.0,,,,48.06,
AGRIBIO,2026-09-26,,,337.0,78.4,,,8.805853148680427,4.775888717156105,,4.27,4.723629156573442,4.24,,-1.36,11.209824928142147,-1.5576309232270824,,14.070464726578624,,22.030024498127432,0.2143972738889678,,,,0.1,,,,43.27,
AGVENTURES,2026-09-26,,,123.0,5.43,,,0.9111111111111111,0.45387453874538747,,1.85,7.002801120448179,2.31,,23.0,18.51851851851852,-22.94238249960121,,-12.069344615613497,,18.079173701957217,0.1070110701107011,,,,0.0,,,,51.76,
AHMDSTE,2026-09-26,,,256.0,15.2,,,1.1797235023041475,1.9380733944954127,,16.8,7.727272727272727,22.2,,11.0,7.834101382488479,,,,,500.9245006917366,0.030303030303030304,,,,0.0,,,,71.41,
AJANTSOY,2026-09-26,,,178.0,12.3,,0.2334314245018126,0.13423831070889894,1.0574162679425838,,4.13,5.555555555555555,8.87,,1.7,1.0558069381598794,52.69213442984619,,-19.42176634104934,,9.06804854154335,0.047619047619047616,,,,0.0,,,,49.8,
ALANSCOTT,2026-09-26,,,186.0,,,,5.385060799073538,16.607142857142858,,-45.8,-13.190184049079756,-14.1,,1.24,-13.694267515923569,,,,,44.61679854463072,0.8577777777777779,,,,0.0,,,,63.57,
ALPHALOGIC,2026-09-26,,,254.0,49.7,,7.718336933787127,5.159455616494008,4.885679903730445,,10.5,6.533945890760591,13.0,,18.16,15.600243753808654,6.439210988890309,,18.562995052566443,,-2.9877335867538934,0.8768728390318862,,,,0.0,,,,73.78,
ALPINEHOU,2026-09-26,,,175.0,23.4,,0.795947210661626,2.3265089072055303,1.9535783365570598,,6.99,4.272570442783208,9.18,,16.64,9.877692103164051,29.398934610938454,,29.019456841547097,,11.080990107588985,0.16264791248046437,,,,0.0,,,,73.86,
ALSL,2026-09-26,,,236.0,24.1,,,0.5232815964523282,2.5505050505050506,,6.42,7.8125,9.2,,2.8,2.2172949002217295,-27.258516784306185,,4.714696810645824,,9.66048069480967,0.09782608695652174,,,,0.2,,,,54.34,
AMBARPIL,2026-09-26,,,118.0,11.8,,0.25072379993401106,0.23742454728370221,2.823691460055097,,18.4,12.195121951219512,17.8,,3.1,2.0120724346076457,47.063741069278976,,17.62815503518256,,13.938991329382011,0.6190476190476191,,,,0.0,,,,73.76,
AMPL,2026-09-26,,,217.0,9.22,,0.05728510460888404,,1.5829596412556053,,23.6,9.090909090909092,21.6,,,,160.94934386434062,,79.20098536795155,,,,,,,0.0,,,,26.03,
AMRAPLIN,2026-09-26,,,193.0,12.2,,0.07723194823473263,0.003704343486689315,4.234234234234234,,31.8,5.904059040590406,20.5,,0.1,0.030709583309341468,157.96571598738245,,,,24.038308359966543,3.782608695652174,,,,0.0,,,,73.43,
ANDHRAPET,2026-09-26,,,361.0,,,,1.100609756097561,0.7142857142857143,,-2.53,-1.6051364365971106,-1.69,,-4.6,-3.048780487804878,,,,,-25.36676267759317,0.16237623762376238,,,,0.0,,,,45.04,
ANKIN,2026-09-26,,,102.0,,,,6.8181818181818175,3.8867187499999996,,-3.47,-1.2686330478908976,0.42,,6.08,-2.6737967914438503,,,,,117.69804574175006,0.10265151515151515,,,,0.0,,,,91.29,
APIS,2026-09-26,,,698.0,27.7,,2.3660585101543368,1.7851662404092072,3.513888888888889,,13.6,8.116883116883116,14.6,,9.0,6.3938618925831205,11.707233731169708,,31.95079107728942,,5.603802908100963,0.33668341708542715,,,,0.0,,,,74.72,
APLAB,2026-09-26,,,185.0,,,,2.6056338028169015,-30.08196721311476,,-450.0,-13.432835820895523,-7.66,,-7.0,-25.352112676056336,,,,,0.0,-16.8,,,,0.0,,,,43.83,
APMIN,2026-09-26,,,125.0,9.68,,,0.4528985507246377,0.6583427922814984,,7.02,4.3624161073825505,9.93,,7.0,4.710144927536232,,,,,,0.24736842105263157,,,,0.0,,,,65.88,
APOLLOFI,2026-09-26,,,183.0,22.9,,,,2.4623115577889445,,6.16,7.6284132136719505,11.6,,,,-0.10879710175396573,,-8.891823508502405,,,,,,,0.0,,,,70.7,
ARCHITORG,2026-09-26,,,128.0,320.0,,5.571137498143241,1.1327433628318584,1.9904153354632586,,0.64,2.7777777777777777,3.6,,6.0,2.6548672566371683,57.43889826927629,,,,75.23454136580025,0.4,,,,1.61,,,,65.88,
ARTSON,2026-09-26,,,597.0,,,,4.117241379310345,1620.0,,-429.0,-9.75609756097561,-14.6,,-5.0,-8.275862068965518,,,,,4.244386442532577,54.0,,,,0.0,,,,75.0,
ARVAYA,2026-09-26,,,612.0,460.0,,,67.17892425905599,,,,,,,7.9,9.879253567508234,,,,,,,,,,0.0,,,,30.62,
ARYACAPM,2026-09-26,,,481.0,19.6,,0.3487778213526869,11.186046511627907,4.451827242524917,,30.0,21.1864406779661,32.0,,65.0,58.139534883720934,56.19623382009811,,137.81943062999144,,8.142526799205418,0.0,,,,0.0,,,,74.28,
ASGARD,2026-09-26,,,1071.0,421.0,,,8.052631578947368,9.173333333333334,,9.18,1.4851485148514851,7.38,,8.0,2.2556390977443606,,,,,,1.6222222222222222,,,,0.0,,,,59.95,
ASIIL,2026-09-26,,,212.0,,,,1.3167701863354038,0.7275541795665635,,-15.8,-19.020172910662826,-8.69,,-29.0,-40.993788819875775,,,,,-8.183476031760751,0.09278350515463918,,,,1.7,,,,73.07,
ASMTEC,2026-09-26,,,10217.0,140.0,,,16.915562913907284,33.352380952380955,,25.5,14.314115308151093,27.0,,20.0,11.920529801324504,,,30.03282877742315,,44.06611884382854,0.4169381107491857,,,,0.24,,,,57.65,
ASTALLTD,2026-09-26,,,314.0,21.3,,,1.256,0.9051833122629582,,7.96,2.8901734104046244,9.15,,8.0,6.0,,,,,,0.1467065868263473,,,,0.0,,,,4.53,
ATISHAY,2026-09-26,,,150.0,26.8,,81.47141324206915,2.627430373095113,2.7254509018036073,,13.1,8.84858044164038,17.0,,14.7,9.826589595375722,0.32894973750328127,,119.540189742749,,9.687677929173066,0.10275962236746551,,,,0.73,,,,74.65,
ATVOENT,2026-09-26,,,430.0,2152.0,,,66.77018633540372,36.54545454545455,,1.8,1.3774104683195594,2.48,,-1.55,3.1055900621118013,0.0,,0.0,,20.18141671998881,0.0,,,,0.0,,,,55.8,
ATVPR,2026-09-26,,,113.0,15.8,,4.602753236015807,1.5475212270610792,0.5311720698254364,,3.42,2.6564410359008557,2.87,,11.39,9.819227608874282,3.432728019474851,,-2.215197205922159,,5.872939499247942,0.17093656156156156,,,,0.0,,,,26.83,
AUROLAB,2026-09-26,,,150.0,68.3,,,7.731958762886599,3.4477825464949925,,4.28,1.661099575697391,,,17.53,9.484536082474229,,,,,,1.0082606700321248,,,,0.0,,,,52.4,
AUTOINT,2026-09-26,,,86.1,10.4,,,0.8441176470588235,1.4702380952380953,,14.8,7.6190476190476195,16.8,,27.0,7.8431372549019605,,,,,,0.5689655172413793,,,,0.07,,,,62.43,
AVAILFC,2026-09-26,,,142.0,0.97,,0.1313106590024834,142.0,0.10850897736143637,,8.57,11.247130833970925,0.02,,59.0,14700.0,7.387062157548496,,-6.773030357875031,,0.0,0.0,,,,0.0,,,,65.53,
AVEER,2026-09-26,,,272.0,68.7,,1.6560132055433765,1.8888888888888888,5.333333333333333,,10.0,5.797101449275362,15.1,,6.0,2.7777777777777777,41.48517642856473,,,,14.871677247026739,0.058823529411764705,,,,0.04,,,,74.88,
AVIVA,2026-09-26,,,198.0,76.3,,,1.6229508196721312,1.9869281045751632,,4.82,3.79746835443038,6.46,,2.9,2.459016393442623,,,,,395.96756638423,0.013513513513513514,,,,0.0,,,,3.01,
AXISOL,2026-09-26,,,2795.0,91.3,,,10.66793893129771,19.440789473684212,,22.1,10.56338028169014,23.3,,18.0,11.450381679389313,-37.29248308793965,,98.61181509982579,,24.428766059801777,0.5625,,,,0.1,,,,85.64,
BALGOPAL,2026-09-26,,,423.0,,,,21150.0,6.765799256505576,,-16.7,-5.560733146940044,-18.0,,-10300.0,-26850.0,,,,,-89.45365751139526,0.06627576403695806,,,,0.0,,,,55.37,
BAMBINO,2026-09-26,,,206.0,21.0,,,0.5282051282051282,1.8759124087591241,,9.48,4.25531914893617,12.3,,8.0,2.564102564102564,-3.5428381522206065,,2.08331440735654,,5.940882849536866,0.8272727272727273,,,,0.62,,,,74.96,
BARODARY,2026-09-26,,,285.0,14.5,,,5.0,0.7209302325581395,,5.08,4.644808743169399,3.55,,31.0,59.64912280701754,-0.6286650217172118,,-38.266167015517816,,-9.539001563466465,0.44556962025316454,,,,0.0,,,,67.52,
BAROEXT,2026-09-26,,,189.0,20.8,,,0.984375,7.6015625,,281.0,16.363636363636363,56.2,,6.0,4.6875,,,39.17815329492746,,14.771089036875008,0.24,,,,0.0,,,,54.94,
BASANTGL,2026-09-26,,,101.0,14.0,,0.6348560135740051,0.16185897435897437,0.5517241379310345,,3.72,1.443298969072165,6.94,,5.0,1.1217948717948718,22.052244447028492,,-17.553136521892476,,15.12078982389815,1.016304347826087,,,,0.45,,,,53.09,
BCCFUBA,2026-09-26,,,716.0,86.9,,,9.855471438403303,12.782608695652174,,16.9,6.8825427171705105,18.4,,14.73,7.92842395044735,,,,,,0.4029232111692844,,,,0.0,,,,32.34,
BDH,2026-09-26,,,282.0,24.1,,4.116572384400527,2.82,3.656716417910448,,14.8,12.121212121212121,20.5,,15.0,12.0,5.85438509263807,,10.145806804451318,,5.155949599222054,0.025974025974025976,,,,1.02,,,,49.7,
BELDING,2026-09-26,,,1477.0,,,,,1.4068965517241379,,-1.14,-0.8741258741258742,0.53,,-1832.0,,,,,,,0.03622497616777884,,,,0.0,,,,55.78,
BEMHY,2026-09-26,,,440.0,27.3,,1.0098615280084662,4.356435643564357,5.233160621761658,,18.5,10.884353741496598,23.3,,24.0,15.841584158415841,27.03340927724809,,22.826050431430446,,6.33609213825812,0.21428571428571427,,,,0.1,,,,74.69,
BENGALT,2026-09-26,,,124.0,18.7,,,2.357862711542118,0.631336405529954,,2.32,3.0221410636840904,4.76,,5.25,12.587944476136148,,,-18.395241639234793,,-2.142262733589295,0.046818297981088684,,,,1.09,,,,74.89,
BGDL,2026-09-26,,,1509.0,,,,244.96753246753246,7.925531914893616,,-0.01,-0.534715868659144,-0.01,,-49.35,-42.69480519480519,,,,,-37.930494633923985,0.42788815305371597,,,,0.0,,,,,
BGWTATO,2026-09-26,,,212.0,14.6,,0.5239228347534491,1.1584699453551912,3.6127450980392157,,24.7,15.217391304347828,31.6,,14.0,7.650273224043716,27.866699123489358,,,,10.946966029373396,0.15254237288135594,,,,0.47,,,,74.06,
BHARATAGRI,2026-09-26,,,114.0,,,,3.9014373716632447,2.156469408224674,,-14.8,-8.63060989643268,-6.14,,-10.57,-28.234086242299796,,,,,8.924744461757106,0.5114778979320812,,,,0.0,,,,67.83,
BHATIA,2026-09-26,,,542.0,27.1,,1.6028186723068616,0.808955223880597,4.08271474019088,,15.2,10.050251256281408,21.3,,4.3,2.9850746268656714,16.907714183910926,,28.473515712343932,,17.40632311285688,0.07518796992481203,,,,0.1,,,,69.45,
BHILSPIN,2026-09-26,,,116.0,13.4,,0.18355342550777853,1.0943396226415094,2.3063063063063063,,8.56,5.660377358490567,5.85,,16.0,8.49056603773585,73.00326846491973,,36.46145610861922,,127.52080655190383,2.08,,,,0.0,,,,59.12,
BIHSPONG,2026-09-26,,,109.0,9.3,,0.5704374562734965,0.6488095238095238,-3.183023872679045,,,13.043478260869565,16.2,,-7.0,7.142857142857142,16.303277244019387,,6.9942346731201255,,-14.309500685080323,-3.2941176470588234,,,,0.0,,,,69.23,
BIRLACOT,2026-09-26,,,363.0,,,,181.5,1.393939393939394,,,-4.615384615384616,-3.12,,-453.0,-750.0,,,,,-73.12196034667846,0.15708812260536398,,,,0.0,,,,94.57,
BMW,2026-09-26,,,1167.0,13.7,,1.3656541993080524,1.7086383601756954,1.453781512605042,,10.6,6.584043377226956,12.4,,24.0,12.445095168374817,10.03182211641973,,19.76501793988177,,4.529732715409951,0.4577114427860697,,,,0.83,,,,74.36,
BOMOXY-B1,2026-09-26,,,269.0,161.0,,2.5092369459337758,,1.3420049338416686,,1.7,1.2115866679045584,2.12,,,,64.16293218577897,,,,,,,,,0.14,,,,73.29,
BPAGRI,2026-09-26,,,408.0,388.0,,,8.348680171884592,6.637254901960784,,1.69,1.2626262626262628,2.23,,2.8,2.148557397176182,,,,,472.8263628242292,0.0006504065040650406,,,,0.0,,,,0.08,
BRADYM,2026-09-26,,,148.0,30.7,,,2.093056144816858,2.7914893617021277,,10.7,6.94284064665127,14.1,,7.48,6.802432470654788,-17.004398831470002,,8.548957850016947,,-2.035569936705217,0.09140698772426817,,,,0.0,,,,73.98,
BRPL,2026-09-26,,,220.0,19.7,,0.42197881582107577,1.3414634146341464,5.21875,,28.0,17.741935483870968,34.4,,10.0,6.707317073170732,46.68480800788124,,23.210380957979957,,15.658971921573418,0.07142857142857142,,,,1.2,,,,73.27,
CANDOUR,2026-09-26,,,173.0,468.0,,,3.560403375180078,5.107913669064748,,1.67,1.2862918044836458,2.68,,0.7,0.7203128215682238,,,,,,0.015198927134555208,,,,0.0,,,,25.27,
CAPPIPES,2026-09-26,,,124.0,19.8,,,1.5409469367466138,2.430722891566265,,14.7,6.708167865192658,14.9,,9.68,7.766869640859948,,,,,,0.6114375244810027,,,,0.0,,,,64.39,
CAPRIHANS,2026-09-26,,,208.0,,,,0.27549668874172184,0.7195121951219512,,-16.6,-2.278481012658228,2.27,,9.0,-3.576158940397351,,,,,2.358700622445742,2.99618320610687,,,,0.0,,,,55.99,
CCME,2026-09-26,,,209.0,,,,48.26789838337182,6.238159675236807,,-0.31,-0.2439024390243902,,,4.16,-0.6928406466512702,,,,,,0.15400624349635797,,,,0.0,,,,74.35,
CHANDRIMA,2026-09-26,,,416.0,167.0,,,5.634565894622782,4.139072847682119,,3.96,2.090329079919409,4.73,,5.96,3.3726127590410404,-4.353440861380542,,47.57731615945522,,56.1534868993244,0.0600734783040413,,,,0.0,,,,,
CHEMTECH,2026-09-26,,,110.0,40.5,,,3.440725680325305,1.0188034188034187,,4.61,2.341050449205252,7.53,,2.38,8.476696903346888,-19.166576435841076,,,,0.6228388167313081,0.0,,,,0.0,,,,40.68,
CHLLTD,2026-09-26,,,148.0,13.6,,,1.0422535211267605,0.39389534883720934,,5.17,1.2035010940919038,6.45,,12.0,7.746478873239436,-8.207244224375465,,,,1.6993534600199034,0.6949602122015915,,,,0.0,,,,72.84,
CHLOGIST,2026-09-26,,,115.0,,,,1.6485091743119265,1.745664739884393,,-5.54,-2.604508645217772,1.13,,1.19,-3.411697247706422,,,,,-0.8825094087736018,0.3246930422919509,,,,0.0,,,,35.06,
CHOKSI,2026-09-26,,,117.0,22.6,,0.6144633641437276,2.5091143040960753,3.198757763975155,,15.6,10.942441492726124,18.5,,14.52,11.130173707913361,36.7800609748211,,,,42.86932205047653,0.19907407407407407,,,,0.0,,,,71.15,
CHOKSILA,2026-09-26,,,132.0,69.7,,2.796211732939039,2.8193079880392995,5.177111716621253,,4.19,3.003337041156841,9.44,,26.72,4.613413071337035,24.92658162432493,,59.532102114910245,,8.456382584104327,1.3358092259577796,,,,0.0,,,,31.48,
CIANAGRO,2026-09-26,,,3215.0,9.98,,0.032864770946703654,1.3917748917748918,1.4922077922077923,,10.8,7.585394581861013,12.3,,24.0,13.939393939393941,303.66863095393023,,240.90597182042038,,138.16171911295143,0.5563805104408353,,,,0.0,,,,67.61,
CITIZEN,2026-09-26,,,253.0,12.7,,0.012122575321121768,1.331578947368421,2.3195876288659796,,69.3,11.299435028248588,34.8,,13.0,10.526315789473683,1047.6321791024186,,,,262.157822172087,2.5238095238095237,,,,0.0,,,,53.49,
CMBL,2026-09-26,,,297.0,,,,,4.6899999999999995,,-0.3,-1.4705882352941178,-0.29,,-10.0,,,,,,,0.0,,,,0.0,,,,3.12,
COCHINM,2026-09-26,,,248.0,10.1,,0.28023022749784965,0.7209302325581395,1.440909090909091,,9.36,8.906882591093117,14.2,,8.0,6.395348837209303,36.04179352877806,,28.34829310238911,,4.66763131264154,0.03488372093023256,,,,2.53,,,,51.36,
CONCORD,2026-09-26,,,103.0,50.3,,0.9973793347503999,1.1960055736182071,2.127717391304348,,2.57,2.7373481105621575,5.46,,6.77,2.380399442638179,50.43216582443817,,-2.5437449061137984,,24.228552394069713,0.29905193734542457,,,,0.0,,,,45.08,
CORALAB,2026-09-26,,,201.0,10.6,,1.5701013399656574,2.0721649484536084,0.9623931623931624,,7.79,7.883817427385892,11.0,,19.0,19.587628865979383,6.751156584728379,,16.246790019377787,,4.913364811202969,0.01904761904761905,,,,0.36,,,,71.51,
COROENGG,2026-09-26,,,192.0,118.0,,,8.02675585284281,,,34.5,6.518196632265074,,,7.32,5.016722408026755,,,,,,1.1059322033898304,,,,0.0,,,,70.87,
COSMOFE,2026-09-26,,,213.0,,,,2.108910891089109,9.21875,,-5.98,-0.8620689655172413,4.46,,7.0,-0.9900990099009901,,,,,1.010169380837378,3.0,,,,0.0,,,,63.65,
COVANCE,2026-09-26,,,333.0,8.49,,,2.3450704225352115,1.9685039370078738,,17.4,13.978494623655912,21.0,,25.0,27.464788732394368,,,,,32.5316189395773,0.44970414201183434,,,,0.0,,,,71.7,
CRESCENTIS,2026-09-26,,,175.0,972.0,,,,12.335329341317365,,1.28,1.2474012474012472,1.7,,,,-20.62994740159002,,-14.446794027255072,,,,,,,0.0,,,,74.98,
CTL,2026-09-26,,,364.0,193.0,,,,4.973637961335676,,2.63,0.879642557944708,6.96,,,,,,,,,,,,,0.0,,,,39.85,
CUPIDALBV,2026-09-26,,,184.0,,,,,0.2671957671957672,,-0.53,-0.7646962946865152,,,,,,,,,,0.04209322193423205,,,,0.0,,,,54.0,
DANLAW,2026-09-26,,,743.0,146.0,,,5.384057971014493,22.8101644245142,,7.11,4.901960784313726,8.22,,6.0,3.6231884057971016,,,28.699769270165977,,35.885191983940935,1.28,,,,0.0,,,,61.87,
DEEPAKSP,2026-09-26,,,98.9,10.2,,,0.332996632996633,1.5316315205327415,,16.3,4.958677685950414,17.3,,12.0,4.040404040404041,,,78.95078590699003,,27.88591103115281,1.5384615384615385,,,,0.0,,,,46.39,
DEL,2026-09-26,,,173.0,50.4,,,1.5871559633027523,2.4796747967479673,,6.6,1.9230769230769231,10.0,,-0.7,2.7522935779816518,-4.287477696238429,,11.727508229129512,,9.952273860131577,0.8,,,,0.08,,,,74.59,
DHAMPURE,2026-09-26,,,130.0,20.2,,0.24543169176684282,1.9744835965978127,3.0658436213991767,,14.8,12.416107382550337,19.7,,12.8,9.553462940461726,82.30395942179203,,67.30715530730124,,31.415733816420378,0.0,,,,0.0,,,,60.27,
DHINDIA,2026-09-26,,,214.0,23.7,,0.4801325807958589,0.8045112781954887,2.746386333771354,,13.3,5.960264900662252,14.4,,7.0,3.3834586466165413,49.36136589755129,,27.899309410900088,,18.961979798888628,0.6025641025641025,,,,0.0,,,,44.86,
DHOOTIN,2026-09-26,,,169.0,3.03,,,2.036144578313253,0.3869565217391304,,-3.19,12.5,-0.87,,79.0,67.46987951807229,-27.800441407502774,,24.44636623832497,,35.99451237862552,0.0,,,,0.56,,,,69.07,
DHPIND,2026-09-26,,,150.0,13.4,,,2.027027027027027,0.6337135614702155,,4.0,4.417670682730924,6.02,,24.0,14.864864864864865,-24.875627237216314,,-20.663158619189225,,11.768292630308741,0.029535864978902954,,,,0.8,,,,73.36,
DLTNCBL,2026-09-26,,,614.0,32.0,,3.3862170384641344,0.5501792114695341,1.7884130982367759,,6.65,2.2041763341067284,16.6,,7.0,1.702508960573477,9.450073529402015,,90.36539387158786,,40.660861824554,0.5348837209302325,,,,0.28,,,,73.04,
DOLFIN,2026-09-26,,,172.0,27.6,,2.929332307895499,0.945054945054945,4.407216494845361,,13.7,7.228915662650602,14.0,,5.0,3.296703296703297,9.421942305968178,,17.269942920948033,,13.040381433805548,0.48717948717948717,,,,0.0,,,,37.68,
DUNCANENG,2026-09-26,,,125.0,,,,2.314814814814815,3.621794871794872,,-48.2,24.096385542168676,-15.9,,-11.0,37.03703703703704,150.57443665493594,,-5.276150008062219,,1.2659571768745437,0.6857142857142857,,,,0.89,,,,74.56,
DUROPLY,2026-09-26,,,113.0,,,,0.518348623853211,1.0833333333333333,,-10.5,-3.0864197530864197,2.51,,1.8,-2.293577981651376,,,,,,1.2727272727272727,,,,0.0,,,,50.22,
EASTINDIA,2026-09-26,,,140.0,29.6,,,0.5691056910569106,6.604166666666666,,16.9,4.0650406504065035,19.5,,7.0,2.0325203252032518,-31.113966022646412,,,,,2.5,,,,1.58,,,,94.68,
ECOBOAR,2026-09-26,,,163.0,,,,4.9393939393939394,7.228070175438596,,-123.0,-16.39344262295082,-43.0,,-28.0,-30.303030303030305,,,,,3.228011545636722,0.36363636363636365,,,,0.0,,,,44.84,
ECOPLAST,2026-09-26,,,227.0,18.8,,9.817734553545831,1.070754716981132,1.3786127167630058,,10.6,8.391608391608392,14.4,,9.0,5.660377358490567,1.914902047663336,,,,23.334848822086673,0.01680672268907563,,,,0.0,,,,74.45,
EKANSH,2026-09-26,,,300.0,,,,11.914217633042098,6.6,,-6.54,-2.9866387215090384,1.43,,-7.94,-13.58220810166799,,,,,-16.59565704376241,0.5739762219286658,,,,0.0,,,,,
ELNET,2026-09-26,,,122.0,13.5,,0.798238779877269,5.493021161638901,1.7988165680473374,,14.2,10.184451737014824,18.5,,52.45,40.5222872579919,16.91223270570199,,10.789480307570255,,1.1202404985089398,0.0628689492325856,,,,0.66,,,,52.85,
EMERALD,2026-09-26,,,218.0,13.5,,0.2684786655762729,,2.25,,16.0,14.049586776859504,21.2,,,,50.28332501214978,,40.477511548179315,,,,,,,0.16,,,,59.7,
EMERALL,2026-09-26,,,454.0,,,,27.767584097859324,-5.392857142857143,,,-8.630863086308633,8.85,,41.65,-52.78287461773701,,,,,1.1684762694183615,-1.756271549161812,,,,0.0,,,,73.76,
EMERGENT,2026-09-26,,,194.0,127.0,,,0.34954954954954953,6.666666666666666,,4.47,6.451612903225806,11.4,,0.7,0.36036036036036034,-3.8928953354717355,,2.184344639606395,,15.84436740550923,0.0,,,,0.0,,,,73.83,
EMROCK,2026-09-26,,,388.0,315.0,,,164.40677966101697,16.333333333333332,,7.78,3.5354987065248635,8.48,,56.78,52.118644067796616,,,,,,0.4427609427609427,,,,0.0,,,,74.63,
ESCORP,2026-09-26,,,123.0,19.5,,,17.05963938973648,1.7731629392971247,,4.37,8.694459681843115,5.36,,88.35,87.93342579750346,-28.38658576880375,,12.450947392208068,,-28.57835915074721,0.0,,,,0.0,,,,67.62,
ESPIRE,2026-09-26,,,219.0,23.5,,0.4823274472661052,1.5642857142857143,4.269005847953216,,17.2,3.8135593220338984,12.4,,17.0,6.428571428571428,48.722087314750716,,,,57.2564660105511,2.764705882352941,,,,0.0,,,,69.25,
EVERESTO,2026-09-26,,,228.0,43.4,,0.20577015862183493,1.193717277486911,2.9472329472329473,,7.63,2.083333333333333,12.0,,10.0,2.6178010471204187,210.91493679489582,,30.67177310410849,,-1.02571333346958,0.6578947368421053,,,,0.0,,,,59.6,
EVEXIA,2026-09-26,,,349.0,188.0,,,2.9327731092436973,0.6158940397350994,,,0.10793308148947653,,,1.7,1.680672268907563,,,,,28.564079532911755,2.1552028218694885,,,,0.0,,,,3.36,
EXPOEAPL,2026-09-26,,,232.0,177.0,,14.125132693194377,3.6176516450958993,5.203488372093023,,4.89,1.5059202207150248,9.07,,9.43,2.0427257133946672,12.530855733856594,,12.239306718204613,,-5.378799577694371,0.8307026476578412,,,,0.0,,,,55.72,
EY,2026-09-26,,,107.0,,,,1.1403602259405308,3.765957446808511,,-16.4,-7.810578105781057,-8.42,,0.21,-5.414046680166258,,,,,77.56440101614588,0.580599647266314,,,,0.0,,,,62.29,
FILTRON,2026-09-26,,,457.0,79.4,,,4.6476151733957085,7.586933614330874,,14.8,4.5736064792758455,11.3,,6.2,5.857825689006407,,,,,,0.2665008291873963,,,,0.0,,,,73.36,
FLUIDOM,2026-09-26,,,364.0,37.9,,0.8526908640601543,8.01585553842766,7.3873873873873865,,21.2,16.035374603704323,28.5,,27.26,21.162739484695,44.44752676196879,,,,21.225473413314553,0.0,,,,1.02,,,,53.45,
FORBESCO,2026-09-26,,,416.0,34.2,,,6.208955223880597,2.07741935483871,,1.67,4.780876494023905,5.11,,9.0,17.91044776119403,,,-68.97826128339307,,-18.7690379910864,0.03015075376884422,,,,0.0,,,,73.85,
FOSECOC,2026-09-26,,,1080.0,73.8,,3.73172914322594,9.72972972972973,12.286624203821656,,18.2,13.559322033898304,29.6,,26.0,14.414414414414415,19.776354919532736,,7.253826106043237,,3.1970307479940896,-0.0,,,,0.65,,,,75.0,
FRATELLI,2026-09-26,,,591.0,,,,3.110526315789474,4.345047923322683,,-17.3,-6.628242074927954,-4.94,,-2.4,-12.105263157894736,,,,,-23.294971605026717,1.0222222222222221,,,,0.0,,,,57.19,
FYNX,2026-09-26,,,125.0,,,,,18.323529411764707,,-5.08,-2.206809583858764,-0.75,,,,,,,,,,,,,0.0,,,,74.9,
GALAGEX,2026-09-26,,,154.0,615.0,,,27.898550724637683,33.37931034482759,,3.28,4.409171075837742,2.25,,9.06,4.528985507246378,-16.752224563919892,,,,-1.1217002778315055,0.0,,,,0.0,,,,0.05,
GALXBRG,2026-09-26,,,290.0,78.0,,,4.35566236106939,2.6300578034682083,,3.04,2.6589263957571845,5.24,,9.48,5.57224391709222,-41.8172603353655,,-22.518200783718857,,-19.39228031726936,0.16478924418604649,,,,0.0,,,,46.83,
GAMCO,2026-09-26,,,254.0,,,,0.7055555555555556,1.525974025974026,,-35.5,-5.893909626719057,-8.19,,-2.8,-8.333333333333332,,,,,17.662139846489566,1.7245508982035929,,,,0.21,,,,72.02,
GANGAPA,2026-09-26,,,93.7,52.3,,8.178293474184677,0.3082236842105263,2.903010033444816,,5.09,2.0,7.51,,2.5,0.6578947368421052,6.394977163033877,,-19.790555037640022,,7.311473649022515,1.375,,,,0.0,,,,74.99,
GARGFUR,2026-09-26,,,156.0,14.3,,,0.5306122448979592,1.5793103448275863,,10.6,6.666666666666667,,,5.0,3.741496598639456,,,,,,0.18181818181818182,,,,0.0,,,,56.91,
GARNETINT,2026-09-26,,,119.0,37.8,,,36.28048780487805,2.8009259259259256,,11.8,6.915598762704375,11.2,,49.09,95.42682926829269,,,,,-45.54288370715691,0.0237758945386064,,,,0.0,,,,49.27,
GARWAOFFS,2026-09-26,,,136.0,,,,3.1627906976744184,1.0886699507389164,,-12.6,-4.854368932038835,-5.85,,30.0,-23.25581395348837,,,,,3.3081575495288007,0.512,,,,0.0,,,,30.34,
GEE,2026-09-26,,,673.0,37.4,,2.731174752749461,1.7124681933842238,3.1159420289855073,,7.53,6.031746031746032,11.4,,9.0,4.8346055979643765,13.693741113544489,,4.592784586713217,,2.1226465991291077,0.2837209302325581,,,,0.0,,,,63.58,
GENNEX,2026-09-26,,,245.0,13.0,,1.378868824822379,1.3387978142076502,1.1026200873362444,,9.25,6.017191977077363,10.8,,14.0,11.475409836065573,9.428017927430199,,29.335831501345865,,28.127970077545996,0.35585585585585583,,,,0.0,,,,23.63,
GGAUTO,2026-09-26,,,205.0,21.4,,0.9879518394809782,1.9711538461538463,3.5456110154905334,,21.2,9.174311926605505,20.4,,18.0,9.615384615384617,21.66097490262533,,78.4094802005866,,4.171400751029397,0.5,,,,0.0,,,,39.6,
GHVINFRA,2026-09-26,,,2208.0,43.0,,,2.9283819628647216,15.109890109890111,,37.3,8.600337268128163,,,15.0,6.763925729442971,,,,,,1.465648854961832,,,,0.0,,,,63.98,
GLITTEKG,2026-09-26,,,199.0,,,,3980.0,18.24228028503563,,-3.91,-5.914467697907188,-3.65,,-5000.0,-1300.0,,,,,-80.6768055934759,0.0,,,,0.0,,,,70.59,
GLOBUSCON,2026-09-26,,,153.0,14.2,,,38.25,1.6577540106951871,,-6.92,5.612244897959184,-2.74,,-10.0,275.0,,,,,0.0,0.0,,,,0.0,,,,73.68,
GODAVARI,2026-09-26,,,137.0,35.1,,,1.2454545454545454,1.6711229946524064,,6.14,2.0,6.55,,9.0,3.6363636363636362,-13.864045013194437,,-7.539204463415594,,-11.18267732555327,1.0789473684210527,,,,0.0,,,,40.23,
GOLDENCREST,2026-09-26,,,170.0,710.0,,13.27601634768792,395.34883720930236,15.476190476190476,,1.65,2.175883952855848,2.2,,48.84,55.81395348837209,53.479897990909734,,42.49563932239631,,26.984209656030835,-0.0,,,,0.0,,,,58.17,
GOLKUNDIA,2026-09-26,,,219.0,13.9,,0.7835873684591866,0.7373737373737373,2.7304347826086954,,18.8,10.526315789473683,20.1,,9.0,5.387205387205387,17.738928113826514,,16.330514481696824,,8.895400815502974,0.4375,,,,0.48,,,,72.82,
GOODRICKE,2026-09-26,,,492.0,10.2,,,0.5871121718377088,1.6170212765957446,,6.31,10.51752921535893,5.11,,6.0,7.517899761336516,,,64.3639536045108,,0.5631655341822528,0.0625,,,,0.88,,,,74.0,
GOURMET,2026-09-26,,,164.0,228.0,,,0.8159203980099502,2.602409638554217,,-2.31,1.0582010582010581,6.31,,16.0,0.9950248756218906,-48.21279156743569,,,,11.245145199540252,1.2698412698412698,,,,0.0,,,,46.84,
GRAVITY,2026-09-26,,,110.0,5.86,,,0.4602510460251046,7.382198952879581,,151.0,47.5,159.0,,11.0,7.949790794979079,,,199.75267897118493,,392.5564022772348,0.13333333333333333,,,,0.0,,,,6.05,
GSTL,2026-09-26,,,109.0,32.2,,,1.9012733298447584,1.9156626506024095,,5.13,5.076370170709794,4.55,,12.33,5.913134484563056,,,-9.895096414834404,,25.4330362570774,0.04899034240561897,,,,0.0,,,,55.84,
GTTDATA,2026-09-26,,,149.0,,,,1.0567375886524824,1.9897959183673468,,-32.8,-10.344827586206897,-16.9,,-1.8,-10.638297872340425,,,,,115.9552131324221,0.49333333333333335,,,,0.0,,,,62.24,
GTV,2026-09-26,,,314.0,19.2,,,3.0784313725490198,,,,,,,18.0,13.725490196078432,,,,,,,,,,0.22,,,,57.88,
GUJINJEC,2026-09-26,,,138.0,46.1,,0.26889597699982576,2.9767040552200172,11.666666666666664,,16.6,8.181074447777474,22.9,,8.41,6.47109577221743,171.44176165949062,,,,100.05755396001148,0.0,,,,0.0,,,,,
GUJINTRX,2026-09-26,,,143.0,13.7,,1.111437382414463,2.0428571428571427,2.1770833333333335,,15.5,13.88888888888889,21.2,,21.0,14.285714285714285,12.32638043021228,,28.049089455346632,,7.088062578826659,0.0,,,,5.99,,,,58.48,
GUJJUBHAI,2026-09-26,,,248.0,43.9,,,1.8646616541353382,6.134020618556701,,13.8,10.526315789473683,16.5,,6.0,4.511278195488721,-10.669379454010885,,57.54152303712527,,34.22383725984031,0.14634146341463414,,,,0.0,,,,64.06,
HBGHOTELS,2026-09-26,,,145.0,46.7,,,4.4753086419753085,0.38791208791208787,,0.77,0.3901825047199497,0.73,,21.91,9.567901234567902,-77.83216761060694,,,,5.656312722178636,0.9481923519494767,,,,0.21,,,,69.8,
HERCULES,2026-09-26,,,364.0,9.81,,,2.056497175141243,0.38513513513513514,,4.35,3.5204567078972406,5.66,,17.0,20.903954802259886,,,,,,0.005274261603375527,,,,2.2,,,,69.61,
HIGHENE,2026-09-26,,,534.0,39.0,,,6.846153846153846,4.806451612903226,,15.4,9.352517985611511,20.4,,21.0,16.666666666666664,-9.344839592111953,,-6.485517618716374,,0.0,0.10714285714285714,,,,0.5,,,,43.06,
HIKLASS,2026-09-26,,,278.0,38.3,,,,5.257142857142857,,-4.69,13.5498320268757,-1.46,,,,,,,,,,,,,0.0,,,,28.6,
HIMTEK,2026-09-26,,,274.0,34.2,,,0.7345844504021448,,,,,,,9.0,1.876675603217158,,,,,,,,,,0.3,,,,54.37,
HINDHARD,2026-09-26,,,118.0,17.9,,1.6966301288699035,1.1132075471698113,3.148,,25.0,10.9375,27.8,,9.0,6.60377358490566,10.550325433583385,,12.322565639319304,,15.948637819501933,0.23684210526315788,,,,0.36,,,,66.16,
HINDMOTORS,2026-09-26,,,327.0,,,,327.0,-3.5123042505592843,,,-61.53846153846154,,,-2632.0,-3200.0,,,,,-88.86336948112434,-0.40425531914893614,,,,0.0,,,,32.33,
HINDTIN,2026-09-26,,,122.0,13.1,,,0.2857142857142857,0.5488372093023256,,3.89,2.5423728813559325,7.36,,7.0,2.107728337236534,-18.11182632594175,,-9.23499023727803,,0.7930545306994663,0.3183856502242152,,,,0.64,,,,41.11,
HPBL,2026-09-26,,,430.0,13.0,,,0.6761006289308176,5.234375,,32.9,10.582010582010582,19.4,,13.0,6.289308176100629,,,,,29.184884093235365,3.0,,,,0.25,,,,75.0,
HYPERSOFT,2026-09-26,,,1640.0,401.0,,,22.755654225058972,7.4903474903474905,,3.7,1.454273929739724,4.83,,7.03,5.675038157347024,,,,,,0.0,,,,0.0,,,,59.24,
ICONIKSPEV,2026-09-26,,,106.0,22.1,,,2.32967032967033,1.5194174757281553,,8.13,5.488084326306141,10.5,,13.49,10.527472527472527,,,8.144247310122177,,1048.9383186228135,0.0,,,,0.0,,,,8.68,
IFINSEC,2026-09-26,,,715.0,43.6,,1.9347156298322228,,5.530474040632055,,12.6,3.898305084745763,13.3,,,,22.53561160498867,,22.272343168297137,,,,,,,0.0,,,,55.98,
IIRM,2026-09-26,,,890.0,36.2,,13.232344422266815,3.449612403100775,5.565217391304348,,16.9,8.865248226950355,20.4,,23.0,9.689922480620156,2.735720809918174,,,,13.170499973348115,0.6050955414012739,,,,0.0,,,,56.59,
IKOMA,2026-09-26,,,140.0,,,,999.9999999999999,15.239294710327455,,2.53,-4.858548585485854,3.06,,-614.29,-564.2857142857142,,,,,-84.51847481911675,0.1910966340933768,,,,0.0,,,,37.72,
INDAG,2026-09-26,,,279.0,20.3,,,1.1625,1.2045454545454546,,4.44,3.9473684210526314,5.07,,6.0,5.0,-5.258077966885166,,40.070278102179714,,-1.4826986748483484,0.07792207792207792,,,,2.26,,,,73.34,
INDGELA,2026-09-26,,,265.0,10.2,,,1.5056818181818181,1.36996336996337,,11.5,11.981566820276496,15.9,,17.0,14.772727272727273,-2.7654199484969166,,35.998546566396605,,-5.1111574530684045,0.02072538860103627,,,,1.61,,,,69.05,
INDIAHOMES,2026-09-26,,,1064.0,,,,354.6666666666667,28.709677419354836,,-50.4,-7.352941176470589,-19.0,,-488.0,-1000.0,,,,,-72.48393959254477,2.027027027027027,,,,0.0,,,,34.25,
INDSILHYD,2026-09-26,,,109.0,7.27,,,0.7171052631578947,0.550561797752809,,7.58,6.607929515418502,,,10.0,9.868421052631579,-46.05052849200892,,,,-9.927250969940694,0.0,,,,1.53,,,,62.81,
INDSUCR,2026-09-26,,,133.0,3.18,,,0.27824267782426776,0.45416666666666666,,15.4,4.739336492890995,17.1,,15.0,6.2761506276150625,-3.4055303190777653,,-4.926932683901564,,-3.322797521280063,0.6575342465753424,,,,0.0,,,,64.48,
INDTONER,2026-09-26,,,247.0,9.1,,0.22481162615517,1.6802721088435375,1.4570552147239264,,11.6,13.5,14.3,,21.0,18.367346938775512,40.47833359703104,,6.395654877706125,,16.907714183910926,0.0,,,,2.53,,,,69.25,
INDUSFINL,2026-09-26,,,291.0,96.1,,1.8835075152320564,,12.661290322580644,,10.5,7.480429109886924,15.0,,,,51.02182986944974,,,,,,,,,0.19,,,,74.79,
INTEGFD,2026-09-26,,,249.0,,,,,21.11111111111111,,,,,,,,,,,,,,,,,0.0,,,,2.24,
INTEGRAEN,2026-09-26,,,621.0,41.8,,59.35404438826498,3.718562874251497,5.572755417956657,,14.9,9.868421052631579,18.5,,16.0,8.982035928143713,0.7042485551037592,,10.184478889963277,,4.343735119556569,0.1981981981981982,,,,0.0,,,,54.39,
INTLCOMBQ,2026-09-26,,,114.0,,,,1.1599511599511598,1.3076923076923077,,-1.61,-4.985935302390999,-0.02,,-3.44,-7.214082214082214,,,,,-2.9868768149935887,0.1829997699562917,,,,0.84,,,,52.88,
ISERA,2026-09-26,,,121.0,,,,7.396088019559903,7200.0,,-7.92,-0.7361268403171009,3.4,,2.44,-0.7946210268948656,,,,,-13.752263479646443,22.166666666666647,,,,0.0,,,,58.63,
ISTRNETWK,2026-09-26,,,343.0,,,,18.651441000543773,29.627329192546583,,-94.4,-71.68949771689498,,,-17.51,-17.074497009244155,,,,,,0.0,,,,0.21,,,,16.58,
ITHL,2026-09-26,,,235.0,10.9,,,1.0217391304347827,1.3125,,13.2,6.827309236947792,18.2,,14.0,7.391304347826087,-8.509838588519713,,,,1.9583270140522746,0.00558659217877095,,,,1.87,,,,61.69,
JAFINANCE,2026-09-26,,,149.0,257.0,,,,7.216494845360825,,2.65,2.483940042826552,7.79,,,,-16.654972401380764,,-19.230286689891095,,,,,,,0.0,,,,59.9,
JAGAJITIND,2026-09-26,,,679.0,58.5,,3.9782278580462647,2.095679012345679,10.74074074074074,,17.1,1.6689847009735743,10.5,,-13.0,3.7037037037037033,14.70504005487754,,89.75228807622307,,-16.523684525469807,5.761904761904762,,,,0.0,,,,87.34,
JAMESWARREN,2026-09-26,,,94.6,5.03,,,0.7448818897637794,2.0,,2.93,22.302158273381295,4.2,,14.0,24.409448818897637,,,,,3.065957885856485,0.0,,,,0.0,,,,68.61,
JASCH,2026-09-26,,,196.0,8.69,,0.1020540893828333,0.8634361233480177,2.6666666666666665,,20.0,13.609467455621301,26.3,,14.0,10.13215859030837,85.1509239125283,,38.718733363695314,,19.80749156045114,0.08196721311475409,,,,0.0,,,,57.64,
JATTAINDUS,2026-09-26,,,270.0,148.0,,,1.6363636363636365,13.873873873873874,,1.79,9.523809523809524,3.43,,1.3,1.2121212121212122,-21.7076415858232,,15.090953278255736,,117.66469227934029,0.0,,,,0.0,,,,72.56,
JAYSYNTH,2026-09-26,,,225.0,12.2,,,0.8687258687258688,1.6750756811301717,,8.59,8.181818181818182,11.4,,10.0,6.94980694980695,-47.1484741269942,,,,6.902526108873497,0.3157894736842105,,,,0.3,,,,73.68,
JAYUSH,2026-09-26,,,326.0,43.0,,,0.4787077826725404,4.142156862745098,,13.9,2.083333333333333,,,4.7,1.1747430249632893,,,,,,1.5696202531645569,,,,0.47,,,,62.86,
JGTL,2026-09-26,,,249.0,16.4,,,4.220338983050848,2.506849315068493,,15.7,13.392857142857142,21.3,,26.0,25.423728813559322,-1.90083645387914,,,,0.0,0.0,,,,1.82,,,,57.63,
JHACC,2026-09-26,,,216.0,79.0,,,1.945945945945946,1.5275590551181102,,2.39,1.4388489208633095,2.4,,-2.4,1.8018018018018018,,,,,,0.08333333333333333,,,,0.0,,,,64.4,
JKAGRI,2026-09-26,,,134.0,,,,0.8481012658227848,1.337962962962963,,-8.06,-2.5735294117647056,5.25,,1.6,-4.430379746835443,,,,,,0.0,,,,0.0,,,,73.11,
JOJO,2026-09-26,,,1556.0,222.0,,84.09944307436636,58.18997756170531,21.32075471698113,,11.3,8.800300864986838,16.8,,46.56,26.252804786836197,2.6397321062363366,,71.36488202439537,,77.1490287238135,0.05900792919048497,,,,0.01,,,,67.79,
JOLYPLS,2026-09-26,,,117.0,,,,780.0,4.705882352941177,,0.0,0.0,0.0,,-80.0,0.0,,,,,-71.89944779206614,0.0,,,,0.0,,,,0.01,
JOSTS,2026-09-26,,,263.0,44.0,,0.8521475371013812,1.073469387755102,1.6766917293233083,,-7.96,16.431924882629108,7.81,,6.0,14.285714285714285,51.63425121155429,,48.70430146509692,,9.422884558846988,0.050955414012738856,,,,0.56,,,,48.15,
JSTL,2026-09-26,,,160.0,46.0,,,2.2528865108420164,2.2105263157894735,,1.89,4.803452481471057,5.01,,20.47,7.209236834694453,,,-24.448807226965563,,21.444865650026724,0.2958020572699472,,,,0.0,,,,30.25,
JTLDEFENCE,2026-09-26,,,783.0,1398.0,,,19.31902294596595,4.0,,1.29,0.16945562380851514,0.68,,20.87,1.3816925734024181,,,,,160.2253427568675,0.3048774272463177,,,,0.0,,,,95.0,
JUJHARLOGI,2026-09-26,,,197.0,25.8,,,1.6416666666666666,3.6286201022146507,,17.2,9.219858156028367,28.8,,21.0,10.833333333333334,,,,,43.04273207895313,0.4117647058823529,,,,0.0,,,,73.75,
JYOTI,2026-09-26,,,143.0,8.54,,0.31673467262837385,0.5070921985815603,-6.794731064763996,,,5.230769230769231,12.8,,9.0,6.028368794326241,26.96263067485516,,62.96016249026359,,17.238526984430848,-9.952380952380953,,,,0.0,,,,24.21,
KAIRA,2026-09-26,,,122.0,57.6,,0.34930592980008957,1.1192660550458715,7.074866310160428,,13.0,3.3333333333333335,20.0,,6.0,1.834862385321101,164.89843167839985,,,,-0.6042443591762092,1.1229314420803782,,,,0.91,,,,44.8,
KAJARIR,2026-09-26,,,109.0,2.81,,0.413351877096906,0.21206225680933852,0.6837416481069042,,27.7,9.948979591836734,27.1,,12.0,7.587548638132295,6.798082107998327,,,,-15.403614111742414,0.9811320754716981,,,,0.0,,,,66.26,
KALIND,2026-09-26,,,402.0,9.73,,,3.98019801980198,1.8965517241379313,,25.0,17.154811715481173,32.0,,55.0,40.5940594059406,,,,,365.7009507803835,0.04716981132075472,,,,3.03,,,,13.56,
KANELIND,2026-09-26,,,117.0,,,,,7.6020408163265305,,-2.23,-3.1847133757961785,-2.2,,-240.0,,,,,,,0.010369410239792612,,,,0.0,,,,95.0,
KANSHST,2026-09-26,,,129.0,252.0,,,0.4742647058823529,2.728915662650602,,1.14,3.1645569620253164,9.23,,0.8,1.8382352941176472,,,,,,0.46808510638297873,,,,0.0,,,,66.72,
KARTKIN,2026-09-26,,,190.0,36.8,,,32.3679727427598,22.608695652173914,,81.0,58.22072072072072,94.8,,98.13,88.07495741056218,,,,,337.70350105177744,0.0,,,,0.0,,,,74.81,
KAYCEEI,2026-09-26,,,265.0,63.9,,,4.333605887162714,7.961904761904762,,13.9,8.826031475967673,22.5,,12.71,6.78659035159444,-4.423469245115319,,,,7.987278060401892,0.019513659561693184,,,,0.24,,,,71.7,
KEIL,2026-09-26,,,148.0,39.9,,,0.5174825174825175,1.6018518518518519,,0.41,-1.8796992481203008,6.82,,7.0,-1.7482517482517483,,,,,-6.331061982396546,0.8924731182795699,,,,0.29,,,,73.94,
KELENRG,2026-09-26,,,1251.0,47.8,,3.4891657303838,2.187062937062937,8.175816993464052,,17.7,8.169014084507042,20.4,,7.0,5.06993006993007,13.699549890610129,,33.892931002584035,,8.405145313120999,0.477124183006536,,,,0.01,,,,54.33,
KEMP,2026-09-26,,,119.0,,,,33.71104815864023,0.7185863874345549,,-1.5,-0.7092614302461899,-1.46,,-76.49,-34.27762039660057,,,,,6.165700537601326,0.0,,,,0.0,,,,74.88,
KERALAYUR,2026-09-26,,,205.0,,,,1.5073529411764706,18.457943925233643,,-161.0,-18.84057971014493,-9.77,,-13.0,-19.11764705882353,,,,,7.987060042582783,7.818181818181818,,,,0.0,,,,35.6,
KESARPE,2026-09-26,,,143.0,33.4,,,0.7647058823529411,0.8258064516129032,,6.17,1.6326530612244898,7.22,,9.0,2.13903743315508,-5.416268377977785,,9.460878422315755,,7.866133782369578,0.48,,,,0.0,,,,68.17,
KETOMOTORS,2026-09-26,,,2008.0,,,,,21.11111111111111,,-1.73,-1.435810810810811,-2.2,,-33.05,,,,,,,0.0,,,,0.0,,,,92.33,
KIFS,2026-09-26,,,119.0,14.3,,2.6140828525028703,,1.8771331058020477,,13.4,1.848895982974195,8.2,,,,5.470369841685918,,6.366984770636441,,,,,,,1.41,,,,74.41,
KIMIABL,2026-09-26,,,146.0,20.2,,,1.3035714285714286,8.213333333333333,,53.7,6.796116504854369,25.1,,13.0,6.25,,,,,2.174590985807079,1.9444444444444444,,,,0.0,,,,74.94,
KINETICENG,2026-09-26,,,624.0,,,,3.606936416184971,4.187725631768953,,1.42,-4.436860068259386,3.61,,-1.6,-7.514450867052023,,,,,6.554064838150264,0.47651006711409394,,,,0.0,,,,65.04,
KINGSINFR,2026-09-26,,,178.0,12.0,,0.48068466509584,1.1337579617834395,2.047887323943662,,20.5,8.333333333333332,19.4,,18.0,9.554140127388536,24.964391151540923,,,,20.379457272946787,0.896551724137931,,,,0.0,,,,69.0,
KISAN,2026-09-26,,,275.0,,,,1.0826771653543308,1.4197530864197532,,-5.29,-4.53074433656958,-3.14,,-3.5,-5.511811023622047,,,,,-1.772526396889873,0.16580310880829016,,,,0.0,,,,70.55,
KPT,2026-09-26,,,170.0,36.8,,,1.6037735849056605,5.868544600938967,,18.3,8.98876404494382,16.2,,11.0,7.547169811320755,,,,,15.948637819501933,1.206896551724138,,,,0.6,,,,44.48,
KREONFIN,2026-09-26,,,176.0,837.0,,,,7.364406779661017,,1.99,1.2195121951219514,1.72,,,,,,,,,,,,,0.0,,,,60.53,
KSSMART,2026-09-26,,,1581.0,21.2,,,1.205030487804878,5.355555555555556,,25.2,4.2675893886966545,,,9.0,5.640243902439025,,,4.517952621315846,,,0.688135593220339,,,,0.0,,,,60.95,
KVFORGE,2026-09-26,,,150.0,16.6,,0.40004359823843244,1.7045454545454546,2.9148936170212765,,16.9,16.176470588235293,26.6,,14.0,12.5,41.495477175730564,,24.621340720392148,,1.9690077523468297,-0.0392156862745098,,,,2.19,,,,72.46,
LACTOSE,2026-09-26,,,142.0,20.4,,27.692001803495344,0.8304093567251462,2.174757281553398,,9.81,3.825136612021858,11.3,,11.0,4.093567251461988,0.7366748039654203,,23.090177370813958,,14.471424255333186,0.9538461538461539,,,,0.0,,,,53.65,
LAKSELEC,2026-09-26,,,195.0,19.8,,,1.2264150943396226,4.190476190476191,,23.3,5.263157894736842,16.0,,16.0,6.289308176100629,,,,,,1.9130434782608696,,,,0.38,,,,36.14,
LAKSHMIEW,2026-09-26,,,169.0,83.3,,,11.009771986970684,7.438235294117647,,7.41,4.931972789115646,11.5,,30.16,13.224755700325733,-4.219127823098068,,-4.8329761585742315,,1.2465115694713313,0.44356609574000877,,,,0.4,,,,37.57,
LANDMARC,2026-09-26,,,201.0,,,,,4.555555555555555,,-2.57,-0.8557457212713936,-2.12,,,,,,,,,,,,,0.0,,,,61.22,
LASTMILE,2026-09-26,,,205.0,23.1,,1.083419799450679,,0.5236363636363636,,3.11,2.0637898686679175,5.48,,,,21.321375160129328,,,,,,,,,0.35,,,,25.32,
LATIMMETAL,2026-09-26,,,132.0,14.3,,,0.3,1.680532445923461,,10.4,5.056179775280898,,,4.1,2.0454545454545454,-19.85931617171638,,,,-8.159385636051075,0.6666666666666666,,,,0.0,,,,62.68,
LEHAR,2026-09-26,,,366.0,324.0,,11.31732052752213,5.669144981412639,9.627906976744185,,4.12,2.149514932470991,7.72,,6.29,1.7503097893432462,28.628684608876952,,9.803188062457412,,31.921648140919444,0.44923599320882857,,,,0.24,,,,72.93,
LEXGLOBAL,2026-09-26,,,107.0,382.0,,,3.843390804597701,10.594059405940595,,2.39,1.275626423690205,6.21,,2.01,1.0057471264367819,,,,,,0.5897435897435898,,,,0.0,,,,70.55,
LGBFORGE,2026-09-26,,,125.0,,,,1.2019230769230769,7.735294117647058,,-12.7,11.11111111111111,2.12,,2.8,6.730769230769231,,,16.46586157796568,,5.328955511755318,1.75,,,,0.0,,,,70.81,
LIKHAMI,2026-09-26,,,297.0,929.0,,35.74162232630794,371.25,8.470254957507082,,0.66,0.9083167754754472,0.89,,41.25,40.0,25.99210498948732,,,,8.288701441961365,0.0,,,,0.0,,,,60.86,
LIPPISYS,2026-09-26,,,162.0,40.6,,,,6.51685393258427,,16.4,13.69721936148301,20.9,,-9.65,,,,36.56478393234042,,,0.1188277800080289,,,,0.0,,,,49.77,
LORDSMARK,2026-09-26,,,3958.0,47.4,,,3.9899193548387095,3.757085020242915,,10.4,5.751905751905752,12.2,,13.0,8.366935483870968,,,,,,0.3847695390781563,,,,0.0,,,,79.84,
LOYAL,2026-09-26,,,156.0,,,,5.313351498637602,8.787878787878787,,-26.8,-5.686769089658336,-10.2,,3.07,-8.446866485013624,,,,,-4.773231972740066,0.7724836212030971,,,,0.69,,,,70.75,
LUDLOWJUT,2026-09-26,,,342.0,196.0,,,1.0239520958083832,2.1486486486486487,,1.1,0.7782101167315175,3.31,,2.6,0.5988023952095809,,,-26.589765251000287,,12.59269206426854,0.39622641509433965,,,,0.0,,,,67.21,
LYKISLTD,2026-09-26,,,98.5,9.09,,0.22245591791571426,0.2179203539823009,2.407582938388625,,17.3,5.7894736842105265,11.5,,3.0,2.433628318584071,40.862028239878455,,34.92746438093892,,3.8131470208560225,2.6097560975609757,,,,0.0,,,,67.17,
MACPLASQ,2026-09-26,,,181.0,18067.0,,,0.353515625,1.3183856502242153,,1.3,0.0,6.71,,8.0,0.0,-85.07027386676074,,,,14.84649713283841,1.8248175182481752,,,,0.0,,,,75.0,
MADALA,2026-09-26,,,265.0,12.9,,0.17187616679217496,3.231707317073171,1.504201680672269,,3.02,9.803921568627452,5.02,,18.0,24.390243902439025,75.05403594204023,,28.050714886485583,,50.614760968263184,0.0,,,,0.0,,,,73.47,
MAGNAELQ,2026-09-26,,,628.0,40.4,,42.005652804603855,3.1557788944723617,4.326530612244898,,13.4,8.24742268041237,17.4,,15.0,8.040201005025125,0.9617753160015674,,14.995308038707055,,11.385893963344639,0.10344827586206896,,,,0.34,,,,53.66,
MAINFRA,2026-09-26,,,97.9,,,,2.6324280720623827,3.8518518518518516,,5.88,-0.9762118491921004,5.86,,1.43,-2.339338531863404,,,,,13.389256231933011,1.6620716817644743,,,,0.0,,,,52.31,
MARBLE,2026-09-26,,,426.0,59.5,,,4.176470588235294,5.141065830721003,,10.1,3.614457831325301,13.8,,27.0,8.823529411764707,,,,,,1.5365853658536586,,,,0.0,,,,39.99,
MAXGROW,2026-09-26,,,668.0,1.15,,,0.025436959750199915,0.3217726396917148,,25.5,19.588671611598112,23.5,,2.2,2.212406229770382,,,,,,0.0009652509652509653,,,,0.0,,,,92.82,
MAXIMUS,2026-09-26,,,206.0,23.0,,21.963402676667798,1.0048780487804878,2.3749999999999996,,11.6,5.0,12.6,,7.0,4.390243902439024,1.0471965723432008,,14.519616065931418,,23.43617468283883,0.4482758620689655,,,,0.0,,,,57.58,
MEEIND,2026-09-26,,,423.0,26.4,,,2.801324503311258,,,9.39,6.172839506172839,13.8,,9.0,6.622516556291391,,,,,,0.03076923076923077,,,,0.0,,,,71.22,
MEGAMONT,2026-09-26,,,566.0,64.2,,,0.6868932038834952,15.555555555555555,,36.5,9.574468085106384,23.0,,1.5,1.0922330097087378,,,,,,1.4166666666666667,,,,0.0,,,,58.55,
MENAMANI,2026-09-26,,,154.0,139.0,,1.39,,10.725806451612904,,3.54,3.504894221660878,1.22,,,,100.0,,-7.7892088518272224,,,,,,,0.0,,,,41.73,
META,2026-09-26,,,993.0,8.18,,0.1215108698988961,0.7862232779097387,3.4935622317596566,,41.6,35.38011695906433,41.6,,11.0,9.58036421219319,67.31908023377844,,,,102.99038522570787,0.01812688821752266,,,,0.0,,,,74.95,
MINID,2026-09-26,,,98.3,50.4,,,0.1482654600301659,1.5444444444444443,,2.2,0.6872852233676976,2.62,,0.4,0.301659125188537,-49.193409598126735,,,,39.16375557859892,0.046875,,,,0.0,,,,4.73,
MISHTANN,2026-09-26,,,342.0,1.92,,,0.4430051813471503,0.2619834710743802,,23.3,7.793345008756567,22.5,,23.0,23.05699481865285,-20.306644229422155,,78.9156320321801,,-15.685847475082637,0.04765564950038432,,,,0.0,,,,43.48,
MITSU,2026-09-26,,,243.0,10.5,,0.27886251209230034,0.675,2.161835748792271,,15.0,10.550458715596331,16.3,,13.0,6.388888888888888,37.652963538263684,,14.951188155999118,,4.997921957255325,0.5663716814159292,,,,0.11,,,,67.79,
MKVENTURES,2026-09-26,,,384.0,53.4,,,21.19205298013245,3.386440677966102,,9.81,6.258692628650904,13.2,,56.07,39.735099337748345,-30.201201218467865,,,,-24.154103789819725,0.0,,,,0.03,,,,74.36,
MOBAVENUE,2026-09-26,,,2308.0,65.9,,,9.420408163265305,25.555555555555557,,57.7,17.073170731707318,71.6,,21.0,14.285714285714285,,,,,,0.14444444444444443,,,,0.1,,,,65.6,
MODAIRY,2026-09-26,,,142.0,26.5,,,0.40226628895184136,2.282051282051282,,10.2,3.787878787878788,13.7,,3.0,1.41643059490085,-48.54416303519024,,-1.1586139329545109,,-0.835693666306836,0.21818181818181817,,,,0.0,,,,60.33,
MODINSU,2026-09-26,,,2123.0,22.6,,0.5992473500198016,2.7679269882659714,3.9130434782608696,,15.7,12.335958005249344,19.3,,15.0,12.25554106910039,37.713975705112766,,33.73827605840087,,20.07811985454524,0.1252302025782689,,,,0.0,,,,60.18,
MRUTR,2026-09-26,,,5931.0,,,,,82.1,,-0.53,-0.2407060711420166,-0.49,,,,,,,,,,,,,0.0,,,,0.25,
MULTIBASE,2026-09-26,,,218.0,19.0,,18.85095195271959,3.0704225352112675,2.4539007092198584,,12.5,10.576923076923077,16.7,,18.0,15.492957746478872,1.0079066589132601,,12.658232157112682,,2.986823723982046,-0.0,,,,30.6,,,,75.0,
NAGPI,2026-09-26,,,240.0,,,,2.8030833917309037,2.8909952606635074,,-2.55,-1.8800420904945634,0.91,,-0.18,-3.130109787432843,,,,,22.479414689940434,0.2831826401446655,,,,0.0,,,,61.23,
NAGTECH,2026-09-26,,,113.0,88.4,,,2.012108262108262,0.7409638554216867,,1.68,0.39586975884933856,2.54,,4.33,2.1367521367521367,,,,,,0.5914598205514441,,,,0.0,,,,35.9,
NAPEROL,2026-09-26,,,368.0,10.4,,0.5559245358748206,0.968421052631579,0.4007514088916719,,3.36,3.4965034965034967,4.88,,16.0,9.210526315789473,18.707575091346218,,-25.443180451468507,,18.736956601227806,0.015367727771679473,,,,3.04,,,,70.77,
NAPL,2026-09-26,,,104.0,,,,3.641456582633053,10.547798066595059,,-7.32,-3.0303030303030303,2.08,,1.82,-2.5560224089635852,,,,,44.22495703074083,0.900709219858156,,,,0.0,,,,69.05,
NATFIT,2026-09-26,,,278.0,,,,,6.8,,,,,,,,,,,,,,,,,0.33,,,,34.72,
NATPLASTI,2026-09-26,,,140.0,14.5,,3.46963458848837,0.3867403314917127,2.3404255319148937,,17.3,5.813953488372093,17.2,,7.0,2.7624309392265194,4.179114437038534,,21.272822464885046,,10.541306224403147,0.8666666666666667,,,,0.65,,,,66.34,
NCLRESE,2026-09-26,,,116.0,,,,,1.0571428571428572,,-2.34,-2.520939398916078,-2.53,,,,,,,,,,,,,0.0,,,,,
NEWINFRA,2026-09-26,,,98.7,,,,27.724719101123597,2.7647058823529407,,-20.4,-6.293103448275862,-2.58,,-97.75,-164.04494382022472,,,,,-21.714373603759807,0.8991596638655464,,,,0.0,,,,71.3,
NEXOME,2026-09-26,,,95.6,7.87,,0.1299478242074352,2.8117647058823527,0.4564102564102564,,7.46,6.0109289617486334,10.4,,37.0,32.35294117647059,60.56276854191225,,37.69590976068362,,-47.650782984445115,0.040697674418604654,,,,1.69,,,,51.81,
NHCFOODS,2026-09-26,,,165.0,6.16,,0.05510273747338497,0.19186046511627908,0.6433823529411764,,9.45,9.003215434083602,11.6,,4.4,3.255813953488372,111.79117921274467,,,,60.24484045209897,0.2905027932960894,,,,0.0,,,,0.0,
NIDHGRN,2026-09-26,,,202.0,24.2,,0.18543583290115706,3.2990364200555287,8.936170212765958,,41.0,25.559301256512406,51.0,,21.97,13.62077413032827,130.5033640013866,,39.08623360262522,,16.135821505759452,0.12289263531499557,,,,0.0,,,,66.75,
NIKHILAD,2026-09-26,,,393.0,111.0,,,1.6939655172413792,23.854748603351958,,25.6,0.0,20.0,,5.0,0.0,-51.92501432308638,,,,21.296483617543128,3.142857142857143,,,,0.26,,,,54.46,
NITINCAST,2026-09-26,,,242.0,29.6,,,1.7410071942446044,2.640449438202247,,12.7,5.714285714285714,15.5,,7.0,5.755395683453238,-14.431188936265393,,8.040887802357144,,-2.2891381522850085,0.15217391304347827,,,,0.64,,,,71.39,
NIYOGIN,2026-09-26,,,566.0,,,,,1.7397260273972601,,-0.12,-0.4231311706629055,5.79,,,,,,,,,,,,,0.0,,,,39.5,
NOVELIX,2026-09-26,,,200.0,,,,45.45454545454545,7.919010123734533,,-25.0,-30.05917159763314,-25.7,,-66.82,-57.72727272727273,,,,,-25.98138075551102,0.1416666666666667,,,,0.0,,,,54.29,
NPL,2026-09-26,,,340.0,18.3,,7.471766426639862,1.0658307210031348,0.9533011272141707,,1.77,3.9215686274509802,2.57,,12.0,5.6426332288401255,2.449220031123178,,,,-1.421512634845612,0.036414565826330535,,,,1.18,,,,70.77,
NSDL,2026-09-26,,,15440.0,39.8,,3.2776369496139206,8.899135446685879,6.5423728813559325,,16.0,10.18324607329843,22.1,,25.0,22.420749279538903,12.14289459504907,,-18.238435822398447,,11.01800238189714,0.007172995780590718,,,,0.52,,,,,
NSL,2026-09-26,,,200.0,6.91,,0.33622717752052544,0.08424599831508003,1.3455328310010763,,20.0,7.611548556430446,15.7,,2.2,1.2215669755686605,20.551580782247058,,37.04568463025257,,24.338202783904507,1.4026845637583893,,,,0.28,,,,66.97,
NUTRICIRCLE,2026-09-26,,,300.0,,,,,-1227.2727272727273,,,,,,,,,,,,,,,,,0.0,,,,62.61,
NWIL,2026-09-26,,,468.0,8.06,,0.33092925601244877,0.503767491926803,1.2641509433962266,,21.3,12.966252220248666,22.9,,9.0,7.857911733046287,24.355658659858115,,,,41.057410447155426,0.0945945945945946,,,,0.0,,,,53.81,
OKPLA,2026-09-26,,,121.0,34.6,,2.390918778243184,0.599009900990099,0.7276688453159041,,2.53,0.5434782608695652,4.9,,13.0,0.9900990099009901,14.471424255333186,,,,3.72678842260461,0.6626506024096386,,,,0.0,,,,47.47,
OMEGAIN,2026-09-26,,,141.0,11.9,,,0.9463087248322147,,,,900.0,,,8.0,6.0402684563758395,,,,,,-0.0,,,,0.0,,,,7.94,
OMNITEX,2026-09-26,,,312.0,5195.0,,,,94.76372924648787,,1.86,3.8348082595870205,1.85,,-51.58,,,,,,,0.0030395136778115497,,,,1.08,,,,37.95,
OSIAJEE,2026-09-26,,,124.0,21.1,,0.2937009619122332,17.22222222222222,6.052631578947368,,28.0,21.839080459770116,25.0,,76.39,81.80555555555556,71.84178036946751,,52.79554468925281,,44.62782213186418,0.2710872745002438,,,,0.0,,,,2.78,
OVOBELE,2026-09-26,,,262.0,6.76,,0.22967882052998378,0.9424460431654677,2.3793103448275863,,24.9,23.076923076923077,28.3,,15.0,14.028776978417264,29.432404713683667,,359.18730932680234,,16.68156596239736,0.26126126126126126,,,,0.0,,,,69.65,
OXYGENTAPH,2026-09-26,,,183.0,,,,1.3555555555555556,-4.3130434782608695,,,-11.666666666666666,-33.6,,-6.0,-10.37037037037037,,,,,50.0,-2.558139534883721,,,,0.0,,,,56.53,
PANAENERG,2026-09-26,,,190.0,27.6,,,0.6884057971014492,1.8333333333333333,,5.19,2.73972602739726,9.48,,3.9,1.4492753623188406,-28.177799123184343,,-14.412034456793387,,-1.8608986498685254,0.009615384615384616,,,,0.77,,,,58.06,
PANAFIC,2026-09-26,,,120.0,70.3,,,,16.266666666666666,,-27.0,11.46112600536193,-17.1,,,,,,0.0,,,,,,,0.0,,,,16.4,
PANCARBON,2026-09-26,,,195.0,10.1,,9.488439069234618,3.9,1.0358056265984654,,11.8,9.793814432989691,16.8,,30.0,38.0,1.064453270585708,,4.56657086198371,,-0.6579137841035809,0.0,,,,2.96,,,,63.27,
PANCHSHEEL,2026-09-26,,,140.0,13.6,,,1.2962962962962963,0.9906542056074766,,7.89,5.813953488372093,10.3,,12.0,9.25925925925926,-9.990740732770021,,-1.2808956464067767,,0.9434519443984435,0.0425531914893617,,,,3.01,,,,56.12,
PARSHVA,2026-09-26,,,188.0,696.0,,,7.516993202718912,17.523809523809526,,2.53,1.8261504747991237,3.55,,2.08,0.9996001599360255,0.0,,,,-0.14617961038773108,0.013979496738117428,,,,0.0,,,,74.89,
PARVATI,2026-09-26,,,101.0,,,,1.9800039207998432,1.134453781512605,,-13.7,-6.11162667373724,-9.98,,-7.86,-18.07488727700451,,,,,-14.136348532767585,0.2004278797432722,,,,0.0,,,,66.0,
PATELSAI,2026-09-26,,,223.0,15.1,,2.354478564861794,0.601078167115903,1.5593869731800767,,10.9,4.0431266846361185,14.4,,9.0,4.0431266846361185,6.413309607210782,,13.316969239196252,,13.312523035227697,0.6549295774647887,,,,0.74,,,,46.45,
PCCOSMA,2026-09-26,,,126.0,14.4,,,0.7544910179640718,2.2358490566037736,,15.7,14.0625,21.0,,8.0,5.389221556886228,-5.929804418701701,,,,7.61444186635456,0.0,,,,0.63,,,,72.58,
PERVASIVE,2026-09-26,,,1009.0,,,,25.288220551378448,11.2,,22.1,-0.12330456226880394,22.1,,-0.88,-0.32581453634085217,,,,,214.7175598810558,0.003557136505113384,,,,0.0,,,,0.06,
PGFOILQ,2026-09-26,,,238.0,,,,0.6574585635359116,0.7214285714285714,,-2.47,-0.5952380952380952,0.87,,0.9,-0.8287292817679558,,,,,4.524099841017537,0.4303030303030303,,,,0.0,,,,54.38,
PHARMAID,2026-09-26,,,107.0,,,,4.222573007103394,2.2518518518518515,,-26.5,-5.0767820307128115,-18.5,,-35.2,-17.482241515390687,,,,,18.808464238679477,0.49076793957196807,,,,0.0,,,,32.99,
PHCAP,2026-09-26,,,351.0,,,,6.306144448436939,6.088541666666667,,5.39,-6.897138964577657,8.19,,-12.45,-7.276320517427237,,,,,-29.872418733390194,-0.0,,,,0.02,,,,72.7,
PMCFIN,2026-09-26,,,135.0,21.2,,,,0.7279693486590039,,3.47,3.3593091828138166,6.07,,,,-17.45181877763433,,24.57309396155174,,,,,,,0.53,,,,20.89,
POLSON,2026-09-26,,,132.0,21.4,,,1.233644859813084,4.841549295774648,,,,,,14.0,5.607476635514018,,,,,,,,,,0.0,,,,74.98,
POOJAENT,2026-09-26,,,435.0,169.0,,,28.100775193798448,2.9437229437229435,,2.24,1.1740872047516,2.54,,1.68,16.472868217054263,-43.80159898999608,,-12.5139569715774,,-35.64143134255973,0.0382118219937779,,,,0.0,,,,74.48,
PQIF,2026-09-26,,,271.0,119.0,,,3.848338540187447,1.3986135181975738,,1.34,1.023339317773788,2.48,,5.42,3.2377165577960803,-12.64195352637011,,8.447177119769854,,0.9551953030265903,0.051972901691058594,,,,0.0,,,,74.84,
PRECISIO,2026-09-26,,,267.0,,,,3.8126517206911323,18.037383177570096,,3.93,-1.3716647876738068,7.15,,7.38,-2.0848207910895327,,,,,13.942381119798553,4.8175675675675675,,,,0.0,,,,50.54,
PRIMAPLA,2026-09-26,,,156.0,7.93,,,0.8253968253968254,0.8352941176470589,,10.8,8.936170212765958,14.3,,16.0,11.11111111111111,-3.411385865400629,,17.77986370357645,,0.897714080436729,0.1497326203208556,,,,1.41,,,,58.27,
PRIMEFRESH,2026-09-26,,,217.0,14.9,,0.5427175868590131,0.7695035460992907,2.378048780487805,,16.4,12.5,21.4,,8.0,5.319148936170213,27.454426318177738,,30.363457275905148,,23.695608099637887,0.0989010989010989,,,,0.0,,,,50.71,
PURETROP,2026-09-26,,,123.0,10.9,,,1.0081967213114753,1.0346820809248556,,18.3,9.868421052631579,6.3,,13.0,12.295081967213115,-31.84738094437908,,22.72297541377437,,4.470101742942889,0.007246376811594203,,,,0.0,,,,64.27,
PURPLEFIN,2026-09-26,,,479.0,,,,,3.2017937219730945,,-6.33,-0.4984678243105209,1.46,,,,,,,,,,,,,0.0,,,,34.15,
QUESTCAP,2026-09-26,,,244.0,15.3,,0.2215889987986935,5.304347826086956,0.505175983436853,,4.5,3.2388663967611335,5.77,,45.0,34.78260869565217,69.04674908477546,,20.514572257284303,,52.38357558060513,0.0,,,,1.02,,,,75.0,
RAAJMEDI,2026-09-26,,,156.0,66.1,,,1.6657768286171917,3.3333333333333335,,4.91,1.9447878038730944,11.9,,14.11,2.5200213561131872,-13.171993331551535,,-6.264505138772658,,29.3820512169513,1.3836114676936242,,,,0.0,,,,59.08,
RAAMA,2026-09-26,,,136.0,18.3,,,,4.143646408839779,,18.5,16.856232939035486,22.9,,,,,,,,,,,,,0.0,,,,54.93,
RADIXIND,2026-09-26,,,209.0,71.0,,7.419355624120961,4.559336823734729,8.96774193548387,,14.5,12.462908011869436,19.6,,7.74,6.4136125654450264,9.569564204359327,,14.179185206415191,,11.577567643960363,0.009442060085836911,,,,0.36,,,,74.96,
RAGHUSYN,2026-09-26,,,333.0,,,,1.3058823529411765,9.817351598173516,,-3.7,-0.8403361344537815,1.4,,3.1,-0.39215686274509803,,,,,39.96488037229964,2.264705882352941,,,,0.0,,,,74.91,
RAINBOWF,2026-09-26,,,149.0,15.1,,,0.8922155688622755,1.7045454545454544,,9.05,0.8323424494649228,6.85,,28.0,4.191616766467066,,,,,,7.409090909090909,,,,0.0,,,,41.48,
RAJABAH,2026-09-26,,,124.0,952.0,,,4.239316239316239,9.482758620689655,,9.58,0.03579689393104968,7.06,,56.51,0.4444444444444444,-52.84722871530781,,,,11.273553850611062,23.882848392036756,,,,0.0,,,,75.0,
RAJSEC,2026-09-26,,,452.0,6.8,,,6.848484848484849,3.8684210526315788,,33.9,47.5177304964539,78.6,,37.0,101.51515151515152,,,,,,0.0,,,,0.0,,,,,
RAMAVISION,2026-09-26,,,187.0,24.9,,0.9173116901624796,1.0625,5.142857142857143,,19.4,9.210526315789473,19.8,,8.0,3.977272727272727,27.14453578542051,,35.545380590164854,,25.05183035779357,0.5833333333333334,,,,0.0,,,,54.72,
RAPICUT,2026-09-26,,,149.0,12.8,,0.06819409227976471,0.8869047619047619,6.856435643564357,,9.98,18.181818181818183,11.3,,9.0,7.142857142857142,187.69954364211335,,,,40.94597464129783,0.0,,,,0.0,,,,41.72,
RATHIST,2026-09-26,,,188.0,,,,,,,,,,,,,,,,,,,,,,0.0,,,,41.3,
RATNABHUMI,2026-09-26,,,240.0,195.0,,2.870035479377167,5.155746509129968,5.451713395638629,,7.4,0.6226842321943187,11.0,,41.22,2.599355531686359,67.94341094428471,,49.62778697388448,,,2.749602363099296,,,,0.0,,,,73.56,
RDBIPL,2026-09-26,,,361.0,25.5,,,4.056179775280899,1.2755905511811023,,4.68,3.7940379403794036,,,3.5,15.730337078651685,-11.469222360841048,,24.209900915409776,,-11.637750099584077,0.21428571428571427,,,,0.0,,,,66.49,
RDBRL,2026-09-26,,,287.0,7.76,,0.5120304539141117,2.3524590163934427,1.1654676258992807,,14.4,14.50980392156863,19.6,,20.0,30.327868852459016,15.15534855530618,,10.905687337740599,,5.805327382608727,0.004048582995951417,,,,0.0,,,,69.83,
REGENCY,2026-09-26,,,401.0,29.9,,,11.794117647058824,2.2600000000000002,,9.51,3.939393939393939,10.5,,69.0,38.23529411764706,,,,,,0.975,,,,0.0,,,,21.43,
REMAGNET,2026-09-26,,,4793.0,,,,342.35714285714283,11.864951768488746,,-5.73,-1.5406162464985995,-2.55,,-54.0,-78.57142857142857,,,,,,0.7531172069825436,,,,0.0,,,,58.45,
REMIEDEL,2026-09-26,,,332.0,111.0,,4.353947316909403,2.2133333333333334,4.482758620689655,,3.72,2.1739130434782608,6.24,,6.0,2.0,25.49410728258237,,34.044545217445844,,8.634674084667404,0.7571428571428571,,,,0.0,,,,68.84,
RESONANCE,2026-09-26,,,221.0,15.2,,0.21807299662509153,2.1666666666666665,3.0283911671924293,,15.0,16.304347826086957,20.0,,19.0,14.705882352941178,69.70143133370912,,3.2381072620362605,,22.860561013161075,0.02702702702702703,,,,0.52,,,,54.25,
REXNORD,2026-09-26,,,138.0,21.2,,,1.1129032258064515,1.4207650273224044,,5.69,4.37956204379562,8.37,,15.0,4.838709677419355,-12.83915069018513,,-11.60182345556462,,8.905584618126227,0.2268041237113402,,,,0.0,,,,73.4,
RGIL,2026-09-26,,,318.0,284.0,,,7.044749667700487,21.09170305676856,,9.3,6.6350710900473935,12.4,,0.09,2.4811696942844486,,,76.23403478323169,,391.57824268166087,0.04850498338870431,,,,0.0,,,,54.29,
RIDDHI,2026-09-26,,,530.0,37.4,,,3.0994152046783627,0.350968351440718,,-0.8,-0.8989952406134322,2.74,,-9.0,-9.941520467836257,,,,,-13.909789023383778,0.18754141815772035,,,,0.4,,,,75.0,
RISHILASE,2026-09-26,,,152.0,31.8,,,1.1343283582089552,3.1275720164609053,,11.3,5.952380952380952,13.8,,7.0,3.731343283582089,,,,,13.354558651041915,0.20454545454545456,,,,0.0,,,,16.12,
RNITAI,2026-09-26,,,903.0,72.4,,,17.037735849056602,6.463414634146342,,16.6,7.18562874251497,20.2,,40.0,22.641509433962266,,,1.4931978945393887,,,0.12949640287769784,,,,0.0,,,,63.24,
RUDRAECO,2026-09-26,,,294.0,,,,9.386973180076629,2.6652221018418203,,-3.94,-3.0075730256040387,-2.56,,-8.14,-13.314176245210726,,,,,16.871221575039907,0.15981113229819308,,,,0.0,,,,15.57,
RUNGTAIR,2026-09-26,,,95.9,66.6,,,1.5410573678290216,1.2493506493506494,,1.93,2.047327838340867,3.71,,-0.4,3.712035995500563,,,,,,0.25156576200417535,,,,0.0,,,,41.6,
SAKTHIFIN,2026-09-26,,,167.0,28.5,,1.124147712218544,,1.048780487804878,,8.55,1.0601921372098493,13.4,,,,25.3525401423931,,,,,,,,,3.1,,,,67.01,
SALSAIN,2026-09-26,,,234.0,10.9,,0.05915438101826998,1.95,3.3768844221105527,,30.3,7.9422382671480145,20.3,,30.0,18.333333333333332,184.26361348677636,,86.34150967315777,,100.0,1.3333333333333333,,,,0.0,,,,67.12,
SAMKRG,2026-09-26,,,112.0,11.7,,,0.38095238095238093,0.5533980582524272,,4.92,3.1746031746031744,9.54,,13.0,3.4013605442176873,-8.861806964205499,,-7.209221026704416,,6.265856918261115,0.3251231527093596,,,,0.44,,,,66.87,
SAMOR,2026-09-26,,,224.0,2033.0,,,12.933025404157044,18.857142857142858,,1.53,0.9337860780984721,1.55,,0.64,0.6351039260969976,,,,,,0.024822695035460994,,,,0.0,,,,63.28,
SAMRATFORG,2026-09-26,,,107.0,23.4,,1.5065485609207565,0.5323383084577115,2.5845410628019323,,11.2,2.5380710659898478,10.6,,8.0,2.4875621890547266,15.532191000666206,,5.167874336861811,,7.6771107456589105,2.3658536585365852,,,,0.0,,,,74.98,
SANCTRN,2026-09-26,,,127.0,26.2,,,1.0672268907563025,1.2231833910034602,,4.86,5.755395683453238,7.3,,9.0,6.722689075630252,,,,,3.9314609252725896,0.15384615384615385,,,,0.64,,,,72.49,
SANGAMFIN,2026-09-26,,,172.0,22.6,,,,1.25938566552901,,2.42,3.9703270295684887,4.73,,,,-1.3918310823425872,,0.12315308269310599,,,,,,,0.0,,,,63.08,
SANJIVIN,2026-09-26,,,208.0,27.8,,5.773687688512221,2.7878300495912076,4.300254452926209,,15.7,8.479199818140486,18.0,,15.86,9.998659697091544,4.814946962807332,,,,11.09796518558639,0.2960199004975124,,,,0.3,,,,31.56,
SAPL,2026-09-26,,,3823.0,4156.0,,,219.71264367816093,212.83819628647214,,3.8,2.0503677289948743,2.14,,12.7,5.287356321839081,-7.769605279537117,,-4.024188561038811,,-4.567773051022106,1.4399332591768632,,,,0.0,,,,74.49,
SAVERA,2026-09-26,,,188.0,67.0,,,3.0123377663835926,3.8669950738916254,,5.8,3.339717500598516,9.78,,18.39,4.4704374298990555,-25.80856945455564,,,,6.8013171860801025,0.4697751186300805,,,,1.91,,,,64.62,
SBECSUG,2026-09-26,,,329.0,6.1,,,0.6231060606060606,1.9658119658119657,,11.8,5.9734513274336285,16.2,,3.0,10.227272727272728,,,,,-6.932608670791063,1.625,,,,0.0,,,,65.13,
SCAGRO,2026-09-26,,,237.0,18.4,,0.2100990370012596,1.9112903225806452,2.0129032258064514,,5.53,9.558823529411764,7.77,,14.0,10.483870967741936,87.57774553669033,,165.53072804614666,,398.6630952238645,0.0,,,,0.0,,,,0.0,
SCOOBEEDAY,2026-09-26,,,105.0,,,,4.186602870813397,1.1151079136690647,,-11.1,-4.761904761904763,-6.12,,-17.98,-26.993620414673046,,,,,-14.952358676740584,0.2496016994158258,,,,0.0,,,,79.75,
SELECTRIC,2026-09-26,,,2415.0,446.0,,,17.5,23.745541022592153,,11.1,5.434782608695652,16.8,,9.0,3.6231884057971016,,,,,,0.3137254901960784,,,,0.0,,,,74.12,
SERA,2026-09-26,,,370.0,3.59,,0.04546957016494208,,1.2583518930957684,,18.2,29.68299711815562,21.0,,,,78.95390229063479,,,,,,,,,0.18,,,,57.69,
SHAHFOOD,2026-09-26,,,808.0,246.0,,,203.01507537688443,4.577836411609499,,1.86,1.2148290377372424,,,-6.03,82.66331658291458,,,,,,0.32618899508002036,,,,0.0,,,,1.26,
SHAHLON,2026-09-26,,,206.0,50.0,,22.99282960627328,0.8306451612903226,1.8699186991869918,,3.93,1.4388489208633095,9.08,,9.0,1.6129032258064515,2.174590985807079,,5.922384104881218,,-7.26782831482462,1.1181818181818182,,,,0.3,,,,71.56,
SHAWGELTIN,2026-09-26,,,284.0,8.16,,,1.2566371681415929,1.9583333333333333,,23.7,19.553072625698324,29.5,,20.0,15.486725663716813,,,,,,0.05517241379310345,,,,2.34,,,,75.0,
SHHARICH,2026-09-26,,,221.0,18.8,,0.3197743303139593,1.027906976744186,4.375,,10.2,11.214953271028037,10.8,,8.0,5.5813953488372094,58.79146078280228,,,,15.927496668915818,0.7333333333333333,,,,0.0,,,,64.26,
SHILINDORE,2026-09-26,,,402.0,45.3,,15.918744492320076,3.688073394495413,5.739130434782608,,13.9,3.5555555555555554,11.6,,21.0,7.339449541284404,2.8457018090751296,,,,4.324206065175806,1.8857142857142857,,,,0.06,,,,79.52,
SHISHIND,2026-09-26,,,601.0,176.0,,,4.386861313868613,3.234624145785877,,5.01,0.3952569169960474,6.8,,7.0,0.7299270072992701,-26.857204018717027,,2.3836255539609663,,16.79046080237363,0.2648648648648649,,,,0.0,,,,54.81,
SHPLPUNE,2026-09-26,,,262.0,12.6,,1.6201348001818952,3.1951219512195124,2.5903614457831323,,21.3,18.75,28.5,,34.0,25.609756097560975,7.777130642823904,,,,5.415693642233976,0.0,,,,0.0,,,,74.95,
SHRAAITECH,2026-09-26,,,123.0,12.9,,,7.365269461077845,1.5781249999999998,,13.2,11.004223369310184,17.2,,57.78,56.16766467065869,,,,,106.01287739104262,0.005271277963486757,,,,2.96,,,,74.66,
SHRIDINE,2026-09-26,,,208.0,15.2,,,2.9714285714285715,1.0391061452513966,,4.76,4.8034934497816595,5.76,,7.0,15.714285714285714,-39.67976167165479,,-18.0570616239916,,2.501029596576787,0.009950248756218905,,,,0.4,,,,49.79,
SHRIGANG,2026-09-26,,,117.0,5.93,,0.7977177364010176,0.32142857142857145,2.191235059760956,,62.9,12.82051282051282,30.0,,10.0,5.4945054945054945,7.433707098896636,,11.44785998410578,,11.021370033491195,1.12,,,,0.0,,,,38.46,
SIMMOND,2026-09-26,,,258.0,15.8,,0.22132432508552385,1.036144578313253,4.433781190019194,,28.8,9.467455621301776,19.7,,13.0,6.425702811244979,71.38844767241281,,,,9.05176678637094,1.1551724137931034,,,,0.35,,,,59.7,
SIMPLEXCAS,2026-09-26,,,562.0,121.0,,,6.181938180618194,9.194630872483222,,-2.44,3.816447069513857,7.79,,21.59,7.391926080739193,,,,,-12.836472908325058,1.3960982025427442,,,,0.0,,,,50.36,
SIZEMASTER,2026-09-26,,,390.0,108.0,,9.195503342010111,10.127239678005713,21.42857142857143,,26.9,13.011152416356877,24.2,,14.59,10.906258114775385,11.744870942148067,,,,44.58881448865162,0.17491749174917492,,,,0.0,,,,64.86,
SKCIL,2026-09-26,,,168.0,,,,1.0,1.8769531249999998,,-7.02,-3.546099290780142,6.25,,20.0,-8.928571428571429,,,,,10.064241629820891,2.6333333333333333,,,,0.0,,,,62.33,
SKPMIL,2026-09-26,,,127.0,35.9,,0.11812894214103414,0.5474137931034483,2.4092071611253196,,-9.88,18.248175182481752,10.1,,4.2,10.775862068965516,303.905201801765,,,,17.230827599961064,0.7924528301886793,,,,0.0,,,,42.25,
SMFIL,2026-09-26,,,86.7,126.0,,4.285869595870294,6.201716738197425,4.0669856459330145,,1.36,5.764304013663535,4.86,,8.23,9.656652360515022,29.398934610938454,,-1.471229526229867,,6.235469196581889,0.0,,,,0.0,,,,28.69,
SMRUTHIORG,2026-09-26,,,185.0,23.4,,0.8587117196916805,1.6517857142857142,2.5233644859813085,,5.17,6.730769230769231,7.99,,17.0,6.25,27.250123019634277,,-6.532764271678859,,-4.353440861380542,0.1095890410958904,,,,0.93,,,,64.73,
SMTEL,2026-09-26,,,613.0,25.0,,,3.6927710843373496,5.082458770614693,,25.2,9.363295880149813,25.4,,26.0,15.060240963855422,,,151.26037035944137,,281.0619724382096,0.6833333333333333,,,,0.0,,,,67.44,
SNL,2026-09-26,,,163.0,14.1,,1.000832031779463,2.716666666666667,2.157142857142857,,14.8,14.285714285714285,20.1,,25.0,20.0,14.08827810489881,,5.628332232247502,,7.721734501594191,0.0,,,,3.31,,,,74.39,
SOBME,2026-09-26,,,1411.0,68.8,,3.766910987068828,6.3558558558558556,6.0311111111111115,,16.2,5.714285714285714,23.4,,14.0,9.00900900900901,18.264302033198774,,11.81574319371823,,24.51405533932327,0.11398963730569948,,,,0.0,,,,60.58,
SPICEISLIN,2026-09-26,,,279.0,159.0,,11.16596550393582,15.656565656565656,13.796296296296296,,24.7,9.9601593625498,28.2,,4.49,9.820426487093153,14.239700090776308,,,,13.245524002804544,0.08608321377331421,,,,0.36,,,,43.11,
SPICEJET,2026-09-26,,,1503.0,,,,0.31404095277893856,-0.5382513661202185,,,-13.198228882833787,29.4,,-13.0,-16.193063100710408,,,,,-18.60124607609044,-1.5051804215791353,,,,0.0,,,,24.19,
SPICELOUNG,2026-09-26,,,2386.0,152.0,,,14.373493975903614,19.431818181818183,,8.36,5.47945205479452,6.42,,11.0,9.63855421686747,,,,,,0.959349593495935,,,,0.0,,,,64.36,
SRAMSET,2026-09-26,,,445.0,,,,34.23076923076923,2.8841870824053455,,-18.9,-15.286624203821656,-18.8,,-190.0,-184.6153846153846,,,,,17.566734386037865,0.0,,,,0.0,,,,70.85,
STARDELTA,2026-09-26,,,137.0,11.6,,5.399963026821626,0.7611111111111111,1.426791277258567,,13.2,10.16949152542373,18.1,,9.0,6.666666666666667,2.148162856371938,,26.549753478117566,,8.738037300289214,0.11458333333333333,,,,0.0,,,,71.69,
STARLENT,2026-09-26,,,362.0,61.5,,,3.447619047619048,2.1675257731958766,,5.94,0.5649717514124294,7.05,,5.0,0.9523809523809524,-26.319370027192267,,,,51.82944859378311,0.023952095808383235,,,,0.0,,,,32.97,
STEELCO,2026-09-26,,,138.0,,,,0.2727272727272727,-1100.0,,-431.0,-1.4134275618374559,5.26,,1.6,-0.7905138339920948,,,,,,-17.6,,,,0.0,,,,74.65,
STELLANT,2026-09-26,,,563.0,7034.0,,,3311.7647058823527,5823.529411764705,,8.96,23.52941176470588,8.96,,47.06,47.05882352941176,,,,,4.260360145884445,0.0,,,,0.02,,,,45.25,
STHINPA,2026-09-26,,,218.0,14.8,,,0.4898876404494382,0.9747899159663865,,4.76,3.34075723830735,9.07,,12.0,3.3707865168539324,,,-11.453567044958579,,12.685111991644504,0.6995515695067265,,,,0.0,,,,27.82,
STOVACQ,2026-09-26,,,337.0,12.0,,0.7806899552359136,1.7282051282051283,2.386094674556213,,21.8,19.2090395480226,32.3,,21.0,17.435897435897434,15.371018827024319,,26.000371014522507,,6.3750716476651315,0.0,,,,0.74,,,,71.06,
STRATMONT,2026-09-26,,,158.0,72.4,,,0.8229166666666666,4.964285714285714,,8.48,2.7777777777777777,10.6,,3.0,1.0416666666666665,-29.203737570730283,,-12.717047733330533,,30.194905895067038,0.9375,,,,0.18,,,,67.58,
SUDTIND-B,2026-09-26,,,380.0,37.8,,,3.4545454545454546,4.592105263157895,,20.6,8.403361344537815,20.0,,13.0,9.090909090909092,,,,,17.970284693588013,0.09210526315789473,,,,0.0,,,,56.8,
SUPER,2026-09-26,,,342.0,30.9,,,0.8066037735849056,0.7034700315457413,,0.69,1.6591251885369533,2.73,,9.0,2.5943396226415096,-18.39115367754346,,-25.844979105023903,,0.3962006514632632,0.22587268993839835,,,,0.22,,,,59.43,
SUPRAPFSL,2026-09-26,,,165.0,17.7,,0.13682107619528613,,1.4016736401673642,,8.66,1.8926868850796228,12.1,,,,129.36603403657347,,39.71400158301359,,,,,,,0.6,,,,32.17,
SURATRAML,2026-09-26,,,104.0,6.86,,,0.6624203821656051,1.004301075268817,,14.6,14.40677966101695,,,8.0,10.828025477707007,,,,,,0.009708737864077669,,,,0.0,,,,68.45,
SURJIND,2026-09-26,,,280.0,68.1,,,3.877579282647833,1.9269102990033222,,-0.52,1.4259362281497967,1.32,,13.96,6.744218252319624,-3.186904440604932,,,,12.69692289963702,1.2010316368638239,,,,0.0,,,,39.59,
SWADPOL,2026-09-26,,,129.0,29.9,,,12900.0,1.11864406779661,,0.01,3.584411192831177,1.33,,-27100.0,42400.0,-62.76847190407755,,-30.13863939840763,,-95.34690510384361,0.0,,,,0.0,,,,72.04,
SWASTIKA,2026-09-26,,,297.0,21.8,,,2.6517857142857144,2.1925925925925926,,10.5,2.783300198807157,20.4,,28.0,12.5,-6.520323561700014,,-0.058892855940984035,,-0.8772381831625209,0.10294117647058823,,,,0.41,,,,59.88,
SYSCHEM,2026-09-26,,,203.0,33.1,,1.2170082158251085,0.35365853658536583,1.516,,10.2,2.054794520547945,15.9,,3.3,1.0452961672473868,27.197844328075327,,,,42.34851427172648,0.0,,,,0.0,,,,63.38,
TALBROSENG,2026-09-26,,,327.0,10.9,,,0.6100746268656716,,,,,,,11.0,5.410447761194029,,,,,,,,,,0.47,,,,72.59,
TANDHANIN,2026-09-26,,,770.0,71.6,,,7.938144329896907,4.428571428571429,,6.18,3.728813559322034,,,16.0,11.34020618556701,,,,,,0.6149425287356322,,,,0.01,,,,65.06,
TANFACIND,2026-09-26,,,7404.0,109.0,,13.100169099057235,10.254847645429363,18.299465240641712,,20.3,12.878787878787879,23.9,,15.0,9.418282548476455,8.320503283262525,,4.595337004053168,,24.074290161386912,0.24932975871313673,,,,0.13,,,,48.73,
TCIIND,2026-09-26,,,106.0,304.0,,,20.743639921722114,18.003048780487806,,9.95,1.8363064008394543,4.33,,15.07,6.8493150684931505,,,,,54.336518743593686,1.9387755102040818,,,,0.0,,,,69.53,
TIERRA,2026-09-26,,,293.0,,,,2.6160714285714284,2.9733333333333336,,-4.94,-3.664921465968586,-6.53,,-9.0,-6.25,,,,,18.68096620157036,0.1919191919191919,,,,0.0,,,,9.34,
TILAK,2026-09-26,,,164.0,26.4,,,6.156156156156156,1.1941747572815533,,5.77,4.21505670173521,7.46,,31.61,23.16066066066066,,,,,89.90141745379286,0.058094893154654104,,,,0.0,,,,61.98,
TIRUSTA,2026-09-26,,,121.0,21.2,,0.5649966092011665,0.3333333333333333,1.8,,10.1,2.857142857142857,10.2,,6.0,1.6528925619834711,37.522349080951315,,,,5.85914927672071,1.6176470588235294,,,,0.0,,,,72.88,
TITANBIO,2026-09-26,,,1647.0,48.6,,4.460386521921136,7.52054794520548,9.088838268792712,,17.8,15.887850467289718,22.8,,19.0,15.52511415525114,10.895916701646623,,9.354528084517288,,10.120140187744319,0.03314917127071823,,,,0.13,,,,55.78,
TITANSEC,2026-09-26,,,100.0,7.07,,0.5802099257598715,,0.9458823529411765,,12.0,13.20754716981132,1.14,,,,12.185244833136522,,-2.2937643047456824,,,,,,,0.0,,,,73.95,
TOTEM,2026-09-26,,,880.0,25.9,,,3.308270676691729,5.229357798165137,,16.4,13.545816733067728,21.0,,23.0,12.781954887218044,,,,,5.272659960939663,0.10059171597633136,,,,2.93,,,,73.85,
TRADWIN,2026-09-26,,,130.0,96.0,,,0.4961832061068702,-14.163934426229508,,,1.7857142857142856,46.4,,-0.7,0.38167938931297707,-24.291509739420558,,,,2.682233915315946,-2.2222222222222223,,,,0.0,,,,74.97,
TRANSCHEM,2026-09-26,,,502.0,74.6,,4.394719869249213,,6.002928257686676,,5.29,7.659865496409438,6.9,,-55.51,,16.974915858003147,,18.596342984446057,,,0.0,,,,0.0,,,,56.45,
TRISHAKT,2026-09-26,,,402.0,37.0,,0.2589746767176462,10.578947368421053,8.782287822878228,,23.0,3.8062283737024223,14.8,,55.0,28.947368421052634,142.8711118359275,,,,-34.46349516722943,1.9318181818181819,,,,0.08,,,,67.27,
TRUEGREEN,2026-09-26,,,638.0,11.9,,0.04274966105759921,1.2658730158730158,4.024896265560166,,22.6,9.67741935483871,13.8,,19.0,10.714285714285714,278.3647801082308,,41.250861245095514,,,2.138364779874214,,,,0.0,,,,61.27,
TRUSTEDGE,2026-09-26,,,123.0,107.0,,7.239117109800388,17.107093184979135,2.2203672787979967,,1.44,1.6192621796676994,0.93,,18.64,15.994436717663419,14.780807987640143,,19.445640010326915,,91.11607688199402,0.18096272167933405,,,,0.0,,,,74.99,
TYCHE,2026-09-26,,,109.0,24.5,,,2.1782573940847323,0.7737226277372263,,5.01,3.0059443393677387,6.83,,-2.8,8.892885691446843,-28.6333790715124,,-13.763788806894983,,-10.376203366145631,0.0,,,,3.29,,,,61.97,
UCIL,2026-09-26,,,447.0,5.1,,,,2.7223719676549862,,72.1,18.37160751565762,55.2,,,,,,96.84213982971276,,,,,,,0.5,,,,19.84,
UNIABEXAL,2026-09-26,,,948.0,20.6,,0.20703464286670803,4.289592760180995,2.2868032396379228,,17.0,57.200811359026375,19.2,,22.0,127.60180995475112,99.50025616371163,,87.0374608292795,,7.079562851623811,0.03132530120481928,,,,0.83,,,,63.63,
UPSURGE,2026-09-26,,,133.0,11.4,,,,1.1367041198501873,,0.59,9.75609756097561,3.76,,,,-10.202450085226033,,-2.6714366896593567,,,,,,,0.82,,,,54.56,
UVDRHOR,2026-09-26,,,252.0,48.1,,,7.88979336255479,4.734111543450065,,9.83,5.151186841327687,,,37.63,16.374452097683157,,,,,,0.6323114538273462,,,,1.1,,,,74.94,
UVS,2026-09-26,,,332.0,14.6,,0.06529286422116103,,1.6352705410821642,,9.25,10.69767441860465,9.49,,,,223.6078961178154,,,,,,,,,0.0,,,,40.32,
VAARAD,2026-09-26,,,217.0,,,,,9.863636363636363,,-0.99,-6.57243816254417,-0.85,,,,,,,,,,,,,0.0,,,,71.19,
VALIANT,2026-09-26,,,1727.0,63.4,,1.0038781643116466,18.77173913043478,17.52075919335706,,30.6,24.107142857142858,39.7,,38.0,29.347826086956523,63.155074244963785,,,,25.99210498948732,0.03125,,,,0.1,,,,39.65,
VEGA,2026-09-26,,,331.0,6.04,,,0.3009090909090909,2.0186335403726705,,24.2,9.411764705882353,,,11.0,5.818181818181818,,,,,169.8163229166183,1.6951219512195121,,,,0.0,,,,71.15,
VEL,2026-09-26,,,168.0,,,,1.9310344827586208,2.914798206278027,,-10.6,-5.88235294117647,,,-4.9,-13.793103448275861,,,,,72.32836877112739,1.0,,,,0.0,,,,,
VERITAS,2026-09-26,,,412.0,,,,0.12036225533158049,0.1441947565543071,,0.71,-0.021204410517387615,1.52,,2.0,-0.029214139643587496,,,,,-3.8843356225481074,0.15287958115183245,,,,0.03,,,,55.01,
VGIL,2026-09-26,,,248.0,1303.0,,,19.165378670788254,15.591397849462364,,1.5,0.5368748233964397,2.36,,2.09,1.4683153013910357,,,,,,0.09893758300132802,,,,0.0,,,,70.05,
VIKRAMTH,2026-09-26,,,1341.0,30.6,,1.5304911079361594,9.3125,8.56,,27.4,23.404255319148938,36.2,,42.0,30.555555555555557,19.993582348389836,,38.29142993049519,,12.55039912704805,0.03184713375796178,,,,0.29,,,,66.01,
VIPPYSP,2026-09-26,,,105.0,7.34,,0.1559743842203468,0.34201954397394135,1.0529411764705883,,12.7,6.086956521739131,11.8,,12.0,4.5602605863192185,47.05900931547002,,2.653292600147461,,7.086022767352063,1.12,,,,0.0,,,,66.57,
VIPULORG,2026-09-26,,,512.0,62.7,,2.0087875657584515,2.694736842105263,4.373983739837398,,7.63,3.463203463203463,8.43,,10.0,4.2105263157894735,31.21285748118745,,1.336351798236013,,8.198385552319753,0.452991452991453,,,,0.3,,,,63.94,
VIRYA,2026-09-26,,,116.0,,,,11600.0,22.148997134670488,,-5.29,-5.53935860058309,-4.64,,-3800.0,-3800.0,,,,,,0.15105162523900573,,,,0.0,,,,74.98,
VISTARAMAR,2026-09-26,,,104.0,8.37,,0.1681798149132628,0.5333333333333333,1.9088016967126193,,18.9,14.285714285714285,25.6,,10.0,6.153846153846154,49.768160372377324,,30.228282664264185,,38.12351776591632,0.0,,,,0.0,,,,65.65,
VJTFEDU,2026-09-26,,,123.0,,,,66.84782608695652,1.1294498381877023,,-0.2,-0.6984712704269901,-1.07,,-88.04,-57.608695652173914,,,,,-73.25859898078514,0.0397795130914102,,,,0.0,,,,74.01,
VLL,2026-09-26,,,143.0,1192.0,,,,9.092409240924093,,0.76,0.7604562737642585,1.06,,,,,,37.97296614612149,,,,,,,0.0,,,,,
VSL,2026-09-26,,,111.0,14.6,,0.324807378946477,4.689480354879594,1.748663101604278,,17.0,11.558323207776427,22.3,,26.36,32.15040135192226,44.949717729183256,,13.867910589603905,,6.9848136719902865,0.0,,,,0.51,,,,65.01,
WARDWIZFBL,2026-09-26,,,224.0,52.0,,,0.9256198347107438,2.7539432176656153,,1.73,1.9607843137254901,4.4,,4.3,1.6528925619834711,,,,,142.35695176328286,0.4634146341463415,,,,0.0,,,,53.32,
WEPSOLN,2026-09-26,,,133.0,45.6,,,1.2912621359223302,2.542253521126761,,-2.64,4.054054054054054,0.69,,13.0,2.912621359223301,,,49.079685106377966,,10.183230091811147,0.0784313725490196,,,,1.39,,,,41.18,
WINSOMTX,2026-09-26,,,160.0,8.9,,,0.3187250996015936,1.2813990461049285,,15.5,2.3225806451612905,15.7,,18.0,3.5856573705179287,,,,,,3.336,,,,0.0,,,,63.45,
WORTH,2026-09-26,,,122.0,30.6,,1.8818807179689927,6.823266219239374,2.7333333333333334,,8.17,1.1572795208048616,5.21,,87.64,22.25950782997763,16.260329205681458,,22.423992536427463,,59.577483716919645,6.640646029609691,,,,0.0,,,,57.11,
YSL,2026-09-26,,,804.0,8.78,,,11.166666666666666,0.6236297779048708,,4.09,7.037896365042537,4.17,,2.5,126.38888888888889,-9.76814771993454,,10.873525840107146,,4.0041911525952045,0.0,,,,1.91,,,,74.87,
ZBINTXPP,2026-09-26,,,124.0,56.1,,,0.48249027237354086,1.2622832369942196,,4.21,0.91324200913242,6.09,,4.9,0.7782101167315175,-26.475223373100253,,-15.030567908357684,,7.13440099334135,0.48627292067672984,,,,0.0,,,,59.1,
ZEAL,2026-09-26,,,131.0,8.92,,0.42422562618214543,0.1884892086330935,1.26984126984127,,14.7,4.398826979472141,14.9,,4.0,2.158273381294964,21.026546840831607,,20.5273494598889,,20.42054197694756,1.7884615384615385,,,,0.0,,,,68.42,
ZENOTECH,2026-09-26,,,257.0,,,,36.714285714285715,2.670886075949367,,-12.2,-11.711711711711711,-9.08,,-143.0,-185.71428571428572,,,,,-18.64487889528523,0.10416666666666667,,,,0.0,,,,68.84,
ZMILGFIN,2026-09-26,,,92.6,,,,3.9337298215802887,2.8289473684210527,,-3.83,-1.8806442603109579,-1.62,,-2.12,-8.581138487680544,,,,,319.00463461512896,1.5521341463414635,,,,0.0,,,,0.0,
