ticker,as_of,sector,industry,market_cap,pe,forward_pe,peg,ps,pb,pfcf,roe,roa,roi,gross_margin,oper_margin,net_margin,eps_growth,eps_growth_next_y,eps_growth_5y,eps_growth_past5y,sales_growth,debt_equity,lt_debt_equity,current_ratio,quick_ratio,dividend_yield,insider_own,inst_own,short_float,promoter_holding,pledged_pct
20MICRONS,2026-08-22,,,721.0,10.6,,1.628137908524918,0.7581493165089379,1.489051094890511,,14.5,9.006622516556291,17.3,,13.0,7.150368033648791,6.510505003598577,,14.397104082317004,,6.967825186081611,0.32231404958677684,,,,0.61,,,,45.04,
21STCENMGM,2026-08-22,,,45.5,,,,,1.3746031746031746,,-57.2,-42.5,-57.0,,162.0,154.54545454545453,,,,,,0.0,,,,0.0,,,,64.43,
360ONE,2026-08-22,Financial Services,,48867.0,38.7,,3.349422032885907,10.574983769746808,4.954545454545454,,14.4,4.6398764660465455,12.1,,62.0,27.310106037654187,11.554232228733374,,13.828004431662011,,16.520266837828657,1.6196624644164295,,,,1.0,,,,6.2,
3BBLACKBIO,2026-08-22,,,1032.0,18.6,,0.9279102755780045,6.745098039215686,3.17989417989418,,19.8,14.814814814814813,25.5,,35.0,36.60130718954248,20.045041519142437,,8.569952266118186,,27.39525047802285,0.009230769230769232,,,,0.33,,,,40.95,
3IINFOLTD,2026-08-22,,,484.0,12.8,,,0.6904422253922967,1.2717391304347827,,11.0,5.13595166163142,13.0,,-1.4,4.850213980028531,,,,,-4.8596953617423,0.16272965879265092,,,,0.0,,,,,
3MINDIA,2026-08-22,Diversified,,37912.0,62.0,,2.0003458170140633,9.05685618729097,17.649527806925498,,30.5,18.811576354679804,40.5,,19.0,14.596273291925465,30.994640762939696,,13.668517088739375,,7.859332268287411,0.008383791336748951,,,,0.48,,,,75.0,
3PLAND,2026-08-22,,,57.8,25.5,,3.333078859600985,12.016632016632016,0.5524956970740104,,1.78,2.0210113960113962,2.38,,64.86,47.19334719334719,7.650584061804255,,14.50860244617913,,10.551598391641592,0.0,,,,0.0,,,,73.3,
5PAISA,2026-08-22,,,1801.0,40.8,,,5.457575757575758,2.782608695652174,,7.04,2.3072889355007864,9.94,,31.0,13.333333333333334,-6.751040897088812,,24.758866337639972,,-5.817051709308241,0.5839753466872111,,,,0.0,,,,36.5,
63MOONS,2026-08-22,,,3666.0,,,,11.528301886792454,1.03242542153048,,-1.6,-2.5469513763828147,-3.71,,-94.0,-31.132075471698112,,,,,-4.8372644152035456,0.0008445945945945946,,,,0.15,,,,45.63,
A2ZINFRA,2026-08-22,,,274.0,64.9,,,0.7527472527472527,5.516014234875445,,15.4,1.0845986984815619,16.3,,0.7,1.3736263736263736,,,,,-2.1058921832264765,1.9795918367346939,,,,0.0,,,,27.92,
AAATECH,2026-08-22,,,123.0,59.0,,,6.350025813113061,3.970954356846473,,6.09,6.370597243491578,8.16,,8.0,10.738255033557047,-13.465025781555495,,-2.4083220901683244,,-1.3725584894846543,0.0,,,,1.57,,,,34.38,
AADHARHFC,2026-08-22,Financial Services,,20248.0,17.6,,1.548297873799032,,2.6763005780346822,,15.9,4.164385561516844,11.4,,,,11.367321687793307,,18.406317602248624,,,,,,,0.0,,,,64.66,
AAKASH,2026-08-22,,,88.2,17.4,,,0.8563106796116505,1.4737732656514384,,11.2,5.747126436781609,12.6,,14.0,4.854368932038835,,,,,,0.23333333333333334,,,,0.0,,,,66.54,
AARNAV,2026-08-22,,,143.0,15.6,,0.8891896242997883,0.3163716814159292,0.7268817204301075,,4.88,2.261306532663317,7.63,,7.0,1.991150442477876,17.544064363419174,,-19.03964008349901,,7.981161688843574,0.5561224489795918,,,,0.0,,,,66.53,
AARON,2026-08-22,,,288.0,34.8,,3.7659127940447443,2.962658162740459,5.948275862068965,,15.0,9.091906119763104,18.7,,19.52,8.527929225388334,9.240787533644234,,16.38180096232855,,15.415088017007017,0.5705470999588645,,,,0.36,,,,73.07,
AARTIDRUGS,2026-08-22,Healthcare,,3810.0,19.8,,5.009449628448499,1.4227035100821508,2.4529411764705884,,13.4,6.785079928952042,11.9,,12.0,7.132188200149366,3.952530011991029,,-1.0988635160692817,,1.9265319928296831,0.3724983860555197,,,,0.48,,,,54.43,
AARTIIND,2026-08-22,Chemicals,,19123.0,36.6,,4.351401630677595,2.1224195338512764,3.2134146341463414,,7.13,3.992781412136251,6.85,,15.0,5.893451720310766,8.411082935201431,,-14.852459754172752,,12.246393337593586,0.8339210747271201,,,,0.19,,,,41.82,
AARTIPHARM,2026-08-22,Healthcare,,7407.0,34.4,,,3.761808024377857,3.4914529914529915,,8.59,6.117174037909248,10.7,,22.0,10.817673946165566,-0.5884961829437207,,,,2.044616751083228,0.3549905838041431,,,,0.43,,,,42.86,
AARTISURF,2026-08-22,,,485.0,26.4,,,0.5294759825327511,1.9826989619377162,,5.17,3.481624758220503,8.53,,6.0,1.9650655021834063,-4.843553671423351,,27.457513457679084,,15.792692876981395,0.4262295081967213,,,,0.17,,,,49.84,
AARVI,2026-08-22,,,226.0,11.4,,0.5854175035177802,0.33681073025335323,1.5849843587069863,,13.4,8.016877637130802,14.4,,3.3,2.8315946348733236,19.47328177155154,,9.896412921346087,,18.231217606167682,0.19014084507042253,,,,1.31,,,,73.36,
AASTHA,2026-08-22,,,322.0,13.1,,0.07801513074489284,0.7268623024830699,,,16.9,7.0588235294117645,19.0,,12.0,5.417607223476298,167.91614491856214,,41.76139999991866,,22.83871794035257,0.6645962732919255,,,,0.0,,,,53.21,
AAVAS,2026-08-22,Financial Services,,10747.0,21.9,,1.1531693485253902,,2.840670859538784,,13.9,2.9723348870997035,9.91,,,,18.99113953037732,,22.429917138052357,,,,,,,0.0,,,,48.88,
ABB,2026-08-22,Capital Goods,,157321.0,102.0,,0.5769929563646466,11.673295243748608,16.834467120181404,,22.4,18.988307066598882,29.9,,14.0,22.171106329301775,176.7785878057379,,,,20.996899403352053,0.015526287611093264,,,,0.53,,,,75.0,
ABBOTINDIA,2026-08-22,Healthcare,,55739.0,34.5,,3.3292732598399972,7.9581667618503715,11.673342234089898,,34.4,24.838511227314672,44.8,,28.0,23.058252427184467,10.362621901951673,,15.117531950269214,,6.1911128302977625,0.03602848764139087,,,,2.0,,,,74.99,
ABCAPITAL,2026-08-22,Financial Services,,113040.0,28.1,,5.165057897670667,,3.1526717557251906,,12.0,1.2296770418490235,8.72,,,,5.440403681180905,,16.32916935589739,,,,,,,0.0,,,,68.81,
ABCOTS,2026-08-22,,,460.0,33.0,,,1.3813813813813813,2.994269340974212,,9.87,4.472843450479233,9.87,,12.0,4.2042042042042045,-0.7740248420580853,,,,9.16114676619959,0.9607843137254902,,,,0.0,,,,52.5,
ABDL,2026-08-22,Fast Moving Consumer Goods,,16643.0,74.6,,0.19464847488144787,4.182709223422971,10.016835016835017,,14.3,5.044439106413644,18.4,,14.0,5.277707966825836,383.2549936260003,,165.39648595119436,,6.136201467767766,0.6921226698737222,,,,0.91,,,,80.91,
ABFRL,2026-08-22,Consumer Services,,6633.0,,,,0.7923784494086727,1.1380753138075315,,-13.6,-4.857717734981317,-3.76,,8.0,-10.094373432086968,,,,,9.129294502383022,1.0597602739726026,,,,0.0,,,,46.61,
ABINFRA,2026-08-22,,,807.0,41.4,,2.517412493595596,2.9669117647058822,4.754716981132075,,13.8,5.524861878453039,16.1,,14.0,7.352941176470589,16.44545743112158,,43.096908110525554,,13.915728978525355,0.5207100591715976,,,,0.04,,,,30.94,
ABLBL,2026-08-22,Consumer Services,,10511.0,49.2,,,1.222067201488199,7.422413793103448,,14.9,2.0183486238532113,15.0,,16.0,2.046273689105918,,,,,,2.1358811040339702,,,,0.58,,,,46.6,
ABMINTLLTD,2026-08-22,,,52.6,,,,1.0393202924323257,4.581967213114754,,-17.2,-5.81787521079258,-8.5,,-3.34,-2.726733847065797,,,,,-18.537843978947567,0.7282229965156793,,,,0.0,,,,74.7,
ABMKNO,2026-08-22,,,380.0,44.9,,,3.619047619047619,1.5702479338842976,,3.96,3.508771929824561,6.54,,14.0,9.523809523809524,-16.46702256710978,,-10.45492691340737,,4.885624628838681,0.0,,,,0.66,,,,66.93,
ABREL,2026-08-22,Realty,,15708.0,,,,34.906666666666666,4.24773413897281,,-2.64,-0.6029753373202195,-4.48,,-86.0,-27.111111111111114,,,,,-25.787841247695063,1.5228316671169955,,,,0.18,,,,50.21,
ABSLAMC,2026-08-22,Financial Services,,29169.0,28.9,,3.2917038817605304,15.673831273508867,7.2,,25.2,22.808607021517556,32.2,,59.0,54.11069317571199,8.779647574053095,,8.341743887593633,,4.388908823408166,0.015837663944568176,,,,2.53,,,,74.72,
ACC,2026-08-22,Construction Materials,,24551.0,12.9,,,0.9649791683043786,1.1946983546617915,,10.9,6.935513169845595,11.2,,10.0,7.503340932316642,-6.498639294225617,,0.4851398669555973,,8.427012065230134,0.02087489659870566,,,,0.57,,,,56.69,
ACCELYA,2026-08-22,,,1700.0,16.4,,,3.1954887218045114,6.779761904761905,,39.3,25.333333333333336,49.4,,33.0,17.857142857142858,-9.037080813184406,,17.715868166249837,,4.290863471248563,0.064,,,,3.95,,,,74.66,
ACE,2026-08-22,Capital Goods,,14078.0,32.2,,3.2207597904214325,4.123608670181605,6.994082840236686,,22.9,13.43788437884379,31.7,,16.0,12.800234329232572,9.997640959056643,,32.98178200879358,,5.42039920107682,0.003978120338140228,,,,0.17,,,,65.42,
ACEINTEG,2026-08-22,,,18.2,,,,2.1286549707602336,1.0406976744186045,,-8.59,-8.566721581548599,-11.3,,-28.07,-18.24561403508772,,,,,,0.007981755986316992,,,,0.0,,,,73.53,
ACI,2026-08-22,Chemicals,,6146.0,63.5,,,5.507168458781362,3.171974522292994,,5.42,3.602251407129456,7.41,,20.0,8.60215053763441,-32.78445828781133,,-16.672371985529544,,-5.679914766046523,0.2408268733850129,,,,0.5,,,,53.43,
ACL,2026-08-22,,,417.0,,,,0.8597938144329897,5.159817351598174,,-64.0,-5.140845070422535,-6.01,,2.7,-15.051546391752577,,,,,21.86219081592389,13.91358024691358,,,,0.0,,,,75.0,
ACMESOLAR,2026-08-22,Power,,28388.0,47.7,,,11.978059071729957,4.81437125748503,,10.4,2.1093202522775054,8.89,,87.0,25.400843881856538,-47.970532165017275,,9.637881621955646,,21.57226745048866,3.931238885595732,,,,0.05,,,,71.4,
ACSTECH,2026-08-22,,,353.0,31.7,,0.8340186777185788,1.0632530120481927,2.309090909090909,,6.84,4.8582995951417,10.3,,7.0,3.614457831325301,38.00874110723029,,,,59.38278469615814,0.35074626865671643,,,,0.0,,,,42.71,
ACUTAAS,2026-08-22,Healthcare,,25945.0,67.2,,0.6646867317084924,17.74623803009576,15.688118811881187,,24.0,19.506048387096776,31.6,,37.0,26.47058823529412,101.10025790235197,,36.73186725741617,,26.80685717711424,0.02176541717049577,,,,0.05,,,,32.66,
ADANIENSOL,2026-08-22,Power,,188567.0,64.6,,1.925046611018977,6.186581364829396,7.273584905660377,,9.44,3.3312849704065464,9.65,,30.0,10.137795275590552,33.55762901024279,,17.283908616583044,,22.435659714693855,1.9340071577457034,,,,0.0,,,,73.39,
ADANIENT,2026-08-22,Metals & Mining,,405623.0,171.0,,5.31998031427429,3.640127074153512,4.779904306220096,,-3.38,2.8800006133370135,5.8,,14.0,6.742288950112625,32.142976082295235,,56.17892662959012,,4.9409034755576675,1.3175246521513482,,,,0.04,,,,71.97,
ADANIGREEN,2026-08-22,Power,,217427.0,112.0,,7.004091471867219,16.03562209602478,10.909090909090908,,11.4,1.500825244076426,7.39,,86.0,15.827125894239988,15.990653527279242,,28.178983690980598,,13.71879432904224,5.186326070623592,,,,0.0,,,,62.43,
ADANIPORTS,2026-08-22,Services,,391673.0,29.5,,1.9078959286869275,9.687682414048973,4.086538461538462,,16.4,7.166068629539211,14.1,,58.0,32.453623546871135,15.462059306506726,,20.10205574397077,,14.81656011383603,0.6624287456101043,,,,0.44,,,,66.03,
ADANIPOWER,2026-08-22,Power,,396300.0,27.8,,,6.713194315044128,6.112759643916913,,21.1,10.272921982907917,17.2,,37.0,24.618433757389933,-11.880188194987051,,23.714570460228934,,5.445710621201649,0.8418929115912346,,,,0.0,,,,74.96,
ADFFOODS,2026-08-22,,,2940.0,30.4,,4.400471572663491,4.094707520891365,5.143953934740883,,17.7,12.415654520917679,21.8,,19.0,12.813370473537605,6.908350502443916,,12.767137012376306,,11.354310602534223,0.09615384615384616,,,,0.45,,,,36.14,
ADL,2026-08-22,,,40.1,,,,1.0289966641005903,,,-2.15,-1.288936627282492,,,4.59,-2.771362586605081,,,,,,0.4286568353925867,,,,0.0,,,,72.97,
ADOR,2026-08-22,,,2815.0,24.3,,28.332416508179843,2.3497495826377297,5.072100313479623,,15.8,13.701923076923078,22.8,,13.0,9.515859766277128,0.8576748119238031,,,,3.70925445796797,0.005415162454873646,,,,1.42,,,,53.76,
ADROITINFO,2026-08-22,,,54.8,15.2,,2.235338440901222,1.0176415970287835,0.6993006993006993,,4.34,3.1449288023062816,6.54,,9.06,6.685236768802229,6.799865166668817,,36.76952965558622,,29.388256589343055,0.3410263022176379,,,,0.0,,,,42.99,
ADSL,2026-08-22,,,615.0,15.8,,,0.6095143706640238,0.9908256880733946,,4.82,3.5916824196597354,7.39,,6.0,3.7661050545094152,-3.2652251022088796,,-9.647898001048972,,13.669725108370123,0.22185970636215335,,,,1.38,,,,51.03,
ADVAIT,2026-08-22,,,2283.0,39.5,,1.1281604034041948,2.945806451612903,8.21259842519685,,21.5,9.145427286356822,27.9,,12.0,7.870967741935483,35.0127516271709,,58.845981250798076,,54.781293647662196,0.34172661870503596,,,,0.1,,,,66.76,
ADVANCE,2026-08-22,,,766.0,29.9,,,1.5443548387096775,,,29.1,7.4074074074074066,28.0,,10.0,5.241935483870968,,,,,,0.7920792079207921,,,,0.0,,,,69.89,
ADVANIHOTR,2026-08-22,,,459.0,,,,14.34375,17.906137184115522,,-19.9,-18.9873417721519,-13.0,,-25.0,-46.875,,,,,-20.62994740159002,1.36,,,,3.63,,,,50.24,
ADVENTHTL,2026-08-22,,,719.0,14.8,,,1.8530927835051547,0.7916666666666666,,5.47,1.0017530678687703,6.78,,35.0,10.309278350515463,,,,,24.512195032514008,0.8838495575221239,,,,0.0,,,,47.69,
ADVENZYMES,2026-08-22,Healthcare,,3359.0,21.3,,2.8292120810434533,4.478666666666666,2.0547945205479454,,10.2,9.378407851690294,14.0,,30.0,22.933333333333334,7.528597853344476,,6.731566887120133,,6.322592570747543,0.0196078431372549,,,,1.78,,,,43.25,
AEGISLOG,2026-08-22,Oil Gas & Consumable Fuels,,49768.0,39.8,,1.325878898875583,5.547653550328837,8.196531791907514,,16.3,10.34410260004205,13.3,,21.0,16.453015271430164,30.017824428575302,,28.46270720530242,,8.384224019709684,0.685383980181668,,,,0.61,,,,58.1,
AEGISVOPAK,2026-08-22,Oil Gas & Consumable Fuels,,30614.0,113.0,,,33.86504424778761,7.1317829457364335,,11.0,3.3962712266951667,7.56,,75.0,31.63716814159292,-85.85347631062668,,,,17.16845545268766,0.8694942903752039,,,,0.07,,,,86.94,
AEPL,2026-08-22,,,368.0,42.4,,1.4843818072676345,4.7742605085625325,3.872679045092838,,9.65,6.094474905103333,12.9,,16.13,11.248053969901402,28.564079532911755,,,,23.06098642720351,0.01806656101426307,,,,0.03,,,,72.45,
AEQUS,2026-08-22,Capital Goods,,17385.0,,,,12.68978102189781,11.666666666666668,,-9.96,-6.220270764727406,1.69,,6.0,-12.408759124087592,,,,,12.39088334604823,0.4714189643577673,,,,0.0,,,,59.09,
AEROENTER,2026-08-22,,,1585.0,10.4,,,2.1077127659574466,1.915184678522572,,8.41,15.051903114186851,12.6,,16.0,23.138297872340424,-16.415391390960476,,33.51034413909106,,14.573086319648754,0.049576783555018135,,,,0.29,,,,52.3,
AEROFLEX,2026-08-22,,,6656.0,99.1,,5.943621735895632,13.232604373757455,14.88165680473373,,14.1,11.858407079646017,18.9,,23.0,13.320079522862823,16.673335619846075,,-15.672282087277978,,16.514583849435873,0.020134228187919462,,,,0.08,,,,65.47,
AERONEU,2026-08-22,,,214.0,1189.0,,195.71778055697325,1.671875,2.095959595959596,,1.6,0.6896551724137931,4.76,,2.9,0.78125,6.0750740000032,,-32.75037161476506,,5.502112866364928,0.23529411764705882,,,,0.0,,,,60.46,
AEROPLANE,2026-08-22,,,1821.0,14.7,,,0.7217598097502973,,,15.8,5.846298915605846,15.7,,10.0,4.914783987316686,-85.37485380464753,,-15.061787194098297,,17.75958204427215,0.8194594594594594,,,,0.0,,,,78.78,
AETHER,2026-08-22,Chemicals,,21590.0,90.0,,2.1537287852992657,17.53858651502843,8.794594594594594,,9.66,7.341455795064042,11.9,,31.0,19.09017059301381,41.787991419492634,,12.890254549041202,,27.2093273871183,0.18648208469055375,,,,0.0,,,,74.92,
AFCONS,2026-08-22,Construction,,10258.0,50.1,,,0.9119032802915815,1.885135135135135,,5.61,0.7527050337149129,13.9,,9.0,1.280113787892257,-33.16959440498518,,-39.721746707222,,-5.353879317201848,0.6655045871559633,,,,0.72,,,,50.17,
AFFLE,2026-08-22,Information Technology,,24219.0,50.7,,2.9831986412682205,8.53984485190409,6.637065637065637,,13.8,10.812033476589008,16.8,,22.0,16.854724964739066,16.995180709269285,,16.164371856487826,,15.449918436333853,0.004107338444687842,,,,0.0,,,,54.91,
AFIL,2026-08-22,,,410.0,9.27,,0.4393813932519876,,0.9395770392749245,,10.5,4.710920770877944,13.9,,,,21.097843792132554,,40.2221832454686,,,,,,,0.0,,,,39.02,
AFSL,2026-08-22,,,1024.0,7.98,,0.505123352035142,0.03977162387851012,0.8137651821862348,,8.29,4.756980351602896,7.9,,0.8,0.535984774925234,15.798121325906989,,15.581816731381505,,165.22584936031475,0.6032,,,,0.0,,,,71.11,
AGARIND,2026-08-22,,,736.0,18.0,,,0.4932975871313673,1.0672451193058567,,6.62,3.4109816971713807,7.92,,7.0,2.7479892761394105,-27.924849063759936,,-10.728206324025392,,-11.120153425254188,0.4949201741654572,,,,0.67,,,,57.2,
AGARWALEYE,2026-08-22,Healthcare,,15858.0,107.0,,,7.185319438151336,7.82472613458529,,6.81,4.693049213597159,11.1,,28.0,8.382419574082466,,,,,18.33122744074529,0.5261599210266535,,,,0.0,,,,32.34,
AGI,2026-08-22,,,4876.0,13.3,,0.16745860576228547,1.7647484618168656,2.0268817204301075,,15.8,10.191441441441441,19.6,,23.0,13.101701049583786,79.42261276724058,,32.18305017607519,,0.622954871701209,0.10012463647694225,,,,0.93,,,,60.39,
AGIIL,2026-08-22,,,3641.0,35.6,,1.435611504490009,10.198879551820728,7.82258064516129,,25.0,6.4638783269961975,20.1,,37.0,28.57142857142857,24.797795147682834,,22.67690608842756,,6.928905511821792,0.40086206896551724,,,,0.03,,,,71.29,
AGL,2026-08-22,Services,,1289.0,,,,0.1010346449286722,,,-20.1,-5.647517039922103,-6.09,,0.1,-2.2730835554162097,,,,,,1.0324074074074074,,,,0.0,,,,63.28,
AGROPHOS,2026-08-22,,,52.2,7.4,,0.6112857371353877,0.3527027027027027,0.7385057471264368,,10.4,4.545454545454546,15.0,,11.0,4.72972972972973,12.10563170454122,,,,4.151006975889815,0.42857142857142855,,,,3.89,,,,54.27,
AHCL,2026-08-22,,,759.0,24.0,,,4.412790697674419,3.3025404157043883,,18.4,7.754010695187167,20.8,,28.0,16.86046511627907,,,,,,0.19130434782608696,,,,0.0,,,,52.68,
AHLADA,2026-08-22,,,49.0,,,,0.5023580069714988,0.35754716981132073,,0.13,-0.15455268038505693,2.69,,13.28,-0.3588271478367848,,,,,-27.827661200617637,0.27948998178506373,,,,4.22,,,,49.3,
AHLEAST,2026-08-22,,,242.0,22.6,,,1.9516129032258065,1.320754716981132,,-3.08,-6.837606837606838,5.6,,30.0,-38.70967741935484,,,,,4.71268841304644,2.3442622950819674,,,,0.71,,,,65.63,
AHLUCONT,2026-08-22,Construction,,4664.0,20.7,,,0.9953051643192489,2.267100977198697,,13.8,5.275498241500586,20.4,,8.0,4.801536491677337,-15.645012382824374,,7.71019050268742,,6.723313512946949,0.035454103933948516,,,,0.1,,,,55.32,
AIAENG,2026-08-22,Capital Goods,,40584.0,32.0,,7.865377129820577,8.921521213453506,5.056976744186047,,17.0,14.81611618646053,21.1,,28.0,27.808309518575513,4.0684635296985405,,15.61029106407017,,-2.1399601492861464,0.00124595066035385,,,,0.37,,,,58.5,
AIIL,2026-08-22,Financial Services,,46898.0,22.4,,,,3.1907514450867054,,13.1,10.905210556452033,13.7,,,,-21.17901948751727,,,,,,,,,0.02,,,,68.81,
AIRAN,2026-08-22,,,188.0,11.6,,1.5022531527864784,1.663716814159292,1.2,,8.11,8.290155440414509,10.2,,12.0,14.15929203539823,7.721734501594191,,10.17520254037143,,2.154505553603747,0.00641025641025641,,,,0.0,,,,72.21,
AIROLAM,2026-08-22,,,134.0,24.2,,,0.551440329218107,1.6984732824427482,,7.26,2.2123893805309733,9.75,,8.0,2.05761316872428,-9.36977705669031,,0.16429442400252015,,7.064878325541235,1.0379746835443038,,,,0.0,,,,53.41,
AJANTPHARM,2026-08-22,Healthcare,,45483.0,40.1,,3.192994936863964,7.874480609418282,10.05524861878453,,27.1,18.800728838827233,34.5,,25.0,19.650277008310248,12.558742119204446,,10.304597218762424,,11.1261034124297,0.05743317870554451,,,,0.88,,,,63.49,
AJAXENGG,2026-08-22,,,6471.0,28.1,,69.40624309043606,3.0653718616769305,4.639344262295082,,17.8,13.013698630136986,23.9,,12.0,10.800568450971104,0.4048627147760442,,,,6.6341931989361225,0.0014367816091954023,,,,0.0,,,,80.0,
AJMERA,2026-08-22,,,2321.0,15.0,,1.4068766265767507,2.020017406440383,1.6596343178621662,,11.5,6.283731688511951,14.3,,27.0,14.186248912097476,10.661915705073866,,25.151631678821307,,17.961602258746325,0.5085836909871244,,,,0.76,,,,68.56,
AJOONI,2026-08-22,,,64.1,16.2,,0.6689423950584914,0.2981395348837209,0.7032136105860114,,4.82,3.3333333333333335,6.49,,3.4,1.8604651162790697,24.21733189534727,,35.6911634828607,,39.03244416303089,0.1978021978021978,,,,0.0,,,,26.89,
AKASH,2026-08-22,,,42.1,42.1,,1.0048130498057972,0.42235152487961475,0.49407114624505927,,1.05,0.3002593148628361,3.81,,6.92,0.6621187800963082,41.89834119703837,,-21.93862784715498,,18.84061793761591,1.0828055360075064,,,,0.0,,,,74.59,
AKCAPIT,2026-08-22,,,1155.0,10.1,,1.3177920809159687,,1.1041009463722398,,10.9,2.754435107376284,9.33,,,,7.664335023913416,,6.825853431130802,,,,,,,3.43,,,,72.24,
AKG,2026-08-22,,,28.6,77.2,,,0.3641920285241309,0.5351190476190476,,0.68,0.598028123484726,1.99,,0.53,0.4711575194193302,-40.02906273159951,,-29.007483667871938,,-24.652286578033333,0.10822429906542057,,,,0.0,,,,50.69,
AKI,2026-08-22,,,43.1,14.2,,0.6476632529927455,0.3621848739495798,0.4300411522633744,,2.33,1.875,4.67,,-2.2,2.5210084033613445,21.92497402683282,,3.012896281839894,,18.785347052385816,0.2079207920792079,,,,0.0,,,,53.92,
AKSHAR,2026-08-22,,,32.3,,,,0.26694214876033057,0.39805825242718446,,-8.74,-6.25,-8.54,,-1.6,-4.958677685950414,,,,,-11.573498991664843,0.06172839506172839,,,,0.0,,,,0.27,
AKUMS,2026-08-22,Healthcare,,11805.0,38.7,,,2.6221679253665036,3.5545023696682465,,8.45,5.396942346656843,14.9,,13.0,6.508218569524655,,,,,2.5208862149658673,0.047374773687386844,,,,0.13,,,,75.26,
ALANKIT,2026-08-22,,,221.0,11.6,,,0.6696969696969697,0.6974358974358975,,3.84,4.329004329004329,5.72,,6.0,6.0606060606060606,-3.9001328612664365,,33.09504440445239,,11.82373114541626,0.056782334384858045,,,,0.0,,,,54.14,
ALBERTDAVD,2026-08-22,,,493.0,21.9,,,1.3543956043956045,1.2594752186588922,,-0.44,4.431599229287091,0.82,,7.0,6.318681318681318,-33.11021909255882,,-8.533993706643594,,0.18382394313973816,0.07653061224489796,,,,0.58,,,,62.23,
ALEMBICLTD,2026-08-22,,,2381.0,7.43,,1.2256110855744446,9.96234309623431,0.9737394957983193,,13.0,12.393822393822393,6.07,,36.0,134.30962343096235,6.06228198116987,,7.60679479513795,,15.035729128370523,0.004498977505112475,,,,2.59,,,,70.88,
ALGOQUANT,2026-08-22,,,1827.0,40.2,,3.1510821234586173,7.054054054054054,13.598326359832635,,28.4,16.363636363636363,32.0,,27.0,17.374517374517374,12.757522154286672,,,,18.41091086791613,0.2537313432835821,,,,0.0,,,,73.68,
ALICON,2026-08-22,,,1216.0,32.8,,,0.6297255308130503,1.9246753246753248,,6.42,2.565880721220527,10.0,,10.0,1.9161056447436562,-16.268871950815445,,8.297447670849767,,7.393678804992954,0.5636942675159236,,,,0.67,,,,53.79,
ALIVUS,2026-08-22,Healthcare,,16585.0,47.2,,,8.79840848806366,,,,,,,31.0,18.6737400530504,,,,,,,,,,0.37,,,,74.87,
ALKEM,2026-08-22,Healthcare,,64565.0,28.4,,4.501169875516229,4.281214773556131,4.671280276816609,,18.9,10.566689040176431,21.2,,20.0,14.614415489689012,6.309470823236341,,5.567139852477987,,5.984094845060772,0.14811866859623735,,,,0.98,,,,49.7,
ALKYLAMINE,2026-08-22,Chemicals,,10499.0,55.4,,0.9684992038960556,10.5730110775428,19.552380952380954,,41.4,25.67049808429119,41.3,,26.0,20.241691842900302,57.201905563926324,,34.85429133690059,,25.613748041727824,0.1623134328358209,,,,0.49,,,,72.04,
ALLCARGO,2026-08-22,,,1823.0,39.6,,,0.8627543776620918,3.185378590078329,,0.33,2.5921658986175116,2.05,,12.0,2.1296734500709893,-40.51116507409971,,-49.158329100105625,,-45.38260250620518,1.2073170731707317,,,,9.04,,,,40.28,
ALLDIGI,2026-08-22,,,1242.0,13.5,,1.3344367002443922,2.0528925619834713,4.9393939393939394,,31.5,16.377649325626205,27.9,,28.0,14.049586776859504,10.11662823536521,,19.112010894090204,,8.858123579321852,0.6812749003984063,,,,7.36,,,,73.39,
ALLTIME,2026-08-22,,,1330.0,35.4,,,2.1661237785016287,2.168803418803419,,8.96,4.464285714285714,11.6,,14.0,5.700325732899023,,,,,,0.1402936378466558,,,,0.0,,,,70.15,
ALMONDZ,2026-08-22,,,248.0,7.26,,,1.2277227722772277,0.9161290322580645,,11.2,8.87728459530026,11.7,,14.0,16.831683168316832,-2.4164106531673113,,10.607315771126057,,19.965168744909832,0.1821561338289963,,,,0.0,,,,55.01,
ALOKINDS,2026-08-22,Textiles,,5745.0,,,,1.5218543046357615,-0.2672811059907834,,,-10.980694980694981,-3.95,,1.7,-18.834437086092713,,,,,-11.843341750586688,-1.2127096204766108,,,,0.0,,,,75.0,
ALPA,2026-08-22,,,132.0,32.5,,,1.1891891891891893,0.7096045197740113,,8.39,1.6528925619834711,9.42,,-1.0,3.6036036036036037,-37.588261592255904,,-21.954945999601726,,0.6079176673898345,0.016129032258064516,,,,0.0,,,,57.19,
ALPHAGEO,2026-08-22,,,211.0,,,,1.3790849673202614,0.8316582914572864,,-5.32,0.0,-6.96,,6.0,0.0,,,,,15.616214441920405,0.03162055335968379,,,,1.51,,,,45.99,
AMAGI,2026-08-22,,,13190.0,130.0,,,8.182382133995038,7.389162561576354,,10.3,4.3348916277093075,8.0,,5.0,6.327543424317618,,,,,22.402997739637254,0.017643710870802503,,,,0.0,,,,14.92,
AMBALALSA,2026-08-22,,,348.0,24.4,,0.7232705571700824,1.6893203883495145,2.1932367149758454,,12.4,5.0,11.7,,7.0,6.796116504854369,33.73564672045977,,-22.07469498982909,,5.992150987782274,0.3584905660377358,,,,0.0,,,,31.36,
AMBER,2026-08-22,Consumer Durables,,25922.0,126.0,,,2.0532277227722773,5.917874396135265,,5.95,0.9007045834241301,10.2,,7.0,0.9821782178217822,-11.584247320567165,,-3.4017265557245713,,23.33706784135483,0.6180237877401646,,,,0.0,,,,38.09,
AMBICAAGAR,2026-08-22,,,42.6,33.5,,,0.4343836035484858,1.180952380952381,,3.52,1.1375850949480473,,,12.95,1.2949933720811666,,,,,,1.6861657887441086,,,,0.0,,,,43.41,
AMBIKCO,2026-08-22,,,960.0,11.8,,1.3246470466386917,1.1334120425029517,1.005998800239952,,7.7,7.336956521739131,11.4,,15.0,9.563164108618654,8.908033298336072,,-14.678236184460102,,0.9627547500461242,0.0,,,,2.21,,,,50.35,
AMBUJACEM,2026-08-22,Construction Materials,,102996.0,21.9,,7.018858837393649,2.5834901045977876,1.725,,8.85,5.8298166878781785,5.61,,15.0,13.098552687686556,3.120165329914548,,4.955369397547593,,6.332578346820439,0.014592144506040744,,,,0.48,,,,67.33,
AMDIND,2026-08-22,,,104.0,31.8,,,0.36879432624113473,0.6804511278195489,,-2.8,-1.21580547112462,1.2,,5.0,-1.4184397163120568,,,,,21.557889712741975,0.5098039215686274,,,,0.0,,,,66.73,
AMJLAND,2026-08-22,,,159.0,10.9,,1.1449539219110203,3.0,0.7447216890595009,,3.42,6.0,7.56,,26.0,28.30188679245283,9.520033768526703,,10.509407228267609,,-1.818586365006336,0.0,,,,0.52,,,,65.94,
AMNPLST,2026-08-22,,,1051.0,27.2,,,1.8089500860585197,3.5969868173258,,13.3,9.24170616113744,16.7,,11.0,6.712564543889846,-1.0703474215082553,,10.06409265095336,,-3.5229644189194165,0.09246575342465753,,,,0.26,,,,73.17,
AMRUTANJAN,2026-08-22,,,1551.0,76.1,,2.8550758598263912,8.76271186440678,14.408602150537634,,20.0,15.0,31.4,,18.0,11.864406779661017,26.654283016013245,,-25.04604207815119,,10.5521832155272,0.01834862385321101,,,,0.91,,,,46.52,
ANANDRATHI,2026-08-22,Financial Services,,36330.0,78.2,,2.8197005435155496,30.350877192982455,36.40599001663893,,47.3,35.13920240782543,59.2,,39.0,39.01420217209691,27.733441474782182,,29.80753512350871,,16.75946686005998,0.08308308308308308,,,,0.3,,,,41.37,
ANANTRAJ,2026-08-22,Realty,,22492.0,38.9,,1.3560523943809588,8.816934535476284,3.8819875776397517,,11.2,8.443732712185179,12.1,,27.0,22.736181889455114,28.686207230036963,,54.284223615826185,,19.8182859472527,0.11763689756434617,,,,0.16,,,,57.43,
ANDHRAPAP,2026-08-22,,,1192.0,43.2,,,0.700352526439483,0.6153846153846154,,-1.66,1.103230890464933,0.04,,4.8,1.645123384253819,-56.664649721959535,,-27.687746635953214,,-1.866953628989898,0.11958762886597939,,,,0.83,,,,72.45,
ANDHRSUGAR,2026-08-22,,,1340.0,11.4,,0.9512553693790524,0.5375050140393101,0.8032520325203252,,6.11,5.0137994480220796,8.48,,9.0,4.3722422783794626,11.984163629416923,,-15.321918697906934,,9.592483312545586,0.0005984440454817474,,,,1.01,,,,50.49,
ANGELONE,2026-08-22,Financial Services,,26296.0,25.5,,,4.846295613711758,4.285714285714286,,15.6,4.317269076305221,14.8,,37.0,19.01953556948028,-5.4119907002720735,,8.50464783413971,,8.296939070911492,1.2996077149395227,,,,1.41,,,,28.59,
ANIKINDS,2026-08-22,,,126.0,,,,1.1454545454545455,0.3273381294964029,,-0.24,-0.20920502092050208,0.3,,-1.2,-0.9090909090909091,,,,,2.8861944351566082,0.08031088082901554,,,,0.0,,,,37.14,
ANMOL,2026-08-22,,,57.0,4.95,,,0.04398148148148148,0.47846889952153115,,9.98,3.488372093023256,8.79,,1.4,0.9259259259259258,-18.047582664945438,,-5.846223442711096,,-4.777092827321461,1.6554621848739495,,,,0.0,,,,50.21,
ANTELOPUS,2026-08-22,,,2813.0,20.1,,0.9773557589792623,7.835654596100278,4.301075268817204,,15.9,16.14077669902913,21.2,,62.0,37.04735376044568,20.565694544013514,,42.03675930837021,,29.318935249211343,0.0061068702290076335,,,,0.0,,,,69.94,
ANTGRAPHIC,2026-08-22,,,11.5,10.5,,,0.11696501220504477,0.6666666666666666,,7.71,1.9930517462058879,6.51,,1.27,1.1086248982912938,,,,,389.1636699209033,0.5353828306264502,,,,0.0,,,,0.96,
ANTHEM,2026-08-22,Healthcare,,49082.0,82.7,,5.174954311393581,24.516483516483518,16.07011070110701,,22.3,16.79790026246719,30.4,,40.0,28.771228771228774,15.98081741860431,,-53.31262471376908,,12.157217375596119,0.01775147928994083,,,,0.23,,,,71.42,
ANUHPHR,2026-08-22,,,762.0,17.3,,,0.9781771501925546,2.165242165242165,,10.7,7.899461400359066,14.9,,9.0,5.648267008985879,-9.703568163292742,,7.6533998501311595,,6.384345406494485,0.0,,,,1.97,,,,71.79,
ANUP,2026-08-22,Capital Goods,,3623.0,42.2,,2.393573558732333,4.69300518134715,5.243478260869566,,17.1,8.753861997940268,21.0,,19.0,11.010362694300518,17.63054235205943,,9.241718097700957,,23.383899780517915,0.15918958031837915,,,,0.66,,,,40.92,
ANURAS,2026-08-22,Chemicals,,14160.0,81.0,,8.578735081486474,5.585798816568047,4.2457337883959045,,5.5,2.8079371022089106,7.36,,22.0,8.875739644970414,9.441951433469931,,0.22298227784844915,,19.783035451583775,0.5599880023995201,,,,0.06,,,,59.07,
APARINDS,2026-08-22,Capital Goods,,70580.0,58.6,,4.610052593106708,2.8939275903071056,12.551005212211466,,20.2,8.620815403690466,31.1,,9.0,4.846447168805609,12.711351728963582,,34.391980194763065,,14.722059145197619,0.1772668273688114,,,,0.3,,,,55.42,
APCL,2026-08-22,,,302.0,,,,0.745679012345679,0.8174603174603174,,-10.1,-3.606557377049181,0.04,,6.0,-8.148148148148149,,,,,-13.41882450517604,0.7506775067750677,,,,0.0,,,,75.0,
APCOTEXIND,2026-08-22,,,3241.0,86.4,,,8.977839335180056,16.361256544502616,,24.4,13.148788927335639,19.8,,10.0,10.526315789473683,,,,,,0.16243654822335024,,,,1.28,,,,58.23,
APEX,2026-08-22,,,1249.0,25.2,,0.48318560608078726,1.3473570658036678,2.366863905325444,,7.6,8.600337268128163,10.4,,7.0,5.501618122977346,52.15387147891701,,4.595766629559961,,4.8595271844599,0.011363636363636364,,,,0.5,,,,72.62,
APLAPOLLO,2026-08-22,Capital Goods,,59391.0,48.3,,2.566400202903088,2.574940385866031,11.198952879581151,,25.3,13.91373259368278,31.6,,8.0,5.328419683503143,18.82013566916161,,12.35103591659199,,8.377653710613497,0.0940154804606381,,,,0.4,,,,28.25,
APLLTD,2026-08-22,Healthcare,,16153.0,21.6,,5.363066827344881,2.0751541623843783,2.8442906574394464,,13.4,7.874015748031496,12.6,,15.0,8.864337101747173,4.0275463079943785,,5.884384674797216,,7.711357351587633,0.25198237885462554,,,,1.46,,,,69.87,
APOLLO,2026-08-22,Capital Goods,,14290.0,118.0,,2.567876470625761,13.982387475538161,10.46195652173913,,11.8,4.854368932038835,14.5,,23.0,11.252446183953033,45.95236622548467,,37.33638550572991,,40.05630096026043,0.4135567402894136,,,,0.07,,,,49.98,
APOLLOHOSP,2026-08-22,Healthcare,,124992.0,59.4,,1.8288497187978812,4.7291713961407496,13.191198786039454,,21.2,9.791281612045259,17.4,,15.0,8.217934165720772,32.47943195630319,,14.631031871582723,,11.514759225554606,0.8958860759493671,,,,0.23,,,,28.02,
APOLLOPIPE,2026-08-22,,,2650.0,,,,2.3555555555555556,3.236559139784946,,-0.88,-1.1764705882352942,1.23,,4.3,-1.3333333333333335,,,,,4.458821842167859,0.1514041514041514,,,,0.12,,,,51.72,
APOLLOTYRE,2026-08-22,Automobile and Auto Components,,27925.0,13.1,,,0.9528115190391702,1.673003802281369,,13.1,5.882758145622374,13.9,,14.0,5.827760338474137,-0.2712379244131702,,21.730264116458198,,4.916291223684244,0.2198492462311558,,,,1.36,,,,36.93,
APOLSINHOT,2026-08-22,,,314.0,32.4,,,0.46726190476190477,1.9983443708609272,,7.75,2.0779220779220777,10.9,,4.6,1.1904761904761905,-9.084723621872115,,-10.894583952041003,,8.993509920262998,0.5796178343949044,,,,0.21,,,,64.68,
APTUS,2026-08-22,Financial Services,,12909.0,13.1,,0.7675210190716953,,2.5544554455445545,,20.1,7.549049662783569,15.4,,,,17.067936479243585,,21.43101284265736,,,,,,,1.75,,,,23.86,
AQYLON,2026-08-22,,,641.0,,,,128.2,-57.5,,391.0,-43.63636363636363,39.2,,-9.0,-480.0,,,,,,-0.0,,,,0.0,,,,45.6,
ARCHIDPLY,2026-08-22,,,195.0,14.1,,0.6271190616702258,0.273876404494382,1.7406749555950267,,8.23,3.359173126614987,10.2,,7.0,1.8258426966292134,22.483768811694272,,9.018160072656233,,18.122351025012563,1.625,,,,0.0,,,,69.89,
ARCHIES,2026-08-22,,,46.2,5.63,,,0.3948717948717949,0.5708333333333333,,11.0,6.106870229007633,15.9,,13.0,6.837606837606838,,,,,,0.23170731707317074,,,,0.0,,,,61.03,
ARE&M,2026-08-22,Automobile and Auto Components,,16834.0,23.0,,,1.150885349012101,2.081447963800905,,7.18,8.074262194587968,12.2,,11.0,6.3034114992821495,-0.4459953023373209,,10.912677891336276,,7.702102775164232,0.05012964563526361,,,,1.15,,,,32.86,
ARENTERP,2026-08-22,,,11.6,,,,20.35087719298246,0.5638297872340426,,-0.85,-0.2912621359223301,0.19,,-50.88,-10.526315789473685,,,,,-28.81214242073825,0.0,,,,0.0,,,,63.66,
ARFIN,2026-08-22,,,1445.0,78.4,,2.8020325458404525,2.0013850415512464,8.475247524752476,,9.45,4.8517520215633425,14.8,,7.0,2.4930747922437675,27.9796892853307,,,,10.508191561341707,0.7588235294117647,,,,0.13,,,,69.77,
ARIES,2026-08-22,,,589.0,12.3,,0.3518964890429965,0.7560975609756098,1.7626459143968871,,13.7,7.355242566510173,21.2,,12.0,6.033376123234917,34.953460415165225,,29.148794085791142,,14.717388535977861,0.16766467065868262,,,,0.33,,,,52.66,
ARIHANT,2026-08-22,,,1004.0,14.7,,0.23158398321155954,2.1271186440677967,2.6997319034852545,,17.3,6.679764243614931,17.5,,21.0,14.40677966101695,63.475892400430254,,,,56.13733814111828,1.0781671159029649,,,,0.0,,,,37.29,
ARIHANTCAP,2026-08-22,,,833.0,20.8,,,3.575107296137339,1.8905472636815919,,7.69,3.642987249544627,11.0,,35.0,17.167381974248926,-18.020225185982607,,-5.076729284644566,,-0.284496558625591,0.5419501133786848,,,,0.66,,,,67.68,
ARIHANTSUP,2026-08-22,,,1099.0,27.5,,,1.9590017825311943,3.0238095238095237,,13.7,2.2598870056497176,10.6,,21.0,7.130124777183601,-18.159493243572623,,-1.6896048647483952,,3.636031642816695,2.4077134986225897,,,,0.1,,,,71.1,
ARIS,2026-08-22,,,1173.0,17.8,,,1.0235602094240839,1.581858407079646,,11.2,7.204610951008646,15.6,,10.0,6.544502617801047,,,,,18.027700646741884,0.09472259810554803,,,,0.0,,,,37.57,
ARKADE,2026-08-22,,,2432.0,13.7,,,3.0248756218905473,2.7578947368421054,,20.8,-0.354924578527063,19.3,,23.0,-0.4975124378109453,,,,,8.18343689427481,0.11224489795918367,,,,0.76,,,,71.19,
ARMANFIN,2026-08-22,,,2068.0,17.8,,,,2.21509009009009,,6.26,4.145818441744103,11.7,,,,-12.58311116459414,,24.26472434219351,,,,,,,0.0,,,,22.0,
AROGRANITE,2026-08-22,,,38.2,,,,0.5701492537313433,0.21929824561403508,,-7.46,-4.822335025380711,0.57,,-10.0,-28.35820895522388,,,,,-24.22638146391167,0.8735632183908046,,,,0.0,,,,41.08,
ARSSBL,2026-08-22,,,3227.0,22.2,,3.7853790668721463,3.3029682702149437,2.3813953488372093,,14.0,1.8312438371601636,19.7,,41.0,13.30603889457523,5.8646702504074,,,,12.729279093739976,0.6231454005934718,,,,0.98,,,,69.62,
ARTEMISMED,2026-08-22,,,5162.0,44.5,,1.6361094639973164,4.63375224416517,5.52542372881356,,12.0,7.977606717984605,14.6,,18.0,10.23339317773788,27.19866914728206,,25.426414127848652,,8.217817734050858,0.2802139037433155,,,,0.14,,,,58.39,
ARTNIRMAN,2026-08-22,,,102.0,263.0,,,3.0141843971631204,2.7583892617449663,,1.4,0.27393411533328654,5.85,,14.48,1.152482269503546,-30.17557388931018,,,,-0.43937297812937093,1.9591836734693875,,,,0.0,,,,73.75,
ARVEE,2026-08-22,,,183.0,45.1,,0.7924951316691073,4.4352884149297145,5.407166123778501,,7.78,9.361997226074896,7.92,,12.94,9.815802229762483,56.90886694157098,,9.512080227716124,,10.77884753532594,0.0328499556081681,,,,0.0,,,,73.5,
ARVIND,2026-08-22,Textiles,,14607.0,33.3,,4.7210070587780475,1.490814451928965,3.487012987012987,,10.9,4.866455409687641,13.8,,11.0,4.38865074505001,7.0535797946083,,11.554523853600385,,8.185627870928979,0.410484668644906,,,,0.7,,,,38.09,
ARVINDFASN,2026-08-22,Consumer Services,,5993.0,45.7,,3.2923406013175023,1.1022622769909878,6.3456090651558075,,14.1,4.411764705882353,19.6,,13.0,3.421004230274048,13.880702373779963,,,,8.480221755430462,1.4167550371155886,,,,0.36,,,,35.1,
ARVSMART,2026-08-22,,,3061.0,16.6,,0.2608565575338936,3.924358974358974,4.697183098591549,,14.2,5.2675585284280935,12.4,,37.0,24.23076923076923,63.63650642688226,,46.76807028953309,,31.75893462616124,0.8983050847457628,,,,0.34,,,,53.83,
ASAHIINDIA,2026-08-22,Automobile and Auto Components,,24620.0,55.2,,6.592942796846226,4.757487922705314,6.2727272727272725,,10.7,5.648481729284612,11.8,,20.0,8.483091787439614,8.372588948656624,,3.900781190047331,,6.032790109603736,0.559003051881994,,,,0.21,,,,51.58,
ASAL,2026-08-22,,,793.0,25.7,,1.8411365971278029,0.8166838311019567,21.929824561403507,,128.0,8.955223880597014,25.3,,6.0,3.089598352214212,13.958768751917884,,-10.617197023503577,,3.334542076906377,3.4444444444444446,,,,0.0,,,,75.0,
ASALCBR,2026-08-22,,,1459.0,17.6,,0.21004863277857994,1.4110251450676983,2.098265895953757,,14.6,9.69626168224299,18.0,,13.0,8.027079303675048,83.79011930324162,,87.43899749094284,,51.39147659743233,0.09928057553956834,,,,0.28,,,,62.35,
ASHAPURMIN,2026-08-22,Metals & Mining,,5638.0,13.7,,1.2768221337134504,1.0254638050200073,3.4104046242774566,,28.0,8.748403575989784,20.7,,10.0,7.47544561658785,10.729763870990826,,35.10869547742998,,27.477813445668907,0.8756822316555488,,,,0.17,,,,48.04,
ASHIANA,2026-08-22,,,3637.0,30.8,,2.494290416134489,3.7964509394572024,4.165707710011508,,14.5,2.754435107376284,14.4,,13.0,12.31732776617954,12.348201236218559,,,,0.4919263986012279,0.3760186263096624,,,,0.28,,,,61.11,
ASHIKAG,2026-08-22,,,3225.0,43.0,,,,1.6704980842911878,,7.49,3.9742212674543502,13.3,,,,-2.6598351060476477,,,,,,,,,0.0,,,,74.32,
ASHIMASYN,2026-08-22,,,354.0,,,,17.7,1.284722222222222,,-7.39,-2.872531418312388,0.43,,-18.0,-80.0,,,,,-39.42931357226202,0.592057761732852,,,,0.0,,,,73.49,
ASHOKA,2026-08-22,Construction,,3206.0,4.74,,0.06796523919356005,0.44952327537857545,0.48717948717948717,,15.3,18.973180076628353,26.5,,22.0,34.71676948962423,69.7415334109371,,25.87819298187959,,-10.045139763483569,0.2444140446876425,,,,0.0,,,,54.47,
ASHOKAMET,2026-08-22,,,34.4,2.66,,0.06814843541156941,1.323076923076923,0.2827868852459017,,9.25,6.25,9.39,,20.0,50.0,39.03244416303089,,34.09745885247302,,-26.693389818720448,0.47540983606557374,,,,0.0,,,,53.64,
ASHOKLEY,2026-08-22,Capital Goods,,101618.0,27.3,,2.3025734715363697,1.7604421114633682,7.148760330578512,,27.4,3.7049173816333014,13.6,,19.0,6.463628016561855,11.856299196300712,,,,8.093951987741633,4.489572361491469,,,,2.02,,,,51.51,
ASIANENE,2026-08-22,,,2288.0,35.4,,1.3309833651153826,2.416050686378036,4.2727272727272725,,12.9,6.427015250544662,16.5,,11.0,6.2302006335797255,26.596876360608146,,4.370324604962605,,45.88704017925189,0.32186234817813764,,,,0.21,,,,56.14,
ASIANHOTNR,2026-08-22,,,1271.0,94.8,,,3.727272727272727,1.3796296296296295,,0.57,-6.028368794326241,3.52,,13.0,-29.91202346041056,,,,,67.16441761576561,0.36264929424538545,,,,0.0,,,,0.0,
ASIANPAINT,2026-08-22,Consumer Durables,,253228.0,51.9,,,6.809583994406648,11.838565022421525,,21.8,14.012572786001911,26.3,,19.0,13.007233710705354,-4.433525431563057,,9.477883375509077,,1.564356469036876,0.18383866741530974,,,,1.04,,,,52.63,
ASIANTILES,2026-08-22,,,1406.0,108.0,,,0.7254901960784313,0.9221789883268482,,1.27,0.4449838187702265,2.85,,4.8,0.5675954592363261,,,-36.15736244364821,,8.198385552319753,0.28843626806833117,,,,0.0,,,,38.79,
ASKAUTOLTD,2026-08-22,Automobile and Auto Components,,12246.0,38.7,,1.7485199135111114,2.6375188455739824,9.338345864661655,,25.1,12.35823230348064,25.4,,12.0,6.805944432479001,22.13300500666793,,31.318720630098063,,15.735684791611515,0.5179252479023646,,,,0.3,,,,74.95,
ASPINWALL,2026-08-22,,,193.0,16.3,,1.1830275082687118,0.43863636363636366,0.9610894941634242,,3.83,4.804804804804805,6.5,,4.7,3.6363636363636362,13.778208778808576,,0.5970271520653325,,14.126628720201229,0.39303482587064675,,,,2.63,,,,64.46,
ASTAR,2026-08-22,,,960.0,29.0,,,0.34236804564907275,0.5791505791505791,,2.51,1.334411645774363,3.56,,2.0,1.1768901569186876,-24.579221788291463,,-18.794600684861084,,-7.32659459350592,0.2973462002412545,,,,0.25,,,,74.66,
ASTEC,2026-08-22,,,1341.0,,,,3.0408163265306123,3.44,,-25.2,-7.112526539278131,-5.44,,1.3,-15.192743764172336,,,,,-1.2528953749250782,1.1512820512820512,,,,0.0,,,,71.97,
ASTERDM,2026-08-22,Healthcare,,66382.0,184.0,,5.507160986011889,13.61402789171452,8.629671574178936,,10.7,4.474852071005917,11.4,,19.0,7.444626743232158,33.41104435976312,,-10.19730938875516,,9.64608308472583,0.48513986013986016,,,,0.39,,,,53.72,
ASTRAL,2026-08-22,Capital Goods,,41063.0,69.3,,39.10858551323569,6.0520265291083275,10.119205298013245,,13.8,9.949904992226637,19.2,,16.0,8.489314664701547,1.7719894261209346,,3.481063880202262,,6.348471107597864,0.06160670280926565,,,,0.26,,,,54.22,
ASTRAMICRO,2026-08-22,Capital Goods,,15782.0,83.5,,5.213321629039298,13.843859649122807,12.043478260869565,,16.0,9.507042253521126,20.2,,29.0,16.57894736842105,16.016659999430583,,35.43096238451056,,7.840110129260225,0.21901140684410647,,,,0.14,,,,6.54,
ASTRAZEN,2026-08-22,,,18539.0,107.0,,64.86325228124072,7.622944078947368,21.249283667621775,,23.3,8.547008547008547,29.3,,9.0,6.990131578947369,1.649624344090217,,22.456496403562532,,23.34442450914549,0.12714776632302405,,,,0.49,,,,75.0,
ATALREAL,2026-08-22,,,412.0,60.3,,,3.433333333333333,4.300385109114249,,7.95,5.88235294117647,10.7,,10.0,5.833333333333333,,,,,,0.14583333333333334,,,,0.0,,,,30.15,
ATAM,2026-08-22,,,62.1,34.1,,,1.3153992798135987,1.6325301204819276,,6.49,3.131991051454139,8.53,,8.3,3.8551154416437194,-32.14844882290454,,-0.7380880858188332,,-3.3615934973378447,0.3925380977404098,,,,1.57,,,,52.29,
ATGL,2026-08-22,Oil Gas & Consumable Fuels,,71059.0,112.0,,,11.33498165576647,14.615384615384615,,14.4,6.618494083150068,15.3,,19.0,10.081352687829,-1.7890939040394405,,4.42809864347109,,11.892697367368221,0.4635149023638232,,,,0.04,,,,74.8,
ATHERENERG,2026-08-22,Automobile and Auto Components,,57675.0,,,,15.706699346405228,,,,,,,-11.0,-14.079520697167755,,,,,,,,,,0.0,,,,39.58,
ATL,2026-08-22,,,660.0,15.6,,,0.7783018867924528,2.0578512396694215,,14.4,3.2852564102564106,11.6,,21.0,4.834905660377359,-3.0856883757134357,,,,4.977757805013039,2.184659090909091,,,,0.0,,,,67.17,
ATLANTAA,2026-08-22,,,312.0,,,,4.014410705095214,1.4674329501915706,,-0.81,-0.89415091005478,1.95,,41.3,-6.510550694801852,,,,,-16.347752788764957,1.4941198607583026,,,,0.0,,,,74.67,
ATLANTAELE,2026-08-22,Capital Goods,,14202.0,65.1,,,7.09036445332002,15.264462809917354,,31.7,14.380384360503646,45.3,,19.0,10.833749375936096,-13.940927969349426,,18.466445254224407,,32.14591468196881,0.05489773950484392,,,,0.0,,,,87.28,
ATLASCYCLE,2026-08-22,,,63.4,,,,9.968553459119496,0.1676419965576592,,-28.0,0.1368584758942457,-26.6,,-731.76,10.377358490566039,,,,,-28.363063685116153,0.02380763431473693,,,,0.0,,,,41.92,
ATUL,2026-08-22,Chemicals,,19165.0,24.1,,0.687745322918052,2.884991720608159,3.0809275911026974,,11.5,10.304955527318933,14.9,,18.0,12.20833960559988,35.04204128607593,,5.756417826395688,,12.018609748481213,0.029416492525317472,,,,0.46,,,,45.33,
ATULAUTO,2026-08-22,,,1341.0,27.8,,0.3765132434778106,1.506741573033708,2.7758620689655173,,9.35,6.371911573472041,11.4,,10.0,5.50561797752809,73.83538423035141,,,,19.085750262217793,0.29958677685950413,,,,0.0,,,,42.7,
AUBANK,2026-08-22,Financial Services,,83107.0,244.0,,51.09443002258049,,,,22.3,7.766000815328169,12.4,,,,4.775471609961546,,,,,,,,,0.09,,,,22.74,
AURIONPRO,2026-08-22,Information Technology,,3844.0,18.3,,1.7611458231928334,2.684357541899441,2.21656050955414,,13.4,8.822269807280513,16.3,,19.0,14.385474860335195,10.390962383128155,,18.943012447454223,,17.311287000304265,0.035097813578826235,,,,0.29,,,,26.86,
AUROPHARMA,2026-08-22,Healthcare,,94165.0,24.9,,4.380056590852257,2.6954343781308143,2.486196319018405,,10.1,6.376726922812565,12.9,,20.0,10.622584800343494,5.6848580568579,,7.176523656503209,,6.400646421698797,0.2130585099363965,,,,0.25,,,,51.88,
AURUM,2026-08-22,,,1643.0,1748.0,,,3.812064965197216,3.2386363636363633,,-2.68,5.9071729957805905,1.84,,25.0,12.993039443155451,,,,,26.285793942523927,0.44466403162055335,,,,0.0,,,,47.89,
AURUS,2026-08-22,,,13.8,,,,0.8117647058823529,0.8372093023255813,,-63.0,-22.727272727272727,-45.1,,-90.0,-88.23529411764706,,,,,6.685884434218181,0.8125,,,,0.0,,,,36.37,
AUTOAXLES,2026-08-22,,,2636.0,14.4,,9.020685296300725,1.1954648526077098,2.400275103163686,,16.2,11.447368421052632,21.6,,11.0,7.891156462585033,1.596331046589694,,18.564640401133925,,-0.36020123016966554,0.012738853503184714,,,,1.83,,,,71.04,
AVADHSUGAR,2026-08-22,,,1671.0,24.8,,,0.6063134978229318,1.4857651245551602,,5.63,2.2916666666666665,6.83,,8.0,2.39477503628447,-19.860270238834264,,-11.924221138819924,,0.7613259657982097,1.251779359430605,,,,1.2,,,,60.39,
AVALON,2026-08-22,Capital Goods,,14590.0,109.0,,1.616119821337654,8.270975056689343,20.22222222222222,,16.9,10.601265822784809,19.5,,11.0,7.596371882086168,67.44549417739414,,-65.26960330480439,,26.71455257433164,0.29542302357836336,,,,0.0,,,,44.39,
AVANTEL,2026-08-22,,,4257.0,248.0,,,17.66390041493776,12.598425196850394,,5.29,4.146341463414634,9.63,,23.0,7.053941908713693,-31.60096213293212,,-1.2051713658030372,,2.4683338911380304,0.10059171597633136,,,,0.12,,,,37.04,
AVANTIFEED,2026-08-22,Fast Moving Consumer Goods,,11547.0,21.5,,1.5209824252650297,1.8155660377358491,3.5186721991701244,,18.3,13.779342723004696,24.4,,10.0,9.229559748427672,14.135600545320992,,19.102800392279807,,5.808665572467286,0.003956177723676202,,,,1.18,,,,43.23,
AVL,2026-08-22,Consumer Services,,7766.0,55.4,,2.5856128731446133,2.6559507523939807,11.27579737335835,,18.7,9.449354180829369,17.1,,9.0,4.753761969904241,21.426254709438663,,29.71462073857605,,18.82103391796153,0.8316400580551524,,,,0.21,,,,47.14,
AVONMORE,2026-08-22,,,373.0,24.2,,3.425395156843845,,0.9635036496350365,,3.62,5.507745266781412,5.87,,,,7.064878325541235,,-13.420682851633426,,,,,,,0.0,,,,58.46,
AVROIND,2026-08-22,,,115.0,27.2,,,1.169769097752009,1.2782738095238095,,5.14,3.502684840974804,,,2.21,4.312887803885667,,,,,,0.19731843575418995,,,,0.0,,,,53.64,
AVTNPL,2026-08-22,,,1333.0,15.9,,0.9778399809054569,1.621654501216545,2.3841961852861036,,12.2,9.929078014184398,14.2,,14.0,10.218978102189782,16.260329205681458,,2.8458942108207985,,16.71511209706984,0.2039355992844365,,,,0.91,,,,75.0,
AWFIS,2026-08-22,Services,,1919.0,22.6,,,1.211489898989899,3.471502590673575,,14.0,2.9209621993127146,13.2,,37.0,5.366161616161616,,,,,23.106928445817367,2.7142857142857144,,,,0.0,,,,17.0,
AWHCL,2026-08-22,,,1090.0,18.6,,,1.021555763823805,1.476923076923077,,10.9,4.034582132564841,11.2,,18.0,6.560449859418932,-12.150926635536718,,-3.0184723154407678,,7.205115520004846,0.6211096075778079,,,,0.13,,,,46.08,
AWL,2026-08-22,Fast Moving Consumer Goods,,24450.0,20.8,,0.21142786861895516,0.31459083890890377,2.3412204234122043,,10.7,4.68143596377749,18.3,,3.2,1.489963973237262,98.37870539898739,,7.5673095571195725,,14.908002442603486,0.10622605363984675,,,,0.53,,,,56.94,
AXISBANK,2026-08-22,Financial Services,,387806.0,14.0,,9.321677776769853,,1.75,,13.1,1.4356773978058117,6.24,,,,1.5018755566609254,,14.218071169085956,,,,,,,0.08,,,,7.87,
AXISCADES,2026-08-22,Capital Goods,,6795.0,207.0,,68.55251420298883,7.275160599571734,9.345029239766081,,4.06,2.455661664392906,3.57,,13.0,3.854389721627409,3.019582905260898,,7.848398334225992,,-0.7384235654895321,0.5337001375515819,,,,0.0,,,,58.03,
AXITA,2026-08-22,,,294.0,,,,0.44954128440366975,4.676829268292683,,0.77,-1.2987012987012987,,,-0.8,-0.1529051987767584,,,,,,0.031746031746031744,,,,0.0,,,,41.91,
AYE,2026-08-22,,,4196.0,17.7,,,,1.6504854368932038,,9.24,3.0618808696770876,11.4,,,,-68.40563835773735,,,,,,,,,0.0,,,,,
AYMSYNTEX,2026-08-22,,,1518.0,80.9,,0.8106907013332668,1.0920863309352518,2.58,,1.12,1.7723880597014925,5.35,,8.0,1.3669064748201438,99.79144927523083,,,,0.77937873396412,0.31918505942275044,,,,0.0,,,,65.73,
AZAD,2026-08-22,Capital Goods,,18327.0,132.0,,4.475189840781275,28.725705329153605,11.974683544303797,,9.09,6.318181818181818,11.9,,38.0,21.786833855799372,29.495955411124086,,-35.62759657346414,,23.222145577329844,0.31000654022236757,,,,0.0,,,,55.84,
BAGFILMS,2026-08-22,,,94.8,20.2,,4.235728510035496,0.6038216560509554,0.5272727272727272,,2.28,1.4354066985645932,5.55,,12.0,3.821656050955414,4.768955317164725,,10.438362870438155,,5.951857199110333,0.0,,,,0.0,,,,51.74,
BAIDFIN,2026-08-22,,,154.0,10.0,,1.81642897085382,,0.6613333333333333,,7.27,2.782931354359926,10.9,,,,5.505307479928301,,11.35093610911233,,,,,,,1.01,,,,47.39,
BAJAJ-AUTO,2026-08-22,Automobile and Auto Components,,321520.0,27.3,,1.8102412903220129,4.49930030786454,8.423326133909287,,29.2,15.020672439347843,28.2,,20.0,16.167086481947944,15.080862504878434,,14.579417119570891,,16.780137100013448,0.5849042027194067,,,,1.28,,,,55.01,
BAJAJCON,2026-08-22,,,6248.0,28.0,,1.726108591209331,5.038709677419355,8.269896193771627,,24.7,23.597883597883598,30.0,,21.0,17.983870967741936,16.221459149556104,,8.23257853246222,,8.012875740444713,0.02119205298013245,,,,0.0,,,,42.97,
BAJAJELEC,2026-08-22,Consumer Durables,,4058.0,,,,0.904390461332739,2.550724637681159,,-0.72,-1.0093896713615023,2.89,,4.1,-0.9583240472476042,,,,,-1.1043401872239622,0.09974905897114178,,,,0.85,,,,62.7,
BAJAJFINSV,2026-08-22,Financial Services,,325619.0,31.7,,4.234352998698347,2.0655599396100026,4.172484599589322,,13.2,2.7207826023902597,10.6,,38.0,13.091054414432701,7.486385761825876,,17.24139518135224,,12.61369949248088,5.517730860553167,,,,0.07,,,,58.72,
BAJAJHCARE,2026-08-22,,,1084.0,19.3,,,1.7261146496815287,2.037974683544304,,9.4,1.9501625135427951,11.5,,17.0,2.8662420382165608,,,-25.94997475070394,,9.908893164176359,0.46716697936210133,,,,0.31,,,,58.59,
BAJAJHFL,2026-08-22,Financial Services,,70700.0,26.2,,3.368745490231788,,3.140740740740741,,12.1,2.1172343822504662,8.85,,,,7.777375903276473,,17.37264837083996,,,,,,,0.0,,,,86.7,
BAJAJHIND,2026-08-22,,,5530.0,42.7,,,1.0371342835708928,5.486935866983373,,24.4,0.8039709172259508,3.11,,5.0,2.1567891972993247,,,,,-4.407195027332856,6.356,,,,0.0,,,,13.33,
BAJAJHLDNG,2026-08-22,Financial Services,,125980.0,14.2,,2.083592324468375,110.60579455662862,1.722196865966834,,11.9,10.556775094791458,11.0,,85.0,789.5522388059701,6.815152769207433,,16.907302085242716,,-12.530886941803344,0.0001367053998632946,,,,1.28,,,,51.46,
BAJAJINDEF,2026-08-22,,,691.0,29.2,,,3.4207920792079207,2.5622775800711746,,9.2,6.927710843373494,9.45,,9.0,11.386138613861387,,,,,,0.011111111111111112,,,,0.93,,,,69.61,
BAJAJST,2026-08-22,,,732.0,25.0,,,1.3631284916201116,1.7254901960784315,,9.1,4.148783977110158,11.7,,10.0,5.400372439478584,-20.873071140513154,,-4.326613586980255,,-0.8542211082710804,0.14858490566037735,,,,0.28,,,,56.62,
BAJEL,2026-08-22,,,2219.0,82.2,,1.1334110314502024,0.806615776081425,2.972136222910217,,4.1,0.8668242710795903,11.0,,3.4,0.7997091966557615,72.52443969494887,,,,33.012368367048,0.49129852744310576,,,,0.31,,,,62.53,
BAJFINANCE,2026-08-22,Financial Services,,681742.0,33.3,,2.824669978966667,,5.983606557377049,,18.2,3.687458925050718,10.9,,,,11.788987827945107,,22.950513639759684,,,,,,,0.49,,,,54.68,
BALAJEE,2026-08-22,,,219.0,23.8,,,0.375,0.7211796246648794,,3.68,1.5948963317384368,6.89,,6.0,1.7123287671232876,-36.339783539964664,,-58.260934841701314,,2.645448286472396,0.760655737704918,,,,0.0,,,,65.42,
BALAJITELE,2026-08-22,,,1192.0,,,,3.1534391534391535,1.9101562499999998,,-7.66,-2.459016393442623,-9.54,,-8.0,-5.555555555555555,,,,,-15.432415215221296,0.030448717948717948,,,,0.0,,,,31.3,
BALAMINES,2026-08-22,Chemicals,,6734.0,33.0,,,4.421536441234406,3.40655737704918,,8.74,7.6923076923076925,11.0,,21.0,13.854235062376889,-0.1108472800818383,,-11.136755862668624,,-2.25782908212121,0.0673076923076923,,,,0.53,,,,54.56,
BALAXI,2026-08-22,,,124.0,50.9,,,0.44285714285714284,0.4966740576496674,,0.59,0.5934718100890208,3.11,,3.2,0.7142857142857143,,,-45.696987554902776,,5.126852766082202,0.23293172690763053,,,,0.0,,,,65.99,
BALKRISHNA,2026-08-22,,,55.6,,,,0.28080808080808084,0.7424892703862661,,-22.6,8.212560386473431,-5.94,,-1.7,8.585858585858585,,,,,,1.0933333333333333,,,,0.0,,,,59.95,
BALKRISIND,2026-08-22,Automobile and Auto Components,,45445.0,32.3,,,3.945563465879493,4.146384479717813,,9.66,7.913993020375999,11.2,,22.0,12.20698037853794,-1.5161264897624482,,-0.41829969981485027,,7.1259316103955195,0.3752281854691493,,,,0.68,,,,58.3,
BALMLAWRIE,2026-08-22,,,2986.0,10.7,,2.0600938922305136,1.0721723518850987,1.4462809917355373,,13.7,8.181546730367275,14.6,,13.0,9.838420107719928,5.193938024064937,,15.182063529306289,,6.156699586533287,0.10633156114064765,,,,4.87,,,,,
BALPHARMA,2026-08-22,,,137.0,19.0,,,0.4101796407185629,1.6647286821705427,,7.87,1.8617021276595744,9.69,,10.0,2.095808383233533,-1.1528404788833768,,3.6404588294643547,,-0.4940792067956057,1.951219512195122,,,,1.4,,,,50.87,
BALRAMCHIN,2026-08-22,Fast Moving Consumer Goods,,15423.0,41.6,,,2.4227144203581528,3.55609756097561,,9.54,4.413514156554841,9.28,,11.0,5.827835375431983,-11.631379029113075,,-4.297643385352035,,4.403419702324229,0.7660705654905752,,,,0.48,,,,42.86,
BALUFORGE,2026-08-22,Capital Goods,,6742.0,25.2,,0.7064522122968443,5.737872340425532,4.236641221374046,,19.6,14.478660183684495,22.7,,27.0,22.80851063829787,35.67120261124075,,44.34939074370084,,28.021608610072768,0.09535759096612297,,,,0.03,,,,53.51,
BANARBEADS,2026-08-22,,,74.5,39.4,,,2.6287932251235,1.288837744533947,,3.12,2.346368715083799,5.71,,15.74,6.669019054340156,-11.805940562032047,,-8.383618938747905,,0.14154300561688427,0.3561144839549003,,,,2.0,,,,58.48,
BANARISUG,2026-08-22,,,5041.0,41.4,,,3.018562874251497,2.634338138925295,,8.01,5.656003708854891,9.32,,9.0,7.3053892215568865,-7.1905225783434386,,8.767212178218742,,-9.053114268210916,0.004702194357366771,,,,0.31,,,,58.69,
BANCOINDIA,2026-08-22,Automobile and Auto Components,,8921.0,18.5,,0.8357508110144569,2.170559610705596,5.288135593220339,,31.2,16.18705035971223,30.9,,17.0,12.043795620437956,22.135784681494,,26.535841277186933,,14.084132764279378,0.36439169139465877,,,,3.69,,,,67.88,
BANDHANBNK,2026-08-22,Financial Services,,28211.0,20.8,,,,1.10062893081761,,4.88,0.6408556109205964,6.41,,,,-15.332955759438605,,60.85587842416407,,,,,,,0.86,,,,37.54,
BANG,2026-08-22,,,38.9,6.1,,,0.1669527896995708,0.4165457184325108,,8.55,2.631578947368421,7.15,,3.6,2.1459227467811157,,,-1.3549024365101414,,20.24961859251473,0.43617021276595747,,,,0.0,,,,67.89,
BANKBARODA,2026-08-22,Financial Services,,127733.0,5.78,,,,0.7576687116564417,,12.7,0.8751906390005164,5.63,,,,-1.0770496651111627,,18.27181883948379,,,,,,,3.44,,,,63.97,
BANKINDIA,2026-08-22,Financial Services,,65008.0,5.52,,0.25663027144610473,,0.715,,12.4,0.9989504365268435,5.93,,,,21.509543550318313,,24.903144969022726,,,,,,,3.26,,,,73.38,
BANSALWIRE,2026-08-22,,,5046.0,34.9,,2.1479384976036817,1.1496924128503077,3.522975929978118,,12.1,5.641636869288836,13.8,,7.0,3.2353611300979725,16.248137476438785,,-32.10377578425273,,21.18740971209858,0.3881118881118881,,,,0.0,,,,75.0,
BANSWRAS,2026-08-22,,,418.0,9.95,,6.421806677587651,0.30600292825768666,0.7134502923976608,,6.53,2.908805031446541,8.98,,10.0,2.7086383601756956,1.5494082116682018,,-4.012486229578749,,2.620598168481192,0.811965811965812,,,,0.82,,,,54.19,
BASF,2026-08-22,,,16893.0,27.4,,6.076204328378818,1.0540338179322393,4.270240700218818,,10.9,7.6220957799905165,14.5,,6.0,4.011979784114307,4.509394108428633,,44.521888079450875,,5.197230926419394,0.03361132170836492,,,,0.64,,,,73.33,
BATAINDIA,2026-08-22,Consumer Durables,,9010.0,51.8,,,2.535885167464115,5.653225806451613,,10.6,3.8644785600847014,12.7,,20.0,4.1092034900084435,-17.73124804157985,,7.256986226164175,,0.7040475385888589,0.8695924764890283,,,,3.57,,,,50.16,
BATLIBOI,2026-08-22,,,403.0,27.1,,,0.8125,2.1113861386138613,,0.37,2.3376623376623376,1.79,,5.0,1.8145161290322582,-24.276017020192985,,,,6.123409218123199,0.418848167539267,,,,0.7,,,,72.41,
BAYERCROP,2026-08-22,Chemicals,,18298.0,372.0,,,25.169188445667125,48.18934911242604,,15.8,6.017505470459518,20.1,,4.8,7.565337001375516,,,,,,0.33532934131736525,,,,3.68,,,,71.44,
BBL,2026-08-22,,,2701.0,24.2,,,1.1464346349745331,1.3314763231197773,,6.05,3.5989717223650386,8.37,,6.0,4.753820033955857,-5.248272870519532,,15.00263604561869,,7.9666966515582915,0.1483489403647117,,,,1.46,,,,33.65,
BBOX,2026-08-22,Information Technology,,13775.0,48.2,,2.9000244697326867,2.0701833483618874,10.703448275862069,,26.8,5.263157894736842,22.2,,9.0,3.3964532611962728,16.62054941365474,,24.005539167525836,,1.9361643998530909,0.8958818958818959,,,,0.13,,,,69.95,
BBTC,2026-08-22,Fast Moving Consumer Goods,,9959.0,8.04,,0.302837407349825,0.5000753201104695,1.4142715559960357,,18.7,17.776554760594387,33.0,,18.0,12.975144363545066,26.548899854741293,,82.67507868119219,,5.192609358035738,0.2257881283726214,,,,1.19,,,,74.04,
BBTCL,2026-08-22,,,492.0,14.8,,0.5837858988940957,0.7627906976744186,3.726708074534161,,17.0,7.289293849658314,13.7,,16.0,4.961240310077519,25.351759999747546,,6.367377767424021,,19.814528297901845,1.7669172932330828,,,,0.42,,,,73.76,
BCG,2026-08-22,,,1846.0,1.82,,0.13228373629093707,0.2555017301038062,0.17461832061068702,,9.99,8.449411960964218,14.9,,25.0,14.02076124567474,13.75830507234237,,2.120529145005512,,15.723580085998101,0.0,,,,0.0,,,,18.38,
BCLIND,2026-08-22,,,1077.0,9.24,,1.54963431009602,0.4169570267131243,1.185064935064935,,13.4,7.766990291262135,13.9,,10.0,4.955478126209833,5.962697095566671,,2.3901067609227056,,6.655416230314715,0.6252747252747253,,,,0.96,,,,58.23,
BCONCEPTS,2026-08-22,,,202.0,113.0,,,0.5674157303370787,2.4434389140271495,,1.85,0.2762430939226519,7.26,,8.0,0.2808988764044944,-57.68163657907544,,6.446777983654006,,7.0739933331049,2.2195121951219514,,,,0.0,,,,52.11,
BCPL,2026-08-22,,,118.0,14.3,,0.9597118203714342,0.5412844036697247,1.209621993127148,,6.78,5.154639175257731,9.31,,9.0,4.587155963302752,14.900306213239634,,2.161824089553188,,35.30835281141815,0.7551020408163265,,,,1.42,,,,72.87,
BDL,2026-08-22,Capital Goods,,49816.0,95.7,,,18.01012292118583,11.71551724137931,,10.2,3.6530640863833965,13.8,,13.0,18.83586406362979,-5.258728423424685,,0.8221470122183661,,5.300161762349376,0.0,,,,0.33,,,,74.93,
BEARDSELL,2026-08-22,,,102.0,9.5,,1.0200709947075144,0.3617021276595745,1.1158798283261802,,13.2,6.214689265536723,16.7,,8.0,3.900709219858156,9.313077275296845,,29.485243173431886,,4.799933720897065,0.2391304347826087,,,,0.38,,,,52.68,
BECTORFOOD,2026-08-22,Fast Moving Consumer Goods,,7823.0,52.6,,108.05372569218109,3.6918357715903727,6.159420289855072,,11.6,8.832246591582692,14.2,,13.0,7.031618688060407,0.486794876003116,,20.062871592809106,,9.273531108470667,0.15027537372147914,,,,0.24,,,,49.04,
BEDMUTHA,2026-08-22,,,350.0,20.9,,,0.2061248527679623,2.297872340425532,,4.38,2.3415977961432506,14.0,,3.9,1.0011778563015312,-7.299527288951335,,12.181052631978396,,27.877425890979545,1.368421052631579,,,,0.0,,,,57.09,
BEEKAY,2026-08-22,,,830.0,19.0,,,0.6550907655880032,0.7923497267759563,,3.57,2.779573367808662,5.48,,9.0,3.3938437253354383,-30.670635085942553,,-22.73022599583786,,8.207875806341969,0.3173996175908222,,,,0.23,,,,71.92,
BEL,2026-08-22,Capital Goods,,302625.0,49.2,,3.1717112956685796,10.538182957829857,12.621951219512196,,27.4,13.807352842095808,36.4,,29.0,21.408921544729605,15.512130649214374,,20.69272376856006,,12.31628344576572,0.0027096881774220445,,,,0.6,,,,51.14,
BELLACASA,2026-08-22,,,305.0,17.0,,0.8146266291494869,0.6838565022421524,1.824,,12.7,5.960264900662252,15.2,,7.0,4.0358744394618835,20.86845604071266,,10.007299321721064,,24.700733362988238,0.47305389221556887,,,,0.88,,,,58.34,
BELRISE,2026-08-22,Automobile and Auto Components,,22416.0,43.9,,7.7193029976058885,2.2889819258654143,3.9522998296422487,,12.6,5.9298245614035086,14.5,,12.0,5.17716736444399,5.687041953608429,,,,9.377331909255403,0.291044776119403,,,,0.24,,,,61.14,
BEML,2026-08-22,Capital Goods,,16120.0,90.3,,,3.5537918871252203,5.497159090909091,,4.86,2.5388674939380973,7.71,,8.0,3.9241622574955906,-14.117095328243057,,6.748685610777949,,3.815715269615527,0.10531697341513292,,,,0.25,,,,54.03,
BENGALASM,2026-08-22,,,7134.0,9.28,,,,0.6675202731540759,,8.11,6.293256075969741,3.92,,,,-42.1058591119769,,3.7666136276215845,,,,,,,0.8,,,,72.87,
BEPL,2026-08-22,,,3131.0,15.7,,4.244657168939727,2.1743055555555557,2.896551724137931,,17.3,15.56420233463035,23.8,,17.0,13.88888888888889,3.6987675035064616,,-10.575989016727217,,5.624280124798853,0.0,,,,3.18,,,,57.48,
BERGEPAINT,2026-08-22,Consumer Durables,,61145.0,49.8,,36.136027432575446,4.986137160564299,8.836424957841484,,17.3,12.137518684603886,21.6,,16.0,9.932316725108048,1.3781260292908382,,7.894785852510577,,3.0716340502903394,0.0918028046841116,,,,0.76,,,,74.98,
BESTAGRO,2026-08-22,,,647.0,21.9,,,0.5086477987421384,0.8387096774193549,,1.16,1.7793594306049825,5.16,,10.0,2.358490566037736,-34.5058214796819,,-22.215788428676397,,-12.101166561595967,0.5755208333333334,,,,1.1,,,,50.44,
BETA,2026-08-22,,,2580.0,56.6,,8.592383788690558,6.2926829268292686,9.659751037344398,,18.8,9.274193548387096,19.2,,20.0,11.219512195121952,6.587229038174236,,12.19152031901498,,11.471552198378166,0.6040816326530613,,,,0.0,,,,59.1,
BFINVEST,2026-08-22,,,1701.0,4.37,,,21.807692307692307,0.19938244375827086,,3.65,4.151586118799234,4.86,,85.0,500.0,-3.5147645910321046,,14.524246814351116,,21.957556864842175,0.0,,,,2.21,,,,74.13,
BFUTILITIE,2026-08-22,,,1973.0,12.9,,0.30480853666121555,2.357228195937873,9.794392523364486,,113.0,13.926658426040378,29.9,,74.0,40.38231780167264,42.32164932551714,,49.348278676564036,,17.7251803114417,4.6138613861386135,,,,0.0,,,,56.73,
BHAGCHEM,2026-08-22,,,3633.0,132.0,,19.99350660220674,5.9851729818780885,5.204460966542751,,2.63,2.5,4.53,,13.0,4.612850082372323,6.602143517207271,,-9.436890975400614,,14.158830060594664,0.336676217765043,,,,0.05,,,,19.6,
BHARATCOAL,2026-08-22,,,16211.0,,,,1.2555960034079467,2.8064516129032255,,1.91,-0.5609089601610815,4.05,,-6.0,-0.9062040120827201,,,,,-3.2266785733156444,0.38795639383976466,,,,0.0,,,,90.0,
BHARATFORG,2026-08-22,Automobile and Auto Components,,98630.0,97.7,,,5.622185487088867,10.315,,12.0,3.219714003057829,12.6,,17.0,4.081399988599442,-10.249396771084518,,-8.65889585865175,,3.808792159929708,0.7629436325678497,,,,0.41,,,,44.07,
BHARATRAS,2026-08-22,,,2152.0,14.7,,1.0182843840349074,1.7888611803823773,1.6883963494132985,,13.3,9.979064898813677,17.4,,15.0,11.886949293433084,14.436045794743402,,-4.0461708785884065,,4.8387199159842575,0.0007849293563579278,,,,0.03,,,,74.99,
BHARATSE,2026-08-22,,,1433.0,30.3,,1.3350182961969765,0.6817316841103711,6.229508196721311,,20.4,6.241519674355495,20.2,,5.0,2.1883920076117986,22.69631816006914,,31.14229433514084,,25.359166941947752,0.4782608695652174,,,,0.66,,,,74.66,
BHARATWIRE,2026-08-22,,,1299.0,13.5,,,2.0884244372990355,4.632352941176471,,42.2,11.497005988023952,18.7,,26.0,15.434083601286176,,,,,,1.8525179856115108,,,,0.0,,,,41.27,
BHARTIARTL,2026-08-22,Telecommunication,,1214402.0,38.9,,0.7141911521326634,5.518779908111375,7.942857142857143,,20.3,6.676714835534579,17.6,,57.0,16.547678017168906,54.46721075140706,,46.41612523073264,,13.630108028239807,1.310988413828267,,,,1.23,,,,50.07,
BHARTIHEXA,2026-08-22,Telecommunication,,79560.0,43.0,,0.8042351202429305,8.286636808665763,11.125874125874127,,26.0,9.574300561650308,21.4,,53.0,18.998021039475056,53.46695129032819,,-11.448051059451503,,10.639574727851597,0.8565247732030705,,,,1.13,,,,70.0,
BHEL,2026-08-22,Capital Goods,,143809.0,59.1,,0.5622414449835141,3.995471341649765,5.499334221038616,,6.23,3.1630423473103733,9.14,,9.0,6.756869391270524,105.11498312212275,,40.42791289862584,,14.634617912128189,0.313126290828425,,,,0.34,,,,58.17,
BI,2026-08-22,,,221.0,11.1,,,0.2858990944372574,1.1208133971291867,,1.66,-0.7117437722419928,5.56,,9.0,-0.7761966364812419,,,,,1.146990177423013,3.1472081218274113,,,,0.0,,,,30.01,
BIGBLOC,2026-08-22,,,602.0,358.0,,,1.9673202614379084,4.376930998970134,,-1.25,-1.0282776349614395,1.87,,7.0,-1.3071895424836601,-61.959905762990374,,-36.25365645308462,,7.987060042582783,1.4744525547445255,,,,0.0,,,,72.81,
BIKAJI,2026-08-22,Fast Moving Consumer Goods,,15188.0,58.1,,,4.939186991869919,9.453978159126367,,17.5,11.429852084267145,19.8,,13.0,8.292682926829269,-0.9515324919378565,,27.004998662286404,,9.704694034600948,0.18606098319850653,,,,0.21,,,,73.88,
BIL,2026-08-22,,,1115.0,43.5,,0.11651421138284948,0.7684355616815989,2.2892561983471076,,2.87,1.9131714495952907,8.05,,8.0,1.7918676774638183,373.3450150305275,,,,23.091842314267865,1.1129363449691991,,,,0.0,,,,61.17,
BIMETAL,2026-08-22,,,239.0,20.9,,5.305902725560728,0.7836065573770492,1.0434056761268782,,5.08,3.6544850498338874,6.85,,6.0,3.606557377049181,3.939009265909843,,20.60484076720539,,9.234877834550549,0.017467248908296942,,,,2.16,,,,74.88,
BIOCON,2026-08-22,Healthcare,,67722.0,93.1,,,3.9098204491657524,1.980952380952381,,1.4,0.6560582882556104,3.61,,20.0,2.401708908261648,-26.666925336211623,,-9.052848045112638,,5.487606506061349,0.45352766595163235,,,,0.12,,,,44.68,
BIOFILCHEM,2026-08-22,,,49.2,103.0,,,1.4335664335664335,2.2954545454545454,,13.8,1.1201866977829638,15.8,,2.27,1.3986013986013985,-11.985101445609192,,-6.946961300879407,,-5.008574840700342,0.14007421150278293,,,,0.0,,,,46.79,
BIRLACORPN,2026-08-22,Construction Materials,,6848.0,12.3,,1.2802913331406254,0.6953696181965882,0.9299163179916318,,7.83,3.8075601374570445,9.78,,15.0,5.625507717303005,9.607188365344488,,6.796987945664923,,0.6584551830540963,0.46042090970807875,,,,1.41,,,,62.9,
BIRLAMONEY,2026-08-22,,,715.0,75.2,,1.811913755482843,4.156976744186046,43.49315068493151,,26.0,2.0202020202020203,12.4,,19.0,5.813953488372093,41.503079146259104,,,,10.639000049405013,15.823529411764707,,,,0.0,,,,73.53,
BIRLANU,2026-08-22,,,1142.0,,,,0.2964693665628245,1.028532608695652,,-14.9,-3.5493324649951155,-4.29,,1.1,-2.829698857736241,,,,,4.505103673368738,1.0009000900090008,,,,0.99,,,,40.57,
BIRLAPREC,2026-08-22,,,304.0,22.1,,1.8110054688992963,1.2258064516129032,1.7343749999999998,,6.54,4.375,9.4,,5.0,5.64516129032258,12.203165799069659,,3.38821845771875,,3.1448971686827587,0.3028571428571429,,,,0.11,,,,61.68,
BLACKBUCK,2026-08-22,Services,,11554.0,67.3,,,16.20476858345021,8.107416879795396,,12.3,9.735023041474653,12.8,,25.0,23.70266479663394,,,,,33.899110973209076,0.04149085794655415,,,,0.0,,,,25.0,
BLAL,2026-08-22,,,701.0,306.0,,,357.6530612244898,622.2222222222222,,0.9,17.480916030534353,-193.0,,55.1,116.83673469387756,,,,,,0.0,,,,0.0,,,,54.03,
BLBLIMITED,2026-08-22,,,84.6,3.09,,0.015669681281776544,0.1134048257372654,0.6504065040650406,,29.3,24.81203007518797,40.2,,6.0,4.423592493297587,197.19609763815646,,76.29003544111777,,17.065419261724312,0.0,,,,0.0,,,,45.77,
BLIL,2026-08-22,,,1596.0,8.9,,1.7452644121513603,0.5710196779964222,1.109567901234568,,12.7,7.996585088218554,16.9,,13.0,10.053667262969588,5.099513826119395,,15.27209089480197,,5.607482845308898,0.15288394718554552,,,,5.98,,,,59.67,
BLKASHYAP,2026-08-22,,,1184.0,32.2,,,0.8530259365994236,2.2435897435897436,,2.59,0.060168471720818295,13.0,,8.0,0.07204610951008646,-79.52496317403374,,-59.987187697563606,,3.690755364411835,0.5673624288425048,,,,0.0,,,,61.73,
BLS,2026-08-22,Consumer Services,,11170.0,15.8,,0.5069844833748325,3.514789175582127,4.531772575250836,,32.7,19.73474801061008,29.3,,27.0,23.41095028319698,31.164661874510415,,44.5236908522834,,23.748594987243333,0.1749898497766951,,,,0.74,,,,70.39,
BLSE,2026-08-22,,,2916.0,50.2,,2.212453541714742,2.475382003395586,5.582608695652174,,11.4,9.186351706036746,17.0,,7.0,5.942275042444821,22.689741978081468,,-74.00177389313723,,57.589132549545205,0.011472275334608031,,,,0.16,,,,71.87,
BLUEDART,2026-08-22,Services,,12062.0,37.2,,,1.8974358974358974,6.786381842456609,,16.8,6.954204022292222,16.6,,16.0,4.51470819568979,-1.5695151485737635,,-5.564694013164062,,6.463845362192555,0.642656162070906,,,,0.49,,,,75.0,
BLUEJET,2026-08-22,Healthcare,,11284.0,80.1,,,22.613226452905813,,,52.1,25.37313432835821,57.3,,41.0,27.25450901803607,,,,,,0.15588235294117647,,,,0.2,,,,73.15,
BLUESTARCO,2026-08-22,Consumer Durables,,31087.0,58.8,,8.316692800704308,2.4290514142834816,9.053892215568862,,17.2,5.9414030582467605,21.2,,7.0,3.977183934989842,7.070118063639486,,23.248479547174217,,9.735587623650677,0.23608277470125327,,,,0.56,,,,36.49,
BLUESTONE,2026-08-22,Consumer Durables,,12929.0,230.0,,,4.822454308093994,7.169491525423729,,1.11,1.0884902237452125,6.78,,16.0,2.0141738157403952,,,,,,1.1022222222222222,,,,0.0,,,,16.25,
BLUSPRING,2026-08-22,,,1928.0,127.0,,,0.545557441992077,2.879464285714286,,-0.53,-1.0083036773428233,5.22,,2.5,-0.48104131295981895,,,,,9.631643290844249,0.20359281437125748,,,,0.0,,,,58.05,
BMWVENTLTD,2026-08-22,,,504.0,12.6,,,0.20973782771535582,1.1392156862745098,,11.5,5.319148936170213,12.0,,3.5,1.6645859342488558,-0.7812819162562712,,-25.53637701758642,,7.4319188320537855,0.583710407239819,,,,2.58,,,,73.01,
BOHRAIND,2026-08-22,,,31.3,,,,,0.4252873563218391,,-4.68,-3.548669249031613,-4.93,,-9952.17,,,,,,,0.015991326738040386,,,,0.0,,,,38.01,
BOMDYEING,2026-08-22,,,2306.0,108.0,,,1.5445411922304086,1.009009009009009,,0.28,0.6749915626054674,1.27,,-2.8,1.3395847287340925,-81.06007485449078,,,,-4.009308158501668,0.001312910284463895,,,,0.36,,,,53.57,
BONLON,2026-08-22,,,64.5,24.5,,4.880867287090479,0.09907834101382489,0.6480263157894737,,2.9,1.8292682926829267,5.4,,1.0,0.4608294930875576,5.019599706142519,,-9.070412193189048,,60.31517515971214,0.3838383838383838,,,,0.0,,,,71.21,
BORANA,2026-08-22,,,821.0,11.9,,,2.0122549019607843,2.9056603773584904,,35.0,18.852459016393443,32.7,,25.0,16.911764705882355,-83.66176566820153,,-57.200607121638605,,27.038598974503515,0.25177304964539005,,,,0.0,,,,65.23,
BOROLTD,2026-08-22,,,3040.0,41.6,,65.65061184901474,2.4979457682826625,3.4231805929919137,,9.16,5.46021840873635,11.5,,14.0,5.751848808545604,0.6336574607358259,,-4.377800683324507,,9.223117276155723,0.1668545659526494,,,,0.0,,,,64.68,
BORORENEW,2026-08-22,Capital Goods,,8086.0,21.8,,,5.006811145510836,5.083333333333333,,25.7,22.904109589041095,25.3,,31.0,25.882352941176475,,,35.930303454638434,,5.6116166474309725,0.10721376571806751,,,,0.0,,,,56.01,
BOROSCI,2026-08-22,,,1142.0,25.7,,1.1514169951103295,2.3891213389121337,2.5806451612903225,,9.52,7.832422586520947,12.1,,14.0,8.99581589958159,22.320323661313868,,,,6.835095655843126,0.02040816326530612,,,,0.0,,,,68.27,
BOSCH-HCIL,2026-08-22,,,4691.0,232.0,,,1.5944935418082937,9.375,,2.28,0.26109660574412535,4.64,,2.5,0.1699524133242692,,,-22.019092780500536,,15.307059700478053,0.164,,,,2.09,,,,74.52,
BOSCHLTD,2026-08-22,Automobile and Auto Components,,142171.0,60.2,,,6.741796282245827,9.576793165110272,,14.6,10.899446494464945,21.5,,13.0,11.205424886191198,-1.7449027483962043,,14.16889390430991,,8.028690575146925,0.008015627104944092,,,,0.56,,,,70.54,
BPCL,2026-08-22,Oil Gas & Consumable Fuels,,134928.0,8.71,,,0.27315903910080697,1.3463203463203464,,28.8,6.890948289731956,25.6,,5.0,3.4683391570875024,-13.925974727157842,,7.951369956331966,,3.302146662370231,0.5433109382955147,,,,5.63,,,,52.98,
BPL,2026-08-22,,,244.0,,,,3.05,1.02680412371134,,-3.49,-2.100840336134454,-1.22,,-14.0,-18.75,,,,,6.622456426143497,0.43983402489626555,,,,0.0,,,,63.13,
BRIGADE,2026-08-22,Realty,,20858.0,30.6,,2.307450856242875,3.7704266088214027,3.0574162679425836,,10.5,2.9919096321172343,10.5,,26.0,14.172089660159074,13.26138752520376,,51.148265518907586,,4.147941180568715,0.9300689048526609,,,,0.31,,,,41.1,
BRIGHOTEL,2026-08-22,,,2246.0,33.0,,,4.253787878787879,2.3452380952380953,,11.2,5.426917510853835,12.8,,33.0,14.204545454545455,-80.69251311220964,,,,9.513911226375726,0.32254697286012524,,,,0.0,,,,74.09,
BRITANNIA,2026-08-22,Fast Moving Consumer Goods,,129226.0,49.6,,7.334466716044894,6.617133493778483,25.306603773584907,,53.5,26.82425488180884,56.0,,18.0,13.364739618003993,6.762591190371747,,11.295783396603643,,5.21014364819834,0.2702702702702703,,,,1.69,,,,50.55,
BRNL,2026-08-22,,,145.0,,,,0.9354838709677419,0.35833333333333334,,-8.08,-11.142061281337048,-6.48,,-81.0,-103.2258064516129,,,,,-25.837783611472553,1.0769230769230769,,,,0.0,,,,51.73,
BSE,2026-08-22,Financial Services,,132006.0,46.6,,0.868445109888897,24.25689084895259,19.76219512195122,,46.0,20.98765432098765,60.0,,64.0,51.85593531789783,53.65911957977596,,61.81020894883433,,51.404050175107145,0.0,,,,0.31,,,,,
BSL,2026-08-22,,,126.0,34.7,,,0.18834080717488788,1.0427350427350428,,1.85,0.625,5.99,,8.0,0.5979073243647235,-31.34850724850118,,-20.548890265382546,,0.14992526197643574,3.658333333333333,,,,0.65,,,,56.72,
BSOFT,2026-08-22,Information Technology,,8493.0,14.2,,,1.5716136195410806,2.068027210884354,,14.1,10.881124192935815,21.2,,17.0,10.603256846780162,-3.181370366306868,,4.343690739466388,,0.7895063613786002,0.034281546316557256,,,,2.14,,,,40.38,
BTML,2026-08-22,,,143.0,21.7,,0.9140011983964511,1.125984251968504,1.7199124726477024,,11.0,4.733727810650888,16.5,,12.0,6.299212598425196,23.741763181570306,,14.869835499703509,,25.66314238283698,0.43373493975903615,,,,0.0,,,,24.27,
BUILDPRO,2026-08-22,,,3047.0,22.9,,,0.42633272701832936,5.582222222222223,,25.9,8.224299065420562,39.0,,3.3,1.846928781306842,-91.26132491922803,,,,13.968677019753262,0.11192660550458716,,,,0.4,,,,40.17,
BUTTERFLY,2026-08-22,,,1158.0,23.5,,0.2708842424780241,1.1938144329896907,3.110576923076923,,12.0,8.586762075134168,16.8,,9.0,4.948453608247423,86.75292362901645,,24.425429484750637,,1.3772916036498994,0.021505376344086023,,,,0.0,,,,75.0,
BVCL,2026-08-22,,,93.4,46.2,,,0.4324074074074074,0.7438162544169611,,0.23,0.9523809523809524,4.48,,6.0,0.9259259259259258,-34.71232345590612,,,,-2.6328111832561674,0.232,,,,0.0,,,,52.72,
CAMLINFINE,2026-08-22,,,2102.0,,,,1.1392953929539296,2.011070110701107,,3.75,0.04310344827586207,4.78,,4.6,0.05420054200542006,,,-39.05812941667802,,8.262317952210395,0.69164265129683,,,,0.0,,,,48.03,
CAMPUS,2026-08-22,Consumer Durables,,6974.0,51.3,,,5.840871021775544,,,29.5,11.20331950207469,31.8,,20.0,9.045226130653267,-90.32957059912987,,,,26.133114737827825,0.6768149882903981,,,,0.66,,,,72.08,
CAMS,2026-08-22,Financial Services,,18697.0,37.8,,3.274947353153197,12.00834938985228,14.127579737335836,,36.3,27.142067440574902,47.0,,46.0,31.535003211303792,11.542170277517672,,11.209526998507503,,11.047652613871573,0.04844814534443603,,,,1.66,,,,0.0,
CANBK,2026-08-22,Financial Services,,117882.0,5.94,,0.6501776479372583,,0.9558823529411765,,16.1,1.0505874716861165,6.52,,,,9.135964638041827,,26.528511145051816,,,,,,,3.23,,,,62.93,
CANFINHOME,2026-08-22,Financial Services,,11058.0,9.79,,0.6708642553292526,,1.8485523385300668,,19.7,2.546134607151709,9.14,,,,14.593116151635144,,19.115579039168807,,,,,,,1.81,,,,29.99,
CANHLIFE,2026-08-22,Financial Services,,14748.0,112.0,,21.073352271779306,1.2014663951120164,9.011627906976745,,8.11,0.2725929625236698,8.35,,0.5,1.0672097759674135,5.314769029414768,,66.08271012834541,,1.20711379151055,0.1557632398753894,,,,0.26,,,,62.0,
CANTABIL,2026-08-22,,,2048.0,21.0,,1.305190205040899,2.345933562428408,4.283216783216783,,22.1,8.319039451114923,19.4,,31.0,11.11111111111111,16.089608946568788,,20.09181615265394,,12.32536638234565,1.1380753138075315,,,,0.61,,,,74.46,
CAPACITE,2026-08-22,,,1815.0,9.8,,0.6337068220092728,0.6818181818181818,0.9513274336283186,,10.4,4.742478327383988,15.5,,16.0,6.987227648384674,15.4645644636229,,25.504150172735642,,11.275693521414487,0.25301204819277107,,,,0.0,,,,31.69,
CAPILLARY,2026-08-22,Information Technology,,3998.0,78.0,,,4.929716399506781,3.891472868217054,,2.95,3.233256351039261,3.42,,14.0,5.178791615289765,,,,,15.598939597325456,0.052734375,,,,0.0,,,,51.45,
CAPITALSFB,2026-08-22,,,1294.0,8.59,,0.8381183392661967,,0.8715596330275229,,10.1,1.2434123847167327,7.07,,,,10.249149311684146,,,,,,,,,1.76,,,,18.29,
CAPLIPOINT,2026-08-22,Healthcare,,19465.0,29.3,,2.2038309275708774,8.511149978137297,5.4258474576271185,,20.6,16.761433868974045,24.6,,35.0,29.645824223874072,13.29503077275318,,17.214173365762562,,10.52255586384334,0.0013943112102621305,,,,0.31,,,,70.57,
CAPTRUST,2026-08-22,,,66.3,10.1,,0.6507027810385877,,0.6964285714285714,,-8.18,2.5,5.06,,,,15.521679473813489,,36.7036165986216,,,,,,,0.0,,,,54.13,
CARBORUNIV,2026-08-22,Capital Goods,,22285.0,88.9,,,4.116180273365349,5.7073170731707314,,6.92,3.566685638398786,10.5,,11.0,3.47247875877355,-23.177513643964065,,-8.946921014235265,,4.812209330472839,0.1058974358974359,,,,0.34,,,,38.9,
CARERATING,2026-08-22,,,5039.0,28.4,,1.3740512964395264,10.262729124236252,5.4,,19.7,16.289592760180994,26.3,,42.0,36.65987780040733,20.66880623277365,,18.479799605285695,,13.932546087184217,0.027896995708154508,,,,1.31,,,,,
CARRARO,2026-08-22,,,3021.0,21.6,,0.7564372786160289,1.3094928478543564,5.347432024169184,,26.7,10.480693459416864,29.3,,9.0,5.76506285218899,28.554912099941944,,42.76853336489521,,8.84598603388309,0.2743362831858407,,,,1.27,,,,68.77,
CARTRADE,2026-08-22,Consumer Services,,14907.0,62.6,,0.41390644219853046,18.472118959107807,5.9210019267822736,,9.69,8.40810900631439,11.8,,34.0,31.350681536555143,151.24190787534027,,,,18.093452147478907,0.05636070853462158,,,,0.0,,,,,
CARYSIL,2026-08-22,,,3286.0,30.5,,1.5054726247230703,3.426485922836288,5.397196261682243,,17.4,10.36468330134357,17.8,,19.0,11.261730969760167,20.25941853682689,,9.129918021786597,,11.923384666930925,0.44991789819376027,,,,0.21,,,,41.34,
CASTROLIND,2026-08-22,Oil Gas & Consumable Fuels,,18573.0,17.2,,2.4190499287707086,2.9864930053063192,9.740932642487046,,45.9,27.37113402061856,60.3,,24.0,17.0767004341534,7.110229431577109,,6.992935300560155,,7.010937805557682,0.02776322682032478,,,,4.66,,,,51.0,
CCAVENUE,2026-08-22,Financial Services,,5288.0,17.8,,0.6848233341316269,0.5556956704497689,1.1176470588235294,,6.64,4.396055875102712,7.71,,4.0,3.373266078184111,25.99210498948732,,28.189906950220678,,44.559940186651104,0.09060261272650653,,,,0.0,,,,27.29,
CCCL,2026-08-22,,,692.0,,,,1.901098901098901,2.483974358974359,,-4.32,-0.8080808080808081,-1.85,,-6.0,-1.098901098901099,,,,,40.586417021611254,0.0,,,,0.0,,,,60.05,
CCHHL,2026-08-22,,,212.0,26.7,,,3.0285714285714285,0.7142857142857143,,2.58,-3.4682080924855487,2.51,,-25.0,-25.71428571428571,,,,,10.415886963424924,0.0802675585284281,,,,0.0,,,,73.8,
CCL,2026-08-22,Fast Moving Consumer Goods,,14452.0,33.4,,1.6674699736473666,3.140373750543242,6.1477272727272725,,18.0,10.009246417013408,15.8,,17.0,9.408952629291614,20.03034569008879,,16.092441947591716,,20.13841517969397,0.5646055437100214,,,,0.53,,,,46.14,
CDSL,2026-08-22,Financial Services,,29028.0,61.6,,15.420878857826418,24.62086513994911,14.80810234541578,,24.5,19.429516329061595,32.0,,50.0,39.86429177268872,3.9945842625394024,,8.655163511441021,,13.236366473905136,0.0010204081632653062,,,,0.92,,,,15.0,
CEATLTD,2026-08-22,Automobile and Auto Components,,14414.0,22.6,,,0.8753264103965507,2.8572574178027264,,16.1,4.236800460365415,19.2,,12.0,3.576850671039048,-2.8233447673889245,,52.63109278519662,,11.301329251570369,0.6484344034879113,,,,0.98,,,,47.29,
CEIGALL,2026-08-22,,,5476.0,17.0,,,1.3182474723158402,2.5528455284552845,,15.7,5.81205866376969,17.3,,15.0,7.727491574386133,-1.9366479149844573,,2.775436252179442,,11.102135415714297,0.6131898971000935,,,,0.16,,,,82.05,
CEINSYS,2026-08-22,,,1588.0,11.9,,0.25048024176179456,2.3987915407854983,2.364485981308411,,24.8,14.301075268817204,27.5,,23.0,20.090634441087612,47.508737281229706,,63.08172199216231,,37.79892284159501,0.08469539375928678,,,,0.46,,,,50.88,
CELEBRITY,2026-08-22,,,43.6,,,,0.2759493670886076,4.530201342281879,,-104.0,-9.821428571428571,-12.3,,-1.6,-6.962025316455696,,,,,-22.769711774996793,5.8,,,,0.0,,,,33.15,
CELLO,2026-08-22,Consumer Durables,,7984.0,25.1,,,3.4398965962947003,2.959016393442623,,13.2,10.792804796802132,17.4,,20.0,13.959500215424386,-3.1767733087227468,,-85.26715508830759,,5.086851798212488,0.014068863383931877,,,,0.41,,,,75.0,
CEMPRO,2026-08-22,Construction,,21927.0,36.4,,1.2117439635398577,2.148652621264086,9.114285714285714,,27.8,8.495625176404177,32.8,,10.0,5.899069083782459,30.039349149027306,,54.26206935939653,,9.757973087305349,0.41725719049604004,,,,0.24,,,,67.46,
CENTENKA,2026-08-22,,,1244.0,8.37,,0.16410351019258806,0.6695371367061357,0.8306569343065694,,6.14,7.941653160453808,8.23,,11.0,7.911733046286329,51.00439344763048,,,,2.133075456325617,0.014705882352941176,,,,1.93,,,,24.87,
CENTEXT,2026-08-22,,,165.0,12.9,,0.704625962888358,0.3216374269005848,1.9807692307692308,,14.0,6.417112299465241,19.3,,7.0,2.3391812865497075,18.30758541328954,,14.869835499703509,,11.00998205823094,0.7469879518072289,,,,0.0,,,,52.04,
CENTRALBK,2026-08-22,Financial Services,,28322.0,6.2,,0.3450587304478416,,0.6924778761061947,,11.9,0.8294636522168328,5.64,,,,17.9679557504695,,32.37371895505046,,,,,,,3.84,,,,81.19,
CENTRUM,2026-08-22,,,1133.0,,,,0.31100741147405986,3.640625,,-84.6,-1.5035144067402133,7.33,,26.0,-8.866318967883613,,,,,17.91571956007938,51.467948717948715,,,,0.0,,,,39.44,
CENTUM,2026-08-22,,,5077.0,58.1,,0.30717178424865754,4.794145420207744,14.759656652360515,,-12.5,3.760552570990023,25.5,,12.0,4.627006610009444,189.14497678265812,,,,-0.9874140781886642,0.358600583090379,,,,0.15,,,,46.82,
CENTURYPLY,2026-08-22,Consumer Durables,,16938.0,57.1,,,2.9258939367766454,6.512820512820513,,10.8,5.858150470219436,11.4,,12.0,5.1649680428398685,-3.7710049696982106,,-1.46154906869701,,14.208979535100386,0.6762452107279694,,,,0.13,,,,71.83,
CERA,2026-08-22,Consumer Durables,,7565.0,30.6,,5.267501585018245,3.88347022587269,5.591992373689227,,18.2,13.311862587224907,22.4,,15.0,12.73100616016427,5.8092056558714855,,19.74057110829954,,2.4794515674993134,0.04951958610495196,,,,1.28,,,,54.41,
CESC,2026-08-22,Power,,20558.0,13.2,,3.1959618267469074,1.0904365352994219,1.6402116402116402,,12.0,3.5076393372068,10.9,,18.0,8.645838858537102,4.130212034927827,,2.716626911301856,,7.224968254753228,1.7295291300877893,,,,3.87,,,,52.11,
CEWATER,2026-08-22,,,538.0,,,,0.9944547134935305,0.9420289855072463,,4.13,-0.7352941176470588,6.63,,2.5,-1.2939001848428837,,,,,2.867999036294311,0.29246935201401053,,,,0.0,,,,51.43,
CGCL,2026-08-22,Financial Services,,21555.0,19.1,,0.3732991400904727,,2.9906542056074765,,16.5,3.452074917370547,11.7,,,,51.16540047579785,,36.29235933324091,,,,,,,0.09,,,,59.92,
CGPOWER,2026-08-22,Capital Goods,,136592.0,107.0,,,10.653771156696045,17.134387351778656,,20.5,9.807023093957607,26.7,,13.0,9.671632477965836,-5.269199170659611,,4.636537111583072,,16.80119622597356,0.014805520702634882,,,,0.15,,,,56.36,
CHALET,2026-08-22,Consumer Services,,18876.0,35.3,,1.6632638957996368,7.907834101382488,5.100591715976331,,19.2,7.223970447393624,17.1,,45.0,22.119815668202765,21.223330879210266,,,,18.98554100117311,0.6403461330448891,,,,0.12,,,,67.29,
CHAMBLFERT,2026-08-22,Chemicals,,17274.0,8.96,,0.6071151213581272,0.8584207126174029,1.6576923076923078,,20.0,13.387029579225107,25.2,,14.0,9.581076380261393,14.758321255376284,,5.046446443811203,,3.8517399754635084,0.10261337432744043,,,,2.55,,,,61.34,
CHEMPLASTS,2026-08-22,,,2797.0,,,,0.6582725347140503,1.5945945945945945,,-6.8,-6.191607284243863,0.34,,1.6,-9.202165215344788,,,,,2.696617838851867,1.1122507122507121,,,,0.0,,,,54.99,
CHENNPETRO,2026-08-22,Oil Gas & Consumable Fuels,,20751.0,4.97,,0.3315089051761699,0.2723335564392299,1.8686327077747988,,31.8,20.78167786905651,34.9,,8.0,5.4779059543026625,14.992055786129942,,25.290175141515636,,4.892719888632269,0.17679359078224863,,,,4.45,,,,67.29,
CHEVIOT,2026-08-22,,,681.0,64.0,,,5.581967213114754,,,9.08,8.02919708029197,,,11.0,9.01639344262295,,,,,,0.03418803418803419,,,,2.14,,,,74.88,
CHOICEIN,2026-08-22,Financial Services,,18014.0,79.0,,4.715762179992425,15.087102177554438,10.786666666666667,,16.1,7.038698822209759,18.0,,35.0,21.02177554438861,16.75232910072808,,31.156447157157952,,16.45572508459434,0.5430622009569378,,,,0.0,,,,53.66,
CHOLAFIN,2026-08-22,Financial Services,,159104.0,27.7,,1.495335159373454,,5.218487394957983,,19.4,2.343062481666178,9.71,,,,18.524275194335903,,20.916698480500905,,,,,,,0.11,,,,49.23,
CHOLAHLDNG,2026-08-22,Financial Services,,29327.0,11.0,,0.7526294751151515,,1.8979343863912514,,17.5,2.241634399305336,9.75,,,,14.61542546990604,,21.134451787479858,,,,,,,0.08,,,,46.44,
CIEINDIA,2026-08-22,Automobile and Auto Components,,15214.0,17.0,,,1.52185655696709,1.9656862745098038,,11.8,7.981967647838769,14.7,,15.0,9.032709812943883,-7.061409245265738,,18.085378995648927,,2.511810847123752,0.06625339015885316,,,,1.75,,,,65.7,
CIFL,2026-08-22,,,795.0,,,,,1.180232558139535,,-8.63,1.4626218851570965,1.17,,,,49.380158218572156,,,,,,,,,0.1,,,,72.59,
CINELINE,2026-08-22,,,336.0,40.5,,,1.5924170616113744,2.105263157894737,,5.66,-5.7324840764331215,4.75,,19.0,-8.530805687203792,,,,,67.37476509694062,0.7412587412587412,,,,0.0,,,,68.18,
CINEVISTA,2026-08-22,,,81.6,13.4,,,3.041371598956392,1.4401622718052738,,11.4,4.411870893205286,14.4,,41.71,22.773015281401417,,,,,293.6008237974413,0.2712822324267043,,,,0.0,,,,67.49,
CIPLA,2026-08-22,Healthcare,,115701.0,32.3,,,4.084910323400649,3.3615023474178405,,11.6,7.925749238362894,15.5,,19.0,11.848608953537635,-6.491254033610661,,6.000378005354645,,3.1947461785736486,0.01783224907063197,,,,0.91,,,,29.22,
CLEAN,2026-08-22,Chemicals,,8774.0,37.7,,,8.934826883910388,5.543624161073826,,15.3,13.163841807909604,20.7,,36.0,23.727087576374746,-1.5475522371604877,,0.3783442978870122,,7.4760429211102375,0.0012626262626262627,,,,0.73,,,,51.29,
CLEANMAX,2026-08-22,,,14882.0,94.9,,,6.3516858728126335,3.1994949494949494,,1.76,0.6960762580359122,6.16,,55.0,6.700810926163039,,,-30.062446803223043,,19.010650620097703,2.734209959042897,,,,0.0,,,,49.43,
CLSEL,2026-08-22,,,1434.0,11.5,,2.8462726274705266,0.9702300405953992,1.7041420118343196,,14.6,12.01923076923077,18.3,,12.0,8.457374830852503,4.040371919755281,,14.915527572831033,,2.9133182639176747,0.09904534606205251,,,,0.87,,,,74.05,
CMLL,2026-08-22,,,3463.0,22.2,,0.9558544670873022,2.063766388557807,,,34.8,7.607125662012518,21.2,,26.0,9.415971394517282,23.225292933607623,,-13.80227352274187,,24.716893006202902,1.728395061728395,,,,0.0,,,,74.18,
CMPDI,2026-08-22,,,16683.0,25.0,,,7.932952924393724,,,32.7,24.860231084606784,,,40.0,31.716595339990487,,,,,,0.0004897159647404506,,,,0.45,,,,85.0,
CMRGREEN,2026-08-22,,,4663.0,21.1,,0.7774974621365287,0.539699074074074,,,14.6,5.886909372579396,14.0,,5.0,2.638888888888889,27.138352248788223,,-55.40755543500002,,13.758330813254327,0.9308093994778068,,,,0.0,,,,84.0,
CMSINFO,2026-08-22,Services,,4076.0,13.6,,,1.6343223736968724,1.6689189189189189,,13.2,9.048795552810377,17.6,,24.0,11.748195669607057,-5.817051709308229,,4.023790458551102,,3.262526731954085,0.09083436087135224,,,,1.11,,,,0.0,
CNL,2026-08-22,,,1874.0,25.4,,1.5628432683458784,0.6724076067456046,5.1570247933884295,,21.4,7.897545357524013,18.8,,3.7,2.6551847865087908,16.252429475467167,,29.7857339335863,,17.431704904319222,0.8901098901098901,,,,0.04,,,,56.62,
COALINDIA,2026-08-22,Oil Gas & Consumable Fuels,,249714.0,8.0,,,1.5819100952767078,2.098445595854922,,28.2,10.98268745862035,35.0,,26.0,19.755980133792825,-5.862297107866032,,12.440874873010088,,2.928467446456673,0.11815082870144918,,,,6.54,,,,61.13,
COASTCORP,2026-08-22,,,272.0,8.43,,0.09060181784755662,0.2612872238232469,0.9575471698113208,,9.77,3.804994054696789,9.64,,6.0,3.073967339097022,93.0444907207493,,19.2349045876449,,33.65588320091404,1.6996466431095407,,,,0.69,,,,42.31,
COCHINSHIP,2026-08-22,Capital Goods,,38949.0,57.3,,,7.717257776897167,6.63677130044843,,12.5,4.679650402587572,16.0,,15.0,13.473350505250645,-4.58502035889774,,3.819933868469927,,9.633894969862155,0.2846926613315171,,,,0.51,,,,67.91,
COCKERILL,2026-08-22,,,4056.0,,,,4.216216216216216,-42.34020618556701,,,-1.9463087248322148,,,-3.2,-3.0145530145530146,,,,,,-0.4895833333333333,,,,0.09,,,,70.44,
COFORGE,2026-08-22,Information Technology,,83787.0,43.7,,1.9002133277990416,4.604946413849959,6.661971830985915,,21.4,12.932776505456015,23.5,,19.0,10.55234954657873,22.997417900766102,,17.486175890391454,,26.403322940448447,0.07633427702631855,,,,0.63,,,,,
COHANCE,2026-08-22,Healthcare,,17714.0,165.0,,,8.26984126984127,4.53921568627451,,7.04,1.0296684118673647,8.35,,15.0,2.754435107376284,-38.238059942883076,,-31.04294737029184,,26.78627726676739,0.10227563283047814,,,,0.0,,,,57.49,
COLPAL,2026-08-22,Fast Moving Consumer Goods,,51378.0,119.0,,2.7686280847063105,26.213265306122448,156.11570247933884,,158.0,49.26553672316384,179.0,,22.0,22.244897959183675,42.98157656398376,,,,14.932611898217907,0.015105740181268883,,,,2.54,,,,51.0,
COMFINTE,2026-08-22,,,202.0,,,,1.294871794871795,1.1703703703703703,,-1.8,-1.3513513513513513,2.68,,7.0,-1.9230769230769231,,,,,0.21459293277183988,0.10982658959537572,,,,0.79,,,,56.12,
COMPUSOFT,2026-08-22,,,111.0,,,,3.3203709243194734,0.7777777777777778,,0.5,1.4322980755032733,1.85,,4.4,8.704756206999702,-17.956853661777306,,-25.479601332832015,,-21.953666595293654,0.34175167077031304,,,,1.79,,,,71.6,
COMSYN,2026-08-22,,,1154.0,38.9,,0.7024304450529787,2.8423645320197046,6.5,,16.1,8.379888268156424,13.9,,13.0,7.389162561576355,55.379148603198836,,8.476550682345607,,12.127252849089775,0.7288135593220338,,,,0.14,,,,59.18,
CONCOR,2026-08-22,Services,,39227.0,31.6,,,4.317776554760594,3.0294117647058822,,9.81,8.216921454928835,12.4,,22.0,13.72592184920198,-0.5060815373717942,,3.311238091258084,,1.6372118101888766,0.07455767596384145,,,,1.48,,,,54.8,
CONCORDBIO,2026-08-22,Healthcare,,16438.0,59.2,,,14.835740072202166,8.139896373056995,,12.5,12.231182795698924,17.1,,35.0,24.638989169675092,-3.6762174508161216,,-32.216082812013994,,2.897842576727361,0.0009915716410510659,,,,0.48,,,,44.08,
CONFIPET,2026-08-22,,,2485.0,18.5,,2.7361031331399532,0.4140976503916014,1.7517564402810302,,6.76,5.080409356725147,9.23,,7.0,2.316280619896684,6.761441034852145,,5.036164940748145,,30.53507623566678,0.5366713681241185,,,,0.13,,,,57.38,
CONTROLPR,2026-08-22,,,918.0,23.6,,,1.8888888888888888,2.0282685512367493,,9.52,6.712564543889846,16.4,,18.0,8.024691358024691,-10.4746896715606,,-0.15526756297752353,,10.623469085680771,0.01545253863134658,,,,1.74,,,,52.99,
CORALFINAC,2026-08-22,,,139.0,9.68,,,9.266666666666667,0.6712062256809339,,6.91,6.278026905829597,8.06,,77.0,93.33333333333333,-11.497882375028679,,-3.6973608123380353,,-21.49273369806194,0.0,,,,0.58,,,,74.96,
CORDELIA,2026-08-22,,,7083.0,176.0,,,12.212068965517242,,,92.3,15.204678362573098,64.0,,20.0,8.96551724137931,,,,,,1.475,,,,0.0,,,,89.35,
COROMANDEL,2026-08-22,Chemicals,,58888.0,31.5,,8.63482316741869,1.806269554015091,4.685446009389671,,16.4,7.268713462246024,22.0,,10.0,5.45365315011349,3.648019118545154,,3.5852958417118774,,13.909349102234092,0.11992355470616341,,,,0.55,,,,56.35,
CORONA,2026-08-22,Healthcare,,13104.0,61.8,,2.0577700909692447,8.860040567951318,17.565573770491802,,29.5,16.51452282157676,33.3,,21.0,13.45503718728871,30.032509594349843,,,,13.407925524849551,0.22088353413654618,,,,0.47,,,,69.0,
COSMOFIRST,2026-08-22,,,2423.0,14.1,,0.36189208125437394,0.6051448551448552,1.4983766233766234,,10.4,3.568376068376068,11.2,,11.0,4.170829170829171,38.961891487449016,,-15.236422899354086,,15.673145815333168,1.0396039603960396,,,,0.43,,,,40.78,
COUNCODOS,2026-08-22,,,51.6,83.2,,,2.860310421286031,2.0090634441087616,,2.32,1.3780840186708156,3.42,,5.71,3.436807095343681,-27.507975133140516,,-24.679150518036487,,-10.685025763794254,0.0,,,,0.0,,,,53.86,
CPEDU,2026-08-22,,,366.0,15.4,,,7.176470588235294,4.843373493975903,,34.6,27.906976744186046,46.5,,51.0,47.05882352941176,-62.81833052468194,,,,2.7600024749230068,0.013333333333333334,,,,1.24,,,,63.7,
CPL,2026-08-22,,,402.0,14.3,,1.2244915602334243,0.9370629370629371,2.10062893081761,,16.3,8.045977011494253,17.8,,11.0,6.526806526806526,11.678316506545784,,53.45344147085296,,13.42357209801548,0.46596858638743455,,,,0.0,,,,68.79,
CPPLUS,2026-08-22,Capital Goods,,41115.0,86.1,,,8.420028670899038,21.861635220125788,,25.4,11.951891756452017,28.6,,15.0,9.768584886340365,-58.35708802308637,,-36.32963189223501,,20.626631285835238,0.13638785295684602,,,,0.05,,,,74.71,
CRAFTSMAN,2026-08-22,Automobile and Auto Components,,27840.0,59.4,,6.2344924160260815,3.193759320867271,7.780701754385965,,12.5,5.1793272443751395,13.9,,16.0,5.334404038086498,9.527640108649305,,19.657755905845555,,25.10383704939134,1.1099877450980393,,,,0.11,,,,42.41,
CRAMC,2026-08-22,Financial Services,,5279.0,24.2,,,11.043933054393305,7.0855614973262036,,30.3,26.61782661782662,40.1,,63.0,45.60669456066946,-28.763110414798433,,-1.9288269959092719,,14.551362426742065,0.024161073825503355,,,,1.51,,,,75.0,
CREATIVEYE,2026-08-22,,,12.8,,,,17.77777777777778,0.8653061224489796,,-10.4,-20.167696381288618,-4.54,,-170.83,-634.7222222222223,,,,,15.277587606658072,0.45318860244233383,,,,0.0,,,,56.26,
CREDITACC,2026-08-22,Financial Services,,24006.0,19.8,,,,3.053061224489796,,10.5,3.7926714688380834,9.98,,,,-5.892248105988685,,27.263014533890995,,,,,,,0.0,,,,66.21,
CREST,2026-08-22,,,1029.0,31.2,,,,0.7886710239651417,,3.75,1.7680707228289132,5.67,,,,-18.131342507731862,,22.24013245995671,,,,,,,0.28,,,,69.84,
CRISIL,2026-08-22,Financial Services,,33015.0,37.3,,3.6131744975123627,8.001696558410082,10.098434004474273,,24.5,17.595541401273884,32.6,,30.0,21.42510906446922,10.323332024423593,,13.60029451620579,,9.53002627574655,0.10241516355854478,,,,0.55,,,,66.64,
CRIZAC,2026-08-22,Consumer Services,,3024.0,13.7,,0.5733270994433097,2.9245647969052224,5.179640718562874,,40.3,25.11415525114155,52.3,,28.0,21.27659574468085,23.895608655691404,,-28.583650211239952,,24.953441780307294,0.003418803418803419,,,,4.63,,,,79.94,
CROMPTON,2026-08-22,Consumer Durables,,16227.0,35.8,,,1.9475516082573212,5.466377440347071,,10.6,-3.4879894702204672,18.1,,10.0,-2.5444071051368216,,,,,4.44425648954887,0.0670711156049882,,,,1.19,,,,,
CROWN,2026-08-22,,,122.0,13.5,,0.8092488952509557,2.8591516287790015,1.5718562874251498,,12.7,4.208220710224624,13.4,,52.03,21.16240918678228,16.68213584130198,,,,14.940242124648329,0.7486430602222796,,,,0.0,,,,67.82,
CSBBANK,2026-08-22,Financial Services,,5602.0,8.43,,1.5462547491738285,,1.1453900709219857,,13.5,1.1519739463336047,7.05,,,,5.451883012488201,,7.7067689256126615,,,,,,,0.0,,,,40.0,
CSLFINANCE,2026-08-22,,,524.0,6.02,,0.5412395510575724,,0.8424908424908425,,14.8,5.846774193548387,14.4,,,,11.122616571972666,,18.794080337328857,,,,,,,1.3,,,,48.16,
CSM,2026-08-22,,,514.0,20.7,,,2.274336283185841,,,28.5,11.162790697674419,29.2,,20.0,10.619469026548673,-37.61166435218107,,,,12.200851329591522,0.6990291262135923,,,,0.0,,,,71.18,
CTE,2026-08-22,,,97.2,14.0,,1.7896435475066106,0.5430167597765363,1.2102689486552567,,0.65,3.783783783783784,6.06,,12.0,3.910614525139665,7.822786844623475,,-6.53050624956234,,-4.575050921261214,1.0,,,,0.0,,,,57.13,
CUB,2026-08-22,Financial Services,,21530.0,15.4,,1.3607986782495942,,2.02803738317757,,13.2,1.4460339709762533,6.74,,,,11.31688342011703,,12.959918550098015,,,,,,,0.92,,,,,
CUBEXTUB,2026-08-22,,,113.0,15.0,,0.6352076374008423,0.37293729372937295,1.3591065292096218,,9.36,3.8461538461538463,11.5,,1.9,2.6402640264026402,23.614325642206314,,25.54076828485039,,11.092170393011624,0.5180722891566265,,,,0.0,,,,44.42,
CUMMINSIND,2026-08-22,Capital Goods,,141580.0,58.0,,5.1702610912613265,11.181487916600853,16.69281045751634,,30.2,20.939490445859875,39.5,,20.0,18.693729268677934,11.21800214268298,,20.45005042475154,,12.052082730399082,0.004365781710914454,,,,1.29,,,,51.0,
CUPID,2026-08-22,Fast Moving Consumer Goods,,38266.0,279.0,,5.539070740525932,84.47240618101546,85.07462686567163,,27.3,24.77396021699819,33.5,,35.0,30.242825607064017,50.36945962049748,,,,38.0988043072092,0.12444444444444444,,,,0.0,,,,46.24,
CURAA,2026-08-22,,,71.9,,,,3.068715322236449,-0.5716535433070866,,,-17.023991832567635,,,-12.55,-28.4677763551003,,,,,-15.264332163517203,-0.6968071941258971,,,,0.0,,,,74.94,
CYIENT,2026-08-22,Information Technology,,9921.0,24.3,,,1.2999213836477987,1.7475538160469668,,8.61,5.0181818181818185,12.3,,12.0,5.4245283018867925,-17.925773345763506,,-6.387484907115359,,2.2126998395382014,0.07585357268567405,,,,1.79,,,,24.7,
CYIENTDLM,2026-08-22,,,5725.0,69.7,,6.813079206299549,4.218865143699337,5.6328125,,7.49,4.993909866017052,9.9,,10.0,6.0427413411938105,10.230322867163144,,,,4.416195221247743,0.16996047430830039,,,,0.0,,,,52.11,
DABUR,2026-08-22,Fast Moving Consumer Goods,,71047.0,35.8,,15.866008367452592,5.242547225501771,6.211180124223602,,17.0,11.138443935926773,20.3,,19.0,14.366883116883116,2.2563961376347086,,2.4759463762990874,,2.9944632103300117,0.11270689202206849,,,,2.06,,,,66.24,
DALBHARAT,2026-08-22,Construction Materials,,35262.0,32.1,,7.765853104839192,2.341745251693452,1.9603753910323254,,6.11,2.8653898192970324,7.59,,20.0,6.328861734626113,4.133480194210382,,2.6895048981498526,,0.8258699798485258,0.4119250236386896,,,,0.48,,,,55.84,
DALMIASUG,2026-08-22,,,4030.0,19.6,,,1.1432624113475178,1.2418952618453865,,7.3,3.6768701322224233,8.18,,11.0,5.75886524822695,-9.036193235232693,,-7.0617789455156394,,6.734208856421198,0.5561381863047502,,,,1.2,,,,74.92,
DAMCAPITAL,2026-08-22,,,1021.0,14.1,,,4.326271186440678,3.0638297872340425,,24.4,16.114790286975715,35.4,,51.0,30.93220338983051,,,,,9.247408249181976,0.009036144578313253,,,,0.69,,,,40.0,
DANGEE,2026-08-22,,,44.2,52.0,,,2.2222222222222223,,,,3.349282296650718,,,23.48,4.57516339869281,,,,,,-4.268011527377522,,,,0.0,,,,55.68,
DATAMATICS,2026-08-22,Information Technology,,4842.0,19.1,,6.624528269213053,2.3805309734513274,3.1379310344827585,,16.4,9.214437367303608,20.8,,20.0,10.668633235004917,2.883224166883802,,6.491259265429372,,9.481250711848045,0.14313471502590674,,,,0.61,,,,66.33,
DATAPATTNS,2026-08-22,Capital Goods,,27040.0,100.0,,7.231215959759869,28.73538788522848,15.580645161290322,,15.2,13.893208916537066,21.9,,40.0,28.480340063761954,13.82893285949114,,21.453727680385313,,21.860257998736678,0.002880184331797235,,,,0.21,,,,42.41,
DAVANGERE,2026-08-22,,,428.0,52.5,,,1.7188755020080322,0.8470254957507083,,1.99,0.9535160905840285,5.56,,19.0,3.2128514056224895,-12.64195352637011,,8.447177119769854,,4.691929590395527,0.49504950495049505,,,,0.0,,,,41.63,
DBCORP,2026-08-22,,,3670.0,10.4,,,1.5291666666666666,1.5147058823529411,,14.3,11.010322177040976,18.3,,21.0,14.666666666666666,-6.162376699491867,,19.64932519369267,,-0.027762355674354477,0.10786331823795801,,,,3.4,,,,74.5,
DBL,2026-08-22,Construction,,6735.0,12.1,,0.15805900930424446,0.7705068070014872,0.9880952380952381,,10.3,6.637402157816798,13.3,,19.0,14.357624985699577,76.55368746939925,,,,-10.053983909653263,1.1774784009371797,,,,0.24,,,,63.14,
DBOL,2026-08-22,,,871.0,34.0,,1.5592945349290714,0.42779960707269155,0.8451612903225807,,2.61,3.6175710594315245,4.98,,6.0,4.12573673870334,21.80473235708902,,,,2.985786146544389,1.0331384015594542,,,,1.14,,,,50.78,
DBREALTY,2026-08-22,Realty,,5754.0,,,,6.659722222222222,1.4058355437665782,,-0.19,0.18870891649630445,1.55,,9.0,1.3888888888888888,-78.91322830736652,,-26.049877228933525,,34.26057684739918,0.18259594231239307,,,,0.0,,,,47.17,
DCAL,2026-08-22,,,2721.0,150.0,,,0.937952430196484,0.4084507042253521,,1.58,0.1341944141575107,3.15,,17.0,0.5515339538090314,,,-2.1799508111852384,,3.5070655441926446,0.46068593679796316,,,,0.0,,,,59.32,
DCBBANK,2026-08-22,Financial Services,,6559.0,8.33,,0.65045625742413,,1.0049261083743843,,12.0,0.8947529777787872,7.4,,,,12.80639536467465,,21.597139685089385,,,,,,,0.71,,,,16.22,
DCI,2026-08-22,,,625.0,28.7,,,0.8267195767195767,5.799086757990867,,23.7,5.898123324396782,23.0,,4.9,2.91005291005291,,,,,,0.8130841121495327,,,,0.0,,,,62.2,
DCMFINSERV,2026-08-22,,,12.0,,,,,-0.2360869565217391,,,-4.726735598227474,-4.92,,-234.43,,,,,,,-1.3596233078281341,,,,0.0,,,,39.5,
DCMSHRIRAM,2026-08-22,Diversified,,16875.0,12.3,,0.25933669874384224,1.2192919075144508,2.1858585858585857,,11.5,10.173574211831385,11.5,,11.0,10.375722543352602,47.42869042282838,,6.0620587282504745,,8.21263507807457,0.37901970954356845,,,,1.04,,,,66.53,
DCMSRIND,2026-08-22,,,446.0,7.31,,16.91025645590226,0.2241206030150754,0.4876190476190476,,11.8,3.128205128205128,13.7,,7.0,3.0653266331658293,0.432282030675446,,-1.2118116957887115,,-5.40529748417129,0.33114035087719296,,,,0.78,,,,50.11,
DCW,2026-08-22,,,1320.0,,,,1.0534716679968077,1.7061068702290079,,-0.73,-0.3250270855904659,1.23,,5.0,-0.4788507581803671,,,,,1.9347140093446624,1.3910714285714285,,,,0.22,,,,45.59,
DCXINDIA,2026-08-22,,,1955.0,,,,3.1330128205128207,1.286764705882353,,-0.53,-0.9510223490252021,0.87,,-4.7,-3.205128205128205,,,,,-24.044679586121376,0.0019828155981493722,,,,0.0,,,,52.17,
DDEVPLSTIK,2026-08-22,,,2875.0,13.5,,2.454300811798555,0.9075126262626263,2.8396322778345247,,21.8,14.750692520775624,31.0,,10.0,6.723484848484848,5.500548235612146,,,,9.227854890090237,0.0562685093780849,,,,0.63,,,,74.99,
DECCANCE,2026-08-22,,,776.0,,,,1.1022727272727273,1.0335820895522387,,2.42,0.5844535359438925,3.31,,9.0,1.4204545454545454,,,,,,1.0026631158455392,,,,0.09,,,,56.24,
DECNGOLD,2026-08-22,,,4882.0,,,,348.7142857142857,9.800796812749004,,-14.1,-7.992895204262878,-13.1,,-224.0,-321.42857142857144,,,,,67.10993116548616,0.1028225806451613,,,,0.0,,,,20.53,
DEEPAKFERT,2026-08-22,Chemicals,,18294.0,18.6,,0.6298056826406544,1.5114011896893589,2.6734317343173433,,10.9,6.0499969289355695,11.4,,17.0,8.137805684071381,29.532918664712216,,6.749365832878995,,11.738573811614783,0.8284628872004676,,,,0.69,,,,45.63,
DEEPAKNTR,2026-08-22,Chemicals,,23829.0,30.1,,,2.7788921282798835,4.081775700934579,,9.82,9.047839149526231,11.4,,16.0,9.131195335276967,-1.145680132477911,,-5.987324450242404,,3.7337174995244693,0.2806236080178174,,,,0.43,,,,49.34,
DEEPINDS,2026-08-22,,,4404.0,10.6,,0.570648322338047,4.54020618556701,2.2051282051282053,,19.2,8.695652173913043,16.5,,39.0,23.09278350515464,18.575363468291517,,23.40935696795583,,31.456264298467595,0.10155077538769385,,,,0.36,,,,63.49,
DELHIVERY,2026-08-22,Services,,33765.0,283.0,,,3.029609690444145,3.496124031007752,,1.87,0.727870392110824,2.82,,6.0,0.8344549125168237,,,,,11.032382341596957,0.15102714978837617,,,,0.0,,,,,
DELTACORP,2026-08-22,,,1570.0,10.2,,,2.3328380386329868,0.6967895362663497,,3.52,-6.188411509657075,5.08,,18.0,-23.328380386329865,,,,,-7.415190498139868,0.021758436944937832,,,,0.85,,,,34.46,
DELTAMAGNT,2026-08-22,,,63.5,,,,0.9477611940298507,27.59433962264151,,-12.5,-16.176470588235293,-0.45,,2.9,-16.417910447761194,,,,,0.0,20.0,,,,0.0,,,,72.12,
DEN,2026-08-22,,,1344.0,9.07,,,1.3770491803278688,0.35561160151324084,,1.17,3.4321737100163436,3.23,,6.0,15.061475409836063,-11.587034350977522,,-3.3622511610897354,,-3.3486240236163645,0.005284015852047556,,,,0.0,,,,74.9,
DENORA,2026-08-22,,,440.0,36.1,,,3.8260869565217392,3.3975409836065573,,7.26,7.5,9.62,,9.0,10.434782608695652,-13.77050270470085,,-4.62912241533191,,15.830262405076923,0.0,,,,0.48,,,,53.68,
DENTA,2026-08-22,,,765.0,14.3,,,3.1611570247933884,1.6627906976744187,,14.0,11.15702479338843,18.8,,27.0,22.31404958677686,-13.984836567875547,,-24.16111623712712,,0.4166714792755988,0.026143790849673203,,,,0.87,,,,71.91,
DEVIT,2026-08-22,,,140.0,25.1,,0.2480118335423677,0.7329842931937173,1.2835051546391754,,1.28,40.21164021164021,3.46,,1.6,39.79057591623037,101.20484833927162,,267.68325745050885,,5.2114904759523295,0.28440366972477066,,,,0.8,,,,41.58,
DEVX,2026-08-22,,,338.0,29.3,,,1.5089285714285714,1.7330097087378642,,7.35,1.5527950310559007,12.0,,50.0,4.464285714285714,-84.71092012860265,,,,27.52874551815927,1.989247311827957,,,,0.0,,,,35.08,
DEVYANI,2026-08-22,Consumer Services,,17804.0,,,,3.051242502142245,11.52,,-1.56,-0.4148148148148148,4.75,,15.0,-0.47986289631533846,,,,,17.948666720004034,2.485732814526589,,,,0.0,,,,61.37,
DGCONTENT,2026-08-22,,,145.0,8.49,,,0.28884462151394424,3.905511811023622,,11.6,0.3952569169960474,24.0,,7.0,0.199203187250996,-40.36131850925885,,-43.414892559145265,,6.549612222331147,2.6486486486486487,,,,0.0,,,,66.81,
DHAMPURSUG,2026-08-22,,,1191.0,17.0,,,0.5957978989494748,0.9946236559139785,,5.47,2.9399585921325055,6.43,,9.0,3.551775887943972,-18.96488721751379,,-12.808906977713319,,-2.683963182489957,0.7510442773600668,,,,1.08,,,,49.86,
DHANBANK,2026-08-22,,,1331.0,11.5,,0.4400100323612454,,0.8798955613577025,,7.16,0.5414822487993219,5.81,,,,26.135767719401848,,26.347090528323093,,,,,,,0.0,,,,,
DHANUKA,2026-08-22,,,4370.0,15.0,,1.0969183519648873,2.1474201474201475,3.1511254019292605,,22.0,16.5,28.3,,20.0,14.594594594594595,13.674673208931921,,17.265480581278414,,11.249139343431569,0.05274411974340699,,,,0.2,,,,69.81,
DHARMAJ,2026-08-22,,,913.0,15.2,,1.4238118550988617,0.7918473547267997,2.030075187969925,,13.0,7.13436385255648,16.4,,9.0,5.203816131830009,10.675567804528917,,,,20.804706068031997,0.29398663697104677,,,,0.0,,,,70.4,
DHUNINV,2026-08-22,,,595.0,6.27,,0.2394675014202533,,0.2169853268119164,,0.66,3.198587127158556,3.24,,,,26.183093583945105,,-8.614556499852588,,,,,,,0.31,,,,74.95,
DIACABS,2026-08-22,Capital Goods,,21297.0,108.0,,0.8618748265380278,9.267624020887729,-30.956521739130434,,,8.02828618968386,26.5,,12.0,8.398607484769364,125.30821956340641,,,,88.51762862437633,-4.198675496688741,,,,0.0,,,,84.02,
DIAMINESQ,2026-08-22,,,242.0,,,,5.902439024390244,1.535031847133758,,-7.93,-5.747126436781609,-8.26,,-23.0,-24.390243902439025,,,,,-26.6753206510719,0.050955414012738856,,,,0.41,,,,57.5,
DIAMONDYD,2026-08-22,,,2822.0,138.0,,,1.707199032062916,4.09375,,3.14,2.1929824561403506,1.15,,3.8,1.2099213551119177,-24.359057001028017,,-14.397312672024775,,5.844921852414342,0.08862629246676514,,,,0.04,,,,56.77,
DICIND,2026-08-22,,,545.0,24.7,,1.7448768876084324,1.0834990059642147,2.5714285714285716,,10.8,6.451612903225806,15.2,,8.0,4.3737574552683895,14.155726501629795,,,,10.480691648103612,0.2028301886792453,,,,0.51,,,,71.75,
DIFFNKG,2026-08-22,,,1502.0,27.2,,2.6737113777397745,3.444954128440367,3.712962962962963,,12.4,10.784313725490197,15.8,,14.0,12.614678899082568,10.173124977683102,,-20.31615904529306,,16.1842425810655,0.07160493827160494,,,,0.37,,,,69.76,
DIGIDRIVE,2026-08-22,,,69.0,11.2,,0.9239405447801016,1.4743589743589745,0.25390070921985813,,2.01,1.8619863346394223,2.85,,-2.48,12.286324786324787,12.121992116565906,,,,-0.5842735074873762,0.0032000588516570417,,,,0.0,,,,61.75,
DIGITIDE,2026-08-22,,,1447.0,1280.0,,,0.4637820512820513,1.7259786476868326,,-0.74,-0.04911591355599214,10.3,,11.0,-0.03205128205128205,,,,,,0.6336515513126492,,,,0.0,,,,57.33,
DIGJAMLMTD,2026-08-22,,,103.0,26.8,,,2.799673824408807,23.348416289592762,,47.2,-1.5195947747267395,5.21,,10.6,-3.0986681163359604,,,,,147.72593368368186,13.604072398190047,,,,0.0,,,,75.0,
DISAQ,2026-08-22,,,1721.0,32.1,,5.297169747900642,4.197560975609756,5.641563393708293,,19.7,10.73684210526316,26.6,,16.0,12.439024390243903,6.059839787600119,,5.800162104635809,,7.612483174608897,0.0,,,,1.69,,,,74.82,
DIVGIITTS,2026-08-22,,,3725.0,58.9,,3.5132091133086227,8.911483253588516,5.855769230769231,,7.62,8.618331053351573,10.2,,22.0,15.07177033492823,16.765298648713213,,4.293034546523211,,18.2184480011945,0.0031496062992125984,,,,0.27,,,,60.56,
DIVISLAB,2026-08-22,Healthcare,,228223.0,76.6,,3.4389984983648887,20.32261798753339,13.624405705229794,,16.5,14.611119436535292,22.0,,35.0,26.046304541406943,22.273926562172196,,-0.24147906842665323,,12.70130272157175,0.0004176361792255832,,,,0.35,,,,51.88,
DIXON,2026-08-22,Consumer Durables,,90796.0,48.4,,0.6790921182714154,1.7601240670737617,19.310793237971392,,37.4,10.865254148836238,42.0,,3.6,4.036056993312009,71.27162677605365,,57.31795398636588,,42.864288990618135,0.21252939918751337,,,,0.05,,,,28.55,
DJML,2026-08-22,,,390.0,33.1,,1.0874051407677563,2.61744966442953,4.144486692015209,,14.1,8.571428571428571,16.5,,18.0,8.053691275167784,30.439436746298565,,,,37.75386862422607,0.43333333333333335,,,,0.14,,,,56.33,
DLF,2026-08-22,Realty,,167851.0,39.0,,2.205693509456288,24.837377922462267,3.6847826086956523,,9.5,6.051861430613218,6.32,,18.0,65.78869488014205,17.68151369752802,,24.27012684602703,,1.688060127797275,0.006729267917225607,,,,1.18,,,,74.08,
DLINKINDIA,2026-08-22,,,1547.0,14.4,,2.8617236281774354,0.9252392344497608,3.0704225352112675,,18.1,13.19358816276202,25.9,,8.0,6.399521531100478,5.0319324543478094,,20.477314171868642,,10.595961194984739,0.029644268774703556,,,,5.97,,,,51.02,
DMART,2026-08-22,Consumer Services,,254767.0,83.3,,13.017652231793052,3.5753761086785674,10.416,,12.9,10.356392709533166,17.2,,8.0,4.29016503873358,6.399003331534403,,15.295437626850905,,11.948237146759254,0.09912524525833878,,,,0.0,,,,74.48,
DMCC,2026-08-22,,,709.0,17.7,,0.34662571061607234,1.0014124293785311,2.8542713567839195,,11.5,8.968609865470851,14.8,,11.0,5.649717514124294,51.06372510146766,,13.368382817070202,,29.236881924659897,0.4435483870967742,,,,0.88,,,,53.84,
DNAMEDIA,2026-08-22,,,30.6,,,,4.112903225806452,-0.12093023255813953,,,-3.452792622864927,-1.17,,-6.45,-88.57526881720429,,,,,-8.46221476448349,-1.7271179730799684,,,,0.0,,,,62.17,
DODLA,2026-08-22,,,6868.0,27.8,,2.1179107394492958,1.5912882298424467,4.093525179856115,,16.4,11.74496644295302,16.7,,7.0,5.676552363299351,13.126143364865616,,12.699910326817676,,11.3637392499649,0.034050179211469536,,,,0.44,,,,58.92,
DOLATALGO,2026-08-22,,,1347.0,9.36,,,3.1108545034642034,1.1915887850467288,,12.1,9.375,18.1,,57.0,33.25635103926097,-2.9180267701061635,,-2.968095111400637,,4.724633394004241,0.251105216622458,,,,0.13,,,,74.49,
DOLLAR,2026-08-22,,,1549.0,13.8,,1.8322554701721896,0.8208797032326444,1.6347305389221556,,11.8,7.249190938511327,13.6,,11.0,5.9353471118177,7.531700805184727,,-5.280187320096131,,6.277122248242484,0.3069620253164557,,,,1.1,,,,72.58,
DOLPHIN,2026-08-22,,,2581.0,35.8,,0.26552061841703545,18.04895104895105,7.296380090497737,,21.9,11.842105263157894,14.9,,57.0,50.349650349650354,134.829453973971,,,,187.7806543156078,0.5750708215297451,,,,0.0,,,,74.99,
DOMS,2026-08-22,Fast Moving Consumer Goods,,13390.0,61.6,,4.9708752066184205,5.498973305954825,10.975124378109452,,20.7,13.278495887191538,24.3,,16.0,9.281314168377824,12.392183959473236,,-37.82436350974636,,16.575789676253926,0.11557377049180328,,,,0.17,,,,63.38,
DONEAR,2026-08-22,,,455.0,9.92,,1.017693915567782,0.49030172413793105,1.644736842105263,,17.0,5.39906103286385,13.5,,10.0,4.956896551724138,9.74752806148549,,,,5.115573867551393,1.5471014492753623,,,,0.23,,,,74.56,
DPABHUSHAN,2026-08-22,,,3384.0,83.5,,,1.9583333333333333,23.903225806451612,,34.5,9.903381642512077,24.4,,4.3,2.372685185185185,,,,,,1.2318840579710144,,,,0.0,,,,74.89,
DRAGARWQ,2026-08-22,,,2607.0,34.2,,2.0194847207649693,5.245472837022133,7.524407252440725,,25.2,9.921671018276761,17.4,,30.0,15.29175050301811,16.935013000269315,,25.195220781727336,,15.928060091108476,0.9421965317919075,,,,0.13,,,,72.67,
DRCSYSTEMS,2026-08-22,,,182.0,8.52,,0.47039868601830764,1.801980198019802,1.6133162612035852,,22.6,13.636363636363635,25.2,,27.0,20.792079207920793,18.11229549154907,,89.07902334789325,,28.14255493482365,0.0,,,,0.0,,,,20.63,
DREAMFOLKS,2026-08-22,,,367.0,,,,1.0455840455840455,1.169779286926995,,3.76,-5.989583333333334,5.71,,-13.0,-6.552706552706552,,,,,-32.37554911243924,0.03821656050955414,,,,0.0,,,,65.72,
DREDGECORP,2026-08-22,,,3126.0,79.5,,13.670193350054774,2.3645990922844176,2.5135135135135136,,0.39,1.2720156555772992,4.28,,20.0,2.950075642965204,5.8155724622345195,,61.44753837722163,,11.801279266186683,0.883739837398374,,,,0.0,,,,73.47,
DRREDDY,2026-08-22,Healthcare,,98049.0,30.4,,,2.9507945106536657,2.5881057268722465,,11.2,5.625961079590646,13.0,,15.0,9.579270494763453,-16.729822039847054,,8.038936928703965,,5.85836844467662,0.20410640768499946,,,,0.68,,,,26.63,
DSSL,2026-08-22,,,1397.0,16.5,,1.0123573592151447,0.9914833215046132,4.441295546558704,,31.0,8.390918065153011,29.8,,11.0,6.0326472675656495,16.298592438535774,,35.5198572368284,,11.225323820461263,0.7523809523809524,,,,0.05,,,,60.89,
DTIL,2026-08-22,,,146.0,,,,0.3310657596371882,0.2757936507936508,,-2.33,-1.2435233160621761,1.8,,-2.5,-2.7210884353741496,,,,,3.7402199892106136,0.47735849056603774,,,,1.44,,,,69.0,
DUCON,2026-08-22,,,109.0,10.9,,1.0419067404787044,0.2632850241545894,0.6555772994129159,,6.58,3.278688524590164,9.33,,6.0,2.4154589371980677,10.461588908611908,,14.14275278508146,,-0.3993652771972278,0.6325301204819277,,,,0.0,,,,38.08,
DVL,2026-08-22,,,944.0,4.94,,0.6008405496753301,2.130925507900677,0.28647497337593186,,4.86,3.9155391553915537,6.74,,-12.0,43.115124153498876,8.22181525975465,,-11.583122760735787,,1.076177951789803,0.2895377128953771,,,,1.86,,,,75.0,
DWARKESH,2026-08-22,,,994.0,,,,1.790990990990991,,,,,,,11.0,-1.6216216216216217,,,,,,,,,,0.19,,,,42.15,
DYCL,2026-08-22,,,2223.0,24.4,,0.8152246413084137,1.7299610894941635,4.86228813559322,,19.9,13.323572474377746,26.2,,11.0,7.081712062256809,29.930400485489074,,21.802583884835936,,18.717288620051576,0.09409190371991247,,,,0.11,,,,68.18,
DYNAMATECH,2026-08-22,Capital Goods,,7870.0,134.0,,,4.6985074626865675,9.26298960831335,,6.62,2.27027027027027,9.98,,12.0,2.5074626865671643,-29.639525796578603,,22.354582851717055,,5.437280105930253,0.8035264483627204,,,,0.09,,,,41.5,
DYNPRO,2026-08-22,,,292.0,14.4,,0.19000924669036234,0.7870619946091644,1.1928934010152283,,8.49,4.842615012106537,11.3,,14.0,5.3908355795148255,75.78578543320123,,6.346366932196035,,9.316366964343793,0.2979591836734694,,,,0.64,,,,29.42,
E2E,2026-08-22,,,12778.0,410.0,,,51.94308943089431,,,,,,,51.0,-6.504065040650407,,,,,,,,,,0.0,,,,39.45,
EASEMYTRIP,2026-08-22,,,2490.0,,,,4.470377019748653,2.840909090909091,,-0.71,-4.966887417218543,0.63,,-6.0,-10.771992818671453,,,,,-1.955650048253943,0.043640897755610975,,,,0.0,,,,43.56,
EBGNG,2026-08-22,,,6911.0,48.5,,,3.4711200401808138,9.112781954887218,,26.8,11.323763955342903,20.3,,11.0,7.132094424912104,-90.24094514782176,,-70.08564694198182,,20.497027243430765,0.5712401055408971,,,,0.0,,,,74.78,
ECLERX,2026-08-22,Services,,17077.0,23.4,,1.673057408841382,3.9393310265282584,6.676470588235294,,28.4,19.750745055540502,34.4,,25.0,16.81660899653979,13.986370029110272,,13.454015737897528,,14.0000197757854,0.15033190160093712,,,,0.06,,,,54.53,
EDELWEISS,2026-08-22,Financial Services,,12180.0,19.3,,1.529758557654899,1.1591168633422155,2.6434426229508197,,13.5,1.6277634256189846,14.1,,28.0,6.775789874381425,12.616370016969647,,26.072941947081407,,3.3353131549824333,4.022279904823708,,,,1.17,,,,32.26,
EFCIL,2026-08-22,,,2835.0,11.0,,0.2137260414218468,2.577272727272727,3.5164835164835164,,34.3,9.682242990654204,19.8,,44.0,23.545454545454543,51.46775716623362,,351.6807374349202,,37.9514344501247,1.742255266418835,,,,0.0,,,,56.08,
EICHERMOT,2026-08-22,Automobile and Auto Components,,219892.0,37.8,,2.9254143264493337,8.796383710696857,8.754098360655737,,24.0,17.948638229075986,30.5,,25.0,23.093847507800625,12.92124662761156,,27.965484707876854,,14.769088736516656,0.020478087649402392,,,,1.02,,,,49.03,
EIDPARRY,2026-08-22,Fast Moving Consumer Goods,,14188.0,17.5,,,0.3653311360593264,1.616632860040568,,7.85,4.200328632069013,17.0,,9.0,3.1594396951282313,-19.813559673048143,,-12.560087788626728,,9.706339166373246,0.4024640657084189,,,,0.0,,,,41.28,
EIEL,2026-08-22,Utilities,,3418.0,18.6,,2.024218064050684,2.704113924050633,2.7777777777777777,,17.0,9.353574926542606,20.4,,23.0,15.110759493670885,9.188733333788823,,-40.783998004530844,,20.13600390556054,0.3422546634225466,,,,0.0,,,,70.19,
EIHAHOTELS,2026-08-22,,,1796.0,155.0,,8.949646154145206,9.116751269035532,17.45562130177515,,11.5,3.116883116883117,13.2,,28.0,6.091370558375635,17.31912048033415,,1.708565781638982,,5.661454563503887,2.233009708737864,,,,1.19,,,,75.0,
EIHOTEL,2026-08-22,Consumer Services,,18933.0,26.1,,7.153265705403902,6.262983790936156,3.5985748218527314,,14.5,11.316432498472816,20.7,,34.0,24.51207409857757,3.6486831434603184,,,,6.380937057450264,0.04789053591790194,,,,0.5,,,,32.85,
EIMCOELECO,2026-08-22,,,1260.0,32.9,,0.6496784396398959,5.526315789473684,3.2630792227204783,,10.4,8.666666666666668,13.2,,18.0,17.105263157894736,50.64043685709476,,10.716902180676712,,21.858202395720227,0.0,,,,0.18,,,,48.96,
EKC,2026-08-22,,,1250.0,9.4,,1.1590236801979132,0.8741258741258742,0.888,,11.3,6.599788806758183,11.6,,13.0,8.741258741258742,8.11027432881688,,-13.916901584929642,,5.350481969642984,0.1908506075768406,,,,0.63,,,,67.38,
ELANTAS,2026-08-22,,,9156.0,51.6,,5.765108651508999,9.771611526147279,8.291457286432161,,15.7,13.5258358662614,21.2,,23.0,18.996798292422625,8.950395060896877,,21.566673735812447,,11.278234341183602,0.0,,,,0.06,,,,75.0,
ELCIDIN,2026-08-22,,,2180.0,22.8,,,18.956521739130434,0.25135355752734784,,1.21,0.95,1.43,,95.0,82.6086956521739,-18.404645519059095,,-0.9308018491983039,,-21.196895702375606,0.0,,,,0.02,,,,75.0,
ELDEHSG,2026-08-22,,,821.0,22.6,,9.831761352267707,4.437837837837838,2.0566502463054186,,6.2,3.418803418803419,7.72,,24.0,19.45945945945946,2.2986725562441856,,-6.523219280494919,,18.209188312271117,0.385,,,,1.08,,,,54.83,
ELECON,2026-08-22,Capital Goods,,10133.0,33.5,,,4.229131886477463,4.388349514563107,,16.4,7.2974644403215825,20.9,,21.0,9.84974958263773,-12.743115687733386,,10.961113842963211,,7.345966607720222,0.11843817787418655,,,,0.44,,,,59.28,
ELECTCAST,2026-08-22,Capital Goods,,4567.0,28.7,,,0.7893190459730384,0.7713987473903967,,3.04,1.2789345735123137,5.0,,5.0,2.091254752851711,-45.291605032729365,,-19.616179267143117,,-8.195425336450112,0.2635043889264011,,,,1.22,,,,50.14,
ELECTHERM,2026-08-22,,,1341.0,,,,0.3556085918854415,-8.694214876033058,,,-1.7883755588673622,0.45,,0.1,-0.9546539379474941,,,,,-4.072801176080221,-6.909090909090909,,,,0.0,,,,29.86,
ELGIEQUIP,2026-08-22,Capital Goods,,20103.0,43.3,,3.387884734630871,4.848769898697539,9.005681818181817,,19.0,12.662521198417185,22.1,,15.0,10.805595754944525,12.780836241973791,,20.20616819673191,,8.813075649478508,0.23879928315412186,,,,0.43,,,,31.19,
ELGIRUBCO,2026-08-22,,,301.0,,,,0.8575498575498576,3.980132450331126,,-67.5,-45.622119815668206,-12.9,,-17.0,-56.41025641025641,,,,,-3.1187045691125626,4.118421052631579,,,,0.0,,,,65.03,
ELIN,2026-08-22,,,500.0,29.2,,,0.36900369003690037,0.9017857142857143,,4.27,-1.0443864229765014,6.85,,3.1,-0.5904059040590406,,,,,9.150029833497108,0.030575539568345324,,,,0.0,,,,32.97,
ELITECON,2026-08-22,,,2510.0,7.83,,,0.5260951582477468,7.268518518518517,,43.5,17.600838135149292,,,8.0,7.042548731922029,,,,,1583.4613066994066,1.0867052023121386,,,,0.32,,,,59.43,
ELLEN,2026-08-22,Chemicals,,4630.0,38.4,,,12.969187675070028,4.733044733044733,,14.2,9.314857582755966,15.2,,35.0,33.89355742296919,-50.169214212426304,,-33.83609470522321,,9.893493230254013,0.18833162743091095,,,,0.0,,,,77.15,
ELPROINTL,2026-08-22,,,2974.0,23.0,,1.5621570064317531,5.245149911816578,1.4583333333333333,,4.3,3.565505804311774,6.57,,36.0,22.75132275132275,14.723231983279405,,-34.33867537071821,,30.18171198084234,0.5952732644017725,,,,0.4,,,,75.0,
EMAMILTD,2026-08-22,Fast Moving Consumer Goods,,17573.0,23.2,,20.47531003788201,4.488633461047254,6.014925373134329,,26.2,19.57713390759593,28.1,,25.0,19.157088122605366,1.1330719758126717,,-2.0485831531422916,,3.0458430575324824,0.05540355677154583,,,,2.48,,,,54.84,
EMBDL,2026-08-22,Realty,,9021.0,,,,7.131225296442688,0.9140845070422536,,-9.19,-4.384986993682646,-2.44,,-47.0,-74.62450592885375,,,,,45.10979485289353,0.539319010944467,,,,0.0,,,,42.65,
EMCURE,2026-08-22,Healthcare,,35337.0,34.3,,1.3880133750886308,3.649385521016214,7.137931034482759,,20.1,10.601331668747399,24.0,,20.0,10.523598058452958,24.711577435491062,,7.811958207314484,,13.297948734870136,0.3147474747474747,,,,0.19,,,,77.83,
EMIL,2026-08-22,Consumer Services,,7184.0,36.6,,9.40572217219323,0.9136461910212387,4.42080378250591,,6.5,5.425335791414274,8.14,,7.0,2.6198651914027726,3.8912482561097805,,9.148491578680474,,7.752576763587249,1.2281672816728166,,,,0.0,,,,65.17,
EMKAY,2026-08-22,,,663.0,33.9,,,1.6616541353383458,1.6551724137931034,,4.52,1.1494252873563218,8.01,,8.0,5.012531328320802,-17.680472344521448,,-11.783469621593934,,8.084131628320756,0.2894736842105263,,,,0.63,,,,72.83,
EMMVEE,2026-08-22,Capital Goods,,22432.0,17.6,,,4.021513087128003,6.067415730337078,,51.1,22.07207207207207,44.8,,35.0,22.83972750089638,-10.841679600171261,,8.504405213438936,,80.27984964011274,0.09745533297238766,,,,0.0,,,,80.03,
EMSLIMITED,2026-08-22,,,2190.0,32.1,,,3.3588957055214723,2.0736842105263156,,8.91,5.184072126220887,12.5,,17.0,10.582822085889571,-23.509983737605666,,-28.671632597857887,,-6.317572395373272,0.14583333333333334,,,,0.38,,,,69.7,
EMUDHRA,2026-08-22,,,4479.0,38.9,,2.541217689288309,6.012080536912752,4.918181818181818,,12.6,9.64550700741962,15.7,,23.0,15.704697986577182,15.307622075814486,,18.677952993727985,,25.935783075415706,0.031833150384193196,,,,0.23,,,,54.4,
ENDURANCE,2026-08-22,Automobile and Auto Components,,42614.0,43.3,,3.4541955293296116,2.73306824012314,6.234567901234568,,14.9,8.354146929635691,17.8,,13.0,6.221139045664444,12.535480297029867,,16.055197032563683,,15.041133807540241,0.1939774886712469,,,,0.38,,,,75.0,
ENERGYDEV,2026-08-22,,,77.7,324.0,,,1.8364452848026471,20.0,,33.2,-2.0504294818509283,14.3,,55.47,-8.744977546679273,,,,,12.130995189024695,35.16368286445016,,,,0.0,,,,58.14,
ENGINERSIN,2026-08-22,Construction,,13765.0,17.6,,0.8463068784228172,3.5495100567302735,4.375,,23.8,13.358323394104618,30.6,,19.0,20.216606498194945,20.796238868812544,,41.28197179710873,,5.73055813507537,0.00540368722186904,,,,2.04,,,,51.32,
ENIL,2026-08-22,,,488.0,365.0,,,0.8683274021352313,0.6415094339622641,,0.25,-0.6633499170812603,-0.75,,8.0,-1.4234875444839856,,,,,1.4654096965215357,0.22559366754617413,,,,1.95,,,,71.15,
ENRIN,2026-08-22,Capital Goods,,122349.0,80.2,,,12.966193302246715,25.451851851851853,,50.5,14.562536699941282,67.8,,21.0,15.769393810936839,,,,,,0.04488778054862843,,,,0.12,,,,75.0,
ENTERO,2026-08-22,Consumer Services,,6196.0,48.0,,1.0115912593667256,0.8692480359147026,3.670103092783505,,6.94,4.666666666666667,10.5,,4.4,2.356902356902357,47.449994803285335,,,,22.035644909991035,0.40082889283599765,,,,0.0,,,,52.4,
EPACK,2026-08-22,,,1952.0,,,,0.9216241737488197,2.0340681362725452,,0.34,-0.3192338387869114,4.55,,4.9,-0.3777148253068933,,,,,14.256049477050258,0.7697916666666667,,,,0.0,,,,46.44,
EPACKPEB,2026-08-22,,,2358.0,24.9,,,1.4774436090225564,3.2054794520547945,,17.0,6.657323055360898,21.7,,10.0,5.952380952380952,-56.0196516305851,,-28.473339568658616,,20.817015305318588,0.1566757493188011,,,,0.0,,,,64.95,
EPIGRAL,2026-08-22,,,4858.0,17.9,,1.7820198993137562,1.84996191926885,2.1864077669902913,,16.0,7.731811697574893,15.5,,22.0,10.31987814166032,10.044781209734621,,0.6425762539211899,,10.82919140790628,0.2575416479063485,,,,0.44,,,,68.83,
EPL,2026-08-22,Capital Goods,,8508.0,20.7,,0.9504839593997364,1.687091017251636,2.9820627802690582,,15.8,8.020408163265307,17.8,,20.0,7.792980368828078,21.778379103917512,,12.249165039578758,,8.796626277644016,0.3365990202939118,,,,0.94,,,,26.38,
EQUITASBNK,2026-08-22,Financial Services,,8763.0,17.2,,,,1.4264432029795155,,1.68,0.8414453060551065,6.43,,,,-14.050183333067556,,14.818508474958803,,,,,,,0.0,,,,,
ERIS,2026-08-22,Healthcare,,18407.0,28.1,,1.6059291376500364,5.6987616099071206,4.709219858156028,,18.7,9.041542221015476,14.1,,35.0,20.61919504643963,17.497658733011633,,9.365465147351792,,17.149613972041735,0.6044068665129387,,,,0.54,,,,54.14,
ESABINDIA,2026-08-22,,,9559.0,178.0,,,28.1976401179941,91.8639053254438,,59.3,33.33333333333333,90.8,,24.0,15.929203539823009,,,,,,0.0,,,,1.21,,,,73.72,
ESAFSFB,2026-08-22,,,2267.0,,,,,1.26878612716763,,-8.86,-0.0161980044058572,5.65,,,,,,,,,,,,,0.0,,,,63.25,
ESCORTS,2026-08-22,Capital Goods,,34532.0,24.3,,2.9434462020529697,2.8193990855649904,2.7911392405063293,,18.7,8.757598784194528,13.9,,12.0,11.291639451338995,8.255629059247438,,17.235673146542908,,7.70122054110276,0.013093025135375413,,,,1.07,,,,68.04,
ESSARSHPNG,2026-08-22,,,351.0,,,,,-0.17,,,28.706624605678233,,,-10969.0,,,,,,,-0.779064158224795,,,,0.0,,,,73.75,
ESTER,2026-08-22,,,992.0,,,,0.675289312457454,1.1857855361596008,,-3.53,-0.11947431302270012,2.76,,8.0,-0.13614703880190604,,,,,11.385718444689141,0.9310344827586207,,,,0.26,,,,62.32,
ETERNAL,2026-08-22,Consumer Services,,316532.0,731.0,,153.28304657603704,4.695763114170425,10.218068535825545,,0.38,1.0633073031776434,2.48,,2.5,0.6423569902682175,4.768955317164725,,,,77.20445014617916,0.14822466107165913,,,,0.0,,,,,
ETHOSLTD,2026-08-22,Consumer Durables,,7601.0,72.0,,9.170835634305122,4.398726851851852,5.107913669064748,,7.69,4.8247610377787895,10.4,,13.0,6.1342592592592595,7.85097485889632,,28.35849895160667,,20.040026687424707,0.2163978494623656,,,,0.0,,,,50.58,
EUREKAFORB,2026-08-22,Consumer Durables,,8027.0,39.5,,1.6695987343250251,2.8647394718058528,1.7436974789915967,,4.28,2.687852687852688,5.91,,11.0,6.459671663097788,23.65837921886591,,135.2158045049347,,8.577738009229163,0.006305718634485757,,,,0.0,,,,62.55,
EUROBOND,2026-08-22,,,386.0,15.0,,,0.7451737451737451,2.404287901990812,,18.1,6.701030927835052,16.8,,11.0,5.019305019305019,,,,,,1.00625,,,,0.0,,,,63.93,
EUROPRATIK,2026-08-22,,,2689.0,31.2,,,7.189839572192513,8.67986798679868,,30.5,22.16624685138539,38.4,,31.0,23.52941176470588,-70.14752990521016,,,,19.16803444819315,0.07741935483870968,,,,0.08,,,,73.91,
EVEREADY,2026-08-22,,,2536.0,16.0,,0.4134644765516375,1.7031564808596373,4.072345390898483,,18.5,14.662273476112025,17.2,,12.0,11.9543317662861,38.697399431851224,,30.859097734168817,,4.255692537867017,0.32423756019261635,,,,0.72,,,,43.6,
EXCELINDUS,2026-08-22,,,1369.0,19.2,,0.3132171889590822,1.268767377201112,0.803690036900369,,4.6,3.3729216152019,6.06,,10.0,6.580166821130677,61.2993177794857,,-15.034787254444204,,9.315177874411006,0.004697592483852026,,,,1.26,,,,51.86,
EXCELSOFT,2026-08-22,,,816.0,16.3,,,2.7474747474747474,1.4123505976095618,,9.83,6.932153392330384,13.6,,25.0,15.824915824915825,-62.568215324307694,,-46.347923788919864,,14.471424255333186,0.012110726643598616,,,,0.0,,,,59.08,
EXICOM,2026-08-22,,,2223.0,,,,1.7407987470634299,3.418803418803419,,-40.8,-13.323278029160383,-14.7,,-7.0,-20.751761942051683,,,,,7.778030166140826,1.0952380952380953,,,,0.0,,,,65.2,
EXIDEIND,2026-08-22,Automobile and Auto Components,,39066.0,41.6,,20.514932892629183,2.0747782675659887,2.8048780487804876,,5.97,4.4160618342916385,8.54,,10.0,4.976366243560465,2.027791181074079,,-26.595277051027455,,3.9356965539546707,0.11326860841423948,,,,0.44,,,,45.99,
EXPLEOSOL,2026-08-22,,,1395.0,9.5,,0.6309942289588631,1.2236842105263157,1.798,,18.7,14.854682454251883,24.2,,16.0,12.105263157894736,15.055605208426304,,6.09910631276076,,5.712378877816238,0.010296010296010296,,,,12.2,,,,71.05,
EXXARO,2026-08-22,,,272.0,66.5,,3.072439353836401,0.8369230769230769,0.9743999999999999,,1.02,0.819672131147541,4.31,,8.0,1.2307692307692308,21.644039911467992,,-25.794430304897066,,2.590139838686989,0.33214285714285713,,,,0.0,,,,42.07,
FABTECH,2026-08-22,,,653.0,13.4,,,1.562200956937799,1.5572033898305084,,12.5,7.492354740061162,13.6,,11.0,11.722488038277511,-47.58695722252098,,-30.866155938479167,,22.750314698377693,0.16706443914081145,,,,0.41,,,,68.94,
FACT,2026-08-22,Chemicals,,50685.0,3422.0,,,9.575854902701682,36.93396226415094,,1.61,0.419350007488393,8.65,,2.0,0.5290005667863216,-64.32427352613139,,-39.758769564516484,,-5.125367344941578,2.7905454545454544,,,,0.03,,,,90.0,
FAZE3Q,2026-08-22,,,1227.0,40.3,,,1.3053191489361702,2.682795698924731,,6.44,3.6630036630036633,10.1,,8.0,3.1914893617021276,-13.246447415879537,,-9.841307886847906,,18.493120103799754,0.6084070796460177,,,,0.0,,,,58.01,
FCL,2026-08-22,,,5523.0,45.1,,,5.457509881422925,6.253298153034301,,13.5,12.76962899050906,18.3,,17.0,14.624505928853754,-0.6211340376051422,,16.216334139411682,,21.159112110796976,0.009070294784580499,,,,0.27,,,,62.3,
FCSSOFT,2026-08-22,,,255.0,65.0,,,3.8659793814432994,0.6131687242798354,,0.82,0.6144326302945791,2.4,,7.96,4.275318374772589,,,,,21.582628329993025,0.0,,,,0.0,,,,19.65,
FDC,2026-08-22,,,5676.0,18.4,,,2.591780821917808,2.281045751633987,,12.5,10.037684138403563,16.7,,15.0,13.378995433789953,-1.4063522148298313,,6.987246508499156,,4.069572705000968,0.006036217303822937,,,,1.43,,,,69.65,
FEDDERSHOL,2026-08-22,,,811.0,10.6,,,,1.1256983240223464,,11.6,10.29940119760479,11.2,,,,-23.431913198818798,,-23.603724898514788,,,,,,,0.0,,,,65.84,
FEDERALBNK,2026-08-22,Financial Services,,89232.0,19.0,,3.1402505457907703,,2.228395061728395,,11.6,1.20448367368764,6.39,,,,6.0504726367989425,,15.186823522071613,,,,,,,0.33,,,,,
FEDFINA,2026-08-22,Financial Services,,5882.0,15.4,,0.9863707963842134,,2.0076726342710995,,12.6,2.26962962962963,9.06,,,,15.61278989245476,,26.009692685666195,,,,,,,0.0,,,,60.67,
FERMENTA,2026-08-22,,,1408.0,25.7,,,2.755381604696673,3.463768115942029,,16.4,8.950617283950617,20.6,,18.0,11.350293542074363,,,31.033315336204524,,15.113262937499105,0.27832512315270935,,,,0.78,,,,64.08,
FIBERWEB,2026-08-22,,,74.5,12.2,,,0.887221626771466,0.42739273927392735,,6.55,3.232804232804233,8.03,,7.09,7.2764082410384665,-16.02481974073656,,-29.995790655833233,,-5.077964677368052,0.0025790921595598352,,,,0.0,,,,47.04,
FIEMIND,2026-08-22,Automobile and Auto Components,,5787.0,22.0,,1.3221032448263688,1.973738062755798,4.759740259740259,,22.6,15.461493239271018,29.3,,14.0,8.969986357435197,16.64015279146316,,22.784963783432154,,13.056092992924428,0.05432098765432099,,,,1.82,,,,54.51,
FILATEX,2026-08-22,,,3688.0,19.3,,0.6399178290333785,0.8665413533834586,2.4513274336283186,,12.9,7.732793522267206,16.9,,8.0,4.487781954887218,30.160122322507288,,35.83043808784867,,13.982528071238164,0.09973404255319149,,,,0.3,,,,65.47,
FINCABLES,2026-08-22,Capital Goods,,19278.0,24.1,,3.406006853198594,2.7782101167315174,3.1658291457286434,,12.3,11.444921316165951,16.0,,10.0,11.529038766392851,7.07573444174594,,5.9507554523638095,,11.439080316626704,0.0031219191587249424,,,,0.63,,,,35.86,
FINEORG,2026-08-22,,,15820.0,36.1,,17.372450541263152,6.399676375404531,5.9378596087456845,,16.5,14.60486828942981,21.5,,21.0,17.718446601941746,2.078002750058494,,11.033608765393875,,5.2041384364654775,0.025525525525525526,,,,0.21,,,,75.0,
FINKURVE,2026-08-22,,,1070.0,54.2,,0.25310773187136065,,6.104,,13.3,10.75268817204301,14.3,,,,214.13806523913928,,91.61790585463947,,,,,,,0.0,,,,56.21,
FINOPB,2026-08-22,,,1214.0,49.7,,,4.687258687258687,1.576673866090713,,7.37,0.3953313253012048,4.53,,-396.0,8.108108108108109,-37.659350595454356,,-13.355276429063167,,19.969127860742052,5.084415584415584,,,,0.0,,,,75.0,
FINPIPE,2026-08-22,Capital Goods,,9955.0,16.2,,1.771855867508889,2.5177035912999495,1.6,,9.73,8.096366508688783,12.7,,18.0,15.553869499241275,9.142955867384472,,-10.149674816708709,,-2.885322541458102,0.07176186645213194,,,,1.25,,,,52.47,
FIRSTCRY,2026-08-22,Consumer Services,,10250.0,,,,1.165832575068244,2.118918918918919,,-2.37,-2.0048737261852017,0.57,,3.3,-2.058689717925387,,,,,10.700237506228106,0.33022581313445204,,,,0.0,,,,,
FISCHER,2026-08-22,,,2665.0,109.0,,0.8188940325500437,7.26158038147139,6.479591836734694,,8.59,3.571428571428571,11.4,,12.0,6.539509536784741,133.10635523936227,,,,159.50690802325758,0.2786458333333333,,,,0.01,,,,63.09,
FIVESTAR,2026-08-22,Financial Services,,15378.0,98.2,,1.358654930976178,,,,16.0,6.680851063829787,17.0,,,,72.27736621059803,,,,,,,,,0.38,,,,18.61,
FLAIR,2026-08-22,,,2622.0,18.8,,3.4135478637053316,2.0468384074941453,2.3055555555555554,,12.9,10.314557425018288,16.8,,18.0,11.00702576112412,5.507466351912527,,-11.248151274226426,,9.376027520868856,0.05779334500875657,,,,0.4,,,,78.59,
FLUOROCHEM,2026-08-22,Chemicals,,50772.0,82.2,,7.064510650835318,9.574203281161607,6.455307262569832,,7.6,5.049229992426155,9.86,,26.0,11.314350367716388,11.635625461231424,,-5.126827021684255,,7.396995803829021,0.2911263666412408,,,,0.06,,,,61.39,
FMGOETZE,2026-08-22,,,2626.0,14.5,,1.3914267876411772,1.312343828085957,1.8294573643410852,,13.5,8.846918489065606,18.5,,15.0,8.895552223888057,10.42095791800961,,25.89605377263893,,5.667252081650642,0.0006958942240779402,,,,0.0,,,,74.98,
FOODSIN,2026-08-22,,,400.0,16.4,,,0.5069708491761724,0.7064935064935065,,5.01,1.8447348193697155,8.85,,12.0,3.041825095057034,-19.940796014300176,,1.7777627301617915,,-8.203608291717945,0.7646017699115044,,,,0.55,,,,25.39,
FORCEMOT,2026-08-22,Automobile and Auto Components,,23414.0,21.3,,0.4460330491158048,2.545,5.5827835375431984,,29.2,19.14958702967268,36.1,,16.0,13.608695652173914,47.754308884115495,,,,9.579370842217516,0.0,,,,0.23,,,,61.63,
FORTIS,2026-08-22,Healthcare,,68482.0,64.2,,3.1295167873913847,7.204081632653061,6.923664122137405,,11.2,6.758037011305501,13.4,,22.0,11.256048811277088,20.514349134875243,,13.558703464957444,,11.308887934696799,0.3509498787388844,,,,0.11,,,,31.17,
FOSECOIND,2026-08-22,,,4029.0,38.6,,,5.21216041397154,3.888,,12.6,7.456140350877193,17.4,,21.0,13.195342820181114,,,,,,0.0028929604628736743,,,,0.47,,,,63.54,
FRACTAL,2026-08-22,,,14560.0,43.8,,,4.21784472769409,4.578378378378378,,12.2,7.283866575901975,12.6,,14.0,9.298957126303591,,,,,16.27316217992396,0.13124018838304552,,,,0.0,,,,16.97,
FRONTSP,2026-08-22,,,1510.0,,,,,64.2211055276382,,,,,,,,,,,,,,,,,0.05,,,,51.76,
FSL,2026-08-22,Services,,19518.0,24.4,,2.684416534019319,1.9393879173290938,4.451612903225806,,17.6,7.3485927061658085,16.8,,16.0,6.667329093799681,9.08949847789322,,4.296077330138348,,16.67697290935868,0.6663625997719498,,,,1.99,,,,53.66,
FUSION,2026-08-22,,,3236.0,19.2,,,,1.3157894736842106,,0.68,2.0373719107896324,5.92,,,,-30.552827968681306,,45.33657604666652,,,,,,,0.0,,,,53.97,
GABRIEL,2026-08-22,Automobile and Auto Components,,25177.0,69.9,,3.0963583790666043,4.874540174249758,14.91080797481637,,20.2,14.456342668863261,25.6,,9.0,6.795740561471443,22.574906210007683,,,,14.921898596892213,0.10818713450292397,,,,0.35,,,,63.55,
GAEL,2026-08-22,Fast Moving Consumer Goods,,8140.0,19.4,,3.0541971117135036,1.3494694960212201,2.465181058495822,,9.72,10.0,12.5,,10.0,6.896551724137931,6.351914853693241,,-2.6245435773460835,,6.977618002663832,0.1338391502276176,,,,0.17,,,,63.84,
GAIL,2026-08-22,Oil Gas & Consumable Fuels,,113092.0,11.4,,,0.7668034037359731,1.2740740740740741,,8.71,7.021462769173857,9.67,,10.0,6.6922059870495305,-0.06644520228763495,,-3.9652895007910915,,3.4468922313521277,0.27884647778189536,,,,3.2,,,,51.79,
GALAPREC,2026-08-22,,,1396.0,36.7,,3.8274481996323315,4.269113149847095,4.755458515283843,,13.2,9.893048128342247,15.6,,17.0,11.314984709480122,9.588634015615272,,2.070317073328498,,17.224189387738488,0.1296928327645051,,,,0.0,,,,54.34,
GALAXYSURF,2026-08-22,,,8272.0,22.8,,4.160308578184117,1.4381084840055633,3.0142118863049094,,10.9,9.159120310478656,13.5,,10.0,6.154381084840056,5.480362711448605,,6.128083682035657,,14.899158913098631,0.08564139941690962,,,,0.94,,,,70.91,
GALLANTT,2026-08-22,Capital Goods,,14100.0,32.4,,1.3167806129194919,3.1778228532792427,4.262773722627737,,15.7,10.210772833723654,18.2,,15.0,9.826459319359927,24.605465543849814,,-3.5237325954493137,,1.6293294924386803,0.1652593486127865,,,,0.21,,,,70.03,
GANDHAR,2026-08-22,,,2451.0,8.13,,0.2807021076960864,0.4851543942992874,1.8115942028985508,,10.5,14.247191011235955,13.2,,9.0,6.274742676167855,28.96308854510732,,10.828694655383252,,7.0947572564246775,0.2328159645232816,,,,0.8,,,,66.6,
GANDHITUBE,2026-08-22,,,1084.0,14.4,,1.3915391167322901,5.393034825870647,3.4307692307692306,,20.0,22.058823529411764,28.4,,45.0,37.3134328358209,10.348253834082,,14.129292937554204,,5.535842706071725,0.0,,,,1.68,,,,73.52,
GANECOS,2026-08-22,,,2900.0,51.3,,5.351179731621644,1.8494897959183674,2.273109243697479,,3.15,2.7958062905641534,5.42,,11.0,3.571428571428571,9.586671084294496,,-5.789387219071129,,11.769189258516711,0.3887147335423197,,,,0.42,,,,39.33,
GANESHCP,2026-08-22,,,652.0,14.4,,0.9721037243745833,0.7607934655775963,1.7557251908396947,,14.2,9.977827050997783,19.4,,10.0,5.250875145857643,14.813234060248504,,8.55371648297596,,4.130914388323159,0.07277628032345014,,,,3.1,,,,65.65,
GANESHHOU,2026-08-22,,,6751.0,25.5,,,10.5484375,3.2015810276679844,,16.0,9.37721160651097,18.8,,63.0,41.40625,-16.82628846016937,,30.28110202126888,,-10.442748504801946,0.24928909952606634,,,,0.19,,,,73.06,
GANGESSECU,2026-08-22,,,122.0,42.4,,,3.257676902536715,0.22592592592592592,,0.44,0.49630357235175515,0.76,,11.64,7.690253671562082,-6.1132264583130365,,-18.46029391277162,,1.6269734618848508,0.0,,,,0.0,,,,66.64,
GARFIBRES,2026-08-22,,,7967.0,36.2,,41.09475617957543,4.84610705596107,5.904411764705882,,16.1,11.176157530601385,22.0,,19.0,12.773722627737227,0.8808909789320474,,5.796143293266787,,7.428479690018275,0.03175775480059084,,,,1.12,,,,54.25,
GARUDA,2026-08-22,,,1712.0,12.6,,,2.946643717728055,3.7704918032786887,,31.2,21.11801242236025,41.8,,32.0,23.407917383820998,,,,,,0.026373626373626374,,,,0.01,,,,67.56,
GATECH,2026-08-22,,,153.0,22.3,,0.2729095337410138,7.774390243902439,0.9183673469387755,,10.9,5.204545454545455,11.3,,61.03,34.90853658536586,81.71205928321396,,,,38.113086478748095,0.0,,,,0.0,,,,0.63,
GATECHDVR,2026-08-22,,,9.67,1.41,,0.017255714913669482,0.4913617886178862,0.08994708994708996,,10.9,5.204545454545455,11.3,,61.03,34.90853658536586,81.71205928321396,,,,37.867442409380914,0.0,,,,0.0,,,,0.0,
GATEWAY,2026-08-22,,,2678.0,10.9,,,1.211216644052465,1.1677559912854032,,11.5,7.04145371947757,10.8,,22.0,11.216644052464948,-1.5844256525330835,,1.7668118193497895,,12.910026403510177,0.2817269952027911,,,,3.73,,,,33.93,
GAYAHWS,2026-08-22,,,46.7,,,,2.1580406654343807,-0.07442748091603053,,,-0.1948628892209523,67.1,,-3.79,-8.918669131238447,,,,,132.58209055646995,-0.6440713101160863,,,,0.0,,,,61.16,
GCSL,2026-08-22,,,1181.0,43.3,,,6.087628865979381,6.754143646408839,,12.7,15.209125475285171,16.7,,30.0,20.618556701030926,-1.9182832386454018,,49.05884354466481,,19.740507771464323,0.08823529411764706,,,,0.14,,,,61.64,
GEEKAYWIRE,2026-08-22,,,234.0,8.17,,,0.527027027027027,1.3658536585365855,,19.0,8.285714285714285,16.8,,9.0,6.531531531531531,-9.33588167438546,,26.173121778528994,,2.607801579603075,0.8421052631578947,,,,1.45,,,,60.47,
GEMAROMA,2026-08-22,,,918.0,,,,2.4285714285714284,2.0441347270615564,,0.39,-2.1806853582554515,3.43,,8.0,-3.7037037037037033,,,,,-5.785491172031887,0.33853006681514475,,,,0.0,,,,57.44,
GENCON,2026-08-22,,,240.0,28.3,,,0.7868852459016393,0.821011673151751,,2.94,1.5444015444015444,7.1,,11.0,2.622950819672131,,,,,,0.21843003412969283,,,,0.0,,,,40.3,
GENESYS,2026-08-22,,,1199.0,34.5,,3.5488261464709194,3.5473372781065087,1.7047619047619047,,5.74,3.189300411522634,8.23,,32.0,9.171597633136095,9.721524407248872,,11.541872989378298,,19.513556396294707,0.24573863636363635,,,,0.0,,,,31.5,
GENUSPAPER,2026-08-22,,,289.0,30.6,,,0.2991718426501035,0.5517241379310345,,0.61,0.7738607050730868,4.73,,8.0,0.9316770186335404,,,4.2836189040638795,,10.191131575749912,0.8486590038314177,,,,0.0,,,,50.84,
GENUSPOWER,2026-08-22,,,10282.0,15.8,,0.16478820360290805,1.9876280688188672,4.636488340192043,,29.0,10.279047769194387,23.9,,19.0,12.603904890779043,95.88064955227884,,57.21823655679024,,62.704597056519006,1.0378719567177637,,,,0.72,,,,39.34,
GEOJITFSL,2026-08-22,,,2253.0,29.0,,,3.3526785714285716,1.8767441860465117,,7.32,3.5145267104029996,9.02,,21.0,11.160714285714286,-20.57900383651292,,-13.59956726714956,,2.555842991834889,0.10241465445462115,,,,1.86,,,,38.47,
GESHIP,2026-08-22,Services,,18721.0,5.0,,0.39224121664199046,3.0131981329470463,1.1035353535353536,,15.9,19.254881808838643,15.8,,62.0,60.30902945436986,12.747258033730912,,42.868993789047984,,5.740869619733813,0.0640806461121264,,,,2.68,,,,30.08,
GFLLIMITED,2026-08-22,,,608.0,10.0,,,152.0,0.23776824034334762,,1.77,2.228717573986116,2.07,,40.0,1525.0,,,,,0.0,0.0,,,,0.0,,,,68.72,
GHCL,2026-08-22,Chemicals,,4076.0,8.93,,,1.3302872062663185,1.145077720207254,,13.0,10.976744186046512,17.4,,22.0,15.404699738903393,-24.50017010991078,,8.402915531944167,,-12.354967080982194,0.023367117117117118,,,,2.71,,,,19.83,
GHCLTEXTIL,2026-08-22,,,1171.0,12.2,,0.2155836785591441,0.802054794520548,0.7770700636942676,,4.34,5.133689839572193,5.75,,12.0,6.575342465753424,56.59055491370606,,,,11.47327185454763,0.08921438082556592,,,,0.49,,,,19.2,
GICHSGFIN,2026-08-22,,,741.0,4.71,,3.5616813022924707,,0.35294117647058826,,7.61,1.3895034958845915,7.72,,,,1.3224091658533332,,-1.9222788400870772,,,,,,,3.27,,,,42.41,
GICL,2026-08-22,,,267.0,26.8,,0.5285068799978271,1.5084745762711864,2.71689497716895,,12.5,5.911330049261084,15.9,,11.0,6.779661016949152,50.708895218374806,,44.761273215532604,,15.794910575502929,0.4897959183673469,,,,0.0,,,,63.96,
GICRE,2026-08-22,Financial Services,,62413.0,7.03,,0.7093847954883563,1.1828933153914676,0.8436018957345972,,14.6,4.313843671166026,17.4,,18.0,16.82049921346398,9.909995315251141,,30.053583031380416,,4.695127047676495,0.0,,,,3.72,,,,77.4,
GILLANDERS,2026-08-22,,,205.0,11.8,,,0.47235023041474655,0.7942148760330578,,2.95,3.074141048824593,5.65,,7.0,3.9170506912442393,,,1.297483714670844,,6.13558911140335,0.5775193798449613,,,,0.0,,,,69.05,
GILLETTE,2026-08-22,Fast Moving Consumer Goods,,24438.0,36.6,,2.09027179119471,7.694584382871536,25.855172413793102,,66.5,35.70283270978087,90.7,,30.0,21.03274559193955,17.509684699462458,,18.218769508104216,,6.449398446239418,0.0,,,,2.4,,,,75.0,
GIPCL,2026-08-22,,,2680.0,7.61,,0.7184575589434147,1.9047619047619047,1.0176470588235293,,14.2,6.656225528582615,16.2,,39.0,18.123667377398718,10.5921357570397,,6.484744981060708,,1.33803261556793,0.22295719844357978,,,,2.37,,,,56.57,
GKENERGY,2026-08-22,,,2501.0,11.0,,,1.3190928270042195,2.808219178082192,,37.3,17.39463601532567,41.4,,18.0,11.972573839662447,-65.73367935821888,,,,66.46853991275175,0.23198198198198197,,,,0.41,,,,79.2,
GKSL,2026-08-22,,,1206.0,76.2,,,11.94059405940594,4.78125,,11.1,5.704697986577181,14.5,,26.0,16.831683168316832,-70.74842738001392,,,,172.34356815688767,0.11462450592885376,,,,0.0,,,,71.45,
GKWLIMITED,2026-08-22,,,959.0,260.0,,,68.2076813655761,9.125,,3.56,3.046521202140799,4.86,,34.85,26.31578947368421,-0.0539665512256704,,-23.071026701800523,,-6.261658244159129,0.0,,,,0.0,,,,75.0,
GLAND,2026-08-22,Healthcare,,46509.0,40.6,,3.017789778187332,6.915836431226766,4.481717011128776,,10.7,9.069001526227007,15.1,,26.0,16.78810408921933,13.45355474839829,,-1.4689687351186365,,5.884110231809014,0.0274210678767983,,,,0.71,,,,51.77,
GLAXO,2026-08-22,Healthcare,,49165.0,46.7,,2.1349691597200455,12.43109987357775,21.65671641791045,,45.6,24.699352451433857,61.4,,34.0,27.00379266750948,21.873852269661676,,-8.819434455837227,,4.618394640457257,0.014556682840758712,,,,1.96,,,,75.0,
GLENMARK,2026-08-22,Healthcare,,65417.0,21.0,,,3.6881659807182725,6.231182795698925,,23.6,9.031998794393932,39.8,,27.0,10.137001747758923,,,13.807341812677487,,14.50909632673918,0.05650684931506849,,,,0.22,,,,46.65,
GLOBAL,2026-08-22,,,545.0,20.9,,,5.860215053763441,4.022556390977443,,22.0,18.571428571428573,29.2,,38.0,27.956989247311824,-8.346418874594008,,19.173054694133462,,7.915479045840446,0.0,,,,0.93,,,,72.73,
GLOBALVECT,2026-08-22,,,214.0,,,,0.4091778202676864,-26.424870466321245,,-514.0,-3.9414414414414414,-2.11,,4.4,-6.692160611854685,,,,,1.3081927380032665,-75.125,,,,0.0,,,,75.0,
GLOBE,2026-08-22,,,88.7,8.32,,1.7446168912621454,0.13063328424153167,0.6080246913580246,,7.51,2.669902912621359,10.9,,4.6,1.6200294550810017,4.768955317164725,,,,13.942487462901521,1.143835616438356,,,,0.0,,,,34.35,
GLOBECIVIL,2026-08-22,,,251.0,9.89,,,0.5823665893271461,1.0552763819095479,,13.5,4.621072088724584,16.1,,13.0,5.800464037122969,-59.13687878867569,,-27.391417081173397,,9.088690575953873,0.6302521008403361,,,,0.0,,,,63.44,
GLOBUSSPR,2026-08-22,,,2852.0,28.4,,24.654857217889116,1.0189353340478742,2.416,,8.81,4.44642063139173,11.4,,10.0,3.5727045373347623,1.1519028380092777,,-6.663007094824103,,5.041743377683083,0.4830430797433547,,,,0.3,,,,46.74,
GLOSTERLTD,2026-08-22,,,658.0,51.4,,,0.42506459948320413,0.6040201005025125,,1.84,0.5179282868525896,5.85,,10.0,0.8397932816537468,-19.308430046338454,,-27.87396810014603,,33.817469410438996,0.8806244260789715,,,,3.33,,,,72.68,
GMBREW,2026-08-22,,,2027.0,14.7,,,2.7098930481283423,1.8792372881355932,,12.5,12.816326530612246,18.0,,24.0,20.989304812834224,,,,,,0.0,,,,1.01,,,,74.43,
GMDCLTD,2026-08-22,Metals & Mining,,18126.0,31.8,,1.871772154414003,6.411743898125221,2.5675675675675675,,8.34,10.642324390515418,10.8,,16.0,33.816766890696854,16.989247288997976,,16.486898687848605,,4.701715834443565,0.04481832320090485,,,,1.77,,,,74.0,
GMMPFAUDLR,2026-08-22,Capital Goods,,4596.0,36.5,,,1.257799671592775,3.8134328358208953,,6.69,1.6294810729506142,13.6,,11.0,1.7788724685276411,-25.621229248277643,,-3.6785117821336866,,1.9728185130673648,0.8639004149377594,,,,0.2,,,,25.18,
GMRAIRPORT,2026-08-22,Services,,105199.0,187.0,,,6.756952919262638,-42.38297872340425,,,1.3822949382806224,11.6,,39.0,4.862226218768065,,,,,21.153190654326238,-17.45282258064516,,,,0.0,,,,67.16,
GMRP&UI,2026-08-22,Power,,7543.0,,,,1.0208417918527541,3.959016393442623,,-14.3,3.43108504398827,12.0,,22.0,7.917174177831912,,,,,18.071574246224497,6.089285714285714,,,,0.0,,,,46.28,
GNA,2026-08-22,,,2416.0,18.3,,1.8711969002267919,1.5052959501557632,2.405982905982906,,12.2,8.68421052631579,14.3,,16.0,8.224299065420562,9.779836637064765,,8.282442920337196,,2.144900165218022,0.21713147410358566,,,,0.53,,,,65.78,
GNFC,2026-08-22,Chemicals,,8564.0,8.26,,0.2974102680185009,1.0183115338882283,0.9403225806451613,,9.13,9.129324764503918,12.0,,15.0,12.330558858501783,27.773082802528435,,-8.50317708884859,,1.9782612361527674,0.0006582556226001097,,,,3.6,,,,41.3,
GNRL,2026-08-22,,,1563.0,81.0,,,47.36363636363637,7.5,,5.47,7.786885245901639,7.25,,68.0,57.57575757575758,,,,,6.917810999860885,0.0625,,,,0.0,,,,1.93,
GOACARBON,2026-08-22,,,321.0,34.7,,1.0370847208004546,1.1030927835051547,3.993174061433447,,12.1,3.4090909090909087,8.61,,5.0,3.0927835051546393,33.45917580698465,,-2.698699064045651,,-0.11428581385686254,1.9875,,,,0.0,,,,59.72,
GOCLCORP,2026-08-22,,,1986.0,7.43,,0.08101317057907055,180.54545454545453,0.6324921135646687,,11.4,9.563994374120956,13.1,,-287.0,3090.909090909091,91.71348247317594,,14.056376541626104,,-73.77668349700495,0.0003181673560292714,,,,2.5,,,,67.82,
GOCOLORS,2026-08-22,,,1814.0,102.0,,,9.547368421052632,,,19.3,8.780487804878048,22.7,,18.0,9.473684210526317,,,,,,0.37410071942446044,,,,0.0,,,,55.45,
GODAVARIB,2026-08-22,,,1250.0,43.1,,,0.620963735717834,1.5844155844155845,,4.28,0.0,6.55,,6.0,0.0,-78.28543111335128,,-63.37126066785825,,6.066009739546008,0.6738578680203046,,,,0.0,,,,63.31,
GODFRYPHLP,2026-08-22,Fast Moving Consumer Goods,,33021.0,24.2,,1.539612498656897,5.404418985270049,5.319095477386934,,23.4,16.462093862815884,30.2,,23.0,22.389525368248773,15.718240804820184,,25.58573275493943,,14.994506185066214,0.03766902768834514,,,,2.36,,,,72.58,
GODIGIT,2026-08-22,Financial Services,,24308.0,49.4,,1.3408394331854232,2.384072185170655,5.218253968253968,,12.2,1.9717858287912793,13.1,,1.1,4.8254217340133385,36.84259186996071,,,,7.76490990326415,0.07507507507507508,,,,0.0,,,,73.0,
GODREJAGRO,2026-08-22,Fast Moving Consumer Goods,,11052.0,23.6,,3.1618636874647996,1.055184265801031,5.4245283018867925,,20.9,6.898230806687226,19.2,,8.0,4.057666603016995,7.463952381490113,,2.0690769786376517,,3.086805991165109,0.7746062992125984,,,,1.91,,,,67.75,
GODREJCP,2026-08-22,Fast Moving Consumer Goods,,95474.0,46.0,,,5.986206031726127,7.524193548387097,,16.1,9.139528220800305,18.8,,20.0,12.000752398269483,,,1.4157627591165456,,4.202752033131585,0.3495414294750158,,,,2.14,,,,53.06,
GODREJIND,2026-08-22,Diversified,,41433.0,34.4,,0.20276938289607702,1.7839827771797632,3.7048192771084336,,9.26,1.7553474555404642,8.17,,10.0,9.515608180839614,169.65085906303034,,12.438551019658316,,11.842575059741357,4.613402523038382,,,,0.0,,,,74.64,
GODREJPROP,2026-08-22,Realty,,61300.0,37.9,,1.4158526444822328,11.781664424370556,3.199685534591195,,8.82,1.951219512195122,7.63,,-11.0,30.59773207764751,26.76832235875772,,33.18156455407435,,19.669649645956035,0.8297139277510963,,,,0.49,,,,51.66,
GOKEX,2026-08-22,Textiles,,5845.0,56.8,,,1.3966547192353644,2.705084745762712,,4.72,2.365640790078089,8.39,,9.0,2.4611708482676224,-12.060902881367607,,-6.678188028640286,,20.716603276961965,0.5890791300323924,,,,0.0,,,,9.15,
GOKUL,2026-08-22,,,421.0,20.4,,0.16133816696879935,0.09997625267157445,1.1607629427792916,,5.22,2.307692307692308,8.42,,0.9,0.49869389693659466,126.44249270505897,,-4.851422811392736,,11.731091858515462,1.0521978021978022,,,,0.0,,,,73.6,
GOKULAGRO,2026-08-22,Fast Moving Consumer Goods,,7165.0,17.0,,0.37137460342754963,0.2932269285860446,5.04149377593361,,30.0,8.522727272727272,36.7,,3.1,1.7188459177409454,45.775881934577356,,27.86031259638435,,20.82191641992064,0.4139142656359803,,,,0.0,,,,74.24,
GOLDIAM,2026-08-22,,,5425.0,25.7,,0.8572727943607122,5.05591798695247,4.9046321525885554,,18.5,15.480557593543654,23.9,,21.0,19.664492078285182,29.97878874619493,,14.114258816639126,,21.17902948608148,0.06962025316455696,,,,0.57,,,,58.51,
GOODLUCK,2026-08-22,,,4895.0,24.0,,1.7334930858729418,1.1114895549500454,3.2733333333333334,,12.9,6.894287590282337,14.4,,10.0,4.768392370572207,13.844877834003144,,16.313728113458282,,7.703395765369625,0.7505030181086519,,,,0.2,,,,54.0,
GOODYEAR,2026-08-22,,,1753.0,28.5,,,0.6757902852737085,2.8897338403041823,,12.6,4.30622009569378,17.4,,4.7,2.081727062451812,-17.167290267823866,,-12.12905483334753,,0.5456070570800664,0.04455445544554455,,,,3.49,,,,74.0,
GOPAL,2026-08-22,,,3519.0,64.0,,,2.1884328358208953,7.34375,,4.72,11.748251748251748,11.7,,7.0,5.223880597014925,-5.559974652590505,,-55.04884752178031,,4.675732880845729,0.32217573221757323,,,,0.35,,,,81.45,
GOYALALUM,2026-08-22,,,91.5,19.0,,0.8485801967467748,1.1855402954133194,3.601123595505618,,12.9,10.52401746724891,10.1,,5.83,6.245141228297486,22.39034103416604,,36.35880292817131,,4.092493350621207,0.42096964919195906,,,,0.0,,,,69.94,
GPIL,2026-08-22,Capital Goods,,16497.0,20.1,,,2.840392561983471,2.832369942196532,,15.2,11.074561403508772,20.4,,22.0,13.911845730027547,-4.432947597221948,,-10.411103874962135,,2.174590985807079,0.07626097435014632,,,,0.41,,,,63.18,
GPPL,2026-08-22,Services,,7906.0,14.5,,0.8157390546548429,6.375806451612903,3.319838056680162,,20.8,18.485449735449734,28.1,,62.0,45.08064516129032,17.775292132035126,,23.135807919718676,,7.866912217028266,0.015494137353433836,,,,6.36,,,,44.01,
GPTHEALTH,2026-08-22,,,1236.0,29.7,,,3.6676557863501484,,,28.5,13.003095975232199,23.7,,22.0,12.462908011869436,,,,,,0.6075949367088608,,,,1.66,,,,65.57,
GPTINFRA,2026-08-22,,,1420.0,14.4,,0.8910337610848784,1.1102423768569194,2.348008385744235,,17.3,7.084870848708487,21.4,,14.0,7.505863956215794,16.16100380132317,,30.100280918834876,,7.904839266715302,0.4883720930232558,,,,2.45,,,,69.37,
GRANDOAK,2026-08-22,,,1970.0,401.0,,9.067278453685423,,2.3170731707317076,,0.01,0.14030736170723485,0.0,,,,44.22495703074083,,-27.83993170751653,,,,,,,0.0,,,,0.0,
GRANULES,2026-08-22,Healthcare,,21265.0,32.7,,1.8942185939424248,3.7757457386363638,4.185365853658537,,13.8,8.616425875309124,15.5,,23.0,11.754261363636363,17.26305512181765,,10.131946007844483,,7.718546902181145,0.2973451327433628,,,,0.2,,,,38.01,
GRAPHITE,2026-08-22,Capital Goods,,13886.0,63.4,,,4.58435127104655,2.37,,3.11,2.758347630988518,4.58,,3.0,6.899966985803896,-35.88662253209024,,-15.848779666638336,,0.8848035050551095,0.06280935313193378,,,,0.98,,,,65.34,
GRASIM,2026-08-22,Construction Materials,,225121.0,39.2,,,1.223290894369909,2.1763157894736844,,4.98,1.9786201492091493,8.01,,21.0,6.119144265306012,-1.0529588687452018,,-5.698128692346227,,12.002909342250545,2.20211655552334,,,,0.3,,,,43.73,
GRAUWEIL,2026-08-22,,,3177.0,19.8,,6.589492678467053,2.570388349514563,2.933054393305439,,16.2,11.072664359861593,21.4,,15.0,12.944983818770226,3.0047836709344633,,15.198040380577549,,4.990274860022881,0.013876040703052728,,,,0.71,,,,69.04,
GRAVISSHO,2026-08-22,,,203.0,10155.0,,,3.1125421649800673,1.0588235294117647,,-0.42,0.013115900843789621,1.11,,14.29,0.045998160073597055,,,,,6.4030754802915535,0.04914786053056757,,,,0.0,,,,74.91,
GRAVITA,2026-08-22,Metals & Mining,,13446.0,34.3,,2.243083834306669,2.860851063829787,5.4879518072289155,,16.8,11.472051507170033,17.0,,9.0,8.340425531914894,15.291448083839466,,21.336549462053057,,14.136474578827185,0.300163132137031,,,,0.35,,,,55.88,
GREAVESCOT,2026-08-22,Capital Goods,,4484.0,45.0,,,1.2234652114597544,3.1270358306188926,,8.1,0.732728541521284,10.1,,7.0,0.572987721691678,,,,,11.654022372757389,0.2753319357092942,,,,1.04,,,,55.77,
GREENLAM,2026-08-22,,,6455.0,70.0,,,2.036920164089618,5.476190476190476,,5.02,3.1010336778926306,8.12,,11.0,2.9346797096875985,-12.347455892454285,,-0.5920760763891364,,11.178543116098627,0.9830508474576272,,,,0.16,,,,50.98,
GREENPANEL,2026-08-22,,,1974.0,13.8,,0.5009987141185036,1.259731971920868,1.5046728971962617,,11.4,7.562136435748282,12.9,,16.0,9.125717932354819,27.544980877407642,,,,15.34915519108797,0.22475322703113135,,,,0.31,,,,53.26,
GREENPLY,2026-08-22,,,3666.0,32.8,,2.801344401507346,1.2804750261962976,4.106145251396648,,11.8,5.051020408163265,14.3,,9.0,3.4579112818721622,11.708663876655434,,0.41058604953878586,,9.510295656090317,0.5760626398210291,,,,0.17,,,,51.93,
GREENPOWER,2026-08-22,,,1112.0,20.8,,1.1205018896238763,3.8745644599303137,0.9653767820773931,,5.27,3.868360277136259,7.19,,62.0,23.34494773519164,18.56311014966876,,12.888132073019754,,1.9305111225809135,0.4548611111111111,,,,0.0,,,,24.38,
GRINDWELL,2026-08-22,,,22806.0,52.3,,11.953515819791876,7.187519697447211,8.995633187772926,,16.2,12.747380675203726,21.2,,19.0,13.803971005357706,4.375281782235563,,8.092856071646803,,5.6981700776636,0.024072612470402526,,,,0.92,,,,58.04,
GRINFRA,2026-08-22,,,8422.0,8.97,,,0.9159325720500272,0.8978328173374613,,9.2,6.335349504271373,11.9,,18.0,11.0494834148994,-8.457481754791985,,4.067308482839849,,0.7917840191513204,0.519458364431176,,,,0.29,,,,74.69,
GRMOVER,2026-08-22,,,1797.0,23.5,,4.262112883191628,0.9614767255216693,2.9896551724137934,,14.5,6.551724137931035,14.0,,5.0,4.066345639379347,5.513697230469017,,-3.4981280128166814,,12.51881648526425,0.6123128119800333,,,,0.0,,,,63.06,
GROBTEA,2026-08-22,,,108.0,13.2,,,0.907563025210084,1.1616541353383458,,6.81,4.9079754601226995,7.35,,9.0,6.722689075630252,,,13.064038075558603,,5.969850212481487,0.5698924731182796,,,,0.22,,,,74.99,
GROWW,2026-08-22,Financial Services,,123596.0,50.7,,,23.578023655093475,12.792207792207792,,28.8,13.181351628761275,37.3,,62.0,46.547119420068675,,,,,23.336098132598938,0.030252797347699957,,,,0.0,,,,27.14,
GRPLTD,2026-08-22,,,1088.0,159.0,,,1.9154929577464788,6.104790419161676,,2.48,1.2987012987012987,6.94,,8.0,1.056338028169014,-37.08269265295233,,-0.42681090661444987,,7.205188168833332,1.1685393258426966,,,,0.17,,,,40.05,
GRSE,2026-08-22,Capital Goods,,29801.0,37.2,,1.2052828953791876,3.9697615558811776,11.362445414847162,,31.8,7.531026701767582,43.0,,11.0,10.670041294791528,30.86412338764395,,33.39385867082192,,27.84087452957904,0.014084507042253521,,,,0.5,,,,74.5,
GRWRHITECH,2026-08-22,Capital Goods,,16550.0,42.7,,1.7767754820651642,7.3294951284322405,6.232720909886265,,13.4,12.886084357356358,18.0,,22.0,17.183348095659877,24.03229920213068,,18.332558952843247,,10.424038143652648,0.006024096385542169,,,,0.17,,,,60.73,
GSFC,2026-08-22,Chemicals,,6305.0,9.1,,1.2836530532001318,0.5107744653272845,0.512987012987013,,5.51,4.815844336344684,7.16,,7.0,5.614063512637719,7.089142955967587,,-5.0640704321611825,,10.47546921955822,0.0022010271460014674,,,,3.16,,,,37.84,
GSLSU,2026-08-22,,,140.0,,,,0.625,0.5172413793103449,,-10.6,-5.730129390018484,-1.62,,-4.9,-13.839285714285715,,,,,-0.14836817041991024,0.7925925925925926,,,,0.0,,,,73.25,
GSPCROP,2026-08-22,,,2763.0,26.4,,,1.8106159895150722,3.5783132530120483,,16.6,6.399482870071105,19.0,,12.0,6.487549148099607,-53.369062865252126,,-37.75946611811703,,9.824866707942492,0.3393782383419689,,,,0.17,,,,71.72,
GSS,2026-08-22,,,33.2,9.9,,,0.3772727272727273,0.11043478260869564,,0.31,-10.144927536231885,0.72,,6.0,-55.68181818181818,,,,,-19.863779839088213,0.48013245033112584,,,,0.0,,,,12.71,
GTL,2026-08-22,,,115.0,,,,0.5808080808080808,-0.016106194690265488,,,303.83141762452107,,,1.2,400.5050505050505,,,,,-3.304330404160971,-0.9258686172457449,,,,0.0,,,,14.29,
GTLINFRA,2026-08-22,,,1576.0,,,,1.6554621848739495,-0.2117039586919105,,,-14.804812177755956,4.4,,41.0,-63.34033613445378,,,,,-1.8872447186110586,-3.425472358292512,,,,0.0,,,,3.28,
GTPL,2026-08-22,,,610.0,76.4,,,0.1592273557817802,0.5313725490196078,,1.39,0.18315018315018314,3.37,,11.0,0.15661707126076743,-58.698601077729194,,-48.0751454042209,,6.050374165075101,0.43804537521815007,,,,3.69,,,,75.0,
GUFICBIO,2026-08-22,,,4327.0,58.9,,,4.410805300713558,6.515837104072398,,10.1,5.439642324888227,12.3,,17.0,7.44138634046891,-5.193239818771933,,,,6.724752801266054,0.6090225563909775,,,,0.02,,,,72.5,
GUJALKALI,2026-08-22,,,5025.0,75.7,,,1.117163183637172,0.9674681753889675,,-0.04,0.8761449621664675,1.4,,11.0,1.4673188083592708,,,-34.71402457476638,,5.717169028725855,0.11078998073217726,,,,2.59,,,,47.28,
GUJAPOLLO,2026-08-22,,,465.0,82.9,,,8.962991518889746,0.9156010230179028,,1.19,0.9939230728345412,1.82,,-22.86,10.813415574402468,-22.319187351153523,,-8.27328174886276,,-2.94076172063622,0.08059648499911237,,,,0.56,,,,47.3,
GUJENERGY,2026-08-22,,,24708.0,12.6,,1.002886875256154,1.0848261327713382,0.9813432835820896,,15.8,6.193276700791404,18.5,,13.0,7.490340709518792,12.563730078511348,,4.844267745304709,,13.227391822931377,0.17588675561340708,,,,2.21,,,,38.94,
GUJRAFFIA,2026-08-22,,,22.3,18.9,,0.6371396660965956,0.2581317282092835,1.002433090024331,,4.84,4.256854256854257,6.36,,3.18,1.365898830883204,29.663825697417188,,1.0409055094421138,,40.860153173090154,0.08415841584158416,,,,0.0,,,,39.6,
GUJTHEM,2026-08-22,,,4154.0,85.3,,,25.02409638554217,,,,,,,46.0,28.313253012048197,,,,,,,,,,0.18,,,,70.87,
GULFOILLUB,2026-08-22,,,5649.0,14.5,,2.193420322222875,1.2935653766888024,3.665594855305466,,24.1,12.33377659574468,25.9,,13.0,8.495534692008244,6.610680065782049,,12.641342550016233,,9.777302747003947,0.369140625,,,,4.47,,,,66.85,
GULPOLY,2026-08-22,,,1189.0,27.9,,,0.5261061946902655,1.854368932038835,,3.91,3.3307513555383426,6.3,,6.0,1.9026548672566372,-1.876617253701096,,,,24.186811665151886,0.7078125,,,,0.79,,,,66.8,
GVPIL,2026-08-22,,,4486.0,12.1,,,3.474825716498838,7.702078521939955,,62.2,12.722170252572498,82.0,,24.0,21.06893880712626,,,,,7.507038434879099,0.030927835051546393,,,,1.05,,,,68.58,
GVPTECH,2026-08-22,,,134.0,3.42,,,0.2537878787878788,0.8155555555555556,,43.6,7.647058823529412,72.0,,13.0,7.386363636363637,-17.64743131463552,,,,-6.7900856436486805,0.02702702702702703,,,,2.04,,,,74.8,
GVT&D,2026-08-22,Capital Goods,,105677.0,566.0,,,26.28781094527363,98.4964200477327,,18.6,4.18531781557744,,,12.0,4.651741293532338,,,,,,0.8933200398803589,,,,0.24,,,,51.0,
GYFTR,2026-08-22,,,1224.0,56.1,,3.462555381751392,3.221052631578947,2.5158227848101267,,5.24,4.271844660194175,6.77,,-8.0,5.7894736842105265,16.201906919861052,,-18.503632840105045,,138.52936668500558,0.002061855670103093,,,,0.0,,,,50.08,
HAL,2026-08-22,Capital Goods,,334388.0,35.9,,5.171229942648984,9.897528488974396,8.143322475570033,,24.0,6.935525875218572,32.0,,30.0,27.589166789995563,6.942255594538516,,12.907580455959478,,3.603386824794419,0.0016081479496113642,,,,0.9,,,,71.64,
HALDER,2026-08-22,,,379.0,11.9,,0.42761023580800667,0.5191780821917809,2.1180555555555554,,17.3,5.427631578947369,13.7,,5.0,4.52054794520548,27.82908126021333,,1.5511278397481565,,4.2667085816394,2.016759776536313,,,,0.33,,,,73.69,
HALEOSLABS,2026-08-22,,,443.0,28.0,,1.3814816097584748,1.367283950617284,2.075070821529745,,8.44,3.303964757709251,9.91,,13.0,4.62962962962963,20.26809463275827,,-8.983531440585358,,1.9235467531193207,0.5186915887850467,,,,0.1,,,,72.1,
HAPPSTMNDS,2026-08-22,Information Technology,,6769.0,28.8,,,2.827485380116959,4.009009009009009,,13.8,6.218627997769103,13.3,,18.0,9.314954051796157,-3.492736083002246,,3.505579719365115,,13.786374564661873,0.8845470692717584,,,,1.44,,,,44.21,
HAPPYFORGE,2026-08-22,,,20875.0,63.8,,6.1298180804667775,12.713154689403167,9.787610619469026,,15.0,12.419293581466007,18.0,,31.0,19.914738124238735,10.40813922411572,,16.899188908479612,,6.534709901542235,0.1550751879699248,,,,0.18,,,,78.46,
HARDWYN,2026-08-22,,,621.0,50.2,,8.011673527638003,3.234375,1.5286195286195285,,3.3,2.575107296137339,4.81,,10.0,6.25,6.265856918261115,,,,8.098386987445227,0.014778325123152709,,,,0.0,,,,43.77,
HARIOMPIPE,2026-08-22,,,1079.0,15.7,,3.8605408090118694,0.6599388379204894,1.6650717703349283,,12.4,5.655737704918033,15.7,,12.0,4.220183486238533,4.06678773174749,,,,6.330930943659996,0.5842349304482226,,,,0.18,,,,57.27,
HARRMALAYA,2026-08-22,,,365.0,13.5,,,0.666058394160584,2.049689440993789,,17.5,5.378486055776892,15.3,,4.1,4.927007299270073,,,3.244113189969844,,4.083390232205297,0.6235955056179775,,,,0.0,,,,54.12,
HARSHA,2026-08-22,,,3984.0,25.8,,2.233712631964633,2.317626527050611,2.844155844155844,,10.5,7.498790517658442,13.0,,15.0,9.016870273414776,11.550277162245326,,7.381454805578058,,7.286616001839197,0.2653352353780314,,,,0.34,,,,75.0,
HATHWAY,2026-08-22,,,1890.0,24.9,,,0.8653846153846154,0.4246031746031746,,1.9,1.466615206483983,2.62,,14.0,3.47985347985348,-9.143970358393016,,-10.466556899264601,,3.3053276542348353,0.002015677491601344,,,,0.0,,,,75.0,
HATSUN,2026-08-22,,,21934.0,63.0,,,2.2790939318370738,11.997563946406823,,16.7,7.857304131858207,12.9,,12.0,3.6159600997506236,,,,,103.55885060813867,1.099507927829415,,,,1.02,,,,73.17,
HAVELLS,2026-08-22,Consumer Durables,,79575.0,47.8,,5.491559418696808,3.373108388792336,8.397350993377483,,19.0,11.060626610606267,24.9,,9.0,6.913653511932516,8.704267104396246,,6.4032447930098435,,8.265226034418195,0.028024534686971234,,,,0.79,,,,59.35,
HAVISHA,2026-08-22,,,21.8,,,,,0.2088235294117647,,-8.71,-7.136425033768572,-7.84,,-7600.0,,,,,,,0.08845491097070649,,,,0.0,,,,33.99,
HAWKINCOOK,2026-08-22,,,4248.0,31.3,,4.29770889998366,3.189189189189189,9.536817102137768,,31.7,19.767441860465116,40.9,,14.0,10.21021021021021,7.282950224971962,,10.084474149025269,,9.16114676619959,0.0651685393258427,,,,1.74,,,,56.03,
HBESD,2026-08-22,,,173.0,13.4,,0.32592646700126926,1.4297520661157024,0.8920521945432978,,6.37,2.6476578411405294,7.54,,34.0,10.743801652892563,41.11356811028119,,,,3.8613280728291954,1.3367875647668395,,,,0.0,,,,67.75,
HBLENGINE,2026-08-22,Capital Goods,,19474.0,24.3,,0.5981700638271699,5.832285115303983,8.798498122653315,,45.3,26.512576478586,58.4,,32.0,23.360287511230908,40.6238985691217,,52.727565733046,,14.35168418441286,0.030248306997742665,,,,0.43,,,,59.11,
HCC,2026-08-22,Construction,,5509.0,40.7,,,1.4227789256198347,2.586206896551724,,11.9,1.955932602804289,24.8,,13.0,4.287190082644629,-31.371433439988085,,-22.773774186861772,,-17.939452467919992,0.4790785143394452,,,,0.0,,,,16.18,
HCG,2026-08-22,Healthcare,,10839.0,225.0,,,4.125999238675295,8.139013452914797,,2.55,0.8411929645679326,8.31,,18.0,1.2561857632280167,-22.36672764004647,,-15.961224993973467,,11.248432591344049,1.3025525525525525,,,,0.0,,,,64.21,
HCL-INSYS,2026-08-22,,,365.0,,,,19.210526315789473,-1.2319644839067703,,,-10.227272727272728,-53.0,,-335.0,-236.84210526315786,,,,,-15.950614830025911,-1.125,,,,0.0,,,,62.89,
HCLTECH,2026-08-22,Information Technology,,353455.0,19.5,,5.520897939345291,2.6303823656362093,4.700361010830325,,23.8,15.145249843630552,30.4,,20.0,12.974236087338326,3.532034139053919,,5.239645815601124,,6.927331305887119,0.06938069580256769,,,,4.15,,,,60.88,
HDBFS,2026-08-22,Financial Services,,57800.0,26.6,,1.1548287140835516,,,,14.7,2.0025215574758657,9.79,,,,23.0337189191812,,,,,,,,,0.57,,,,74.12,
HDFCAMC,2026-08-22,Financial Services,,111920.0,38.0,,2.570406116370002,26.309355900329102,12.13953488372093,,32.9,29.50655590031028,42.9,,79.0,69.29948283968031,14.783656075976292,,,,10.41721806114495,0.0,,,,2.07,,,,52.34,
HDFCBANK,2026-08-22,Financial Services,,1120311.0,14.2,,2.0900975013327523,,1.8641025641025641,,13.6,1.6812760190565805,7.02,,,,6.79394142662979,,8.3986680847419,,,,,,,1.79,,,,,
HDFCLIFE,2026-08-22,Financial Services,,120529.0,61.0,,7.940147112497426,1.1619828974134025,6.166666666666667,,11.3,0.5057592534737338,10.3,,1.2,1.904036557501904,7.682477306243962,,7.794675728907419,,0.7320331895709575,0.17459154929577464,,,,0.38,,,,50.54,
HEADSUP,2026-08-22,,,14.8,,,,0.8574739281575897,0.9639769452449568,,-0.2,-0.0665335994677312,,,-8.92,-0.17381228273464655,,,,,,0.0,,,,0.0,,,,13.56,
HEALTHX,2026-08-22,,,957.0,,,,0.6519073569482289,1.4975124378109452,,0.29,-2.7777777777777777,-0.05,,-4.5,-1.7711171662125342,,,,,0.8310630362208471,0.0405616224648986,,,,0.0,,,,74.07,
HECPROJECT,2026-08-22,,,126.0,9.96,,0.2791320474138914,0.7,1.9110378912685337,,21.2,9.62962962962963,21.4,,11.0,7.222222222222221,35.6820368434138,,87.67075241887414,,34.48698634346845,0.6666666666666666,,,,0.0,,,,74.93,
HEG,2026-08-22,Capital Goods,,13716.0,38.7,,8.02798016252587,5.197423266388784,2.8785425101214575,,7.42,5.822251054168018,8.35,,10.0,13.603637741568775,4.820639714663133,,-3.5893869957730917,,3.3155195177710484,0.16729718369062632,,,,0.48,,,,56.27,
HEIDELBERG,2026-08-22,,,3603.0,29.6,,,1.5266949152542373,2.628099173553719,,10.1,4.7579983593109105,14.7,,11.0,4.915254237288136,-11.438737360966345,,-14.317211697420973,,-0.08460240925322049,0.01020408163265306,,,,4.4,,,,69.39,
HEMIPROP,2026-08-22,Services,,3722.0,,,,3722.0,8.618421052631579,,-2.7,-1.0318142734307825,-1.14,,-971.0,-1200.0,,,,,0.0,0.20046082949308755,,,,0.0,,,,51.12,
HERANBA,2026-08-22,,,660.0,,,,0.41379310344827586,0.868421052631579,,-9.54,-3.9593908629441623,-1.65,,4.3,-4.890282131661442,,,,,6.538185852302436,0.7559055118110236,,,,0.61,,,,74.95,
HERITGFOOD,2026-08-22,Fast Moving Consumer Goods,,3534.0,27.8,,3.4338914674334737,0.7476200550031733,3.2016806722689077,,12.6,6.923076923076923,14.8,,5.0,2.8559339961920878,8.09577130309771,,6.8521966003074475,,7.604250107453603,0.3272892112420671,,,,0.66,,,,41.3,
HEROMOTOCO,2026-08-22,Automobile and Auto Components,,114781.0,20.7,,1.5579719301175468,2.2590238142098014,5.310185185185185,,28.1,16.405105670642396,35.2,,14.0,10.8010234205865,13.286503819384098,,18.621919296638524,,10.372597964933771,0.03604645782240526,,,,3.23,,,,34.73,
HESTERBIO,2026-08-22,,,2014.0,37.9,,0.40680305790068166,6.177914110429448,5.598108747044917,,15.9,20.206489675516224,15.2,,27.0,42.02453987730061,93.16547470312535,,28.20395613194089,,2.2443347555768822,0.5401662049861495,,,,0.46,,,,53.73,
HEXATRADEX,2026-08-22,,,873.0,,,,190.6113537117904,0.18922155688622755,,-0.19,-0.12948961545906792,-0.12,,-108.08,-150.43668122270742,,,,,-67.48469615506478,0.001869782537574396,,,,0.0,,,,92.13,
HEXT,2026-08-22,Information Technology,,32534.0,23.0,,,2.2561719833564493,4.836363636363636,,24.9,11.601589495507946,30.1,,15.0,9.313453536754508,-12.822019388362527,,-2.4607183495328644,,11.580756694653772,0.1017580452920143,,,,2.16,,,,74.3,
HFCL,2026-08-22,Telecommunication,,34899.0,61.0,,3.374285631393346,5.82329384281662,7.125,,6.95,6.811005863779883,10.9,,19.0,10.078424828967128,18.077900528773917,,10.67845769188429,,10.308150968683982,0.3565732978940912,,,,0.04,,,,28.29,
HGINFRA,2026-08-22,Construction,,3336.0,12.8,,,0.6874098495775809,1.0219560878243512,,8.52,1.7184035476718404,11.3,,22.0,3.832680815990109,-29.782960225687848,,-13.272872306297556,,-3.3660279580940977,1.5402756508422664,,,,0.39,,,,71.78,
HGM,2026-08-22,,,56.3,,,,0.9934709722957472,1.510135135135135,,-9.91,-13.091815219474794,-0.37,,-8.03,-12.052232221634021,,,,,52.05337294721375,0.22031626909675692,,,,0.0,,,,50.41,
HGS,2026-08-22,,,1871.0,,,,0.43501511276447336,0.22483221476510068,,-1.22,-0.6178136262227562,1.42,,0.8,-1.6740292955126714,,,,,-2.32849475755178,0.23662378261392328,,,,1.24,,,,67.99,
HIKAL,2026-08-22,,,2658.0,62.7,,,1.5319884726224784,2.2222222222222223,,2.95,-1.437632135306554,3.52,,13.0,-1.9596541786743515,,,,,-0.9425631558556136,0.5704753961634695,,,,0.09,,,,68.85,
HILINFRA,2026-08-22,,,328.0,12.7,,,0.41051314142678347,1.440251572327044,,18.8,6.896551724137931,18.8,,2.3,3.254067584480601,-43.19056169755917,,-16.015586849445274,,11.719946515361768,0.45614035087719296,,,,0.0,,,,70.04,
HIMATSEIDE,2026-08-22,,,907.0,16.2,,,0.36587333602258976,0.4241176470588235,,2.97,0.9489916963226572,8.8,,13.0,2.2589753933037517,-26.989820918280717,,-20.786397584704254,,-4.441696468869405,1.2312003736571695,,,,0.35,,,,37.48,
HINDALCO,2026-08-22,Metals & Mining,,232363.0,11.2,,0.646298918120479,0.7862399631856587,1.700657894736842,,13.0,4.758022635422318,13.2,,14.0,5.549220571366698,17.329442593793985,,3.6202010705201237,,11.022628851889916,0.7260420403710565,,,,0.48,,,,34.67,
HINDCOMPOS,2026-08-22,,,608.0,34.8,,,2.751131221719457,0.5316129032258065,,0.42,2.5316455696202533,0.48,,14.0,14.479638009049776,-2.0443709441912095,,8.402664650074488,,-9.484003590524049,0.0017467248908296944,,,,0.49,,,,74.97,
HINDCON,2026-08-22,,,114.0,26.3,,,1.5957446808510638,1.9821428571428572,,5.81,5.307883383448816,7.85,,7.03,5.683090705487122,-11.454878423837101,,0.2398109084068123,,3.459760326988759,0.18914185639229422,,,,0.0,,,,68.81,
HINDCOPPER,2026-08-22,Metals & Mining,,55381.0,45.9,,0.8086127747375583,15.832189822755861,16.560693641618496,,32.9,25.747282608695656,42.5,,50.0,32.504288164665525,56.76388184059695,,24.87208991307639,,26.77000379437151,0.03320370924319473,,,,0.17,,,,66.14,
HINDOILEXP,2026-08-22,,,2066.0,82.2,,,6.909698996655519,1.4857142857142858,,2.34,1.1515430677107323,3.41,,28.0,8.361204013377927,-51.9437424066632,,4.7020851401835095,,-26.368588899536306,0.036127167630057806,,,,0.0,,,,,
HINDPETRO,2026-08-22,Oil Gas & Consumable Fuels,,77293.0,46.2,,,0.16391958093864653,1.1785714285714286,,30.9,0.8228932750265925,22.2,,1.5,0.3543783004262719,-52.92736811164601,,-25.532672391518073,,2.814469739804304,0.8536823479162853,,,,6.68,,,,54.9,
HINDUNILVR,2026-08-22,Fast Moving Consumer Goods,,473443.0,42.9,,3.2192879224905453,7.167731484285109,9.734299516908212,,31.0,18.775238907421805,28.4,,23.0,22.665475685823292,13.32592829000867,,10.993602763095955,,2.189858107427378,0.03032479123494532,,,,2.03,,,,61.9,
HINDWAREAP,2026-08-22,,,1661.0,,,,0.6378648233486943,2.2587968217934167,,0.14,-0.24469820554649263,7.07,,8.0,-0.2304147465437788,,,,,-2.3899992331492315,1.1614654002713705,,,,0.0,,,,52.74,
HINDZINC,2026-08-22,Metals & Mining,,251364.0,14.7,,0.48907079753301946,5.368731311405383,11.100746268656716,,76.6,40.280859098418695,69.5,,56.0,36.452370781717214,30.05699803412927,,12.125890598135847,,17.404384927197537,0.3856997657872641,,,,1.85,,,,60.71,
HIRECT,2026-08-22,,,4516.0,115.0,,2.3576453271119293,4.3298178331735375,20.98846787479407,,25.2,4.833836858006042,18.8,,7.0,3.0680728667305845,48.77748093725056,,,,26.27523426741629,1.1722488038277512,,,,0.11,,,,42.58,
HISARMETAL,2026-08-22,,,80.6,16.9,,,0.3053030303030303,1.221311475409836,,4.96,3.048780487804878,7.92,,6.0,1.893939393939394,-9.7377067041029,,-16.973364927368962,,2.9428498400178693,1.3384615384615384,,,,0.67,,,,61.21,
HITECH,2026-08-22,,,1653.0,22.0,,2.6561895845231978,0.3428038158440481,1.2408536585365855,,5.88,3.705533596837945,9.77,,3.8,1.5553712152633763,8.282541324680759,,2.487148137172812,,21.341150152726264,0.2010502625656414,,,,0.03,,,,43.43,
HLEGLAS,2026-08-22,,,2216.0,56.2,,9.59512983378147,1.6175182481751824,4.148244473342002,,10.8,2.9667149059334297,11.8,,9.0,2.9927007299270074,5.857138045400623,,-9.54303310290564,,12.274656910147419,0.651685393258427,,,,0.34,,,,65.64,
HLVLTD,2026-08-22,,,434.0,2.55,,,2.9726027397260273,0.9075862068965518,,47.2,29.393939393939394,7.85,,-25.0,132.87671232876713,,,,,-40.63928212880632,0.07221006564551423,,,,0.0,,,,39.07,
HMAAGRO,2026-08-22,,,1100.0,5.13,,0.17904627423581604,0.13917004048582995,1.1702127659574468,,19.0,8.91007045171985,16.0,,2.1,2.7201417004048585,28.651810946054333,,12.079369870567437,,17.98053375704547,0.9032943676939427,,,,1.37,,,,75.0,
HMVL,2026-08-22,,,679.0,4.23,,0.0391223087494604,0.8562421185372006,0.4283720930232558,,9.95,3.64963503649635,11.5,,13.0,11.349306431273645,108.12245328078558,,17.17306650497854,,4.047945550332521,0.0535264483627204,,,,0.0,,,,74.4,
HNDFDS,2026-08-22,,,7813.0,48.3,,2.7471929912355924,1.7756818181818181,6.615384615384615,,14.8,4.977945809703844,14.2,,9.0,3.5909090909090913,17.58158242034402,,27.22596365393921,,16.889910050240786,0.9339055793991416,,,,0.0,,,,61.84,
HOMEFIRST,2026-08-22,Financial Services,,12478.0,21.5,,1.2380759874537661,,2.8564593301435406,,15.7,3.830685039889233,11.1,,,,17.365654626915926,,21.327201233139604,,,,,,,0.44,,,,6.98,
HONASA,2026-08-22,Fast Moving Consumer Goods,,15711.0,62.2,,2.045988195565699,6.153936545240893,11.105990783410139,,15.7,11.90248565965583,19.2,,12.0,9.753231492361927,30.40095741256328,,-78.12192028353874,,9.963831083869223,0.0956768249468462,,,,0.62,,,,35.47,
HONAUT,2026-08-22,Capital Goods,,32443.0,58.0,,18.119473089236227,6.89836274718265,7.271646522686744,,12.6,8.845721624658854,17.0,,14.0,11.715926004677865,3.2009760832645062,,10.197891749537513,,5.039902997003209,0.024647098364328927,,,,0.3,,,,75.0,
HONDAPOWER,2026-08-22,,,2097.0,28.7,,,2.33,2.611111111111111,,8.61,6.333973128598848,11.5,,10.0,7.333333333333333,-10.616857821825054,,-2.446720764675736,,-3.0944302548181146,0.0012453300124533001,,,,6.12,,,,66.67,
HPAL,2026-08-22,,,322.0,134.0,,,1.2983870967741935,1.715686274509804,,4.08,0.8620689655172413,5.66,,2.5,0.8064516129032258,-55.304823245171605,,,,1.6669728629223002,0.0213903743315508,,,,1.14,,,,71.35,
HPIL,2026-08-22,,,144.0,93.6,,,1.4472361809045227,2.8701594533029615,,3.32,1.829988193624557,6.96,,3.94,1.5577889447236182,,,,,,0.4453965723395776,,,,0.0,,,,74.85,
HPL,2026-08-22,,,2041.0,21.4,,0.7657425676522683,1.0504374678332475,2.032051282051282,,9.92,3.7948290241868223,13.5,,15.0,4.683479155944416,27.946728971345316,,63.59806856918955,,9.969992361575164,0.755,,,,0.32,,,,72.66,
HSCL,2026-08-22,Chemicals,,33019.0,41.3,,1.7192032739242922,6.6383192601527945,7.009646302250804,,17.8,12.749762131303521,22.1,,20.0,16.164053075995174,24.022755555675325,,74.61792404925791,,5.926211431119022,0.16362090947726307,,,,0.12,,,,52.49,
HTMEDIA,2026-08-22,,,642.0,5.27,,,0.33860759493670883,0.3965517241379311,,8.06,0.15117157974300832,7.42,,7.0,0.31645569620253167,,,,,3.806100462677753,0.47313156269302037,,,,0.0,,,,69.5,
HUBTOWN,2026-08-22,,,2764.0,29.4,,,4.516339869281046,1.054054054054054,,5.9,1.7137416693113299,9.52,,23.0,17.647058823529413,,,,,33.36562525354321,0.4554794520547945,,,,0.0,,,,33.17,
HUDCO,2026-08-22,Financial Services,,37253.0,8.75,,0.3335868468274102,,1.690909090909091,,20.0,2.5503782111988875,8.41,,,,26.23005098437541,,19.926866846325055,,,,,,,3.25,,,,75.0,
HUHTAMAKI,2026-08-22,,,2068.0,24.4,,2.6863251070168044,0.9494949494949495,2.9430719656283566,,13.0,5.380894800483675,17.6,,11.0,4.0863177226813585,9.083040595595104,,,,26.10801315512148,0.6026587887740029,,,,0.73,,,,67.73,
HYUNDAI,2026-08-22,Automobile and Auto Components,,180287.0,36.4,,,2.5505694277428024,9.020325203252032,,29.9,14.39076851528892,38.4,,11.0,7.004314918299498,,,,,0.40695883957124757,0.05485885585810642,,,,0.95,,,,82.5,
ICDSLTD,2026-08-22,,,53.6,82.4,,,24.035874439461885,1.7869565217391306,,3.7,1.968503937007874,4.83,,-4.04,29.14798206278027,-32.168387303300996,,-35.76324214382803,,-0.7364037453166938,0.0,,,,0.0,,,,51.4,
ICEMAKE,2026-08-22,,,1139.0,95.1,,,1.547554347826087,8.564650059311981,,9.49,2.380952380952381,11.6,,6.0,1.6304347826086956,-23.022674484769023,,10.248114775861804,,24.87111936851718,1.1879699248120301,,,,0.31,,,,74.2,
ICICIAMC,2026-08-22,Financial Services,,161608.0,54.9,,,32.47096644564999,,,,,,,73.0,53.2650190878039,,,,,,,,,,0.83,,,,87.59,
ICICIBANK,2026-08-22,Financial Services,,1019048.0,18.2,,2.416281196070515,,2.6944971537001896,,15.9,2.05030162998911,7.18,,,,7.532235912607277,,16.74042117473613,,,,,,,0.85,,,,,
ICICIGI,2026-08-22,Financial Services,,80774.0,33.3,,4.285900025011615,2.9173980568497853,4.741935483870968,,16.6,3.1900776497483934,21.9,,11.0,8.769458590674324,7.769663269247573,,13.488196608493276,,10.407809879278297,0.0,,,,0.83,,,,51.22,
ICICIPRULI,2026-08-22,Financial Services,,74717.0,46.5,,1.8447448796900419,1.1793014189434474,5.4787234042553195,,12.6,0.502916477708102,10.1,,2.1,2.53799895828401,25.206737534250824,,10.736670979204966,,7.869207622462593,0.19037488078644266,,,,0.32,,,,72.73,
ICIL,2026-08-22,Textiles,,8785.0,58.2,,,2.001138952164009,3.73109243697479,,5.52,3.36228011578713,8.19,,10.0,3.439635535307517,-23.59263725083547,,-15.97549824408393,,7.265538742662558,0.5696095076400679,,,,0.34,,,,58.74,
ICRA,2026-08-22,,,4792.0,24.4,,2.7349156014080602,7.5109717868338555,4.059689288634505,,16.7,13.23430114787306,23.0,,36.0,30.721003134796238,8.921664707838794,,11.698129129806233,,12.675269802821365,0.015241320914479255,,,,1.41,,,,51.86,
IDBI,2026-08-22,Financial Services,,88428.0,9.49,,0.5504370520309695,,1.2884012539184955,,14.1,1.9989901280740117,5.92,,,,17.240845188354182,,29.724324794194423,,,,,,,2.55,,,,94.72,
IDEA,2026-08-22,Telecommunication,,151030.0,,,,3.316497946814818,-4.212121212121213,,,19.519908156342954,-1.72,,43.0,82.14058279716288,,,,,2.2071699281710044,-5.3841937468538505,,,,0.0,,,,25.64,
IDFCFIRSTB,2026-08-22,Financial Services,,74789.0,32.4,,,,1.5444839857651245,,3.76,0.5765743230567194,5.98,,,,-12.993357350729596,,67.14995100080594,,,,,,,0.29,,,,0.0,
IEX,2026-08-22,Financial Services,,11030.0,21.8,,1.6604697158275528,17.45253164556962,8.104575163398692,,39.4,20.8128078817734,51.4,,85.0,80.22151898734177,13.128815173322938,,10.588703035888592,,12.070225491681509,0.008064516129032258,,,,2.83,,,,,
IFBIND,2026-08-22,Consumer Durables,,5645.0,33.1,,0.7022948000608248,0.9623252642345721,5.662601626016261,,15.7,6.44122383252818,19.5,,6.0,2.727582679849983,47.13120472646708,,,,9.74504483144063,0.15678391959798996,,,,0.0,,,,74.96,
IFCI,2026-08-22,Financial Services,,21800.0,122.0,,11.255269316855909,,2.4367469879518073,,2.09,1.6296575084681975,5.03,,,,10.839367461184835,,,,,,,,,0.0,,,,72.57,
IFGLEXPOR,2026-08-22,,,1526.0,35.6,,,0.7813620071684588,1.3006134969325154,,3.22,2.459508098380324,4.92,,7.0,2.0993343573988734,-20.559956137280132,,-11.978660304541966,,6.016736168636827,0.1778723404255319,,,,1.02,,,,72.44,
IGARASHI,2026-08-22,,,1398.0,,,,7.943181818181818,,,-6.68,0.53475935828877,,,-0.2,0.5681818181818182,,,,,,0.8732394366197183,,,,0.29,,,,75.0,
IGCL,2026-08-22,,,460.0,12.0,,,0.672514619883041,1.0027548209366393,,10.9,4.738760631834751,12.2,,11.0,5.701754385964912,-20.191429924556314,,-11.521966293980256,,7.408588157813001,0.39869281045751637,,,,0.0,,,,69.05,
IGIL,2026-08-22,Services,,14719.0,24.1,,,10.798972853998533,9.912790697674419,,55.8,32.91958985429034,69.2,,61.0,44.754218635363166,,,,,14.922881426253575,0.0961021505376344,,,,0.75,,,,76.55,
IGL,2026-08-22,Oil Gas & Consumable Fuels,,20702.0,15.2,,,1.2293349168646082,1.8004866180048662,,14.0,7.951609114399812,17.9,,10.0,8.040380047505938,-11.828138181569836,,-1.9577411623663554,,6.350128053434112,0.008518776077885953,,,,2.2,,,,45.0,
IGPL,2026-08-22,,,1463.0,17.9,,0.6536612003053328,0.7057404727448143,1.0969976905311778,,0.16,3.5652173913043477,3.11,,10.0,3.9556198745779065,27.384216764952086,,-20.945575144070272,,-0.41461168208398735,0.27156789197299325,,,,1.05,,,,68.74,
IIFL,2026-08-22,Financial Services,,28917.0,13.8,,2.3266381390345945,,2.079510703363914,,12.6,2.535201771045209,10.9,,,,5.931304816367411,,11.919749409905457,,,,,,,0.59,,,,24.84,
IIFLCAPS,2026-08-22,Financial Services,,10566.0,18.5,,5.812355776767845,4.341002465078061,3.4146341463414633,,16.2,5.984515589035363,21.1,,35.0,23.500410846343467,3.182874674317948,,12.665083827423196,,3.161653284843058,0.5941272430668841,,,,0.89,,,,30.67,
IITL,2026-08-22,,,337.0,,,,,0.7853403141361257,,-2.84,-1.9168054806090609,-3.5,,142.96,201.7283950617284,,,,,,0.004573418456181079,,,,0.0,,,,57.4,
IKIO,2026-08-22,,,1481.0,31.8,,,2.299689440993789,2.464698331193838,,7.13,6.426735218508997,9.49,,14.0,7.763975155279502,-8.428539093881838,,-21.511498875435464,,13.71137706608958,0.11627906976744186,,,,0.0,,,,72.55,
IKS,2026-08-22,Information Technology,,30662.0,40.2,,1.4841209333119938,9.16103973707798,13.633587786259541,,40.3,21.186910704381585,36.9,,34.0,22.826411711980878,27.086741449221986,,26.736111244845382,,22.56146527325933,0.34181169120928157,,,,0.0,,,,63.72,
IMAGICAA,2026-08-22,,,2765.0,217.0,,,6.861042183622828,2.2027027027027026,,0.05,0.798175598631699,1.86,,33.0,3.4739454094292808,-71.86889765194765,,,,14.424122008519568,0.27352472089314195,,,,0.0,,,,74.02,
IMFA,2026-08-22,Metals & Mining,,7466.0,14.2,,0.9384870801301708,2.373926868044515,2.746031746031746,,16.8,12.161223071577485,18.4,,24.0,16.69316375198728,15.130735734828038,,0.6654799303134284,,4.197816423529388,0.3524650478292862,,,,0.9,,,,58.69,
IMPAL,2026-08-22,,,1363.0,17.4,,1.9561553380611547,1.8100929614873837,0.5397923875432526,,3.72,2.7455121436114043,4.58,,8.0,10.358565737051793,8.894999114562152,,9.626809269328419,,5.241610656687468,0.0,,,,3.02,,,,35.21,
INA,2026-08-22,,,2068.0,10.6,,0.21531475649660314,0.819009900990099,2.5628415300546448,,28.1,9.095127610208817,22.2,,12.0,7.762376237623762,49.23025329277526,,80.60879150320153,,50.75253767965031,1.100371747211896,,,,0.11,,,,66.12,
INCREDIBLE,2026-08-22,,,154.0,13.1,,0.5171233276206313,0.18465227817745802,0.9821428571428571,,7.62,5.429864253393665,10.6,,2.8,1.4388489208633095,25.332448374114612,,27.09175875210739,,0.7299528414196788,0.21656050955414013,,,,0.0,,,,74.97,
INDBANK,2026-08-22,,,144.0,19.8,,,5.687203791469194,1.4594594594594594,,7.36,5.985057657950301,10.3,,40.68,29.10742496050553,-6.487281315044447,,1.1210771553102683,,0.7482907888502144,0.0,,,,0.0,,,,64.84,
INDGN,2026-08-22,Healthcare,,13679.0,32.9,,10.153046090559034,3.5874639391555205,4.369230769230769,,14.4,8.679653679653681,18.8,,17.0,10.51665355363231,3.2404068401297392,,-55.33992610076447,,13.75985078351234,0.04587448231920994,,,,0.4,,,,,
INDHOTEL,2026-08-22,Consumer Services,,103911.0,53.5,,2.7556880743659584,10.404626013817964,7.960741548527808,,14.2,11.418822016715296,17.1,,33.0,23.120056072894762,19.414388913487436,,,,13.842260822389441,0.2173613239350291,,,,0.45,,,,38.12,
INDIACEM,2026-08-22,Construction Materials,,11494.0,85.1,,,2.56619781201161,1.1345565749235473,,0.37,0.6864134895172722,1.24,,10.0,2.054029917392275,,,3.3282677198680277,,-3.588626445050125,0.12890161991307783,,,,0.0,,,,75.0,
INDIAGLYCO,2026-08-22,Fast Moving Consumer Goods,,7685.0,24.2,,1.2251291102571753,1.7867937688909556,2.6164383561643834,,11.3,4.844396749961674,12.4,,16.0,7.347128574750059,19.75302014897027,,-2.650488048558397,,9.298772001831734,0.5765427889532901,,,,0.65,,,,59.63,
INDIAMART,2026-08-22,Consumer Services,,10478.0,21.2,,1.5341232434586265,6.504034761018001,4.365914786967418,,20.7,10.659459459459459,28.0,,30.0,30.60211049037865,13.818967993865572,,11.005629885583733,,10.407979781575815,0.009583333333333333,,,,1.72,,,,49.07,
INDIANB,2026-08-22,Financial Services,,118115.0,9.24,,0.6186605821165752,,1.4077046548956662,,15.4,1.2895931937072451,6.32,,,,14.93549171726427,,23.332616656941706,,,,,,,2.08,,,,73.84,
INDIANCARD,2026-08-22,,,124.0,18.1,,,2.9411764705882355,0.36395147313691506,,1.34,1.6313836752509823,2.01,,-31.81,14.184060721062622,-9.12892796910464,,-49.972957667620754,,-8.734442233297457,0.009271677648842498,,,,0.0,,,,67.33,
INDIANHUME,2026-08-22,,,2068.0,22.1,,0.982619453954223,1.5895465026902382,1.3936170212765957,,4.21,5.099857346647646,9.51,,11.0,10.991544965411222,22.490904195989557,,17.823986376590707,,-2.1580686328497967,0.2808080808080808,,,,0.51,,,,72.34,
INDIASHLTR,2026-08-22,Financial Services,,7358.0,14.6,,1.5667939696813404,,2.295918367346939,,17.0,5.231409256370255,12.8,,,,9.318391749343657,,17.872813541235267,,,,,,,1.48,,,,46.05,
INDIGO,2026-08-22,Services,,197587.0,,,,2.218832116788321,28.38888888888889,,-27.1,-3.5352421287922238,5.24,,11.0,-5.39921392476137,,,,,8.925567144997594,11.153206139721703,,,,0.2,,,,41.57,
INDIGOPNTS,2026-08-22,Consumer Durables,,5498.0,33.3,,11.287205698751913,3.7503410641200547,4.760330578512397,,13.7,10.006138735420503,18.6,,19.0,11.118690313778991,2.9502430352343234,,,,3.927448334117889,0.018197573656845753,,,,0.43,,,,53.88,
INDIQUBE,2026-08-22,,,4009.0,,,,2.563299232736573,7.777777777777778,,-42.2,-1.4283520196590385,6.38,,61.0,-5.946291560102302,,,,,23.465392575532373,10.110679611650486,,,,0.0,,,,60.11,
INDNIPPON,2026-08-22,,,2501.0,27.4,,0.8537456994561045,2.3417602996254683,3.046831955922865,,11.9,10.402999062792876,17.0,,11.0,10.393258426966293,32.09386591048799,,22.90801650403138,,17.640213614158395,0.00243605359317905,,,,1.4,,,,70.37,
INDOBORAX,2026-08-22,,,1643.0,33.6,,2.5766117479429114,7.081896551724138,4.266666666666667,,10.1,13.82716049382716,15.4,,22.0,24.137931034482758,13.040381433805548,,9.146406619197833,,6.6968355618288955,0.0025906735751295338,,,,1.95,,,,38.41,
INDOCO,2026-08-22,,,2089.0,,,,1.1153230112119594,2.215686274509804,,-9.42,0.11569610489780179,0.93,,9.0,0.16017084890549918,-61.48887601614237,,-48.476647868520615,,1.0169573534745346,1.1608093716719914,,,,0.09,,,,58.86,
INDOFARM,2026-08-22,,,681.0,27.3,,3.3393549337884068,1.5,1.2241379310344827,,4.54,3.2467532467532463,7.42,,13.0,5.506607929515418,8.175231606491407,,-6.620832840504565,,8.039968948668207,0.2697841726618705,,,,0.0,,,,70.62,
INDOMIM,2026-08-22,,,43618.0,67.6,,,10.402575721440495,,,23.4,10.904635491117011,25.0,,26.0,12.735511566897209,-39.22848906791354,,-28.159904134098003,,15.05519081062312,0.48527846754168147,,,,0.0,,,,77.65,
INDORAMA,2026-08-22,,,1637.0,9.99,,,0.3604932834177494,3.1507537688442215,,34.4,4.963008631319359,17.9,,7.0,3.5454745650737722,,,-9.711954855256577,,5.447106800065904,2.1965317919075145,,,,0.0,,,,74.84,
INDOSTAR,2026-08-22,,,4092.0,,,,,1.0811965811965811,,-23.6,-4.139960071451087,-2.58,,,,,,,,,,,,,0.0,,,,70.36,
INDOTHAI,2026-08-22,,,793.0,11.6,,0.16097759190985644,7.209090909090909,1.1525096525096525,,28.6,18.449197860962567,34.6,,83.0,62.727272727272734,72.05971876194867,,52.44194554372106,,52.52592370221958,0.0880281690140845,,,,0.34,,,,56.07,
INDOUS,2026-08-22,,,172.0,33.9,,,3.482486333265843,4.076190476190476,,16.9,9.097446961524632,15.4,,13.75,10.244988864142538,,,,,,0.33341989093741886,,,,0.29,,,,68.29,
INDPRUD,2026-08-22,,,1054.0,17.3,,2.4110209492458616,175.66666666666666,1.240141955835962,,7.71,6.931818181818182,7.72,,83.0,1016.6666666666666,7.175383525975265,,10.553923015265454,,0.0,0.0,,,,1.91,,,,68.17,
INDRAMEDCO,2026-08-22,,,3389.0,18.0,,1.207847209005285,2.223753280839895,4.579207920792079,,27.5,18.970736629667005,35.8,,18.0,12.335958005249344,14.90254716473931,,26.267900813609323,,6.9724325738784065,0.04993252361673414,,,,1.08,,,,51.0,
INDSWFTLAB,2026-08-22,,,2866.0,44.0,,,4.309774436090225,2.0754716981132075,,3.87,3.407053197848177,4.7,,9.0,8.571428571428571,-54.45608246108551,,,,-19.63057919638651,0.01300578034682081,,,,0.0,,,,42.93,
INDTERRAIN,2026-08-22,,,154.0,187.0,,,0.3938618925831202,0.834710743801653,,-2.74,0.0,8.8,,10.0,0.0,,,,,-4.997003221002583,0.5543478260869565,,,,0.0,,,,31.55,
INDUSINDBK,2026-08-22,Financial Services,,78350.0,59.2,,,,1.1919431279620853,,1.36,0.24328571901787652,5.68,,,,-47.20809930553387,,-22.835772596224903,,,,,,,0.15,,,,15.82,
INDUSTOWER,2026-08-22,Telecommunication,,99129.0,13.9,,2.112080766241592,3.016064745793653,2.506666666666667,,18.6,10.03155016476197,19.5,,55.0,21.76651352420361,6.581187718845993,,2.775999268813867,,4.743307184111467,0.532891086112092,,,,3.73,,,,51.26,
INFOBEAN,2026-08-22,,,1527.0,18.0,,0.32175987881914647,2.756317689530686,3.708920187793427,,23.2,17.598343685300208,29.2,,22.0,15.342960288808664,55.94233832403128,,9.013019205644346,,14.505882843885122,0.036231884057971016,,,,0.32,,,,72.82,
INFOMEDIA,2026-08-22,,,25.6,,,,0.18285714285714286,2.410377358490566,,-107.0,-38.333333333333336,-38.5,,-19.0,-32.857142857142854,,,,,-8.707155808635525,1.9090909090909092,,,,0.0,,,,50.69,
INFY,2026-08-22,Information Technology,,454908.0,14.6,,2.645896797892968,2.464530669296031,4.982222222222222,,31.9,19.654801410349478,40.0,,24.0,16.42901257977484,5.517977878663505,,7.15395870520994,,6.300037738001096,0.09882393486408478,,,,4.28,,,,13.82,
INGERRAND,2026-08-22,,,14713.0,53.6,,8.441489664380164,10.098146877144819,23.902564102564103,,43.0,26.826826826826828,57.1,,24.0,18.393960192175705,6.349590194509314,,19.420118568497656,,6.741731791087235,0.01461038961038961,,,,1.61,,,,75.0,
INNOVACAP,2026-08-22,,,6229.0,40.4,,2.278256767590798,3.561463693539165,5.696335078534031,,13.7,8.387799564270153,15.0,,15.0,8.80503144654088,17.732856355221994,,-44.9635597899381,,17.396379954873844,0.3153070577451879,,,,0.18,,,,50.9,
INNOVANA,2026-08-22,,,657.0,21.3,,,4.726618705035971,2.409090909090909,,16.0,7.9452054794520555,16.4,,26.0,20.863309352517987,-9.194524580738772,,8.088310289433554,,11.232357561218254,0.21245421245421245,,,,0.0,,,,72.65,
INNOVISION,2026-08-22,,,630.0,36.5,,2.2744019393949277,0.6164383561643836,2.1370967741935485,,19.6,3.5864978902953584,20.3,,2.9,1.663405088062622,16.04817484886172,,-22.147384657282664,,26.07439900700026,0.42517006802721086,,,,0.0,,,,74.17,
INOXGREEN,2026-08-22,Services,,7160.0,58.4,,1.2005905953306664,25.942028985507246,4.188235294117647,,5.62,5.773781353525793,8.42,,9.0,44.20289855072464,48.64272652736838,,,,7.20631161853913,0.051552431165787935,,,,0.0,,,,56.12,
INOXINDIA,2026-08-22,Capital Goods,,17519.0,68.1,,7.437635273382802,10.827564894932015,15.691056910569106,,26.1,12.673956262425449,33.5,,21.0,15.760197775030901,9.156135989043545,,14.321428750498711,,12.61153261105461,0.07251566696508505,,,,0.1,,,,74.86,
INOXWIND,2026-08-22,Capital Goods,,12720.0,36.9,,,2.9007981755986316,1.994579945799458,,7.09,3.4554192906861116,10.5,,20.0,9.509692132269098,,,,,35.92785161294938,0.2486681291131307,,,,0.0,,,,44.18,
INSECTICID,2026-08-22,,,1774.0,14.2,,1.8575109695984389,0.8611650485436894,1.4558472553699284,,12.0,6.25,15.8,,10.0,6.067961165048544,7.644638568713158,,3.461003767130899,,1.5690138002607767,0.12868852459016394,,,,0.33,,,,72.3,
INTELLECT,2026-08-22,Information Technology,,9702.0,26.2,,10.449619831938149,3.0490257699560024,3.0440528634361232,,12.4,7.732980832782552,16.0,,19.0,11.030798240100566,2.5072682472067065,,-0.514126016958838,,8.286180696565015,0.050157728706624605,,,,0.58,,,,29.63,
INTENTECH,2026-08-22,,,201.0,12.8,,,1.608,1.6018867924528304,,11.5,-10.0,7.55,,9.0,-12.8,,,,,3.118135984641923,0.0,,,,1.18,,,,4.68,
INTERARCH,2026-08-22,,,2819.0,20.6,,2.015282941640978,1.4258978249873546,3.1923809523809523,,16.8,10.29976940814758,23.7,,9.0,6.777946383409206,10.22188972791389,,47.64740139919515,,15.204483578230231,0.02043132803632236,,,,0.75,,,,59.44,
INTLCONV,2026-08-22,,,495.0,3.63,,0.12338896384954387,2.323943661971831,1.1654135338345866,,17.4,23.901581722319857,20.6,,20.0,63.84976525821596,29.41916267670659,,54.79464151401607,,16.705574730528006,0.1721698113207547,,,,0.64,,,,70.23,
INVENTURE,2026-08-22,,,90.3,35.1,,,1.805277888844462,0.3269961977186312,,1.27,0.837009087527236,2.22,,4.08,6.297481007596961,-35.15006827519721,,-25.41773292157967,,-6.85181403140006,0.13277030700641562,,,,0.0,,,,26.4,
IOB,2026-08-22,Financial Services,,63566.0,10.7,,0.35796467153436223,,1.6336633663366338,,15.6,1.26016561088844,6.12,,,,29.891217907443334,,27.980320665844904,,,,,,,0.0,,,,92.44,
IOC,2026-08-22,Oil Gas & Consumable Fuels,,191908.0,5.7,,,0.223543417334318,0.8774193548387097,,20.5,6.749384152699905,18.7,,8.0,4.161764603101754,-6.907165213542809,,6.041264745513608,,3.408801764499514,0.6005065643819641,,,,6.07,,,,51.5,
IOLCP,2026-08-22,,,4976.0,28.2,,3.6669259255723836,1.9714738510301109,2.7732463295269167,,8.41,6.494008504058756,11.3,,12.0,6.656101426307448,7.690365328445559,,0.03500175866228972,,5.770891543816847,0.07504168982768204,,,,0.59,,,,62.28,
IONEXCHANG,2026-08-22,Utilities,,5407.0,49.1,,,1.783311345646438,4.041621029572837,,12.1,2.899408284023669,14.1,,6.0,3.2321899736147754,-20.610164237112127,,-9.630760438788554,,8.895609021340656,0.35997012696041825,,,,0.34,,,,25.43,
IPCALAB,2026-08-22,Healthcare,,48488.0,35.3,,1.0453834037044372,4.788465336756864,6.009433962264151,,15.7,11.133603238866396,17.0,,22.0,13.578905787082757,33.767515224472056,,8.178229311466257,,9.740076464702119,0.1003348629542354,,,,0.31,,,,44.72,
IPL,2026-08-22,,,1615.0,15.0,,0.7008725902304115,1.5618955512572534,1.596351197263398,,12.5,8.08383233532934,16.6,,16.0,10.444874274661508,21.401892739262006,,-7.402651069995914,,14.992771701797935,0.10891089108910891,,,,0.53,,,,63.65,
IRB,2026-08-22,Construction,,22888.0,23.3,,1.4145792835754647,2.977881863127765,1.0982658959537572,,4.31,1.7649017649017649,7.48,,54.0,12.412177985948478,16.471328451175495,,21.367153789240856,,1.2310158765060475,0.9559883526659984,,,,0.82,,,,30.81,
IRCON,2026-08-22,Construction,,11730.0,22.4,,,1.2693431446813115,1.7705382436260624,,9.19,2.4405125076266017,9.69,,8.0,5.627096634563359,-17.38997564600532,,-2.433005014439693,,-9.612659841391002,0.8624792890495556,,,,0.96,,,,65.17,
IRCTC,2026-08-22,Consumer Services,,38736.0,28.1,,3.583946533107104,7.140276497695853,8.979591836734695,,34.6,18.37730870712401,46.1,,31.0,25.677419354838708,7.840518752281356,,,,8.391871392141926,0.018797864933859366,,,,1.76,,,,62.4,
IREDA,2026-08-22,Financial Services,,32306.0,16.4,,1.1290111056825383,,2.3421588594704685,,15.6,2.0957700835749615,8.69,,,,14.525986429589155,,20.633935273161462,,,,,,,0.52,,,,71.76,
IRFC,2026-08-22,Financial Services,,112912.0,15.7,,4.072719922809498,,1.990783410138249,,12.8,1.391781309756985,5.64,,,,3.8549176711296207,,3.370199527847717,,,,,,,2.43,,,,82.9,
IRIS,2026-08-22,,,502.0,39.1,,0.28215951949998935,3.6911764705882355,2.5,,89.5,49.40711462450593,10.6,,6.0,91.91176470588235,138.5740947861285,,159.3119734302729,,10.064241629820891,0.009950248756218905,,,,0.0,,,,34.63,
IRISDOREME,2026-08-22,,,1085.0,61.8,,4.6583947839634305,5.398009950248756,7.651006711409396,,14.4,8.823529411764707,16.0,,16.0,8.955223880597014,13.266372402087324,,11.902919127544953,,18.760386903079397,0.23943661971830985,,,,0.0,,,,61.17,
IRMENERGY,2026-08-22,,,1175.0,16.1,,,1.0398230088495575,1.176954732510288,,5.49,5.632716049382716,8.63,,13.0,6.460176991150443,-5.150459182072953,,-16.39993277662919,,8.243106193858907,0.0732196589769308,,,,0.52,,,,50.74,
ISFT,2026-08-22,,,141.0,10.2,,0.8574686215485954,0.25871559633027524,0.5288343558282209,,5.37,4.3343653250774,6.29,,3.1,2.5688073394495414,11.895479022402844,,-0.6521283016835078,,3.9644645669302703,0.06390977443609022,,,,0.0,,,,43.06,
ISGEC,2026-08-22,,,5552.0,21.2,,,0.7444355054974524,2.0295698924731185,,4.19,3.008542775783088,10.8,,8.0,3.258246178600161,-7.007432972289895,,12.48305408650956,,6.248764130943862,0.3475877192982456,,,,0.79,,,,62.43,
ISHANCH,2026-08-22,,,132.0,,,,1.3377926421404682,0.926923076923077,,-5.78,-2.8321418805422085,0.96,,5.35,-7.347724739029086,,,,,8.782154573534262,0.6352634911700556,,,,0.0,,,,40.15,
ITC,2026-08-22,Fast Moving Consumer Goods,,337552.0,17.1,,,4.413136701181885,4.645941278065631,,29.3,21.55558166109551,38.9,,34.0,26.38845309068089,-1.1313187895383048,,5.069604021733376,,4.033442120319464,0.03308646061759554,,,,5.38,,,,,
ITCHOTELS,2026-08-22,Consumer Services,,34365.0,37.3,,,8.066901408450704,2.9464285714285716,,7.89,6.446587537091989,11.2,,35.0,20.399061032863848,,,,,24.191423597193506,0.006347572482415509,,,,0.61,,,,39.85,
ITDC,2026-08-22,,,5869.0,70.9,,8.408124352809185,10.970093457943925,13.874239350912779,,21.0,10.761154855643044,29.8,,17.0,15.327102803738319,8.432320577693652,,81.3071914973297,,1.674489353164632,0.002364066193853428,,,,0.42,,,,87.03,
ITI,2026-08-22,Telecommunication,,26896.0,,,,12.740881099005211,14.09090909090909,,-8.86,3.4663528404835775,1.41,,2.5,15.348176219801044,,,21.434292290611268,,18.644347745947186,0.40136411332633787,,,,0.0,,,,90.02,
IVALUE,2026-08-22,,,1570.0,14.6,,,1.5590863952333665,2.7596153846153846,,19.8,7.217210270645386,25.4,,14.0,10.327706057596822,-51.63888068239522,,-28.95809565084855,,8.88756582484267,0.12147887323943662,,,,0.0,,,,32.1,
IVC,2026-08-22,,,258.0,63.3,,,4.504189944134078,1.3509060955518943,,1.95,2.36543270610421,4.07,,-2.23,10.073324022346368,-20.62994740159002,,-8.538989614534731,,-4.1269484267731364,0.0,,,,6.1,,,,50.42,
IWP,2026-08-22,,,218.0,36.9,,2.0817841822562895,0.9008264462809917,0.6003521126760564,,1.26,1.1363636363636365,3.0,,6.0,2.479338842975207,17.725180311441726,,,,8.020134182489302,0.18732782369146006,,,,0.59,,,,71.25,
IXIGO,2026-08-22,Consumer Services,,7512.0,85.8,,,5.928966061562747,3.640256959314775,,5.54,3.4238488783943333,6.8,,4.6,6.866614048934491,-1.5002267647419743,,,,24.534856646072424,0.02149487054225696,,,,0.0,,,,,
IZMO,2026-08-22,,,1280.0,23.8,,0.9561889381909545,4.35374149659864,3.131868131868132,,12.4,10.931174089068826,12.6,,20.0,18.367346938775512,24.890478282490914,,24.524651546046506,,16.279165941138384,0.012224938875305624,,,,0.0,,,,34.79,
J&KBANK,2026-08-22,Financial Services,,16409.0,7.12,,0.7781651017017543,,0.9675324675324676,,15.4,1.2193056731583405,5.84,,,,9.149729259805417,,31.587801991967,,,,,,,1.44,,,,59.4,
JAGRAN,2026-08-22,,,1349.0,7.15,,8.300091145547025,0.704070981210856,0.6695464362850972,,9.94,6.607604282022887,12.8,,13.0,9.342379958246347,0.8614363233632627,,0.5159748683661869,,-0.31120533194219924,0.054563492063492064,,,,11.3,,,,69.0,
JAGSNPHARM,2026-08-22,,,1560.0,33.2,,1.2653082522982975,5.3061224489795915,5.752427184466019,,17.3,14.195583596214512,22.7,,21.0,15.306122448979592,26.238665510713098,,18.88654957871243,,12.047029690880851,0.028985507246376812,,,,1.69,,,,69.06,
JAIBALAJI,2026-08-22,Metals & Mining,,5799.0,19.8,,0.33236553054127854,1.0022468026270308,2.6065573770491803,,30.7,7.429006085192698,36.1,,9.0,5.063947459384722,59.57296464454191,,,,-1.8800212620600387,0.20666366501575867,,,,0.0,,,,64.84,
JAICORPLTD,2026-08-22,,,1794.0,19.0,,0.8722877833053224,3.3160813308687613,1.2,,12.8,5.965362411802437,13.3,,13.0,17.190388170055453,21.781802248799266,,12.474611314209483,,5.3267680399366135,0.0,,,,0.49,,,,73.91,
JAINREC,2026-08-22,Metals & Mining,,10209.0,28.0,,,0.952509796603844,6.548672566371681,,30.4,10.644589000591367,25.7,,5.0,3.3588356036573987,-36.055912218203055,,,,34.26682320654819,0.8174247277386291,,,,0.0,,,,73.59,
JAIPURKURT,2026-08-22,,,51.3,26.4,,0.5969480079234293,0.4310924369747899,0.7774566473988439,,3.34,1.5625,7.53,,8.0,1.680672268907563,44.22495703074083,,24.57309396155174,,38.28597917878507,0.5757575757575758,,,,0.0,,,,41.65,
JAMNAAUTO,2026-08-22,Automobile and Auto Components,,4856.0,20.1,,4.631666313453621,1.8324528301886793,4.21602787456446,,22.4,14.199029126213592,27.5,,15.0,8.830188679245284,4.3396908671109236,,10.630845659060938,,2.9734742736860387,0.010462074978204011,,,,0.82,,,,49.84,
JARO,2026-08-22,,,987.0,24.9,,,4.959798994974874,,,40.6,18.81188118811881,40.2,,31.0,19.09547738693467,,,,,60.64625770694035,0.3504273504273504,,,,1.13,,,,61.43,
JASH,2026-08-22,,,2986.0,34.7,,4.270134004696602,3.9393139841688654,5.749086479902558,,16.0,9.761634506242906,17.7,,15.0,11.345646437994723,8.126208676784952,,20.405166066943647,,13.677147681754587,0.19845857418111754,,,,0.13,,,,43.24,
JAYAGROGN,2026-08-22,,,662.0,12.2,,6.38272014879046,0.2616600790513834,1.0886699507389161,,8.53,5.4989816700611,11.6,,4.4,2.1343873517786562,1.9114107646270417,,-9.315930591400512,,5.574902030109241,0.21475409836065573,,,,1.59,,,,67.13,
JAYBARMARU,2026-08-22,,,1359.0,9.83,,0.15746392915111973,0.518504387638306,1.9595645412130638,,22.3,7.536865101037685,16.6,,11.0,5.265165967188096,62.42699552204143,,37.48126193606729,,4.572494812772043,0.7629310344827587,,,,0.56,,,,59.35,
JAYKAY,2026-08-22,,,2019.0,49.5,,0.2698670859168145,7.795366795366795,2.9300567107750473,,11.7,23.980815347721823,8.18,,11.0,77.22007722007721,183.42362808652473,,56.1548932202264,,69.6971824032837,0.05652173913043478,,,,0.0,,,,65.19,
JAYNECOIND,2026-08-22,Capital Goods,,9699.0,,,,3.696265243902439,3.0090361445783134,,-0.87,-1.3243167089320935,2.93,,9.0,-3.5823170731707314,,,,,1.0241832549034102,1.9396511079679397,,,,0.0,,,,55.15,
JAYSREETEA,2026-08-22,,,294.0,,,,0.3107822410147992,0.7445255474452555,,-7.51,-2.301255230125523,0.51,,2.6,-2.3255813953488373,,,,,8.433233915018823,1.0580808080808082,,,,0.49,,,,50.68,
JBCHEPHARM,2026-08-22,Healthcare,,38677.0,53.8,,2.8917136478252994,9.324252651880425,9.301158301158301,,18.9,14.288593309149537,25.4,,27.0,17.092574734811958,18.604885044706986,,8.799140895323454,,9.619721834441886,0.0009617696561673479,,,,0.91,,,,48.8,
JBMA,2026-08-22,Automobile and Auto Components,,15939.0,69.3,,8.844243294325844,2.5392703520790185,10.36923076923077,,15.6,3.2971506105834463,14.8,,11.0,3.8712760873028516,7.835605341664498,,7.5109947879521854,,7.811982546061325,1.9681611435997401,,,,0.13,,,,67.53,
JETFREIGHT,2026-08-22,,,104.0,13.7,,0.056120070318689305,0.20634920634920634,1.457516339869281,,10.0,4.166666666666666,13.6,,4.0,1.5873015873015872,244.11943752389735,,20.559524410939577,,7.918372687688935,1.0422535211267605,,,,0.0,,,,50.92,
JGCHEM,2026-08-22,,,2437.0,32.4,,0.9380583093959161,2.2754435107376283,4.607407407407408,,13.3,13.708260105448156,18.1,,9.0,7.282913165266107,34.53943073204555,,-43.3169164322138,,17.15794549998193,0.011363636363636364,,,,0.16,,,,70.99,
JHS,2026-08-22,,,72.5,,,,0.6651376146788991,0.4145,,-1.11,-0.9302325581395349,-0.78,,2.8,-1.834862385321101,,,,,15.360213129419042,0.08620689655172414,,,,0.0,,,,33.85,
JINDALPHOT,2026-08-22,,,1072.0,,,,53.6,1.0534274193548387,,-2.29,-4.98793242156074,-1.38,,-506.0,-310.0,,,,,0.0,0.06366307541625857,,,,0.0,,,,74.2,
JINDALPOLY,2026-08-22,,,2792.0,47.7,,,1.1936725096194956,0.9153515064562411,,-0.58,-11.356864542745818,-2.03,,-25.0,-42.36853356135101,,,,,-15.855324063734589,1.3123566043920025,,,,0.93,,,,74.54,
JINDALSAW,2026-08-22,Capital Goods,,18651.0,28.5,,,1.0212451404479002,1.482233502538071,,8.2,2.7860189134062674,10.4,,11.0,3.2908065487597873,-26.952380178248013,,9.676354260748132,,-4.4844470151159666,0.3730714172101161,,,,0.69,,,,63.25,
JINDALSTEL,2026-08-22,Metals & Mining,,115046.0,37.3,,,2.0393526314856505,2.2605210420841684,,8.22,2.7746197572591798,9.7,,16.0,4.802084625884104,-22.92742458783412,,-13.92369378603393,,3.86002116014843,0.4442130493722863,,,,0.18,,,,62.71,
JINDRILL,2026-08-22,,,1863.0,9.56,,0.17279882305485153,1.8300589390962672,1.0238853503184713,,12.5,7.508799374266719,15.4,,33.0,18.860510805500983,55.324450890301314,,24.34457292820884,,18.164640490333063,0.0510989010989011,,,,0.16,,,,66.78,
JINDWORLD,2026-08-22,,,3542.0,41.8,,10.857475527310624,1.54,4.114219114219114,,7.79,5.123568414707655,8.63,,5.0,3.6956521739130435,3.8498820370220788,,-5.077196235991799,,8.233952353442643,0.6488372093023256,,,,0.0,,,,61.76,
JIOFIN,2026-08-22,Financial Services,,161117.0,78.0,,9.575439507496968,32.84750254841998,1.1563981042654028,,1.19,1.2638636544378987,1.86,,66.0,42.120285423037714,8.14584019239335,,,,38.281802711043824,0.1626261645237686,,,,0.25,,,,49.13,
JISLDVREQS,2026-08-22,,,40.8,,,,,,,,,,,,,,,,,,,,,,0.0,,,,30.37,
JISLJALEQS,2026-08-22,,,2032.0,,,,0.31939641622131404,0.3406593406593406,,-0.48,-0.5698711595639246,5.3,,12.0,-1.0845646023263125,,,,,1.500493340211717,0.736068376068376,,,,0.0,,,,26.68,
JITFINFRA,2026-08-22,,,794.0,,,,0.27173169062286107,-1.545,,,-0.14104372355430184,15.4,,20.0,-0.23956194387405885,,,,,4.849754029382924,-7.692007797270955,,,,0.0,,,,63.03,
JKCEMENT,2026-08-22,Construction Materials,,40566.0,41.5,,6.763456721918592,2.8168877161308243,5.762897914379803,,15.6,5.07027027027027,15.1,,16.0,6.513436566905076,6.135915657670932,,6.592177336621341,,7.612248474846828,0.8786414665340344,,,,0.38,,,,45.66,
JKIL,2026-08-22,,,3831.0,9.85,,2.0494738327238147,0.6662608695652174,1.1370786516853932,,12.4,6.148136194933032,18.4,,14.0,6.626086956521739,4.806111618858311,,29.25081342767819,,5.6279883463185465,0.18432769367764915,,,,0.79,,,,46.64,
JKLAKSHMI,2026-08-22,Construction Materials,,6945.0,18.1,,,1.0027432861680623,1.7859424920127795,,10.7,4.340196537201685,12.0,,14.0,5.3566272018481085,-10.440397787633005,,-5.433589533957517,,0.6731253268010828,0.6654657745753989,,,,1.16,,,,45.12,
JKPAPER,2026-08-22,Forest Materials,,7104.0,21.7,,,0.9706244022407433,1.2894736842105263,,4.77,3.105118222391036,7.39,,13.0,4.4678234731520705,-35.342146206517434,,-10.985815286752675,,3.2002883519525627,0.46702898550724636,,,,1.02,,,,52.94,
JKTYRE,2026-08-22,Automobile and Auto Components,,10802.0,15.0,,,0.6584979273347964,1.7857142857142858,,16.0,4.128440366972478,15.5,,12.0,4.005120702267739,-8.387133844381045,,22.14349522606667,,3.0228436499744715,0.805477643953143,,,,1.07,,,,51.72,
JLHL,2026-08-22,Healthcare,,10155.0,53.1,,26.542988494868446,6.517971758664955,6.581740976645435,,13.1,7.955988150655946,14.8,,22.0,12.066752246469834,2.0005283131651064,,23.265060804272085,,13.2372317323026,0.3779935275080906,,,,0.06,,,,40.91,
JMA,2026-08-22,,,207.0,6.47,,0.8330586661507807,0.32192846034214617,0.7558333333333334,,11.4,9.34844192634561,15.3,,6.0,5.132192846034215,7.7665598629388155,,5.747097874829121,,6.387328958558625,0.0,,,,2.2,,,,51.0,
JMFINANCIL,2026-08-22,Financial Services,,12272.0,11.6,,0.3192972354997061,2.935885167464115,1.1531531531531531,,11.9,4.218399969624483,11.6,,56.0,26.57894736842105,36.32978526057635,,6.059336296632423,,-4.419136123648748,1.0916682304372303,,,,2.53,,,,57.03,
JNKINDIA,2026-08-22,,,2542.0,33.8,,26.082745856939713,2.8275862068965516,4.4950495049504955,,12.1,6.87382297551789,17.4,,12.0,8.120133481646272,1.2958758324521646,,-18.520361118660922,,23.264916197070495,0.16049382716049382,,,,0.07,,,,67.8,
JPOLYINVST,2026-08-22,,,1013.0,1.25,,0.031359070673830584,0.9768563162970106,0.6313032089063523,,54.8,45.19553072625698,63.4,,88.0,78.01350048216008,39.8608751197189,,0.330580951742121,,206.54348129496398,0.014330218068535825,,,,0.0,,,,74.63,
JPPOWER,2026-08-22,Power,,11719.0,14.0,,,2.0359624739402364,0.9193548387096774,,3.6,3.569439803987081,6.97,,26.0,11.136205698401668,-14.234255536458374,,42.49563932239631,,-5.2322726221009646,0.26633678919258563,,,,0.0,,,,24.0,
JSFB,2026-08-22,Financial Services,,6158.0,16.2,,,,1.3824228028503562,,7.63,0.8008767492834261,7.45,,,,-17.406952514002217,,102.09355935081841,,,,,,,0.0,,,,16.94,
JSL,2026-08-22,Metals & Mining,,57821.0,17.6,,2.866314389216218,1.3133375732521693,2.9208333333333334,,17.7,8.009198585593829,19.3,,13.0,7.35701630854495,6.140289448434388,,-7.629234070972279,,4.5161073603017465,0.37693901268253244,,,,0.57,,,,62.04,
JSLL,2026-08-22,Consumer Services,,6282.0,26.6,,0.2914761118545025,7.381903642773208,13.430851063829786,,61.3,35.01483679525222,64.1,,43.0,27.73207990599295,91.25962272091117,,,,60.71579700619245,0.27194860813704497,,,,0.22,,,,63.62,
JSWCEMENT,2026-08-22,Construction Materials,,17184.0,21.8,,0.26289055025240154,2.5089794130530003,2.625,,14.7,5.012165450121654,11.1,,18.0,10.527084245875312,82.92424348866778,,17.565718632482152,,4.498580653968953,0.6815267175572519,,,,0.4,,,,72.02,
JSWDULUX,2026-08-22,Consumer Durables,,14203.0,37.0,,0.5579692870325902,3.969536053661263,5.797397769516729,,19.1,51.69960474308301,22.7,,14.0,54.8351034097261,66.31189361116014,,46.57350559889397,,-3.341076286236555,0.03221859706362153,,,,1.6,,,,61.2,
JSWENERGY,2026-08-22,Power,,99916.0,49.8,,24.932340649949715,5.268441866596362,3.1142857142857143,,7.51,1.986155871638922,8.16,,54.0,12.96598998154495,1.9974057269308343,,1.1165558449265367,,18.193795283292257,2.5022275698351275,,,,0.37,,,,66.53,
JSWHL,2026-08-22,,,12531.0,90.0,,,68.10326086956522,0.3795770148952624,,0.46,0.3682498723221246,0.59,,86.0,74.45652173913044,-4.058295556916591,,-1.9533096386786686,,2.673011512363943,0.0,,,,0.0,,,,66.28,
JSWINFRA,2026-08-22,Services,,78218.0,50.4,,6.376336150836939,14.012540308133286,6.486486486486487,,15.3,7.494434825624537,13.6,,48.0,27.140809745610895,7.904225688193156,,-33.71966519814528,,14.047351610155978,0.6342741564769697,,,,0.27,,,,73.93,
JSWSTEEL,2026-08-22,Metals & Mining,,316368.0,26.3,,0.6389285979774884,1.6678422875579244,3.163814180929095,,10.2,10.381668632119203,11.0,,16.0,14.75852325146162,41.162658993903165,,3.462194822136988,,2.7215450719414225,0.9925739358140185,,,,0.55,,,,44.29,
JTEKTINDIA,2026-08-22,,,3498.0,44.6,,0.48308810998468393,1.6955889481337858,4.581818181818182,,12.4,7.646559048428207,15.9,,9.0,4.362578768783325,92.32270279103749,,2.772362033437892,,15.670610081235004,0.09400544959128065,,,,0.59,,,,74.98,
JTLIND,2026-08-22,,,3038.0,26.5,,,1.3128781331028523,2.043701799485861,,7.28,6.112224448897796,9.57,,8.0,5.2722558340535866,-3.029019793009402,,3.0624138001266177,,4.290415022194893,0.1641991924629879,,,,0.16,,,,49.26,
JUBLCPL,2026-08-22,,,3376.0,25.5,,,1.7119675456389452,7.328947368421052,,33.2,13.903743315508022,40.4,,10.0,6.592292089249494,,,,,16.599183728177014,0.1108695652173913,,,,0.0,,,,74.36,
JUBLFOOD,2026-08-22,Consumer Services,,33438.0,87.8,,31.507490952301875,3.398861557227079,14.610951008645532,,21.0,4.804099498238497,14.8,,20.0,4.57410042691604,2.7866389022508153,,0.620202599319386,,20.27021010392618,2.1387434554973823,,,,0.24,,,,40.27,
JUBLINGREA,2026-08-22,Chemicals,,11442.0,36.0,,1.8897680086467747,2.4601161040636423,3.663265306122449,,9.52,5.6489945155393055,11.4,,13.0,6.643732530638573,19.049957367930514,,-8.334780912691786,,3.989287635711003,0.2533589251439539,,,,0.7,,,,45.22,
JUBLPHARMA,2026-08-22,Healthcare,,14024.0,36.1,,0.5475836017510857,1.629182156133829,1.9775280898876404,,6.53,2.2983237297014143,8.99,,14.0,4.077602230483271,65.92600633868129,,-3.1744619117069495,,8.69536192888225,0.5096574087128155,,,,0.57,,,,47.67,
JUNIPER,2026-08-22,,,4674.0,25.2,,0.27706928553110577,4.343866171003717,1.627906976744186,,6.19,3.871268656716418,8.04,,40.0,15.427509293680297,90.95197958046803,,,,9.568652985063641,0.41631799163179917,,,,0.0,,,,77.53,
JUSTDIAL,2026-08-22,Consumer Services,,5733.0,41.1,,5.679869488133817,5.496644295302014,1.4249471458773784,,3.63,7.467599259411643,4.81,,21.0,34.80345158197507,7.2360817596011096,,5.968771553146968,,15.609497060245236,0.021128511061396966,,,,0.0,,,,74.14,
JWL,2026-08-22,Capital Goods,,10556.0,59.3,,,3.3757595139110967,3.5437589670014344,,6.39,3.4168081494057727,9.16,,11.0,5.148704828909498,-21.42769036565705,,-6.81321581343629,,-4.972383215683129,0.33445265278710545,,,,0.4,,,,68.31,
JYOTHYLAB,2026-08-22,Fast Moving Consumer Goods,,7526.0,20.6,,0.6484043836759592,2.643484369511767,3.673835125448029,,19.0,13.749535488665924,24.6,,18.0,12.996136283807516,31.770297238297008,,16.808551149837747,,9.039799382870006,0.02975609756097561,,,,1.71,,,,62.89,
JYOTICNC,2026-08-22,Capital Goods,,22488.0,69.9,,2.4338625327801746,10.263806481058877,11.238636363636363,,18.2,8.907330567081605,21.3,,24.0,14.696485623003195,28.719781441457993,,,,17.86786618554903,0.42628685657171417,,,,0.0,,,,62.55,
JYOTISTRUC,2026-08-22,,,1262.0,19.6,,0.6886092768991751,1.491725768321513,2.6633165829145726,,10.8,2.1790943139257744,2.25,,7.0,7.5650118203309695,28.46316577124737,,,,23.328828754287635,4.387368421052631,,,,0.0,,,,,
KABRAEXTRU,2026-08-22,,,1980.0,2829.0,,,4.040816326530612,4.492063492063492,,-1.91,0.1303780964797914,0.06,,4.0,0.20408163265306123,-75.62747522483446,,-56.9152806249302,,-6.93976028168275,0.3287981859410431,,,,0.44,,,,60.44,
KAJARIACER,2026-08-22,Consumer Durables,,18991.0,32.9,,3.6720924483224184,3.756131329113924,6.291666666666667,,17.9,13.60138992305783,23.3,,19.0,10.838607594936708,8.95946942050172,,7.6792006764980325,,4.160653306072004,0.07469015003261578,,,,1.16,,,,47.69,
KALAMANDIR,2026-08-22,,,1323.0,24.3,,,1.164612676056338,,,,,,,12.0,4.753521126760563,,,,,,,,,,1.74,,,,60.97,
KALPATARU,2026-08-22,,,5837.0,47.5,,,1.6845598845598846,1.415,,2.73,0.5825132903517702,1.27,,2.9,2.9725829725829724,,,,,21.538902400216298,2.2268642215205245,,,,0.0,,,,81.34,
KALYANIFRG,2026-08-22,,,252.0,20.3,,0.5123440639178088,1.0632911392405062,2.6311787072243344,,10.1,4.780876494023905,12.2,,14.0,5.063291139240507,39.62181164893239,,31.681187090878016,,0.0,1.1041666666666667,,,,0.58,,,,58.76,
KALYANKJIL,2026-08-22,Consumer Durables,,62332.0,42.6,,1.2595189269346003,1.595678775311676,9.885433715220948,,24.8,6.926678573152484,21.2,,7.0,3.6735529785218746,33.82243735207639,,44.84771927356967,,28.254557660931788,0.9695672848311936,,,,0.41,,,,62.86,
KAMAHOLD,2026-08-22,,,7769.0,6.85,,0.8827357779328455,0.4531614559029398,0.9695634761714057,,12.6,8.617950754567117,14.0,,22.0,12.657489500699953,7.759966426240306,,2.8250162587521332,,8.452016076110658,0.6337993010484274,,,,1.71,,,,75.0,
KAMATHOTEL,2026-08-22,,,612.0,14.6,,,1.5532994923857868,1.9439252336448598,,11.6,6.470588235294119,15.8,,26.0,11.16751269035533,-7.680520645845212,,,,9.028711443868565,0.7373417721518988,,,,0.0,,,,57.78,
KAMOPAINTS,2026-08-22,,,146.0,,,,0.6058091286307054,0.8195211786372009,,0.12,-1.7421602787456445,2.2,,1.7,-2.0746887966804977,,,,,-6.1981514604919745,0.18994413407821228,,,,0.0,,,,52.54,
KANANIIND,2026-08-22,,,29.7,13.1,,0.22301628429343032,0.19285714285714287,0.4273504273504274,,3.84,1.9230769230769231,3.92,,0.7,1.2987012987012987,58.74010519681994,,5.922384104881218,,-11.609562005863626,0.0,,,,0.0,,,,33.79,
KANPRPLA,2026-08-22,,,641.0,14.2,,0.05333176676396022,0.865047233468286,2.3727272727272726,,14.9,9.574468085106384,17.0,,9.0,6.0728744939271255,266.25782083776517,,8.882202534866689,,14.240634467489599,0.417910447761194,,,,0.46,,,,68.03,
KANSAINER,2026-08-22,Consumer Durables,,16649.0,25.8,,,2.014885634757352,2.4819277108433737,,8.82,6.761565836298933,12.0,,12.0,7.128161684618177,-20.30642458926579,,10.81643815792317,,1.9363686336836272,0.0451295799821269,,,,1.21,,,,74.96,
KAPSTON,2026-08-22,,,1607.0,52.7,,1.5332646231276288,1.8664343786295006,13.821989528795811,,27.4,8.595988538681947,14.9,,6.0,3.484320557491289,34.371105421124206,,,,18.30413812212488,1.5862068965517242,,,,0.0,,,,72.87,
KARMAENG,2026-08-22,,,44.6,,,,1.4087176247631081,1.4789272030651341,,-8.08,-2.555205047318612,4.07,,26.06,-5.116866708780797,,,,,-3.0099584802541712,0.6226415094339622,,,,0.0,,,,74.7,
KARURVYSYA,2026-08-22,Financial Services,,32428.0,11.8,,0.6042119169858863,,2.3013698630136985,,19.1,2.009472705577476,7.62,,,,19.529571774857324,,32.28788236333466,,,,,,,0.77,,,,2.07,
KAVDEFENCE,2026-08-22,,,342.0,,,,57.47899159663865,3.059139784946236,,1.25,-0.8376135914658238,1.14,,-65.71,-17.81512605042017,,,,,55.2529807690457,0.03947368421052632,,,,0.0,,,,24.56,
KAYA,2026-08-22,,,581.0,,,,2.6171171171171173,-3.782178217821782,,,-34.53237410071942,-45.6,,-10.0,-43.24324324324324,,,,,-16.182016548098876,-1.934640522875817,,,,0.0,,,,51.43,
KAYNES,2026-08-22,Capital Goods,,26150.0,75.3,,3.485851145011236,6.706847909720441,5.494350282485875,,9.64,5.01885697708152,13.2,,16.0,8.874070274429341,21.60161087422374,,41.69087303111518,,29.268291720833517,0.19229149115417019,,,,0.0,,,,53.46,
KCP,2026-08-22,,,2112.0,11.9,,,0.7883538633818589,1.1884057971014492,,12.2,6.756002233389167,12.2,,11.0,9.033221351250468,-3.321691567770957,,-1.9527916669675571,,-1.9955176111464912,0.372615039281706,,,,0.31,,,,44.39,
KCPSUGIND,2026-08-22,,,395.0,10.3,,,1.4157706093189963,0.8592592592592592,,2.45,5.757575757575758,4.13,,1.4,13.620071684587815,-16.61600184040335,,60.23350931656945,,-6.922930440356523,0.2788671023965142,,,,0.29,,,,42.16,
KDDL,2026-08-22,,,4926.0,50.2,,,2.1214470284237725,4.561503416856492,,8.94,5.44464609800363,11.2,,14.0,6.459948320413436,-1.2362206614475402,,25.76213287305422,,18.625583537912927,0.4740740740740741,,,,0.37,,,,50.15,
KEC,2026-08-22,Construction,,11605.0,19.3,,1.2429896967209504,0.4937037352165405,1.8874458874458875,,11.4,2.20427326622369,16.5,,7.0,2.3568450608355316,15.52707962979425,,9.991763273681897,,5.683391785929315,0.8731937002760188,,,,1.26,,,,50.1,
KECL,2026-08-22,,,878.0,57.2,,,1.5650623885918002,6.666666666666666,,6.78,1.1041009463722398,14.6,,5.0,1.2477718360071302,-18.91991521045906,,-35.535223656250594,,0.23880687698600855,0.7633587786259542,,,,0.0,,,,49.74,
KEEPLEARN,2026-08-22,,,29.7,,,,4.0740740740740735,4.7749999999999995,,-14.6,-8.628318584070795,-11.0,,-14.13,-16.049382716049383,,,,,4.874559577102522,0.26537216828478966,,,,0.0,,,,55.42,
KEI,2026-08-22,Capital Goods,,52844.0,53.0,,3.0357843357466,4.281293040589808,7.931133428981348,,14.8,11.132201875837428,20.1,,11.0,8.077452807259174,17.458420671034112,,20.10207964492734,,15.055424441441945,0.03795948987246812,,,,0.08,,,,35.0,
KELLTONTEC,2026-08-22,,,721.0,7.89,,0.8123096219732668,0.5828617623282134,0.8947368421052632,,13.6,8.060230292294065,15.0,,11.0,7.3565076798706555,9.713045108136932,,3.451942432101407,,7.962283225566558,0.23667905824039653,,,,0.0,,,,37.67,
KENNAMET,2026-08-22,,,8890.0,75.9,,1.4830118662649145,8.70714985308521,13.758503401360544,,18.4,14.096385542168674,24.6,,18.0,11.459353574926542,51.17963094331828,,,,13.138966794082885,0.0,,,,0.99,,,,75.0,
KERNEX,2026-08-22,,,3251.0,17.0,,,3.702733485193622,13.067567567567568,,43.5,20.783460282916213,47.8,,34.0,21.753986332574033,,,,,252.76718003081328,0.6532258064516129,,,,0.0,,,,28.73,
KEYFINSERV,2026-08-22,,,146.0,25.1,,,4.8153034300791555,1.0076923076923077,,4.88,3.565823341076025,6.9,,38.89,18.733509234828492,-35.568062046774486,,-14.925357931606042,,-14.918895258175324,0.028636646607179912,,,,0.38,,,,71.87,
KFINTECH,2026-08-22,Financial Services,,16937.0,48.3,,4.302988489016922,12.23771676300578,10.103092783505154,,21.6,12.346570397111915,29.2,,39.0,24.710982658959537,11.224756962116533,,17.421686589295106,,18.203596437218984,0.032855436081242535,,,,1.22,,,,22.82,
KHAICHEM,2026-08-22,,,541.0,9.29,,,0.5475708502024291,1.8599999999999999,,25.4,7.906295754026354,18.5,,11.0,5.465587044534413,,,-7.443213346365452,,22.611362446148185,1.0515463917525774,,,,0.09,,,,72.65,
KHANDSE,2026-08-22,,,26.7,,,,2.956810631229236,0.9615384615384616,,-4.49,-1.5028332101502833,-3.47,,-18.6,-6.755260243632337,,,,,1.2487101430441294,0.10382119682768565,,,,0.0,,,,48.78,
KICL,2026-08-22,,,2352.0,57.9,,,30.153846153846153,0.20624640735773137,,0.37,0.32974103265240473,0.49,,63.0,52.56410256410257,-16.602280706029436,,-6.600717138554913,,5.197786066575727,0.0,,,,0.19,,,,74.98,
KIMS,2026-08-22,Healthcare,,32866.0,158.0,,,7.802943969610636,13.91459074733096,,11.3,2.522428812898193,9.5,,20.0,4.605887939221272,-13.304499424619342,,-9.503119212184474,,19.023296974348945,1.892745883400089,,,,0.0,,,,32.49,
KINGFA,2026-08-22,,,7878.0,34.9,,1.931164494909105,3.5454545454545454,5.6282671829622455,,17.4,12.884834663625996,23.2,,14.0,10.171017101710172,18.071997539309905,,45.78362013724882,,14.300213374239679,0.010714285714285714,,,,0.34,,,,67.02,
KIOCL,2026-08-22,,,23587.0,607.0,,,34.63582966226138,13.566433566433565,,0.96,1.6645326504481435,1.38,,-1.8,5.726872246696035,,,-33.922632729499824,,-28.38360420306545,0.11059907834101383,,,,0.0,,,,99.03,
KIRANVYPAR,2026-08-22,,,540.0,78.2,,,,0.2423500611995104,,0.05,0.20768431983385255,1.59,,,,-49.033288658468486,,-43.351786288386265,,,,,,,0.51,,,,74.95,
KIRIINDUS,2026-08-22,,,3114.0,3.87,,0.016423252411432655,3.2778947368421054,0.4458955223880597,,-2.05,83.06577638869157,-1.69,,-20.0,615.4736842105264,235.64151016189658,,66.86470215714237,,0.03511236243600724,0.006525792417650715,,,,0.0,,,,41.71,
KIRLFER,2026-08-22,,,7281.0,18.9,,,1.0458201666187876,1.8846153846153846,,14.5,5.296706632265898,13.4,,12.0,5.0129273197357085,-0.28155944415634293,,-3.2683200521006706,,4.2430607118585595,0.26825479026411186,,,,1.36,,,,50.78,
KIRLOSBROS,2026-08-22,Capital Goods,,15137.0,37.4,,15.836256028192357,3.2454974271012005,6.148387096774194,,17.3,8.55457227138643,20.4,,12.0,8.08319039451115,2.3616693196560457,,31.671940758385333,,5.243834616286902,0.10146103896103896,,,,0.37,,,,65.95,
KIRLOSENG,2026-08-22,Capital Goods,,30571.0,53.6,,7.423922249271655,3.8517071941539625,8.437751004016064,,17.5,4.932694080767104,14.6,,18.0,6.740582083910797,7.2199031994520935,,25.495104630577448,,10.403761618437368,1.4845303867403314,,,,0.33,,,,41.06,
KIRLOSIND,2026-08-22,,,3873.0,12.6,,1.2993991138165075,0.5536812008577555,0.6196401546998487,,3.77,3.0453378956372967,7.01,,12.0,5.089349535382416,9.696789743831769,,6.1244135922861265,,3.0290640535986846,0.17808,,,,0.35,,,,71.87,
KIRLPNU,2026-08-22,Capital Goods,,9729.0,37.0,,0.4022120596560313,5.38108407079646,7.793964620187305,,22.6,14.911781445645989,29.6,,19.0,14.491150442477876,91.99127453225077,,48.107971425046195,,52.578572690943574,0.0024019215372297837,,,,0.8,,,,38.81,
KISSHT,2026-08-22,,,5239.0,16.5,,,2.3944241316270567,,,24.0,7.044372023063425,22.6,,30.0,12.842778793418647,-25.230967259931404,,,,29.82224225776995,1.4355919583023082,,,,0.0,,,,24.8,
KITEX,2026-08-22,Textiles,,2493.0,,,,3.9634340222575517,2.4224806201550386,,0.97,-1.6436554898093358,1.53,,0.7,-7.94912559618442,,,,,0.6441401431270588,1.1640776699029127,,,,0.4,,,,56.66,
KKCL,2026-08-22,,,3183.0,21.5,,,2.5302066772655007,3.3076923076923075,,16.1,10.754843019372078,18.1,,20.0,12.798092209856915,-1.3241222786434026,,12.63449726742083,,13.516954201699694,0.13631522896698617,,,,0.77,,,,74.29,
KLBRENG-B,2026-08-22,,,2225.0,25.3,,2.216731043602944,3.6061588330632093,3.2016129032258065,,17.1,9.843400447427292,23.2,,22.0,14.26256077795786,11.413202369773678,,,,23.31893213771028,0.13761467889908258,,,,0.5,,,,44.54,
KMEW,2026-08-22,,,6913.0,53.4,,0.956777662840806,21.402476780185758,11.699570815450643,,20.0,15.975609756097562,16.4,,47.0,40.55727554179567,55.81233976705515,,40.023101242366785,,25.348620303116576,0.3894736842105263,,,,0.0,,,,49.99,
KMSUGAR,2026-08-22,,,309.0,6.41,,0.325503061849925,0.4828125,0.7887323943661972,,13.8,6.4,13.0,,12.0,7.5,19.69259509747827,,3.006594546201158,,-0.8700543331723876,0.639386189258312,,,,0.0,,,,56.51,
KNACK,2026-08-22,,,2491.0,24.1,,,3.0267314702308625,,,43.6,20.71269487750557,35.3,,18.0,11.300121506682867,-40.65792443896886,,,,16.91337617266622,0.8744186046511628,,,,0.0,,,,70.59,
KNAGRI,2026-08-22,,,534.0,15.0,,3.1640184435626084,0.2745501285347044,1.3896103896103895,,8.61,8.294930875576037,13.3,,2.8,1.8508997429305913,4.740806751780613,,-5.448260074440647,,4.775240412968684,0.08831168831168831,,,,0.0,,,,68.86,
KNRCON,2026-08-22,Construction,,3572.0,10.4,,,1.336326225215114,0.7175141242937854,,9.19,4.8510219157842895,10.4,,23.0,14.739992517770295,-20.22994758018928,,0.6541255568490723,,-15.492012482787576,0.4915526950925181,,,,0.2,,,,48.81,
KOHINOOR,2026-08-22,,,136.0,,,,0.84472049689441,-1.4466403162055337,,,92.3913043478261,-1.08,,-3.6,52.79503105590062,,,,,19.22502538679385,-1.5638297872340425,,,,0.0,,,,37.67,
KOKUYOCMLN,2026-08-22,,,803.0,53.0,,1.2330864578944072,1.165457184325109,3.229838709677419,,6.22,2.7027027027027026,8.56,,7.0,2.1770682148040637,42.98157656398376,,,,3.9162860952493217,0.6947791164658634,,,,0.37,,,,74.99,
KOLTEPATIL,2026-08-22,,,4155.0,33.4,,,2.6431297709923665,3.448529411764706,,-4.36,1.6540955405584226,-0.32,,10.0,7.951653944020356,,,6.053826948680929,,4.665855840539956,0.980115990057995,,,,0.0,,,,73.81,
KOTAKBANK,2026-08-22,Financial Services,,400692.0,20.0,,5.479836783911534,,2.2142857142857144,,11.4,2.0228174929461518,6.98,,,,3.6497437403097077,,10.865539780473,,,,,,,0.16,,,,25.87,
KOTARISUG,2026-08-22,,,276.0,36.9,,,0.9616724738675958,1.982142857142857,,5.27,0.5405405405405406,7.65,,10.0,0.6968641114982579,,,-19.72584382397693,,-5.492198620639299,0.8571428571428571,,,,0.0,,,,73.53,
KOTHARIPET,2026-08-22,,,780.0,82.3,,3.7243290908291473,3.6792452830188678,11.379310344827587,,14.2,8.928571428571429,18.0,,7.0,4.716981132075472,22.097939788043153,,,,-3.647607056370039,0.2647058823529412,,,,0.75,,,,72.22,
KOTHARIPRO,2026-08-22,,,406.0,41.4,,,0.3937924345295829,0.35051546391752575,,1.9,1.4253563390847712,2.63,,-6.0,1.842870999030068,-14.501202666165158,,6.686326632682782,,1.2936757322426384,0.08549222797927461,,,,0.0,,,,74.99,
KOTIC,2026-08-22,,,1542.0,,,,7.8274111675126905,6.682242990654206,,-35.0,-27.652733118971064,-28.9,,-34.0,-43.65482233502538,,,,,141.4234194381944,0.2510822510822511,,,,0.0,,,,47.32,
KOVAI,2026-08-22,,,6602.0,114.0,,7.809440472985166,11.152027027027026,22.856060606060606,,22.2,9.570957095709572,24.1,,22.0,9.797297297297296,14.597716749920163,,23.199776599040554,,13.771080993611395,0.698961937716263,,,,0.25,,,,56.53,
KPEL,2026-08-22,,,1758.0,9.66,,0.21131825955169461,0.9782971619365609,3.34625322997416,,43.4,6.763285024154589,39.2,,18.0,10.127991096271565,45.71303975573811,,58.07064480895452,,56.25804629476809,0.8435114503816794,,,,0.25,,,,45.31,
KPIGREEN,2026-08-22,Power,,6179.0,13.6,,0.3636332551010827,2.2170792967348403,2.0324675324675323,,17.4,4.9888686500708355,13.8,,36.0,17.689271618227483,37.400319715586726,,54.1998042514938,,39.61936892926514,1.7129202373104813,,,,0.21,,,,49.41,
KPIL,2026-08-22,Construction,,23985.0,21.6,,0.7579225088179733,0.8760043827611396,3.085714285714286,,13.7,4.075518013139845,18.3,,8.0,4.123447772096421,28.498955696257823,,12.903968401515531,,11.73791152246013,0.4556327160493827,,,,0.78,,,,33.58,
KPITTECH,2026-08-22,Information Technology,,16155.0,25.9,,,2.4510696404187526,4.565891472868217,,20.9,8.1730094087909,26.3,,18.0,8.830223031406463,-0.6808194999756823,,16.271101521949817,,10.598187736614095,0.23665631177633437,,,,1.27,,,,38.59,
KPL,2026-08-22,,,3488.0,42.7,,0.8465053022743441,6.296028880866426,10.503125,,22.6,13.682432432432432,24.1,,24.0,14.620938628158845,50.44268462970756,,-7.547276137902892,,21.746680784584306,0.39274924471299094,,,,0.0,,,,54.86,
KPRMILL,2026-08-22,Textiles,,39363.0,43.2,,10.175223431326929,5.771700879765396,6.8982035928143715,,15.7,13.346992536221281,19.6,,20.0,13.372434017595308,4.245607017040842,,1.7519921682789485,,4.016902493610641,0.10461646480603827,,,,0.43,,,,67.52,
KRBL,2026-08-22,Fast Moving Consumer Goods,,9315.0,12.3,,1.4692413395968829,1.5501747378931603,1.6023622047244095,,11.7,11.488329796908154,15.2,,17.0,12.614411715759694,8.371667518812643,,11.159945329208876,,3.7223064367847503,0.029275012915446874,,,,1.11,,,,60.17,
KREBSBIO,2026-08-22,,,116.0,,,,4.64,-0.7099337748344371,,,-8.588957055214724,-15.4,,-10.0,-56.00000000000001,,,,,-20.62994740159002,-1.3888888888888888,,,,0.0,,,,72.74,
KRISHANA,2026-08-22,,,6134.0,31.2,,0.4500350536687501,2.4007827788649707,10.939226519337016,,38.2,12.004875076173064,27.2,,13.0,7.710371819960861,69.32793289245613,,45.06558182673173,,40.40947036135405,1.3065953654188949,,,,0.05,,,,72.93,
KRISHIVAL,2026-08-22,,,1152.0,52.3,,1.5841360535794586,3.4698795180722892,5.398936170212766,,13.1,9.2,16.2,,10.0,6.927710843373494,33.01484104337171,,42.53714694357327,,47.71806826332225,0.1875,,,,0.06,,,,37.23,
KRISHNADEF,2026-08-22,,,1535.0,35.5,,0.5978028573499723,6.55982905982906,7.9,,25.4,19.81566820276498,30.7,,23.0,18.37606837606838,59.384125658698885,,,,30.207698948691196,0.010309278350515464,,,,0.12,,,,59.9,
KRITIKA,2026-08-22,,,149.0,18.9,,,0.2295839753466872,1.4722955145118735,,7.73,3.389830508474576,8.9,,2.0,0.9244992295839755,-14.941925943401968,,9.856054330611785,,14.530278468404134,0.5445544554455446,,,,0.0,,,,63.32,
KRITINUT,2026-08-22,,,423.0,12.7,,,0.45,1.849015317286652,,15.1,12.087912087912088,20.0,,4.7,3.5106382978723407,-9.68318798117227,,,,11.179295381557308,0.039301310043668124,,,,0.36,,,,66.69,
KRN,2026-08-22,Capital Goods,,9702.0,100.0,,4.638310961090911,13.164179104477611,16.038961038961038,,14.3,10.407725321888412,16.1,,20.0,13.161465400271371,21.559572188855668,,,,33.89870316134904,0.32578397212543553,,,,0.0,,,,65.69,
KRONOX,2026-08-22,,,798.0,28.0,,2.726063814028719,7.6,6.8690095846645365,,26.8,22.65625,36.0,,33.0,27.61904761904762,10.271219571569802,,-57.643980609833726,,5.272659960939663,0.017241379310344827,,,,0.23,,,,74.21,
KROSS,2026-08-22,,,1334.0,23.1,,8.94207267054876,1.8579387186629526,2.727272727272727,,12.0,9.090909090909092,16.4,,13.0,8.07799442896936,2.583293700584788,,-0.08904733629488959,,5.013286788117433,0.11020408163265306,,,,0.0,,,,68.57,
KRSNAA,2026-08-22,,,1822.0,18.7,,0.9585976580028306,2.2355828220858895,1.8609271523178808,,10.9,5.317982456140351,12.7,,27.0,11.901840490797547,19.507662932288095,,6.642031724192865,,9.5440112493004,0.5448979591836735,,,,0.36,,,,27.11,
KRYSTAL,2026-08-22,,,919.0,14.1,,0.589359117345945,0.6988593155893537,1.8431372549019607,,13.7,7.719714964370546,15.9,,6.0,4.942965779467681,23.924292651136692,,0.5080812248378086,,8.765614790008303,0.24048096192384769,,,,0.23,,,,69.96,
KSB,2026-08-22,Capital Goods,,13955.0,53.3,,9.607662888565777,5.119222303741746,8.225641025641025,,18.4,8.732694355697552,24.7,,13.0,9.024211298606016,5.547655097623494,,10.435008765929886,,6.653290675488588,0.0035335689045936395,,,,0.55,,,,69.8,
KSCL,2026-08-22,Fast Moving Consumer Goods,,3910.0,15.7,,,3.057075840500391,2.2222222222222223,,18.2,9.025009061254078,18.8,,23.0,19.468334636434715,-5.8186897249036695,,5.899113408043544,,3.727833930585378,0.0,,,,0.66,,,,60.5,
KSHINTL,2026-08-22,,,6838.0,52.2,,,1.8421336206896552,8.478991596638656,,20.1,9.82615268329554,21.4,,6.0,3.5021551724137927,-68.79181768086733,,-47.78506235955544,,38.9724122024441,0.3972772277227723,,,,0.0,,,,74.58,
KSL,2026-08-22,,,3846.0,14.2,,6.921569264506689,2.0599892876272095,1.8278008298755186,,13.2,8.811748998664887,14.8,,20.0,14.140332083556508,2.0515578848306237,,6.800710266204013,,-1.5905901686171564,0.22565320665083136,,,,1.13,,,,64.7,
KSOLVES,2026-08-22,,,645.0,17.4,,6.236953688403759,3.8855421686746987,21.93548387096774,,137.0,59.67741935483871,131.0,,31.0,22.289156626506024,2.789823505079325,,18.491693859513305,,15.051918077722126,0.2,,,,4.04,,,,58.92,
KSR,2026-08-22,,,51.8,,,,0.259,0.6861313868613138,,-16.8,-4.395604395604396,-10.6,,-1.7,-4.0,,,,,,0.4533333333333333,,,,0.0,,,,60.94,
KTKBANK,2026-08-22,Financial Services,,12420.0,8.64,,2.7489168624284424,,0.9371428571428572,,10.4,1.1108963704534034,6.06,,,,3.143056131703914,,18.40835208161524,,,,,,,1.52,,,,,
KUANTUM,2026-08-22,,,647.0,17.9,,,0.551107325383305,0.526241134751773,,3.45,1.5006252605252188,5.24,,14.0,3.0664395229982966,-41.91082988508806,,21.810819831041563,,-1.0289940283952137,0.7078925956061839,,,,3.37,,,,70.31,
KUSUMGAR,2026-08-22,,,6110.0,45.5,,,8.829479768786127,,,25.9,10.828729281767956,23.8,,27.0,14.16184971098266,-82.70246740012308,,,,31.83570638054245,0.5788423153692615,,,,0.0,,,,75.01,
KWIL,2026-08-22,,,11360.0,,,,5.950759559979047,16.923076923076923,,-1.01,-6700.0,,,-5.0,-17.54845468831849,,,,,,0.0,,,,0.0,,,,61.91,
LAGNAM,2026-08-22,,,136.0,7.42,,0.9366825762315354,0.21553090332805072,1.003916449086162,,11.2,3.146853146853147,10.1,,11.0,2.8526148969889067,7.9215736347441945,,-8.647964146663512,,13.027114561852994,2.6323529411764706,,,,0.0,,,,68.5,
LAHOTIOV,2026-08-22,,,121.0,7.66,,0.8020050411992132,0.3134715025906736,0.5629228687415426,,6.9,6.106870229007633,7.95,,1.5,4.145077720207254,9.551062158594714,,-7.732498605282901,,-7.518295059880476,0.14814814814814814,,,,0.48,,,,59.8,
LAL,2026-08-22,,,151.0,27.2,,,1.881619937694704,2.910299003322259,,8.73,6.336182336182336,11.1,,10.59,6.92834890965732,-2.000538994071077,,100.0,,13.5866263068535,0.3857389967326542,,,,0.0,,,,56.17,
LALPATHLAB,2026-08-22,Healthcare,,31794.0,56.6,,3.845036611452573,10.997578692493947,12.626666666666667,,22.3,17.388535031847134,28.0,,29.0,18.886198547215496,14.720275960810092,,9.344238647204751,,9.087743456480268,0.07931446791550419,,,,0.74,,,,53.19,
LAMBODHARA,2026-08-22,,,123.0,9.87,,0.25192750981069345,0.5278969957081545,0.9516129032258065,,8.96,6.185567010309279,12.3,,11.0,5.150214592274678,39.177936571582194,,-4.728092335130219,,6.114264905153077,0.3046875,,,,0.42,,,,73.17,
LANCORHOL,2026-08-22,,,228.0,3.95,,0.04303570824195991,1.6888888888888889,0.9538461538461539,,18.7,13.647058823529413,20.5,,1.6,42.96296296296296,91.78424525493789,,,,-0.729953030699193,0.44583333333333336,,,,0.65,,,,51.32,
LANDMARK,2026-08-22,,,2094.0,44.5,,,0.40763091298423204,3.5815602836879434,,6.86,2.2738756947953513,9.26,,5.0,0.8759976640062294,-7.191048943779421,,-9.524216321018953,,16.03595625035965,1.4974358974358974,,,,0.3,,,,49.93,
LANDSMILL,2026-08-22,,,106.0,53.7,,2.0660119687004697,70.19867549668874,0.6048387096774194,,0.54,1.1049413876269,0.59,,-268.87,130.46357615894038,25.99210498948732,,,,-16.352606282624784,0.00444824636441403,,,,0.0,,,,14.2,
LAOPALA,2026-08-22,,,1922.0,20.3,,,6.101587301587301,2.3410013531799727,,10.2,10.391061452513966,14.2,,37.0,29.523809523809526,-10.002824614110306,,1.2878717066848067,,-4.792192714538657,0.01097560975609756,,,,2.89,,,,66.28,
LASA,2026-08-22,,,36.1,,,,6.016666666666667,0.7272727272727273,,-19.6,-25.757575757575758,-18.2,,-130.0,-283.33333333333337,,,,,-61.35980551127863,0.2,,,,0.0,,,,53.65,
LASERPOWER,2026-08-22,,,4738.0,43.1,,,2.0369733447979366,,,16.8,5.775075987841945,20.5,,13.0,6.534823731728288,-66.14094584849425,,,,20.96826405598151,1.199724517906336,,,,0.0,,,,75.3,
LATENTVIEW,2026-08-22,Information Technology,,5755.0,29.4,,4.161430479802039,5.18001800180018,3.278301886792453,,11.9,9.55352856457033,15.8,,22.0,17.911791179117913,7.064878325541213,,7.904574891489791,,20.120927383547226,0.01879271070615034,,,,0.0,,,,65.1,
LAURUSLABS,2026-08-22,Healthcare,,97364.0,89.0,,0.9957615943213308,13.392572214580468,18.35030549898167,,18.3,10.379602321377604,17.8,,28.0,15.006877579092158,89.37882371398211,,5.618004403862731,,12.981127497740585,0.4750943396226415,,,,0.11,,,,27.47,
LAXMICOT,2026-08-22,,,23.9,,,,0.20254237288135593,0.3915492957746479,,-3.09,-2.6785714285714284,1.85,,-0.5,-2.5423728813559325,,,,,-6.4221265333084805,0.7049180327868853,,,,0.0,,,,58.63,
LAXMIDENTL,2026-08-22,,,1090.0,31.4,,,3.797909407665505,4.469525959367946,,14.8,10.54421768707483,14.9,,16.0,10.801393728222997,-80.89751653534269,,,,13.944505751582547,0.053497942386831275,,,,0.0,,,,41.8,
LCCINFOTEC,2026-08-22,,,59.8,,,,,39.44444444444444,,-1.89,-760.0,-1.61,,-5580.0,,,,,,,2.0,,,,0.0,,,,45.85,
LCL,2026-08-22,,,6098.0,24.6,,,3.551543389633081,,,44.6,14.800613496932517,43.8,,19.0,11.24053581828771,,,,,-8.440916446356205,0.33524904214559387,,,,0.0,,,,68.66,
LEMERITE,2026-08-22,,,285.0,102.0,,6.660939071732948,0.8456973293768546,2.111111111111111,,9.33,1.1583011583011582,9.95,,-0.6,0.8902077151335311,15.313156133323268,,-37.797738236060454,,-10.36835867171253,0.6666666666666666,,,,0.0,,,,59.65,
LEMONTREE,2026-08-22,Consumer Services,,8582.0,33.5,,2.0251184969560625,5.826205023761032,6.136363636363636,,19.4,6.954492415402568,14.0,,47.0,20.23082145281738,16.542241873921725,,,,11.208442569975062,1.4396551724137931,,,,0.0,,,,22.32,
LENSKART,2026-08-22,Consumer Services,,115038.0,175.0,,,11.940834544322191,13.141153081510936,,6.33,4.68936468936469,8.08,,21.0,6.933776209258875,,,,,21.075313154104293,0.35442893110551615,,,,0.0,,,,17.53,
LEXUS,2026-08-22,,,29.8,,,,0.6285593756591437,1.6305587229190424,,9.2,-2.0509064273942506,6.89,,-16.22,-4.724741615692893,,,,,-26.166433981623893,3.0509868421052633,,,,0.0,,,,52.91,
LFIC,2026-08-22,,,42.3,30.9,,,3.5132890365448506,0.7382198952879581,,-1.22,2.29020394516884,-2.1,,11.21,11.378737541528242,-49.0360446670506,,-24.78831162835754,,-6.774248592263577,0.0,,,,2.13,,,,47.0,
LGBBROSLTD,2026-08-22,,,5131.0,16.0,,3.2233552557092997,1.5949642524090768,2.383703703703704,,15.5,10.651085141903172,19.6,,15.0,9.916070873484612,4.963771824920737,,5.030445856703092,,11.09836928813528,0.10724233983286909,,,,1.37,,,,34.84,
LGEINDIA,2026-08-22,Consumer Durables,,110185.0,60.4,,,4.30830889540567,14.36283185840708,,24.7,13.383690231739513,32.3,,10.0,7.1358748778103624,,,,,6.2002878475684975,0.059874771719279934,,,,0.0,,,,85.0,
LGHL,2026-08-22,,,881.0,74.9,,,10.011363636363637,13.538461538461538,,19.1,6.077348066298343,17.0,,26.0,12.5,,,,,,1.5692307692307692,,,,0.0,,,,74.97,
LIBAS,2026-08-22,,,26.4,13.9,,,0.3637866887143448,0.30959752321981426,,2.91,1.6687159669769893,3.97,,2.32,2.6181617748380877,-28.623414449639185,,-26.2497135780978,,-0.7777841455368084,0.15531015037593984,,,,0.0,,,,31.93,
LIBERTSHOE,2026-08-22,,,420.0,62.5,,,0.8450704225352113,2.5945378151260505,,4.23,1.4084507042253522,8.81,,8.0,1.2072434607645874,-21.62733707618216,,7.849870727612407,,0.887418395255013,0.8827160493827161,,,,0.0,,,,59.34,
LICHSGFIN,2026-08-22,Financial Services,,27338.0,4.76,,0.7426451703617726,,0.6600265604249668,,14.4,1.764689603429137,8.59,,,,6.409521249133299,,20.21748437626625,,,,,,,2.01,,,,45.24,
LICI,2026-08-22,Financial Services,,534146.0,8.89,,0.6506423885266012,0.5373226515157612,,,37.8,1.0095727433683066,35.1,,4.7,6.041215667023443,13.663419655352715,,70.87436509469075,,5.525473006682624,0.0,,,,2.37,,,,96.5,
LIKHITHA,2026-08-22,,,830.0,25.4,,,1.9809069212410502,2.019230769230769,,9.99,6.911447084233262,13.7,,12.0,7.637231503579953,-20.66187421621669,,-6.585246681125712,,-0.23753058571401864,0.0,,,,0.0,,,,70.25,
LINC,2026-08-22,,,573.0,18.2,,,1.0513761467889908,2.2263279445727484,,13.3,8.913649025069638,19.2,,11.0,5.871559633027523,-2.736223356940648,,,,2.371153452078789,0.10465116279069768,,,,1.56,,,,61.02,
LINCOLN,2026-08-22,,,1230.0,12.8,,11.4477600437156,1.7723342939481268,1.6243386243386244,,12.3,10.786516853932584,16.3,,15.0,13.8328530259366,1.1181226677638767,,6.818579260048763,,6.103028305538638,0.005277044854881266,,,,0.29,,,,49.78,
LINDEINDIA,2026-08-22,Chemicals,,56899.0,104.0,,13.05438351242088,21.43896006028636,13.344,,13.6,9.400826446280993,18.2,,34.0,20.57272042200452,7.966672643028061,,1.498073507556108,,-1.403994374034645,0.018518518518518517,,,,0.06,,,,75.0,
LLOYDSENGG,2026-08-22,Capital Goods,,13940.0,62.3,,,8.653010552451894,7.5,,15.1,9.978858350951374,16.1,,14.0,14.649286157666047,,,,,,0.06523040095751047,,,,0.28,,,,41.92,
LLOYDSENT,2026-08-22,Metals & Mining,,11826.0,104.0,,,5.948692152917505,2.8014440433212995,,0.33,3.871866295264624,3.67,,9.0,13.98390342052314,-0.8734070556583484,,-5.401290088240229,,27.55092828874377,0.19261404779145547,,,,0.19,,,,62.72,
LLOYDSME,2026-08-22,Metals & Mining,,105033.0,22.0,,0.42495123958868075,4.756067741351204,7.585365853658536,,36.6,11.815126050420167,27.3,,37.0,22.283100887520376,51.77064554816751,,100.71457255419558,,50.16393765647356,1.4934755965683801,,,,0.05,,,,61.63,
LMW,2026-08-22,,,21205.0,116.0,,,6.284825133372851,7.39806187103988,,4.05,4.1060534960112625,5.58,,6.0,5.186721991701245,-22.373662546340768,,-0.7013365357492085,,-10.434862560579127,0.0,,,,0.18,,,,30.8,
LODHA,2026-08-22,Realty,,124098.0,30.1,,0.783909836709558,6.825697156372037,5.330472103004292,,15.5,7.036468984321745,16.4,,32.0,22.710521973488806,38.3972729904041,,27.021583540160044,,20.791250619056314,0.42497638065790605,,,,0.34,,,,70.31,
LORDSCHLO,2026-08-22,,,386.0,11.7,,,0.9747474747474747,1.595744680851064,,12.1,6.8893528183716075,13.1,,17.0,8.333333333333332,,,-1.0506867488219607,,21.460287305577474,0.7160493827160493,,,,0.0,,,,74.96,
LOTUSDEV,2026-08-22,Realty,,8055.0,31.4,,,9.589285714285714,4.219948849104859,,16.7,11.186729051467461,21.2,,36.0,31.30952380952381,,,,,22.855242834597878,0.0685504971219257,,,,0.0,,,,81.87,
LOTUSEYE,2026-08-22,,,240.0,1503.0,,,4.191407614390499,4.013840830449827,,0.13,0.18159806295399517,1.16,,8.49,0.2619629758994062,-63.159685013596125,,-45.304398779661135,,5.909463602898413,0.26321915530428996,,,,0.0,,,,40.14,
LOVABLE,2026-08-22,,,106.0,13.6,,,2.751817237798546,0.5868852459016393,,4.45,1.5945100413765265,0.57,,-3.04,8.203530633437175,-9.67098934667333,,-11.211144123452033,,-15.463163850400118,0.015098722415795586,,,,0.0,,,,63.96,
LOYALTEX,2026-08-22,,,102.0,,,,0.2691292875989446,0.4988179669030733,,-19.2,-9.333333333333334,-4.1,,-4.2,-12.928759894459102,,,,,-26.097713991901884,1.0588235294117647,,,,0.0,,,,73.5,
LPDC,2026-08-22,,,97.1,11.5,,,5.938837920489296,2.343042071197411,,3.66,19.6105702364395,4.86,,55.6,51.74311926605505,,,,,137.5304594389961,0.0,,,,0.0,,,,64.87,
LT,2026-08-22,Construction,,563142.0,32.0,,3.8669486059754843,1.9409520330050976,5.154911838790932,,15.9,4.337917207322114,14.6,,12.0,6.763701285944227,8.27525867567811,,14.34185305400244,,9.478695283844928,1.1482935309726416,,,,0.93,,,,,
LTF,2026-08-22,Financial Services,,79479.0,24.8,,2.2763848029548135,,2.830357142857143,,11.2,2.2491982220221685,8.4,,,,10.89446738873361,,24.031367165201445,,,,,,,0.87,,,,65.96,
LTFOODS,2026-08-22,Fast Moving Consumer Goods,,14849.0,23.2,,9.038925161016659,1.2764549127482163,3.292307692307692,,14.9,7.0609002647837595,17.7,,11.0,5.50159030344709,2.5666768544624796,,15.070220207966889,,14.389539606760327,0.356115903561159,,,,0.7,,,,51.0,
LTM,2026-08-22,Information Technology,,133118.0,23.7,,5.30416944474387,3.0202609188882588,5.54074074074074,,23.1,13.989986001938192,29.6,,18.0,11.79126488939308,4.468183048617602,,-4.773232056999255,,7.461281477044723,0.09614984391259106,,,,1.67,,,,68.49,
LTTS,2026-08-22,Information Technology,,38237.0,28.4,,85.67732466345846,3.306268914829226,5.900163666121113,,21.5,12.603680045762228,26.7,,18.0,11.431041936878513,0.33147626996472557,,6.546342106296543,,6.230963265553813,0.08929399042175189,,,,1.61,,,,73.52,
LUMAXIND,2026-08-22,,,5498.0,27.4,,1.43755407596144,1.2258639910813824,5.987780040733197,,22.0,5.443959243085881,17.7,,10.0,4.1694537346711265,19.060152559252288,,35.70118430683693,,19.36695239480175,1.0610687022900764,,,,0.94,,,,75.0,
LUMAXTECH,2026-08-22,Automobile and Auto Components,,13555.0,40.9,,1.1511033524574334,2.602726574500768,11.174157303370787,,26.4,9.678236635419307,21.2,,14.0,7.334869431643626,35.53112751577399,,36.10702728361357,,22.660478736634325,1.0165152766308836,,,,0.28,,,,55.98,
LUPIN,2026-08-22,Healthcare,,100673.0,16.9,,0.3997891510311937,3.3594620749491106,4.484725050916497,,28.7,14.551984480679495,29.9,,32.0,18.52370941368839,42.2722826680241,,,,14.408464959292466,0.2947255880256593,,,,0.82,,,,46.85,
LUXIND,2026-08-22,,,3619.0,34.0,,,1.233890214797136,1.9721311475409835,,6.08,3.4315312398834577,8.11,,6.0,3.614047050801227,-7.543334450499506,,-21.32791444598339,,8.066722395563254,0.33696837513631406,,,,0.17,,,,74.19,
LXCHEM,2026-08-22,Chemicals,,4814.0,38.3,,29.91581073044133,1.5419602818705958,2.416201117318436,,4.11,3.6595991867557363,4.72,,8.0,4.0358744394618835,1.2802594703217318,,-14.122791767967591,,2.9049084940862,0.27355163727959697,,,,0.17,,,,69.34,
M&M,2026-08-22,Automobile and Auto Components,,424317.0,22.1,,1.2345153750883484,2.0074133648728565,4.5554072096128175,,20.3,6.4049181468989485,15.1,,19.0,9.576818450620934,17.901761651545577,,22.927609377401794,,14.973670056669985,1.4708959472378271,,,,0.97,,,,18.44,
M&MFIN,2026-08-22,Financial Services,,53041.0,15.8,,0.8333405945673528,,1.9895833333333333,,12.3,2.0549154080835077,8.72,,,,18.95983479384311,,23.393564717944002,,,,,,,1.97,,,,52.49,
MAANALU,2026-08-22,,,716.0,942.0,,,16.98292220113852,24.74012474012474,,2.9,2.569303583502367,,,6.29,1.8026565464895636,,,,,,0.061879297173414824,,,,0.0,,,,55.82,
MACPOWER,2026-08-22,,,1876.0,,,,,,,,,,,,,,,,,,,,,,0.08,,,,73.22,
MADHAV,2026-08-22,,,32.4,,,,1.0591696632886565,0.26231884057971017,,-1.41,-0.17496537143690313,-0.73,,-6.7,-0.7845701209545604,,,,,-8.4758873240947,0.06423204330613234,,,,0.0,,,,45.77,
MADHAVIPL,2026-08-22,,,197.0,7.52,,1.1336293012310594,0.39165009940357853,0.8222722159730033,,12.1,4.29042904290429,15.6,,11.0,5.168986083499006,6.63356177529435,,32.22455025952682,,3.023599106695918,0.6875,,,,0.0,,,,68.81,
MADRASFERT,2026-08-22,,,1056.0,13.5,,0.10173578035599637,0.43243243243243246,11.471103327495621,,292.0,3.043291898842692,14.8,,4.0,2.9074529074529076,132.69667714505619,,-15.239089846378228,,3.104310993896675,6.891304347826087,,,,0.0,,,,85.27,
MAFATIND,2026-08-22,,,879.0,14.7,,,0.24601175482787574,1.1401869158878504,,12.1,3.314285714285714,12.8,,1.9,1.6232857542681218,-16.052172910051066,,14.841736221511571,,19.782353605126524,0.08300907911802853,,,,2.05,,,,69.3,
MAGADSUGAR,2026-08-22,,,847.0,16.4,,,0.693126022913257,0.9616,,7.39,3.0357142857142856,7.75,,11.0,4.173486088379706,-24.016635093289985,,2.1020358477355394,,3.6624636520851572,0.7852272727272728,,,,2.08,,,,61.02,
MAGNUM,2026-08-22,,,132.0,,,,0.27906976744186046,0.1927710843373494,,-1.64,-0.08176614881439084,2.55,,16.0,-0.21141649048625794,,,,,,0.3889695210449927,,,,0.0,,,,55.21,
MAHABANK,2026-08-22,Financial Services,,61732.0,8.19,,0.4210801505207596,,1.730603448275862,,22.6,1.7629266078868506,6.03,,,,19.449978798267352,,41.79012750769475,,,,,,,2.74,,,,73.6,
MAHAPEXLTD,2026-08-22,,,172.0,,,,86.0,0.37484662576687117,,-1.69,-5.037313432835821,-1.51,,-1629.0,-1350.0,,,,,-39.42931357226202,0.0,,,,0.0,,,,71.57,
MAHASTEEL,2026-08-22,,,1897.0,191.0,,13.518946500328633,2.0116648992576884,11.946169772256729,,5.91,3.7037037037037033,8.4,,2.6,1.0604453870625663,14.128319835821301,,15.32871763468302,,6.348624382586099,0.3670886075949367,,,,0.0,,,,72.81,
MAHEPC,2026-08-22,,,299.0,27.0,,0.3441361322010804,0.9835526315789473,1.6163141993957704,,7.93,2.840909090909091,10.3,,6.0,3.289473684210526,78.45732392965866,,,,5.080975888004113,0.24324324324324326,,,,0.0,,,,54.18,
MAHLIFE,2026-08-22,,,8104.0,26.1,,0.5212883529720297,3.844402277039848,2.235294117647059,,9.91,4.002411091018685,7.64,,1.3,15.749525616698293,50.068258481501935,,16.46799750808574,,115.03620249516726,0.18251998897160188,,,,0.92,,,,52.41,
MAHLOG,2026-08-22,,,3980.0,101.0,,,0.5394415830848468,3.3983050847457625,,0.32,1.5458937198067633,7.36,,6.0,0.6505828137706696,,,16.864429864198826,,10.24717790944667,0.5531914893617021,,,,0.62,,,,59.58,
MAHSCOOTER,2026-08-22,Financial Services,,15007.0,53.9,,4.568340170807728,51.92733564013841,0.5430521091811414,,1.06,0.9061089279334871,1.06,,99.0,96.53979238754326,11.798595985567761,,14.308752067535547,,9.026229570172184,0.0,,,,1.68,,,,51.0,
MAHSEAMLES,2026-08-22,Capital Goods,,8497.0,11.5,,,1.8391774891774892,1.2358674463937622,,10.6,9.52319421113839,14.3,,15.0,15.95238095238095,-8.142690377664042,,1.2876050916585502,,-5.09067637266829,0.0018906340895869691,,,,1.58,,,,70.28,
MAITHANALL,2026-08-22,,,2844.0,9.79,,,1.3673076923076923,0.6860955056179775,,11.0,6.109521863506334,14.8,,14.0,14.374999999999998,-5.925190983841199,,-18.701645908344766,,6.416143107980732,0.057163531114327065,,,,1.74,,,,74.96,
MAJESAUT,2026-08-22,,,378.0,13.0,,0.29192898834180403,18.9,0.5660964230171073,,3.51,13.936781609195403,5.24,,-38.0,484.99999999999994,44.53137755808956,,60.603635698177506,,-37.772268698948096,0.02245508982035928,,,,6.87,,,,75.0,
MALLCOM,2026-08-22,,,608.0,22.7,,,1.1537001897533208,1.9098039215686275,,9.74,5.2734375,11.4,,11.0,5.1233396584440225,-9.6795382924575,,-3.88213988859073,,7.772884430696547,0.37735849056603776,,,,0.31,,,,73.68,
MALUPAPER,2026-08-22,,,53.3,,,,0.1464285714285714,-2.0939597315436242,,,-6.629834254143646,-9.01,,1.1,-3.296703296703297,,,,,9.930180301493907,-5.884615384615385,,,,0.0,,,,69.8,
MAMATA,2026-08-22,,,1034.0,94.3,,,4.476190476190476,5.585106382978723,,9.64,3.3582089552238807,12.6,,6.0,3.896103896103896,-69.68369332195802,,-65.38224443192138,,-0.8511051047524365,0.043243243243243246,,,,0.12,,,,62.45,
MANAKALUCO,2026-08-22,,,248.0,28.0,,1.416510933002316,0.4358523725834798,1.7465437788018434,,5.45,1.6333938294010888,10.2,,9.0,1.5817223198594026,19.766878848335878,,3.285650578684285,,9.61656109157143,1.6853146853146854,,,,0.13,,,,74.87,
MANAKCOAT,2026-08-22,,,1337.0,32.8,,0.8987428089146271,1.4905239687848384,3.787878787878788,,11.0,5.430463576158941,17.8,,9.0,4.570791527313267,36.49542413542217,,23.808784136769123,,6.623657115960446,0.37249283667621774,,,,0.04,,,,57.78,
MANAKSIA,2026-08-22,,,386.0,6.14,,,0.46338535414165666,0.5354545454545454,,8.08,7.424593967517401,10.6,,6.0,7.6830732292917165,-5.95628717851211,,-19.260257687584847,,5.869118354992886,0.04149377593360996,,,,0.0,,,,74.93,
MANAKSTEEL,2026-08-22,,,560.0,9.99,,0.3909349740360116,0.4512489927477841,1.720321931589537,,13.0,9.443507588532883,14.4,,8.0,4.512489927477841,25.554121947349117,,9.718133619035306,,22.14477387959384,0.46319018404907975,,,,0.0,,,,74.75,
MANALIPETC,2026-08-22,,,1273.0,10.7,,0.09669505565730237,1.1986817325800376,0.9932885906040269,,5.97,11.278195488721805,7.24,,13.0,16.94915254237288,110.6571574654442,,-13.925326278360117,,0.9597515493877884,0.10694769711163153,,,,0.68,,,,44.87,
MANAPPURAM,2026-08-22,Financial Services,,33581.0,23.2,,,,2.0935672514619883,,6.97,1.938062474013868,8.25,,,,-14.84199763794537,,0.3416071492705841,,,,,,,0.56,,,,41.66,
MANBA,2026-08-22,,,658.0,13.5,,2.442850860426901,,1.6053921568627452,,11.6,2.47599797877716,12.5,,,,5.5263300018408845,,5.316054517544044,,,,,,,0.57,,,,74.98,
MANCREDIT,2026-08-22,,,460.0,65.9,,5.076019576551591,,4.430894308943089,,7.68,4.49438202247191,11.4,,,,12.98261344468048,,2.0545010061334246,,,,,,,0.34,,,,55.25,
MANGALAM,2026-08-22,,,43.8,,,,0.18879310344827585,0.4254992319508449,,-35.2,-12.063492063492063,-14.3,,-3.9,-16.379310344827587,,,,,-14.331622926753962,1.0194174757281553,,,,0.0,,,,35.65,
MANGLMCEM,2026-08-22,,,2827.0,21.7,,0.8923903213117146,1.6044267877412033,2.895774647887324,,16.3,4.742268041237113,11.0,,11.0,6.526674233825198,24.3167137538016,,8.107355894476864,,0.7099239980448147,0.9079754601226994,,,,0.15,,,,40.01,
MANINDS,2026-08-22,,,5366.0,26.3,,1.3977716934625148,1.384774193548387,2.5719424460431655,,9.23,4.062935670185222,16.2,,14.0,5.264516129032258,18.815662187900294,,9.682657378790992,,7.2395975230612475,0.3009103977000479,,,,0.0,,,,43.21,
MANINFRA,2026-08-22,,,4387.0,20.2,,,6.587087087087087,1.9395017793594305,,9.16,7.753335737468446,13.2,,24.0,32.28228228228228,-12.822296827221336,,-1.6670095287920184,,-19.210120654945804,0.0282311424790472,,,,0.83,,,,62.52,
MANKIND,2026-08-22,Healthcare,,98458.0,46.2,,38.93598326119936,6.68055367078301,6.035443037974684,,13.1,7.450909745991713,13.5,,26.0,14.031754647849098,1.1865630743179256,,6.694078006216331,,12.83150919090319,0.38723926380368096,,,,0.04,,,,72.63,
MANOMAY,2026-08-22,,,392.0,19.4,,1.2306514045156425,0.5268817204301075,2.2914466737064414,,12.3,2.9585798816568047,11.4,,11.0,2.6881720430107525,15.76400914898839,,16.299748066443186,,8.46795699729328,2.0350877192982457,,,,0.0,,,,57.3,
MANORAMA,2026-08-22,Fast Moving Consumer Goods,,12166.0,47.1,,,8.214719783929777,16.903508771929825,,39.4,21.5,35.0,,27.0,17.420661715057395,,,,,,0.5219941348973607,,,,0.04,,,,54.32,
MANYAVAR,2026-08-22,Consumer Services,,13222.0,32.8,,3.8580441523694358,9.830483271375465,8.64864864864865,,26.7,16.362159967519286,30.7,,48.0,29.962825278810406,8.501717114838026,,-2.5852894566937845,,8.915707836684073,0.30320890635232484,,,,1.47,,,,74.94,
MAPMYINDIA,2026-08-22,Information Technology,,5388.0,39.1,,73.02763308435384,10.951219512195122,5.963636363636364,,12.0,13.294797687861271,19.1,,35.0,28.04878048780488,0.5354137652912261,,9.025034473965011,,9.087577521454616,0.0077348066298342545,,,,0.36,,,,51.41,
MARATHON,2026-08-22,,,2376.0,12.2,,,4.296564195298372,1.0445103857566767,,11.8,7.137681159420289,12.5,,25.0,35.62386980108499,-4.111830531779681,,27.929510400693335,,-7.775706249394421,0.04351648351648352,,,,0.28,,,,56.42,
MARICO,2026-08-22,Fast Moving Consumer Goods,,110266.0,58.4,,7.0183591633330975,7.723331232051551,26.203703703703706,,42.8,19.618090452261306,47.0,,17.0,13.672340127477762,8.321033255907807,,8.930930599656195,,13.935278376687688,0.1323040380047506,,,,0.47,,,,58.92,
MARINE,2026-08-22,,,5257.0,80.9,,2.442683387392821,5.425180598555212,10.681818181818182,,13.2,7.303370786516854,18.2,,11.0,6.707946336429309,33.11931477388397,,34.11902675696019,,15.925184950110904,0.18052738336713997,,,,0.08,,,,68.2,
MARKOLINES,2026-08-22,,,381.0,14.2,,0.9076289556987767,1.0823863636363635,1.8859649122807016,,13.9,7.964601769911504,15.4,,12.0,7.670454545454546,15.64515974379368,,21.519392186715415,,0.47801873666799555,0.42574257425742573,,,,0.87,,,,55.0,
MARKSANS,2026-08-22,Healthcare,,14560.0,28.2,,1.554663723868665,4.590163934426229,4.812593703148425,,15.2,13.511410788381742,18.8,,22.0,16.424968474148802,18.138970870064686,,20.398706331254246,,13.368286667099415,0.11346344690704598,,,,0.28,,,,43.87,
MARSONS,2026-08-22,,,2058.0,46.5,,0.15500000000000003,8.298387096774194,9.523809523809524,,27.2,15.120274914089347,25.4,,17.0,17.741935483870968,299.99999999999994,,,,245.75367917605067,0.004608294930875576,,,,0.04,,,,53.65,
MARUTI,2026-08-22,Automobile and Auto Components,,426487.0,29.8,,14.551777419553941,2.1629213768060818,3.9803403755868545,,14.3,9.627888232133262,18.9,,11.0,7.269463082142804,2.04785980027129,,28.837570626535292,,11.601597360729944,0.0009518832356564262,,,,1.03,,,,58.65,
MASFIN,2026-08-22,,,5489.0,13.8,,1.1161198433227582,,1.8414634146341464,,13.4,2.9024514439514078,11.3,,,,12.364263642976315,,17.47031090882394,,,,,,,0.66,,,,66.66,
MASTEK,2026-08-22,Information Technology,,5287.0,12.0,,1.0472421598644706,1.4027593526134252,1.766839378238342,,15.6,9.700626595497795,18.0,,16.0,11.090474927036349,11.458667784682186,,6.516294013322432,,7.251894988438701,0.1463903743315508,,,,1.41,,,,35.77,
MASTERTR,2026-08-22,,,1046.0,7.82,,2.581567051420983,1.760942760942761,1.2801204819277108,,17.3,5.971479500891266,23.8,,41.0,22.55892255892256,3.0291678830095092,,16.45667149960788,,5.91045005978188,0.27906976744186046,,,,0.0,,,,71.93,
MATRIMONY,2026-08-22,,,1110.0,24.8,,,2.336842105263158,5.375375375375375,,15.2,10.227272727272728,17.4,,14.0,9.473684210526317,-1.3355164490928662,,-1.7893990054978604,,-0.41754139750307395,0.23786407766990292,,,,0.93,,,,58.43,
MAXESTATES,2026-08-22,,,8094.0,1379.0,,,40.47,3.3445945945945947,,-1.27,0.09666505558240696,1.4,,9.0,6.0,,,,,29.077045384344856,0.9971062422488631,,,,0.0,,,,45.25,
MAXHEALTH,2026-08-22,Healthcare,,97328.0,65.0,,5.778529559036154,11.171717171717171,9.090909090909092,,14.7,8.478817504655494,14.7,,27.0,16.724058769513313,11.248536385585584,,19.142153228230185,,17.241295439305414,0.32362519772959897,,,,0.2,,,,23.71,
MAXIND,2026-08-22,,,845.0,,,,3.9485981308411215,1.9305019305019304,,-32.8,-19.730941704035875,-23.0,,-54.0,-61.6822429906542,,,,,3.862826058349822,0.23471882640586797,,,,0.0,,,,48.33,
MAYURUNIQ,2026-08-22,,,3290.0,15.9,,0.8109567126457484,3.2254901960784315,2.900383141762452,,18.0,16.40253565768621,24.5,,25.0,20.294117647058822,19.606471901719893,,17.626414436959692,,8.299938206744928,0.00706090026478376,,,,0.79,,,,58.77,
MAZDOCK,2026-08-22,Capital Goods,,102943.0,36.0,,2.600613639605052,7.7267132027321175,10.545454545454545,,29.2,10.388003203028317,36.0,,19.0,21.421601741349548,13.842886714024626,,36.15788474203334,,12.063250884750577,0.04582265504869298,,,,0.71,,,,81.22,
MBAPL,2026-08-22,,,7427.0,47.9,,0.5726944242989392,3.963180362860192,13.492063492063492,,31.3,9.215219976218787,19.3,,13.0,8.271077908217716,83.63971774063721,,22.114228673977987,,31.98887461842501,1.5563636363636364,,,,0.06,,,,74.76,
MBEL,2026-08-22,,,1565.0,16.1,,0.7130160260053422,1.191926884996192,2.382608695652174,,19.4,8.354866494401378,23.0,,11.0,7.387661843107388,22.58013763056621,,11.75351051128477,,18.204097777281312,0.1278538812785388,,,,0.37,,,,70.61,
MCCHRLS-B,2026-08-22,,,910.0,,,,7.520661157024794,-86.7665418227216,,-143.0,-7.2738772928526245,4.96,,75.0,-95.0413223140496,,,,,122.39800905693153,-137.0909090909091,,,,0.0,,,,73.78,
MCL,2026-08-22,,,158.0,35.0,,0.6384216114386652,0.5895522388059702,3.1459459459459462,,9.36,4.464285714285714,12.6,,4.2,1.8656716417910446,54.82270551764137,,,,97.10104033003238,0.8235294117647058,,,,0.0,,,,65.21,
MCLOUD,2026-08-22,,,1783.0,16.0,,7.197655016728418,2.4971988795518207,2.6120689655172415,,19.2,9.540329575021683,19.8,,29.0,15.406162464985995,2.222946218291044,,26.08434525355372,,8.37067626618271,0.42503639010189226,,,,0.1,,,,54.04,
MCX,2026-08-22,Financial Services,,81215.0,52.7,,0.3199801661709433,30.868491068034967,28.4375,,56.3,20.55725903212905,71.4,,72.0,58.60889395667047,164.69770808183787,,60.7651646341278,,56.68289312234269,0.0017556179775280898,,,,0.25,,,,,
MEDANTA,2026-08-22,Healthcare,,37903.0,66.2,,12.921437793537944,8.093743326927184,9.591836734693878,,15.2,9.34801016088061,17.1,,21.0,11.787315823190262,5.123268869746589,,21.700330497858843,,12.660312394549479,0.3003533568904594,,,,0.04,,,,33.0,
MEDIASSIST,2026-08-22,,,2695.0,27.3,,2.8322058936874503,2.833859095688749,3.2232142857142856,,13.9,6.851311953352769,14.1,,19.0,9.884332281808621,9.639129718940097,,6.125952008424562,,14.411302697921503,0.06436233611442194,,,,0.55,,,,4.61,
MEDICAMEQ,2026-08-22,,,332.0,30.6,,,1.6354679802955665,1.206896551724138,,3.95,2.6881720430107525,5.43,,10.0,4.926108374384237,-2.4225548932866103,,-8.116529647537263,,4.283196716573334,0.17391304347826086,,,,0.41,,,,40.46,
MEDICO,2026-08-22,,,354.0,25.6,,1.373235878326017,1.4873949579831933,4.681318681318682,,19.0,9.15032679738562,23.1,,7.0,5.88235294117647,18.642099586857984,,23.554251913909606,,17.960422194299163,0.25,,,,0.0,,,,61.38,
MEDPLUS,2026-08-22,Consumer Services,,8284.0,39.4,,0.8317067982431848,1.1459399640337529,4.181818181818182,,11.6,5.339435545385203,12.6,,8.0,2.9049661087287313,47.37246356916243,,16.91300109091265,,8.722283664509334,0.7210126582278481,,,,0.0,,,,40.19,
MEESHO,2026-08-22,Consumer Services,,95102.0,,,,6.874015178894109,21.436004162330907,,-42.3,-15.189072973314785,-35.6,,-11.0,-8.680881821467294,,,,,22.021516623863157,0.014363885088919288,,,,0.0,,,,16.41,
MEGASTAR,2026-08-22,,,345.0,34.8,,2.1577294283744144,0.6182795698924731,3.3589462129527994,,9.46,3.731343283582089,11.6,,6.0,1.7921146953405016,16.128064780678987,,9.981748085526544,,26.6000377077644,1.2718446601941749,,,,0.0,,,,61.47,
MEIL,2026-08-22,,,717.0,15.3,,2.7587371915207926,1.1639610389610389,1.2149532710280373,,11.3,6.647807637906649,14.6,,11.0,7.629870129870129,5.546015781070346,,32.310975430455954,,11.116390081614224,0.07614213197969544,,,,0.0,,,,74.79,
MENNPIS,2026-08-22,,,360.0,13.7,,,1.1726384364820848,2.028735632183908,,15.4,11.304347826086957,21.5,,16.0,8.469055374592834,-0.5814084891635818,,6.686326632682782,,6.242790744990767,0.028089887640449437,,,,1.42,,,,74.37,
MERCANTILE,2026-08-22,,,270.0,40.0,,,2.8337531486146097,0.9836065573770493,,1.97,1.1993072121826085,0.82,,0.72,3.8518052057094874,,,-9.946930183260694,,16.415883817066067,0.0,,,,0.0,,,,72.76,
MERCURYEV,2026-08-22,,,754.0,165.0,,5.241956860165702,6.672566371681416,2.6824324324324325,,1.51,1.3966480446927374,2.64,,6.0,4.424778761061947,31.476794716464763,,90.36539387158786,,72.53819652777129,0.025,,,,0.0,,,,59.17,
METROBRAND,2026-08-22,,,24874.0,61.2,,,8.414749661705006,12.476060191518469,,22.2,10.261519302615193,20.2,,30.0,13.937753721244924,-0.552375385285675,,13.879689171437825,,7.840431202849341,0.7877571500250878,,,,0.66,,,,71.8,
METROGLOBL,2026-08-22,,,174.0,8.2,,0.6715322724287036,0.6904761904761905,0.4259818731117825,,5.03,5.386416861826698,7.18,,8.0,9.126984126984127,12.210880007811674,,14.227861369535733,,2.355431347184944,0.007352941176470588,,,,1.77,,,,74.73,
METROPOLIS,2026-08-22,Healthcare,,11550.0,55.5,,3.4773732058005487,6.754385964912281,7.63013698630137,,13.6,9.52604411074613,17.8,,25.0,11.871345029239766,15.960323127647435,,-1.4364740795715925,,12.281892850353394,0.1533377395902181,,,,0.36,,,,48.86,
MFML,2026-08-22,,,20.4,6.38,,,0.15454545454545454,0.20869565217391303,,5.37,-1.5,6.64,,7.0,-2.272727272727273,,,,,-7.35500809127524,0.7857142857142857,,,,0.0,,,,64.81,
MFSL,2026-08-22,Financial Services,,54701.0,504.0,,,1.0979286259082333,10.359477124183007,,1.52,0.06886636908352435,2.87,,0.5,0.27497892497290355,-31.32719015657629,,-15.351566667131177,,2.2711147509769436,0.35195001893222266,,,,0.0,,,,1.25,
MGL,2026-08-22,Oil Gas & Consumable Fuels,,11006.0,15.4,,,1.2895137668424137,1.7112135176651306,,12.2,7.96125153100991,17.0,,15.0,8.37727006444054,-17.730613832875974,,,,10.709348063359547,0.03469197261978842,,,,2.69,,,,32.5,
MHLXMIRU,2026-08-22,,,201.0,22.0,,0.9360665741618145,0.7052631578947368,2.1875,,8.49,4.205607476635514,10.2,,7.0,3.1578947368421053,23.502601852544025,,18.15629553328886,,27.34696268775192,0.5652173913043478,,,,0.0,,,,64.81,
MHRIL,2026-08-22,,,4481.0,95.8,,,1.4823023486602713,5.766233766233766,,9.9,0.4556419190565532,8.12,,20.0,1.6870658286470392,-22.915258413959194,,-4.910124651641512,,3.7744146983996973,4.92159383033419,,,,0.0,,,,66.73,
MIDHANI,2026-08-22,Capital Goods,,7942.0,58.8,,4.279489225735988,6.214397496087637,5.183374083129585,,8.92,4.191244954982925,11.3,,19.0,10.56338028169014,13.739957480530297,,-5.22698120176387,,6.001101272752241,0.26566579634464754,,,,0.2,,,,74.0,
MIDWESTLTD,2026-08-22,,,4126.0,37.2,,,5.936690647482014,4.2894736842105265,,13.3,8.266276517922458,15.4,,27.0,16.258992805755394,-68.49661555165018,,-67.47606765326839,,5.851186274986753,0.1995841995841996,,,,0.0,,,,77.12,
MINDACORP,2026-08-22,Automobile and Auto Components,,17401.0,43.2,,1.432228844990401,2.618266626542281,6.618181818181818,,14.7,9.094222708219428,12.7,,12.0,7.50827565452904,30.162777513595973,,21.141709069371693,,12.634473282233039,0.559302766199318,,,,0.19,,,,64.84,
MINDTECK,2026-08-22,,,547.0,16.6,,3.9603598767668404,1.3341463414634147,1.8,,12.1,8.378378378378379,15.1,,9.0,7.560975609756097,4.191538273423756,,-1.24446355825516,,2.0310095964756414,0.013157894736842105,,,,0.58,,,,64.2,
MIRZAINT,2026-08-22,,,433.0,,,,0.8424124513618677,0.769041769041769,,-3.58,-3.1791907514450863,-1.81,,1.5,-4.280155642023346,,,,,-6.558273001226745,0.02664298401420959,,,,0.0,,,,72.99,
MITTAL,2026-08-22,,,39.1,15.0,,,0.43502447708055186,0.6068965517241379,,3.76,2.679625760741212,7.89,,11.11,3.2821539830885627,,,,,,0.2949774529622142,,,,0.0,,,,34.04,
MKPL,2026-08-22,,,155.0,33.0,,,0.4046997389033943,2.03448275862069,,9.37,3.816793893129771,10.1,,2.2,1.3054830287206265,-24.327043978353835,,-13.59956726714956,,16.05866300860246,0.4805194805194805,,,,0.0,,,,74.82,
MMFL,2026-08-22,,,3151.0,28.0,,3.5692067643299286,1.9108550636749546,3.232673267326733,,10.5,6.770833333333333,8.97,,18.0,10.248635536688901,7.844880347036054,,13.232468063039793,,1.8014332778458986,1.2666666666666666,,,,0.61,,,,56.33,
MMP,2026-08-22,,,1021.0,22.9,,1.3831459392422218,1.1695303550973655,2.9558823529411766,,11.5,8.0,12.5,,8.0,5.72737686139748,16.55645969834978,,11.575357788669049,,14.668789170706553,0.5346820809248555,,,,0.5,,,,74.49,
MMTC,2026-08-22,Services,,9807.0,48.7,,1.4967814676050706,3269.0,4.638297872340426,,5.23,15.987124463519315,8.66,,-6547.0,14900.0,32.53647980952261,,,,0.0,0.0,,,,0.0,,,,89.93,
MOBIKWIK,2026-08-22,,,1550.0,527.0,,,1.3728963684676705,2.880116959064327,,-8.26,-0.9226401703335699,-2.24,,0.8,-1.1514614703277237,,,,,8.866759571761683,0.5120593692022264,,,,0.0,,,,25.08,
MODIRUBBER,2026-08-22,,,336.0,33614.0,,,9.608235630540463,0.4962962962962963,,0.09,0.001297151455403933,0.63,,-73.72,0.028595939376608523,-88.2725721385089,,-75.0,,15.937587725294211,0.03364815253434392,,,,0.0,,,,62.69,
MODIS,2026-08-22,,,751.0,24.3,,0.38202577864467097,3.9735449735449735,4.7875,,20.5,9.508196721311474,25.8,,19.0,15.343915343915343,63.60827294485241,,,,65.09636244473134,0.03821656050955414,,,,0.0,,,,63.79,
MODTHREAD,2026-08-22,,,203.0,16.6,,,0.688135593220339,,,8.77,4.705882352941177,12.4,,4.6,4.067796610169491,,,,,,0.22602739726027396,,,,0.0,,,,65.16,
MOHITIND,2026-08-22,,,34.0,,,,0.25757575757575757,0.36809815950920244,,-0.56,-0.6666666666666667,1.65,,1.1,-0.7575757575757576,,,,,0.0,0.6086956521739131,,,,0.0,,,,54.94,
MOIL,2026-08-22,Metals & Mining,,5145.0,49.5,,,5.271516393442623,2.219298245614035,,8.31,2.26576852418861,11.4,,14.0,7.581967213114754,-42.25072631060648,,-9.502143036972843,,-9.436857454062952,0.0,,,,2.11,,,,64.68,
MOKSH,2026-08-22,,,93.4,8.86,,0.48593612339598186,0.11733668341708543,0.726027397260274,,8.21,5.9459459459459465,11.4,,2.0,1.3819095477386936,18.232849079178504,,15.063873490384827,,21.0288506164221,0.1937984496124031,,,,0.0,,,,40.09,
MOL,2026-08-22,,,1532.0,23.9,,,0.7284831193533048,0.9934102141680394,,1.9,2.118503806686528,6.71,,10.0,3.0432715168806466,,,-26.774680030582452,,10.327176794381021,0.47020725388601037,,,,0.0,,,,48.95,
MOLDTECH,2026-08-22,,,547.0,29.7,,,2.6298076923076925,4.269662921348314,,8.21,10.465116279069768,10.6,,11.0,8.653846153846153,-13.360243352198731,,6.257588226189048,,8.912857596952307,0.0390625,,,,0.53,,,,50.47,
MOLDTKPAC,2026-08-22,,,2356.0,37.0,,1.7104211815830979,3.733755942947702,4.8561643835616435,,17.8,11.149825783972126,22.2,,19.0,10.142630744849445,21.632098806069667,,18.90552681650761,,15.928828005870654,0.0962800875273523,,,,0.28,,,,33.21,
MONARCH,2026-08-22,,,3057.0,16.9,,2.139483375547678,8.375342465753425,3.130081300813008,,20.5,11.513994910941475,27.7,,70.0,49.589041095890416,7.899103210219538,,21.30351634073513,,9.500479979207821,0.03810504634397528,,,,0.26,,,,53.83,
MONEYBOXX,2026-08-22,,,385.0,294.0,,,,1.3018867924528303,,0.48,0.10050251256281408,9.05,,,,-49.77875818054224,,,,,,,,,0.0,,,,46.8,
MONTECARLO,2026-08-22,,,1136.0,10.8,,0.5269015504728598,0.8833592534992224,1.2540045766590389,,12.9,5.46875,14.0,,17.0,8.164852255054432,20.497187738976486,,-1.6472697839488348,,6.587305611417782,0.6401766004415012,,,,3.65,,,,73.17,
MOREPENLAB,2026-08-22,,,5261.0,44.8,,4.078844782870419,2.6965658636596617,4.2105263157894735,,6.2,7.283057851239668,8.05,,9.0,7.227063044592516,10.98350204159344,,3.8270952416643134,,4.903550731499973,0.16680032076984763,,,,0.21,,,,35.66,
MOSCHIP,2026-08-22,,,3996.0,125.0,,3.297728174637216,7.060070671378092,9.71563981042654,,11.0,3.6339165545087484,11.0,,9.0,4.770318021201414,37.90488281034603,,28.289455478124136,,24.40075999980291,0.21515892420537897,,,,0.0,,,,39.31,
MOTHERSON,2026-08-22,Automobile and Auto Components,,178771.0,39.1,,2.4689721978499013,1.363259236664506,4.355670103092784,,11.2,4.162630453457131,13.4,,10.0,3.4735196553170393,15.836549327712213,,36.996644219990586,,9.937424067327738,0.46780058078528025,,,,0.35,,,,48.6,
MOTILALOFS,2026-08-22,Financial Services,,59630.0,30.1,,,5.925668289774421,4.626168224299065,,15.5,4.569019147024262,12.7,,41.0,19.705853125310544,-7.024905983369356,,8.424131969094262,,12.492395136797407,1.6492085661080074,,,,0.61,,,,67.2,
MOTISONS,2026-08-22,,,1934.0,28.9,,1.1118760874384277,3.792156862745098,3.4136546184738954,,14.0,11.69284467713787,17.9,,18.0,13.137254901960786,25.99210498948732,,23.470503712683577,,6.941114795498571,0.0781563126252505,,,,0.0,,,,57.12,
MPHASIS,2026-08-22,Information Technology,,46383.0,24.0,,3.5294482260596913,2.8058193696691065,4.316163410301954,,18.5,10.84672610596854,22.1,,19.0,11.554049966729176,6.7999297518507085,,5.635838750007238,,7.574974463597406,0.24385703648548027,,,,2.55,,,,30.54,
MPSLTD,2026-08-22,,,4957.0,27.1,,1.6305662316332423,6.150124069478908,8.303724928366762,,29.7,20.614035087719298,38.7,,33.0,23.325062034739457,16.619993395089217,,16.675186916742213,,13.932120320739205,0.10234899328859061,,,,2.86,,,,68.34,
MRF,2026-08-22,Automobile and Auto Components,,56265.0,22.8,,4.449311292330336,1.7644015177647465,2.6825396825396823,,12.5,7.5671277461350686,15.7,,15.0,7.5825519771708105,5.124388585555328,,29.291717756671055,,8.207736682772726,0.15290359492705255,,,,0.18,,,,27.76,
MRPL,2026-08-22,Oil Gas & Consumable Fuels,,30988.0,11.1,,,0.2828301266839473,2.185185185185185,,14.5,7.060330875741773,18.0,,7.0,2.8668175678142456,-4.3978532744981536,,1.2142285892136062,,6.615890914362099,1.0805804043107698,,,,2.26,,,,88.58,
MSPL,2026-08-22,,,1944.0,14.0,,0.6396466053404553,0.6569787090233187,1.8846153846153846,,13.7,2.199074074074074,9.69,,6.0,1.2842176410949644,21.887085592439636,,0.0,,0.9762877550784532,0.3116504854368932,,,,0.0,,,,45.12,
MSTCLTD,2026-08-22,Services,,4938.0,21.1,,1.700935350512223,12.792746113989637,5.4765625,,26.6,11.63600198906017,30.3,,60.0,60.62176165803109,12.404939431499207,,3.3158321420585057,,6.897301156464941,0.16039823008849557,,,,1.08,,,,64.75,
MSUMI,2026-08-22,Automobile and Auto Components,,25439.0,40.6,,,2.0530223549350337,11.779141104294478,,32.4,13.211125158027812,38.9,,9.0,5.060124283754338,-0.34843488080427143,,8.9096552145296,,14.166651682004838,0.1078204534937529,,,,1.51,,,,61.72,
MTARTECH,2026-08-22,Capital Goods,,21622.0,159.0,,4.747415482389334,20.02037037037037,26.329588014981272,,12.5,7.630522088353414,15.1,,21.0,12.314814814814815,33.49190745781885,,17.000783812476072,,22.955853184070452,0.4580801944106926,,,,0.0,,,,29.35,
MTNL,2026-08-22,,,1690.0,,,,1.7105263157894737,-0.05630252100840336,,,-29.833267169511714,-2.25,,-11.0,-304.251012145749,,,,,7.333853519045497,-1.1830774365821095,,,,0.0,,,,56.25,
MUFIN,2026-08-22,,,2764.0,73.0,,2.763591712918112,,4.793103448275862,,6.69,1.8737672583826428,10.7,,,,26.414900456811097,,,,,,,,,0.0,,,,47.3,
MUFTI,2026-08-22,,,503.0,7.27,,,0.813915857605178,1.2229299363057324,,18.4,8.84265279583875,19.1,,29.0,11.003236245954692,-54.61123829539417,,,,21.920864103886718,0.5780487804878048,,,,2.6,,,,54.99,
MUKANDLTD,2026-08-22,,,1983.0,3.13,,0.03789697732123117,0.3872290568248389,1.3047619047619048,,5.57,15.50159430954133,4.44,,2.6,12.34133958211287,82.592339053027,,28.54702160535276,,-0.3490429794966943,1.11424819435325,,,,1.46,,,,74.7,
MUKKA,2026-08-22,,,798.0,11.5,,,0.4513574660633484,1.6024096385542168,,11.1,4.565083281924738,11.6,,8.0,4.18552036199095,-0.42918983118079845,,15.996225865400127,,8.609477592035809,1.5611222444889779,,,,0.0,,,,73.33,
MUNJALAU,2026-08-22,,,1154.0,22.5,,2.4329032784335656,0.4610467439073112,2.566964285714286,,3.73,3.814147018030513,9.77,,5.0,2.1973631642029567,9.24820982381458,,13.374082277188236,,9.971566177580172,0.9441964285714286,,,,0.87,,,,74.81,
MUNJALSHOW,2026-08-22,,,524.0,19.8,,,0.3805374001452433,0.7705882352941177,,3.31,2.8901734104046244,4.53,,1.3,1.815541031227306,-6.877401343278711,,15.356907073387527,,5.490166075087788,0.0,,,,3.43,,,,65.02,
MURUDCERA,2026-08-22,,,184.0,19.1,,0.8137499438885973,0.8803827751196173,0.4856687898089172,,2.99,1.6233766233766231,5.2,,16.0,4.784688995215311,23.47158379972165,,32.62062648088118,,4.338075276461928,0.37270341207349084,,,,1.64,,,,73.93,
MUTHOOTCAP,2026-08-22,,,414.0,16.5,,,,0.6176470588235294,,1.86,0.591715976331361,10.3,,,,-41.975368516780534,,,,,,,,,0.0,,,,63.33,
MUTHOOTFIN,2026-08-22,Financial Services,,121324.0,10.7,,0.28132592647033255,,2.989119683481701,,30.9,5.853740784075291,15.8,,,,38.034176708304116,,23.13279095929124,,,,,,,0.99,,,,73.35,
MUTHOOTMF,2026-08-22,,,3595.0,14.6,,,,1.2634730538922156,,6.22,1.931415057154119,9.31,,,,-18.282158233471424,,28.233808083414203,,,,,,,0.0,,,,55.47,
MVGJL,2026-08-22,,,731.0,6.08,,0.41551645828925754,0.25128910278446204,0.8771929824561403,,15.0,6.541554959785523,15.6,,7.0,4.193881058783087,14.632392721655973,,-11.004513350831346,,10.637702354171275,0.5887290167865707,,,,0.0,,,,74.28,
MWL,2026-08-22,,,1231.0,23.7,,0.8626180312732697,0.9863782051282052,4.099009900990099,,18.0,5.597416576964478,17.7,,8.0,4.166666666666666,27.4745010430834,,20.320611793864487,,15.12078982389815,0.7866666666666666,,,,0.07,,,,66.5,
NACLIND,2026-08-22,,,3981.0,154.0,,,2.6208031599736668,5.821917808219178,,2.37,0.8797653958944283,8.13,,7.0,0.7899934167215273,,,-30.161156777563527,,-5.130355044623003,0.4568081991215227,,,,0.0,,,,53.68,
NAGREEKCAP,2026-08-22,,,28.6,3.88,,,0.4511752642372614,1.0044247787610618,,29.8,5.0959812180638036,14.5,,28.27,11.642214860388075,-17.896760545106005,,15.468148270605052,,0.26962858496228925,3.315697266993693,,,,0.0,,,,53.53,
NAGREEKEXP,2026-08-22,,,70.0,9.85,,,0.39325842696629215,,,6.77,16.74641148325359,,,-10.0,19.662921348314608,,,,,,0.780952380952381,,,,0.0,,,,57.32,
NAHARCAP,2026-08-22,,,427.0,3.59,,0.030877002891266467,13.34375,0.265625,,3.98,6.677890011223345,5.03,,57.0,371.875,116.26776124101825,,-12.063024159094727,,-14.941925943401968,0.006222775357809583,,,,0.59,,,,72.53,
NAHARINDUS,2026-08-22,,,543.0,7.42,,0.0779885064561646,0.406437125748503,0.5228215767634855,,5.11,3.7894736842105265,6.63,,6.0,5.389221556886228,95.14222463242832,,-15.754248196938036,,-3.1797463558794425,0.6538830297219559,,,,0.0,,,,71.25,
NAHARPOLY,2026-08-22,,,587.0,8.12,,0.060834202792343174,0.8800599700149925,0.6770538243626062,,9.45,7.199999999999999,10.7,,14.0,10.794602698650674,133.47754433007896,,-5.849226241133576,,3.5916763916712613,0.09111880046136102,,,,0.63,,,,72.51,
NAM-INDIA,2026-08-22,Financial Services,,80029.0,48.9,,3.639828185391592,27.8943882886023,17.136986301369863,,34.5,31.529275808936823,43.8,,67.0,57.058208434994775,13.434700076300189,,16.49441222494632,,12.111696602568255,0.016097875080489377,,,,1.72,,,,71.8,
NARMADA,2026-08-22,,,106.0,29.4,,,1.3522132925118,,,,,,,6.35,4.924097461410894,,,,,,,,,,0.0,,,,50.3,
NATCAPSUQ,2026-08-22,,,158.0,,,,0.8272251308900523,0.9047619047619048,,-9.45,-5.89622641509434,-4.58,,-0.4,-13.089005235602095,,,,,7.209652836256764,0.9257142857142857,,,,0.0,,,,50.92,
NATCOPHARM,2026-08-22,Healthcare,,15805.0,13.8,,,4.535150645624103,1.712621359223301,,16.9,10.339534043705978,17.1,,30.0,32.85509325681492,-6.2383912271468,,46.99299589240593,,-4.482313995577125,0.07743194881249323,,,,0.57,,,,49.41,
NATHBIOGEN,2026-08-22,,,291.0,8.59,,,0.5938775510204082,0.4273743016759777,,5.47,3.555150410209663,7.1,,10.0,7.959183673469387,-0.8058367980884329,,,,25.48200991025564,0.20294117647058824,,,,1.31,,,,45.59,
NATIONALUM,2026-08-22,Metals & Mining,,72446.0,10.7,,0.2127293996489808,3.7463026166097837,3.3389830508474576,,29.4,25.433242917420134,39.6,,47.0,34.910538835453515,50.29864239571864,,18.00367984432807,,13.720722487154745,0.002777392028884877,,,,2.92,,,,51.28,
NATIONSTD,2026-08-22,,,254.0,22.6,,,13.368421052631579,0.900709219858156,,3.49,3.8596491228070176,4.79,,-23.0,57.89473684210527,-8.748464793547484,,-14.56091609569128,,-3.2810806630399703,0.0,,,,0.0,,,,73.94,
NAUKRI,2026-08-22,Consumer Services,,87543.0,59.4,,1.4657361025904945,25.938666666666666,2.3076923076923075,,1.81,4.016064257028113,3.45,,37.0,56.592592592592595,40.52571257200963,,-34.07796109853793,,9.995480865172212,0.006831249670306483,,,,0.62,,,,37.48,
NAVA,2026-08-22,Power,,15833.0,20.9,,,3.6735498839907192,1.809061488673139,,9.33,6.7664462234597975,12.8,,38.0,22.552204176334108,-14.871561010401557,,8.398502424606846,,4.123106167959878,0.2545454545454545,,,,1.52,,,,50.03,
NAVINFLUOR,2026-08-22,Chemicals,,42105.0,52.9,,1.279658912575716,11.586406164006604,10.588387096774193,,19.6,12.384386267440037,21.0,,34.0,21.73913043478261,41.33914082895895,,23.74560846622633,,20.731785187036223,0.32008052340211374,,,,0.18,,,,27.08,
NAVKARCORP,2026-08-22,,,1461.0,16.2,,,3.546116504854369,0.9768378650553877,,6.18,4.261363636363636,6.93,,37.0,21.844660194174757,0.0,,-30.45575473981732,,7.787179070853023,0.2762541806020067,,,,0.0,,,,70.37,
NAVNETEDUL,2026-08-22,,,2956.0,23.6,,2.154060599248922,1.7236151603498542,1.4517876489707475,,8.03,13.756819953234606,10.2,,14.0,20.58309037900875,10.956052029468832,,35.38241639636579,,-0.6332927486301987,0.05288932419196866,,,,2.25,,,,63.29,
NAZARA,2026-08-22,Media Entertainment & Publication,,13600.0,,,,7.731665719158613,3.773987206823028,,30.5,-1.1896591169068862,27.2,,-5.0,-2.956225127913587,,,,,15.622190366593358,0.06190613302620213,,,,0.0,,,,33.98,
NBCC,2026-08-22,Construction,,23998.0,35.1,,1.5589834730070806,1.881310755722797,7.937500000000001,,24.1,4.700749662037606,31.0,,5.0,5.997177798682973,22.51467100693285,,26.979757717830278,,7.019516691882344,0.0,,,,1.13,,,,61.75,
NBIFIN,2026-08-22,,,581.0,35.9,,,,0.18049049324882888,,0.26,0.46975924838520255,,,,,,,,,,,,,,0.04,,,,74.17,
NCC,2026-08-22,Construction,,9390.0,13.0,,,0.4376398210290828,1.2,,9.19,2.8808010783747355,16.8,,9.0,3.4862043251304993,-0.5328697942488025,,7.088230258050876,,0.9676590081428182,0.43931884610496885,,,,1.47,,,,23.09,
NCLIND,2026-08-22,,,787.0,6.34,,,0.5499650593990216,0.8365384615384616,,14.6,5.844980940279543,14.5,,12.0,6.429070580013977,-0.2594466011555552,,-0.3962242935504845,,-12.057670368040785,0.2542553191489362,,,,2.01,,,,41.67,
NDGL,2026-08-22,,,273.0,,,,,0.21072974644403217,,-1.06,-0.32876712328767127,0.14,,,,,,,,,,,,,0.09,,,,73.58,
NDL,2026-08-22,,,391.0,10.6,,,0.15978749489170413,0.5995575221238939,,5.22,3.5852713178294575,7.32,,3.4,1.5120555782590928,-5.694457430615596,,-11.166842706390801,,6.777390725108634,0.18125960061443933,,,,0.0,,,,51.01,
NDLVENTURE,2026-08-22,,,401.0,,,,0.38409961685823757,1.619047619047619,,-10.2,-1.3120899718837862,1.84,,14.0,-2.681992337164751,,,,,1.4456664396954144,5.012096774193548,,,,0.42,,,,66.2,
NDRAUTO,2026-08-22,,,1798.0,27.5,,1.459695172960682,2.0931315483119906,5.04,,18.9,11.545293072824157,22.2,,11.0,7.566938300349244,18.839549865895687,,34.2412045665432,,12.581118095025534,0.17318435754189945,,,,0.53,,,,73.13,
NDTV,2026-08-22,,,852.0,,,,1.58364312267658,6.62280701754386,,-340.0,-47.58522727272727,-72.6,,-51.0,-62.26765799256505,,,,,13.290506174491302,2.015625,,,,0.0,,,,69.02,
NEAGI,2026-08-22,,,206.0,5.59,,,8.24,0.6282075651016917,,9.33,10.946745562130179,9.68,,-6.0,148.0,-1.9869708394140928,,2.475252496761926,,0.0,0.0,,,,0.61,,,,72.45,
NELCAST,2026-08-22,,,1025.0,25.0,,,0.7660687593423019,1.7201166180758019,,8.43,3.419516263552961,11.4,,7.0,3.0642750373692076,-8.870208954905745,,23.747008018115423,,1.834085154659748,0.4312080536912752,,,,0.59,,,,74.87,
NELCO,2026-08-22,,,2069.0,347.0,,,6.631410256410256,16.053097345132745,,0.46,1.1527377521613833,7.21,,9.0,1.282051282051282,-45.270259577981655,,-24.759450113759396,,-0.8403758659612626,0.5658914728682171,,,,0.11,,,,50.09,
NEOGEN,2026-08-22,Chemicals,,6106.0,172.0,,,6.593952483801296,7.216828478964401,,3.58,1.2405237767057202,6.46,,17.0,3.8876889848812093,-0.6456599186510648,,-5.838673186501076,,10.24975840069018,1.7095588235294117,,,,0.04,,,,53.0,
NEPHROPLUS,2026-08-22,,,6980.0,82.0,,,6.628679962013296,6.252252252252252,,8.83,5.794137695978187,15.3,,22.0,8.072174738841406,-70.88779758940673,,,,22.990239344188936,0.07168458781362007,,,,0.0,,,,63.85,
NESCO,2026-08-22,Services,,7298.0,17.5,,3.7078742153125517,7.674027339642482,2.4376470588235293,,14.8,11.303876389265383,18.5,,51.0,43.84858044164038,4.719685454196254,,17.104266400753907,,11.939563143048314,0.09078771695594126,,,,0.68,,,,68.54,
NESTLEIND,2026-08-22,Fast Moving Consumer Goods,,284831.0,76.9,,,11.655726971395834,55.3183520599251,,74.2,28.91063571536944,85.3,,23.0,15.59520399394361,-1.0568822843607495,,,,0.058723127186799395,0.08609656777196044,,,,0.81,,,,62.76,
NETWEB,2026-08-22,Information Technology,,31892.0,122.0,,2.4183212960136657,11.803108808290155,44.10236220472441,,32.8,11.574279379157428,37.5,,13.0,9.659511472982976,50.44821802673758,,2.941718803731641,,55.113260249407325,0.3900414937759336,,,,0.05,,,,66.98,
NETWORK18,2026-08-22,Media Entertainment & Publication,,4604.0,,,,2.1226371599815583,0.9373040752351097,,0.76,-0.35571365051133835,3.02,,2.2,-1.4753342554172428,,,,,-38.439013074003725,0.6685644570963807,,,,0.0,,,,56.89,
NEULANDLAB,2026-08-22,Healthcare,,29895.0,60.1,,3.2706429408248856,12.603288364249579,15.948665297741274,,21.2,16.99658703071672,26.5,,32.0,20.994940978077572,18.375591921031354,,50.805948596510135,,15.015451822139392,0.16053333333333333,,,,0.15,,,,32.62,
NEWGEN,2026-08-22,Information Technology,,7449.0,21.7,,3.03326616374223,4.626708074534162,4.184,,19.6,12.858312858312859,25.0,,26.0,19.503105590062113,7.154004570844541,,13.464890721740929,,8.977079563260082,0.021947101857062466,,,,1.15,,,,53.45,
NEXTMEDIA,2026-08-22,,,26.2,,,,0.8733333333333333,-1.0454545454545454,,,540.0,-12.3,,-8.0,180.0,,,,,4.885624628838681,-1.36,,,,0.0,,,,74.99,
NFL,2026-08-22,Chemicals,,3449.0,9.47,,0.27523326761930866,0.1534252669039146,1.2141623488773747,,7.61,3.10474240873422,9.09,,4.4,1.6192170818505338,34.40717788918786,,,,-1.546403140598518,1.3952833509327702,,,,1.48,,,,74.71,
NGLFINE,2026-08-22,,,1822.0,31.8,,2.7747758235534072,3.3992537313432836,5.530956848030018,,17.4,10.458715596330276,18.6,,16.0,10.634328358208956,11.460385278720132,,2.7735978245200466,,16.498865786272066,0.3738601823708207,,,,0.06,,,,72.49,
NH,2026-08-22,Healthcare,,37108.0,43.0,,38.16906135846001,4.090388007054674,8.18018018018018,,20.5,6.545425412594136,15.5,,19.0,9.00573192239859,1.1265668703815068,,19.009717398181536,,22.875338564544045,1.2911615605025346,,,,0.25,,,,63.27,
NHPC,2026-08-22,Power,,76493.0,20.2,,11.04695991925039,6.264782964782965,1.849514563106796,,9.32,3.5556259218212274,5.75,,43.0,34.946764946764944,1.828557372132722,,1.4931978945393665,,8.230108467691188,1.2628086010087602,,,,2.11,,,,61.39,
NIACL,2026-08-22,Financial Services,,30345.0,39.4,,,0.6073615948120572,,,4.92,0.7032234093648334,4.29,,-0.1,1.553180417117009,-11.579616380882207,,31.726383670791037,,4.898061940454146,0.0,,,,0.81,,,,85.44,
NIBE,2026-08-22,,,2311.0,,,,5.079120879120879,6.399141630901288,,1.94,-1.9908116385911179,4.79,,6.0,-2.857142857142857,,,,,17.288139184548832,0.3448275862068966,,,,0.08,,,,51.46,
NIBL,2026-08-22,,,75.4,,,,0.9921052631578948,-0.6321138211382114,,,-25.6198347107438,-18.2,,-14.0,-40.78947368421053,,,,,1.3515148022100965,-1.6974789915966386,,,,0.0,,,,74.78,
NIITLTD,2026-08-22,,,1283.0,91.3,,,3.191542288557214,1.1923566878980891,,0.87,0.7182761372705506,2.24,,-1.8,2.2388059701492535,-38.51886658898279,,-47.71430837042517,,9.882316931863965,0.0065420560747663555,,,,1.07,,,,40.87,
NIITMTS,2026-08-22,,,3158.0,13.8,,2.3969152479316933,1.5285575992255567,2.044642857142857,,15.5,8.398950131233596,20.9,,18.0,12.39109390125847,5.757400063230467,,,,9.957899301163465,0.20609202851587816,,,,1.42,,,,34.25,
NILAINFRA,2026-08-22,,,275.0,11.0,,0.3727140176568977,0.9046052631578947,1.4663865546218489,,12.9,2.796420581655481,22.3,,10.0,8.223684210526317,29.513244683289752,,,,18.005056836894752,0.12834224598930483,,,,0.0,,,,61.9,
NILASPACES,2026-08-22,,,515.0,16.5,,0.5084868639588926,2.696335078534031,3.0184331797235022,,18.2,8.791208791208792,31.3,,33.0,16.75392670157068,32.44921583919993,,,,28.03557561963266,0.4647058823529412,,,,0.0,,,,61.9,
NILE,2026-08-22,,,455.0,9.39,,0.5923689967886288,0.4228624535315985,1.4396961063627731,,19.0,13.559322033898304,25.3,,6.0,4.4609665427509295,15.85160609502758,,15.237739220613777,,8.689957157259354,0.0379746835443038,,,,0.33,,,,50.39,
NILKAMAL,2026-08-22,,,3064.0,22.8,,34.60324716653145,0.824764468371467,1.9432355723746453,,8.22,4.964257347100873,10.6,,9.0,3.3647375504710633,0.6588977008508135,,8.384980690788968,,5.143884015396782,0.26506024096385544,,,,0.97,,,,64.54,
NIPPOBATRY,2026-08-22,,,247.0,,,,0.5501113585746102,0.8163771712158809,,-7.11,-6.0324825986078885,-5.47,,-4.6,-5.79064587973274,,,,,-11.189815867827113,0.11221122112211221,,,,1.14,,,,65.35,
NIRAJISPAT,2026-08-22,,,13.0,8.53,,0.3652284803867441,3.6619718309859155,0.8120300751879699,,10.7,7.014305491462851,11.3,,20.56,42.81690140845071,23.355243246549385,,15.18059548519306,,2.8814123670839464,0.2862523540489642,,,,0.0,,,,74.44,
NIRLON,2026-08-22,,,5630.0,15.8,,0.7822991440370545,8.353115727002967,12.01923076923077,,83.8,15.866666666666667,30.8,,77.0,52.967359050445104,20.196877524963284,,26.351367367727896,,3.780126277180562,2.450854700854701,,,,4.8,,,,67.66,
NITCO,2026-08-22,,,2246.0,,,,4.421259842519685,6.144736842105264,,10.8,-2.6605504587155964,7.07,,-6.0,-5.708661417322835,,,,,16.05400089471423,0.8602739726027397,,,,0.0,,,,23.96,
NITINSPIN,2026-08-22,,,3308.0,15.6,,0.905566019089092,1.0036407766990292,2.2442748091603053,,12.8,7.2727272727272725,12.2,,15.0,6.432038834951456,17.226794812477642,,-8.267842988401974,,4.334978680656354,0.7641060503059144,,,,0.51,,,,56.71,
NITIRAJ,2026-08-22,,,204.0,,,,4.427083333333334,3.0197268588770863,,-0.35,-0.2881483337509397,0.38,,7.57,-0.4991319444444445,,,,,-1.2554218671044892,0.04735128736312519,,,,0.75,,,,69.07,
NITTAGELA,2026-08-22,,,1439.0,13.8,,1.7904567054998906,2.4389830508474577,2.8152753108348136,,21.0,17.576791808873722,27.7,,24.0,17.457627118644066,7.707530686226272,,25.686735951673633,,3.444705499782419,0.007827788649706457,,,,0.44,,,,74.49,
NIVABUPA,2026-08-22,Financial Services,,15278.0,87.7,,,1.9322119640824587,,,3.46,1.5431003902092941,3.15,,2.8,2.2005817629948146,,,,,24.32180294588928,0.06603275224511358,,,,0.0,,,,55.3,
NKIND,2026-08-22,,,40.6,,,,3.5802469135802473,-0.11555555555555555,,,-0.18935587267668808,,,-9.08,-31.569664902998234,,,,,-14.368851375431667,-0.0027870204476296108,,,,0.0,,,,73.28,
NLCINDIA,2026-08-22,Power,,37411.0,11.7,,0.5831513183366704,2.035308198683423,1.7419354838709677,,17.5,5.163952026011472,10.4,,33.0,18.31782819215494,20.063403154728434,,24.041619394323234,,12.235641259697271,1.2957955865272939,,,,1.33,,,,69.47,
NMDC,2026-08-22,Metals & Mining,,74388.0,9.97,,0.975237755512382,2.315435614903352,2.186046511627907,,23.4,15.436672185430464,27.6,,29.0,23.21723161203972,10.223148092499601,,-4.557329824926737,,14.668067935550066,0.18809817391814926,,,,2.95,,,,60.79,
NOCIL,2026-08-22,,,2790.0,40.1,,,2.0364963503649633,1.5754716981132075,,2.6,3.1264803410705824,3.93,,8.0,4.817518248175182,-20.82937048465997,,-17.827965517772228,,-1.760930556197693,0.0045121263395375075,,,,0.9,,,,33.76,
NORBTEAEXP,2026-08-22,,,108.0,,,,13.284132841328413,5.7355371900826455,,-1.65,-0.8861174926156876,2.96,,16.36,-3.3210332103321036,,,,,7.305393293806084,0.4691817215727949,,,,0.0,,,,38.89,
NORTHARC,2026-08-22,,,4661.0,10.6,,,,1.1950207468879668,,11.1,2.621678112869513,9.74,,,,-7.621266377853164,,6.984656234659559,,,,,,,0.0,,,,,
NOVARTIND,2026-08-22,,,3503.0,35.8,,7.598091805944688,9.442048517520215,4.287009063444109,,11.6,10.020449897750511,16.2,,27.0,26.41509433962264,4.711709323121149,,,,3.4609275237658332,0.0036719706242350062,,,,1.76,,,,70.68,
NPST,2026-08-22,,,3314.0,74.2,,4.759942963537097,15.20183486238532,7.5260663507109005,,15.0,8.858267716535433,19.7,,25.0,20.642201834862387,15.588422081608776,,94.4758813094216,,19.421404525875417,0.031746031746031744,,,,0.13,,,,60.48,
NRAIL,2026-08-22,,,858.0,13.0,,,0.36666666666666664,1.0521920668058455,,6.04,3.052683407188577,8.49,,10.0,2.6495726495726495,-20.881963235933732,,0.3655189696456951,,21.86316243327031,1.007361963190184,,,,0.4,,,,74.28,
NRBBEARING,2026-08-22,,,4711.0,31.5,,,3.3770609318996416,4.894259818731118,,15.6,11.135693215339233,18.4,,18.0,10.824372759856631,-14.934755187322823,,15.00626086711312,,8.43903110545039,0.1600831600831601,,,,1.64,,,,44.73,
NSIL,2026-08-22,,,2872.0,51.8,,,29.306122448979593,0.1891269760671609,,0.34,0.3375232774674115,0.48,,77.0,59.183673469387756,-0.535293034943185,,-3.4712676476104765,,3.2631470185832567,0.00019771963355961247,,,,0.0,,,,55.61,
NSLNISP,2026-08-22,Metals & Mining,,11661.0,139.0,,,0.8366336633663366,0.8844444444444444,,0.45,0.2974820271275277,3.06,,11.0,0.6026689625484287,,,,,65.96417265088684,0.35015940488841657,,,,0.0,,,,60.79,
NTPC,2026-08-22,Power,,329687.0,11.9,,1.1798991758228616,1.7255769160311736,1.619047619047619,,15.1,5.073758778888408,8.92,,27.0,14.829973987092993,10.08560751955856,,10.728286725191683,,2.2875601395730083,1.3338435642004962,,,,2.65,,,,51.1,
NTPCGREEN,2026-08-22,Power,,77042.0,127.0,,22.004335128246943,23.452663622526636,4.062222222222222,,2.79,1.0036103474545395,3.56,,86.0,18.447488584474886,5.7715899735125475,,,,18.723955671828875,1.6723437911943053,,,,0.0,,,,89.01,
NUCLEUS,2026-08-22,,,1949.0,17.1,,,2.242807825086306,2.1449275362318843,,13.1,8.293838862559241,16.8,,11.0,12.082853855005753,-17.597337255238287,,21.247876968944478,,1.7060004954938535,0.009922822491730982,,,,1.69,,,,73.59,
NURECA,2026-08-22,,,293.0,67.4,,,1.9150326797385622,1.6243386243386244,,1.12,2.0408163265306123,3.3,,2.7,2.6143790849673203,,,-37.23326160645315,,18.477132519697804,0.011049723756906077,,,,0.0,,,,68.09,
NUVAMA,2026-08-22,Financial Services,,32015.0,29.6,,1.5641988106870435,6.555077805077805,7.716814159292035,,27.4,3.137050244991447,17.5,,52.0,22.153972153972155,18.92342571658061,,,,15.667909603936048,2.8012618296529967,,,,1.59,,,,53.98,
NUVOCO,2026-08-22,Construction Materials,,11502.0,27.7,,0.7333663109322066,0.9920648611350699,1.2290076335877862,,4.17,1.9015715059855165,6.99,,16.0,3.329308262894601,37.77102873022569,,64.37518295172258,,2.6055191793385335,0.5262256476129309,,,,0.0,,,,72.02,
NYKAA,2026-08-22,Consumer Services,,95661.0,359.0,,3.563108361329306,8.98309700441356,66.53386454183267,,15.3,5.6170028193450445,17.2,,8.0,2.4321532538266504,100.7547241325173,,44.761273215532604,,18.584147995701382,0.8609179415855355,,,,0.0,,,,52.07,
OAL,2026-08-22,,,1144.0,215.0,,,1.0741784037558686,1.7258883248730965,,0.5,0.41876046901172526,4.47,,7.0,0.4694835680751174,-16.180618206672015,,-36.85653801292936,,8.146509142631153,0.606015037593985,,,,0.15,,,,74.17,
OBCL,2026-08-22,,,114.0,,,,0.3313953488372093,1.3618090452261309,,-8.91,-4.651162790697675,-1.05,,0.4,-2.3255813953488373,,,,,1.0891945807417702,0.8571428571428571,,,,0.0,,,,72.19,
OBEROIRLTY,2026-08-22,Realty,,68575.0,25.9,,2.3711494236239936,10.847042075292629,3.8255578093306286,,14.6,10.3841749911162,17.3,,56.0,41.600759253400824,10.922972522083917,,20.219020711762514,,12.032165241703252,0.15762749693114608,,,,0.42,,,,67.71,
OFSS,2026-08-22,Information Technology,,102096.0,29.9,,1.9585903099773858,11.413750698714365,13.041156840934372,,32.6,34.55852571891454,45.3,,50.0,38.15539407490218,15.266081858816726,,12.357957509799999,,11.964103955991412,0.0040884119074996806,,,,3.41,,,,72.41,
OIL,2026-08-22,Oil Gas & Consumable Fuels,,77264.0,9.25,,0.9577836838414886,2.0057630902624544,1.330532212885154,,12.3,7.6957237904528135,11.6,,35.0,24.74234832948262,9.657713068257756,,8.245601046954686,,6.65695172920735,0.6461835548888774,,,,2.42,,,,56.66,
OLAELEC,2026-08-22,Automobile and Auto Components,,17463.0,,,,9.288829787234043,4.960526315789474,,-43.2,-22.354904982023626,-19.6,,-49.0,-92.6063829787234,,,,,-27.87153202102012,0.8245299910474485,,,,0.0,,,,32.96,
OLECTRA,2026-08-22,Automobile and Auto Components,,10822.0,61.0,,1.896294671989064,4.260629921259842,8.786666666666667,,15.6,7.012076353720296,21.0,,14.0,7.086614173228346,32.167996304084845,,38.04971021852144,,30.079632893525066,0.30944625407166126,,,,0.03,,,,50.02,
OMAXE,2026-08-22,,,1876.0,,,,1.3623819898329703,-2.0892494929006085,,,-3.08679336642053,-110.0,,-38.0,-37.03703703703704,,,,,-5.155939993799552,-1.6270810210876803,,,,0.0,,,,74.14,
OMINFRAL,2026-08-22,,,810.0,25.1,,,1.5576923076923077,1.0618686868686869,,2.73,2.2540983606557377,4.7,,8.0,6.346153846153846,-11.965188571953655,,4.026125343417397,,-22.42781028320664,0.1127129750982962,,,,0.59,,,,67.05,
OMNI,2026-08-22,,,7185.0,69.1,,2.0486831435966493,12.495652173913044,10.563636363636364,,18.0,8.286852589641434,17.6,,34.0,18.086956521739133,33.7289835258217,,,,47.82547419127556,0.6397058823529411,,,,0.0,,,,74.19,
OMPOWER,2026-08-22,,,558.0,13.2,,,1.242761692650334,,,38.2,11.695906432748536,42.7,,13.0,8.908685968819599,-47.54553631609832,,,,55.24645726045492,0.35036496350364965,,,,0.0,,,,69.05,
ONEPOINT,2026-08-22,,,1477.0,32.1,,1.7804953289634267,3.665012406947891,3.3058823529411767,,9.22,5.376344086021505,10.9,,23.0,11.166253101736972,18.02869093663282,,56.871742653604976,,33.33741817550779,0.49217002237136465,,,,0.0,,,,52.3,
ONESOURCE,2026-08-22,Healthcare,,17602.0,,,,11.407647440051846,3.0157170923379173,,-1.09,-0.5968331303288672,0.57,,22.0,-3.175631885936488,,,,,107.78418684982628,0.25793174412622194,,,,0.0,,,,30.48,
ONGC,2026-08-22,Oil Gas & Consumable Fuels,,297398.0,6.8,,,0.4223665467539052,0.7972972972972973,,11.6,5.7017421035078835,14.2,,13.0,6.3615305848552035,-3.9701815760675996,,-0.9002872184544986,,5.386457558864244,0.46888382001678464,,,,5.6,,,,58.89,
ONWARDTEC,2026-08-22,,,635.0,14.1,,1.788518001505276,1.1339285714285714,2.5765765765765765,,19.5,11.716621253405995,22.9,,13.0,7.678571428571429,7.88362207600537,,11.958381849355092,,5.864091808676575,0.15810276679841898,,,,2.8,,,,39.97,
OPTIEMUS,2026-08-22,Telecommunication,,4871.0,67.0,,8.993972243623695,2.1981046931407944,6.164383561643836,,9.16,3.97170837867247,10.9,,4.6,3.2942238267148016,7.449433707948105,,,,13.191930591593515,0.4800514800514801,,,,0.0,,,,71.4,
ORCHASP,2026-08-22,,,48.8,61.8,,,3.1322207958921693,0.40056818181818177,,0.9,0.34045854163075334,0.84,,-25.03,5.070603337612323,-15.65673346982508,,24.57309396155174,,5.548125557418904,0.0,,,,0.0,,,,18.48,
ORCHPHARMA,2026-08-22,,,6001.0,332.0,,,5.592730661696179,3.9448818897637796,,1.35,0.5756148613291471,1.73,,4.1,1.0251630941286114,-51.289626931438036,,,,9.422157449386015,0.28183229813664595,,,,0.0,,,,69.84,
ORICONENT,2026-08-22,,,894.0,53.9,,,19.866666666666667,0.7776261937244202,,1.28,2.3519870235198703,2.08,,-130.0,64.44444444444444,-1.2368760369624199,,-25.72568013597931,,-32.45085038592865,0.0026064291920069507,,,,0.88,,,,65.7,
ORIENTALTL,2026-08-22,,,36.9,14.7,,,1.3486842105263157,0.3691176470588235,,2.34,1.46419251957089,3.83,,13.49,7.383040935672515,,,,,95.70762331046842,0.028760396833350035,,,,0.0,,,,25.85,
ORIENTBELL,2026-08-22,,,529.0,24.0,,0.12969473624317912,0.7034574468085106,1.6026785714285714,,4.14,3.977272727272727,5.86,,7.0,2.7925531914893615,185.0499156341991,,-8.43468918846144,,3.717645202093367,0.09422492401215805,,,,0.28,,,,65.92,
ORIENTCEM,2026-08-22,Construction Materials,,2702.0,12.7,,2.0797736882613878,1.067562228368234,1.2692307692307692,,17.3,6.670922438557294,16.5,,20.0,8.257605689450811,6.106433633467456,,-4.5327942555648875,,-7.37513894806675,0.033550792171481825,,,,0.38,,,,72.66,
ORIENTCER,2026-08-22,,,546.0,16.2,,1.4383957948117578,1.348148148148148,1.8023715415019763,,9.13,6.25,11.4,,13.0,6.419753086419753,11.262546830596154,,30.892225486727387,,8.969149658257525,0.13245033112582782,,,,0.55,,,,63.9,
ORIENTELEC,2026-08-22,,,3949.0,33.1,,2.4536343991450735,1.126033646991731,5.1966292134831455,,14.2,6.5986802639472115,19.9,,7.0,3.136583974907328,13.490192349574626,,-2.8740959836750957,,7.639948964220511,0.12236842105263158,,,,0.81,,,,38.3,
ORIENTHOT,2026-08-22,,,2477.0,36.9,,3.5843655718554355,4.973895582329317,3.255269320843091,,9.49,6.829765545361875,12.1,,26.0,13.453815261044177,10.294708857193612,,,,8.212873820510126,0.17191601049868765,,,,0.47,,,,68.53,
ORIENTPPR,2026-08-22,,,363.0,2.3,,0.2391254193746827,0.22476780185758513,0.4407216494845361,,22.1,9.19674039580908,22.2,,19.0,9.78328173374613,9.618383549580557,,,,10.87102402588247,0.6670967741935484,,,,0.0,,,,38.73,
ORIENTTECH,2026-08-22,,,1116.0,44.5,,,1.282758620689655,3.32425068119891,,7.46,0.8771929824561403,,,5.0,0.5747126436781609,,,,,,0.18397626112759644,,,,0.67,,,,70.66,
ORISSAMINE,2026-08-22,,,2770.0,,,,29.436769394261425,-50.69154774972558,,,-0.5021310372198161,9.64,,9.69,-3.092454835281616,,,,,38.356044912133356,-3.878111273792094,,,,0.0,,,,50.01,
ORKLAINDIA,2026-08-22,Fast Moving Consumer Goods,,7565.0,24.8,,,2.9424348502528197,2.746268656716418,,11.2,8.641975308641975,14.9,,16.0,11.435239206534423,-49.71268245585676,,-25.719445468773884,,2.953772158385237,0.02290909090909091,,,,0.0,,,,75.0,
OSWALAGRO,2026-08-22,,,496.0,,,,,0.5523952095808383,,-2.0,-3.7694013303769403,2.03,,-56333.0,,,,,,,0.0011148272017837235,,,,0.0,,,,51.88,
OSWALGREEN,2026-08-22,,,535.0,12.7,,0.9854415386531773,5.194174757281553,0.23556058890147227,,1.87,1.8181818181818181,3.11,,69.0,40.77669902912621,12.887623975499697,,,,20.409773010338284,0.0,,,,0.0,,,,70.65,
OSWALPUMPS,2026-08-22,Capital Goods,,3416.0,10.2,,,1.6877470355731226,2.027027027027027,,35.2,15.65703634669152,38.2,,22.0,16.600790513833992,-43.91117774987418,,0.356931310270614,,38.672254870126935,0.1408199643493761,,,,0.0,,,,75.65,
OSWALSEEDS,2026-08-22,,,116.0,9.49,,,0.4344569288389513,2.2759856630824373,,15.2,8.51063829787234,19.9,,8.0,4.49438202247191,,,17.652165683240618,,-0.24844822862550853,0.11764705882352941,,,,0.0,,,,66.63,
PACEDIGITK,2026-08-22,,,3900.0,13.0,,,1.3780918727915195,1.7745098039215685,,17.6,5.9277380504328185,21.3,,16.0,11.130742049469964,-67.89002692900911,,-7.911415338582472,,5.153069324504811,0.44449478930675124,,,,0.0,,,,69.52,
PAGEIND,2026-08-22,Textiles,,39574.0,50.6,,5.1036365648301745,7.395626985610166,26.340014847809947,,54.3,26.47058823529412,64.4,,21.0,14.12820033638572,9.914499074775662,,7.094503059250079,,5.40743961906931,0.18442077230359522,,,,1.55,,,,42.89,
PAISALO,2026-08-22,,,6348.0,25.2,,2.1875370030630696,,3.5431472081218276,,14.3,3.984126984126984,12.3,,,,11.519805134593852,,25.121895365706372,,,,,,,0.14,,,,46.71,
PAKKA,2026-08-22,,,403.0,28.9,,,1.028061224489796,0.8941798941798942,,1.44,1.6928657799274487,3.85,,10.0,3.571428571428571,-35.09159220047997,,-21.446301658081968,,-1.0816155914895265,0.6644444444444444,,,,0.0,,,,39.27,
PALASHSECU,2026-08-22,,,89.0,5.5,,,2.4722222222222223,0.18367768595041323,,3.0,2.480916030534351,2.65,,-24.0,36.11111111111111,,,,,-4.242481876573024,0.0,,,,0.0,,,,72.18,
PANACEABIO,2026-08-22,,,2518.0,,,,3.7414561664190193,3.0220588235294117,,-2.36,-0.7131537242472267,-2.44,,0.3,-1.337295690936107,,,,,6.381902322302602,0.02874251497005988,,,,0.0,,,,72.48,
PANAMAPET,2026-08-22,,,2935.0,6.13,,0.17580332288841058,0.7148075986361422,1.9958847736625513,,15.6,24.960917144346016,19.2,,15.0,11.665854846566,34.8685104427233,,15.755016508659558,,20.324238226420775,0.07556160653505786,,,,0.62,,,,63.16,
PANSARI,2026-08-22,,,554.0,28.1,,0.5034881350435514,5.956989247311828,3.597285067873303,,13.8,4.132231404958678,12.5,,14.0,21.50537634408602,55.81064983302808,,40.172643511055654,,18.421795224156124,0.6493506493506493,,,,0.0,,,,73.88,
PAR,2026-08-22,,,125.0,8.6,,,1.146788990825688,1.10989010989011,,12.4,10.852713178294573,16.5,,18.0,12.844036697247708,0.0,,9.47947208372879,,4.324206065175806,0.0,,,,0.0,,,,73.41,
PARACABLES,2026-08-22,,,2045.0,33.6,,,1.0266064257028114,2.450980392156863,,7.99,5.403011514614704,12.4,,4.3,3.0622489959839356,-10.821472766519502,,36.63316893604747,,23.094701767637616,0.15809768637532134,,,,0.0,,,,45.88,
PARADEEP,2026-08-22,Chemicals,,15420.0,14.2,,0.13034257177755287,0.6576534311425769,2.2664624808575806,,18.9,5.976806422836753,17.1,,10.0,4.572013477203907,108.94368437224186,,10.148186817349213,,26.528617048452,1.0181335692171605,,,,1.01,,,,57.86,
PARAGMILK,2026-08-22,,,2832.0,21.0,,1.9280518277060488,0.7241114804397852,2.237623762376238,,12.3,5.699254712845243,13.5,,7.0,3.323958066990539,10.891823393038823,,,,7.6049293655613415,0.48212867355043687,,,,0.44,,,,40.49,
PARAS,2026-08-22,Capital Goods,,12085.0,131.0,,3.1335054380507095,23.649706457925635,16.666666666666668,,12.4,9.95850622406639,17.2,,26.0,18.786692759295498,41.80621434679637,,27.561502906008982,,26.23963431930165,0.037241379310344824,,,,0.07,,,,53.2,
PARASPETRO,2026-08-22,,,73.5,,,,,3.666666666666667,,-1.89,-2.144638403990025,-1.74,,-885.71,,,,,,,0.0,,,,0.0,,,,40.19,
PARKHOSPS,2026-08-22,Healthcare,,11859.0,42.7,,,6.753416856492027,5.8760683760683765,,16.7,10.558123000355492,19.3,,27.0,16.91343963553531,-12.744195105380275,,-10.82949189123884,,12.569866975161936,0.18001978239366964,,,,0.0,,,,82.89,
PARKHOTELS,2026-08-22,,,2467.0,38.3,,,3.435933147632312,1.8441971383147855,,5.09,3.11587147030185,9.43,,31.0,8.913649025069638,-2.440004365244264,,,,7.435702227910235,0.2779433681073025,,,,0.43,,,,68.21,
PASHUPATI,2026-08-22,,,1377.0,88.0,,3.8594713916645493,1.9699570815450644,8.394230769230768,,6.53,5.211726384364821,9.98,,4.8,2.28898426323319,22.801049954679552,,,,1.8806965224098304,0.6036585365853658,,,,0.06,,,,65.99,
PATANJALI,2026-08-22,Fast Moving Consumer Goods,,37866.0,17.5,,,0.8856715161154511,2.9,,16.5,10.477608765024996,12.0,,4.6,4.607755999438648,,,,,49.75942208452444,0.2129495304268153,,,,1.44,,,,68.25,
PATELENG,2026-08-22,,,2795.0,7.12,,,0.5427184466019418,0.6294642857142857,,9.68,3.0140726738080237,13.5,,14.0,5.572815533980583,-3.9128635688876146,,27.196014035823346,,4.261259927198036,0.27387387387387385,,,,0.0,,,,31.49,
PATELRMART,2026-08-22,,,782.0,18.8,,1.7889206433157168,0.6655319148936171,2.146788990825688,,15.7,6.774193548387098,15.3,,6.0,3.5744680851063833,10.509130223437246,,-16.012717979774393,,13.015450506690684,0.4490358126721763,,,,0.0,,,,70.0,
PAUSHAKLTD,2026-08-22,,,1882.0,44.4,,,7.650406504065041,3.8341708542713566,,6.98,6.363636363636363,8.3,,28.0,17.073170731707318,-8.020003875679226,,2.3702298154996804,,6.093626702436605,0.15682281059063136,,,,0.33,,,,67.28,
PAVNAIND,2026-08-22,,,260.0,34.3,,,0.790273556231003,1.2739726027397262,,3.02,2.1505376344086025,5.93,,10.0,2.43161094224924,-14.69820520141647,,-3.640157685769696,,1.567652912590356,0.5098039215686274,,,,0.0,,,,61.5,
PAYTM,2026-08-22,Financial Services,,104633.0,129.0,,,11.668674026987844,6.528,,4.7,2.7137779636211583,5.01,,7.0,7.237649158023865,,,,,-3.4983905125981263,0.012105328840633969,,,,0.0,,,,,
PCBL,2026-08-22,Chemicals,,12494.0,47.2,,,1.4614574804070652,3.1176470588235294,,5.58,2.2930500221336874,7.75,,13.0,3.0295941045736345,-20.084639863137344,,-10.072022221750142,,10.017075522602736,1.245381927109336,,,,1.89,,,,53.38,
PCJEWELLER,2026-08-22,Consumer Durables,,9967.0,12.9,,,2.843651925820257,1.0793650793650793,,9.96,8.212201591511937,9.58,,22.0,22.082738944365193,,,,,79.70094511244896,0.14276975776853437,,,,0.0,,,,38.5,
PDMJEPAPER,2026-08-22,,,861.0,9.46,,,1.0577395577395576,1.2865248226950354,,12.8,9.891304347826086,18.1,,15.0,11.179361179361178,-2.4787282574332936,,21.37896912764523,,1.2165622501895568,0.06716417910447761,,,,0.66,,,,71.56,
PDSL,2026-08-22,,,5230.0,44.5,,,0.3858639516010034,2.96,,6.48,3.5320926699582227,12.5,,3.1,1.3722886232846392,-8.730230454730215,,-15.315382418435842,,9.325389792843852,0.7169597277368123,,,,0.89,,,,61.37,
PENIND,2026-08-22,,,2152.0,15.1,,1.1547738223541277,0.59039780521262,1.8445475638051043,,12.8,3.998873556744579,15.3,,10.0,3.8957475994513033,13.076153708799065,,29.09179989143955,,5.197355311198071,0.999140154772141,,,,0.0,,,,39.67,
PERSISTENT,2026-08-22,Information Technology,,89405.0,44.9,,2.262488851430469,5.688064639267083,11.404426559356137,,27.2,16.951692524682652,34.4,,18.0,12.2343809644993,19.84540165650397,,22.030523182301366,,16.967655469149957,0.06085736157182955,,,,0.71,,,,30.29,
PETRONET,2026-08-22,Oil Gas & Consumable Fuels,,43950.0,10.4,,2.1484865620514384,1.1823097409410055,1.9664429530201342,,18.6,15.335276967930028,22.7,,15.0,11.320044118042667,4.840616731654013,,4.129698441189755,,-10.999449644723757,0.10504823872560018,,,,3.41,,,,50.0,
PFC,2026-08-22,Financial Services,,119794.0,4.6,,0.4769567898712372,,0.8383371824480369,,20.7,2.7030827291799073,9.71,,,,9.64447953711247,,13.196231419429537,,,,,,,5.11,,,,55.99,
PFIZER,2026-08-22,Healthcare,,22774.0,148.0,,,33.58997050147492,16.483443708609272,,19.8,27.322404371584703,27.2,,-12.0,44.24778761061947,,,,,,0.0,,,,1.51,,,,63.92,
PFOCUS,2026-08-22,Media Entertainment & Publication,,23126.0,130.0,,,4.70136206546046,11.04089219330855,,16.5,1.3616302000187812,11.5,,30.0,2.9477536084570035,,,,,7.577950040063253,2.7367161321206317,,,,0.0,,,,60.73,
PFS,2026-08-22,,,1783.0,7.93,,0.68667811169373,,0.5791666666666667,,11.0,4.499596448748991,11.8,,,,11.548351207001794,,11.428329837081975,,,,,,,0.0,,,,64.99,
PGEL,2026-08-22,Consumer Durables,,17202.0,83.6,,7.174418190613609,2.956686146442076,5.616822429906542,,6.69,3.4639313939801584,10.3,,7.0,3.5407356479889995,11.652512828061102,,32.58198574828801,,28.437268667995387,0.19580190226303706,,,,0.04,,,,43.37,
PGHH,2026-08-22,,,26582.0,33.6,,6.2056081798220655,6.261955241460542,35.297413793103445,,115.0,43.8470066518847,157.0,,25.0,18.63368669022379,5.414457217787705,,6.550589757796699,,0.3081318359616114,0.0013280212483399733,,,,2.81,,,,70.64,
PGHL,2026-08-22,,,9675.0,29.0,,1.3749319683138055,6.7515701325889745,18.443037974683545,,61.9,42.44946492271106,83.9,,33.0,24.912770411723656,21.09195266989474,,13.137618050982303,,7.578038710233259,0.017142857142857144,,,,2.66,,,,51.82,
PGIL,2026-08-22,Textiles,,11022.0,35.2,,1.8689171202847552,2.0698591549295773,7.550632911392405,,21.0,9.368258859784284,19.9,,10.0,5.708920187793427,18.834436058157998,,33.725728506023934,,15.723657778536705,0.6458904109589041,,,,0.61,,,,61.11,
PHOENIXLTD,2026-08-22,Realty,,69029.0,53.2,,10.274134255538199,15.187898789878988,6.286644951140065,,11.6,7.132542773377675,12.8,,60.0,35.863586358635864,5.178051860800137,,40.019334971138896,,4.594347726260395,0.4843934843934844,,,,0.13,,,,47.25,
PICCADIL,2026-08-22,Fast Moving Consumer Goods,,6997.0,49.8,,7.082003213641468,6.5088372093023255,7.7680525164113785,,17.4,8.60280658938377,18.0,,22.0,13.116279069767442,7.031908698385569,,35.6911634828607,,13.153550669519198,0.5893451720310766,,,,0.14,,,,68.56,
PIDILITIND,2026-08-22,Chemicals,,167834.0,63.4,,4.158931345023549,10.899019416845249,15.556603773584905,,23.9,17.37775180206507,31.0,,24.0,17.37775180206507,15.244300696586999,,16.976378098287736,,7.536413666508013,0.03849704579025111,,,,0.7,,,,69.24,
PIGL,2026-08-22,,,220.0,15.0,,0.8586232200897522,0.9734513274336283,1.4424410540915396,,10.8,6.41025641025641,15.5,,11.0,6.637168141592921,17.469828032873423,,17.638999005162994,,32.57009524278109,0.09210526315789473,,,,0.19,,,,50.7,
PIIND,2026-08-22,Chemicals,,37881.0,35.1,,,5.81353591160221,3.3743243243243244,,11.2,8.690787019768743,15.0,,24.0,17.879066912216082,-11.508553221137364,,6.666009296104614,,-5.273660862207885,0.030454140694568123,,,,0.6,,,,46.09,
PILANIINVS,2026-08-22,,,4824.0,,,,19.451612903225808,0.30396260639040046,,0.2,-0.061283897655890915,1.41,,87.0,-4.838709677419355,,,,,-4.640957302846194,0.15065213282086826,,,,0.21,,,,58.68,
PINELABS,2026-08-22,Financial Services,,18105.0,140.0,,,6.393008474576271,3.0604288499025345,,2.46,0.9551026547341506,4.16,,14.0,4.484463276836158,,,,,16.96070952851465,0.07479647218453189,,,,0.0,,,,,
PIONEEREMB,2026-08-22,,,66.9,,,,0.19279538904899138,0.42800788954635105,,-2.61,-0.0,2.19,,4.1,-0.0,,,,,1.0795731194393587,0.5833333333333334,,,,0.0,,,,32.71,
PIRAMALFIN,2026-08-22,Financial Services,,49434.0,110.0,,,3.9289461134954697,1.7560386473429952,,0.86,1.5296799522370779,6.47,,59.0,13.43983468446988,,,212.57059516925514,,23.196882324136748,2.8417294301548957,,,,0.5,,,,46.16,
PITTIENG,2026-08-22,,,3962.0,31.8,,5.593900213616276,1.9959697732997481,4.015267175572519,,12.5,5.799812909260991,14.8,,16.0,6.246851385390428,5.684763543438742,,15.348593750516182,,16.854841383992603,0.8216818642350557,,,,0.24,,,,54.17,
PIXTRANS,2026-08-22,,,2466.0,18.7,,1.1220764452619743,4.0426229508196725,3.540117416829746,,16.4,15.903614457831324,21.7,,25.0,21.639344262295083,16.665531193495518,,13.870332606833502,,7.356325538723474,0.03443328550932568,,,,0.5,,,,62.06,
PKTEA,2026-08-22,,,227.0,270.0,,,4.227188081936685,1.1844660194174756,,0.45,2.369980250164582,1.5,,11.21,10.05586592178771,-22.049142178166147,,13.013693532220838,,-9.64181014719725,0.11259282501830353,,,,0.14,,,,66.33,
PLASTIBLEN,2026-08-22,,,498.0,11.6,,1.583441617465908,0.6140567200986436,1.1098265895953756,,7.59,7.706093189964158,10.7,,8.0,5.30209617755857,7.325814777158812,,3.0767159442075753,,1.2643563871623575,0.04899777282850779,,,,1.57,,,,62.82,
PLATIND,2026-08-22,,,1182.0,23.3,,4.786307885372442,2.6621621621621623,2.6641883519206937,,12.7,8.925318761384334,15.7,,13.0,11.036036036036036,4.868052903827547,,-44.129627328699684,,18.92130903339455,0.022573363431151242,,,,0.0,,,,70.03,
PML,2026-08-22,,,151.0,7.33,,,0.0732654051431344,0.16775524235132347,,1.2,-1.0638297872340425,2.54,,-0.3,-0.4852013585638039,,,,,-31.830834493462735,0.011148272017837236,,,,0.0,,,,74.66,
PNB,2026-08-22,Financial Services,,133950.0,6.06,,0.186695042058847,,0.8602941176470589,,13.0,1.088558626214817,6.13,,,,32.459351534840785,,40.50418280727839,,,,,,,2.57,,,,70.08,
PNBGILTS,2026-08-22,,,1434.0,14.2,,1.038385490265876,0.8208357183743561,0.8378947368421052,,11.1,0.376940133037694,6.14,,83.0,5.838580423583286,13.675075521677527,,-9.246227776462746,,3.4714187312061995,14.55204678362573,,,,2.51,,,,74.07,
PNBHOUSING,2026-08-22,Financial Services,,30497.0,13.2,,0.8660435741094779,,1.5853658536585367,,12.7,2.47561810248952,9.4,,,,15.241727315595055,,22.44880653600745,,,,,,,0.68,,,,28.03,
PNC,2026-08-22,,,26.3,7.31,,,1.4611111111111112,0.43230403800475053,,7.39,-20.0,-0.13,,-10.0,-77.77777777777779,,,,,-32.295920600976515,0.016666666666666666,,,,0.0,,,,59.71,
PNCINFRA,2026-08-22,Construction,,5304.0,8.74,,,0.9414270500532481,0.7781954887218046,,7.0,5.282147496031174,8.46,,23.0,12.99254526091587,-6.97223729208395,,4.759224215339475,,-13.317070846363654,0.758843387641274,,,,0.29,,,,56.07,
PNGJL,2026-08-22,Consumer Durables,,8875.0,19.8,,0.5550463090412572,0.7759223640496591,4.158620689655172,,23.4,8.984689766317485,20.9,,6.0,3.899283091449554,35.67269915586133,,25.78352691901746,,23.576323203251558,0.8848700967906266,,,,0.0,,,,76.62,
PNGSREVA,2026-08-22,,,1762.0,20.9,,,3.502982107355865,3.411042944785276,,21.0,11.748251748251748,22.0,,23.0,16.69980119284294,,,,,36.910672772669685,0.32945736434108525,,,,0.0,,,,64.77,
POCL,2026-08-22,,,3833.0,26.8,,0.4910235526076769,1.1650455927051673,4.87378640776699,,19.2,14.547304170905392,23.2,,7.0,4.346504559270517,54.57986660247425,,135.14036645076493,,28.7649765462052,0.19289340101522842,,,,0.4,,,,36.39,
PODDARMENT,2026-08-22,,,265.0,17.4,,,0.7085561497326203,0.7545454545454545,,4.13,3.640776699029126,5.79,,6.0,4.010695187165775,-19.138543799201614,,-6.439033795222803,,0.4496463347708701,0.017094017094017096,,,,1.6,,,,62.43,
POKARNA,2026-08-22,,,2783.0,29.3,,10.481121238576012,4.716949152542373,3.253623188405797,,9.85,5.889646621202728,11.5,,30.0,16.101694915254235,2.795502440345854,,3.9250852493571076,,-4.9471612627978505,0.5344224037339557,,,,0.07,,,,56.66,
POLICYBZR,2026-08-22,Financial Services,,83063.0,111.0,,0.9099298391887869,11.32574311426234,11.360759493670885,,9.75,8.59078902032847,10.3,,8.0,10.199072811562585,121.98742718335053,,,,28.729577664944593,0.04923413566739606,,,,0.0,,,,,
POLYCAB,2026-08-22,Capital Goods,,135097.0,47.2,,2.7748488650031597,4.331698089008593,11.235588972431078,,23.0,14.194967016858051,33.2,,14.0,9.314479928177505,17.00993542217524,,25.62603464784383,,20.021308065180854,0.01965192772087601,,,,0.52,,,,61.46,
POLYMED,2026-08-22,Healthcare,,17428.0,54.5,,11.053321160777077,8.727090635953932,5.617647058823529,,9.02,8.106708106708107,12.5,,23.0,15.673510265398097,4.930644754392399,,15.265535845522127,,13.246587005601441,0.11397295556986478,,,,0.2,,,,62.42,
POLYPLEX,2026-08-22,,,3749.0,24.1,,0.4008500896133184,0.49322457571372186,0.8837897853441895,,1.12,3.0513798519183304,0.98,,8.0,3.5784765162478624,60.12222679867219,,-22.86676662716379,,6.4182143002230685,0.2205188679245283,,,,0.25,,,,26.72,
PONNIERODE,2026-08-22,,,361.0,12.0,,6.572499989884368,0.8094170403587444,0.6354009077155824,,-2.14,7.515337423312883,7.27,,10.0,10.986547085201794,1.825789276298062,,11.082874541065557,,1.9414768347194133,0.0,,,,1.19,,,,47.34,
POONAWALLA,2026-08-22,Financial Services,,43150.0,54.8,,,,3.858267716535433,,5.86,1.3057472790018583,7.51,,,,-24.424498565328058,,13.867910589603905,,,,,,,0.0,,,,59.02,
POWERGRID,2026-08-22,Power,,253348.0,15.9,,22.97249744462583,5.386600897242362,2.5185185185185186,,15.3,5.394435885079783,9.1,,73.0,33.79754640358897,0.6921319738233178,,-1.1308730555085078,,0.8578912317729115,1.4734312496268434,,,,3.3,,,,51.34,
POWERICA,2026-08-22,,,6559.0,23.3,,,2.065176322418136,,,17.4,7.402696514881709,15.7,,12.0,9.162468513853904,-33.48967204615716,,33.68905994049876,,12.848573435636101,0.287292817679558,,,,0.0,,,,77.18,
POWERINDIA,2026-08-22,Capital Goods,,152393.0,128.0,,1.4491692922128667,16.63315869897402,29.448751076658052,,21.9,9.548322816340086,29.4,,16.0,12.551844575420215,88.3264644702382,,39.99872663089512,,20.49505877144324,0.01661514683153014,,,,0.02,,,,71.31,
POWERMECH,2026-08-22,Construction,,7912.0,20.2,,1.232938975907674,1.2377972465581977,3.1392722710163112,,15.6,7.514761137949543,21.8,,11.0,6.570713391739674,16.383617027865483,,21.219795760854176,,14.962116682455818,0.2635966653433902,,,,0.05,,,,58.41,
PPLPHARMA,2026-08-22,Healthcare,,28447.0,,,,3.090385659967409,3.485342019543974,,-3.83,-1.783381609587096,2.52,,11.0,-3.411189570885388,,,,,4.051783214739957,0.6952952707669688,,,,0.07,,,,34.8,
PRABHA,2026-08-22,,,2980.0,2709.0,,,447.4474474474474,9.316239316239317,,-0.15,0.1639843852036744,-0.09,,-1.2,16.966966966966964,,,,,33.64621860176038,0.37625722110980686,,,,0.0,,,,74.94,
PRAENG,2026-08-22,,,133.0,,,,4.586206896551724,0.27777777777777773,,-3.86,-2.2388059701492535,-2.62,,-68.0,-62.06896551724138,,,,,-20.168483238393787,0.3410041841004184,,,,0.0,,,,36.8,
PRAJIND,2026-08-22,Capital Goods,,6330.0,125.0,,,1.9512946979038224,4.831460674157303,,1.48,0.981675392670157,6.12,,4.6,0.9247842170160296,-52.62093439587813,,-27.486626694783787,,-2.182304038501004,0.13216195569136746,,,,1.05,,,,32.81,
PRAKASH,2026-08-22,,,2303.0,5.97,,,0.7846678023850086,0.7413793103448276,,14.1,9.915232468533265,,,20.0,13.151618398637138,,,,,,0.2989766081871345,,,,1.17,,,,44.38,
PRAKASHSTL,2026-08-22,,,68.4,,,,0.12106194690265487,0.6196513470681458,,-45.1,-17.706237424547282,-10.6,,-7.0,-15.575221238938052,,,,,,1.8288288288288288,,,,0.0,,,,33.56,
PRAVEG,2026-08-22,,,700.0,,,,2.8225806451612905,1.558139534883721,,-2.51,-2.3743016759776534,1.72,,22.0,-6.854838709677419,,,,,39.172881070794176,0.37861915367483295,,,,0.37,,,,46.19,
PRECAM,2026-08-22,,,1240.0,39.4,,84.11777257003668,1.6187989556135771,1.4886363636363635,,3.03,3.9122137404580157,7.28,,8.0,5.352480417754569,0.4683909095095862,,-2.292841882429242,,-9.428818158628971,0.0645933014354067,,,,0.77,,,,65.37,
PRECOT,2026-08-22,,,837.0,16.4,,0.3642588353217017,0.9048648648648648,1.7381546134663342,,7.72,5.472103004291846,10.8,,14.0,5.513513513513513,45.022929877640564,,-13.460359639047702,,3.224291885373143,0.7214137214137214,,,,0.57,,,,61.51,
PRECWIRE,2026-08-22,,,8016.0,473.0,,,9.508896797153024,39.10714285714286,,8.88,4.761904761904762,16.9,,6.0,2.0166073546856467,,,,,,0.14358974358974358,,,,0.29,,,,56.61,
PREMCO,2026-08-22,,,129.0,47.9,,,1.5419555343055225,1.2828947368421053,,0.7,1.8292214280224421,4.38,,4.55,2.8448481950753046,-38.55275187705184,,-32.17139049950431,,-5.098159916832811,0.1779990044798407,,,,2.05,,,,66.98,
PREMEXPLN,2026-08-22,,,3576.0,104.0,,18.128844530680734,10.246418338108883,12.360594795539035,,18.6,7.039337474120083,22.6,,7.0,9.742120343839542,5.736714208343141,,44.467637382564206,,8.663954951904174,0.11072664359861592,,,,0.08,,,,41.33,
PREMIERENE,2026-08-22,Capital Goods,,47801.0,28.7,,0.4694939160865267,5.646231986770612,11.072555205047319,,42.4,15.435684647302905,33.3,,30.0,19.773210489014883,61.129652625169804,,,,39.122885163450086,0.8606918969120038,,,,0.09,,,,58.48,
PREMIERPOL,2026-08-22,,,911.0,26.1,,1.3564563387420758,2.829192546583851,6.214285714285714,,24.0,17.326732673267326,30.8,,16.0,10.869565217391305,19.241312274159974,,29.13759785749237,,7.527290514768614,0.0,,,,0.17,,,,71.09,
PRESTIGE,2026-08-22,Realty,,70252.0,61.7,,,5.382057764498582,4.314814814814815,,7.53,1.737518027607994,10.4,,28.0,9.691258714471768,-8.280512145626629,,-1.6127038408088934,,18.33589437947756,1.085171756897929,,,,0.12,,,,60.95,
PRICOLLTD,2026-08-22,Automobile and Auto Components,,9716.0,36.3,,1.5139745947348366,2.285579863561515,7.737864077669903,,21.8,10.828282828282829,24.5,,12.0,6.304398964949423,23.976624261887114,,39.31639926774611,,23.22370403748357,0.30199203187250995,,,,0.25,,,,38.51,
PRIMESECU,2026-08-22,,,940.0,55.1,,,7.52,3.664021164021164,,4.09,1.7361111111111112,8.25,,10.0,4.0,-36.928773146946426,,-23.801520259820165,,23.10576844950678,0.0078125,,,,0.54,,,,,
PRIMO,2026-08-22,,,506.0,32.4,,,0.9035714285714286,1.2440476190476188,,3.89,2.312138728323699,6.48,,12.0,2.857142857142857,,,-23.24534816116346,,12.624788044360603,0.3226600985221675,,,,0.0,,,,32.4,
PRINCEPIPE,2026-08-22,,,3132.0,30.1,,,1.192234488009136,1.8993288590604027,,4.67,4.207920792079208,6.12,,10.0,3.8827559954320514,-17.620678766576738,,-16.36799260739036,,0.7469690845912202,0.08814589665653495,,,,0.18,,,,60.95,
PRIVISCL,2026-08-22,Chemicals,,13593.0,38.9,,0.7140376693055748,5.089105204043429,9.6398891966759,,26.0,10.788643533123029,22.3,,25.0,12.804193186072633,54.478918511164174,,29.139988073515212,,15.092386478681608,0.7230878186968839,,,,0.29,,,,60.6,
PROSTARM,2026-08-22,,,817.0,22.9,,6.2513796768677565,2.0073710073710074,2.8542094455852154,,16.9,6.70391061452514,18.0,,12.0,8.845208845208845,3.66319135673967,,-13.536060816538631,,16.410342700089807,0.3240418118466899,,,,0.0,,,,72.83,
PROTEAN,2026-08-22,,,2238.0,26.0,,,2.1560693641618496,2.079245283018868,,10.0,5.630936227951153,12.7,,11.0,7.996146435452794,-5.431763747131535,,-10.666370218740928,,5.578686856807247,0.08070500927643785,,,,1.81,,,,,
PROZONER,2026-08-22,,,637.0,,,,4.58273381294964,1.3946488294314383,,-1.84,1.0578279266572637,-1.04,,23.0,10.79136690647482,35.72088082974532,,,,-9.089434913340211,1.4398249452954048,,,,0.0,,,,53.63,
PRSMJOHNSN,2026-08-22,Construction Materials,,5435.0,46.3,,,0.71948636483982,3.5526315789473686,,-5.41,2.0185488270594654,5.92,,10.0,1.9592268996558113,-1.218490593073407,,13.776250469144792,,0.5667739739271482,1.0975130890052356,,,,0.0,,,,74.87,
PRUDENT,2026-08-22,Financial Services,,13886.0,56.7,,2.7153898500385254,10.12837345003647,15.746478873239436,,28.6,20.032706459525755,37.5,,24.0,17.87016776075857,20.880979576172297,,24.994044793420024,,18.543898756615995,0.03850509626274066,,,,0.1,,,,55.31,
PSB,2026-08-22,,,16646.0,12.0,,0.39510211057107136,,1.1407766990291262,,9.62,0.7720198583142746,5.95,,,,30.371895464328148,,4.970831195077574,,,,,,,1.66,,,,93.85,
PSPPROJECT,2026-08-22,,,3615.0,49.2,,,1.0376004592422503,2.8589341692789967,,4.55,2.3632243444480414,7.88,,6.0,2.095292766934558,-18.444638124895462,,-16.73209314907026,,11.608951074720796,0.2610759493670886,,,,0.0,,,,68.82,
PTC,2026-08-22,Power,,4634.0,9.06,,4.181546532147192,0.26427145708582833,0.7772277227722773,,10.3,4.647296334415327,13.4,,4.2,3.347590533219276,2.1666624848839744,,0.09339264474643727,,1.5121458601068172,0.2957699381374352,,,,14.7,,,,16.22,
PTCIL,2026-08-22,Capital Goods,,30928.0,246.0,,5.8526171823151465,44.37302725968436,20.52636815920398,,7.02,6.441717791411043,8.43,,25.0,18.077474892395983,42.03247749457084,,53.6598129717746,,39.45472007234243,0.17319177173191772,,,,0.0,,,,59.72,
PTL,2026-08-22,,,507.0,11.2,,0.28961331677226915,1.1266666666666667,0.6513605442176871,,9.74,4.440154440154441,14.1,,19.0,10.222222222222223,38.672254870126935,,23.445550092271294,,20.37351319544982,0.08740359897172237,,,,6.52,,,,69.82,
PUNJABCHEM,2026-08-22,,,1407.0,21.0,,3.059591614345843,1.329867674858223,3.327536231884058,,16.6,7.897934386391252,18.6,,12.0,6.143667296786389,6.863661117887432,,-4.760758538113674,,4.242846961975277,0.3640661938534279,,,,0.26,,,,39.24,
PURVA,2026-08-22,Realty,,5202.0,32.4,,0.5775895006620794,1.2800196850393701,2.9045092838196283,,3.62,0.8749565418936145,11.2,,20.0,3.7155511811023625,56.09520249738009,,1.709063802937938,,22.97988596139291,3.129194630872483,,,,0.0,,,,75.0,
PVP,2026-08-22,,,1181.0,77.4,,,10.008474576271187,5.417661097852028,,-2.24,0.1277139208173691,6.37,,23.0,0.847457627118644,-57.920444829762296,,,,145.2434065762008,1.1788990825688073,,,,0.0,,,,61.3,
PVRINOX,2026-08-22,Media Entertainment & Publication,,11949.0,37.7,,,1.746419175679626,1.6205059920106524,,4.92,2.8439661798616447,6.79,,32.0,6.4893306050862325,,,,,3.860812708724226,0.9188126863648686,,,,0.0,,,,27.53,
PVSL,2026-08-22,,,781.0,,,,0.11221264367816092,1.2471655328798186,,-8.28,-0.0837871805613741,4.27,,3.0,-0.028735632183908046,,,,,7.413956439917002,2.238853503184713,,,,0.0,,,,61.38,
PWL,2026-08-22,Consumer Services,,35051.0,574.0,,,8.536531904529957,7.658227848101266,,-0.48,0.19538882375928096,4.02,,9.0,0.3653190452995616,,,-60.879128961294924,,28.39232746118414,0.2327433628318584,,,,0.0,,,,71.27,
PYRAMID,2026-08-22,,,601.0,19.2,,8.701206496799566,0.8121621621621622,2.1675531914893615,,11.0,5.88235294117647,12.3,,9.0,4.1891891891891895,2.20659054661696,,-33.77199783449045,,11.628056231302963,0.6642599277978339,,,,0.31,,,,74.94,
QMSMEDI,2026-08-22,,,287.0,26.7,,4.403928807541339,1.5683060109289617,2.74582560296846,,10.4,6.103286384976526,13.2,,15.0,7.103825136612022,6.062768306853328,,,,14.471424255333186,0.6538461538461539,,,,0.34,,,,68.11,
QPOWER,2026-08-22,Capital Goods,,10111.0,75.8,,1.5431386556289075,10.080757726819542,18.65714285714286,,25.1,17.535971223021583,31.5,,19.0,19.441674975074775,49.120666975390904,,-82.67104316586536,,49.198570931563964,0.07380073800738007,,,,0.08,,,,73.91,
QUADFUTURE,2026-08-22,,,1621.0,,,,9.824242424242424,6.27906976744186,,-15.4,-12.149532710280374,-15.8,,-20.0,-23.636363636363637,,,,,2.999630243058826,0.09302325581395349,,,,0.0,,,,70.0,
QUESS,2026-08-22,Services,,5016.0,19.4,,,0.31676665614145877,4.302176696542894,,21.3,8.32510694307338,24.0,,2.1,1.5977265550994633,-3.296500541653802,,0.7494191209374446,,4.958756569074119,0.10634648370497427,,,,2.38,,,,56.82,
QUINT,2026-08-22,,,190.0,,,,1.7592592592592593,0.5840579710144927,,-2.47,6.319702602230483,-0.91,,-8.0,31.48148148148148,-24.468087902436586,,,,17.840146380897437,0.40923076923076923,,,,0.0,,,,62.57,
RACE,2026-08-22,,,177.0,23.5,,0.3519511986577166,0.27105666156202146,2.395348837209302,,9.28,3.7037037037037033,11.0,,2.3,1.2251148545176112,66.77062072703572,,,,23.46046323911033,1.2162162162162162,,,,0.0,,,,44.79,
RACLGEAR,2026-08-22,,,1782.0,35.8,,7.443349530166381,3.413793103448276,5.05685618729097,,17.0,7.132667617689016,17.0,,22.0,9.578544061302683,4.809662619619015,,13.658571672755947,,8.383261410444764,0.6704545454545454,,,,0.1,,,,42.7,
RADAAN,2026-08-22,,,16.2,,,,2.4508320726172466,-1.0033444816053512,,,-49.01960784313725,-38.0,,-48.87,-56.732223903177,,,,,-32.32885346622455,-0.903205918618989,,,,0.0,,,,51.42,
RADHIKAJWE,2026-08-22,,,797.0,10.0,,0.5855957366003893,1.15007215007215,2.0059347181008897,,20.8,16.458333333333332,25.1,,16.0,11.3997113997114,17.07662705683939,,24.098028718075383,,8.403867899580074,0.1457286432160804,,,,0.0,,,,57.68,
RADIANTCMS,2026-08-22,,,368.0,11.6,,,0.8459770114942529,1.32183908045977,,12.5,5.31496062992126,9.96,,10.0,6.206896551724138,-11.139019191747057,,,,4.06403247256073,0.697841726618705,,,,7.24,,,,56.95,
RADICO,2026-08-22,Fast Moving Consumer Goods,,62165.0,87.5,,2.2504484862199488,9.981535003211304,18.70967741935484,,20.3,14.094094094094094,24.2,,18.0,11.30378933847142,38.881138820010364,,21.68368044978266,,14.897316686421224,0.15018094089264172,,,,0.19,,,,40.19,
RADIOCITY,2026-08-22,,,231.0,4.93,,,1.1492537313432836,,,139.0,11.959287531806616,21.7,,31.0,23.383084577114428,,,,,,5.140350877192983,,,,0.0,,,,74.05,
RAILTEL,2026-08-22,Telecommunication,,9219.0,49.2,,3.3599567019178607,4.143370786516854,5.344506517690875,,12.0,6.056338028169014,16.2,,16.0,9.662921348314606,14.643045838036151,,9.65355933433849,,17.31681553507729,0.027858386535113175,,,,1.13,,,,72.84,
RAIN,2026-08-22,Chemicals,,7017.0,13.1,,,0.38003682842287695,0.8781512605042017,,0.6,2.9299363057324843,8.26,,15.0,3.6124350086655115,,,-1.53017562322606,,0.5900110948106052,1.3503877908431323,,,,0.48,,,,41.35,
RAINBOW,2026-08-22,Healthcare,,14557.0,50.8,,5.325867099887082,7.998351648351648,8.845679012345679,,15.9,10.45045045045045,17.4,,32.0,15.934065934065933,9.538352919297788,,13.835520338140572,,11.95507983098787,0.5403274711946634,,,,0.24,,,,49.84,
RAJMET,2026-08-22,,,96.8,46.3,,,0.40165975103734436,1.7156862745098038,,-0.99,1.680672268907563,3.85,,2.3,0.8298755186721992,-49.69878791518209,,-27.929238996486283,,-41.63244862503419,0.22807017543859648,,,,0.0,,,,31.61,
RAJPALAYAM,2026-08-22,,,752.0,6.1,,0.14956091487274836,0.7408866995073892,0.3099126471705279,,4.79,3.3324375167965603,1.81,,13.0,12.216748768472907,40.78605700687304,,-5.808099748006379,,5.720114820709221,0.471993410214168,,,,0.06,,,,56.28,
RAJRATAN,2026-08-22,,,2547.0,32.0,,9.133434258675658,2.074104234527687,3.921875,,11.5,6.9025021570319245,13.2,,12.0,6.514657980456026,3.5036109193651743,,-8.519857657952967,,11.327584637364385,0.49846153846153846,,,,0.4,,,,65.2,
RAJSREESUG,2026-08-22,,,130.0,4.91,,,0.23550724637681159,0.8372591006423983,,22.3,3.552631578947368,11.0,,6.0,4.891304347826087,,,32.34653749096032,,-8.091327712218888,3.49618320610687,,,,0.0,,,,40.71,
RAJTV,2026-08-22,,,54.5,,,,0.7963179427235535,0.4375,,0.64,-0.33397785199507823,2.63,,3.48,-0.8328462887200467,,,,,-13.693962097662826,0.16562097812097812,,,,0.0,,,,70.96,
RALLIS,2026-08-22,Chemicals,,4126.0,26.1,,14.16042226683009,1.5844854070660521,2.4311926605504586,,9.61,5.7382785164450665,12.8,,11.0,6.29800307219662,1.843165373757083,,-11.216920823235977,,9.487978497197226,0.05483490566037736,,,,1.41,,,,55.08,
RAMANEWS,2026-08-22,,,469.0,,,,14.212121212121213,-5.678571428571429,,,-14.838709677419354,0.93,,-4.6,-209.0909090909091,,,,,-11.119730938306837,-4.585365853658536,,,,0.0,,,,74.76,
RAMAPHO,2026-08-22,,,428.0,7.97,,,0.46120689655172414,1.0168067226890756,,13.2,7.510431154381085,15.4,,10.0,5.818965517241379,,,-5.165754027962343,,15.45432894131884,0.32860520094562645,,,,0.62,,,,75.0,
RAMBHAJO,2026-08-22,,,813.0,22.2,,,4.868263473053892,,,45.6,19.767441860465116,32.1,,29.0,20.35928143712575,-89.88895031232104,,,,52.5947309208016,0.7849462365591398,,,,0.0,,,,69.88,
RAMCOCEM,2026-08-22,Construction Materials,,21244.0,111.0,,5.1723283663537165,2.3021239705244905,2.620991253644315,,0.38,3.8787660111852786,6.13,,15.0,6.98959687906372,21.460354435743323,,-6.058186282597777,,-0.5289591421931972,0.47825549789967875,,,,0.28,,,,42.55,
RAMCOIND,2026-08-22,,,3013.0,9.58,,0.209584439813001,1.6086492258408969,0.6660268714011516,,6.75,6.570223025919228,4.57,,14.0,17.458622530699415,45.70950023077873,,1.5155899439097453,,7.659500795247509,0.037815126050420166,,,,0.36,,,,54.84,
RAMCOSYS,2026-08-22,,,2044.0,32.4,,,2.8707865168539324,5.82441113490364,,18.1,5.6375838926174495,19.7,,22.0,5.8988764044943816,,,,,10.61943004810364,0.12285714285714286,,,,0.0,,,,55.51,
RAMKY,2026-08-22,,,2714.0,14.5,,,1.4004127966976265,1.2564102564102564,,11.1,5.940834141610087,13.7,,9.0,12.64189886480908,-8.468134530563255,,58.49861371716085,,-3.5653736809529324,0.27335800185013875,,,,0.0,,,,69.81,
RAMRAT,2026-08-22,,,4456.0,34.4,,1.1985043945293279,0.7368943277658343,7.6811594202898545,,20.6,6.41925777331996,23.6,,5.0,2.1167521084835457,28.70243960474541,,18.023642883168044,,26.559739356896838,1.1637931034482758,,,,0.52,,,,69.3,
RANASUG,2026-08-22,,,230.0,,,,0.13714967203339296,0.38461538461538464,,0.46,0.4552352048558422,3.53,,1.4,0.35778175313059035,-40.675046992334615,,-41.507777587581366,,1.7276695775573003,0.535,,,,0.0,,,,22.64,
RANEHOLDIN,2026-08-22,,,2307.0,29.3,,,0.37640724424865396,2.0,,7.0,3.34290937581614,9.52,,6.0,2.088432044379181,-11.963672907185197,,28.458317141504175,,20.066328764197074,0.8847487001733102,,,,2.91,,,,46.64,
RATEGAIN,2026-08-22,Information Technology,,11728.0,44.9,,2.438149792762761,5.02054794520548,5.823529411764706,,12.0,6.797752808988763,13.7,,20.0,10.35958904109589,18.41560355859928,,92.26023603011086,,34.64398813229743,0.47308075772681957,,,,0.0,,,,48.78,
RATNAMANI,2026-08-22,Capital Goods,,16502.0,37.6,,,3.8252202132591564,4.017064846416382,,12.6,9.545032497678738,17.9,,17.0,11.914696337505795,-11.421869508811412,,6.052081624253036,,-5.171585988946836,0.07735344198491852,,,,0.42,,,,59.77,
RATNAVEER,2026-08-22,,,1907.0,28.2,,,1.783910196445276,2.7134146341463414,,9.61,5.071315372424722,,,10.0,5.9869036482694105,,,,,,0.5007473841554559,,,,0.0,,,,45.49,
RAYMOND,2026-08-22,,,4282.0,25.5,,,1.8674225904928041,1.505854800936768,,168.0,1.351922264469793,3.14,,11.0,2.791103358046228,-71.70608778237428,,-32.27361346246062,,33.075182821209225,0.3709563994374121,,,,0.0,,,,48.87,
RAYMONDLSL,2026-08-22,Textiles,,4429.0,29.7,,,0.6351642047899039,0.4595448798988622,,1.14,0.30749427917620137,3.52,,10.0,0.6166642764950523,,,,,2.185990219870404,0.22685761726857617,,,,0.14,,,,59.61,
RAYMONDREL,2026-08-22,,,3841.0,12.7,,,1.224418233981511,2.4553191489361703,,36.3,4.276408949306146,29.6,,15.0,9.627032196365954,,,,,914.9962117087584,0.6466836734693877,,,,0.35,,,,50.93,
RBA,2026-08-22,Consumer Services,,7419.0,,,,2.5166214382632295,8.387096774193548,,-22.7,-5.677114133648729,-0.47,,12.0,-6.512890094979647,,,,,6.550947660426276,2.7281553398058254,,,,0.0,,,,9.22,
RBLBANK,2026-08-22,Financial Services,,60842.0,67.7,,,,1.4464944649446494,,5.43,0.4973803161324946,5.81,,,,-16.113826197698135,,,,,,,,,0.25,,,,60.0,
RBZJEWEL,2026-08-22,,,552.0,9.73,,0.25551378487021853,0.8093841642228738,1.84,,20.1,11.728395061728394,22.0,,14.0,8.357771260997067,38.080137261252254,,-16.99815667599667,,27.765090621542843,0.5666666666666667,,,,0.0,,,,75.0,
RCF,2026-08-22,Chemicals,,6519.0,15.7,,0.6125443227790801,0.3487028617277347,1.271551724137931,,8.02,2.676486437937848,10.2,,5.0,2.3910136400106983,25.630798321287116,,-8.667778006796134,,3.257293111570636,0.8059351815696993,,,,0.85,,,,75.0,
RECLTD,2026-08-22,Financial Services,,86014.0,5.36,,1.2551947919607982,,1.0186915887850467,,20.1,2.5048503650661242,9.71,,,,4.27025353700432,,9.82865592558202,,,,,,,5.68,,,,52.63,
REDINGTON,2026-08-22,Services,,27405.0,15.2,,1.2929546292781229,0.21387932851021985,2.7,,16.9,4.44779383515087,18.4,,2.0,1.1745608079105305,11.756019628071869,,5.844671340259988,,12.77044481700711,0.2797244094488189,,,,1.71,,,,,
REDTAPE,2026-08-22,Consumer Durables,,6793.0,27.6,,2.351910664385804,2.7885878489326763,6.648648648648648,,26.6,10.667823070251519,24.5,,17.0,10.098522167487685,11.735139611354107,,,,9.744807969518622,0.7045009784735812,,,,1.63,,,,71.83,
REFEX,2026-08-22,Utilities,,4034.0,14.1,,0.4595372036171414,1.4199225624780007,2.672727272727273,,17.8,8.723179739711572,22.7,,15.0,8.729320661738825,30.683043481605175,,35.932340145917976,,27.120722105868666,0.14960106382978725,,,,0.51,,,,56.57,
REGENCERAM,2026-08-22,,,95.0,,,,1.9,-1.1289308176100628,,,-19.834710743801654,-116.0,,-69.0,-48.0,,,,,192.4017738212866,-1.2976190476190477,,,,0.0,,,,60.43,
RELAXO,2026-08-22,Consumer Durables,,9375.0,50.6,,,3.405375953505267,4.255079006772009,,8.33,6.273312987453374,11.1,,14.0,6.719941881583727,-2.548888379412728,,-4.441586153958288,,-1.8766828932956559,0.1056210335448776,,,,0.93,,,,71.27,
RELCHEMQ,2026-08-22,,,84.6,15.2,,0.7541232195978476,0.22989130434782606,0.5925925925925926,,3.76,1.171875,7.34,,11.0,1.6304347826086956,20.15585729889835,,-21.008905123545894,,0.18181858215711166,1.8741258741258742,,,,0.45,,,,67.69,
RELIABLE,2026-08-22,,,143.0,15.5,,0.7139973556560781,0.697560975609756,2.0086705202312136,,10.8,4.918032786885246,12.2,,9.0,4.390243902439024,21.708763873162184,,21.108025331074366,,37.417567496372286,0.352112676056338,,,,0.03,,,,67.79,
RELIANCE,2026-08-22,Oil Gas & Consumable Fuels,,1780882.0,23.8,,9.978371727882296,1.585747803981105,1.970059880239521,,8.91,4.048915614182203,10.3,,16.0,7.850639550155602,2.385158686110711,,4.238479198937539,,7.697885342491251,0.44573963253431853,,,,0.46,,,,50.48,
RELIGARE,2026-08-22,Financial Services,,7984.0,161.0,,,0.8916685280321643,2.654462242562929,,3.17,0.12408658486143666,3.06,,0.7,0.20102747375474647,-40.196846973516486,,,,12.63557138353011,0.16953232462173315,,,,0.0,,,,30.55,
RELTD,2026-08-22,,,3328.0,55.8,,,6.642714570858283,7.887323943661972,,21.2,5.3097345132743365,15.9,,28.0,11.976047904191617,,,6.567426018348277,,56.382737078397625,1.1867612293144207,,,,0.0,,,,58.26,
REMSONSIND,2026-08-22,,,296.0,16.6,,1.8251152600670335,0.6053169734151329,1.9882903981264637,,13.5,5.263157894736842,15.5,,10.0,3.885480572597137,9.095315985353336,,21.542457716175644,,16.158614080083833,0.6577181208053692,,,,0.24,,,,62.83,
RENUKA,2026-08-22,Fast Moving Consumer Goods,,5351.0,,,,0.5713828083288841,-1.9920634920634923,,,-10.52347544522396,-3.12,,0.3,-8.32888414308596,,,,,-6.124171054043137,-2.6798655211057154,,,,0.0,,,,62.48,
REPCOHOME,2026-08-22,,,2246.0,4.66,,0.8850786890308511,,0.5557275541795665,,12.7,2.931160301629774,10.2,,,,5.265068584017807,,19.943198102244295,,,,,,,1.25,,,,37.13,
REPRO,2026-08-22,,,465.0,,,,0.8994197292069632,1.3278688524590163,,-4.42,15.654952076677317,1.21,,6.0,18.95551257253385,101.07555474776278,,,,2.5773975503200486,0.5329512893982808,,,,0.0,,,,46.71,
RESPONIND,2026-08-22,,,4134.0,40.6,,,3.3125,2.6495726495726495,,10.3,5.450620615218565,10.8,,15.0,8.092948717948719,-14.360115285937813,,,,4.71165257677757,0.12508017960230916,,,,0.06,,,,59.14,
RETAIL,2026-08-22,,,14.0,,,,0.8284023668639054,0.5466237942122186,,-1.18,-0.48465266558966075,,,-16.15,-1.0650887573964496,,,,,,0.3986671893375147,,,,0.0,,,,44.52,
RGL,2026-08-22,,,1409.0,12.9,,1.2284533719104846,0.46000652954619653,0.9290780141843972,,6.88,4.519071310116087,8.0,,7.0,3.558602677113941,10.501009069589662,,-1.9477375329986946,,13.28197717452888,0.4250663129973475,,,,0.0,,,,61.95,
RHETAN,2026-08-22,,,1930.0,152.0,,3.017701622078644,83.91304347826087,17.794117647058822,,10.2,7.878787878787878,10.9,,23.0,56.52173913043478,50.36945962049748,,27.730844458753978,,-29.269809715907424,0.3853211009174312,,,,0.0,,,,62.11,
RHIM,2026-08-22,Capital Goods,,7749.0,41.4,,,1.902061855670103,2.1802325581395348,,2.91,-7.282452170335323,6.52,,12.0,-8.689248895434462,,,,,2.519099412657888,0.12580735748385286,,,,0.67,,,,56.07,
RHL,2026-08-22,,,293.0,10.9,,0.13948918735706495,1.9664429530201342,0.3939393939393939,,3.39,2.915766738660907,5.62,,34.0,18.120805369127517,78.14225752206971,,,,6.891247567463332,0.20485175202156333,,,,0.0,,,,65.63,
RICOAUTO,2026-08-22,,,1758.0,49.1,,,0.6537746374116772,2.256944444444444,,7.69,1.4939309056956116,9.15,,8.0,1.190033469691335,-7.359968469927358,,5.154749679728043,,7.575246611700814,0.9333333333333333,,,,0.42,,,,50.33,
RIIL,2026-08-22,,,1187.0,97.9,,,28.261904761904763,2.5031847133757963,,2.65,2.2641509433962264,3.01,,-21.0,28.57142857142857,-3.079498338866893,,7.745237500205859,,-10.200531621108656,0.0,,,,0.45,,,,45.43,
RIR,2026-08-22,,,1312.0,184.0,,35.68692758900562,14.438208429624737,9.428571428571429,,5.61,3.6577490774907746,7.93,,11.22,8.726752503576538,5.155949599222054,,39.39566877351219,,16.594893148518473,0.09944078004014913,,,,0.12,,,,58.61,
RISHABH,2026-08-22,,,2590.0,32.0,,1.2095698472035687,3.3077905491698596,3.466321243523316,,12.0,8.183632734530939,14.5,,17.0,10.472541507024266,26.4556859399079,,-8.19099518873536,,4.304782971943899,0.1087248322147651,,,,0.3,,,,69.4,
RITCO,2026-08-22,,,910.0,28.6,,,0.6026490066225165,2.5039370078740157,,10.5,3.0162412993039442,10.1,,6.0,1.7218543046357615,-6.185833575420919,,,,17.49221430624468,1.2986301369863014,,,,0.0,,,,62.69,
RITES,2026-08-22,Construction,,10481.0,25.1,,,4.264035801464606,3.906810035842294,,15.4,7.779277759028012,22.0,,23.0,18.755085435313262,-2.933302610870059,,-4.191737722053035,,0.06789790244685623,0.002609992542878449,,,,2.38,,,,72.2,
RKDL,2026-08-22,,,43.9,35.1,,,2.2127016129032255,1.0457142857142858,,2.88,0.13550135501355012,1.56,,-6.25,0.9072580645161289,,,,,-7.941243868888548,1.0918173168411036,,,,0.0,,,,23.62,
RKEC,2026-08-22,,,58.0,,,,0.4793388429752066,0.383304940374787,,-19.4,-9.96376811594203,-5.53,,-41.0,-45.45454545454545,,,,,-29.815839638750862,1.4023668639053255,,,,0.0,,,,57.74,
RKFORGE,2026-08-22,Automobile and Auto Components,,13427.0,117.0,,,3.0240990990990992,4.071823204419889,,2.51,1.4939960904775202,5.6,,16.0,2.40990990990991,-28.534912703002913,,-13.807044812712698,,6.218032493747039,0.7443768996960486,,,,0.14,,,,43.39,
RKSWAMY,2026-08-22,,,482.0,19.7,,,1.3890489913544668,1.824091778202677,,9.48,5.373831775700935,12.3,,13.0,6.628242074927954,-16.999776759539877,,,,1.4838957161231514,0.16287878787878787,,,,2.1,,,,69.61,
RMC,2026-08-22,,,273.0,13.3,,0.5750692345668925,0.6791044776119403,2.097560975609756,,19.0,5.994550408719346,22.0,,12.0,5.472636815920398,23.127650029855552,,50.34824774236277,,47.60645384196209,0.8015267175572519,,,,0.0,,,,51.97,
RML,2026-08-22,,,3043.0,25.2,,2.9461548265867847,0.7562127236580517,4.047794117647059,,15.4,4.7203490678302265,14.0,,9.0,2.957256461232604,8.55352195770207,,45.74266759540968,,5.132056593438028,1.0013315579227697,,,,1.45,,,,70.45,
RNBDENIMS,2026-08-22,,,209.0,9.97,,2.6770076010089903,0.432712215320911,1.0431848852901484,,9.9,5.8988764044943816,11.4,,8.0,4.3478260869565215,3.724307692007378,,-5.093021979413182,,11.439862594556116,0.37,,,,0.0,,,,57.38,
ROHLTD,2026-08-22,,,830.0,31.1,,,2.009685230024213,3.219978746014878,,12.7,2.783109404990403,10.8,,23.0,7.021791767554479,-17.05256352430471,,-1.185576991267956,,11.995586155825677,2.4844961240310077,,,,0.83,,,,64.07,
ROLEXRINGS,2026-08-22,,,4810.0,24.8,,,4.160899653979238,4.103139013452915,,15.7,11.086797957695113,21.2,,21.0,13.148788927335639,-0.880327370742573,,2.8863516607341877,,-1.833748112982747,0.0,,,,0.0,,,,52.24,
ROML,2026-08-22,,,69.7,16.0,,0.43451020367878734,0.45555555555555555,60.55555555555556,,,9.30232558139535,19.3,,4.4,2.6143790849673203,36.8230708152208,,10.908982403443112,,6.969624824787268,13.0,,,,0.0,,,,70.31,
ROSSARI,2026-08-22,,,2779.0,18.4,,3.846900059994386,1.0898039215686275,2.08298755186722,,10.8,6.640281442392261,13.3,,12.0,5.921568627450981,4.78307200942123,,8.939882137980181,,11.673624534583848,0.32708177044261066,,,,0.1,,,,68.14,
ROSSELLIND,2026-08-22,,,211.0,14.7,,,0.568733153638814,0.7102922490470139,,4.5,2.4475524475524475,6.38,,10.0,3.7735849056603774,-23.44546547480506,,120.75655334885194,,7.45688339280921,0.6531986531986532,,,,0.72,,,,74.8,
ROSSTECH,2026-08-22,,,4049.0,153.0,,,7.3351449275362315,26.131386861313867,,15.7,4.120443740095087,11.5,,13.0,4.710144927536232,-85.510627127202,,,,36.50852727691913,2.638709677419355,,,,0.03,,,,74.8,
ROTO,2026-08-22,,,1236.0,44.6,,,4.204081632653061,5.124999999999999,,10.7,8.092485549132949,14.8,,18.0,9.523809523809524,-10.925922498501128,,-1.6805432126360098,,2.376180472291556,0.13333333333333333,,,,1.22,,,,66.8,
ROUTE,2026-08-22,Telecommunication,,3165.0,8.94,,,0.7019294743845642,1.1409090909090909,,12.6,7.561597281223449,17.4,,12.0,5.921490352628077,-12.932945396390604,,8.386770005693634,,3.8747681827235647,0.01516245487364621,,,,2.19,,,,74.85,
RPEL,2026-08-22,,,7760.0,124.0,,3.636035632510582,27.132867132867133,31.707317073170735,,24.3,22.183098591549296,30.3,,30.0,22.02797202797203,34.10307613360253,,27.257055046619637,,29.07381028959466,0.02040816326530612,,,,0.06,,,,62.89,
RPGLIFE,2026-08-22,,,4361.0,37.3,,,5.94141689373297,7.204918032786885,,19.3,15.132408575031524,25.7,,21.0,16.348773841961854,,,,,,0.03305785123966942,,,,0.91,,,,72.95,
RPOWER,2026-08-22,Power,,9698.0,2702.0,,,1.2611183355006501,0.6030927835051546,,-0.9,-0.7676845954520136,6.11,,31.0,-4.1222366710013,,,,,-0.8647561942194515,0.9234413965087281,,,,0.0,,,,24.98,
RPPINFRA,2026-08-22,,,286.0,138.0,,,0.19181757209926223,0.5333333333333333,,1.74,0.3864734299516908,4.94,,0.1,0.2682763246143528,-61.80915084192564,,-10.466556899264601,,3.2903975468494995,0.19626168224299065,,,,0.87,,,,39.18,
RPPL,2026-08-22,,,175.0,8.56,,0.27685608059406563,0.49575070821529743,0.9711934156378601,,10.1,5.847953216374268,11.5,,14.0,5.6657223796034,30.918591282634388,,14.215263894454843,,8.811479195708415,0.6833333333333333,,,,0.0,,,,44.22,
RPSGVENT,2026-08-22,,,2866.0,,,,0.24027498323272972,1.143989431968296,,-5.35,0.021369804466289135,10.6,,15.0,0.0335345405767941,,,,,14.476223090932638,3.2893056664006384,,,,0.0,,,,63.51,
RPTECH,2026-08-22,,,5823.0,18.2,,0.5831236502704863,0.32755808066602915,2.8566775244299674,,14.7,6.100994931481134,17.0,,2.9,1.8282049839680488,31.211219081163645,,,,17.01558871935709,0.4893827160493827,,,,0.23,,,,64.04,
RRIL,2026-08-22,,,212.0,23.6,,1.5204540230208585,1.65625,1.8510638297872337,,7.91,5.844155844155844,9.79,,8.0,7.03125,15.521679473813489,,16.153616167554617,,10.449084766677075,0.15789473684210525,,,,0.0,,,,70.93,
RRKABEL,2026-08-22,Capital Goods,,33019.0,54.0,,2.024617530657389,3.0482828655834564,12.802631578947368,,21.3,13.157325254273966,28.1,,9.0,5.612998522895126,26.67170425145253,,-9.689079745873642,,17.986218977798796,0.13087378640776698,,,,0.33,,,,61.38,
RSDFIN,2026-08-22,,,124.0,9.88,,,,0.5686390532544379,,5.96,5.617977528089887,8.02,,,,-3.4477537095570665,,-4.6877705779770125,,,,,,,0.0,,,,74.98,
RSL,2026-08-22,,,1378.0,23.4,,,1.2735674676524953,3.793103448275862,,19.3,9.833333333333332,25.2,,9.0,5.452865064695009,-5.69182341830885,,26.152173226522457,,5.940484835895976,0.18956043956043955,,,,0.3,,,,57.09,
RSYSTEMS,2026-08-22,,,2835.0,13.5,,1.2079205393921095,1.2713004484304933,2.5782092772384035,,24.4,9.14691943127962,19.5,,17.0,8.654708520179371,11.176231846172534,,6.348476960170024,,9.791399058933582,0.3360655737704918,,,,2.51,,,,51.85,
RTNINDIA,2026-08-22,Consumer Services,,4209.0,,,,0.5468364297778355,5.467625899280575,,-19.6,-23.601587874413568,-4.76,,-8.0,-8.496816941665584,,,,,7.550835911474385,1.43359375,,,,0.0,,,,74.87,
RTNPOWER,2026-08-22,Power,,4237.0,38.0,,,1.4275606469002695,0.9131944444444443,,1.14,1.1546863622178298,6.21,,15.0,3.7398921832884096,-76.68516951901614,,,,-4.088804764078613,0.8001293661060802,,,,0.0,,,,44.06,
RUBFILA,2026-08-22,,,377.0,14.6,,41.142455210605895,0.637901861252115,1.1903945111492282,,8.8,6.860158311345646,12.3,,7.0,4.39932318104907,0.35486457784941194,,-10.485732717752395,,7.9352266063792865,0.0032258064516129032,,,,2.88,,,,58.47,
RUBICON,2026-08-22,Healthcare,,28549.0,99.0,,2.2731510365493754,14.746384297520661,22.087067861715752,,27.0,12.376450365277181,28.4,,23.0,14.87603305785124,43.55187948719905,,,,31.365854184460538,0.24127230411171452,,,,0.09,,,,59.76,
RUCHINFRA,2026-08-22,,,135.0,22.4,,,2.1665864227250844,0.6477916194790486,,4.91,1.892189218921892,4.89,,39.05,9.661370566522226,-26.12183388091882,,-32.69423160050876,,-0.805340502962637,0.408785727987723,,,,0.0,,,,53.7,
RUCHIRA,2026-08-22,,,307.0,9.22,,,0.4687022900763359,0.6204819277108434,,9.18,4.319371727748691,11.1,,10.0,5.038167938931298,-12.184941344975186,,-1.3585931027257914,,-0.15220723678014414,0.3696969696969697,,,,2.43,,,,68.67,
RUDRA,2026-08-22,,,214.0,13.6,,,0.3380726698262243,1.5434782608695652,,10.3,3.9408866995073892,11.9,,6.0,2.527646129541864,-8.99789931968451,,13.179836563100178,,4.480900962007661,0.9712230215827338,,,,0.0,,,,72.88,
RUPA,2026-08-22,,,1221.0,15.6,,6.189234961650905,0.9553990610328639,1.1492537313432836,,7.36,4.646840148698884,9.55,,9.0,5.868544600938967,2.520505376942239,,-17.089239065997518,,1.6436125042330163,0.24202626641651032,,,,1.95,,,,73.28,
RUSHIL,2026-08-22,,,501.0,22.0,,,0.5493421052631579,0.7702702702702704,,1.05,1.7041053446940357,4.51,,10.0,2.4122807017543857,,,,,,0.39938556067588327,,,,0.29,,,,55.11,
RUSTOMJEE,2026-08-22,,,4690.0,39.9,,,1.6560734463276836,1.6343612334801763,,2.8,1.948534880261788,4.68,,7.0,4.625706214689266,-1.8618613028419606,,-7.7826044404181065,,8.421746337957936,0.5183374083129584,,,,0.4,,,,74.59,
RVHL,2026-08-22,,,264.0,5.53,,,3.52,0.7288135593220338,,16.2,13.079019073569482,22.0,,82.0,64.0,,,,,321.71633265087456,0.0,,,,0.0,,,,74.74,
RVNL,2026-08-22,Construction,,46976.0,52.2,,,2.255750300120048,4.777070063694268,,9.02,4.128651737167082,10.8,,4.3,4.302521008403361,-16.638002692152888,,-4.123288956041837,,-1.6323006908892879,0.4905314599877825,,,,0.76,,,,72.84,
RVTH,2026-08-22,,,225.0,14.5,,,1.490066225165563,1.6026200873362446,,10.5,5.597014925373134,15.0,,14.0,9.933774834437086,,,,,-10.69405669494483,0.4857142857142857,,,,0.0,,,,63.9,
S&SPOWER,2026-08-22,,,369.0,45.6,,3.8126224043662424,1.3369565217391304,4.13554633471646,,12.8,2.93040293040293,9.29,,3.1,2.898550724637681,11.960271740463613,,,,19.930515328992104,0.43820224719101125,,,,0.0,,,,74.97,
SAATVIKGL,2026-08-22,Capital Goods,,5325.0,21.4,,,1.2849903474903475,3.9158878504672896,,42.4,7.897271268057785,32.9,,10.0,5.936293436293436,-59.74525866837255,,,,56.1697627252919,0.6899338721528288,,,,0.0,,,,75.99,
SABEVENTS,2026-08-22,,,6.95,,,,2.8137651821862346,-2.87012987012987,,,-42.5287356321839,,,2.43,-14.979757085020243,,,,,11.748378204036136,-0.8305785123966941,,,,0.0,,,,26.44,
SADBHAV,2026-08-22,,,137.0,,,,0.14345549738219895,-1.238390092879257,,,1.877133105802048,13.4,,56.0,11.518324607329843,,,,,-20.80920629605326,-29.405405405405407,,,,0.0,,,,25.53,
SAFARI,2026-08-22,Consumer Durables,,7334.0,44.4,,,3.4791271347248576,6.565789473684211,,15.9,11.44244105409154,19.3,,13.0,7.827324478178369,-2.2315836298167913,,46.514326505041524,,10.793165135089279,0.10493273542600896,,,,0.27,,,,44.7,
SAGARDEEP,2026-08-22,,,39.9,14.0,,0.23833801374870417,0.19949999999999998,1.1359223300970873,,7.54,6.122448979591836,10.6,,2.5,1.5,58.74010519681994,,43.096908110525554,,25.99210498948732,0.2571428571428571,,,,0.0,,,,72.69,
SAGCEM,2026-08-22,,,2130.0,,,,0.7932960893854749,1.2538461538461538,,-1.05,-0.8051889957503914,1.97,,9.0,-1.3407821229050279,,,,,2.340025286765157,1.008860011813349,,,,0.0,,,,48.33,
SAGILITY,2026-08-22,Information Technology,,20294.0,19.8,,0.3370780480160245,2.6643035315741104,2.1067961165048543,,10.6,7.975903614457831,13.4,,24.0,13.036628593934621,58.74010519681994,,,,17.015015028306244,0.1150222590330262,,,,0.35,,,,50.95,
SAHLIBHFI,2026-08-22,,,229.0,11.5,,0.7946695361212894,,1.3285457809694794,,11.9,8.620689655172415,14.6,,,,14.471424255333186,,16.35731911385716,,,,,,,0.54,,,,58.1,
SAHYADRI,2026-08-22,,,409.0,9.07,,0.47026279962860507,0.5656984785615491,1.0080862533692723,,7.51,8.458646616541353,9.72,,11.0,6.224066390041494,19.287088000928687,,-8.757687858981223,,4.475954233173729,0.04187192118226601,,,,0.67,,,,71.12,
SAIL,2026-08-22,Metals & Mining,,71648.0,14.8,,1.265354896796165,0.644693390920952,1.1849315068493151,,6.43,3.143580385000294,7.79,,12.0,3.843973545687677,11.69632332989985,,-18.991895945884842,,1.7888717808422605,0.5289946318510172,,,,0.92,,,,65.0,
SAILIFE,2026-08-22,Healthcare,,30940.0,84.1,,,13.751111111111111,12.452991452991453,,15.4,9.983452840595698,19.6,,29.0,16.08888888888889,,,,,15.37586351751683,0.11594202898550725,,,,0.0,,,,34.53,
SAIPARENT,2026-08-22,,,2389.0,115.0,,,6.270341207349081,,,4.88,0.9831460674157303,5.97,,10.0,3.674540682414698,-19.23050839471592,,,,57.779683471903894,0.6782077393075356,,,,0.0,,,,51.16,
SAKAR,2026-08-22,,,2031.0,56.3,,1.2636784926668363,7.466911764705882,6.2534246575342465,,9.99,7.484407484407485,12.7,,28.0,13.23529411764706,44.552471476495455,,12.754054787860515,,21.14137285547597,0.1697530864197531,,,,0.0,,,,52.52,
SAKHTISUG,2026-08-22,,,251.0,,,,0.47448015122873344,0.9723502304147467,,-59.4,-9.521247982786445,-7.03,,-7.0,-33.459357277882795,,,,,-14.182326244212074,3.548262548262548,,,,0.0,,,,59.84,
SAKSOFT,2026-08-22,,,2167.0,16.2,,1.5221071470273275,2.1519364448857994,2.7891156462585034,,19.6,12.070566388115136,25.5,,19.0,12.909632571996028,10.643140354237591,,15.439701439205411,,9.73828441520359,0.05648267008985879,,,,0.61,,,,66.72,
SAKUMA,2026-08-22,,,238.0,22.3,,,0.14285714285714285,0.3179916317991632,,1.31,1.1689691817215728,1.74,,0.3,0.6602641056422569,-37.855349880922816,,-19.72584382397693,,-7.7912741588310634,0.012016021361815754,,,,0.0,,,,46.29,
SALASAR,2026-08-22,,,1038.0,75.8,,,0.6929238985313751,1.2452830188679247,,2.13,0.6499535747446611,8.13,,7.0,0.9345794392523363,-38.26420810013917,,-18.316664954179764,,7.435619649537029,0.5059952038369304,,,,0.0,,,,44.5,
SALONA,2026-08-22,,,139.0,60.5,,,0.21958925750394945,1.6540880503144655,,1.88,0.6578947368421052,8.33,,6.0,0.315955766192733,-27.990834632568873,,-35.0413209703631,,-4.290399346201057,2.289156626506024,,,,0.38,,,,68.42,
SALZERELEC,2026-08-22,,,1007.0,23.0,,,0.5548209366391185,1.7014925373134329,,9.4,3.279883381924198,11.3,,8.0,2.479338842975207,-2.1555134145238464,,11.83590613607468,,15.893574941545774,0.9021922428330523,,,,0.44,,,,37.47,
SAMBHAAV,2026-08-22,,,118.0,,,,2.7126436781609193,1.4141876430205949,,0.29,-1.812344656172328,2.26,,7.77,-4.022988505747127,,,,,2.8698071823584304,0.060577038189871896,,,,0.0,,,,62.93,
SAMBHV,2026-08-22,,,3812.0,22.8,,1.276191025388261,1.4735214534209509,3.603351955307263,,18.7,7.986447241045498,19.4,,12.0,6.378044066486277,17.86566395345357,,,,26.236560598500745,0.3538899430740038,,,,0.0,,,,56.11,
SAMHI,2026-08-22,Consumer Services,,3548.0,8.44,,,2.769711163153786,1.6293279022403258,,24.5,13.119266055045872,8.9,,34.0,44.65261514441842,,,,,10.207816331630148,0.84967919340055,,,,0.0,,,,,
SAMMAANCAP,2026-08-22,Financial Services,,17484.0,,,,,0.9207317073170732,,-3.18,-9.746373395471627,4.92,,,,,,,,,,,,,0.0,,,,28.34,
SAMPANN,2026-08-22,,,133.0,19.0,,,0.875,2.658486707566462,,21.3,4.635761589403973,8.18,,11.0,4.605263157894736,,,,,28.882834753780994,2.0869565217391304,,,,0.0,,,,40.4,
SANATHAN,2026-08-22,,,3930.0,64.7,,,0.8929788684389911,2.099099099099099,,3.78,1.3003623960775954,6.89,,7.0,1.3860486253124291,-27.16711625475221,,-31.98567562973319,,14.160991750238438,0.8076923076923077,,,,0.0,,,,78.58,
SANDESH,2026-08-22,,,786.0,7.21,,,0.9538834951456311,0.5509013785790032,,4.83,7.007203667321546,7.03,,1.1,12.985436893203882,-17.13825810161711,,3.6165447490787317,,36.78037182870524,0.0,,,,0.48,,,,74.81,
SANDHAR,2026-08-22,,,4019.0,19.2,,0.8095155641434476,0.781298600311042,3.02262443438914,,16.2,5.983889528193326,14.4,,9.0,4.043545878693624,23.717888636663353,,30.119465103156685,,13.469283262124154,0.8612153038259565,,,,0.6,,,,70.38,
SANDUMA,2026-08-22,Metals & Mining,,9670.0,13.0,,0.2948192141051808,1.81493993993994,2.974588938714499,,23.0,13.018287162773856,24.2,,24.0,13.494744744744743,44.0948193945123,,1.2087252671866722,,62.0515897054299,0.3070067609096497,,,,0.25,,,,74.22,
SANGAMIND,2026-08-22,,,2902.0,23.0,,0.5244848213548662,0.8780635400907716,2.418410041841004,,8.38,3.6500754147812975,10.4,,11.0,3.6611195158850225,43.852556000735454,,-3.500707737281772,,7.939905699126215,1.187732342007435,,,,0.35,,,,70.52,
SANGHVIMOV,2026-08-22,,,4150.0,20.2,,0.9534501668848345,3.525913338997451,3.172185430463576,,13.9,8.493384549722578,15.6,,36.0,16.90739167374681,21.186214761489385,,,,37.17360113649415,0.5141113653699466,,,,0.42,,,,47.25,
SANOFI,2026-08-22,,,7722.0,17.5,,,3.8360655737704916,8.96524064171123,,47.1,25.620347394540943,49.2,,24.0,20.516641828117237,,,,,,0.022067363530778164,,,,2.24,,,,60.4,
SANOFICONR,2026-08-22,Healthcare,,9724.0,36.6,,2.6733089025129564,10.23578947368421,27.960264900662253,,71.6,37.6770538243626,89.9,,37.0,28.000000000000004,13.690898184491651,,,,9.478375973161214,0.0603448275862069,,,,1.78,,,,71.27,
SANSERA,2026-08-22,Automobile and Auto Components,,24193.0,64.9,,3.7490025489968155,6.4463096189714895,7.832323232323232,,11.5,7.8086763070077865,14.1,,18.0,9.352517985611511,17.311271238630233,,17.468589514361767,,10.113163425590832,0.19144800777453838,,,,0.08,,,,29.21,
SANSTAR,2026-08-22,,,2118.0,48.1,,,2.698089171974522,,,,6.4393939393939394,,,4.8,4.3312101910828025,-29.527012679351085,,,,15.916797315216957,0.5039370078740157,,,,0.0,,,,64.18,
SAPPHIRE,2026-08-22,Consumer Services,,7788.0,3164.0,,,2.404445816610065,5.58891454965358,,-1.03,-0.4915514592933948,3.98,,15.0,-0.4939796233405372,,,,,7.682961763695739,1.0194244604316547,,,,0.0,,,,26.06,
SAPPL,2026-08-22,,,250.0,6.02,,0.08431082670514613,0.3448275862068966,0.8977635782747604,,11.4,6.8181818181818175,14.3,,15.0,5.793103448275862,71.40245488344326,,13.956910499583186,,34.94972281690218,0.920863309352518,,,,0.0,,,,59.6,
SARDAEN,2026-08-22,Metals & Mining,,17993.0,16.0,,0.5468184880306394,3.1761694616063547,2.444976076555024,,16.1,10.122240787969396,17.4,,32.0,20.317740511915268,29.260166490756045,,7.514166574386683,,13.563250892269485,0.35712347354138396,,,,0.39,,,,73.16,
SAREGAMA,2026-08-22,Media Entertainment & Publication,,9767.0,42.8,,10.86221379802683,9.382324687800192,5.7744874715261965,,13.0,9.517657192075797,17.8,,36.0,21.229586935638807,3.940264921665859,,7.790321687382296,,9.038129997032684,0.04314420803782506,,,,0.89,,,,60.84,
SARLAPOLY,2026-08-22,,,817.0,10.4,,,1.983009708737864,1.8718929254302106,,14.4,0.24067388688327318,10.5,,13.0,0.48543689320388345,-61.20784812661324,,-47.077102414263194,,2.4627829401915546,0.6330275229357798,,,,2.04,,,,59.98,
SARVESHWAR,2026-08-22,,,419.0,12.7,,0.5189184594184658,0.29885877318116977,0.8785529715762274,,8.37,3.0303030303030303,10.4,,4.6,2.353780313837375,24.473980004936525,,46.50780257917609,,17.285073872358026,0.5283018867924528,,,,0.0,,,,40.87,
SASKEN,2026-08-22,,,2961.0,40.1,,,2.5114503816793894,3.4618117229129663,,7.0,6.174957118353345,9.9,,9.0,6.106870229007633,-4.342101509597185,,-11.715364771202285,,42.668881734083165,0.03274853801169591,,,,1.28,,,,42.94,
SATIA,2026-08-22,,,587.0,,,,0.4067914067914068,0.5385321100917432,,3.83,-0.5134788189987163,3.94,,8.0,-0.5544005544005544,,,,,-5.648735740833855,0.28768382352941174,,,,0.68,,,,52.46,
SATIN,2026-08-22,,,2476.0,6.04,,,,0.8648648648648649,,12.3,2.8515788009458896,13.8,,,,-2.0435019218720485,,68.13942204251433,,,,,,,0.0,,,,36.17,
SAURASHCEM,2026-08-22,,,648.0,40.4,,,0.38140082401412595,0.673611111111111,,2.28,0.4408060453400504,2.5,,2.3,0.4120070629782225,-51.00026949703553,,-28.847351481351,,-1.2623265576474307,0.1113423517169615,,,,0.0,,,,66.62,
SAYAJIHOTL,2026-08-22,,,575.0,,,,4.323308270676692,3.6936936936936937,,-14.6,-0.32786885245901637,-0.49,,15.0,-0.7518796992481203,,,,,5.895589606372331,0.8076923076923077,,,,0.0,,,,66.82,
SBC,2026-08-22,,,1910.0,49.9,,0.8029274770418593,4.225663716814159,23.86904761904762,,37.2,8.695652173913043,18.2,,9.0,8.4070796460177,62.14758048116784,,63.183932866663554,,28.706611888588096,2.802469135802469,,,,0.0,,,,50.28,
SBCL,2026-08-22,,,5722.0,53.7,,6.744768296578072,9.28896103896104,11.87799043062201,,21.8,16.666666666666664,26.6,,23.0,17.20779220779221,7.961726428355509,,13.979925860281295,,6.5665673023265425,0.14730290456431536,,,,0.4,,,,33.61,
SBFC,2026-08-22,Financial Services,,10409.0,30.1,,0.4980161479748183,,3.1938775510204085,,11.6,4.0134946486738015,11.6,,,,60.43980726810083,,,,,,,,,0.0,,,,52.31,
SBGLP,2026-08-22,,,430.0,10.3,,0.6964861352616186,2.544378698224852,4.119601328903655,,43.8,15.96958174904943,30.8,,35.0,24.85207100591716,14.788521233277741,,24.165317307036972,,32.897884989246265,0.7980769230769231,,,,0.48,,,,73.39,
SBICARD,2026-08-22,Financial Services,,61762.0,27.2,,,,3.933333333333333,,14.7,3.4299240139910743,10.1,,,,-1.9054829856510858,,6.8753171931515755,,,,,,,0.39,,,,68.86,
SBIFUNDS,2026-08-22,,,111934.0,36.1,,1.1525784310590768,22.540072492952074,,,43.0,47.77258566978193,56.5,,82.0,61.75996778091019,31.32107891940037,,28.430904254969704,,27.339716360054013,0.0,,,,0.0,,,,88.19,
SBILIFE,2026-08-22,Financial Services,,179875.0,69.2,,6.235728292496885,1.5032677007421273,8.92039800995025,,13.7,0.5201521460025678,15.0,,0.7,2.173731363241292,11.09734047958193,,11.494438157357223,,-3.2167925330365055,0.0,,,,0.15,,,,55.32,
SBIN,2026-08-22,Financial Services,,968015.0,11.5,,1.5328201481273143,,1.556379821958457,,15.4,1.0775520190896095,6.13,,,,7.502510985421118,,18.695251751269137,,,,,,,1.65,,,,55.47,
SCANSTL,2026-08-22,,,383.0,15.5,,15.731486871297097,0.44328703703703703,0.8224543080939949,,5.05,4.105090311986864,6.96,,6.0,2.8935185185185186,0.9852851244646521,,,,-3.618101558973519,0.1603563474387528,,,,0.0,,,,49.29,
SCHAEFFLER,2026-08-22,Automobile and Auto Components,,62801.0,50.1,,4.277605852937773,5.9782008567348885,10.223918575063614,,20.2,14.720394736842104,27.3,,18.0,11.927653498334125,11.712159025963631,,,,13.152994201079293,0.007808687164470474,,,,0.87,,,,74.13,
SCHAND,2026-08-22,,,482.0,6.51,,0.8203454842019451,0.594327990135635,0.45819397993311034,,7.66,4.874551971326166,10.2,,18.0,8.384710234278668,7.935680911723564,,54.5927539194015,,6.947123629430929,0.12903225806451613,,,,2.92,,,,46.99,
SCHNEIDER,2026-08-22,Capital Goods,,29106.0,150.0,,66.18759200491611,9.967808219178082,42.25694444444444,,38.2,7.849829351535837,29.6,,11.0,6.301369863013699,2.2662858015571663,,45.9801044698158,,9.78091328574453,0.9173913043478261,,,,0.0,,,,75.0,
SCI,2026-08-22,Services,,13534.0,8.36,,0.24907331842807806,2.144849445324881,1.4923076923076923,,15.5,12.148971317014565,14.3,,40.0,25.641838351822503,33.5644140960607,,13.345317168914207,,7.728848603748117,0.29452506596306066,,,,2.58,,,,63.75,
SCILAL,2026-08-22,,,1854.0,65.1,,,74.16,0.6170542635658914,,0.96,0.7887323943661971,1.31,,-162.0,112.00000000000001,-15.748710932676858,,,,13.71830097629767,0.0,,,,1.38,,,,63.75,
SCODATUBES,2026-08-22,,,772.0,20.9,,,1.413919413919414,1.978527607361963,,14.4,5.377906976744186,16.5,,14.0,6.7765567765567765,,,,,10.928775019696735,0.4794871794871795,,,,0.0,,,,66.43,
SCPL,2026-08-22,,,717.0,34.5,,,1.8575129533678756,4.583892617449664,,13.3,7.9245283018867925,16.0,,12.0,5.4404145077720205,-0.13452176993024034,,2.5044578236711246,,3.023792513592971,0.32051282051282054,,,,0.0,,,,70.08,
SDBL,2026-08-22,,,1533.0,,,,1.5804123711340206,1.9705882352941178,,1.87,-2.04778156996587,5.68,,3.1,-3.0927835051546393,,,,,-8.853317064640665,0.27214377406931967,,,,0.0,,,,39.43,
SEAMECLTD,2026-08-22,,,4257.0,16.6,,0.5728855478213724,4.101156069364162,3.26953125,,21.8,13.917248790972595,20.0,,41.0,24.951830443159924,28.976119336799776,,25.28055629595012,,12.501058433029954,0.27132974634896234,,,,0.12,,,,72.72,
SECMARK,2026-08-22,,,132.0,40.3,,,3.20155226776619,5.625,,11.7,6.80780406807804,11.7,,20.42,7.955372301722047,,,4.3323972478057415,,18.800500056758594,0.548910721913712,,,,0.0,,,,75.0,
SECURKLOUD,2026-08-22,,,59.1,,,,1.4775,-1.1493506493506493,,,-77.77777777777779,-5.97,,-17.0,-35.0,,,,,-51.00026949703553,-1.1176470588235294,,,,0.0,,,,43.35,
SEDEMAC,2026-08-22,,,14369.0,122.0,,,13.581285444234405,31.892156862745097,,26.9,12.776412776412776,35.3,,20.0,9.829867674858223,-85.51800650223316,,-67.64061670641064,,35.74226766918376,0.1603563474387528,,,,0.0,,,,26.23,
SEIL,2026-08-22,,,3314.0,570.0,,35.388447504994275,58.42736248236954,43.27731092436975,,7.99,5.749628896585849,10.3,,11.35,10.24330042313117,16.10695128458397,,,,45.51043685206784,0.07753556976895967,,,,0.0,,,,49.88,
SELMC,2026-08-22,,,92.8,,,,0.2481283422459893,-1.6470588235294117,,-452.0,-18.29383886255924,-15.1,,-15.0,-51.60427807486631,,,,,25.546111505043623,-16.49122807017544,,,,0.0,,,,75.0,
SENCO,2026-08-22,Consumer Durables,,5661.0,9.92,,0.22493794291659924,0.5860248447204969,2.2549019607843137,,25.6,8.085528178986124,21.2,,10.0,5.910973084886129,44.10105236748814,,23.507495855856455,,22.608615644289777,1.073587907716786,,,,0.51,,,,64.48,
SENORES,2026-08-22,,,6969.0,55.2,,1.4313239964780846,10.12936046511628,7.45320197044335,,13.4,8.16708229426434,15.1,,29.0,19.040697674418606,38.565691720270955,,93.54452334482039,,47.361259945615465,0.36616702355460384,,,,0.0,,,,45.82,
SEPC,2026-08-22,,,1109.0,41.2,,15.236672514769925,0.9849023090586145,0.5676470588235295,,3.18,0.8406078241189783,5.03,,6.0,2.3090586145648313,2.70400246248399,,,,26.14165065507099,0.18447107868681606,,,,0.0,,,,11.67,
SERVOTECH,2026-08-22,,,1862.0,49.7,,1.0946568568336121,2.4793608521970705,6.4375,,12.8,5.109489051094891,12.8,,10.0,4.660452729693742,45.40235571516125,,49.8087159028632,,28.61404891921646,0.7326388888888888,,,,0.06,,,,58.61,
SESHAPAPER,2026-08-22,,,1443.0,14.6,,,0.7941662080352229,0.7067901234567902,,4.1,3.9568345323741005,5.6,,6.0,5.448541552008805,-28.48789071228859,,-2.0801737100472284,,0.276703125969191,0.0,,,,0.87,,,,43.27,
SETL,2026-08-22,,,5940.0,69.4,,,6.996466431095406,7.544303797468355,,10.7,7.097288676236045,14.7,,15.0,10.482921083627797,-48.93390695630189,,-23.597355459242884,,15.994197210366966,0.10532994923857868,,,,0.0,,,,60.47,
SFL,2026-08-22,Consumer Durables,,7261.0,35.7,,6.541386595952104,1.801290002480774,2.2315436241610738,,4.8,4.247406537482874,6.11,,11.0,5.383279583229967,5.4575584971681135,,-2.4424297297051756,,10.569425483230654,0.27921279212792127,,,,0.15,,,,65.39,
SGFIN,2026-08-22,,,4528.0,28.9,,1.3552314319954657,,3.0669642857142856,,10.3,3.76228133237479,9.32,,,,21.32477104478543,,74.884457573635,,,,,,,0.0,,,,56.95,
SGIL,2026-08-22,,,877.0,176.0,,,2.3961748633879782,7.888111888111888,,4.55,1.0570824524312896,9.24,,11.0,1.366120218579235,,,,,,2.232142857142857,,,,0.18,,,,69.5,
SGL,2026-08-22,,,26.9,2.55,,,0.0992619926199262,,,,,,,13.0,4.059040590405904,,,,,,,,,,0.0,,,,65.76,
SGMART,2026-08-22,,,10339.0,83.2,,3.8135266569356467,1.5955246913580248,6.456692913385827,,7.92,5.511111111111111,10.2,,2.5,1.9135802469135803,21.81707576337102,,101.1125532073765,,34.168771861645084,0.16781465247338762,,,,0.0,,,,57.9,
SHADOWFAX,2026-08-22,,,14980.0,88.6,,,3.16233903314334,8.5,,10.4,5.963302752293578,9.38,,6.0,3.5676588558159175,,,,,35.95567592994748,0.14154727793696276,,,,0.0,,,,16.51,
SHAH,2026-08-22,,,330.0,25.1,,1.581844226765118,1.3983050847457628,1.0776699029126213,,5.17,2.2968197879858656,4.82,,1.4,5.508474576271186,15.867554829548336,,,,34.49725566134156,0.7810457516339869,,,,0.0,,,,30.2,
SHAHALLOYS,2026-08-22,,,153.0,,,,3.923076923076923,1.3609154929577465,,-5.79,51.92307692307693,0.47,,18.0,276.9230769230769,,,,,-60.357281863252396,0.5575221238938053,,,,0.0,,,,53.75,
SHAILY,2026-08-22,Consumer Durables,,15275.0,86.4,,1.8995637543175588,14.902439024390244,21.28846153846154,,26.9,15.431560592850916,29.3,,29.0,17.268292682926827,45.48412750223287,,38.01605577543321,,16.756033554048287,0.24720670391061453,,,,0.09,,,,41.09,
SHAKTIPUMP,2026-08-22,Capital Goods,,6214.0,29.3,,2.1805057339053766,2.1179277436946147,3.652173913043478,,18.0,6.959947472094551,23.6,,12.0,7.2256305385139745,13.437249691392683,,23.959754897992735,,28.866752697503184,0.2961876832844575,,,,0.2,,,,50.36,
SHALBY,2026-08-22,,,1652.0,42.0,,,1.4047619047619047,1.6433941997851773,,2.45,2.0562770562770565,6.12,,12.0,3.231292517006803,-22.36803205016097,,-6.189223328728377,,7.982525819364383,0.5914512922465208,,,,0.0,,,,74.33,
SHALPAINTS,2026-08-22,,,677.0,,,,1.2110912343470484,2.6966666666666668,,-21.4,-10.764430577223088,-7.93,,-4.8,-12.343470483005367,,,,,1.473508194805695,0.6573705179282868,,,,0.0,,,,74.96,
SHANKARA,2026-08-22,,,347.0,66.8,,,0.24946081955427749,0.772972972972973,,0.71,0.6605019815059445,2.92,,1.7,0.35945363048166784,-60.53721450751694,,-32.8159556338502,,-33.952970537116926,0.42953020134228187,,,,2.09,,,,45.39,
SHANTI,2026-08-22,,,7.0,,,,0.6724303554274735,1.75,,-96.8,-28.757440476190478,-14.3,,-72.62,-74.25552353506244,,,,,-0.7879306275328735,4.040000000000001,,,,0.0,,,,0.0,
SHANTIGEAR,2026-08-22,,,3562.0,52.9,,,7.138276553106213,8.08362369337979,,19.0,11.510791366906476,25.6,,18.0,12.825651302605209,-8.138102321330265,,8.447177119769854,,-2.3560697133180653,0.0,,,,1.08,,,,70.47,
SHANTIGOLD,2026-08-22,,,2069.0,13.2,,,1.0247647350173352,,,,,,,10.0,6.934125804853888,,,,,,,,,,0.0,,,,74.89,
SHARDACROP,2026-08-22,Chemicals,,6865.0,11.0,,0.06474091327394496,1.2815008400224006,2.1867816091954024,,23.2,10.873718950842452,30.2,,20.0,11.685644950532016,169.90801401664748,,12.387956477322248,,19.199422542793343,0.0,,,,1.97,,,,74.82,
SHARDAMOTR,2026-08-22,,,5242.0,15.6,,3.301440699649872,1.4353778751369113,3.986899563318777,,27.9,14.988713318284425,36.0,,12.0,9.090909090909092,4.725209815719067,,18.18575448403299,,9.14227694974825,0.037319116527037316,,,,1.78,,,,64.31,
SHAREINDIA,2026-08-22,Financial Services,,3810.0,10.5,,,2.415979708306912,1.45,,13.0,7.930283224400872,18.4,,40.0,23.081800887761574,-9.24403214600198,,6.08896985370726,,2.069702144631358,0.2637571157495256,,,,0.63,,,,48.62,
SHBAJRG,2026-08-22,,,156.0,3.47,,0.9848327032542219,0.5435540069686411,0.4061032863849765,,12.3,8.47457627118644,1.12,,1.4,15.6794425087108,3.5234410763715918,,-8.855686688097386,,-20.444719069164265,0.2708333333333333,,,,0.0,,,,63.96,
SHEKHAWATI,2026-08-22,,,64.1,5.19,,,4.2733333333333325,2.9153605015673985,,49.1,37.5,47.3,,32.0,80.0,-56.8727221681791,,,,-42.03041678042773,0.045454545454545456,,,,0.0,,,,64.09,
SHILCTECH,2026-08-22,,,4442.0,32.3,,2.266399218785173,7.073248407643312,9.051282051282051,,37.8,23.3502538071066,50.7,,25.0,21.97452229299363,14.251681580314578,,57.71507367377862,,16.517112183582427,0.0,,,,0.32,,,,62.12,
SHILPAMED,2026-08-22,Healthcare,,15939.0,56.0,,0.5482096413438049,9.470588235294118,6.174242424242424,,8.99,8.014031300593633,10.9,,28.0,17.647058823529413,102.15070253549241,,34.21579623980826,,13.666677617850898,0.25462962962962965,,,,0.07,,,,40.13,
SHINDL,2026-08-22,,,648.0,38.6,,0.9157369073964785,1.2226415094339622,4.187817258883249,,10.9,5.379746835443038,12.9,,7.0,3.207547169811321,42.15184480195653,,37.2120394052184,,20.621014139712468,0.8181818181818182,,,,0.15,,,,45.01,
SHIVATEX,2026-08-22,,,215.0,22.3,,,0.636094674556213,1.4821428571428572,,9.04,3.6900369003690034,12.6,,10.0,2.9585798816568047,,,1.2591378687089927,,0.29762080250912426,0.503448275862069,,,,0.36,,,,74.04,
SHIVAUM,2026-08-22,,,604.0,63.7,,,0.9983471074380166,5.0,,6.08,4.017857142857143,8.03,,3.1,1.487603305785124,-3.2237448256580814,,,,2.9170819165784234,0.8016528925619835,,,,0.0,,,,73.53,
SHK,2026-08-22,,,2180.0,46.2,,,0.889795918367347,1.5955284552845528,,3.71,3.085991678224688,5.85,,10.0,3.63265306122449,-10.066898866810703,,-9.734404797771745,,8.277010985059352,0.7560617193240264,,,,0.64,,,,54.87,
SHOPERSTOP,2026-08-22,,,4643.0,,,,0.8973714727483572,15.946969696969697,,-6.37,-0.5563503417580671,7.03,,15.0,-0.6764592191727871,,,,,6.2220776896101615,11.398625429553265,,,,0.0,,,,66.06,
SHRADHA,2026-08-22,,,272.0,10.2,,0.8048141096091499,2.4070796460176993,0.9155313351498637,,11.9,5.930470347648262,10.7,,18.0,25.663716814159294,12.673734068794506,,78.80706664150875,,0.900949433292153,0.3434343434343434,,,,1.78,,,,74.98,
SHREDIGCEM,2026-08-22,,,1071.0,59.5,,,1.203370786516854,2.931174089068826,,6.84,1.7013232514177694,6.4,,9.0,2.0224719101123596,-41.03228647585425,,-20.492935096926836,,3.9652674247262265,1.4043715846994536,,,,1.38,,,,63.71,
SHREECEM,2026-08-22,Construction Materials,,87604.0,53.7,,,4.0009134088417975,3.7649247945417894,,7.51,5.202238616128212,10.3,,21.0,7.471684325904275,-12.044349913259412,,-6.910420142288198,,2.3803216973599994,0.08028538273090643,,,,0.62,,,,62.56,
SHREEJISPG,2026-08-22,,,10110.0,63.3,,,13.355350066050198,13.156779661016948,,27.5,13.104013104013104,26.4,,28.0,21.136063408190225,,,,,1.1718055970532104,0.36150845253576075,,,,0.16,,,,90.0,
SHREEPUSHK,2026-08-22,,,1297.0,18.0,,0.7532323689650524,1.2944111776447105,2.121693121693122,,12.2,7.422680412371134,13.0,,10.0,7.18562874251497,23.897008070341098,,4.356443822602585,,11.338072963188694,0.21311475409836064,,,,0.52,,,,69.36,
SHREERAMA,2026-08-22,,,601.0,23.6,,0.6497542692868185,2.267924528301887,3.3834586466165413,,15.0,10.964912280701753,17.7,,16.0,9.433962264150944,36.32142352200898,,,,14.184886325377732,0.12359550561797752,,,,0.0,,,,61.57,
SHREYANIND,2026-08-22,,,173.0,,,,0.27503974562798095,0.4045307443365696,,1.46,-2.2082018927444795,2.44,,-2.8,-2.2257551669316373,,,,,-3.4561775281314544,0.14285714285714285,,,,1.2,,,,50.29,
SHRIKRISH,2026-08-22,,,113.0,28.0,,,5.54193231976459,1.2423312883435582,,5.13,1.912903835254109,6.7,,40.17,19.86267778322707,-3.0256316870632127,,7.9310896244752405,,-7.122650528734309,0.5017555409260478,,,,0.0,,,,54.88,
SHRINGARMS,2026-08-22,,,2223.0,18.4,,,0.9029244516653128,3.2859174964438123,,26.3,13.565022421524663,26.8,,7.0,4.914703493095045,-29.017146729027143,,-11.302066853137848,,30.728060516069135,0.2791728212703102,,,,0.0,,,,74.8,
SHRIPISTON,2026-08-22,Automobile and Auto Components,,20263.0,34.7,,4.1357819165202185,4.077062374245473,6.980273141122914,,21.4,9.361771409964181,20.8,,19.0,11.569416498993963,8.390190948268383,,28.038150505284555,,17.178021306884528,0.6783867631851086,,,,0.22,,,,41.55,
SHRIRAMFIN,2026-08-22,Financial Services,,265887.0,23.5,,1.8152804424310092,,3.2285714285714286,,16.4,3.5217425126409956,11.5,,,,12.94565812020152,,22.928715130004186,,,,,,,0.96,,,,20.3,
SHRIRAMPPS,2026-08-22,,,1330.0,14.6,,2.2489470821905684,1.0648518815052042,0.9100467289719627,,7.16,2.450188476036618,8.04,,3.1,7.285828662930344,6.491926873521181,,55.949920497364715,,13.026976508663267,0.42191780821917807,,,,0.0,,,,27.89,
SHYAMMETL,2026-08-22,Capital Goods,,27492.0,24.5,,8.835627836436712,1.4037990196078431,2.3849878934624695,,9.7,5.581580783414732,13.0,,13.0,5.718954248366013,2.7728646400164036,,-9.85753971560902,,14.06804596795872,0.08721687060661286,,,,0.46,,,,74.59,
SICAGEN,2026-08-22,,,220.0,10.6,,0.4260951587773621,0.20853080568720378,0.4456,,3.74,2.7027027027027026,5.95,,4.0,1.8957345971563981,24.87707213199899,,,,9.890911828644455,0.3212121212121212,,,,1.8,,,,61.13,
SICALLOG,2026-08-22,,,887.0,3596.0,,,2.1068883610451308,6.7272727272727275,,2.05,8.158765159867695,9.85,,19.0,17.577197149643705,,,,,23.96429286575068,3.6742424242424243,,,,0.0,,,,73.5,
SIEMENS,2026-08-22,Capital Goods,,139599.0,92.9,,4.981838932138786,7.72887830805005,10.077120822622108,,19.2,15.44807429406496,21.4,,11.0,18.143062783744877,18.647732547249674,,24.646357937308807,,-2.6109620529463196,0.02218208092485549,,,,0.46,,,,75.0,
SIGIND,2026-08-22,,,213.0,9.04,,0.6016258909459223,0.15290739411342427,0.8596908442330559,,8.06,2.5,13.7,,7.0,1.7229002153625268,15.025949075739774,,23.332560965356564,,4.720113725810582,1.8623481781376519,,,,0.69,,,,73.4,
SIGMA,2026-08-22,,,500.0,16.0,,0.6493465898593426,5.1020408163265305,6.48,,37.8,34.831460674157306,48.3,,32.0,31.63265306122449,24.640154040796336,,28.431296342161417,,14.666768361648419,0.025974025974025976,,,,0.1,,,,73.21,
SIGNATURE,2026-08-22,Realty,,11189.0,,,,4.903155127081507,6.0227272727272725,,2.79,6.050420168067227,2.6,,-6.0,45.74934268185802,301.2461139687634,,,,22.512749370191987,1.6102702702702703,,,,0.0,,,,69.54,
SIGNPOST,2026-08-22,,,1415.0,19.2,,1.0327108051138747,2.3942470389170896,4.925650557620818,,27.6,10.755813953488373,24.9,,25.0,12.521150592216582,18.59184575674393,,,,15.157485129164971,0.7048611111111112,,,,0.19,,,,60.38,
SIKA,2026-08-22,,,2126.0,61.3,,2.8596178805706876,11.43010752688172,12.975420439844761,,25.1,20.0,34.6,,22.0,18.817204301075268,21.43643051629209,,15.86471534163698,,20.61528841335445,0.0,,,,0.35,,,,71.72,
SIKKO,2026-08-22,,,233.0,38.5,,2.4263347701377307,3.6068111455108363,2.691919191919192,,6.08,5.270493945465633,7.76,,12.0,9.365325077399381,15.867554829548336,,,,2.356600045772028,0.1359527121001391,,,,0.0,,,,54.96,
SIL,2026-08-22,,,134.0,2.17,,,0.6203703703703703,1.1620111731843576,,-16.6,32.29166666666667,-12.8,,35.0,28.703703703703702,,,-19.62543806138647,,100.0,0.034782608695652174,,,,3.84,,,,20.31,
SILGO,2026-08-22,,,231.0,34.3,,,4.7905433430111986,1.679814385150812,,5.81,4.163058270444142,8.11,,23.21,13.95686437163003,,,,,,0.14644412191582,,,,0.0,,,,40.54,
SILINV,2026-08-22,,,504.0,10.0,,0.5148017023988896,6.8108108108108105,0.1962809917355372,,1.32,1.7850892544627233,1.75,,86.0,68.91891891891892,19.424955188379677,,8.712784079732817,,13.21062322933404,0.0,,,,0.53,,,,63.79,
SILLYMONKS,2026-08-22,,,21.7,,,,0.940207972270364,1.8108419838523644,,-20.3,-13.620807665982204,-17.7,,-6.63,-8.622183708838822,,,,,6.033594440553514,0.0,,,,0.0,,,,50.04,
SILVERTUC,2026-08-22,,,2358.0,56.6,,1.5012272229747161,6.55,13.880597014925373,,24.4,14.18918918918919,29.8,,20.0,11.666666666666666,37.70248709442252,,45.186135108262995,,17.134499842861995,0.1952662721893491,,,,0.05,,,,74.66,
SIMPLEXINF,2026-08-22,,,2023.0,44.7,,,1.8924228250701591,2.0813008130081303,,5.26,1.1852615305333678,2.4,,6.0,4.303086997193639,,,,,-8.33657519212042,1.6823770491803278,,,,0.0,,,,35.99,
SINCLAIR,2026-08-22,,,382.0,139.0,,,19.46001018848701,5.593984962406015,,3.4,2.0615156262884473,,,26.69,12.73560876209883,,,,,,0.21358499937911335,,,,1.07,,,,64.02,
SINDHUTRAD,2026-08-22,,,3651.0,47.2,,4.47062417819878,7.48155737704918,1.8372093023255813,,3.42,2.669902912621359,4.44,,6.0,15.778688524590164,10.557809853526301,,,,-33.83830255775554,0.26411865373645177,,,,0.0,,,,74.97,
SINGERIND,2026-08-22,,,510.0,63.7,,,1.130820399113082,6.833333333333333,,13.0,4.761904761904762,18.2,,3.4,1.7738359201773837,,,,,86.07705928355145,0.3076923076923077,,,,0.49,,,,30.49,
SINTERCOM,2026-08-22,,,218.0,131.0,,10.376411828831987,2.0761904761904764,2.1149732620320854,,1.4,0.975609756097561,5.29,,17.0,1.9047619047619049,12.624788044360603,,,,6.0642134415163085,0.5096153846153846,,,,0.0,,,,69.74,
SIRCA,2026-08-22,,,2562.0,38.2,,4.804469189268774,5.043307086614173,5.3882915173237755,,15.8,11.37521222410866,20.3,,20.0,13.188976377952756,7.950930372354814,,18.45306375097382,,17.769936553516107,0.06736842105263158,,,,0.44,,,,65.19,
SIS,2026-08-22,,,5904.0,14.7,,,0.34653988378235606,2.3222222222222224,,13.9,1.9390581717451523,13.7,,4.5,0.8628279626694841,-7.705039782373002,,-14.051559150346016,,11.589263273520146,0.7026708562450903,,,,1.68,,,,71.86,
SIYSIL,2026-08-22,,,2751.0,11.6,,1.3332657321017674,1.0464054773678204,1.8819875776397517,,14.9,10.812043795620438,18.8,,13.0,9.01483453784709,8.70044112040118,,2.537994675343791,,7.91363009527235,0.2410958904109589,,,,1.98,,,,67.45,
SJS,2026-08-22,,,7998.0,42.0,,1.229377916444848,7.950298210735586,9.214022140221402,,22.0,19.255222524977295,28.6,,29.0,21.07355864811133,34.16362002130058,,29.559451845424167,,17.00725179746534,0.026497695852534562,,,,0.14,,,,20.15,
SJVN,2026-08-22,Power,,25960.0,40.6,,,5.186813186813187,1.825966850828729,,4.52,1.2344009581578643,5.57,,68.0,12.767232767232766,-11.282558281086663,,-8.457473433049822,,24.733826792540103,2.266872673642812,,,,2.27,,,,81.85,
SKFINDIA,2026-08-22,Automobile and Auto Components,,7893.0,34.0,,,2.5726857887874837,5.933085501858736,,14.8,10.1010101010101,24.2,,12.0,6.844850065189048,-27.577537724228797,,-11.901013405580708,,-12.438528436786155,0.002257336343115124,,,,2.51,,,,52.58,
SKFINDUS,2026-08-22,Capital Goods,,13636.0,35.5,,,3.7983286908077996,9.224080267558529,,26.6,7.778608825729244,29.9,,11.0,5.793871866295264,,,,,,0.0033875338753387536,,,,0.73,,,,52.58,
SKIPPER,2026-08-22,Capital Goods,,6257.0,26.9,,0.6701033912724295,1.1155286147263326,4.196969696969697,,16.5,4.963600264725347,23.3,,10.0,4.011410233553217,40.143059041860376,,54.92076849700833,,19.55900381330702,0.635814889336016,,,,0.02,,,,61.48,
SKMEGGPROD,2026-08-22,,,1364.0,12.2,,1.3182302148597709,1.7554697554697554,3.4487350199733693,,29.7,18.65546218487395,30.0,,22.0,14.285714285714285,9.254832625193465,,71.8609365215556,,3.4906227445689497,0.3594936708860759,,,,0.48,,,,57.47,
SKYGOLD,2026-08-22,Consumer Durables,,12444.0,37.1,,0.40349859003463917,1.734113712374582,10.387596899224805,,29.2,15.62642369020501,27.0,,7.0,4.779821627647714,91.94579836528072,,68.77963132516018,,60.21223030376754,0.7247706422018348,,,,0.0,,,,51.74,
SMARTWORKS,2026-08-22,Services,,5985.0,215.0,,,3.0489047376464593,11.27155172413793,,3.3,0.4331683168316832,8.3,,64.0,1.4263881813550687,,,,,23.623656257654524,9.015094339622642,,,,0.0,,,,58.33,
SMCGLOBAL,2026-08-22,,,1699.0,15.6,,,0.8637519064565328,1.3017656500802568,,8.07,1.915041782729805,11.4,,19.0,5.592272496187086,-16.47174636459603,,-7.5394081555416275,,6.204699805067726,1.5613496932515338,,,,1.48,,,,66.71,
SMLMAH,2026-08-22,Capital Goods,,7704.0,49.2,,3.7332087025017455,2.6115254237288137,14.83008356545961,,35.4,11.166785969935576,30.9,,9.0,5.288135593220339,13.17901138691482,,,,10.339215894963116,0.5568400770712909,,,,0.44,,,,58.97,
SMLT,2026-08-22,,,96.9,19.8,,,0.482089552238806,0.7720828789531079,,3.77,3.64963503649635,5.76,,3.9,2.4875621890547266,-29.295191972549073,,-29.201481695031916,,-12.977396394055985,0.0,,,,0.71,,,,68.81,
SMSPHARMA,2026-08-22,,,3340.0,32.6,,1.4201450641368323,3.7193763919821827,4.255065554231227,,14.3,7.488986784140969,13.3,,19.0,11.358574610244988,22.95540140458423,,8.259636508133351,,8.195708169720618,0.46496815286624205,,,,0.11,,,,68.07,
SNOWMAN,2026-08-22,,,632.0,269.0,,,1.0210016155088852,1.5684647302904562,,1.04,0.6418485237483954,3.77,,15.0,0.8077544426494345,-25.048764643136913,,26.19146889603865,,7.162019146313581,0.7761194029850746,,,,1.32,,,,50.01,
SOBHA,2026-08-22,Realty,,13844.0,60.0,,0.888900696823916,2.464660850988072,2.9365079365079363,,4.16,1.184676137237807,6.86,,6.0,4.112515577710521,67.49910334684495,,5.906022907914932,,21.951666520645063,0.2239406779661017,,,,0.46,,,,52.88,
SOLARA,2026-08-22,,,2948.0,690.0,,,2.060097833682739,1.783236994219653,,-0.13,-0.08572653236176596,4.86,,13.0,-0.1397624039133473,,,,,3.544945884321571,0.5482841181165203,,,,0.0,,,,41.93,
SOLARINDS,2026-08-22,Chemicals,,180075.0,90.4,,2.694226763049176,15.864241036032068,28.67435158501441,,32.6,19.099972048821392,38.1,,27.0,18.060082812087042,33.55322619455028,,35.169177335758285,,23.201258509532696,0.2427911422654134,,,,0.06,,,,73.15,
SOLARWORLD,2026-08-22,,,1300.0,11.1,,,0.8807588075880759,1.5337423312883436,,20.8,6.93127962085308,23.8,,10.0,7.926829268292683,-79.70138113732399,,-27.776832850728116,,43.35611090430125,0.3010625737898465,,,,0.0,,,,65.77,
SOLEX,2026-08-22,,,834.0,10.5,,0.10116233731799554,0.5151327980234712,3.299145299145299,,46.3,6.943268416596105,35.8,,11.0,5.06485484867202,103.79356861827054,,,,64.15543052188902,1.3399209486166008,,,,0.07,,,,66.15,
SOMANYCERA,2026-08-22,,,2133.0,19.4,,6.16941371967401,0.7267461669505962,2.5365853658536586,,10.4,5.047476261869066,12.8,,10.0,3.4412265758091998,3.144545151532663,,4.4273853983385125,,4.055919833716692,0.44418052256532065,,,,1.15,,,,55.19,
SOMATEX,2026-08-22,,,285.0,69.3,,,2.663551401869159,1.6968503937007875,,-2.06,3.9301310043668125,-0.66,,2.9,8.411214953271028,-24.736789203951403,,,,161.26275918342182,0.0,,,,0.58,,,,80.6,
SOMICONVEY,2026-08-22,,,119.0,26.9,,,1.3206081455998224,1.4595375722543351,,6.36,3.9830965653659414,9.46,,10.22,4.916213516812784,-0.8711244002680418,,20.82783610936536,,-4.081678313991466,0.16566523605150216,,,,0.0,,,,59.09,
SONACOMS,2026-08-22,Automobile and Auto Components,,51009.0,70.2,,8.46936042895864,10.416377373902389,8.503118503118502,,11.3,9.190782422293676,14.2,,24.0,14.008576679599754,8.288701441961365,,12.59146621214191,,15.418003013197934,0.07387598194885509,,,,0.42,,,,28.01,
SONAL,2026-08-22,,,133.0,6.71,,,,0.34541984732824427,,6.91,2.8694404591104736,6.09,,,,-6.3417010720180915,,3.1539809572703748,,,,,,,0.0,,,,24.92,
SONAMLTD,2026-08-22,,,261.0,29.0,,1.6549649916546016,1.305,3.6424581005586596,,10.9,7.82608695652174,14.1,,8.0,4.5,17.523029276290835,,21.38522244476697,,31.476794716464763,0.29577464788732394,,,,0.46,,,,58.12,
SONATSOFTW,2026-08-22,Information Technology,,8525.0,16.8,,1.1572115522613982,0.7739446209714026,4.477172312223858,,28.2,9.293456443195504,30.7,,7.0,4.203359055832955,14.517656661109024,,4.244105102206985,,8.545048765277329,0.3795275590551181,,,,2.6,,,,28.17,
SOTL,2026-08-22,,,4644.0,11.2,,0.40551655957775506,0.9569338553472079,2.5547169811320756,,8.26,15.265486725663715,13.4,,11.0,8.530805687203792,27.61909405539942,,9.877900293030905,,9.071904492949212,0.0011019283746556473,,,,0.74,,,,68.93,
SOUTHBANK,2026-08-22,Financial Services,,11774.0,7.79,,0.6409040188557856,,0.9977827050997783,,13.5,1.0659160811535313,6.42,,,,12.154706119502245,,102.36964896827038,,,,,,,1.0,,,,,
SOUTHWEST,2026-08-22,,,718.0,18.0,,0.2752922240167607,2.7196969696969697,3.225806451612903,,17.7,12.048192771084338,20.0,,25.0,15.151515151515152,65.38506514046725,,27.91479051336654,,25.675540577635346,0.39215686274509803,,,,0.0,,,,65.94,
SPAL,2026-08-22,,,2339.0,22.3,,4.12625556157824,1.4841370558375635,2.473404255319149,,11.2,6.599622878692646,14.0,,14.0,6.662436548223351,5.404415617793323,,4.881800030530226,,13.181528925662755,0.4429175475687104,,,,0.32,,,,61.81,
SPANDANA,2026-08-22,,,1721.0,,,,,1.0041666666666667,,-29.4,-5.235350624399616,-5.78,,,,,,,,,,,,,0.0,,,,48.16,
SPARC,2026-08-22,Healthcare,,6384.0,4.0,,,3.3441592456783655,4.76997578692494,,279.0,72.961768770152,164.0,,85.0,82.97537977998952,,,,,192.8627337654219,0.41778774289985054,,,,0.0,,,,65.68,
SPCENET,2026-08-22,,,190.0,7.57,,0.22734935493977165,1.0,1.0705128205128205,,9.8,10.612244897959183,9.93,,6.0,13.684210526315791,33.29677360204259,,114.11273683383239,,14.072565884674159,0.14124293785310735,,,,0.3,,,,15.52,
SPECIALITY,2026-08-22,,,679.0,26.4,,,1.3717171717171717,1.9637883008356547,,5.61,4.129263913824058,7.98,,18.0,4.646464646464646,-7.345819398737053,,22.80538308204676,,6.917810999860885,0.4046242774566474,,,,0.71,,,,50.71,
SPECTRUM,2026-08-22,,,3334.0,64.4,,1.68004269715207,5.603361344537815,13.602564102564102,,20.4,7.784431137724551,16.7,,16.0,8.739495798319327,38.33235911751998,,45.38404709950492,,21.959145826275318,1.0163265306122449,,,,0.0,,,,72.72,
SPENCERS,2026-08-22,,,274.0,,,,0.14778856526429343,-0.300990099009901,,,-17.765042979942695,-9.34,,0.2,-13.3764832793959,,,,,-7.532533013244802,-2.1018619934282583,,,,0.0,,,,58.81,
SPIC,2026-08-22,,,1388.0,6.77,,0.3076119770029801,0.458994708994709,1.0133729569093612,,16.5,8.206565252201761,17.5,,9.0,6.779100529100529,22.008245797056247,,4.678437817489489,,15.867554829548336,0.5131386861313869,,,,2.93,,,,53.38,
SPLIL,2026-08-22,,,87.7,,,,0.5885906040268457,2.0972222222222223,,-91.3,-42.68292682926829,-35.5,,-42.0,-46.97986577181208,,,,,-20.451587133037908,2.0238095238095237,,,,0.0,,,,74.85,
SPLPETRO,2026-08-22,Chemicals,,13122.0,26.7,,0.1359449807646108,2.2944570729148452,5.5396825396825395,,13.7,13.896848137535816,,,13.0,8.480503584542753,196.40298486805582,,72.86747495300408,,60.04740232296761,0.055952881783761045,,,,1.5,,,,64.24,
SPMLINFRA,2026-08-22,,,1637.0,19.2,,,1.6452261306532663,1.6083333333333334,,8.69,3.702090592334495,6.76,,8.0,8.542713567839195,,,167.2679931888434,,-8.968277245379863,0.3772391991570074,,,,0.0,,,,40.51,
SPORTKING,2026-08-22,,,2708.0,16.8,,0.5262399722192483,1.0359602142310635,2.607099143206854,,12.1,9.288990825688073,13.2,,13.0,6.197398622800306,31.924598827320906,,-16.20550567227531,,3.233277474919216,0.5283926852743022,,,,0.47,,,,74.36,
SRD,2026-08-22,,,252.0,13.7,,0.3300959900281243,0.5271966527196653,2.0520833333333335,,11.6,11.464968152866243,14.0,,5.0,3.765690376569038,41.503079146259104,,-7.335903613518635,,18.39820992275083,0.2032520325203252,,,,0.13,,,,73.6,
SREEL,2026-08-22,,,558.0,17.0,,2.464390964076932,2.1627906976744184,1.1209302325581396,,6.0,6.25,8.0,,15.0,12.790697674418606,6.8982560997043585,,14.692317344251737,,6.265856918261115,0.004016064257028112,,,,0.83,,,,75.0,
SRF,2026-08-22,Chemicals,,76238.0,34.0,,1.9529030374158411,4.484324451502853,5.4261603375527425,,14.3,8.972071212184089,14.6,,22.0,12.716899005940826,17.40997855428099,,2.736812986805859,,8.969272525747618,0.3619854721549637,,,,0.35,,,,50.26,
SRGHFL,2026-08-22,,,415.0,12.1,,1.0798374577735446,,1.3968253968253967,,11.6,2.893617021276596,11.8,,,,11.205390138019755,,6.8513196468449555,,,,,,,0.0,,,,59.02,
SRHHYPOLTD,2026-08-22,,,812.0,8.24,,1.6677618669574332,1.163323782234957,0.8356890459363958,,10.5,8.251121076233185,14.0,,12.0,13.18051575931232,4.940753331308967,,-2.326908299481467,,-6.936543907210712,0.012358393408856848,,,,0.63,,,,61.84,
SRM,2026-08-22,,,1073.0,9.1,,0.19265220853740342,0.9944392956441149,2.888888888888889,,34.3,11.85929648241206,37.1,,17.0,10.936051899907321,47.23537855644793,,-46.327088931368806,,46.6667874920468,0.3638814016172507,,,,0.0,,,,72.59,
SRTL,2026-08-22,,,160.0,11.1,,0.4647179024908065,0.5298013245033113,0.8044354838709676,,10.4,4.53074433656958,14.0,,12.0,4.635761589403973,23.885458125253933,,6.463522797756771,,9.187516013804164,0.15151515151515152,,,,0.0,,,,34.59,
SSDL,2026-08-22,,,232.0,7.86,,,0.3853820598006645,,,58.9,14.563106796116504,45.2,,7.0,4.983388704318937,,,,,,0.6615384615384615,,,,2.59,,,,74.99,
SSWL,2026-08-22,,,4639.0,21.8,,,0.8425354159099164,2.5652173913043477,,11.1,5.533803184547115,14.8,,10.0,3.8503450780966215,-31.99569359267922,,0.5412222387485954,,8.114235675485615,0.4587257617728532,,,,0.42,,,,61.15,
STALLION,2026-08-22,,,2650.0,50.9,,1.354125550013586,5.995475113122172,3.8907849829351533,,8.93,7.055630936227951,11.8,,15.0,11.76470588235294,37.58883361996184,,-17.595136983574157,,23.790917776071097,0.049926578560939794,,,,0.0,,,,47.8,
STANLEY,2026-08-22,,,788.0,114.0,,,1.921951219512195,1.6911764705882355,,3.07,0.6734006734006733,6.43,,17.0,1.4634146341463417,-47.99460102542288,,-50.976641689482385,,-1.7271910004938884,0.6630901287553648,,,,0.0,,,,56.88,
STAR,2026-08-22,Healthcare,,9090.0,15.7,,,1.816546762589928,2.9258160237388724,,20.0,9.313941530777141,18.3,,19.0,12.66986410871303,,,,,8.75666958943051,0.5658191181203733,,,,0.51,,,,27.91,
STARCEMENT,2026-08-22,Construction Materials,,7866.0,20.8,,2.673271774143782,2.066193853427896,2.4683544303797467,,13.2,7.876049063912201,16.7,,24.0,9.613869188337274,7.7807277962458565,,8.387948697141434,,9.357076239484563,0.18896897524287057,,,,1.03,,,,58.1,
STARHEALTH,2026-08-22,Financial Services,,34052.0,40.3,,,1.78152139792822,,,7.61,3.5073138297872344,9.69,,6.0,4.415611593596317,-0.23137519044360566,,,,10.881101293145434,0.062046204620462043,,,,0.0,,,,58.01,
STARPAPER,2026-08-22,,,226.0,15.1,,,0.6277777777777778,1.9594594594594594,,13.7,6.779661016949152,19.9,,10.0,4.444444444444445,,,,,,0.3017241379310345,,,,1.72,,,,44.93,
STARTECK,2026-08-22,,,246.0,10.1,,0.6778144666367197,,0.9358490566037736,,9.5,3.5555555555555554,9.1,,,,14.900832745744829,,19.085528058448077,,,,,,,0.1,,,,73.3,
STCINDIA,2026-08-22,,,727.0,16.3,,0.09463441641028966,,-0.18250377073906485,,,29.436038514442913,,,-37.0,,172.24177649419826,,,,,-0.2956543582014569,,,,0.0,,,,90.0,
STEELCAS,2026-08-22,,,3603.0,39.7,,6.1110733758265505,8.170068027210885,9.128205128205128,,24.0,19.782608695652172,32.3,,27.0,20.634920634920633,6.496403750778135,,22.158988345874263,,2.4593455620505855,0.0,,,,0.48,,,,45.0,
STEELCITY,2026-08-22,,,124.0,7.27,,0.5704546590048981,1.8507462686567164,0.8949671772428883,,10.7,7.172995780590717,14.5,,31.0,25.37313432835821,12.74422057080189,,4.218852166805176,,2.073126578466522,0.07246376811594203,,,,4.89,,,,74.7,
STEELXIND,2026-08-22,,,1352.0,42.5,,,1.2766761095372994,,,,22.5,,,12.0,2.5495750708215295,,,,,,2.3181818181818183,,,,0.0,,,,49.67,
STEL,2026-08-22,,,1128.0,57.5,,4.130631789139894,41.77777777777778,0.7006880733944955,,1.18,1.1675423234092235,1.58,,97.0,74.07407407407408,13.92038868029266,,6.062440636745281,,14.471424255333186,0.0,,,,0.0,,,,72.05,
STLTECH,2026-08-22,Telecommunication,,32230.0,136.0,,,5.712513293158454,13.483870967741936,,1.24,3.8645038167938934,7.65,,15.0,4.306983339241404,,,26.955195646700925,,11.382740862444773,0.8562610229276896,,,,0.0,,,,42.29,
STOVEKRAFT,2026-08-22,,,2567.0,31.5,,,2.988358556461001,8.378378378378379,,67.5,14.210526315789473,31.8,,13.0,9.429569266589057,,,,,17.910901262747103,0.17218543046357615,,,,0.45,,,,55.79,
STUDDS,2026-08-22,,,1771.0,23.7,,,2.7038167938931297,3.3834586466165413,,17.0,11.755485893416928,22.9,,17.0,11.450381679389313,-13.251811500356247,,5.456345694705234,,7.381271628619235,0.015296367112810707,,,,0.67,,,,61.75,
STYL,2026-08-22,Financial Services,,6352.0,24.1,,,4.214996682149967,4.45578231292517,,23.3,15.836832633473305,27.7,,26.0,17.51824817518248,-47.81248230967658,,,,-1.103269768711912,0.05890603085553997,,,,0.64,,,,81.8,
STYLAMIND,2026-08-22,,,6104.0,36.0,,3.6932813347048463,5.203751065643649,7.567226890756302,,19.9,17.364657814096017,26.6,,20.0,14.492753623188406,9.747429653332107,,22.759777133866834,,8.671902971056976,0.03598014888337469,,,,0.0,,,,56.86,
STYRENIX,2026-08-22,Chemicals,,3662.0,13.4,,0.8190319545727511,1.044793152639087,2.6795366795366795,,14.2,10.99476439790576,13.8,,13.0,7.788873038516406,16.360778019937115,,,,16.4075965639203,0.40087783467446964,,,,2.59,,,,46.24,
SUBROS,2026-08-22,Capital Goods,,4783.0,27.8,,1.428968280862112,1.2235865950370939,3.837696335078534,,14.7,7.778819119025304,19.8,,8.0,4.246610386288053,19.45459557942599,,38.63157826486703,,8.374877103335866,0.024115755627009645,,,,0.41,,,,36.79,
SUDARCOLOR,2026-08-22,,,926.0,7.86,,0.11977564228831285,0.9665970772442589,2.2032967032967035,,27.7,38.04755944931164,36.2,,-12.0,31.732776617954073,65.62269130713685,,53.53916609366234,,1.690967051619352,0.0,,,,0.0,,,,70.26,
SUDARSCHEM,2026-08-22,Chemicals,,9673.0,95.2,,,0.9749042531747631,2.7676537585421412,,0.54,0.9316445095781429,5.46,,7.0,0.8969965732715178,-44.0351318765008,,-13.57550285349034,,57.51146611933598,0.7168115942028985,,,,0.41,,,,8.19,
SUDEEPPHRM,2026-08-22,Chemicals,,12558.0,68.8,,,18.576923076923077,14.219948849104858,,25.2,15.67291311754685,28.2,,34.0,27.218934911242602,-73.8872905726393,,-45.685340069236304,,13.77443045282356,0.16987542468856173,,,,0.13,,,,76.16,
SUKHJITS,2026-08-22,,,498.0,14.6,,,0.341329677861549,0.8736263736263736,,1.47,3.1221303948576673,5.88,,6.0,2.3303632625085675,-11.920400742353966,,-14.06974760270393,,1.9962483911362128,0.6073943661971831,,,,0.63,,,,66.15,
SULA,2026-08-22,,,1221.0,47.1,,,2.184257602862254,2.0833333333333335,,4.61,2.295684113865932,7.55,,18.0,4.47227191413238,-35.70200935453548,,-15.010209167941468,,-0.5309834581697093,0.5663265306122449,,,,1.38,,,,24.62,
SUMEETINDS,2026-08-22,,,939.0,38.0,,,0.8743016759776536,4.426229508196721,,14.7,4.537205081669692,13.2,,4.9,2.3277467411545625,,,56.03727114243022,,2.925428473998948,0.7594339622641509,,,,0.0,,,,68.06,
SUMICHEM,2026-08-22,Chemicals,,26687.0,46.7,,2.882999903781103,8.224036979969183,7.879234167893961,,16.2,12.941439427805095,22.1,,21.0,17.842835130970723,16.1984049804345,,6.4596185886544255,,4.494885963578121,0.018584070796460177,,,,0.24,,,,75.0,
SUMMITSEC,2026-08-22,,,1548.0,12.9,,0.7822150880666046,7.979381443298969,0.18096087676819167,,1.14,1.2231169095912753,1.52,,79.0,61.855670103092784,16.491627682463704,,18.68701428684274,,23.89882451828722,0.0,,,,0.0,,,,74.64,
SUNCLAY,2026-08-22,,,2831.0,,,,1.3442545109211776,2.183673469387755,,-17.0,7.6477757464960385,-3.34,,4.8,11.918328584995251,,,,,14.174024316670074,1.0023166023166024,,,,0.35,,,,59.08,
SUNDARAM,2026-08-22,,,58.3,,,,0.6010928961748634,0.335149863760218,,-3.08,-1.7076718740117638,5.15,,6.79,-2.783792143519951,,,,,-0.7615281825020137,0.4042702485966319,,,,0.0,,,,31.11,
SUNDARMFIN,2026-08-22,Financial Services,,50380.0,22.1,,1.4141475464149091,,3.3810589112602534,,15.0,2.58756337781922,9.44,,,,15.627789374614443,,13.601073519593655,,,,,,,0.88,,,,37.21,
SUNDRMFAST,2026-08-22,,,25804.0,41.6,,7.6926571764394405,3.9085125719478944,6.0492610837438425,,14.9,10.34366576819407,17.6,,16.0,9.300212056952438,5.407754309838442,,5.990507708512727,,5.228403944104176,0.14619883040935672,,,,0.65,,,,46.94,
SUNDROP,2026-08-22,,,2437.0,87.2,,4.311659480295986,1.5183800623052959,1.6479591836734695,,1.3,1.582815149802148,1.93,,4.4,1.7445482866043613,20.22423162091036,,-6.902567419072215,,28.298175817191627,0.00878972278566599,,,,0.0,,,,43.9,
SUNFLAG,2026-08-22,,,6377.0,30.0,,2.3465156204809476,1.5962453066332916,0.7195121951219512,,2.36,1.8243003896563939,4.06,,12.0,5.156445556946183,12.784913826335886,,-1.05179426298605,,5.367989114415717,0.059062218214607755,,,,0.28,,,,51.16,
SUNPHARMA,2026-08-22,Healthcare,,456449.0,36.1,,4.458713417291619,7.6187845303867405,5.4655172413793105,,16.0,11.177322497624692,20.5,,30.0,20.225000417285642,8.0965060144925,,29.879457348114723,,7.299384684723598,0.0553667584061266,,,,0.84,,,,54.48,
SUNTECK,2026-08-22,Realty,,4352.0,20.4,,0.4609330028151071,3.8615794143744453,1.2032520325203253,,5.95,2.1285181075355593,7.54,,29.0,18.722271517302573,44.25805892702155,,53.41008154433,,25.88050873535488,0.21434505677097757,,,,0.51,,,,63.14,
SUNTV,2026-08-22,Media Entertainment & Publication,,18603.0,11.8,,,4.13216348289649,1.470404984423676,,12.3,11.054114587096308,16.5,,51.0,33.98489560195468,-7.390461673338322,,-1.412355133127674,,1.6840750648447589,0.008384086055524795,,,,2.65,,,,75.0,
SUPERHOUSE,2026-08-22,,,185.0,23.7,,,0.27326440177252587,0.3981042654028436,,-0.08,0.9334889148191364,3.84,,7.0,1.1816838995568686,-14.521348472126228,,-26.174758531900654,,0.5979215323756559,0.38924731182795697,,,,0.48,,,,54.88,
SUPRAJIT,2026-08-22,,,6933.0,36.9,,9.099459071397069,1.7199206152319524,4.809523809523809,,13.8,5.893476205483769,16.0,,11.0,4.639047382783428,4.055186106170883,,1.6998150455468153,,11.653261445264707,0.6910229645093946,,,,0.3,,,,45.26,
SUPREME,2026-08-22,,,158.0,219.0,,,26.916524701873936,0.27755102040816326,,0.07,0.114264589739712,0.11,,-32.71,11.584327086882453,-55.17808766107179,,-44.566870802997784,,-56.580369205067846,0.01060667358533711,,,,0.0,,,,58.17,
SUPREMEIND,2026-08-22,Capital Goods,,46263.0,44.8,,,4.084672435105068,7.493827160493828,,15.8,13.23925593329057,20.7,,14.0,9.111778209429632,-1.1775695437740263,,1.2860126328584576,,3.7763884075707077,0.014751175230993677,,,,0.99,,,,48.96,
SUPREMEINF,2026-08-22,,,861.0,,,,10.62962962962963,3.6791666666666667,,,228.22610635924136,,,3.1,7576.543209876543,,,,,11.14186217280826,6.239316239316239,,,,0.0,,,,47.32,
SUPRIYA,2026-08-22,Healthcare,,6482.0,32.6,,1.7587017282885302,7.424971363115693,5.402684563758389,,19.1,14.591009579955786,25.1,,33.0,22.68041237113402,18.53640072994327,,5.500628542244668,,15.269160266354142,0.004173622704507512,,,,0.12,,,,68.3,
SURAJEST,2026-08-22,,,934.0,10.2,,1.2610462621420155,1.6443661971830985,0.9375,,9.52,4.691483936766955,14.5,,39.0,16.19718309859155,8.088521655561042,,19.37023234918287,,11.297063666165098,0.649546827794562,,,,0.0,,,,69.8,
SURAJLTD,2026-08-22,,,372.0,44.7,,,1.9076923076923078,2.6933333333333334,,4.98,3.5398230088495577,7.11,,8.0,4.102564102564102,-27.210242189662427,,44.00020651758376,,-16.16947116511357,0.43795620437956206,,,,0.74,,,,75.0,
SURAKSHA,2026-08-22,,,1697.0,47.4,,,5.2215384615384615,6.9361702127659575,,14.1,7.8125,17.0,,31.0,10.76923076923077,-72.81519667773387,,-54.2748104537196,,14.06342691925413,0.5327868852459017,,,,0.15,,,,49.1,
SURANASOL,2026-08-22,,,127.0,,,,3.27319587628866,2.263157894736842,,-0.2,-0.08372404554588078,,,1.16,-0.1288659793814433,,,,,,0.0,,,,0.0,,,,45.75,
SURANAT&P,2026-08-22,,,221.0,6.74,,0.11178502228078234,3.683333333333333,1.2164179104477613,,14.7,11.07011070110701,13.4,,-5.0,50.0,60.29430296189793,,33.17897130359915,,33.88659001643391,0.36813186813186816,,,,0.0,,,,72.05,
SURYALA,2026-08-22,,,170.0,4.79,,0.20007366056430237,0.35269709543568467,0.57,,12.6,8.144796380090497,14.0,,11.0,7.468879668049793,23.941182394973602,,,,2.089939256096063,0.28523489932885904,,,,0.5,,,,70.36,
SURYALAXMI,2026-08-22,,,108.0,3.54,,,0.1485557083906465,0.40352112676056334,,15.8,4.418262150220913,13.8,,14.0,4.126547455295736,,,,,19.68953638607147,1.766990291262136,,,,0.0,,,,60.93,
SURYAROSNI,2026-08-22,Capital Goods,,4784.0,15.3,,,0.5993485342019544,1.8181818181818181,,10.9,8.801128349788435,15.6,,7.0,3.908794788273615,-1.794512891497213,,8.752451977967347,,0.7330770142909948,0.030372057706909643,,,,2.27,,,,63.02,
SURYODAY,2026-08-22,,,1688.0,8.8,,,,0.8112244897959183,,7.58,0.9656004828002415,7.33,,,,-3.9032383810871263,,,,,,,,,0.94,,,,22.48,
SUVEN,2026-08-22,,,10544.0,,,,1171.5555555555557,16.651785714285715,,-81.5,-56.41025641025641,-79.5,,-4152.0,-3911.1111111111113,,,,,-9.143970358393016,0.028764805414551606,,,,0.0,,,,65.47,
SUVIDHAA,2026-08-22,,,48.7,,,,9.979508196721312,1.8124999999999998,,-29.8,-12.166640366103836,-28.0,,-141.8,-157.99180327868854,,,,,-13.766028411619068,0.048399106478034255,,,,0.0,,,,38.33,
SUYOG,2026-08-22,,,877.0,14.6,,,3.49402390438247,1.791866028708134,,14.2,6.362672322375397,14.6,,66.0,23.904382470119522,-4.272205162666176,,,,14.547535597076156,0.7571428571428571,,,,0.13,,,,51.64,
SUZLON,2026-08-22,Capital Goods,,63691.0,20.3,,0.299956809880807,3.6543117792185438,6.709770114942529,,39.7,16.662250251735653,34.2,,17.0,18.038900682770095,67.67640984069192,,,,38.72091149524406,0.05874894336432798,,,,0.0,,,,11.7,
SWANCORP,2026-08-22,Chemicals,,9524.0,42.6,,,2.2828379674017256,1.2666666666666666,,-4.5,1.5014798238648668,-0.58,,-6.0,4.985618408437201,-9.428490059530926,,,,-5.9627183879958245,0.28264331210191085,,,,0.05,,,,53.96,
SWARAJENG,2026-08-22,,,4337.0,21.2,,1.564885588289724,2.054476551397442,8.880597014925373,,43.6,25.930680359435172,58.4,,13.0,9.568924680246328,13.547316275798572,,13.01127793301886,,14.156841965081446,0.00408997955010225,,,,3.08,,,,52.11,
SWELECTES,2026-08-22,,,923.0,21.5,,,1.5106382978723405,1.0016447368421053,,5.34,2.1133525456292026,8.0,,23.0,7.201309328968904,-12.368569521987204,,5.18098017151547,,35.98102554238114,0.8664495114006515,,,,0.57,,,,56.36,
SWIGGY,2026-08-22,Consumer Services,,77979.0,,,,3.131183745583039,4.246987951807228,,-29.1,-14.851210524230297,-24.1,,-12.0,-15.049791198201094,,,,,30.339926226233736,0.13929234465436277,,,,0.0,,,,,
SWSOLAR,2026-08-22,Construction,,4488.0,14.4,,,0.6083773891825945,6.906474820143885,,40.1,-5.28493511378597,26.8,,4.0,-3.80913650535448,,,,,34.453990410193015,1.835130970724191,,,,0.0,,,,45.73,
SYMPHONY,2026-08-22,,,4206.0,1081.0,,,3.7823741007194243,7.707808564231738,,2.96,-13.592233009708737,20.6,,13.0,-12.589928057553957,,,,,-1.285189143882326,0.3174311926605505,,,,1.47,,,,73.42,
SYNCOMF,2026-08-22,,,1517.0,17.7,,0.3544864865544656,3.0461847389558234,3.650793650793651,,20.2,16.10486891385768,26.8,,18.0,17.269076305220885,49.93138150918048,,31.662686163398046,,23.872817889964516,0.0024096385542168677,,,,0.62,,,,50.57,
SYNGENE,2026-08-22,Healthcare,,16439.0,55.5,,,4.566388888888889,3.3916666666666666,,7.78,3.132530120481928,9.99,,22.0,6.138888888888889,-24.368350185262745,,-11.087447125428508,,1.049424342452232,0.0946476544740649,,,,0.31,,,,52.59,
SYRMA,2026-08-22,Capital Goods,,27754.0,74.7,,1.5968524889132272,5.079428989751098,9.722972972972974,,14.0,6.970695335529737,16.8,,11.0,7.357247437774523,46.77952441984088,,27.856941654353996,,20.101841724966473,0.13971358714635,,,,0.1,,,,42.28,
TAALTECH,2026-08-22,,,1314.0,21.1,,1.1165398809218912,6.083333333333333,5.357052096569251,,18.3,22.878228782287824,27.5,,31.0,28.703703703703702,18.897668019326286,,14.368532431304937,,4.923003685684013,0.004081632653061225,,,,1.54,,,,50.8,
TAINWALCHM,2026-08-22,,,203.0,25.2,,1.3631811543749277,11.423747889701744,1.1793478260869565,,6.29,4.271772172150818,7.91,,2.93,45.07597073719752,18.486171055933642,,84.49356576179387,,-0.4830095738771911,0.0,,,,1.38,,,,68.11,
TAJGVK,2026-08-22,,,2197.0,15.3,,0.2356805057143024,3.874779541446208,2.147239263803681,,12.0,23.370786516853933,13.3,,31.0,73.36860670194002,64.91839430515746,,188.8366541006362,,11.594030952636047,0.1248780487804878,,,,0.57,,,,71.0,
TAKE,2026-08-22,,,308.0,52.2,,,3.623529411764706,9.904761904761905,,16.5,36.11111111111111,18.5,,-2.1,15.294117647058824,,,,,176.9829128377232,0.0,,,,0.0,,,,0.0,
TALBROAUTO,2026-08-22,,,2552.0,22.8,,39.54609391887815,2.8292682926829267,3.441666666666667,,15.1,10.32258064516129,18.6,,16.0,12.416851441241686,0.5765424025637067,,20.019906737097905,,5.053126053519241,0.11305518169582772,,,,0.18,,,,58.43,
TANLA,2026-08-22,Information Technology,,7566.0,14.2,,,1.643710623506409,3.0319148936170213,,21.4,14.289544235924934,26.3,,17.0,11.579404736041713,-0.48460719476041136,,0.23049801185692775,,5.428128828819556,0.02130225080385852,,,,2.1,,,,46.17,
TARACHAND,2026-08-22,,,378.0,16.4,,,1.3263157894736841,2.53968253968254,,20.5,5.426356589147287,18.2,,36.0,9.824561403508772,,,,,,0.9261744966442953,,,,0.42,,,,71.64,
TARAPUR,2026-08-22,,,30.2,,,,,-16.315789473684212,,,-20.446735395189002,5.72,,-368.75,,,,,,,-0.0,,,,0.0,,,,21.95,
TARC,2026-08-22,Realty,,3661.0,,,,7.772823779193206,3.4444444444444446,,1.81,-0.28260869565217395,2.26,,-22.0,-2.7600849256900215,,,,,61.89470426300936,1.7843691148775895,,,,0.0,,,,65.12,
TARIL,2026-08-22,Capital Goods,,8964.0,34.7,,0.4522769090128323,3.512539184952978,5.920792079207921,,19.1,10.090022505626408,23.3,,15.0,10.540752351097177,76.72290870594827,,74.64069715056655,,25.502239603744115,0.30165016501650166,,,,0.07,,,,64.36,
TARMAT,2026-08-22,,,126.0,17.8,,,0.984375,0.6738255033557048,,3.47,2.681992337164751,3.57,,6.0,5.46875,,,-0.3472306096024447,,12.877310836032896,0.08021390374331551,,,,0.0,,,,29.05,
TARSONS,2026-08-22,,,1835.0,155.0,,,4.160997732426304,2.899159663865546,,2.38,0.927487352445194,4.56,,27.0,2.494331065759637,-36.09945091111236,,-77.44858301554144,,14.213022870317872,0.6188976377952756,,,,0.0,,,,47.3,
TASTYBITE,2026-08-22,,,2601.0,71.7,,,4.461406518010292,7.603900975243811,,10.9,7.578947368421053,14.0,,10.0,6.174957118353345,-4.679659490827614,,28.33279958514583,,2.58682722958381,0.12280701754385964,,,,0.1,,,,74.23,
TATACAP,2026-08-22,Financial Services,,154959.0,28.5,,1.8703739760208635,,3.3796296296296298,,12.4,1.8856883209869744,8.58,,,,15.237594387745101,,22.371741560265377,,,,,,,0.16,,,,85.41,
TATACHEM,2026-08-22,Chemicals,,15967.0,,,,1.0560185185185185,0.7536057692307693,,1.27,-5.05410533873532,3.42,,11.0,-13.035714285714286,,,,,-0.6549076082796867,0.3772988776761294,,,,1.76,,,,37.98,
TATACOMM,2026-08-22,Telecommunication,,47182.0,45.3,,,1.8556595610792102,13.677685950413224,,32.6,3.3089405027044223,14.6,,19.0,3.68127113977818,-0.7810501774969003,,-8.584995075028178,,6.635082099701806,3.553524804177546,,,,1.06,,,,58.86,
TATACONSUM,2026-08-22,Fast Moving Consumer Goods,,103818.0,62.9,,5.058704578821047,4.9768935762224356,4.7681818181818185,,7.35,4.790104728842732,9.24,,14.0,7.871524448705657,12.434013297265745,,11.067449680625252,,11.113400608510094,0.1294290435101891,,,,0.95,,,,33.83,
TATAELXSI,2026-08-22,Information Technology,,23101.0,226.0,,5.2024453016934125,27.209658421672557,81.49450549450549,,39.3,21.888412017167383,60.0,,21.0,12.014134275618375,43.44111026528934,,15.877620069349497,,16.351764814905145,0.0,,,,2.02,,,,43.9,
TATAINVEST,2026-08-22,Financial Services,,32783.0,76.1,,19.833803974694117,81.14603960396039,1.1211072664359862,,1.44,1.3199803993629793,1.57,,89.0,106.68316831683168,3.836883741368813,,15.032311164196255,,1.6186790549776342,3.422079255355554e-05,,,,0.52,,,,73.38,
TATAPOWER,2026-08-22,Power,,119602.0,30.6,,20.343067606717103,1.885128851761368,3.0161290322580645,,10.2,3.010930088678078,10.5,,20.0,8.284340767593978,1.5041979209613476,,17.294533843457003,,1.0712245064084858,1.9291831357048748,,,,0.67,,,,46.86,
TATASTEEL,2026-08-22,Metals & Mining,,228449.0,19.3,,,0.9528395535461052,2.237163814180929,,11.7,3.7987960136923933,12.5,,15.0,4.698109744907322,,,-23.121344603171266,,1.516493474494518,0.9042254348272926,,,,2.19,,,,32.94,
TATATECH,2026-08-22,Information Technology,,33327.0,51.2,,,5.623860951738103,8.49896480331263,,16.3,6.286681715575621,20.9,,16.0,9.399257509281133,-6.435069356537493,,,,5.014372922333088,0.23910272750446088,,,,1.02,,,,55.17,
TATVA,2026-08-22,,,3781.0,72.2,,3.759318286088907,6.8003597122302155,4.838323353293413,,5.53,5.079681274900398,7.14,,19.0,9.172661870503598,19.205609768976206,,-12.668928439813765,,12.165558527797614,0.15364916773367476,,,,0.06,,,,72.02,
TBOTEK,2026-08-22,Consumer Services,,18422.0,68.5,,8.651531512268107,5.957956015523933,11.86013986013986,,17.4,2.8485434805976566,18.3,,14.0,8.570504527813712,7.91767329320423,,49.806480635803574,,30.44560648074741,0.4874274661508704,,,,0.0,,,,44.4,
TBZ,2026-08-22,,,1865.0,8.73,,0.15122492553635972,0.5453216374269005,2.2222222222222223,,27.1,10.180780209324453,21.9,,11.0,6.257309941520468,57.7285785993064,,60.35513690820575,,14.155203240353753,1.0572792362768497,,,,0.89,,,,74.12,
TCC,2026-08-22,,,1196.0,18.2,,1.2307934434174443,4.181818181818182,0.7283236994219653,,5.35,3.2288698955365627,5.65,,44.0,23.776223776223777,14.787209094537857,,,,54.866839700624205,0.17711503347534996,,,,0.0,,,,45.69,
TCI,2026-08-22,,,6979.0,15.3,,1.5838074612106974,1.3885793871866294,2.718562874251497,,19.2,13.210798391728892,19.4,,11.0,9.152407481098288,9.660265136208125,,9.70161690485214,,7.693172460085229,0.12159002338269681,,,,1.1,,,,68.66,
TCIEXP,2026-08-22,,,2118.0,25.2,,,1.6756329113924051,2.5868544600938965,,10.4,8.0,13.8,,10.0,6.487341772151899,-14.517804374802656,,,,0.2651125873382787,0.07692307692307693,,,,1.27,,,,69.46,
TCPLPACK,2026-08-22,,,3732.0,30.0,,5.84355065118245,1.987220447284345,5.191139240506329,,15.7,6.701631701631702,17.7,,16.0,6.123535676251332,5.133864971963487,,19.524035408274678,,6.8146896710368665,0.8817802503477051,,,,0.61,,,,55.73,
TCS,2026-08-22,Information Technology,,832884.0,15.5,,5.6353935983144385,3.0192380890237405,7.777027027027027,,51.8,27.629203994104884,63.0,,27.0,18.145139364675433,2.7504733661613434,,5.613181723973781,,4.621512057706401,0.10521260723610593,,,,2.78,,,,71.77,
TDPOWERSYS,2026-08-22,Capital Goods,,23978.0,87.2,,2.689843503281235,11.289077212806026,22.37609329446064,,24.7,14.651038891848694,34.0,,18.0,12.947269303201505,32.41824288053492,,31.184611403360663,,28.501090027506535,0.016791044776119403,,,,0.07,,,,26.87,
TEAMGTY,2026-08-22,,,209.0,464.0,,,,,,,,,,,,,,,,,,,,,0.0,,,,74.91,
TEAMLEASE,2026-08-22,,,1903.0,12.4,,1.2794946433432557,0.15882156568185612,2.0016077170418005,,14.8,5.392857142857143,15.4,,1.3,1.2602236688365882,9.69132623142479,,31.462947097265538,,8.72766771745841,0.1111111111111111,,,,0.0,,,,31.11,
TECHM,2026-08-22,Information Technology,,155245.0,29.2,,0.9902722821418096,2.6234453156685142,5.245033112582782,,17.5,10.500732183534007,23.1,,17.0,8.724820873327024,29.486839656710174,,-1.7579547328307354,,4.405943778065535,0.07381145326850351,,,,3.22,,,,34.96,
TECHNOE,2026-08-22,Construction,,11484.0,26.6,,1.8867834336195286,3.4219308700834326,2.764705882352941,,11.4,7.258336140114517,14.8,,14.0,12.842669845053637,14.098067391323044,,9.087511159628225,,30.732632514987635,0.01732018282415203,,,,0.91,,,,56.93,
TECHNVISN,2026-08-22,,,3097.0,1032.0,,,10.828671328671328,206.35983263598328,,1.93,1.4851485148514851,12.9,,2.8,1.048951048951049,-39.51840892748039,,-24.90957212002177,,14.008240016221984,1.3333333333333333,,,,0.0,,,,74.32,
TECILCHEM,2026-08-22,,,17.2,,,,,,,,-4.361702127659574,,,,,,,,,,-0.0,,,,0.0,,,,47.71,
TEGA,2026-08-22,Capital Goods,,13096.0,,,,4.281137626675384,3.83920704845815,,5.94,-0.02318034306907742,8.09,,8.0,-0.032690421706440015,-71.99535045626604,,-48.47885189572576,,27.01057722058089,0.11681831523334311,,,,0.11,,,,67.51,
TEJASNET,2026-08-22,Telecommunication,,9085.0,,,,6.972371450498849,3.090909090909091,,-26.8,-9.752206742528982,-14.6,,-50.0,-70.376055257099,,,,,-19.21007156305935,1.4251108836574549,,,,0.49,,,,53.33,
TEMBO,2026-08-22,,,1081.0,10.6,,0.16355693056902984,0.9449300699300699,2.389344262295082,,27.5,8.346094946401225,22.8,,14.0,9.527972027972027,64.80923775667353,,90.23278113825603,,37.61121670700385,0.8520971302428256,,,,0.17,,,,39.04,
TENNIND,2026-08-22,Automobile and Auto Components,,23254.0,37.5,,,4.1063040791100125,19.393939393939394,,44.4,23.728813559322035,60.8,,17.0,10.630407911001235,-8.535909414517896,,,,1.1748770369862438,0.04340567612687813,,,,0.0,,,,74.79,
TERASOFT,2026-08-22,,,403.0,16.2,,0.19057418689151637,1.580392156862745,2.752136752136752,,18.5,7.6923076923076925,24.4,,14.0,9.803921568627452,85.00626587598555,,,,44.79502207512507,0.2671232876712329,,,,0.31,,,,47.53,
TEXINFRA,2026-08-22,,,1377.0,152.0,,7.722911637843446,80.90481786133961,1.2903225806451613,,0.91,0.7055535101099282,1.45,,-34.14,55.17038777908344,19.681696117715084,,,,1.9118073843355399,0.026295560221988902,,,,0.14,,,,66.55,
TEXMOPIPES,2026-08-22,,,129.0,8.55,,0.1772235837416784,0.3324742268041237,0.5607594936708861,,6.29,4.010695187165775,9.19,,9.0,3.865979381443299,48.24414346830106,,1.241870339872797,,-9.873614941566554,0.2391304347826087,,,,0.0,,,,44.24,
TEXRAIL,2026-08-22,Capital Goods,,4255.0,19.6,,0.8369979475473495,1.0075775515036705,1.797945205479452,,7.63,4.2342698852394145,11.4,,9.0,5.067487568079565,23.417022774588368,,52.737729952870694,,6.4290816387160055,0.37700084245998317,,,,0.72,,,,48.34,
TFCILTD,2026-08-22,,,6065.0,71.0,,,,6.093023255813954,,9.87,4.361210877373011,10.4,,,,-1.8585399904427424,,,,,,,,,0.46,,,,3.85,
TFL,2026-08-22,,,62.1,,,,,2.1730769230769234,,-12.5,-5.768328904173831,-0.38,,,,,,,,,,,,,0.0,,,,53.99,
TGBHOTELS,2026-08-22,,,28.8,,,,1.0698365527488856,0.2846376811594203,,0.86,-0.8733894945490585,1.46,,-64.97,-5.237741456166418,,,,,-39.02394305847569,0.13014240506329114,,,,0.0,,,,31.22,
THAKDEV,2026-08-22,,,139.0,10.2,,,3.159090909090909,0.8378378378378378,,3.33,6.572769953051644,4.55,,27.0,31.818181818181817,,,-16.643395115014116,,12.382061455639448,0.10897435897435898,,,,0.0,,,,71.31,
THANGAMAYL,2026-08-22,Consumer Durables,,17056.0,43.4,,0.9239829268733126,1.7726044481396799,12.035087719298245,,28.1,10.235602094240837,25.5,,7.0,4.063604240282685,46.970564864074134,,58.84697779359929,,35.97809840112382,0.644774011299435,,,,0.33,,,,61.61,
THEINVEST,2026-08-22,,,505.0,15.5,,0.7182392952087927,1.8430656934306568,0.6858156028368795,,4.08,3.707414829659319,8.54,,17.0,13.503649635036496,21.5805513613595,,83.10145566535286,,-3.191266176759666,0.0761904761904762,,,,0.0,,,,72.12,
THEJO,2026-08-22,,,2232.0,38.6,,,3.311572700296736,6.293577981651376,,15.7,9.836065573770492,19.4,,13.0,8.011869436201781,-0.03870718404885842,,7.894891219335576,,6.434566638985251,0.11549295774647887,,,,0.24,,,,53.61,
THELEELA,2026-08-22,Consumer Services,,18758.0,41.8,,,11.694513715710723,2.9270833333333335,,8.21,4.964141640519946,8.73,,48.0,27.618453865336654,,,,,11.057823073290107,0.28279200499687696,,,,0.0,,,,75.91,
THEMISMED,2026-08-22,,,978.0,,,,2.9457831325301207,2.448036951501155,,0.41,6.688963210702341,2.74,,-13.0,12.048192771084338,-2.7530389156495527,,-11.294036983990585,,-4.568538796886368,0.25125628140703515,,,,0.47,,,,67.1,
THERMAX,2026-08-22,Capital Goods,,47279.0,85.9,,,4.361933757726727,8.515021459227468,,10.6,4.463072043497961,13.9,,8.0,5.452532521450318,-2.7528324929738,,13.697905502775853,,5.150460103660626,0.42396396396396396,,,,0.35,,,,61.99,
THOMASCOOK,2026-08-22,Consumer Services,,5323.0,23.7,,,0.6586241029448157,2.088724584103512,,9.27,2.671224205595645,14.9,,4.9,2.6107399158624105,-5.499569995683496,,,,3.4550815741950958,0.21170463472113119,,,,0.44,,,,64.77,
THOMASCOTT,2026-08-22,,,420.0,18.9,,1.5589591941044312,1.5730337078651686,3.055555555555556,,16.7,8.823529411764707,20.5,,13.0,7.865168539325842,12.123473193830069,,66.11623594877129,,43.68879982523062,0.3333333333333333,,,,0.0,,,,52.32,
THYROCARE,2026-08-22,Healthcare,,9002.0,49.8,,1.4013311314457169,10.276255707762557,15.380434782608697,,28.4,23.560910307898258,35.4,,32.0,20.091324200913242,35.53763909363994,,-0.03606203606710823,,15.266390172143085,0.08717948717948718,,,,1.65,,,,60.92,
TI,2026-08-22,Fast Moving Consumer Goods,,14246.0,63.0,,,4.723474801061008,4.760330578512397,,13.1,-0.5844155844155844,11.8,,16.0,-1.1936339522546418,,,,,29.3370212356443,0.7716297786720322,,,,0.17,,,,31.67,
TIIL,2026-08-22,,,7525.0,22.2,,2.4160909466591196,2.567383145684067,3.7208520179372195,,15.0,10.710987996306557,16.1,,18.0,11.87308085977482,9.188395838615815,,6.502250852477065,,10.336793152400858,0.40484429065743943,,,,0.6,,,,74.74,
TIINDIA,2026-08-22,Automobile and Auto Components,,55861.0,89.1,,,2.351646038561926,7.215,,9.95,5.176196032672112,17.1,,10.0,4.6686873789677525,-20.375064301402812,,-4.6909516296780644,,12.038951061067738,0.09727777061024384,,,,0.12,,,,43.93,
TIJARIA,2026-08-22,,,17.0,,,,,-0.5016949152542373,,,-2.8501127742464627,-1.88,,-200.0,,,,,,,-2.1550754661142344,,,,0.0,,,,36.14,
TIL,2026-08-22,,,2000.0,,,,5.305039787798409,18.0,,-26.0,-4.2212518195050945,2.9,,5.0,-7.6923076923076925,,,,,77.86432525840468,3.4414414414414414,,,,0.0,,,,61.3,
TIMETECHNO,2026-08-22,Capital Goods,,9255.0,18.9,,1.3549965300701377,1.4359968968192398,2.2584541062801935,,13.4,8.831353076786664,16.7,,14.0,7.726920093095423,13.94837520286616,,19.45860430932791,,8.888692174142188,0.17930528375733856,,,,0.8,,,,47.57,
TIMEX,2026-08-22,,,6056.0,67.9,,1.1243128587297828,7.133097762073027,80.32128514056225,,158.0,25.443786982248522,82.8,,15.0,10.129564193168433,60.39244279097859,,92.68760976998603,,26.540988416121092,0.9466666666666667,,,,0.0,,,,51.0,
TIMKEN,2026-08-22,Capital Goods,,23574.0,55.3,,,6.550152820227841,8.098191214470285,,14.3,11.516626115166261,19.0,,18.0,11.836621283689913,,,,,,0.005147563486616335,,,,0.08,,,,51.05,
TINNARUBR,2026-08-22,,,1864.0,30.2,,2.2646535088659694,3.2587412587412588,6.197604790419161,,22.1,11.720226843100189,22.3,,19.0,10.839160839160838,13.33537332831225,,28.21987887469204,,16.36699011798588,0.43,,,,0.39,,,,67.21,
TIPSFILMS,2026-08-22,,,152.0,,,,1.3693693693693694,5.094066570188134,,-42.1,-20.66115702479339,-6.69,,-47.0,-45.04504504504504,,,,,12.480211777541573,6.266666666666667,,,,0.0,,,,74.98,
TIPSMUSIC,2026-08-22,Media Entertainment & Publication,,8321.0,38.8,,2.0151979015882415,21.119289340101524,32.06896551724138,,87.6,59.392265193370164,118.0,,69.0,54.568527918781726,19.25369214081678,,27.515879507299744,,17.641427375880415,0.019230769230769232,,,,2.0,,,,64.15,
TIRUMALCHM,2026-08-22,,,1858.0,,,,1.0141921397379912,1.1846153846153846,,-11.8,-3.208104685521317,-3.15,,1.1,-8.296943231441048,,,,,-4.1897294657424755,1.3906649616368287,,,,0.0,,,,37.13,
TITAGARH,2026-08-22,Capital Goods,,11360.0,58.5,,,3.471882640586797,4.637362637362638,,6.47,4.654617479574152,10.6,,11.0,5.745721271393643,-12.98588640421775,,,,-5.302591256915012,0.2536644951140065,,,,0.12,,,,40.46,
TITAN,2026-08-22,Consumer Durables,,451537.0,77.4,,4.272982322648866,4.885865154679334,28.73446327683616,,37.7,9.511071481646605,20.5,,10.0,6.232619539695078,18.11381235764602,,21.527138525152445,,21.84909935008912,1.9500095523148444,,,,0.29,,,,52.9,
TMB,2026-08-22,Financial Services,,13912.0,9.63,,0.921855458574777,,1.31784107946027,,14.0,1.9176626826029215,7.51,,,,10.44632313062217,,9.602005477736974,,,,,,,1.42,,,,,
TMCV,2026-08-22,Capital Goods,,174026.0,23.4,,,1.9957796713189675,13.670520231213873,,34.0,8.004358714561548,35.9,,13.0,4.80177070312052,,,,,,0.44094550023558976,,,,0.85,,,,42.56,
TMPV,2026-08-22,Automobile and Auto Components,,117079.0,118.0,,3.737279016724129,0.34064002932764625,1.0460526315789473,,75.7,20.966325499948574,2.73,,4.9,23.13101718634984,31.57377318416852,,,,-7.482079873891523,0.7059017739229754,,,,0.94,,,,42.51,
TNPETRO,2026-08-22,,,1037.0,7.6,,0.1822436746025557,0.5816040381379697,1.0176991150442478,,9.55,8.352941176470589,10.9,,11.0,7.9641054402692095,41.70240759562374,,-4.086679153495954,,2.2268555169035142,0.4567779960707269,,,,1.3,,,,34.54,
TNPL,2026-08-22,,,977.0,3.74,,0.4784353604044464,0.2101527210152721,0.4208955223880597,,11.2,4.202898550724638,6.4,,11.0,5.6141105614110565,7.81714795670283,,78.67928294779061,,-0.29225343075864885,0.6964594127806563,,,,2.83,,,,35.32,
TNTELE,2026-08-22,,,40.9,,,,,-0.2076566125290023,,,-88.23529411764706,,,-359.0,,,,,,,-0.19689119170984457,,,,0.0,,,,63.63,
TOLINS,2026-08-22,,,380.0,11.6,,,1.1987381703470033,1.0514223194748358,,10.4,8.396946564885496,13.0,,14.0,10.410094637223976,-0.9123872377917674,,,,11.774945900913792,0.030470914127423823,,,,0.0,,,,68.53,
TORNTPHARM,2026-08-22,Healthcare,,186247.0,83.5,,9.09202631268999,11.845512942822616,19.741935483870968,,27.4,4.943366808822855,15.2,,33.0,13.712395853208676,9.183871353677976,,22.629706104016243,,13.589681862989679,1.7913686218407248,,,,0.78,,,,60.78,
TORNTPOWER,2026-08-22,Power,,62872.0,27.1,,4.150146596224034,2.154331140350877,3.29287598944591,,12.5,5.305805305805306,13.7,,19.0,8.189418859649123,6.529889817544432,,37.30067196936731,,2.3958786922412045,0.7324246395806029,,,,1.6,,,,51.09,
TOTAL,2026-08-22,,,117.0,13.0,,0.14026094386255558,0.1751497005988024,1.2976827094474153,,8.97,4.712041884816754,11.7,,2.5,1.347305389221557,92.68438983797908,,-2.886336834737613,,11.033035618323673,0.4444444444444444,,,,0.0,,,,49.74,
TOUCHWOOD,2026-08-22,,,69.7,21.9,,,1.1309427226999837,1.5804020100502514,,9.63,5.5371756921469615,13.1,,8.91,5.1598247606685055,-0.6873069424027323,,6.7535461207715475,,22.83821756844544,0.08025391067785083,,,,0.0,,,,62.89,
TPHQ,2026-08-22,,,68.0,,,,1360.0,1.8235294117647058,,-0.94,-12.530120481927709,-0.76,,-140.0,-2080.0,,,,,70.99759466766969,0.007215007215007216,,,,0.0,,,,26.48,
TPLPLASTEH,2026-08-22,,,644.0,21.4,,1.429525768921443,1.4091903719912473,3.8240740740740735,,18.4,11.71875,22.3,,11.0,6.564551422319474,14.96999946782771,,30.24168791885011,,13.446374371433635,0.11242603550295859,,,,1.57,,,,74.86,
TRACXN,2026-08-22,,,300.0,,,,3.5714285714285716,5.691056910569106,,-27.7,-12.244897959183673,-6.81,,-13.0,-14.285714285714285,,,,,0.40000425823527586,0.0,,,,0.0,,,,34.63,
TRANSPEK,2026-08-22,,,730.0,18.7,,49.206565102311004,1.1812297734627832,0.9512372634643377,,6.14,3.869047619047619,8.37,,14.0,6.310679611650485,0.3800305906563217,,-9.823783931270436,,2.1378771518932638,0.09635416666666667,,,,1.53,,,,57.28,
TRANSRAILL,2026-08-22,Capital Goods,,6176.0,14.8,,0.8670474395501397,0.8878665899942496,2.7058823529411766,,20.0,5.5072069621974435,29.2,,12.0,5.822311673375504,17.069423568886677,,1.1591932676238814,,19.49221747752801,0.29723805348531346,,,,0.65,,,,71.12,
TRAVELFOOD,2026-08-22,Consumer Services,,17213.0,36.2,,,9.978550724637682,11.881818181818181,,35.3,21.31578947368421,42.4,,39.0,28.17391304347826,-63.49809108002954,,2.4375370902517624,,7.308607779475618,0.16978516978516978,,,,0.0,,,,86.19,
TREEHOUSE,2026-08-22,,,26.1,,,,6.525,0.14449648711943794,,-5.42,-5.7894736842105265,-7.02,,-367.0,-275.0,,,,,-20.62994740159002,0.03333333333333333,,,,0.0,,,,24.56,
TREJHARA,2026-08-22,,,377.0,29.0,,,2.1299435028248586,1.2682926829268293,,3.31,3.2828282828282833,4.28,,7.0,7.344632768361582,-22.792394692270012,,-7.601183568922099,,97.4309082590968,0.07744107744107744,,,,0.0,,,,33.88,
TREL,2026-08-22,,,665.0,17.4,,,7.823529411764706,0.5182341650671785,,2.94,2.986161689730517,3.81,,52.0,48.23529411764706,-45.275631031585874,,,,-4.306509274291715,0.0,,,,1.85,,,,71.36,
TRENT,2026-08-22,Consumer Services,,155917.0,85.3,,12.608348510383315,7.444115540701838,22.3206106870229,,27.7,15.474465001278881,28.3,,19.0,8.665552637861065,6.765358677209243,,76.51586037293544,,19.1731409097599,0.36664280601288474,,,,0.14,,,,37.01,
TRF,2026-08-22,,,253.0,48.4,,,2.8864803194523674,-0.749185667752443,,,-1.748953495039853,9.42,,7.82,-6.959498003422702,,,,,-14.444225156790269,-1.6327459791863765,,,,0.0,,,,34.12,
TRIDENT,2026-08-22,Textiles,,12429.0,31.4,,7.527447462881927,1.8329154991889103,2.606837606837607,,7.91,5.240811994162133,9.79,,13.0,5.825099542840289,4.171400751029397,,-13.811335581112461,,-0.13726180299841184,0.38327745180217937,,,,2.05,,,,73.68,
TRIGYN,2026-08-22,,,167.0,15.4,,,0.16616915422885573,0.21003861003861005,,0.27,1.0183299389002036,2.29,,0.9,0.9950248756218906,-20.466969423202297,,-23.80066247794246,,-7.745966348773692,0.012547051442910916,,,,0.0,,,,44.51,
TRITURBINE,2026-08-22,Capital Goods,,18274.0,52.6,,6.804470103013863,8.1145648312611,12.637362637362637,,25.2,13.343923749007146,34.1,,19.0,14.92007104795737,7.730212522603663,,4.84263718232576,,10.835178995494354,0.024896265560165973,,,,0.74,,,,55.84,
TRIVENI,2026-08-22,Fast Moving Consumer Goods,,6507.0,24.8,,,1.054106593228576,1.9281045751633987,,8.68,4.136029411764706,9.02,,8.0,4.373886278956747,-11.409155866418653,,-6.4760529470965,,5.748753768350201,0.6464253664373317,,,,0.93,,,,60.58,
TRU,2026-08-22,,,49.6,,,,,0.972027972027972,,-106.0,-26.785714285714285,-14.6,,,,,,,,,,,,,0.0,,,,30.97,
TRUALT,2026-08-22,,,3826.0,24.5,,0.4728308479037658,1.8663414634146342,2.519774011299435,,8.38,4.20857596611964,10.4,,19.0,7.7560975609756095,51.81557021632064,,,,18.788883755619246,1.0861275476660093,,,,0.0,,,,70.55,
TSFINV,2026-08-22,Financial Services,,9265.0,19.0,,,8.331834532374101,1.5330882352941178,,8.23,7.37060655494587,3.38,,20.0,44.694244604316545,-2.9913683712380235,,24.41450262098266,,56.34017704091059,0.038952428310956404,,,,2.67,,,,54.99,
TTKHLTCARE,2026-08-22,,,1558.0,20.3,,3.636851153775085,1.7545045045045045,1.396704689480355,,6.3,5.568096313017306,8.04,,4.3,8.333333333333332,5.581751669690527,,12.204090872081785,,5.650769168972514,0.021524663677130046,,,,0.91,,,,74.57,
TTKPRESTIG,2026-08-22,,,8104.0,39.2,,,2.550031466331026,4.082758620689655,,8.97,7.000736919675756,12.1,,10.0,5.978602894902455,-5.043812616730747,,-8.491727480153354,,5.871997423806308,0.08787878787878788,,,,1.27,,,,70.52,
TTL,2026-08-22,,,161.0,305.0,,,0.8473684210526315,1.2913223140495869,,-0.07,0.4405286343612335,5.82,,6.0,0.5263157894736842,-45.95080650627739,,-44.88702579587282,,-3.43411718344494,0.64,,,,0.8,,,,51.11,
TTML,2026-08-22,Telecommunication,,7386.0,,,,3.259488084730803,-13.170731707317072,,,1.3682230203523174,-12.7,,-28.0,3.5304501323918798,,,,,,-7.541329011345219,,,,0.0,,,,74.36,
TURTLEMINT,2026-08-22,,,4398.0,,,,4.005464480874317,,,-36.2,-40.88888888888889,-35.6,,-12.0,-16.757741347905284,,,,,37.75827097214457,0.05901639344262295,,,,0.0,,,,13.21,
TVSELECT,2026-08-22,,,824.0,83.6,,3.226202969473084,0.2984425932633104,9.464668094218414,,11.6,5.454545454545454,18.6,,0.6,0.3259688518652662,25.912814782900618,,74.17601355344775,,66.88859324927809,0.0,,,,0.0,,,,59.78,
TVSHLTD,2026-08-22,,,28121.0,14.2,,0.4054119229461906,0.45002240430162593,4.342080599812559,,30.6,6.108117449295398,17.0,,16.0,6.2219946229676095,35.02610356598894,,34.91900935058649,,16.14661715478669,5.591710485617074,,,,0.62,,,,74.45,
TVSMOTOR,2026-08-22,Automobile and Auto Components,,208563.0,60.3,,2.2610772454560326,3.4670933421993184,21.8407960199005,,33.6,6.413635877889787,17.4,,15.0,5.986202310697365,26.668704097209293,,35.27081664728209,,15.759961895129958,3.4282279142707788,,,,0.27,,,,50.27,
TVSSCS,2026-08-22,Services,,5358.0,75.6,,,0.45615528690618085,2.6247288503253796,,9.7,0.9523809523809524,10.1,,7.0,0.5789204835688745,,,,,8.48442457117995,1.355140186915888,,,,0.0,,,,43.03,
TVSSRICHAK,2026-08-22,,,3737.0,36.5,,,0.960174717368962,3.1396396396396398,,5.89,3.023332237923102,7.54,,8.0,2.36382322713258,-5.063633226481901,,16.26989672746293,,9.976401016584923,0.6439966414777498,,,,0.35,,,,45.7,
TVTODAY,2026-08-22,,,689.0,25.2,,,0.8422982885085575,0.7718120805369127,,2.11,1.5057573073516386,4.49,,4.8,2.078239608801956,-32.70436537040102,,-37.59108164919959,,-4.392384904422853,0.016835016835016835,,,,2.6,,,,63.2,
TVVISION,2026-08-22,,,13.8,,,,1.9714285714285715,-0.0736082474226804,,,-183.33333333333331,,,-266.0,-471.42857142857144,,,,,-50.58144807058122,-0.016853932584269662,,,,0.0,,,,32.2,
UBL,2026-08-22,Fast Moving Consumer Goods,,35666.0,103.0,,,3.777377674221563,7.888888888888889,,7.69,4.085422469823584,10.7,,8.0,4.19402668926075,-1.1962870571693873,,1.5978950410089343,,5.143520491195552,0.29124281291463955,,,,0.74,,,,70.84,
UCAL,2026-08-22,,,317.0,,,,0.3747044917257683,0.9727891156462585,,-5.43,-3.088235294117647,3.32,,7.0,-2.4822695035460995,,,,,5.376561192969187,0.5705521472392638,,,,0.0,,,,70.28,
UCOBANK,2026-08-22,Financial Services,,32252.0,13.1,,0.37992117539106474,,1.0447154471544715,,8.5,0.681088748513223,5.76,,,,34.480836680176516,,,,,,,,,1.71,,,,90.95,
UDS,2026-08-22,,,1444.0,15.8,,1.8554653714800367,0.4806924101198402,1.375796178343949,,8.83,5.147058823529411,9.92,,4.6,2.796271637816245,8.515383926242137,,,,7.118934033047708,0.04277566539923954,,,,0.46,,,,59.09,
UEL,2026-08-22,,,2418.0,146.0,,11.195991523799535,7.2395209580838324,105.84795321637426,,8.03,3.0852994555353903,10.6,,12.0,5.089820359281437,13.040381433805571,,,,44.36918208387362,0.641860465116279,,,,0.0,,,,74.96,
UFBL,2026-08-22,,,3218.0,,,,2.1920980926430516,10.365239294710326,,-17.6,-2.992345163535143,1.52,,15.0,-2.9291553133514987,,,,,5.3644513175926445,2.8456591639871385,,,,0.0,,,,34.62,
UFLEX,2026-08-22,,,4438.0,6.42,,,0.2631329301553421,0.5466666666666666,,4.27,3.076090388345136,7.03,,14.0,4.043638088461995,,,-9.07665166130257,,8.066696663161132,1.2499384388081753,,,,0.49,,,,44.58,
UFO,2026-08-22,,,252.0,10.5,,0.7811177274536693,0.5185185185185185,0.7744630071599047,,6.33,3.827751196172249,11.2,,16.0,4.938271604938271,13.44227589639846,,,,6.004760394618969,0.28923076923076924,,,,0.0,,,,16.46,
UGARSUGAR,2026-08-22,,,636.0,9.29,,0.1579204515618769,0.3916256157635468,3.6688311688311686,,60.2,10.793650793650794,27.3,,10.0,4.1871921182266005,58.8270860937854,,73.2648780033574,,19.318937527540303,1.308139534883721,,,,0.18,,,,44.54,
UGROCAP,2026-08-22,,,1378.0,7.88,,,,0.47433155080213907,,6.02,1.2433392539964476,,,,,,,,,,,,,,0.0,,,,2.88,
UJJIVANSFB,2026-08-22,Financial Services,,14043.0,15.5,,,,2.054131054131054,,10.8,1.5745294659460212,7.73,,,,-10.61875958588091,,,,,,,,,0.0,,,,0.0,
ULTRACEMCO,2026-08-22,Construction Materials,,340944.0,39.5,,6.481728708004132,3.7105916155152148,4.45,,11.1,6.065173548455578,12.7,,19.0,9.328065822123548,6.09405326563921,,2.636169311327885,,9.022185975514763,0.3100203591564001,,,,2.07,,,,59.33,
ULTRAMAR,2026-08-22,,,1225.0,13.6,,0.8011532925924285,1.4759036144578312,1.4060402684563758,,8.59,8.409506398537477,10.8,,17.0,11.08433734939759,16.97552781190246,,9.599055663521039,,13.9475723650621,0.09885057471264368,,,,1.43,,,,40.49,
UMESLTD,2026-08-22,,,14.4,35.2,,0.9854180295209414,16.74418604651163,5.870967741935483,,4.81,12.225705329153605,5.23,,51.16,45.34883720930233,35.72088082974532,,49.62778697388448,,5.614901184954357,0.09387755102040816,,,,0.0,,,,39.83,
UMIYA-MRO,2026-08-22,,,169.0,18.8,,0.4785384915631735,2.223684210526316,1.4682926829268292,,-3.61,4.119850187265917,12.8,,39.0,14.473684210526317,39.28628591315344,,-35.20343748281456,,29.493663001001067,1.1043478260869566,,,,0.0,,,,65.45,
UNICHEMLAB,2026-08-22,,,3704.0,30.3,,,1.6048526863084922,1.3626943005181347,,3.17,8.227677367143242,4.13,,10.0,13.214904679376083,,,55.904246847417596,,8.942965950464309,0.1840264998159735,,,,0.0,,,,70.22,
UNIECOM,2026-08-22,,,983.0,46.3,,,4.658767772511848,5.087209302325582,,15.6,7.7490774907749085,21.1,,15.0,9.95260663507109,-5.198273648419227,,,,26.59494720655575,0.046632124352331605,,,,0.0,,,,36.01,
UNIENTER,2026-08-22,,,657.0,32.4,,,25.26923076923077,0.2684659090909091,,0.8,0.7636502481863306,0.8,,-16.0,76.92307692307693,-19.36319063534353,,-18.001734396321766,,-20.114543007954055,0.0,,,,3.71,,,,73.79,
UNIMECH,2026-08-22,,,7592.0,105.0,,44.83537610151122,26.63859649122807,10.282758620689656,,7.96,7.792207792207792,11.2,,33.0,25.263157894736842,2.341900729510349,,-46.574922823881046,,10.891823393038823,0.1723202170963365,,,,0.0,,,,79.82,
UNIONBANK,2026-08-22,Financial Services,,140038.0,6.78,,0.4710313817884467,,1.0,,15.7,1.3004069913568668,6.3,,,,14.393945418789711,,28.568716643615446,,,,,,,2.73,,,,74.76,
UNIPARTS,2026-08-22,,,3682.0,20.1,,1.5335981886948848,2.959807073954984,4.22279792746114,,18.3,14.342629482071715,21.6,,22.0,14.469453376205788,13.106431755181847,,1.343112287425119,,2.952882278424629,0.1781609195402299,,,,1.87,,,,65.87,
UNITDSPR,2026-08-22,Fast Moving Consumer Goods,,113176.0,61.1,,5.989338028670891,8.963725645493426,12.65040650406504,,21.4,13.037160058127464,26.4,,18.0,14.921590369079677,10.201461281282675,,17.84536675241233,,3.7035598784101564,0.046129788897576234,,,,1.09,,,,56.68,
UNITECH,2026-08-22,,,1054.0,,,,2.05458089668616,-0.11256983240223466,,,-11.75913876730155,,,2.0,-581.2865497076024,,,,,2.4549617119013822,-0.8027973521247064,,,,0.0,,,,5.14,
UNITEDTEA,2026-08-22,,,227.0,19.4,,,3.661290322580645,1.9484978540772533,,10.8,9.6,14.0,,21.0,19.35483870967742,,,,,,0.0,,,,0.7,,,,49.86,
UNIVCABLES,2026-08-22,,,5525.0,27.6,,1.214218760077021,1.640439429928741,2.921100917431193,,8.9,4.626416840157298,11.7,,9.0,5.938242280285035,22.730665105396053,,21.698206337602134,,18.578759979595727,0.6224219989423585,,,,0.28,,,,61.89,
UNOMINDA,2026-08-22,Automobile and Auto Components,,73050.0,59.8,,5.566868229286999,3.5247285886610373,10.720338983050848,,19.3,9.424733537742735,19.6,,11.0,6.2291917973462,10.742126009988052,,27.291245434777434,,13.8855538483325,0.401230048323327,,,,0.21,,,,68.36,
UPL,2026-08-22,Chemicals,,48018.0,24.3,,,0.909362927050981,1.3844282238442822,,5.64,2.4946573738979154,10.1,,17.0,4.399287932732369,,,-10.702399649244098,,7.004793981180302,0.6795019598801014,,,,1.05,,,,33.5,
URBANCO,2026-08-22,Consumer Services,,24459.0,,,,14.245195107746069,11.43884892086331,,-12.0,-12.288447387785135,-7.82,,-20.0,-19.45253348864298,,,,,27.520493900826757,0.06346243583761083,,,,0.0,,,,19.02,
URJA,2026-08-22,,,491.0,346.0,,,7.964314679643147,2.7827380952380953,,0.77,0.5886859400830612,1.27,,3.34,2.368207623682076,-9.143970358393016,,24.57309396155174,,11.503538707550787,0.05331974868398709,,,,0.0,,,,17.37,
USHAMART,2026-08-22,Capital Goods,,14667.0,26.9,,4.370151245163006,3.8225175918686474,4.453703703703703,,15.1,12.089481199428844,19.5,,20.0,13.239510033880636,6.155393369914508,,11.722098856104889,,5.962946639158195,0.0693519079345851,,,,0.78,,,,40.28,
USK,2026-08-22,,,117.0,9.87,,,0.5879396984924623,0.685064935064935,,0.98,3.287671232876712,3.72,,14.0,6.030150753768844,-26.842267772440852,,-8.875327381915444,,-29.87184372772893,0.45294117647058824,,,,0.0,,,,67.35,
UTIAMC,2026-08-22,Financial Services,,11479.0,21.5,,,6.013095861707701,2.5514285714285716,,10.3,10.152686892722587,15.6,,45.0,26.820324777370352,-15.822152627245323,,-3.1367790135578444,,3.1973875700110233,0.03129855715871254,,,,4.48,,,,,
UTKARSHBNK,2026-08-22,,,2568.0,,,,,0.9230769230769231,,-40.0,-3.2734074612906574,1.46,,,,,,,,,,,,,0.0,,,,42.67,
UTLSOLAR,2026-08-22,Capital Goods,,14651.0,35.0,,,5.518267419962335,,,,126.14107883817427,,,18.0,11.450094161958567,,,,,,3.227272727272727,,,,0.0,,,,86.63,
UTTAMSUGAR,2026-08-22,,,1233.0,14.0,,,0.5658558972005507,1.4043478260869566,,12.2,4.491481672689726,11.5,,9.0,3.9926571821936667,-13.038504107333726,,,,2.1048713662801033,0.8242009132420092,,,,0.77,,,,74.71,
UYFINCORP,2026-08-22,,,383.0,,,,,1.5343511450381682,,2.35,-0.20921165245506704,2.11,,,,,,,,,,,,,0.0,,,,71.38,
V2RETAIL,2026-08-22,Consumer Services,,8012.0,50.5,,0.6041716927106052,2.3344988344988344,8.870967741935484,,22.9,7.390586292320396,19.3,,15.0,5.215617715617716,83.58551155124907,,,,43.353109562057156,1.1031042128603104,,,,0.0,,,,51.43,
VADILALIND,2026-08-22,,,5333.0,24.4,,1.6838224068724725,3.181980906921241,6.270498732037193,,19.6,17.271293375394322,22.0,,19.0,13.066825775656325,14.490839354799,,37.41651522288934,,14.21079746193563,0.27058823529411763,,,,0.58,,,,64.72,
VAIBHAVGBL,2026-08-22,Consumer Durables,,3789.0,13.3,,0.43962796929821657,0.9984189723320158,2.292089249492901,,17.9,11.202830188679245,16.4,,10.0,7.5098814229249005,30.252852249666805,,3.3052052518176334,,7.66266356712253,0.2524271844660194,,,,2.65,,,,57.33,
VAISHALI,2026-08-22,,,104.0,23.3,,,0.9629629629629629,1.5075471698113208,,6.02,3.2520325203252036,,,3.9,3.7037037037037033,,,,,,0.2753623188405797,,,,0.0,,,,30.54,
VAKRANGEE,2026-08-22,,,636.0,59.6,,1.668491890893412,2.628099173553719,2.979695431472081,,5.4,3.205128205128205,7.51,,11.0,4.132231404958678,35.72088082974532,,,,4.346668430452061,0.018779342723004695,,,,0.0,,,,40.05,
VAML,2026-08-22,,,172174.0,10.9,,,2.5739486627498467,,,,,,,38.0,21.158302312717705,,,,,,,,,,1.82,,,,56.38,
VARDMNPOLY,2026-08-22,,,295.0,,,,0.31788793103448276,-0.488,,,-4.9079754601226995,28.4,,6.0,-1.7241379310344827,,,,,4.723835175789048,-1.4532967032967032,,,,0.0,,,,37.5,
VARROC,2026-08-22,Automobile and Auto Components,,12451.0,43.6,,,1.311045593345267,6.965811965811966,,15.1,4.108463434675431,19.0,,9.0,2.1059281878487943,-27.871234868937144,,,,7.938112390943242,0.5196629213483146,,,,0.18,,,,75.0,
VASWANI,2026-08-22,,,153.0,20.9,,,0.39331619537275064,,,,,,,5.0,2.056555269922879,,,,,,,,,,0.0,,,,62.06,
VBL,2026-08-22,Fast Moving Consumer Goods,,145480.0,43.0,,2.605318065017426,6.030009118793004,7.426597582037997,,16.2,13.34716729963588,19.7,,23.0,14.129984249357538,16.504702660829395,,36.14574125743826,,14.568856903459793,0.12810297272448667,,,,0.35,,,,59.43,
VCL,2026-08-22,,,39.1,7.44,,,3.5004476275738585,1.7459016393442623,,27.1,14.285714285714285,18.0,,18.17,47.090420769919426,,,22.865967908314722,,-12.406062066739254,0.23429844097995545,,,,0.0,,,,0.5,
VEDL,2026-08-22,Metals & Mining,,109100.0,9.92,,0.15488101794564638,1.227249206956287,2.1968503937007875,,38.2,12.292142860217552,16.1,,31.0,32.122207473733944,64.04916581502134,,-0.09904932281351586,,-14.79772130514717,0.6635583662289535,,,,12.2,,,,54.72,
VEDPOWER,2026-08-22,,,14195.0,23.1,,,1.6132515058529378,,,,,,,18.0,-19.16126832594613,,,,,,,,,,0.0,,,,56.38,
VEEDOL,2026-08-22,,,2618.0,11.9,,0.7707993695588585,1.1568714096332302,2.5286195286195285,,19.5,15.658362989323843,24.1,,12.0,9.721608484312858,15.438518076124751,,12.335726157134474,,5.394407486219377,0.015458937198067632,,,,3.86,,,,64.58,
VENKEYS,2026-08-22,,,2124.0,12.2,,0.4077064858969239,0.5336683417085427,1.3300970873786409,,9.07,7.492420961455175,11.9,,6.0,4.346733668341709,29.923487660886504,,1.026826884841614,,2.1130523696440973,0.10463659147869674,,,,0.66,,,,56.11,
VENTIVE,2026-08-22,,,13175.0,27.2,,,5.278445512820513,2.389830508474576,,8.33,5.50561797752809,10.8,,43.0,23.557692307692307,-49.483122004233984,,,,73.48911360989905,0.46749001089720305,,,,0.0,,,,88.99,
VENUSPIPES,2026-08-22,,,3225.0,31.0,,5.394810939750988,2.663088356729975,4.820433436532507,,17.0,8.0,22.5,,16.0,8.587943848059455,5.7462625375025445,,19.205361825945477,,14.724610425466844,0.2944693572496263,,,,0.06,,,,48.41,
VERANDA,2026-08-22,,,2498.0,38.7,,,4.758095238095238,2.600401606425703,,3.84,8.695652173913043,12.8,,35.0,30.0952380952381,,,,,13.192306865783298,0.3987473903966597,,,,0.0,,,,33.75,
VESUVIUS,2026-08-22,,,8918.0,34.8,,5.499604541588712,4.179006560449859,5.092807424593968,,15.0,11.557562076749434,21.3,,17.0,11.996251171508904,6.32772770057155,,30.356909572128732,,10.006994016440185,0.008009153318077803,,,,0.34,,,,55.57,
VGL,2026-08-22,,,289.0,,,,0.511504424778761,1.1382113821138211,,-15.9,-4.98220640569395,-0.11,,6.0,-7.433628318584071,,,,,,1.8138528138528138,,,,0.0,,,,65.64,
VGUARD,2026-08-22,Consumer Durables,,14506.0,38.2,,3.1495270325899845,2.2988906497622823,6.114180478821363,,14.4,9.870200108166577,18.4,,9.0,5.784469096671949,12.12880524749349,,9.626227935295418,,9.115660342732944,0.0695322376738306,,,,0.45,,,,53.22,
VHL,2026-08-22,,,1102.0,4.38,,0.40529211017656447,55.1,0.2927366725993728,,5.91,6.686123640222871,6.28,,87.0,1260.0,10.807020146757518,,-10.130848620646471,,10.064241629820891,0.0,,,,0.14,,,,74.9,
VIDHIING,2026-08-22,,,1641.0,30.8,,2.2896538461919036,3.7465753424657535,5.015243902439025,,15.6,12.649164677804295,18.8,,19.0,12.100456621004566,13.451815020521906,,-1.894842685515219,,13.69794506411548,0.17682926829268292,,,,0.91,,,,64.28,
VIDYAWIRES,2026-08-22,,,1835.0,29.3,,,0.9277047522750252,3.81858407079646,,17.8,10.396039603960396,20.7,,4.5,3.185035389282103,-63.58406147581866,,-42.46296683300071,,18.72338491072687,0.17708333333333334,,,,0.0,,,,72.8,
VIJAYA,2026-08-22,Healthcare,,15495.0,82.6,,5.089348126055354,18.080513418903152,16.172043010752688,,19.7,12.408759124087592,21.3,,42.0,21.820303383897315,16.22997640446764,,11.120677204389828,,16.073591163562373,0.44200626959247646,,,,0.13,,,,52.51,
VIKASECO,2026-08-22,,,191.0,60.8,,,0.5410764872521246,0.484304932735426,,0.8,0.5847953216374269,2.34,,2.4,0.84985835694051,-41.51964523574267,,-12.944943670387588,,-3.839938398291598,0.0759493670886076,,,,0.0,,,,10.65,
VIKASLIFE,2026-08-22,,,221.0,12.0,,,0.44288577154308617,0.4006734006734006,,3.4,2.368421052631579,2.16,,-23.0,3.6072144288577155,,,,,1.5853772242604425,0.19021739130434784,,,,0.0,,,,14.2,
VIKRAMSOLR,2026-08-22,Capital Goods,,6277.0,17.4,,0.36723431993832223,1.1997324159021407,1.9748858447488586,,21.4,6.334279630943931,30.6,,15.0,6.823394495412844,47.38119248473935,,,,27.724342060124975,0.19445319886542703,,,,0.0,,,,63.01,
VIKRAN,2026-08-22,,,1626.0,17.9,,,1.3018414731785428,1.3125,,10.9,3.6741214057507987,16.6,,14.0,7.365892714171338,,,,,,0.2431340872374798,,,,0.0,,,,56.27,
VIMTALABS,2026-08-22,,,2814.0,46.3,,3.3152238915077104,8.553191489361701,8.160621761658032,,13.5,13.863636363636363,17.6,,34.0,18.541033434650455,13.965874256216072,,54.93904629083839,,5.775162372528153,0.03508771929824561,,,,0.32,,,,35.66,
VINATIORGA,2026-08-22,,,13781.0,30.7,,2.6536857325326735,5.787904241915162,4.357377049180328,,14.9,12.479108635097493,19.8,,28.0,18.81562368752625,11.568815260840992,,5.108972305776893,,7.812371258280093,0.0,,,,0.56,,,,74.29,
VINCOFE,2026-08-22,,,2354.0,29.9,,0.43940207595060654,3.84640522875817,4.143222506393862,,16.6,10.896551724137932,18.2,,18.0,12.908496732026146,68.04701578915862,,,,67.17065425628297,0.21754385964912282,,,,0.06,,,,34.65,
VINDHYATEL,2026-08-22,,,2908.0,12.3,,,0.8540381791483113,0.6916572717023676,,5.31,2.8219538443142413,8.15,,7.0,6.930983847283406,-5.863796555114076,,4.05927214793298,,-5.911745930125367,0.3412604042806183,,,,0.24,,,,43.55,
VINNY,2026-08-22,,,49.3,58.0,,,0.37067669172932327,0.5955056179775281,,1.11,0.8064516129032258,2.44,,4.5,0.7518796992481203,-50.0,,,,6.21264416178291,0.1927710843373494,,,,0.0,,,,39.66,
VINYLINDIA,2026-08-22,,,431.0,23.1,,,0.7171381031613977,3.3098591549295775,,9.8,8.15450643776824,14.9,,2.0,3.1613976705490847,-5.097277315632665,,-11.742192962700582,,0.22284196253670174,0.0,,,,2.98,,,,50.41,
VIPIND,2026-08-22,Consumer Durables,,4380.0,,,,2.336,15.098039215686276,,-92.4,-23.566084788029926,-28.9,,-15.0,-20.16,,,,,-5.826587291867147,2.5536332179930796,,,,0.0,,,,42.35,
VIRINCHI,2026-08-22,,,175.0,,,,0.6363636363636364,0.34437086092715236,,-5.39,-3.5294117647058822,1.31,,19.0,-10.909090909090908,,,,,-2.641888016423033,0.5537525354969574,,,,0.0,,,,39.46,
VISAKAIND,2026-08-22,,,816.0,12.0,,0.033037036746548495,0.46311010215664017,0.9864158829676072,,1.68,6.375092661230541,6.82,,10.0,4.880817253121453,363.2287027453722,,-6.201350124076699,,4.887150992780764,0.36638452237001207,,,,1.27,,,,53.4,
VISHNU,2026-08-22,,,4236.0,28.3,,2.1837178566194417,2.4976415094339623,3.9559748427672954,,14.3,7.180469123982768,16.4,,15.0,8.84433962264151,12.959549657120316,,10.287879188339266,,11.820565012104979,0.4929840972871843,,,,0.05,,,,69.21,
VISHWARAJ,2026-08-22,,,124.0,,,,0.35327635327635326,0.5471153846153847,,-10.6,-4.3478260869565215,-3.28,,-3.7,-10.256410256410255,,,,,-13.69456260028179,1.6640316205533596,,,,0.0,,,,29.05,
VISL,2026-08-22,,,14367.0,,,,1.0574078162949878,,,,,,,8.0,-21.6015308751012,,,,,,,,,,0.0,,,,56.38,
VIVIDHA,2026-08-22,,,15.8,,,,65.83333333333334,-54.0,,-428.0,-22.129783693843596,-17.8,,-220.83,-554.1666666666667,,,,,-69.19489489870367,-15.341463414634141,,,,0.0,,,,5.63,
VIYASH,2026-08-22,Healthcare,,12139.0,54.8,,,3.3955244755244753,4.1441441441441444,,7.39,5.809399477806789,13.4,,20.0,7.468531468531468,,,28.406706775674916,,37.6739669285171,0.1683270353830299,,,,0.0,,,,61.31,
VLSFINANCE,2026-08-22,,,781.0,16.8,,,12.203125,0.3699851411589896,,0.95,2.131519274376417,0.96,,65.0,73.4375,-46.541615897762945,,-23.50551391203526,,-46.11280778545589,0.0,,,,0.6,,,,56.39,
VMART,2026-08-22,Consumer Services,,6675.0,48.1,,,1.6716754320060105,6.991666666666666,,14.2,4.9640287769784175,13.2,,14.0,3.4560480841472576,,,63.755519311690875,,12.747278080210812,1.0073606729758149,,,,0.12,,,,44.15,
VMM,2026-08-22,Consumer Services,,48455.0,54.3,,2.33479596705529,3.5911213221670497,6.477987421383648,,12.2,7.791073456197048,14.8,,15.0,6.610835247906321,23.256850177141896,,33.52548702231246,,14.827113434524431,0.26817752596789424,,,,0.0,,,,40.09,
VOEPL,2026-08-22,,,1672.0,94.7,,7.3596784134973605,1.678714859437751,3.7829457364341086,,4.33,1.8575851393188854,9.58,,10.0,1.8072289156626504,12.867410052363692,,,,23.326083330509427,0.837378640776699,,,,0.0,,,,46.22,
VOGL,2026-08-22,,,15012.0,69.8,,,1.5627732667083074,,,,,,,31.0,-5.132209036019154,,,,,,,,,,0.0,,,,56.38,
VOLTAMP,2026-08-22,Capital Goods,,10997.0,34.7,,33.35669366279153,4.835971855760774,6.137775268210051,,17.4,15.70862239841427,23.5,,16.0,13.940193491644678,1.0402709678239752,,19.003931700006916,,12.05976343345787,0.0005580357142857143,,,,0.92,,,,30.0,
VOLTAS,2026-08-22,Consumer Durables,,40864.0,87.5,,4.119459071856718,2.7280859870485346,6.398963730569948,,6.1,3.0491169977924946,9.04,,4.0,2.950797783563656,21.240652831771456,,-2.2672828061114814,,6.2701138528055145,0.15558343789209536,,,,0.32,,,,30.3,
VRAJ,2026-08-22,,,400.0,11.1,,,0.6220839813374806,0.9603174603174603,,7.89,7.5,10.5,,10.0,5.598755832037325,-22.30580794809032,,-28.444152283934987,,15.253439314703087,0.10361445783132531,,,,0.0,,,,74.96,
VRLLOG,2026-08-22,,,5051.0,18.9,,0.4264485579782513,1.5050655542312277,4.42572741194487,,21.7,10.249520153550863,18.3,,20.0,7.955899880810488,44.31953080015782,,11.004904589061182,,5.1214808315334315,1.0096237970253719,,,,1.73,,,,60.24,
VSSL,2026-08-22,,,3372.0,36.6,,,1.91156462585034,3.5758196721311477,,12.1,8.18661971830986,16.5,,8.0,5.272108843537415,,,,,,0.15037593984962405,,,,1.0,,,,51.06,
VSTIND,2026-08-22,,,3613.0,58.8,,15.753322299563681,7.670912951167728,14.489795918367347,,24.9,11.071428571428571,34.4,,15.0,13.163481953290871,3.732545991370251,,,,12.25151845841932,0.0,,,,5.64,,,,32.16,
VSTL,2026-08-22,,,210.0,,,,,,,,,,,,,,,,,,,,,,0.0,,,,74.74,
VSTTILLERS,2026-08-22,,,3816.0,35.0,,,3.002360346184107,3.4889240506329116,,9.99,8.110119047619047,13.7,,13.0,8.575924468922109,-3.493437576800229,,,,9.502339459914033,0.0018281535648994515,,,,0.45,,,,55.55,
VTL,2026-08-22,Textiles,,17452.0,20.6,,1.9993977490886565,1.713332024347143,1.6611570247933884,,7.3,6.202221260637531,8.86,,14.0,8.442960926762224,10.303102526443109,,-11.352296289471731,,2.333348128313606,0.17643142476697737,,,,0.83,,,,65.08,
WAAREEENER,2026-08-22,Capital Goods,,77039.0,19.1,,0.6738737549564958,2.5642911826382186,5.334661354581673,,32.8,13.292379213016769,38.8,,21.0,13.324235262790001,28.343587889445352,,103.09294989126796,,38.135365679786794,0.22253774761047238,,,,0.07,,,,64.12,
WAAREEINDO,2026-08-22,,,1181.0,7.1,,,2.131768953068592,4.115942028985507,,151.0,48.25581395348838,124.0,,46.0,29.96389891696751,,,,,,0.010452961672473868,,,,0.0,,,,74.93,
WAAREERTL,2026-08-22,Capital Goods,,9136.0,18.0,,0.348024261280232,2.501642935377875,9.776536312849162,,68.9,21.524852569502947,83.6,,19.0,13.992332968236582,51.72053216573384,,125.80098778484378,,60.94428291656004,0.15631691648822268,,,,0.11,,,,74.32,
WABAG,2026-08-22,Utilities,,12504.0,31.4,,1.8382434666333016,3.051989260434464,4.861650485436893,,15.9,6.435805292388109,21.3,,11.0,9.616792775201368,17.081524058131613,,24.475051109082237,,12.7809946079938,0.08878504672897196,,,,0.25,,,,19.08,
WAKEFIT,2026-08-22,Consumer Durables,,4684.0,23.8,,,3.0277957336780865,4.110787172011662,,23.1,11.02227298686465,10.9,,12.0,12.475759534583064,,,,,16.19955536857196,0.24028268551236748,,,,0.0,,,,36.88,
WALCHANNAG,2026-08-22,,,1542.0,,,,4.864353312302839,4.291115311909263,,-4.41,-0.340522133938706,4.17,,8.0,-0.9463722397476341,,,,,1.628950269749585,0.6100278551532033,,,,0.0,,,,31.59,
WANBURY,2026-08-22,,,926.0,21.5,,,1.46984126984127,14.640883977900552,,76.5,10.38647342995169,36.6,,14.0,6.825396825396825,,,,,9.110430745720954,3.0338983050847457,,,,0.0,,,,43.01,
WCIL,2026-08-22,,,884.0,24.1,,,0.47071352502662406,1.02,,4.58,3.0705394190871367,6.79,,4.4,1.970181043663472,-29.35323937287394,,-25.360229177773764,,3.660350402006496,0.2606689734717416,,,,0.0,,,,73.03,
WEALTH,2026-08-22,,,924.0,28.0,,,15.931034482758621,6.148936170212766,,27.7,18.333333333333332,34.6,,64.0,56.896551724137936,-8.191353889290143,,11.873383267545435,,-4.694551316453954,0.0,,,,0.92,,,,74.04,
WEBELSOLAR,2026-08-22,Capital Goods,,3595.0,11.4,,,2.9883624272651703,5.710344827586207,,66.9,33.72717508055854,63.2,,37.0,26.101413133832086,,,,,,0.20793650793650795,,,,0.0,,,,29.72,
WEIZMANIND,2026-08-22,,,119.0,19.3,,,0.9296875,1.795774647887324,,9.55,6.382978723404255,14.3,,11.0,4.6875,-11.172198641799302,,12.577140756466786,,1.337056668661285,0.09090909090909091,,,,0.65,,,,68.34,
WEL,2026-08-22,,,1893.0,158.0,,,2.5790190735694822,18.053777208706787,,8.95,2.891566265060241,9.39,,4.4,1.6348773841961852,,,,,,1.0865384615384615,,,,0.07,,,,71.79,
WELCORP,2026-08-22,Capital Goods,,60986.0,26.4,,0.967048319448759,3.5252023121387284,6.662824207492795,,19.4,11.367647058823529,22.9,,14.0,13.404624277456648,27.29956659771524,,39.08683729716529,,-0.0769527044965912,0.2572083879423329,,,,0.22,,,,49.73,
WELENT,2026-08-22,Construction,,8740.0,24.7,,21.03207747130972,2.466139954853273,2.868181818181818,,13.6,4.7658175842235,16.7,,20.0,9.81941309255079,1.1743965870082862,,21.526450543525467,,7.234776214711225,0.6527595269382391,,,,0.48,,,,56.13,
WELSPLSOL,2026-08-22,,,3404.0,119.0,,,3.8725824800910127,7.4600870827285926,,4.8,3.329506314580941,9.9,,6.0,3.299203640500569,-22.94865916193579,,,,8.040196565118274,0.07658643326039387,,,,0.0,,,,55.17,
WELSPUNLIV,2026-08-22,Textiles,,18149.0,65.2,,,1.8269579222870949,3.68421052631579,,4.47,2.735533237685318,6.25,,9.0,2.879001409301389,-25.487924613932634,,-13.475447309501776,,0.8705886549044584,0.4708155379296319,,,,0.05,,,,66.36,
WENDT,2026-08-22,,,1636.0,96.6,,,6.415686274509804,6.447596532702915,,4.89,5.555555555555555,7.82,,14.0,6.666666666666667,-25.47443701616885,,-8.93818769478143,,3.9532586316427087,0.0,,,,0.37,,,,37.5,
WESTLIFE,2026-08-22,Consumer Services,,9171.0,,,,3.3916420118343193,14.811083123425691,,-3.79,1.1307420494699647,6.34,,13.0,1.183431952662722,-22.835822309125398,,,,4.171400751029397,2.9159935379644586,,,,0.13,,,,56.39,
WEWORK,2026-08-22,Services,,9464.0,107.0,,,3.6554654306682117,31.045454545454547,,31.6,1.1985335589396504,20.7,,65.0,3.28312089609888,,,,,15.852640740719725,18.624161073825505,,,,0.0,,,,48.3,
WHEELS,2026-08-22,,,3696.0,22.6,,0.6013903082738098,0.6495606326889279,3.551643192488263,,15.8,4.723961297666477,18.8,,8.0,2.9173989455184532,37.57958797984211,,16.05248517617399,,4.563844333326217,0.7377521613832853,,,,0.95,,,,58.31,
WHIRLPOOL,2026-08-22,Consumer Durables,,9750.0,35.8,,7.228917717127615,1.170608716532597,2.341463414634146,,7.75,3.412784398699892,11.1,,4.9,3.02557329811502,4.952331925867459,,-15.023190690470711,,6.837582615988125,0.017063205960105743,,,,0.65,,,,39.76,
WILLAMAGOR,2026-08-22,,,27.4,,,,27.4,-0.12376237623762376,,,-4.030226700251889,0.43,,-14452.0,-1600.0,,,,,-30.663872564936533,-2.506787330316742,,,,0.0,,,,62.01,
WINDLAS,2026-08-22,,,2050.0,30.8,,1.8943854086897554,2.267699115044248,3.6145454545454547,,12.2,7.2767364939360535,15.9,,12.0,7.300884955752212,16.258571174966296,,4.985740097478719,,20.786117522880133,0.060240963855421686,,,,0.63,,,,63.31,
WINDMACHIN,2026-08-22,,,3255.0,1092.0,,,5.371287128712871,5.604982206405694,,0.2,0.9060022650056626,2.11,,4.9,1.3201320132013201,,,21.5858347642385,,19.625322253454858,0.17408906882591094,,,,0.0,,,,42.95,
WIPL,2026-08-22,,,140.0,,,,1.206896551724138,3.130929791271347,,1.0,-0.0,4.04,,2.0,-0.0,,,,,2.0964160578223368,0.20454545454545456,,,,0.73,,,,37.88,
WIPRO,2026-08-22,Information Technology,,179064.0,13.6,,2.0728367893784005,1.8855193328278999,2.1573301549463646,,15.5,9.429743618863746,17.8,,19.0,13.988922584449497,6.561056842337476,,2.7824901799905044,,1.8978019814373637,0.23052977198104954,,,,6.08,,,,72.59,
WOCKPHARMA,2026-08-22,Healthcare,,30651.0,76.9,,,8.60016835016835,6.203947368421052,,6.11,4.826299836791793,7.55,,22.0,11.616161616161616,,,,,8.40017793198584,0.4520242914979757,,,,0.0,,,,49.09,
WONDERLA,2026-08-22,,,3295.0,31.2,,,5.556492411467116,1.8339222614840989,,4.6,5.238828967642527,6.2,,34.0,17.200674536256326,-16.8344669144886,,,,7.078559689205477,0.0033407572383073497,,,,0.39,,,,62.22,
WORTHPERI,2026-08-22,,,248.0,16.0,,,0.797427652733119,1.319327731092437,,8.14,6.83453237410072,12.9,,11.0,6.109324758842444,-1.0696007262664842,,-4.286167129403795,,9.32709558264111,0.22340425531914893,,,,0.64,,,,68.2,
WPIL,2026-08-22,,,4408.0,26.0,,,2.229640870005058,2.766871165644172,,10.7,7.14943234120896,14.6,,17.0,11.78553363682347,-29.0430475405943,,11.76558509640211,,5.913450222262773,0.3155248271527341,,,,0.44,,,,70.79,
WSI,2026-08-22,,,463.0,156.0,,,7.0279295689131756,1.1708253358925145,,0.8,0.4905408907482136,3.06,,4.86,4.022465088038859,-65.89850960541675,,,,-41.33982546819244,0.17341128236276668,,,,0.0,,,,51.66,
WSTCSTPAPR,2026-08-22,,,4209.0,18.3,,,0.9620571428571428,1.1666666666666667,,4.25,4.344637946837763,6.17,,12.0,5.417142857142857,-30.75885973240805,,-5.638680263002927,,-0.5500827116810658,0.09562084257206209,,,,0.47,,,,56.58,
XCHANGING,2026-08-22,,,682.0,11.2,,0.17405554176108678,3.2946859903381642,1.7191011235955056,,15.8,11.663479923518166,18.0,,34.0,29.468599033816425,64.347276086006,,2.955636723032895,,5.959613557644561,0.17929292929292928,,,,3.27,,,,75.0,
XELPMOC,2026-08-22,,,114.0,,,,29.081632653061224,1.5187376725838264,,-10.5,-9.23849567857977,-10.6,,-181.38,-201.78571428571428,,,,,-15.382421017521974,0.009222133119486766,,,,0.0,,,,49.39,
XPROINDIA,2026-08-22,,,2680.0,82.1,,,5.009345794392523,3.5246913580246915,,2.8,2.70935960591133,3.78,,9.0,6.16822429906542,-11.245715942155886,,-11.319216086264827,,4.9359415589022015,0.4281949934123847,,,,0.18,,,,40.32,
XTGLOBAL,2026-08-22,,,382.0,32.6,,,1.0324324324324323,1.875,,5.97,5.208333333333334,8.48,,7.0,4.054054054054054,0.0,,-10.354639745865136,,19.466827260402276,0.24630541871921183,,,,0.18,,,,62.54,
YASHO,2026-08-22,,,5305.0,92.0,,,5.649627263045794,11.956521739130435,,5.85,5.021645021645021,8.95,,20.0,6.17678381256656,-2.007367748953881,,0.8403462332215117,,16.491181236909824,1.2567567567567568,,,,0.01,,,,67.91,
YATHARTH,2026-08-22,Healthcare,,8240.0,45.5,,3.7467175600677223,6.176911544227886,4.621621621621622,,10.4,7.624890446976336,12.4,,23.0,13.043478260869565,12.143963154558568,,22.772073452744813,,28.073919737668685,0.14831460674157304,,,,0.06,,,,55.8,
YATRA,2026-08-22,,,1835.0,53.3,,,1.8629441624365481,2.2117202268431004,,6.23,2.3203592814371254,7.24,,7.0,3.1472081218274113,,,,,32.650205313578496,0.12394705174488568,,,,0.0,,,,62.66,
YESBANK,2026-08-22,Financial Services,,71564.0,19.0,,0.4962652231323427,,1.3652694610778444,,7.1,0.8028430213269134,5.98,,,,38.28597917878507,,23.15712275705608,,,,,,,0.0,,,,,
YUKEN,2026-08-22,,,1310.0,83.8,,,2.66260162601626,3.5090909090909093,,4.3,2.5236593059936907,7.4,,11.0,3.2520325203252036,-7.3663193064712695,,0.15712368022362533,,5.165892484076995,0.3074866310160428,,,,0.16,,,,58.05,
ZAGGLE,2026-08-22,Information Technology,,2691.0,20.8,,0.5334235326910718,1.3461730865432717,1.9230769230769231,,10.4,8.365508365508365,14.0,,9.0,6.503251625812906,38.993405287288226,,,,37.08302864526583,0.03917378917378917,,,,0.0,,,,44.3,
ZEEL,2026-08-22,Media Entertainment & Publication,,10333.0,49.4,,3.8583879350234174,1.2630485270749297,0.8852459016393442,,2.4,1.4209341586944289,2.75,,3.2,2.4691358024691357,12.803274536390074,,-26.800224601725898,,-1.791783454862672,0.022591645353793693,,,,2.26,,,,3.99,
ZEEMEDIA,2026-08-22,,,615.0,182.0,,,0.80078125,2.6201117318435756,,3.0,-0.11454753722794961,5.27,,13.0,-0.13020833333333331,,,,,6.376781692864397,0.3705357142857143,,,,0.0,,,,9.04,
ZENITHEXPO,2026-08-22,,,111.0,382.0,,,1.841712294673967,1.314102564102564,,2.76,0.29603919967333603,4.47,,-4.15,0.48116807698689223,-0.598816752785214,,-21.71037432364947,,-9.636060916825162,0.025205088574485793,,,,0.0,,,,45.55,
ZENITHSTL,2026-08-22,,,77.0,27.7,,,1.8372703412073492,-0.30914285714285716,,,2.61140704170456,,,-28.06,9.591982820329276,,,-19.338027909464863,,-33.60969500077896,-0.8845458562648135,,,,0.0,,,,15.64,
ZENSARTECH,2026-08-22,Information Technology,,11003.0,13.8,,2.6639304240515527,1.8934778867664774,2.3381642512077296,,17.3,12.779973649538867,22.8,,16.0,13.353983823782482,5.180315474985897,,13.159009866213122,,5.834157318094091,0.016740834922653103,,,,3.1,,,,49.0,
ZENTEC,2026-08-22,Capital Goods,,17393.0,95.7,,10.118116380168061,25.92101341281669,9.21531100478469,,10.7,9.1415313225058,16.2,,33.0,29.359165424739196,9.458282194458256,,140.12871987722826,,15.103875898157337,0.010058231868713605,,,,0.05,,,,48.51,
ZFCVINDIA,2026-08-22,Automobile and Auto Components,,30295.0,60.0,,8.461698505792059,7.195961995249406,8.216049382716049,,14.6,11.274288296430186,19.4,,16.0,11.852731591448931,7.090774973715952,,28.585089004189257,,3.3295591742784847,0.014905149051490514,,,,0.15,,,,60.0,
ZFSTEERING,2026-08-22,,,609.0,30.2,,,1.0481927710843373,1.2679245283018867,,3.29,2.37741456166419,6.48,,12.0,2.753872633390706,-23.20143155215414,,1.605973181496978,,6.720883496659713,0.2203742203742204,,,,0.0,,,,62.75,
ZODIACLOTH,2026-08-22,,,204.0,,,,1.3076923076923077,1.1176470588235294,,-18.1,-10.23391812865497,-8.03,,-8.0,-22.435897435897438,,,,,2.232876560904362,0.5879120879120879,,,,0.0,,,,72.93,
ZOTA,2026-08-22,,,3766.0,,,,6.183908045977011,5.435,,-15.0,-9.195402298850574,-8.47,,0.5,-17.077175697865353,,,,,50.12335531875103,0.38904899135446686,,,,0.09,,,,49.38,
ZSARACOM,2026-08-22,,,1363.0,10.3,,1.6702794858016925,,1.2371144278606965,,8.92,10.83743842364532,10.9,,,,6.166632642953318,,13.87828889282372,,,,,,,0.0,,,,74.88,
ZUARI,2026-08-22,,,946.0,3.06,,0.02754268794339694,0.3682366679641884,0.45271629778672035,,15.1,29.960012303906492,16.4,,9.0,37.91358505254963,111.10026756606382,,48.41884922555486,,-17.619163749220434,0.30732407850646243,,,,0.0,,,,65.2,
ZUARIIND,2026-08-22,,,832.0,7.21,,,0.7570518653321201,0.2294407894736842,,2.69,1.4796203238414294,5.45,,4.3,9.64513193812557,-46.63071722165092,,,,9.458936591724164,0.7174813587406794,,,,0.36,,,,56.71,
ZYDUSLIFE,2026-08-22,Healthcare,,111720.0,23.0,,4.244465390567523,3.907386681589256,4.163568773234201,,21.2,9.063998579124979,21.1,,29.0,16.06393396754337,5.418821425923959,,0.5014481103353674,,13.515406160109467,0.46090292121569787,,,,0.09,,,,75.02,
ZYDUSWELL,2026-08-22,Fast Moving Consumer Goods,,15615.0,70.5,,,3.441701564910734,2.6830601092896176,,3.98,1.8449460255152108,4.91,,13.0,4.14370729556976,-10.973373828100607,,-9.422465447292627,,24.909441855212357,0.549776862341229,,,,0.24,,,,69.63,
7SEASL,2026-08-22,,,175.0,,,,14.011208967173738,,,-0.75,-0.5295950155763239,3.21,,27.7,-1.3610888710968776,,,,,20.716887664271532,0.2343612334801762,,,,0.0,,,,31.07,
A1L,2026-08-22,,,222.0,26.0,,0.24072205735415922,0.4900662251655629,4.093220338983051,,11.6,8.571428571428571,11.7,,3.5,1.9867549668874174,108.00838230519041,,5.154749679728043,,29.004615568677327,0.7777777777777778,,,,0.78,,,,70.03,
AAIL,2026-08-22,,,102.0,217.0,,,0.3100303951367781,2.006369426751592,,2.36,-0.0,12.4,,6.0,-0.0,,,,,-4.097700181173003,1.86,,,,0.63,,,,73.06,
AAYUSH,2026-08-22,,,106.0,25.0,,0.26516039691649235,0.6385542168674698,8.65079365079365,,38.8,22.22222222222222,34.8,,1.3,2.4096385542168677,94.28255610838188,,,,449.58646600950124,0.4166666666666667,,,,0.11,,,,0.0,
ABATEAS,2026-08-22,,,146.0,11.9,,,1.028169014084507,0.8427272727272727,,7.3,5.381165919282512,6.7,,10.0,8.450704225352112,,,,,,0.05747126436781609,,,,0.0,,,,32.42,
ACEMEN,2026-08-22,,,154.0,962.0,,,14.167433302667895,2.2972972972972974,,0.24,0.18713450292397663,,,2.67,1.471941122355106,,,,,,0.1891366152925333,,,,0.0,,,,0.61,
ACESOFT,2026-08-22,,,272.0,63.6,,,4.701002419633598,2.5718608169440245,,4.19,2.9610772425805587,5.83,,10.28,7.639128931904597,-4.757017641075212,,,,34.61328261322352,0.12308715901530272,,,,0.0,,,,62.03,
ACGL,2026-08-22,,,1100.0,18.2,,1.2302751682643174,1.187904967602592,3.562130177514793,,25.7,12.636165577342048,29.6,,8.0,6.263498920086392,14.793438467653308,,75.96902553254672,,16.609172428977082,0.032467532467532464,,,,1.52,,,,48.98,
ACTIVE,2026-08-22,,,171.0,16.9,,0.6069693670674619,0.534375,1.8363939899833055,,11.8,3.278688524590164,10.6,,9.0,3.125,27.84325028073722,,80.64242979684313,,14.710904920418733,1.3548387096774193,,,,0.0,,,,73.58,
ADCINDIA,2026-08-22,,,1126.0,50.0,,17.358035260420134,5.165137614678899,13.02127659574468,,24.2,17.037037037037038,31.4,,12.0,10.550458715596331,2.8805103371353447,,21.590232559119784,,6.790959240579597,0.0,,,,1.02,,,,72.02,
AEIM,2026-08-22,,,243.0,4.99,,,1.2525773195876289,1.9909297052154193,,30.1,18.352059925093634,,,34.0,25.257731958762886,,,,,,0.9016393442622951,,,,0.0,,,,24.98,
AEL,2026-08-22,,,140.0,15.9,,1.2525480224717818,0.3491271820448878,2.8244274809160306,,17.7,7.258064516129033,22.1,,3.0,2.2443890274314215,12.694124069289492,,6.614543635949621,,12.451457328336302,0.061224489795918366,,,,0.68,,,,43.01,
AERPACE,2026-08-22,,,524.0,,,,,13.975409836065575,,-35.2,-22.61904761904762,-21.5,,,,,,,,,1.0810810810810811,,,,0.0,,,,45.25,
AGOL,2026-08-22,,,131.0,6.36,,0.1623572182119067,0.3981762917933131,0.786,,11.8,12.138728323699421,16.0,,8.0,6.382978723404255,39.172881070794176,,47.105813495469604,,25.864711469864865,0.0,,,,0.0,,,,48.06,
AGRIBIO,2026-08-22,,,359.0,83.7,,,9.38071596550823,5.0,,5.83,4.612407268035694,5.52,,-1.36,11.209824928142147,-1.5576309232270824,,14.070464726578624,,22.030024498127432,0.2557427258805513,,,,0.08,,,,43.27,
AGVENTURES,2026-08-22,,,135.0,5.98,,,1.0,0.4981549815498155,,1.85,7.002801120448179,2.31,,23.0,18.51851851851852,-22.94238249960121,,-12.069344615613497,,18.079173701957217,0.1070110701107011,,,,0.0,,,,51.76,
AHMDSTE,2026-08-22,,,272.0,16.2,,,1.2534562211981566,2.0756880733944953,,16.8,7.727272727272727,22.2,,11.0,7.834101382488479,,,,,500.9245006917366,0.030303030303030304,,,,0.0,,,,71.41,
AICHAMP,2026-08-22,,,87.5,,,,1.8617021276595744,2.1353383458646613,,-71.6,-18.9873417721519,-43.2,,-106.0,-95.74468085106383,,,,,2.222946218291044,1.024390243902439,,,,0.0,,,,58.9,
AJANTSOY,2026-08-22,,,198.0,13.8,,0.2618986713922775,0.1493212669683258,1.1818181818181819,,5.13,5.555555555555555,9.57,,1.7,1.0558069381598794,52.69213442984619,,-19.42176634104934,,9.06804854154335,0.047619047619047616,,,,0.0,,,,49.8,
ALANSCOTT,2026-08-22,,,215.0,,,,6.2246670526925305,19.166666666666664,,-45.8,-13.190184049079756,-14.1,,1.24,-13.694267515923569,,,,,44.61679854463072,0.8577777777777779,,,,0.0,,,,63.57,
ALFREDHE,2026-08-22,,,229.0,6.21,,0.02217389529629461,,0.3991393222162453,,-24.8,6.303236797274275,11.7,,,,280.05904767836296,,84.0970298008388,,,,,,,0.67,,,,73.87,
ALPHALOGIC,2026-08-22,,,257.0,50.4,,7.827045904685536,5.220394068657323,4.945848375451264,,10.1,6.5333900467886,12.5,,18.16,15.600243753808654,6.439210988890309,,18.562995052566443,,-2.9877335867538934,0.8768728390318862,,,,0.0,,,,73.78,
ALPINEHOU,2026-08-22,,,210.0,28.1,,0.9558169495552006,2.7918106886466365,2.3404255319148937,,6.99,4.272570442783208,9.18,,16.64,9.877692103164051,29.398934610938454,,29.019456841547097,,11.080990107588985,0.16264791248046437,,,,0.0,,,,73.86,
ALSL,2026-08-22,,,223.0,22.8,,,0.49445676274944567,2.414141414141414,,6.42,7.8125,9.2,,2.8,2.2172949002217295,-27.258516784306185,,4.714696810645824,,9.66048069480967,0.09782608695652174,,,,0.0,,,,54.34,
ALUFLUOR,2026-08-22,,,360.0,14.5,,1.2122906821517272,1.875,2.857142857142857,,22.0,12.886597938144329,24.2,,22.0,13.020833333333334,11.960827723482591,,47.75491795347983,,5.181435773171805,0.35714285714285715,,,,0.87,,,,59.93,
AMAL,2026-08-22,,,956.0,32.2,,0.2022689670180387,3.3079584775086506,7.936344969199178,,20.4,19.480519480519483,26.0,,14.0,10.380622837370241,159.19397065555958,,92.88668633897579,,49.78435852958478,0.0,,,,0.19,,,,71.35,
AMARJOTHI,2026-08-22,,,109.0,8.45,,0.5174509392571782,0.4448979591836735,0.543918918918919,,4.84,4.207119741100324,9.14,,12.0,5.3061224489795915,16.330050559247834,,-9.965339708410347,,6.644444972121821,0.28,,,,1.36,,,,60.08,
AMBARPIL,2026-08-22,,,152.0,15.1,,0.3208414727969124,0.3058350100603622,3.6363636363636367,,18.4,12.195121951219512,17.8,,3.1,2.0120724346076457,47.063741069278976,,17.62815503518256,,13.938991329382011,0.6190476190476191,,,,0.0,,,,73.76,
AMPL,2026-08-22,,,178.0,7.57,,0.04703343187519004,,1.3004484304932735,,23.6,9.090909090909092,21.6,,,,160.94934386434062,,79.20098536795155,,,,,,,0.0,,,,26.03,
AMRAPLIN,2026-08-22,,,177.0,11.1,,0.07026841191848625,0.0033972476535959004,3.8738738738738734,,31.8,5.904059040590406,20.5,,0.1,0.030709583309341468,157.96571598738245,,,,24.038308359966543,3.782608695652174,,,,0.0,,,,73.43,
ANDHRAPET,2026-08-22,,,338.0,,,,1.0304878048780488,0.66890756302521,,-2.45,-1.6051364365971106,-1.62,,-4.6,-3.048780487804878,,,,,-25.36676267759317,0.16237623762376238,,,,0.0,,,,45.04,
ANDREWYU,2026-08-22,,,1275.0,,,,4.278523489932886,3.924812030075188,,-5.78,-5.607476635514018,-6.25,,-27.0,-14.093959731543624,,,,,-1.307339464685553,0.37116564417177916,,,,0.0,,,,89.25,
ANKIN,2026-08-22,,,119.0,,,,7.954545454545454,4.53125,,-3.39,-1.2686330478908976,0.42,,6.08,-2.6737967914438503,,,,,117.69804574175006,0.10265151515151515,,,,0.0,,,,91.29,
APIS,2026-08-22,,,751.0,29.7,,2.536893059623964,1.9207161125319694,3.7847222222222223,,13.6,8.116883116883116,14.6,,9.0,6.3938618925831205,11.707233731169708,,31.95079107728942,,5.603802908100963,0.33668341708542715,,,,0.0,,,,74.72,
APLAB,2026-08-22,,,174.0,,,,2.4507042253521125,-33.68852459016394,,-450.0,-13.432835820895523,-7.66,,-7.0,-25.352112676056336,,,,,0.0,-16.8,,,,0.0,,,,43.83,
APMIN,2026-08-22,,,123.0,9.49,,,0.44565217391304346,0.6458569807037458,,7.02,4.3624161073825505,9.93,,7.0,4.710144927536232,,,,,,0.24736842105263157,,,,0.0,,,,65.88,
APOLLOFI,2026-08-22,,,137.0,17.1,,,,1.8391959798994975,,8.09,7.6284132136719505,11.6,,,,-0.10879710175396573,,-8.891823508502405,,,,,,,0.0,,,,70.7,
APOLLOIN,2026-08-22,,,120.0,54.8,,0.2412963450435289,12.474012474012476,17.113095238095237,,17.2,30.19390581717452,22.9,,23.7,22.661122661122665,227.10663101885896,,103.61680046403983,,112.67920292885213,0.004291845493562232,,,,0.0,,,,66.58,
ARCHITORG,2026-08-22,,,129.0,323.0,,5.623366912188334,1.1415929203539823,2.012779552715655,,0.64,2.7777777777777777,3.6,,6.0,2.6548672566371683,57.43889826927629,,,,75.23454136580025,0.4,,,,0.79,,,,65.88,
ARCL,2026-08-22,,,190.0,19.9,,,0.6985294117647058,2.3106796116504853,,6.71,4.545454545454546,17.0,,12.0,3.6764705882352944,-2.967250449257841,,-0.39829697567412836,,12.506732624458916,0.8658536585365854,,,,0.0,,,,69.22,
ARTSON,2026-08-22,,,578.0,,,,3.986206896551724,1418.1818181818182,,-428.0,-9.75609756097561,-14.6,,-5.0,-8.275862068965518,,,,,4.244386442532577,54.0,,,,0.0,,,,75.0,
ARVAYA,2026-08-22,,,550.0,4.11,,,0.6037321624588364,,,,,,,8.0,9.879253567508233,,,,,,,,,,0.0,,,,30.62,
ARYACAPM,2026-08-22,,,514.0,20.9,,0.371911044197508,11.953488372093023,4.750830564784053,,30.0,21.1864406779661,31.9,,65.0,58.139534883720934,56.19623382009811,,137.81943062999144,,8.142526799205418,0.0,,,,0.0,,,,74.28,
ARYAMAN,2026-08-22,,,747.0,25.2,,1.4796006947032465,,4.656488549618321,,20.4,16.455696202531644,22.2,,,,17.031622173612316,,43.430082633862675,,,,,,,0.0,,,,63.92,
ASGARD,2026-08-22,,,960.0,377.0,,,7.2180451127819545,8.213333333333333,,5.85,1.4851485148514851,7.36,,8.0,2.2556390977443606,,,,,,1.6222222222222222,,,,0.0,,,,59.95,
ASHNI,2026-08-22,,,82.7,487.0,,,5.941091954022989,0.7536231884057972,,0.29,0.12526711369832733,0.25,,-10.2,1.221264367816092,,,,,3.7347490357151125,0.049029435888088946,,,,0.0,,,,6.61,
ASIIL,2026-08-22,,,225.0,,,,1.3975155279503106,0.7739938080495357,,-15.8,-19.020172910662826,-8.69,,-29.0,-40.993788819875775,,,,,-8.183476031760751,0.09278350515463918,,,,1.6,,,,73.07,
ASMTEC,2026-08-22,,,6674.0,91.4,,,11.049668874172186,21.785714285714285,,25.5,14.314115308151093,27.0,,20.0,11.920529801324504,,,30.03282877742315,,44.06611884382854,0.4169381107491857,,,,0.36,,,,57.65,
ASPIRA,2026-08-22,,,92.7,38.6,,,4.098143236074271,12.820512820512821,,33.0,13.737836290784204,17.0,,15.34,10.610079575596815,,,,,,1.12448132780083,,,,0.0,,,,46.58,
ASTALLTD,2026-08-22,,,358.0,24.3,,,1.4377510040160641,1.0328697850821746,,7.96,2.8957528957528957,9.13,,8.0,6.024096385542169,,,,,,0.1497005988023952,,,,0.0,,,,4.53,
ATISHAY,2026-08-22,,,173.0,30.9,,93.9353234768633,3.0303030303030303,3.146292585170341,,13.1,8.84858044164038,17.0,,14.7,9.826589595375722,0.32894973750328127,,119.540189742749,,9.687677929173066,0.10275962236746551,,,,0.64,,,,74.65,
ATVOENT,2026-08-22,,,439.0,2194.0,,,68.16770186335404,37.272727272727266,,1.8,1.3783597518952446,2.48,,-1.55,3.1055900621118013,0.0,,0.0,,20.18141671998881,0.0,,,,0.0,,,,55.8,
ATVPR,2026-08-22,,,149.0,20.8,,6.059320715767644,2.0405368392221312,0.6982543640897755,,3.42,2.6564410359008557,2.87,,11.39,9.819227608874282,3.432728019474851,,-2.215197205922159,,5.872939499247942,0.17093656156156156,,,,0.0,,,,26.83,
AUROLAB,2026-08-22,,,147.0,66.7,,,7.577319587628867,3.3762517882689553,,4.28,1.661099575697391,,,17.53,9.484536082474229,,,,,,1.0082606700321248,,,,0.0,,,,52.4,
AUTOINT,2026-08-22,,,109.0,13.2,,,1.0686274509803921,1.8630952380952381,,16.7,7.6190476190476195,17.7,,27.0,7.8431372549019605,,,,,,0.5689655172413793,,,,0.05,,,,62.43,
AVAILFC,2026-08-22,,,144.0,0.98,,0.13266437713652962,144.0,0.11007025761124122,,8.57,11.247130833970925,0.02,,59.0,14700.0,7.387062157548496,,-6.773030357875031,,0.0,0.0,,,,0.0,,,,65.53,
AVANCE,2026-08-22,,,174.0,12.4,,0.23924622654556588,0.9560439560439561,0.44221105527638194,,3.42,2.157164869029276,2.68,,0.2,7.6923076923076925,51.829448593783134,,,,8.11923527860583,0.41624365482233505,,,,0.0,,,,0.68,
AVEER,2026-08-22,,,268.0,67.8,,1.6343187094008869,1.8611111111111112,5.254385964912281,,10.1,5.797101449275362,15.1,,6.0,2.7777777777777777,41.48517642856473,,,,14.871677247026739,0.058823529411764705,,,,0.04,,,,74.88,
AVIVA,2026-08-22,,,198.0,76.4,,,1.6229508196721312,1.9901960784313724,,4.82,3.79746835443038,6.46,,2.9,2.459016393442623,,,,,395.96756638423,0.013513513513513514,,,,0.0,,,,3.01,
AXTEL,2026-08-22,,,666.0,21.3,,,2.908296943231441,5.336787564766839,,20.5,14.351851851851851,30.0,,18.0,13.537117903930133,-0.9645271115299447,,17.681087064730416,,0.888935508416755,0.0,,,,2.91,,,,49.95,
AZADIND,2026-08-22,,,493.0,160.0,,,6.689280868385346,3.678861788617886,,2.46,2.0364982808780745,3.2,,3.55,4.179104477611941,,,,,,0.004855456786434601,,,,0.0,,,,15.53,
BALGOPAL,2026-08-22,,,449.0,,,,22450.0,7.174721189591079,,-15.7,-5.560733146940044,-17.2,,-10300.0,-26850.0,,,,,-89.45365751139526,0.06609808102345416,,,,0.0,,,,55.37,
BAMBINO,2026-08-22,,,176.0,18.0,,,0.4512820512820513,1.6058394160583942,,9.48,4.25531914893617,12.3,,8.0,2.564102564102564,-3.5428381522206065,,2.08331440735654,,5.940882849536866,0.8272727272727273,,,,0.73,,,,74.96,
BARODARY,2026-08-22,,,282.0,14.3,,,4.947368421052632,0.7151162790697675,,5.29,4.644808743169399,3.69,,31.0,59.64912280701754,-0.6286650217172118,,-38.266167015517816,,-9.539001563466465,0.44556962025316454,,,,0.0,,,,67.52,
BAROEXT,2026-08-22,,,194.0,21.4,,,1.0104166666666667,7.8046875,,280.0,16.363636363636363,55.9,,6.0,4.6875,,,39.17815329492746,,14.771089036875008,0.24,,,,0.0,,,,54.94,
BASANTGL,2026-08-22,,,108.0,14.9,,0.6756681858751912,0.17307692307692307,0.5862068965517241,,3.87,1.443298969072165,7.03,,5.0,1.1217948717948718,22.052244447028492,,-17.553136521892476,,15.12078982389815,1.0,,,,0.42,,,,53.09,
BCCFUBA,2026-08-22,,,473.0,57.4,,,6.510667584308327,10.434782608695652,,16.9,6.8825427171705105,18.4,,14.73,7.92842395044735,,,,,,0.4029232111692844,,,,0.0,,,,32.34,
BDH,2026-08-22,,,311.0,26.6,,4.543602714732532,3.11,4.029850746268656,,14.8,12.121212121212121,20.5,,15.0,12.0,5.85438509263807,,10.145806804451318,,5.155949599222054,0.025974025974025976,,,,0.93,,,,49.7,
BELDING,2026-08-22,,,1463.0,,,,,1.393103448275862,,-0.97,-0.8741258741258742,0.53,,-1832.0,,,,,,,0.03622497616777884,,,,0.0,,,,55.78,
BEMHY,2026-08-22,,,485.0,30.1,,1.1134370693426678,4.801980198019802,5.751295336787565,,18.5,10.884353741496598,23.3,,24.0,15.841584158415841,27.03340927724809,,22.826050431430446,,6.33609213825812,0.21428571428571427,,,,0.09,,,,74.69,
BENARAS,2026-08-22,,,1326.0,30.1,,4.422893435592164,8.95945945945946,6.234718826405868,,22.5,17.120622568093385,29.8,,42.0,29.72972972972973,6.805499711518603,,50.69757728890725,,6.944580608140205,0.018867924528301886,,,,0.25,,,,62.58,
BENGALT,2026-08-22,,,127.0,19.2,,,2.414907777143944,0.6497695852534562,,2.32,3.0221410636840904,4.76,,5.25,12.587944476136148,,,-18.395241639234793,,-2.142262733589295,0.046818297981088684,,,,1.06,,,,74.89,
BGDL,2026-08-22,,,994.0,,,,161.36363636363637,5.218085106382978,,-0.06,-0.534715868659144,-0.04,,-49.35,-42.69480519480519,,,,,-37.930494633923985,0.42788815305371597,,,,0.0,,,,,
BGWTATO,2026-08-22,,,196.0,13.6,,0.4880377090854046,1.0710382513661203,3.343137254901961,,24.7,15.217391304347828,31.6,,14.0,7.650273224043716,27.866699123489358,,,,10.946966029373396,0.15254237288135594,,,,0.51,,,,74.06,
BHARATAGRI,2026-08-22,,,121.0,,,,4.140999315537304,2.3069207622868606,,-14.8,-8.63060989643268,-6.14,,-10.57,-28.234086242299796,,,,,8.924744461757106,0.5114778979320812,,,,0.0,,,,67.83,
BHATIA,2026-08-22,,,415.0,20.7,,1.224293229400444,0.6194029850746269,3.1283138918345705,,15.2,10.050251256281408,21.3,,4.3,2.9850746268656714,16.907714183910926,,28.473515712343932,,17.40632311285688,0.07518796992481203,,,,0.14,,,,69.45,
BHILSPIN,2026-08-22,,,120.0,13.9,,0.19040243392224787,1.1320754716981132,2.3783783783783785,,9.35,5.660377358490567,5.85,,16.0,8.49056603773585,73.00326846491973,,36.46145610861922,,127.52080655190383,2.08,,,,0.0,,,,59.12,
BIHSPONG,2026-08-22,,,110.0,9.39,,0.5759578187535627,0.6547619047619048,-3.236074270557029,,,13.043478260869565,39.0,,-7.0,7.142857142857142,16.303277244019387,,6.9942346731201255,,-14.309500685080323,-0.7941176470588235,,,,0.0,,,,69.23,
BLUECLOUDS,2026-08-22,,,2051.0,32.0,,0.8379360382167927,1.885110294117647,1.8048780487804876,,11.6,4.681784930504755,14.2,,15.0,5.88235294117647,38.189072364161625,,,,29.41215207115406,0.2914409534127844,,,,0.0,,,,38.44,
BMW,2026-08-22,,,1134.0,13.3,,1.3257810839997883,1.6603221083455344,1.4117647058823528,,10.6,6.584043377226956,12.4,,24.0,12.445095168374817,10.03182211641973,,19.76501793988177,,4.529732715409951,0.4577114427860697,,,,0.85,,,,74.36,
BOMOXY-B1,2026-08-22,,,292.0,175.0,,2.7274314629714955,,1.4569036405771099,,1.7,1.2115866679045584,2.12,,,,64.16293218577897,,,,,,,,,0.13,,,,73.29,
BPAGRI,2026-08-22,,,541.0,515.0,,,11.070186208307756,8.803921568627452,,1.69,1.262474449921847,2.23,,2.8,2.148557397176182,,,,,472.8263628242292,0.0006504065040650406,,,,0.0,,,,0.08,
BPLPHARMA,2026-08-22,,,963.0,,,,2.981424148606811,2.985042735042735,,-2.51,-4.893964110929853,-1.82,,3.3,-9.287925696594428,,,,,7.362843438414002,0.453416149068323,,,,0.07,,,,67.2,
BRADYM,2026-08-22,,,148.0,30.8,,,2.093056144816858,2.8,,11.1,6.94284064665127,14.4,,7.48,6.802432470654788,-17.004398831470002,,8.548957850016947,,-2.035569936705217,0.09140698772426817,,,,0.0,,,,73.98,
BRAHMINFRA,2026-08-22,,,476.0,7.81,,0.14828483061174996,1.2268041237113403,1.3781512605042017,,18.9,8.507670850767084,18.2,,23.0,15.721649484536082,52.66890731695075,,53.72150851141988,,20.81930919765249,0.3681159420289855,,,,0.0,,,,74.05,
BRIGHTBR,2026-08-22,,,141.0,24.6,,,0.35516372795969775,1.7464788732394365,,7.53,2.3529411764705883,11.7,,7.0,1.5113350125944585,,,-29.087491240924923,,17.45589201889084,0.8765432098765432,,,,1.01,,,,54.54,
BRPL,2026-08-22,,,180.0,16.1,,0.34486593577255437,1.0975609756097562,4.28125,,28.0,17.741935483870968,34.4,,10.0,6.707317073170732,46.68480800788124,,23.210380957979957,,15.658971921573418,0.07142857142857142,,,,0.73,,,,73.27,
CALCOM,2026-08-22,,,97.0,89.8,,,0.41630901287553645,1.14332784184514,,1.88,0.4694835680751174,6.61,,5.0,0.4291845493562232,-6.7628392479558315,,,,13.34750879974871,0.7529411764705882,,,,0.0,,,,64.32,
CANDOUR,2026-08-22,,,165.0,446.0,,,3.3957604445359126,4.863309352517985,,1.67,1.2862918044836458,2.68,,0.7,0.7203128215682238,,,,,,0.015198927134555208,,,,0.0,,,,25.27,
CAPPIPES,2026-08-22,,,138.0,22.1,,,1.7149248167018765,2.704819277108434,,14.7,6.708167865192658,14.8,,9.68,7.766869640859948,,,,,,0.6112416764590678,,,,0.0,,,,64.39,
CAPRIHANS,2026-08-22,,,225.0,,,,0.2980132450331126,0.5039370078740157,,-13.2,-2.278481012658228,2.27,,9.0,-3.576158940397351,,,,,2.358700622445742,1.5891089108910892,,,,0.0,,,,55.99,
CCME,2026-08-22,,,232.0,,,,53.5796766743649,6.928281461434372,,-0.31,-0.2439024390243902,,,4.16,-0.6928406466512702,,,,,,0.15400624349635797,,,,0.0,,,,74.35,
CDG,2026-08-22,,,221.0,29.0,,,1.8416666666666666,4.071550255536627,,17.2,9.219858156028367,28.8,,21.0,10.833333333333334,,,,,43.04273207895313,0.4117647058823529,,,,0.0,,,,73.75,
CEENIK,2026-08-22,,,94.4,,,,15.055821371610847,4.625984251968505,,-5.22,0.9151785714285715,1.44,,-14.83,6.539074960127592,,,,,,0.951747907434761,,,,5.32,,,,64.95,
CHANDRIMA,2026-08-22,,,215.0,86.3,,,2.912095354192063,2.128712871287129,,3.95,2.090329079919409,4.73,,5.96,3.3726127590410404,-4.353440861380542,,47.57731615945522,,56.1534868993244,0.05692505692505693,,,,0.0,,,,,
CHEMCRUX,2026-08-22,,,125.0,30.1,,,1.4521375464684014,1.6242774566473988,,4.93,3.2564344005021977,7.4,,14.17,4.8210966542750935,-21.096840866245948,,-22.523245531198665,,3.1334474616300456,0.447234873129473,,,,1.19,,,,72.92,
CHEMTECH,2026-08-22,,,126.0,46.5,,,3.941194870190804,1.1692307692307693,,4.93,2.341050449205252,7.77,,2.38,8.476696903346888,-19.166576435841076,,,,0.6228388167313081,0.0,,,,0.0,,,,40.68,
CHLLTD,2026-08-22,,,156.0,14.4,,,1.0985915492957747,0.41424418604651164,,5.17,1.2035010940919038,6.45,,12.0,7.746478873239436,-8.207244224375465,,,,1.6993534600199034,0.6949602122015915,,,,0.0,,,,72.84,
CHOKSI,2026-08-22,,,137.0,26.5,,0.7204990774251673,2.9380227321466865,3.261163734776725,,14.5,10.942441492726124,18.5,,14.52,11.130173707913361,36.7800609748211,,,,42.86932205047653,0.04559487057706008,,,,0.0,,,,71.15,
CITIZEN,2026-08-22,,,299.0,15.0,,0.014318002347781616,1.5736842105263158,2.7448453608247423,,96.4,11.299435028248588,42.6,,13.0,10.526315789473683,1047.6321791024186,,,,262.157822172087,2.5238095238095237,,,,0.0,,,,53.49,
CMBL,2026-08-22,,,298.0,,,,,4.7,,-0.3,-1.4705882352941178,-0.29,,-10.0,,,,,,,0.0,,,,0.0,,,,3.12,
COCHINM,2026-08-22,,,232.0,9.44,,0.26191815322571294,0.6744186046511628,1.3454545454545455,,9.36,8.870967741935484,13.6,,8.0,6.395348837209303,36.04179352877806,,28.34829310238911,,4.66763131264154,0.03488372093023256,,,,2.7,,,,51.36,
COMPEAU,2026-08-22,,,218.0,9.12,,,0.08238851095993953,0.5627980922098569,,6.05,2.5611175785797435,8.24,,3.5,0.8314436885865457,-7.699178150876406,,,,7.939740124331673,1.0906735751295338,,,,0.28,,,,74.92,
CORALAB,2026-08-22,,,232.0,12.2,,1.8070977686397187,2.3917525773195876,1.1111111111111112,,7.88,7.883817427385892,11.0,,19.0,19.587628865979383,6.751156584728379,,16.246790019377787,,4.913364811202969,0.01904761904761905,,,,0.31,,,,71.51,
COROENGG,2026-08-22,,,218.0,134.0,,,9.113712374581938,,,34.5,6.518196632265074,,,7.32,5.016722408026755,,,,,,1.1059322033898304,,,,0.0,,,,70.87,
COSMOFE,2026-08-22,,,253.0,,,,2.504950495049505,10.9375,,-5.98,-0.8620689655172413,4.46,,7.0,-0.9900990099009901,,,,,1.010169380837378,3.0,,,,0.0,,,,63.65,
COVANCE,2026-08-22,,,404.0,10.3,,,2.8450704225352115,2.401574803149606,,26.5,13.928571428571429,31.4,,25.0,27.464788732394368,,,,,32.5316189395773,0.0,,,,0.0,,,,71.7,
CRESCENTIS,2026-08-22,,,172.0,957.0,,,,12.095808383233534,,1.28,1.2474012474012472,1.7,,,,-20.62994740159002,,-14.446794027255072,,,,,,,0.0,,,,74.98,
CTL,2026-08-22,,,377.0,200.0,,,,5.149384885764499,,2.63,0.879642557944708,6.96,,,,,,,,,,,,,0.0,,,,39.85,
CUPIDALBV,2026-08-22,,,251.0,,,,,0.3637566137566138,,-0.53,-0.7646962946865152,,,,,,,,,,0.04209322193423205,,,,0.0,,,,54.0,
DANLAW,2026-08-22,,,712.0,140.0,,,5.159420289855072,21.838565022421523,,7.11,4.901960784313726,8.22,,6.0,3.6231884057971016,,,28.699769270165977,,35.885191983940935,1.28,,,,0.0,,,,61.87,
DEL,2026-08-22,,,191.0,55.5,,,1.7522935779816513,2.74390243902439,,6.6,1.9230769230769231,10.0,,-0.7,2.7522935779816518,-4.287477696238429,,11.727508229129512,,9.952273860131577,0.8,,,,0.07,,,,74.59,
DHABRIYA,2026-08-22,,,624.0,19.2,,0.5981483806598408,2.302583025830258,4.808333333333334,,26.3,14.15929203539823,25.6,,21.0,11.808118081180812,32.09905872990868,,44.86908648793779,,8.699850102311203,0.5846153846153846,,,,0.12,,,,67.75,
DHAMPURE,2026-08-22,,,134.0,20.9,,0.25393675039242647,2.035236938031592,3.168724279835391,,14.8,12.418558736426457,19.7,,12.8,9.553462940461726,82.30395942179203,,67.30715530730124,,31.415733816420378,0.0,,,,0.0,,,,60.27,
DHINDIA,2026-08-22,,,173.0,19.2,,0.38896816672069584,0.650375939849624,2.2207621550591328,,13.4,5.960264900662252,14.4,,7.0,3.3834586466165413,49.36136589755129,,27.899309410900088,,18.961979798888628,0.6025641025641025,,,,0.0,,,,44.86,
DHOOTIN,2026-08-22,,,184.0,3.31,,,2.216867469879518,0.42318840579710143,,-3.19,12.5,-0.87,,79.0,67.46987951807229,-27.800441407502774,,24.44636623832497,,35.99451237862552,0.0,,,,0.51,,,,69.07,
DHPIND,2026-08-22,,,154.0,13.8,,,2.081081081081081,0.6514575411913816,,4.66,4.417670682730924,6.49,,24.0,14.864864864864865,-24.875627237216314,,-20.663158619189225,,11.768292630308741,0.029535864978902954,,,,0.78,,,,73.36,
DLTNCBL,2026-08-22,,,488.0,25.4,,2.687809774280906,0.43727598566308246,1.420654911838791,,6.71,2.2041763341067284,14.8,,7.0,1.702508960573477,9.450073529402015,,90.36539387158786,,40.660861824554,0.5348837209302325,,,,0.35,,,,73.04,
DOLFIN,2026-08-22,,,167.0,26.8,,2.844424125057948,0.9175824175824175,4.278350515463917,,13.7,7.228915662650602,14.0,,5.0,3.296703296703297,9.421942305968178,,17.269942920948033,,13.040381433805548,0.48717948717948717,,,,0.0,,,,37.68,
DUNCANENG,2026-08-22,,,131.0,,,,2.425925925925926,3.7820512820512824,,-48.2,24.096385542168676,-15.9,,-11.0,37.03703703703704,150.57443665493594,,-5.276150008062219,,1.2659571768745437,0.6857142857142857,,,,0.85,,,,74.56,
DUROPLY,2026-08-22,,,107.0,,,,0.4908256880733945,1.0260416666666667,,-10.5,-3.0864197530864197,2.51,,1.8,-2.293577981651376,,,,,,1.2727272727272727,,,,0.0,,,,50.22,
EASTINDIA,2026-08-22,,,164.0,34.4,,,0.6666666666666666,7.708333333333333,,23.2,4.0650406504065035,21.2,,7.0,2.0325203252032518,-31.113966022646412,,,,,2.1818181818181817,,,,1.35,,,,94.68,
EBIX,2026-08-22,,,423.0,,,,0.1735028712059065,-0.21459694989106753,,,-11.702402479979334,5.95,,4.1,-18.580803937653815,,,,,,-0.695675105485232,,,,0.0,,,,42.7,
ECOBOAR,2026-08-22,,,168.0,,,,5.090909090909091,7.435597189695551,,-123.0,-16.39344262295082,-44.3,,-28.0,-30.303030303030305,,,,,3.228011545636722,0.36363636363636365,,,,0.0,,,,44.84,
ECOPLAST,2026-08-22,,,210.0,17.4,,9.086626661260503,0.9905660377358491,1.277456647398844,,10.6,8.391608391608392,14.4,,9.0,5.660377358490567,1.914902047663336,,,,23.334848822086673,0.01680672268907563,,,,0.0,,,,74.45,
ECORECO,2026-08-22,,,878.0,36.5,,3.5027314834098995,15.963636363636363,7.940663176265271,,23.3,17.77777777777778,30.0,,59.0,43.63636363636363,10.420439069587871,,13.584454687410163,,25.237643157623534,0.05454545454545454,,,,0.22,,,,73.35,
EKANSH,2026-08-22,,,345.0,,,,13.701350277998412,7.6,,-6.48,-2.9866387215090384,1.48,,-7.94,-13.58220810166799,,,,,-16.59565704376241,0.5739762219286658,,,,0.0,,,,,
EKI,2026-08-22,,,216.0,,,,2.6341463414634148,0.5700729927007299,,-3.9,-5.656934306569343,-3.84,,-24.0,-37.80487804878049,,,,,-32.191203775863166,0.013157894736842105,,,,2.56,,,,65.89,
ELNET,2026-08-22,,,124.0,13.8,,0.8159774194300973,5.583070688878883,1.8284023668639053,,14.2,10.184451737014824,18.5,,52.45,40.5222872579919,16.91223270570199,,10.789480307570255,,1.1202404985089398,0.0628689492325856,,,,0.61,,,,52.85,
EMERALD,2026-08-22,,,173.0,10.8,,0.21478293246101834,,1.7892857142857144,,16.0,14.049586776859504,21.2,,,,50.28332501214978,,40.477511548179315,,,,,,,0.3,,,,59.7,
EMERALL,2026-08-22,,,424.0,,,,25.932721712538225,-5.035714285714286,,,-8.630863086308633,8.85,,41.65,-52.78287461773701,,,,,1.1684762694183615,-1.756271549161812,,,,0.0,,,,73.76,
EMERGENT,2026-08-22,,,178.0,117.0,,,0.3207207207207207,6.116352201257862,,4.47,6.451612903225806,11.4,,0.7,0.36036036036036034,-3.8928953354717355,,2.184344639606395,,15.84436740550923,0.0,,,,0.0,,,,73.83,
EMPIND,2026-08-22,,,715.0,184.0,,1.5559416256531315,9.348849372384937,,,15.1,3.815163576351811,16.8,,-1.16,5.1385983263598325,118.25636448460143,,,,4.998039675056565,0.9524160826263371,,,,2.1,,,,72.55,
EMROCK,2026-08-22,,,435.0,353.0,,,184.3220338983051,18.333333333333332,,7.78,3.5354987065248635,8.48,,56.78,52.118644067796616,,,,,,0.4427609427609427,,,,0.0,,,,74.63,
ENKEIWHEL,2026-08-22,,,744.0,29.2,,1.2684910145859989,0.6589902568644819,3.112781954887218,,4.13,3.6363636363636362,7.66,,10.0,1.9486271036315321,23.019477208934024,,5.992438652989063,,16.393029760041134,0.875,,,,0.0,,,,74.97,
ESCORP,2026-08-22,,,122.0,19.3,,,16.920943134535367,1.7571884984025559,,4.37,8.694459681843115,5.36,,88.35,87.93342579750346,-28.38658576880375,,12.450947392208068,,-28.57835915074721,0.0,,,,0.0,,,,67.62,
ESPIRE,2026-08-22,,,240.0,25.7,,0.5274815061591023,1.7142857142857142,4.707602339181286,,17.2,3.8135593220338984,12.2,,17.0,6.428571428571428,48.722087314750716,,,,57.2564660105511,2.764705882352941,,,,0.0,,,,69.25,
EVERESTO,2026-08-22,,,297.0,56.5,,0.2678805060399464,1.5549738219895288,3.8352638352638353,,7.63,2.083333333333333,12.0,,10.0,2.6178010471204187,210.91493679489582,,30.67177310410849,,-1.02571333346958,0.6578947368421053,,,,0.0,,,,59.6,
EVEXIA,2026-08-22,,,248.0,133.0,,,2.0840336134453783,0.4370860927152318,,,0.10793308148947653,,,1.7,1.680672268907563,,,,,28.564079532911755,2.1552028218694885,,,,0.0,,,,3.36,
EXPOEAPL,2026-08-22,,,220.0,168.0,,13.406905607099748,3.430531732418525,4.936046511627907,,4.89,1.5059202207150248,9.07,,9.43,2.0427257133946672,12.530855733856594,,12.239306718204613,,-5.378799577694371,0.8307026476578412,,,,0.0,,,,59.33,
EY,2026-08-22,,,137.0,,,,1.454043727446402,4.829787234042553,,-16.4,-7.30319803198032,-8.42,,0.45,-5.041392485671832,,,,,,0.580599647266314,,,,0.0,,,,62.29,
FILTRON,2026-08-22,,,492.0,85.5,,,5.003559442692973,8.166491043203372,,14.8,4.5736064792758455,11.3,,6.2,5.857825689006407,,,,,,0.2665008291873963,,,,0.0,,,,73.36,
FLUIDOM,2026-08-22,,,384.0,40.0,,0.8999375873985798,8.45628716141819,7.797797797797798,,21.2,16.035374603704323,28.5,,27.26,21.162739484695,44.44752676196879,,,,21.225473413314553,0.0,,,,0.96,,,,53.45,
FORBESCO,2026-08-22,,,347.0,28.6,,,5.17910447761194,1.735483870967742,,1.67,4.780876494023905,5.11,,9.0,17.91044776119403,,,-68.97826128339307,,-18.7690379910864,0.03015075376884422,,,,0.0,,,,73.85,
FOSECOC,2026-08-22,,,878.0,60.0,,3.0339261327040163,7.90990990990991,9.980891719745223,,18.2,13.559322033898304,29.6,,26.0,14.414414414414415,19.776354919532736,,7.253826106043237,,3.1970307479940896,0.0,,,,0.8,,,,75.0,
FRATELLI,2026-08-22,,,483.0,,,,2.542105263157895,3.5463258785942493,,-17.0,-6.628242074927954,-4.87,,-2.4,-12.105263157894736,,,,,-23.294971605026717,1.0222222222222221,,,,0.0,,,,57.19,
FREDUN,2026-08-22,,,2373.0,54.1,,,3.1724598930481283,8.441176470588236,,15.6,6.853582554517133,21.3,,15.0,5.88235294117647,,,,,,0.7985611510791367,,,,0.02,,,,44.57,
GALAGEX,2026-08-22,,,113.0,451.0,,,20.471014492753625,24.482758620689655,,3.28,4.409171075837742,2.25,,9.06,4.528985507246378,-16.752224563919892,,,,-1.1217002778315055,0.0,,,,0.0,,,,0.05,
GALXBRG,2026-08-22,,,280.0,75.6,,,4.205467107239412,2.5491329479768785,,3.05,2.6589263957571845,5.2,,9.48,5.57224391709222,-41.8172603353655,,-22.518200783718857,,-19.39228031726936,0.16469840116279066,,,,0.0,,,,46.83,
GAMCO,2026-08-22,,,271.0,,,,0.7527777777777778,1.6266233766233766,,-35.5,-5.893909626719057,-8.19,,-2.8,-8.333333333333332,,,,,17.662139846489566,1.7245508982035929,,,,0.2,,,,72.02,
GANGAPA,2026-08-22,,,108.0,60.3,,9.429275267559007,0.35526315789473684,3.3444816053511706,,5.09,2.0,7.51,,2.5,0.6578947368421052,6.394977163033877,,-19.790555037640022,,7.311473649022515,1.375,,,,0.0,,,,74.99,
GARNETINT,2026-08-22,,,117.0,37.3,,,35.670731707317074,2.759259259259259,,11.8,6.914071128782857,11.2,,49.09,95.42682926829269,,,,,-45.54288370715691,0.023770298893857376,,,,0.0,,,,49.27,
GARWAOFFS,2026-08-22,,,157.0,,,,3.6511627906976742,1.253694581280788,,-11.6,-4.854368932038835,-5.87,,30.0,-23.25581395348837,,,,,3.3081575495288007,0.52,,,,0.0,,,,30.34,
GEE,2026-08-22,,,693.0,38.6,,2.8188060282387486,1.7633587786259541,3.21256038647343,,7.53,6.031746031746032,11.4,,9.0,4.8346055979643765,13.693741113544489,,4.592784586713217,,2.1226465991291077,0.2837209302325581,,,,0.0,,,,63.58,
GENNEX,2026-08-22,,,308.0,16.4,,1.7394960559297703,1.6830601092896176,1.3864628820960698,,9.25,6.017191977077363,10.8,,14.0,11.475409836065573,9.428017927430199,,29.335831501345865,,28.127970077545996,0.35585585585585583,,,,0.0,,,,23.63,
GGAUTO,2026-08-22,,,167.0,17.4,,0.8032879442508888,1.6057692307692308,2.874354561101549,,21.2,9.174311926605505,20.4,,18.0,9.615384615384617,21.66097490262533,,78.4094802005866,,4.171400751029397,0.5,,,,0.0,,,,39.6,
GHVINFRA,2026-08-22,,,2052.0,40.0,,,2.7214854111405837,15.65934065934066,,37.3,8.600337268128163,,,15.0,6.763925729442971,,,,,,1.465648854961832,,,,0.0,,,,63.98,
GLITTEKG,2026-08-22,,,159.0,,,,3180.0,14.536817102137768,,-3.47,-5.914467697907188,-3.38,,-5000.0,-1300.0,,,,,-80.6768055934759,0.0,,,,0.0,,,,70.59,
GLOBUSCON,2026-08-22,,,123.0,11.4,,,30.75,1.3368983957219251,,-6.92,5.612244897959184,-2.74,,-10.0,275.0,,,,,0.0,0.0,,,,0.0,,,,73.68,
GODAVARI,2026-08-22,,,110.0,28.3,,,1.0,1.3502673796791445,,6.38,2.0,6.69,,9.0,3.6363636363636362,-13.864045013194437,,-7.539204463415594,,-11.18267732555327,1.0,,,,0.0,,,,40.23,
GOLDENCREST,2026-08-22,,,164.0,682.0,,12.752455139610086,381.3953488372093,14.857142857142858,,1.65,2.175883952855848,2.2,,48.84,55.81395348837209,53.479897990909734,,42.49563932239631,,26.984209656030835,0.0,,,,0.0,,,,58.17,
GOLKUNDIA,2026-08-22,,,238.0,15.2,,0.8568725180273119,0.8013468013468014,2.973913043478261,,18.8,10.526315789473683,20.1,,9.0,5.387205387205387,17.738928113826514,,16.330514481696824,,8.895400815502974,0.4375,,,,0.44,,,,72.82,
GOODRICKE,2026-08-22,,,476.0,9.83,,,0.568019093078759,1.5602836879432624,,6.31,10.51752921535893,5.11,,6.0,7.517899761336516,,,64.3639536045108,,0.5631655341822528,0.0625,,,,0.91,,,,74.0,
GOURMET,2026-08-22,,,189.0,263.0,,,0.9402985074626866,3.012048192771084,,-0.75,1.0582010582010581,6.01,,16.0,0.9950248756218906,-48.21279156743569,,,,11.245145199540252,1.2698412698412698,,,,0.0,,,,46.84,
GTTDATA,2026-08-22,,,175.0,,,,1.2411347517730495,2.251231527093596,,-30.2,-10.344827586206897,-16.5,,-1.8,-10.638297872340425,,,,,115.9552131324221,0.4358974358974359,,,,0.0,,,,62.24,
GTV,2026-08-22,,,356.0,21.8,,,3.4901960784313726,,,,,,,18.0,13.725490196078432,,,,,,,,,,0.19,,,,57.88,
GUJINJEC,2026-08-22,,,159.0,52.9,,0.30855959182843345,3.429680759275237,13.333333333333334,,16.6,8.181074447777474,22.9,,8.41,6.47109577221743,171.44176165949062,,,,100.05755396001148,0.0,,,,0.0,,,,,
GUJINTRX,2026-08-22,,,143.0,13.6,,1.1033247007909999,2.0428571428571427,2.1666666666666665,,15.6,13.88888888888889,21.3,,21.0,14.285714285714285,12.32638043021228,,28.049089455346632,,7.088062578826659,0.0,,,,1.8,,,,58.48,
GUJJUBHAI,2026-08-22,,,275.0,48.6,,,2.0676691729323307,6.75257731958763,,18.5,10.526315789473683,21.4,,6.0,4.511278195488721,-10.669379454010885,,57.54152303712527,,34.22383725984031,0.14634146341463414,,,,0.0,,,,64.06,
HAMPTON,2026-08-22,,,232.0,,,,16.571428571428573,1.68389662027833,,3.84,-6.153846153846154,6.07,,-127.0,-142.85714285714286,,,,,-42.06622258522583,0.45985401459854014,,,,0.0,,,,75.01,
HAZOOR,2026-08-22,,,572.0,19.6,,,1.1021194605009634,0.9173913043478261,,7.89,1.7190278601066984,12.0,,49.0,5.5876685934489405,-33.18745394768353,,,,-1.6161941824874848,0.7291666666666666,,,,1.89,,,,13.7,
HBGHOTELS,2026-08-22,,,168.0,54.2,,,5.185185185185185,0.4494505494505494,,0.77,0.3901825047199497,0.73,,21.91,9.567901234567902,-77.83216761060694,,,,5.656312722178636,0.9481923519494767,,,,0.18,,,,69.8,
HERCULES,2026-08-22,,,387.0,10.4,,,2.1864406779661016,0.40878378378378377,,4.35,3.5204567078972406,5.66,,17.0,20.903954802259886,,,,,,0.005274261603375527,,,,2.07,,,,69.61,
HIGHENE,2026-08-22,,,557.0,40.7,,,7.141025641025641,5.016129032258065,,15.4,9.352517985611511,20.4,,21.0,16.666666666666664,-9.344839592111953,,-6.485517618716374,,0.0,0.10714285714285714,,,,0.48,,,,43.06,
HIKLASS,2026-08-22,,,272.0,37.5,,,18.24279007377599,5.148571428571429,,-4.69,13.5498320268757,-1.46,,66.73,48.69215291750503,,,,,328.12903388597795,0.009811320754716982,,,,0.0,,,,28.6,
HIMTEK,2026-08-22,,,274.0,34.2,,,0.7345844504021448,,,,,,,9.0,1.876675603217158,,,,,,,,,,0.19,,,,54.37,
HINDADH,2026-08-22,,,181.0,8.06,,0.8126484474330823,0.6728624535315985,1.6619718309859155,,15.9,7.638888888888889,13.4,,18.0,8.178438661710038,9.918187902110898,,11.720979364963679,,-3.8897108509908906,1.1192660550458715,,,,0.0,,,,68.48,
HINDAPL,2026-08-22,,,106.0,,,,,7.310344827586207,,-0.41,-0.255503144654088,-0.22,,,,,,,,,2.475928473177442,,,,0.0,,,,70.82,
HINDHARD,2026-08-22,,,106.0,16.1,,1.5260192779220922,1.0,2.824,,25.0,10.9375,27.8,,9.0,6.60377358490566,10.550325433583385,,12.322565639319304,,15.948637819501933,0.23684210526315788,,,,0.4,,,,66.16,
HINDMOTORS,2026-08-22,,,308.0,,,,308.0,-3.2885906040268456,,,-61.53846153846154,,,-2632.0,-3200.0,,,,,-88.86336948112434,-0.40425531914893614,,,,0.0,,,,32.33,
HINDTIN,2026-08-22,,,117.0,12.5,,,0.27400468384074944,0.5255813953488372,,3.79,2.5423728813559325,7.27,,7.0,2.107728337236534,-18.11182632594175,,-9.23499023727803,,0.7930545306994663,0.3183856502242152,,,,0.66,,,,41.11,
HPBL,2026-08-22,,,261.0,7.88,,,0.41037735849056606,3.1770833333333335,,32.9,10.582010582010582,19.4,,13.0,6.289308176100629,,,,,29.184884093235365,3.0,,,,0.41,,,,75.0,
HYPERSOFT,2026-08-22,,,1762.0,431.0,,,24.448452893020676,8.06949806949807,,1.87,1.454273929739724,,,7.03,5.675038157347024,,,,,,0.0,,,,0.0,,,,59.24,
ICONIKSPEV,2026-08-22,,,126.0,26.2,,,2.769230769230769,1.8009708737864076,,8.13,5.488084326306141,10.5,,13.49,10.527472527472527,,,8.144247310122177,,1048.9383186228135,0.0,,,,0.0,,,,8.68,
IFINSEC,2026-08-22,,,657.0,40.1,,1.7794058889053241,,8.333333333333334,,16.0,29.11392405063291,28.6,,,,22.53561160498867,,22.272343168297137,,,,,,,0.0,,,,55.98,
IIRM,2026-08-22,,,895.0,36.4,,13.305451297527956,3.4689922480620154,5.695652173913044,,16.9,8.865248226950355,20.4,,23.0,9.689922480620156,2.735720809918174,,,,13.170499973348115,0.6050955414012739,,,,0.0,,,,57.89,
IKOMA,2026-08-22,,,146.0,,,,1042.8571428571427,15.818639798488663,,2.53,-4.858548585485854,3.06,,-614.29,-564.2857142857142,,,,,-84.51847481911675,0.1910966340933768,,,,0.0,,,,37.72,
INDAG,2026-08-22,,,310.0,22.6,,,1.2916666666666667,1.3409090909090908,,4.44,3.9473684210526314,5.07,,6.0,5.0,-5.258077966885166,,40.070278102179714,,-1.4826986748483484,0.07792207792207792,,,,2.03,,,,73.34,
INDGELA,2026-08-22,,,263.0,10.1,,,1.4943181818181819,1.358974358974359,,11.5,11.981566820276496,15.9,,17.0,14.772727272727273,-2.7654199484969166,,35.998546566396605,,-5.1111574530684045,0.02072538860103627,,,,1.62,,,,69.05,
INDIAHOMES,2026-08-22,,,1031.0,,,,343.6666666666667,27.849462365591396,,-50.4,-7.352941176470589,-19.0,,-488.0,-1000.0,,,,,-72.48393959254477,2.027027027027027,,,,0.0,,,,34.25,
INDINFO,2026-08-22,,,96.3,419.0,,,0.702919708029197,0.3851351351351351,,0.23,0.0,0.47,,0.4,0.0,,,,,93.19193337872773,0.12449799196787148,,,,0.0,,,,11.53,
INDOKEM,2026-08-22,,,1676.0,748.0,,,9.632183908045977,26.017316017316016,,2.96,1.3793103448275863,6.29,,3.0,1.1494252873563218,,,,,1.786090690515918,0.4153846153846154,,,,0.0,,,,68.67,
INDSILHYD,2026-08-22,,,113.0,7.51,,,0.743421052631579,0.5702247191011236,,7.58,6.607929515418502,,,10.0,9.868421052631579,-46.05052849200892,,,,-9.927250969940694,0.0,,,,1.48,,,,62.81,
INDSUCR,2026-08-22,,,150.0,3.6,,,0.3138075313807531,0.5154761904761904,,15.8,4.739336492890995,17.5,,15.0,6.2761506276150625,-3.4055303190777653,,-4.926932683901564,,-3.322797521280063,0.6575342465753424,,,,0.0,,,,64.48,
INDTONER,2026-08-22,,,248.0,9.14,,0.22579980912728065,1.6870748299319729,1.4631901840490797,,11.6,13.5,14.3,,21.0,18.367346938775512,40.47833359703104,,6.395654877706125,,16.907714183910926,0.0,,,,2.52,,,,69.25,
INDUSFINL,2026-08-22,,,196.0,64.8,,1.2700446096465896,,8.548387096774194,,10.5,7.480429109886924,15.0,,,,51.02182986944974,,,,,,,,,0.28,,,,74.79,
INLCM,2026-08-22,,,119.0,,,,,,,,,,,,,,,,,,,,,,0.0,,,,37.38,
INTEGFD,2026-08-22,,,246.0,,,,,20.760697305863708,,,,,,,,,,,,,,,,,0.0,,,,2.24,
INTEGRAEN,2026-08-22,,,572.0,38.5,,54.668198778665115,3.4251497005988023,5.139318885448917,,14.9,9.868421052631579,18.5,,16.0,8.982035928143713,0.7042485551037592,,10.184478889963277,,4.343735119556569,0.1981981981981982,,,,0.0,,,,54.39,
INTLCOMBQ,2026-08-22,,,114.0,,,,1.1599511599511598,1.3131868131868132,,-1.61,-4.985935302390999,-0.02,,-3.44,-7.214082214082214,,,,,-2.9868768149935887,0.1829997699562917,,,,0.84,,,,52.88,
IPRINGLTD,2026-08-22,,,187.0,50.3,,,0.5327635327635327,1.8204182041820418,,2.53,0.9287925696594427,8.25,,9.0,0.8547008547008548,,,-17.787018469408768,,3.454475860321704,1.1941747572815533,,,,0.0,,,,56.58,
ISERA,2026-08-22,,,121.0,,,,7.396088019559903,7200.0,,-7.92,-0.7361268403171009,3.4,,2.44,-0.7946210268948656,,,,,-13.752263479646443,22.166666666666647,,,,0.0,,,,58.63,
ISTLTD,2026-08-22,,,787.0,4.79,,0.5185604669895735,5.962121212121212,0.4651964162646451,,9.7,9.001097694840835,12.7,,52.0,124.24242424242425,9.237109854917481,,11.209902331994481,,6.265856918261115,0.002364066193853428,,,,0.0,,,,74.98,
ISTRNETWK,2026-08-22,,,326.0,,,,17.727025557368133,28.322981366459626,,-94.4,-71.68949771689498,,,-17.51,-17.074497009244155,,,,,,0.0,,,,0.22,,,,16.58,
ITHL,2026-08-22,,,243.0,11.3,,,1.0565217391304347,1.3571428571428572,,13.2,6.827309236947792,18.2,,14.0,7.391304347826087,-8.509838588519713,,,,1.9583270140522746,0.00558659217877095,,,,1.81,,,,61.69,
JAFINANCE,2026-08-22,,,122.0,211.0,,,,5.927835051546392,,2.65,2.483940042826552,7.8,,,,-16.654972401380764,,-19.230286689891095,,,,,,,0.0,,,,59.9,
JAGAJITIND,2026-08-22,,,703.0,60.6,,4.121036037565874,2.169753086419753,11.11111111111111,,17.1,1.6689847009735743,10.5,,-13.0,3.7037037037037033,14.70504005487754,,89.75228807622307,,-16.523684525469807,5.761904761904762,,,,0.0,,,,87.34,
JAGSONSER,2026-08-22,,,93.6,,,,,8.31715210355987,,-35.8,-31.512605042016805,-35.5,,,,,,,,,,,,,0.0,,,,61.1,
JAMESWARREN,2026-08-22,,,97.9,5.21,,,0.7708661417322835,2.0703125,,2.93,22.302158273381295,4.2,,14.0,24.409448818897637,,,,,3.065957885856485,0.0,,,,0.0,,,,68.61,
JASCH,2026-08-22,,,199.0,8.82,,0.1035807903747514,0.8766519823788547,2.7037037037037037,,20.0,13.609467455621301,26.3,,14.0,10.13215859030837,85.1509239125283,,38.718733363695314,,19.80749156045114,0.08196721311475409,,,,0.0,,,,57.64,
JATTAINDUS,2026-08-22,,,230.0,125.0,,,1.393939393939394,11.77927927927928,,5.43,9.523809523809524,6.54,,1.3,1.2121212121212122,-21.7076415858232,,15.090953278255736,,117.66469227934029,0.0,,,,0.0,,,,72.56,
JAYSYNTH,2026-08-22,,,180.0,9.79,,,0.694980694980695,1.3521695257315842,,11.4,8.181818181818182,13.0,,10.0,6.94980694980695,-47.1484741269942,,,,6.902526108873497,0.3157894736842105,,,,0.37,,,,73.68,
JAYUSH,2026-08-22,,,338.0,44.5,,,0.49632892804698975,4.28921568627451,,13.9,2.083333333333333,,,4.7,1.1747430249632893,,,,,,1.5696202531645569,,,,0.46,,,,62.86,
JENBURPH,2026-08-22,,,454.0,12.7,,1.5656007810657173,2.6863905325443787,2.304932735426009,,20.2,14.666666666666666,27.0,,24.0,19.526627218934912,8.111901931573517,,8.891387570939969,,5.974030812541553,0.01015228426395939,,,,1.75,,,,46.62,
JGTL,2026-08-22,,,240.0,15.9,,,4.067796610169491,2.4200913242009134,,15.7,13.392857142857142,21.3,,26.0,25.423728813559322,-1.90083645387914,,,,0.0,0.0,,,,1.89,,,,57.63,
JHACC,2026-08-22,,,194.0,71.2,,,1.7477477477477477,1.3779527559055118,,2.39,1.4388489208633095,2.4,,-2.4,1.8018018018018018,,,,,,0.08333333333333333,,,,0.0,,,,64.4,
JKAGRI,2026-08-22,,,140.0,,,,0.8860759493670886,1.3981481481481481,,-8.06,-2.5735294117647056,5.25,,1.6,-4.430379746835443,,,,,,0.0,,,,0.0,,,,73.11,
JOJO,2026-08-22,,,1191.0,170.0,,64.40047442631658,44.54001495886313,16.32075471698113,,11.6,8.799197793933317,17.0,,46.56,26.252804786836197,2.6397321062363366,,71.36488202439537,,77.1490287238135,0.05900792919048497,,,,0.01,,,,67.79,
JOLYPLS,2026-08-22,,,116.0,,,,773.3333333333334,4.676470588235294,,0.0,0.0,0.0,,-80.0,0.0,,,,,-71.89944779206614,0.0,,,,0.0,,,,0.01,
JOSTS,2026-08-22,,,261.0,43.7,,0.8463374402575082,1.0653061224489795,1.6616541353383458,,3.38,16.431924882629108,7.28,,6.0,14.285714285714285,51.63425121155429,,48.70430146509692,,9.422884558846988,0.050955414012738856,,,,0.57,,,,48.15,
JSTL,2026-08-22,,,147.0,42.2,,,2.0698394818361026,2.027700831024931,,1.89,4.803452481471057,5.01,,20.47,7.209236834694453,,,-24.448807226965563,,21.444865650026724,0.2958020572699472,,,,0.0,,,,30.25,
JYOTIRES,2026-08-22,,,1019.0,25485.0,,,506.9651741293533,19.450800915331808,,0.08,0.0744324525493115,0.23,,10.95,1.9900497512437814,,,,,4.133872323273091,0.0183206106870229,,,,1.06,,,,54.37,
KAIRA,2026-08-22,,,143.0,67.6,,0.40994932039038284,1.311926605504587,8.304812834224599,,13.0,3.3333333333333335,20.0,,6.0,1.834862385321101,164.89843167839985,,,,-0.6042443591762092,1.1229314420803782,,,,0.77,,,,44.8,
KAJARIR,2026-08-22,,,110.0,2.83,,0.4162938833395886,0.2140077821011673,0.688195991091314,,27.7,9.948979591836734,27.1,,12.0,7.587548638132295,6.798082107998327,,,,-15.403614111742414,0.9811320754716981,,,,0.0,,,,66.26,
KALIND,2026-08-22,,,446.0,10.8,,,4.415841584158416,2.103448275862069,,25.0,17.154811715481173,32.0,,55.0,40.5940594059406,,,,,365.7009507803835,0.04716981132075472,,,,2.73,,,,13.76,
KANSHST,2026-08-22,,,133.0,262.0,,,0.4889705882352941,2.8253012048192767,,1.14,3.1645569620253164,9.23,,0.8,1.8382352941176472,,,,,,0.46808510638297873,,,,0.0,,,,66.72,
KARTKIN,2026-08-22,,,244.0,47.1,,,41.56729131175469,28.944927536231884,,80.9,58.22072072072072,94.7,,98.13,88.07495741056218,,,,,337.70350105177744,0.0,,,,0.0,,,,74.81,
KAYCEEI,2026-08-22,,,261.0,62.8,,,4.268192968111202,7.819047619047619,,13.9,8.826031475967673,22.5,,12.71,6.78659035159444,-4.423469245115319,,,,7.987278060401892,0.019513659561693184,,,,0.24,,,,71.7,
KEIL,2026-08-22,,,139.0,37.6,,,0.486013986013986,1.5092592592592593,,0.41,-1.8796992481203008,6.82,,7.0,-1.7482517482517483,,,,,-6.331061982396546,0.8924731182795699,,,,0.31,,,,73.94,
KELENRG,2026-08-22,,,1425.0,54.4,,3.9709333835330276,2.4912587412587412,9.313725490196079,,17.7,8.169014084507042,20.4,,7.0,5.06993006993007,13.699549890610129,,33.892931002584035,,8.405145313120999,0.477124183006536,,,,0.01,,,,54.33,
KEMP,2026-08-22,,,108.0,,,,30.59490084985836,0.6531413612565445,,-1.5,-0.7092614302461899,-1.46,,-76.49,-34.27762039660057,,,,,6.165700537601326,0.0,,,,0.0,,,,74.88,
KERALAYUR,2026-08-22,,,246.0,,,,1.8088235294117647,22.079439252336446,,-161.0,-18.84057971014493,-9.77,,-13.0,-19.11764705882353,,,,,7.987060042582783,7.818181818181818,,,,0.0,,,,35.6,
KESARPE,2026-08-22,,,168.0,39.2,,,0.8983957219251337,0.967741935483871,,6.6,1.6326530612244898,7.46,,7.0,2.13903743315508,-5.416268377977785,,9.460878422315755,,7.866133782369578,0.48,,,,0.0,,,,68.17,
KIFS,2026-08-22,,,123.0,14.8,,2.7054843508421316,,1.9453924914675766,,13.3,1.848895982974195,8.18,,,,5.470369841685918,,6.366984770636441,,,,,,,1.32,,,,74.41,
KIMIABL,2026-08-22,,,132.0,18.4,,,1.1785714285714286,7.4399999999999995,,53.7,6.796116504854369,25.1,,13.0,6.25,,,,,2.174590985807079,1.9444444444444444,,,,0.0,,,,74.94,
KINETICENG,2026-08-22,,,635.0,,,,3.6705202312138727,4.259927797833935,,1.42,-4.436860068259386,3.61,,-1.6,-7.514450867052023,,,,,6.554064838150264,0.47651006711409394,,,,0.0,,,,65.04,
KINGSINFR,2026-08-22,,,222.0,15.0,,0.6008558313698,1.414012738853503,2.546478873239437,,20.5,8.333333333333332,19.4,,18.0,9.554140127388536,24.964391151540923,,,,20.379457272946787,0.896551724137931,,,,0.0,,,,69.0,
KISAN,2026-08-22,,,296.0,,,,1.1653543307086613,1.5308641975308643,,-5.29,-4.53074433656958,-3.14,,-3.5,-5.511811023622047,,,,,-1.772526396889873,0.16580310880829016,,,,0.0,,,,70.55,
KMCSHIL,2026-08-22,,,2310.0,41.4,,1.8391937851099724,6.978851963746224,11.007751937984496,,24.9,16.867469879518072,26.0,,30.0,16.91842900302115,22.50986292753514,,18.55903344486405,,23.202137434611814,0.4,,,,0.0,,,,75.0,
KPT,2026-08-22,,,168.0,36.6,,,1.5849056603773586,5.821596244131455,,18.3,8.98876404494382,16.2,,11.0,7.547169811320755,,,,,15.948637819501933,1.206896551724138,,,,0.61,,,,44.48,
KREONFIN,2026-08-22,,,169.0,803.0,,,,7.067796610169491,,1.99,1.2195121951219514,1.72,,,,,,,,,,,,,0.0,,,,60.53,
KSE,2026-08-22,,,588.0,12.8,,0.33556185864539834,0.34225844004656575,1.688073394495413,,25.9,11.08433734939759,33.6,,3.5,2.6775320139697323,38.144978847331615,,47.88455820135336,,0.6884559822114111,0.07163323782234957,,,,6.8,,,,22.95,
KSSMART,2026-08-22,,,1682.0,22.6,,,1.2820121951219512,5.666666666666667,,25.2,4.2675893886966545,,,9.0,5.640243902439025,,,4.517952621315846,,,0.688135593220339,,,,0.0,,,,60.95,
KVFORGE,2026-08-22,,,154.0,17.1,,0.4120931042094696,1.75,3.0,,19.8,16.176470588235293,26.2,,14.0,12.5,41.495477175730564,,24.621340720392148,,1.9690077523468297,0.0,,,,2.13,,,,72.46,
LACTOSE,2026-08-22,,,126.0,18.1,,24.56986434525813,0.7368421052631579,1.941747572815534,,9.81,3.825136612021858,11.3,,11.0,4.093567251461988,0.7366748039654203,,23.090177370813958,,14.471424255333186,0.9538461538461539,,,,0.0,,,,53.65,
LAKSELEC,2026-08-22,,,204.0,20.8,,,1.2830188679245282,4.391534391534392,,23.3,5.263157894736842,16.0,,16.0,6.289308176100629,,,,,,1.9130434782608696,,,,0.36,,,,36.14,
LAKSHMIEW,2026-08-22,,,140.0,69.2,,,9.120521172638437,6.176470588235294,,7.41,4.931972789115646,11.5,,30.16,13.224755700325733,-4.219127823098068,,-4.8329761585742315,,1.2465115694713313,0.44356609574000877,,,,0.48,,,,37.57,
LAKSHMIMIL,2026-08-22,,,581.0,59.4,,,2.361788617886179,0.81484375,,-2.01,1.1135857461024499,1.96,,13.0,4.0650406504065035,,,-16.803251433190802,,-0.9309050923086648,0.11376404494382023,,,,0.0,,,,65.93,
LANCER,2026-08-22,,,387.0,25.0,,,0.9236276849642004,0.5252525252525253,,0.95,1.7878426698450536,1.95,,0.2,3.579952267303103,-44.75290778059752,,-23.110029446100246,,-12.849455605827254,0.04136947218259629,,,,0.0,,,,35.07,
LANDMARC,2026-08-22,,,204.0,,,,,4.622222222222223,,-1.87,-0.8555713994703605,-1.55,,,,,,,,,,,,,0.0,,,,61.22,
LASTMILE,2026-08-22,,,194.0,21.9,,1.027138251427267,,0.49636363636363634,,3.11,2.0637898686679175,5.48,,,,21.321375160129328,,,,,,,,,0.37,,,,25.32,
LATIMMETAL,2026-08-22,,,140.0,15.1,,,0.3181818181818182,1.7803660565723793,,10.4,5.056179775280898,,,4.1,2.0454545454545454,-19.85931617171638,,,,-8.159385636051075,0.6666666666666666,,,,0.0,,,,62.68,
LEHAR,2026-08-22,,,360.0,319.0,,11.142670519381356,5.5762081784386615,9.488372093023257,,4.12,2.149514932470991,7.72,,6.29,1.7503097893432462,28.628684608876952,,9.803188062457412,,31.921648140919444,0.44923599320882857,,,,0.25,,,,72.93,
LEXGLOBAL,2026-08-22,,,176.0,630.0,,,6.32183908045977,17.425742574257427,,2.39,1.275626423690205,6.21,,2.01,1.0057471264367819,,,,,,0.5897435897435898,,,,0.0,,,,70.55,
LGBFORGE,2026-08-22,,,139.0,,,,1.3365384615384615,8.558823529411764,,-12.7,11.11111111111111,2.12,,2.8,6.730769230769231,,,16.46586157796568,,5.328955511755318,1.75,,,,0.0,,,,70.81,
LIKHAMI,2026-08-22,,,284.0,888.0,,34.16422026454408,355.0,8.073654390934845,,0.66,0.9083167754754472,0.89,,41.25,40.0,25.99210498948732,,,,8.288701441961365,0.0,,,,0.0,,,,60.86,
LIPPISYS,2026-08-22,,,165.0,41.3,,,,6.601123595505618,,16.4,13.701923076923078,20.8,,-9.65,,,,36.56478393234042,,,0.1188277800080289,,,,0.0,,,,51.68,
LKPSEC,2026-08-22,,,141.0,19.2,,,1.330188679245283,1.3821138211382114,,10.5,2.3890784982935154,13.5,,22.0,6.60377358490566,-9.057769140044803,,-13.335340825699205,,3.001775353652625,0.7425742574257426,,,,1.18,,,,72.07,
LOTUSCHO,2026-08-22,,,790.0,73.5,,,2.57328990228013,20.16393442622951,,4.42,15.714285714285714,,,4.5,3.5830618892508146,,,,,,0.1282051282051282,,,,0.0,,,,72.07,
LOYAL,2026-08-22,,,164.0,,,,5.5858310626703,9.212121212121213,,-26.8,-5.686769089658336,-10.2,,3.07,-8.446866485013624,,,,,-4.773231972740066,0.7724836212030971,,,,0.66,,,,70.75,
LUDLOWJUT,2026-08-22,,,376.0,215.0,,,1.125748502994012,2.358108108108108,,1.1,0.7782101167315175,3.31,,2.6,0.5988023952095809,,,-26.589765251000287,,12.59269206426854,0.39622641509433965,,,,0.0,,,,67.21,
MACPLASQ,2026-08-22,,,154.0,15411.0,,,0.30078125,1.1255605381165918,,1.32,0.0,6.72,,8.0,0.0,-85.07027386676074,,,,14.84649713283841,1.8248175182481752,,,,0.0,,,,75.0,
MADALA,2026-08-22,,,281.0,13.7,,0.18253515388006175,3.426829268292683,1.596638655462185,,3.02,9.803921568627452,5.02,,18.0,24.390243902439025,75.05403594204023,,28.050714886485583,,50.614760968263184,-0.0,,,,0.0,,,,73.47,
MAGNAELQ,2026-08-22,,,597.0,38.4,,39.9261650419997,3.0,4.113702623906706,,13.4,8.24742268041237,17.4,,15.0,8.040201005025125,0.9617753160015674,,14.995308038707055,,11.385893963344639,0.10344827586206896,,,,0.35,,,,53.66,
MAINFRA,2026-08-22,,,101.0,,,,2.7157838128529175,4.0,,5.88,-0.9762118491921004,5.86,,1.43,-2.339338531863404,,,,,13.389256231933011,1.6620716817644743,,,,0.0,,,,52.31,
MANBRO,2026-08-22,,,349.0,82.0,,,2.982905982905983,7.311435523114355,,6.27,8.181818181818182,,,13.0,7.6923076923076925,,,,,,0.4583333333333333,,,,0.0,,,,56.64,
MARBLE,2026-08-22,,,306.0,42.7,,,3.0,3.699059561128527,,10.1,3.614457831325301,13.8,,27.0,8.823529411764707,,,,,,1.5365853658536586,,,,0.0,,,,39.99,
MAXIMUS,2026-08-22,,,197.0,22.0,,21.008472125508327,0.9609756097560975,2.265625,,11.6,5.0,12.6,,7.0,4.390243902439024,1.0471965723432008,,14.519616065931418,,23.43617468283883,0.4482758620689655,,,,0.0,,,,57.58,
MEGAMONT,2026-08-22,,,477.0,54.0,,,0.5788834951456311,13.095238095238095,,36.4,9.574468085106384,23.0,,1.5,1.0922330097087378,,,,,,1.4166666666666667,,,,0.0,,,,58.55,
MENAMANI,2026-08-22,,,169.0,152.0,,1.52,,11.693548387096774,,3.54,3.504894221660878,1.22,,,,100.0,,-7.7892088518272224,,,,,,,0.0,,,,41.73,
MIIL,2026-08-22,,,1531.0,337.0,,26.531514899715887,34.677236693091736,55.952380952380956,,21.9,8.038808038808039,31.3,,20.63,10.509626274065685,12.701875534578267,,,,-7.431654406156807,0.8235509904622157,,,,0.01,,,,47.01,
MINID,2026-08-22,,,119.0,61.2,,,0.1794871794871795,1.8740740740740738,,2.2,0.6872852233676976,2.62,,0.4,0.301659125188537,-49.193409598126735,,,,39.16375557859892,0.046875,,,,0.0,,,,4.73,
MISHTANN,2026-08-22,,,356.0,2.0,,,0.46113989637305697,0.2727272727272727,,23.3,7.793345008756567,22.5,,23.0,23.05699481865285,-20.306644229422155,,78.9156320321801,,-15.685847475082637,0.04765564950038432,,,,0.0,,,,43.48,
MITSU,2026-08-22,,,252.0,10.9,,0.2894858458862927,0.7,2.246376811594203,,15.0,10.550458715596331,16.3,,13.0,6.388888888888888,37.652963538263684,,14.951188155999118,,4.997921957255325,0.5663716814159292,,,,0.11,,,,67.79,
MIZVEN,2026-08-22,,,73.8,492.0,,,28.828125,1.4608695652173913,,2.1,0.2774181616423155,3.64,,19.92,5.859375,,,,,,0.029446640316205534,,,,0.0,,,,65.17,
MKEXIM,2026-08-22,,,231.0,12.3,,2.988146009363991,2.381443298969072,1.9389830508474577,,17.1,15.079365079365079,24.5,,26.0,19.587628865979383,4.1162647211532954,,18.61989971348401,,-2.2958978106841332,0.01680672268907563,,,,1.05,,,,43.97,
MKVENTURES,2026-08-22,,,411.0,57.1,,,22.68211920529801,3.623728813559322,,9.81,6.259236720855429,13.2,,56.07,39.735099337748345,-30.201201218467865,,,,-24.154103789819725,0.0,,,,0.02,,,,74.36,
MLKFOOD,2026-08-22,,,231.0,,,,0.5513126491646778,1.3015873015873016,,2.52,-1.643835616438356,6.24,,2.0,-1.431980906921241,,,,,-3.550707227889127,0.757396449704142,,,,0.69,,,,53.36,
MOBAVENUE,2026-08-22,,,2370.0,67.7,,,9.673469387755102,26.239316239316242,,57.7,17.073170731707318,71.6,,21.0,14.285714285714285,,,,,,0.14444444444444443,,,,0.1,,,,65.6,
MODINSU,2026-08-22,,,2117.0,22.5,,0.5965958130728113,2.760104302477184,3.9043478260869566,,15.8,12.335958005249344,19.4,,15.0,12.25554106910039,37.713975705112766,,33.73827605840087,,20.07811985454524,0.1252302025782689,,,,0.0,,,,60.18,
MRCAGRO,2026-08-22,,,102.0,67.0,,,0.9107142857142857,1.911764705882353,,2.47,1.7391304347826086,3.07,,1.6,1.7857142857142856,-15.65673346982508,,,,95.45296118376503,0.18867924528301888,,,,0.0,,,,21.31,
MRUTR,2026-08-22,,,5925.0,,,,,82.0,,-0.53,-0.2407060711420166,-0.49,,,,,,,,,,,,,0.0,,,,0.25,
MSL,2026-08-22,,,155.0,11.1,,5.659562790629537,0.8072916666666666,1.7493796526054592,,9.72,8.536585365853659,10.0,,14.0,7.291666666666667,1.9612822422216292,,21.98129532427,,19.681696117715084,0.550561797752809,,,,0.0,,,,73.24,
MTPL,2026-08-22,,,113.0,58.6,,0.6959489777633149,,3.27313769751693,,4.19,3.0949326491340603,8.8,,,,84.20157493201931,,17.844539784792257,,,,,,,0.0,,,,29.28,
MUL,2026-08-22,,,104.0,4.66,,0.47331626424214057,0.26,1.845605700712589,,54.3,5.188679245283019,21.8,,8.0,5.5,9.84542546295435,,,,6.089335236260007,2.4642857142857144,,,,0.0,,,,74.54,
MULTIBASE,2026-08-22,,,232.0,20.2,,20.04153839183872,3.267605633802817,2.6099290780141846,,12.5,10.679611650485436,16.7,,18.0,15.492957746478872,1.0079066589132601,,12.658232157112682,,2.986823723982046,0.0,,,,28.9,,,,75.0,
NAGPI,2026-08-22,,,268.0,,,,3.1301097874328425,3.2385466034755135,,-2.55,-1.8800420904945634,0.91,,-0.18,-3.130109787432843,,,,,22.479414689940434,0.2831826401446655,,,,0.0,,,,61.23,
NAGTECH,2026-08-22,,,132.0,103.0,,,2.5099828864803193,0.8634538152610443,,0.88,0.39586975884933856,,,4.45,2.281802624073017,,,,,,0.5817014866723427,,,,0.0,,,,35.9,
NAPEROL,2026-08-22,,,385.0,10.9,,0.5826516770226485,1.013157894736842,0.41891045710707575,,3.36,3.4965034965034967,4.88,,16.0,9.210526315789473,18.707575091346218,,-25.443180451468507,,18.736956601227806,0.015367727771679473,,,,2.91,,,,70.77,
NAPL,2026-08-22,,,101.0,,,,3.536414565826331,10.268817204301074,,-7.32,-3.0303030303030303,2.08,,1.82,-2.5560224089635852,,,,,44.22495703074083,0.900709219858156,,,,0.0,,,,69.05,
NATFIT,2026-08-22,,,155.0,,,,,3.8,,,,,,,,,,,,,,,,,0.59,,,,34.27,
NATPLASTI,2026-08-22,,,135.0,13.9,,3.326063502068162,0.3729281767955801,2.249240121580547,,16.8,5.813953488372093,16.8,,7.0,2.7624309392265194,4.179114437038534,,21.272822464885046,,10.541306224403147,0.8666666666666667,,,,0.68,,,,66.34,
NEWINFRA,2026-08-22,,,101.0,,,,28.370786516853933,2.8382352941176467,,-20.4,-6.293103448275862,-2.58,,-97.75,-164.04494382022472,,,,,-21.714373603759807,0.8991596638655464,,,,0.0,,,,70.02,
NEXOME,2026-08-22,,,119.0,9.81,,0.16198070590532904,3.5,0.5692307692307692,,7.46,6.0109289617486334,10.4,,37.0,32.35294117647059,60.56276854191225,,37.69590976068362,,-47.650782984445115,0.040697674418604654,,,,1.35,,,,51.81,
NICCOPAR,2026-08-22,,,374.0,63.3,,,6.328257191201353,3.5714285714285716,,-490.0,4.34080058758722,13.5,,8.78,10.0,-37.8488241379242,,4.076834896984272,,-9.346757589135347,0.0,,,,1.56,,,,69.57,
NIDHGRN,2026-08-22,,,225.0,27.0,,0.20689121852608433,3.6746692797648213,9.964539007092199,,41.0,25.559301256512406,51.0,,21.97,13.62077413032827,130.5033640013866,,39.08623360262522,,16.135821505759452,0.12289263531499557,,,,0.0,,,,66.75,
NIKHILAD,2026-08-22,,,387.0,109.0,,,1.668103448275862,23.519553072625698,,25.6,0.0,20.0,,5.0,0.0,-51.92501432308638,,,,21.296483617543128,3.142857142857143,,,,0.26,,,,54.46,
NITINCAST,2026-08-22,,,136.0,16.7,,,0.9784172661870504,1.4887640449438202,,12.7,5.714285714285714,15.5,,7.0,5.755395683453238,-14.431188936265393,,8.040887802357144,,-2.2891381522850085,0.15217391304347827,,,,1.13,,,,71.39,
NIYOGIN,2026-08-22,,,690.0,,,,,2.1232876712328768,,-0.12,-0.4231311706629055,5.57,,,,,,,,,,,,,0.0,,,,39.5,
NOVELIX,2026-08-22,,,223.0,,,,50.68181818181818,8.807649043869516,,-25.0,-30.05917159763314,-25.7,,-66.82,-57.72727272727273,,,,,-25.98138075551102,0.1416666666666667,,,,0.0,,,,54.29,
NPL,2026-08-22,,,356.0,19.1,,7.798401024525758,1.115987460815047,0.9841269841269841,,1.76,3.938730853391685,2.55,,12.0,5.6426332288401255,2.449220031123178,,,,-1.421512634845612,0.03591160220994475,,,,1.13,,,,70.77,
NSDL,2026-08-22,,,16479.0,42.4,,3.491753936272117,9.497982708933717,6.983050847457627,,17.4,10.185912542550406,23.2,,25.0,22.420749279538903,12.14289459504907,,-18.238435822398447,,11.01800238189714,0.007172995780590718,,,,0.49,,,,,
NSL,2026-08-22,,,213.0,7.34,,0.3571501422576927,0.08972198820556024,1.4316469321851453,,20.0,7.611548556430446,15.7,,2.2,1.2215669755686605,20.551580782247058,,37.04568463025257,,24.338202783904507,1.4026845637583893,,,,0.23,,,,66.97,
NTCIND,2026-08-22,,,203.0,10.2,,0.2119489177109639,1.8454545454545455,0.9655172413793104,,9.31,6.25,11.1,,20.0,18.181818181818183,48.12480342036851,,12.817266899716717,,37.84186217649961,0.36666666666666664,,,,0.0,,,,54.34,
NUTRICIRCLE,2026-08-22,,,261.0,,,,,-1072.7272727272727,,,,,,,,,,,,,,,,,0.0,,,,62.61,
NWIL,2026-08-22,,,537.0,9.24,,0.3793779560241968,0.5780409041980624,1.4465408805031446,,21.3,12.966252220248666,22.9,,9.0,7.857911733046287,24.355658659858115,,,,41.057410447155426,0.0945945945945946,,,,0.0,,,,53.81,
OKPLA,2026-08-22,,,126.0,36.1,,2.4945713264329172,0.6237623762376238,0.7581699346405228,,2.53,0.5434782608695652,4.9,,13.0,0.9900990099009901,14.471424255333186,,,,3.72678842260461,0.6626506024096386,,,,0.0,,,,47.47,
OMEGAIN,2026-08-22,,,272.0,23.0,,,1.825503355704698,,,,900.0,,,8.0,6.0402684563758395,,,,,,-0.0,,,,0.0,,,,7.94,
OMNITEX,2026-08-22,,,315.0,5257.0,,,,95.91315453384419,,1.86,3.8348082595870205,1.85,,-51.58,,,,,,,0.0030395136778115497,,,,1.07,,,,37.95,
ONEGLOBAL,2026-08-22,,,1085.0,14.7,,0.2635455129836213,2.115009746588694,7.676348547717843,,65.3,29.01960784313726,87.0,,19.0,14.42495126705653,55.77784206446941,,91.22201157084868,,101.18345949587253,0.0,,,,0.0,,,,68.4,
ONIXSOLAR,2026-08-22,,,1128.0,17.0,,,4.680497925311204,,,,,,,22.0,21.991701244813278,,,,,,,,,,0.0,,,,50.22,
ORIRAIL,2026-08-22,,,770.0,16.3,,1.264963898581978,1.2984822934232716,1.8370607028753994,,11.0,5.522914218566393,12.0,,15.0,7.925801011804384,12.885743236049873,,19.422966196997503,,4.077371722162182,0.7595238095238095,,,,0.09,,,,57.69,
OSIAJEE,2026-08-22,,,146.0,24.8,,0.34520302632338307,20.27777777777778,7.105263157894737,,31.3,21.839080459770116,27.5,,76.39,81.80555555555556,71.84178036946751,,52.79554468925281,,44.62782213186418,0.2710872745002438,,,,0.0,,,,2.78,
OVOBELE,2026-08-22,,,243.0,6.27,,0.21303050365724827,0.8741007194244604,2.206896551724138,,24.9,23.076923076923077,28.2,,15.0,14.028776978417264,29.432404713683667,,359.18730932680234,,16.68156596239736,0.26126126126126126,,,,0.0,,,,69.65,
OXYGENTAPH,2026-08-22,,,236.0,,,,1.7481481481481482,-5.547826086956522,,,-11.666666666666666,-33.6,,-6.0,-10.37037037037037,,,,,50.0,-2.558139534883721,,,,0.0,,,,56.53,
PANAENERG,2026-08-22,,,193.0,28.1,,,0.6992753623188406,1.8695652173913044,,5.08,2.73972602739726,9.21,,3.9,1.4492753623188406,-28.177799123184343,,-14.412034456793387,,-1.8608986498685254,0.009615384615384616,,,,3.66,,,,58.06,
PANCARBON,2026-08-22,,,209.0,10.9,,10.239998599471024,4.18,1.1125319693094629,,11.8,9.793814432989691,16.8,,30.0,38.0,1.064453270585708,,4.56657086198371,,-0.6579137841035809,0.0,,,,2.76,,,,63.27,
PANCHMAHQ,2026-08-22,,,572.0,143.0,,13.964373656900761,1.462915601023018,3.7974683544303796,,-1.45,1.7857142857142856,3.11,,5.0,1.0230179028132993,10.24034471673807,,-41.578420574478905,,-2.9688907707561607,0.23178807947019867,,,,1.0,,,,73.81,
PANCHSHEEL,2026-08-22,,,156.0,15.2,,,1.4444444444444444,1.1121495327102804,,7.89,5.813953488372093,10.3,,12.0,9.25925925925926,-9.990740732770021,,-1.2808956464067767,,0.9434519443984435,0.0425531914893617,,,,2.7,,,,56.12,
PANORAMA,2026-08-22,,,1197.0,49.6,,,3.371830985915493,5.419126328217237,,7.59,2.3142509135200973,8.7,,10.0,5.352112676056338,-17.35814168724272,,98.30484019293976,,-6.90524238544673,0.5882352941176471,,,,0.12,,,,66.61,
PARMSILK,2026-08-22,,,98.8,10.7,,0.5889360145975661,0.39838709677419354,1.5302325581395348,,15.6,3.875968992248062,11.3,,11.0,4.032258064516129,18.16835740179952,,,,6.901848352415563,2.171875,,,,0.0,,,,60.17,
PARNAXLAB,2026-08-22,,,147.0,14.6,,,0.5833333333333334,1.5458937198067633,,14.4,3.9473684210526314,13.9,,10.0,3.571428571428571,-2.3653441214960935,,-1.4965062792941408,,10.064241629820891,0.8736842105263158,,,,0.0,,,,72.3,
PARSHVA,2026-08-22,,,174.0,644.0,,,6.957217113154738,16.285714285714285,,2.29,1.8261504747991237,3.32,,2.08,0.9996001599360255,0.0,,,,-0.14617961038773108,0.013979496738117428,,,,0.0,,,,74.89,
PATELSAI,2026-08-22,,,155.0,10.5,,1.6372201941091948,0.41778975741239893,1.0881226053639848,,10.9,4.0431266846361185,14.4,,9.0,4.0431266846361185,6.413309607210782,,13.316969239196252,,13.312523035227697,0.6549295774647887,,,,1.06,,,,46.45,
PERMAGN,2026-08-22,,,743.0,56.4,,,3.1483050847457625,4.721311475409836,,10.5,4.25531914893617,13.8,,16.0,5.084745762711865,-14.972111932897182,,,,5.496645019095925,0.5569620253164557,,,,0.25,,,,58.01,
PERVASIVE,2026-08-22,,,649.0,,,,16.265664160401002,7.2,,-0.05,-0.12331625877442612,0.03,,-0.88,-0.32581453634085217,,,,,214.7175598810558,0.003557136505113384,,,,0.0,,,,0.06,
PGFOILQ,2026-08-22,,,263.0,,,,0.7265193370165746,0.7964285714285714,,-2.47,-0.5952380952380952,0.87,,0.9,-0.8287292817679558,,,,,4.524099841017537,0.4303030303030303,,,,0.0,,,,54.38,
PHARMAID,2026-08-22,,,114.0,,,,4.498816101026046,2.3851851851851853,,-26.5,-5.0767820307128115,-18.5,,-35.2,-17.482241515390687,,,,,18.808464238679477,0.49076793957196807,,,,0.0,,,,32.99,
PHCAP,2026-08-22,,,307.0,,,,5.515630614444844,5.328125,,5.8,-6.897138964577657,8.47,,-12.45,-7.276320517427237,,,,,-29.872418733390194,0.0,,,,0.02,,,,72.7,
PMCFIN,2026-08-22,,,121.0,19.0,,,,0.6513409961685824,,3.47,3.3593091828138166,6.07,,,,-17.45181877763433,,24.57309396155174,,,,,,,0.59,,,,20.89,
POEL,2026-08-22,,,510.0,14.0,,,0.3344262295081967,2.6265822784810124,,28.5,9.863013698630137,26.4,,4.2,2.360655737704918,,,,,,0.6907216494845361,,,,0.72,,,,40.29,
POLSON,2026-08-22,,,144.0,23.3,,,1.3457943925233644,5.28125,,,,,,14.0,5.607476635514018,,,,,,,,,,0.0,,,,74.98,
POOJAENT,2026-08-22,,,424.0,165.0,,,27.39018087855297,2.865800865800866,,2.41,1.1740872047516,2.72,,1.68,16.472868217054263,-43.80159898999608,,-12.5139569715774,,-35.64143134255973,0.0382118219937779,,,,0.0,,,,74.48,
PQIF,2026-08-22,,,389.0,171.0,,,5.523998863959102,2.0103986135181975,,1.34,1.023339317773788,2.48,,5.42,3.2377165577960803,-12.64195352637011,,8.447177119769854,,0.9551953030265903,0.051972901691058594,,,,0.0,,,,74.84,
PRECISIO,2026-08-22,,,228.0,,,,3.2557475367699555,15.327102803738319,,4.2,-1.3717936671990978,7.43,,7.38,-2.0848207910895327,,,,,13.942381119798553,4.4972972972972975,,,,0.0,,,,50.54,
PRIMAPLA,2026-08-22,,,144.0,7.32,,,0.7619047619047619,0.7705882352941177,,10.8,8.936170212765958,14.3,,16.0,11.11111111111111,-3.411385865400629,,17.77986370357645,,0.897714080436729,0.1497326203208556,,,,1.53,,,,58.27,
PRIMEFRESH,2026-08-22,,,222.0,15.2,,0.5536447865944294,0.7872340425531915,2.439024390243903,,16.4,12.5,21.4,,8.0,5.319148936170213,27.454426318177738,,30.363457275905148,,23.695608099637887,0.0989010989010989,,,,0.0,,,,50.71,
PURETROP,2026-08-22,,,131.0,11.7,,,1.0737704918032787,0.953757225433526,,18.3,9.868421052631579,6.3,,13.0,12.295081967213115,-32.95496730484112,,21.52239223331318,,4.470101742942889,0.007246376811594203,,,,0.0,,,,64.27,
PURPLEFIN,2026-08-22,,,429.0,,,,,3.26457399103139,,-6.33,-0.4984678243105209,1.46,,,,,,,,,,,,,0.0,,,,24.46,
QUESTCAP,2026-08-22,,,252.0,15.8,,0.22883046934767043,5.478260869565218,0.5217391304347826,,4.5,3.2388663967611335,5.77,,45.0,34.78260869565217,69.04674908477546,,20.514572257284303,,52.38357558060513,0.0,,,,0.99,,,,75.0,
RAAMA,2026-08-22,,,142.0,19.2,,,,4.834254143646409,,18.5,16.856232939035486,22.9,,,,,,,,,,,,,0.0,,,,54.93,
RADIXIND,2026-08-22,,,202.0,68.8,,7.189460097739747,4.4066317626527045,8.709677419354838,,14.5,12.462908011869436,19.6,,7.74,6.4136125654450264,9.569564204359327,,14.179185206415191,,11.577567643960363,0.009442060085836911,,,,0.37,,,,74.96,
RAGHUSYN,2026-08-22,,,370.0,,,,1.4509803921568627,10.890410958904111,,-3.7,-0.8403361344537815,1.4,,3.1,-0.39215686274509803,,,,,39.96488037229964,2.264705882352941,,,,0.0,,,,74.91,
RAINBOWF,2026-08-22,,,184.0,18.6,,,1.1017964071856288,2.1079545454545454,,9.08,0.8323424494649228,10.5,,28.0,4.191616766467066,,,,,,5.465909090909091,,,,0.0,,,,41.48,
RAJABAH,2026-08-22,,,132.0,1013.0,,,4.512820512820513,10.095785440613026,,9.98,0.03579689393104968,7.08,,56.51,0.4444444444444444,-52.84722871530781,,,,11.273553850611062,23.882848392036756,,,,0.0,,,,75.0,
RAJSEC,2026-08-22,,,432.0,6.5,,,6.545454545454546,3.697368421052632,,106.0,47.5177304964539,138.0,,37.0,101.51515151515152,,,,,,0.0,,,,0.0,,,,,
RAMAVISION,2026-08-22,,,168.0,22.4,,0.8252121228770901,0.9545454545454546,4.6,,19.4,9.210526315789473,19.8,,8.0,3.977272727272727,27.14453578542051,,35.545380590164854,,25.05183035779357,0.5833333333333334,,,,0.0,,,,54.72,
RAPICUT,2026-08-22,,,191.0,16.4,,0.08737368073344852,1.1369047619047619,8.787128712871288,,9.98,18.181818181818183,11.3,,9.0,7.142857142857142,187.69954364211335,,,,40.94597464129783,0.0,,,,0.0,,,,41.72,
RATHIST,2026-08-22,,,224.0,,,,,,,,,,,,,,,,,,,,,,0.0,,,,41.3,
RATNABHUMI,2026-08-22,,,238.0,194.0,,2.8553173487136942,5.112781954887218,5.420560747663552,,7.4,0.6226842321943187,11.0,,41.22,2.599355531686359,67.94341094428471,,49.62778697388448,,,2.749602363099296,,,,0.0,,,,73.56,
RDBIPL,2026-08-22,,,380.0,26.8,,,4.269662921348314,1.3385826771653544,,4.68,3.7940379403794036,,,3.5,15.730337078651685,-11.469222360841048,,24.209900915409776,,-11.637750099584077,0.21428571428571427,,,,0.0,,,,66.49,
RDBRL,2026-08-22,,,302.0,8.17,,0.5390836093399861,2.4754098360655736,1.2302158273381294,,14.4,14.50980392156863,19.6,,20.0,30.327868852459016,15.15534855530618,,10.905687337740599,,5.805327382608727,0.004048582995951417,,,,0.0,,,,69.83,
REGENCY,2026-08-22,,,409.0,30.4,,,12.029411764705882,2.3,,9.51,3.939393939393939,10.5,,69.0,38.23529411764706,,,,,,0.975,,,,0.0,,,,21.43,
REMAGNET,2026-08-22,,,4892.0,,,,349.42857142857144,12.12540192926045,,-5.73,-1.5406162464985995,-2.55,,-54.0,-78.57142857142857,,,,,,0.7531172069825436,,,,0.0,,,,58.45,
REMIEDEL,2026-08-22,,,292.0,98.0,,3.844025559073167,1.9466666666666668,4.2105263157894735,,3.72,2.1739130434782608,6.24,,6.0,2.0,25.49410728258237,,34.044545217445844,,8.634674084667404,0.7571428571428571,,,,0.0,,,,68.84,
RESONANCE,2026-08-22,,,189.0,13.0,,0.1865097997451441,1.8529411764705883,2.586750788643533,,15.0,16.304347826086957,20.0,,19.0,14.705882352941178,69.70143133370912,,3.2381072620362605,,22.860561013161075,0.02702702702702703,,,,0.61,,,,54.25,
REXNORD,2026-08-22,,,116.0,17.8,,,0.9354838709677419,1.1953551912568305,,5.68,4.37956204379562,8.37,,15.0,4.838709677419355,-12.83915069018513,,-11.60182345556462,,8.905584618126227,0.2268041237113402,,,,0.0,,,,73.4,
RGIL,2026-08-22,,,368.0,329.0,,,8.152414709791758,24.561403508771928,,9.3,6.6350710900473935,12.4,,0.09,2.4811696942844486,,,95.19088546075587,,391.57824268166087,0.04850498338870431,,,,0.0,,,,54.29,
RIDDHI,2026-08-22,,,545.0,38.5,,,3.1871345029239766,0.36136041568256966,,1.3,-0.8989952406134322,2.74,,-9.0,-9.941520467836257,,,,,-13.909789023383778,0.18754141815772035,,,,0.39,,,,75.0,
RISHILASE,2026-08-22,,,127.0,26.7,,,0.9477611940298507,2.613168724279835,,11.3,5.952380952380952,13.8,,7.0,3.731343283582089,,,,,13.354558651041915,0.20454545454545456,,,,0.0,,,,16.12,
RNITAI,2026-08-22,,,743.0,59.6,,,14.018867924528301,5.341463414634147,,16.6,7.18562874251497,20.2,,40.0,22.641509433962266,,,1.4931978945393887,,,0.12949640287769784,,,,0.0,,,,63.24,
RRECL,2026-08-22,,,362.0,,,,1.4251968503937007,1.4603174603174602,,-4.54,-1.555104800540906,2.95,,5.0,-9.05511811023622,,,,,80.76808350644123,2.25,,,,0.0,,,,70.02,
RUDRAECO,2026-08-22,,,231.0,,,,7.375478927203065,1.9300000000000002,,-3.78,-3.0075730256040387,-2.65,,-8.14,-13.314176245210726,,,,,16.871221575039907,0.007038123167155425,,,,0.0,,,,15.57,
SAB,2026-08-22,,,259.0,,,,8.633333333333333,0.7522123893805309,,-0.59,-3.7383177570093453,0.84,,-153.0,-66.66666666666666,,,,,-13.279626234163977,0.15451895043731778,,,,0.0,,,,73.56,
SAKTHIFIN,2026-08-22,,,181.0,30.9,,1.2188127827211581,,1.1382113821138211,,8.55,1.0601921372098493,13.4,,,,25.3525401423931,,,,,,,,,2.86,,,,67.01,
SALSAIN,2026-08-22,,,223.0,10.4,,0.05644087730183558,1.8583333333333334,3.2060301507537687,,30.3,7.9422382671480145,20.3,,30.0,18.333333333333332,184.26361348677636,,86.34150967315777,,100.0,1.3333333333333333,,,,0.0,,,,67.12,
SAMKRG,2026-08-22,,,115.0,12.1,,,0.391156462585034,0.5728155339805825,,4.92,3.1746031746031744,10.1,,13.0,3.4013605442176873,-8.861806964205499,,-7.209221026704416,,6.265856918261115,0.18226600985221675,,,,0.43,,,,66.87,
SAMOR,2026-08-22,,,206.0,1876.0,,,11.893764434180138,17.39047619047619,,1.53,0.9337860780984721,1.55,,0.64,0.6351039260969976,,,,,,0.024822695035460994,,,,0.0,,,,63.28,
SAMRATFORG,2026-08-22,,,127.0,27.7,,1.783392954594229,0.6318407960199005,3.067632850241546,,11.2,2.5380710659898478,10.6,,8.0,2.4875621890547266,15.532191000666206,,5.167874336861811,,7.6771107456589105,2.3658536585365852,,,,0.0,,,,74.98,
SANCTRN,2026-08-22,,,122.0,25.2,,,1.0252100840336134,1.1730103806228374,,4.86,5.755395683453238,7.3,,9.0,6.722689075630252,,,,,3.9314609252725896,0.15384615384615385,,,,0.66,,,,72.49,
SANGAMFIN,2026-08-22,,,203.0,26.7,,,,1.4846416382252559,,2.42,3.9703270295684887,4.73,,,,-1.3918310823425872,,0.12315308269310599,,,,,,,0.0,,,,63.08,
SANJIVIN,2026-08-22,,,238.0,31.8,,6.604434118513979,3.189920922128401,4.910941475826973,,15.5,8.480163692167784,18.0,,15.86,9.998659697091544,4.814946962807332,,,,11.09796518558639,0.2960199004975124,,,,0.26,,,,31.56,
SAPL,2026-08-22,,,1814.0,1972.0,,,104.2528735632184,101.00795755968169,,3.8,2.0503677289948743,2.14,,12.7,5.287356321839081,-7.769605279537117,,-4.024188561038811,,-4.567773051022106,1.4399332591768632,,,,0.0,,,,74.49,
SAVERA,2026-08-22,,,198.0,70.7,,,3.172568498638039,4.088669950738916,,5.8,3.339717500598516,9.78,,18.39,4.4704374298990555,-25.80856945455564,,,,6.8013171860801025,0.4697751186300805,,,,1.81,,,,64.62,
SAYAJIIND,2026-08-22,,,294.0,23.6,,,0.2702205882352941,3.160762942779291,,1.54,2.3636363636363638,8.2,,4.9,1.1948529411764706,,,-7.987833833536307,,3.7229260644438433,2.4408602150537635,,,,0.0,,,,74.94,
SBECSUG,2026-08-22,,,325.0,6.04,,,0.615530303030303,1.9458689458689458,,33.7,5.9734513274336285,21.9,,3.0,10.227272727272728,,,,,-6.932608670791063,1.625,,,,0.0,,,,65.13,
SCAGRO,2026-08-22,,,224.0,17.4,,0.19868061107727808,1.8064516129032258,1.903225806451613,,5.53,9.558823529411764,7.17,,14.0,10.483870967741936,87.57774553669033,,165.53072804614666,,398.6630952238645,0.0847457627118644,,,,0.0,,,,0.0,
SCOOBEEDAY,2026-08-22,,,117.0,,,,4.6650717703349285,1.2410071942446044,,-11.1,-4.761904761904763,-6.12,,-17.98,-26.993620414673046,,,,,-14.952358676740584,0.2496016994158258,,,,0.0,,,,79.75,
SEKURITIND,2026-08-22,,,1082.0,24.3,,1.948466182428765,4.3453815261044175,4.456928838951311,,17.8,15.120274914089347,24.0,,20.0,17.670682730923694,12.471348088633505,,-1.3757697473984254,,7.399212408100775,0.00411522633744856,,,,2.11,,,,75.0,
SELECTRIC,2026-08-22,,,2358.0,435.0,,,17.08695652173913,23.174791914387637,,11.1,5.434782608695652,16.8,,9.0,3.6231884057971016,,,,,,0.3137254901960784,,,,0.0,,,,74.12,
SERA,2026-08-22,,,284.0,2.75,,0.034830450683451454,,0.9665924276169265,,18.2,29.68299711815562,21.0,,,,78.95390229063479,,,,,,,,,0.0,,,,57.69,
SGRL,2026-08-22,,,652.0,42.2,,,6.585858585858586,4.0,,11.5,7.211538461538461,14.6,,31.0,15.151515151515152,-18.19923272320182,,8.001610784746148,,-7.724115558366041,0.1901840490797546,,,,0.0,,,,72.83,
SHAHFOOD,2026-08-22,,,815.0,248.0,,,204.77386934673368,4.617414248021109,,1.86,1.2148290377372424,,,-6.03,82.66331658291458,,,,,,0.32618899508002036,,,,0.0,,,,1.26,
SHAHLON,2026-08-22,,,202.0,49.2,,22.62494433257291,0.8145161290322581,1.8373983739837398,,4.03,1.4388489208633095,9.07,,9.0,1.6129032258064515,2.174590985807079,,5.922384104881218,,-7.26782831482462,1.1181818181818182,,,,0.31,,,,71.56,
SHAWGELTIN,2026-08-22,,,294.0,8.44,,,1.3008849557522124,2.025,,23.7,19.553072625698324,29.5,,20.0,15.486725663716813,,,,,,0.05517241379310345,,,,2.26,,,,75.0,
SHILINDORE,2026-08-22,,,364.0,41.1,,14.442834406939408,3.3394495412844036,5.2,,13.9,3.5555555555555554,11.6,,21.0,7.339449541284404,2.8457018090751296,,,,4.324206065175806,1.8857142857142857,,,,0.07,,,,79.52,
SHISHIND,2026-08-22,,,416.0,122.0,,,3.0364963503649633,2.2460136674259683,,4.99,0.3952569169960474,6.74,,7.0,0.7299270072992701,-26.857204018717027,,2.3836255539609663,,16.79046080237363,0.2648648648648649,,,,0.0,,,,54.81,
SHIVACEM,2026-08-22,,,492.0,,,,1.022869022869023,-7.389380530973452,,,-6.1096605744125325,-1.43,,7.0,-24.324324324324326,,,,,11.499229739202587,-25.970149253731343,,,,0.0,,,,66.5,
SHPLPUNE,2026-08-22,,,256.0,12.3,,1.5815601620823263,3.1219512195121952,2.533132530120482,,21.3,18.75,28.5,,34.0,25.609756097560975,7.777130642823904,,,,5.415693642233976,0.0,,,,0.0,,,,74.95,
SHRAAITECH,2026-08-22,,,146.0,15.3,,,8.742514970059881,1.875,,13.2,11.004223369310184,17.2,,57.78,56.16766467065869,,,,,106.01287739104262,0.005271277963486757,,,,2.5,,,,74.66,
SHRADDHA,2026-08-22,,,623.0,9.6,,0.08360836018038939,1.0686106346483706,4.709480122324159,,51.2,9.15593705293276,23.6,,14.0,10.977701543739279,114.82105353205708,,,,90.74936003340906,1.9848484848484849,,,,0.19,,,,74.78,
SHRIDINE,2026-08-22,,,213.0,15.6,,,3.0428571428571427,1.0614525139664805,,4.76,4.8034934497816595,5.76,,7.0,15.714285714285714,-39.67976167165479,,-18.0570616239916,,2.501029596576787,0.009950248756218905,,,,0.39,,,,49.79,
SHRIGANG,2026-08-22,,,129.0,6.54,,0.8797763905670583,0.3543956043956044,2.352713178294574,,61.3,12.82051282051282,30.7,,10.0,5.4945054945054945,7.433707098896636,,11.44785998410578,,11.021370033491195,0.9615384615384616,,,,0.0,,,,38.46,
SHRJAGP,2026-08-22,,,607.0,13.6,,1.1948164397972687,1.2567287784679089,1.8430851063829787,,11.4,9.503239740820735,13.0,,12.0,9.109730848861282,11.382501568448111,,,,10.08957287159673,0.28277791291656534,,,,0.11,,,,72.94,
SHUKRAPHAR,2026-08-22,,,1937.0,57.0,,,25.826666666666668,21.512195121951223,,28.9,29.059829059829063,36.9,,62.0,45.33333333333333,,,,,,0.05555555555555555,,,,0.02,,,,51.16,
SIMMOND,2026-08-22,,,224.0,13.6,,0.1905070139976661,0.8995983935742972,3.838771593090211,,28.9,9.467455621301776,19.7,,13.0,6.425702811244979,71.38844767241281,,,,9.05176678637094,1.1551724137931034,,,,0.0,,,,59.7,
SIMPLEXCAS,2026-08-22,,,494.0,106.0,,,5.433945660543395,8.053691275167784,,-2.44,3.816447069513857,7.79,,21.59,7.391926080739193,,,,,-12.836472908325058,1.3960982025427442,,,,0.0,,,,50.36,
SIZEMASTER,2026-08-22,,,209.0,57.9,,4.929811513910977,5.427161776162036,11.483516483516484,,25.2,13.007122948281202,24.2,,14.59,10.906258114775385,11.744870942148067,,,,44.58881448865162,0.17491749174917492,,,,0.0,,,,64.86,
SKCIL,2026-08-22,,,166.0,,,,0.9880952380952381,1.8476562499999998,,-7.02,-3.546099290780142,6.25,,20.0,-8.928571428571429,,,,,10.064241629820891,2.6333333333333333,,,,0.0,,,,62.33,
SKPMIL,2026-08-22,,,134.0,37.7,,0.1240518417469913,0.5775862068965517,2.5319693094629154,,8.43,18.248175182481752,10.1,,4.2,10.775862068965516,303.905201801765,,,,17.230827599961064,0.7924528301886793,,,,0.0,,,,42.25,
SMFIL,2026-08-22,,,132.0,191.0,,6.496834069930367,9.442060085836909,6.172248803827752,,1.36,5.764304013663535,4.86,,8.23,9.656652360515022,29.398934610938454,,-1.471229526229867,,6.235469196581889,0.0,,,,0.0,,,,28.69,
SMRUTHIORG,2026-08-22,,,139.0,17.5,,0.642198935666855,1.2410714285714286,1.9003115264797508,,5.17,6.730769230769231,7.99,,17.0,6.25,27.250123019634277,,-6.532764271678859,,-4.353440861380542,0.1095890410958904,,,,1.23,,,,64.73,
SMTEL,2026-08-22,,,691.0,28.1,,,4.162650602409639,5.727136431784108,,25.2,9.363295880149813,25.2,,26.0,15.060240963855422,,,151.26037035944137,,281.0619724382096,0.6833333333333333,,,,0.0,,,,67.44,
SNL,2026-08-22,,,142.0,12.3,,0.8730662404884678,2.3666666666666667,1.8761904761904762,,14.8,14.285714285714285,20.1,,25.0,20.0,14.08827810489881,,5.628332232247502,,7.721734501594191,0.0,,,,3.81,,,,74.39,
SOBME,2026-08-22,,,1260.0,61.5,,3.3672242108246064,5.675675675675675,5.386666666666667,,16.2,5.714285714285714,23.4,,14.0,9.00900900900901,18.264302033198774,,11.81574319371823,,24.51405533932327,0.11398963730569948,,,,0.0,,,,60.58,
SPELS,2026-08-22,,,681.0,,,,19.09167367535744,11.653543307086615,,-15.2,-7.150393636880124,-7.61,,-3.62,-24.698626296607795,,,,,-17.441691586454233,0.4835560123329907,,,,0.0,,,,59.18,
SPICEISLIN,2026-08-22,,,294.0,168.0,,11.83746772021577,16.4983164983165,14.537037037037038,,24.7,9.9601593625498,28.2,,4.49,9.820426487093153,14.19222455095639,,,,13.245524002804544,0.08608321377331421,,,,0.34,,,,43.11,
SPICEJET,2026-08-22,,,1673.0,,,,0.34956122022565816,-0.6010928961748634,,,-13.198228882833787,29.4,,-13.0,-16.193063100710408,,,,,-18.60124607609044,-1.5051804215791353,,,,0.0,,,,24.19,
SPICELOUNG,2026-08-22,,,1971.0,126.0,,,11.873493975903614,16.079545454545453,,8.36,5.47945205479452,6.42,,11.0,9.63855421686747,,,,,,0.959349593495935,,,,0.0,,,,64.36,
SRAMSET,2026-08-22,,,495.0,,,,38.07692307692308,3.2405345211581293,,-18.9,-15.286624203821656,-18.8,,-190.0,-184.6153846153846,,,,,17.566734386037865,0.0,,,,0.0,,,,70.85,
STARDELTA,2026-08-22,,,148.0,12.5,,5.818925675454339,0.8222222222222222,1.5389408099688473,,13.2,10.16949152542373,18.1,,9.0,6.666666666666667,2.148162856371938,,26.549753478117566,,8.738037300289214,0.11458333333333333,,,,0.0,,,,71.69,
STARLENT,2026-08-22,,,308.0,52.2,,,2.933333333333333,1.8402061855670102,,5.94,0.5649717514124294,7.05,,5.0,0.9523809523809524,-26.319370027192267,,,,51.82944859378311,0.023952095808383235,,,,0.0,,,,32.97,
STELLANT,2026-08-22,,,602.0,7529.0,,,3541.176470588235,6399.999999999999,,8.96,23.52941176470588,8.96,,47.06,47.05882352941176,,,,,4.260360145884445,0.0,,,,0.0,,,,45.25,
STHINPA,2026-08-22,,,220.0,14.9,,,0.4943820224719101,0.9831932773109243,,4.96,3.34075723830735,9.06,,12.0,3.3707865168539324,,,-11.453567044958579,,12.685111991644504,0.6995515695067265,,,,0.0,,,,27.82,
STOVACQ,2026-08-22,,,345.0,12.3,,0.8002072041168115,1.7692307692307692,2.4437869822485205,,21.8,19.2090395480226,32.3,,21.0,17.435897435897434,15.371018827024319,,26.000371014522507,,6.3750716476651315,0.0,,,,0.73,,,,71.06,
STRATMONT,2026-08-22,,,160.0,73.0,,,0.8333333333333334,5.008928571428572,,8.48,2.7777777777777777,11.2,,3.0,1.0416666666666665,-29.203737570730283,,-12.717047733330533,,30.194905895067038,0.75,,,,0.18,,,,67.58,
SUDTIND-B,2026-08-22,,,413.0,41.1,,,3.7545454545454544,4.99342105263158,,20.6,8.403361344537815,20.0,,13.0,9.090909090909092,,,,,17.970284693588013,0.09210526315789473,,,,0.0,,,,56.8,
SUNRAKSHAK,2026-08-22,,,1173.0,27.0,,0.44152623929981455,1.5454545454545454,6.331658291457286,,29.6,13.580246913580247,29.2,,9.0,5.797101449275362,61.15151852088656,,,,86.5027778331588,0.25405405405405407,,,,0.0,,,,69.66,
SUNSHIEL,2026-08-22,,,1084.0,29.9,,1.2252274079110153,2.3876651982378854,4.29616724738676,,17.0,11.80327868852459,19.9,,13.0,7.929515418502203,24.403632996570668,,5.7180964040802085,,17.063940570212566,0.0,,,,0.24,,,,66.54,
SUPER,2026-08-22,,,367.0,33.1,,,0.8655660377358491,0.7539432176656151,,0.69,1.6591251885369533,2.73,,9.0,2.5943396226415096,-18.39115367754346,,-25.844979105023903,,0.3962006514632632,0.22587268993839835,,,,0.21,,,,59.43,
SUPRAPFSL,2026-08-22,,,165.0,17.6,,0.13604807576480432,,1.4016736401673642,,8.66,1.8926868850796228,12.0,,,,129.36603403657347,,39.71400158301359,,,,,,,0.6,,,,32.17,
SURATRAML,2026-08-22,,,105.0,6.95,,,0.6687898089171974,1.017204301075269,,14.6,14.40677966101695,,,8.0,10.828025477707007,,,,,,0.009708737864077669,,,,0.0,,,,68.45,
SURJIND,2026-08-22,,,157.0,38.1,,,2.1742140977703923,2.2133333333333334,,-0.51,1.4259362281497967,1.25,,13.96,6.744218252319624,-3.186904440604932,,,,12.69692289963702,1.2009628610729024,,,,0.0,,,,39.59,
SVGLOBAL,2026-08-22,,,227.0,,,,85.0187265917603,4.019292604501608,,-48.2,-8.441775108441774,-34.1,,-831.84,-189.5131086142322,,,,,-24.07342513714995,0.0,,,,0.0,,,,68.89,
SWADPOL,2026-08-22,,,141.0,32.8,,,14100.0,1.223728813559322,,0.01,3.584411192831177,1.33,,-27100.0,42400.0,-62.76847190407755,,-30.13863939840763,,-95.34690510384361,0.0,,,,0.0,,,,72.04,
SWASTIKA,2026-08-22,,,360.0,26.5,,,3.2142857142857144,2.651851851851852,,10.5,2.783300198807157,20.4,,28.0,12.5,-6.520323561700014,,-0.058892855940984035,,-0.8772381831625209,0.10294117647058823,,,,0.33,,,,59.88,
SWISSMLTRY,2026-08-22,,,413.0,57.2,,,1.6007751937984496,3.027681660899654,,5.88,3.867403314917127,8.05,,3.9,2.7131782945736433,-5.008574840700342,,,,11.12726321530777,0.11764705882352941,,,,0.57,,,,63.1,
SYSCHEM,2026-08-22,,,164.0,26.8,,0.98537221100039,0.2857142857142857,1.224,,10.2,2.054794520547945,15.9,,3.3,1.0452961672473868,27.197844328075327,,,,42.34851427172648,0.0,,,,0.0,,,,63.38,
TALBROSENG,2026-08-22,,,307.0,10.3,,,0.5727611940298507,,,,,,,11.0,5.410447761194029,,,,,,,,,,0.5,,,,72.59,
TANAA,2026-08-22,,,782.0,40.9,,2.0918650142590347,18.61904761904762,5.0660066006600655,,11.4,10.857142857142858,15.6,,61.0,45.23809523809524,19.551930799171235,,27.628221794513188,,11.868894208139679,0.0,,,,0.82,,,,52.03,
TANDHANIN,2026-08-22,,,622.0,57.4,,,6.412371134020619,3.5714285714285716,,6.23,3.728813559322034,,,16.0,11.34020618556701,,,,,,0.6149425287356322,,,,0.0,,,,65.06,
TANFACIND,2026-08-22,,,7038.0,104.0,,12.499243911027087,9.74792243767313,17.74331550802139,,20.5,12.878787878787879,23.7,,15.0,9.418282548476455,8.320503283262525,,4.595337004053168,,24.074290161386912,0.24932975871313673,,,,0.14,,,,48.73,
TCIIND,2026-08-22,,,120.0,342.0,,,23.48336594911937,20.27439024390244,,9.95,1.8363064008394543,4.33,,15.07,6.8493150684931505,,,,,54.336518743593686,1.9387755102040818,,,,0.0,,,,69.53,
TGVSL,2026-08-22,,,1134.0,8.17,,0.2583396623049073,0.5664335664335665,0.8760330578512396,,10.7,6.544256120527307,12.7,,18.0,6.943056943056942,31.625031662220326,,0.6304676103825235,,8.997916012757589,0.2744795682343871,,,,0.94,,,,64.27,
TIERRA,2026-08-22,,,266.0,,,,2.375,2.7066666666666666,,-4.94,-3.664921465968586,-6.53,,-9.0,-6.25,,,,,18.68096620157036,0.1919191919191919,,,,0.0,,,,9.34,
TILAK,2026-08-22,,,175.0,28.2,,,6.5690690690690685,1.2718446601941749,,5.77,4.21505670173521,7.46,,31.61,23.16066066066066,,,,,89.90141745379286,0.058094893154654104,,,,0.0,,,,61.98,
TIRUSTA,2026-08-22,,,132.0,23.3,,0.6209632544522254,0.36363636363636365,1.9714285714285715,,10.1,2.857142857142857,10.2,,6.0,1.6528925619834711,37.522349080951315,,,,5.85914927672071,1.6176470588235294,,,,0.0,,,,72.88,
TITANBIO,2026-08-22,,,1650.0,48.7,,4.469564271966242,7.534246575342466,9.088838268792712,,17.8,15.887850467289718,22.8,,19.0,15.52511415525114,10.895916701646623,,9.354528084517288,,10.120140187744319,0.03314917127071823,,,,0.1,,,,55.78,
TITANSEC,2026-08-22,,,103.0,7.27,,0.5966232192750023,,0.9717647058823529,,12.0,13.20754716981132,1.14,,,,12.185244833136522,,-2.2937643047456824,,,,,,,0.0,,,,73.95,
TOTEM,2026-08-22,,,718.0,21.1,,,2.699248120300752,4.250764525993883,,16.4,13.545816733067728,21.0,,23.0,12.781954887218044,,,,,5.272659960939663,0.10059171597633136,,,,3.59,,,,73.85,
TRADWIN,2026-08-22,,,181.0,134.0,,,0.6908396946564885,-19.737704918032787,,,1.7857142857142856,50.0,,-0.7,0.38167938931297707,-24.291509739420558,,,,2.682233915315946,-2.0,,,,0.0,,,,74.97,
TRANSCHEM,2026-08-22,,,399.0,59.4,,3.499280968276184,,4.773060029282577,,5.29,7.659865496409438,6.9,,-55.51,,16.974915858003147,,18.596342984446057,,,0.0,,,,0.0,,,,56.45,
TRISHAKT,2026-08-22,,,410.0,37.8,,0.2645741291872169,10.789473684210526,9.188191881918819,,21.1,3.8062283737024223,13.9,,55.0,28.947368421052634,142.8711118359275,,,,-34.46349516722943,1.9318181818181819,,,,0.0,,,,68.97,
TRITONV,2026-08-22,,,591.0,30.3,,0.37486106008522935,0.9380952380952381,4.616,,8.99,5.538461538461538,11.4,,7.0,2.857142857142857,80.82994801623545,,,,13.75371620779191,1.03125,,,,0.22,,,,46.11,
TRUEGREEN,2026-08-22,,,796.0,14.9,,0.053526886534304895,1.5793650793650793,5.020746887966805,,22.8,9.67741935483871,13.9,,19.0,10.714285714285714,278.3647801082308,,41.250861245095514,,,2.138364779874214,,,,0.0,,,,61.27,
TRUSTEDGE,2026-08-22,,,125.0,108.0,,7.30677240989198,17.385257301808064,2.2537562604340566,,1.41,1.6190342108968039,0.91,,18.64,15.994436717663419,14.780807987640143,,19.445640010326915,,91.11607688199402,0.18096272167933405,,,,0.0,,,,74.99,
TUTIALKA,2026-08-22,,,671.0,20.1,,,1.9619883040935673,3.722972972972973,,22.7,5.314009661835748,22.0,,16.0,9.649122807017543,-21.71026587403614,,,,2.2410676415067554,0.6629834254143646,,,,0.0,,,,75.0,
TYCHE,2026-08-22,,,107.0,24.0,,,2.138289368505196,0.7591240875912408,,5.01,3.0059443393677387,6.83,,-2.8,8.892885691446843,-28.6333790715124,,-13.763788806894983,,-10.376203366145631,0.0,,,,2.88,,,,61.97,
UCIL,2026-08-22,,,463.0,5.28,,,,2.803234501347709,,72.1,18.37160751565762,55.2,,,,,,96.84213982971276,,,,,,,0.48,,,,19.84,
UDAYJEW,2026-08-22,,,482.0,14.4,,0.3428101402845192,0.6798307475317349,2.285251215559157,,22.8,8.661417322834646,22.4,,6.0,4.65444287729196,42.00575860459832,,34.35773010930687,,60.02949841475236,0.782608695652174,,,,0.35,,,,74.38,
UNIABEXAL,2026-08-22,,,905.0,19.6,,0.196984417484829,4.095022624434389,2.183420676512625,,17.0,57.200811359026375,19.2,,22.0,127.60180995475112,99.50025616371163,,87.0374608292795,,7.079562851623811,0.03132530120481928,,,,0.87,,,,63.63,
UPHOT,2026-08-22,,,754.0,23.8,,,4.625766871165644,3.5341772151898736,,16.3,12.955465587044534,21.9,,25.0,19.631901840490798,-0.15295741074647928,,36.32164034094308,,3.503910092580176,0.0,,,,0.0,,,,88.38,
UPSURGE,2026-08-22,,,156.0,13.4,,,,1.3333333333333335,,2.91,9.75609756097561,5.25,,,,-10.202450085226033,,-2.6714366896593567,,,,,,,0.7,,,,54.56,
UVDRHOR,2026-08-22,,,253.0,48.4,,,7.921102066374452,4.760051880674449,,9.83,5.151186841327687,,,37.63,16.374452097683157,,,,,,0.6323114538273462,,,,1.09,,,,74.94,
UVS,2026-08-22,,,344.0,15.1,,0.0675289212150364,,1.6913827655310623,,9.26,10.69767441860465,9.49,,,,223.6078961178154,,,,,,,,,0.0,,,,40.32,
VAARAD,2026-08-22,,,230.0,,,,,10.454545454545453,,-0.99,-6.57243816254417,-0.85,,,,,,,,,,,,,0.0,,,,71.19,
VADILENT,2026-08-22,,,834.0,4391.0,,,1.709016393442623,208.15450643776825,,4.79,0.0,11.3,,1.5,0.0,,,,,,1.2953367875647668,,,,0.02,,,,51.03,
VALIANT,2026-08-22,,,1321.0,48.5,,0.7679509616579632,14.358695652173912,13.404507710557533,,30.6,24.107142857142858,39.7,,38.0,29.347826086956523,63.155074244963785,,,,25.99210498948732,0.03125,,,,0.13,,,,39.65,
VEGA,2026-08-22,,,315.0,5.75,,,0.2863636363636364,1.9254658385093166,,24.2,9.411764705882353,,,11.0,5.818181818181818,,,,,169.8163229166183,1.6951219512195121,,,,0.0,,,,71.15,
VEL,2026-08-22,,,179.0,,,,2.057471264367816,3.1121076233183858,,-10.6,-5.88235294117647,,,-4.9,-13.793103448275861,,,,,72.32836877112739,1.0,,,,0.0,,,,,
VERITAS,2026-08-22,,,447.0,,,,0.13058720420683612,0.15636704119850187,,0.71,-0.021204410517387615,1.52,,2.0,-0.029214139643587496,,,,,-3.8843356225481074,0.15287958115183245,,,,0.03,,,,55.01,
VGCL,2026-08-22,,,137.0,5.23,,,,0.8230452674897119,,10.5,11.344537815126051,10.9,,,,-17.27735668147723,,-10.250945598464266,,,,,,,3.34,,,,71.59,
VIJSOLX,2026-08-22,,,222.0,9.32,,0.09241476164671296,0.08781645569620253,0.6294277929155313,,5.56,5.183585313174946,8.58,,1.5,0.949367088607595,100.84968931293562,,-16.12952669991984,,11.392116217304803,0.1846590909090909,,,,0.0,,,,69.59,
VIKRAMTH,2026-08-22,,,895.0,20.4,,1.020327405290773,6.215277777777778,5.72,,27.7,23.404255319148938,36.4,,42.0,30.555555555555557,19.993582348389836,,38.29142993049519,,12.55039912704805,0.03184713375796178,,,,0.35,,,,66.01,
VIPPYSP,2026-08-22,,,113.0,7.87,,0.16723683975669337,0.36807817589576547,1.1294117647058823,,12.8,6.086956521739131,11.9,,12.0,4.5602605863192185,47.05900931547002,,2.653292600147461,,7.086022767352063,1.12,,,,0.0,,,,66.57,
VIPULORG,2026-08-22,,,520.0,63.6,,2.037621837037281,2.736842105263158,4.439024390243903,,7.63,3.463203463203463,8.43,,10.0,4.2105263157894735,31.21285748118745,,1.336351798236013,,8.198385552319753,0.452991452991453,,,,0.29,,,,63.94,
VIRAT,2026-08-22,,,583.0,94.4,,2.3443409005790854,21.08499095840868,4.466666666666667,,5.08,4.584909859781883,7.51,,7.81,22.350813743218804,40.26718126902187,,9.176124412624098,,-5.166733842458537,0.004130335016062414,,,,0.0,,,,74.55,
VIRYA,2026-08-22,,,135.0,,,,13500.0,25.702005730659028,,-5.29,-5.547445255474453,-4.64,,-3800.0,-3800.0,,,,,,0.15105162523900573,,,,0.0,,,,74.98,
VISHAL,2026-08-22,,,463.0,13.8,,,0.2922979797979798,0.7164750957854406,,6.33,3.3203125,10.0,,7.0,2.146464646464646,,,,,,0.34775888717156106,,,,0.0,,,,55.05,
VISTARAMAR,2026-08-22,,,115.0,9.31,,0.18706739269324696,0.5897435897435898,2.1208907741251326,,18.9,14.285714285714285,25.5,,10.0,6.153846153846154,49.768160372377324,,30.228282664264185,,38.12351776591632,0.0,,,,0.0,,,,65.65,
VJTFEDU,2026-08-22,,,123.0,,,,66.84782608695652,1.1310679611650487,,-0.2,-0.6984712704269901,-1.07,,-88.04,-57.608695652173914,,,,,-73.25859898078514,0.0397795130914102,,,,0.0,,,,74.01,
VLL,2026-08-22,,,138.0,1147.0,,,,8.745874587458747,,0.76,0.7604562737642585,1.06,,,,,,37.97296614612149,,,,,,,0.0,,,,,
VOITHPAPR,2026-08-22,,,645.0,14.4,,3.149139081964384,3.1009615384615383,1.5233160621761659,,11.1,8.898305084745763,14.9,,27.0,20.192307692307693,4.572678317852352,,7.2022133111510955,,4.937394442096221,0.0,,,,0.68,,,,74.04,
VSL,2026-08-22,,,113.0,14.9,,0.33148150317140457,4.773975496408956,1.7825311942959001,,17.0,11.558323207776427,22.3,,26.36,32.15040135192226,44.949717729183256,,13.867910589603905,,6.9848136719902865,0.0,,,,0.5,,,,65.01,
VTMLTD,2026-08-22,,,464.0,42.1,,,1.1658291457286432,1.4728434504792332,,4.09,2.0089285714285716,5.09,,6.0,2.261306532663317,-22.41415176446876,,-10.49826750913121,,24.148052833628576,0.23809523809523808,,,,1.84,,,,74.99,
WARDINMOBI,2026-08-22,,,186.0,198.0,,,0.6739130434782609,1.236,,1.48,0.25510204081632654,7.06,,7.0,0.36231884057971014,-59.1471029678378,,-36.027599914147466,,-4.910035947266877,1.02,,,,1.62,,,,22.33,
WARDWIZFBL,2026-08-22,,,234.0,54.2,,,0.9669421487603306,2.8706624605678233,,1.62,1.9607843137254901,4.33,,4.3,1.6528925619834711,,,,,142.35695176328286,0.4634146341463415,,,,0.0,,,,53.32,
WATERBASE,2026-08-22,,,217.0,,,,0.5651041666666666,1.5366568914956011,,-9.9,-3.9840637450199203,-7.35,,-1.1,-2.604166666666667,,,,,4.969802533854573,0.41843971631205673,,,,0.0,,,,69.05,
WEPSOLN,2026-08-22,,,107.0,36.5,,,1.0388349514563107,2.028169014084507,,-2.64,4.054054054054054,0.69,,13.0,2.912621359223301,,,49.079685106377966,,10.183230091811147,0.0784313725490196,,,,1.73,,,,41.18,
WHBRADY,2026-08-22,,,136.0,27.1,,,1.6108018476844723,1.575221238938053,,5.86,4.87055389106553,8.53,,4.83,7.509179201705554,-17.516252429090017,,3.92113265253875,,-1.9177835807697385,0.08814343551185656,,,,0.0,,,,73.76,
WINSOMTX,2026-08-22,,,165.0,9.2,,,0.3286852589641434,1.3243243243243243,,15.5,2.3225806451612905,15.7,,18.0,3.5856573705179287,,,,,,3.336,,,,0.0,,,,63.45,
WORTH,2026-08-22,,,112.0,28.2,,1.73428223028515,6.263982102908278,2.525,,8.17,1.1572795208048616,5.21,,87.64,22.25950782997763,16.260329205681458,,22.423992536427463,,59.577483716919645,6.640646029609691,,,,0.0,,,,57.11,
YOGI,2026-08-22,,,747.0,57.2,,,,5.155279503105589,,16.7,1.8258426966292134,12.8,,,,,,,,,,,,,0.0,,,,62.68,
YSL,2026-08-22,,,918.0,10.0,,,12.75,0.7116814412353446,,4.09,7.037896365042537,4.17,,2.5,126.38888888888889,-9.76814771993454,,10.873525840107146,,4.0041911525952045,0.0,,,,1.67,,,,74.87,
ZBINTXPP,2026-08-22,,,125.0,56.6,,,0.48638132295719844,1.2723988439306357,,2.55,0.91324200913242,6.24,,4.9,0.7782101167315175,-26.475223373100253,,-15.030567908357684,,7.13440099334135,0.44575017728700234,,,,0.0,,,,59.1,
ZEAL,2026-08-22,,,138.0,9.34,,0.4442003753969998,0.1985611510791367,1.330891330891331,,10.5,4.398826979472141,13.3,,4.0,2.158273381294964,21.026546840831607,,20.5273494598889,,20.42054197694756,1.7884615384615385,,,,0.0,,,,68.42,
ZENOTECH,2026-08-22,,,282.0,,,,40.285714285714285,2.9240506329113924,,-12.2,-11.711711711711711,-9.08,,-143.0,-185.71428571428572,,,,,-18.64487889528523,0.10416666666666667,,,,0.0,,,,68.84,
